frame,ball_x,ball_y,source,confidence,cam_cx,cam_cy,crop_x0,crop_y0,crop_w,crop_h,ball_in_crop,dist_to_edge,speed_limited,keepinview,clamp_flags
0,1455.3,296.2,centroid,0.30,1480.5,584.5,1151.8,0.0,657.5,1168.9,1,278.8,1,0,accel_zoom=0.856|flight_commit=1.00|edge_zoom=0.750|bounds|final_speed
1,1457.3,292.5,blended,0.68,1483.0,584.5,1154.2,0.0,657.5,1168.9,1,278.3,1,0,flight_commit=1.00|speed|edge_zoom=0.893|bounds
2,1461.4,290.1,interp,0.38,1486.3,584.5,1157.5,0.0,657.5,1168.9,1,279.1,0,0,flight_commit=0.73|edge_zoom=0.894|bounds
3,1466.2,288.7,interp,0.38,1490.4,584.5,1161.6,0.0,657.5,1168.9,1,279.8,0,0,flight_commit=0.51|edge_zoom=0.895|bounds
4,1471.5,287.7,interp,0.38,1495.2,584.5,1166.4,0.0,657.5,1168.9,1,280.3,1,0,flight_commit=0.38|speed|edge_zoom=0.895|bounds
5,1477.3,286.9,interp,0.38,1500.5,584.5,1171.7,0.0,657.5,1168.9,1,280.8,1,0,flight_commit=0.32|conf_zoom=1.00|conf_speed=1.00|speed|edge_zoom=0.896|bounds
6,1483.4,286.3,interp,0.38,1506.2,584.5,1177.5,0.0,657.5,1168.9,1,281.2,1,0,flight_commit=0.29|conf_zoom=0.99|conf_speed=0.99|speed|edge_zoom=0.897|bounds
7,1489.9,285.8,interp,0.38,1512.2,584.5,1183.5,0.0,657.5,1168.9,1,281.7,1,0,flight_commit=0.29|conf_zoom=0.99|conf_speed=0.99|speed|edge_zoom=0.898|bounds
8,1496.5,285.5,interp,0.38,1518.4,584.5,1189.7,0.0,657.5,1168.9,1,282.1,1,0,shot_pb=0.00|flight_commit=0.30|conf_zoom=0.99|conf_speed=1.00|speed|edge_zoom=0.898|bounds
9,1503.3,285.3,interp,0.38,1524.7,584.5,1195.9,0.0,657.5,1168.9,1,282.6,1,0,shot_pb=0.00|flight_commit=0.32|conf_zoom=1.00|conf_speed=1.00|speed|edge_zoom=0.899|bounds
10,1510.2,285.2,interp,0.38,1530.9,584.5,1202.2,0.0,657.5,1168.9,1,283.3,1,0,shot_pb=0.00|flight_commit=0.34|speed|edge_zoom=0.899|bounds
11,1517.2,285.2,interp,0.38,1537.1,584.5,1208.3,0.0,657.5,1168.9,1,284.1,1,0,shot_pb=0.00|flight_commit=0.36|speed|edge_zoom=0.899|bounds
12,1524.3,285.2,interp,0.38,1543.1,584.5,1214.3,0.0,657.5,1168.9,1,285.2,1,0,shot_pb=0.00|flight_commit=0.38|speed|edge_zoom=0.900|bounds
13,1531.4,285.3,interp,0.38,1548.9,584.5,1220.1,0.0,657.5,1168.9,1,285.3,1,0,shot_pb=0.00|flight_commit=0.39|speed|edge_zoom=0.900|bounds
14,1538.5,285.4,interp,0.38,1554.4,584.5,1225.6,0.0,657.5,1168.9,1,285.4,1,0,shot_pb=0.00|flight_commit=0.40|speed|edge_zoom=0.900|bounds
15,1545.6,285.5,interp,0.38,1559.5,584.5,1230.7,0.0,657.5,1168.9,1,285.5,1,0,shot_pb=0.00|flight_commit=0.40|speed|edge_zoom=0.900|bounds
16,1552.6,285.7,interp,0.38,1564.2,584.5,1235.5,0.0,657.5,1168.9,1,285.7,1,0,shot_pb=0.00|flight_commit=0.41|speed|edge_zoom=0.901|bounds
17,1559.6,285.8,interp,0.38,1568.5,584.5,1239.7,0.0,657.5,1168.9,1,285.8,1,0,shot_pb=0.00|flight_commit=0.40|speed|edge_zoom=0.901|bounds
18,1566.4,286.1,interp,0.38,1572.3,584.5,1243.5,0.0,657.5,1168.9,1,286.1,1,0,shot_pb=0.00|flight_commit=0.39|speed|edge_zoom=0.901|bounds
19,1573.1,286.3,interp,0.38,1575.6,584.5,1246.8,0.0,657.5,1168.9,1,286.3,1,0,shot_pb=0.00|flight_commit=0.38|speed|edge_zoom=0.901|bounds
20,1579.6,286.6,interp,0.38,1578.3,584.5,1249.6,0.0,657.5,1168.9,1,286.6,1,0,shot_pb=0.00|flight_commit=0.35|speed|edge_zoom=0.901|bounds
21,1585.9,286.9,interp,0.38,1580.5,584.5,1251.7,0.0,657.5,1168.9,1,286.9,1,0,shot_pb=0.00|flight_commit=0.32|conf_zoom=1.00|conf_speed=1.00|speed|edge_zoom=0.902|bounds
22,1591.8,287.2,interp,0.38,1582.1,584.5,1253.4,0.0,657.5,1168.9,1,287.2,1,0,shot_pb=0.00|flight_commit=0.28|conf_zoom=0.99|conf_speed=0.99|speed|edge_zoom=0.902|bounds
23,1597.3,287.6,interp,0.38,1583.2,584.5,1254.4,0.0,657.5,1168.9,1,287.6,1,0,shot_pb=0.00|flight_commit=0.23|conf_zoom=0.97|conf_speed=0.98|speed|edge_zoom=0.903|bounds
24,1602.3,288.1,interp,0.38,1583.7,584.5,1254.9,0.0,657.5,1168.9,1,285.4,1,0,shot_pb=0.00|flight_commit=0.16|conf_zoom=0.95|conf_speed=0.97|speed|edge_zoom=0.904|bounds
25,1606.6,288.6,interp,0.38,1583.6,584.5,1254.8,0.0,657.5,1168.9,1,281.0,1,0,shot_pb=0.00|flight_commit=0.07|conf_zoom=0.93|conf_speed=0.96|speed|edge_zoom=0.906|bounds
26,1610.2,289.2,yolo,0.50,1582.8,584.5,1254.1,0.0,657.5,1168.9,1,276.6,1,0,shot_pb=0.00|conf_zoom=0.82|conf_speed=0.90|speed|edge_zoom=0.912|bounds
27,1611.9,289.9,yolo,0.44,1581.4,584.5,1252.7,0.0,657.5,1168.9,1,273.5,1,0,shot_pb=0.00|conf_zoom=0.82|conf_speed=0.90|speed|edge_zoom=0.912|bounds
28,1612.7,290.8,interp,0.38,1579.2,584.5,1250.5,0.0,657.5,1168.9,1,270.5,1,0,shot_pb=0.94|conf_zoom=0.82|conf_speed=0.90|speed|edge_zoom=0.912|bounds
29,1612.7,291.7,yolo,0.40,1576.2,584.4,1247.4,0.0,657.5,1168.9,1,267.5,0,0,accel_zoom=0.900|flight_commit=1.00|edge_zoom=0.899|bounds
30,1611.7,292.7,interp,0.38,1572.2,584.4,1243.5,0.0,657.5,1168.9,1,264.5,0,0,flight_commit=0.78|edge_zoom=0.905|bounds
31,1609.9,293.7,yolo,0.36,1567.1,584.4,1238.4,0.0,657.5,1168.8,1,261.2,0,0,flight_commit=0.37|edge_zoom=0.903|bounds
32,1607.1,294.7,yolo,0.37,1560.8,584.4,1232.0,0.0,657.4,1168.8,1,257.7,0,0,flight_commit=0.14|conf_zoom=0.95|conf_speed=0.97|edge_zoom=0.902|bounds
33,1603.3,295.8,yolo,0.36,1553.0,584.4,1224.3,0.0,657.4,1168.8,1,253.7,1,0,flight_commit=0.03|conf_zoom=0.92|conf_speed=0.95|speed|edge_zoom=0.902|bounds
34,1598.5,297.1,yolo,0.36,1543.7,584.4,1215.0,0.0,657.4,1168.7,1,249.2,1,0,flight_commit=0.02|conf_zoom=0.91|conf_speed=0.95|speed|edge_zoom=0.903|bounds
35,1592.3,298.7,interp,0.38,1532.7,584.3,1204.1,0.0,657.4,1168.7,1,244.4,0,0,flight_commit=0.10|conf_zoom=0.94|conf_speed=0.96|edge_zoom=0.903|bounds
36,1584.5,300.8,yolo,0.37,1520.0,584.3,1191.3,0.0,657.4,1168.7,1,239.5,0,0,flight_commit=0.26|conf_zoom=0.98|conf_speed=0.99|edge_zoom=0.905|bounds
37,1574.7,303.5,yolo,0.35,1505.4,584.3,1176.7,0.0,657.4,1168.6,1,234.7,0,0,flight_commit=0.49|edge_zoom=0.906|bounds
38,1562.3,306.8,yolo,0.32,1488.9,584.3,1160.2,0.0,657.4,1168.6,1,230.6,0,0,flight_commit=0.82|edge_zoom=0.908|bounds
39,1546.6,311.2,yolo,0.34,1470.6,584.3,1142.0,0.0,657.4,1168.6,1,228.0,0,0,flight_commit=1.00|edge_zoom=0.911|bounds
40,1524.1,317.7,interp,0.38,1450.8,584.3,1122.1,0.0,657.4,1168.7,1,230.7,0,0,flight_commit=1.00|edge_zoom=0.915|bounds
41,1498.1,325.1,interp,0.38,1429.5,584.3,1100.8,0.0,657.4,1168.7,1,235.4,0,0,shot_pb=0.20|flight_commit=1.00|edge_zoom=0.919|bounds
42,1468.9,333.4,interp,0.38,1407.1,584.4,1078.4,0.0,657.4,1168.7,1,242.2,0,0,shot_pb=0.40|flight_commit=1.00|edge_zoom=0.924|bounds
43,1436.5,342.7,interp,0.38,1384.0,584.4,1055.3,0.0,657.4,1168.8,1,251.5,0,0,accel_zoom=0.936|shot_pb=0.60|flight_commit=1.00|edge_zoom=0.928|bounds
44,1400.9,352.9,yolo,0.31,1360.7,584.4,1032.0,0.0,657.4,1168.8,1,263.8,0,0,accel_zoom=0.914|shot_pb=0.80|flight_commit=1.00|edge_zoom=0.934|bounds
45,1355.4,365.8,interp,0.38,1337.8,584.4,1009.0,0.0,657.5,1168.8,1,286.4,0,0,accel_zoom=0.864|shot_pb=1.00|flight_commit=1.00|edge_zoom=0.938|bounds
46,1308.8,379.0,yolo,0.29,1315.7,584.4,986.9,0.0,657.5,1168.9,1,297.1,0,1,accel_zoom=0.841|shot_pb=1.00|flight_commit=1.00|keepin_prop=0.00|keepin_zoom=1.350|edge_zoom=0.933|bounds
47,1275.6,388.2,interp,0.38,1295.1,584.4,966.3,0.0,657.5,1168.9,1,284.5,0,0,accel_zoom=0.841|shot_pb=1.00|flight_commit=1.00|edge_zoom=0.946|bounds
48,1223.4,403.2,interp,0.38,1276.6,584.5,947.9,0.0,657.5,1168.9,1,250.8,0,0,accel_zoom=0.838|shot_pb=1.00|flight_commit=1.00|flight_boost=1.04|edge_zoom=0.952|bounds
49,1183.7,414.4,interp,0.38,1260.9,584.5,932.2,0.0,657.5,1168.9,1,226.8,0,0,accel_zoom=0.838|shot_pb=1.00|flight_commit=1.00|flight_boost=1.07|edge_zoom=0.957|bounds
50,1148.0,424.5,interp,0.38,1248.5,584.5,919.8,0.0,657.5,1168.9,1,203.5,0,1,accel_zoom=0.838|shot_pb=1.00|flight_commit=1.00|keepin_prop=0.01|keepin_zoom=1.350|flight_boost=1.08|edge_zoom=0.950|bounds
51,1116.8,433.3,interp,0.38,1240.0,584.5,911.2,0.0,657.5,1168.9,1,180.8,0,0,accel_zoom=0.838|shot_pb=1.00|flight_commit=1.00|flight_boost=1.07|edge_zoom=0.964|bounds
52,1090.4,440.7,interp,0.38,1235.7,584.5,906.9,0.0,657.5,1168.9,1,158.7,0,1,accel_zoom=0.838|shot_pb=1.00|flight_commit=1.00|keepin_prop=0.00|keepin_zoom=1.350|flight_boost=1.01|edge_zoom=0.957|bounds
53,1069.5,446.5,interp,0.38,1235.9,584.5,907.1,0.0,657.5,1168.9,1,137.6,0,0,shot_pb=1.00|flight_commit=1.00|edge_zoom=0.969|bounds
54,1054.5,450.6,interp,0.38,1240.7,584.5,912.0,0.0,657.5,1168.9,1,117.8,0,1,shot_pb=1.00|flight_commit=1.00|keepin_prop=0.01|keepin_zoom=1.350|edge_zoom=0.961|bounds
55,1046.2,452.7,interp,0.38,1250.2,584.5,921.4,0.0,657.5,1168.9,1,100.0,0,0,shot_pb=1.00|flight_commit=1.00|edge_zoom=0.970|bounds
56,1045.5,452.5,interp,0.38,1264.0,584.5,935.2,0.0,657.5,1168.9,1,85.5,0,1,shot_pb=1.00|flight_commit=1.00|keepin_prop=0.08|keepin_zoom=1.350|edge_zoom=0.958|bounds
57,1053.7,449.8,interp,0.38,1281.7,584.5,952.9,0.0,657.5,1168.9,1,76.0,0,0,shot_pb=1.00|flight_commit=1.00|edge_zoom=0.950|bounds
58,1072.0,444.0,interp,0.38,1302.8,584.5,974.1,0.0,657.5,1168.9,1,73.2,0,0,accel_zoom=0.904|shot_pb=1.00|flight_commit=1.00|edge_zoom=0.948|bounds
59,1102.5,434.6,interp,0.38,1326.6,584.5,997.8,0.0,657.5,1168.9,1,79.9,0,0,accel_zoom=0.895|shot_pb=1.00|flight_commit=1.00|edge_zoom=0.945|bounds
60,1147.6,420.9,interp,0.38,1352.3,584.5,1023.5,0.0,657.5,1168.9,1,99.3,0,0,accel_zoom=0.852|shot_pb=1.00|flight_commit=1.00|edge_zoom=0.940|bounds
61,1210.2,402.0,interp,0.38,1378.9,584.5,1050.2,0.0,657.5,1168.9,1,135.3,0,0,accel_zoom=0.801|shot_pb=1.00|flight_commit=1.00|edge_zoom=0.933|bounds
62,1388.4,347.2,yolo,0.30,1405.8,584.5,1077.0,0.0,657.5,1168.9,1,286.6,0,0,accel_zoom=0.801|shot_pb=1.00|flight_commit=1.00|flight_boost=1.37|edge_zoom=0.911|bounds
63,1457.9,326.9,yolo,0.35,1432.0,584.5,1103.3,0.0,657.5,1168.9,1,278.1,0,0,accel_zoom=0.801|shot_pb=1.00|flight_commit=1.00|flight_boost=1.54|edge_zoom=0.904|bounds
64,1514.4,311.2,interp,0.38,1457.0,584.5,1128.2,0.0,657.5,1168.9,1,246.6,0,0,accel_zoom=0.801|shot_pb=1.00|flight_commit=1.00|flight_boost=1.64|edge_zoom=0.899|bounds
65,1560.7,299.2,interp,0.38,1480.1,584.5,1151.3,0.0,657.5,1168.9,1,223.4,0,0,accel_zoom=0.801|flight_commit=1.00|flight_boost=1.69|edge_zoom=0.872|bounds
66,1598.9,290.5,yolo,0.44,1500.9,584.5,1172.1,0.0,657.5,1168.9,1,206.0,0,0,shot_pb=1.00|flight_commit=1.00|flight_boost=1.66|edge_zoom=0.816|bounds
67,1630.9,284.9,interp,0.38,1519.2,584.5,1190.5,0.0,657.5,1168.9,1,192.3,0,0,shot_pb=1.00|flight_commit=1.00|flight_boost=1.58|edge_zoom=0.796|bounds
68,1657.9,281.7,yolo,0.47,1535.0,584.5,1206.2,0.0,657.5,1168.9,1,181.1,0,0,shot_pb=1.00|flight_commit=1.00|flight_boost=1.15|edge_zoom=0.778|bounds
69,1681.6,281.2,yolo,0.52,1548.2,584.5,1219.4,0.0,657.5,1168.9,1,170.6,0,0,shot_pb=1.00|flight_commit=1.00|flight_boost=1.02|edge_zoom=0.761|bounds
70,1701.8,282.9,yolo,0.62,1559.0,584.5,1230.2,0.0,657.5,1168.9,1,161.2,0,0,shot_pb=1.00|flight_commit=1.00|edge_zoom=0.750|bounds
71,1719.0,285.9,interp,0.38,1567.6,584.5,1238.8,0.0,657.5,1168.9,1,152.6,0,0,shot_pb=1.00|flight_commit=1.00|edge_zoom=0.750|bounds
72,1734.0,289.9,yolo,0.59,1574.3,584.5,1245.5,0.0,657.5,1168.9,1,144.3,1,0,shot_pb=1.00|flight_commit=1.00|speed|edge_zoom=0.750|bounds
73,1747.8,295.7,yolo,0.53,1579.4,584.5,1250.6,0.0,657.5,1168.9,1,135.6,1,0,shot_pb=1.00|flight_commit=1.00|speed|edge_zoom=0.750|bounds
74,1759.9,300.9,yolo,0.51,1583.1,584.5,1254.4,0.0,657.5,1168.9,1,127.2,1,0,shot_pb=1.00|flight_commit=1.00|speed|edge_zoom=0.750|bounds
75,1770.4,304.9,yolo,0.50,1585.8,584.5,1257.1,0.0,657.5,1168.9,1,119.4,1,0,shot_pb=1.00|flight_commit=1.00|speed|edge_zoom=0.752|bounds
76,1779.4,307.7,yolo,0.48,1587.7,584.5,1259.0,0.0,657.5,1168.9,1,112.3,1,0,shot_pb=1.00|flight_commit=1.00|speed|edge_zoom=0.759|bounds
77,1787.2,309.5,yolo,0.42,1589.0,584.5,1260.3,0.0,657.5,1168.9,1,105.8,1,0,shot_pb=1.00|flight_commit=1.00|speed|edge_zoom=0.765|bounds
78,1794.0,310.8,yolo,0.50,1589.9,584.5,1261.1,0.0,657.5,1168.9,1,99.9,1,0,shot_pb=1.00|flight_commit=1.00|speed|edge_zoom=0.771|bounds
79,1799.5,311.7,yolo,0.58,1590.4,584.5,1261.7,0.0,657.5,1168.9,1,94.9,1,0,shot_pb=1.00|flight_commit=1.00|speed|edge_zoom=0.776|bounds
80,1803.8,312.6,yolo,0.66,1590.8,584.5,1262.0,0.0,657.5,1168.9,1,91.0,1,0,shot_pb=1.00|flight_commit=1.00|speed|edge_zoom=0.780|bounds
81,1807.3,313.9,yolo,0.69,1591.0,584.5,1262.2,0.0,657.5,1168.9,1,87.7,1,0,shot_pb=1.00|flight_commit=1.00|speed|edge_zoom=0.785|bounds
82,1810.3,315.7,yolo,0.70,1591.0,584.5,1262.3,0.0,657.5,1168.9,1,84.7,1,0,shot_pb=1.00|flight_commit=1.00|speed|edge_zoom=0.788|bounds
83,1812.8,318.3,yolo,0.71,1591.1,584.5,1262.3,0.0,657.5,1168.9,1,82.3,1,0,shot_pb=1.00|flight_commit=1.00|speed|edge_zoom=0.792|bounds
84,1814.5,321.7,yolo,0.70,1591.0,584.5,1262.2,0.0,657.5,1168.9,1,80.5,0,0,shot_pb=1.00|flight_commit=1.00|edge_zoom=0.824|bounds
85,1814.9,326.2,interp,0.38,1590.9,584.5,1262.1,0.0,657.5,1168.9,1,80.0,0,1,shot_pb=1.00|flight_commit=1.00|keepin_prop=0.04|keepin_zoom=1.350|edge_zoom=0.856|bounds
86,1814.6,331.2,interp,0.38,1590.7,584.5,1261.9,0.0,657.5,1168.9,1,80.1,0,1,shot_pb=1.00|flight_commit=1.00|keepin_prop=0.10|keepin_zoom=1.350|edge_zoom=0.846|bounds
87,1813.5,336.6,interp,0.38,1590.4,584.4,1261.6,0.0,657.5,1168.8,1,80.9,0,1,shot_pb=1.00|flight_commit=1.00|keepin_prop=0.15|keepin_zoom=1.350|edge_zoom=0.836|bounds
88,1811.7,342.2,interp,0.38,1589.9,584.4,1261.2,0.0,657.4,1168.8,1,82.2,0,1,shot_pb=1.00|flight_commit=1.00|keepin_prop=0.21|keepin_zoom=1.350|edge_zoom=0.827|bounds
89,1809.1,347.9,interp,0.38,1589.2,584.3,1260.5,0.0,657.4,1168.6,1,84.1,0,1,shot_pb=1.00|flight_commit=1.00|keepin_prop=0.27|keepin_zoom=1.350|edge_zoom=0.823|bounds
90,1805.5,353.8,interp,0.38,1588.3,584.2,1259.6,0.0,657.3,1168.5,1,86.8,0,1,shot_pb=1.00|flight_commit=1.00|keepin_prop=0.33|keepin_zoom=1.350|edge_zoom=0.828|bounds
91,1800.8,359.7,interp,0.38,1587.0,584.1,1258.4,0.0,657.1,1168.2,1,90.2,0,1,shot_pb=1.00|flight_commit=1.00|keepin_prop=0.36|keepin_zoom=1.350|edge_zoom=0.833|bounds
92,1794.9,365.5,interp,0.38,1585.3,583.9,1256.8,0.0,656.9,1167.8,1,94.4,0,1,shot_pb=1.00|flight_commit=1.00|keepin_prop=0.36|keepin_zoom=1.350|edge_zoom=0.836|bounds
93,1787.4,371.2,interp,0.38,1583.1,583.7,1254.8,0.0,656.6,1167.3,1,99.7,0,1,shot_pb=1.00|flight_commit=1.00|keepin_prop=0.36|keepin_zoom=1.350|edge_zoom=0.834|bounds
94,1778.1,376.6,yolo,0.70,1580.3,583.4,1252.2,0.0,656.3,1166.7,1,106.2,0,1,shot_pb=1.00|flight_commit=1.00|keepin_prop=0.37|keepin_zoom=1.350|edge_zoom=0.830|bounds
95,1764.2,381.1,yolo,0.72,1576.9,583.0,1249.0,0.0,655.8,1165.9,1,116.7,0,1,shot_pb=1.00|flight_commit=1.00|keepin_prop=0.34|keepin_zoom=1.350|edge_zoom=0.846|bounds
96,1748.3,385.6,yolo,0.69,1572.8,582.5,1245.1,0.0,655.3,1165.1,1,128.5,0,1,shot_pb=1.00|flight_commit=1.00|keepin_prop=0.25|keepin_zoom=1.350|edge_zoom=0.873|bounds
97,1731.0,390.3,yolo,0.70,1567.9,582.0,1240.5,0.0,654.8,1164.0,1,140.9,0,1,shot_pb=1.00|flight_commit=1.00|keepin_prop=0.16|keepin_zoom=1.350|edge_zoom=0.899|bounds
98,1712.8,394.9,yolo,0.72,1562.1,581.5,1235.1,0.0,654.2,1163.0,1,153.3,0,1,shot_pb=1.00|flight_commit=1.00|keepin_prop=0.08|keepin_zoom=1.350|edge_zoom=0.921|bounds
99,1693.6,399.4,yolo,0.74,1555.6,580.9,1228.9,0.0,653.5,1161.9,1,166.0,0,1,shot_pb=1.00|flight_commit=1.00|keepin_prop=0.02|keepin_zoom=1.350|edge_zoom=0.940|bounds
100,1673.6,403.4,yolo,0.76,1548.4,580.4,1221.9,0.0,652.9,1160.7,1,178.8,0,0,shot_pb=1.00|flight_commit=1.00|edge_zoom=0.949|bounds
101,1653.2,407.3,yolo,0.77,1540.4,579.8,1214.3,0.0,652.3,1159.6,1,191.2,0,1,shot_pb=1.00|flight_commit=1.00|keepin_prop=0.01|keepin_zoom=1.350|edge_zoom=0.944|bounds
102,1633.4,411.0,yolo,0.77,1531.8,579.3,1206.0,0.0,651.7,1158.5,1,202.4,0,0,shot_pb=1.00|flight_commit=1.00|edge_zoom=0.951|bounds
103,1614.2,414.6,yolo,0.79,1522.7,578.8,1197.1,0.0,651.1,1157.6,1,212.5,0,0,shot_pb=1.00|flight_commit=1.00|edge_zoom=0.952|bounds
104,1596.8,417.8,interp,0.38,1513.2,578.3,1187.9,0.0,650.6,1156.6,1,220.4,0,1,shot_pb=1.00|flight_commit=1.00|keepin_prop=0.00|keepin_zoom=1.350|edge_zoom=0.948|bounds
105,1580.0,420.8,yolo,0.68,1503.4,577.9,1178.3,0.0,650.1,1155.8,1,227.4,0,0,shot_pb=1.00|flight_commit=1.00|person_ctx=4|edge_zoom=0.954|bounds
106,1562.4,423.6,yolo,0.59,1493.4,577.5,1168.6,0.0,649.7,1155.0,1,235.0,0,0,shot_pb=1.00|flight_commit=1.00|person_ctx=4|edge_zoom=0.955|bounds
107,1546.7,425.9,interp,0.38,1483.4,577.1,1158.8,0.0,649.2,1154.2,1,240.7,0,1,shot_pb=1.00|flight_commit=1.00|keepin_prop=0.01|keepin_zoom=1.350|edge_zoom=0.951|bounds
108,1531.7,428.1,yolo,0.64,1473.5,576.7,1149.1,0.0,648.8,1153.5,1,245.8,0,0,shot_pb=1.00|flight_commit=1.00|edge_zoom=0.957|bounds
109,1516.3,430.3,yolo,0.71,1463.7,576.4,1139.5,0.0,648.4,1152.7,1,251.4,0,1,shot_pb=1.00|flight_commit=1.00|keepin_prop=0.01|keepin_zoom=1.350|edge_zoom=0.953|bounds
110,1501.9,432.6,yolo,0.76,1454.2,576.1,1130.2,0.0,648.1,1152.1,1,256.3,0,0,shot_pb=1.00|flight_commit=1.00|edge_zoom=0.959|bounds
111,1488.5,434.8,yolo,0.75,1445.0,575.8,1121.1,0.0,647.8,1151.6,1,260.5,0,1,shot_pb=1.00|flight_commit=1.00|keepin_prop=0.03|keepin_zoom=1.350|edge_zoom=0.953|bounds
112,1476.4,437.0,yolo,0.76,1436.1,575.6,1112.3,0.0,647.5,1151.1,1,263.7,0,0,shot_pb=1.00|flight_commit=1.00|edge_zoom=0.962|bounds
113,1465.5,439.1,yolo,0.80,1427.5,575.3,1103.9,0.0,647.3,1150.7,1,266.0,0,1,shot_pb=1.00|flight_commit=1.00|keepin_prop=0.08|keepin_zoom=1.350|edge_zoom=0.952|bounds
114,1455.9,441.2,interp,0.38,1419.4,575.2,1095.9,0.0,647.1,1150.3,1,267.5,0,1,shot_pb=1.00|flight_commit=1.00|keepin_prop=0.00|keepin_zoom=1.350|edge_zoom=0.958|bounds
115,1447.0,443.4,yolo,0.84,1411.7,575.0,1088.2,0.0,646.9,1150.0,1,268.7,0,0,shot_pb=1.00|flight_commit=1.00|edge_zoom=0.967|bounds
116,1438.3,446.1,yolo,0.87,1404.3,574.8,1081.0,0.0,646.7,1149.7,1,270.0,0,1,shot_pb=1.00|flight_commit=1.00|keepin_prop=0.04|keepin_zoom=1.350|edge_zoom=0.957|bounds
117,1430.4,448.9,yolo,0.86,1397.4,574.6,1074.2,0.0,646.5,1149.3,1,271.0,0,0,shot_pb=1.00|flight_commit=1.00|edge_zoom=0.972|bounds
118,1423.0,451.9,yolo,0.84,1390.9,574.4,1067.8,0.0,646.2,1148.8,1,271.9,0,1,shot_pb=1.00|flight_commit=1.00|keepin_prop=0.07|keepin_zoom=1.350|edge_zoom=0.958|bounds
119,1416.3,454.8,yolo,0.77,1384.8,574.1,1061.9,0.0,645.9,1148.2,1,272.5,0,0,shot_pb=1.00|flight_commit=1.00|person_ctx=3|edge_zoom=0.976|bounds
120,1410.4,457.7,yolo,0.81,1379.1,573.8,1056.4,0.0,645.5,1147.5,1,272.7,0,1,shot_pb=1.00|flight_commit=1.00|person_ctx=4|keepin_prop=0.05|keepin_zoom=1.350|edge_zoom=0.964|bounds
121,1405.1,460.7,yolo,0.84,1373.9,573.3,1051.4,0.0,645.0,1146.7,1,272.8,0,1,shot_pb=1.00|flight_commit=1.00|person_ctx=4|keepin_prop=0.00|keepin_zoom=1.350|edge_zoom=0.965|bounds
122,1400.2,463.6,yolo,0.86,1369.0,572.9,1046.8,0.0,644.5,1145.7,1,272.8,0,0,shot_pb=1.00|flight_commit=1.00|edge_zoom=0.984|bounds
123,1395.8,466.5,yolo,0.85,1364.6,572.3,1042.7,0.0,643.9,1144.7,1,272.8,0,1,shot_pb=1.00|keepin_prop=0.02|keepin_zoom=1.350|edge_zoom=0.967|bounds
124,1392.0,469.2,yolo,0.86,1360.6,571.8,1039.0,0.0,643.3,1143.6,1,272.6,0,0,shot_pb=1.00|edge_zoom=0.988|bounds
125,1388.8,471.7,yolo,0.86,1357.0,571.3,1035.6,0.0,642.7,1142.6,1,272.2,0,1,shot_pb=1.00|person_ctx=3|keepin_prop=0.00|keepin_zoom=1.350|edge_zoom=0.982|bounds
126,1386.0,474.2,yolo,0.81,1353.7,570.8,1032.7,0.0,642.1,1141.5,1,271.7,0,0,shot_pb=1.00|person_ctx=4|edge_zoom=0.995|bounds
127,1383.6,476.5,interp,0.38,1350.8,570.3,1030.1,0.0,641.6,1140.6,1,271.2,0,1,shot_pb=1.00|flight_commit=1.00|keepin_prop=0.00|keepin_zoom=1.350|edge_zoom=0.984|bounds
128,1381.2,478.7,yolo,0.74,1348.3,569.9,1027.7,0.0,641.1,1139.7,1,271.1,0,0,shot_pb=1.00|flight_commit=1.00|edge_zoom=0.997|bounds
129,1379.0,480.9,yolo,0.62,1346.0,569.5,1025.7,0.0,640.6,1138.9,1,271.0,0,1,shot_pb=1.00|flight_commit=1.00|keepin_prop=0.00|keepin_zoom=1.350|edge_zoom=0.989|bounds
130,1377.0,483.0,yolo,0.52,1344.0,569.1,1023.8,0.0,640.3,1138.3,1,271.0,0,0,shot_pb=1.00|flight_commit=1.00|edge_zoom=0.999|bounds
131,1374.6,485.0,yolo,0.46,1342.1,568.9,1022.1,0.0,640.0,1137.8,1,271.5,0,1,shot_pb=1.00|flight_commit=1.00|keepin_prop=0.01|keepin_zoom=1.350|edge_zoom=0.984|bounds
132,1372.1,486.8,yolo,0.56,1340.4,568.7,1020.5,0.0,639.8,1137.3,1,272.3,0,1,shot_pb=1.00|flight_commit=1.00|keepin_prop=0.00|keepin_zoom=1.350|edge_zoom=0.976|bounds
133,1369.4,488.3,yolo,0.61,1338.7,568.5,1018.9,0.0,639.6,1137.1,1,273.3,0,0,shot_pb=1.00|flight_commit=1.00|edge_zoom=0.993|bounds
134,1366.5,489.8,yolo,0.52,1337.1,568.4,1017.4,0.0,639.5,1136.9,1,274.6,0,1,shot_pb=1.00|flight_commit=1.00|keepin_prop=0.06|keepin_zoom=1.350|edge_zoom=0.974|bounds
135,1363.6,491.2,yolo,0.62,1335.5,568.3,1015.8,0.0,639.4,1136.7,1,275.9,0,1,shot_pb=1.00|flight_commit=1.00|keepin_prop=0.00|keepin_zoom=1.350|edge_zoom=0.977|bounds
136,1360.8,492.7,yolo,0.59,1333.8,568.3,1014.1,0.0,639.4,1136.7,1,277.0,0,0,shot_pb=1.00|flight_commit=1.00|edge_zoom=0.993|bounds
137,1357.8,494.4,yolo,0.64,1332.1,568.4,1012.4,0.0,639.4,1136.7,1,278.3,0,1,shot_pb=1.00|flight_commit=1.00|keepin_prop=0.03|keepin_zoom=1.350|edge_zoom=0.978|bounds
138,1354.7,496.3,yolo,0.70,1330.2,568.4,1010.5,0.0,639.5,1136.9,1,279.5,0,0,shot_pb=1.00|flight_commit=1.00|edge_zoom=0.996|bounds
139,1351.5,498.2,yolo,0.76,1328.3,568.5,1008.5,0.0,639.6,1137.1,1,280.8,0,1,shot_pb=1.00|flight_commit=1.00|keepin_prop=0.04|keepin_zoom=1.350|edge_zoom=0.982|bounds
140,1348.3,500.3,yolo,0.77,1326.2,568.7,1006.3,0.0,639.8,1137.4,1,281.9,0,1,shot_pb=1.00|flight_commit=1.00|keepin_prop=0.00|keepin_zoom=1.350|edge_zoom=0.980|bounds
141,1344.9,502.5,yolo,0.76,1323.9,568.9,1003.9,0.0,640.0,1137.7,1,283.0,0,0,shot_pb=1.00|flight_commit=1.00|bounds
142,1341.2,504.7,yolo,0.78,1321.5,569.1,1001.4,0.0,640.2,1138.1,1,284.3,0,1,shot_pb=1.00|flight_commit=1.00|keepin_prop=0.03|keepin_zoom=1.350|edge_zoom=0.982|bounds
143,1337.0,506.7,yolo,0.67,1318.9,569.3,998.7,0.0,640.4,1138.6,1,285.9,0,1,shot_pb=1.00|flight_commit=1.00|keepin_prop=0.00|keepin_zoom=1.350|edge_zoom=0.983|bounds
144,1332.3,508.5,yolo,0.71,1316.2,569.5,995.9,0.0,640.7,1139.0,1,287.9,0,0,shot_pb=1.00|flight_commit=1.00|edge_zoom=0.995|bounds
145,1327.1,509.9,yolo,0.67,1313.3,569.7,992.9,0.0,640.9,1139.4,1,290.2,0,1,shot_pb=1.00|flight_commit=1.00|keepin_prop=0.06|keepin_zoom=1.350|edge_zoom=0.983|bounds
146,1321.8,511.2,yolo,0.70,1310.2,569.9,989.7,0.0,641.1,1139.8,1,292.4,0,1,shot_pb=1.00|flight_commit=1.00|keepin_prop=0.00|keepin_zoom=1.350|edge_zoom=0.984|bounds
147,1316.4,512.3,yolo,0.68,1307.0,570.0,986.4,0.0,641.3,1140.0,1,294.6,0,0,shot_pb=1.00|flight_commit=1.00|edge_zoom=0.992|bounds
148,1311.0,513.2,yolo,0.71,1303.6,570.1,982.9,0.0,641.4,1140.3,1,296.6,0,1,shot_pb=1.00|flight_commit=1.00|keepin_prop=0.07|keepin_zoom=1.350|edge_zoom=0.984|bounds
149,1305.9,514.1,interp,0.38,1300.1,570.3,979.3,0.0,641.6,1140.5,1,298.2,0,1,shot_pb=1.00|flight_commit=1.00|keepin_prop=0.00|keepin_zoom=1.350|edge_zoom=0.985|bounds
150,1300.8,514.9,interp,0.38,1296.5,570.3,975.7,0.0,641.6,1140.7,1,299.7,0,0,shot_pb=1.00|flight_commit=1.00|edge_zoom=0.991|bounds
151,1295.6,515.7,yolo,0.71,1292.8,570.4,971.9,0.0,641.7,1140.8,1,301.2,0,1,shot_pb=1.00|flight_commit=1.00|keepin_prop=0.07|keepin_zoom=1.350|edge_zoom=0.985|bounds
152,1289.7,516.6,yolo,0.59,1289.0,570.5,968.1,0.0,641.8,1140.9,1,303.3,0,1,shot_pb=1.00|flight_commit=1.00|keepin_prop=0.00|keepin_zoom=1.350|edge_zoom=0.986|bounds
153,1284.2,517.4,interp,0.38,1285.2,570.5,964.3,0.0,641.8,1140.9,1,303.0,0,0,shot_pb=1.00|flight_commit=1.00|edge_zoom=0.992|bounds
154,1278.8,518.1,yolo,0.60,1281.3,570.5,960.4,0.0,641.8,1141.0,1,301.5,0,1,shot_pb=1.00|flight_commit=1.00|keepin_prop=0.07|keepin_zoom=1.350|edge_zoom=0.986|bounds
155,1273.6,518.8,interp,0.38,1277.5,570.5,956.6,0.0,641.8,1141.0,1,300.1,0,1,shot_pb=1.00|flight_commit=1.00|keepin_prop=0.00|keepin_zoom=1.350|edge_zoom=0.987|bounds
156,1268.5,519.5,interp,0.38,1273.8,570.5,952.9,0.0,641.8,1140.9,1,298.7,0,0,shot_pb=1.00|flight_commit=1.00|edge_zoom=0.992|bounds
157,1263.5,520.1,interp,0.38,1270.2,570.4,949.3,0.0,641.7,1140.9,1,297.3,0,1,shot_pb=1.00|flight_commit=1.00|keepin_prop=0.07|keepin_zoom=1.350|edge_zoom=0.986|bounds
158,1258.4,520.7,yolo,0.53,1266.8,570.4,946.0,0.0,641.6,1140.7,1,295.6,0,1,shot_pb=1.00|flight_commit=1.00|keepin_prop=0.00|keepin_zoom=1.350|edge_zoom=0.988|bounds
159,1252.9,521.2,interp,0.38,1263.7,570.2,942.9,0.0,641.5,1140.5,1,293.2,0,0,shot_pb=1.00|flight_commit=1.00|edge_zoom=0.992|bounds
160,1247.5,521.8,yolo,0.45,1260.9,570.1,940.2,0.0,641.4,1140.3,1,290.6,0,1,shot_pb=1.00|flight_commit=1.00|keepin_prop=0.07|keepin_zoom=1.350|edge_zoom=0.987|bounds
161,1243.0,522.2,interp,0.38,1258.5,569.9,937.9,0.0,641.2,1139.9,1,288.5,0,1,shot_pb=1.00|flight_commit=1.00|keepin_prop=0.00|keepin_zoom=1.350|edge_zoom=0.989|bounds
162,1238.8,522.7,interp,0.38,1256.8,569.7,936.3,0.0,640.9,1139.3,1,286.0,0,0,shot_pb=1.00|flight_commit=1.00|edge_zoom=0.992|bounds
163,1234.8,523.1,interp,0.38,1255.6,569.3,935.4,0.0,640.5,1138.6,1,283.2,0,1,shot_pb=1.00|flight_commit=1.00|keepin_prop=0.08|keepin_zoom=1.350|edge_zoom=0.988|bounds
164,1231.0,523.5,interp,0.38,1255.3,568.9,935.3,0.0,640.0,1137.7,1,279.7,0,1,shot_pb=1.00|flight_commit=1.00|keepin_prop=0.00|keepin_zoom=1.350|edge_zoom=0.989|bounds
165,1227.3,524.0,interp,0.38,1255.8,568.3,936.2,0.0,639.3,1136.6,1,275.5,0,0,shot_pb=1.00|flight_commit=1.00|edge_zoom=0.993|bounds
166,1223.7,524.4,interp,0.38,1257.2,567.7,937.9,0.0,638.6,1135.4,1,270.5,0,1,shot_pb=1.00|flight_commit=1.00|keepin_prop=0.09|keepin_zoom=1.350|edge_zoom=0.988|bounds
167,1220.3,524.9,yolo,0.49,1259.6,567.0,940.7,0.0,637.8,1133.9,1,264.7,0,1,shot_pb=1.00|flight_commit=1.00|keepin_prop=0.01|keepin_zoom=1.350|edge_zoom=0.990|bounds
168,1215.9,525.6,yolo,0.43,1262.8,566.2,944.3,0.0,637.0,1132.4,1,257.1,0,0,shot_pb=1.00|flight_commit=1.00|edge_zoom=0.995|bounds
169,1212.8,526.2,yolo,0.46,1266.8,565.5,948.7,0.0,636.2,1131.0,1,250.0,0,1,shot_pb=1.00|flight_commit=1.00|keepin_prop=0.09|keepin_zoom=1.350|edge_zoom=0.989|bounds
170,1210.9,526.7,yolo,0.48,1271.3,564.8,953.6,0.0,635.4,1129.7,1,243.6,0,1,shot_pb=1.00|flight_commit=1.00|keepin_prop=0.01|keepin_zoom=1.350|edge_zoom=0.990|bounds
171,1210.1,527.0,yolo,0.42,1276.1,564.3,958.7,0.0,634.8,1128.5,1,238.0,0,0,shot_pb=1.00|flight_commit=1.00|edge_zoom=0.997|bounds
172,1210.1,527.2,yolo,0.50,1280.9,563.9,963.7,0.0,634.3,1127.7,1,233.2,0,0,shot_pb=1.00|flight_commit=1.00|edge_zoom=0.976|bounds
173,1210.8,527.3,yolo,0.54,1285.2,563.6,968.2,0.0,634.0,1127.1,1,229.6,0,0,shot_pb=1.00|flight_commit=1.00|edge_zoom=0.994|bounds
174,1211.8,527.2,yolo,0.46,1288.8,563.5,971.8,0.0,633.9,1126.9,1,227.0,0,0,shot_pb=1.00|flight_commit=1.00|edge_zoom=0.988|bounds
175,1213.2,527.0,yolo,0.41,1291.1,563.5,974.1,0.0,633.9,1127.0,1,226.1,0,1,shot_pb=1.00|flight_commit=1.00|keepin_prop=0.05|keepin_zoom=1.350|edge_zoom=0.990|bounds
176,1214.5,526.7,interp,0.38,1291.7,563.6,974.7,0.0,634.1,1127.2,1,226.8,0,1,shot_pb=1.00|flight_commit=1.00|keepin_prop=0.00|keepin_zoom=1.350|edge_zoom=0.990|bounds
177,1215.6,526.2,yolo,0.38,1290.5,563.8,973.3,0.0,634.3,1127.7,1,229.1,0,0,shot_pb=1.00|flight_commit=1.00|edge_zoom=0.978|bounds
178,1217.0,525.6,yolo,0.44,1287.0,564.2,969.7,0.0,634.7,1128.3,1,234.0,0,1,shot_pb=1.00|flight_commit=1.00|keepin_prop=0.05|keepin_zoom=1.350|edge_zoom=0.989|bounds
179,1217.8,524.8,yolo,0.54,1281.3,564.6,963.7,0.0,635.1,1129.1,1,240.5,0,0,shot_pb=1.00|flight_commit=1.00|edge_zoom=0.968|bounds
180,1218.0,524.0,yolo,0.62,1273.1,565.0,955.2,0.0,635.7,1130.1,1,248.9,0,0,shot_pb=1.00|flight_commit=1.00|edge_zoom=0.966|bounds
181,1217.3,523.1,yolo,0.57,1262.4,565.7,944.3,0.0,636.4,1131.3,1,258.9,0,0,shot_pb=1.00|flight_commit=1.00|edge_zoom=0.963|bounds
182,1215.3,522.2,yolo,0.54,1249.4,566.4,930.9,0.0,637.2,1132.8,1,269.9,0,0,shot_pb=1.00|flight_commit=1.00|edge_zoom=0.975|bounds
183,1210.9,521.3,interp,0.38,1234.2,567.3,915.1,0.0,638.2,1134.6,1,280.7,0,0,shot_pb=1.00|flight_commit=1.00|edge_zoom=0.981|bounds
184,1204.4,520.1,interp,0.38,1216.9,568.4,897.2,0.0,639.4,1136.7,1,291.5,0,1,shot_pb=1.00|flight_commit=1.00|keepin_prop=0.07|keepin_zoom=1.350|edge_zoom=0.987|bounds
185,1195.5,518.7,interp,0.38,1197.8,569.6,877.4,0.0,640.8,1139.1,1,301.7,0,1,shot_pb=1.00|flight_commit=1.00|keepin_prop=0.00|keepin_zoom=1.350|edge_zoom=0.987|bounds
186,1183.5,517.1,interp,0.38,1177.0,570.9,855.8,0.0,642.3,1141.9,1,297.5,0,0,shot_pb=1.00|flight_commit=1.00|edge_zoom=0.982|bounds
187,1167.7,515.1,interp,0.38,1154.7,572.4,832.8,0.0,644.0,1144.8,1,291.0,0,1,shot_pb=1.00|flight_commit=1.00|keepin_prop=0.03|keepin_zoom=1.350|edge_zoom=0.985|bounds
188,1147.5,512.7,interp,0.38,1131.4,574.0,808.6,0.0,645.7,1147.9,1,287.9,0,0,shot_pb=1.00|flight_commit=1.00|edge_zoom=0.981|bounds
189,1121.5,509.8,interp,0.38,1107.3,575.5,783.6,0.0,647.4,1151.0,1,289.8,0,1,accel_zoom=0.934|shot_pb=1.00|flight_commit=1.00|keepin_prop=0.02|keepin_zoom=1.350|edge_zoom=0.983|bounds
190,1088.5,506.1,yolo,0.48,1082.8,577.0,758.3,0.0,649.1,1154.0,1,298.3,0,0,accel_zoom=0.915|shot_pb=1.00|flight_commit=1.00|edge_zoom=0.979|bounds
191,1027.9,499.8,yolo,0.42,1058.4,578.4,733.1,0.0,650.7,1156.8,1,273.5,0,0,accel_zoom=0.831|shot_pb=1.00|flight_commit=1.00|pb_zfit|edge_zoom=0.976|bounds
192,974.2,494.1,interp,0.38,1034.5,579.7,708.5,0.0,652.1,1159.3,1,243.7,0,0,accel_zoom=0.831|shot_pb=1.00|flight_commit=1.00|pb_zfit|edge_zoom=0.974|bounds
193,921.1,488.5,interp,0.38,1011.8,580.8,685.1,0.0,653.4,1161.6,1,213.3,0,0,accel_zoom=0.831|shot_pb=1.00|flight_commit=1.00|pb_zfit|flight_boost=1.07|edge_zoom=0.972|bounds
194,869.8,483.1,interp,0.38,990.7,581.7,663.5,0.0,654.4,1163.5,1,183.1,0,1,accel_zoom=0.831|shot_pb=1.00|flight_commit=1.00|pb_zfit|keepin_prop=0.00|keepin_zoom=1.350|flight_boost=1.15|edge_zoom=0.973|bounds
195,821.6,478.0,interp,0.38,972.0,582.5,644.4,0.0,655.3,1165.0,1,153.6,0,0,accel_zoom=0.831|shot_pb=1.00|flight_commit=1.00|person_ctx=4|pb_zfit|flight_boost=1.21|edge_zoom=0.968|bounds
196,777.4,473.2,interp,0.38,956.2,583.1,628.2,0.0,656.0,1166.2,1,125.2,0,0,accel_zoom=0.831|shot_pb=1.00|flight_commit=1.00|pb_zfit|flight_boost=1.24|edge_zoom=0.966|bounds
197,737.9,468.9,interp,0.38,943.7,583.6,615.4,0.0,656.5,1167.1,1,98.2,0,1,accel_zoom=0.831|shot_pb=1.00|flight_commit=1.00|person_ctx=4|pb_zfit|keepin_prop=0.00|keepin_zoom=1.350|flight_boost=1.18|edge_zoom=0.968|bounds
198,703.8,465.1,interp,0.38,934.8,583.9,606.4,0.0,656.9,1167.8,1,73.0,0,0,accel_zoom=0.831|shot_pb=1.00|flight_commit=1.00|person_ctx=4|pb_zfit|flight_boost=1.13|edge_zoom=0.963|bounds
199,676.0,461.8,interp,0.38,929.8,584.1,601.2,0.0,657.1,1168.2,1,50.2,0,0,accel_zoom=0.831|shot_pb=1.00|flight_commit=1.00|person_ctx=4|pb_zfit|flight_boost=1.06|edge_zoom=0.961|bounds
200,655.2,459.2,interp,0.38,928.7,584.3,600.0,0.0,657.3,1168.5,1,30.5,0,1,shot_pb=1.00|flight_commit=1.00|person_ctx=4|pb_zfit|keepin_prop=0.05|keepin_zoom=1.350|edge_zoom=0.962|bounds
201,642.3,457.2,interp,0.38,926.0,584.3,597.3,0.0,657.4,1168.7,1,20.3,0,0,shot_pb=1.00|flight_commit=1.00|person_ctx=4|pb_zfit|edge_zoom=0.959|bounds
202,638.6,456.1,interp,0.38,922.3,584.4,593.6,0.0,657.5,1168.8,1,20.3,0,1,shot_pb=1.00|flight_commit=1.00|person_ctx=3|pb_zfit|keepin_prop=0.08|keepin_zoom=1.350|edge_zoom=0.959|bounds
203,645.3,455.7,interp,0.38,929.0,584.4,600.3,0.0,657.5,1168.9,1,20.3,0,0,shot_pb=1.00|flight_commit=1.00|person_ctx=4|pb_zfit|edge_zoom=0.962|bounds
204,664.3,456.5,interp,0.38,948.0,584.5,619.3,0.0,657.5,1168.9,1,20.3,0,0,accel_zoom=0.889|shot_pb=1.00|flight_commit=1.00|person_ctx=4|pb_zfit|edge_zoom=0.919|bounds
205,697.8,458.3,interp,0.38,981.6,584.5,652.8,0.0,657.5,1168.9,1,20.2,0,0,accel_zoom=0.889|shot_pb=1.00|flight_commit=1.00|person_ctx=4|pb_zfit|edge_zoom=0.905|bounds
206,748.7,461.6,interp,0.38,1007.2,584.5,678.5,0.0,657.5,1168.9,1,45.5,0,0,accel_zoom=0.844|shot_pb=1.00|flight_commit=1.00|person_ctx=4|pb_zfit|edge_zoom=0.963|bounds
207,909.4,474.7,blended,0.69,1028.5,584.5,699.8,0.0,657.5,1168.9,1,184.9,0,0,accel_zoom=0.780|shot_pb=1.00|flight_commit=1.00|pb_zfit|flight_boost=1.14|edge_zoom=0.973|bounds
208,978.3,476.0,interp,0.38,1048.6,584.5,719.8,0.0,657.5,1168.9,1,233.7,0,0,accel_zoom=0.780|shot_pb=1.00|flight_commit=1.00|pb_zfit|flight_boost=1.32|edge_zoom=0.972|bounds
209,1019.2,478.9,interp,0.38,1066.3,584.5,737.5,0.0,657.5,1168.9,1,256.9,0,0,accel_zoom=0.780|shot_pb=1.00|flight_commit=1.00|pb_zfit|flight_boost=1.41|edge_zoom=0.974|bounds
210,1047.3,481.4,interp,0.38,1080.9,584.5,752.1,0.0,657.5,1168.9,1,270.4,0,0,shot_pb=1.00|flight_commit=1.00|flight_boost=1.43|edge_zoom=0.976|bounds
211,1065.1,483.5,interp,0.38,1092.0,584.5,763.3,0.0,657.5,1168.9,1,277.1,0,1,shot_pb=1.00|flight_commit=1.00|keepin_prop=0.03|keepin_zoom=1.350|flight_boost=1.39|edge_zoom=0.973|bounds
212,1074.7,485.3,interp,0.38,1099.4,584.5,770.6,0.0,657.5,1168.9,1,279.3,0,0,shot_pb=1.00|flight_commit=1.00|flight_boost=1.28|edge_zoom=0.981|bounds
213,1077.7,486.8,interp,0.38,1102.9,584.5,774.2,0.0,657.5,1168.9,1,278.8,0,1,shot_pb=1.00|flight_commit=1.00|keepin_prop=0.04|keepin_zoom=1.350|edge_zoom=0.978|bounds
214,1075.3,488.1,interp,0.38,1102.7,584.5,773.9,0.0,657.5,1168.9,1,276.6,0,0,shot_pb=1.00|flight_commit=1.00|edge_zoom=0.992|bounds
215,1068.6,489.1,interp,0.38,1099.0,584.5,770.2,0.0,657.5,1168.9,1,273.6,0,0,shot_pb=1.00|flight_commit=1.00|edge_zoom=0.981|bounds
216,1058.5,489.9,interp,0.38,1092.0,584.5,763.3,0.0,657.5,1168.9,1,270.5,0,0,shot_pb=1.00|flight_commit=1.00|edge_zoom=0.979|bounds
217,1045.4,490.5,interp,0.38,1082.3,584.5,753.5,0.0,657.5,1168.9,1,267.1,0,1,shot_pb=1.00|flight_commit=1.00|keepin_prop=0.08|keepin_zoom=1.350|edge_zoom=0.974|bounds
218,1030.1,490.9,interp,0.38,1070.2,584.5,741.5,0.0,657.5,1168.9,1,263.9,0,0,shot_pb=1.00|flight_commit=1.00|edge_zoom=0.977|bounds
219,1012.7,490.9,interp,0.38,1056.2,584.5,727.5,0.0,657.5,1168.9,1,260.5,0,1,shot_pb=1.00|flight_commit=1.00|pb_zfit|keepin_prop=0.06|keepin_zoom=1.350|edge_zoom=0.974|bounds
220,993.6,490.7,interp,0.38,1040.7,584.5,711.9,0.0,657.5,1168.9,1,256.9,0,0,shot_pb=1.00|flight_commit=1.00|pb_zfit|edge_zoom=0.976|bounds
221,972.9,490.0,interp,0.38,1023.9,584.5,695.2,0.0,657.5,1168.9,1,253.0,0,1,shot_pb=1.00|flight_commit=1.00|pb_zfit|keepin_prop=0.04|keepin_zoom=1.350|edge_zoom=0.975|bounds
222,947.5,490.3,blended,0.75,1006.3,584.5,677.5,0.0,657.5,1168.9,1,245.2,0,0,accel_zoom=0.931|shot_pb=1.00|flight_commit=1.00|pb_zfit|edge_zoom=0.977|bounds
223,930.3,486.4,yolo,0.33,988.0,584.5,659.2,0.0,657.5,1168.9,1,246.3,0,1,shot_pb=1.00|flight_commit=1.00|pb_zfit|keepin_prop=0.03|keepin_zoom=1.350|edge_zoom=0.974|bounds
224,906.5,483.0,yolo,0.39,969.2,584.5,640.4,0.0,657.5,1168.9,1,241.3,0,0,accel_zoom=0.938|shot_pb=1.00|flight_commit=1.00|pb_zfit|edge_zoom=0.969|bounds
225,879.9,479.0,yolo,0.51,950.1,584.5,621.3,0.0,657.5,1168.9,1,233.8,0,1,accel_zoom=0.933|shot_pb=1.00|flight_commit=1.00|pb_zfit|keepin_prop=0.01|keepin_zoom=1.350|edge_zoom=0.972|bounds
226,850.8,474.5,yolo,0.59,930.8,584.5,602.1,0.0,657.5,1168.9,1,224.0,0,0,accel_zoom=0.927|shot_pb=1.00|flight_commit=1.00|pb_zfit|edge_zoom=0.965|bounds
227,819.9,470.0,yolo,0.68,911.7,584.5,582.9,0.0,657.5,1168.9,1,212.2,0,1,accel_zoom=0.922|shot_pb=1.00|flight_commit=1.00|pb_zfit|keepin_prop=0.00|keepin_zoom=1.350|edge_zoom=0.969|bounds
228,787.7,465.8,yolo,0.71,892.8,584.5,564.0,0.0,657.5,1168.9,1,198.9,0,0,accel_zoom=0.919|shot_pb=1.00|flight_commit=1.00|pb_zfit|edge_zoom=0.962|bounds
229,754.9,462.0,yolo,0.74,874.4,584.5,545.7,0.0,657.5,1168.9,1,184.5,0,0,accel_zoom=0.918|shot_pb=1.00|flight_commit=1.00|pb_zfit|edge_zoom=0.962|bounds
230,724.0,459.4,interp,0.38,856.8,584.5,528.1,0.0,657.5,1168.9,1,171.2,0,1,accel_zoom=0.918|shot_pb=1.00|flight_commit=1.00|pb_zfit|keepin_prop=0.02|keepin_zoom=1.350|edge_zoom=0.963|bounds
231,693.2,457.7,yolo,0.62,840.2,584.5,511.4,0.0,657.5,1168.9,1,157.0,0,0,accel_zoom=0.918|shot_pb=1.00|flight_commit=1.00|pb_zfit|edge_zoom=0.962|bounds
232,659.9,456.8,yolo,0.56,824.8,584.5,496.0,0.0,657.5,1168.9,1,139.1,0,1,accel_zoom=0.916|shot_pb=1.00|flight_commit=1.00|pb_zfit|keepin_prop=0.00|keepin_zoom=1.350|edge_zoom=0.963|bounds
233,627.9,457.4,yolo,0.64,810.8,584.5,482.0,0.0,657.5,1168.9,1,121.1,0,0,accel_zoom=0.916|shot_pb=1.00|flight_commit=1.00|pb_zfit|edge_zoom=0.964|bounds
234,598.3,459.7,yolo,0.67,798.3,584.5,469.5,0.0,657.5,1168.9,1,104.0,0,0,accel_zoom=0.916|shot_pb=1.00|flight_commit=1.00|pb_zfit|edge_zoom=0.967|bounds
235,571.9,463.7,yolo,0.66,787.3,584.5,458.6,0.0,657.5,1168.9,1,88.6,0,1,accel_zoom=0.916|shot_pb=1.00|flight_commit=1.00|pb_zfit|keepin_prop=0.04|keepin_zoom=1.350|edge_zoom=0.964|bounds
236,549.8,469.7,yolo,0.62,777.8,584.5,449.0,0.0,657.5,1168.9,1,76.0,0,0,shot_pb=1.00|flight_commit=1.00|pb_zfit|edge_zoom=0.977|bounds
237,533.2,477.8,yolo,0.60,769.6,584.5,440.8,0.0,657.5,1168.9,1,67.6,0,1,shot_pb=1.00|flight_commit=1.00|pb_zfit|keepin_prop=0.01|keepin_zoom=1.350|edge_zoom=0.971|bounds
238,525.0,487.7,interp,0.38,762.4,584.5,433.7,0.0,657.5,1168.9,1,66.6,0,0,shot_pb=1.00|flight_commit=1.00|pb_zfit|edge_zoom=0.999|bounds
239,524.3,499.7,yolo,0.56,756.0,584.5,427.3,0.0,657.5,1168.9,1,72.3,0,0,shot_pb=1.00|flight_commit=1.00|pb_zfit|edge_zoom=0.997|bounds
240,546.2,518.5,interp,0.38,750.0,584.5,421.3,0.0,657.5,1168.9,1,100.2,0,0,accel_zoom=0.931|shot_pb=1.00|flight_commit=1.00|pb_zfit|edge_zoom=0.991|bounds
241,572.6,538.3,yolo,0.48,744.1,584.5,415.4,0.0,657.5,1168.9,1,132.5,0,0,accel_zoom=0.927|shot_pb=1.00|flight_commit=1.00|pb_zfit|edge_zoom=0.960|bounds
242,619.0,564.3,yolo,0.42,738.0,584.5,409.3,0.0,657.5,1168.9,1,185.0,0,0,accel_zoom=0.881|shot_pb=1.00|flight_commit=1.00|pb_zfit|edge_zoom=0.950|bounds
243,620.3,573.9,interp,0.38,731.5,584.5,402.7,0.0,657.5,1168.9,1,192.8,0,0,shot_pb=1.00|flight_commit=1.00|pb_zfit|edge_zoom=0.979|bounds
244,609.2,578.7,yolo,0.40,724.3,584.5,395.5,0.0,657.5,1168.9,1,188.9,0,0,shot_pb=1.00|flight_commit=1.00|pb_zfit|edge_zoom=0.976|bounds
245,568.2,573.6,yolo,0.52,716.4,584.5,387.7,0.0,657.5,1168.9,1,155.8,0,0,accel_zoom=0.872|shot_pb=1.00|flight_commit=1.00|pb_zfit|edge_zoom=0.996|bounds
246,523.3,566.3,yolo,0.50,707.9,584.5,379.1,0.0,657.5,1168.9,1,119.4,0,0,accel_zoom=0.870|shot_pb=1.00|flight_commit=1.00|pb_zfit|bounds
247,479.1,558.4,interp,0.38,698.8,584.5,370.0,0.0,657.5,1168.9,1,84.3,0,0,accel_zoom=0.870|shot_pb=1.00|flight_commit=1.00|pb_zfit|edge_zoom=0.996|bounds
248,444.6,552.5,interp,0.38,689.1,584.5,360.4,0.0,657.5,1168.9,1,59.5,0,1,accel_zoom=0.870|shot_pb=1.00|flight_commit=1.00|pb_zfit|keepin_prop=0.01|keepin_zoom=1.350|bounds
249,474.3,563.6,interp,0.38,679.1,584.5,350.4,0.0,657.5,1168.9,1,99.2,0,0,accel_zoom=0.870|shot_pb=1.00|flight_commit=1.00|pb_zfit|edge_zoom=0.956|bounds
250,469.1,565.0,interp,0.38,668.9,584.5,340.2,0.0,657.5,1168.9,1,104.2,0,0,shot_pb=1.00|flight_commit=1.00|pb_zfit|edge_zoom=0.986|bounds
251,462.9,565.9,interp,0.38,658.6,584.5,329.8,0.0,657.5,1168.9,1,108.3,0,1,shot_pb=1.00|flight_commit=1.00|pb_zfit|keepin_prop=0.00|keepin_zoom=1.350|edge_zoom=0.995|bounds
252,455.8,566.4,interp,0.38,648.2,584.5,319.5,0.0,657.5,1168.9,1,111.6,0,0,shot_pb=1.00|flight_commit=1.00|pb_zfit|edge_zoom=0.992|bounds
253,447.7,566.6,interp,0.38,637.9,584.5,309.1,0.0,657.5,1168.9,1,113.8,0,1,shot_pb=1.00|flight_commit=1.00|pb_zfit|keepin_prop=0.05|keepin_zoom=1.350|edge_zoom=0.994|bounds
254,438.8,566.5,interp,0.38,627.5,584.5,298.8,0.0,657.5,1168.9,1,115.3,0,1,shot_pb=1.00|flight_commit=1.00|pb_zfit|keepin_prop=0.00|keepin_zoom=1.350|edge_zoom=0.994|bounds
255,429.0,566.1,interp,0.38,617.2,584.5,288.5,0.0,657.5,1168.9,1,115.8,0,0,shot_pb=1.00|flight_commit=1.00|pb_zfit|edge_zoom=0.996|bounds
256,418.5,565.6,interp,0.38,606.9,584.5,278.1,0.0,657.5,1168.9,1,115.6,0,1,shot_pb=1.00|flight_commit=1.00|pb_zfit|keepin_prop=0.03|keepin_zoom=1.350|edge_zoom=0.995|bounds
257,407.3,564.9,interp,0.38,596.5,584.5,267.8,0.0,657.5,1168.9,1,114.8,0,0,shot_pb=1.00|flight_commit=1.00|pb_zfit|edge_zoom=0.997|bounds
258,395.4,564.1,interp,0.38,586.1,584.5,257.4,0.0,657.5,1168.9,1,113.3,0,1,shot_pb=1.00|flight_commit=1.00|pb_zfit|keepin_prop=0.07|keepin_zoom=1.350|edge_zoom=0.995|bounds
259,383.0,563.1,interp,0.38,575.6,584.5,246.9,0.0,657.5,1168.9,1,111.4,0,1,shot_pb=1.00|flight_commit=1.00|pb_zfit|keepin_prop=0.00|keepin_zoom=1.350|edge_zoom=0.996|bounds
260,370.1,562.1,interp,0.38,565.0,584.5,236.2,0.0,657.5,1168.9,1,109.1,0,0,shot_pb=1.00|flight_commit=1.00|pb_zfit|edge_zoom=0.999|bounds
261,356.7,560.9,interp,0.38,554.3,584.5,225.6,0.0,657.5,1168.9,1,106.4,0,1,shot_pb=1.00|flight_commit=1.00|pb_zfit|keepin_prop=0.02|keepin_zoom=1.350|edge_zoom=0.996|bounds
262,343.0,559.7,interp,0.38,543.6,584.5,214.8,0.0,657.5,1168.9,1,103.4,0,0,shot_pb=1.00|flight_commit=1.00|pb_zfit|bounds
263,329.1,558.4,interp,0.38,532.7,584.5,204.0,0.0,657.5,1168.9,1,100.4,0,1,shot_pb=1.00|flight_commit=1.00|person_ctx=4|pb_zfit|keepin_prop=0.05|keepin_zoom=1.350|edge_zoom=0.997|bounds
264,314.9,557.1,interp,0.38,521.9,584.5,193.2,0.0,657.5,1168.9,1,97.0,0,0,shot_pb=1.00|flight_commit=1.00|person_ctx=4|pb_zfit|edge_zoom=0.999|bounds
265,300.6,555.8,interp,0.38,511.2,584.5,182.4,0.0,657.5,1168.9,1,93.4,0,1,shot_pb=1.00|flight_commit=1.00|pb_zfit|keepin_prop=0.06|keepin_zoom=1.350|edge_zoom=0.998|bounds
266,286.4,554.4,interp,0.38,500.5,584.5,171.8,0.0,657.5,1168.9,1,89.9,0,0,shot_pb=1.00|flight_commit=1.00|person_ctx=4|pb_zfit|edge_zoom=0.998|bounds
267,272.1,553.1,interp,0.38,490.0,584.5,161.3,0.0,657.5,1168.9,1,86.1,0,1,shot_pb=1.00|flight_commit=1.00|pb_zfit|keepin_prop=0.07|keepin_zoom=1.350|bounds
268,258.0,551.7,interp,0.38,479.7,584.5,151.0,0.0,657.5,1168.9,1,82.3,0,0,shot_pb=1.00|flight_commit=1.00|pb_zfit|edge_zoom=0.997|bounds
269,244.1,550.4,interp,0.38,469.6,584.5,140.9,0.0,657.5,1168.9,1,78.5,0,1,shot_pb=1.00|flight_commit=1.00|pb_zfit|keepin_prop=0.07|keepin_zoom=1.350|bounds
270,230.5,549.0,interp,0.38,459.8,584.5,131.0,0.0,657.5,1168.9,1,74.7,0,0,shot_pb=1.00|flight_commit=1.00|person_ctx=4|pb_zfit|edge_zoom=0.996|bounds
271,217.2,547.7,interp,0.38,450.3,584.5,121.5,0.0,657.5,1168.9,1,70.9,0,1,shot_pb=1.00|flight_commit=1.00|person_ctx=4|pb_zfit|keepin_prop=0.08|keepin_zoom=1.350|edge_zoom=0.993|bounds
272,204.5,546.4,interp,0.38,441.1,584.5,112.3,0.0,657.5,1168.9,1,67.4,0,1,shot_pb=1.00|flight_commit=1.00|person_ctx=4|pb_zfit|keepin_prop=0.00|keepin_zoom=1.350|edge_zoom=0.898|bounds
273,192.2,545.2,interp,0.38,432.3,584.5,103.5,0.0,657.5,1168.9,1,63.9,0,1,shot_pb=1.00|flight_commit=1.00|person_ctx=4|pb_zfit|keepin_prop=0.00|keepin_zoom=1.350|edge_zoom=0.896|bounds
274,180.6,544.0,interp,0.38,423.9,584.5,95.2,0.0,657.5,1168.9,1,60.7,0,1,shot_pb=1.00|flight_commit=1.00|person_ctx=4|pb_zfit|keepin_prop=0.00|keepin_zoom=1.350|edge_zoom=0.895|bounds
275,169.7,542.8,interp,0.38,416.0,584.5,87.3,0.0,657.5,1168.9,1,57.7,0,1,shot_pb=1.00|flight_commit=1.00|person_ctx=4|pb_zfit|keepin_prop=0.01|keepin_zoom=1.350|edge_zoom=0.895|bounds
276,159.6,541.7,interp,0.38,408.7,584.5,79.9,0.0,657.5,1168.9,1,54.9,0,1,shot_pb=1.00|flight_commit=1.00|person_ctx=4|pb_zfit|keepin_prop=0.01|keepin_zoom=1.350|edge_zoom=0.894|bounds
277,150.3,540.6,interp,0.38,402.0,584.5,73.2,0.0,657.5,1168.9,1,52.3,0,1,shot_pb=1.00|flight_commit=1.00|pb_zfit|keepin_prop=0.02|keepin_zoom=1.350|edge_zoom=0.894|bounds
278,142.0,539.6,interp,0.38,395.9,584.5,67.2,0.0,657.5,1168.9,1,50.1,0,1,shot_pb=1.00|flight_commit=1.00|pb_zfit|keepin_prop=0.02|keepin_zoom=1.350|edge_zoom=0.894|bounds
279,134.7,538.6,interp,0.38,390.7,584.5,61.9,0.0,657.5,1168.9,1,48.0,0,1,shot_pb=1.00|flight_commit=1.00|pb_zfit|keepin_prop=0.03|keepin_zoom=1.350|edge_zoom=0.894|bounds
280,128.6,537.6,interp,0.38,386.3,584.5,57.5,0.0,657.5,1168.9,1,46.3,0,1,shot_pb=1.00|flight_commit=1.00|pb_zfit|keepin_prop=0.04|keepin_zoom=1.350|edge_zoom=0.895|bounds
281,123.6,536.7,interp,0.38,382.7,584.5,54.0,0.0,657.5,1168.9,1,44.9,0,1,shot_pb=1.00|flight_commit=1.00|pb_zfit|keepin_prop=0.04|keepin_zoom=1.350|edge_zoom=0.896|bounds
282,119.9,535.8,interp,0.38,380.2,584.5,51.4,0.0,657.5,1168.9,1,43.7,0,1,shot_pb=1.00|flight_commit=1.00|pb_zfit|keepin_prop=0.05|keepin_zoom=1.350|edge_zoom=0.898|bounds
283,117.6,534.9,interp,0.38,378.7,584.5,49.9,0.0,657.5,1168.9,1,42.9,0,1,shot_pb=1.00|flight_commit=1.00|pb_zfit|keepin_prop=0.04|keepin_zoom=1.350|edge_zoom=0.901|bounds
284,116.7,534.0,interp,0.38,378.2,584.5,49.4,0.0,657.5,1168.9,1,42.5,0,0,shot_pb=1.00|flight_commit=1.00|pb_zfit|edge_zoom=0.980|bounds
285,117.3,533.0,yolo,0.30,378.7,584.5,49.9,0.0,657.5,1168.9,1,42.6,0,0,shot_pb=1.00|flight_commit=1.00|pb_zfit|edge_zoom=0.837|bounds
286,119.8,531.8,yolo,0.30,380.3,584.5,51.5,0.0,657.5,1168.9,1,43.5,1,0,shot_pb=1.00|flight_commit=1.00|pb_zfit|speed|edge_zoom=0.757|bounds
287,124.1,530.5,yolo,0.37,382.8,584.5,54.1,0.0,657.5,1168.9,1,45.3,1,0,shot_pb=1.00|flight_commit=1.00|pb_zfit|speed|edge_zoom=0.762|bounds
288,129.8,529.0,yolo,0.46,386.3,584.5,57.6,0.0,657.5,1168.9,1,47.5,1,0,shot_pb=1.00|flight_commit=1.00|pb_zfit|speed|edge_zoom=0.765|bounds
289,136.7,527.1,yolo,0.40,390.8,584.5,62.0,0.0,657.5,1168.9,1,49.9,1,0,shot_pb=1.00|flight_commit=1.00|pb_zfit|speed|edge_zoom=0.768|bounds
290,144.5,524.8,yolo,0.43,396.0,584.5,67.2,0.0,657.5,1168.9,1,52.5,1,0,shot_pb=1.00|flight_commit=1.00|pb_zfit|speed|edge_zoom=0.771|bounds
291,152.9,522.2,yolo,0.42,402.0,584.5,73.2,0.0,657.5,1168.9,1,54.9,1,0,shot_pb=1.00|flight_commit=1.00|person_ctx=4|pb_zfit|speed|edge_zoom=0.772|bounds
292,161.1,519.4,interp,0.38,408.7,584.5,79.9,0.0,657.5,1168.9,1,56.4,1,0,shot_pb=1.00|flight_commit=1.00|pb_zfit|speed|edge_zoom=0.772|bounds
293,169.6,516.3,yolo,0.45,416.0,584.5,87.2,0.0,657.5,1168.9,1,57.6,1,0,shot_pb=1.00|flight_commit=1.00|person_ctx=4|pb_zfit|speed|edge_zoom=0.773|bounds
294,179.1,512.6,yolo,0.42,423.9,584.5,95.1,0.0,657.5,1168.9,1,59.2,1,0,shot_pb=1.00|flight_commit=1.00|person_ctx=4|pb_zfit|speed|edge_zoom=0.775|bounds
295,188.0,508.4,interp,0.38,432.3,584.5,103.5,0.0,657.5,1168.9,1,59.7,0,0,shot_pb=1.00|flight_commit=1.00|person_ctx=4|pb_zfit|edge_zoom=0.778|bounds
296,196.9,503.7,yolo,0.42,441.1,584.5,112.3,0.0,657.5,1168.9,1,59.8,0,0,shot_pb=1.00|flight_commit=1.00|pb_zfit|edge_zoom=0.783|bounds
297,205.9,497.5,interp,0.38,450.4,584.5,121.6,0.0,657.5,1168.9,1,59.5,0,0,shot_pb=1.00|flight_commit=1.00|pb_zfit|edge_zoom=0.794|bounds
298,215.1,491.0,yolo,0.40,460.0,584.5,131.3,0.0,657.5,1168.9,1,59.1,0,0,shot_pb=1.00|flight_commit=1.00|pb_zfit|edge_zoom=0.797|bounds
299,225.3,482.9,yolo,0.41,470.1,584.5,141.3,0.0,657.5,1168.9,1,59.2,0,0,shot_pb=1.00|flight_commit=1.00|pb_zfit|edge_zoom=0.807|bounds
300,234.9,477.2,interp,0.38,480.5,584.5,151.7,0.0,657.5,1168.9,1,58.4,0,0,shot_pb=1.00|flight_commit=1.00|pb_zfit|edge_zoom=0.794|bounds
301,244.8,472.9,yolo,0.37,491.3,584.5,162.5,0.0,657.5,1168.9,1,57.5,0,0,shot_pb=1.00|flight_commit=1.00|pb_zfit|edge_zoom=0.788|bounds
302,255.6,471.6,yolo,0.35,502.3,584.5,173.6,0.0,657.5,1168.9,1,57.3,0,0,shot_pb=1.00|flight_commit=1.00|pb_zfit|edge_zoom=0.778|bounds
303,267.1,473.2,yolo,0.43,513.7,584.5,185.0,0.0,657.5,1168.9,1,57.4,0,0,shot_pb=1.00|flight_commit=1.00|pb_zfit|edge_zoom=0.782|bounds
304,279.9,475.3,yolo,0.48,525.4,584.5,196.6,0.0,657.5,1168.9,1,58.5,0,0,shot_pb=1.00|flight_commit=1.00|pb_zfit|edge_zoom=0.787|bounds
305,293.2,477.4,yolo,0.56,537.3,584.5,208.6,0.0,657.5,1168.9,1,59.9,0,0,shot_pb=1.00|flight_commit=1.00|pb_zfit|edge_zoom=0.790|bounds
306,306.5,479.4,yolo,0.52,549.5,584.5,220.7,0.0,657.5,1168.9,1,61.0,0,0,shot_pb=1.00|flight_commit=1.00|pb_zfit|edge_zoom=0.792|bounds
307,319.1,481.1,interp,0.38,561.9,584.5,233.1,0.0,657.5,1168.9,1,61.2,0,0,shot_pb=1.00|flight_commit=1.00|pb_zfit|edge_zoom=0.792|bounds
308,332.0,482.7,yolo,0.44,574.4,584.5,245.6,0.0,657.5,1168.9,1,61.6,0,0,shot_pb=1.00|flight_commit=1.00|pb_zfit|edge_zoom=0.795|bounds
309,346.4,484.2,yolo,0.55,587.0,584.5,258.2,0.0,657.5,1168.9,1,63.4,0,0,shot_pb=1.00|flight_commit=1.00|pb_zfit|edge_zoom=0.799|bounds
310,361.4,485.4,yolo,0.56,599.7,584.5,270.9,0.0,657.5,1168.9,1,65.7,0,0,shot_pb=1.00|flight_commit=1.00|pb_zfit|edge_zoom=0.803|bounds
311,376.3,486.1,yolo,0.48,612.3,584.5,283.6,0.0,657.5,1168.9,1,68.0,0,0,shot_pb=1.00|flight_commit=1.00|pb_zfit|edge_zoom=0.805|bounds
312,390.5,486.5,yolo,0.52,625.0,584.5,296.2,0.0,657.5,1168.9,1,69.5,0,0,shot_pb=1.00|flight_commit=1.00|pb_zfit|edge_zoom=0.805|bounds
313,403.7,486.6,yolo,0.49,637.6,584.5,308.8,0.0,657.5,1168.9,1,70.1,0,0,shot_pb=1.00|flight_commit=1.00|pb_zfit|edge_zoom=0.805|bounds
314,415.7,486.3,interp,0.38,650.1,584.5,321.4,0.0,657.5,1168.9,1,69.6,0,0,shot_pb=1.00|flight_commit=1.00|pb_zfit|edge_zoom=0.805|bounds
315,427.3,485.9,yolo,0.56,662.5,584.5,333.8,0.0,657.5,1168.9,1,68.8,0,0,shot_pb=1.00|flight_commit=1.00|pb_zfit|edge_zoom=0.806|bounds
316,439.6,485.2,yolo,0.61,674.8,584.5,346.1,0.0,657.5,1168.9,1,68.8,0,0,shot_pb=1.00|flight_commit=1.00|pb_zfit|edge_zoom=0.810|bounds
317,451.8,484.5,yolo,0.61,687.0,584.5,358.2,0.0,657.5,1168.9,1,68.8,0,0,shot_pb=1.00|flight_commit=1.00|pb_zfit|edge_zoom=0.812|bounds
318,463.5,483.7,yolo,0.60,699.0,584.5,370.2,0.0,657.5,1168.9,1,68.5,0,0,shot_pb=1.00|flight_commit=1.00|pb_zfit|edge_zoom=0.813|bounds
319,474.8,482.8,yolo,0.59,710.9,584.5,382.1,0.0,657.5,1168.9,1,67.9,0,0,shot_pb=1.00|flight_commit=1.00|pb_zfit|edge_zoom=0.814|bounds
320,486.1,481.9,yolo,0.58,722.7,584.5,393.9,0.0,657.5,1168.9,1,67.4,0,0,shot_pb=1.00|flight_commit=1.00|pb_zfit|edge_zoom=0.816|bounds
321,497.5,481.1,yolo,0.50,734.3,584.5,405.6,0.0,657.5,1168.9,1,67.2,0,0,shot_pb=1.00|flight_commit=1.00|pb_zfit|edge_zoom=0.818|bounds
322,508.0,480.2,interp,0.38,745.9,584.5,417.1,0.0,657.5,1168.9,1,66.1,0,0,shot_pb=1.00|flight_commit=1.00|pb_zfit|edge_zoom=0.818|bounds
323,518.5,479.4,yolo,0.46,757.4,584.5,428.6,0.0,657.5,1168.9,1,65.1,0,0,shot_pb=1.00|flight_commit=1.00|pb_zfit|edge_zoom=0.820|bounds
324,529.6,478.3,yolo,0.54,768.8,584.5,440.0,0.0,657.5,1168.9,1,64.8,0,0,shot_pb=1.00|flight_commit=1.00|pb_zfit|edge_zoom=0.823|bounds
325,541.2,477.3,yolo,0.53,780.1,584.5,451.3,0.0,657.5,1168.9,1,65.1,0,0,shot_pb=1.00|flight_commit=1.00|pb_zfit|edge_zoom=0.826|bounds
326,552.6,476.2,interp,0.38,791.3,584.5,462.5,0.0,657.5,1168.9,1,65.3,0,0,shot_pb=1.00|flight_commit=1.00|pb_zfit|edge_zoom=0.828|bounds
327,564.1,475.1,interp,0.38,802.5,584.5,473.7,0.0,657.5,1168.9,1,65.6,0,0,shot_pb=1.00|flight_commit=1.00|pb_zfit|edge_zoom=0.830|bounds
328,575.6,474.0,interp,0.38,813.5,584.5,484.7,0.0,657.5,1168.9,1,66.1,0,0,shot_pb=1.00|flight_commit=1.00|pb_zfit|edge_zoom=0.832|bounds
329,587.1,472.8,interp,0.38,824.4,584.5,495.6,0.0,657.5,1168.9,1,66.7,0,0,shot_pb=1.00|flight_commit=1.00|pb_zfit|edge_zoom=0.834|bounds
330,598.5,471.7,interp,0.38,835.2,584.5,506.4,0.0,657.5,1168.9,1,67.3,0,0,shot_pb=1.00|flight_commit=1.00|pb_zfit|edge_zoom=0.836|bounds
331,610.0,470.5,interp,0.38,845.7,584.5,517.0,0.0,657.5,1168.9,1,68.3,0,0,shot_pb=1.00|flight_commit=1.00|pb_zfit|edge_zoom=0.838|bounds
332,621.3,469.4,interp,0.38,856.1,584.5,527.3,0.0,657.5,1168.9,1,69.2,0,0,shot_pb=1.00|flight_commit=1.00|pb_zfit|edge_zoom=0.839|bounds
333,632.5,468.2,interp,0.38,866.2,584.5,537.4,0.0,657.5,1168.9,1,70.3,0,0,shot_pb=1.00|flight_commit=1.00|pb_zfit|edge_zoom=0.841|bounds
334,643.6,467.1,interp,0.38,875.9,584.5,547.2,0.0,657.5,1168.9,1,71.7,0,0,shot_pb=1.00|flight_commit=1.00|pb_zfit|edge_zoom=0.843|bounds
335,654.5,466.0,interp,0.38,885.4,584.5,556.6,0.0,657.5,1168.9,1,73.1,0,0,shot_pb=1.00|flight_commit=1.00|pb_zfit|edge_zoom=0.844|bounds
336,665.2,464.9,interp,0.38,894.5,584.5,565.7,0.0,657.5,1168.9,1,74.7,0,0,shot_pb=1.00|flight_commit=1.00|pb_zfit|edge_zoom=0.846|bounds
337,675.6,463.9,interp,0.38,903.2,584.5,574.5,0.0,657.5,1168.9,1,76.4,0,0,shot_pb=1.00|flight_commit=1.00|pb_zfit|edge_zoom=0.847|bounds
338,685.6,462.9,interp,0.38,911.6,584.5,582.8,0.0,657.5,1168.9,1,78.0,0,0,shot_pb=1.00|flight_commit=1.00|pb_zfit|edge_zoom=0.848|bounds
339,695.1,461.9,interp,0.38,919.6,584.5,590.8,0.0,657.5,1168.9,1,79.5,0,0,shot_pb=1.00|flight_commit=1.00|pb_zfit|edge_zoom=0.849|bounds
340,704.1,461.0,interp,0.38,927.2,584.5,598.4,0.0,657.5,1168.9,1,80.9,0,0,shot_pb=1.00|flight_commit=1.00|pb_zfit|edge_zoom=0.849|bounds
341,712.3,460.2,interp,0.38,934.4,584.5,605.7,0.0,657.5,1168.9,1,81.9,0,0,shot_pb=1.00|flight_commit=1.00|pb_zfit|edge_zoom=0.849|bounds
342,719.7,459.5,interp,0.38,941.3,584.5,612.5,0.0,657.5,1168.9,1,82.4,0,0,shot_pb=1.00|flight_commit=1.00|pb_zfit|edge_zoom=0.848|bounds
343,715.1,460.0,interp,0.38,947.8,584.5,619.0,0.0,657.5,1168.9,1,71.3,0,0,shot_pb=1.00|flight_commit=1.00|pb_zfit|edge_zoom=0.969|bounds
344,735.5,458.0,yolo,0.37,953.8,584.5,625.0,0.0,657.5,1168.9,1,85.7,0,0,accel_zoom=0.936|shot_pb=1.00|flight_commit=1.00|pb_zfit|edge_zoom=0.961|bounds
345,742.3,457.4,interp,0.38,959.3,584.5,630.5,0.0,657.5,1168.9,1,87.0,0,0,shot_pb=1.00|flight_commit=1.00|pb_zfit|edge_zoom=0.897|bounds
346,748.0,457.0,yolo,0.37,964.3,584.5,635.5,0.0,657.5,1168.9,1,87.7,0,0,shot_pb=1.00|flight_commit=1.00|pb_zfit|edge_zoom=0.849|bounds
347,752.7,456.7,yolo,0.41,968.6,584.5,639.9,0.0,657.5,1168.9,1,88.1,0,1,shot_pb=1.00|flight_commit=1.00|pb_zfit|keepin_prop=0.00|keepin_zoom=1.350|edge_zoom=0.963|bounds
348,756.8,456.5,yolo,0.43,972.2,584.5,643.4,0.0,657.5,1168.9,1,88.6,0,0,shot_pb=1.00|flight_commit=1.00|pb_zfit|edge_zoom=0.890|bounds
349,760.6,456.4,yolo,0.38,974.9,584.5,646.1,0.0,657.5,1168.9,1,89.7,0,1,shot_pb=1.00|flight_commit=1.00|pb_zfit|keepin_prop=0.00|keepin_zoom=1.350|edge_zoom=0.963|bounds
350,764.3,456.3,yolo,0.38,976.6,584.5,647.9,0.0,657.5,1168.9,1,91.7,0,0,shot_pb=1.00|flight_commit=1.00|pb_zfit|edge_zoom=0.890|bounds
351,768.2,456.0,interp,0.38,977.3,584.5,648.5,0.0,657.5,1168.9,1,94.9,0,1,shot_pb=1.00|flight_commit=1.00|pb_zfit|keepin_prop=0.00|keepin_zoom=1.350|edge_zoom=0.963|bounds
352,772.3,455.6,yolo,0.38,976.7,584.5,648.0,0.0,657.5,1168.9,1,99.6,0,0,shot_pb=1.00|flight_commit=1.00|pb_zfit|edge_zoom=0.895|bounds
353,777.1,454.9,yolo,0.44,975.0,584.5,646.2,0.0,657.5,1168.9,1,106.1,0,1,shot_pb=1.00|flight_commit=1.00|pb_zfit|keepin_prop=0.00|keepin_zoom=1.350|edge_zoom=0.963|bounds
354,782.4,454.2,yolo,0.45,972.1,584.5,643.3,0.0,657.5,1168.9,1,114.3,0,0,shot_pb=1.00|flight_commit=1.00|pb_zfit|edge_zoom=0.904|bounds
355,792.5,453.0,interp,0.38,968.0,584.5,639.3,0.0,657.5,1168.9,1,128.5,0,1,shot_pb=1.00|flight_commit=1.00|pb_zfit|keepin_prop=0.00|keepin_zoom=1.350|edge_zoom=0.962|bounds
356,802.0,451.9,yolo,0.40,963.0,584.5,634.2,0.0,657.5,1168.9,1,143.0,0,0,shot_pb=1.00|flight_commit=1.00|pb_zfit|edge_zoom=0.931|bounds
357,807.6,451.0,yolo,0.35,957.0,584.5,628.2,0.0,657.5,1168.9,1,154.6,0,1,shot_pb=1.00|flight_commit=1.00|pb_zfit|keepin_prop=0.01|keepin_zoom=1.350|edge_zoom=0.961|bounds
358,804.6,451.0,yolo,0.42,950.4,584.5,621.6,0.0,657.5,1168.9,1,158.2,0,0,shot_pb=1.00|flight_commit=1.00|pb_zfit|edge_zoom=0.961|bounds
359,800.6,451.4,yolo,0.49,943.2,584.5,614.5,0.0,657.5,1168.9,1,161.4,0,0,shot_pb=1.00|flight_commit=1.00|pb_zfit|edge_zoom=0.965|bounds
360,797.1,452.2,yolo,0.54,935.9,584.5,607.1,0.0,657.5,1168.9,1,165.2,0,1,shot_pb=1.00|flight_commit=1.00|pb_zfit|keepin_prop=0.03|keepin_zoom=1.350|edge_zoom=0.960|bounds
361,794.6,453.2,interp,0.38,928.4,584.5,599.7,0.0,657.5,1168.9,1,170.2,0,0,shot_pb=1.00|flight_commit=1.00|pb_zfit|edge_zoom=0.975|bounds
362,792.1,454.5,yolo,0.47,921.1,584.5,592.3,0.0,657.5,1168.9,1,175.0,0,1,shot_pb=1.00|flight_commit=1.00|pb_zfit|keepin_prop=0.05|keepin_zoom=1.350|edge_zoom=0.962|bounds
363,789.8,456.0,yolo,0.46,914.0,584.5,585.3,0.0,657.5,1168.9,1,179.8,0,1,shot_pb=1.00|flight_commit=1.00|pb_zfit|keepin_prop=0.00|keepin_zoom=1.350|edge_zoom=0.963|bounds
364,787.7,457.6,yolo,0.45,907.4,584.5,578.6,0.0,657.5,1168.9,1,184.3,0,0,shot_pb=1.00|flight_commit=1.00|pb_zfit|edge_zoom=0.984|bounds
365,785.5,458.8,yolo,0.41,901.2,584.5,572.4,0.0,657.5,1168.9,1,188.3,0,1,shot_pb=1.00|flight_commit=1.00|pb_zfit|keepin_prop=0.02|keepin_zoom=1.350|edge_zoom=0.965|bounds
366,782.9,459.9,yolo,0.43,895.5,584.5,566.7,0.0,657.5,1168.9,1,191.4,0,1,shot_pb=1.00|flight_commit=1.00|pb_zfit|keepin_prop=0.00|keepin_zoom=1.350|edge_zoom=0.965|bounds
367,779.6,460.7,yolo,0.48,890.4,584.5,561.7,0.0,657.5,1168.9,1,193.2,0,0,shot_pb=1.00|flight_commit=1.00|pb_zfit|edge_zoom=0.973|bounds
368,775.3,461.2,yolo,0.52,886.1,584.5,557.3,0.0,657.5,1168.9,1,193.2,0,1,shot_pb=1.00|flight_commit=1.00|pb_zfit|keepin_prop=0.07|keepin_zoom=1.350|edge_zoom=0.962|bounds
369,770.0,462.0,yolo,0.53,882.4,584.5,553.6,0.0,657.5,1168.9,1,191.6,0,1,shot_pb=1.00|flight_commit=1.00|pb_zfit|keepin_prop=0.00|keepin_zoom=1.350|edge_zoom=0.965|bounds
370,760.9,463.6,interp,0.38,879.6,584.5,550.8,0.0,657.5,1168.9,1,185.3,0,0,shot_pb=1.00|flight_commit=1.00|pb_zfit|edge_zoom=0.972|bounds
371,750.9,465.2,interp,0.38,877.6,584.5,548.9,0.0,657.5,1168.9,1,177.3,0,1,shot_pb=1.00|flight_commit=1.00|pb_zfit|keepin_prop=0.04|keepin_zoom=1.350|edge_zoom=0.965|bounds
372,740.5,466.8,interp,0.38,876.7,584.5,548.0,0.0,657.5,1168.9,1,167.8,0,0,shot_pb=1.00|flight_commit=1.00|pb_zfit|edge_zoom=0.973|bounds
373,730.3,468.2,interp,0.38,876.9,584.5,548.2,0.0,657.5,1168.9,1,157.4,0,1,shot_pb=1.00|flight_commit=1.00|pb_zfit|keepin_prop=0.07|keepin_zoom=1.350|edge_zoom=0.964|bounds
374,720.8,469.3,yolo,0.45,878.3,584.5,549.6,0.0,657.5,1168.9,1,146.5,0,1,shot_pb=1.00|flight_commit=1.00|pb_zfit|keepin_prop=0.00|keepin_zoom=1.350|edge_zoom=0.968|bounds
375,713.6,469.2,interp,0.38,881.0,584.5,552.2,0.0,657.5,1168.9,1,136.6,0,0,shot_pb=1.00|flight_commit=1.00|pb_zfit|edge_zoom=0.968|bounds
376,707.8,468.8,yolo,0.43,884.9,584.5,556.1,0.0,657.5,1168.9,1,126.9,0,1,shot_pb=1.00|flight_commit=1.00|pb_zfit|keepin_prop=0.05|keepin_zoom=1.350|edge_zoom=0.966|bounds
377,705.3,468.1,interp,0.38,890.1,584.5,561.3,0.0,657.5,1168.9,1,119.2,0,1,shot_pb=1.00|flight_commit=1.00|pb_zfit|keepin_prop=0.00|keepin_zoom=1.350|edge_zoom=0.968|bounds
378,704.3,467.2,interp,0.38,896.4,584.5,567.7,0.0,657.5,1168.9,1,111.9,0,0,shot_pb=1.00|flight_commit=1.00|pb_zfit|edge_zoom=0.945|bounds
379,704.6,466.1,interp,0.38,903.8,584.5,575.0,0.0,657.5,1168.9,1,104.8,0,0,shot_pb=1.00|flight_commit=1.00|pb_zfit|edge_zoom=0.934|bounds
380,706.0,464.9,interp,0.38,912.1,584.5,583.3,0.0,657.5,1168.9,1,97.9,0,0,shot_pb=1.00|flight_commit=1.00|pb_zfit|edge_zoom=0.945|bounds
381,708.5,463.7,interp,0.38,921.1,584.5,592.3,0.0,657.5,1168.9,1,91.4,0,0,shot_pb=1.00|flight_commit=1.00|pb_zfit|edge_zoom=0.926|bounds
382,712.0,462.5,yolo,0.38,930.5,584.5,601.8,0.0,657.5,1168.9,1,85.5,0,0,shot_pb=1.00|flight_commit=1.00|pb_zfit|edge_zoom=0.848|bounds
383,716.8,461.3,interp,0.38,940.3,584.5,611.6,0.0,657.5,1168.9,1,80.5,0,0,shot_pb=1.00|flight_commit=1.00|pb_zfit|edge_zoom=0.846|bounds
384,722.6,460.2,interp,0.38,950.2,584.5,621.5,0.0,657.5,1168.9,1,76.4,0,0,shot_pb=1.00|flight_commit=1.00|pb_zfit|edge_zoom=0.848|bounds
385,729.4,459.1,interp,0.38,960.1,584.5,631.3,0.0,657.5,1168.9,1,73.3,0,0,shot_pb=1.00|flight_commit=1.00|pb_zfit|edge_zoom=0.850|bounds
386,737.3,457.9,interp,0.38,969.8,584.5,641.0,0.0,657.5,1168.9,1,71.5,0,0,shot_pb=1.00|flight_commit=1.00|pb_zfit|edge_zoom=0.854|bounds
387,746.2,456.8,yolo,0.39,979.2,584.5,650.4,0.0,657.5,1168.9,1,71.0,0,0,shot_pb=1.00|flight_commit=1.00|pb_zfit|edge_zoom=0.857|bounds
388,759.4,455.2,yolo,0.48,988.2,584.5,659.4,0.0,657.5,1168.9,1,75.2,0,0,shot_pb=1.00|flight_commit=1.00|pb_zfit|edge_zoom=0.869|bounds
389,771.8,453.9,yolo,0.47,996.8,584.5,668.0,0.0,657.5,1168.9,1,79.0,0,0,shot_pb=1.00|flight_commit=1.00|pb_zfit|edge_zoom=0.870|bounds
390,783.0,453.2,yolo,0.53,1004.9,584.5,676.1,0.0,657.5,1168.9,1,82.1,0,1,shot_pb=1.00|flight_commit=1.00|pb_zfit|keepin_prop=0.00|keepin_zoom=1.350|edge_zoom=0.962|bounds
391,793.0,452.7,yolo,0.54,1012.4,584.5,683.6,0.0,657.5,1168.9,1,84.6,0,0,shot_pb=1.00|flight_commit=1.00|pb_zfit|edge_zoom=0.929|bounds
392,801.6,452.5,yolo,0.54,1019.3,584.5,690.5,0.0,657.5,1168.9,1,86.3,0,1,shot_pb=1.00|flight_commit=1.00|pb_zfit|keepin_prop=0.00|keepin_zoom=1.350|edge_zoom=0.962|bounds
393,809.3,452.5,yolo,0.59,1025.5,584.5,696.7,0.0,657.5,1168.9,1,87.8,0,0,shot_pb=1.00|flight_commit=1.00|pb_zfit|edge_zoom=0.925|bounds
394,816.1,452.6,yolo,0.59,1030.9,584.5,702.2,0.0,657.5,1168.9,1,89.2,0,1,shot_pb=1.00|flight_commit=1.00|pb_zfit|keepin_prop=0.01|keepin_zoom=1.350|edge_zoom=0.961|bounds
395,822.4,452.5,yolo,0.56,1035.5,584.5,706.8,0.0,657.5,1168.9,1,90.9,0,0,shot_pb=1.00|flight_commit=1.00|pb_zfit|edge_zoom=0.923|bounds
396,828.1,452.4,yolo,0.53,1039.1,584.5,710.3,0.0,657.5,1168.9,1,93.0,0,1,shot_pb=1.00|flight_commit=1.00|pb_zfit|keepin_prop=0.02|keepin_zoom=1.350|edge_zoom=0.961|bounds
397,833.4,452.1,yolo,0.49,1041.6,584.5,712.8,0.0,657.5,1168.9,1,95.8,0,0,shot_pb=1.00|flight_commit=1.00|pb_zfit|edge_zoom=0.924|bounds
398,838.2,451.6,yolo,0.43,1042.9,584.5,714.1,0.0,657.5,1168.9,1,99.3,0,1,shot_pb=1.00|flight_commit=1.00|pb_zfit|keepin_prop=0.02|keepin_zoom=1.350|edge_zoom=0.960|bounds
399,842.5,451.0,yolo,0.47,1042.9,584.5,714.1,0.0,657.5,1168.9,1,103.6,0,0,shot_pb=1.00|flight_commit=1.00|pb_zfit|edge_zoom=0.924|bounds
400,846.4,450.3,yolo,0.47,1041.5,584.5,712.7,0.0,657.5,1168.9,1,108.9,0,1,shot_pb=1.00|flight_commit=1.00|pb_zfit|keepin_prop=0.03|keepin_zoom=1.350|edge_zoom=0.960|bounds
401,849.8,449.4,yolo,0.53,1038.7,584.5,709.9,0.0,657.5,1168.9,1,115.1,0,0,shot_pb=1.00|flight_commit=1.00|pb_zfit|edge_zoom=0.929|bounds
402,852.7,448.5,yolo,0.46,1034.5,584.5,705.7,0.0,657.5,1168.9,1,122.2,0,1,shot_pb=1.00|flight_commit=1.00|pb_zfit|keepin_prop=0.03|keepin_zoom=1.350|edge_zoom=0.959|bounds
403,855.0,447.5,yolo,0.44,1029.0,584.5,700.3,0.0,657.5,1168.9,1,130.0,0,0,shot_pb=1.00|flight_commit=1.00|pb_zfit|edge_zoom=0.936|bounds
404,856.0,447.0,interp,0.38,1022.4,584.5,693.7,0.0,657.5,1168.9,1,137.6,0,1,shot_pb=1.00|flight_commit=1.00|pb_zfit|keepin_prop=0.02|keepin_zoom=1.350|edge_zoom=0.959|bounds
405,856.3,446.5,interp,0.38,1014.8,584.5,686.0,0.0,657.5,1168.9,1,145.5,0,0,shot_pb=1.00|flight_commit=1.00|pb_zfit|edge_zoom=0.932|bounds
406,855.9,446.1,interp,0.38,1006.5,584.5,677.7,0.0,657.5,1168.9,1,153.4,0,0,shot_pb=1.00|flight_commit=1.00|pb_zfit|edge_zoom=0.935|bounds
407,854.9,445.8,yolo,0.51,997.6,584.5,668.9,0.0,657.5,1168.9,1,161.3,0,0,shot_pb=1.00|flight_commit=1.00|pb_zfit|edge_zoom=0.950|bounds
408,852.6,445.7,yolo,0.54,988.5,584.5,659.8,0.0,657.5,1168.9,1,168.1,0,0,shot_pb=1.00|flight_commit=1.00|pb_zfit|edge_zoom=0.958|bounds
409,849.6,445.6,yolo,0.56,979.5,584.5,650.7,0.0,657.5,1168.9,1,174.1,0,1,shot_pb=1.00|flight_commit=1.00|pb_zfit|keepin_prop=0.10|keepin_zoom=1.350|edge_zoom=0.953|bounds
410,846.0,445.4,yolo,0.61,970.7,584.5,641.9,0.0,657.5,1168.9,1,179.3,0,1,shot_pb=1.00|flight_commit=1.00|pb_zfit|keepin_prop=0.01|keepin_zoom=1.350|edge_zoom=0.959|bounds
411,842.3,445.0,yolo,0.63,962.2,584.5,633.5,0.0,657.5,1168.9,1,184.1,0,0,shot_pb=1.00|flight_commit=1.00|pb_zfit|edge_zoom=0.955|bounds
412,838.6,444.3,yolo,0.63,954.3,584.5,625.6,0.0,657.5,1168.9,1,188.3,0,1,shot_pb=1.00|flight_commit=1.00|pb_zfit|keepin_prop=0.08|keepin_zoom=1.350|edge_zoom=0.954|bounds
413,834.8,443.7,yolo,0.61,947.0,584.5,618.2,0.0,657.5,1168.9,1,191.8,0,1,shot_pb=1.00|flight_commit=1.00|pb_zfit|keepin_prop=0.00|keepin_zoom=1.350|edge_zoom=0.958|bounds
414,831.3,443.0,yolo,0.53,940.3,584.5,611.5,0.0,657.5,1168.9,1,195.0,0,0,shot_pb=1.00|flight_commit=1.00|pb_zfit|edge_zoom=0.952|bounds
415,828.0,442.2,yolo,0.52,934.1,584.5,605.4,0.0,657.5,1168.9,1,197.9,0,1,shot_pb=1.00|flight_commit=1.00|pb_zfit|keepin_prop=0.07|keepin_zoom=1.350|edge_zoom=0.954|bounds
416,824.8,441.5,yolo,0.51,928.5,584.5,599.8,0.0,657.5,1168.9,1,200.3,0,1,shot_pb=1.00|flight_commit=1.00|pb_zfit|keepin_prop=0.00|keepin_zoom=1.350|edge_zoom=0.958|bounds
417,822.0,441.1,yolo,0.59,923.4,584.5,594.6,0.0,657.5,1168.9,1,202.6,0,0,shot_pb=1.00|flight_commit=1.00|pb_zfit|edge_zoom=0.952|bounds
418,819.5,440.9,yolo,0.61,918.6,584.5,589.8,0.0,657.5,1168.9,1,204.9,0,1,shot_pb=1.00|flight_commit=1.00|pb_zfit|keepin_prop=0.08|keepin_zoom=1.350|edge_zoom=0.952|bounds
419,817.3,441.1,yolo,0.56,914.1,584.5,585.4,0.0,657.5,1168.9,1,207.2,0,1,shot_pb=1.00|flight_commit=1.00|pb_zfit|keepin_prop=0.01|keepin_zoom=1.350|edge_zoom=0.957|bounds
420,815.1,441.6,interp,0.38,910.0,584.5,581.2,0.0,657.5,1168.9,1,209.1,0,0,shot_pb=1.00|flight_commit=1.00|pb_zfit|edge_zoom=0.967|bounds
421,813.0,442.5,yolo,0.50,906.1,584.5,577.3,0.0,657.5,1168.9,1,210.9,0,1,shot_pb=1.00|flight_commit=1.00|pb_zfit|keepin_prop=0.06|keepin_zoom=1.350|edge_zoom=0.955|bounds
422,810.7,443.9,yolo,0.46,902.5,584.5,573.7,0.0,657.5,1168.9,1,212.2,0,0,shot_pb=1.00|flight_commit=1.00|pb_zfit|edge_zoom=0.976|bounds
423,808.3,445.6,yolo,0.48,899.2,584.5,570.4,0.0,657.5,1168.9,1,213.1,0,1,shot_pb=1.00|flight_commit=1.00|pb_zfit|keepin_prop=0.02|keepin_zoom=1.350|edge_zoom=0.971|bounds
424,805.7,447.7,yolo,0.54,896.3,584.5,567.5,0.0,657.5,1168.9,1,213.4,0,0,shot_pb=1.00|flight_commit=1.00|pb_zfit|edge_zoom=0.985|bounds
425,802.6,450.1,yolo,0.49,894.0,584.5,565.2,0.0,657.5,1168.9,1,212.6,0,1,shot_pb=1.00|flight_commit=1.00|pb_zfit|keepin_prop=0.01|keepin_zoom=1.350|edge_zoom=0.977|bounds
426,798.8,453.1,yolo,0.47,892.3,584.5,563.5,0.0,657.5,1168.9,1,210.5,0,1,shot_pb=1.00|flight_commit=1.00|pb_zfit|keepin_prop=0.00|keepin_zoom=1.350|edge_zoom=0.971|bounds
427,794.3,456.6,yolo,0.43,891.5,584.5,562.7,0.0,657.5,1168.9,1,206.8,0,0,shot_pb=1.00|flight_commit=1.00|pb_zfit|edge_zoom=0.985|bounds
428,785.6,462.7,interp,0.38,891.8,584.5,563.0,0.0,657.5,1168.9,1,197.8,0,1,shot_pb=1.00|flight_commit=1.00|pb_zfit|keepin_prop=0.01|keepin_zoom=1.350|edge_zoom=0.973|bounds
429,776.7,469.1,yolo,0.37,893.3,584.5,564.6,0.0,657.5,1168.9,1,187.4,0,0,shot_pb=1.00|flight_commit=1.00|pb_zfit|edge_zoom=0.988|bounds
430,770.5,474.2,interp,0.38,896.4,584.5,567.6,0.0,657.5,1168.9,1,178.1,0,1,shot_pb=1.00|flight_commit=1.00|pb_zfit|keepin_prop=0.00|keepin_zoom=1.350|edge_zoom=0.983|bounds
431,765.0,479.0,interp,0.38,901.1,584.5,572.4,0.0,657.5,1168.9,1,167.9,0,0,shot_pb=1.00|flight_commit=1.00|pb_zfit|edge_zoom=0.997|bounds
432,760.5,483.6,interp,0.38,907.7,584.5,578.9,0.0,657.5,1168.9,1,156.8,0,0,shot_pb=1.00|flight_commit=1.00|pb_zfit|bounds
433,757.0,487.9,interp,0.38,916.1,584.5,587.4,0.0,657.5,1168.9,1,144.9,0,0,shot_pb=1.00|flight_commit=1.00|pb_zfit|bounds
434,754.8,491.8,interp,0.38,926.5,584.5,597.7,0.0,657.5,1168.9,1,132.3,0,0,shot_pb=1.00|flight_commit=1.00|pb_zfit|bounds
435,754.1,495.1,interp,0.38,938.7,584.5,609.9,0.0,657.5,1168.9,1,119.4,0,0,shot_pb=1.00|flight_commit=1.00|pb_zfit|edge_zoom=0.999|bounds
436,755.4,497.8,interp,0.38,952.7,584.5,623.9,0.0,657.5,1168.9,1,106.7,0,0,shot_pb=1.00|flight_commit=1.00|pb_zfit|edge_zoom=0.990|bounds
437,759.0,499.7,interp,0.38,968.2,584.5,639.4,0.0,657.5,1168.9,1,94.8,0,0,shot_pb=1.00|flight_commit=1.00|pb_zfit|edge_zoom=0.996|bounds
438,765.5,500.5,interp,0.38,985.0,584.5,656.2,0.0,657.5,1168.9,1,84.5,0,0,shot_pb=1.00|flight_commit=1.00|pb_zfit|edge_zoom=0.943|bounds
439,775.7,500.2,yolo,0.34,1002.8,584.5,674.1,0.0,657.5,1168.9,1,76.9,0,1,shot_pb=1.00|flight_commit=1.00|pb_zfit|keepin_prop=0.00|keepin_zoom=1.350|edge_zoom=0.980|bounds
440,794.2,497.5,yolo,0.43,1021.4,584.5,692.6,0.0,657.5,1168.9,1,76.8,0,0,accel_zoom=0.942|shot_pb=1.00|flight_commit=1.00|pb_zfit|edge_zoom=0.952|bounds
441,819.4,491.8,yolo,0.48,1040.4,584.5,711.6,0.0,657.5,1168.9,1,83.0,0,0,accel_zoom=0.921|shot_pb=1.00|flight_commit=1.00|pb_zfit|edge_zoom=0.915|bounds
442,847.1,484.8,yolo,0.47,1059.6,584.5,730.8,0.0,657.5,1168.9,1,91.5,0,0,accel_zoom=0.917|shot_pb=1.00|flight_commit=1.00|pb_zfit|edge_zoom=0.928|bounds
443,874.9,477.5,yolo,0.45,1078.6,584.5,749.9,0.0,657.5,1168.9,1,100.3,0,1,accel_zoom=0.917|shot_pb=1.00|flight_commit=1.00|pb_zfit|keepin_prop=0.00|keepin_zoom=1.350|edge_zoom=0.971|bounds
444,899.4,471.2,interp,0.38,1097.4,584.5,768.6,0.0,657.5,1168.9,1,106.0,0,0,accel_zoom=0.917|shot_pb=1.00|flight_commit=1.00|pb_zfit|edge_zoom=0.961|bounds
445,923.5,464.9,yolo,0.43,1115.6,584.5,786.8,0.0,657.5,1168.9,1,111.9,0,1,accel_zoom=0.917|shot_pb=1.00|flight_commit=1.00|pb_zfit|keepin_prop=0.00|keepin_zoom=1.350|edge_zoom=0.967|bounds
446,948.8,458.3,yolo,0.45,1133.1,584.5,804.3,0.0,657.5,1168.9,1,119.7,0,0,accel_zoom=0.917|shot_pb=1.00|flight_commit=1.00|pb_zfit|edge_zoom=0.955|bounds
447,972.6,452.2,yolo,0.45,1149.8,584.5,821.0,0.0,657.5,1168.9,1,126.8,0,1,accel_zoom=0.917|shot_pb=1.00|flight_commit=1.00|pb_zfit|keepin_prop=0.00|keepin_zoom=1.350|edge_zoom=0.962|bounds
448,994.6,446.6,yolo,0.43,1165.4,584.5,836.7,0.0,657.5,1168.9,1,133.2,0,0,shot_pb=1.00|flight_commit=1.00|pb_zfit|edge_zoom=0.951|bounds
449,1014.7,441.5,yolo,0.46,1180.0,584.5,851.3,0.0,657.5,1168.9,1,138.7,0,1,shot_pb=1.00|flight_commit=1.00|pb_zfit|keepin_prop=0.00|keepin_zoom=1.350|edge_zoom=0.957|bounds
450,1033.0,437.0,yolo,0.42,1193.4,584.5,864.6,0.0,657.5,1168.9,1,143.6,0,0,shot_pb=1.00|flight_commit=1.00|pb_zfit|edge_zoom=0.948|bounds
451,1049.5,433.2,yolo,0.43,1205.4,584.5,876.6,0.0,657.5,1168.9,1,148.1,0,1,shot_pb=1.00|flight_commit=1.00|keepin_prop=0.02|keepin_zoom=1.350|edge_zoom=0.953|bounds
452,1064.3,429.8,yolo,0.43,1216.0,584.5,887.2,0.0,657.5,1168.9,1,152.3,0,0,shot_pb=1.00|flight_commit=1.00|edge_zoom=0.946|bounds
453,1077.0,427.0,interp,0.38,1224.9,584.5,896.2,0.0,657.5,1168.9,1,156.1,0,1,shot_pb=1.00|flight_commit=1.00|keepin_prop=0.05|keepin_zoom=1.350|edge_zoom=0.949|bounds
454,1088.4,424.6,yolo,0.38,1232.2,584.5,903.5,0.0,657.5,1168.9,1,160.2,0,0,shot_pb=1.00|flight_commit=1.00|edge_zoom=0.944|bounds
455,1099.3,422.5,yolo,0.39,1237.7,584.5,909.0,0.0,657.5,1168.9,1,165.6,0,1,shot_pb=1.00|flight_commit=1.00|keepin_prop=0.08|keepin_zoom=1.350|edge_zoom=0.944|bounds
456,1108.5,420.8,interp,0.38,1241.4,584.5,912.6,0.0,657.5,1168.9,1,171.1,0,1,shot_pb=1.00|flight_commit=1.00|keepin_prop=0.00|keepin_zoom=1.350|edge_zoom=0.950|bounds
457,1116.7,419.3,yolo,0.41,1243.1,584.5,914.3,0.0,657.5,1168.9,1,177.6,0,0,shot_pb=1.00|flight_commit=1.00|edge_zoom=0.943|bounds
458,1124.5,418.0,yolo,0.38,1242.9,584.4,914.1,0.0,657.5,1168.9,1,185.6,0,1,shot_pb=1.00|flight_commit=1.00|keepin_prop=0.05|keepin_zoom=1.350|edge_zoom=0.945|bounds
459,1131.0,416.9,yolo,0.42,1240.7,584.4,912.0,0.0,657.5,1168.9,1,194.3,0,1,shot_pb=1.00|flight_commit=1.00|keepin_prop=0.00|keepin_zoom=1.350|edge_zoom=0.948|bounds
460,1136.2,415.9,yolo,0.41,1236.7,584.4,908.0,0.0,657.5,1168.8,1,203.5,0,0,shot_pb=1.00|flight_commit=1.00|edge_zoom=0.941|bounds
461,1139.7,414.7,yolo,0.37,1230.9,584.4,902.2,0.0,657.4,1168.8,1,212.8,0,1,shot_pb=1.00|flight_commit=1.00|keepin_prop=0.06|keepin_zoom=1.350|edge_zoom=0.943|bounds
462,1140.3,413.3,interp,0.38,1223.5,584.4,894.8,0.0,657.4,1168.7,1,220.8,0,0,shot_pb=1.00|flight_commit=1.00|edge_zoom=0.915|bounds
463,1139.4,411.7,interp,0.38,1214.6,584.3,885.9,0.0,657.4,1168.6,1,228.8,0,0,shot_pb=1.00|flight_commit=1.00|edge_zoom=0.917|bounds
464,1137.1,410.2,interp,0.38,1204.4,584.3,875.7,0.0,657.3,1168.6,1,236.7,0,0,shot_pb=1.00|flight_commit=1.00|edge_zoom=0.927|bounds
465,1133.5,408.7,interp,0.38,1193.1,584.2,864.4,0.0,657.3,1168.5,1,244.4,0,0,shot_pb=1.00|flight_commit=1.00|edge_zoom=0.932|bounds
466,1128.5,407.2,yolo,0.33,1180.7,584.2,852.1,0.0,657.2,1168.4,1,251.8,0,1,shot_pb=1.00|flight_commit=1.00|keepin_prop=0.04|keepin_zoom=1.350|edge_zoom=0.941|bounds
467,1121.7,405.9,interp,0.38,1167.5,584.1,838.9,0.0,657.2,1168.3,1,258.2,0,1,shot_pb=1.00|flight_commit=1.00|keepin_prop=0.00|keepin_zoom=1.350|edge_zoom=0.944|bounds
468,1113.6,404.6,interp,0.38,1153.5,584.1,824.9,0.0,657.1,1168.2,1,264.1,0,0,shot_pb=1.00|flight_commit=1.00|person_ctx=4|edge_zoom=0.938|bounds
469,1104.2,403.4,interp,0.38,1138.7,584.1,810.2,0.0,657.1,1168.2,1,269.5,0,1,shot_pb=1.00|flight_commit=1.00|person_ctx=4|keepin_prop=0.03|keepin_zoom=1.350|edge_zoom=0.940|bounds
470,1093.4,402.3,interp,0.38,1123.2,584.1,794.6,0.0,657.1,1168.1,1,274.2,0,0,shot_pb=1.00|flight_commit=1.00|edge_zoom=0.939|bounds
471,1081.1,401.1,interp,0.38,1106.8,584.1,778.2,0.0,657.1,1168.2,1,278.3,0,1,shot_pb=1.00|flight_commit=1.00|keepin_prop=0.09|keepin_zoom=1.350|edge_zoom=0.935|bounds
472,1067.2,400.0,interp,0.38,1089.5,584.1,760.9,0.0,657.1,1168.2,1,281.7,0,1,shot_pb=1.00|flight_commit=1.00|pb_zfit|keepin_prop=0.00|keepin_zoom=1.350|edge_zoom=0.942|bounds
473,1051.3,398.8,interp,0.38,1071.1,584.1,742.6,0.0,657.2,1168.3,1,284.2,0,0,shot_pb=1.00|flight_commit=1.00|person_ctx=4|edge_zoom=0.939|bounds
474,1033.0,397.7,interp,0.38,1051.8,584.2,723.1,0.0,657.2,1168.4,1,285.2,0,1,shot_pb=1.00|flight_commit=1.00|person_ctx=4|keepin_prop=0.01|keepin_zoom=1.350|edge_zoom=0.940|bounds
475,1011.9,396.5,interp,0.38,1031.2,584.2,702.6,0.0,657.3,1168.5,1,284.7,0,0,accel_zoom=0.943|shot_pb=1.00|flight_commit=1.00|pb_zfit|edge_zoom=0.939|bounds
476,987.4,395.3,interp,0.38,1009.6,584.3,680.9,0.0,657.3,1168.6,1,281.8,0,1,accel_zoom=0.933|shot_pb=1.00|flight_commit=1.00|pb_zfit|keepin_prop=0.01|keepin_zoom=1.350|edge_zoom=0.939|bounds
477,958.5,394.0,yolo,0.31,986.9,584.3,658.2,0.0,657.4,1168.6,1,275.6,0,0,accel_zoom=0.921|shot_pb=1.00|flight_commit=1.00|pb_zfit|edge_zoom=0.938|bounds
478,917.4,392.6,yolo,0.28,963.1,584.4,634.4,0.0,657.4,1168.7,1,258.3,0,0,accel_zoom=0.883|shot_pb=1.00|flight_commit=1.00|pb_zfit|edge_zoom=0.938|bounds
479,872.7,391.2,interp,0.50,938.5,584.4,609.7,0.0,657.4,1168.8,1,238.2,0,1,accel_zoom=0.876|shot_pb=1.00|flight_commit=1.00|pb_zfit|keepin_prop=0.01|keepin_zoom=1.350|edge_zoom=0.938|bounds
480,827.1,389.7,interp,0.50,913.1,584.4,584.4,0.0,657.5,1168.8,1,218.0,0,0,accel_zoom=0.876|shot_pb=1.00|flight_commit=1.00|pb_zfit|edge_zoom=0.937|bounds
481,781.8,388.4,interp,0.50,887.3,584.4,558.5,0.0,657.5,1168.9,1,198.5,0,0,accel_zoom=0.876|shot_pb=1.00|flight_commit=1.00|pb_zfit|flight_boost=1.02|edge_zoom=0.936|bounds
482,737.4,387.1,interp,0.50,861.2,584.4,532.5,0.0,657.5,1168.9,1,180.2,0,1,accel_zoom=0.876|shot_pb=1.00|flight_commit=1.00|pb_zfit|keepin_prop=0.00|keepin_zoom=1.350|flight_boost=1.07|edge_zoom=0.937|bounds
483,694.7,385.8,interp,0.50,835.1,584.5,506.4,0.0,657.5,1168.9,1,163.6,0,0,accel_zoom=0.876|shot_pb=1.00|flight_commit=1.00|pb_zfit|flight_boost=1.11|edge_zoom=0.935|bounds
484,654.1,384.6,interp,0.50,809.3,584.5,480.5,0.0,657.5,1168.9,1,148.8,0,0,accel_zoom=0.876|shot_pb=1.00|flight_commit=1.00|pb_zfit|flight_boost=1.11|edge_zoom=0.935|bounds
485,615.8,383.6,interp,0.50,783.9,584.5,455.2,0.0,657.5,1168.9,1,135.9,0,1,accel_zoom=0.876|shot_pb=1.00|flight_commit=1.00|pb_zfit|keepin_prop=0.00|keepin_zoom=1.350|flight_boost=1.09|edge_zoom=0.935|bounds
486,579.9,382.6,interp,0.50,759.3,584.5,430.6,0.0,657.5,1168.9,1,124.6,0,0,accel_zoom=0.876|shot_pb=1.00|flight_commit=1.00|pb_zfit|flight_boost=1.07|edge_zoom=0.934|bounds
487,546.5,381.6,interp,0.50,735.7,584.5,406.9,0.0,657.5,1168.9,1,114.8,0,0,accel_zoom=0.876|shot_pb=1.00|flight_commit=1.00|pb_zfit|flight_boost=1.03|edge_zoom=0.934|bounds
488,515.5,380.8,interp,0.50,713.2,584.5,384.4,0.0,657.5,1168.9,1,106.3,0,1,accel_zoom=0.876|shot_pb=1.00|flight_commit=1.00|pb_zfit|keepin_prop=0.02|keepin_zoom=1.350|edge_zoom=0.932|bounds
489,487.1,380.0,interp,0.50,692.0,584.5,363.2,0.0,657.5,1168.9,1,99.1,0,0,accel_zoom=0.876|shot_pb=1.00|flight_commit=1.00|pb_zfit|edge_zoom=0.933|bounds
490,461.0,379.3,interp,0.50,672.2,584.5,343.5,0.0,657.5,1168.9,1,92.8,0,1,accel_zoom=0.876|shot_pb=1.00|flight_commit=1.00|person_ctx=4|pb_zfit|keepin_prop=0.01|keepin_zoom=1.350|edge_zoom=0.933|bounds
491,437.2,378.6,interp,0.50,654.1,584.5,325.3,0.0,657.5,1168.9,1,87.1,0,0,shot_pb=1.00|flight_commit=1.00|person_ctx=4|pb_zfit|edge_zoom=0.933|bounds
492,415.6,378.0,interp,0.50,637.6,584.5,308.9,0.0,657.5,1168.9,1,82.0,0,1,shot_pb=1.00|flight_commit=1.00|person_ctx=4|pb_zfit|keepin_prop=0.01|keepin_zoom=1.350|edge_zoom=0.932|bounds
493,396.1,377.5,interp,0.50,623.0,584.5,294.2,0.0,657.5,1168.9,1,77.1,0,0,shot_pb=1.00|flight_commit=1.00|person_ctx=4|pb_zfit|edge_zoom=0.932|bounds
494,378.6,377.1,interp,0.50,610.3,584.5,281.5,0.0,657.5,1168.9,1,72.3,0,1,shot_pb=1.00|flight_commit=1.00|person_ctx=4|pb_zfit|keepin_prop=0.02|keepin_zoom=1.350|edge_zoom=0.931|bounds
495,363.2,376.7,interp,0.50,599.6,584.5,270.9,0.0,657.5,1168.9,1,67.6,0,0,shot_pb=1.00|flight_commit=1.00|person_ctx=4|pb_zfit|edge_zoom=0.932|bounds
496,349.6,376.3,interp,0.50,591.2,584.5,262.4,0.0,657.5,1168.9,1,62.4,0,1,shot_pb=1.00|flight_commit=1.00|person_ctx=4|pb_zfit|keepin_prop=0.05|keepin_zoom=1.350|edge_zoom=0.928|bounds
497,337.9,376.0,interp,0.50,585.0,584.5,256.2,0.0,657.5,1168.9,1,56.9,0,0,shot_pb=1.00|flight_commit=1.00|person_ctx=4|pb_zfit|edge_zoom=0.932|bounds
498,328.1,375.8,interp,0.50,581.1,584.5,252.4,0.0,657.5,1168.9,1,51.0,0,1,shot_pb=1.00|flight_commit=1.00|person_ctx=4|pb_zfit|keepin_prop=0.08|keepin_zoom=1.350|edge_zoom=0.925|bounds
499,320.3,375.6,interp,0.50,579.7,584.5,251.0,0.0,657.5,1168.9,1,44.6,0,1,shot_pb=1.00|flight_commit=1.00|person_ctx=4|pb_zfit|keepin_prop=0.00|keepin_zoom=1.350|edge_zoom=0.932|bounds
500,314.5,375.5,interp,0.50,580.7,584.5,251.9,0.0,657.5,1168.9,1,37.8,0,0,shot_pb=1.00|flight_commit=1.00|person_ctx=4|pb_zfit|edge_zoom=0.932|bounds
501,310.8,375.4,interp,0.50,583.9,584.5,255.1,0.0,657.5,1168.9,1,30.9,0,1,shot_pb=1.00|flight_commit=1.00|person_ctx=4|pb_zfit|keepin_prop=0.07|keepin_zoom=1.350|edge_zoom=0.926|bounds
502,309.5,375.5,interp,0.50,589.1,584.5,260.3,0.0,657.5,1168.9,1,24.4,0,1,shot_pb=1.00|flight_commit=1.00|person_ctx=4|pb_zfit|keepin_prop=0.00|keepin_zoom=1.350|edge_zoom=0.932|bounds
503,310.8,375.6,interp,0.50,594.6,584.5,265.8,0.0,657.5,1168.9,1,20.2,0,0,shot_pb=1.00|flight_commit=1.00|person_ctx=4|pb_zfit|edge_zoom=0.770|bounds
504,315.2,375.8,interp,0.50,599.0,584.5,270.2,0.0,657.5,1168.9,1,20.2,0,0,shot_pb=1.00|flight_commit=1.00|person_ctx=4|pb_zfit|edge_zoom=0.775|bounds
505,323.1,376.2,interp,0.50,606.9,584.5,278.1,0.0,657.5,1168.9,1,20.2,0,0,shot_pb=1.00|flight_commit=1.00|person_ctx=4|pb_zfit|edge_zoom=0.783|bounds
506,335.2,376.6,interp,0.50,619.0,584.5,290.2,0.0,657.5,1168.9,1,20.2,0,0,shot_pb=1.00|flight_commit=1.00|person_ctx=4|pb_zfit|edge_zoom=0.792|bounds
507,352.4,377.3,interp,0.50,636.1,584.5,307.4,0.0,657.5,1168.9,1,20.3,0,0,shot_pb=1.00|flight_commit=1.00|person_ctx=4|pb_zfit|edge_zoom=0.805|bounds
508,375.6,378.2,interp,0.50,659.3,584.5,330.6,0.0,657.5,1168.9,1,20.3,0,0,accel_zoom=0.930|shot_pb=1.00|flight_commit=1.00|person_ctx=4|pb_zfit|edge_zoom=0.821|bounds
509,406.2,379.3,interp,0.50,690.0,584.5,361.2,0.0,657.5,1168.9,1,20.2,0,0,accel_zoom=0.910|shot_pb=1.00|flight_commit=1.00|person_ctx=4|pb_zfit|edge_zoom=0.842|bounds
510,446.0,380.8,interp,0.50,729.8,584.5,401.0,0.0,657.5,1168.9,1,20.2,0,0,accel_zoom=0.884|shot_pb=1.00|flight_commit=1.00|person_ctx=4|pb_zfit|edge_zoom=0.870|bounds
511,497.0,382.6,interp,0.50,780.8,584.5,452.0,0.0,657.5,1168.9,1,20.2,0,0,accel_zoom=0.852|shot_pb=1.00|flight_commit=1.00|pb_zfit|edge_zoom=0.908|bounds
512,562.1,385.0,interp,0.50,845.8,584.5,517.1,0.0,657.5,1168.9,1,20.3,0,0,accel_zoom=0.813|shot_pb=1.00|flight_commit=1.00|pb_zfit|flight_boost=1.01|edge_zoom=0.937|bounds
513,644.4,388.0,interp,0.50,924.9,584.5,596.2,0.0,657.5,1168.9,1,23.5,0,0,accel_zoom=0.780|shot_pb=1.00|flight_commit=1.00|pb_zfit|flight_boost=1.19|edge_zoom=0.938|bounds
514,748.3,391.7,interp,0.50,985.1,584.5,656.3,0.0,657.5,1168.9,1,67.2,0,0,accel_zoom=0.780|shot_pb=1.00|flight_commit=1.00|pb_zfit|flight_boost=1.40|edge_zoom=0.940|bounds
515,1011.8,400.9,interp,0.50,1043.6,584.5,714.8,0.0,657.5,1168.9,1,272.2,0,0,accel_zoom=0.780|shot_pb=1.00|flight_commit=1.00|pb_zfit|flight_boost=2.00|edge_zoom=0.943|bounds
516,1117.1,404.8,interp,0.50,1098.4,584.5,769.7,0.0,657.5,1168.9,1,285.3,0,0,accel_zoom=0.780|shot_pb=1.00|flight_commit=1.00|flight_boost=2.00|edge_zoom=0.945|bounds
517,1201.2,408.1,interp,0.50,1148.5,584.5,819.8,0.0,657.5,1168.9,1,251.3,0,0,accel_zoom=0.780|shot_pb=1.00|flight_commit=1.00|flight_boost=2.00|edge_zoom=0.946|bounds
518,1267.9,410.8,interp,0.50,1193.2,584.5,864.4,0.0,657.5,1168.9,1,229.3,0,0,accel_zoom=0.780|shot_pb=1.00|flight_commit=1.00|flight_boost=2.00|edge_zoom=0.947|bounds
519,1320.1,413.2,interp,0.50,1231.9,584.5,903.1,0.0,657.5,1168.9,1,215.8,0,0,accel_zoom=0.780|shot_pb=1.00|flight_commit=1.00|flight_boost=2.00|edge_zoom=0.948|bounds
520,1360.4,415.3,interp,0.50,1264.0,584.5,935.3,0.0,657.5,1168.9,1,207.6,0,0,accel_zoom=0.780|shot_pb=1.00|flight_commit=1.00|flight_boost=2.00|edge_zoom=0.949|bounds
521,1390.5,417.2,interp,0.50,1289.2,584.5,960.4,0.0,657.5,1168.9,1,202.7,0,0,accel_zoom=0.780|shot_pb=1.00|flight_commit=1.00|flight_boost=1.42|edge_zoom=0.951|bounds
522,1411.6,419.0,interp,0.50,1306.9,584.5,978.1,0.0,657.5,1168.9,1,199.3,0,1,shot_pb=1.00|flight_commit=1.00|keepin_prop=0.03|keepin_zoom=1.350|flight_boost=1.19|edge_zoom=0.947|bounds
523,1424.7,420.8,interp,0.50,1316.9,584.5,988.1,0.0,657.5,1168.9,1,196.2,0,0,shot_pb=1.00|flight_commit=1.00|flight_boost=1.00|edge_zoom=0.954|bounds
524,1430.2,422.6,interp,0.50,1319.2,584.5,990.4,0.0,657.5,1168.9,1,193.0,0,1,shot_pb=1.00|flight_commit=1.00|keepin_prop=0.06|keepin_zoom=1.350|edge_zoom=0.946|bounds
525,1428.3,424.6,interp,0.50,1313.9,584.5,985.2,0.0,657.5,1168.9,1,189.6,0,0,shot_pb=1.00|flight_commit=1.00|person_ctx=4|edge_zoom=0.976|bounds
526,1418.7,426.8,interp,0.50,1301.6,584.5,972.8,0.0,657.5,1168.9,1,186.9,0,0,shot_pb=1.00|flight_commit=1.00|person_ctx=4|edge_zoom=0.960|bounds
527,1400.8,429.4,interp,0.50,1282.7,584.5,953.9,0.0,657.5,1168.9,1,185.9,0,0,shot_pb=1.00|flight_commit=1.00|person_ctx=4|edge_zoom=0.958|bounds
528,1373.8,432.5,interp,0.50,1258.1,584.5,929.3,0.0,657.5,1168.9,1,188.3,0,1,accel_zoom=0.882|shot_pb=1.00|flight_commit=1.00|person_ctx=4|keepin_prop=0.01|keepin_zoom=1.350|edge_zoom=0.953|bounds
529,1336.1,436.2,interp,0.50,1228.4,584.5,899.7,0.0,657.5,1168.9,1,196.3,0,0,accel_zoom=0.882|shot_pb=1.00|flight_commit=1.00|edge_zoom=0.959|bounds
530,1283.9,440.5,blended,0.79,1194.8,584.5,866.0,0.0,657.5,1168.9,1,214.9,0,0,accel_zoom=0.852|shot_pb=1.00|flight_commit=1.00|edge_zoom=0.960|bounds
531,1189.9,450.1,yolo,0.30,1158.1,584.5,829.3,0.0,657.5,1168.9,1,272.2,0,0,accel_zoom=0.780|shot_pb=1.00|flight_commit=1.00|flight_boost=1.05|edge_zoom=0.964|bounds
532,1112.0,456.7,interp,0.38,1119.3,584.5,790.5,0.0,657.5,1168.9,1,296.7,0,0,accel_zoom=0.780|shot_pb=1.00|flight_commit=1.00|flight_boost=1.23|edge_zoom=0.966|bounds
533,1030.9,462.6,interp,0.38,1079.3,584.5,750.5,0.0,657.5,1168.9,1,255.6,0,0,accel_zoom=0.780|shot_pb=1.00|flight_commit=1.00|flight_boost=1.40|edge_zoom=0.968|bounds
534,947.4,467.5,blended,0.80,1039.0,584.5,710.3,0.0,657.5,1168.9,1,212.4,0,0,accel_zoom=0.780|shot_pb=1.00|flight_commit=1.00|pb_zfit|flight_boost=1.55|edge_zoom=0.970|bounds
535,851.5,472.7,interp,0.32,999.3,584.5,670.5,0.0,657.5,1168.9,1,156.2,0,0,accel_zoom=0.780|shot_pb=1.00|flight_commit=1.00|pb_zfit|flight_boost=1.71|edge_zoom=0.971|bounds
536,761.4,475.4,interp,0.32,960.8,584.5,632.0,0.0,657.5,1168.9,1,104.6,0,0,accel_zoom=0.780|shot_pb=1.00|flight_commit=1.00|pb_zfit|flight_boost=1.81|edge_zoom=0.972|bounds
537,681.8,474.6,interp,0.32,924.1,584.5,595.4,0.0,657.5,1168.9,1,61.7,0,0,accel_zoom=0.780|shot_pb=1.00|flight_commit=1.00|pb_zfit|flight_boost=1.77|edge_zoom=0.970|bounds
538,616.8,469.6,interp,0.32,889.8,584.5,561.1,0.0,657.5,1168.9,1,31.0,0,0,accel_zoom=0.780|shot_pb=1.00|flight_commit=1.00|pb_zfit|flight_boost=1.73|edge_zoom=0.966|bounds
539,570.6,459.0,interp,0.32,854.4,584.5,525.6,0.0,657.5,1168.9,1,20.2,0,0,accel_zoom=0.780|shot_pb=1.00|flight_commit=1.00|pb_zfit|flight_boost=1.64|edge_zoom=0.957|bounds
540,608.3,417.4,centroid,0.24,829.3,584.5,500.5,0.0,657.5,1168.9,1,83.0,0,0,accel_zoom=0.780|shot_pb=1.00|flight_commit=1.00|pb_zfit|flight_boost=1.57|edge_zoom=0.923|bounds
541,595.1,400.6,centroid,0.24,803.3,584.5,474.6,0.0,657.5,1168.9,1,95.8,0,0,shot_pb=1.00|flight_commit=1.00|pb_zfit|flight_boost=1.37|edge_zoom=0.915|bounds
542,581.8,385.8,centroid,0.25,780.2,584.5,451.5,0.0,657.5,1168.9,1,105.6,0,0,shot_pb=1.00|flight_commit=1.00|pb_zfit|flight_boost=1.18|edge_zoom=0.911|bounds
543,568.5,372.7,centroid,0.25,759.8,584.5,431.1,0.0,657.5,1168.9,1,112.7,0,0,shot_pb=1.00|flight_commit=1.00|pb_zfit|flight_boost=1.01|edge_zoom=0.907|bounds
544,555.5,360.9,centroid,0.25,741.9,584.5,413.2,0.0,657.5,1168.9,1,117.6,0,1,shot_pb=1.00|flight_commit=1.00|pb_zfit|keepin_prop=0.01|keepin_zoom=1.350|edge_zoom=0.926|bounds
545,543.0,350.2,centroid,0.26,726.2,584.5,397.5,0.0,657.5,1168.9,1,120.8,0,0,shot_pb=1.00|flight_commit=1.00|pb_zfit|edge_zoom=0.900|bounds
546,531.0,340.3,centroid,0.26,712.5,584.5,383.8,0.0,657.5,1168.9,1,122.5,0,1,shot_pb=1.00|flight_commit=1.00|pb_zfit|keepin_prop=0.00|keepin_zoom=1.350|edge_zoom=0.919|bounds
547,519.5,331.0,centroid,0.26,700.5,584.5,371.8,0.0,657.5,1168.9,1,123.0,1,0,shot_pb=1.00|flight_commit=1.00|pb_zfit|speed|edge_zoom=0.895|bounds
548,508.6,322.4,centroid,0.27,690.0,584.5,361.2,0.0,657.5,1168.9,1,122.6,0,1,shot_pb=1.00|flight_commit=1.00|pb_zfit|keepin_prop=0.00|keepin_zoom=1.350|edge_zoom=0.912|bounds
549,498.3,314.1,centroid,0.27,680.6,584.5,351.9,0.0,657.5,1168.9,1,121.7,1,0,shot_pb=1.00|flight_commit=1.00|pb_zfit|speed|edge_zoom=0.896|bounds
550,488.6,306.2,centroid,0.27,672.4,584.5,343.6,0.0,657.5,1168.9,1,120.2,0,1,shot_pb=1.00|flight_commit=1.00|pb_zfit|keepin_prop=0.00|keepin_zoom=1.350|edge_zoom=0.906|bounds
551,479.5,298.7,centroid,0.28,665.1,584.5,336.3,0.0,657.5,1168.9,1,118.4,1,0,shot_pb=1.00|flight_commit=1.00|pb_zfit|speed|edge_zoom=0.897|bounds
552,471.1,291.4,centroid,0.28,658.6,584.5,329.8,0.0,657.5,1168.9,1,116.5,0,1,shot_pb=1.00|flight_commit=1.00|pb_zfit|keepin_prop=0.00|keepin_zoom=1.350|edge_zoom=0.900|bounds
553,463.1,284.4,centroid,0.28,652.9,584.5,324.1,0.0,657.5,1168.9,1,114.2,1,0,shot_pb=1.00|flight_commit=1.00|pb_zfit|speed|edge_zoom=0.898|bounds
554,455.8,277.7,centroid,0.29,647.9,584.5,319.1,0.0,657.5,1168.9,1,111.9,1,1,shot_pb=1.00|flight_commit=1.00|pb_zfit|keepin_prop=0.00|keepin_zoom=1.350|speed|edge_zoom=0.899|bounds
555,448.9,271.3,centroid,0.29,643.5,584.5,314.7,0.0,657.5,1168.9,1,109.4,1,0,shot_pb=1.00|flight_commit=1.00|pb_zfit|speed|edge_zoom=0.899|bounds
556,442.5,265.3,centroid,0.29,639.8,584.5,311.0,0.0,657.5,1168.9,1,106.7,1,1,shot_pb=1.00|flight_commit=1.00|pb_zfit|keepin_prop=0.00|keepin_zoom=1.350|speed|edge_zoom=0.900|bounds
557,436.4,259.7,centroid,0.30,636.6,584.5,307.9,0.0,657.5,1168.9,1,103.8,1,0,shot_pb=1.00|flight_commit=1.00|pb_zfit|speed|edge_zoom=0.900|bounds
558,430.7,254.7,centroid,0.30,634.0,584.5,305.2,0.0,657.5,1168.9,1,100.7,1,1,shot_pb=1.00|flight_commit=1.00|pb_zfit|keepin_prop=0.00|keepin_zoom=1.350|speed|edge_zoom=0.900|bounds
559,424.8,251.0,centroid,0.30,631.8,584.5,303.1,0.0,657.5,1168.9,1,97.0,1,0,shot_pb=1.00|flight_commit=1.00|pb_zfit|speed|edge_zoom=0.900|bounds
560,419.0,247.9,centroid,0.30,630.0,584.5,301.2,0.0,657.5,1168.9,1,93.0,1,1,shot_pb=1.00|flight_commit=1.00|pb_zfit|keepin_prop=0.04|keepin_zoom=1.350|speed|edge_zoom=0.890|bounds
561,413.6,245.3,centroid,0.30,628.5,584.5,299.7,0.0,657.5,1168.9,1,89.1,1,1,shot_pb=1.00|flight_commit=1.00|pb_zfit|keepin_prop=0.00|keepin_zoom=1.350|speed|edge_zoom=0.901|bounds
562,408.4,243.1,centroid,0.30,627.1,584.5,298.3,0.0,657.5,1168.9,1,85.3,1,1,shot_pb=1.00|flight_commit=1.00|pb_zfit|keepin_prop=0.00|keepin_zoom=1.350|speed|edge_zoom=0.901|bounds
563,403.6,241.2,centroid,0.30,625.8,584.5,297.0,0.0,657.5,1168.9,1,81.8,1,1,shot_pb=1.00|flight_commit=1.00|pb_zfit|keepin_prop=0.00|keepin_zoom=1.350|speed|edge_zoom=0.901|bounds
564,399.0,239.7,centroid,0.30,624.5,584.5,295.7,0.0,657.5,1168.9,1,78.5,1,1,shot_pb=1.00|flight_commit=1.00|pb_zfit|keepin_prop=0.00|keepin_zoom=1.350|speed|edge_zoom=0.901|bounds
565,394.8,238.4,centroid,0.30,623.0,584.5,294.3,0.0,657.5,1168.9,1,75.8,1,1,shot_pb=1.00|flight_commit=1.00|pb_zfit|keepin_prop=0.00|keepin_zoom=1.350|speed|edge_zoom=0.901|bounds
566,390.7,237.4,centroid,0.30,621.4,584.5,292.7,0.0,657.5,1168.9,1,73.3,1,1,shot_pb=1.00|flight_commit=1.00|pb_zfit|keepin_prop=0.01|keepin_zoom=1.350|speed|edge_zoom=0.901|bounds
567,386.9,236.4,centroid,0.30,619.6,584.5,290.8,0.0,657.5,1168.9,1,71.3,1,1,shot_pb=1.00|flight_commit=1.00|pb_zfit|keepin_prop=0.01|keepin_zoom=1.350|speed|edge_zoom=0.901|bounds
568,383.2,235.6,centroid,0.30,617.6,584.5,288.8,0.0,657.5,1168.9,1,69.6,1,1,shot_pb=1.00|flight_commit=1.00|pb_zfit|keepin_prop=0.01|keepin_zoom=1.350|speed|edge_zoom=0.900|bounds
569,379.6,234.9,centroid,0.30,615.3,584.5,286.5,0.0,657.5,1168.9,1,68.3,1,1,shot_pb=1.00|flight_commit=1.00|pb_zfit|keepin_prop=0.01|keepin_zoom=1.350|speed|edge_zoom=0.900|bounds
570,376.1,234.2,centroid,0.30,612.7,584.5,284.0,0.0,657.5,1168.9,1,67.4,1,1,shot_pb=1.00|flight_commit=1.00|pb_zfit|keepin_prop=0.01|keepin_zoom=1.350|speed|edge_zoom=0.900|bounds
571,372.6,233.6,centroid,0.30,610.0,584.5,281.2,0.0,657.5,1168.9,1,66.6,1,1,shot_pb=1.00|flight_commit=1.00|pb_zfit|keepin_prop=0.01|keepin_zoom=1.350|speed|edge_zoom=0.900|bounds
572,369.1,233.0,centroid,0.30,607.1,584.5,278.3,0.0,657.5,1168.9,1,66.0,1,1,shot_pb=1.00|flight_commit=1.00|pb_zfit|keepin_prop=0.01|keepin_zoom=1.350|speed|edge_zoom=0.899|bounds
573,365.7,232.4,centroid,0.30,604.0,584.5,275.2,0.0,657.5,1168.9,1,65.7,1,1,shot_pb=1.00|flight_commit=1.00|pb_zfit|keepin_prop=0.01|keepin_zoom=1.350|speed|edge_zoom=0.899|bounds
574,362.1,231.9,centroid,0.30,600.8,584.5,272.0,0.0,657.5,1168.9,1,65.3,1,1,shot_pb=1.00|flight_commit=1.00|pb_zfit|keepin_prop=0.01|keepin_zoom=1.350|speed|edge_zoom=0.899|bounds
575,358.6,231.4,centroid,0.30,597.5,584.5,268.7,0.0,657.5,1168.9,1,65.1,1,1,shot_pb=1.00|flight_commit=1.00|pb_zfit|keepin_prop=0.01|keepin_zoom=1.350|speed|edge_zoom=0.899|bounds
576,355.1,231.0,centroid,0.30,594.1,584.5,265.4,0.0,657.5,1168.9,1,65.0,1,1,shot_pb=1.00|flight_commit=1.00|pb_zfit|keepin_prop=0.01|keepin_zoom=1.350|speed|edge_zoom=0.898|bounds
577,351.5,230.7,centroid,0.30,590.7,584.5,262.0,0.0,657.5,1168.9,1,64.8,1,1,shot_pb=1.00|flight_commit=1.00|pb_zfit|keepin_prop=0.01|keepin_zoom=1.350|speed|edge_zoom=0.898|bounds
578,347.9,230.3,centroid,0.30,587.3,584.5,258.5,0.0,657.5,1168.9,1,64.6,1,1,shot_pb=1.00|flight_commit=1.00|pb_zfit|keepin_prop=0.01|keepin_zoom=1.350|speed|edge_zoom=0.898|bounds
579,344.3,230.1,centroid,0.30,583.9,584.5,255.1,0.0,657.5,1168.9,1,64.4,1,1,shot_pb=1.00|flight_commit=1.00|pb_zfit|keepin_prop=0.01|keepin_zoom=1.350|speed|edge_zoom=0.898|bounds
580,340.7,229.9,centroid,0.30,580.5,584.5,251.7,0.0,657.5,1168.9,1,64.2,1,1,shot_pb=1.00|flight_commit=1.00|pb_zfit|keepin_prop=0.02|keepin_zoom=1.350|speed|edge_zoom=0.898|bounds
581,337.1,229.7,centroid,0.30,577.1,584.5,248.4,0.0,657.5,1168.9,1,64.0,1,1,shot_pb=1.00|flight_commit=1.00|pb_zfit|keepin_prop=0.02|keepin_zoom=1.350|speed|edge_zoom=0.898|bounds
582,333.5,229.5,centroid,0.30,573.8,584.5,245.1,0.0,657.5,1168.9,1,63.7,1,1,shot_pb=1.00|flight_commit=1.00|pb_zfit|keepin_prop=0.02|keepin_zoom=1.350|speed|edge_zoom=0.897|bounds
583,329.9,229.3,centroid,0.30,570.6,584.5,241.8,0.0,657.5,1168.9,1,63.3,1,1,shot_pb=1.00|flight_commit=1.00|pb_zfit|keepin_prop=0.02|keepin_zoom=1.350|speed|edge_zoom=0.897|bounds
584,326.4,229.0,centroid,0.30,567.5,584.5,238.7,0.0,657.5,1168.9,1,62.9,1,1,shot_pb=1.00|flight_commit=1.00|pb_zfit|keepin_prop=0.02|keepin_zoom=1.350|speed|edge_zoom=0.898|bounds
585,322.9,228.7,centroid,0.30,564.4,584.5,235.6,0.0,657.5,1168.9,1,62.5,1,1,shot_pb=1.00|flight_commit=1.00|pb_zfit|keepin_prop=0.02|keepin_zoom=1.350|speed|edge_zoom=0.898|bounds
586,319.5,228.4,centroid,0.30,561.5,584.5,232.7,0.0,657.5,1168.9,1,62.0,1,1,shot_pb=1.00|flight_commit=1.00|pb_zfit|keepin_prop=0.02|keepin_zoom=1.350|speed|edge_zoom=0.898|bounds
587,316.3,228.0,centroid,0.30,558.7,584.5,229.9,0.0,657.5,1168.9,1,61.6,1,1,shot_pb=1.00|flight_commit=1.00|pb_zfit|keepin_prop=0.02|keepin_zoom=1.350|speed|edge_zoom=0.898|bounds
588,313.3,227.7,centroid,0.30,556.0,584.5,227.2,0.0,657.5,1168.9,1,61.3,1,1,shot_pb=1.00|flight_commit=1.00|pb_zfit|keepin_prop=0.02|keepin_zoom=1.350|speed|edge_zoom=0.898|bounds
589,310.5,227.3,centroid,0.30,553.5,584.5,224.7,0.0,657.5,1168.9,1,61.0,1,1,shot_pb=1.00|flight_commit=1.00|pb_zfit|keepin_prop=0.02|keepin_zoom=1.350|speed|edge_zoom=0.898|bounds
590,308.1,227.0,centroid,0.30,551.1,584.5,222.4,0.0,657.5,1168.9,1,61.0,1,1,shot_pb=1.00|flight_commit=1.00|pb_zfit|keepin_prop=0.02|keepin_zoom=1.350|speed|edge_zoom=0.897|bounds
591,305.8,226.7,centroid,0.30,548.9,584.5,220.2,0.0,657.5,1168.9,1,60.9,1,1,shot_pb=1.00|flight_commit=1.00|pb_zfit|keepin_prop=0.02|keepin_zoom=1.350|speed|edge_zoom=0.897|bounds
592,303.9,226.4,centroid,0.30,546.9,584.5,218.1,0.0,657.5,1168.9,1,61.0,1,1,shot_pb=1.00|flight_commit=1.00|pb_zfit|keepin_prop=0.02|keepin_zoom=1.350|speed|edge_zoom=0.897|bounds
593,302.1,226.1,centroid,0.30,545.1,584.5,216.3,0.0,657.5,1168.9,1,61.0,1,1,shot_pb=1.00|flight_commit=1.00|pb_zfit|keepin_prop=0.02|keepin_zoom=1.350|speed|edge_zoom=0.898|bounds
594,300.6,225.8,centroid,0.30,543.4,584.5,214.6,0.0,657.5,1168.9,1,61.2,1,1,shot_pb=1.00|flight_commit=1.00|pb_zfit|keepin_prop=0.02|keepin_zoom=1.350|speed|edge_zoom=0.898|bounds
595,299.2,225.6,centroid,0.30,541.9,584.5,213.1,0.0,657.5,1168.9,1,61.3,1,1,shot_pb=1.00|flight_commit=1.00|pb_zfit|keepin_prop=0.02|keepin_zoom=1.350|speed|edge_zoom=0.898|bounds
596,298.1,225.4,centroid,0.30,540.5,584.5,211.8,0.0,657.5,1168.9,1,61.6,1,1,shot_pb=1.00|flight_commit=1.00|pb_zfit|keepin_prop=0.02|keepin_zoom=1.350|speed|edge_zoom=0.897|bounds
597,297.0,225.2,centroid,0.30,539.4,584.5,210.6,0.0,657.5,1168.9,1,61.6,1,1,shot_pb=1.00|flight_commit=1.00|pb_zfit|keepin_prop=0.02|keepin_zoom=1.350|speed|edge_zoom=0.897|bounds
598,296.2,225.0,centroid,0.30,538.3,584.5,209.6,0.0,657.5,1168.9,1,61.9,1,1,shot_pb=1.00|flight_commit=1.00|pb_zfit|keepin_prop=0.02|keepin_zoom=1.350|speed|edge_zoom=0.897|bounds
599,295.5,225.0,centroid,0.30,537.5,584.5,208.7,0.0,657.5,1168.9,1,62.0,1,1,shot_pb=1.00|flight_commit=1.00|pb_zfit|keepin_prop=0.02|keepin_zoom=1.350|speed|edge_zoom=0.897|bounds
600,295.0,224.9,centroid,0.30,536.7,584.5,207.9,0.0,657.5,1168.9,1,62.3,1,1,shot_pb=1.00|flight_commit=1.00|pb_zfit|keepin_prop=0.02|keepin_zoom=1.350|speed|edge_zoom=0.896|bounds
601,294.6,224.9,centroid,0.30,536.1,584.5,207.3,0.0,657.5,1168.9,1,62.5,1,1,shot_pb=1.00|flight_commit=1.00|pb_zfit|keepin_prop=0.02|keepin_zoom=1.350|speed|edge_zoom=0.895|bounds
602,294.4,225.0,centroid,0.30,535.6,584.5,206.8,0.0,657.5,1168.9,1,62.8,1,1,shot_pb=1.00|flight_commit=1.00|pb_zfit|keepin_prop=0.03|keepin_zoom=1.350|speed|edge_zoom=0.892|bounds
603,294.3,225.1,centroid,0.30,535.2,584.5,206.4,0.0,657.5,1168.9,1,63.1,1,1,shot_pb=1.00|flight_commit=1.00|pb_zfit|keepin_prop=0.05|keepin_zoom=1.350|speed|edge_zoom=0.885|bounds
604,294.3,225.3,centroid,0.30,534.9,584.5,206.1,0.0,657.5,1168.9,1,63.4,1,1,shot_pb=1.00|flight_commit=1.00|pb_zfit|keepin_prop=0.07|keepin_zoom=1.350|speed|edge_zoom=0.880|bounds
605,294.3,225.5,centroid,0.30,534.7,584.5,205.9,0.0,657.5,1168.9,1,63.6,1,1,shot_pb=1.00|flight_commit=1.00|pb_zfit|keepin_prop=0.07|keepin_zoom=1.350|speed|edge_zoom=0.880|bounds
606,294.3,225.8,centroid,0.30,534.5,584.5,205.8,0.0,657.5,1168.9,1,63.8,1,1,shot_pb=1.00|flight_commit=1.00|pb_zfit|keepin_prop=0.07|keepin_zoom=1.350|speed|edge_zoom=0.880|bounds
607,294.3,226.1,centroid,0.30,534.5,584.5,205.7,0.0,657.5,1168.9,1,63.8,1,1,shot_pb=1.00|flight_commit=1.00|pb_zfit|keepin_prop=0.07|keepin_zoom=1.350|speed|edge_zoom=0.880|bounds
608,294.3,226.5,centroid,0.30,534.6,584.5,205.8,0.0,657.5,1168.9,1,63.7,1,1,shot_pb=1.00|flight_commit=1.00|pb_zfit|keepin_prop=0.07|keepin_zoom=1.350|speed|edge_zoom=0.881|bounds
609,294.3,226.9,centroid,0.30,534.7,584.5,206.0,0.0,657.5,1168.9,1,63.6,1,1,shot_pb=1.00|flight_commit=1.00|pb_zfit|keepin_prop=0.06|keepin_zoom=1.350|speed|edge_zoom=0.881|bounds
610,294.3,227.3,centroid,0.30,535.0,584.5,206.2,0.0,657.5,1168.9,1,63.3,1,1,shot_pb=1.00|flight_commit=1.00|pb_zfit|keepin_prop=0.06|keepin_zoom=1.350|speed|edge_zoom=0.881|bounds
611,294.3,227.8,centroid,0.30,535.4,584.5,206.6,0.0,657.5,1168.9,1,62.9,1,1,shot_pb=1.00|flight_commit=1.00|pb_zfit|keepin_prop=0.06|keepin_zoom=1.350|speed|edge_zoom=0.881|bounds
612,294.4,228.4,centroid,0.30,535.9,584.5,207.1,0.0,657.5,1168.9,1,62.5,1,1,shot_pb=1.00|flight_commit=1.00|pb_zfit|keepin_prop=0.06|keepin_zoom=1.350|speed|edge_zoom=0.882|bounds
613,294.5,229.1,centroid,0.30,536.6,584.5,207.8,0.0,657.5,1168.9,1,61.9,1,1,shot_pb=1.00|flight_commit=1.00|pb_zfit|keepin_prop=0.06|keepin_zoom=1.350|speed|edge_zoom=0.883|bounds
614,294.8,230.0,centroid,0.30,537.5,584.5,208.7,0.0,657.5,1168.9,1,61.3,1,1,shot_pb=1.00|flight_commit=1.00|pb_zfit|keepin_prop=0.06|keepin_zoom=1.350|speed|edge_zoom=0.884|bounds
615,295.2,231.0,centroid,0.30,538.6,584.5,209.8,0.0,657.5,1168.9,1,60.6,1,1,shot_pb=1.00|flight_commit=1.00|pb_zfit|keepin_prop=0.05|keepin_zoom=1.350|speed|edge_zoom=0.885|bounds
616,295.8,232.1,centroid,0.30,540.0,584.5,211.3,0.0,657.5,1168.9,1,59.8,1,1,shot_pb=1.00|flight_commit=1.00|pb_zfit|keepin_prop=0.05|keepin_zoom=1.350|speed|edge_zoom=0.886|bounds
617,296.7,233.4,centroid,0.30,541.8,584.5,213.0,0.0,657.5,1168.9,1,58.9,1,1,shot_pb=1.00|flight_commit=1.00|pb_zfit|keepin_prop=0.05|keepin_zoom=1.350|speed|edge_zoom=0.887|bounds
618,297.8,235.0,centroid,0.30,543.9,584.5,215.2,0.0,657.5,1168.9,1,57.9,1,1,shot_pb=1.00|flight_commit=1.00|pb_zfit|keepin_prop=0.04|keepin_zoom=1.350|speed|edge_zoom=0.889|bounds
619,299.2,236.8,centroid,0.30,546.6,584.5,217.8,0.0,657.5,1168.9,1,56.6,1,1,shot_pb=1.00|flight_commit=1.00|pb_zfit|keepin_prop=0.04|keepin_zoom=1.350|speed|edge_zoom=0.890|bounds
620,300.9,238.8,centroid,0.30,549.9,584.5,221.1,0.0,657.5,1168.9,1,55.0,1,1,shot_pb=1.00|flight_commit=1.00|pb_zfit|keepin_prop=0.03|keepin_zoom=1.350|speed|edge_zoom=0.891|bounds
621,303.1,241.1,centroid,0.30,553.8,584.5,225.1,0.0,657.5,1168.9,1,53.3,1,1,shot_pb=1.00|flight_commit=1.00|pb_zfit|keepin_prop=0.03|keepin_zoom=1.350|speed|edge_zoom=0.893|bounds
622,305.6,243.7,centroid,0.30,558.6,584.5,229.9,0.0,657.5,1168.9,1,51.0,1,1,shot_pb=1.00|flight_commit=1.00|pb_zfit|keepin_prop=0.03|keepin_zoom=1.350|speed|edge_zoom=0.894|bounds
623,308.7,246.5,centroid,0.30,564.4,584.5,235.7,0.0,657.5,1168.9,1,48.3,1,1,shot_pb=1.00|flight_commit=1.00|pb_zfit|keepin_prop=0.02|keepin_zoom=1.350|speed|edge_zoom=0.895|bounds
624,312.4,249.7,centroid,0.30,571.3,584.5,242.6,0.0,657.5,1168.9,1,45.1,1,1,shot_pb=1.00|flight_commit=1.00|pb_zfit|keepin_prop=0.02|keepin_zoom=1.350|speed|edge_zoom=0.897|bounds
625,316.8,253.1,centroid,0.30,579.5,584.5,250.8,0.0,657.5,1168.9,1,41.3,1,1,shot_pb=1.00|flight_commit=1.00|pb_zfit|keepin_prop=0.01|keepin_zoom=1.350|speed|edge_zoom=0.898|bounds
626,322.0,256.7,centroid,0.30,589.1,584.5,260.4,0.0,657.5,1168.9,1,36.9,1,1,shot_pb=1.00|flight_commit=1.00|pb_zfit|keepin_prop=0.01|keepin_zoom=1.350|speed|edge_zoom=0.899|bounds
627,328.3,260.6,centroid,0.30,600.2,584.5,271.5,0.0,657.5,1168.9,1,32.1,1,1,shot_pb=1.00|flight_commit=1.00|pb_zfit|keepin_prop=0.01|keepin_zoom=1.350|speed|edge_zoom=0.901|bounds
628,335.9,264.7,centroid,0.30,612.9,584.5,284.1,0.0,657.5,1168.9,1,27.0,1,1,shot_pb=1.00|flight_commit=1.00|pb_zfit|keepin_prop=0.00|keepin_zoom=1.350|speed|edge_zoom=0.902|bounds
629,345.2,268.9,centroid,0.30,627.0,584.5,298.3,0.0,657.5,1168.9,1,22.2,1,1,shot_pb=1.00|flight_commit=1.00|pb_zfit|keepin_prop=0.00|keepin_zoom=1.350|speed|edge_zoom=0.902|bounds
630,356.5,273.2,centroid,0.30,640.3,584.5,311.5,0.0,657.5,1168.9,1,20.2,1,1,shot_pb=1.00|flight_commit=1.00|pb_zfit|keepin_prop=0.00|keepin_zoom=1.350|speed|edge_zoom=0.903|bounds
631,370.4,277.4,centroid,0.30,654.2,584.5,325.4,0.0,657.5,1168.9,1,20.2,0,0,shot_pb=1.00|flight_commit=1.00|pb_zfit|edge_zoom=0.808|bounds
632,387.5,281.3,centroid,0.30,671.2,584.5,342.5,0.0,657.5,1168.9,1,20.3,0,0,shot_pb=1.00|flight_commit=1.00|pb_zfit|edge_zoom=0.815|bounds
633,408.5,284.9,centroid,0.30,692.2,584.5,363.5,0.0,657.5,1168.9,1,20.3,0,0,accel_zoom=0.940|shot_pb=1.00|flight_commit=1.00|pb_zfit|edge_zoom=0.824|bounds
634,434.3,287.8,centroid,0.30,718.1,584.5,389.3,0.0,657.5,1168.9,1,20.2,0,0,accel_zoom=0.926|shot_pb=1.00|flight_commit=1.00|pb_zfit|edge_zoom=0.838|bounds
635,466.3,289.7,centroid,0.30,750.0,584.5,421.3,0.0,657.5,1168.9,1,20.3,0,0,accel_zoom=0.909|shot_pb=1.00|flight_commit=1.00|pb_zfit|edge_zoom=0.856|bounds
636,505.7,290.2,centroid,0.30,778.3,584.5,449.6,0.0,657.5,1168.9,1,31.4,0,0,accel_zoom=0.888|shot_pb=1.00|flight_commit=1.00|pb_zfit|edge_zoom=0.881|bounds
637,554.4,288.9,centroid,0.30,804.5,584.5,475.7,0.0,657.5,1168.9,1,53.9,0,0,accel_zoom=0.862|shot_pb=1.00|flight_commit=1.00|pb_zfit|edge_zoom=0.898|bounds
638,671.0,276.0,blended,0.71,829.7,584.5,500.9,0.0,657.5,1168.9,1,145.3,0,0,accel_zoom=0.780|shot_pb=1.00|flight_commit=1.00|pb_zfit|flight_boost=1.17|edge_zoom=0.891|bounds
639,718.9,272.2,blended,0.70,853.4,584.5,524.6,0.0,657.5,1168.9,1,169.5,0,0,accel_zoom=0.780|shot_pb=1.00|flight_commit=1.00|pb_zfit|flight_boost=1.24|edge_zoom=0.890|bounds
640,772.5,265.9,hold,0.25,875.1,584.5,546.3,0.0,657.5,1168.9,1,201.4,0,0,accel_zoom=0.780|shot_pb=1.00|flight_commit=1.00|pb_zfit|flight_boost=1.31|edge_zoom=0.886|bounds
641,801.1,263.1,hold,0.25,894.6,584.5,565.8,0.0,657.5,1168.9,1,210.5,0,1,shot_pb=1.00|flight_commit=1.00|pb_zfit|keepin_prop=0.00|keepin_zoom=1.350|flight_boost=1.30|edge_zoom=0.889|bounds
642,819.1,261.3,hold,0.25,911.6,584.5,582.9,0.0,657.5,1168.9,1,211.5,0,1,shot_pb=1.00|flight_commit=1.00|pb_zfit|keepin_prop=0.00|keepin_zoom=1.350|flight_boost=1.25|edge_zoom=0.889|bounds
643,816.4,261.6,interp,0.32,926.1,584.5,597.3,0.0,657.5,1168.9,1,194.3,1,1,shot_pb=1.00|flight_commit=1.00|pb_zfit|keepin_prop=0.00|keepin_zoom=1.350|flight_boost=1.12|speed|edge_zoom=0.891|bounds
644,818.2,261.4,interp,0.32,937.9,584.5,609.2,0.0,657.5,1168.9,1,184.3,1,1,shot_pb=1.00|flight_commit=1.00|pb_zfit|keepin_prop=0.00|keepin_zoom=1.350|speed|edge_zoom=0.893|bounds
645,817.0,261.5,interp,0.32,947.2,584.5,618.4,0.0,657.5,1168.9,1,173.8,1,1,shot_pb=1.00|flight_commit=1.00|pb_zfit|keepin_prop=0.00|keepin_zoom=1.350|speed|edge_zoom=0.893|bounds
646,813.7,261.8,interp,0.32,954.0,584.5,625.2,0.0,657.5,1168.9,1,163.7,1,1,shot_pb=1.00|flight_commit=1.00|pb_zfit|keepin_prop=0.00|keepin_zoom=1.350|speed|edge_zoom=0.894|bounds
647,808.9,262.3,interp,0.32,958.5,584.5,629.8,0.0,657.5,1168.9,1,154.4,1,1,shot_pb=1.00|flight_commit=1.00|pb_zfit|keepin_prop=0.00|keepin_zoom=1.350|speed|edge_zoom=0.895|bounds
648,803.1,262.9,interp,0.32,961.0,584.5,632.3,0.0,657.5,1168.9,1,146.1,1,1,shot_pb=1.00|flight_commit=1.00|pb_zfit|keepin_prop=0.00|keepin_zoom=1.350|speed|edge_zoom=0.895|bounds
649,796.7,263.5,interp,0.32,961.7,584.5,632.9,0.0,657.5,1168.9,1,139.0,1,1,shot_pb=1.00|flight_commit=1.00|pb_zfit|keepin_prop=0.00|keepin_zoom=1.350|speed|edge_zoom=0.896|bounds
650,790.1,264.1,interp,0.32,960.8,584.5,632.0,0.0,657.5,1168.9,1,133.3,1,1,shot_pb=1.00|flight_commit=1.00|pb_zfit|keepin_prop=0.00|keepin_zoom=1.350|speed|edge_zoom=0.897|bounds
651,783.3,264.8,interp,0.32,958.4,584.5,629.7,0.0,657.5,1168.9,1,128.9,1,1,shot_pb=1.00|flight_commit=1.00|pb_zfit|keepin_prop=0.00|keepin_zoom=1.350|speed|edge_zoom=0.897|bounds
652,776.7,265.4,interp,0.32,954.9,584.5,626.2,0.0,657.5,1168.9,1,125.8,1,1,shot_pb=1.00|flight_commit=1.00|pb_zfit|keepin_prop=0.00|keepin_zoom=1.350|speed|edge_zoom=0.898|bounds
653,770.2,266.1,interp,0.32,950.4,584.5,621.6,0.0,657.5,1168.9,1,123.8,1,1,shot_pb=1.00|flight_commit=1.00|pb_zfit|keepin_prop=0.00|keepin_zoom=1.350|speed|edge_zoom=0.898|bounds
654,764.0,266.7,interp,0.32,945.0,584.5,616.2,0.0,657.5,1168.9,1,123.0,1,1,shot_pb=1.00|flight_commit=1.00|pb_zfit|keepin_prop=0.00|keepin_zoom=1.350|speed|edge_zoom=0.899|bounds
655,758.1,267.3,interp,0.32,938.9,584.5,610.1,0.0,657.5,1168.9,1,123.2,1,1,shot_pb=1.00|flight_commit=1.00|pb_zfit|keepin_prop=0.00|keepin_zoom=1.350|speed|edge_zoom=0.899|bounds
656,752.6,267.8,interp,0.32,932.2,584.5,603.4,0.0,657.5,1168.9,1,124.4,1,1,shot_pb=1.00|flight_commit=1.00|pb_zfit|keepin_prop=0.00|keepin_zoom=1.350|speed|edge_zoom=0.900|bounds
657,747.4,268.3,interp,0.32,925.1,584.5,596.3,0.0,657.5,1168.9,1,126.3,1,1,shot_pb=1.00|flight_commit=1.00|pb_zfit|keepin_prop=0.00|keepin_zoom=1.350|speed|edge_zoom=0.900|bounds
658,742.6,268.8,interp,0.32,917.7,584.5,588.9,0.0,657.5,1168.9,1,128.9,1,1,shot_pb=1.00|flight_commit=1.00|pb_zfit|keepin_prop=0.00|keepin_zoom=1.350|speed|edge_zoom=0.900|bounds
659,738.2,269.2,interp,0.32,910.2,584.5,581.5,0.0,657.5,1168.9,1,132.0,1,1,shot_pb=1.00|flight_commit=1.00|pb_zfit|keepin_prop=0.00|keepin_zoom=1.350|speed|edge_zoom=0.900|bounds
660,734.2,269.6,interp,0.32,902.9,584.5,574.1,0.0,657.5,1168.9,1,135.3,1,1,shot_pb=1.00|flight_commit=1.00|pb_zfit|keepin_prop=0.00|keepin_zoom=1.350|speed|edge_zoom=0.901|bounds
661,730.5,270.0,interp,0.32,895.9,584.5,567.1,0.0,657.5,1168.9,1,138.6,1,0,shot_pb=1.00|flight_commit=1.00|pb_zfit|speed|edge_zoom=0.901|bounds
662,727.1,270.3,interp,0.32,889.3,584.5,560.5,0.0,657.5,1168.9,1,141.8,1,0,shot_pb=1.00|flight_commit=1.00|pb_zfit|speed|edge_zoom=0.901|bounds
663,724.1,270.6,interp,0.32,883.3,584.5,554.6,0.0,657.5,1168.9,1,144.8,0,1,shot_pb=1.00|flight_commit=1.00|pb_zfit|keepin_prop=0.11|keepin_zoom=1.350|edge_zoom=0.876|bounds
664,721.4,270.8,interp,0.32,878.2,584.5,549.4,0.0,657.5,1168.9,1,147.2,1,1,shot_pb=1.00|flight_commit=1.00|pb_zfit|keepin_prop=0.01|keepin_zoom=1.350|speed|edge_zoom=0.900|bounds
665,719.1,271.1,interp,0.32,873.9,584.5,545.2,0.0,657.5,1168.9,1,149.2,1,0,shot_pb=1.00|flight_commit=1.00|pb_zfit|speed|edge_zoom=0.902|bounds
666,717.0,271.3,interp,0.32,870.6,584.5,541.8,0.0,657.5,1168.9,1,150.4,0,1,shot_pb=1.00|flight_commit=1.00|pb_zfit|keepin_prop=0.09|keepin_zoom=1.350|edge_zoom=0.878|bounds
667,715.3,271.4,interp,0.32,868.2,584.5,539.4,0.0,657.5,1168.9,1,151.1,1,1,shot_pb=1.00|flight_commit=1.00|pb_zfit|keepin_prop=0.01|keepin_zoom=1.350|speed|edge_zoom=0.900|bounds
