frame,ball_x,ball_y,source,confidence,cam_cx,cam_cy,crop_x0,crop_y0,crop_w,crop_h,ball_in_crop,dist_to_edge,speed_limited,keepinview,clamp_flags
0,1191.1,389.9,hold,0.30,1202.8,575.2,879.2,0.0,647.1,1150.5,1,292.3,1,0,accel_zoom=0.856|flight_commit=1.00|edge_zoom=0.750|bounds|final_speed
1,1191.1,389.9,hold,0.30,1203.4,572.6,881.3,0.0,644.2,1145.2,1,291.7,0,0,flight_commit=0.82|edge_zoom=0.947|bounds
2,1191.1,389.9,hold,0.30,1204.1,569.6,883.7,0.0,640.8,1139.2,1,291.0,0,0,flight_commit=0.27|conf_zoom=0.98|conf_speed=0.99|edge_zoom=0.954|bounds
3,1191.1,389.9,hold,0.30,1205.1,566.2,886.6,0.0,637.0,1132.4,1,290.0,0,0,conf_zoom=0.73|conf_speed=0.85|edge_zoom=0.960|bounds
4,1191.1,389.9,hold,0.30,1206.0,562.5,889.6,0.0,632.9,1125.1,1,289.1,0,0,conf_zoom=0.73|conf_speed=0.85|edge_zoom=0.960|bounds
5,1191.1,389.9,hold,0.30,1207.0,558.7,892.8,0.0,628.5,1117.3,1,288.1,0,0,conf_zoom=0.73|conf_speed=0.85|bounds
6,1191.2,389.9,hold,0.30,1207.9,554.6,895.9,0.0,624.0,1109.3,1,287.3,0,0,conf_zoom=0.73|conf_speed=0.85|bounds
7,1191.2,389.9,hold,0.30,1208.8,550.6,899.0,0.0,619.4,1101.2,1,286.4,0,0,conf_zoom=0.73|conf_speed=0.85|bounds
8,1191.2,389.9,hold,0.30,1209.5,546.7,902.0,0.0,615.0,1093.3,1,285.7,0,0,conf_zoom=0.73|conf_speed=0.85|bounds
9,1191.3,389.9,hold,0.30,1210.1,542.9,904.7,0.0,610.7,1085.8,1,285.2,0,0,conf_zoom=0.73|conf_speed=0.85|bounds
10,1191.3,389.9,hold,0.30,1210.6,540.0,907.2,0.7,606.7,1078.7,1,284.7,0,0,conf_zoom=0.73|conf_speed=0.85|bounds
11,1191.4,389.9,hold,0.30,1211.0,540.0,909.5,4.0,603.0,1072.1,1,284.4,0,0,conf_zoom=0.73|conf_speed=0.85|bounds
12,1191.4,389.9,hold,0.30,1211.3,540.0,911.4,7.0,599.7,1066.1,1,284.1,0,0,conf_zoom=0.73|conf_speed=0.85|bounds
13,1191.5,389.9,hold,0.30,1211.5,540.0,913.2,9.7,596.6,1060.6,1,284.0,0,0,conf_zoom=0.73|conf_speed=0.85|bounds
14,1191.6,389.9,hold,0.30,1211.7,540.0,914.8,12.1,593.9,1055.8,1,283.9,0,0,conf_zoom=0.73|conf_speed=0.85|bounds
15,1191.8,389.9,hold,0.30,1211.9,540.0,916.1,14.3,591.5,1051.5,1,283.9,0,0,conf_zoom=0.73|conf_speed=0.85|bounds
16,1192.0,389.9,hold,0.30,1212.0,540.0,917.3,16.2,589.3,1047.7,1,284.0,0,0,conf_zoom=0.73|conf_speed=0.85|bounds
17,1192.2,389.9,hold,0.30,1212.2,540.0,918.4,17.8,587.4,1044.4,1,284.0,0,0,conf_zoom=0.73|conf_speed=0.85|bounds
18,1192.5,389.9,hold,0.30,1212.4,540.0,919.5,19.3,585.8,1041.5,1,284.1,0,0,conf_zoom=0.73|conf_speed=0.85|bounds
19,1192.8,389.9,hold,0.30,1212.6,540.0,920.4,20.5,584.5,1039.1,1,284.2,0,0,conf_zoom=0.73|conf_speed=0.85|bounds
20,1193.3,390.0,hold,0.30,1213.0,540.0,921.3,21.4,583.4,1037.1,1,284.3,0,0,conf_zoom=0.73|conf_speed=0.85|bounds
21,1193.8,390.0,hold,0.30,1213.5,540.0,922.2,22.1,582.6,1035.7,1,284.3,0,0,conf_zoom=0.73|conf_speed=0.85|bounds
22,1194.5,390.0,hold,0.30,1214.2,540.0,923.1,22.5,582.1,1034.9,1,284.3,0,0,conf_zoom=0.73|conf_speed=0.85|bounds
23,1195.4,390.0,hold,0.30,1215.0,540.0,924.0,22.6,582.1,1034.8,1,284.4,0,0,conf_zoom=0.73|conf_speed=0.85|bounds
24,1196.5,390.0,hold,0.30,1216.2,540.0,925.0,22.3,582.4,1035.4,1,284.3,0,0,conf_zoom=0.73|conf_speed=0.85|bounds
25,1197.9,390.1,hold,0.30,1217.6,540.0,926.0,21.6,583.2,1036.8,1,284.3,0,0,conf_zoom=0.73|conf_speed=0.85|bounds
26,1199.5,390.1,hold,0.30,1219.4,540.0,927.2,20.5,584.4,1039.0,1,284.1,0,0,conf_zoom=0.73|conf_speed=0.85|bounds
27,1201.7,390.1,yolo,0.36,1221.6,540.0,928.5,19.0,586.1,1042.0,1,284.1,0,0,conf_zoom=0.73|conf_speed=0.86|bounds
28,1204.6,390.2,yolo,0.33,1224.2,540.0,930.1,17.1,588.2,1045.7,1,284.4,0,0,conf_zoom=0.74|conf_speed=0.86|bounds
29,1208.3,390.3,yolo,0.33,1227.2,540.0,931.9,15.0,590.6,1049.9,1,285.1,0,0,conf_zoom=0.74|conf_speed=0.86|edge_zoom=0.972|bounds
30,1212.4,390.3,interp,0.38,1230.6,540.0,934.1,12.8,593.1,1054.4,1,285.8,0,0,conf_zoom=0.75|conf_speed=0.86|edge_zoom=0.955|bounds
31,1217.0,390.4,interp,0.38,1234.4,540.0,936.6,10.5,595.7,1058.9,1,286.6,0,0,conf_zoom=0.76|conf_speed=0.87|edge_zoom=0.954|bounds
32,1222.0,390.5,interp,0.38,1238.5,540.0,939.4,8.4,598.1,1063.2,1,287.5,0,0,conf_zoom=0.77|conf_speed=0.87|edge_zoom=0.954|bounds
33,1227.5,390.7,interp,0.38,1242.8,540.0,942.7,6.5,600.2,1066.9,1,288.7,0,0,conf_zoom=0.77|conf_speed=0.88|edge_zoom=0.954|bounds
34,1233.7,390.8,yolo,0.33,1247.1,540.0,946.2,5.0,601.8,1069.9,1,290.6,0,0,conf_zoom=0.77|conf_speed=0.87|edge_zoom=0.953|bounds
35,1242.0,390.9,yolo,0.34,1251.4,540.0,949.9,3.9,603.1,1072.1,1,294.6,0,0,flight_commit=0.19|conf_zoom=0.96|person_ctx=3|conf_speed=0.98|edge_zoom=0.952|bounds
36,1249.5,391.1,interp,0.38,1255.5,540.0,953.5,3.2,603.9,1073.5,1,298.0,0,0,flight_commit=0.28|conf_zoom=0.99|person_ctx=3|conf_speed=0.99|edge_zoom=0.952|bounds
37,1256.9,391.3,yolo,0.32,1259.1,540.0,956.9,2.9,604.3,1074.2,1,301.8,0,0,flight_commit=0.35|person_ctx=4|edge_zoom=0.952|bounds
38,1265.0,391.6,yolo,0.32,1262.0,540.0,959.8,2.8,604.3,1074.4,1,301.0,0,0,flight_commit=0.43|person_ctx=4|edge_zoom=0.952|bounds
39,1271.5,391.9,interp,0.38,1264.0,540.0,961.8,2.9,604.3,1074.2,1,296.5,0,0,flight_commit=0.39|person_ctx=4|edge_zoom=0.954|bounds
40,1277.2,392.2,yolo,0.35,1264.8,540.0,962.8,3.0,604.1,1074.0,1,291.6,0,0,flight_commit=0.32|conf_zoom=1.00|person_ctx=4|conf_speed=1.00|edge_zoom=0.955|bounds
41,1281.9,392.5,interp,0.38,1264.3,540.0,962.3,3.0,604.1,1074.0,1,286.4,0,0,flight_commit=0.20|conf_zoom=0.96|person_ctx=4|conf_speed=0.98|edge_zoom=0.957|bounds
42,1285.4,392.8,yolo,0.34,1262.3,540.0,960.1,2.8,604.4,1074.5,1,280.9,0,0,flight_commit=0.05|conf_zoom=0.92|person_ctx=4|conf_speed=0.96|edge_zoom=0.958|bounds
43,1287.7,393.1,yolo,0.40,1258.5,540.0,956.0,2.2,605.0,1075.5,1,274.8,0,0,conf_zoom=0.78|conf_speed=0.88|edge_zoom=0.959|bounds
44,1286.9,393.2,interp,0.38,1252.8,540.0,949.8,1.3,606.0,1077.4,1,269.9,0,0,conf_zoom=0.78|person_ctx=4|conf_speed=0.88|edge_zoom=0.955|bounds
45,1284.3,393.2,interp,0.38,1245.1,540.0,941.3,0.0,607.6,1080.1,1,264.8,0,0,conf_zoom=0.79|person_ctx=4|conf_speed=0.88|edge_zoom=0.956|bounds
46,1279.5,393.1,interp,0.38,1235.4,541.9,930.6,0.0,609.6,1083.8,1,259.9,0,0,conf_zoom=0.79|conf_speed=0.88|edge_zoom=0.955|bounds
47,1272.6,393.0,interp,0.38,1223.7,544.2,917.5,0.0,612.2,1088.4,1,255.1,0,0,conf_zoom=0.79|conf_speed=0.89|edge_zoom=0.954|bounds
48,1263.0,392.7,yolo,0.43,1210.0,547.0,902.3,0.0,615.4,1094.0,1,251.0,0,0,flight_commit=0.22|conf_zoom=0.97|conf_speed=0.98|edge_zoom=0.951|bounds
49,1250.0,392.2,interp,0.38,1194.4,550.2,884.9,0.0,619.0,1100.4,1,248.4,0,0,flight_commit=0.64|edge_zoom=0.948|bounds
50,1233.5,391.6,yolo,0.40,1177.2,553.8,865.8,0.0,623.0,1107.5,1,247.7,0,0,flight_commit=1.00|edge_zoom=0.948|bounds
51,1208.1,390.4,interp,0.50,1158.6,557.5,845.0,0.0,627.2,1115.0,1,254.5,0,0,shot_pb=0.00|flight_commit=1.00|edge_zoom=0.947|bounds
52,1179.9,389.1,interp,0.50,1138.8,561.4,823.1,0.0,631.5,1122.7,1,262.9,0,0,shot_pb=0.20|flight_commit=1.00|edge_zoom=0.946|bounds
53,1150.0,387.6,interp,0.50,1118.2,565.1,800.3,0.0,635.8,1130.3,1,272.2,0,0,shot_pb=0.40|flight_commit=1.00|edge_zoom=0.945|bounds
54,1119.1,386.1,interp,0.50,1096.9,568.7,777.0,0.0,639.8,1137.5,1,281.8,0,0,accel_zoom=0.945|shot_pb=0.60|flight_commit=1.00|edge_zoom=0.944|bounds
55,1088.0,384.7,interp,0.50,1075.5,572.0,753.7,0.0,643.5,1144.0,1,291.5,0,0,accel_zoom=0.932|shot_pb=0.80|flight_commit=1.00|edge_zoom=0.944|bounds
56,1057.1,383.3,interp,0.50,1054.0,574.8,730.7,0.0,646.7,1149.7,1,300.9,0,1,accel_zoom=0.915|shot_pb=1.00|flight_commit=1.00|keepin_prop=0.01|keepin_zoom=1.350|edge_zoom=0.944|bounds
57,1026.8,382.0,interp,0.50,1033.0,577.2,708.3,0.0,649.4,1154.5,1,297.8,0,0,accel_zoom=0.895|shot_pb=1.00|flight_commit=1.00|edge_zoom=0.943|bounds
58,997.6,380.8,interp,0.50,1012.6,579.1,686.8,0.0,651.5,1158.3,1,289.0,0,1,accel_zoom=0.895|shot_pb=1.00|flight_commit=1.00|keepin_prop=0.00|keepin_zoom=1.350|edge_zoom=0.944|bounds
59,969.6,379.8,interp,0.50,993.1,580.5,666.6,0.0,653.1,1161.1,1,280.5,0,0,accel_zoom=0.895|shot_pb=1.00|flight_commit=1.00|edge_zoom=0.942|bounds
60,943.1,379.0,interp,0.50,974.9,581.5,647.8,0.0,654.2,1163.0,1,272.2,0,1,accel_zoom=0.895|shot_pb=1.00|flight_commit=1.00|keepin_prop=0.00|keepin_zoom=1.350|edge_zoom=0.943|bounds
61,918.3,378.5,interp,0.50,958.1,582.0,630.7,0.0,654.8,1164.0,1,264.2,0,0,accel_zoom=0.895|shot_pb=1.00|flight_commit=1.00|edge_zoom=0.942|bounds
62,895.4,378.4,interp,0.50,943.1,582.2,615.6,0.0,655.0,1164.4,1,256.3,0,1,accel_zoom=0.895|shot_pb=1.00|flight_commit=1.00|keepin_prop=0.00|keepin_zoom=1.350|edge_zoom=0.943|bounds
63,874.5,378.6,interp,0.50,930.1,582.0,602.8,0.0,654.8,1164.0,1,248.4,0,0,shot_pb=1.00|flight_commit=1.00|edge_zoom=0.943|bounds
64,855.7,379.3,interp,0.50,919.4,581.5,592.3,0.0,654.2,1163.1,1,240.3,0,1,shot_pb=1.00|flight_commit=1.00|keepin_prop=0.01|keepin_zoom=1.350|edge_zoom=0.942|bounds
65,839.2,380.5,interp,0.50,911.3,580.8,584.6,0.0,653.4,1161.6,1,231.9,0,0,shot_pb=1.00|flight_commit=1.00|edge_zoom=0.946|bounds
66,825.0,382.5,interp,0.50,905.8,579.9,579.6,0.0,652.3,1159.7,1,223.2,0,1,shot_pb=1.00|flight_commit=1.00|keepin_prop=0.04|keepin_zoom=1.350|edge_zoom=0.941|bounds
67,813.4,385.2,interp,0.50,903.3,578.8,577.7,0.0,651.1,1157.5,1,214.1,0,0,shot_pb=1.00|flight_commit=1.00|edge_zoom=0.954|bounds
68,804.5,389.0,interp,0.50,903.8,577.6,578.9,0.0,649.8,1155.2,1,204.7,0,1,shot_pb=1.00|flight_commit=1.00|keepin_prop=0.06|keepin_zoom=1.350|edge_zoom=0.942|bounds
69,798.4,394.0,interp,0.50,907.5,576.4,583.2,0.0,648.5,1152.9,1,194.9,0,0,shot_pb=1.00|flight_commit=1.00|edge_zoom=0.971|bounds
70,795.4,400.5,interp,0.50,914.3,575.4,590.6,0.0,647.4,1150.9,1,185.1,0,0,shot_pb=1.00|flight_commit=1.00|bounds
71,795.6,408.8,interp,0.50,924.1,574.6,600.9,0.0,646.5,1149.3,1,175.5,0,0,shot_pb=1.00|flight_commit=1.00|edge_zoom=0.992|bounds
72,799.4,419.5,interp,0.50,936.8,574.1,613.9,0.0,645.9,1148.2,1,166.6,0,0,shot_pb=1.00|flight_commit=1.00|edge_zoom=0.991|bounds
73,808.1,436.7,blended,0.75,952.3,573.9,629.4,0.0,645.7,1147.9,1,159.8,0,0,shot_pb=1.00|flight_commit=1.00|edge_zoom=0.996|bounds
74,822.0,468.0,centroid,0.22,970.1,574.1,647.2,0.0,645.9,1148.3,1,155.9,0,0,shot_pb=1.00|flight_commit=1.00|edge_zoom=0.993|bounds
75,838.4,478.0,centroid,0.23,990.1,574.7,666.8,0.0,646.5,1149.3,1,152.3,0,0,shot_pb=1.00|flight_commit=1.00|bounds
76,859.1,484.2,centroid,0.23,1011.9,575.5,688.1,0.0,647.4,1151.0,1,151.2,0,0,accel_zoom=0.940|shot_pb=1.00|flight_commit=1.00|edge_zoom=0.993|bounds
77,883.7,487.1,centroid,0.23,1035.1,576.5,710.8,0.0,648.6,1153.1,1,152.6,0,1,accel_zoom=0.929|shot_pb=1.00|flight_commit=1.00|keepin_prop=0.01|keepin_zoom=1.350|edge_zoom=0.984|bounds
78,911.9,487.3,centroid,0.24,1059.6,577.7,734.6,0.0,649.9,1155.4,1,156.3,0,0,accel_zoom=0.920|shot_pb=1.00|flight_commit=1.00|edge_zoom=0.985|bounds
79,943.3,485.2,centroid,0.24,1085.0,578.9,759.3,0.0,651.2,1157.8,1,162.3,0,1,accel_zoom=0.912|shot_pb=1.00|flight_commit=1.00|keepin_prop=0.00|keepin_zoom=1.350|edge_zoom=0.984|bounds
80,977.6,481.1,centroid,0.24,1111.0,580.0,784.7,0.0,652.5,1160.1,1,170.6,0,0,accel_zoom=0.905|shot_pb=1.00|flight_commit=1.00|edge_zoom=0.978|bounds
81,1014.3,475.4,centroid,0.25,1137.5,581.1,810.7,0.0,653.7,1162.1,1,180.8,0,0,accel_zoom=0.900|shot_pb=1.00|flight_commit=1.00|edge_zoom=0.975|bounds
82,1052.9,468.4,centroid,0.25,1164.2,582.0,836.9,0.0,654.7,1163.9,1,192.7,0,1,accel_zoom=0.897|shot_pb=1.00|flight_commit=1.00|keepin_prop=0.01|keepin_zoom=1.350|edge_zoom=0.977|bounds
83,1092.8,460.4,centroid,0.25,1191.0,582.7,863.3,0.0,655.5,1165.4,1,205.8,0,0,accel_zoom=0.897|shot_pb=1.00|flight_commit=1.00|edge_zoom=0.969|bounds
84,1133.4,451.7,centroid,0.26,1217.7,583.2,889.7,0.0,656.1,1166.5,1,219.7,0,0,accel_zoom=0.897|shot_pb=1.00|flight_commit=1.00|flight_boost=1.00|edge_zoom=0.967|bounds
85,1173.9,442.7,centroid,0.26,1244.1,583.7,915.8,0.0,656.6,1167.3,1,233.8,0,0,shot_pb=1.00|flight_commit=1.00|flight_boost=1.03|edge_zoom=0.966|bounds
86,1213.8,433.7,centroid,0.26,1270.1,584.0,941.6,0.0,657.0,1167.9,1,247.7,0,0,shot_pb=1.00|flight_commit=1.00|flight_boost=1.05|edge_zoom=0.960|bounds
87,1252.4,425.1,centroid,0.27,1295.4,584.2,966.8,0.0,657.2,1168.3,1,261.0,0,0,flight_commit=1.00|flight_boost=1.05|edge_zoom=0.965|bounds
88,1289.0,417.1,centroid,0.27,1319.9,584.3,991.2,0.0,657.3,1168.6,1,273.1,0,0,shot_pb=1.00|flight_commit=1.00|flight_boost=1.06|edge_zoom=0.947|bounds
89,1323.4,410.1,centroid,0.27,1343.4,584.4,1014.7,0.0,657.4,1168.8,1,284.0,0,0,shot_pb=1.00|flight_commit=1.00|flight_boost=1.04|edge_zoom=0.949|bounds
90,1355.2,404.0,centroid,0.28,1365.7,584.4,1036.9,0.0,657.5,1168.9,1,293.5,0,1,shot_pb=1.00|flight_commit=1.00|keepin_prop=0.00|keepin_zoom=1.350|flight_boost=1.02|edge_zoom=0.953|bounds
91,1384.3,398.8,centroid,0.28,1386.7,584.5,1057.9,0.0,657.5,1168.9,1,301.6,0,0,shot_pb=1.00|flight_commit=1.00|edge_zoom=0.945|bounds
92,1410.6,394.6,centroid,0.28,1406.2,584.5,1077.5,0.0,657.5,1168.9,1,299.6,0,0,shot_pb=1.00|flight_commit=1.00|person_ctx=4|edge_zoom=0.944|bounds
93,1434.2,391.1,centroid,0.29,1424.2,584.5,1095.5,0.0,657.5,1168.9,1,294.0,0,1,shot_pb=1.00|flight_commit=1.00|person_ctx=4|keepin_prop=0.04|keepin_zoom=1.350|edge_zoom=0.945|bounds
94,1455.0,388.2,centroid,0.29,1440.6,584.5,1111.8,0.0,657.5,1168.9,1,289.6,0,0,shot_pb=1.00|flight_commit=1.00|person_ctx=4|edge_zoom=0.942|bounds
95,1473.1,385.9,centroid,0.29,1455.3,584.5,1126.5,0.0,657.5,1168.9,1,286.2,0,1,shot_pb=1.00|flight_commit=1.00|person_ctx=4|keepin_prop=0.04|keepin_zoom=1.350|edge_zoom=0.943|bounds
96,1488.4,383.9,centroid,0.30,1468.4,584.5,1139.6,0.0,657.5,1168.9,1,284.0,0,0,shot_pb=1.00|flight_commit=1.00|edge_zoom=0.941|bounds
97,1500.7,382.2,centroid,0.30,1479.9,584.5,1151.1,0.0,657.5,1168.9,1,283.2,0,1,shot_pb=1.00|flight_commit=1.00|person_ctx=4|keepin_prop=0.06|keepin_zoom=1.350|edge_zoom=0.940|bounds
98,1507.4,380.6,centroid,0.30,1489.8,584.5,1161.1,0.0,657.5,1168.9,1,286.4,0,1,shot_pb=1.00|flight_commit=1.00|person_ctx=4|keepin_prop=0.00|keepin_zoom=1.350|edge_zoom=0.944|bounds
99,1511.8,379.2,centroid,0.30,1498.4,584.5,1169.6,0.0,657.5,1168.9,1,290.6,0,0,shot_pb=1.00|flight_commit=1.00|person_ctx=4|edge_zoom=0.933|bounds
100,1514.6,378.0,centroid,0.30,1505.7,584.4,1176.9,0.0,657.5,1168.9,1,295.1,0,1,shot_pb=1.00|flight_commit=1.00|person_ctx=4|keepin_prop=0.04|keepin_zoom=1.350|edge_zoom=0.940|bounds
101,1516.4,376.9,centroid,0.30,1511.8,584.4,1183.1,0.0,657.5,1168.9,1,299.4,0,0,shot_pb=1.00|flight_commit=1.00|edge_zoom=0.924|bounds
102,1517.6,375.9,centroid,0.30,1517.0,584.4,1188.3,0.0,657.5,1168.8,1,303.4,0,1,shot_pb=1.00|flight_commit=1.00|person_ctx=4|keepin_prop=0.03|keepin_zoom=1.350|edge_zoom=0.939|bounds
103,1518.6,374.9,centroid,0.30,1521.4,584.4,1192.7,0.0,657.4,1168.8,1,301.2,0,0,shot_pb=1.00|flight_commit=1.00|person_ctx=4|edge_zoom=0.917|bounds
104,1519.5,374.0,centroid,0.30,1525.1,584.3,1196.4,0.0,657.4,1168.7,1,298.4,0,1,shot_pb=1.00|flight_commit=1.00|person_ctx=4|keepin_prop=0.02|keepin_zoom=1.350|edge_zoom=0.940|bounds
105,1520.8,373.2,centroid,0.30,1528.4,584.3,1199.7,0.0,657.3,1168.6,1,296.4,0,1,shot_pb=1.00|flight_commit=1.00|person_ctx=4|keepin_prop=0.00|keepin_zoom=1.350|edge_zoom=0.941|bounds
106,1522.6,372.3,centroid,0.30,1531.3,584.2,1202.7,0.0,657.3,1168.5,1,295.3,0,0,shot_pb=1.00|flight_commit=1.00|person_ctx=4|edge_zoom=0.926|bounds
107,1524.9,371.6,centroid,0.30,1534.0,584.2,1205.4,0.0,657.2,1168.3,1,294.9,0,1,shot_pb=1.00|flight_commit=1.00|keepin_prop=0.08|keepin_zoom=1.350|edge_zoom=0.934|bounds
108,1527.9,370.9,centroid,0.30,1536.6,584.1,1208.0,0.0,657.1,1168.2,1,295.3,0,1,shot_pb=1.00|flight_commit=1.00|person_ctx=3|keepin_prop=0.00|keepin_zoom=1.350|edge_zoom=0.940|bounds
109,1531.6,370.2,centroid,0.30,1539.1,584.0,1210.6,0.0,657.0,1168.0,1,296.5,0,0,shot_pb=1.00|flight_commit=1.00|person_ctx=3|edge_zoom=0.934|bounds
110,1535.9,369.5,centroid,0.30,1541.6,583.9,1213.1,0.0,656.9,1167.8,1,298.3,0,1,shot_pb=1.00|flight_commit=1.00|person_ctx=3|keepin_prop=0.08|keepin_zoom=1.350|edge_zoom=0.933|bounds
111,1540.8,368.9,centroid,0.30,1544.1,583.8,1215.7,0.0,656.8,1167.7,1,300.7,0,1,shot_pb=1.00|flight_commit=1.00|person_ctx=3|keepin_prop=0.00|keepin_zoom=1.350|edge_zoom=0.939|bounds
112,1546.1,368.4,centroid,0.30,1546.6,583.8,1218.2,0.0,656.8,1167.6,1,303.5,0,0,shot_pb=1.00|flight_commit=1.00|edge_zoom=0.936|bounds
113,1551.9,367.8,centroid,0.30,1549.1,583.7,1220.8,0.0,656.7,1167.5,1,301.2,0,1,shot_pb=1.00|flight_commit=1.00|keepin_prop=0.08|keepin_zoom=1.350|edge_zoom=0.932|bounds
114,1558.1,367.3,centroid,0.30,1551.5,583.7,1223.1,0.0,656.7,1167.4,1,297.4,0,1,shot_pb=1.00|flight_commit=1.00|keepin_prop=0.00|keepin_zoom=1.350|edge_zoom=0.938|bounds
115,1564.8,366.7,centroid,0.30,1553.7,583.7,1225.3,0.0,656.7,1167.4,1,292.9,0,0,shot_pb=1.00|flight_commit=1.00|edge_zoom=0.936|bounds
116,1571.8,366.2,centroid,0.30,1555.5,583.7,1227.2,0.0,656.7,1167.5,1,287.7,0,1,shot_pb=1.00|flight_commit=1.00|person_ctx=4|keepin_prop=0.05|keepin_zoom=1.350|edge_zoom=0.934|bounds
117,1579.0,365.7,centroid,0.30,1556.9,583.8,1228.5,0.0,656.7,1167.5,1,281.9,0,1,shot_pb=1.00|flight_commit=1.00|person_ctx=4|keepin_prop=0.00|keepin_zoom=1.350|edge_zoom=0.938|bounds
118,1586.2,365.2,centroid,0.30,1557.7,583.8,1229.3,0.0,656.8,1167.6,1,275.5,0,0,shot_pb=1.00|flight_commit=1.00|person_ctx=4|edge_zoom=0.936|bounds
119,1593.2,364.7,centroid,0.30,1557.8,583.9,1229.4,0.0,656.9,1167.7,1,268.6,0,1,shot_pb=1.00|flight_commit=1.00|person_ctx=4|keepin_prop=0.03|keepin_zoom=1.350|edge_zoom=0.935|bounds
120,1599.5,364.1,centroid,0.30,1557.0,583.9,1228.5,0.0,656.9,1167.8,1,261.5,0,1,shot_pb=1.00|flight_commit=1.00|person_ctx=3|keepin_prop=0.00|keepin_zoom=1.350|edge_zoom=0.938|bounds
121,1605.2,363.5,centroid,0.30,1555.2,584.0,1226.7,0.0,657.0,1167.9,1,254.0,0,0,shot_pb=1.00|flight_commit=1.00|person_ctx=4|edge_zoom=0.934|bounds
122,1610.0,362.9,centroid,0.30,1552.3,584.0,1223.8,0.0,657.0,1168.0,1,246.3,0,1,shot_pb=1.00|flight_commit=1.00|person_ctx=3|keepin_prop=0.01|keepin_zoom=1.350|edge_zoom=0.936|bounds
123,1613.8,362.2,centroid,0.30,1548.2,584.1,1219.7,0.0,657.1,1168.1,1,238.4,0,0,shot_pb=1.00|flight_commit=1.00|edge_zoom=0.931|bounds
124,1616.7,361.4,centroid,0.30,1543.1,584.1,1214.5,0.0,657.1,1168.2,1,230.4,0,1,shot_pb=1.00|flight_commit=1.00|person_ctx=3|keepin_prop=0.00|keepin_zoom=1.350|edge_zoom=0.936|bounds
125,1618.6,360.6,centroid,0.30,1536.8,584.2,1208.2,0.0,657.2,1168.3,1,222.2,0,0,shot_pb=1.00|flight_commit=1.00|person_ctx=3|edge_zoom=0.922|bounds
126,1619.4,359.7,centroid,0.30,1529.5,584.2,1200.9,0.0,657.2,1168.4,1,214.1,0,0,shot_pb=1.00|flight_commit=1.00|edge_zoom=0.911|bounds
127,1619.2,358.7,centroid,0.30,1521.4,584.3,1192.8,0.0,657.3,1168.5,1,206.2,1,0,shot_pb=1.00|flight_commit=1.00|speed|edge_zoom=0.903|bounds
128,1618.0,357.7,centroid,0.30,1512.6,584.3,1183.9,0.0,657.3,1168.6,1,198.6,0,0,shot_pb=1.00|flight_commit=1.00|edge_zoom=0.913|bounds
129,1615.8,356.6,centroid,0.30,1503.3,584.3,1174.6,0.0,657.4,1168.7,1,191.5,0,0,shot_pb=1.00|flight_commit=1.00|edge_zoom=0.920|bounds
130,1612.7,355.5,centroid,0.30,1493.7,584.4,1165.0,0.0,657.4,1168.7,1,185.0,0,1,shot_pb=1.00|flight_commit=1.00|person_ctx=3|keepin_prop=0.02|keepin_zoom=1.350|edge_zoom=0.932|bounds
131,1608.6,354.4,centroid,0.30,1483.9,584.4,1155.2,0.0,657.4,1168.8,1,179.3,0,0,shot_pb=1.00|flight_commit=1.00|person_ctx=3|edge_zoom=0.925|bounds
132,1603.5,353.2,centroid,0.30,1474.1,584.4,1145.4,0.0,657.4,1168.8,1,174.6,0,1,shot_pb=1.00|flight_commit=1.00|person_ctx=3|keepin_prop=0.08|keepin_zoom=1.350|edge_zoom=0.926|bounds
133,1597.5,352.0,centroid,0.30,1464.5,584.4,1135.7,0.0,657.4,1168.8,1,171.0,0,1,shot_pb=1.00|flight_commit=1.00|person_ctx=4|keepin_prop=0.00|keepin_zoom=1.350|edge_zoom=0.933|bounds
134,1590.6,350.8,centroid,0.30,1455.0,584.4,1126.2,0.0,657.4,1168.8,1,168.4,0,0,shot_pb=1.00|flight_commit=1.00|person_ctx=4|edge_zoom=0.927|bounds
135,1582.9,349.7,centroid,0.30,1445.7,584.4,1116.9,0.0,657.4,1168.7,1,166.8,0,1,shot_pb=1.00|flight_commit=1.00|person_ctx=4|keepin_prop=0.05|keepin_zoom=1.350|edge_zoom=0.927|bounds
136,1574.5,348.6,centroid,0.30,1436.5,584.3,1107.9,0.0,657.4,1168.7,1,166.0,0,1,shot_pb=1.00|flight_commit=1.00|person_ctx=4|keepin_prop=0.00|keepin_zoom=1.350|edge_zoom=0.932|bounds
137,1565.4,347.5,centroid,0.30,1427.6,584.3,1098.9,0.0,657.3,1168.6,1,166.2,0,0,shot_pb=1.00|flight_commit=1.00|person_ctx=4|edge_zoom=0.927|bounds
138,1555.8,346.6,centroid,0.30,1418.8,584.3,1090.1,0.0,657.3,1168.5,1,167.0,0,1,shot_pb=1.00|flight_commit=1.00|person_ctx=4|keepin_prop=0.04|keepin_zoom=1.350|edge_zoom=0.927|bounds
139,1545.8,345.7,centroid,0.30,1410.0,584.2,1081.4,0.0,657.3,1168.5,1,168.2,0,0,shot_pb=1.00|flight_commit=1.00|person_ctx=3|edge_zoom=0.928|bounds
140,1535.4,344.9,centroid,0.30,1401.2,584.2,1072.6,0.0,657.2,1168.4,1,169.8,0,1,shot_pb=1.00|flight_commit=1.00|person_ctx=4|keepin_prop=0.08|keepin_zoom=1.350|edge_zoom=0.923|bounds
141,1524.8,344.3,centroid,0.30,1392.4,584.1,1063.8,0.0,657.2,1168.3,1,171.6,0,1,shot_pb=1.00|flight_commit=1.00|keepin_prop=0.00|keepin_zoom=1.350|edge_zoom=0.930|bounds
142,1513.8,343.8,centroid,0.30,1383.4,584.1,1054.8,0.0,657.1,1168.2,1,173.6,0,0,shot_pb=1.00|flight_commit=1.00|edge_zoom=0.928|bounds
143,1502.6,343.3,centroid,0.30,1374.2,584.1,1045.7,0.0,657.1,1168.2,1,175.6,0,1,shot_pb=1.00|flight_commit=1.00|person_ctx=4|keepin_prop=0.03|keepin_zoom=1.350|edge_zoom=0.926|bounds
144,1491.2,343.0,centroid,0.30,1364.8,584.1,1036.3,0.0,657.1,1168.1,1,177.6,0,0,shot_pb=1.00|flight_commit=1.00|person_ctx=4|edge_zoom=0.929|bounds
145,1479.5,342.8,centroid,0.30,1355.3,584.1,1026.7,0.0,657.1,1168.1,1,179.8,0,1,shot_pb=1.00|flight_commit=1.00|person_ctx=4|keepin_prop=0.07|keepin_zoom=1.350|edge_zoom=0.922|bounds
146,1467.6,342.7,centroid,0.30,1345.5,584.1,1016.9,0.0,657.1,1168.1,1,181.9,0,1,shot_pb=1.00|flight_commit=1.00|person_ctx=4|keepin_prop=0.00|keepin_zoom=1.350|edge_zoom=0.929|bounds
147,1455.4,342.6,centroid,0.30,1335.5,584.1,1006.9,0.0,657.1,1168.2,1,184.1,0,0,shot_pb=1.00|flight_commit=1.00|edge_zoom=0.929|bounds
148,1443.1,342.7,centroid,0.30,1325.3,584.1,996.7,0.0,657.1,1168.2,1,186.2,0,1,shot_pb=1.00|flight_commit=1.00|person_ctx=4|keepin_prop=0.03|keepin_zoom=1.350|edge_zoom=0.926|bounds
149,1430.5,342.8,centroid,0.30,1315.0,584.2,986.5,0.0,657.2,1168.3,1,188.5,0,0,shot_pb=1.00|flight_commit=1.00|person_ctx=4|edge_zoom=0.930|bounds
150,1417.7,342.9,centroid,0.30,1304.8,584.2,976.1,0.0,657.2,1168.4,1,191.1,0,1,shot_pb=1.00|flight_commit=1.00|person_ctx=4|keepin_prop=0.04|keepin_zoom=1.350|edge_zoom=0.925|bounds
151,1404.8,343.1,centroid,0.30,1294.5,584.2,965.9,0.0,657.3,1168.5,1,193.7,0,0,shot_pb=1.00|flight_commit=1.00|person_ctx=4|edge_zoom=0.930|bounds
152,1391.7,343.4,centroid,0.30,1284.4,584.3,955.7,0.0,657.3,1168.6,1,196.7,0,1,shot_pb=1.00|flight_commit=1.00|person_ctx=4|keepin_prop=0.01|keepin_zoom=1.350|edge_zoom=0.928|bounds
153,1378.7,343.7,centroid,0.30,1274.4,584.3,945.7,0.0,657.4,1168.7,1,199.7,0,0,shot_pb=1.00|flight_commit=1.00|person_ctx=4|edge_zoom=0.930|bounds
154,1365.6,344.1,centroid,0.30,1264.8,584.4,936.1,0.0,657.4,1168.7,1,203.2,0,0,shot_pb=1.00|flight_commit=1.00|person_ctx=4|edge_zoom=0.931|bounds
155,1352.6,344.6,centroid,0.30,1255.4,584.4,926.7,0.0,657.4,1168.8,1,206.8,0,0,shot_pb=1.00|flight_commit=1.00|person_ctx=4|edge_zoom=0.931|bounds
156,1339.8,345.1,centroid,0.30,1246.4,584.4,917.7,0.0,657.5,1168.8,1,210.6,0,0,shot_pb=1.00|flight_commit=1.00|person_ctx=4|edge_zoom=0.931|bounds
157,1327.1,345.7,centroid,0.30,1237.8,584.4,909.0,0.0,657.5,1168.9,1,214.7,0,0,shot_pb=1.00|flight_commit=1.00|person_ctx=4|edge_zoom=0.931|bounds
158,1314.7,346.3,centroid,0.30,1229.5,584.4,900.7,0.0,657.5,1168.9,1,218.8,0,0,shot_pb=1.00|flight_commit=1.00|person_ctx=4|edge_zoom=0.931|bounds
159,1302.5,347.0,centroid,0.30,1221.5,584.5,892.7,0.0,657.5,1168.9,1,223.0,0,0,shot_pb=1.00|flight_commit=1.00|person_ctx=4|edge_zoom=0.932|bounds
160,1290.7,347.7,centroid,0.30,1213.7,584.5,885.0,0.0,657.5,1168.9,1,227.0,0,0,shot_pb=1.00|flight_commit=1.00|person_ctx=4|edge_zoom=0.932|bounds
161,1279.2,348.5,centroid,0.30,1206.2,584.5,877.4,0.0,657.5,1168.9,1,231.0,0,0,shot_pb=1.00|flight_commit=1.00|person_ctx=4|edge_zoom=0.932|bounds
162,1268.2,349.2,centroid,0.30,1198.8,584.5,870.0,0.0,657.5,1168.9,1,234.6,0,0,shot_pb=1.00|flight_commit=1.00|person_ctx=4|edge_zoom=0.933|bounds
163,1257.4,350.0,centroid,0.30,1191.4,584.5,862.6,0.0,657.5,1168.9,1,238.0,0,0,shot_pb=1.00|flight_commit=1.00|person_ctx=4|edge_zoom=0.933|bounds
164,1247.1,350.7,centroid,0.30,1184.0,584.5,855.3,0.0,657.5,1168.9,1,240.9,0,0,shot_pb=1.00|flight_commit=1.00|person_ctx=4|edge_zoom=0.933|bounds
165,1237.1,351.5,centroid,0.30,1176.7,584.5,847.9,0.0,657.5,1168.9,1,243.6,0,0,shot_pb=1.00|flight_commit=1.00|person_ctx=4|edge_zoom=0.934|bounds
166,1227.5,352.2,centroid,0.30,1169.3,584.4,840.5,0.0,657.5,1168.9,1,245.8,0,0,shot_pb=1.00|flight_commit=1.00|person_ctx=4|edge_zoom=0.934|bounds
167,1218.2,353.0,centroid,0.30,1161.8,584.4,833.1,0.0,657.5,1168.8,1,247.6,0,0,shot_pb=1.00|flight_commit=1.00|person_ctx=4|edge_zoom=0.934|bounds
168,1209.2,353.7,centroid,0.30,1154.4,584.4,825.7,0.0,657.4,1168.8,1,249.2,0,0,shot_pb=1.00|flight_commit=1.00|person_ctx=4|edge_zoom=0.935|bounds
169,1200.5,354.3,centroid,0.30,1147.1,584.3,818.4,0.0,657.4,1168.7,1,250.6,0,0,shot_pb=1.00|flight_commit=1.00|person_ctx=4|edge_zoom=0.935|bounds
170,1192.1,355.0,centroid,0.30,1139.9,584.3,811.3,0.0,657.3,1168.6,1,251.8,0,0,shot_pb=1.00|flight_commit=1.00|person_ctx=4|edge_zoom=0.935|bounds
171,1184.0,355.6,centroid,0.30,1132.9,584.2,804.3,0.0,657.2,1168.4,1,252.9,0,0,shot_pb=1.00|flight_commit=1.00|person_ctx=4|edge_zoom=0.936|bounds
172,1176.1,356.1,centroid,0.30,1126.2,584.1,797.6,0.0,657.1,1168.2,1,254.1,0,0,shot_pb=1.00|flight_commit=1.00|person_ctx=4|edge_zoom=0.936|bounds
173,1168.5,356.7,centroid,0.30,1119.8,584.0,791.3,0.0,657.0,1168.0,1,255.3,0,0,shot_pb=1.00|flight_commit=1.00|person_ctx=4|edge_zoom=0.936|bounds
174,1161.1,357.1,centroid,0.30,1113.7,583.8,785.2,0.0,656.8,1167.7,1,256.6,0,1,shot_pb=1.00|flight_commit=1.00|person_ctx=4|keepin_prop=0.01|keepin_zoom=1.350|edge_zoom=0.934|bounds
175,1153.9,357.5,centroid,0.30,1107.9,583.7,779.6,0.0,656.6,1167.4,1,258.0,0,0,shot_pb=1.00|flight_commit=1.00|person_ctx=4|edge_zoom=0.936|bounds
176,1147.0,357.9,centroid,0.30,1102.5,583.5,774.3,0.0,656.5,1167.1,1,259.5,0,1,shot_pb=1.00|flight_commit=1.00|person_ctx=4|keepin_prop=0.00|keepin_zoom=1.350|edge_zoom=0.935|bounds
177,1140.2,358.2,centroid,0.30,1097.5,583.4,769.4,0.0,656.3,1166.8,1,261.3,0,0,shot_pb=1.00|flight_commit=1.00|person_ctx=4|edge_zoom=0.936|bounds
178,1133.7,358.4,centroid,0.30,1092.8,583.3,764.8,0.0,656.2,1166.5,1,263.1,0,1,shot_pb=1.00|flight_commit=1.00|person_ctx=4|keepin_prop=0.01|keepin_zoom=1.350|edge_zoom=0.935|bounds
179,1127.5,358.7,centroid,0.30,1088.5,583.2,760.5,0.0,656.1,1166.3,1,265.0,0,0,shot_pb=1.00|flight_commit=1.00|edge_zoom=0.937|bounds
180,1121.4,358.9,centroid,0.30,1084.4,583.1,756.4,0.0,656.0,1166.2,1,267.0,0,1,shot_pb=1.00|flight_commit=1.00|keepin_prop=0.02|keepin_zoom=1.350|edge_zoom=0.933|bounds
181,1115.7,359.1,centroid,0.30,1080.6,583.0,752.6,0.0,655.9,1166.1,1,268.9,0,0,shot_pb=1.00|flight_commit=1.00|edge_zoom=0.937|bounds
182,1110.1,359.4,centroid,0.30,1077.0,583.0,749.0,0.0,655.9,1166.1,1,270.9,0,1,shot_pb=1.00|flight_commit=1.00|keepin_prop=0.06|keepin_zoom=1.350|edge_zoom=0.930|bounds
183,1104.8,359.6,centroid,0.30,1073.5,583.0,745.6,0.0,655.9,1166.1,1,272.7,0,1,shot_pb=1.00|flight_commit=1.00|keepin_prop=0.00|keepin_zoom=1.350|edge_zoom=0.936|bounds
184,1099.8,359.8,centroid,0.30,1070.3,583.0,742.4,0.0,655.9,1166.0,1,274.5,0,0,shot_pb=1.00|flight_commit=1.00|person_ctx=4|edge_zoom=0.937|bounds
185,1095.0,360.0,centroid,0.30,1067.3,583.0,739.3,0.0,655.9,1166.0,1,276.3,0,1,shot_pb=1.00|flight_commit=1.00|keepin_prop=0.06|keepin_zoom=1.350|edge_zoom=0.930|bounds
186,1090.5,360.2,centroid,0.30,1064.4,583.0,736.5,0.0,655.8,1165.9,1,277.9,0,1,shot_pb=1.00|flight_commit=1.00|keepin_prop=0.00|keepin_zoom=1.350|edge_zoom=0.936|bounds
187,1086.3,360.4,centroid,0.30,1061.7,582.9,733.8,0.0,655.7,1165.8,1,279.4,0,0,shot_pb=1.00|flight_commit=1.00|person_ctx=4|edge_zoom=0.938|bounds
188,1082.3,360.6,centroid,0.30,1059.3,582.8,731.5,0.0,655.6,1165.6,1,281.0,0,1,shot_pb=1.00|flight_commit=1.00|keepin_prop=0.09|keepin_zoom=1.350|edge_zoom=0.928|bounds
189,1078.7,360.8,centroid,0.30,1057.2,582.7,729.4,0.0,655.5,1165.4,1,282.5,0,1,shot_pb=1.00|flight_commit=1.00|keepin_prop=0.01|keepin_zoom=1.350|edge_zoom=0.936|bounds
190,1075.3,360.9,centroid,0.30,1055.4,582.6,727.7,0.0,655.4,1165.1,1,284.1,0,0,shot_pb=1.00|flight_commit=1.00|edge_zoom=0.938|bounds
191,1072.2,361.1,centroid,0.30,1054.2,582.5,726.5,0.0,655.3,1164.9,1,286.0,0,1,shot_pb=1.00|flight_commit=1.00|keepin_prop=0.10|keepin_zoom=1.350|edge_zoom=0.928|bounds
192,1069.5,361.2,centroid,0.30,1053.5,582.4,725.9,0.0,655.2,1164.7,1,288.0,0,1,shot_pb=1.00|flight_commit=1.00|keepin_prop=0.01|keepin_zoom=1.350|edge_zoom=0.936|bounds
193,1067.0,361.3,centroid,0.30,1053.5,582.3,725.9,0.0,655.1,1164.7,1,290.5,0,0,shot_pb=1.00|flight_commit=1.00|edge_zoom=0.938|bounds
194,1064.9,361.4,centroid,0.30,1054.3,582.3,726.8,0.0,655.1,1164.6,1,293.4,0,1,shot_pb=1.00|flight_commit=1.00|keepin_prop=0.11|keepin_zoom=1.350|edge_zoom=0.927|bounds
195,1063.1,361.5,centroid,0.30,1056.1,582.4,728.5,0.0,655.2,1164.7,1,297.0,0,1,shot_pb=1.00|flight_commit=1.00|keepin_prop=0.01|keepin_zoom=1.350|edge_zoom=0.936|bounds
196,1061.5,361.5,centroid,0.30,1058.8,582.5,731.2,0.0,655.3,1164.9,1,301.3,0,0,shot_pb=1.00|flight_commit=1.00|edge_zoom=0.937|bounds
197,1060.2,361.5,centroid,0.30,1062.6,582.6,734.9,0.0,655.4,1165.2,1,301.6,0,1,shot_pb=1.00|flight_commit=1.00|keepin_prop=0.12|keepin_zoom=1.350|edge_zoom=0.926|bounds
198,1059.3,361.5,centroid,0.30,1067.4,582.8,739.6,0.0,655.6,1165.5,1,295.9,0,1,shot_pb=1.00|flight_commit=1.00|keepin_prop=0.01|keepin_zoom=1.350|edge_zoom=0.935|bounds
199,1058.6,361.4,centroid,0.30,1073.2,582.9,745.3,0.0,655.8,1165.9,1,289.4,0,0,shot_pb=1.00|flight_commit=1.00|edge_zoom=0.933|bounds
200,1058.1,361.3,centroid,0.30,1079.9,583.2,751.9,0.0,656.0,1166.3,1,282.2,0,1,shot_pb=1.00|flight_commit=1.00|person_ctx=4|keepin_prop=0.12|keepin_zoom=1.350|edge_zoom=0.926|bounds
201,1058.0,361.2,centroid,0.30,1087.4,583.4,759.2,0.0,656.3,1166.7,1,274.6,0,0,shot_pb=1.00|flight_commit=1.00|person_ctx=4|edge_zoom=0.914|bounds
202,1058.1,361.0,centroid,0.30,1095.3,583.6,767.1,0.0,656.5,1167.1,1,266.8,0,0,shot_pb=1.00|flight_commit=1.00|edge_zoom=0.908|bounds
203,1058.4,360.9,centroid,0.30,1103.5,583.8,775.1,0.0,656.7,1167.5,1,258.9,0,0,shot_pb=1.00|flight_commit=1.00|edge_zoom=0.920|bounds
204,1058.8,360.7,centroid,0.30,1111.7,583.9,783.2,0.0,656.9,1167.8,1,251.1,0,0,shot_pb=1.00|flight_commit=1.00|edge_zoom=0.923|bounds
205,1059.4,360.5,centroid,0.30,1119.5,584.1,791.0,0.0,657.1,1168.1,1,243.9,0,1,shot_pb=1.00|flight_commit=1.00|keepin_prop=0.03|keepin_zoom=1.350|edge_zoom=0.933|bounds
206,1060.0,360.2,centroid,0.30,1126.7,584.2,798.1,0.0,657.2,1168.4,1,237.3,0,1,shot_pb=1.00|flight_commit=1.00|keepin_prop=0.00|keepin_zoom=1.350|edge_zoom=0.936|bounds
207,1060.6,359.9,centroid,0.30,1133.0,584.3,804.4,0.0,657.3,1168.5,1,231.6,0,0,shot_pb=1.00|flight_commit=1.00|edge_zoom=0.922|bounds
208,1061.3,359.6,centroid,0.30,1138.2,584.3,809.6,0.0,657.4,1168.7,1,227.1,0,1,shot_pb=1.00|flight_commit=1.00|person_ctx=4|keepin_prop=0.05|keepin_zoom=1.350|edge_zoom=0.931|bounds
209,1062.0,359.3,centroid,0.30,1142.1,584.4,813.4,0.0,657.4,1168.8,1,223.9,0,1,shot_pb=1.00|flight_commit=1.00|keepin_prop=0.00|keepin_zoom=1.350|edge_zoom=0.936|bounds
210,1062.7,359.0,centroid,0.30,1144.6,584.4,815.9,0.0,657.5,1168.8,1,222.1,0,0,shot_pb=1.00|flight_commit=1.00|person_ctx=4|edge_zoom=0.920|bounds
211,1063.3,358.6,centroid,0.30,1145.5,584.4,816.7,0.0,657.5,1168.9,1,221.8,0,1,shot_pb=1.00|flight_commit=1.00|person_ctx=4|keepin_prop=0.05|keepin_zoom=1.350|edge_zoom=0.931|bounds
212,1063.9,358.2,centroid,0.30,1144.7,584.4,816.0,0.0,657.5,1168.9,1,223.2,0,1,shot_pb=1.00|flight_commit=1.00|person_ctx=4|keepin_prop=0.00|keepin_zoom=1.350|edge_zoom=0.935|bounds
213,1064.5,357.8,centroid,0.30,1142.4,584.4,813.6,0.0,657.5,1168.9,1,226.1,0,0,shot_pb=1.00|flight_commit=1.00|person_ctx=4|edge_zoom=0.916|bounds
214,1065.0,357.4,centroid,0.30,1138.5,584.4,809.8,0.0,657.5,1168.9,1,230.5,0,1,shot_pb=1.00|flight_commit=1.00|keepin_prop=0.01|keepin_zoom=1.350|edge_zoom=0.934|bounds
215,1065.3,357.0,centroid,0.30,1133.2,584.4,804.5,0.0,657.5,1168.9,1,236.1,0,0,shot_pb=1.00|flight_commit=1.00|person_ctx=4|edge_zoom=0.909|bounds
216,1065.5,356.6,centroid,0.30,1126.6,584.4,797.9,0.0,657.5,1168.8,1,242.9,0,0,shot_pb=1.00|flight_commit=1.00|edge_zoom=0.904|bounds
217,1065.5,356.3,centroid,0.30,1119.0,584.4,790.3,0.0,657.4,1168.8,1,250.5,1,0,shot_pb=1.00|flight_commit=1.00|person_ctx=4|speed|edge_zoom=0.903|bounds
218,1065.4,355.9,centroid,0.30,1110.5,584.3,781.8,0.0,657.4,1168.7,1,258.9,1,0,shot_pb=1.00|flight_commit=1.00|person_ctx=3|speed|edge_zoom=0.903|bounds
219,1065.1,355.5,centroid,0.30,1101.5,584.3,772.9,0.0,657.3,1168.6,1,267.6,0,0,shot_pb=1.00|flight_commit=1.00|person_ctx=2|edge_zoom=0.909|bounds
220,1064.5,355.1,centroid,0.30,1092.3,584.2,763.6,0.0,657.2,1168.4,1,276.2,0,0,shot_pb=1.00|flight_commit=1.00|edge_zoom=0.916|bounds
221,1063.5,354.8,centroid,0.30,1083.0,584.1,754.4,0.0,657.2,1168.3,1,284.5,0,1,shot_pb=1.00|flight_commit=1.00|keepin_prop=0.01|keepin_zoom=1.350|edge_zoom=0.933|bounds
222,1062.3,354.4,centroid,0.30,1073.9,584.0,745.4,0.0,657.0,1168.1,1,292.4,0,0,shot_pb=1.00|flight_commit=1.00|person_ctx=3|edge_zoom=0.924|bounds
223,1060.5,354.0,centroid,0.30,1065.3,583.9,736.8,0.0,656.9,1167.9,1,299.2,0,1,shot_pb=1.00|flight_commit=1.00|person_ctx=4|keepin_prop=0.10|keepin_zoom=1.350|edge_zoom=0.924|bounds
224,1058.4,353.6,centroid,0.30,1057.1,583.8,728.7,0.0,656.8,1167.6,1,302.7,0,1,shot_pb=1.00|flight_commit=1.00|person_ctx=3|keepin_prop=0.01|keepin_zoom=1.350|edge_zoom=0.933|bounds
225,1055.8,353.3,centroid,0.30,1049.6,583.7,721.3,0.0,656.6,1167.4,1,297.8,0,0,shot_pb=1.00|flight_commit=1.00|person_ctx=2|edge_zoom=0.929|bounds
226,1052.7,352.9,centroid,0.30,1042.8,583.6,714.5,0.0,656.5,1167.1,1,294.1,0,1,shot_pb=1.00|flight_commit=1.00|keepin_prop=0.10|keepin_zoom=1.350|edge_zoom=0.923|bounds
227,1049.3,352.6,centroid,0.30,1036.5,583.4,708.3,0.0,656.3,1166.8,1,291.2,0,1,shot_pb=1.00|flight_commit=1.00|keepin_prop=0.01|keepin_zoom=1.350|edge_zoom=0.932|bounds
228,1045.5,352.3,centroid,0.30,1030.8,583.3,702.7,0.0,656.2,1166.6,1,289.3,0,0,shot_pb=1.00|flight_commit=1.00|edge_zoom=0.930|bounds
229,1041.3,352.1,centroid,0.30,1025.7,583.2,697.6,0.0,656.1,1166.3,1,288.4,0,1,shot_pb=1.00|flight_commit=1.00|keepin_prop=0.10|keepin_zoom=1.350|edge_zoom=0.924|bounds
230,1036.8,351.9,centroid,0.30,1020.9,583.0,692.9,0.0,655.9,1166.1,1,288.1,0,1,shot_pb=1.00|flight_commit=1.00|keepin_prop=0.01|keepin_zoom=1.350|edge_zoom=0.932|bounds
231,1032.0,351.7,centroid,0.30,1016.4,582.9,688.5,0.0,655.8,1165.9,1,288.4,0,0,shot_pb=1.00|flight_commit=1.00|edge_zoom=0.932|bounds
232,1027.0,351.7,centroid,0.30,1012.2,582.8,684.3,0.0,655.7,1165.6,1,289.2,0,1,shot_pb=1.00|flight_commit=1.00|keepin_prop=0.09|keepin_zoom=1.350|edge_zoom=0.924|bounds
233,1021.8,351.6,centroid,0.30,1008.0,582.7,680.3,0.0,655.6,1165.5,1,290.2,0,1,shot_pb=1.00|flight_commit=1.00|person_ctx=4|keepin_prop=0.00|keepin_zoom=1.350|edge_zoom=0.933|bounds
234,1016.4,351.7,centroid,0.30,1004.0,582.6,676.3,0.0,655.5,1165.3,1,291.6,0,0,shot_pb=1.00|flight_commit=1.00|edge_zoom=0.933|bounds
235,1010.8,351.8,centroid,0.30,1000.0,582.6,672.3,0.0,655.4,1165.1,1,293.2,0,1,shot_pb=1.00|flight_commit=1.00|person_ctx=4|keepin_prop=0.06|keepin_zoom=1.350|edge_zoom=0.927|bounds
236,1005.1,352.0,centroid,0.30,996.0,582.5,668.3,0.0,655.3,1165.0,1,294.9,0,1,shot_pb=1.00|flight_commit=1.00|keepin_prop=0.00|keepin_zoom=1.350|edge_zoom=0.933|bounds
237,999.2,352.2,centroid,0.30,992.0,582.5,664.3,0.0,655.3,1164.9,1,296.8,0,0,shot_pb=1.00|flight_commit=1.00|edge_zoom=0.934|bounds
238,993.2,352.4,centroid,0.30,987.9,582.4,660.3,0.0,655.2,1164.8,1,298.7,0,1,shot_pb=1.00|flight_commit=1.00|keepin_prop=0.08|keepin_zoom=1.350|edge_zoom=0.926|bounds
239,987.1,352.6,centroid,0.30,983.8,582.4,656.2,0.0,655.2,1164.8,1,300.7,0,1,shot_pb=1.00|flight_commit=1.00|keepin_prop=0.00|keepin_zoom=1.350|edge_zoom=0.933|bounds
240,981.0,352.9,centroid,0.30,979.7,582.4,652.1,0.0,655.2,1164.7,1,302.7,0,0,shot_pb=1.00|flight_commit=1.00|edge_zoom=0.934|bounds
241,974.9,353.1,centroid,0.30,975.6,582.4,648.0,0.0,655.2,1164.7,1,303.3,0,1,shot_pb=1.00|flight_commit=1.00|keepin_prop=0.07|keepin_zoom=1.350|edge_zoom=0.926|bounds
242,968.9,353.2,centroid,0.30,971.5,582.4,643.9,0.0,655.2,1164.7,1,301.4,0,1,shot_pb=1.00|flight_commit=1.00|keepin_prop=0.00|keepin_zoom=1.350|edge_zoom=0.933|bounds
243,963.1,353.4,centroid,0.30,967.4,582.4,639.8,0.0,655.2,1164.8,1,299.7,0,0,shot_pb=1.00|flight_commit=1.00|edge_zoom=0.934|bounds
244,957.6,353.6,centroid,0.30,963.3,582.5,635.7,0.0,655.3,1164.9,1,298.3,0,1,shot_pb=1.00|flight_commit=1.00|keepin_prop=0.07|keepin_zoom=1.350|edge_zoom=0.927|bounds
245,952.2,353.7,centroid,0.30,959.4,582.5,631.7,0.0,655.3,1165.1,1,296.8,0,1,shot_pb=1.00|flight_commit=1.00|keepin_prop=0.00|keepin_zoom=1.350|edge_zoom=0.933|bounds
246,947.1,353.9,centroid,0.30,955.5,582.6,627.8,0.0,655.5,1165.3,1,295.6,0,0,shot_pb=1.00|flight_commit=1.00|edge_zoom=0.935|bounds
247,942.3,354.1,centroid,0.30,951.7,582.8,623.9,0.0,655.6,1165.5,1,294.6,0,1,shot_pb=1.00|flight_commit=1.00|keepin_prop=0.08|keepin_zoom=1.350|edge_zoom=0.926|bounds
248,937.6,354.2,centroid,0.30,948.1,582.9,620.2,0.0,655.8,1165.8,1,293.5,0,1,shot_pb=1.00|flight_commit=1.00|keepin_prop=0.00|keepin_zoom=1.350|edge_zoom=0.933|bounds
249,933.0,354.4,centroid,0.30,944.6,583.1,616.6,0.0,655.9,1166.1,1,292.4,0,0,shot_pb=1.00|flight_commit=1.00|edge_zoom=0.935|bounds
250,928.8,354.5,centroid,0.30,941.3,583.2,613.2,0.0,656.1,1166.5,1,291.5,0,1,shot_pb=1.00|flight_commit=1.00|keepin_prop=0.08|keepin_zoom=1.350|edge_zoom=0.926|bounds
251,924.8,354.7,centroid,0.30,938.2,583.4,610.0,0.0,656.3,1166.8,1,290.6,0,1,shot_pb=1.00|flight_commit=1.00|keepin_prop=0.01|keepin_zoom=1.350|edge_zoom=0.933|bounds
252,921.2,354.8,centroid,0.30,935.4,583.6,607.1,0.0,656.5,1167.2,1,289.8,0,0,shot_pb=1.00|flight_commit=1.00|person_ctx=4|edge_zoom=0.935|bounds
253,918.0,355.0,centroid,0.30,932.8,583.8,604.4,0.0,656.7,1167.5,1,289.2,0,1,shot_pb=1.00|flight_commit=1.00|person_ctx=3|keepin_prop=0.07|keepin_zoom=1.350|edge_zoom=0.927|bounds
254,915.2,355.1,centroid,0.30,930.6,583.9,602.1,0.0,656.9,1167.8,1,288.6,0,1,shot_pb=1.00|flight_commit=1.00|person_ctx=3|keepin_prop=0.00|keepin_zoom=1.350|edge_zoom=0.934|bounds
255,912.7,355.2,centroid,0.30,928.8,584.1,600.2,0.0,657.1,1168.1,1,287.9,0,0,shot_pb=1.00|flight_commit=1.00|person_ctx=3|edge_zoom=0.936|bounds
256,910.6,355.3,centroid,0.30,927.4,584.2,598.8,0.0,657.2,1168.3,1,287.2,0,1,shot_pb=1.00|flight_commit=1.00|person_ctx=4|keepin_prop=0.09|keepin_zoom=1.350|edge_zoom=0.926|bounds
257,908.9,355.3,centroid,0.30,926.6,584.3,598.0,0.0,657.3,1168.5,1,286.3,0,1,shot_pb=1.00|flight_commit=1.00|person_ctx=3|keepin_prop=0.01|keepin_zoom=1.350|edge_zoom=0.934|bounds
258,907.6,355.4,centroid,0.30,926.5,584.3,597.8,0.0,657.4,1168.6,1,285.1,0,0,shot_pb=1.00|flight_commit=1.00|person_ctx=4|edge_zoom=0.935|bounds
259,906.6,355.4,centroid,0.30,927.1,584.4,598.4,0.0,657.4,1168.7,1,283.5,0,1,shot_pb=1.00|flight_commit=1.00|keepin_prop=0.12|keepin_zoom=1.350|edge_zoom=0.923|bounds
260,905.9,355.4,centroid,0.30,928.5,584.4,599.8,0.0,657.4,1168.8,1,281.4,0,1,shot_pb=1.00|flight_commit=1.00|keepin_prop=0.02|keepin_zoom=1.350|edge_zoom=0.933|bounds
261,905.3,355.4,centroid,0.30,930.9,584.4,602.2,0.0,657.5,1168.8,1,278.4,0,0,shot_pb=1.00|flight_commit=1.00|person_ctx=4|edge_zoom=0.932|bounds
262,904.7,355.3,centroid,0.30,934.3,584.4,605.5,0.0,657.5,1168.8,1,274.4,0,1,shot_pb=1.00|flight_commit=1.00|person_ctx=3|keepin_prop=0.13|keepin_zoom=1.350|edge_zoom=0.922|bounds
263,903.9,355.2,centroid,0.30,938.7,584.4,610.0,0.0,657.4,1168.8,1,269.2,0,1,shot_pb=1.00|flight_commit=1.00|person_ctx=4|keepin_prop=0.02|keepin_zoom=1.350|edge_zoom=0.933|bounds
264,903.0,355.1,centroid,0.30,944.3,584.4,615.6,0.0,657.4,1168.7,1,262.7,0,0,shot_pb=1.00|flight_commit=1.00|person_ctx=4|edge_zoom=0.929|bounds
265,901.9,354.9,centroid,0.30,950.9,584.3,622.3,0.0,657.3,1168.6,1,255.0,0,1,shot_pb=1.00|flight_commit=1.00|keepin_prop=0.12|keepin_zoom=1.350|edge_zoom=0.922|bounds
266,901.0,354.7,centroid,0.30,958.6,584.2,629.9,0.0,657.3,1168.5,1,246.4,0,1,shot_pb=1.00|flight_commit=1.00|keepin_prop=0.01|keepin_zoom=1.350|edge_zoom=0.933|bounds
267,900.4,354.6,centroid,0.30,967.1,584.2,638.5,0.0,657.2,1168.3,1,237.3,0,0,shot_pb=1.00|flight_commit=1.00|person_ctx=4|edge_zoom=0.924|bounds
268,900.5,354.4,centroid,0.30,976.3,584.0,647.8,0.0,657.1,1168.1,1,228.2,1,0,shot_pb=1.00|flight_commit=1.00|person_ctx=4|speed|edge_zoom=0.903|bounds
269,901.2,354.3,centroid,0.30,986.0,583.9,657.6,0.0,656.9,1167.8,1,219.2,0,0,shot_pb=1.00|flight_commit=1.00|person_ctx=4|edge_zoom=0.928|bounds
270,902.9,354.2,centroid,0.30,996.1,583.8,667.7,0.0,656.8,1167.6,1,210.8,0,0,shot_pb=1.00|flight_commit=1.00|person_ctx=4|edge_zoom=0.931|bounds
271,905.4,354.1,centroid,0.30,1006.2,583.6,677.9,0.0,656.6,1167.3,1,203.2,0,1,shot_pb=1.00|flight_commit=1.00|keepin_prop=0.04|keepin_zoom=1.350|edge_zoom=0.930|bounds
272,909.0,354.0,centroid,0.30,1016.3,583.5,688.1,0.0,656.4,1166.9,1,196.7,0,1,shot_pb=1.00|flight_commit=1.00|person_ctx=4|keepin_prop=0.00|keepin_zoom=1.350|edge_zoom=0.934|bounds
273,913.4,354.0,centroid,0.30,1026.1,583.3,698.0,0.0,656.2,1166.6,1,191.3,0,0,shot_pb=1.00|flight_commit=1.00|person_ctx=3|edge_zoom=0.933|bounds
274,918.7,354.0,centroid,0.30,1035.5,583.2,707.5,0.0,656.0,1166.3,1,187.2,0,1,shot_pb=1.00|flight_commit=1.00|keepin_prop=0.07|keepin_zoom=1.350|edge_zoom=0.927|bounds
275,924.7,354.0,centroid,0.30,1044.4,583.0,716.5,0.0,655.9,1166.0,1,184.3,0,1,shot_pb=1.00|flight_commit=1.00|keepin_prop=0.00|keepin_zoom=1.350|edge_zoom=0.933|bounds
276,931.2,353.9,centroid,0.30,1052.8,582.9,724.9,0.0,655.7,1165.8,1,182.4,0,0,shot_pb=1.00|flight_commit=1.00|edge_zoom=0.934|bounds
277,938.1,353.9,centroid,0.30,1060.5,582.8,732.7,0.0,655.6,1165.6,1,181.6,0,1,shot_pb=1.00|flight_commit=1.00|keepin_prop=0.07|keepin_zoom=1.350|edge_zoom=0.927|bounds
278,945.3,353.9,centroid,0.30,1067.7,582.7,740.0,0.0,655.5,1165.4,1,181.6,0,1,shot_pb=1.00|flight_commit=1.00|keepin_prop=0.00|keepin_zoom=1.350|edge_zoom=0.934|bounds
279,952.8,353.9,centroid,0.30,1074.4,582.6,746.7,0.0,655.5,1165.3,1,182.4,0,0,shot_pb=1.00|flight_commit=1.00|edge_zoom=0.934|bounds
280,960.3,353.9,centroid,0.30,1080.5,582.6,752.8,0.0,655.4,1165.2,1,183.8,0,1,shot_pb=1.00|flight_commit=1.00|keepin_prop=0.06|keepin_zoom=1.350|edge_zoom=0.928|bounds
281,967.7,354.0,centroid,0.30,1086.3,582.6,758.5,0.0,655.4,1165.2,1,185.4,0,1,shot_pb=1.00|flight_commit=1.00|keepin_prop=0.00|keepin_zoom=1.350|edge_zoom=0.934|bounds
282,974.7,354.0,centroid,0.30,1091.5,582.6,763.8,0.0,655.4,1165.2,1,187.2,0,0,shot_pb=1.00|flight_commit=1.00|edge_zoom=0.934|bounds
283,981.3,354.0,centroid,0.30,1096.5,582.7,768.7,0.0,655.5,1165.3,1,188.8,0,1,shot_pb=1.00|flight_commit=1.00|keepin_prop=0.06|keepin_zoom=1.350|edge_zoom=0.928|bounds
284,987.1,354.1,centroid,0.30,1101.0,582.7,773.3,0.0,655.6,1165.4,1,190.1,0,1,shot_pb=1.00|flight_commit=1.00|keepin_prop=0.00|keepin_zoom=1.350|edge_zoom=0.934|bounds
285,992.1,354.1,centroid,0.30,1105.3,582.8,777.5,0.0,655.7,1165.6,1,190.8,0,0,shot_pb=1.00|flight_commit=1.00|edge_zoom=0.934|bounds
286,996.4,354.1,centroid,0.30,1109.2,582.9,781.4,0.0,655.8,1165.8,1,191.2,0,1,shot_pb=1.00|flight_commit=1.00|keepin_prop=0.08|keepin_zoom=1.350|edge_zoom=0.926|bounds
287,999.9,354.0,centroid,0.30,1112.9,583.0,785.0,0.0,655.9,1166.0,1,191.0,0,1,shot_pb=1.00|flight_commit=1.00|keepin_prop=0.00|keepin_zoom=1.350|edge_zoom=0.933|bounds
288,1002.8,353.9,centroid,0.30,1116.3,583.1,788.3,0.0,656.0,1166.3,1,190.5,0,0,shot_pb=1.00|flight_commit=1.00|edge_zoom=0.933|bounds
289,1005.2,353.8,centroid,0.30,1119.4,583.2,791.4,0.0,656.1,1166.5,1,189.8,0,1,shot_pb=1.00|flight_commit=1.00|keepin_prop=0.10|keepin_zoom=1.350|edge_zoom=0.924|bounds
290,1007.3,353.7,centroid,0.30,1122.3,583.3,794.2,0.0,656.2,1166.7,1,189.0,0,1,shot_pb=1.00|flight_commit=1.00|keepin_prop=0.01|keepin_zoom=1.350|edge_zoom=0.933|bounds
291,1009.0,353.6,centroid,0.30,1125.0,583.4,796.8,0.0,656.3,1166.8,1,188.0,0,0,shot_pb=1.00|flight_commit=1.00|person_ctx=3|edge_zoom=0.931|bounds
292,1010.7,353.4,centroid,0.30,1127.4,583.4,799.2,0.0,656.3,1166.8,1,187.3,0,1,shot_pb=1.00|flight_commit=1.00|person_ctx=3|keepin_prop=0.11|keepin_zoom=1.350|edge_zoom=0.923|bounds
293,1012.2,353.3,centroid,0.30,1129.6,583.4,801.5,0.0,656.3,1166.7,1,186.6,0,1,shot_pb=1.00|flight_commit=1.00|person_ctx=3|keepin_prop=0.01|keepin_zoom=1.350|edge_zoom=0.932|bounds
294,1013.8,353.1,centroid,0.30,1131.6,583.2,803.5,0.0,656.1,1166.5,1,186.2,0,0,shot_pb=1.00|flight_commit=1.00|person_ctx=3|edge_zoom=0.930|bounds
295,1015.4,353.0,centroid,0.30,1133.3,583.0,805.4,0.0,655.9,1166.1,1,186.1,0,1,shot_pb=1.00|flight_commit=1.00|keepin_prop=0.12|keepin_zoom=1.350|edge_zoom=0.922|bounds
296,1017.1,352.9,centroid,0.30,1134.8,582.8,807.0,0.0,655.6,1165.5,1,186.3,0,1,shot_pb=1.00|flight_commit=1.00|person_ctx=3|keepin_prop=0.01|keepin_zoom=1.350|edge_zoom=0.932|bounds
297,1018.8,352.8,centroid,0.30,1136.0,582.4,808.4,0.0,655.1,1164.7,1,186.8,0,0,shot_pb=1.00|flight_commit=1.00|edge_zoom=0.931|bounds
298,1020.6,352.7,centroid,0.30,1136.9,581.8,809.6,0.0,654.6,1163.7,1,187.7,0,1,shot_pb=1.00|flight_commit=1.00|keepin_prop=0.12|keepin_zoom=1.350|edge_zoom=0.922|bounds
299,1022.6,352.7,centroid,0.30,1137.3,581.2,810.4,0.0,653.8,1162.3,1,189.3,0,1,shot_pb=1.00|flight_commit=1.00|keepin_prop=0.01|keepin_zoom=1.350|edge_zoom=0.932|bounds
300,1024.6,352.8,centroid,0.30,1137.3,580.4,810.8,0.0,652.9,1160.7,1,191.3,0,0,shot_pb=1.00|flight_commit=1.00|edge_zoom=0.934|bounds
301,1026.8,352.9,centroid,0.30,1136.6,579.4,810.7,0.0,651.8,1158.8,1,194.2,0,1,shot_pb=1.00|flight_commit=1.00|keepin_prop=0.11|keepin_zoom=1.350|edge_zoom=0.922|bounds
302,1029.1,353.2,centroid,0.30,1135.2,578.3,810.0,0.0,650.5,1156.5,1,197.9,0,1,shot_pb=1.00|flight_commit=1.00|keepin_prop=0.01|keepin_zoom=1.350|edge_zoom=0.932|bounds
303,1031.3,353.6,centroid,0.30,1133.0,577.0,808.5,0.0,649.1,1154.0,1,202.3,0,0,shot_pb=1.00|flight_commit=1.00|edge_zoom=0.940|bounds
304,1033.3,354.2,centroid,0.30,1129.9,575.7,806.0,0.0,647.7,1151.4,1,207.4,0,1,shot_pb=1.00|flight_commit=1.00|keepin_prop=0.10|keepin_zoom=1.350|edge_zoom=0.925|bounds
305,1035.1,354.8,centroid,0.30,1125.7,574.3,802.6,0.0,646.1,1148.7,1,213.4,0,1,shot_pb=1.00|flight_commit=1.00|keepin_prop=0.00|keepin_zoom=1.350|edge_zoom=0.934|bounds
306,1036.6,355.7,centroid,0.30,1120.4,573.1,798.1,0.0,644.7,1146.1,1,220.2,0,0,shot_pb=1.00|flight_commit=1.00|edge_zoom=0.951|bounds
307,1037.6,356.7,centroid,0.30,1114.0,571.9,792.3,0.0,643.4,1143.8,1,227.6,0,1,shot_pb=1.00|flight_commit=1.00|keepin_prop=0.01|keepin_zoom=1.350|edge_zoom=0.933|bounds
308,1038.3,357.8,centroid,0.30,1106.5,571.0,785.3,0.0,642.4,1142.0,1,235.8,0,0,shot_pb=1.00|flight_commit=1.00|edge_zoom=0.976|bounds
309,1038.7,359.1,centroid,0.30,1098.0,570.3,777.2,0.0,641.6,1140.7,1,244.7,0,0,shot_pb=1.00|flight_commit=1.00|edge_zoom=0.990|bounds
310,1038.5,360.6,centroid,0.30,1088.6,570.0,768.0,0.0,641.2,1140.0,1,253.9,0,0,shot_pb=1.00|flight_commit=1.00|edge_zoom=0.975|bounds
311,1037.9,362.2,centroid,0.30,1078.4,570.0,757.8,0.0,641.2,1140.0,1,263.5,0,0,shot_pb=1.00|flight_commit=1.00|person_ctx=4|edge_zoom=0.968|bounds
312,1036.6,363.9,centroid,0.30,1067.7,570.2,747.0,0.0,641.5,1140.5,1,272.9,0,0,shot_pb=1.00|flight_commit=1.00|edge_zoom=0.965|bounds
313,1034.6,365.8,centroid,0.30,1056.7,570.7,735.7,0.0,642.1,1141.4,1,281.9,0,0,shot_pb=1.00|flight_commit=1.00|person_ctx=3|edge_zoom=0.962|bounds
314,1031.9,368.0,centroid,0.30,1045.5,571.3,724.1,0.0,642.7,1142.6,1,290.4,0,0,shot_pb=1.00|flight_commit=1.00|person_ctx=3|edge_zoom=0.960|bounds
315,1028.4,370.3,centroid,0.30,1034.2,572.0,712.5,0.0,643.5,1144.0,1,298.2,0,1,shot_pb=1.00|flight_commit=1.00|person_ctx=4|keepin_prop=0.05|keepin_zoom=1.350|edge_zoom=0.936|bounds
316,1024.1,372.8,centroid,0.30,1023.1,572.6,701.0,0.0,644.2,1145.2,1,303.0,0,1,shot_pb=1.00|flight_commit=1.00|person_ctx=3|keepin_prop=0.00|keepin_zoom=1.350|edge_zoom=0.941|bounds
317,1019.1,375.6,centroid,0.30,1012.3,573.1,689.9,0.0,644.7,1146.2,1,297.2,0,0,shot_pb=1.00|flight_commit=1.00|person_ctx=4|edge_zoom=0.958|bounds
318,1013.3,378.6,centroid,0.30,1001.7,573.4,679.1,0.0,645.1,1146.8,1,292.4,0,1,shot_pb=1.00|flight_commit=1.00|person_ctx=4|keepin_prop=0.03|keepin_zoom=1.350|edge_zoom=0.941|bounds
319,1006.7,382.0,centroid,0.30,991.3,573.5,668.7,0.0,645.2,1147.0,1,288.6,0,0,shot_pb=1.00|flight_commit=1.00|person_ctx=3|edge_zoom=0.960|bounds
320,999.2,385.9,centroid,0.30,981.3,573.4,658.8,0.0,645.1,1146.8,1,286.1,0,1,shot_pb=1.00|flight_commit=1.00|person_ctx=3|keepin_prop=0.06|keepin_zoom=1.350|edge_zoom=0.942|bounds
321,990.8,390.2,centroid,0.30,971.5,573.1,649.1,0.0,644.7,1146.2,1,284.7,0,0,shot_pb=1.00|flight_commit=1.00|person_ctx=4|edge_zoom=0.963|bounds
322,981.5,394.9,centroid,0.30,961.7,572.6,639.6,0.0,644.2,1145.3,1,284.2,0,1,shot_pb=1.00|flight_commit=1.00|person_ctx=4|keepin_prop=0.06|keepin_zoom=1.350|edge_zoom=0.945|bounds
323,971.2,400.2,centroid,0.30,952.1,572.1,630.3,0.0,643.6,1144.1,1,284.9,0,0,shot_pb=1.00|flight_commit=1.00|edge_zoom=0.967|bounds
324,960.0,406.0,centroid,0.30,942.3,571.5,620.9,0.0,642.9,1142.9,1,286.3,0,1,shot_pb=1.00|flight_commit=1.00|person_ctx=3|keepin_prop=0.05|keepin_zoom=1.350|edge_zoom=0.950|bounds
325,947.8,412.4,centroid,0.30,932.5,570.9,611.3,0.0,642.3,1141.8,1,288.7,0,0,shot_pb=1.00|flight_commit=1.00|edge_zoom=0.972|bounds
326,934.8,419.2,centroid,0.30,922.4,570.4,601.5,0.0,641.7,1140.8,1,291.6,0,1,shot_pb=1.00|flight_commit=1.00|keepin_prop=0.04|keepin_zoom=1.350|edge_zoom=0.956|bounds
327,920.9,426.6,centroid,0.30,912.0,570.1,591.4,0.0,641.3,1140.1,1,295.1,0,0,shot_pb=1.00|flight_commit=1.00|edge_zoom=0.977|bounds
328,906.2,434.4,centroid,0.30,901.3,569.9,580.7,0.0,641.2,1139.9,1,299.1,0,1,shot_pb=1.00|flight_commit=1.00|keepin_prop=0.03|keepin_zoom=1.350|edge_zoom=0.963|bounds
329,890.6,442.6,centroid,0.30,890.2,570.0,569.6,0.0,641.3,1140.1,1,303.6,0,0,shot_pb=1.00|flight_commit=1.00|edge_zoom=0.984|bounds
330,874.1,451.3,centroid,0.30,878.7,570.4,557.9,0.0,641.7,1140.8,1,299.4,0,1,shot_pb=1.00|flight_commit=1.00|keepin_prop=0.02|keepin_zoom=1.350|edge_zoom=0.970|bounds
331,856.9,460.4,centroid,0.30,866.8,571.0,545.6,0.0,642.4,1142.1,1,294.1,0,0,shot_pb=1.00|flight_commit=1.00|edge_zoom=0.990|bounds
332,838.8,469.8,centroid,0.30,854.4,571.9,532.7,0.0,643.4,1143.9,1,288.4,0,1,shot_pb=1.00|flight_commit=1.00|keepin_prop=0.01|keepin_zoom=1.350|edge_zoom=0.978|bounds
333,819.9,479.5,centroid,0.30,841.6,573.1,519.3,0.0,644.7,1146.1,1,282.3,0,0,shot_pb=1.00|flight_commit=1.00|edge_zoom=0.997|bounds
334,800.3,489.5,centroid,0.30,828.5,574.3,505.4,0.0,646.1,1148.7,1,275.8,0,1,shot_pb=1.00|flight_commit=1.00|person_ctx=4|keepin_prop=0.01|keepin_zoom=1.350|edge_zoom=0.985|bounds
335,780.1,499.5,centroid,0.30,815.0,575.7,491.2,0.0,647.7,1151.5,1,269.1,0,0,accel_zoom=0.944|shot_pb=1.00|flight_commit=1.00|person_ctx=4|edge_zoom=0.995|bounds
336,759.4,509.6,centroid,0.30,801.3,577.1,476.7,0.0,649.3,1154.3,1,262.1,0,1,accel_zoom=0.942|shot_pb=1.00|flight_commit=1.00|keepin_prop=0.00|keepin_zoom=1.350|edge_zoom=0.993|bounds
337,738.3,519.7,centroid,0.30,787.5,578.5,462.1,0.0,650.8,1157.0,1,254.8,0,0,accel_zoom=0.942|shot_pb=1.00|flight_commit=1.00|edge_zoom=0.988|bounds
338,717.0,529.6,centroid,0.30,773.6,579.7,447.5,0.0,652.2,1159.4,1,247.4,0,1,accel_zoom=0.941|shot_pb=1.00|flight_commit=1.00|person_ctx=4|pb_zfit|keepin_prop=0.00|keepin_zoom=1.350|bounds
339,695.7,539.3,centroid,0.30,759.9,580.8,433.1,0.0,653.4,1161.7,1,239.8,0,0,accel_zoom=0.941|shot_pb=1.00|flight_commit=1.00|pb_zfit|edge_zoom=0.981|bounds
340,674.5,548.6,centroid,0.30,746.4,581.8,419.1,0.0,654.5,1163.5,1,232.1,0,1,accel_zoom=0.941|shot_pb=1.00|flight_commit=1.00|pb_zfit|keepin_prop=0.00|keepin_zoom=1.350|edge_zoom=0.992|bounds
341,653.8,557.3,centroid,0.30,733.4,582.5,405.7,0.0,655.3,1165.0,1,224.4,0,0,accel_zoom=0.941|shot_pb=1.00|flight_commit=1.00|pb_zfit|edge_zoom=0.975|bounds
342,633.5,565.4,centroid,0.30,721.1,583.1,393.1,0.0,656.0,1166.2,1,216.4,0,1,shot_pb=1.00|flight_commit=1.00|pb_zfit|keepin_prop=0.00|keepin_zoom=1.350|edge_zoom=0.985|bounds
343,614.0,572.6,centroid,0.30,709.7,583.6,381.4,0.0,656.5,1167.1,1,208.3,0,0,shot_pb=1.00|flight_commit=1.00|pb_zfit|edge_zoom=0.971|bounds
344,595.5,578.9,centroid,0.30,699.4,583.9,371.0,0.0,656.9,1167.7,1,200.1,0,1,shot_pb=1.00|flight_commit=1.00|pb_zfit|keepin_prop=0.01|keepin_zoom=1.350|edge_zoom=0.980|bounds
345,578.3,584.0,centroid,0.30,690.5,584.1,362.0,0.0,657.1,1168.2,1,191.8,0,0,shot_pb=1.00|flight_commit=1.00|pb_zfit|edge_zoom=0.969|bounds
346,562.8,587.6,centroid,0.30,683.3,584.2,354.6,0.0,657.3,1168.5,1,183.5,0,1,shot_pb=1.00|flight_commit=1.00|pb_zfit|keepin_prop=0.02|keepin_zoom=1.350|edge_zoom=0.976|bounds
347,549.4,589.6,centroid,0.30,677.8,584.4,349.1,0.0,657.4,1168.7,1,175.6,0,0,shot_pb=1.00|flight_commit=1.00|pb_zfit|edge_zoom=0.971|bounds
348,538.3,589.6,centroid,0.30,674.2,584.4,345.5,0.0,657.4,1168.8,1,168.1,0,1,shot_pb=1.00|flight_commit=1.00|pb_zfit|keepin_prop=0.06|keepin_zoom=1.350|edge_zoom=0.974|bounds
349,530.0,587.4,centroid,0.30,672.6,584.5,343.8,0.0,657.5,1168.9,1,161.4,0,0,shot_pb=1.00|flight_commit=1.00|pb_zfit|edge_zoom=0.986|bounds
350,524.6,582.8,centroid,0.30,672.9,584.5,344.1,0.0,657.5,1168.9,1,155.7,0,1,shot_pb=1.00|flight_commit=1.00|pb_zfit|keepin_prop=0.00|keepin_zoom=1.350|edge_zoom=0.990|bounds
351,521.9,575.8,centroid,0.30,675.0,584.5,346.2,0.0,657.5,1168.9,1,150.9,0,0,shot_pb=1.00|flight_commit=1.00|pb_zfit|bounds
352,521.9,566.6,centroid,0.30,678.8,584.5,350.0,0.0,657.5,1168.9,1,147.1,0,0,shot_pb=1.00|flight_commit=1.00|pb_zfit|edge_zoom=0.990|bounds
353,524.1,555.3,centroid,0.30,683.8,584.5,355.1,0.0,657.5,1168.9,1,144.3,0,0,shot_pb=1.00|flight_commit=1.00|pb_zfit|edge_zoom=0.978|bounds
354,528.2,542.4,centroid,0.30,689.9,584.5,361.1,0.0,657.5,1168.9,1,142.3,0,0,shot_pb=1.00|flight_commit=1.00|pb_zfit|edge_zoom=0.974|bounds
355,533.7,528.2,centroid,0.30,696.4,584.5,367.7,0.0,657.5,1168.9,1,141.3,0,0,shot_pb=1.00|flight_commit=1.00|pb_zfit|edge_zoom=0.971|bounds
356,540.2,513.1,centroid,0.30,703.1,584.5,374.3,0.0,657.5,1168.9,1,141.1,0,0,shot_pb=1.00|flight_commit=1.00|pb_zfit|edge_zoom=0.968|bounds
357,547.2,497.6,centroid,0.30,709.3,584.5,380.6,0.0,657.5,1168.9,1,141.9,0,0,shot_pb=1.00|flight_commit=1.00|pb_zfit|edge_zoom=0.963|bounds
358,554.3,482.0,centroid,0.30,714.8,584.5,386.0,0.0,657.5,1168.9,1,143.5,0,0,shot_pb=1.00|flight_commit=1.00|pb_zfit|edge_zoom=0.957|bounds
359,561.2,466.8,centroid,0.30,719.0,584.5,390.2,0.0,657.5,1168.9,1,146.2,0,0,shot_pb=1.00|flight_commit=1.00|pb_zfit|edge_zoom=0.949|bounds
360,567.5,452.3,centroid,0.30,721.7,584.5,393.0,0.0,657.5,1168.9,1,149.8,0,0,shot_pb=1.00|flight_commit=1.00|pb_zfit|edge_zoom=0.940|bounds
361,572.7,439.0,centroid,0.30,722.7,584.5,393.9,0.0,657.5,1168.9,1,154.0,0,0,shot_pb=1.00|flight_commit=1.00|pb_zfit|edge_zoom=0.934|bounds
362,576.6,427.0,centroid,0.30,721.8,584.5,393.0,0.0,657.5,1168.9,1,158.8,0,0,shot_pb=1.00|flight_commit=1.00|pb_zfit|edge_zoom=0.929|bounds
363,579.0,416.7,centroid,0.30,719.0,584.5,390.3,0.0,657.5,1168.9,1,164.0,0,0,shot_pb=1.00|flight_commit=1.00|pb_zfit|edge_zoom=0.924|bounds
364,579.7,407.9,centroid,0.30,714.5,584.5,385.8,0.0,657.5,1168.9,1,169.2,0,0,shot_pb=1.00|flight_commit=1.00|pb_zfit|edge_zoom=0.920|bounds
365,578.8,400.8,centroid,0.30,708.4,584.5,379.6,0.0,657.5,1168.9,1,174.4,0,0,shot_pb=1.00|flight_commit=1.00|pb_zfit|edge_zoom=0.918|bounds
366,576.0,395.3,centroid,0.30,701.0,584.5,372.2,0.0,657.5,1168.9,1,179.0,0,0,shot_pb=1.00|flight_commit=1.00|pb_zfit|edge_zoom=0.919|bounds
367,571.7,391.1,centroid,0.30,692.5,584.5,363.7,0.0,657.5,1168.9,1,183.2,0,0,shot_pb=1.00|flight_commit=1.00|pb_zfit|edge_zoom=0.924|bounds
368,565.8,388.2,centroid,0.30,683.3,584.5,354.6,0.0,657.5,1168.9,1,186.5,0,0,shot_pb=1.00|flight_commit=1.00|pb_zfit|edge_zoom=0.932|bounds
369,558.8,386.5,centroid,0.30,673.8,584.5,345.0,0.0,657.5,1168.9,1,189.0,0,1,shot_pb=1.00|flight_commit=1.00|pb_zfit|keepin_prop=0.04|keepin_zoom=1.350|edge_zoom=0.943|bounds
370,551.0,385.8,centroid,0.30,664.2,584.5,335.4,0.0,657.5,1168.9,1,190.8,0,1,shot_pb=1.00|flight_commit=1.00|pb_zfit|keepin_prop=0.00|keepin_zoom=1.350|edge_zoom=0.946|bounds
371,542.6,386.0,centroid,0.30,654.8,584.5,326.1,0.0,657.5,1168.9,1,191.8,0,0,shot_pb=1.00|flight_commit=1.00|pb_zfit|edge_zoom=0.947|bounds
372,533.7,387.1,centroid,0.30,645.9,584.5,317.1,0.0,657.5,1168.9,1,191.8,0,1,shot_pb=1.00|flight_commit=1.00|pb_zfit|keepin_prop=0.04|keepin_zoom=1.350|edge_zoom=0.943|bounds
373,524.6,388.9,centroid,0.30,637.6,584.5,308.8,0.0,657.5,1168.9,1,191.0,0,0,shot_pb=1.00|flight_commit=1.00|pb_zfit|edge_zoom=0.954|bounds
374,515.5,391.4,centroid,0.30,630.0,584.5,301.3,0.0,657.5,1168.9,1,189.5,0,1,shot_pb=1.00|flight_commit=1.00|person_ctx=4|pb_zfit|keepin_prop=0.07|keepin_zoom=1.350|edge_zoom=0.943|bounds
375,506.8,394.6,centroid,0.30,623.3,584.5,294.5,0.0,657.5,1168.9,1,187.5,0,1,shot_pb=1.00|flight_commit=1.00|person_ctx=4|pb_zfit|keepin_prop=0.00|keepin_zoom=1.350|edge_zoom=0.949|bounds
376,498.8,398.5,centroid,0.30,617.5,584.5,288.7,0.0,657.5,1168.9,1,185.3,0,0,shot_pb=1.00|flight_commit=1.00|pb_zfit|edge_zoom=0.966|bounds
377,492.1,403.0,centroid,0.30,612.5,584.5,283.7,0.0,657.5,1168.9,1,183.6,0,1,shot_pb=1.00|flight_commit=1.00|pb_zfit|keepin_prop=0.01|keepin_zoom=1.350|edge_zoom=0.952|bounds
378,486.8,408.1,centroid,0.30,608.3,584.5,279.5,0.0,657.5,1168.9,1,182.5,0,0,shot_pb=1.00|flight_commit=1.00|pb_zfit|edge_zoom=0.980|bounds
379,483.2,413.9,centroid,0.30,604.9,584.5,276.1,0.0,657.5,1168.9,1,182.3,0,0,shot_pb=1.00|flight_commit=1.00|person_ctx=4|pb_zfit|edge_zoom=0.998|bounds
380,481.1,420.4,centroid,0.30,602.1,584.5,273.3,0.0,657.5,1168.9,1,183.0,0,0,shot_pb=1.00|flight_commit=1.00|person_ctx=4|pb_zfit|bounds
381,480.3,427.5,centroid,0.30,599.7,584.5,271.0,0.0,657.5,1168.9,1,184.6,0,0,shot_pb=1.00|flight_commit=1.00|pb_zfit|bounds
382,480.5,435.4,centroid,0.30,597.7,584.5,268.9,0.0,657.5,1168.9,1,186.8,0,0,shot_pb=1.00|flight_commit=1.00|pb_zfit|bounds
383,481.2,444.0,centroid,0.30,595.7,584.5,267.0,0.0,657.5,1168.9,1,189.5,0,0,shot_pb=1.00|flight_commit=1.00|pb_zfit|edge_zoom=0.999|bounds
384,481.9,453.4,centroid,0.30,593.7,584.5,264.9,0.0,657.5,1168.9,1,192.2,0,0,shot_pb=1.00|flight_commit=1.00|pb_zfit|edge_zoom=0.998|bounds
385,482.1,463.5,centroid,0.30,591.4,584.5,262.6,0.0,657.5,1168.9,1,194.7,0,0,shot_pb=1.00|flight_commit=1.00|pb_zfit|edge_zoom=0.998|bounds
386,481.4,474.5,centroid,0.30,588.6,584.5,259.9,0.0,657.5,1168.9,1,196.8,0,0,shot_pb=1.00|flight_commit=1.00|pb_zfit|bounds
387,479.7,486.3,centroid,0.30,585.3,584.5,256.5,0.0,657.5,1168.9,1,198.4,0,0,shot_pb=1.00|flight_commit=1.00|pb_zfit|bounds
388,477.0,499.0,centroid,0.30,581.2,584.5,252.4,0.0,657.5,1168.9,1,199.8,0,0,shot_pb=1.00|flight_commit=1.00|pb_zfit|bounds
389,473.2,512.4,centroid,0.30,576.3,584.5,247.5,0.0,657.5,1168.9,1,200.9,0,0,shot_pb=1.00|flight_commit=1.00|pb_zfit|edge_zoom=0.995|bounds
390,468.3,526.6,centroid,0.30,570.6,584.5,241.8,0.0,657.5,1168.9,1,201.7,0,0,shot_pb=1.00|flight_commit=1.00|pb_zfit|edge_zoom=0.988|bounds
391,462.1,541.5,centroid,0.30,564.1,584.5,235.4,0.0,657.5,1168.9,1,202.0,0,0,shot_pb=1.00|flight_commit=1.00|pb_zfit|edge_zoom=0.979|bounds
392,454.4,557.1,centroid,0.30,557.0,584.5,228.3,0.0,657.5,1168.9,1,201.4,0,0,shot_pb=1.00|flight_commit=1.00|pb_zfit|edge_zoom=0.969|bounds
393,445.1,573.4,centroid,0.30,549.4,584.5,220.7,0.0,657.5,1168.9,1,199.7,0,0,shot_pb=1.00|flight_commit=1.00|pb_zfit|edge_zoom=0.958|bounds
394,434.4,590.2,centroid,0.30,541.5,584.5,212.8,0.0,657.5,1168.9,1,196.9,0,0,shot_pb=1.00|flight_commit=1.00|pb_zfit|edge_zoom=0.947|bounds
395,422.5,607.5,centroid,0.30,533.6,584.5,204.8,0.0,657.5,1168.9,1,192.9,0,0,shot_pb=1.00|flight_commit=1.00|pb_zfit|edge_zoom=0.941|bounds
396,409.8,625.2,centroid,0.30,525.8,584.5,197.1,0.0,657.5,1168.9,1,188.0,0,0,shot_pb=1.00|flight_commit=1.00|pb_zfit|edge_zoom=0.935|bounds
397,396.9,643.1,centroid,0.30,518.5,584.5,189.8,0.0,657.5,1168.9,1,182.4,0,0,shot_pb=1.00|flight_commit=1.00|pb_zfit|edge_zoom=0.928|bounds
398,384.3,661.1,centroid,0.30,511.9,584.5,183.1,0.0,657.5,1168.9,1,176.4,0,0,shot_pb=1.00|flight_commit=1.00|pb_zfit|edge_zoom=0.921|bounds
399,372.5,679.0,centroid,0.30,506.2,584.5,177.4,0.0,657.5,1168.9,1,170.3,0,0,shot_pb=1.00|flight_commit=1.00|pb_zfit|edge_zoom=0.913|bounds
400,361.9,696.7,centroid,0.30,501.6,584.5,172.8,0.0,657.5,1168.9,1,164.3,0,0,shot_pb=1.00|flight_commit=1.00|pb_zfit|edge_zoom=0.906|bounds
401,352.8,714.1,centroid,0.30,498.2,584.5,169.5,0.0,657.5,1168.9,1,158.6,1,0,shot_pb=1.00|flight_commit=1.00|pb_zfit|speed|edge_zoom=0.903|bounds
402,345.2,730.8,centroid,0.30,496.2,584.5,167.4,0.0,657.5,1168.9,1,153.0,1,0,shot_pb=1.00|flight_commit=1.00|pb_zfit|speed|edge_zoom=0.903|bounds
403,339.1,746.6,centroid,0.30,495.4,584.5,166.7,0.0,657.5,1168.9,1,147.7,1,0,shot_pb=1.00|flight_commit=1.00|pb_zfit|speed|edge_zoom=0.903|bounds
404,334.5,761.3,centroid,0.30,495.9,584.5,167.2,0.0,657.5,1168.9,1,142.6,1,0,shot_pb=1.00|flight_commit=1.00|pb_zfit|speed|edge_zoom=0.903|bounds
405,331.2,774.4,centroid,0.30,497.6,584.5,168.9,0.0,657.5,1168.9,1,137.6,1,0,shot_pb=1.00|flight_commit=1.00|pb_zfit|speed|edge_zoom=0.903|bounds
406,329.0,785.7,centroid,0.30,500.3,584.5,171.5,0.0,657.5,1168.9,1,132.7,1,0,shot_pb=1.00|flight_commit=1.00|pb_zfit|speed|edge_zoom=0.903|bounds
407,327.9,795.1,centroid,0.30,503.7,584.5,175.0,0.0,657.5,1168.9,1,128.2,1,0,shot_pb=1.00|flight_commit=1.00|pb_zfit|speed|edge_zoom=0.903|bounds
408,327.6,802.7,centroid,0.30,507.7,584.5,178.9,0.0,657.5,1168.9,1,123.9,1,0,shot_pb=1.00|flight_commit=1.00|pb_zfit|speed|edge_zoom=0.903|bounds
409,327.9,808.4,centroid,0.30,511.9,584.5,183.1,0.0,657.5,1168.9,1,120.0,1,0,shot_pb=1.00|flight_commit=1.00|pb_zfit|speed|edge_zoom=0.903|bounds
410,328.5,812.6,centroid,0.30,516.0,584.5,187.3,0.0,657.5,1168.9,1,116.5,1,0,shot_pb=1.00|flight_commit=1.00|pb_zfit|speed|edge_zoom=0.903|bounds
411,329.4,815.3,centroid,0.30,519.8,584.5,191.1,0.0,657.5,1168.9,1,113.6,1,0,shot_pb=1.00|flight_commit=1.00|pb_zfit|speed|edge_zoom=0.903|bounds
412,330.2,817.0,centroid,0.30,523.1,584.5,194.3,0.0,657.5,1168.9,1,111.1,1,0,shot_pb=1.00|flight_commit=1.00|pb_zfit|speed|edge_zoom=0.903|bounds
413,330.8,817.6,centroid,0.30,525.5,584.5,196.7,0.0,657.5,1168.9,1,109.3,1,0,shot_pb=1.00|flight_commit=1.00|pb_zfit|speed|edge_zoom=0.879|bounds
414,331.1,817.5,centroid,0.30,526.8,584.5,198.0,0.0,657.5,1168.9,1,108.3,1,1,shot_pb=1.00|flight_commit=1.00|pb_zfit|keepin_prop=0.00|keepin_zoom=1.350|speed|edge_zoom=0.902|bounds
415,331.0,816.8,centroid,0.30,527.0,584.5,198.2,0.0,657.5,1168.9,1,108.0,1,1,shot_pb=1.00|flight_commit=1.00|pb_zfit|keepin_prop=0.02|keepin_zoom=1.350|speed|edge_zoom=0.897|bounds
416,330.3,815.4,centroid,0.30,525.8,584.5,197.1,0.0,657.5,1168.9,1,108.5,1,1,shot_pb=1.00|flight_commit=1.00|pb_zfit|keepin_prop=0.01|keepin_zoom=1.350|speed|edge_zoom=0.898|bounds
417,329.0,813.5,centroid,0.30,523.3,584.5,194.6,0.0,657.5,1168.9,1,109.7,1,1,shot_pb=1.00|flight_commit=1.00|pb_zfit|keepin_prop=0.01|keepin_zoom=1.350|speed|edge_zoom=0.899|bounds
418,327.1,811.2,centroid,0.30,519.5,584.5,190.7,0.0,657.5,1168.9,1,111.6,1,1,shot_pb=1.00|flight_commit=1.00|pb_zfit|keepin_prop=0.01|keepin_zoom=1.350|speed|edge_zoom=0.900|bounds
419,324.6,808.4,centroid,0.30,514.3,584.5,185.5,0.0,657.5,1168.9,1,114.3,1,1,shot_pb=1.00|flight_commit=1.00|pb_zfit|keepin_prop=0.01|keepin_zoom=1.350|speed|edge_zoom=0.901|bounds
420,321.5,805.2,centroid,0.30,507.9,584.5,179.1,0.0,657.5,1168.9,1,117.6,1,1,shot_pb=1.00|flight_commit=1.00|pb_zfit|keepin_prop=0.00|keepin_zoom=1.350|speed|edge_zoom=0.902|bounds
421,317.8,801.6,centroid,0.30,500.3,584.5,171.6,0.0,657.5,1168.9,1,121.5,1,1,shot_pb=1.00|flight_commit=1.00|pb_zfit|keepin_prop=0.00|keepin_zoom=1.350|speed|edge_zoom=0.902|bounds
422,313.4,797.6,centroid,0.30,491.8,584.5,163.1,0.0,657.5,1168.9,1,125.6,1,1,shot_pb=1.00|flight_commit=1.00|pb_zfit|keepin_prop=0.00|keepin_zoom=1.350|speed|edge_zoom=0.903|bounds
423,308.3,793.3,centroid,0.30,482.6,584.5,153.8,0.0,657.5,1168.9,1,129.7,1,1,shot_pb=1.00|flight_commit=1.00|pb_zfit|keepin_prop=0.00|keepin_zoom=1.350|speed|edge_zoom=0.903|bounds
424,302.6,788.6,centroid,0.30,472.7,584.5,143.9,0.0,657.5,1168.9,1,133.9,0,0,shot_pb=1.00|flight_commit=1.00|pb_zfit|edge_zoom=0.921|bounds
425,296.3,783.6,centroid,0.30,462.4,584.5,133.7,0.0,657.5,1168.9,1,137.9,0,0,shot_pb=1.00|flight_commit=1.00|pb_zfit|edge_zoom=0.923|bounds
426,289.3,778.4,centroid,0.30,452.0,584.5,123.2,0.0,657.5,1168.9,1,141.3,0,0,shot_pb=1.00|flight_commit=1.00|pb_zfit|edge_zoom=0.924|bounds
427,281.7,772.8,centroid,0.30,441.5,584.5,112.8,0.0,657.5,1168.9,1,144.2,0,1,shot_pb=1.00|flight_commit=1.00|pb_zfit|keepin_prop=0.04|keepin_zoom=1.350|edge_zoom=0.901|bounds
428,273.5,767.0,centroid,0.30,431.2,584.5,102.5,0.0,657.5,1168.9,1,146.3,0,0,shot_pb=1.00|flight_commit=1.00|pb_zfit|edge_zoom=0.928|bounds
429,264.7,760.8,centroid,0.30,421.2,584.5,92.5,0.0,657.5,1168.9,1,147.5,0,1,shot_pb=1.00|flight_commit=1.00|pb_zfit|keepin_prop=0.03|keepin_zoom=1.350|edge_zoom=0.907|bounds
430,255.5,754.3,centroid,0.30,411.6,584.5,82.8,0.0,657.5,1168.9,1,147.9,0,0,shot_pb=1.00|flight_commit=1.00|pb_zfit|edge_zoom=0.933|bounds
431,245.8,747.6,centroid,0.30,402.5,584.5,73.7,0.0,657.5,1168.9,1,147.3,0,1,shot_pb=1.00|flight_commit=1.00|pb_zfit|keepin_prop=0.02|keepin_zoom=1.350|edge_zoom=0.913|bounds
432,235.7,740.5,centroid,0.30,393.9,584.5,65.1,0.0,657.5,1168.9,1,145.8,0,0,shot_pb=1.00|flight_commit=1.00|pb_zfit|edge_zoom=0.938|bounds
433,225.5,733.0,centroid,0.30,385.9,584.5,57.1,0.0,657.5,1168.9,1,143.6,0,1,shot_pb=1.00|flight_commit=1.00|pb_zfit|keepin_prop=0.01|keepin_zoom=1.350|edge_zoom=0.920|bounds
434,215.1,725.1,centroid,0.30,378.6,584.5,49.8,0.0,657.5,1168.9,1,140.5,0,0,shot_pb=1.00|flight_commit=1.00|pb_zfit|edge_zoom=0.945|bounds
435,205.0,716.8,centroid,0.30,372.0,584.5,43.2,0.0,657.5,1168.9,1,137.0,0,1,shot_pb=1.00|flight_commit=1.00|pb_zfit|keepin_prop=0.00|keepin_zoom=1.350|edge_zoom=0.927|bounds
436,195.3,707.8,centroid,0.30,366.1,584.5,37.4,0.0,657.5,1168.9,1,133.2,0,0,shot_pb=1.00|flight_commit=1.00|pb_zfit|edge_zoom=0.954|bounds
437,186.3,698.0,centroid,0.30,361.1,584.5,32.3,0.0,657.5,1168.9,1,129.2,0,0,shot_pb=1.00|flight_commit=1.00|pb_zfit|edge_zoom=0.966|bounds
438,178.5,687.4,centroid,0.30,356.9,584.5,28.1,0.0,657.5,1168.9,1,125.6,0,0,shot_pb=1.00|flight_commit=1.00|pb_zfit|edge_zoom=0.983|bounds
439,171.9,676.0,centroid,0.30,353.6,584.5,24.8,0.0,657.5,1168.9,1,122.3,0,0,shot_pb=1.00|flight_commit=1.00|pb_zfit|edge_zoom=0.994|bounds
440,166.6,663.7,centroid,0.30,351.1,584.5,22.3,0.0,657.5,1168.9,1,119.5,0,0,shot_pb=1.00|flight_commit=1.00|pb_zfit|bounds
441,162.5,650.6,centroid,0.30,349.6,584.5,20.8,0.0,657.5,1168.9,1,116.9,0,0,shot_pb=1.00|flight_commit=1.00|pb_zfit|bounds
442,159.6,636.7,centroid,0.30,348.8,584.5,20.1,0.0,657.5,1168.9,1,114.8,0,0,shot_pb=1.00|flight_commit=1.00|pb_zfit|bounds
443,157.7,622.3,centroid,0.30,348.9,584.5,20.2,0.0,657.5,1168.9,1,112.8,0,0,shot_pb=1.00|flight_commit=1.00|pb_zfit|bounds
444,156.6,607.3,centroid,0.30,349.7,584.5,21.0,0.0,657.5,1168.9,1,110.9,0,0,shot_pb=1.00|flight_commit=1.00|pb_zfit|bounds
445,156.2,591.9,centroid,0.30,351.1,584.5,22.4,0.0,657.5,1168.9,1,109.1,0,0,shot_pb=1.00|flight_commit=1.00|pb_zfit|edge_zoom=0.997|bounds
446,156.2,576.4,centroid,0.30,353.0,584.5,24.3,0.0,657.5,1168.9,1,107.2,0,0,shot_pb=1.00|flight_commit=1.00|pb_zfit|edge_zoom=0.995|bounds
447,156.5,560.9,centroid,0.30,355.2,584.5,26.4,0.0,657.5,1168.9,1,105.3,0,0,shot_pb=1.00|flight_commit=1.00|pb_zfit|edge_zoom=0.991|bounds
448,157.0,545.5,centroid,0.30,357.5,584.5,28.7,0.0,657.5,1168.9,1,103.5,0,0,shot_pb=1.00|flight_commit=1.00|person_ctx=4|pb_zfit|edge_zoom=0.988|bounds
449,157.6,530.5,centroid,0.30,359.8,584.5,31.0,0.0,657.5,1168.9,1,101.8,0,0,shot_pb=1.00|flight_commit=1.00|person_ctx=4|pb_zfit|edge_zoom=0.983|bounds
450,158.2,516.0,centroid,0.30,361.8,584.5,33.1,0.0,657.5,1168.9,1,100.4,0,0,shot_pb=1.00|flight_commit=1.00|pb_zfit|edge_zoom=0.978|bounds
451,158.7,502.1,centroid,0.30,363.6,584.5,34.8,0.0,657.5,1168.9,1,99.1,0,0,shot_pb=1.00|flight_commit=1.00|person_ctx=4|pb_zfit|edge_zoom=0.972|bounds
452,159.1,488.9,centroid,0.30,364.8,584.5,36.0,0.0,657.5,1168.9,1,98.3,0,0,shot_pb=1.00|flight_commit=1.00|pb_zfit|edge_zoom=0.965|bounds
453,159.3,476.8,centroid,0.30,365.5,584.5,36.7,0.0,657.5,1168.9,1,97.8,0,0,shot_pb=1.00|flight_commit=1.00|person_ctx=4|pb_zfit|edge_zoom=0.958|bounds
454,159.3,465.8,centroid,0.30,365.6,584.5,36.8,0.0,657.5,1168.9,1,97.7,0,0,shot_pb=1.00|flight_commit=1.00|pb_zfit|edge_zoom=0.950|bounds
455,159.0,456.4,centroid,0.30,365.0,584.5,36.3,0.0,657.5,1168.9,1,98.0,0,0,shot_pb=1.00|flight_commit=1.00|person_ctx=4|pb_zfit|edge_zoom=0.942|bounds
456,158.4,448.8,centroid,0.30,363.9,584.5,35.1,0.0,657.5,1168.9,1,98.5,0,0,shot_pb=1.00|flight_commit=1.00|person_ctx=4|pb_zfit|edge_zoom=0.936|bounds
457,157.4,443.2,centroid,0.30,362.3,584.5,33.5,0.0,657.5,1168.9,1,99.1,0,0,shot_pb=1.00|flight_commit=1.00|person_ctx=4|pb_zfit|edge_zoom=0.934|bounds
458,156.2,439.6,centroid,0.30,360.3,584.5,31.5,0.0,657.5,1168.9,1,99.9,0,0,shot_pb=1.00|flight_commit=1.00|person_ctx=4|pb_zfit|edge_zoom=0.934|bounds
459,154.8,438.2,centroid,0.30,358.0,584.5,29.3,0.0,657.5,1168.9,1,100.8,0,0,shot_pb=1.00|flight_commit=1.00|person_ctx=4|pb_zfit|edge_zoom=0.942|bounds
460,153.1,438.7,centroid,0.30,355.7,584.5,26.9,0.0,657.5,1168.9,1,101.4,0,1,shot_pb=1.00|flight_commit=1.00|pb_zfit|keepin_prop=0.01|keepin_zoom=1.350|edge_zoom=0.966|bounds
461,151.2,441.0,centroid,0.30,353.4,584.5,24.6,0.0,657.5,1168.9,1,101.8,0,0,shot_pb=1.00|flight_commit=1.00|pb_zfit|edge_zoom=0.996|bounds
462,149.2,445.0,centroid,0.30,351.2,584.5,22.5,0.0,657.5,1168.9,1,102.0,0,0,shot_pb=1.00|flight_commit=1.00|pb_zfit|bounds
463,147.0,450.5,centroid,0.30,349.5,584.5,20.7,0.0,657.5,1168.9,1,101.5,0,0,shot_pb=1.00|flight_commit=1.00|pb_zfit|bounds
464,144.8,457.3,centroid,0.30,348.1,584.5,19.3,0.0,657.5,1168.9,1,100.7,0,0,shot_pb=1.00|flight_commit=1.00|pb_zfit|bounds
465,142.6,465.3,centroid,0.30,347.3,584.5,18.5,0.0,657.5,1168.9,1,99.3,0,0,shot_pb=1.00|flight_commit=1.00|pb_zfit|bounds
466,140.5,474.5,centroid,0.30,347.0,584.5,18.2,0.0,657.5,1168.9,1,97.5,0,0,shot_pb=1.00|flight_commit=1.00|pb_zfit|bounds
467,138.5,484.8,centroid,0.30,347.4,584.5,18.6,0.0,657.5,1168.9,1,95.1,0,0,shot_pb=1.00|flight_commit=1.00|pb_zfit|bounds
468,136.6,496.0,centroid,0.30,348.5,584.5,19.7,0.0,657.5,1168.9,1,92.1,0,0,shot_pb=1.00|flight_commit=1.00|pb_zfit|bounds
469,134.9,508.1,centroid,0.30,350.2,584.5,21.4,0.0,657.5,1168.9,1,88.7,0,0,shot_pb=1.00|flight_commit=1.00|pb_zfit|edge_zoom=0.996|bounds
470,133.5,521.1,centroid,0.30,352.6,584.5,23.9,0.0,657.5,1168.9,1,84.9,0,0,shot_pb=1.00|flight_commit=1.00|pb_zfit|edge_zoom=0.990|bounds
471,132.5,534.9,centroid,0.30,355.8,584.5,27.0,0.0,657.5,1168.9,1,80.7,0,0,shot_pb=1.00|flight_commit=1.00|pb_zfit|edge_zoom=0.984|bounds
472,131.9,549.3,centroid,0.30,359.7,584.5,30.9,0.0,657.5,1168.9,1,76.2,0,0,shot_pb=1.00|flight_commit=1.00|pb_zfit|edge_zoom=0.975|bounds
473,131.8,564.3,centroid,0.30,364.4,584.5,35.6,0.0,657.5,1168.9,1,71.4,0,0,shot_pb=1.00|flight_commit=1.00|pb_zfit|edge_zoom=0.965|bounds
474,132.3,579.8,centroid,0.30,369.9,584.5,41.1,0.0,657.5,1168.9,1,66.4,0,0,shot_pb=1.00|flight_commit=1.00|pb_zfit|edge_zoom=0.953|bounds
475,133.4,595.7,centroid,0.30,376.3,584.5,47.6,0.0,657.5,1168.9,1,61.1,0,0,shot_pb=1.00|flight_commit=1.00|pb_zfit|edge_zoom=0.940|bounds
476,135.4,611.8,centroid,0.30,383.8,584.5,55.1,0.0,657.5,1168.9,1,55.6,0,0,shot_pb=1.00|flight_commit=1.00|pb_zfit|edge_zoom=0.934|bounds
477,138.3,628.1,centroid,0.30,392.5,584.5,63.8,0.0,657.5,1168.9,1,49.8,0,0,shot_pb=1.00|flight_commit=1.00|pb_zfit|edge_zoom=0.928|bounds
478,142.2,644.3,centroid,0.30,402.5,584.5,73.7,0.0,657.5,1168.9,1,43.7,0,0,shot_pb=1.00|flight_commit=1.00|pb_zfit|edge_zoom=0.922|bounds
479,147.3,660.2,centroid,0.30,413.8,584.5,85.0,0.0,657.5,1168.9,1,37.5,0,0,shot_pb=1.00|flight_commit=1.00|pb_zfit|edge_zoom=0.916|bounds
480,153.9,675.7,centroid,0.30,426.5,584.5,97.8,0.0,657.5,1168.9,1,31.4,0,0,shot_pb=1.00|flight_commit=1.00|pb_zfit|edge_zoom=0.912|bounds
481,162.1,690.5,centroid,0.30,440.6,584.5,111.9,0.0,657.5,1168.9,1,25.5,0,0,shot_pb=1.00|flight_commit=1.00|pb_zfit|edge_zoom=0.903|bounds
482,172.4,704.4,centroid,0.30,456.3,584.5,127.5,0.0,657.5,1168.9,1,20.1,0,0,shot_pb=1.00|flight_commit=1.00|pb_zfit|edge_zoom=0.888|bounds
483,185.0,717.2,centroid,0.30,468.8,584.5,140.0,0.0,657.5,1168.9,1,20.2,0,0,shot_pb=1.00|flight_commit=1.00|pb_zfit|edge_zoom=0.875|bounds
484,200.5,729.0,centroid,0.30,484.3,584.5,155.5,0.0,657.5,1168.9,1,20.2,1,0,shot_pb=1.00|flight_commit=1.00|pb_zfit|speed|edge_zoom=0.866|bounds
485,219.6,739.9,centroid,0.30,503.3,584.5,174.6,0.0,657.5,1168.9,1,20.3,1,0,shot_pb=1.00|flight_commit=1.00|pb_zfit|speed|edge_zoom=0.864|bounds
486,242.9,749.9,centroid,0.30,526.6,584.5,197.9,0.0,657.5,1168.9,1,20.3,1,0,shot_pb=1.00|flight_commit=1.00|pb_zfit|speed|edge_zoom=0.868|bounds
487,271.4,759.2,centroid,0.30,555.1,584.5,226.4,0.0,657.5,1168.9,1,20.3,0,0,accel_zoom=0.932|shot_pb=1.00|flight_commit=1.00|pb_zfit|edge_zoom=0.880|bounds
488,306.3,767.8,centroid,0.30,590.0,584.5,261.3,0.0,657.5,1168.9,1,20.3,0,0,accel_zoom=0.916|shot_pb=1.00|flight_commit=1.00|pb_zfit|edge_zoom=0.898|bounds
489,349.1,775.7,centroid,0.30,632.8,584.5,304.1,0.0,657.5,1168.9,1,20.3,0,0,accel_zoom=0.897|shot_pb=1.00|flight_commit=1.00|pb_zfit|edge_zoom=0.899|bounds
490,401.6,782.9,centroid,0.30,685.3,584.5,356.6,0.0,657.5,1168.9,1,20.3,0,0,accel_zoom=0.874|shot_pb=1.00|flight_commit=1.00|pb_zfit|edge_zoom=0.897|bounds
491,466.1,789.3,centroid,0.30,738.5,584.5,409.7,0.0,657.5,1168.9,1,31.6,0,0,accel_zoom=0.848|shot_pb=1.00|flight_commit=1.00|pb_zfit|flight_boost=1.08|edge_zoom=0.896|bounds
492,545.6,794.8,centroid,0.30,782.9,584.5,454.1,0.0,657.5,1168.9,1,66.7,0,0,accel_zoom=0.821|shot_pb=1.00|flight_commit=1.00|pb_zfit|flight_boost=1.23|edge_zoom=0.895|bounds
493,643.8,799.5,centroid,0.30,825.1,584.5,496.4,0.0,657.5,1168.9,1,122.7,0,0,accel_zoom=0.799|shot_pb=1.00|flight_commit=1.00|pb_zfit|flight_boost=1.41|edge_zoom=0.894|bounds
494,903.2,810.5,yolo,0.31,864.1,584.5,535.3,0.0,657.5,1168.9,1,264.9,0,0,shot_pb=1.00|flight_commit=1.00|flight_boost=2.00|edge_zoom=0.890|bounds
495,985.9,806.9,interp,0.38,898.9,584.5,570.1,0.0,657.5,1168.9,1,217.0,0,0,accel_zoom=0.781|shot_pb=1.00|flight_commit=1.00|flight_boost=2.00|edge_zoom=0.894|bounds
496,1042.2,799.7,interp,0.38,928.9,584.5,600.2,0.0,657.5,1168.9,1,190.7,0,0,accel_zoom=0.781|shot_pb=1.00|flight_commit=1.00|flight_boost=2.00|edge_zoom=0.900|bounds
497,1077.5,789.7,interp,0.38,953.9,584.5,625.2,0.0,657.5,1168.9,1,180.4,0,0,accel_zoom=0.781|shot_pb=1.00|flight_commit=1.00|flight_boost=2.00|edge_zoom=0.909|bounds
498,1096.2,777.6,interp,0.38,973.5,584.5,644.7,0.0,657.5,1168.9,1,181.3,0,0,accel_zoom=0.781|shot_pb=1.00|flight_commit=1.00|flight_boost=1.90|edge_zoom=0.923|bounds
499,1101.6,763.7,interp,0.38,987.4,584.4,658.7,0.0,657.5,1168.9,1,189.8,0,0,accel_zoom=0.781|shot_pb=1.00|flight_commit=1.00|flight_boost=1.67|edge_zoom=0.947|bounds
500,1096.6,748.6,interp,0.38,995.7,584.4,667.0,0.0,657.4,1168.8,1,203.1,0,0,shot_pb=1.00|flight_commit=1.00|flight_boost=1.02|edge_zoom=0.948|bounds
501,1083.5,732.6,interp,0.38,998.7,584.3,670.0,0.0,657.4,1168.7,1,219.2,0,0,shot_pb=1.00|flight_commit=1.00|edge_zoom=0.948|bounds
502,1064.1,716.0,interp,0.38,996.7,584.3,668.1,0.0,657.3,1168.6,1,236.6,0,0,shot_pb=1.00|flight_commit=1.00|edge_zoom=0.950|bounds
503,1040.1,699.0,interp,0.38,990.4,584.2,661.8,0.0,657.2,1168.4,1,254.3,0,0,shot_pb=1.00|flight_commit=1.00|edge_zoom=0.954|bounds
504,1012.8,681.9,yolo,0.29,980.4,584.0,651.9,0.0,657.1,1168.1,1,271.6,0,0,shot_pb=1.00|flight_commit=1.00|edge_zoom=0.959|bounds
505,983.4,664.9,interp,0.32,967.5,583.9,639.0,0.0,656.9,1167.8,1,288.1,0,0,shot_pb=1.00|flight_commit=1.00|edge_zoom=0.964|bounds
506,953.5,648.5,interp,0.32,952.4,583.7,624.0,0.0,656.6,1167.4,1,302.9,0,1,shot_pb=1.00|flight_commit=1.00|keepin_prop=0.01|keepin_zoom=1.350|edge_zoom=0.953|bounds
507,923.7,633.0,interp,0.32,935.7,583.4,607.5,0.0,656.4,1166.9,1,292.0,0,0,shot_pb=1.00|flight_commit=1.00|edge_zoom=0.975|bounds
508,894.7,618.3,interp,0.32,918.2,583.2,590.1,0.0,656.1,1166.4,1,280.5,0,0,shot_pb=1.00|flight_commit=1.00|edge_zoom=0.981|bounds
509,866.8,604.5,interp,0.32,900.3,582.9,572.3,0.0,655.8,1165.9,1,270.5,0,1,shot_pb=1.00|flight_commit=1.00|keepin_prop=0.01|keepin_zoom=1.350|edge_zoom=0.970|bounds
510,840.2,591.6,interp,0.32,882.3,582.7,554.5,0.0,655.6,1165.4,1,261.9,0,0,shot_pb=1.00|flight_commit=1.00|edge_zoom=0.990|bounds
511,815.1,579.7,interp,0.32,864.7,582.5,537.0,0.0,655.3,1165.1,1,254.4,0,1,shot_pb=1.00|flight_commit=1.00|keepin_prop=0.00|keepin_zoom=1.350|edge_zoom=0.980|bounds
512,791.6,568.7,interp,0.32,847.6,582.4,520.0,0.0,655.2,1164.8,1,248.0,0,0,shot_pb=1.00|flight_commit=1.00|edge_zoom=0.999|bounds
513,769.7,558.6,interp,0.32,831.2,582.4,503.6,0.0,655.1,1164.7,1,242.5,0,1,shot_pb=1.00|flight_commit=1.00|keepin_prop=0.00|keepin_zoom=1.350|edge_zoom=0.988|bounds
514,749.4,549.3,interp,0.32,815.5,582.4,487.9,0.0,655.2,1164.8,1,237.9,0,0,shot_pb=1.00|flight_commit=1.00|edge_zoom=0.994|bounds
515,730.6,540.8,interp,0.32,800.7,582.5,473.1,0.0,655.3,1165.0,1,233.9,0,1,shot_pb=1.00|flight_commit=1.00|pb_zfit|keepin_prop=0.00|keepin_zoom=1.350|edge_zoom=0.995|bounds
516,713.3,533.1,interp,0.32,786.8,582.7,459.0,0.0,655.5,1165.3,1,230.5,0,0,shot_pb=1.00|flight_commit=1.00|pb_zfit|edge_zoom=0.988|bounds
517,697.3,526.2,interp,0.32,773.7,582.9,445.8,0.0,655.7,1165.7,1,227.6,0,1,shot_pb=1.00|flight_commit=1.00|pb_zfit|keepin_prop=0.00|keepin_zoom=1.350|bounds
518,682.8,519.9,interp,0.32,761.5,583.1,433.5,0.0,656.0,1166.2,1,225.3,0,0,shot_pb=1.00|flight_commit=1.00|pb_zfit|edge_zoom=0.984|bounds
519,669.4,514.2,interp,0.32,750.2,583.4,422.0,0.0,656.3,1166.7,1,223.2,0,1,shot_pb=1.00|flight_commit=1.00|pb_zfit|keepin_prop=0.01|keepin_zoom=1.350|edge_zoom=0.995|bounds
520,657.2,509.2,interp,0.32,739.6,583.6,411.4,0.0,656.6,1167.2,1,221.6,0,0,shot_pb=1.00|flight_commit=1.00|pb_zfit|edge_zoom=0.980|bounds
521,646.1,504.7,interp,0.32,729.9,583.8,401.5,0.0,656.8,1167.6,1,220.2,0,1,shot_pb=1.00|flight_commit=1.00|pb_zfit|keepin_prop=0.03|keepin_zoom=1.350|edge_zoom=0.991|bounds
522,635.9,500.9,interp,0.32,720.9,584.0,392.4,0.0,657.0,1168.0,1,219.0,0,0,shot_pb=1.00|flight_commit=1.00|pb_zfit|edge_zoom=0.978|bounds
523,626.6,497.6,interp,0.32,712.6,584.1,384.0,0.0,657.2,1168.3,1,218.0,0,1,shot_pb=1.00|flight_commit=1.00|pb_zfit|keepin_prop=0.05|keepin_zoom=1.350|edge_zoom=0.988|bounds
524,618.1,494.8,interp,0.32,704.9,584.2,376.2,0.0,657.3,1168.5,1,217.2,0,1,shot_pb=1.00|flight_commit=1.00|pb_zfit|keepin_prop=0.00|keepin_zoom=1.350|edge_zoom=0.988|bounds
525,610.3,492.6,interp,0.32,697.7,584.3,369.0,0.0,657.4,1168.7,1,216.6,0,0,shot_pb=1.00|flight_commit=1.00|pb_zfit|edge_zoom=0.977|bounds
526,603.2,491.0,interp,0.32,691.0,584.4,362.3,0.0,657.4,1168.8,1,216.2,0,1,shot_pb=1.00|flight_commit=1.00|pb_zfit|keepin_prop=0.04|keepin_zoom=1.350|edge_zoom=0.985|bounds
527,596.6,490.0,interp,0.32,684.7,584.4,355.9,0.0,657.5,1168.8,1,215.9,0,1,shot_pb=1.00|flight_commit=1.00|pb_zfit|keepin_prop=0.00|keepin_zoom=1.350|edge_zoom=0.986|bounds
528,590.5,489.8,interp,0.32,678.7,584.4,350.0,0.0,657.5,1168.9,1,215.8,0,0,shot_pb=1.00|flight_commit=1.00|pb_zfit|edge_zoom=0.984|bounds
529,584.8,490.3,interp,0.32,673.1,584.5,344.3,0.0,657.5,1168.9,1,215.7,0,1,shot_pb=1.00|flight_commit=1.00|pb_zfit|keepin_prop=0.05|keepin_zoom=1.350|edge_zoom=0.985|bounds
530,579.4,491.7,interp,0.32,667.8,584.5,339.1,0.0,657.5,1168.9,1,215.6,0,1,shot_pb=1.00|flight_commit=1.00|pb_zfit|keepin_prop=0.00|keepin_zoom=1.350|edge_zoom=0.986|bounds
531,574.3,494.1,interp,0.32,662.9,584.5,334.2,0.0,657.5,1168.9,1,215.4,0,0,shot_pb=1.00|flight_commit=1.00|pb_zfit|edge_zoom=0.998|bounds
532,569.3,497.8,interp,0.32,658.4,584.5,329.7,0.0,657.5,1168.9,1,214.9,0,1,shot_pb=1.00|flight_commit=1.00|pb_zfit|keepin_prop=0.00|keepin_zoom=1.350|edge_zoom=0.991|bounds
533,564.4,503.0,interp,0.32,654.4,584.5,325.6,0.0,657.5,1168.9,1,214.0,0,0,shot_pb=1.00|flight_commit=1.00|pb_zfit|edge_zoom=0.989|bounds
534,559.4,509.9,interp,0.32,650.9,584.5,322.1,0.0,657.5,1168.9,1,212.5,0,0,shot_pb=1.00|flight_commit=1.00|pb_zfit|edge_zoom=0.992|bounds
535,554.2,519.1,interp,0.32,648.0,584.5,319.3,0.0,657.5,1168.9,1,210.2,0,0,shot_pb=1.00|flight_commit=1.00|pb_zfit|edge_zoom=0.993|bounds
536,548.7,531.0,interp,0.32,645.9,584.5,317.1,0.0,657.5,1168.9,1,206.8,0,0,shot_pb=1.00|flight_commit=1.00|pb_zfit|edge_zoom=0.990|bounds
537,542.7,546.2,interp,0.32,644.6,584.5,315.8,0.0,657.5,1168.9,1,202.1,0,0,shot_pb=1.00|flight_commit=1.00|pb_zfit|edge_zoom=0.983|bounds
538,535.9,565.6,interp,0.32,644.2,584.5,315.4,0.0,657.5,1168.9,1,195.7,0,0,shot_pb=1.00|flight_commit=1.00|pb_zfit|edge_zoom=0.971|bounds
539,528.1,590.1,interp,0.32,644.7,584.5,315.9,0.0,657.5,1168.9,1,187.4,0,0,shot_pb=1.00|flight_commit=1.00|pb_zfit|edge_zoom=0.952|bounds
540,519.1,621.0,interp,0.32,646.2,584.5,317.4,0.0,657.5,1168.9,1,176.9,0,0,shot_pb=1.00|flight_commit=1.00|pb_zfit|edge_zoom=0.931|bounds
541,494.4,700.8,centroid,0.30,648.6,584.5,319.8,0.0,657.5,1168.9,1,149.8,0,0,accel_zoom=0.821|shot_pb=1.00|flight_commit=1.00|pb_zfit|edge_zoom=0.901|bounds
542,489.4,730.7,centroid,0.30,651.9,584.5,323.2,0.0,657.5,1168.9,1,141.5,1,0,shot_pb=1.00|flight_commit=1.00|pb_zfit|speed|edge_zoom=0.893|bounds
543,487.3,754.0,centroid,0.30,656.1,584.5,327.3,0.0,657.5,1168.9,1,135.2,1,0,shot_pb=1.00|flight_commit=1.00|pb_zfit|speed|edge_zoom=0.893|bounds
544,487.2,772.3,centroid,0.30,660.9,584.5,332.1,0.0,657.5,1168.9,1,130.3,1,0,shot_pb=1.00|flight_commit=1.00|pb_zfit|speed|edge_zoom=0.893|bounds
545,488.4,786.7,centroid,0.30,666.2,584.5,337.4,0.0,657.5,1168.9,1,126.2,1,0,shot_pb=1.00|flight_commit=1.00|pb_zfit|speed|edge_zoom=0.894|bounds
546,490.6,798.1,centroid,0.30,671.7,584.5,342.9,0.0,657.5,1168.9,1,122.9,1,0,shot_pb=1.00|flight_commit=1.00|pb_zfit|speed|edge_zoom=0.895|bounds
547,493.3,807.1,centroid,0.30,677.2,584.5,348.5,0.0,657.5,1168.9,1,120.1,1,0,shot_pb=1.00|flight_commit=1.00|pb_zfit|speed|edge_zoom=0.895|bounds
548,496.3,814.3,centroid,0.30,682.5,584.5,353.8,0.0,657.5,1168.9,1,117.8,1,0,shot_pb=1.00|flight_commit=1.00|pb_zfit|speed|edge_zoom=0.896|bounds
549,499.6,820.1,centroid,0.30,687.4,584.5,358.6,0.0,657.5,1168.9,1,116.2,1,0,shot_pb=1.00|flight_commit=1.00|pb_zfit|speed|edge_zoom=0.897|bounds
550,503.0,824.8,centroid,0.30,691.6,584.5,362.8,0.0,657.5,1168.9,1,115.4,1,0,shot_pb=1.00|flight_commit=1.00|pb_zfit|speed|edge_zoom=0.897|bounds
551,506.3,828.6,centroid,0.30,694.9,584.5,366.2,0.0,657.5,1168.9,1,115.4,1,0,shot_pb=1.00|flight_commit=1.00|pb_zfit|speed|edge_zoom=0.898|bounds
552,509.5,831.8,centroid,0.30,697.4,584.5,368.6,0.0,657.5,1168.9,1,116.1,1,0,shot_pb=1.00|flight_commit=1.00|pb_zfit|speed|edge_zoom=0.898|bounds
553,512.4,834.5,centroid,0.30,698.8,584.5,370.0,0.0,657.5,1168.9,1,117.6,1,1,shot_pb=1.00|flight_commit=1.00|pb_zfit|keepin_prop=0.00|keepin_zoom=1.350|speed|edge_zoom=0.899|bounds
554,514.9,836.8,centroid,0.30,699.3,584.5,370.5,0.0,657.5,1168.9,1,119.6,1,1,shot_pb=1.00|flight_commit=1.00|pb_zfit|keepin_prop=0.00|keepin_zoom=1.350|speed|edge_zoom=0.899|bounds
555,516.9,838.9,centroid,0.30,698.8,584.5,370.1,0.0,657.5,1168.9,1,122.1,1,1,shot_pb=1.00|flight_commit=1.00|pb_zfit|keepin_prop=0.00|keepin_zoom=1.350|speed|edge_zoom=0.900|bounds
556,518.3,840.8,centroid,0.30,697.5,584.5,368.7,0.0,657.5,1168.9,1,124.8,1,1,shot_pb=1.00|flight_commit=1.00|pb_zfit|keepin_prop=0.00|keepin_zoom=1.350|speed|edge_zoom=0.900|bounds
557,519.1,842.6,centroid,0.30,695.4,584.5,366.6,0.0,657.5,1168.9,1,127.7,1,1,shot_pb=1.00|flight_commit=1.00|pb_zfit|keepin_prop=0.00|keepin_zoom=1.350|speed|edge_zoom=0.900|bounds
558,519.0,844.2,centroid,0.30,692.6,584.5,363.9,0.0,657.5,1168.9,1,130.4,1,0,shot_pb=1.00|flight_commit=1.00|pb_zfit|speed|edge_zoom=0.900|bounds
559,518.0,845.8,centroid,0.30,689.3,584.5,360.5,0.0,657.5,1168.9,1,132.7,1,1,shot_pb=1.00|flight_commit=1.00|pb_zfit|keepin_prop=0.00|keepin_zoom=1.350|speed|edge_zoom=0.901|bounds
560,516.1,847.4,centroid,0.30,685.4,584.5,356.7,0.0,657.5,1168.9,1,134.7,1,1,shot_pb=1.00|flight_commit=1.00|pb_zfit|keepin_prop=0.00|keepin_zoom=1.350|speed|edge_zoom=0.901|bounds
561,513.1,849.0,centroid,0.30,681.1,584.5,352.4,0.0,657.5,1168.9,1,136.0,1,1,shot_pb=1.00|flight_commit=1.00|pb_zfit|keepin_prop=0.01|keepin_zoom=1.350|speed|edge_zoom=0.901|bounds
562,508.9,850.7,centroid,0.30,676.4,584.5,347.6,0.0,657.5,1168.9,1,136.5,1,1,shot_pb=1.00|flight_commit=1.00|pb_zfit|keepin_prop=0.01|keepin_zoom=1.350|speed|edge_zoom=0.900|bounds
563,503.4,852.6,centroid,0.30,671.3,584.5,342.5,0.0,657.5,1168.9,1,136.1,1,1,shot_pb=1.00|flight_commit=1.00|pb_zfit|keepin_prop=0.01|keepin_zoom=1.350|speed|edge_zoom=0.899|bounds
564,496.5,854.7,centroid,0.30,665.7,584.5,336.9,0.0,657.5,1168.9,1,134.8,1,1,shot_pb=1.00|flight_commit=1.00|pb_zfit|keepin_prop=0.01|keepin_zoom=1.350|speed|edge_zoom=0.898|bounds
565,488.1,857.0,centroid,0.30,659.7,584.5,331.0,0.0,657.5,1168.9,1,132.4,1,1,shot_pb=1.00|flight_commit=1.00|pb_zfit|keepin_prop=0.02|keepin_zoom=1.350|speed|edge_zoom=0.897|bounds
566,478.1,859.5,centroid,0.30,653.3,584.5,324.6,0.0,657.5,1168.9,1,128.8,1,1,shot_pb=1.00|flight_commit=1.00|pb_zfit|keepin_prop=0.02|keepin_zoom=1.350|speed|edge_zoom=0.896|bounds
567,466.7,862.3,centroid,0.30,646.5,584.5,317.7,0.0,657.5,1168.9,1,124.2,1,1,shot_pb=1.00|flight_commit=1.00|pb_zfit|keepin_prop=0.02|keepin_zoom=1.350|speed|edge_zoom=0.895|bounds
568,453.9,865.2,centroid,0.30,639.1,584.5,310.4,0.0,657.5,1168.9,1,118.8,1,1,shot_pb=1.00|flight_commit=1.00|pb_zfit|keepin_prop=0.03|keepin_zoom=1.350|speed|edge_zoom=0.894|bounds
569,439.8,868.4,centroid,0.30,631.4,584.5,302.6,0.0,657.5,1168.9,1,112.4,1,1,shot_pb=1.00|flight_commit=1.00|pb_zfit|keepin_prop=0.03|keepin_zoom=1.350|speed|edge_zoom=0.893|bounds
570,424.8,871.6,centroid,0.30,623.2,584.5,294.4,0.0,657.5,1168.9,1,105.6,1,1,shot_pb=1.00|flight_commit=1.00|pb_zfit|keepin_prop=0.03|keepin_zoom=1.350|speed|edge_zoom=0.891|bounds
571,409.0,875.0,centroid,0.30,614.6,584.5,285.8,0.0,657.5,1168.9,1,98.4,1,1,shot_pb=1.00|flight_commit=1.00|pb_zfit|keepin_prop=0.04|keepin_zoom=1.350|speed|edge_zoom=0.890|bounds
572,392.8,878.5,centroid,0.30,605.7,584.5,276.9,0.0,657.5,1168.9,1,91.1,1,1,shot_pb=1.00|flight_commit=1.00|pb_zfit|keepin_prop=0.04|keepin_zoom=1.350|speed|edge_zoom=0.888|bounds
573,376.4,882.0,centroid,0.30,596.5,584.5,267.7,0.0,657.5,1168.9,1,83.9,1,1,shot_pb=1.00|flight_commit=1.00|pb_zfit|keepin_prop=0.05|keepin_zoom=1.350|speed|edge_zoom=0.886|bounds
574,360.2,885.5,centroid,0.30,587.2,584.5,258.4,0.0,657.5,1168.9,1,77.0,1,1,shot_pb=1.00|flight_commit=1.00|pb_zfit|keepin_prop=0.05|keepin_zoom=1.350|speed|edge_zoom=0.884|bounds
575,344.4,888.9,centroid,0.30,577.8,584.5,249.0,0.0,657.5,1168.9,1,70.6,1,1,shot_pb=1.00|flight_commit=1.00|pb_zfit|keepin_prop=0.06|keepin_zoom=1.350|speed|edge_zoom=0.882|bounds
576,329.3,892.3,centroid,0.30,568.5,584.5,239.7,0.0,657.5,1168.9,1,64.8,1,1,shot_pb=1.00|flight_commit=1.00|pb_zfit|keepin_prop=0.07|keepin_zoom=1.350|speed|edge_zoom=0.881|bounds
577,315.1,895.5,centroid,0.30,559.3,584.5,230.5,0.0,657.5,1168.9,1,59.8,1,1,shot_pb=1.00|flight_commit=1.00|pb_zfit|keepin_prop=0.07|keepin_zoom=1.350|speed|edge_zoom=0.879|bounds
578,302.2,898.6,centroid,0.30,550.3,584.5,221.6,0.0,657.5,1168.9,1,55.9,1,1,shot_pb=1.00|flight_commit=1.00|pb_zfit|keepin_prop=0.08|keepin_zoom=1.350|speed|edge_zoom=0.877|bounds
579,290.5,901.4,centroid,0.30,541.8,584.5,213.0,0.0,657.5,1168.9,1,52.7,1,1,shot_pb=1.00|flight_commit=1.00|pb_zfit|keepin_prop=0.08|keepin_zoom=1.350|speed|edge_zoom=0.875|bounds
580,280.3,904.0,centroid,0.30,533.6,584.5,204.9,0.0,657.5,1168.9,1,50.7,1,1,shot_pb=1.00|flight_commit=1.00|pb_zfit|keepin_prop=0.09|keepin_zoom=1.350|speed|edge_zoom=0.873|bounds
581,271.7,906.1,centroid,0.30,526.1,584.5,197.3,0.0,657.5,1168.9,1,49.6,1,1,shot_pb=1.00|flight_commit=1.00|pb_zfit|keepin_prop=0.09|keepin_zoom=1.350|speed|edge_zoom=0.872|bounds
582,264.6,907.9,centroid,0.30,519.1,584.5,190.3,0.0,657.5,1168.9,1,49.5,1,1,shot_pb=1.00|flight_commit=1.00|pb_zfit|keepin_prop=0.09|keepin_zoom=1.350|speed|edge_zoom=0.870|bounds
583,258.9,909.1,centroid,0.30,512.7,584.5,184.0,0.0,657.5,1168.9,1,50.2,1,1,shot_pb=1.00|flight_commit=1.00|pb_zfit|keepin_prop=0.10|keepin_zoom=1.350|speed|edge_zoom=0.869|bounds
584,254.7,909.9,centroid,0.30,507.1,584.5,178.3,0.0,657.5,1168.9,1,51.6,1,1,shot_pb=1.00|flight_commit=1.00|pb_zfit|keepin_prop=0.10|keepin_zoom=1.350|speed|edge_zoom=0.868|bounds
585,251.8,910.1,centroid,0.30,502.2,584.5,173.4,0.0,657.5,1168.9,1,53.6,1,1,shot_pb=1.00|flight_commit=1.00|pb_zfit|keepin_prop=0.11|keepin_zoom=1.350|speed|edge_zoom=0.865|bounds
586,250.1,909.9,centroid,0.30,498.0,584.5,169.2,0.0,657.5,1168.9,1,56.1,1,1,shot_pb=1.00|flight_commit=1.00|pb_zfit|keepin_prop=0.13|keepin_zoom=1.350|speed|edge_zoom=0.860|bounds
587,249.4,909.3,centroid,0.30,494.5,584.5,165.7,0.0,657.5,1168.9,1,58.9,1,1,shot_pb=1.00|flight_commit=1.00|pb_zfit|keepin_prop=0.17|keepin_zoom=1.350|speed|edge_zoom=0.844|bounds
588,249.5,908.4,centroid,0.30,491.7,584.5,162.9,0.0,657.5,1168.9,1,61.8,1,1,shot_pb=1.00|flight_commit=1.00|pb_zfit|keepin_prop=0.20|keepin_zoom=1.350|speed|edge_zoom=0.834|bounds
589,250.3,907.3,centroid,0.30,489.6,584.5,160.8,0.0,657.5,1168.9,1,64.7,1,1,shot_pb=1.00|flight_commit=1.00|pb_zfit|keepin_prop=0.18|keepin_zoom=1.350|speed|edge_zoom=0.841|bounds
590,251.5,906.1,centroid,0.30,488.1,584.5,159.3,0.0,657.5,1168.9,1,67.4,1,1,shot_pb=1.00|flight_commit=1.00|pb_zfit|keepin_prop=0.17|keepin_zoom=1.350|speed|edge_zoom=0.846|bounds
591,253.2,904.7,centroid,0.30,487.2,584.5,158.5,0.0,657.5,1168.9,1,70.0,1,1,shot_pb=1.00|flight_commit=1.00|pb_zfit|keepin_prop=0.16|keepin_zoom=1.350|speed|edge_zoom=0.849|bounds
592,255.3,903.2,centroid,0.30,487.0,584.5,158.2,0.0,657.5,1168.9,1,72.3,1,1,shot_pb=1.00|flight_commit=1.00|pb_zfit|keepin_prop=0.15|keepin_zoom=1.350|speed|edge_zoom=0.852|bounds
593,257.8,901.5,centroid,0.30,487.2,584.5,158.4,0.0,657.5,1168.9,1,74.6,1,1,shot_pb=1.00|flight_commit=1.00|pb_zfit|keepin_prop=0.14|keepin_zoom=1.350|speed|edge_zoom=0.855|bounds
594,260.7,899.7,centroid,0.30,488.0,584.5,159.2,0.0,657.5,1168.9,1,76.7,1,1,shot_pb=1.00|flight_commit=1.00|pb_zfit|keepin_prop=0.13|keepin_zoom=1.350|speed|edge_zoom=0.857|bounds
595,264.1,897.6,centroid,0.30,489.2,584.5,160.4,0.0,657.5,1168.9,1,78.9,1,1,shot_pb=1.00|flight_commit=1.00|pb_zfit|keepin_prop=0.13|keepin_zoom=1.350|speed|edge_zoom=0.859|bounds
596,268.0,895.3,centroid,0.30,490.8,584.5,162.0,0.0,657.5,1168.9,1,81.2,1,1,shot_pb=1.00|flight_commit=1.00|pb_zfit|keepin_prop=0.12|keepin_zoom=1.350|speed|edge_zoom=0.861|bounds
597,272.2,892.9,centroid,0.30,492.9,584.5,164.1,0.0,657.5,1168.9,1,83.3,1,1,shot_pb=1.00|flight_commit=1.00|pb_zfit|keepin_prop=0.12|keepin_zoom=1.350|speed|edge_zoom=0.864|bounds
598,276.7,890.3,centroid,0.30,495.3,584.5,166.5,0.0,657.5,1168.9,1,85.4,1,1,shot_pb=1.00|flight_commit=1.00|pb_zfit|keepin_prop=0.11|keepin_zoom=1.350|speed|edge_zoom=0.866|bounds
599,281.6,887.5,centroid,0.30,498.1,584.5,169.3,0.0,657.5,1168.9,1,87.5,1,1,shot_pb=1.00|flight_commit=1.00|pb_zfit|keepin_prop=0.10|keepin_zoom=1.350|speed|edge_zoom=0.868|bounds
600,286.7,884.6,centroid,0.30,501.3,584.5,172.5,0.0,657.5,1168.9,1,89.4,1,1,shot_pb=1.00|flight_commit=1.00|pb_zfit|keepin_prop=0.10|keepin_zoom=1.350|speed|edge_zoom=0.870|bounds
601,292.1,881.6,centroid,0.30,504.8,584.5,176.0,0.0,657.5,1168.9,1,91.3,1,1,shot_pb=1.00|flight_commit=1.00|pb_zfit|keepin_prop=0.09|keepin_zoom=1.350|speed|edge_zoom=0.872|bounds
602,297.9,878.4,centroid,0.30,508.7,584.5,179.9,0.0,657.5,1168.9,1,93.2,1,1,shot_pb=1.00|flight_commit=1.00|pb_zfit|keepin_prop=0.08|keepin_zoom=1.350|speed|edge_zoom=0.875|bounds
603,304.0,874.9,centroid,0.30,512.9,584.5,184.2,0.0,657.5,1168.9,1,95.1,1,1,shot_pb=1.00|flight_commit=1.00|pb_zfit|keepin_prop=0.08|keepin_zoom=1.350|speed|edge_zoom=0.877|bounds
604,310.6,871.3,centroid,0.30,517.6,584.5,188.8,0.0,657.5,1168.9,1,97.0,1,1,shot_pb=1.00|flight_commit=1.00|pb_zfit|keepin_prop=0.07|keepin_zoom=1.350|speed|edge_zoom=0.879|bounds
605,317.5,867.5,centroid,0.30,522.7,584.5,194.0,0.0,657.5,1168.9,1,98.8,1,1,shot_pb=1.00|flight_commit=1.00|pb_zfit|keepin_prop=0.06|keepin_zoom=1.350|speed|edge_zoom=0.882|bounds
606,324.8,863.5,centroid,0.30,528.3,584.5,199.6,0.0,657.5,1168.9,1,100.5,1,1,shot_pb=1.00|flight_commit=1.00|pb_zfit|keepin_prop=0.05|keepin_zoom=1.350|speed|edge_zoom=0.884|bounds
607,332.6,859.2,centroid,0.30,534.5,584.5,205.7,0.0,657.5,1168.9,1,102.1,1,1,shot_pb=1.00|flight_commit=1.00|pb_zfit|keepin_prop=0.05|keepin_zoom=1.350|speed|edge_zoom=0.886|bounds
608,340.8,854.7,centroid,0.30,541.2,584.5,212.5,0.0,657.5,1168.9,1,103.6,1,1,shot_pb=1.00|flight_commit=1.00|pb_zfit|keepin_prop=0.04|keepin_zoom=1.350|speed|edge_zoom=0.889|bounds
609,349.5,849.9,centroid,0.30,548.7,584.5,219.9,0.0,657.5,1168.9,1,104.8,1,1,shot_pb=1.00|flight_commit=1.00|pb_zfit|keepin_prop=0.03|keepin_zoom=1.350|speed|edge_zoom=0.891|bounds
610,358.6,844.8,centroid,0.30,556.8,584.5,228.0,0.0,657.5,1168.9,1,105.8,1,1,shot_pb=1.00|flight_commit=1.00|pb_zfit|keepin_prop=0.03|keepin_zoom=1.350|speed|edge_zoom=0.893|bounds
611,368.1,839.3,centroid,0.30,565.7,584.5,236.9,0.0,657.5,1168.9,1,106.4,1,1,shot_pb=1.00|flight_commit=1.00|pb_zfit|keepin_prop=0.02|keepin_zoom=1.350|speed|edge_zoom=0.895|bounds
612,378.0,833.5,centroid,0.30,575.3,584.5,246.6,0.0,657.5,1168.9,1,106.7,1,1,shot_pb=1.00|flight_commit=1.00|pb_zfit|keepin_prop=0.02|keepin_zoom=1.350|speed|edge_zoom=0.897|bounds
613,388.1,827.4,centroid,0.30,585.7,584.5,257.0,0.0,657.5,1168.9,1,106.4,1,1,shot_pb=1.00|flight_commit=1.00|pb_zfit|keepin_prop=0.01|keepin_zoom=1.350|speed|edge_zoom=0.899|bounds
614,398.4,821.0,centroid,0.30,596.8,584.5,268.0,0.0,657.5,1168.9,1,105.6,1,1,shot_pb=1.00|flight_commit=1.00|pb_zfit|keepin_prop=0.01|keepin_zoom=1.350|speed|edge_zoom=0.900|bounds
615,409.1,814.4,centroid,0.30,608.5,584.5,279.8,0.0,657.5,1168.9,1,104.6,1,1,shot_pb=1.00|flight_commit=1.00|pb_zfit|keepin_prop=0.00|keepin_zoom=1.350|speed|edge_zoom=0.901|bounds
616,420.0,807.4,centroid,0.30,620.7,584.5,292.0,0.0,657.5,1168.9,1,103.3,1,1,shot_pb=1.00|flight_commit=1.00|pb_zfit|keepin_prop=0.00|keepin_zoom=1.350|speed|edge_zoom=0.902|bounds
617,431.1,800.3,centroid,0.30,633.3,584.5,304.5,0.0,657.5,1168.9,1,101.8,1,1,shot_pb=1.00|flight_commit=1.00|pb_zfit|keepin_prop=0.00|keepin_zoom=1.350|speed|edge_zoom=0.903|bounds
618,442.4,792.9,centroid,0.30,646.0,584.5,317.2,0.0,657.5,1168.9,1,100.4,0,0,shot_pb=1.00|flight_commit=1.00|pb_zfit|edge_zoom=0.917|bounds
619,453.7,785.4,centroid,0.30,658.6,584.5,329.9,0.0,657.5,1168.9,1,99.1,0,0,shot_pb=1.00|flight_commit=1.00|pb_zfit|edge_zoom=0.920|bounds
620,465.0,778.0,centroid,0.30,671.1,584.5,342.3,0.0,657.5,1168.9,1,97.9,0,0,shot_pb=1.00|flight_commit=1.00|pb_zfit|edge_zoom=0.900|bounds
621,475.8,770.9,centroid,0.30,683.2,584.5,354.4,0.0,657.5,1168.9,1,96.6,0,0,shot_pb=1.00|flight_commit=1.00|pb_zfit|edge_zoom=0.901|bounds
622,486.1,764.2,centroid,0.30,694.7,584.5,366.0,0.0,657.5,1168.9,1,95.4,0,0,shot_pb=1.00|flight_commit=1.00|pb_zfit|edge_zoom=0.901|bounds
623,495.7,758.0,centroid,0.30,705.6,584.5,376.9,0.0,657.5,1168.9,1,94.1,0,0,shot_pb=1.00|flight_commit=1.00|pb_zfit|edge_zoom=0.901|bounds
624,504.3,752.5,centroid,0.30,715.9,584.5,387.1,0.0,657.5,1168.9,1,92.4,0,0,shot_pb=1.00|flight_commit=1.00|pb_zfit|edge_zoom=0.900|bounds
625,512.0,747.8,centroid,0.30,725.4,584.5,396.7,0.0,657.5,1168.9,1,90.6,0,1,shot_pb=1.00|flight_commit=1.00|pb_zfit|keepin_prop=0.00|keepin_zoom=1.350|edge_zoom=0.915|bounds
626,518.8,743.6,centroid,0.30,734.3,584.5,405.5,0.0,657.5,1168.9,1,88.5,0,0,shot_pb=1.00|flight_commit=1.00|pb_zfit|edge_zoom=0.935|bounds
627,524.8,740.0,centroid,0.30,742.5,584.5,413.7,0.0,657.5,1168.9,1,86.3,0,1,shot_pb=1.00|flight_commit=1.00|pb_zfit|keepin_prop=0.00|keepin_zoom=1.350|edge_zoom=0.918|bounds
628,530.2,736.7,centroid,0.30,750.2,584.5,421.4,0.0,657.5,1168.9,1,84.0,0,0,shot_pb=1.00|flight_commit=1.00|pb_zfit|edge_zoom=0.937|bounds
629,535.3,733.7,centroid,0.30,757.4,584.5,428.7,0.0,657.5,1168.9,1,81.9,0,1,shot_pb=1.00|flight_commit=1.00|pb_zfit|keepin_prop=0.01|keepin_zoom=1.350|edge_zoom=0.920|bounds
630,540.1,730.7,centroid,0.30,764.4,584.5,435.6,0.0,657.5,1168.9,1,79.7,0,0,shot_pb=1.00|flight_commit=1.00|pb_zfit|edge_zoom=0.940|bounds
631,544.7,727.9,centroid,0.30,771.1,584.5,442.4,0.0,657.5,1168.9,1,77.6,0,1,shot_pb=1.00|flight_commit=1.00|pb_zfit|keepin_prop=0.01|keepin_zoom=1.350|edge_zoom=0.922|bounds
632,549.4,724.9,centroid,0.30,777.9,584.5,449.1,0.0,657.5,1168.9,1,75.5,0,0,shot_pb=1.00|flight_commit=1.00|pb_zfit|edge_zoom=0.943|bounds
633,554.2,721.8,centroid,0.30,784.7,584.5,455.9,0.0,657.5,1168.9,1,73.5,0,1,shot_pb=1.00|flight_commit=1.00|pb_zfit|keepin_prop=0.01|keepin_zoom=1.350|edge_zoom=0.924|bounds
634,559.5,718.2,centroid,0.30,791.7,584.5,462.9,0.0,657.5,1168.9,1,71.8,0,0,shot_pb=1.00|flight_commit=1.00|pb_zfit|edge_zoom=0.946|bounds
635,565.3,714.3,centroid,0.30,799.0,584.5,470.3,0.0,657.5,1168.9,1,70.3,0,1,shot_pb=1.00|flight_commit=1.00|pb_zfit|keepin_prop=0.01|keepin_zoom=1.350|edge_zoom=0.927|bounds
636,571.8,709.7,centroid,0.30,806.8,584.5,478.0,0.0,657.5,1168.9,1,69.0,0,0,shot_pb=1.00|flight_commit=1.00|pb_zfit|edge_zoom=0.950|bounds
637,579.2,704.5,centroid,0.30,815.1,584.4,486.3,0.0,657.5,1168.9,1,68.1,0,1,shot_pb=1.00|flight_commit=1.00|pb_zfit|keepin_prop=0.01|keepin_zoom=1.350|edge_zoom=0.931|bounds
638,587.6,698.5,centroid,0.30,824.0,584.4,495.2,0.0,657.5,1168.9,1,67.6,0,0,shot_pb=1.00|flight_commit=1.00|pb_zfit|edge_zoom=0.954|bounds
639,597.3,691.6,centroid,0.30,833.6,584.4,504.8,0.0,657.5,1168.9,1,67.7,0,1,shot_pb=1.00|flight_commit=1.00|pb_zfit|keepin_prop=0.01|keepin_zoom=1.350|edge_zoom=0.936|bounds
640,608.6,683.5,centroid,0.30,843.9,584.4,515.1,0.0,657.5,1168.8,1,68.7,0,0,shot_pb=1.00|flight_commit=1.00|pb_zfit|edge_zoom=0.960|bounds
641,621.7,674.1,centroid,0.30,854.9,584.4,526.2,0.0,657.4,1168.8,1,70.8,0,1,shot_pb=1.00|flight_commit=1.00|pb_zfit|keepin_prop=0.01|keepin_zoom=1.350|edge_zoom=0.943|bounds
642,636.7,663.3,centroid,0.30,866.7,584.4,538.0,0.0,657.4,1168.7,1,74.0,0,0,shot_pb=1.00|flight_commit=1.00|pb_zfit|edge_zoom=0.968|bounds
643,653.5,651.2,centroid,0.30,879.2,584.3,550.5,0.0,657.4,1168.7,1,78.3,0,1,accel_zoom=0.945|shot_pb=1.00|flight_commit=1.00|pb_zfit|keepin_prop=0.00|keepin_zoom=1.350|edge_zoom=0.952|bounds
644,672.0,637.9,centroid,0.30,892.4,584.3,563.7,0.0,657.4,1168.6,1,83.6,0,0,accel_zoom=0.940|shot_pb=1.00|flight_commit=1.00|pb_zfit|edge_zoom=0.978|bounds
645,692.0,623.5,centroid,0.30,906.2,584.3,577.5,0.0,657.3,1168.6,1,89.8,0,0,accel_zoom=0.936|shot_pb=1.00|flight_commit=1.00|pb_zfit|edge_zoom=0.983|bounds
646,713.2,608.1,centroid,0.30,920.4,584.3,591.8,0.0,657.3,1168.6,1,96.8,0,1,accel_zoom=0.932|shot_pb=1.00|flight_commit=1.00|pb_zfit|keepin_prop=0.00|keepin_zoom=1.350|edge_zoom=0.975|bounds
647,735.5,591.8,centroid,0.30,935.1,584.3,606.5,0.0,657.3,1168.6,1,104.4,0,0,accel_zoom=0.930|shot_pb=1.00|flight_commit=1.00|edge_zoom=0.995|bounds
648,758.6,574.7,centroid,0.30,950.1,584.3,621.4,0.0,657.3,1168.6,1,112.5,0,0,accel_zoom=0.928|shot_pb=1.00|flight_commit=1.00|edge_zoom=0.998|bounds
649,782.3,557.0,centroid,0.30,965.2,584.3,636.5,0.0,657.3,1168.6,1,121.1,0,1,accel_zoom=0.927|shot_pb=1.00|flight_commit=1.00|person_ctx=4|keepin_prop=0.00|keepin_zoom=1.350|edge_zoom=0.991|bounds
650,806.2,538.8,centroid,0.30,980.2,584.3,651.5,0.0,657.3,1168.6,1,130.0,0,0,accel_zoom=0.927|shot_pb=1.00|flight_commit=1.00|edge_zoom=0.984|bounds
651,830.2,520.4,centroid,0.30,995.1,584.3,666.4,0.0,657.4,1168.6,1,139.1,0,0,accel_zoom=0.927|shot_pb=1.00|flight_commit=1.00|edge_zoom=0.977|bounds
652,853.7,502.0,centroid,0.30,1009.5,584.3,680.9,0.0,657.4,1168.7,1,148.2,0,1,accel_zoom=0.927|shot_pb=1.00|flight_commit=1.00|keepin_prop=0.00|keepin_zoom=1.350|edge_zoom=0.991|bounds
653,876.6,483.9,centroid,0.30,1023.5,584.4,694.8,0.0,657.4,1168.7,1,157.1,0,0,accel_zoom=0.927|shot_pb=1.00|flight_commit=1.00|edge_zoom=0.962|bounds
654,898.7,466.3,centroid,0.30,1036.8,584.4,708.1,0.0,657.4,1168.8,1,165.9,0,0,accel_zoom=0.927|shot_pb=1.00|flight_commit=1.00|edge_zoom=0.955|bounds
655,919.7,449.3,centroid,0.30,1049.2,584.4,720.5,0.0,657.5,1168.8,1,174.5,0,1,accel_zoom=0.927|shot_pb=1.00|flight_commit=1.00|keepin_prop=0.00|keepin_zoom=1.350|edge_zoom=0.970|bounds
656,939.4,433.3,centroid,0.30,1060.6,584.4,731.8,0.0,657.5,1168.8,1,182.8,0,0,shot_pb=1.00|flight_commit=1.00|edge_zoom=0.942|bounds
657,957.3,418.6,centroid,0.30,1070.7,584.4,742.0,0.0,657.5,1168.9,1,190.6,0,0,shot_pb=1.00|flight_commit=1.00|edge_zoom=0.937|bounds
658,973.2,405.3,centroid,0.30,1079.6,584.4,750.8,0.0,657.5,1168.9,1,197.6,0,1,shot_pb=1.00|flight_commit=1.00|keepin_prop=0.01|keepin_zoom=1.350|edge_zoom=0.952|bounds
659,986.9,393.6,centroid,0.30,1086.9,584.5,758.1,0.0,657.5,1168.9,1,204.0,0,0,shot_pb=1.00|flight_commit=1.00|edge_zoom=0.927|bounds
660,998.3,383.6,centroid,0.30,1092.6,584.5,763.8,0.0,657.5,1168.9,1,209.7,0,1,shot_pb=1.00|flight_commit=1.00|keepin_prop=0.00|keepin_zoom=1.350|edge_zoom=0.945|bounds
661,1007.4,375.3,centroid,0.30,1096.6,584.5,767.8,0.0,657.5,1168.9,1,214.8,0,0,shot_pb=1.00|flight_commit=1.00|edge_zoom=0.919|bounds
662,1014.5,368.5,centroid,0.30,1098.8,584.5,770.0,0.0,657.5,1168.9,1,219.7,0,1,shot_pb=1.00|flight_commit=1.00|keepin_prop=0.00|keepin_zoom=1.350|edge_zoom=0.939|bounds
663,1019.7,363.0,centroid,0.30,1099.2,584.5,770.4,0.0,657.5,1168.9,1,224.5,0,0,shot_pb=1.00|flight_commit=1.00|person_ctx=4|edge_zoom=0.912|bounds
664,1023.4,358.6,centroid,0.30,1097.8,584.5,769.1,0.0,657.5,1168.9,1,229.6,0,1,shot_pb=1.00|flight_commit=1.00|keepin_prop=0.00|keepin_zoom=1.350|edge_zoom=0.935|bounds
665,1025.8,355.3,centroid,0.30,1094.8,584.5,766.0,0.0,657.5,1168.9,1,235.0,0,0,shot_pb=1.00|flight_commit=1.00|edge_zoom=0.906|bounds
666,1027.2,352.7,centroid,0.30,1090.2,584.5,761.4,0.0,657.5,1168.9,1,241.0,0,0,shot_pb=1.00|flight_commit=1.00|edge_zoom=0.903|bounds
667,1027.6,350.7,centroid,0.30,1084.2,584.5,755.5,0.0,657.5,1168.9,1,247.4,1,0,shot_pb=1.00|flight_commit=1.00|speed|edge_zoom=0.901|bounds
668,1027.3,349.3,centroid,0.30,1077.2,584.4,748.5,0.0,657.5,1168.9,1,254.1,1,0,shot_pb=1.00|flight_commit=1.00|speed|edge_zoom=0.901|bounds
669,1026.5,348.3,centroid,0.30,1069.4,584.4,740.6,0.0,657.5,1168.9,1,261.1,0,0,shot_pb=1.00|flight_commit=1.00|edge_zoom=0.905|bounds
670,1025.2,347.5,centroid,0.30,1061.0,584.4,732.3,0.0,657.5,1168.8,1,268.2,0,0,shot_pb=1.00|flight_commit=1.00|edge_zoom=0.915|bounds
671,1023.5,347.1,centroid,0.30,1052.5,584.4,723.8,0.0,657.4,1168.8,1,275.0,0,1,shot_pb=1.00|flight_commit=1.00|keepin_prop=0.00|keepin_zoom=1.350|edge_zoom=0.931|bounds
672,1021.6,346.8,centroid,0.30,1043.9,584.3,715.3,0.0,657.4,1168.7,1,281.7,0,0,shot_pb=1.00|flight_commit=1.00|edge_zoom=0.926|bounds
673,1019.4,346.7,centroid,0.30,1035.7,584.3,707.0,0.0,657.3,1168.6,1,287.7,0,1,shot_pb=1.00|flight_commit=1.00|keepin_prop=0.10|keepin_zoom=1.350|edge_zoom=0.921|bounds
674,1017.0,346.7,centroid,0.30,1027.9,584.2,699.3,0.0,657.3,1168.5,1,293.1,0,1,shot_pb=1.00|flight_commit=1.00|keepin_prop=0.01|keepin_zoom=1.350|edge_zoom=0.930|bounds
675,1014.4,346.7,centroid,0.30,1020.8,584.2,692.2,0.0,657.2,1168.3,1,297.6,0,0,shot_pb=1.00|flight_commit=1.00|edge_zoom=0.932|bounds
676,1011.7,346.8,centroid,0.30,1014.3,584.1,685.7,0.0,657.1,1168.2,1,301.4,0,1,shot_pb=1.00|flight_commit=1.00|keepin_prop=0.11|keepin_zoom=1.350|edge_zoom=0.920|bounds
677,1008.8,346.9,centroid,0.30,1008.5,584.0,680.0,0.0,657.0,1168.0,1,303.7,0,1,shot_pb=1.00|flight_commit=1.00|keepin_prop=0.01|keepin_zoom=1.350|edge_zoom=0.930|bounds
678,1005.9,347.1,centroid,0.30,1003.4,583.9,674.9,0.0,656.9,1167.8,1,301.5,0,0,shot_pb=1.00|flight_commit=1.00|edge_zoom=0.933|bounds
679,1002.9,347.2,centroid,0.30,998.9,583.8,670.5,0.0,656.7,1167.5,1,300.0,0,1,shot_pb=1.00|flight_commit=1.00|keepin_prop=0.10|keepin_zoom=1.350|edge_zoom=0.921|bounds
680,999.8,347.4,centroid,0.30,995.0,583.6,666.7,0.0,656.6,1167.3,1,299.2,0,1,shot_pb=1.00|flight_commit=1.00|keepin_prop=0.01|keepin_zoom=1.350|edge_zoom=0.930|bounds
681,996.7,347.5,centroid,0.30,991.6,583.5,663.4,0.0,656.4,1167.0,1,298.9,0,0,shot_pb=1.00|flight_commit=1.00|edge_zoom=0.933|bounds
682,993.7,347.6,centroid,0.30,988.7,583.3,660.5,0.0,656.2,1166.6,1,299.0,0,1,shot_pb=1.00|flight_commit=1.00|keepin_prop=0.10|keepin_zoom=1.350|edge_zoom=0.921|bounds
683,990.7,347.8,centroid,0.30,986.2,583.1,658.2,0.0,656.0,1166.2,1,299.5,0,1,shot_pb=1.00|flight_commit=1.00|keepin_prop=0.01|keepin_zoom=1.350|edge_zoom=0.930|bounds
684,987.9,347.9,centroid,0.30,984.1,582.8,656.2,0.0,655.7,1165.6,1,300.2,0,0,shot_pb=1.00|flight_commit=1.00|edge_zoom=0.933|bounds
685,985.2,348.1,centroid,0.30,982.4,582.5,654.7,0.0,655.3,1165.0,1,301.2,0,1,shot_pb=1.00|flight_commit=1.00|keepin_prop=0.10|keepin_zoom=1.350|edge_zoom=0.921|bounds
686,982.8,348.3,centroid,0.30,981.2,582.1,653.8,0.0,654.8,1164.2,1,302.4,0,1,shot_pb=1.00|flight_commit=1.00|keepin_prop=0.01|keepin_zoom=1.350|edge_zoom=0.931|bounds
687,980.6,348.5,centroid,0.30,980.5,581.6,653.3,0.0,654.3,1163.2,1,303.9,0,0,shot_pb=1.00|flight_commit=1.00|edge_zoom=0.935|bounds
688,978.7,348.8,centroid,0.30,980.4,581.0,653.6,0.0,653.6,1162.0,1,302.3,0,1,shot_pb=1.00|flight_commit=1.00|keepin_prop=0.11|keepin_zoom=1.350|edge_zoom=0.921|bounds
689,977.0,349.0,centroid,0.30,981.0,580.3,654.6,0.0,652.8,1160.6,1,300.0,0,1,shot_pb=1.00|flight_commit=1.00|keepin_prop=0.01|keepin_zoom=1.350|edge_zoom=0.931|bounds
690,975.6,349.3,centroid,0.30,982.5,579.5,656.5,0.0,651.9,1158.9,1,297.1,0,0,shot_pb=1.00|flight_commit=1.00|edge_zoom=0.938|bounds
691,974.5,349.5,centroid,0.30,984.8,578.5,659.4,0.0,650.8,1157.0,1,293.7,0,1,shot_pb=1.00|flight_commit=1.00|keepin_prop=0.11|keepin_zoom=1.350|edge_zoom=0.921|bounds
692,973.5,349.7,centroid,0.30,988.2,577.5,663.3,0.0,649.7,1155.0,1,289.3,0,1,shot_pb=1.00|flight_commit=1.00|keepin_prop=0.01|keepin_zoom=1.350|edge_zoom=0.931|bounds
693,972.8,350.0,centroid,0.30,992.6,576.4,668.3,0.0,648.5,1152.9,1,284.2,0,0,shot_pb=1.00|flight_commit=1.00|edge_zoom=0.943|bounds
694,972.3,350.2,centroid,0.30,998.1,575.4,674.4,0.0,647.3,1150.8,1,278.2,0,1,shot_pb=1.00|flight_commit=1.00|keepin_prop=0.07|keepin_zoom=1.350|edge_zoom=0.925|bounds
695,972.0,350.5,centroid,0.30,1004.6,574.5,681.4,0.0,646.3,1148.9,1,271.4,0,0,shot_pb=1.00|flight_commit=1.00|edge_zoom=0.954|bounds
696,971.9,350.8,centroid,0.30,1012.0,573.7,689.3,0.0,645.4,1147.4,1,263.9,0,1,shot_pb=1.00|flight_commit=1.00|keepin_prop=0.00|keepin_zoom=1.350|edge_zoom=0.966|bounds
697,971.9,351.1,centroid,0.30,1020.2,573.1,697.8,0.0,644.8,1146.2,1,255.7,0,0,shot_pb=1.00|flight_commit=1.00|edge_zoom=0.975|bounds
698,972.0,351.4,centroid,0.30,1028.9,572.8,706.7,0.0,644.4,1145.6,1,247.1,0,0,shot_pb=1.00|flight_commit=1.00|edge_zoom=0.965|bounds
699,972.2,351.7,centroid,0.30,1038.0,572.8,715.9,0.0,644.4,1145.5,1,238.2,0,0,shot_pb=1.00|flight_commit=1.00|edge_zoom=0.960|bounds
700,972.7,352.1,centroid,0.30,1047.2,573.0,724.9,0.0,644.6,1146.0,1,229.5,0,0,shot_pb=1.00|flight_commit=1.00|edge_zoom=0.956|bounds
701,973.3,352.6,centroid,0.30,1056.3,573.4,733.7,0.0,645.1,1146.9,1,221.0,0,0,shot_pb=1.00|flight_commit=1.00|edge_zoom=0.954|bounds
702,974.1,353.1,centroid,0.30,1065.0,574.1,742.1,0.0,645.8,1148.2,1,213.1,0,1,shot_pb=1.00|flight_commit=1.00|keepin_prop=0.05|keepin_zoom=1.350|edge_zoom=0.929|bounds
703,975.1,353.7,centroid,0.30,1073.3,574.8,749.9,0.0,646.7,1149.6,1,205.8,0,1,shot_pb=1.00|flight_commit=1.00|keepin_prop=0.00|keepin_zoom=1.350|edge_zoom=0.933|bounds
704,976.4,354.3,centroid,0.30,1080.9,575.6,757.2,0.0,647.6,1151.2,1,199.5,0,0,shot_pb=1.00|flight_commit=1.00|edge_zoom=0.949|bounds
705,977.9,355.1,centroid,0.30,1087.9,576.4,763.7,0.0,648.4,1152.7,1,194.0,0,1,shot_pb=1.00|flight_commit=1.00|keepin_prop=0.06|keepin_zoom=1.350|edge_zoom=0.929|bounds
706,979.8,355.9,centroid,0.30,1094.3,577.1,769.7,0.0,649.2,1154.1,1,189.5,0,1,shot_pb=1.00|flight_commit=1.00|keepin_prop=0.00|keepin_zoom=1.350|edge_zoom=0.934|bounds
707,981.9,356.8,centroid,0.30,1100.1,577.6,775.2,0.0,649.8,1155.3,1,185.8,0,0,shot_pb=1.00|flight_commit=1.00|edge_zoom=0.948|bounds
708,984.3,357.8,centroid,0.30,1105.3,578.1,780.2,0.0,650.4,1156.2,1,183.0,0,1,shot_pb=1.00|flight_commit=1.00|keepin_prop=0.06|keepin_zoom=1.350|edge_zoom=0.929|bounds
709,987.1,358.8,centroid,0.30,1110.2,578.4,784.8,0.0,650.7,1156.9,1,180.9,0,1,shot_pb=1.00|flight_commit=1.00|keepin_prop=0.00|keepin_zoom=1.350|edge_zoom=0.935|bounds
710,990.1,359.9,centroid,0.30,1114.7,578.7,789.2,0.0,651.0,1157.3,1,179.4,0,0,shot_pb=1.00|flight_commit=1.00|edge_zoom=0.948|bounds
711,993.6,361.1,centroid,0.30,1119.1,578.8,793.5,0.0,651.2,1157.6,1,178.5,0,1,shot_pb=1.00|flight_commit=1.00|keepin_prop=0.06|keepin_zoom=1.350|edge_zoom=0.930|bounds
712,997.6,362.4,centroid,0.30,1123.3,578.9,797.7,0.0,651.2,1157.7,1,178.3,0,1,shot_pb=1.00|flight_commit=1.00|keepin_prop=0.00|keepin_zoom=1.350|edge_zoom=0.937|bounds
713,1002.0,363.8,centroid,0.30,1127.4,578.9,801.8,0.0,651.2,1157.8,1,178.6,0,0,shot_pb=1.00|flight_commit=1.00|edge_zoom=0.947|bounds
714,1007.1,365.3,centroid,0.30,1131.5,578.9,805.9,0.0,651.2,1157.7,1,179.6,0,1,shot_pb=1.00|flight_commit=1.00|keepin_prop=0.06|keepin_zoom=1.350|edge_zoom=0.933|bounds
715,1012.9,367.0,centroid,0.30,1135.6,578.9,809.9,0.0,651.2,1157.7,1,181.3,0,1,shot_pb=1.00|flight_commit=1.00|keepin_prop=0.00|keepin_zoom=1.350|edge_zoom=0.939|bounds
716,1019.5,369.0,centroid,0.30,1139.6,578.9,813.9,0.0,651.3,1157.8,1,183.9,0,0,shot_pb=1.00|flight_commit=1.00|edge_zoom=0.949|bounds
717,1027.1,371.3,centroid,0.30,1143.5,579.0,817.8,0.0,651.3,1158.0,1,187.6,0,1,shot_pb=1.00|flight_commit=1.00|keepin_prop=0.04|keepin_zoom=1.350|edge_zoom=0.936|bounds
718,1042.1,376.9,blended,0.74,1147.3,579.1,821.5,0.0,651.5,1158.2,1,198.8,0,0,shot_pb=1.00|flight_commit=1.00|edge_zoom=0.954|bounds
719,1050.1,379.5,interp,0.38,1150.9,579.3,825.0,0.0,651.7,1158.7,1,203.2,0,1,shot_pb=1.00|flight_commit=1.00|keepin_prop=0.06|keepin_zoom=1.350|edge_zoom=0.938|bounds
720,1055.9,381.0,interp,0.38,1154.2,579.6,828.2,0.0,652.1,1159.3,1,205.7,0,1,shot_pb=1.00|flight_commit=1.00|keepin_prop=0.00|keepin_zoom=1.350|edge_zoom=0.944|bounds
721,1060.6,382.1,interp,0.38,1157.3,580.0,831.1,0.0,652.5,1160.0,1,207.3,0,0,shot_pb=1.00|flight_commit=1.00|edge_zoom=0.952|bounds
722,1064.3,382.6,interp,0.38,1160.1,580.4,833.6,0.0,653.0,1160.8,1,208.2,0,1,shot_pb=1.00|flight_commit=1.00|keepin_prop=0.08|keepin_zoom=1.350|edge_zoom=0.939|bounds
723,1067.2,382.6,interp,0.38,1162.6,580.9,835.9,0.0,653.5,1161.8,1,208.6,0,1,shot_pb=1.00|flight_commit=1.00|keepin_prop=0.01|keepin_zoom=1.350|edge_zoom=0.944|bounds
724,1069.5,382.2,interp,0.38,1164.8,581.4,837.8,0.0,654.0,1162.7,1,208.7,0,0,shot_pb=1.00|flight_commit=1.00|edge_zoom=0.938|bounds
725,1071.2,381.3,interp,0.38,1166.8,581.8,839.5,0.0,654.6,1163.7,1,208.4,0,1,shot_pb=1.00|flight_commit=1.00|keepin_prop=0.06|keepin_zoom=1.350|edge_zoom=0.940|bounds
726,1072.3,379.9,interp,0.38,1168.5,582.3,841.0,0.0,655.1,1164.6,1,207.8,0,0,shot_pb=1.00|flight_commit=1.00|edge_zoom=0.917|bounds
727,1072.9,377.9,interp,0.38,1170.2,582.7,842.4,0.0,655.5,1165.4,1,206.7,0,0,shot_pb=1.00|flight_commit=1.00|edge_zoom=0.910|bounds
728,1072.7,375.0,blended,0.76,1171.8,583.1,843.9,0.0,656.0,1166.1,1,204.9,0,0,shot_pb=1.00|flight_commit=1.00|edge_zoom=0.908|bounds
729,1069.4,368.5,centroid,0.30,1173.5,583.4,845.4,0.0,656.3,1166.7,1,199.9,0,0,shot_pb=1.00|flight_commit=1.00|edge_zoom=0.909|bounds
730,1070.2,365.5,centroid,0.30,1175.3,583.6,847.0,0.0,656.5,1167.2,1,198.9,0,0,shot_pb=1.00|flight_commit=1.00|edge_zoom=0.905|bounds
731,1071.7,363.0,centroid,0.30,1177.3,583.7,848.9,0.0,656.7,1167.5,1,198.4,0,0,shot_pb=1.00|flight_commit=1.00|edge_zoom=0.908|bounds
732,1073.8,360.9,centroid,0.30,1179.5,583.8,851.1,0.0,656.8,1167.7,1,198.3,0,0,shot_pb=1.00|flight_commit=1.00|edge_zoom=0.912|bounds
733,1076.3,359.1,centroid,0.30,1181.9,583.8,853.5,0.0,656.8,1167.7,1,198.4,0,1,shot_pb=1.00|flight_commit=1.00|keepin_prop=0.01|keepin_zoom=1.350|edge_zoom=0.935|bounds
734,1079.1,357.6,centroid,0.30,1184.6,583.8,856.2,0.0,656.8,1167.6,1,198.5,0,0,shot_pb=1.00|flight_commit=1.00|edge_zoom=0.919|bounds
735,1082.2,356.4,centroid,0.30,1187.5,583.7,859.2,0.0,656.7,1167.4,1,198.7,0,1,shot_pb=1.00|flight_commit=1.00|keepin_prop=0.08|keepin_zoom=1.350|edge_zoom=0.927|bounds
736,1085.4,355.5,centroid,0.30,1190.6,583.5,862.4,0.0,656.5,1167.1,1,198.8,0,1,shot_pb=1.00|flight_commit=1.00|keepin_prop=0.00|keepin_zoom=1.350|edge_zoom=0.934|bounds
737,1088.9,354.7,centroid,0.30,1194.0,583.4,865.9,0.0,656.3,1166.8,1,198.9,0,0,shot_pb=1.00|flight_commit=1.00|edge_zoom=0.927|bounds
738,1092.4,354.1,centroid,0.30,1197.6,583.2,869.5,0.0,656.1,1166.3,1,198.8,0,1,shot_pb=1.00|flight_commit=1.00|keepin_prop=0.06|keepin_zoom=1.350|edge_zoom=0.928|bounds
739,1096.0,353.7,centroid,0.30,1201.3,582.9,873.4,0.0,655.8,1165.8,1,198.7,0,1,shot_pb=1.00|flight_commit=1.00|keepin_prop=0.00|keepin_zoom=1.350|edge_zoom=0.933|bounds
740,1099.6,353.4,centroid,0.30,1205.1,582.7,877.4,0.0,655.5,1165.4,1,198.5,0,0,shot_pb=1.00|flight_commit=1.00|edge_zoom=0.931|bounds
741,1103.4,353.2,centroid,0.30,1209.1,582.4,881.4,0.0,655.2,1164.8,1,198.3,0,1,shot_pb=1.00|flight_commit=1.00|keepin_prop=0.03|keepin_zoom=1.350|edge_zoom=0.931|bounds
742,1107.1,353.1,centroid,0.30,1213.1,582.2,885.6,0.0,654.9,1164.3,1,198.0,0,0,shot_pb=1.00|flight_commit=1.00|edge_zoom=0.932|bounds
743,1110.9,353.1,centroid,0.30,1217.2,581.9,889.9,0.0,654.6,1163.8,1,197.7,0,1,shot_pb=1.00|flight_commit=1.00|keepin_prop=0.05|keepin_zoom=1.350|edge_zoom=0.929|bounds
744,1114.8,353.1,centroid,0.30,1221.4,581.6,894.2,0.0,654.3,1163.2,1,197.4,0,0,shot_pb=1.00|flight_commit=1.00|edge_zoom=0.934|bounds
745,1118.8,353.2,centroid,0.30,1225.6,581.3,898.6,0.0,654.0,1162.7,1,197.2,0,1,shot_pb=1.00|flight_commit=1.00|keepin_prop=0.04|keepin_zoom=1.350|edge_zoom=0.930|bounds
746,1122.9,353.3,centroid,0.30,1229.9,581.1,903.1,0.0,653.7,1162.2,1,197.0,0,0,shot_pb=1.00|flight_commit=1.00|edge_zoom=0.934|bounds
747,1127.1,353.5,centroid,0.30,1234.2,580.8,907.5,0.0,653.4,1161.6,1,196.9,0,1,shot_pb=1.00|flight_commit=1.00|keepin_prop=0.02|keepin_zoom=1.350|edge_zoom=0.931|bounds
748,1131.5,353.7,centroid,0.30,1238.6,580.5,912.1,0.0,653.1,1161.0,1,196.9,0,0,shot_pb=1.00|flight_commit=1.00|edge_zoom=0.935|bounds
749,1136.1,354.0,centroid,0.30,1242.9,580.2,916.6,0.0,652.7,1160.3,1,197.2,0,1,shot_pb=1.00|flight_commit=1.00|keepin_prop=0.01|keepin_zoom=1.350|edge_zoom=0.933|bounds
750,1140.9,354.2,centroid,0.30,1247.2,579.8,921.1,0.0,652.3,1159.6,1,197.7,0,0,shot_pb=1.00|flight_commit=1.00|edge_zoom=0.935|bounds
751,1145.8,354.5,centroid,0.30,1251.5,579.4,925.6,0.0,651.8,1158.8,1,198.3,0,0,shot_pb=1.00|flight_commit=1.00|edge_zoom=0.935|bounds
752,1150.9,354.7,centroid,0.30,1255.7,578.9,930.0,0.0,651.3,1157.8,1,199.2,0,1,shot_pb=1.00|flight_commit=1.00|keepin_prop=0.01|keepin_zoom=1.350|edge_zoom=0.933|bounds
753,1156.1,355.0,centroid,0.30,1259.7,578.3,934.4,0.0,650.6,1156.6,1,200.4,0,0,shot_pb=1.00|flight_commit=1.00|edge_zoom=0.935|bounds
754,1161.4,355.3,centroid,0.30,1263.5,577.5,938.6,0.0,649.7,1155.1,1,201.9,0,0,shot_pb=1.00|flight_commit=1.00|edge_zoom=0.935|bounds
755,1166.7,355.6,centroid,0.30,1267.0,576.6,942.7,0.0,648.6,1153.2,1,203.7,0,0,shot_pb=1.00|flight_commit=1.00|edge_zoom=0.935|bounds
756,1172.0,355.9,centroid,0.30,1270.2,575.4,946.5,0.0,647.3,1150.7,1,205.8,0,0,shot_pb=1.00|flight_commit=1.00|edge_zoom=0.935|bounds
757,1177.2,356.2,centroid,0.30,1273.0,573.9,950.2,0.0,645.6,1147.8,1,208.2,0,0,shot_pb=1.00|flight_commit=1.00|edge_zoom=0.935|bounds
758,1182.4,356.5,centroid,0.30,1275.4,572.1,953.7,0.0,643.6,1144.2,1,211.0,0,0,shot_pb=1.00|flight_commit=1.00|edge_zoom=0.935|bounds
759,1187.5,356.7,centroid,0.30,1277.4,569.9,956.8,0.0,641.1,1139.8,1,214.1,0,0,shot_pb=1.00|flight_commit=1.00|edge_zoom=0.935|bounds
760,1192.5,357.0,centroid,0.30,1278.9,567.4,959.8,0.0,638.3,1134.8,1,217.6,0,0,shot_pb=1.00|flight_commit=1.00|edge_zoom=0.936|bounds
761,1197.3,357.3,centroid,0.30,1280.0,564.6,962.4,0.0,635.1,1129.1,1,221.3,0,0,shot_pb=1.00|flight_commit=1.00|edge_zoom=0.936|bounds
762,1202.0,357.5,centroid,0.30,1280.6,561.5,964.7,0.0,631.7,1123.0,1,225.4,0,0,shot_pb=1.00|flight_commit=1.00|edge_zoom=0.936|bounds
763,1206.5,357.8,centroid,0.30,1280.7,558.4,966.6,0.0,628.2,1116.8,1,229.8,0,0,shot_pb=1.00|flight_commit=1.00|edge_zoom=0.936|bounds
764,1210.9,358.0,centroid,0.30,1280.5,555.4,968.1,0.0,624.8,1110.7,1,234.4,0,0,shot_pb=1.00|flight_commit=1.00|edge_zoom=0.936|bounds
765,1215.0,358.1,centroid,0.30,1279.9,552.6,969.1,0.0,621.6,1105.1,1,239.1,0,0,shot_pb=1.00|flight_commit=1.00|person_ctx=4|edge_zoom=0.936|bounds
766,1219.0,358.3,centroid,0.30,1279.0,550.1,969.6,0.0,618.9,1100.3,1,244.0,0,0,shot_pb=1.00|flight_commit=0.95|person_ctx=4|edge_zoom=0.936|bounds
767,1222.7,358.5,centroid,0.30,1277.9,548.2,969.6,0.0,616.7,1096.3,1,248.8,0,0,shot_pb=1.00|flight_commit=0.85|edge_zoom=0.936|bounds
768,1226.1,358.6,centroid,0.30,1276.6,546.7,969.1,0.0,615.0,1093.3,1,253.5,0,0,shot_pb=1.00|flight_commit=0.77|edge_zoom=0.936|bounds
769,1229.3,358.8,centroid,0.30,1275.2,545.5,968.3,0.0,613.7,1091.1,1,258.1,0,0,flight_commit=0.70|edge_zoom=0.924|bounds
770,1232.2,358.9,centroid,0.30,1273.7,544.7,967.3,0.0,612.8,1089.4,1,262.5,0,0,flight_commit=0.37|edge_zoom=0.932|bounds
771,1234.8,359.1,centroid,0.30,1272.1,543.9,966.2,0.0,611.9,1087.8,1,266.7,0,0,flight_commit=0.11|conf_zoom=0.94|conf_speed=0.97|edge_zoom=0.932|bounds
772,1237.1,359.3,centroid,0.30,1270.6,543.0,965.1,0.0,610.9,1086.1,1,270.5,0,0,conf_zoom=0.73|conf_speed=0.85|edge_zoom=0.932|bounds
773,1239.0,359.4,centroid,0.30,1269.0,541.8,964.3,0.0,609.6,1083.7,1,274.0,0,0,conf_zoom=0.73|conf_speed=0.85|edge_zoom=0.932|bounds
774,1240.5,359.6,centroid,0.30,1267.5,540.3,963.6,0.0,607.8,1080.5,1,277.0,0,0,conf_zoom=0.73|conf_speed=0.85|edge_zoom=0.935|bounds
775,1241.6,359.7,centroid,0.30,1265.9,540.0,963.2,1.7,605.6,1076.5,1,279.7,0,0,conf_zoom=0.73|conf_speed=0.85|edge_zoom=0.977|bounds
776,1242.4,359.8,centroid,0.30,1264.3,540.0,962.8,4.0,603.0,1072.0,1,282.1,0,0,conf_zoom=0.73|conf_speed=0.85|bounds
777,1242.8,359.8,centroid,0.30,1262.6,540.0,962.4,6.3,600.4,1067.3,1,284.2,0,0,conf_zoom=0.73|conf_speed=0.85|bounds
778,1242.8,359.8,centroid,0.30,1260.7,540.0,961.7,8.5,597.9,1063.0,1,286.1,0,0,conf_zoom=0.73|conf_speed=0.85|bounds
779,1242.4,359.7,centroid,0.30,1258.6,540.0,960.5,10.2,596.0,1059.6,1,287.8,0,0,conf_zoom=0.73|conf_speed=0.85|bounds
780,1241.6,359.6,centroid,0.30,1256.1,540.0,958.6,11.1,595.0,1057.8,1,289.5,0,0,conf_zoom=0.73|conf_speed=0.85|bounds
781,1240.4,359.4,centroid,0.30,1253.2,540.0,955.6,11.1,595.0,1057.8,1,291.2,0,0,conf_zoom=0.73|conf_speed=0.85|bounds
782,1238.8,359.3,centroid,0.30,1249.8,540.0,951.6,10.0,596.3,1060.0,1,293.0,0,0,conf_zoom=0.73|conf_speed=0.85|bounds
783,1236.6,359.1,centroid,0.30,1245.8,540.0,946.4,7.8,598.7,1064.4,1,294.8,0,0,conf_zoom=0.73|conf_speed=0.85|bounds
784,1234.1,359.0,centroid,0.30,1241.1,540.0,940.0,4.6,602.3,1070.8,1,297.0,0,0,conf_zoom=0.73|conf_speed=0.85|bounds
785,1231.0,358.9,centroid,0.30,1235.9,540.0,932.4,0.6,606.8,1078.8,1,299.1,0,0,conf_zoom=0.73|conf_speed=0.85|edge_zoom=0.984|bounds
786,1227.3,358.9,centroid,0.30,1229.9,544.0,923.9,0.0,612.0,1088.0,1,301.4,0,0,shot_pb=0.12|conf_zoom=0.73|conf_speed=0.85|edge_zoom=0.958|bounds
787,1223.1,358.8,centroid,0.30,1223.2,548.8,914.4,0.0,617.4,1097.7,1,303.9,0,0,shot_pb=0.06|conf_zoom=0.73|conf_speed=0.85|edge_zoom=0.932|bounds
788,1218.3,358.9,centroid,0.30,1215.8,553.6,904.4,0.0,622.8,1107.1,1,301.5,0,0,shot_pb=0.00|conf_zoom=0.73|conf_speed=0.85|edge_zoom=0.932|bounds
789,1212.9,358.9,centroid,0.30,1207.7,557.9,893.9,0.0,627.6,1115.8,1,298.8,0,0,shot_pb=0.00|conf_zoom=0.73|conf_speed=0.85|edge_zoom=0.932|bounds
790,1206.9,359.0,centroid,0.30,1199.0,561.5,883.1,0.0,631.7,1123.0,1,296.1,0,0,shot_pb=0.00|conf_zoom=0.73|conf_speed=0.85|edge_zoom=0.932|bounds
791,1200.3,359.2,centroid,0.30,1189.6,564.3,872.2,0.0,634.8,1128.5,1,293.3,0,0,shot_pb=0.00|flight_commit=0.07|conf_zoom=0.93|conf_speed=0.96|edge_zoom=0.932|bounds
792,1193.2,359.4,centroid,0.30,1179.8,566.1,861.4,0.0,636.8,1132.1,1,290.6,0,0,shot_pb=0.00|flight_commit=0.18|conf_zoom=0.96|conf_speed=0.98|edge_zoom=0.932|bounds
793,1185.5,359.6,centroid,0.30,1169.4,567.0,850.5,0.0,637.8,1133.9,1,287.9,0,0,shot_pb=0.00|flight_commit=0.29|conf_zoom=0.99|conf_speed=0.99|edge_zoom=0.932|bounds
794,1177.3,359.8,centroid,0.30,1158.5,567.1,839.5,0.0,637.9,1134.1,1,285.2,0,0,shot_pb=0.00|flight_commit=0.40|edge_zoom=0.932|bounds
795,1168.6,360.1,centroid,0.30,1147.2,566.6,828.5,0.0,637.4,1133.2,1,282.6,0,0,shot_pb=0.00|flight_commit=0.50|edge_zoom=0.933|bounds
796,1159.4,360.4,centroid,0.30,1135.5,565.8,817.2,0.0,636.6,1131.7,1,280.1,0,0,flight_commit=0.60|edge_zoom=0.933|bounds
797,1149.8,360.7,centroid,0.30,1123.4,565.1,805.6,0.0,635.7,1130.1,1,277.6,0,0,flight_commit=0.70|edge_zoom=0.933|bounds
798,1139.7,361.1,centroid,0.30,1111.0,564.5,793.5,0.0,635.1,1129.0,1,275.3,0,0,flight_commit=0.80|edge_zoom=0.933|bounds
799,1129.2,361.5,centroid,0.30,1098.4,564.3,781.0,0.0,634.8,1128.6,1,273.2,0,0,flight_commit=0.89|edge_zoom=0.933|bounds
800,1118.2,361.9,centroid,0.30,1085.6,564.6,768.0,0.0,635.2,1129.2,1,271.4,0,0,shot_pb=0.40|flight_commit=0.98|edge_zoom=0.934|bounds
801,1106.9,362.4,centroid,0.30,1072.7,565.3,754.7,0.0,636.0,1130.7,1,269.8,0,0,shot_pb=0.60|flight_commit=1.00|edge_zoom=0.934|bounds
802,1095.2,363.0,centroid,0.30,1059.7,566.5,741.0,0.0,637.3,1133.0,1,268.5,0,0,shot_pb=0.80|flight_commit=1.00|edge_zoom=0.934|bounds
803,1083.1,363.7,centroid,0.30,1046.7,568.0,727.2,0.0,639.0,1136.0,1,267.6,0,0,shot_pb=1.00|flight_commit=1.00|edge_zoom=0.935|bounds
804,1070.6,364.4,centroid,0.30,1033.7,569.7,713.3,0.0,640.9,1139.4,1,267.1,0,0,shot_pb=1.00|flight_commit=1.00|edge_zoom=0.935|bounds
805,1057.8,365.2,centroid,0.30,1021.0,571.5,699.5,0.0,642.9,1142.9,1,267.2,0,0,shot_pb=1.00|flight_commit=1.00|edge_zoom=0.936|bounds
806,1044.7,366.1,centroid,0.30,1008.4,573.1,686.0,0.0,644.8,1146.2,1,267.7,0,0,shot_pb=1.00|flight_commit=1.00|edge_zoom=0.936|bounds
807,1031.4,367.0,centroid,0.30,996.0,574.6,672.8,0.0,646.4,1149.2,1,268.6,0,1,shot_pb=1.00|flight_commit=1.00|keepin_prop=0.03|keepin_zoom=1.350|edge_zoom=0.933|bounds
808,1017.9,368.1,centroid,0.30,983.8,575.8,659.9,0.0,647.8,1151.6,1,269.9,0,0,shot_pb=1.00|flight_commit=1.00|edge_zoom=0.938|bounds
809,1004.2,369.2,centroid,0.30,971.9,576.8,647.4,0.0,648.9,1153.5,1,271.7,0,1,shot_pb=1.00|flight_commit=1.00|keepin_prop=0.06|keepin_zoom=1.350|edge_zoom=0.930|bounds
810,990.3,370.5,centroid,0.30,960.1,577.4,635.3,0.0,649.6,1154.8,1,273.8,0,0,shot_pb=1.00|flight_commit=1.00|edge_zoom=0.940|bounds
811,976.4,371.9,centroid,0.30,948.5,577.7,623.6,0.0,650.0,1155.5,1,276.1,0,1,shot_pb=1.00|flight_commit=1.00|keepin_prop=0.08|keepin_zoom=1.350|edge_zoom=0.930|bounds
812,962.3,373.4,centroid,0.30,937.1,577.9,612.1,0.0,650.1,1155.7,1,278.8,0,1,shot_pb=1.00|flight_commit=1.00|keepin_prop=0.00|keepin_zoom=1.350|edge_zoom=0.938|bounds
813,948.2,375.2,centroid,0.30,925.8,577.8,600.8,0.0,650.0,1155.5,1,281.6,0,0,shot_pb=1.00|flight_commit=1.00|edge_zoom=0.942|bounds
814,934.1,377.2,centroid,0.30,914.6,577.5,589.8,0.0,649.7,1155.0,1,284.5,0,1,shot_pb=1.00|flight_commit=1.00|keepin_prop=0.02|keepin_zoom=1.350|edge_zoom=0.937|bounds
815,919.9,379.4,centroid,0.30,903.6,577.1,579.0,0.0,649.3,1154.2,1,287.7,0,0,shot_pb=1.00|flight_commit=1.00|edge_zoom=0.945|bounds
816,905.7,382.1,centroid,0.30,892.7,576.7,568.3,0.0,648.7,1153.3,1,291.0,0,1,shot_pb=1.00|flight_commit=1.00|keepin_prop=0.05|keepin_zoom=1.350|edge_zoom=0.937|bounds
817,891.5,385.1,centroid,0.30,882.0,576.1,557.9,0.0,648.1,1152.2,1,294.5,0,0,shot_pb=1.00|flight_commit=1.00|edge_zoom=0.949|bounds
818,877.2,388.7,centroid,0.30,871.5,575.5,547.7,0.0,647.5,1151.1,1,298.3,0,1,shot_pb=1.00|flight_commit=1.00|keepin_prop=0.06|keepin_zoom=1.350|edge_zoom=0.938|bounds
819,862.7,392.8,centroid,0.30,861.3,575.0,537.8,0.0,646.9,1150.0,1,302.6,0,0,shot_pb=1.00|flight_commit=1.00|edge_zoom=0.954|bounds
820,848.0,397.7,centroid,0.30,851.5,574.5,528.3,0.0,646.3,1149.0,1,300.5,0,1,shot_pb=1.00|flight_commit=1.00|keepin_prop=0.05|keepin_zoom=1.350|edge_zoom=0.943|bounds
821,829.4,407.3,blended,0.69,842.0,574.0,519.2,0.0,645.7,1147.9,1,291.4,0,0,shot_pb=1.00|flight_commit=1.00|edge_zoom=0.966|bounds
822,815.1,413.7,interp,0.38,833.1,573.5,510.5,0.0,645.2,1147.0,1,286.0,0,1,shot_pb=1.00|flight_commit=1.00|keepin_prop=0.03|keepin_zoom=1.350|edge_zoom=0.951|bounds
823,803.3,418.1,interp,0.38,824.8,573.0,502.5,0.0,644.7,1146.1,1,282.5,0,0,shot_pb=1.00|flight_commit=1.00|edge_zoom=0.967|bounds
824,792.6,422.0,interp,0.38,817.2,572.6,495.1,0.0,644.1,1145.1,1,279.4,0,1,shot_pb=1.00|flight_commit=1.00|keepin_prop=0.06|keepin_zoom=1.350|edge_zoom=0.953|bounds
825,782.9,425.3,interp,0.38,810.3,572.0,488.5,0.0,643.5,1144.0,1,276.6,0,0,shot_pb=1.00|flight_commit=1.00|edge_zoom=0.969|bounds
826,774.0,428.3,interp,0.38,804.3,571.3,482.9,0.0,642.8,1142.7,1,273.7,0,1,shot_pb=1.00|flight_commit=1.00|keepin_prop=0.08|keepin_zoom=1.350|edge_zoom=0.954|bounds
827,765.7,431.0,interp,0.38,799.2,570.5,478.3,0.0,641.9,1141.1,1,270.5,0,1,shot_pb=1.00|flight_commit=1.00|keepin_prop=0.00|keepin_zoom=1.350|edge_zoom=0.960|bounds
828,758.1,433.4,interp,0.38,795.3,569.6,474.9,0.0,640.8,1139.1,1,266.8,0,0,shot_pb=1.00|flight_commit=1.00|edge_zoom=0.971|bounds
829,751.0,435.8,interp,0.38,792.6,568.4,472.9,0.0,639.4,1136.8,1,262.4,0,1,shot_pb=1.00|flight_commit=1.00|keepin_prop=0.04|keepin_zoom=1.350|edge_zoom=0.959|bounds
830,744.5,438.1,interp,0.38,791.2,567.0,472.3,0.0,637.8,1133.9,1,257.3,0,0,shot_pb=1.00|flight_commit=1.00|edge_zoom=0.974|bounds
831,738.6,440.4,interp,0.38,791.3,565.4,473.3,0.0,636.1,1130.8,1,251.3,0,1,shot_pb=1.00|flight_commit=1.00|keepin_prop=0.08|keepin_zoom=1.350|edge_zoom=0.959|bounds
832,733.4,442.9,interp,0.38,792.9,563.7,475.8,0.0,634.2,1127.4,1,244.5,0,1,shot_pb=1.00|flight_commit=1.00|keepin_prop=0.00|keepin_zoom=1.350|edge_zoom=0.964|bounds
833,728.8,445.4,interp,0.38,796.2,562.0,480.0,0.0,632.3,1124.0,1,236.6,0,0,shot_pb=1.00|flight_commit=1.00|edge_zoom=0.982|bounds
834,725.1,448.2,interp,0.38,801.0,560.4,485.7,0.0,630.5,1120.9,1,228.1,0,1,shot_pb=1.00|flight_commit=1.00|keepin_prop=0.01|keepin_zoom=1.350|edge_zoom=0.970|bounds
835,722.4,451.3,interp,0.38,807.3,559.2,492.8,0.0,629.0,1118.3,1,219.1,0,0,shot_pb=1.00|flight_commit=1.00|edge_zoom=0.995|bounds
836,720.9,454.8,interp,0.38,814.8,558.3,500.8,0.0,628.0,1116.5,1,210.1,0,0,shot_pb=1.00|flight_commit=1.00|bounds
837,720.8,458.9,interp,0.38,823.4,557.9,509.6,0.0,627.6,1115.8,1,201.4,0,0,shot_pb=1.00|flight_commit=1.00|edge_zoom=0.998|bounds
838,722.5,463.6,interp,0.38,832.5,558.1,518.6,0.0,627.8,1116.1,1,194.0,0,0,shot_pb=1.00|flight_commit=1.00|edge_zoom=0.996|bounds
839,726.5,469.3,interp,0.38,841.7,558.8,527.4,0.0,628.7,1117.7,1,188.8,0,0,shot_pb=1.00|flight_commit=1.00|edge_zoom=0.998|bounds
840,733.2,476.1,interp,0.38,850.4,560.1,535.4,0.0,630.1,1120.2,1,186.8,0,0,shot_pb=1.00|flight_commit=1.00|edge_zoom=0.999|bounds
841,743.4,484.3,yolo,0.43,858.1,561.8,542.1,0.0,632.1,1123.7,1,189.3,0,0,shot_pb=1.00|flight_commit=1.00|edge_zoom=0.999|bounds
842,758.4,494.2,yolo,0.46,864.1,563.8,547.0,0.0,634.3,1127.7,1,198.3,0,1,shot_pb=1.00|flight_commit=1.00|keepin_prop=0.00|keepin_zoom=1.350|edge_zoom=0.984|bounds
843,797.8,515.5,yolo,0.41,867.9,566.0,549.6,0.0,636.7,1131.9,1,233.9,0,0,accel_zoom=0.928|shot_pb=1.00|flight_commit=1.00|edge_zoom=0.992|bounds
844,824.0,530.6,yolo,0.46,869.1,568.1,549.5,0.0,639.1,1136.2,1,258.9,0,0,shot_pb=1.00|flight_commit=1.00|edge_zoom=0.985|bounds
845,837.5,539.4,interp,0.38,867.2,570.1,546.5,0.0,641.4,1140.2,1,274.3,0,1,shot_pb=1.00|flight_commit=1.00|keepin_prop=0.01|keepin_zoom=1.350|edge_zoom=0.999|bounds
846,845.8,545.7,interp,0.38,862.0,571.9,540.3,0.0,643.4,1143.9,1,287.8,0,0,shot_pb=1.00|flight_commit=1.00|edge_zoom=0.976|bounds
847,848.6,549.5,yolo,0.40,853.4,573.5,530.8,0.0,645.2,1147.1,1,299.2,0,0,shot_pb=1.00|flight_commit=1.00|edge_zoom=0.983|bounds
848,843.4,549.7,interp,0.38,841.6,574.9,518.2,0.0,646.8,1149.9,1,302.2,1,0,shot_pb=1.00|flight_commit=1.00|speed|edge_zoom=0.993|bounds
849,832.5,547.5,interp,0.38,826.6,576.2,502.5,0.0,648.2,1152.4,1,298.1,0,0,shot_pb=1.00|flight_commit=1.00|edge_zoom=0.997|bounds
850,815.9,542.7,yolo,0.40,808.9,577.3,484.1,0.0,649.5,1154.6,1,297.0,0,0,shot_pb=1.00|flight_commit=1.00|edge_zoom=0.993|bounds
851,788.8,533.5,interp,0.38,788.7,578.3,463.4,0.0,650.6,1156.7,1,303.9,0,1,accel_zoom=0.934|shot_pb=1.00|flight_commit=1.00|keepin_prop=0.00|keepin_zoom=1.350|edge_zoom=0.999|bounds
852,756.9,522.2,yolo,0.37,766.6,579.3,440.7,0.0,651.7,1158.6,1,294.3,0,0,accel_zoom=0.922|shot_pb=1.00|flight_commit=1.00|edge_zoom=0.983|bounds
853,719.1,508.6,yolo,0.33,743.0,580.2,416.6,0.0,652.7,1160.4,1,280.1,0,0,accel_zoom=0.906|shot_pb=1.00|flight_commit=1.00|edge_zoom=0.978|bounds
854,681.8,495.1,yolo,0.30,718.4,581.0,391.5,0.0,653.7,1162.1,1,267.4,0,1,accel_zoom=0.906|shot_pb=1.00|flight_commit=1.00|keepin_prop=0.00|keepin_zoom=1.350|edge_zoom=0.984|bounds
855,641.8,480.4,interp,0.50,693.2,581.8,365.9,0.0,654.5,1163.6,1,252.6,0,0,accel_zoom=0.902|shot_pb=1.00|flight_commit=1.00|edge_zoom=0.967|bounds
856,602.1,465.8,interp,0.50,667.8,582.4,340.2,0.0,655.2,1164.9,1,238.3,0,0,accel_zoom=0.902|shot_pb=1.00|flight_commit=1.00|pb_zfit|flight_boost=1.01|edge_zoom=0.961|bounds
857,563.3,451.4,interp,0.50,642.7,583.0,314.8,0.0,655.9,1166.0,1,224.6,0,0,accel_zoom=0.902|shot_pb=1.00|flight_commit=1.00|pb_zfit|flight_boost=1.05|edge_zoom=0.956|bounds
858,526.1,437.6,interp,0.50,618.0,583.4,289.8,0.0,656.3,1166.8,1,212.1,0,1,accel_zoom=0.902|shot_pb=1.00|flight_commit=1.00|pb_zfit|keepin_prop=0.01|keepin_zoom=1.350|flight_boost=1.06|edge_zoom=0.962|bounds
859,490.6,424.4,interp,0.50,594.0,583.7,265.7,0.0,656.7,1167.5,1,200.6,0,0,accel_zoom=0.902|shot_pb=1.00|flight_commit=1.00|pb_zfit|flight_boost=1.06|edge_zoom=0.945|bounds
860,457.2,412.0,interp,0.50,571.0,584.0,242.5,0.0,657.0,1168.0,1,190.2,0,0,accel_zoom=0.902|shot_pb=1.00|flight_commit=1.00|pb_zfit|flight_boost=1.04|edge_zoom=0.940|bounds
861,425.9,400.3,interp,0.50,549.0,584.2,220.4,0.0,657.2,1168.3,1,180.9,0,1,accel_zoom=0.902|shot_pb=1.00|flight_commit=1.00|pb_zfit|keepin_prop=0.01|keepin_zoom=1.350|flight_boost=1.02|edge_zoom=0.947|bounds
862,396.9,389.4,interp,0.50,528.2,584.3,199.5,0.0,657.3,1168.6,1,172.7,0,0,accel_zoom=0.902|shot_pb=1.00|flight_commit=1.00|pb_zfit|edge_zoom=0.932|bounds
863,370.0,379.3,interp,0.50,508.7,584.4,180.0,0.0,657.4,1168.7,1,165.3,0,1,accel_zoom=0.902|shot_pb=1.00|flight_commit=1.00|pb_zfit|keepin_prop=0.00|keepin_zoom=1.350|edge_zoom=0.940|bounds
864,345.2,370.1,interp,0.50,490.6,584.4,161.9,0.0,657.5,1168.8,1,158.6,0,0,accel_zoom=0.902|shot_pb=1.00|flight_commit=1.00|pb_zfit|edge_zoom=0.924|bounds
865,322.6,361.6,interp,0.50,474.0,584.5,145.3,0.0,657.5,1168.9,1,152.6,0,1,shot_pb=1.00|flight_commit=1.00|pb_zfit|keepin_prop=0.00|keepin_zoom=1.350|edge_zoom=0.933|bounds
866,301.9,353.8,interp,0.50,459.1,584.5,130.3,0.0,657.5,1168.9,1,146.8,0,0,shot_pb=1.00|flight_commit=1.00|pb_zfit|edge_zoom=0.918|bounds
867,283.2,346.8,interp,0.50,445.8,584.5,117.0,0.0,657.5,1168.9,1,141.4,0,1,shot_pb=1.00|flight_commit=1.00|pb_zfit|keepin_prop=0.00|keepin_zoom=1.350|edge_zoom=0.927|bounds
868,266.3,340.4,interp,0.50,434.4,584.5,105.6,0.0,657.5,1168.9,1,135.9,0,0,shot_pb=1.00|flight_commit=1.00|pb_zfit|edge_zoom=0.913|bounds
869,251.2,334.8,interp,0.50,425.0,584.5,96.2,0.0,657.5,1168.9,1,130.2,0,1,shot_pb=1.00|flight_commit=1.00|pb_zfit|keepin_prop=0.01|keepin_zoom=1.350|edge_zoom=0.922|bounds
870,237.9,329.8,interp,0.50,417.8,584.5,89.0,0.0,657.5,1168.9,1,124.1,0,0,shot_pb=1.00|flight_commit=1.00|pb_zfit|edge_zoom=0.909|bounds
871,226.2,325.4,interp,0.50,412.8,584.5,84.0,0.0,657.5,1168.9,1,117.4,0,1,shot_pb=1.00|flight_commit=1.00|pb_zfit|keepin_prop=0.03|keepin_zoom=1.350|edge_zoom=0.916|bounds
872,216.2,321.6,interp,0.50,410.3,584.5,81.5,0.0,657.5,1168.9,1,109.9,0,0,shot_pb=1.00|flight_commit=1.00|pb_zfit|edge_zoom=0.906|bounds
873,207.9,318.5,interp,0.50,410.4,584.5,81.6,0.0,657.5,1168.9,1,101.5,0,1,shot_pb=1.00|flight_commit=1.00|pb_zfit|keepin_prop=0.05|keepin_zoom=1.350|edge_zoom=0.910|bounds
874,201.3,316.1,interp,0.50,413.1,584.5,84.4,0.0,657.5,1168.9,1,92.2,0,1,shot_pb=1.00|flight_commit=1.00|pb_zfit|keepin_prop=0.00|keepin_zoom=1.350|edge_zoom=0.916|bounds
875,196.6,314.4,interp,0.50,418.7,584.5,89.9,0.0,657.5,1168.9,1,81.9,0,0,shot_pb=1.00|flight_commit=1.00|pb_zfit|edge_zoom=0.903|bounds
876,193.8,313.3,interp,0.50,427.0,584.5,98.3,0.0,657.5,1168.9,1,70.8,0,1,shot_pb=1.00|flight_commit=1.00|pb_zfit|keepin_prop=0.04|keepin_zoom=1.350|edge_zoom=0.910|bounds
877,193.1,313.2,interp,0.50,438.1,584.5,109.4,0.0,657.5,1168.9,1,59.0,0,1,shot_pb=1.00|flight_commit=1.00|pb_zfit|keepin_prop=0.00|keepin_zoom=1.350|edge_zoom=0.914|bounds
878,194.9,313.9,interp,0.50,451.8,584.5,123.0,0.0,657.5,1168.9,1,47.1,0,0,shot_pb=1.00|flight_commit=1.00|pb_zfit|edge_zoom=0.928|bounds
879,199.4,315.7,interp,0.50,467.8,584.5,139.1,0.0,657.5,1168.9,1,35.6,0,0,shot_pb=1.00|flight_commit=1.00|pb_zfit|edge_zoom=0.833|bounds
880,207.2,318.8,interp,0.50,486.2,584.5,157.4,0.0,657.5,1168.9,1,25.0,0,0,shot_pb=1.00|flight_commit=1.00|pb_zfit|edge_zoom=0.841|bounds
881,218.9,323.3,interp,0.50,502.7,584.5,173.9,0.0,657.5,1168.9,1,20.2,0,0,shot_pb=1.00|flight_commit=1.00|pb_zfit|edge_zoom=0.852|bounds
882,235.2,329.7,interp,0.50,519.0,584.5,190.2,0.0,657.5,1168.9,1,20.2,0,0,shot_pb=1.00|flight_commit=1.00|pb_zfit|edge_zoom=0.865|bounds
883,257.2,338.2,interp,0.50,540.9,584.5,212.2,0.0,657.5,1168.9,1,20.3,0,0,accel_zoom=0.934|shot_pb=1.00|flight_commit=1.00|pb_zfit|edge_zoom=0.883|bounds
884,286.1,349.4,interp,0.50,569.8,584.5,241.1,0.0,657.5,1168.9,1,20.3,0,0,accel_zoom=0.915|shot_pb=1.00|flight_commit=1.00|pb_zfit|edge_zoom=0.906|bounds
885,323.4,363.8,interp,0.50,607.2,584.5,278.4,0.0,657.5,1168.9,1,20.2,0,0,accel_zoom=0.892|shot_pb=1.00|flight_commit=1.00|pb_zfit|edge_zoom=0.936|bounds
886,371.3,382.3,interp,0.50,655.1,584.5,326.3,0.0,657.5,1168.9,1,20.2,0,0,accel_zoom=0.865|shot_pb=1.00|flight_commit=1.00|pb_zfit|edge_zoom=0.953|bounds
887,432.2,405.9,interp,0.50,715.9,584.5,387.2,0.0,657.5,1168.9,1,20.3,0,0,accel_zoom=0.833|shot_pb=1.00|flight_commit=1.00|pb_zfit|flight_boost=1.02|edge_zoom=0.962|bounds
888,509.2,435.6,interp,0.50,773.8,584.5,445.1,0.0,657.5,1168.9,1,39.4,0,0,accel_zoom=0.802|shot_pb=1.00|flight_commit=1.00|pb_zfit|flight_boost=1.19|edge_zoom=0.974|bounds
889,606.4,473.2,interp,0.50,826.0,584.5,497.2,0.0,657.5,1168.9,1,84.4,0,0,accel_zoom=0.789|shot_pb=1.00|flight_commit=1.00|pb_zfit|flight_boost=1.41|edge_zoom=0.988|bounds
890,728.6,520.4,interp,0.50,878.1,584.5,549.3,0.0,657.5,1168.9,1,154.5,0,0,accel_zoom=0.789|shot_pb=1.00|flight_commit=1.00|flight_boost=1.68|edge_zoom=0.994|bounds
891,1043.1,644.2,interp,0.50,929.2,584.5,600.5,0.0,657.5,1168.9,1,190.1,0,1,accel_zoom=0.780|shot_pb=1.00|flight_commit=1.00|keepin_prop=0.00|keepin_zoom=1.350|flight_boost=2.00|edge_zoom=0.959|bounds
892,1163.6,689.7,interp,0.50,978.7,584.5,650.0,0.0,657.5,1168.9,1,119.1,0,1,shot_pb=1.00|flight_commit=1.00|keepin_prop=0.09|keepin_zoom=1.350|flight_boost=2.00|edge_zoom=0.933|bounds
893,1256.2,723.2,interp,0.50,1025.9,584.5,697.1,0.0,657.5,1168.9,1,73.7,0,1,shot_pb=1.00|flight_commit=1.00|keepin_prop=0.07|keepin_zoom=1.350|flight_boost=2.00|edge_zoom=0.921|bounds
894,1325.5,746.5,interp,0.50,1070.0,584.5,741.3,0.0,657.5,1168.9,1,48.5,0,1,shot_pb=1.00|flight_commit=1.00|keepin_prop=0.01|keepin_zoom=1.350|flight_boost=2.00|edge_zoom=0.918|bounds
895,1364.2,753.2,blended,0.72,1110.4,584.5,781.6,0.0,657.5,1168.9,1,50.2,0,0,accel_zoom=0.839|shot_pb=1.00|flight_commit=1.00|flight_boost=2.00|edge_zoom=0.911|bounds
896,1407.0,766.1,interp,0.38,1146.2,584.5,817.4,0.0,657.5,1168.9,1,43.2,0,0,shot_pb=1.00|flight_commit=1.00|flight_boost=2.00|edge_zoom=0.902|bounds
897,1425.5,765.1,interp,0.38,1176.9,584.5,848.2,0.0,657.5,1168.9,1,55.4,0,0,accel_zoom=0.855|shot_pb=1.00|flight_commit=1.00|flight_boost=1.48|edge_zoom=0.914|bounds
898,1433.7,759.7,yolo,0.32,1202.2,584.5,873.4,0.0,657.5,1168.9,1,72.5,0,0,accel_zoom=0.855|shot_pb=1.00|flight_commit=1.00|flight_boost=1.16|edge_zoom=0.934|bounds
899,1435.1,752.6,interp,0.50,1221.7,584.5,893.0,0.0,657.5,1168.9,1,90.6,0,0,accel_zoom=0.855|shot_pb=1.00|flight_commit=1.00|edge_zoom=0.966|bounds
900,1430.6,743.4,interp,0.50,1235.7,584.5,906.9,0.0,657.5,1168.9,1,109.1,0,0,accel_zoom=0.855|shot_pb=1.00|flight_commit=1.00|edge_zoom=0.951|bounds
901,1421.5,732.4,interp,0.50,1244.3,584.5,915.6,0.0,657.5,1168.9,1,126.8,0,0,accel_zoom=0.855|shot_pb=1.00|flight_commit=1.00|edge_zoom=0.951|bounds
902,1409.1,720.3,interp,0.50,1248.1,584.5,919.3,0.0,657.5,1168.9,1,143.0,0,0,accel_zoom=0.855|shot_pb=1.00|flight_commit=1.00|edge_zoom=0.953|bounds
903,1394.2,707.4,interp,0.50,1247.5,584.5,918.8,0.0,657.5,1168.9,1,157.3,0,0,accel_zoom=0.855|shot_pb=1.00|flight_commit=1.00|edge_zoom=0.957|bounds
904,1377.4,694.0,interp,0.50,1243.4,584.4,914.6,0.0,657.5,1168.9,1,170.0,0,0,accel_zoom=0.855|shot_pb=1.00|flight_commit=1.00|edge_zoom=0.961|bounds
905,1359.5,680.3,interp,0.50,1236.3,584.4,907.6,0.0,657.5,1168.8,1,180.8,0,1,accel_zoom=0.855|shot_pb=1.00|flight_commit=1.00|keepin_prop=0.01|keepin_zoom=1.350|edge_zoom=0.946|bounds
906,1340.8,666.6,interp,0.50,1227.0,584.4,898.3,0.0,657.4,1168.7,1,190.2,0,0,accel_zoom=0.855|shot_pb=1.00|flight_commit=1.00|edge_zoom=0.970|bounds
907,1321.8,652.9,interp,0.50,1216.1,584.3,887.5,0.0,657.3,1168.6,1,198.3,0,1,accel_zoom=0.855|shot_pb=1.00|flight_commit=1.00|keepin_prop=0.00|keepin_zoom=1.350|edge_zoom=0.955|bounds
908,1302.7,639.4,interp,0.50,1204.3,584.2,875.7,0.0,657.2,1168.3,1,205.6,0,0,shot_pb=1.00|flight_commit=1.00|edge_zoom=0.980|bounds
909,1283.8,626.2,interp,0.50,1191.9,584.0,863.4,0.0,657.0,1168.0,1,212.1,0,0,shot_pb=1.00|flight_commit=1.00|edge_zoom=0.985|bounds
910,1265.3,613.3,interp,0.50,1179.4,583.7,851.0,0.0,656.7,1167.5,1,218.1,0,1,shot_pb=1.00|flight_commit=1.00|keepin_prop=0.00|keepin_zoom=1.350|edge_zoom=0.977|bounds
911,1247.4,600.9,interp,0.50,1167.1,583.4,838.9,0.0,656.3,1166.8,1,223.7,0,0,shot_pb=1.00|flight_commit=1.00|edge_zoom=0.995|bounds
912,1230.2,589.0,interp,0.50,1155.3,583.0,827.3,0.0,655.9,1166.0,1,229.1,0,1,shot_pb=1.00|flight_commit=1.00|keepin_prop=0.00|keepin_zoom=1.350|edge_zoom=0.983|bounds
913,1213.9,577.6,interp,0.50,1144.0,582.4,816.4,0.0,655.2,1164.9,1,234.1,0,0,shot_pb=1.00|flight_commit=1.00|edge_zoom=0.996|bounds
914,1198.5,566.7,interp,0.50,1133.5,581.8,806.2,0.0,654.5,1163.5,1,239.0,0,1,shot_pb=1.00|flight_commit=1.00|keepin_prop=0.00|keepin_zoom=1.350|edge_zoom=0.990|bounds
915,1184.2,556.4,interp,0.50,1123.7,581.0,796.9,0.0,653.6,1162.0,1,243.5,0,0,shot_pb=1.00|flight_commit=1.00|edge_zoom=0.988|bounds
916,1171.1,546.7,interp,0.50,1114.8,580.1,788.5,0.0,652.6,1160.2,1,247.7,0,1,shot_pb=1.00|flight_commit=1.00|keepin_prop=0.00|keepin_zoom=1.350|edge_zoom=0.996|bounds
917,1159.3,537.6,interp,0.50,1106.6,579.1,780.8,0.0,651.5,1158.2,1,251.3,0,0,shot_pb=1.00|flight_commit=1.00|edge_zoom=0.980|bounds
918,1148.9,529.1,interp,0.50,1099.1,578.1,774.0,0.0,650.3,1156.2,1,254.2,0,0,shot_pb=1.00|flight_commit=1.00|edge_zoom=0.981|bounds
919,1140.1,521.2,interp,0.50,1092.3,577.1,767.7,0.0,649.2,1154.1,1,256.2,0,1,shot_pb=1.00|flight_commit=1.00|keepin_prop=0.00|keepin_zoom=1.350|edge_zoom=0.997|bounds
920,1133.1,513.9,interp,0.50,1086.0,576.1,762.0,0.0,648.1,1152.1,1,256.9,0,0,shot_pb=1.00|flight_commit=1.00|edge_zoom=0.980|bounds
921,1128.1,507.2,interp,0.50,1080.0,575.2,756.5,0.0,647.0,1150.3,1,255.9,0,0,shot_pb=1.00|flight_commit=1.00|edge_zoom=0.983|bounds
922,1125.3,501.1,interp,0.50,1074.3,574.4,751.2,0.0,646.2,1148.7,1,253.0,0,0,shot_pb=1.00|flight_commit=1.00|edge_zoom=0.982|bounds
923,1135.4,495.2,interp,0.50,1068.6,573.7,745.9,0.0,645.4,1147.4,1,237.2,0,0,shot_pb=1.00|flight_commit=1.00|edge_zoom=0.971|bounds
924,1133.8,490.6,interp,0.50,1062.8,573.2,740.3,0.0,644.9,1146.5,1,233.0,0,0,shot_pb=1.00|flight_commit=1.00|edge_zoom=0.974|bounds
925,1130.4,486.7,interp,0.50,1056.6,572.9,734.4,0.0,644.5,1145.8,1,230.2,0,0,shot_pb=1.00|flight_commit=1.00|edge_zoom=0.965|bounds
926,1125.3,483.3,interp,0.50,1050.2,572.7,728.0,0.0,644.3,1145.5,1,228.9,0,0,shot_pb=1.00|flight_commit=1.00|edge_zoom=0.966|bounds
927,1118.3,480.3,interp,0.50,1043.2,572.7,721.1,0.0,644.3,1145.3,1,228.9,0,0,shot_pb=1.00|flight_commit=1.00|edge_zoom=0.972|bounds
928,1109.2,477.9,interp,0.50,1035.7,572.7,713.5,0.0,644.3,1145.4,1,230.5,0,1,shot_pb=1.00|flight_commit=1.00|keepin_prop=0.00|keepin_zoom=1.350|edge_zoom=0.981|bounds
929,1097.7,475.8,interp,0.50,1027.5,572.8,705.4,0.0,644.4,1145.5,1,233.8,0,0,shot_pb=1.00|flight_commit=1.00|edge_zoom=0.972|bounds
930,1071.9,474.2,yolo,0.74,1018.8,572.9,696.6,0.0,644.5,1145.7,1,250.9,0,1,shot_pb=1.00|flight_commit=1.00|keepin_prop=0.01|keepin_zoom=1.350|edge_zoom=0.976|bounds
931,1059.0,472.9,yolo,0.74,1009.6,572.9,687.3,0.0,644.6,1145.9,1,254.6,0,0,shot_pb=1.00|flight_commit=1.00|edge_zoom=0.972|bounds
932,1046.9,471.7,yolo,0.62,999.7,573.0,677.4,0.0,644.6,1146.0,1,256.8,0,1,shot_pb=1.00|flight_commit=1.00|keepin_prop=0.05|keepin_zoom=1.350|edge_zoom=0.973|bounds
933,1034.8,470.7,interp,0.38,989.2,573.0,666.9,0.0,644.6,1146.0,1,258.4,0,0,shot_pb=1.00|flight_commit=1.00|edge_zoom=0.972|bounds
934,1022.8,469.9,interp,0.38,978.3,573.0,655.9,0.0,644.6,1146.0,1,259.5,0,1,shot_pb=1.00|flight_commit=1.00|keepin_prop=0.09|keepin_zoom=1.350|edge_zoom=0.971|bounds
935,1010.3,469.2,interp,0.38,966.7,572.9,644.5,0.0,644.5,1145.9,1,260.4,0,1,shot_pb=1.00|flight_commit=1.00|keepin_prop=0.00|keepin_zoom=1.350|edge_zoom=0.974|bounds
936,997.0,468.7,yolo,0.60,954.7,572.9,632.5,0.0,644.5,1145.8,1,261.7,0,0,shot_pb=1.00|flight_commit=1.00|edge_zoom=0.973|bounds
937,980.6,468.1,yolo,0.63,942.2,572.9,620.0,0.0,644.5,1145.7,1,265.6,0,1,shot_pb=1.00|flight_commit=1.00|keepin_prop=0.03|keepin_zoom=1.350|edge_zoom=0.973|bounds
938,964.0,467.9,interp,0.38,929.3,572.9,607.0,0.0,644.5,1145.8,1,269.3,0,0,shot_pb=1.00|flight_commit=1.00|edge_zoom=0.973|bounds
939,946.4,467.9,yolo,0.52,915.9,573.1,593.6,0.0,644.7,1146.1,1,273.5,0,1,shot_pb=1.00|flight_commit=1.00|keepin_prop=0.04|keepin_zoom=1.350|edge_zoom=0.972|bounds
940,926.2,468.4,yolo,0.50,902.2,573.4,579.7,0.0,645.0,1146.7,1,280.0,0,0,shot_pb=1.00|flight_commit=1.00|edge_zoom=0.975|bounds
941,905.7,469.0,yolo,0.43,888.0,573.8,565.3,0.0,645.5,1147.6,1,286.3,0,1,shot_pb=1.00|flight_commit=1.00|keepin_prop=0.04|keepin_zoom=1.350|edge_zoom=0.973|bounds
942,887.4,469.4,interp,0.38,873.6,574.4,550.5,0.0,646.2,1148.8,1,290.2,0,0,shot_pb=1.00|flight_commit=1.00|edge_zoom=0.975|bounds
943,869.0,469.8,interp,0.38,858.9,575.2,535.4,0.0,647.1,1150.3,1,293.9,0,1,shot_pb=1.00|flight_commit=1.00|keepin_prop=0.05|keepin_zoom=1.350|edge_zoom=0.973|bounds
944,850.1,470.2,interp,0.38,844.1,576.0,520.0,0.0,648.0,1152.1,1,298.0,0,0,shot_pb=1.00|flight_commit=1.00|edge_zoom=0.975|bounds
945,830.4,470.5,yolo,0.48,829.0,577.0,504.5,0.0,649.1,1154.0,1,302.6,0,1,shot_pb=1.00|flight_commit=1.00|keepin_prop=0.05|keepin_zoom=1.350|edge_zoom=0.973|bounds
946,806.6,470.9,yolo,0.49,814.0,577.9,488.9,0.0,650.2,1155.9,1,296.6,0,0,accel_zoom=0.939|shot_pb=1.00|flight_commit=1.00|edge_zoom=0.976|bounds
947,783.0,471.2,yolo,0.49,798.9,578.9,473.2,0.0,651.3,1157.8,1,288.1,0,1,accel_zoom=0.939|shot_pb=1.00|flight_commit=1.00|keepin_prop=0.02|keepin_zoom=1.350|edge_zoom=0.974|bounds
948,760.0,471.2,yolo,0.49,783.9,579.8,457.7,0.0,652.3,1159.6,1,280.1,0,0,accel_zoom=0.939|shot_pb=1.00|flight_commit=1.00|edge_zoom=0.975|bounds
949,737.7,471.4,yolo,0.43,769.1,580.6,442.5,0.0,653.2,1161.3,1,272.6,0,1,shot_pb=1.00|flight_commit=1.00|keepin_prop=0.02|keepin_zoom=1.350|edge_zoom=0.974|bounds
950,716.4,471.6,yolo,0.51,754.5,581.3,427.5,0.0,654.0,1162.7,1,265.9,0,0,shot_pb=1.00|flight_commit=1.00|edge_zoom=0.975|bounds
951,696.0,471.9,yolo,0.56,740.3,581.9,413.0,0.0,654.7,1163.9,1,259.7,0,1,shot_pb=1.00|flight_commit=1.00|keepin_prop=0.03|keepin_zoom=1.350|edge_zoom=0.974|bounds
952,676.7,472.4,yolo,0.58,726.6,582.5,399.0,0.0,655.3,1164.9,1,254.1,0,0,shot_pb=1.00|flight_commit=1.00|edge_zoom=0.976|bounds
953,659.3,473.0,interp,0.38,713.4,582.9,385.6,0.0,655.7,1165.7,1,249.9,0,1,shot_pb=1.00|flight_commit=1.00|keepin_prop=0.04|keepin_zoom=1.350|edge_zoom=0.974|bounds
954,642.7,473.7,yolo,0.59,700.9,583.2,372.9,0.0,656.1,1166.4,1,245.8,0,0,shot_pb=1.00|flight_commit=1.00|pb_zfit|edge_zoom=0.977|bounds
955,625.5,474.6,yolo,0.53,689.2,583.5,361.0,0.0,656.4,1166.9,1,240.3,0,1,shot_pb=1.00|flight_commit=1.00|pb_zfit|keepin_prop=0.04|keepin_zoom=1.350|edge_zoom=0.975|bounds
956,609.2,475.6,yolo,0.61,678.5,583.7,350.1,0.0,656.7,1167.4,1,234.7,0,0,shot_pb=1.00|flight_commit=1.00|pb_zfit|edge_zoom=0.979|bounds
957,593.8,476.5,yolo,0.61,668.7,583.9,340.3,0.0,656.9,1167.8,1,229.1,0,1,shot_pb=1.00|flight_commit=1.00|pb_zfit|keepin_prop=0.05|keepin_zoom=1.350|edge_zoom=0.975|bounds
958,579.5,477.4,yolo,0.51,660.2,584.0,331.6,0.0,657.0,1168.1,1,223.3,0,0,shot_pb=1.00|flight_commit=1.00|pb_zfit|edge_zoom=0.979|bounds
959,566.5,478.1,yolo,0.48,652.9,584.2,324.3,0.0,657.2,1168.3,1,217.6,0,1,shot_pb=1.00|flight_commit=1.00|pb_zfit|keepin_prop=0.07|keepin_zoom=1.350|edge_zoom=0.976|bounds
960,555.1,478.6,yolo,0.50,647.1,584.3,318.4,0.0,657.3,1168.5,1,212.0,0,1,shot_pb=1.00|flight_commit=1.00|pb_zfit|keepin_prop=0.00|keepin_zoom=1.350|edge_zoom=0.978|bounds
961,545.1,478.8,yolo,0.55,642.8,584.3,314.2,0.0,657.4,1168.6,1,206.3,0,0,shot_pb=1.00|flight_commit=1.00|pb_zfit|edge_zoom=0.979|bounds
962,536.4,478.8,yolo,0.58,640.2,584.4,311.5,0.0,657.4,1168.7,1,200.2,0,1,shot_pb=1.00|flight_commit=1.00|pb_zfit|keepin_prop=0.04|keepin_zoom=1.350|edge_zoom=0.977|bounds
963,528.9,478.5,yolo,0.58,639.4,584.4,310.6,0.0,657.5,1168.8,1,193.5,0,0,shot_pb=1.00|flight_commit=1.00|pb_zfit|edge_zoom=0.976|bounds
964,522.3,478.0,yolo,0.57,640.2,584.4,311.5,0.0,657.5,1168.9,1,186.1,0,1,shot_pb=1.00|flight_commit=1.00|pb_zfit|keepin_prop=0.10|keepin_zoom=1.350|edge_zoom=0.975|bounds
965,517.0,477.4,yolo,0.59,642.8,584.4,314.1,0.0,657.5,1168.9,1,178.2,0,1,shot_pb=1.00|flight_commit=1.00|pb_zfit|keepin_prop=0.00|keepin_zoom=1.350|edge_zoom=0.977|bounds
966,513.1,476.9,yolo,0.58,647.1,584.5,318.3,0.0,657.5,1168.9,1,170.0,0,0,shot_pb=1.00|flight_commit=1.00|pb_zfit|edge_zoom=0.972|bounds
967,511.3,476.4,interp,0.38,652.8,584.5,324.1,0.0,657.5,1168.9,1,162.5,0,1,shot_pb=1.00|flight_commit=1.00|pb_zfit|keepin_prop=0.07|keepin_zoom=1.350|edge_zoom=0.975|bounds
968,510.8,476.0,interp,0.38,659.8,584.5,331.0,0.0,657.5,1168.9,1,155.0,0,0,shot_pb=1.00|flight_commit=1.00|pb_zfit|edge_zoom=0.956|bounds
969,511.4,475.6,yolo,0.59,667.8,584.5,339.0,0.0,657.5,1168.9,1,147.6,0,0,shot_pb=1.00|flight_commit=1.00|pb_zfit|edge_zoom=0.959|bounds
970,513.9,475.2,yolo,0.55,676.4,584.5,347.7,0.0,657.5,1168.9,1,141.5,0,0,shot_pb=1.00|flight_commit=1.00|pb_zfit|edge_zoom=0.971|bounds
971,517.7,474.9,yolo,0.54,685.4,584.5,356.6,0.0,657.5,1168.9,1,136.3,0,0,shot_pb=1.00|flight_commit=1.00|pb_zfit|edge_zoom=0.974|bounds
972,522.1,474.7,interp,0.38,694.4,584.5,365.6,0.0,657.5,1168.9,1,131.7,0,1,shot_pb=1.00|flight_commit=1.00|pb_zfit|keepin_prop=0.09|keepin_zoom=1.350|edge_zoom=0.973|bounds
973,527.2,474.5,yolo,0.53,702.9,584.5,374.2,0.0,657.5,1168.9,1,128.3,0,1,shot_pb=1.00|flight_commit=1.00|pb_zfit|keepin_prop=0.00|keepin_zoom=1.350|edge_zoom=0.976|bounds
974,532.9,474.3,interp,0.38,710.8,584.5,382.0,0.0,657.5,1168.9,1,126.1,0,0,shot_pb=1.00|flight_commit=1.00|pb_zfit|edge_zoom=0.975|bounds
975,538.8,474.0,yolo,0.46,717.7,584.5,388.9,0.0,657.5,1168.9,1,125.1,0,1,shot_pb=1.00|flight_commit=1.00|pb_zfit|keepin_prop=0.07|keepin_zoom=1.350|edge_zoom=0.974|bounds
976,545.5,473.5,yolo,0.46,723.3,584.5,394.5,0.0,657.5,1168.9,1,126.2,0,1,shot_pb=1.00|flight_commit=1.00|pb_zfit|keepin_prop=0.00|keepin_zoom=1.350|edge_zoom=0.976|bounds
977,550.3,472.9,interp,0.38,727.4,584.5,398.7,0.0,657.5,1168.9,1,126.9,0,0,shot_pb=1.00|flight_commit=1.00|pb_zfit|edge_zoom=0.971|bounds
978,554.6,472.1,interp,0.38,729.9,584.5,401.2,0.0,657.5,1168.9,1,128.7,0,1,shot_pb=1.00|flight_commit=1.00|pb_zfit|keepin_prop=0.06|keepin_zoom=1.350|edge_zoom=0.973|bounds
979,558.5,471.3,interp,0.38,730.7,584.5,401.9,0.0,657.5,1168.9,1,131.8,0,1,shot_pb=1.00|flight_commit=1.00|pb_zfit|keepin_prop=0.00|keepin_zoom=1.350|edge_zoom=0.975|bounds
980,561.9,470.3,interp,0.38,729.6,584.5,400.8,0.0,657.5,1168.9,1,136.3,0,0,shot_pb=1.00|flight_commit=1.00|pb_zfit|edge_zoom=0.965|bounds
981,564.8,469.2,interp,0.38,726.6,584.5,397.9,0.0,657.5,1168.9,1,142.2,0,1,shot_pb=1.00|flight_commit=1.00|pb_zfit|keepin_prop=0.05|keepin_zoom=1.350|edge_zoom=0.972|bounds
982,567.2,468.0,yolo,0.51,721.9,584.5,393.1,0.0,657.5,1168.9,1,149.3,0,0,shot_pb=1.00|flight_commit=1.00|pb_zfit|edge_zoom=0.958|bounds
983,569.3,466.4,interp,0.38,715.4,584.5,386.6,0.0,657.5,1168.9,1,157.9,0,1,shot_pb=1.00|flight_commit=1.00|pb_zfit|keepin_prop=0.04|keepin_zoom=1.350|edge_zoom=0.972|bounds
984,570.5,464.7,yolo,0.56,707.4,584.5,378.6,0.0,657.5,1168.9,1,167.1,0,0,shot_pb=1.00|flight_commit=1.00|pb_zfit|edge_zoom=0.945|bounds
985,570.5,462.7,yolo,0.52,698.0,584.5,369.2,0.0,657.5,1168.9,1,176.5,0,0,shot_pb=1.00|flight_commit=1.00|pb_zfit|edge_zoom=0.938|bounds
986,568.8,461.0,yolo,0.45,687.6,584.5,358.8,0.0,657.5,1168.9,1,185.2,0,0,shot_pb=1.00|flight_commit=1.00|pb_zfit|edge_zoom=0.947|bounds
987,565.3,459.8,yolo,0.51,676.3,584.5,347.5,0.0,657.5,1168.9,1,193.0,0,0,shot_pb=1.00|flight_commit=1.00|pb_zfit|edge_zoom=0.959|bounds
988,560.1,459.0,yolo,0.57,664.6,584.5,335.8,0.0,657.5,1168.9,1,199.5,0,0,shot_pb=1.00|flight_commit=1.00|pb_zfit|edge_zoom=0.965|bounds
989,553.3,458.3,yolo,0.52,652.6,584.5,323.8,0.0,657.5,1168.9,1,204.7,0,1,shot_pb=1.00|flight_commit=1.00|pb_zfit|keepin_prop=0.09|keepin_zoom=1.350|edge_zoom=0.966|bounds
990,545.6,457.6,yolo,0.49,640.6,584.5,311.9,0.0,657.5,1168.9,1,209.0,0,1,shot_pb=1.00|flight_commit=1.00|pb_zfit|keepin_prop=0.00|keepin_zoom=1.350|edge_zoom=0.970|bounds
991,537.3,456.8,yolo,0.55,628.9,584.5,300.1,0.0,657.5,1168.9,1,212.4,0,0,shot_pb=1.00|flight_commit=1.00|pb_zfit|edge_zoom=0.966|bounds
992,528.6,455.9,yolo,0.59,617.5,584.5,288.8,0.0,657.5,1168.9,1,215.1,0,1,shot_pb=1.00|flight_commit=1.00|pb_zfit|keepin_prop=0.05|keepin_zoom=1.350|edge_zoom=0.967|bounds
993,519.5,454.9,yolo,0.61,606.7,584.5,277.9,0.0,657.5,1168.9,1,216.8,0,0,shot_pb=1.00|flight_commit=1.00|pb_zfit|edge_zoom=0.965|bounds
994,510.0,454.0,yolo,0.62,596.4,584.5,267.6,0.0,657.5,1168.9,1,217.6,0,1,shot_pb=1.00|flight_commit=1.00|pb_zfit|keepin_prop=0.09|keepin_zoom=1.350|edge_zoom=0.964|bounds
995,500.2,453.1,yolo,0.57,586.6,584.5,257.9,0.0,657.5,1168.9,1,217.6,0,1,shot_pb=1.00|flight_commit=1.00|pb_zfit|keepin_prop=0.00|keepin_zoom=1.350|edge_zoom=0.968|bounds
996,490.3,452.1,yolo,0.53,577.4,584.5,248.6,0.0,657.5,1168.9,1,216.9,0,0,shot_pb=1.00|flight_commit=1.00|pb_zfit|edge_zoom=0.964|bounds
997,480.5,451.1,yolo,0.46,568.7,584.5,239.9,0.0,657.5,1168.9,1,215.8,0,1,shot_pb=1.00|flight_commit=1.00|pb_zfit|keepin_prop=0.04|keepin_zoom=1.350|edge_zoom=0.965|bounds
998,470.7,450.2,yolo,0.44,560.4,584.5,231.7,0.0,657.5,1168.9,1,214.3,0,0,shot_pb=1.00|flight_commit=1.00|pb_zfit|edge_zoom=0.964|bounds
999,461.0,449.4,yolo,0.49,552.6,584.5,223.8,0.0,657.5,1168.9,1,212.4,0,1,shot_pb=1.00|flight_commit=1.00|pb_zfit|keepin_prop=0.08|keepin_zoom=1.350|edge_zoom=0.963|bounds
1000,451.1,448.8,yolo,0.48,545.1,584.5,216.4,0.0,657.5,1168.9,1,210.0,0,1,shot_pb=1.00|flight_commit=1.00|pb_zfit|keepin_prop=0.00|keepin_zoom=1.350|edge_zoom=0.966|bounds
1001,441.2,448.4,yolo,0.41,538.1,584.5,209.3,0.0,657.5,1168.9,1,207.1,0,0,shot_pb=1.00|flight_commit=1.00|pb_zfit|edge_zoom=0.965|bounds
1002,431.4,448.1,yolo,0.43,531.4,584.5,202.6,0.0,657.5,1168.9,1,204.0,0,1,shot_pb=1.00|flight_commit=1.00|pb_zfit|keepin_prop=0.04|keepin_zoom=1.350|edge_zoom=0.964|bounds
1003,421.7,447.9,yolo,0.50,525.1,584.5,196.4,0.0,657.5,1168.9,1,200.6,0,0,shot_pb=1.00|flight_commit=1.00|pb_zfit|edge_zoom=0.965|bounds
1004,412.1,447.8,yolo,0.52,519.3,584.5,190.6,0.0,657.5,1168.9,1,196.8,0,1,shot_pb=1.00|flight_commit=1.00|pb_zfit|keepin_prop=0.08|keepin_zoom=1.350|edge_zoom=0.962|bounds
1005,402.7,447.9,yolo,0.55,514.1,584.5,185.4,0.0,657.5,1168.9,1,192.6,0,1,shot_pb=1.00|flight_commit=1.00|pb_zfit|keepin_prop=0.00|keepin_zoom=1.350|edge_zoom=0.966|bounds
1006,393.7,448.0,yolo,0.50,509.6,584.5,180.9,0.0,657.5,1168.9,1,188.1,0,0,shot_pb=1.00|flight_commit=1.00|pb_zfit|edge_zoom=0.967|bounds
1007,384.9,448.1,yolo,0.49,506.0,584.5,177.2,0.0,657.5,1168.9,1,182.9,0,1,shot_pb=1.00|flight_commit=1.00|pb_zfit|keepin_prop=0.05|keepin_zoom=1.350|edge_zoom=0.964|bounds
1008,377.1,448.1,interp,0.38,503.3,584.5,174.5,0.0,657.5,1168.9,1,177.8,0,1,shot_pb=1.00|flight_commit=1.00|pb_zfit|keepin_prop=0.00|keepin_zoom=1.350|edge_zoom=0.966|bounds
1009,369.6,448.1,interp,0.38,501.7,584.5,172.9,0.0,657.5,1168.9,1,171.9,0,0,shot_pb=1.00|flight_commit=1.00|pb_zfit|edge_zoom=0.966|bounds
1010,362.5,448.0,yolo,0.45,501.4,584.5,172.6,0.0,657.5,1168.9,1,165.1,0,1,shot_pb=1.00|flight_commit=1.00|pb_zfit|keepin_prop=0.04|keepin_zoom=1.350|edge_zoom=0.964|bounds
1011,354.5,448.0,yolo,0.51,502.5,584.5,173.7,0.0,657.5,1168.9,1,156.0,0,0,shot_pb=1.00|flight_commit=1.00|pb_zfit|edge_zoom=0.966|bounds
1012,347.4,447.8,yolo,0.53,505.0,584.5,176.3,0.0,657.5,1168.9,1,146.4,0,1,shot_pb=1.00|flight_commit=1.00|pb_zfit|keepin_prop=0.10|keepin_zoom=1.350|edge_zoom=0.961|bounds
1013,341.3,447.8,yolo,0.58,509.1,584.5,180.3,0.0,657.5,1168.9,1,136.2,0,1,shot_pb=1.00|flight_commit=1.00|pb_zfit|keepin_prop=0.00|keepin_zoom=1.350|edge_zoom=0.966|bounds
1014,336.5,447.7,yolo,0.52,514.6,584.5,185.8,0.0,657.5,1168.9,1,125.9,0,0,shot_pb=1.00|flight_commit=1.00|pb_zfit|edge_zoom=0.966|bounds
1015,333.9,447.7,interp,0.38,521.5,584.5,192.7,0.0,657.5,1168.9,1,116.4,0,1,shot_pb=1.00|flight_commit=1.00|pb_zfit|keepin_prop=0.08|keepin_zoom=1.350|edge_zoom=0.962|bounds
1016,332.7,447.8,interp,0.38,529.7,584.5,201.0,0.0,657.5,1168.9,1,107.0,0,1,shot_pb=1.00|flight_commit=1.00|pb_zfit|keepin_prop=0.01|keepin_zoom=1.350|edge_zoom=0.966|bounds
1017,332.9,447.8,yolo,0.53,539.1,584.5,210.3,0.0,657.5,1168.9,1,97.8,0,0,shot_pb=1.00|flight_commit=1.00|pb_zfit|edge_zoom=0.970|bounds
1018,334.8,447.9,yolo,0.60,549.3,584.5,220.6,0.0,657.5,1168.9,1,89.5,0,0,shot_pb=1.00|flight_commit=1.00|pb_zfit|edge_zoom=0.896|bounds
1019,339.1,447.9,yolo,0.54,560.3,584.5,231.6,0.0,657.5,1168.9,1,82.8,0,0,shot_pb=1.00|flight_commit=1.00|pb_zfit|edge_zoom=0.845|bounds
1020,345.8,448.0,yolo,0.52,571.9,584.5,243.1,0.0,657.5,1168.9,1,77.9,0,0,shot_pb=1.00|flight_commit=1.00|pb_zfit|edge_zoom=0.851|bounds
1021,354.5,447.9,yolo,0.44,583.8,584.5,255.0,0.0,657.5,1168.9,1,74.7,0,0,shot_pb=1.00|flight_commit=1.00|pb_zfit|edge_zoom=0.858|bounds
1022,365.3,447.7,yolo,0.39,595.9,584.5,267.1,0.0,657.5,1168.9,1,73.4,0,0,shot_pb=1.00|flight_commit=1.00|pb_zfit|edge_zoom=0.864|bounds
1023,377.6,447.4,yolo,0.46,608.1,584.5,279.3,0.0,657.5,1168.9,1,73.5,0,0,shot_pb=1.00|flight_commit=1.00|pb_zfit|edge_zoom=0.870|bounds
1024,390.9,447.0,yolo,0.48,620.3,584.5,291.5,0.0,657.5,1168.9,1,74.6,0,1,shot_pb=1.00|flight_commit=1.00|pb_zfit|keepin_prop=0.00|keepin_zoom=1.350|edge_zoom=0.966|bounds
1025,404.6,446.4,yolo,0.43,632.4,584.5,303.7,0.0,657.5,1168.9,1,76.2,0,0,shot_pb=1.00|flight_commit=1.00|pb_zfit|edge_zoom=0.948|bounds
1026,417.8,445.8,interp,0.38,644.5,584.5,315.7,0.0,657.5,1168.9,1,77.3,0,1,shot_pb=1.00|flight_commit=1.00|pb_zfit|keepin_prop=0.00|keepin_zoom=1.350|edge_zoom=0.965|bounds
1027,431.1,445.1,yolo,0.39,656.4,584.5,327.6,0.0,657.5,1168.9,1,78.7,0,0,shot_pb=1.00|flight_commit=1.00|pb_zfit|edge_zoom=0.958|bounds
1028,446.0,444.4,yolo,0.42,668.1,584.5,339.3,0.0,657.5,1168.9,1,81.9,0,1,shot_pb=1.00|flight_commit=1.00|pb_zfit|keepin_prop=0.01|keepin_zoom=1.350|edge_zoom=0.964|bounds
1029,459.6,443.7,interp,0.38,679.6,584.5,350.9,0.0,657.5,1168.9,1,84.0,0,0,shot_pb=1.00|flight_commit=1.00|pb_zfit|edge_zoom=0.963|bounds
1030,472.8,443.1,yolo,0.40,691.0,584.5,362.2,0.0,657.5,1168.9,1,85.8,0,1,shot_pb=1.00|flight_commit=1.00|pb_zfit|keepin_prop=0.02|keepin_zoom=1.350|edge_zoom=0.963|bounds
1031,485.1,442.6,interp,0.38,702.1,584.5,373.3,0.0,657.5,1168.9,1,87.0,0,0,shot_pb=1.00|flight_commit=1.00|pb_zfit|edge_zoom=0.963|bounds
1032,497.2,442.2,interp,0.38,713.0,584.5,384.2,0.0,657.5,1168.9,1,88.2,0,1,shot_pb=1.00|flight_commit=1.00|pb_zfit|keepin_prop=0.04|keepin_zoom=1.350|edge_zoom=0.962|bounds
1033,509.3,441.9,interp,0.38,723.6,584.4,394.8,0.0,657.5,1168.9,1,89.7,0,0,shot_pb=1.00|flight_commit=1.00|pb_zfit|edge_zoom=0.963|bounds
1034,521.6,441.7,interp,0.38,733.9,584.4,405.1,0.0,657.5,1168.8,1,91.7,0,1,shot_pb=1.00|flight_commit=1.00|pb_zfit|keepin_prop=0.06|keepin_zoom=1.350|edge_zoom=0.961|bounds
1035,534.3,441.5,yolo,0.36,743.8,584.4,415.1,0.0,657.4,1168.7,1,94.5,0,0,shot_pb=1.00|flight_commit=1.00|pb_zfit|edge_zoom=0.963|bounds
1036,550.1,441.3,yolo,0.36,753.5,584.3,424.8,0.0,657.3,1168.6,1,100.6,0,1,shot_pb=1.00|flight_commit=1.00|pb_zfit|keepin_prop=0.07|keepin_zoom=1.350|edge_zoom=0.960|bounds
1037,563.8,441.3,interp,0.38,762.8,584.2,434.2,0.0,657.2,1168.4,1,105.0,0,0,shot_pb=1.00|flight_commit=1.00|pb_zfit|edge_zoom=0.964|bounds
1038,577.3,441.4,yolo,0.40,771.8,584.0,443.3,0.0,657.0,1168.1,1,109.5,0,1,shot_pb=1.00|flight_commit=1.00|pb_zfit|keepin_prop=0.08|keepin_zoom=1.350|edge_zoom=0.960|bounds
1039,591.2,441.6,yolo,0.36,780.5,583.8,452.1,0.0,656.8,1167.7,1,114.7,0,1,shot_pb=1.00|flight_commit=1.00|pb_zfit|keepin_prop=0.00|keepin_zoom=1.350|edge_zoom=0.964|bounds
1040,604.0,441.8,yolo,0.34,789.0,583.6,460.7,0.0,656.5,1167.1,1,119.0,0,0,shot_pb=1.00|flight_commit=1.00|pb_zfit|edge_zoom=0.964|bounds
1041,615.0,442.1,interp,0.38,797.1,583.2,469.1,0.0,656.1,1166.4,1,121.9,0,1,shot_pb=1.00|flight_commit=1.00|pb_zfit|keepin_prop=0.03|keepin_zoom=1.350|edge_zoom=0.962|bounds
1042,625.4,442.4,yolo,0.43,805.1,582.8,477.3,0.0,655.6,1165.5,1,124.3,0,0,shot_pb=1.00|flight_commit=1.00|pb_zfit|edge_zoom=0.965|bounds
1043,636.0,442.8,yolo,0.45,812.8,582.2,485.3,0.0,655.0,1164.4,1,127.2,0,1,shot_pb=1.00|flight_commit=1.00|pb_zfit|keepin_prop=0.08|keepin_zoom=1.350|edge_zoom=0.960|bounds
1044,645.8,443.3,yolo,0.39,820.5,581.6,493.3,0.0,654.3,1163.3,1,129.3,0,1,shot_pb=1.00|flight_commit=1.00|pb_zfit|keepin_prop=0.00|keepin_zoom=1.350|edge_zoom=0.964|bounds
1045,654.2,443.8,interp,0.38,828.1,581.0,501.3,0.0,653.6,1161.9,1,130.1,0,0,shot_pb=1.00|flight_commit=1.00|pb_zfit|edge_zoom=0.966|bounds
1046,662.3,444.2,interp,0.38,835.7,580.3,509.3,0.0,652.8,1160.6,1,130.6,0,1,shot_pb=1.00|flight_commit=1.00|pb_zfit|keepin_prop=0.06|keepin_zoom=1.350|edge_zoom=0.962|bounds
1047,670.2,444.5,yolo,0.38,843.3,579.6,517.3,0.0,652.0,1159.2,1,130.9,0,1,shot_pb=1.00|flight_commit=1.00|pb_zfit|keepin_prop=0.00|keepin_zoom=1.350|edge_zoom=0.965|bounds
1048,678.7,445.0,yolo,0.38,851.0,578.9,525.3,0.0,651.3,1157.8,1,131.7,0,0,shot_pb=1.00|flight_commit=1.00|pb_zfit|edge_zoom=0.967|bounds
1049,687.0,445.3,yolo,0.40,858.8,578.3,533.5,0.0,650.6,1156.6,1,132.2,0,1,shot_pb=1.00|flight_commit=1.00|keepin_prop=0.05|keepin_zoom=1.350|edge_zoom=0.962|bounds
1050,695.4,445.3,yolo,0.39,866.8,577.8,541.8,0.0,650.0,1155.5,1,132.6,0,1,shot_pb=1.00|flight_commit=1.00|keepin_prop=0.00|keepin_zoom=1.350|edge_zoom=0.965|bounds
1051,703.9,444.9,yolo,0.41,874.9,577.3,550.2,0.0,649.5,1154.6,1,133.0,0,0,shot_pb=1.00|flight_commit=1.00|edge_zoom=0.963|bounds
1052,712.9,444.0,yolo,0.41,883.3,577.0,558.7,0.0,649.1,1153.9,1,133.6,0,1,shot_pb=1.00|flight_commit=1.00|keepin_prop=0.05|keepin_zoom=1.350|edge_zoom=0.962|bounds
1053,722.4,442.7,yolo,0.45,891.8,576.7,567.4,0.0,648.8,1153.4,1,134.6,0,0,shot_pb=1.00|flight_commit=1.00|edge_zoom=0.959|bounds
1054,733.6,440.0,yolo,0.41,900.5,576.6,576.2,0.0,648.6,1153.1,1,137.1,0,1,shot_pb=1.00|flight_commit=1.00|keepin_prop=0.08|keepin_zoom=1.350|edge_zoom=0.959|bounds
1055,745.9,437.4,interp,0.38,909.4,576.4,585.1,0.0,648.5,1152.9,1,140.5,0,1,shot_pb=1.00|flight_commit=1.00|keepin_prop=0.00|keepin_zoom=1.350|edge_zoom=0.962|bounds
1056,758.8,434.7,interp,0.38,918.4,576.4,594.2,0.0,648.5,1152.8,1,144.4,0,0,shot_pb=1.00|flight_commit=1.00|edge_zoom=0.954|bounds
1057,772.1,432.0,interp,0.38,927.5,576.4,603.3,0.0,648.4,1152.8,1,148.6,0,1,shot_pb=1.00|flight_commit=1.00|keepin_prop=0.03|keepin_zoom=1.350|edge_zoom=0.958|bounds
1058,785.7,429.3,interp,0.38,936.8,576.4,612.5,0.0,648.4,1152.8,1,152.9,0,0,shot_pb=1.00|flight_commit=1.00|edge_zoom=0.952|bounds
1059,799.3,426.7,interp,0.38,946.0,576.4,621.8,0.0,648.4,1152.7,1,157.3,0,1,shot_pb=1.00|flight_commit=1.00|keepin_prop=0.05|keepin_zoom=1.350|edge_zoom=0.955|bounds
1060,812.9,424.2,interp,0.38,955.4,576.3,631.2,0.0,648.4,1152.7,1,161.5,0,0,shot_pb=1.00|flight_commit=1.00|edge_zoom=0.951|bounds
1061,826.2,422.1,interp,0.38,964.8,576.3,640.7,0.0,648.3,1152.5,1,165.4,0,1,shot_pb=1.00|flight_commit=1.00|keepin_prop=0.07|keepin_zoom=1.350|edge_zoom=0.952|bounds
1062,839.3,420.4,yolo,0.36,974.3,576.1,650.3,0.0,648.1,1152.3,1,169.0,0,1,shot_pb=1.00|flight_commit=1.00|keepin_prop=0.00|keepin_zoom=1.350|edge_zoom=0.956|bounds
1063,852.4,419.4,interp,0.38,984.0,576.0,660.0,0.0,647.9,1151.9,1,172.4,0,0,shot_pb=1.00|flight_commit=1.00|edge_zoom=0.953|bounds
1064,864.5,419.0,yolo,0.39,993.7,575.7,669.9,0.0,647.7,1151.5,1,174.8,0,1,shot_pb=1.00|flight_commit=1.00|keepin_prop=0.03|keepin_zoom=1.350|edge_zoom=0.953|bounds
1065,872.0,420.0,interp,0.38,1003.7,575.5,680.0,0.0,647.4,1150.9,1,172.3,0,0,shot_pb=1.00|flight_commit=1.00|edge_zoom=0.960|bounds
1066,878.8,421.5,yolo,0.35,1013.8,575.1,690.3,0.0,647.0,1150.3,1,169.0,0,1,shot_pb=1.00|flight_commit=1.00|keepin_prop=0.09|keepin_zoom=1.350|edge_zoom=0.950|bounds
1067,885.7,423.7,yolo,0.39,1024.3,574.8,701.0,0.0,646.6,1149.5,1,165.4,0,1,shot_pb=1.00|flight_commit=1.00|keepin_prop=0.00|keepin_zoom=1.350|edge_zoom=0.957|bounds
1068,894.0,425.6,yolo,0.37,1035.1,574.3,712.0,0.0,646.1,1148.7,1,162.9,0,0,shot_pb=1.00|flight_commit=1.00|edge_zoom=0.965|bounds
1069,904.0,426.7,interp,0.38,1046.2,573.9,723.4,0.0,645.6,1147.7,1,161.8,0,1,shot_pb=1.00|flight_commit=1.00|keepin_prop=0.05|keepin_zoom=1.350|edge_zoom=0.955|bounds
1070,915.5,427.6,yolo,0.35,1057.6,573.3,735.1,0.0,645.0,1146.6,1,161.9,0,0,shot_pb=1.00|flight_commit=1.00|edge_zoom=0.961|bounds
1071,931.9,427.5,interp,0.38,1069.4,572.6,747.3,0.0,644.2,1145.3,1,166.5,0,1,shot_pb=1.00|flight_commit=1.00|keepin_prop=0.07|keepin_zoom=1.350|edge_zoom=0.954|bounds
1072,949.9,427.2,interp,0.38,1081.6,571.9,759.9,0.0,643.4,1143.9,1,172.3,0,0,shot_pb=1.00|flight_commit=1.00|edge_zoom=0.957|bounds
1073,968.8,426.5,yolo,0.32,1094.1,571.1,772.8,0.0,642.5,1142.2,1,178.7,0,1,shot_pb=1.00|flight_commit=1.00|keepin_prop=0.06|keepin_zoom=1.350|edge_zoom=0.954|bounds
1074,987.5,425.7,interp,0.38,1106.8,570.2,786.0,0.0,641.5,1140.4,1,184.7,0,0,shot_pb=1.00|flight_commit=1.00|edge_zoom=0.956|bounds
1075,1006.6,424.7,interp,0.38,1119.7,569.2,799.5,0.0,640.4,1138.5,1,190.9,0,1,shot_pb=1.00|flight_commit=1.00|keepin_prop=0.02|keepin_zoom=1.350|edge_zoom=0.956|bounds
1076,1026.1,423.6,interp,0.38,1132.7,568.2,813.1,0.0,639.3,1136.5,1,197.4,0,0,shot_pb=1.00|flight_commit=1.00|edge_zoom=0.955|bounds
1077,1045.7,422.5,interp,0.38,1145.8,567.2,826.7,0.0,638.1,1134.4,1,203.9,0,0,shot_pb=1.00|flight_commit=1.00|edge_zoom=0.955|bounds
1078,1065.6,421.3,interp,0.38,1158.8,566.2,840.3,0.0,637.0,1132.4,1,210.8,0,0,shot_pb=1.00|flight_commit=1.00|edge_zoom=0.959|bounds
1079,1085.5,420.2,interp,0.38,1171.8,565.3,853.8,0.0,635.9,1130.6,1,217.7,0,0,shot_pb=1.00|flight_commit=1.00|edge_zoom=0.964|bounds
1080,1105.5,419.0,interp,0.38,1184.6,564.4,867.1,0.0,635.0,1128.9,1,224.9,0,0,shot_pb=1.00|flight_commit=1.00|edge_zoom=0.964|bounds
1081,1125.4,418.0,yolo,0.36,1197.2,563.8,880.1,0.0,634.2,1127.5,1,232.2,0,0,shot_pb=1.00|flight_commit=1.00|edge_zoom=0.963|bounds
1082,1152.4,416.6,yolo,0.39,1209.7,563.3,892.8,0.0,633.7,1126.5,1,246.7,0,0,shot_pb=1.00|flight_commit=1.00|edge_zoom=0.956|bounds
1083,1166.8,416.3,interp,0.38,1221.9,563.0,905.3,0.0,633.3,1125.9,1,248.9,0,0,shot_pb=1.00|flight_commit=1.00|edge_zoom=0.958|bounds
1084,1178.8,416.5,interp,0.38,1234.1,562.9,917.4,0.0,633.3,1125.8,1,248.7,0,0,shot_pb=1.00|flight_commit=1.00|edge_zoom=0.961|bounds
1085,1188.8,416.9,interp,0.38,1246.1,563.1,929.3,0.0,633.5,1126.3,1,246.7,0,0,shot_pb=1.00|flight_commit=1.00|edge_zoom=0.963|bounds
1086,1197.4,417.8,yolo,0.40,1258.0,563.7,940.9,0.0,634.1,1127.3,1,243.4,0,0,shot_pb=1.00|flight_commit=1.00|edge_zoom=0.965|bounds
1087,1202.2,419.4,yolo,0.51,1270.0,564.5,952.5,0.0,635.0,1129.0,1,236.2,0,0,shot_pb=1.00|flight_commit=1.00|edge_zoom=0.976|bounds
1088,1210.2,420.9,interp,0.38,1282.1,565.6,963.9,0.0,636.3,1131.3,1,232.1,0,0,shot_pb=1.00|flight_commit=1.00|edge_zoom=0.970|bounds
1089,1219.6,422.5,yolo,0.45,1294.4,567.0,975.5,0.0,637.9,1134.1,1,229.2,0,0,shot_pb=1.00|flight_commit=1.00|edge_zoom=0.969|bounds
1090,1232.2,424.3,yolo,0.52,1307.1,568.7,987.2,0.0,639.8,1137.4,1,229.1,0,0,shot_pb=1.00|flight_commit=1.00|edge_zoom=0.966|bounds
1091,1248.3,426.0,yolo,0.53,1320.1,570.5,999.2,0.0,641.8,1141.0,1,232.2,0,1,shot_pb=1.00|flight_commit=1.00|keepin_prop=0.01|keepin_zoom=1.350|edge_zoom=0.957|bounds
1092,1267.3,427.6,yolo,0.56,1333.6,572.4,1011.6,0.0,644.0,1144.9,1,237.7,0,0,shot_pb=1.00|flight_commit=1.00|edge_zoom=0.961|bounds
1093,1288.7,429.0,yolo,0.52,1347.5,574.4,1024.5,0.0,646.2,1148.7,1,245.2,0,1,shot_pb=1.00|flight_commit=1.00|keepin_prop=0.02|keepin_zoom=1.350|edge_zoom=0.958|bounds
1094,1312.0,430.0,yolo,0.51,1362.0,576.2,1037.9,0.0,648.2,1152.4,1,254.0,0,0,accel_zoom=0.942|shot_pb=1.00|flight_commit=1.00|edge_zoom=0.961|bounds
1095,1335.4,430.7,interp,0.38,1376.9,577.9,1051.8,0.0,650.2,1155.8,1,262.5,0,1,accel_zoom=0.942|shot_pb=1.00|flight_commit=1.00|keepin_prop=0.02|keepin_zoom=1.350|edge_zoom=0.958|bounds
1096,1360.0,431.3,yolo,0.45,1392.2,579.4,1066.3,0.0,651.8,1158.8,1,271.8,0,0,accel_zoom=0.939|shot_pb=1.00|flight_commit=1.00|edge_zoom=0.960|bounds
1097,1388.0,431.7,yolo,0.44,1407.9,580.7,1081.2,0.0,653.3,1161.4,1,284.1,0,1,accel_zoom=0.928|shot_pb=1.00|flight_commit=1.00|keepin_prop=0.01|keepin_zoom=1.350|edge_zoom=0.960|bounds
1098,1416.5,431.9,yolo,0.43,1423.6,581.7,1096.4,0.0,654.5,1163.5,1,296.9,0,0,accel_zoom=0.928|shot_pb=1.00|flight_commit=1.00|edge_zoom=0.960|bounds
1099,1444.9,431.6,yolo,0.48,1439.4,582.6,1111.7,0.0,655.4,1165.1,1,298.5,0,1,accel_zoom=0.928|shot_pb=1.00|flight_commit=1.00|keepin_prop=0.00|keepin_zoom=1.350|edge_zoom=0.960|bounds
1100,1472.7,431.0,yolo,0.56,1455.0,583.2,1126.9,0.0,656.1,1166.4,1,286.3,0,0,accel_zoom=0.928|shot_pb=1.00|flight_commit=1.00|edge_zoom=0.959|bounds
1101,1499.7,430.2,yolo,0.64,1470.1,583.6,1141.9,0.0,656.6,1167.3,1,274.4,0,1,accel_zoom=0.928|shot_pb=1.00|flight_commit=1.00|keepin_prop=0.00|keepin_zoom=1.350|edge_zoom=0.959|bounds
1102,1525.3,429.4,yolo,0.71,1484.7,583.9,1156.3,0.0,656.9,1167.9,1,263.4,0,0,accel_zoom=0.928|shot_pb=1.00|flight_commit=1.00|edge_zoom=0.958|bounds
1103,1549.3,428.7,yolo,0.72,1498.6,584.2,1170.0,0.0,657.2,1168.3,1,253.3,0,1,accel_zoom=0.928|shot_pb=1.00|flight_commit=1.00|keepin_prop=0.00|keepin_zoom=1.350|edge_zoom=0.959|bounds
1104,1571.3,428.3,yolo,0.67,1511.4,584.3,1182.7,0.0,657.3,1168.6,1,244.1,0,0,shot_pb=1.00|flight_commit=1.00|edge_zoom=0.958|bounds
1105,1588.3,428.1,interp,0.38,1523.1,584.4,1194.3,0.0,657.4,1168.8,1,238.8,0,1,shot_pb=1.00|flight_commit=1.00|keepin_prop=0.02|keepin_zoom=1.350|edge_zoom=0.957|bounds
1106,1603.2,428.1,interp,0.38,1533.4,584.4,1204.7,0.0,657.5,1168.9,1,234.2,0,0,shot_pb=1.00|flight_commit=1.00|edge_zoom=0.958|bounds
1107,1616.5,428.2,interp,0.38,1542.3,584.4,1213.6,0.0,657.5,1168.9,1,229.8,0,1,shot_pb=1.00|flight_commit=1.00|person_ctx=4|keepin_prop=0.04|keepin_zoom=1.350|edge_zoom=0.956|bounds
1108,1628.4,428.4,interp,0.38,1549.6,584.5,1220.9,0.0,657.5,1168.9,1,225.2,0,0,shot_pb=1.00|flight_commit=1.00|person_ctx=4|edge_zoom=0.917|bounds
1109,1639.2,428.7,interp,0.38,1555.2,584.4,1226.5,0.0,657.5,1168.9,1,220.0,0,1,shot_pb=1.00|flight_commit=1.00|keepin_prop=0.01|keepin_zoom=1.350|edge_zoom=0.958|bounds
1110,1648.9,429.1,interp,0.38,1559.0,584.4,1230.2,0.0,657.5,1168.8,1,214.1,0,0,shot_pb=1.00|flight_commit=1.00|edge_zoom=0.932|bounds
1111,1657.8,429.5,yolo,0.57,1560.8,584.4,1232.0,0.0,657.4,1168.8,1,207.0,0,0,shot_pb=1.00|flight_commit=1.00|edge_zoom=0.891|bounds
1112,1662.9,429.8,interp,0.38,1560.5,584.4,1231.8,0.0,657.4,1168.7,1,201.6,0,0,shot_pb=1.00|flight_commit=1.00|pb_zfit|edge_zoom=0.883|bounds
1113,1668.5,430.4,interp,0.38,1558.0,584.3,1229.4,0.0,657.3,1168.6,1,193.5,0,0,shot_pb=1.00|flight_commit=1.00|pb_zfit|edge_zoom=0.872|bounds
1114,1687.7,431.8,interp,0.38,1553.2,584.2,1224.6,0.0,657.3,1168.5,1,169.5,0,0,accel_zoom=0.944|shot_pb=1.00|flight_commit=1.00|pb_zfit|edge_zoom=0.837|bounds
1115,1696.6,433.2,interp,0.38,1545.8,584.2,1217.2,0.0,657.2,1168.3,1,153.2,0,0,shot_pb=1.00|flight_commit=1.00|pb_zfit|edge_zoom=0.828|bounds
1116,1703.1,434.8,interp,0.38,1535.8,584.1,1207.2,0.0,657.1,1168.1,1,136.7,0,0,shot_pb=1.00|flight_commit=1.00|pb_zfit|edge_zoom=0.827|bounds
1117,1706.8,436.9,interp,0.38,1522.9,584.0,1194.4,0.0,657.0,1167.9,1,120.1,0,0,shot_pb=1.00|flight_commit=1.00|pb_zfit|edge_zoom=0.843|bounds
1118,1707.4,439.5,interp,0.38,1506.9,583.9,1178.5,0.0,656.9,1167.7,1,103.5,0,0,shot_pb=1.00|flight_commit=1.00|pb_zfit|bounds
1119,1704.3,442.8,interp,0.38,1487.9,583.8,1159.5,0.0,656.7,1167.6,1,87.6,0,0,shot_pb=1.00|flight_commit=1.00|pb_zfit|edge_zoom=0.989|bounds
1120,1696.9,446.9,interp,0.38,1465.5,583.7,1137.2,0.0,656.7,1167.4,1,72.6,0,0,shot_pb=1.00|flight_commit=1.00|person_ctx=4|pb_zfit|edge_zoom=0.982|bounds
1121,1684.5,452.1,interp,0.38,1439.9,583.7,1111.6,0.0,656.6,1167.3,1,59.4,0,1,shot_pb=1.00|flight_commit=1.00|person_ctx=4|keepin_prop=0.00|keepin_zoom=1.350|edge_zoom=0.967|bounds
1122,1665.9,458.6,interp,0.38,1411.1,583.6,1082.8,0.0,656.6,1167.3,1,49.2,0,0,shot_pb=1.00|flight_commit=1.00|person_ctx=4|edge_zoom=0.981|bounds
1123,1640.1,466.7,interp,0.38,1379.2,583.7,1050.9,0.0,656.6,1167.3,1,43.1,0,1,accel_zoom=0.930|shot_pb=1.00|flight_commit=1.00|keepin_prop=0.00|keepin_zoom=1.350|edge_zoom=0.973|bounds
1124,1605.3,476.9,interp,0.38,1344.5,583.7,1016.2,0.0,656.7,1167.4,1,43.2,0,0,accel_zoom=0.910|shot_pb=1.00|flight_commit=1.00|edge_zoom=0.987|bounds
1125,1559.5,489.7,interp,0.38,1307.3,583.8,979.0,0.0,656.7,1167.6,1,51.8,0,0,accel_zoom=0.891|shot_pb=1.00|flight_commit=1.00|edge_zoom=0.991|bounds
1126,1500.2,505.7,interp,0.38,1268.2,583.9,939.8,0.0,656.9,1167.7,1,72.0,0,0,accel_zoom=0.883|shot_pb=1.00|flight_commit=1.00|edge_zoom=0.997|bounds
1127,1424.3,525.7,interp,0.38,1227.8,584.0,899.3,0.0,657.0,1167.9,1,107.5,0,0,accel_zoom=0.883|shot_pb=1.00|flight_commit=1.00|flight_boost=1.13|edge_zoom=0.995|bounds
1128,1275.0,547.1,yolo,0.35,1186.8,584.1,858.2,0.0,657.1,1168.1,1,215.8,0,0,accel_zoom=0.881|shot_pb=1.00|flight_commit=1.00|flight_boost=1.48|edge_zoom=0.991|bounds
1129,1118.9,613.3,centroid,0.22,1146.0,584.2,817.4,0.0,657.2,1168.3,1,276.9,0,0,accel_zoom=0.780|shot_pb=1.00|flight_commit=1.00|flight_boost=1.86|edge_zoom=0.957|bounds
1130,1037.2,641.5,centroid,0.23,1106.3,584.2,777.7,0.0,657.3,1168.5,1,234.9,0,0,shot_pb=1.00|flight_commit=1.00|flight_boost=2.00|edge_zoom=0.949|bounds
1131,971.3,665.5,centroid,0.23,1068.6,584.3,739.9,0.0,657.3,1168.6,1,206.7,0,0,shot_pb=1.00|flight_commit=1.00|flight_boost=2.00|edge_zoom=0.939|bounds
1132,918.2,685.8,centroid,0.23,1033.7,584.4,705.0,0.0,657.4,1168.7,1,188.5,0,0,shot_pb=1.00|flight_commit=1.00|flight_boost=2.00|edge_zoom=0.931|bounds
1133,875.4,703.2,centroid,0.24,1002.4,584.4,673.7,0.0,657.4,1168.8,1,177.0,0,0,shot_pb=1.00|flight_commit=1.00|flight_boost=1.96|edge_zoom=0.923|bounds
1134,841.2,718.1,centroid,0.24,975.5,584.4,646.8,0.0,657.5,1168.8,1,169.7,0,0,shot_pb=1.00|flight_commit=1.00|flight_boost=1.66|edge_zoom=0.917|bounds
1135,814.0,730.7,centroid,0.24,953.6,584.4,624.8,0.0,657.5,1168.9,1,164.4,0,1,shot_pb=1.00|conf_zoom=0.70|keepin_prop=0.00|keepin_zoom=1.350|flight_boost=1.28|conf_speed=0.83|edge_zoom=0.925|bounds
1136,792.7,741.2,centroid,0.25,936.9,584.5,608.2,0.0,657.5,1168.9,1,159.8,1,0,shot_pb=1.00|conf_zoom=0.69|flight_boost=1.11|conf_speed=0.83|speed|edge_zoom=0.910|bounds
1137,776.4,749.8,centroid,0.25,925.9,584.5,597.1,0.0,657.5,1168.9,1,154.5,0,1,shot_pb=1.00|conf_zoom=0.69|keepin_prop=0.00|keepin_zoom=1.350|conf_speed=0.83|edge_zoom=0.918|bounds
1138,764.6,756.4,centroid,0.25,920.6,584.5,591.8,0.0,657.5,1168.9,1,148.0,1,0,shot_pb=1.00|conf_zoom=0.69|conf_speed=0.83|speed|edge_zoom=0.914|bounds
1139,757.1,760.7,centroid,0.26,920.8,584.5,592.1,0.0,657.5,1168.9,1,140.3,1,1,shot_pb=1.00|conf_zoom=0.69|keepin_prop=0.01|keepin_zoom=1.350|conf_speed=0.83|speed|edge_zoom=0.914|bounds
1140,753.8,762.6,centroid,0.26,926.4,584.5,597.7,0.0,657.5,1168.9,1,131.4,1,0,shot_pb=1.00|conf_zoom=0.69|conf_speed=0.83|speed|edge_zoom=0.915|bounds
1141,755.1,761.5,centroid,0.26,937.0,584.5,608.2,0.0,657.5,1168.9,1,122.1,1,0,shot_pb=1.00|conf_zoom=0.69|conf_speed=0.83|speed|edge_zoom=0.936|bounds
1142,761.9,756.8,centroid,0.27,951.9,584.5,623.1,0.0,657.5,1168.9,1,114.0,0,0,shot_pb=1.00|conf_zoom=0.69|conf_speed=0.83|edge_zoom=0.935|bounds
1143,775.2,747.7,centroid,0.27,970.6,584.5,641.8,0.0,657.5,1168.9,1,108.6,0,0,accel_zoom=0.942|shot_pb=1.00|conf_zoom=0.69|conf_speed=0.83|edge_zoom=0.938|bounds
1144,796.7,733.3,centroid,0.27,992.4,584.5,663.6,0.0,657.5,1168.9,1,108.3,0,0,accel_zoom=0.916|shot_pb=1.00|conf_zoom=0.69|conf_speed=0.83|edge_zoom=0.944|bounds
1145,828.1,712.1,centroid,0.28,1016.5,584.5,687.7,0.0,657.5,1168.9,1,115.6,0,0,accel_zoom=0.885|shot_pb=1.00|conf_zoom=0.70|conf_speed=0.83|edge_zoom=0.952|bounds
1146,871.8,682.5,centroid,0.28,1042.2,584.5,713.4,0.0,657.5,1168.9,1,133.6,0,0,accel_zoom=0.846|shot_pb=1.00|conf_zoom=0.70|conf_speed=0.83|edge_zoom=0.963|bounds
1147,998.7,592.7,yolo,0.34,1068.9,584.5,740.1,0.0,657.5,1168.9,1,233.8,0,0,accel_zoom=0.846|shot_pb=1.00|flight_commit=1.00|flight_boost=1.20|edge_zoom=0.998|bounds
1148,1049.0,561.0,interp,0.38,1095.9,584.5,767.1,0.0,657.5,1168.9,1,257.1,0,0,accel_zoom=0.808|shot_pb=1.00|flight_commit=1.00|flight_boost=1.34|edge_zoom=0.991|bounds
1149,1090.5,536.5,interp,0.38,1122.7,584.5,793.9,0.0,657.5,1168.9,1,271.8,0,0,accel_zoom=0.808|shot_pb=1.00|flight_commit=1.00|flight_boost=1.42|edge_zoom=0.983|bounds
1150,1125.0,517.7,interp,0.38,1148.8,584.5,820.1,0.0,657.5,1168.9,1,280.2,0,0,accel_zoom=0.808|shot_pb=1.00|flight_commit=1.00|flight_boost=1.46|edge_zoom=0.976|bounds
1151,1153.9,503.4,interp,0.38,1174.0,584.5,845.3,0.0,657.5,1168.9,1,283.9,0,1,shot_pb=1.00|flight_commit=1.00|keepin_prop=0.00|keepin_zoom=1.350|flight_boost=1.44|edge_zoom=0.987|bounds
1152,1178.7,492.4,interp,0.38,1198.1,584.5,869.3,0.0,657.5,1168.9,1,284.6,0,0,shot_pb=1.00|flight_commit=1.00|flight_boost=1.37|edge_zoom=0.969|bounds
1153,1200.1,483.9,interp,0.38,1220.9,584.5,892.1,0.0,657.5,1168.9,1,283.2,0,1,shot_pb=1.00|flight_commit=1.00|keepin_prop=0.00|keepin_zoom=1.350|flight_boost=1.02|edge_zoom=0.980|bounds
1154,1219.2,477.2,interp,0.38,1242.4,584.5,913.6,0.0,657.5,1168.9,1,280.8,0,0,shot_pb=1.00|flight_commit=1.00|edge_zoom=0.967|bounds
1155,1236.6,471.7,interp,0.38,1262.6,584.5,933.8,0.0,657.5,1168.9,1,278.0,0,1,shot_pb=1.00|flight_commit=1.00|keepin_prop=0.00|keepin_zoom=1.350|edge_zoom=0.975|bounds
1156,1253.0,466.7,interp,0.38,1281.7,584.5,952.9,0.0,657.5,1168.9,1,275.3,0,0,shot_pb=1.00|flight_commit=1.00|edge_zoom=0.964|bounds
1157,1269.0,461.6,interp,0.38,1299.7,584.5,971.0,0.0,657.5,1168.9,1,273.3,0,1,shot_pb=1.00|flight_commit=1.00|keepin_prop=0.01|keepin_zoom=1.350|edge_zoom=0.971|bounds
1158,1285.1,456.0,yolo,0.34,1316.9,584.5,988.1,0.0,657.5,1168.9,1,272.2,0,0,shot_pb=1.00|flight_commit=1.00|edge_zoom=0.958|bounds
1159,1303.9,447.1,interp,0.50,1333.3,584.5,1004.6,0.0,657.5,1168.9,1,274.6,0,1,shot_pb=1.00|flight_commit=1.00|keepin_prop=0.01|keepin_zoom=1.350|edge_zoom=0.965|bounds
1160,1323.1,437.4,interp,0.50,1349.2,584.5,1020.4,0.0,657.5,1168.9,1,277.9,0,0,shot_pb=1.00|flight_commit=1.00|edge_zoom=0.947|bounds
1161,1342.5,427.0,interp,0.50,1364.5,584.5,1035.8,0.0,657.5,1168.9,1,282.0,0,1,shot_pb=1.00|flight_commit=1.00|keepin_prop=0.00|keepin_zoom=1.350|edge_zoom=0.958|bounds
1162,1362.0,416.3,interp,0.50,1379.5,584.5,1050.8,0.0,657.5,1168.9,1,286.5,0,0,shot_pb=1.00|flight_commit=1.00|edge_zoom=0.937|bounds
1163,1381.5,405.2,interp,0.50,1394.3,584.5,1065.5,0.0,657.5,1168.9,1,291.2,0,1,shot_pb=1.00|flight_commit=1.00|keepin_prop=0.00|keepin_zoom=1.350|edge_zoom=0.950|bounds
1164,1400.8,394.1,interp,0.50,1408.7,584.5,1080.0,0.0,657.5,1168.9,1,296.1,0,0,shot_pb=1.00|flight_commit=1.00|edge_zoom=0.928|bounds
1165,1419.9,382.9,interp,0.50,1423.0,584.5,1094.2,0.0,657.5,1168.9,1,300.9,0,1,shot_pb=1.00|flight_commit=1.00|keepin_prop=0.00|keepin_zoom=1.350|edge_zoom=0.941|bounds
1166,1438.7,371.7,interp,0.50,1436.9,584.5,1108.2,0.0,657.5,1168.9,1,302.2,0,0,shot_pb=1.00|flight_commit=1.00|edge_zoom=0.919|bounds
1167,1457.1,360.6,interp,0.50,1450.6,584.5,1121.9,0.0,657.5,1168.9,1,297.5,0,1,shot_pb=1.00|flight_commit=1.00|keepin_prop=0.00|keepin_zoom=1.350|edge_zoom=0.933|bounds
1168,1475.1,349.7,interp,0.50,1464.0,584.5,1135.2,0.0,657.5,1168.9,1,292.9,0,0,shot_pb=1.00|flight_commit=1.00|edge_zoom=0.911|bounds
1169,1492.8,338.9,interp,0.50,1476.8,584.5,1148.1,0.0,657.5,1168.9,1,288.0,0,1,shot_pb=1.00|flight_commit=1.00|keepin_prop=0.00|keepin_zoom=1.350|edge_zoom=0.924|bounds
1170,1509.9,328.4,interp,0.50,1489.2,584.5,1160.4,0.0,657.5,1168.9,1,283.3,0,0,shot_pb=1.00|flight_commit=1.00|edge_zoom=0.902|bounds
1171,1526.6,318.2,interp,0.50,1500.9,584.5,1172.1,0.0,657.5,1168.9,1,278.3,1,0,shot_pb=1.00|flight_commit=1.00|person_ctx=4|speed|edge_zoom=0.901|bounds
1172,1542.8,308.2,interp,0.50,1511.9,584.5,1183.1,0.0,657.5,1168.9,1,273.1,0,1,shot_pb=1.00|flight_commit=1.00|keepin_prop=0.04|keepin_zoom=1.350|edge_zoom=0.907|bounds
1173,1558.5,298.5,interp,0.50,1522.1,584.5,1193.3,0.0,657.5,1168.9,1,267.6,1,0,shot_pb=1.00|flight_commit=1.00|speed|edge_zoom=0.901|bounds
1174,1573.6,289.1,interp,0.50,1531.4,584.5,1202.7,0.0,657.5,1168.9,1,261.8,0,1,shot_pb=1.00|flight_commit=1.00|keepin_prop=0.02|keepin_zoom=1.350|edge_zoom=0.903|bounds
1175,1588.3,280.0,interp,0.50,1539.8,584.5,1211.1,0.0,657.5,1168.9,1,255.5,1,0,shot_pb=1.00|flight_commit=1.00|speed|edge_zoom=0.902|bounds
1176,1602.4,271.2,interp,0.50,1547.3,584.5,1218.5,0.0,657.5,1168.9,1,248.9,1,1,shot_pb=1.00|flight_commit=1.00|keepin_prop=0.01|keepin_zoom=1.350|speed|edge_zoom=0.899|bounds
1177,1615.9,262.7,interp,0.50,1553.8,584.5,1225.1,0.0,657.5,1168.9,1,241.9,1,0,shot_pb=1.00|flight_commit=1.00|speed|edge_zoom=0.902|bounds
1178,1629.0,254.6,interp,0.50,1559.5,584.5,1230.7,0.0,657.5,1168.9,1,234.5,1,1,shot_pb=1.00|flight_commit=1.00|keepin_prop=0.00|keepin_zoom=1.350|speed|edge_zoom=0.901|bounds
1179,1641.4,246.8,interp,0.50,1564.3,584.5,1235.5,0.0,657.5,1168.9,1,226.9,1,0,shot_pb=1.00|flight_commit=1.00|speed|edge_zoom=0.902|bounds
1180,1653.3,239.4,interp,0.50,1568.3,584.5,1239.6,0.0,657.5,1168.9,1,219.0,1,0,shot_pb=1.00|flight_commit=1.00|pb_zfit|speed|edge_zoom=0.902|bounds
1181,1664.7,232.3,interp,0.50,1571.7,584.5,1243.0,0.0,657.5,1168.9,1,211.0,1,1,shot_pb=1.00|flight_commit=1.00|pb_zfit|keepin_prop=0.00|keepin_zoom=1.350|speed|edge_zoom=0.902|bounds
1182,1675.4,225.6,interp,0.50,1574.5,584.5,1245.8,0.0,657.5,1168.9,1,203.1,1,1,shot_pb=1.00|flight_commit=1.00|pb_zfit|keepin_prop=0.00|keepin_zoom=1.350|speed|edge_zoom=0.902|bounds
1183,1685.6,219.2,interp,0.50,1576.9,584.5,1248.1,0.0,657.5,1168.9,1,195.3,1,1,shot_pb=1.00|flight_commit=1.00|pb_zfit|keepin_prop=0.00|keepin_zoom=1.350|speed|edge_zoom=0.902|bounds
1184,1695.2,213.2,interp,0.50,1578.9,584.5,1250.1,0.0,657.5,1168.9,1,187.7,1,1,shot_pb=1.00|flight_commit=1.00|pb_zfit|keepin_prop=0.01|keepin_zoom=1.350|speed|edge_zoom=0.901|bounds
1185,1704.3,207.6,interp,0.50,1580.6,584.5,1251.8,0.0,657.5,1168.9,1,180.3,1,1,shot_pb=1.00|flight_commit=1.00|pb_zfit|keepin_prop=0.01|keepin_zoom=1.350|speed|edge_zoom=0.900|bounds
1186,1712.7,202.3,interp,0.50,1582.0,584.5,1253.3,0.0,657.5,1168.9,1,173.3,1,1,shot_pb=1.00|flight_commit=1.00|pb_zfit|keepin_prop=0.01|keepin_zoom=1.350|speed|edge_zoom=0.899|bounds
1187,1720.5,197.5,interp,0.50,1583.3,584.5,1254.5,0.0,657.5,1168.9,1,166.8,1,1,shot_pb=1.00|flight_commit=1.00|pb_zfit|keepin_prop=0.02|keepin_zoom=1.350|speed|edge_zoom=0.897|bounds
1188,1727.7,193.0,interp,0.50,1584.4,584.5,1255.7,0.0,657.5,1168.9,1,160.7,1,1,shot_pb=1.00|flight_commit=1.00|pb_zfit|keepin_prop=0.02|keepin_zoom=1.350|speed|edge_zoom=0.896|bounds
1189,1734.2,188.9,interp,0.50,1585.4,584.5,1256.7,0.0,657.5,1168.9,1,155.2,1,1,shot_pb=1.00|flight_commit=1.00|pb_zfit|keepin_prop=0.03|keepin_zoom=1.350|speed|edge_zoom=0.894|bounds
1190,1740.1,185.3,interp,0.50,1586.3,584.5,1257.5,0.0,657.5,1168.9,1,150.2,1,1,shot_pb=1.00|flight_commit=1.00|pb_zfit|keepin_prop=0.03|keepin_zoom=1.350|speed|edge_zoom=0.893|bounds
1191,1745.3,182.1,interp,0.50,1587.0,584.5,1258.3,0.0,657.5,1168.9,1,145.7,1,1,shot_pb=1.00|flight_commit=1.00|pb_zfit|keepin_prop=0.03|keepin_zoom=1.350|speed|edge_zoom=0.891|bounds
1192,1749.7,179.4,interp,0.50,1587.6,584.5,1258.8,0.0,657.5,1168.9,1,141.9,1,1,shot_pb=1.00|flight_commit=1.00|pb_zfit|keepin_prop=0.04|keepin_zoom=1.350|speed|edge_zoom=0.890|bounds
1193,1753.4,177.2,interp,0.50,1587.9,584.5,1259.1,0.0,657.5,1168.9,1,138.5,1,1,shot_pb=1.00|flight_commit=1.00|pb_zfit|keepin_prop=0.04|keepin_zoom=1.350|speed|edge_zoom=0.889|bounds
1194,1756.3,175.5,interp,0.50,1587.9,584.5,1259.1,0.0,657.5,1168.9,1,135.6,1,1,shot_pb=1.00|flight_commit=1.00|pb_zfit|keepin_prop=0.04|keepin_zoom=1.350|speed|edge_zoom=0.888|bounds
1195,1758.3,174.4,interp,0.50,1587.6,584.5,1258.8,0.0,657.5,1168.9,1,133.3,1,1,shot_pb=1.00|flight_commit=1.00|pb_zfit|keepin_prop=0.05|keepin_zoom=1.350|speed|edge_zoom=0.887|bounds
1196,1759.3,174.0,interp,0.50,1586.8,584.5,1258.0,0.0,657.5,1168.9,1,131.5,1,1,shot_pb=1.00|flight_commit=1.00|pb_zfit|keepin_prop=0.05|keepin_zoom=1.350|speed|edge_zoom=0.886|bounds
1197,1759.3,174.2,interp,0.50,1585.5,584.5,1256.7,0.0,657.5,1168.9,1,130.2,1,1,shot_pb=1.00|flight_commit=1.00|pb_zfit|keepin_prop=0.15|keepin_zoom=1.350|speed|edge_zoom=0.853|bounds
1198,1758.0,175.3,interp,0.50,1583.4,584.5,1254.7,0.0,657.5,1168.9,1,129.4,1,1,shot_pb=1.00|flight_commit=1.00|pb_zfit|keepin_prop=0.12|keepin_zoom=1.350|speed|edge_zoom=0.863|bounds
1199,1755.4,177.3,interp,0.50,1580.6,584.5,1251.8,0.0,657.5,1168.9,1,129.2,1,1,shot_pb=1.00|flight_commit=1.00|pb_zfit|keepin_prop=0.11|keepin_zoom=1.350|speed|edge_zoom=0.866|bounds
1200,1751.2,180.4,interp,0.50,1576.7,584.5,1247.9,0.0,657.5,1168.9,1,129.5,1,1,shot_pb=1.00|flight_commit=1.00|pb_zfit|keepin_prop=0.10|keepin_zoom=1.350|speed|edge_zoom=0.869|bounds
1201,1737.9,188.1,blended,0.78,1571.7,584.5,1242.9,0.0,657.5,1168.9,1,137.8,1,1,shot_pb=1.00|flight_commit=1.00|pb_zfit|keepin_prop=0.08|keepin_zoom=1.350|speed|edge_zoom=0.876|bounds
1202,1739.7,189.6,interp,0.38,1565.3,584.5,1236.5,0.0,657.5,1168.9,1,129.6,1,1,shot_pb=1.00|flight_commit=1.00|pb_zfit|keepin_prop=0.09|keepin_zoom=1.350|speed|edge_zoom=0.874|bounds
1203,1732.1,195.9,interp,0.38,1557.5,584.5,1228.7,0.0,657.5,1168.9,1,129.4,1,1,shot_pb=1.00|flight_commit=1.00|pb_zfit|keepin_prop=0.07|keepin_zoom=1.350|speed|edge_zoom=0.879|bounds
1204,1722.6,203.5,interp,0.38,1548.2,584.5,1219.4,0.0,657.5,1168.9,1,129.6,1,1,shot_pb=1.00|flight_commit=1.00|pb_zfit|keepin_prop=0.06|keepin_zoom=1.350|speed|edge_zoom=0.883|bounds
1205,1711.0,212.6,interp,0.38,1537.3,584.5,1208.5,0.0,657.5,1168.9,1,130.3,1,1,shot_pb=1.00|flight_commit=1.00|pb_zfit|keepin_prop=0.04|keepin_zoom=1.350|speed|edge_zoom=0.888|bounds
1206,1697.2,223.1,interp,0.38,1524.8,584.5,1196.1,0.0,657.5,1168.9,1,131.6,1,1,shot_pb=1.00|flight_commit=1.00|pb_zfit|keepin_prop=0.03|keepin_zoom=1.350|speed|edge_zoom=0.893|bounds
1207,1680.7,235.4,yolo,0.37,1511.0,584.5,1182.2,0.0,657.5,1168.9,1,134.3,1,1,shot_pb=1.00|flight_commit=1.00|pb_zfit|keepin_prop=0.02|keepin_zoom=1.350|speed|edge_zoom=0.898|bounds
1208,1656.2,254.2,yolo,0.45,1495.9,584.5,1167.1,0.0,657.5,1168.9,1,143.7,1,1,accel_zoom=0.920|shot_pb=1.00|flight_commit=1.00|keepin_prop=0.00|keepin_zoom=1.350|speed|edge_zoom=0.897|bounds
1209,1632.8,271.0,interp,0.38,1479.8,584.5,1151.0,0.0,657.5,1168.9,1,151.0,0,0,accel_zoom=0.920|shot_pb=1.00|flight_commit=1.00|edge_zoom=0.918|bounds
1210,1608.5,287.6,yolo,0.44,1462.9,584.5,1134.1,0.0,657.5,1168.9,1,158.4,0,0,accel_zoom=0.920|shot_pb=1.00|flight_commit=1.00|edge_zoom=0.924|bounds
1211,1581.5,304.5,yolo,0.53,1445.6,584.5,1116.8,0.0,657.5,1168.9,1,168.1,0,0,accel_zoom=0.920|shot_pb=1.00|flight_commit=1.00|edge_zoom=0.929|bounds
1212,1556.6,317.7,yolo,0.49,1428.2,584.5,1099.4,0.0,657.5,1168.9,1,175.6,0,0,accel_zoom=0.920|shot_pb=1.00|flight_commit=1.00|edge_zoom=0.932|bounds
1213,1534.1,327.3,yolo,0.53,1410.9,584.5,1082.2,0.0,657.5,1168.9,1,180.8,0,1,accel_zoom=0.920|shot_pb=1.00|flight_commit=1.00|keepin_prop=0.02|keepin_zoom=1.350|edge_zoom=0.918|bounds
1214,1514.0,333.8,yolo,0.49,1394.1,584.5,1065.4,0.0,657.5,1168.9,1,184.1,0,0,shot_pb=1.00|flight_commit=1.00|edge_zoom=0.933|bounds
1215,1495.8,338.0,yolo,0.47,1378.0,584.5,1049.2,0.0,657.5,1168.9,1,186.2,0,1,shot_pb=1.00|flight_commit=1.00|keepin_prop=0.03|keepin_zoom=1.350|edge_zoom=0.921|bounds
1216,1479.1,341.7,interp,0.38,1362.7,584.5,1034.0,0.0,657.5,1168.9,1,187.6,0,0,shot_pb=1.00|flight_commit=1.00|edge_zoom=0.933|bounds
1217,1463.4,344.5,interp,0.38,1348.4,584.5,1019.6,0.0,657.5,1168.9,1,189.0,0,1,shot_pb=1.00|flight_commit=1.00|keepin_prop=0.05|keepin_zoom=1.350|edge_zoom=0.921|bounds
1218,1448.5,346.5,interp,0.38,1335.1,584.4,1006.4,0.0,657.5,1168.9,1,190.6,0,0,shot_pb=1.00|flight_commit=1.00|edge_zoom=0.932|bounds
1219,1434.5,348.0,interp,0.38,1322.9,584.4,994.2,0.0,657.5,1168.8,1,192.4,0,1,shot_pb=1.00|flight_commit=1.00|keepin_prop=0.07|keepin_zoom=1.350|edge_zoom=0.921|bounds
1220,1421.0,349.0,interp,0.38,1311.8,584.3,983.2,0.0,657.4,1168.7,1,194.8,0,1,shot_pb=1.00|flight_commit=1.00|keepin_prop=0.00|keepin_zoom=1.350|edge_zoom=0.928|bounds
1221,1408.2,349.7,interp,0.38,1301.9,584.2,973.3,0.0,657.3,1168.5,1,197.7,0,0,shot_pb=1.00|flight_commit=1.00|edge_zoom=0.930|bounds
1222,1396.0,350.1,interp,0.38,1293.1,584.1,964.6,0.0,657.1,1168.2,1,201.1,0,1,shot_pb=1.00|flight_commit=1.00|keepin_prop=0.03|keepin_zoom=1.350|edge_zoom=0.925|bounds
1223,1384.4,350.4,interp,0.38,1285.6,583.9,957.2,0.0,656.8,1167.7,1,205.2,0,0,shot_pb=1.00|flight_commit=1.00|edge_zoom=0.929|bounds
1224,1373.3,350.5,interp,0.38,1279.3,583.5,951.1,0.0,656.5,1167.1,1,210.0,0,1,shot_pb=1.00|flight_commit=1.00|keepin_prop=0.08|keepin_zoom=1.350|edge_zoom=0.921|bounds
1225,1363.0,350.7,interp,0.38,1274.4,583.1,946.4,0.0,656.0,1166.2,1,215.4,0,1,shot_pb=1.00|flight_commit=1.00|keepin_prop=0.00|keepin_zoom=1.350|edge_zoom=0.929|bounds
1226,1353.5,350.8,interp,0.38,1271.0,582.6,943.3,0.0,655.4,1165.1,1,221.5,0,0,shot_pb=1.00|flight_commit=1.00|edge_zoom=0.929|bounds
1227,1344.9,351.0,yolo,0.41,1269.2,581.9,941.9,0.0,654.6,1163.7,1,228.3,0,1,shot_pb=1.00|flight_commit=1.00|keepin_prop=0.05|keepin_zoom=1.350|edge_zoom=0.924|bounds
1228,1338.0,351.4,interp,0.38,1269.1,581.1,942.2,0.0,653.7,1162.1,1,235.1,0,1,shot_pb=1.00|flight_commit=1.00|keepin_prop=0.00|keepin_zoom=1.350|edge_zoom=0.929|bounds
1229,1332.3,352.0,interp,0.38,1270.8,580.1,944.4,0.0,652.7,1160.3,1,242.5,0,0,shot_pb=1.00|flight_commit=1.00|edge_zoom=0.933|bounds
1230,1327.6,352.8,interp,0.38,1274.3,579.2,948.5,0.0,651.5,1158.3,1,250.7,0,1,shot_pb=1.00|flight_commit=1.00|keepin_prop=0.04|keepin_zoom=1.350|edge_zoom=0.926|bounds
1231,1324.0,353.8,interp,0.38,1279.6,578.1,954.4,0.0,650.4,1156.3,1,259.6,0,0,shot_pb=1.00|flight_commit=1.00|edge_zoom=0.939|bounds
1232,1321.7,355.2,interp,0.38,1286.7,577.2,962.0,0.0,649.3,1154.3,1,269.0,0,1,shot_pb=1.00|flight_commit=1.00|keepin_prop=0.04|keepin_zoom=1.350|edge_zoom=0.926|bounds
1233,1320.8,357.0,interp,0.38,1295.3,576.3,971.2,0.0,648.3,1152.5,1,278.5,0,0,shot_pb=1.00|flight_commit=1.00|edge_zoom=0.976|bounds
1234,1321.5,359.4,interp,0.38,1305.4,575.5,981.6,0.0,647.5,1151.0,1,287.9,0,0,shot_pb=1.00|flight_commit=1.00|edge_zoom=0.963|bounds
1235,1324.3,362.4,yolo,0.41,1316.5,574.9,993.1,0.0,646.8,1149.9,1,296.2,0,0,shot_pb=1.00|flight_commit=1.00|edge_zoom=0.958|bounds
1236,1331.3,366.6,interp,0.38,1328.5,574.6,1005.3,0.0,646.4,1149.1,1,301.2,0,0,shot_pb=1.00|flight_commit=1.00|edge_zoom=0.953|bounds
1237,1340.5,371.7,interp,0.38,1340.9,574.4,1017.8,0.0,646.2,1148.8,1,303.6,0,0,shot_pb=1.00|flight_commit=1.00|edge_zoom=0.953|bounds
1238,1351.6,377.6,yolo,0.49,1353.5,574.4,1030.4,0.0,646.2,1148.9,1,302.1,0,1,shot_pb=1.00|flight_commit=1.00|keepin_prop=0.04|keepin_zoom=1.350|edge_zoom=0.936|bounds
1239,1367.5,386.4,yolo,0.51,1365.9,574.7,1042.7,0.0,646.5,1149.3,1,302.4,0,0,shot_pb=1.00|flight_commit=1.00|edge_zoom=0.959|bounds
1240,1383.3,395.6,yolo,0.44,1378.0,575.0,1054.5,0.0,646.9,1150.1,1,298.7,0,1,shot_pb=1.00|flight_commit=1.00|keepin_prop=0.02|keepin_zoom=1.350|edge_zoom=0.945|bounds
1241,1398.2,403.5,yolo,0.44,1389.5,575.5,1065.7,0.0,647.5,1151.1,1,295.3,0,0,shot_pb=1.00|flight_commit=1.00|edge_zoom=0.965|bounds
1242,1411.5,409.1,yolo,0.43,1400.2,576.2,1076.1,0.0,648.2,1152.3,1,292.7,0,1,shot_pb=1.00|flight_commit=1.00|keepin_prop=0.03|keepin_zoom=1.350|edge_zoom=0.949|bounds
1243,1423.0,412.4,yolo,0.51,1410.2,576.9,1085.7,0.0,649.0,1153.7,1,291.2,0,0,shot_pb=1.00|flight_commit=1.00|edge_zoom=0.962|bounds
1244,1432.6,413.8,yolo,0.56,1419.3,577.6,1094.4,0.0,649.8,1155.2,1,290.7,0,1,shot_pb=1.00|flight_commit=1.00|person_ctx=4|keepin_prop=0.06|keepin_zoom=1.350|edge_zoom=0.949|bounds
1245,1440.4,413.9,yolo,0.52,1427.5,578.4,1102.1,0.0,650.7,1156.7,1,291.1,0,1,shot_pb=1.00|flight_commit=1.00|keepin_prop=0.00|keepin_zoom=1.350|edge_zoom=0.953|bounds
1246,1446.5,413.2,yolo,0.53,1434.8,579.1,1109.0,0.0,651.5,1158.2,1,292.3,0,0,shot_pb=1.00|flight_commit=1.00|edge_zoom=0.948|bounds
1247,1449.3,413.1,interp,0.38,1441.2,579.9,1115.1,0.0,652.3,1159.7,1,295.9,0,1,shot_pb=1.00|flight_commit=1.00|keepin_prop=0.08|keepin_zoom=1.350|edge_zoom=0.947|bounds
1248,1451.5,412.6,interp,0.38,1446.8,580.5,1120.2,0.0,653.1,1161.1,1,299.3,0,1,shot_pb=1.00|flight_commit=1.00|person_ctx=4|keepin_prop=0.00|keepin_zoom=1.350|edge_zoom=0.952|bounds
1249,1453.6,411.4,interp,0.38,1451.4,581.1,1124.5,0.0,653.8,1162.3,1,301.8,0,0,shot_pb=1.00|flight_commit=1.00|edge_zoom=0.936|bounds
1250,1456.6,409.3,interp,0.38,1455.0,581.7,1127.8,0.0,654.4,1163.3,1,302.4,0,1,shot_pb=1.00|flight_commit=1.00|keepin_prop=0.02|keepin_zoom=1.350|edge_zoom=0.950|bounds
1251,1461.0,406.2,interp,0.38,1457.6,582.0,1130.2,0.0,654.8,1164.1,1,300.6,0,0,shot_pb=1.00|flight_commit=1.00|person_ctx=4|edge_zoom=0.930|bounds
1252,1478.0,396.7,interp,0.38,1458.9,582.3,1131.3,0.0,655.1,1164.6,1,284.9,0,1,shot_pb=1.00|flight_commit=1.00|keepin_prop=0.02|keepin_zoom=1.350|edge_zoom=0.945|bounds
1253,1485.0,392.2,interp,0.38,1458.9,582.4,1131.3,0.0,655.1,1164.7,1,277.9,0,0,shot_pb=1.00|flight_commit=1.00|edge_zoom=0.926|bounds
1254,1490.7,388.3,interp,0.38,1457.4,582.3,1129.9,0.0,655.0,1164.5,1,270.7,0,1,shot_pb=1.00|flight_commit=1.00|keepin_prop=0.03|keepin_zoom=1.350|edge_zoom=0.941|bounds
1255,1495.3,384.9,interp,0.38,1454.4,582.0,1127.0,0.0,654.7,1163.9,1,263.1,0,0,shot_pb=1.00|flight_commit=1.00|edge_zoom=0.922|bounds
1256,1498.9,382.1,interp,0.38,1449.7,581.5,1122.7,0.0,654.2,1162.9,1,254.8,0,1,shot_pb=1.00|flight_commit=1.00|keepin_prop=0.03|keepin_zoom=1.350|edge_zoom=0.938|bounds
1257,1501.5,379.9,interp,0.38,1443.5,580.8,1116.8,0.0,653.4,1161.6,1,246.0,0,0,shot_pb=1.00|flight_commit=1.00|edge_zoom=0.918|bounds
1258,1503.3,378.2,interp,0.38,1435.8,579.9,1109.6,0.0,652.4,1159.8,1,236.5,0,1,shot_pb=1.00|flight_commit=1.00|keepin_prop=0.03|keepin_zoom=1.350|edge_zoom=0.937|bounds
1259,1504.1,377.2,interp,0.38,1426.6,578.9,1101.0,0.0,651.2,1157.7,1,226.5,0,0,shot_pb=1.00|flight_commit=1.00|edge_zoom=0.912|bounds
1260,1503.9,376.9,interp,0.38,1416.2,577.7,1091.3,0.0,649.9,1155.3,1,216.3,0,0,shot_pb=1.00|flight_commit=1.00|edge_zoom=0.908|bounds
1261,1502.7,377.3,interp,0.38,1404.9,576.3,1080.7,0.0,648.4,1152.6,1,206.2,0,0,shot_pb=1.00|flight_commit=1.00|edge_zoom=0.950|bounds
1262,1500.2,378.5,interp,0.38,1392.7,574.9,1069.4,0.0,646.7,1149.7,1,196.5,0,0,shot_pb=1.00|flight_commit=1.00|edge_zoom=0.955|bounds
1263,1496.4,380.8,interp,0.38,1380.2,573.3,1057.7,0.0,645.0,1146.6,1,187.8,0,1,shot_pb=1.00|flight_commit=1.00|keepin_prop=0.01|keepin_zoom=1.350|edge_zoom=0.939|bounds
1264,1490.9,384.2,interp,0.38,1367.4,571.6,1045.8,0.0,643.1,1143.3,1,180.5,0,0,shot_pb=1.00|flight_commit=1.00|edge_zoom=0.960|bounds
1265,1483.5,389.0,interp,0.38,1354.7,570.0,1034.1,0.0,641.2,1139.9,1,175.2,0,1,shot_pb=1.00|flight_commit=1.00|keepin_prop=0.03|keepin_zoom=1.350|edge_zoom=0.941|bounds
1266,1473.6,395.6,interp,0.38,1342.2,568.3,1022.5,0.0,639.3,1136.6,1,172.6,0,0,shot_pb=1.00|flight_commit=1.00|edge_zoom=0.965|bounds
1267,1460.9,404.2,interp,0.38,1330.1,566.6,1011.4,0.0,637.5,1133.3,1,173.2,0,1,shot_pb=1.00|flight_commit=1.00|keepin_prop=0.02|keepin_zoom=1.350|edge_zoom=0.948|bounds
1268,1444.5,415.4,interp,0.38,1318.6,565.1,1000.7,0.0,635.8,1130.3,1,178.1,0,0,shot_pb=1.00|flight_commit=1.00|edge_zoom=0.973|bounds
1269,1423.7,429.8,interp,0.38,1307.7,563.8,990.6,0.0,634.3,1127.7,1,188.0,0,1,shot_pb=1.00|flight_commit=1.00|keepin_prop=0.00|keepin_zoom=1.350|edge_zoom=0.959|bounds
1270,1353.1,465.1,blended,0.76,1297.5,562.8,980.9,0.0,633.1,1125.6,1,248.4,0,0,shot_pb=1.00|flight_commit=1.00|edge_zoom=0.988|bounds
1271,1351.1,477.0,yolo,0.38,1287.9,562.1,971.8,0.0,632.4,1124.2,1,240.8,0,0,shot_pb=1.00|flight_commit=1.00|bounds
1272,1355.4,500.9,yolo,0.35,1279.0,561.7,963.1,0.0,631.9,1123.5,1,227.6,0,0,shot_pb=1.00|flight_commit=1.00|edge_zoom=0.984|bounds
1273,1357.2,516.6,yolo,0.35,1270.8,561.7,954.8,0.0,632.0,1123.5,1,217.6,0,0,shot_pb=1.00|flight_commit=1.00|edge_zoom=0.986|bounds
1274,1351.6,521.3,interp,0.38,1263.2,562.1,947.0,0.0,632.4,1124.2,1,215.6,0,0,shot_pb=1.00|flight_commit=1.00|edge_zoom=0.984|bounds
1275,1345.6,522.7,yolo,0.43,1256.1,562.7,939.6,0.0,633.1,1125.5,1,214.5,0,1,shot_pb=1.00|flight_commit=1.00|keepin_prop=0.00|keepin_zoom=1.350|edge_zoom=0.995|bounds
1276,1339.1,521.6,yolo,0.46,1249.6,563.6,932.6,0.0,634.0,1127.1,1,214.5,0,0,shot_pb=1.00|flight_commit=1.00|edge_zoom=0.989|bounds
1277,1333.6,521.4,yolo,0.49,1243.6,564.5,926.1,0.0,635.1,1129.1,1,214.0,0,1,shot_pb=1.00|flight_commit=1.00|keepin_prop=0.08|keepin_zoom=1.350|edge_zoom=0.994|bounds
1278,1328.9,521.9,yolo,0.56,1238.1,565.5,920.0,0.0,636.2,1131.0,1,213.2,0,1,shot_pb=1.00|flight_commit=1.00|keepin_prop=0.00|keepin_zoom=1.350|edge_zoom=0.994|bounds
1279,1324.9,522.7,yolo,0.48,1233.0,566.4,914.4,0.0,637.3,1132.9,1,212.1,0,0,shot_pb=1.00|flight_commit=1.00|edge_zoom=0.998|bounds
1280,1321.1,523.7,yolo,0.54,1228.4,567.3,909.3,0.0,638.2,1134.6,1,211.3,0,1,shot_pb=1.00|flight_commit=1.00|keepin_prop=0.07|keepin_zoom=1.350|edge_zoom=0.995|bounds
1281,1317.5,524.9,yolo,0.61,1224.2,568.0,904.7,0.0,639.0,1136.0,1,210.7,0,1,shot_pb=1.00|flight_commit=1.00|keepin_prop=0.00|keepin_zoom=1.350|edge_zoom=0.996|bounds
1282,1314.2,526.1,yolo,0.56,1220.4,568.6,900.5,0.0,639.7,1137.3,1,210.2,0,0,shot_pb=1.00|flight_commit=1.00|edge_zoom=0.992|bounds
1283,1311.2,527.5,yolo,0.64,1217.0,569.1,896.8,0.0,640.2,1138.2,1,209.8,0,1,shot_pb=1.00|flight_commit=1.00|keepin_prop=0.05|keepin_zoom=1.350|edge_zoom=0.996|bounds
1284,1308.4,529.1,yolo,0.55,1213.9,569.5,893.6,0.0,640.7,1139.0,1,209.5,0,1,shot_pb=1.00|flight_commit=1.00|keepin_prop=0.00|keepin_zoom=1.350|edge_zoom=0.997|bounds
1285,1305.6,530.7,yolo,0.55,1211.4,569.7,890.9,0.0,641.0,1139.5,1,209.8,0,0,shot_pb=1.00|flight_commit=1.00|edge_zoom=0.985|bounds
1286,1302.9,532.2,yolo,0.54,1209.3,569.9,888.7,0.0,641.2,1139.9,1,210.4,0,1,shot_pb=1.00|flight_commit=1.00|keepin_prop=0.03|keepin_zoom=1.350|edge_zoom=0.998|bounds
1287,1300.5,533.5,yolo,0.59,1207.7,570.1,887.1,0.0,641.3,1140.1,1,211.2,0,0,shot_pb=1.00|flight_commit=1.00|edge_zoom=0.985|bounds
1288,1298.2,534.7,yolo,0.59,1206.8,570.1,886.1,0.0,641.4,1140.3,1,212.6,0,1,shot_pb=1.00|flight_commit=1.00|keepin_prop=0.08|keepin_zoom=1.350|bounds
1289,1296.0,535.8,yolo,0.57,1206.6,570.1,885.9,0.0,641.4,1140.3,1,214.6,0,1,shot_pb=1.00|flight_commit=1.00|keepin_prop=0.00|keepin_zoom=1.350|bounds
1290,1294.0,536.9,interp,0.38,1207.1,570.0,886.5,0.0,641.3,1140.1,1,217.1,0,0,shot_pb=1.00|flight_commit=1.00|edge_zoom=0.984|bounds
1291,1292.1,537.9,yolo,0.53,1208.5,569.8,888.0,0.0,641.0,1139.6,1,220.4,0,1,shot_pb=1.00|flight_commit=1.00|keepin_prop=0.05|keepin_zoom=1.350|bounds
1292,1289.8,538.9,yolo,0.51,1211.0,569.5,890.6,0.0,640.7,1139.0,1,225.2,0,1,shot_pb=1.00|flight_commit=1.00|keepin_prop=0.00|keepin_zoom=1.350|bounds
1293,1287.6,539.7,interp,0.38,1214.4,569.1,894.3,0.0,640.3,1138.3,1,230.8,0,0,shot_pb=1.00|flight_commit=1.00|edge_zoom=0.987|bounds
1294,1285.4,540.5,interp,0.38,1219.0,568.7,899.0,0.0,639.8,1137.5,1,237.6,0,1,shot_pb=1.00|flight_commit=1.00|keepin_prop=0.07|keepin_zoom=1.350|edge_zoom=0.998|bounds
1295,1283.6,541.2,yolo,0.49,1224.6,568.4,904.9,0.0,639.4,1136.7,1,245.0,0,1,shot_pb=1.00|flight_commit=1.00|keepin_prop=0.00|keepin_zoom=1.350|edge_zoom=0.998|bounds
1296,1282.1,541.9,interp,0.38,1231.3,568.0,911.7,0.0,639.0,1136.1,1,253.2,0,0,shot_pb=1.00|flight_commit=1.00|edge_zoom=0.984|bounds
1297,1281.1,542.5,interp,0.38,1238.9,567.8,919.5,0.0,638.8,1135.6,1,261.8,0,1,shot_pb=1.00|flight_commit=1.00|keepin_prop=0.04|keepin_zoom=1.350|edge_zoom=0.998|bounds
1298,1280.6,543.2,yolo,0.42,1247.2,567.8,927.8,0.0,638.7,1135.6,1,270.6,0,0,shot_pb=1.00|flight_commit=1.00|edge_zoom=0.977|bounds
1299,1280.8,543.8,yolo,0.46,1256.0,567.9,936.6,0.0,638.9,1135.8,1,279.2,0,0,shot_pb=1.00|flight_commit=1.00|edge_zoom=0.965|bounds
1300,1282.3,544.5,yolo,0.46,1265.1,568.2,945.5,0.0,639.2,1136.4,1,286.8,0,0,shot_pb=1.00|flight_commit=1.00|edge_zoom=0.983|bounds
1301,1284.7,545.2,interp,0.38,1274.1,568.7,954.2,0.0,639.8,1137.4,1,293.4,0,0,shot_pb=1.00|flight_commit=1.00|edge_zoom=0.988|bounds
1302,1287.6,545.8,yolo,0.42,1282.7,569.3,962.5,0.0,640.4,1138.6,1,299.1,0,1,shot_pb=1.00|flight_commit=1.00|keepin_prop=0.04|keepin_zoom=1.350|edge_zoom=0.996|bounds
1303,1291.2,546.3,interp,0.38,1290.6,569.9,970.0,0.0,641.1,1139.8,1,303.4,0,0,shot_pb=1.00|flight_commit=1.00|person_ctx=3|edge_zoom=0.991|bounds
1304,1295.1,546.8,yolo,0.40,1297.5,570.4,976.7,0.0,641.7,1140.8,1,301.6,0,1,shot_pb=1.00|flight_commit=1.00|keepin_prop=0.13|keepin_zoom=1.350|edge_zoom=0.995|bounds
1305,1299.7,547.1,yolo,0.41,1303.1,570.7,982.1,0.0,642.0,1141.4,1,300.6,0,1,shot_pb=1.00|flight_commit=1.00|keepin_prop=0.01|keepin_zoom=1.350|edge_zoom=0.996|bounds
1306,1304.1,547.3,yolo,0.44,1307.2,570.8,986.1,0.0,642.1,1141.6,1,300.9,0,0,shot_pb=1.00|flight_commit=1.00|edge_zoom=0.994|bounds
1307,1308.0,547.4,yolo,0.51,1309.7,570.5,988.7,0.0,641.9,1141.1,1,302.3,0,1,shot_pb=1.00|flight_commit=1.00|keepin_prop=0.10|keepin_zoom=1.350|edge_zoom=0.995|bounds
1308,1311.5,547.4,yolo,0.52,1310.4,570.0,989.8,0.0,641.3,1140.0,1,302.9,0,1,shot_pb=1.00|flight_commit=1.00|keepin_prop=0.01|keepin_zoom=1.350|edge_zoom=0.996|bounds
1309,1314.5,547.2,yolo,0.48,1309.4,569.2,989.2,0.0,640.4,1138.5,1,298.9,0,0,shot_pb=1.00|flight_commit=1.00|person_ctx=4|edge_zoom=0.998|bounds
1310,1316.8,547.0,yolo,0.51,1306.7,568.3,987.1,0.0,639.3,1136.5,1,293.9,0,1,shot_pb=1.00|flight_commit=1.00|person_ctx=3|keepin_prop=0.08|keepin_zoom=1.350|edge_zoom=0.995|bounds
1311,1318.5,546.7,yolo,0.45,1302.5,567.2,983.4,0.0,638.1,1134.5,1,288.0,0,1,shot_pb=1.00|flight_commit=1.00|keepin_prop=0.01|keepin_zoom=1.350|edge_zoom=0.996|bounds
1312,1319.4,546.4,yolo,0.55,1296.8,566.3,978.3,0.0,637.1,1132.6,1,281.4,0,0,shot_pb=1.00|flight_commit=1.00|edge_zoom=0.993|bounds
1313,1319.6,546.0,yolo,0.59,1290.0,565.5,971.9,0.0,636.2,1130.9,1,274.4,0,0,shot_pb=1.00|flight_commit=1.00|edge_zoom=0.994|bounds
1314,1319.1,545.6,yolo,0.66,1282.3,564.9,964.5,0.0,635.6,1129.9,1,267.2,0,0,shot_pb=1.00|flight_commit=1.00|edge_zoom=0.979|bounds
1315,1318.1,545.0,yolo,0.66,1274.0,564.7,956.4,0.0,635.3,1129.4,1,259.9,0,0,shot_pb=1.00|flight_commit=1.00|edge_zoom=0.986|bounds
1316,1316.5,544.2,yolo,0.69,1265.4,564.8,947.7,0.0,635.4,1129.5,1,252.9,0,0,shot_pb=1.00|flight_commit=1.00|edge_zoom=0.989|bounds
1317,1314.4,543.5,yolo,0.66,1256.8,565.1,938.9,0.0,635.8,1130.3,1,246.4,0,1,shot_pb=1.00|flight_commit=1.00|keepin_prop=0.04|keepin_zoom=1.350|edge_zoom=0.997|bounds
1318,1312.0,542.6,yolo,0.65,1248.3,565.7,930.1,0.0,636.4,1131.4,1,240.3,0,1,shot_pb=1.00|flight_commit=1.00|keepin_prop=0.00|keepin_zoom=1.350|edge_zoom=0.998|bounds
1319,1309.4,541.8,yolo,0.54,1240.3,566.4,921.8,0.0,637.2,1132.7,1,234.9,0,0,shot_pb=1.00|flight_commit=1.00|edge_zoom=0.991|bounds
1320,1306.6,540.8,yolo,0.54,1232.9,567.1,913.9,0.0,638.0,1134.2,1,230.3,0,1,shot_pb=1.00|flight_commit=1.00|keepin_prop=0.06|keepin_zoom=1.350|edge_zoom=0.998|bounds
1321,1303.7,539.9,yolo,0.57,1226.1,567.9,906.7,0.0,638.9,1135.7,1,226.4,0,1,shot_pb=1.00|flight_commit=1.00|keepin_prop=0.00|keepin_zoom=1.350|edge_zoom=0.999|bounds
1322,1301.1,539.1,yolo,0.51,1220.1,568.6,900.2,0.0,639.6,1137.1,1,223.0,0,0,shot_pb=1.00|flight_commit=1.00|edge_zoom=0.991|bounds
1323,1299.2,538.6,hold,0.25,1214.7,569.1,894.6,0.0,640.3,1138.2,1,219.5,0,1,shot_pb=1.00|flight_commit=1.00|keepin_prop=0.08|keepin_zoom=1.350|bounds
1324,1297.6,538.1,hold,0.25,1210.0,569.6,889.6,0.0,640.8,1139.2,1,216.4,0,1,shot_pb=1.00|flight_commit=1.00|keepin_prop=0.00|keepin_zoom=1.350|bounds
1325,1296.0,537.6,hold,0.25,1205.8,569.9,885.2,0.0,641.2,1139.8,1,213.8,0,0,shot_pb=1.00|flight_commit=1.00|edge_zoom=0.991|bounds
1326,1294.5,537.2,hold,0.25,1202.1,570.2,881.4,0.0,641.4,1140.3,1,211.6,0,1,shot_pb=1.00|flight_commit=1.00|keepin_prop=0.09|keepin_zoom=1.350|bounds
1327,1292.9,536.8,hold,0.25,1198.8,570.4,878.0,0.0,641.6,1140.7,1,209.9,0,1,shot_pb=1.00|flight_commit=1.00|keepin_prop=0.01|keepin_zoom=1.350|bounds
1328,1291.1,536.3,hold,0.25,1195.8,570.5,874.9,0.0,641.8,1140.9,1,208.7,0,0,shot_pb=1.00|flight_commit=1.00|edge_zoom=0.991|bounds
1329,1289.2,535.8,hold,0.25,1192.9,570.5,872.0,0.0,641.9,1141.1,1,207.7,0,1,shot_pb=1.00|flight_commit=1.00|keepin_prop=0.09|keepin_zoom=1.350|bounds
1330,1286.9,535.3,hold,0.25,1190.2,570.6,869.3,0.0,641.9,1141.2,1,207.3,0,1,shot_pb=1.00|flight_commit=1.00|keepin_prop=0.01|keepin_zoom=1.350|bounds
1331,1284.3,534.6,hold,0.25,1187.5,570.6,866.6,0.0,641.9,1141.2,1,207.2,0,0,shot_pb=1.00|flight_commit=1.00|edge_zoom=0.991|bounds
1332,1281.0,533.9,hold,0.25,1184.8,570.6,863.9,0.0,641.9,1141.1,1,207.8,0,1,shot_pb=1.00|flight_commit=1.00|keepin_prop=0.09|keepin_zoom=1.350|edge_zoom=0.999|bounds
1333,1277.0,532.9,hold,0.26,1182.0,570.5,861.1,0.0,641.8,1141.0,1,209.0,0,1,shot_pb=1.00|flight_commit=1.00|keepin_prop=0.01|keepin_zoom=1.350|edge_zoom=0.999|bounds
1334,1268.2,530.6,interp,0.32,1179.1,570.4,858.2,0.0,641.7,1140.9,1,214.9,0,0,shot_pb=1.00|flight_commit=1.00|edge_zoom=0.989|bounds
1335,1263.8,529.7,interp,0.32,1176.0,570.4,855.2,0.0,641.6,1140.7,1,216.2,0,1,shot_pb=1.00|flight_commit=1.00|keepin_prop=0.07|keepin_zoom=1.350|edge_zoom=0.997|bounds
1336,1259.8,529.0,interp,0.32,1172.7,570.2,851.9,0.0,641.5,1140.5,1,216.9,0,1,shot_pb=1.00|flight_commit=1.00|keepin_prop=0.00|keepin_zoom=1.350|edge_zoom=0.997|bounds
1337,1256.1,528.5,interp,0.32,1169.1,570.1,848.4,0.0,641.4,1140.2,1,217.0,0,0,shot_pb=1.00|flight_commit=1.00|edge_zoom=0.992|bounds
1338,1252.7,528.1,interp,0.32,1165.2,570.0,844.6,0.0,641.2,1140.0,1,216.5,0,1,shot_pb=1.00|flight_commit=1.00|keepin_prop=0.09|keepin_zoom=1.350|edge_zoom=0.996|bounds
1339,1249.3,528.0,interp,0.32,1160.9,569.8,840.3,0.0,641.1,1139.7,1,215.6,0,1,shot_pb=1.00|flight_commit=1.00|keepin_prop=0.01|keepin_zoom=1.350|edge_zoom=0.997|bounds
1340,1246.0,528.2,interp,0.32,1156.0,569.7,835.6,0.0,640.9,1139.3,1,214.0,0,0,shot_pb=1.00|flight_commit=1.00|edge_zoom=0.998|bounds
1341,1242.4,528.5,interp,0.32,1150.5,569.5,830.1,0.0,640.7,1139.1,1,212.1,0,1,shot_pb=1.00|flight_commit=1.00|keepin_prop=0.09|keepin_zoom=1.350|edge_zoom=0.997|bounds
1342,1238.6,529.1,interp,0.32,1144.1,569.4,823.9,0.0,640.6,1138.8,1,209.5,0,1,shot_pb=1.00|flight_commit=1.00|keepin_prop=0.01|keepin_zoom=1.350|edge_zoom=0.997|bounds
1343,1234.4,530.0,interp,0.32,1136.9,569.3,816.6,0.0,640.4,1138.6,1,206.5,0,0,shot_pb=1.00|flight_commit=1.00|edge_zoom=0.995|bounds
1344,1229.5,531.3,interp,0.32,1128.4,569.3,808.2,0.0,640.4,1138.5,1,202.9,0,1,shot_pb=1.00|flight_commit=1.00|keepin_prop=0.07|keepin_zoom=1.350|edge_zoom=0.998|bounds
1345,1223.8,533.0,interp,0.32,1118.6,569.3,798.3,0.0,640.5,1138.7,1,198.8,0,1,shot_pb=1.00|flight_commit=1.00|keepin_prop=0.00|keepin_zoom=1.350|edge_zoom=0.999|bounds
1346,1217.0,535.2,interp,0.32,1107.1,569.5,786.8,0.0,640.7,1139.0,1,194.1,0,0,shot_pb=1.00|flight_commit=1.00|edge_zoom=0.990|bounds
1347,1208.9,538.1,interp,0.32,1093.9,569.9,773.3,0.0,641.1,1139.8,1,189.0,0,1,shot_pb=1.00|flight_commit=1.00|keepin_prop=0.04|keepin_zoom=1.350|bounds
1348,1198.9,541.8,interp,0.32,1078.6,570.4,757.7,0.0,641.7,1140.9,1,183.7,0,0,shot_pb=1.00|flight_commit=1.00|edge_zoom=0.986|bounds
1349,1186.7,546.5,interp,0.32,1061.1,571.2,739.8,0.0,642.6,1142.4,1,178.4,0,1,shot_pb=1.00|flight_commit=1.00|keepin_prop=0.06|keepin_zoom=1.350|edge_zoom=0.996|bounds
1350,1171.6,552.3,interp,0.32,1041.2,572.1,719.3,0.0,643.7,1144.3,1,173.6,0,0,shot_pb=1.00|flight_commit=1.00|edge_zoom=0.982|bounds
1351,1152.9,559.7,interp,0.32,1018.7,573.3,696.3,0.0,644.9,1146.5,1,169.8,0,1,shot_pb=1.00|flight_commit=1.00|keepin_prop=0.04|keepin_zoom=1.350|edge_zoom=0.991|bounds
1352,1129.6,569.0,interp,0.32,993.8,574.5,670.6,0.0,646.3,1149.0,1,168.2,0,0,shot_pb=1.00|flight_commit=1.00|edge_zoom=0.975|bounds
1353,1100.7,580.7,interp,0.32,966.4,575.9,642.5,0.0,647.9,1151.7,1,169.7,0,1,accel_zoom=0.942|shot_pb=1.00|flight_commit=1.00|keepin_prop=0.00|keepin_zoom=1.350|edge_zoom=0.983|bounds
1354,1064.7,595.3,interp,0.32,936.7,577.2,612.0,0.0,649.4,1154.4,1,176.0,0,0,accel_zoom=0.919|shot_pb=1.00|flight_commit=1.00|edge_zoom=0.965|bounds
1355,1019.8,613.6,interp,0.32,904.9,578.5,579.5,0.0,650.8,1157.1,1,189.1,0,0,accel_zoom=0.889|shot_pb=1.00|flight_commit=1.00|edge_zoom=0.958|bounds
1356,963.8,636.5,interp,0.32,871.4,579.8,545.3,0.0,652.2,1159.5,1,211.6,0,0,accel_zoom=0.852|shot_pb=1.00|flight_commit=1.00|flight_boost=1.00|edge_zoom=0.949|bounds
1357,893.9,665.1,interp,0.32,836.6,580.8,509.9,0.0,653.5,1161.7,1,246.7,0,0,accel_zoom=0.806|shot_pb=1.00|flight_commit=1.00|flight_boost=1.15|edge_zoom=0.938|bounds
1358,806.5,700.9,interp,0.32,800.9,581.8,473.7,0.0,654.5,1163.5,1,298.4,0,0,accel_zoom=0.780|shot_pb=1.00|flight_commit=1.00|flight_boost=1.34|edge_zoom=0.924|bounds
1359,587.7,791.4,centroid,0.30,764.8,582.5,437.1,0.0,655.4,1165.1,1,126.9,0,0,accel_zoom=0.780|shot_pb=1.00|flight_commit=1.00|pb_zfit|flight_boost=1.89|edge_zoom=0.889|bounds
1360,500.9,826.7,centroid,0.30,728.7,583.1,400.7,0.0,656.0,1166.2,1,76.2,0,0,accel_zoom=0.780|shot_pb=1.00|flight_commit=1.00|pb_zfit|flight_boost=2.00|edge_zoom=0.876|bounds
1361,431.8,854.5,centroid,0.30,693.1,583.6,364.8,0.0,656.5,1167.1,1,42.7,0,1,accel_zoom=0.780|shot_pb=1.00|flight_commit=1.00|pb_zfit|keepin_prop=0.01|keepin_zoom=1.350|flight_boost=2.00|edge_zoom=0.877|bounds
1362,376.9,876.1,centroid,0.30,658.5,583.9,330.1,0.0,656.9,1167.8,1,22.4,0,1,accel_zoom=0.780|shot_pb=1.00|flight_commit=1.00|pb_zfit|keepin_prop=0.02|keepin_zoom=1.350|flight_boost=2.00|edge_zoom=0.866|bounds
1363,333.3,892.9,centroid,0.30,616.9,584.1,288.3,0.0,657.1,1168.2,1,20.4,0,1,accel_zoom=0.780|shot_pb=1.00|flight_commit=1.00|pb_zfit|keepin_prop=0.04|keepin_zoom=1.350|flight_boost=2.00|edge_zoom=0.855|bounds
1364,298.7,905.7,centroid,0.30,582.3,584.3,253.7,0.0,657.3,1168.5,1,20.4,0,1,accel_zoom=0.780|shot_pb=1.00|flight_commit=1.00|pb_zfit|keepin_prop=0.07|keepin_zoom=1.350|flight_boost=1.87|edge_zoom=0.845|bounds
1365,271.1,915.5,centroid,0.30,554.8,584.4,226.1,0.0,657.4,1168.7,1,20.3,1,1,shot_pb=1.00|flight_commit=1.00|pb_zfit|keepin_prop=0.08|keepin_zoom=1.350|flight_boost=1.32|speed|edge_zoom=0.872|bounds
1366,249.2,922.9,centroid,0.30,532.9,584.4,204.2,0.0,657.5,1168.8,1,20.3,1,1,shot_pb=1.00|flight_commit=1.00|pb_zfit|keepin_prop=0.10|keepin_zoom=1.350|flight_boost=1.13|speed|edge_zoom=0.868|bounds
1367,231.6,928.5,centroid,0.30,515.4,584.4,186.6,0.0,657.5,1168.9,1,20.2,1,1,shot_pb=1.00|flight_commit=1.00|pb_zfit|keepin_prop=0.12|keepin_zoom=1.350|speed|edge_zoom=0.863|bounds
1368,217.6,932.6,centroid,0.30,501.3,584.5,172.6,0.0,657.5,1168.9,1,20.3,1,1,shot_pb=1.00|flight_commit=1.00|pb_zfit|keepin_prop=0.13|keepin_zoom=1.350|speed|edge_zoom=0.859|bounds
1369,206.3,935.6,centroid,0.30,486.0,584.5,157.2,0.0,657.5,1168.9,1,24.3,1,1,shot_pb=1.00|flight_commit=1.00|pb_zfit|keepin_prop=0.14|keepin_zoom=1.350|speed|edge_zoom=0.856|bounds
1370,197.2,937.8,centroid,0.30,471.1,584.5,142.3,0.0,657.5,1168.9,1,30.1,1,1,shot_pb=1.00|flight_commit=1.00|pb_zfit|keepin_prop=0.15|keepin_zoom=1.350|speed|edge_zoom=0.853|bounds
1371,190.0,939.2,centroid,0.30,458.0,584.5,129.3,0.0,657.5,1168.9,1,36.0,1,1,shot_pb=1.00|flight_commit=1.00|pb_zfit|keepin_prop=0.15|keepin_zoom=1.350|speed|edge_zoom=0.851|bounds
1372,184.4,940.1,centroid,0.30,446.6,584.5,117.9,0.0,657.5,1168.9,1,41.8,1,1,shot_pb=1.00|flight_commit=1.00|pb_zfit|keepin_prop=0.16|keepin_zoom=1.350|speed|edge_zoom=0.849|bounds
1373,179.9,940.6,centroid,0.30,436.8,584.5,108.0,0.0,657.5,1168.9,1,47.1,1,1,shot_pb=1.00|flight_commit=1.00|pb_zfit|keepin_prop=0.16|keepin_zoom=1.350|speed|edge_zoom=0.847|bounds
1374,176.5,940.8,centroid,0.30,428.4,584.5,99.6,0.0,657.5,1168.9,1,52.1,1,1,shot_pb=1.00|flight_commit=1.00|pb_zfit|keepin_prop=0.17|keepin_zoom=1.350|speed|edge_zoom=0.845|bounds
1375,174.0,940.7,centroid,0.30,421.2,584.5,92.5,0.0,657.5,1168.9,1,56.8,1,1,shot_pb=1.00|flight_commit=1.00|pb_zfit|keepin_prop=0.18|keepin_zoom=1.350|speed|edge_zoom=0.842|bounds
1376,172.1,940.4,centroid,0.30,415.2,584.5,86.5,0.0,657.5,1168.9,1,60.9,1,1,shot_pb=1.00|flight_commit=1.00|pb_zfit|keepin_prop=0.19|keepin_zoom=1.350|speed|edge_zoom=0.839|bounds
1377,170.7,940.1,centroid,0.30,410.2,584.5,81.4,0.0,657.5,1168.9,1,64.5,1,1,shot_pb=1.00|flight_commit=1.00|pb_zfit|keepin_prop=0.19|keepin_zoom=1.350|speed|edge_zoom=0.837|bounds
1378,169.6,939.8,centroid,0.30,406.0,584.5,77.2,0.0,657.5,1168.9,1,67.6,1,1,shot_pb=1.00|flight_commit=1.00|pb_zfit|keepin_prop=0.20|keepin_zoom=1.350|speed|edge_zoom=0.836|bounds
1379,168.6,939.7,centroid,0.30,402.5,584.5,73.7,0.0,657.5,1168.9,1,70.1,1,1,shot_pb=1.00|flight_commit=1.00|pb_zfit|keepin_prop=0.18|keepin_zoom=1.350|speed|edge_zoom=0.840|bounds
1380,167.8,939.8,centroid,0.30,399.6,584.5,70.8,0.0,657.5,1168.9,1,72.2,1,1,shot_pb=1.00|flight_commit=1.00|pb_zfit|keepin_prop=0.16|keepin_zoom=1.350|speed|edge_zoom=0.848|bounds
1381,166.8,940.1,centroid,0.30,397.1,584.5,68.3,0.0,657.5,1168.9,1,73.7,1,1,shot_pb=1.00|flight_commit=1.00|pb_zfit|keepin_prop=0.14|keepin_zoom=1.350|speed|edge_zoom=0.855|bounds
1382,165.9,940.8,centroid,0.30,395.1,584.5,66.3,0.0,657.5,1168.9,1,74.8,1,1,shot_pb=1.00|flight_commit=1.00|pb_zfit|keepin_prop=0.13|keepin_zoom=1.350|speed|edge_zoom=0.860|bounds
1383,164.8,941.7,centroid,0.30,393.4,584.5,64.6,0.0,657.5,1168.9,1,75.4,1,1,shot_pb=1.00|flight_commit=1.00|pb_zfit|keepin_prop=0.12|keepin_zoom=1.350|speed|edge_zoom=0.862|bounds
1384,163.6,942.9,centroid,0.30,392.0,584.5,63.2,0.0,657.5,1168.9,1,75.6,1,1,shot_pb=1.00|flight_commit=1.00|pb_zfit|keepin_prop=0.12|keepin_zoom=1.350|speed|edge_zoom=0.862|bounds
1385,162.4,944.2,centroid,0.30,390.8,584.5,62.0,0.0,657.5,1168.9,1,75.6,1,1,shot_pb=1.00|flight_commit=1.00|pb_zfit|keepin_prop=0.12|keepin_zoom=1.350|speed|edge_zoom=0.862|bounds
1386,161.1,945.7,centroid,0.30,389.8,584.5,61.1,0.0,657.5,1168.9,1,75.3,1,1,shot_pb=1.00|flight_commit=1.00|pb_zfit|keepin_prop=0.12|keepin_zoom=1.350|speed|edge_zoom=0.861|bounds
1387,159.9,947.2,centroid,0.30,389.1,584.5,60.3,0.0,657.5,1168.9,1,74.8,1,1,shot_pb=1.00|flight_commit=1.00|pb_zfit|keepin_prop=0.12|keepin_zoom=1.350|speed|edge_zoom=0.861|bounds
1388,158.8,948.6,centroid,0.30,388.5,584.5,59.8,0.0,657.5,1168.9,1,74.3,1,1,shot_pb=1.00|flight_commit=1.00|pb_zfit|keepin_prop=0.13|keepin_zoom=1.350|speed|edge_zoom=0.860|bounds
1389,157.9,950.0,centroid,0.30,388.1,584.5,59.4,0.0,657.5,1168.9,1,73.8,1,1,shot_pb=1.00|flight_commit=1.00|pb_zfit|keepin_prop=0.13|keepin_zoom=1.350|speed|edge_zoom=0.859|bounds
