"powershell" "-NoProfile" "-ExecutionPolicy" "Bypass" "-File" "C:\Users\scott\soccer-video\tools\tsc_brand.ps1" "-In" "C:\Users\scott\soccer-video\out\upscaled\001__2025-09-20__TSC_vs_Greenwood__BUILD_UP_PLAY_SHOT__t18900.00-t20340.00__x2.mp4" "-Out" "C:\Users\scott\soccer-video\out\portrait_reels\clean\001__2025-09-20__TSC_vs_Greenwood__BUILD_UP_PLAY_SHOT__t18900.00-t20340.00_portrait_FINAL.mp4" "-Aspect" "9x16"
[WhatIf] not executed
"powershell" "-NoProfile" "-ExecutionPolicy" "Bypass" "-File" "C:\Users\scott\soccer-video\tools\tsc_brand.ps1" "-In" "C:\Users\scott\soccer-video\out\upscaled\001__2025-09-20__TSC_vs_RVFC__SHOT__t7320.00-t7860.00__x2.mp4" "-Out" "C:\Users\scott\soccer-video\out\portrait_reels\clean\001__2025-09-20__TSC_vs_RVFC__SHOT__t7320.00-t7860.00_portrait_FINAL.mp4" "-Aspect" "9x16"
[WhatIf] not executed
"powershell" "-NoProfile" "-ExecutionPolicy" "Bypass" "-File" "C:\Users\scott\soccer-video\tools\tsc_brand.ps1" "-In" "C:\Users\scott\soccer-video\out\upscaled\001__2025-10-04__TSC_vs_FC_Tulsa_Black__DRIBBLING__t23220.00-t24720.00__x2.mp4" "-Out" "C:\Users\scott\soccer-video\out\portrait_reels\clean\001__2025-10-04__TSC_vs_FC_Tulsa_Black__DRIBBLING__t23220.00-t24720.00_portrait_FINAL.mp4" "-Aspect" "9x16"
[WhatIf] not executed
"powershell" "-NoProfile" "-ExecutionPolicy" "Bypass" "-File" "C:\Users\scott\soccer-video\tools\tsc_brand.ps1" "-In" "C:\Users\scott\soccer-video\out\upscaled\001__SHOT__t155.50-t166.40__x2.mp4" "-Out" "C:\Users\scott\soccer-video\out\portrait_reels\clean\001__SHOT__t155.50-t166.40_portrait_FINAL.mp4" "-Aspect" "9x16"
[WhatIf] not executed
"powershell" "-NoProfile" "-ExecutionPolicy" "Bypass" "-File" "C:\Users\scott\soccer-video\tools\tsc_brand.ps1" "-In" "C:\Users\scott\soccer-video\out\atomic_clips\_quarantine\001__SHOT__t155.50-t166.40.__CINEMATIC.mp4" "-Out" "C:\Users\scott\soccer-video\out\portrait_reels\clean\001__SHOT__t155.50-t166.40.__CINEMATIC_portrait_FINAL.mp4" "-Aspect" "9x16"
[WhatIf] not executed
"powershell" "-NoProfile" "-ExecutionPolicy" "Bypass" "-File" "C:\Users\scott\soccer-video\tools\tsc_brand.ps1" "-In" "C:\Users\scott\soccer-video\out\atomic_clips\_quarantine\002__2025-09-20__TSC_vs_Greenwood__GOAL__t20400.00-t21180.00.mp4" "-Out" "C:\Users\scott\soccer-video\out\portrait_reels\clean\002__2025-09-20__TSC_vs_Greenwood__GOAL__t20400.00-t21180.00_portrait_FINAL.mp4" "-Aspect" "9x16"
[WhatIf] not executed
"powershell" "-NoProfile" "-ExecutionPolicy" "Bypass" "-File" "C:\Users\scott\soccer-video\tools\tsc_brand.ps1" "-In" "C:\Users\scott\soccer-video\out\atomic_clips\_quarantine\002__2025-09-20__TSC_vs_RVFC__PRESSURE_SHOT__t7920.00-t8880.00.mp4" "-Out" "C:\Users\scott\soccer-video\out\portrait_reels\clean\002__2025-09-20__TSC_vs_RVFC__PRESSURE_SHOT__t7920.00-t8880.00_portrait_FINAL.mp4" "-Aspect" "9x16"
[WhatIf] not executed
"powershell" "-NoProfile" "-ExecutionPolicy" "Bypass" "-File" "C:\Users\scott\soccer-video\tools\tsc_brand.ps1" "-In" "C:\Users\scott\soccer-video\out\atomic_clips\_quarantine\002__2025-10-04__TSC_vs_FC_Tulsa_Black__BUILD_UP__t25260.00-t26940.00.mp4" "-Out" "C:\Users\scott\soccer-video\out\portrait_reels\clean\002__2025-10-04__TSC_vs_FC_Tulsa_Black__BUILD_UP__t25260.00-t26940.00_portrait_FINAL.mp4" "-Aspect" "9x16"
[WhatIf] not executed
"powershell" "-NoProfile" "-ExecutionPolicy" "Bypass" "-File" "C:\Users\scott\soccer-video\tools\tsc_brand.ps1" "-In" "C:\Users\scott\soccer-video\out\atomic_clips\_quarantine\002__GOAL__t180.80-t191.20.mp4" "-Out" "C:\Users\scott\soccer-video\out\portrait_reels\clean\002__GOAL__t180.80-t191.20_portrait_FINAL.mp4" "-Aspect" "9x16"
[WhatIf] not executed
"powershell" "-NoProfile" "-ExecutionPolicy" "Bypass" "-File" "C:\Users\scott\soccer-video\tools\tsc_brand.ps1" "-In" "C:\Users\scott\soccer-video\out\atomic_clips\_quarantine\002__GOAL__t180.80-t191.20.__CINEMATIC.mp4" "-Out" "C:\Users\scott\soccer-video\out\portrait_reels\clean\002__GOAL__t180.80-t191.20.__CINEMATIC_portrait_FINAL.mp4" "-Aspect" "9x16"
[WhatIf] not executed
"powershell" "-NoProfile" "-ExecutionPolicy" "Bypass" "-File" "C:\Users\scott\soccer-video\tools\tsc_brand.ps1" "-In" "C:\Users\scott\soccer-video\out\atomic_clips\_quarantine\003__2025-09-20__TSC_vs_Greenwood__BUILD_UP_PLAY_SHOT__t25260.00-t26460.00.mp4" "-Out" "C:\Users\scott\soccer-video\out\portrait_reels\clean\003__2025-09-20__TSC_vs_Greenwood__BUILD_UP_PLAY_SHOT__t25260.00-t26460.00_portrait_FINAL.mp4" "-Aspect" "9x16"
[WhatIf] not executed
"powershell" "-NoProfile" "-ExecutionPolicy" "Bypass" "-File" "C:\Users\scott\soccer-video\tools\tsc_brand.ps1" "-In" "C:\Users\scott\soccer-video\out\atomic_clips\_quarantine\003__2025-09-20__TSC_vs_RVFC__PRESSURE_SHOT__t15480.00-t16260.00.mp4" "-Out" "C:\Users\scott\soccer-video\out\portrait_reels\clean\003__2025-09-20__TSC_vs_RVFC__PRESSURE_SHOT__t15480.00-t16260.00_portrait_FINAL.mp4" "-Aspect" "9x16"
[WhatIf] not executed
"powershell" "-NoProfile" "-ExecutionPolicy" "Bypass" "-File" "C:\Users\scott\soccer-video\tools\tsc_brand.ps1" "-In" "C:\Users\scott\soccer-video\out\atomic_clips\_quarantine\003__2025-10-04__TSC_vs_FC_Tulsa_Black__BUILD_UP__t27480.00-t29220.00.mp4" "-Out" "C:\Users\scott\soccer-video\out\portrait_reels\clean\003__2025-10-04__TSC_vs_FC_Tulsa_Black__BUILD_UP__t27480.00-t29220.00_portrait_FINAL.mp4" "-Aspect" "9x16"
[WhatIf] not executed
"powershell" "-NoProfile" "-ExecutionPolicy" "Bypass" "-File" "C:\Users\scott\soccer-video\tools\tsc_brand.ps1" "-In" "C:\Users\scott\soccer-video\out\atomic_clips\_quarantine\003__BUILD_UP__t224.80-t248.70.mp4" "-Out" "C:\Users\scott\soccer-video\out\portrait_reels\clean\003__BUILD_UP__t224.80-t248.70_portrait_FINAL.mp4" "-Aspect" "9x16"
[WhatIf] not executed
"powershell" "-NoProfile" "-ExecutionPolicy" "Bypass" "-File" "C:\Users\scott\soccer-video\tools\tsc_brand.ps1" "-In" "C:\Users\scott\soccer-video\out\atomic_clips\_quarantine\003__BUILD_UP__t224.80-t248.70.__CINEMATIC.mp4" "-Out" "C:\Users\scott\soccer-video\out\portrait_reels\clean\003__BUILD_UP__t224.80-t248.70.__CINEMATIC_portrait_FINAL.mp4" "-Aspect" "9x16"
[WhatIf] not executed
"powershell" "-NoProfile" "-ExecutionPolicy" "Bypass" "-File" "C:\Users\scott\soccer-video\tools\tsc_brand.ps1" "-In" "C:\Users\scott\soccer-video\out\atomic_clips\_quarantine\004__2025-09-20__TSC_vs_Greenwood__PRESSURE_TWO_SHOTS__t26640.00-t27360.00.mp4" "-Out" "C:\Users\scott\soccer-video\out\portrait_reels\clean\004__2025-09-20__TSC_vs_Greenwood__PRESSURE_TWO_SHOTS__t26640.00-t27360.00_portrait_FINAL.mp4" "-Aspect" "9x16"
[WhatIf] not executed
"powershell" "-NoProfile" "-ExecutionPolicy" "Bypass" "-File" "C:\Users\scott\soccer-video\tools\tsc_brand.ps1" "-In" "C:\Users\scott\soccer-video\out\atomic_clips\_quarantine\004__2025-09-20__TSC_vs_RVFC__PRESSURE_GOAL__t17880.00-t18720.00.mp4" "-Out" "C:\Users\scott\soccer-video\out\portrait_reels\clean\004__2025-09-20__TSC_vs_RVFC__PRESSURE_GOAL__t17880.00-t18720.00_portrait_FINAL.mp4" "-Aspect" "9x16"
[WhatIf] not executed
"powershell" "-NoProfile" "-ExecutionPolicy" "Bypass" "-File" "C:\Users\scott\soccer-video\tools\tsc_brand.ps1" "-In" "C:\Users\scott\soccer-video\out\atomic_clips\_quarantine\004__2025-10-04__TSC_vs_FC_Tulsa_Black__BUILD_UP__t29700.00-t30780.00.mp4" "-Out" "C:\Users\scott\soccer-video\out\portrait_reels\clean\004__2025-10-04__TSC_vs_FC_Tulsa_Black__BUILD_UP__t29700.00-t30780.00_portrait_FINAL.mp4" "-Aspect" "9x16"
[WhatIf] not executed
"powershell" "-NoProfile" "-ExecutionPolicy" "Bypass" "-File" "C:\Users\scott\soccer-video\tools\tsc_brand.ps1" "-In" "C:\Users\scott\soccer-video\out\atomic_clips\_quarantine\004__GOAL__t266.50-t283.10.mp4" "-Out" "C:\Users\scott\soccer-video\out\portrait_reels\clean\004__GOAL__t266.50-t283.10_portrait_FINAL.mp4" "-Aspect" "9x16"
[WhatIf] not executed
"powershell" "-NoProfile" "-ExecutionPolicy" "Bypass" "-File" "C:\Users\scott\soccer-video\tools\tsc_brand.ps1" "-In" "C:\Users\scott\soccer-video\out\atomic_clips\_quarantine\004__GOAL__t266.50-t283.10.__CINEMATIC.mp4" "-Out" "C:\Users\scott\soccer-video\out\portrait_reels\clean\004__GOAL__t266.50-t283.10.__CINEMATIC_portrait_FINAL.mp4" "-Aspect" "9x16"
[WhatIf] not executed
"powershell" "-NoProfile" "-ExecutionPolicy" "Bypass" "-File" "C:\Users\scott\soccer-video\tools\tsc_brand.ps1" "-In" "C:\Users\scott\soccer-video\out\atomic_clips\_quarantine\005__2025-09-20__TSC_vs_Greenwood__WIN_FREE_KICK__t32280.00-t33180.00.mp4" "-Out" "C:\Users\scott\soccer-video\out\portrait_reels\clean\005__2025-09-20__TSC_vs_Greenwood__WIN_FREE_KICK__t32280.00-t33180.00_portrait_FINAL.mp4" "-Aspect" "9x16"
[WhatIf] not executed
"powershell" "-NoProfile" "-ExecutionPolicy" "Bypass" "-File" "C:\Users\scott\soccer-video\tools\tsc_brand.ps1" "-In" "C:\Users\scott\soccer-video\out\atomic_clips\_quarantine\005__2025-09-20__TSC_vs_RVFC__BUILD_UP_PLAY_SHOT__t21000.00-t22020.00.mp4" "-Out" "C:\Users\scott\soccer-video\out\portrait_reels\clean\005__2025-09-20__TSC_vs_RVFC__BUILD_UP_PLAY_SHOT__t21000.00-t22020.00_portrait_FINAL.mp4" "-Aspect" "9x16"
[WhatIf] not executed
"powershell" "-NoProfile" "-ExecutionPolicy" "Bypass" "-File" "C:\Users\scott\soccer-video\tools\tsc_brand.ps1" "-In" "C:\Users\scott\soccer-video\out\atomic_clips\_quarantine\005__2025-10-04__TSC_vs_FC_Tulsa_Black__SHOT__t36000.00-t36420.00.mp4" "-Out" "C:\Users\scott\soccer-video\out\portrait_reels\clean\005__2025-10-04__TSC_vs_FC_Tulsa_Black__SHOT__t36000.00-t36420.00_portrait_FINAL.mp4" "-Aspect" "9x16"
[WhatIf] not executed
"powershell" "-NoProfile" "-ExecutionPolicy" "Bypass" "-File" "C:\Users\scott\soccer-video\tools\tsc_brand.ps1" "-In" "C:\Users\scott\soccer-video\out\atomic_clips\_quarantine\005__CORNER__t417.90-t431.60.mp4" "-Out" "C:\Users\scott\soccer-video\out\portrait_reels\clean\005__CORNER__t417.90-t431.60_portrait_FINAL.mp4" "-Aspect" "9x16"
[WhatIf] not executed
"powershell" "-NoProfile" "-ExecutionPolicy" "Bypass" "-File" "C:\Users\scott\soccer-video\tools\tsc_brand.ps1" "-In" "C:\Users\scott\soccer-video\out\atomic_clips\_quarantine\005__CORNER__t417.90-t431.60.__CINEMATIC.mp4" "-Out" "C:\Users\scott\soccer-video\out\portrait_reels\clean\005__CORNER__t417.90-t431.60.__CINEMATIC_portrait_FINAL.mp4" "-Aspect" "9x16"
[WhatIf] not executed
"powershell" "-NoProfile" "-ExecutionPolicy" "Bypass" "-File" "C:\Users\scott\soccer-video\tools\tsc_brand.ps1" "-In" "C:\Users\scott\soccer-video\out\atomic_clips\_quarantine\006__2025-09-20__TSC_vs_Greenwood__BUILD_UP_PLAY_SHOT__t41100.00-t42480.00.mp4" "-Out" "C:\Users\scott\soccer-video\out\portrait_reels\clean\006__2025-09-20__TSC_vs_Greenwood__BUILD_UP_PLAY_SHOT__t41100.00-t42480.00_portrait_FINAL.mp4" "-Aspect" "9x16"
[WhatIf] not executed
"powershell" "-NoProfile" "-ExecutionPolicy" "Bypass" "-File" "C:\Users\scott\soccer-video\tools\tsc_brand.ps1" "-In" "C:\Users\scott\soccer-video\out\atomic_clips\_quarantine\006__2025-09-20__TSC_vs_RVFC__SHOT__t31020.00-t31680.00.mp4" "-Out" "C:\Users\scott\soccer-video\out\portrait_reels\clean\006__2025-09-20__TSC_vs_RVFC__SHOT__t31020.00-t31680.00_portrait_FINAL.mp4" "-Aspect" "9x16"
[WhatIf] not executed
"powershell" "-NoProfile" "-ExecutionPolicy" "Bypass" "-File" "C:\Users\scott\soccer-video\tools\tsc_brand.ps1" "-In" "C:\Users\scott\soccer-video\out\atomic_clips\_quarantine\006__2025-10-04__TSC_vs_FC_Tulsa_Black__BUILD_UP_GOAL__t40440.00-t43020.00.mp4" "-Out" "C:\Users\scott\soccer-video\out\portrait_reels\clean\006__2025-10-04__TSC_vs_FC_Tulsa_Black__BUILD_UP_GOAL__t40440.00-t43020.00_portrait_FINAL.mp4" "-Aspect" "9x16"
[WhatIf] not executed
"powershell" "-NoProfile" "-ExecutionPolicy" "Bypass" "-File" "C:\Users\scott\soccer-video\tools\tsc_brand.ps1" "-In" "C:\Users\scott\soccer-video\out\atomic_clips\_quarantine\006__2025-10-04__TSC_vs_FC_Tulsa_Black__BUILD_UP_GOAL__t40440.00-t43020.00.__DEBUG.mp4" "-Out" "C:\Users\scott\soccer-video\out\portrait_reels\clean\006__2025-10-04__TSC_vs_FC_Tulsa_Black__BUILD_UP_GOAL__t40440.00-t43020.00.__DEBUG_portrait_FINAL.mp4" "-Aspect" "9x16"
[WhatIf] not executed
"powershell" "-NoProfile" "-ExecutionPolicy" "Bypass" "-File" "C:\Users\scott\soccer-video\tools\tsc_brand.ps1" "-In" "C:\Users\scott\soccer-video\out\atomic_clips\_quarantine\006__DEFENSE__t699.30-t711.50.mp4" "-Out" "C:\Users\scott\soccer-video\out\portrait_reels\clean\006__DEFENSE__t699.30-t711.50_portrait_FINAL.mp4" "-Aspect" "9x16"
[WhatIf] not executed
"powershell" "-NoProfile" "-ExecutionPolicy" "Bypass" "-File" "C:\Users\scott\soccer-video\tools\tsc_brand.ps1" "-In" "C:\Users\scott\soccer-video\out\atomic_clips\_quarantine\006__DEFENSE__t699.30-t711.50.__CINEMATIC.mp4" "-Out" "C:\Users\scott\soccer-video\out\portrait_reels\clean\006__DEFENSE__t699.30-t711.50.__CINEMATIC_portrait_FINAL.mp4" "-Aspect" "9x16"
[WhatIf] not executed
"powershell" "-NoProfile" "-ExecutionPolicy" "Bypass" "-File" "C:\Users\scott\soccer-video\tools\tsc_brand.ps1" "-In" "C:\Users\scott\soccer-video\out\atomic_clips\_quarantine\007__2025-09-20__TSC_vs_Greenwood__DRIBBLING_SHOT__t44340.00-t45120.00.mp4" "-Out" "C:\Users\scott\soccer-video\out\portrait_reels\clean\007__2025-09-20__TSC_vs_Greenwood__DRIBBLING_SHOT__t44340.00-t45120.00_portrait_FINAL.mp4" "-Aspect" "9x16"
[WhatIf] not executed
"powershell" "-NoProfile" "-ExecutionPolicy" "Bypass" "-File" "C:\Users\scott\soccer-video\tools\tsc_brand.ps1" "-In" "C:\Users\scott\soccer-video\out\atomic_clips\_quarantine\007__2025-09-20__TSC_vs_RVFC__PRESSURE_GOAL__t31740.00-t32820.00.mp4" "-Out" "C:\Users\scott\soccer-video\out\portrait_reels\clean\007__2025-09-20__TSC_vs_RVFC__PRESSURE_GOAL__t31740.00-t32820.00_portrait_FINAL.mp4" "-Aspect" "9x16"
[WhatIf] not executed
"powershell" "-NoProfile" "-ExecutionPolicy" "Bypass" "-File" "C:\Users\scott\soccer-video\tools\tsc_brand.ps1" "-In" "C:\Users\scott\soccer-video\out\atomic_clips\_quarantine\007__2025-10-04__TSC_vs_FC_Tulsa_Black__BUILD_UP_SHOT__t46020.00-t47100.00.mp4" "-Out" "C:\Users\scott\soccer-video\out\portrait_reels\clean\007__2025-10-04__TSC_vs_FC_Tulsa_Black__BUILD_UP_SHOT__t46020.00-t47100.00_portrait_FINAL.mp4" "-Aspect" "9x16"
[WhatIf] not executed
"powershell" "-NoProfile" "-ExecutionPolicy" "Bypass" "-File" "C:\Users\scott\soccer-video\tools\tsc_brand.ps1" "-In" "C:\Users\scott\soccer-video\out\atomic_clips\_quarantine\007__DRIBBLING__t982.00-t987.90.mp4" "-Out" "C:\Users\scott\soccer-video\out\portrait_reels\clean\007__DRIBBLING__t982.00-t987.90_portrait_FINAL.mp4" "-Aspect" "9x16"
[WhatIf] not executed
"powershell" "-NoProfile" "-ExecutionPolicy" "Bypass" "-File" "C:\Users\scott\soccer-video\tools\tsc_brand.ps1" "-In" "C:\Users\scott\soccer-video\out\atomic_clips\_quarantine\007__DRIBBLING__t982.00-t987.90.__CINEMATIC.mp4" "-Out" "C:\Users\scott\soccer-video\out\portrait_reels\clean\007__DRIBBLING__t982.00-t987.90.__CINEMATIC_portrait_FINAL.mp4" "-Aspect" "9x16"
[WhatIf] not executed
"powershell" "-NoProfile" "-ExecutionPolicy" "Bypass" "-File" "C:\Users\scott\soccer-video\tools\tsc_brand.ps1" "-In" "C:\Users\scott\soccer-video\out\atomic_clips\_quarantine\008__2025-09-20__TSC_vs_Greenwood__PRESSURE_SHOT__t45240.00-t46980.00.mp4" "-Out" "C:\Users\scott\soccer-video\out\portrait_reels\clean\008__2025-09-20__TSC_vs_Greenwood__PRESSURE_SHOT__t45240.00-t46980.00_portrait_FINAL.mp4" "-Aspect" "9x16"
[WhatIf] not executed
"powershell" "-NoProfile" "-ExecutionPolicy" "Bypass" "-File" "C:\Users\scott\soccer-video\tools\tsc_brand.ps1" "-In" "C:\Users\scott\soccer-video\out\atomic_clips\_quarantine\008__2025-09-20__TSC_vs_RVFC__BUILD_UP_PLAY_SHOT__t33900.00-t36000.00.mp4" "-Out" "C:\Users\scott\soccer-video\out\portrait_reels\clean\008__2025-09-20__TSC_vs_RVFC__BUILD_UP_PLAY_SHOT__t33900.00-t36000.00_portrait_FINAL.mp4" "-Aspect" "9x16"
[WhatIf] not executed
"powershell" "-NoProfile" "-ExecutionPolicy" "Bypass" "-File" "C:\Users\scott\soccer-video\tools\tsc_brand.ps1" "-In" "C:\Users\scott\soccer-video\out\atomic_clips\_quarantine\008__2025-10-04__TSC_vs_FC_Tulsa_Black__BUILD_UP_SHOT__t61500.00-t62400.00.mp4" "-Out" "C:\Users\scott\soccer-video\out\portrait_reels\clean\008__2025-10-04__TSC_vs_FC_Tulsa_Black__BUILD_UP_SHOT__t61500.00-t62400.00_portrait_FINAL.mp4" "-Aspect" "9x16"
[WhatIf] not executed
"powershell" "-NoProfile" "-ExecutionPolicy" "Bypass" "-File" "C:\Users\scott\soccer-video\tools\tsc_brand.ps1" "-In" "C:\Users\scott\soccer-video\out\atomic_clips\_quarantine\008__SHOT__t1247.80-t1259.20.mp4" "-Out" "C:\Users\scott\soccer-video\out\portrait_reels\clean\008__SHOT__t1247.80-t1259.20_portrait_FINAL.mp4" "-Aspect" "9x16"
[WhatIf] not executed
"powershell" "-NoProfile" "-ExecutionPolicy" "Bypass" "-File" "C:\Users\scott\soccer-video\tools\tsc_brand.ps1" "-In" "C:\Users\scott\soccer-video\out\atomic_clips\_quarantine\008__SHOT__t1247.80-t1259.20.__CINEMATIC.mp4" "-Out" "C:\Users\scott\soccer-video\out\portrait_reels\clean\008__SHOT__t1247.80-t1259.20.__CINEMATIC_portrait_FINAL.mp4" "-Aspect" "9x16"
[WhatIf] not executed
"powershell" "-NoProfile" "-ExecutionPolicy" "Bypass" "-File" "C:\Users\scott\soccer-video\tools\tsc_brand.ps1" "-In" "C:\Users\scott\soccer-video\out\atomic_clips\_quarantine\009__2025-09-20__TSC_vs_Greenwood__PRESSURE_SHOT__t48120.00-t49080.00.mp4" "-Out" "C:\Users\scott\soccer-video\out\portrait_reels\clean\009__2025-09-20__TSC_vs_Greenwood__PRESSURE_SHOT__t48120.00-t49080.00_portrait_FINAL.mp4" "-Aspect" "9x16"
[WhatIf] not executed
"powershell" "-NoProfile" "-ExecutionPolicy" "Bypass" "-File" "C:\Users\scott\soccer-video\tools\tsc_brand.ps1" "-In" "C:\Users\scott\soccer-video\out\atomic_clips\_quarantine\009__2025-09-20__TSC_vs_RVFC__PRESSURE_SHOT__t36240.00-t37200.00.mp4" "-Out" "C:\Users\scott\soccer-video\out\portrait_reels\clean\009__2025-09-20__TSC_vs_RVFC__PRESSURE_SHOT__t36240.00-t37200.00_portrait_FINAL.mp4" "-Aspect" "9x16"
[WhatIf] not executed
"powershell" "-NoProfile" "-ExecutionPolicy" "Bypass" "-File" "C:\Users\scott\soccer-video\tools\tsc_brand.ps1" "-In" "C:\Users\scott\soccer-video\out\atomic_clips\_quarantine\009__2025-10-04__TSC_vs_FC_Tulsa_Black__PRESSURE_SHOT__t62760.00-t63420.00.mp4" "-Out" "C:\Users\scott\soccer-video\out\portrait_reels\clean\009__2025-10-04__TSC_vs_FC_Tulsa_Black__PRESSURE_SHOT__t62760.00-t63420.00_portrait_FINAL.mp4" "-Aspect" "9x16"
[WhatIf] not executed
"powershell" "-NoProfile" "-ExecutionPolicy" "Bypass" "-File" "C:\Users\scott\soccer-video\tools\tsc_brand.ps1" "-In" "C:\Users\scott\soccer-video\out\atomic_clips\_quarantine\009__SHOT__t1420.40-t1438.20.mp4" "-Out" "C:\Users\scott\soccer-video\out\portrait_reels\clean\009__SHOT__t1420.40-t1438.20_portrait_FINAL.mp4" "-Aspect" "9x16"
[WhatIf] not executed
"powershell" "-NoProfile" "-ExecutionPolicy" "Bypass" "-File" "C:\Users\scott\soccer-video\tools\tsc_brand.ps1" "-In" "C:\Users\scott\soccer-video\out\atomic_clips\_quarantine\009__SHOT__t1420.40-t1438.20.__CINEMATIC.mp4" "-Out" "C:\Users\scott\soccer-video\out\portrait_reels\clean\009__SHOT__t1420.40-t1438.20.__CINEMATIC_portrait_FINAL.mp4" "-Aspect" "9x16"
[WhatIf] not executed
"powershell" "-NoProfile" "-ExecutionPolicy" "Bypass" "-File" "C:\Users\scott\soccer-video\tools\tsc_brand.ps1" "-In" "C:\Users\scott\soccer-video\out\atomic_clips\_quarantine\010__2025-09-20__TSC_vs_Greenwood__DEFENSE_BUILD_UP__t49260.00-t50880.00.mp4" "-Out" "C:\Users\scott\soccer-video\out\portrait_reels\clean\010__2025-09-20__TSC_vs_Greenwood__DEFENSE_BUILD_UP__t49260.00-t50880.00_portrait_FINAL.mp4" "-Aspect" "9x16"
[WhatIf] not executed
"powershell" "-NoProfile" "-ExecutionPolicy" "Bypass" "-File" "C:\Users\scott\soccer-video\tools\tsc_brand.ps1" "-In" "C:\Users\scott\soccer-video\out\atomic_clips\_quarantine\010__2025-09-20__TSC_vs_RVFC__PRESSURE_SHOT__t40500.00-t41340.00.mp4" "-Out" "C:\Users\scott\soccer-video\out\portrait_reels\clean\010__2025-09-20__TSC_vs_RVFC__PRESSURE_SHOT__t40500.00-t41340.00_portrait_FINAL.mp4" "-Aspect" "9x16"
[WhatIf] not executed
"powershell" "-NoProfile" "-ExecutionPolicy" "Bypass" "-File" "C:\Users\scott\soccer-video\tools\tsc_brand.ps1" "-In" "C:\Users\scott\soccer-video\out\atomic_clips\_quarantine\010__2025-10-04__TSC_vs_FC_Tulsa_Black__BUILD_UP_SHOT__t63480.00-t64800.00.mp4" "-Out" "C:\Users\scott\soccer-video\out\portrait_reels\clean\010__2025-10-04__TSC_vs_FC_Tulsa_Black__BUILD_UP_SHOT__t63480.00-t64800.00_portrait_FINAL.mp4" "-Aspect" "9x16"
[WhatIf] not executed
"powershell" "-NoProfile" "-ExecutionPolicy" "Bypass" "-File" "C:\Users\scott\soccer-video\tools\tsc_brand.ps1" "-In" "C:\Users\scott\soccer-video\out\atomic_clips\_quarantine\010__CROSS__t1541.10-t1547.90.mp4" "-Out" "C:\Users\scott\soccer-video\out\portrait_reels\clean\010__CROSS__t1541.10-t1547.90_portrait_FINAL.mp4" "-Aspect" "9x16"
[WhatIf] not executed
"powershell" "-NoProfile" "-ExecutionPolicy" "Bypass" "-File" "C:\Users\scott\soccer-video\tools\tsc_brand.ps1" "-In" "C:\Users\scott\soccer-video\out\atomic_clips\_quarantine\010__CROSS__t1541.10-t1547.90.__CINEMATIC.mp4" "-Out" "C:\Users\scott\soccer-video\out\portrait_reels\clean\010__CROSS__t1541.10-t1547.90.__CINEMATIC_portrait_FINAL.mp4" "-Aspect" "9x16"
[WhatIf] not executed
"powershell" "-NoProfile" "-ExecutionPolicy" "Bypass" "-File" "C:\Users\scott\soccer-video\tools\tsc_brand.ps1" "-In" "C:\Users\scott\soccer-video\out\atomic_clips\_quarantine\011__2025-09-20__TSC_vs_Greenwood__GOAL__t54120.00-t54780.00.mp4" "-Out" "C:\Users\scott\soccer-video\out\portrait_reels\clean\011__2025-09-20__TSC_vs_Greenwood__GOAL__t54120.00-t54780.00_portrait_FINAL.mp4" "-Aspect" "9x16"
[WhatIf] not executed
"powershell" "-NoProfile" "-ExecutionPolicy" "Bypass" "-File" "C:\Users\scott\soccer-video\tools\tsc_brand.ps1" "-In" "C:\Users\scott\soccer-video\out\atomic_clips\_quarantine\011__2025-09-20__TSC_vs_RVFC__PRESSURE_SHOT__t41340.00-t42120.00.mp4" "-Out" "C:\Users\scott\soccer-video\out\portrait_reels\clean\011__2025-09-20__TSC_vs_RVFC__PRESSURE_SHOT__t41340.00-t42120.00_portrait_FINAL.mp4" "-Aspect" "9x16"
[WhatIf] not executed
"powershell" "-NoProfile" "-ExecutionPolicy" "Bypass" "-File" "C:\Users\scott\soccer-video\tools\tsc_brand.ps1" "-In" "C:\Users\scott\soccer-video\out\atomic_clips\_quarantine\011__2025-10-04__TSC_vs_FC_Tulsa_Black__BUILD_UP_SHOT__t71880.00-t73320.00.mp4" "-Out" "C:\Users\scott\soccer-video\out\portrait_reels\clean\011__2025-10-04__TSC_vs_FC_Tulsa_Black__BUILD_UP_SHOT__t71880.00-t73320.00_portrait_FINAL.mp4" "-Aspect" "9x16"
[WhatIf] not executed
"powershell" "-NoProfile" "-ExecutionPolicy" "Bypass" "-File" "C:\Users\scott\soccer-video\tools\tsc_brand.ps1" "-In" "C:\Users\scott\soccer-video\out\atomic_clips\_quarantine\011__SHOTS__t1655.00-t1670.30.mp4" "-Out" "C:\Users\scott\soccer-video\out\portrait_reels\clean\011__SHOTS__t1655.00-t1670.30_portrait_FINAL.mp4" "-Aspect" "9x16"
[WhatIf] not executed
"powershell" "-NoProfile" "-ExecutionPolicy" "Bypass" "-File" "C:\Users\scott\soccer-video\tools\tsc_brand.ps1" "-In" "C:\Users\scott\soccer-video\out\atomic_clips\_quarantine\011__SHOTS__t1655.00-t1670.30.__CINEMATIC.mp4" "-Out" "C:\Users\scott\soccer-video\out\portrait_reels\clean\011__SHOTS__t1655.00-t1670.30.__CINEMATIC_portrait_FINAL.mp4" "-Aspect" "9x16"
[WhatIf] not executed
"powershell" "-NoProfile" "-ExecutionPolicy" "Bypass" "-File" "C:\Users\scott\soccer-video\tools\tsc_brand.ps1" "-In" "C:\Users\scott\soccer-video\out\atomic_clips\_quarantine\012__2025-09-20__TSC_vs_Greenwood__BUILD_SHOT__t58380.00-t59220.00.mp4" "-Out" "C:\Users\scott\soccer-video\out\portrait_reels\clean\012__2025-09-20__TSC_vs_Greenwood__BUILD_SHOT__t58380.00-t59220.00_portrait_FINAL.mp4" "-Aspect" "9x16"
[WhatIf] not executed
"powershell" "-NoProfile" "-ExecutionPolicy" "Bypass" "-File" "C:\Users\scott\soccer-video\tools\tsc_brand.ps1" "-In" "C:\Users\scott\soccer-video\out\atomic_clips\_quarantine\012__2025-09-20__TSC_vs_RVFC__BUILD_UP_PLAY_SHOT__t44760.00-t45420.00.mp4" "-Out" "C:\Users\scott\soccer-video\out\portrait_reels\clean\012__2025-09-20__TSC_vs_RVFC__BUILD_UP_PLAY_SHOT__t44760.00-t45420.00_portrait_FINAL.mp4" "-Aspect" "9x16"
[WhatIf] not executed
"powershell" "-NoProfile" "-ExecutionPolicy" "Bypass" "-File" "C:\Users\scott\soccer-video\tools\tsc_brand.ps1" "-In" "C:\Users\scott\soccer-video\out\atomic_clips\_quarantine\012__2025-10-04__TSC_vs_FC_Tulsa_Black__PRESSURE_GOAL__t74340.00-t75180.00.mp4" "-Out" "C:\Users\scott\soccer-video\out\portrait_reels\clean\012__2025-10-04__TSC_vs_FC_Tulsa_Black__PRESSURE_GOAL__t74340.00-t75180.00_portrait_FINAL.mp4" "-Aspect" "9x16"
[WhatIf] not executed
"powershell" "-NoProfile" "-ExecutionPolicy" "Bypass" "-File" "C:\Users\scott\soccer-video\tools\tsc_brand.ps1" "-In" "C:\Users\scott\soccer-video\out\atomic_clips\_quarantine\012__GOAL__t1705.20-t1708.50.mp4" "-Out" "C:\Users\scott\soccer-video\out\portrait_reels\clean\012__GOAL__t1705.20-t1708.50_portrait_FINAL.mp4" "-Aspect" "9x16"
[WhatIf] not executed
"powershell" "-NoProfile" "-ExecutionPolicy" "Bypass" "-File" "C:\Users\scott\soccer-video\tools\tsc_brand.ps1" "-In" "C:\Users\scott\soccer-video\out\atomic_clips\_quarantine\012__GOAL__t1705.20-t1708.50.__CINEMATIC.mp4" "-Out" "C:\Users\scott\soccer-video\out\portrait_reels\clean\012__GOAL__t1705.20-t1708.50.__CINEMATIC_portrait_FINAL.mp4" "-Aspect" "9x16"
[WhatIf] not executed
"powershell" "-NoProfile" "-ExecutionPolicy" "Bypass" "-File" "C:\Users\scott\soccer-video\tools\tsc_brand.ps1" "-In" "C:\Users\scott\soccer-video\out\atomic_clips\_quarantine\013__2025-09-20__TSC_vs_Greenwood__PRESSURE_SHOT__t59280.00-t60060.00.mp4" "-Out" "C:\Users\scott\soccer-video\out\portrait_reels\clean\013__2025-09-20__TSC_vs_Greenwood__PRESSURE_SHOT__t59280.00-t60060.00_portrait_FINAL.mp4" "-Aspect" "9x16"
[WhatIf] not executed
"powershell" "-NoProfile" "-ExecutionPolicy" "Bypass" "-File" "C:\Users\scott\soccer-video\tools\tsc_brand.ps1" "-In" "C:\Users\scott\soccer-video\out\atomic_clips\_quarantine\013__2025-09-20__TSC_vs_RVFC__BUILD_UP_PLAY_SHOT__t49260.00-t51900.00.mp4" "-Out" "C:\Users\scott\soccer-video\out\portrait_reels\clean\013__2025-09-20__TSC_vs_RVFC__BUILD_UP_PLAY_SHOT__t49260.00-t51900.00_portrait_FINAL.mp4" "-Aspect" "9x16"
[WhatIf] not executed
"powershell" "-NoProfile" "-ExecutionPolicy" "Bypass" "-File" "C:\Users\scott\soccer-video\tools\tsc_brand.ps1" "-In" "C:\Users\scott\soccer-video\out\atomic_clips\_quarantine\013__2025-10-04__TSC_vs_FC_Tulsa_Black__BUILD_UP_PLAY__t77400.00-t78360.00.mp4" "-Out" "C:\Users\scott\soccer-video\out\portrait_reels\clean\013__2025-10-04__TSC_vs_FC_Tulsa_Black__BUILD_UP_PLAY__t77400.00-t78360.00_portrait_FINAL.mp4" "-Aspect" "9x16"
[WhatIf] not executed
"powershell" "-NoProfile" "-ExecutionPolicy" "Bypass" "-File" "C:\Users\scott\soccer-video\tools\tsc_brand.ps1" "-In" "C:\Users\scott\soccer-video\out\atomic_clips\_quarantine\013__GOAL__t1767.50-t1772.60.mp4" "-Out" "C:\Users\scott\soccer-video\out\portrait_reels\clean\013__GOAL__t1767.50-t1772.60_portrait_FINAL.mp4" "-Aspect" "9x16"
[WhatIf] not executed
"powershell" "-NoProfile" "-ExecutionPolicy" "Bypass" "-File" "C:\Users\scott\soccer-video\tools\tsc_brand.ps1" "-In" "C:\Users\scott\soccer-video\out\atomic_clips\_quarantine\013__GOAL__t1767.50-t1772.60.__CINEMATIC.mp4" "-Out" "C:\Users\scott\soccer-video\out\portrait_reels\clean\013__GOAL__t1767.50-t1772.60.__CINEMATIC_portrait_FINAL.mp4" "-Aspect" "9x16"
[WhatIf] not executed
"powershell" "-NoProfile" "-ExecutionPolicy" "Bypass" "-File" "C:\Users\scott\soccer-video\tools\tsc_brand.ps1" "-In" "C:\Users\scott\soccer-video\out\atomic_clips\_quarantine\014__2025-09-20__TSC_vs_Greenwood__PRESSURE_SHOT__t63780.00-t64380.00.mp4" "-Out" "C:\Users\scott\soccer-video\out\portrait_reels\clean\014__2025-09-20__TSC_vs_Greenwood__PRESSURE_SHOT__t63780.00-t64380.00_portrait_FINAL.mp4" "-Aspect" "9x16"
[WhatIf] not executed
"powershell" "-NoProfile" "-ExecutionPolicy" "Bypass" "-File" "C:\Users\scott\soccer-video\tools\tsc_brand.ps1" "-In" "C:\Users\scott\soccer-video\out\atomic_clips\_quarantine\014__2025-09-20__TSC_vs_RVFC__DEFENSE_BUILD_UP__t52800.00-t53820.00.mp4" "-Out" "C:\Users\scott\soccer-video\out\portrait_reels\clean\014__2025-09-20__TSC_vs_RVFC__DEFENSE_BUILD_UP__t52800.00-t53820.00_portrait_FINAL.mp4" "-Aspect" "9x16"
[WhatIf] not executed
"powershell" "-NoProfile" "-ExecutionPolicy" "Bypass" "-File" "C:\Users\scott\soccer-video\tools\tsc_brand.ps1" "-In" "C:\Users\scott\soccer-video\out\atomic_clips\_quarantine\014__2025-10-04__TSC_vs_FC_Tulsa_Black__SHOT__t2354400.00-t2394000.00.mp4" "-Out" "C:\Users\scott\soccer-video\out\portrait_reels\clean\014__2025-10-04__TSC_vs_FC_Tulsa_Black__SHOT__t2354400.00-t2394000.00_portrait_FINAL.mp4" "-Aspect" "9x16"
[WhatIf] not executed
"powershell" "-NoProfile" "-ExecutionPolicy" "Bypass" "-File" "C:\Users\scott\soccer-video\tools\tsc_brand.ps1" "-In" "C:\Users\scott\soccer-video\out\atomic_clips\_quarantine\014__GOAL__t1904.20-t1925.20.mp4" "-Out" "C:\Users\scott\soccer-video\out\portrait_reels\clean\014__GOAL__t1904.20-t1925.20_portrait_FINAL.mp4" "-Aspect" "9x16"
[WhatIf] not executed
"powershell" "-NoProfile" "-ExecutionPolicy" "Bypass" "-File" "C:\Users\scott\soccer-video\tools\tsc_brand.ps1" "-In" "C:\Users\scott\soccer-video\out\atomic_clips\_quarantine\014__GOAL__t1904.20-t1925.20.__CINEMATIC.mp4" "-Out" "C:\Users\scott\soccer-video\out\portrait_reels\clean\014__GOAL__t1904.20-t1925.20.__CINEMATIC_portrait_FINAL.mp4" "-Aspect" "9x16"
[WhatIf] not executed
"powershell" "-NoProfile" "-ExecutionPolicy" "Bypass" "-File" "C:\Users\scott\soccer-video\tools\tsc_brand.ps1" "-In" "C:\Users\scott\soccer-video\out\atomic_clips\_quarantine\015__2025-09-20__TSC_vs_Greenwood__SHOT__t64860.00-t65280.00.mp4" "-Out" "C:\Users\scott\soccer-video\out\portrait_reels\clean\015__2025-09-20__TSC_vs_Greenwood__SHOT__t64860.00-t65280.00_portrait_FINAL.mp4" "-Aspect" "9x16"
[WhatIf] not executed
"powershell" "-NoProfile" "-ExecutionPolicy" "Bypass" "-File" "C:\Users\scott\soccer-video\tools\tsc_brand.ps1" "-In" "C:\Users\scott\soccer-video\out\atomic_clips\_quarantine\015__2025-09-20__TSC_vs_RVFC__SHOT__t55800.00-t56220.00.mp4" "-Out" "C:\Users\scott\soccer-video\out\portrait_reels\clean\015__2025-09-20__TSC_vs_RVFC__SHOT__t55800.00-t56220.00_portrait_FINAL.mp4" "-Aspect" "9x16"
[WhatIf] not executed
"powershell" "-NoProfile" "-ExecutionPolicy" "Bypass" "-File" "C:\Users\scott\soccer-video\tools\tsc_brand.ps1" "-In" "C:\Users\scott\soccer-video\out\atomic_clips\_quarantine\015__DRIBBLING__t1972.50-t1980.70.mp4" "-Out" "C:\Users\scott\soccer-video\out\portrait_reels\clean\015__DRIBBLING__t1972.50-t1980.70_portrait_FINAL.mp4" "-Aspect" "9x16"
[WhatIf] not executed
"powershell" "-NoProfile" "-ExecutionPolicy" "Bypass" "-File" "C:\Users\scott\soccer-video\tools\tsc_brand.ps1" "-In" "C:\Users\scott\soccer-video\out\atomic_clips\_quarantine\015__DRIBBLING__t1972.50-t1980.70.__CINEMATIC.mp4" "-Out" "C:\Users\scott\soccer-video\out\portrait_reels\clean\015__DRIBBLING__t1972.50-t1980.70.__CINEMATIC_portrait_FINAL.mp4" "-Aspect" "9x16"
[WhatIf] not executed
"powershell" "-NoProfile" "-ExecutionPolicy" "Bypass" "-File" "C:\Users\scott\soccer-video\tools\tsc_brand.ps1" "-In" "C:\Users\scott\soccer-video\out\atomic_clips\_quarantine\016__2025-09-20__TSC_vs_Greenwood__BUILD_UP_PLAY_SHOT__t71700.00-t72540.00.mp4" "-Out" "C:\Users\scott\soccer-video\out\portrait_reels\clean\016__2025-09-20__TSC_vs_Greenwood__BUILD_UP_PLAY_SHOT__t71700.00-t72540.00_portrait_FINAL.mp4" "-Aspect" "9x16"
[WhatIf] not executed
"powershell" "-NoProfile" "-ExecutionPolicy" "Bypass" "-File" "C:\Users\scott\soccer-video\tools\tsc_brand.ps1" "-In" "C:\Users\scott\soccer-video\out\atomic_clips\_quarantine\016__2025-09-20__TSC_vs_RVFC__BUILD_UP_PLAY_SHOT__t59940.00-t61320.00.mp4" "-Out" "C:\Users\scott\soccer-video\out\portrait_reels\clean\016__2025-09-20__TSC_vs_RVFC__BUILD_UP_PLAY_SHOT__t59940.00-t61320.00_portrait_FINAL.mp4" "-Aspect" "9x16"
[WhatIf] not executed
"powershell" "-NoProfile" "-ExecutionPolicy" "Bypass" "-File" "C:\Users\scott\soccer-video\tools\tsc_brand.ps1" "-In" "C:\Users\scott\soccer-video\out\atomic_clips\_quarantine\016__SHOT__t2029.90-t2039.50.mp4" "-Out" "C:\Users\scott\soccer-video\out\portrait_reels\clean\016__SHOT__t2029.90-t2039.50_portrait_FINAL.mp4" "-Aspect" "9x16"
[WhatIf] not executed
"powershell" "-NoProfile" "-ExecutionPolicy" "Bypass" "-File" "C:\Users\scott\soccer-video\tools\tsc_brand.ps1" "-In" "C:\Users\scott\soccer-video\out\atomic_clips\_quarantine\016__SHOT__t2029.90-t2039.50.__CINEMATIC.mp4" "-Out" "C:\Users\scott\soccer-video\out\portrait_reels\clean\016__SHOT__t2029.90-t2039.50.__CINEMATIC_portrait_FINAL.mp4" "-Aspect" "9x16"
[WhatIf] not executed
"powershell" "-NoProfile" "-ExecutionPolicy" "Bypass" "-File" "C:\Users\scott\soccer-video\tools\tsc_brand.ps1" "-In" "C:\Users\scott\soccer-video\out\atomic_clips\_quarantine\017__2025-09-20__TSC_vs_Greenwood__PRESSURE_SHOT__t72720.00-t73440.00.mp4" "-Out" "C:\Users\scott\soccer-video\out\portrait_reels\clean\017__2025-09-20__TSC_vs_Greenwood__PRESSURE_SHOT__t72720.00-t73440.00_portrait_FINAL.mp4" "-Aspect" "9x16"
[WhatIf] not executed
"powershell" "-NoProfile" "-ExecutionPolicy" "Bypass" "-File" "C:\Users\scott\soccer-video\tools\tsc_brand.ps1" "-In" "C:\Users\scott\soccer-video\out\atomic_clips\_quarantine\017__2025-09-20__TSC_vs_RVFC__BUILD_UP_PLAY_SHOT__t65280.00-t67440.00.mp4" "-Out" "C:\Users\scott\soccer-video\out\portrait_reels\clean\017__2025-09-20__TSC_vs_RVFC__BUILD_UP_PLAY_SHOT__t65280.00-t67440.00_portrait_FINAL.mp4" "-Aspect" "9x16"
[WhatIf] not executed
"powershell" "-NoProfile" "-ExecutionPolicy" "Bypass" "-File" "C:\Users\scott\soccer-video\tools\tsc_brand.ps1" "-In" "C:\Users\scott\soccer-video\out\atomic_clips\_quarantine\017__SHOT__t2284.90-t2298.20.mp4" "-Out" "C:\Users\scott\soccer-video\out\portrait_reels\clean\017__SHOT__t2284.90-t2298.20_portrait_FINAL.mp4" "-Aspect" "9x16"
[WhatIf] not executed
"powershell" "-NoProfile" "-ExecutionPolicy" "Bypass" "-File" "C:\Users\scott\soccer-video\tools\tsc_brand.ps1" "-In" "C:\Users\scott\soccer-video\out\atomic_clips\_quarantine\017__SHOT__t2284.90-t2298.20.__CINEMATIC.mp4" "-Out" "C:\Users\scott\soccer-video\out\portrait_reels\clean\017__SHOT__t2284.90-t2298.20.__CINEMATIC_portrait_FINAL.mp4" "-Aspect" "9x16"
[WhatIf] not executed
"powershell" "-NoProfile" "-ExecutionPolicy" "Bypass" "-File" "C:\Users\scott\soccer-video\tools\tsc_brand.ps1" "-In" "C:\Users\scott\soccer-video\out\atomic_clips\_quarantine\018__2025-09-20__TSC_vs_Greenwood__BUILD_UP_PLAY_GOAL__t77520.00-t79740.00.mp4" "-Out" "C:\Users\scott\soccer-video\out\portrait_reels\clean\018__2025-09-20__TSC_vs_Greenwood__BUILD_UP_PLAY_GOAL__t77520.00-t79740.00_portrait_FINAL.mp4" "-Aspect" "9x16"
[WhatIf] not executed
"powershell" "-NoProfile" "-ExecutionPolicy" "Bypass" "-File" "C:\Users\scott\soccer-video\tools\tsc_brand.ps1" "-In" "C:\Users\scott\soccer-video\out\atomic_clips\_quarantine\018__2025-09-20__TSC_vs_RVFC__DRIBBLING_SHOT__t68820.00-t69180.00.mp4" "-Out" "C:\Users\scott\soccer-video\out\portrait_reels\clean\018__2025-09-20__TSC_vs_RVFC__DRIBBLING_SHOT__t68820.00-t69180.00_portrait_FINAL.mp4" "-Aspect" "9x16"
[WhatIf] not executed
"powershell" "-NoProfile" "-ExecutionPolicy" "Bypass" "-File" "C:\Users\scott\soccer-video\tools\tsc_brand.ps1" "-In" "C:\Users\scott\soccer-video\out\atomic_clips\_quarantine\018__SHOT__t2419.50-t2425.60.mp4" "-Out" "C:\Users\scott\soccer-video\out\portrait_reels\clean\018__SHOT__t2419.50-t2425.60_portrait_FINAL.mp4" "-Aspect" "9x16"
[WhatIf] not executed
"powershell" "-NoProfile" "-ExecutionPolicy" "Bypass" "-File" "C:\Users\scott\soccer-video\tools\tsc_brand.ps1" "-In" "C:\Users\scott\soccer-video\out\atomic_clips\_quarantine\018__SHOT__t2419.50-t2425.60.__CINEMATIC.mp4" "-Out" "C:\Users\scott\soccer-video\out\portrait_reels\clean\018__SHOT__t2419.50-t2425.60.__CINEMATIC_portrait_FINAL.mp4" "-Aspect" "9x16"
[WhatIf] not executed
"powershell" "-NoProfile" "-ExecutionPolicy" "Bypass" "-File" "C:\Users\scott\soccer-video\tools\tsc_brand.ps1" "-In" "C:\Users\scott\soccer-video\out\atomic_clips\_quarantine\019__2025-09-20__TSC_vs_Greenwood__PRESSURE_SHOT__t82140.00-t82980.00.mp4" "-Out" "C:\Users\scott\soccer-video\out\portrait_reels\clean\019__2025-09-20__TSC_vs_Greenwood__PRESSURE_SHOT__t82140.00-t82980.00_portrait_FINAL.mp4" "-Aspect" "9x16"
[WhatIf] not executed
"powershell" "-NoProfile" "-ExecutionPolicy" "Bypass" "-File" "C:\Users\scott\soccer-video\tools\tsc_brand.ps1" "-In" "C:\Users\scott\soccer-video\out\atomic_clips\_quarantine\019__2025-09-20__TSC_vs_RVFC__BUILD_UP_PLAY_SHOT__t69480.00-t70920.00.mp4" "-Out" "C:\Users\scott\soccer-video\out\portrait_reels\clean\019__2025-09-20__TSC_vs_RVFC__BUILD_UP_PLAY_SHOT__t69480.00-t70920.00_portrait_FINAL.mp4" "-Aspect" "9x16"
[WhatIf] not executed
"powershell" "-NoProfile" "-ExecutionPolicy" "Bypass" "-File" "C:\Users\scott\soccer-video\tools\tsc_brand.ps1" "-In" "C:\Users\scott\soccer-video\out\atomic_clips\_quarantine\019__SHOT__t2633.00-t2638.10.mp4" "-Out" "C:\Users\scott\soccer-video\out\portrait_reels\clean\019__SHOT__t2633.00-t2638.10_portrait_FINAL.mp4" "-Aspect" "9x16"
[WhatIf] not executed
"powershell" "-NoProfile" "-ExecutionPolicy" "Bypass" "-File" "C:\Users\scott\soccer-video\tools\tsc_brand.ps1" "-In" "C:\Users\scott\soccer-video\out\atomic_clips\_quarantine\019__SHOT__t2633.00-t2638.10.__CINEMATIC.mp4" "-Out" "C:\Users\scott\soccer-video\out\portrait_reels\clean\019__SHOT__t2633.00-t2638.10.__CINEMATIC_portrait_FINAL.mp4" "-Aspect" "9x16"
[WhatIf] not executed
"powershell" "-NoProfile" "-ExecutionPolicy" "Bypass" "-File" "C:\Users\scott\soccer-video\tools\tsc_brand.ps1" "-In" "C:\Users\scott\soccer-video\out\atomic_clips\_quarantine\020__2025-09-20__TSC_vs_Greenwood__PRESSURE_SHOT__t83580.00-t84540.00.mp4" "-Out" "C:\Users\scott\soccer-video\out\portrait_reels\clean\020__2025-09-20__TSC_vs_Greenwood__PRESSURE_SHOT__t83580.00-t84540.00_portrait_FINAL.mp4" "-Aspect" "9x16"
[WhatIf] not executed
"powershell" "-NoProfile" "-ExecutionPolicy" "Bypass" "-File" "C:\Users\scott\soccer-video\tools\tsc_brand.ps1" "-In" "C:\Users\scott\soccer-video\out\atomic_clips\_quarantine\020__2025-09-20__TSC_vs_RVFC__SHOT__t74160.00-t74580.00.mp4" "-Out" "C:\Users\scott\soccer-video\out\portrait_reels\clean\020__2025-09-20__TSC_vs_RVFC__SHOT__t74160.00-t74580.00_portrait_FINAL.mp4" "-Aspect" "9x16"
[WhatIf] not executed
"powershell" "-NoProfile" "-ExecutionPolicy" "Bypass" "-File" "C:\Users\scott\soccer-video\tools\tsc_brand.ps1" "-In" "C:\Users\scott\soccer-video\out\atomic_clips\_quarantine\020__GOAL__t2816.60-t2831.80.mp4" "-Out" "C:\Users\scott\soccer-video\out\portrait_reels\clean\020__GOAL__t2816.60-t2831.80_portrait_FINAL.mp4" "-Aspect" "9x16"
[WhatIf] not executed
"powershell" "-NoProfile" "-ExecutionPolicy" "Bypass" "-File" "C:\Users\scott\soccer-video\tools\tsc_brand.ps1" "-In" "C:\Users\scott\soccer-video\out\atomic_clips\_quarantine\020__GOAL__t2816.60-t2831.80.__CINEMATIC.mp4" "-Out" "C:\Users\scott\soccer-video\out\portrait_reels\clean\020__GOAL__t2816.60-t2831.80.__CINEMATIC_portrait_FINAL.mp4" "-Aspect" "9x16"
[WhatIf] not executed
"powershell" "-NoProfile" "-ExecutionPolicy" "Bypass" "-File" "C:\Users\scott\soccer-video\tools\tsc_brand.ps1" "-In" "C:\Users\scott\soccer-video\out\atomic_clips\_quarantine\021__2025-09-20__TSC_vs_RVFC__CROSS__t76500.00-t77580.00.mp4" "-Out" "C:\Users\scott\soccer-video\out\portrait_reels\clean\021__2025-09-20__TSC_vs_RVFC__CROSS__t76500.00-t77580.00_portrait_FINAL.mp4" "-Aspect" "9x16"
[WhatIf] not executed
"powershell" "-NoProfile" "-ExecutionPolicy" "Bypass" "-File" "C:\Users\scott\soccer-video\tools\tsc_brand.ps1" "-In" "C:\Users\scott\soccer-video\out\atomic_clips\_quarantine\021__SHOT__t2860.70-t2873.00.mp4" "-Out" "C:\Users\scott\soccer-video\out\portrait_reels\clean\021__SHOT__t2860.70-t2873.00_portrait_FINAL.mp4" "-Aspect" "9x16"
[WhatIf] not executed
"powershell" "-NoProfile" "-ExecutionPolicy" "Bypass" "-File" "C:\Users\scott\soccer-video\tools\tsc_brand.ps1" "-In" "C:\Users\scott\soccer-video\out\atomic_clips\_quarantine\022__2025-09-20__TSC_vs_RVFC__PRESSURE_SHOT__t78000.00-t78600.00.mp4" "-Out" "C:\Users\scott\soccer-video\out\portrait_reels\clean\022__2025-09-20__TSC_vs_RVFC__PRESSURE_SHOT__t78000.00-t78600.00_portrait_FINAL.mp4" "-Aspect" "9x16"
[WhatIf] not executed
"powershell" "-NoProfile" "-ExecutionPolicy" "Bypass" "-File" "C:\Users\scott\soccer-video\tools\tsc_brand.ps1" "-In" "C:\Users\scott\soccer-video\out\atomic_clips\_quarantine\023__2025-09-20__TSC_vs_RVFC__PRESSURE_SHOT__t78960.00-t79740.00.mp4" "-Out" "C:\Users\scott\soccer-video\out\portrait_reels\clean\023__2025-09-20__TSC_vs_RVFC__PRESSURE_SHOT__t78960.00-t79740.00_portrait_FINAL.mp4" "-Aspect" "9x16"
[WhatIf] not executed
"powershell" "-NoProfile" "-ExecutionPolicy" "Bypass" "-File" "C:\Users\scott\soccer-video\tools\tsc_brand.ps1" "-In" "C:\Users\scott\soccer-video\out\atomic_clips\_quarantine\023__SHOT__t3098.90-t3108.80.mp4" "-Out" "C:\Users\scott\soccer-video\out\portrait_reels\clean\023__SHOT__t3098.90-t3108.80_portrait_FINAL.mp4" "-Aspect" "9x16"
[WhatIf] not executed
"powershell" "-NoProfile" "-ExecutionPolicy" "Bypass" "-File" "C:\Users\scott\soccer-video\tools\tsc_brand.ps1" "-In" "C:\Users\scott\soccer-video\out\atomic_clips\_quarantine\024__2025-09-20__TSC_vs_Greenwood__PRESSURE_SHOT__t2718000.00-t2754000.00.mp4" "-Out" "C:\Users\scott\soccer-video\out\portrait_reels\clean\024__2025-09-20__TSC_vs_Greenwood__PRESSURE_SHOT__t2718000.00-t2754000.00_portrait_FINAL.mp4" "-Aspect" "9x16"
[WhatIf] not executed
"powershell" "-NoProfile" "-ExecutionPolicy" "Bypass" "-File" "C:\Users\scott\soccer-video\tools\tsc_brand.ps1" "-In" "C:\Users\scott\soccer-video\out\atomic_clips\_quarantine\024__2025-09-20__TSC_vs_RVFC__FREE_KICK__t84120.00-t85260.00.mp4" "-Out" "C:\Users\scott\soccer-video\out\portrait_reels\clean\024__2025-09-20__TSC_vs_RVFC__FREE_KICK__t84120.00-t85260.00_portrait_FINAL.mp4" "-Aspect" "9x16"
[WhatIf] not executed
"powershell" "-NoProfile" "-ExecutionPolicy" "Bypass" "-File" "C:\Users\scott\soccer-video\tools\tsc_brand.ps1" "-In" "C:\Users\scott\soccer-video\out\atomic_clips\_quarantine\025__2025-09-20__TSC_vs_RVFC__PRESSURE_GOAL__t2203200.00-t2232000.00.mp4" "-Out" "C:\Users\scott\soccer-video\out\portrait_reels\clean\025__2025-09-20__TSC_vs_RVFC__PRESSURE_GOAL__t2203200.00-t2232000.00_portrait_FINAL.mp4" "-Aspect" "9x16"
[WhatIf] not executed
"powershell" "-NoProfile" "-ExecutionPolicy" "Bypass" "-File" "C:\Users\scott\soccer-video\tools\tsc_brand.ps1" "-In" "C:\Users\scott\soccer-video\out\atomic_clips\_quarantine\026__2025-09-20__TSC_vs_RVFC__DRIBBLING_SHOT__t2592000.00-t2628000.00.mp4" "-Out" "C:\Users\scott\soccer-video\out\portrait_reels\clean\026__2025-09-20__TSC_vs_RVFC__DRIBBLING_SHOT__t2592000.00-t2628000.00_portrait_FINAL.mp4" "-Aspect" "9x16"
[WhatIf] not executed
"powershell" "-NoProfile" "-ExecutionPolicy" "Bypass" "-File" "C:\Users\scott\soccer-video\tools\tsc_brand.ps1" "-In" "C:\Users\scott\soccer-video\out\atomic_clips\_quarantine\027__2025-09-20__TSC_vs_Greenwood__BUILD_UP_PLAY_SHOT__t2937600.00-t3002400.00.mp4" "-Out" "C:\Users\scott\soccer-video\out\portrait_reels\clean\027__2025-09-20__TSC_vs_Greenwood__BUILD_UP_PLAY_SHOT__t2937600.00-t3002400.00_portrait_FINAL.mp4" "-Aspect" "9x16"
[WhatIf] not executed
"powershell" "-NoProfile" "-ExecutionPolicy" "Bypass" "-File" "C:\Users\scott\soccer-video\tools\tsc_brand.ps1" "-In" "C:\Users\scott\soccer-video\out\atomic_clips\_quarantine\036__2025-09-20__TSC_vs_Greenwood__PRESSURE_SHOT__t3906000.00-t3942000.00.mp4" "-Out" "C:\Users\scott\soccer-video\out\portrait_reels\clean\036__2025-09-20__TSC_vs_Greenwood__PRESSURE_SHOT__t3906000.00-t3942000.00_portrait_FINAL.mp4" "-Aspect" "9x16"
[WhatIf] not executed
"powershell" "-NoProfile" "-ExecutionPolicy" "Bypass" "-File" "C:\Users\scott\soccer-video\tools\tsc_brand.ps1" "-In" "C:\Users\scott\soccer-video\out\atomic_clips\_quarantine\038__2025-09-20__TSC_vs_Greenwood__PRESSURE_SHOT__t4010400.00-t4086000.00.mp4" "-Out" "C:\Users\scott\soccer-video\out\portrait_reels\clean\038__2025-09-20__TSC_vs_Greenwood__PRESSURE_SHOT__t4010400.00-t4086000.00_portrait_FINAL.mp4" "-Aspect" "9x16"
[WhatIf] not executed
"powershell" "-NoProfile" "-ExecutionPolicy" "Bypass" "-File" "C:\Users\scott\soccer-video\tools\tsc_brand.ps1" "-In" "C:\Users\scott\soccer-video\out\atomic_clips\_quarantine\041__2025-09-20__TSC_vs_RVFC__CORNER__t3931200.00-t3967200.00.mp4" "-Out" "C:\Users\scott\soccer-video\out\portrait_reels\clean\041__2025-09-20__TSC_vs_RVFC__CORNER__t3931200.00-t3967200.00_portrait_FINAL.mp4" "-Aspect" "9x16"
[WhatIf] not executed
"powershell" "-NoProfile" "-ExecutionPolicy" "Bypass" "-File" "C:\Users\scott\soccer-video\tools\tsc_brand.ps1" "-In" "C:\Users\scott\soccer-video\out\atomic_clips\_quarantine\042__2025-09-20__TSC_vs_RVFC__CORNER__t3992400.00-t4057200.00.mp4" "-Out" "C:\Users\scott\soccer-video\out\portrait_reels\clean\042__2025-09-20__TSC_vs_RVFC__CORNER__t3992400.00-t4057200.00_portrait_FINAL.mp4" "-Aspect" "9x16"
[WhatIf] not executed
"powershell" "-NoProfile" "-ExecutionPolicy" "Bypass" "-File" "C:\Users\scott\soccer-video\tools\tsc_brand.ps1" "-In" "C:\Users\scott\soccer-video\out\atomic_clips\2025-09-13__TSC_vs_NEOFC\001__2025-09-13__TSC_vs_NEOFC__SHOT__t156-t166.mp4" "-Out" "C:\Users\scott\soccer-video\out\portrait_reels\clean\001__2025-09-13__TSC_vs_NEOFC__SHOT__t156-t166_portrait_FINAL.mp4" "-Aspect" "9x16"
[WhatIf] not executed
"powershell" "-NoProfile" "-ExecutionPolicy" "Bypass" "-File" "C:\Users\scott\soccer-video\tools\tsc_brand.ps1" "-In" "C:\Users\scott\soccer-video\out\atomic_clips\2025-09-13__TSC_vs_NEOFC\002__2025-09-13__TSC_vs_NEOFC__GOAL__t180.80-t191.20.__DEBUG_FINAL_portrait_FINAL.mp4" "-Out" "C:\Users\scott\soccer-video\out\portrait_reels\clean\002__2025-09-13__TSC_vs_NEOFC__GOAL__t180.80-t191.20.__DEBUG_FINAL_portrait_FINAL_portrait_FINAL.mp4" "-Aspect" "9x16"
[WhatIf] not executed
"powershell" "-NoProfile" "-ExecutionPolicy" "Bypass" "-File" "C:\Users\scott\soccer-video\tools\tsc_brand.ps1" "-In" "C:\Users\scott\soccer-video\out\atomic_clips\2025-09-13__TSC_vs_NEOFC\003__2025-09-13__TSC_vs_NEOFC__BUILD_UP__t224.80-t248.70.__DEBUG_FINAL_portrait_FINAL.mp4" "-Out" "C:\Users\scott\soccer-video\out\portrait_reels\clean\003__2025-09-13__TSC_vs_NEOFC__BUILD_UP__t224.80-t248.70.__DEBUG_FINAL_portrait_FINAL_portrait_FINAL.mp4" "-Aspect" "9x16"
[WhatIf] not executed
"powershell" "-NoProfile" "-ExecutionPolicy" "Bypass" "-File" "C:\Users\scott\soccer-video\tools\tsc_brand.ps1" "-In" "C:\Users\scott\soccer-video\out\atomic_clips\2025-09-13__TSC_vs_NEOFC\004__2025-09-13__TSC_vs_NEOFC__GOAL__t266.50-t283.10.__DEBUG_FINAL_portrait_FINAL.mp4" "-Out" "C:\Users\scott\soccer-video\out\portrait_reels\clean\004__2025-09-13__TSC_vs_NEOFC__GOAL__t266.50-t283.10.__DEBUG_FINAL_portrait_FINAL_portrait_FINAL.mp4" "-Aspect" "9x16"
[WhatIf] not executed
"powershell" "-NoProfile" "-ExecutionPolicy" "Bypass" "-File" "C:\Users\scott\soccer-video\tools\tsc_brand.ps1" "-In" "C:\Users\scott\soccer-video\out\atomic_clips\2025-09-13__TSC_vs_NEOFC\005__2025-09-13__TSC_vs_NEOFC__CORNER__t417.90-t431.60.__DEBUG_FINAL_portrait_FINAL.mp4" "-Out" "C:\Users\scott\soccer-video\out\portrait_reels\clean\005__2025-09-13__TSC_vs_NEOFC__CORNER__t417.90-t431.60.__DEBUG_FINAL_portrait_FINAL_portrait_FINAL.mp4" "-Aspect" "9x16"
[WhatIf] not executed
"powershell" "-NoProfile" "-ExecutionPolicy" "Bypass" "-File" "C:\Users\scott\soccer-video\tools\tsc_brand.ps1" "-In" "C:\Users\scott\soccer-video\out\atomic_clips\2025-09-13__TSC_vs_NEOFC\006__2025-09-13__TSC_vs_NEOFC__DEFENSE__t699.30-t711.50.__DEBUG_FINAL_portrait_FINAL.mp4" "-Out" "C:\Users\scott\soccer-video\out\portrait_reels\clean\006__2025-09-13__TSC_vs_NEOFC__DEFENSE__t699.30-t711.50.__DEBUG_FINAL_portrait_FINAL_portrait_FINAL.mp4" "-Aspect" "9x16"
[WhatIf] not executed
"powershell" "-NoProfile" "-ExecutionPolicy" "Bypass" "-File" "C:\Users\scott\soccer-video\tools\tsc_brand.ps1" "-In" "C:\Users\scott\soccer-video\out\atomic_clips\2025-09-13__TSC_vs_NEOFC\007__2025-09-13__TSC_vs_NEOFC__DRIBBLING__t982.00-t987.90_portrait_POST.mp4" "-Out" "C:\Users\scott\soccer-video\out\portrait_reels\clean\007__2025-09-13__TSC_vs_NEOFC__DRIBBLING__t982.00-t987.90_portrait_POST_portrait_FINAL.mp4" "-Aspect" "9x16"
[WhatIf] not executed
"powershell" "-NoProfile" "-ExecutionPolicy" "Bypass" "-File" "C:\Users\scott\soccer-video\tools\tsc_brand.ps1" "-In" "C:\Users\scott\soccer-video\out\atomic_clips\2025-09-13__TSC_vs_NEOFC\008__2025-09-13__TSC_vs_NEOFC__SHOT__t1247.80-t1259.20_portrait_POST.mp4" "-Out" "C:\Users\scott\soccer-video\out\portrait_reels\clean\008__2025-09-13__TSC_vs_NEOFC__SHOT__t1247.80-t1259.20_portrait_POST_portrait_FINAL.mp4" "-Aspect" "9x16"
[WhatIf] not executed
"powershell" "-NoProfile" "-ExecutionPolicy" "Bypass" "-File" "C:\Users\scott\soccer-video\tools\tsc_brand.ps1" "-In" "C:\Users\scott\soccer-video\out\atomic_clips\2025-09-13__TSC_vs_NEOFC\009__2025-09-13__TSC_vs_NEOFC__SHOT__t1420.40-t1438.20_portrait_POST.mp4" "-Out" "C:\Users\scott\soccer-video\out\portrait_reels\clean\009__2025-09-13__TSC_vs_NEOFC__SHOT__t1420.40-t1438.20_portrait_POST_portrait_FINAL.mp4" "-Aspect" "9x16"
[WhatIf] not executed
"powershell" "-NoProfile" "-ExecutionPolicy" "Bypass" "-File" "C:\Users\scott\soccer-video\tools\tsc_brand.ps1" "-In" "C:\Users\scott\soccer-video\out\atomic_clips\2025-09-13__TSC_vs_NEOFC\010__2025-09-13__TSC_vs_NEOFC__CROSS__t1541.10-t1547.90_portrait_POST.mp4" "-Out" "C:\Users\scott\soccer-video\out\portrait_reels\clean\010__2025-09-13__TSC_vs_NEOFC__CROSS__t1541.10-t1547.90_portrait_POST_portrait_FINAL.mp4" "-Aspect" "9x16"
[WhatIf] not executed
"powershell" "-NoProfile" "-ExecutionPolicy" "Bypass" "-File" "C:\Users\scott\soccer-video\tools\tsc_brand.ps1" "-In" "C:\Users\scott\soccer-video\out\atomic_clips\2025-09-13__TSC_vs_NEOFC\011__2025-09-13__TSC_vs_NEOFC__SHOTS__t1655.00-t1670.30_portrait_POST.mp4" "-Out" "C:\Users\scott\soccer-video\out\portrait_reels\clean\011__2025-09-13__TSC_vs_NEOFC__SHOTS__t1655.00-t1670.30_portrait_POST_portrait_FINAL.mp4" "-Aspect" "9x16"
[WhatIf] not executed
"powershell" "-NoProfile" "-ExecutionPolicy" "Bypass" "-File" "C:\Users\scott\soccer-video\tools\tsc_brand.ps1" "-In" "C:\Users\scott\soccer-video\out\atomic_clips\2025-09-13__TSC_vs_NEOFC\012__2025-09-13__TSC_vs_NEOFC__GOAL__t1705.20-t1708.50_portrait_POST.mp4" "-Out" "C:\Users\scott\soccer-video\out\portrait_reels\clean\012__2025-09-13__TSC_vs_NEOFC__GOAL__t1705.20-t1708.50_portrait_POST_portrait_FINAL.mp4" "-Aspect" "9x16"
[WhatIf] not executed
"powershell" "-NoProfile" "-ExecutionPolicy" "Bypass" "-File" "C:\Users\scott\soccer-video\tools\tsc_brand.ps1" "-In" "C:\Users\scott\soccer-video\out\atomic_clips\2025-09-13__TSC_vs_NEOFC\013__2025-09-13__TSC_vs_NEOFC__GOAL__t1767.50-t1772.60_portrait_POST.mp4" "-Out" "C:\Users\scott\soccer-video\out\portrait_reels\clean\013__2025-09-13__TSC_vs_NEOFC__GOAL__t1767.50-t1772.60_portrait_POST_portrait_FINAL.mp4" "-Aspect" "9x16"
[WhatIf] not executed
"powershell" "-NoProfile" "-ExecutionPolicy" "Bypass" "-File" "C:\Users\scott\soccer-video\tools\tsc_brand.ps1" "-In" "C:\Users\scott\soccer-video\out\atomic_clips\2025-09-13__TSC_vs_NEOFC\014__2025-09-13__TSC_vs_NEOFC__GOAL__t1904.20-t1925.20_portrait_POST.mp4" "-Out" "C:\Users\scott\soccer-video\out\portrait_reels\clean\014__2025-09-13__TSC_vs_NEOFC__GOAL__t1904.20-t1925.20_portrait_POST_portrait_FINAL.mp4" "-Aspect" "9x16"
[WhatIf] not executed
"powershell" "-NoProfile" "-ExecutionPolicy" "Bypass" "-File" "C:\Users\scott\soccer-video\tools\tsc_brand.ps1" "-In" "C:\Users\scott\soccer-video\out\atomic_clips\2025-09-13__TSC_vs_NEOFC\015__2025-09-13__TSC_vs_NEOFC__DRIBBLING__t1972.50-t1980.70_portrait_POST.mp4" "-Out" "C:\Users\scott\soccer-video\out\portrait_reels\clean\015__2025-09-13__TSC_vs_NEOFC__DRIBBLING__t1972.50-t1980.70_portrait_POST_portrait_FINAL.mp4" "-Aspect" "9x16"
[WhatIf] not executed
"powershell" "-NoProfile" "-ExecutionPolicy" "Bypass" "-File" "C:\Users\scott\soccer-video\tools\tsc_brand.ps1" "-In" "C:\Users\scott\soccer-video\out\atomic_clips\2025-09-13__TSC_vs_NEOFC\016__2025-09-13__TSC_vs_NEOFC__SHOT__t2029.90-t2039.50_portrait_POST.mp4" "-Out" "C:\Users\scott\soccer-video\out\portrait_reels\clean\016__2025-09-13__TSC_vs_NEOFC__SHOT__t2029.90-t2039.50_portrait_POST_portrait_FINAL.mp4" "-Aspect" "9x16"
[WhatIf] not executed
"powershell" "-NoProfile" "-ExecutionPolicy" "Bypass" "-File" "C:\Users\scott\soccer-video\tools\tsc_brand.ps1" "-In" "C:\Users\scott\soccer-video\out\atomic_clips\2025-09-13__TSC_vs_NEOFC\017__2025-09-13__TSC_vs_NEOFC__SHOT__t2284.90-t2298.20_portrait_POST.mp4" "-Out" "C:\Users\scott\soccer-video\out\portrait_reels\clean\017__2025-09-13__TSC_vs_NEOFC__SHOT__t2284.90-t2298.20_portrait_POST_portrait_FINAL.mp4" "-Aspect" "9x16"
[WhatIf] not executed
"powershell" "-NoProfile" "-ExecutionPolicy" "Bypass" "-File" "C:\Users\scott\soccer-video\tools\tsc_brand.ps1" "-In" "C:\Users\scott\soccer-video\out\atomic_clips\2025-09-13__TSC_vs_NEOFC\018__2025-09-13__TSC_vs_NEOFC__SHOT__t2419.50-t2425.60_portrait_POST.mp4" "-Out" "C:\Users\scott\soccer-video\out\portrait_reels\clean\018__2025-09-13__TSC_vs_NEOFC__SHOT__t2419.50-t2425.60_portrait_POST_portrait_FINAL.mp4" "-Aspect" "9x16"
[WhatIf] not executed
"powershell" "-NoProfile" "-ExecutionPolicy" "Bypass" "-File" "C:\Users\scott\soccer-video\tools\tsc_brand.ps1" "-In" "C:\Users\scott\soccer-video\out\atomic_clips\2025-09-13__TSC_vs_NEOFC\019__2025-09-13__TSC_vs_NEOFC__SHOT__t2633.00-t2638.10_portrait_POST.mp4" "-Out" "C:\Users\scott\soccer-video\out\portrait_reels\clean\019__2025-09-13__TSC_vs_NEOFC__SHOT__t2633.00-t2638.10_portrait_POST_portrait_FINAL.mp4" "-Aspect" "9x16"
[WhatIf] not executed
"powershell" "-NoProfile" "-ExecutionPolicy" "Bypass" "-File" "C:\Users\scott\soccer-video\tools\tsc_brand.ps1" "-In" "C:\Users\scott\soccer-video\out\atomic_clips\2025-09-13__TSC_vs_NEOFC\020__2025-09-13__TSC_vs_NEOFC__GOAL__t2816.60-t2831.80_portrait_POST.mp4" "-Out" "C:\Users\scott\soccer-video\out\portrait_reels\clean\020__2025-09-13__TSC_vs_NEOFC__GOAL__t2816.60-t2831.80_portrait_POST_portrait_FINAL.mp4" "-Aspect" "9x16"
[WhatIf] not executed
"powershell" "-NoProfile" "-ExecutionPolicy" "Bypass" "-File" "C:\Users\scott\soccer-video\tools\tsc_brand.ps1" "-In" "C:\Users\scott\soccer-video\out\atomic_clips\2025-09-13__TSC_vs_NEOFC\021__2025-09-13__TSC_vs_NEOFC__SHOT__t2860.70-t2873.00_portrait_POST.mp4" "-Out" "C:\Users\scott\soccer-video\out\portrait_reels\clean\021__2025-09-13__TSC_vs_NEOFC__SHOT__t2860.70-t2873.00_portrait_POST_portrait_FINAL.mp4" "-Aspect" "9x16"
[WhatIf] not executed
"powershell" "-NoProfile" "-ExecutionPolicy" "Bypass" "-File" "C:\Users\scott\soccer-video\tools\tsc_brand.ps1" "-In" "C:\Users\scott\soccer-video\out\atomic_clips\2025-09-13__TSC_vs_NEOFC\023__2025-09-13__TSC_vs_NEOFC__SHOT__t3098.90-t3108.80_portrait_POST.mp4" "-Out" "C:\Users\scott\soccer-video\out\portrait_reels\clean\023__2025-09-13__TSC_vs_NEOFC__SHOT__t3098.90-t3108.80_portrait_POST_portrait_FINAL.mp4" "-Aspect" "9x16"
[WhatIf] not executed
"powershell" "-NoProfile" "-ExecutionPolicy" "Bypass" "-File" "C:\Users\scott\soccer-video\tools\tsc_brand.ps1" "-In" "C:\Users\scott\soccer-video\out\atomic_clips\2025-09-13__TSC_vs_NEOFC\030__2025-09-13__TSC_vs_NEOFC__2025-10-04__TSC_vs_FC_Tulsa_Black__BUILD_UP_SHOT__t1705-t1721.mp4" "-Out" "C:\Users\scott\soccer-video\out\portrait_reels\clean\030__2025-09-13__TSC_vs_NEOFC__2025-10-04__TSC_vs_FC_Tulsa_Black__BUILD_UP_SHOT__t1705-t1721_portrait_FINAL.mp4" "-Aspect" "9x16"
[WhatIf] not executed
"powershell" "-NoProfile" "-ExecutionPolicy" "Bypass" "-File" "C:\Users\scott\soccer-video\tools\tsc_brand.ps1" "-In" "C:\Users\scott\soccer-video\out\atomic_clips\2025-09-13__TSC_vs_NEOFC\115__2025-09-13__TSC_vs_NEOFC__SHOT__t155.5-t166.4.mp4" "-Out" "C:\Users\scott\soccer-video\out\portrait_reels\clean\115__2025-09-13__TSC_vs_NEOFC__SHOT__t155.5-t166.4_portrait_FINAL.mp4" "-Aspect" "9x16"
[WhatIf] not executed
"powershell" "-NoProfile" "-ExecutionPolicy" "Bypass" "-File" "C:\Users\scott\soccer-video\tools\tsc_brand.ps1" "-In" "C:\Users\scott\soccer-video\out\upscaled\001__2025-09-20__TSC_vs_Greenwood__BUILD_UP_PLAY_SHOT__t18900.00-t20340.00__x2.mp4" "-Out" "C:\Users\scott\soccer-video\out\portrait_reels\clean\001__2025-09-20__TSC_vs_Greenwood__BUILD_UP_PLAY_SHOT__t18900.00-t20340.00_portrait_FINAL.mp4" "-Aspect" "9x16"
[WhatIf] not executed
"powershell" "-NoProfile" "-ExecutionPolicy" "Bypass" "-File" "C:\Users\scott\soccer-video\tools\tsc_brand.ps1" "-In" "C:\Users\scott\soccer-video\out\atomic_clips\2025-09-20__TSC_vs_Greenwood\002__2025-09-20__TSC_vs_Greenwood__GOAL__t20400.00-t21180.00.mp4" "-Out" "C:\Users\scott\soccer-video\out\portrait_reels\clean\002__2025-09-20__TSC_vs_Greenwood__GOAL__t20400.00-t21180.00_portrait_FINAL.mp4" "-Aspect" "9x16"
[WhatIf] not executed
"powershell" "-NoProfile" "-ExecutionPolicy" "Bypass" "-File" "C:\Users\scott\soccer-video\tools\tsc_brand.ps1" "-In" "C:\Users\scott\soccer-video\out\atomic_clips\2025-09-20__TSC_vs_Greenwood\021__2025-09-20__TSC_vs_Greenwood__BUILD_UP_PLAY_SHOT__t1437.00-t1472.00_portrait_POST.mp4" "-Out" "C:\Users\scott\soccer-video\out\portrait_reels\clean\021__2025-09-20__TSC_vs_Greenwood__BUILD_UP_PLAY_SHOT__t1437.00-t1472.00_portrait_POST_portrait_FINAL.mp4" "-Aspect" "9x16"
[WhatIf] not executed
"powershell" "-NoProfile" "-ExecutionPolicy" "Bypass" "-File" "C:\Users\scott\soccer-video\tools\tsc_brand.ps1" "-In" "C:\Users\scott\soccer-video\out\atomic_clips\2025-09-20__TSC_vs_Greenwood\022__2025-09-20__TSC_vs_Greenwood__GOAL__t1578.00-t1586.00_portrait_POST.mp4" "-Out" "C:\Users\scott\soccer-video\out\portrait_reels\clean\022__2025-09-20__TSC_vs_Greenwood__GOAL__t1578.00-t1586.00_portrait_POST_portrait_FINAL.mp4" "-Aspect" "9x16"
[WhatIf] not executed
"powershell" "-NoProfile" "-ExecutionPolicy" "Bypass" "-File" "C:\Users\scott\soccer-video\tools\tsc_brand.ps1" "-In" "C:\Users\scott\soccer-video\out\atomic_clips\2025-09-20__TSC_vs_Greenwood\023__2025-09-20__TSC_vs_Greenwood__BUILD_UP_PLAY_SHOT__t1711.00-t1722.00_portrait_POST.mp4" "-Out" "C:\Users\scott\soccer-video\out\portrait_reels\clean\023__2025-09-20__TSC_vs_Greenwood__BUILD_UP_PLAY_SHOT__t1711.00-t1722.00_portrait_POST_portrait_FINAL.mp4" "-Aspect" "9x16"
[WhatIf] not executed
"powershell" "-NoProfile" "-ExecutionPolicy" "Bypass" "-File" "C:\Users\scott\soccer-video\tools\tsc_brand.ps1" "-In" "C:\Users\scott\soccer-video\out\atomic_clips\2025-09-20__TSC_vs_Greenwood\024__2025-09-20__TSC_vs_Greenwood__PRESSURE_SHOT__t1871.00-t1881.00_portrait_POST.mp4" "-Out" "C:\Users\scott\soccer-video\out\portrait_reels\clean\024__2025-09-20__TSC_vs_Greenwood__PRESSURE_SHOT__t1871.00-t1881.00_portrait_POST_portrait_FINAL.mp4" "-Aspect" "9x16"
[WhatIf] not executed
"powershell" "-NoProfile" "-ExecutionPolicy" "Bypass" "-File" "C:\Users\scott\soccer-video\tools\tsc_brand.ps1" "-In" "C:\Users\scott\soccer-video\out\atomic_clips\2025-09-20__TSC_vs_Greenwood\024__2025-09-20__TSC_vs_Greenwood__PRESSURE_SHOT__t2718000.00-t2754000.00.mp4" "-Out" "C:\Users\scott\soccer-video\out\portrait_reels\clean\024__2025-09-20__TSC_vs_Greenwood__PRESSURE_SHOT__t2718000.00-t2754000.00_portrait_FINAL.mp4" "-Aspect" "9x16"
[WhatIf] not executed
"powershell" "-NoProfile" "-ExecutionPolicy" "Bypass" "-File" "C:\Users\scott\soccer-video\tools\tsc_brand.ps1" "-In" "C:\Users\scott\soccer-video\out\atomic_clips\2025-09-20__TSC_vs_Greenwood\025__2025-09-20__TSC_vs_Greenwood__GOAL__t1885.00-t1895.00_portrait_POST.mp4" "-Out" "C:\Users\scott\soccer-video\out\portrait_reels\clean\025__2025-09-20__TSC_vs_Greenwood__GOAL__t1885.00-t1895.00_portrait_POST_portrait_FINAL.mp4" "-Aspect" "9x16"
[WhatIf] not executed
"powershell" "-NoProfile" "-ExecutionPolicy" "Bypass" "-File" "C:\Users\scott\soccer-video\tools\tsc_brand.ps1" "-In" "C:\Users\scott\soccer-video\out\atomic_clips\2025-09-20__TSC_vs_Greenwood\026__2025-09-20__TSC_vs_Greenwood__PRESSURE_SHOT__t1951.00-t1962.00_portrait_POST.mp4" "-Out" "C:\Users\scott\soccer-video\out\portrait_reels\clean\026__2025-09-20__TSC_vs_Greenwood__PRESSURE_SHOT__t1951.00-t1962.00_portrait_POST_portrait_FINAL.mp4" "-Aspect" "9x16"
[WhatIf] not executed
"powershell" "-NoProfile" "-ExecutionPolicy" "Bypass" "-File" "C:\Users\scott\soccer-video\tools\tsc_brand.ps1" "-In" "C:\Users\scott\soccer-video\out\atomic_clips\2025-09-20__TSC_vs_Greenwood\027__2025-09-20__TSC_vs_Greenwood__BUILD_UP_PLAY_SHOT__t2040.00-t2058.00_portrait_POST.mp4" "-Out" "C:\Users\scott\soccer-video\out\portrait_reels\clean\027__2025-09-20__TSC_vs_Greenwood__BUILD_UP_PLAY_SHOT__t2040.00-t2058.00_portrait_POST_portrait_FINAL.mp4" "-Aspect" "9x16"
[WhatIf] not executed
"powershell" "-NoProfile" "-ExecutionPolicy" "Bypass" "-File" "C:\Users\scott\soccer-video\tools\tsc_brand.ps1" "-In" "C:\Users\scott\soccer-video\out\atomic_clips\2025-09-20__TSC_vs_Greenwood\027__2025-09-20__TSC_vs_Greenwood__BUILD_UP_PLAY_SHOT__t2937600.00-t3002400.00.mp4" "-Out" "C:\Users\scott\soccer-video\out\portrait_reels\clean\027__2025-09-20__TSC_vs_Greenwood__BUILD_UP_PLAY_SHOT__t2937600.00-t3002400.00_portrait_FINAL.mp4" "-Aspect" "9x16"
[WhatIf] not executed
"powershell" "-NoProfile" "-ExecutionPolicy" "Bypass" "-File" "C:\Users\scott\soccer-video\tools\tsc_brand.ps1" "-In" "C:\Users\scott\soccer-video\out\atomic_clips\2025-09-20__TSC_vs_Greenwood\028__2025-09-20__TSC_vs_Greenwood__BUILD_UP_PLAY_SHOT__t2092.00-t2105.00_portrait_POST.mp4" "-Out" "C:\Users\scott\soccer-video\out\portrait_reels\clean\028__2025-09-20__TSC_vs_Greenwood__BUILD_UP_PLAY_SHOT__t2092.00-t2105.00_portrait_POST_portrait_FINAL.mp4" "-Aspect" "9x16"
[WhatIf] not executed
"powershell" "-NoProfile" "-ExecutionPolicy" "Bypass" "-File" "C:\Users\scott\soccer-video\tools\tsc_brand.ps1" "-In" "C:\Users\scott\soccer-video\out\atomic_clips\2025-09-20__TSC_vs_Greenwood\029__2025-09-20__TSC_vs_Greenwood__BUILD_UP_PLAY_SHOT__t2134.00-t2152.00_portrait_POST.mp4" "-Out" "C:\Users\scott\soccer-video\out\portrait_reels\clean\029__2025-09-20__TSC_vs_Greenwood__BUILD_UP_PLAY_SHOT__t2134.00-t2152.00_portrait_POST_portrait_FINAL.mp4" "-Aspect" "9x16"
[WhatIf] not executed
"powershell" "-NoProfile" "-ExecutionPolicy" "Bypass" "-File" "C:\Users\scott\soccer-video\tools\tsc_brand.ps1" "-In" "C:\Users\scott\soccer-video\out\atomic_clips\2025-09-20__TSC_vs_Greenwood\030__2025-09-20__TSC_vs_Greenwood__FREE_KICK_WON_GOAL__t2175.00-t2211.00_portrait_POST.mp4" "-Out" "C:\Users\scott\soccer-video\out\portrait_reels\clean\030__2025-09-20__TSC_vs_Greenwood__FREE_KICK_WON_GOAL__t2175.00-t2211.00_portrait_POST_portrait_FINAL.mp4" "-Aspect" "9x16"
[WhatIf] not executed
"powershell" "-NoProfile" "-ExecutionPolicy" "Bypass" "-File" "C:\Users\scott\soccer-video\tools\tsc_brand.ps1" "-In" "C:\Users\scott\soccer-video\out\atomic_clips\2025-09-20__TSC_vs_Greenwood\031__2025-09-20__TSC_vs_Greenwood__BUILD_UP_PLAY_SHOT__t2245.00-t2266.00_portrait_POST.mp4" "-Out" "C:\Users\scott\soccer-video\out\portrait_reels\clean\031__2025-09-20__TSC_vs_Greenwood__BUILD_UP_PLAY_SHOT__t2245.00-t2266.00_portrait_POST_portrait_FINAL.mp4" "-Aspect" "9x16"
[WhatIf] not executed
"powershell" "-NoProfile" "-ExecutionPolicy" "Bypass" "-File" "C:\Users\scott\soccer-video\tools\tsc_brand.ps1" "-In" "C:\Users\scott\soccer-video\out\atomic_clips\2025-09-20__TSC_vs_Greenwood\032__2025-09-20__TSC_vs_Greenwood__BUILD_UP_PLAY_SHOT__t2544.00-t2561.00_portrait_POST.mp4" "-Out" "C:\Users\scott\soccer-video\out\portrait_reels\clean\032__2025-09-20__TSC_vs_Greenwood__BUILD_UP_PLAY_SHOT__t2544.00-t2561.00_portrait_POST_portrait_FINAL.mp4" "-Aspect" "9x16"
[WhatIf] not executed
"powershell" "-NoProfile" "-ExecutionPolicy" "Bypass" "-File" "C:\Users\scott\soccer-video\tools\tsc_brand.ps1" "-In" "C:\Users\scott\soccer-video\out\atomic_clips\2025-09-20__TSC_vs_Greenwood\033__2025-09-20__TSC_vs_Greenwood__GOAL__t2562.00-t2582.00_portrait_POST.mp4" "-Out" "C:\Users\scott\soccer-video\out\portrait_reels\clean\033__2025-09-20__TSC_vs_Greenwood__GOAL__t2562.00-t2582.00_portrait_POST_portrait_FINAL.mp4" "-Aspect" "9x16"
[WhatIf] not executed
"powershell" "-NoProfile" "-ExecutionPolicy" "Bypass" "-File" "C:\Users\scott\soccer-video\tools\tsc_brand.ps1" "-In" "C:\Users\scott\soccer-video\out\atomic_clips\2025-09-20__TSC_vs_Greenwood\034__2025-09-20__TSC_vs_Greenwood__PRESSURE_SHOT__t2646.00-t2665.00_portrait_POST.mp4" "-Out" "C:\Users\scott\soccer-video\out\portrait_reels\clean\034__2025-09-20__TSC_vs_Greenwood__PRESSURE_SHOT__t2646.00-t2665.00_portrait_POST_portrait_FINAL.mp4" "-Aspect" "9x16"
[WhatIf] not executed
"powershell" "-NoProfile" "-ExecutionPolicy" "Bypass" "-File" "C:\Users\scott\soccer-video\tools\tsc_brand.ps1" "-In" "C:\Users\scott\soccer-video\out\atomic_clips\2025-09-20__TSC_vs_Greenwood\035__2025-09-20__TSC_vs_Greenwood__CORNER__t2687.00-t2701.00_portrait_POST.mp4" "-Out" "C:\Users\scott\soccer-video\out\portrait_reels\clean\035__2025-09-20__TSC_vs_Greenwood__CORNER__t2687.00-t2701.00_portrait_POST_portrait_FINAL.mp4" "-Aspect" "9x16"
[WhatIf] not executed
"powershell" "-NoProfile" "-ExecutionPolicy" "Bypass" "-File" "C:\Users\scott\soccer-video\tools\tsc_brand.ps1" "-In" "C:\Users\scott\soccer-video\out\atomic_clips\2025-09-20__TSC_vs_Greenwood\036__2025-09-20__TSC_vs_Greenwood__PRESSURE_SHOT__t2705.00-t2715.00_portrait_POST.mp4" "-Out" "C:\Users\scott\soccer-video\out\portrait_reels\clean\036__2025-09-20__TSC_vs_Greenwood__PRESSURE_SHOT__t2705.00-t2715.00_portrait_POST_portrait_FINAL.mp4" "-Aspect" "9x16"
[WhatIf] not executed
"powershell" "-NoProfile" "-ExecutionPolicy" "Bypass" "-File" "C:\Users\scott\soccer-video\tools\tsc_brand.ps1" "-In" "C:\Users\scott\soccer-video\out\atomic_clips\2025-09-20__TSC_vs_Greenwood\037__2025-09-20__TSC_vs_Greenwood__PRESSURE_GOAL__t2729.00-t2749.00_portrait_POST.mp4" "-Out" "C:\Users\scott\soccer-video\out\portrait_reels\clean\037__2025-09-20__TSC_vs_Greenwood__PRESSURE_GOAL__t2729.00-t2749.00_portrait_POST_portrait_FINAL.mp4" "-Aspect" "9x16"
[WhatIf] not executed
"powershell" "-NoProfile" "-ExecutionPolicy" "Bypass" "-File" "C:\Users\scott\soccer-video\tools\tsc_brand.ps1" "-In" "C:\Users\scott\soccer-video\out\atomic_clips\2025-09-20__TSC_vs_Greenwood\038__2025-09-20__TSC_vs_Greenwood__PRESSURE_SHOT__t2770.00-t2827.00_portrait_POST.mp4" "-Out" "C:\Users\scott\soccer-video\out\portrait_reels\clean\038__2025-09-20__TSC_vs_Greenwood__PRESSURE_SHOT__t2770.00-t2827.00_portrait_POST_portrait_FINAL.mp4" "-Aspect" "9x16"
[WhatIf] not executed
"powershell" "-NoProfile" "-ExecutionPolicy" "Bypass" "-File" "C:\Users\scott\soccer-video\tools\tsc_brand.ps1" "-In" "C:\Users\scott\soccer-video\out\atomic_clips\2025-09-20__TSC_vs_Greenwood\039__2025-09-20__TSC_vs_Greenwood__BUILD_UP_PLAY_SHOT__t2894.00-t2914.00_portrait_POST.mp4" "-Out" "C:\Users\scott\soccer-video\out\portrait_reels\clean\039__2025-09-20__TSC_vs_Greenwood__BUILD_UP_PLAY_SHOT__t2894.00-t2914.00_portrait_POST_portrait_FINAL.mp4" "-Aspect" "9x16"
[WhatIf] not executed
"powershell" "-NoProfile" "-ExecutionPolicy" "Bypass" "-File" "C:\Users\scott\soccer-video\tools\tsc_brand.ps1" "-In" "C:\Users\scott\soccer-video\out\upscaled\001__2025-09-20__TSC_vs_RVFC__SHOT__t7320.00-t7860.00__x2.mp4" "-Out" "C:\Users\scott\soccer-video\out\portrait_reels\clean\001__2025-09-20__TSC_vs_RVFC__SHOT__t7320.00-t7860.00_portrait_FINAL.mp4" "-Aspect" "9x16"
[WhatIf] not executed
"powershell" "-NoProfile" "-ExecutionPolicy" "Bypass" "-File" "C:\Users\scott\soccer-video\tools\tsc_brand.ps1" "-In" "C:\Users\scott\soccer-video\out\atomic_clips\2025-09-20__TSC_vs_RVFC\002__2025-09-20__TSC_vs_RVFC__PRESSURE_SHOT__t7920.00-t8880.00.mp4" "-Out" "C:\Users\scott\soccer-video\out\portrait_reels\clean\002__2025-09-20__TSC_vs_RVFC__PRESSURE_SHOT__t7920.00-t8880.00_portrait_FINAL.mp4" "-Aspect" "9x16"
[WhatIf] not executed
"powershell" "-NoProfile" "-ExecutionPolicy" "Bypass" "-File" "C:\Users\scott\soccer-video\tools\tsc_brand.ps1" "-In" "C:\Users\scott\soccer-video\out\atomic_clips\2025-09-20__TSC_vs_RVFC\003__2025-09-20__TSC_vs_RVFC__PRESSURE_SHOT__t15480.00-t16260.00.mp4" "-Out" "C:\Users\scott\soccer-video\out\portrait_reels\clean\003__2025-09-20__TSC_vs_RVFC__PRESSURE_SHOT__t15480.00-t16260.00_portrait_FINAL.mp4" "-Aspect" "9x16"
[WhatIf] not executed
"powershell" "-NoProfile" "-ExecutionPolicy" "Bypass" "-File" "C:\Users\scott\soccer-video\tools\tsc_brand.ps1" "-In" "C:\Users\scott\soccer-video\out\atomic_clips\2025-09-20__TSC_vs_RVFC\004__2025-09-20__TSC_vs_RVFC__PRESSURE_GOAL__t17880.00-t18720.00.mp4" "-Out" "C:\Users\scott\soccer-video\out\portrait_reels\clean\004__2025-09-20__TSC_vs_RVFC__PRESSURE_GOAL__t17880.00-t18720.00_portrait_FINAL.mp4" "-Aspect" "9x16"
[WhatIf] not executed
"powershell" "-NoProfile" "-ExecutionPolicy" "Bypass" "-File" "C:\Users\scott\soccer-video\tools\tsc_brand.ps1" "-In" "C:\Users\scott\soccer-video\out\atomic_clips\2025-09-20__TSC_vs_RVFC\005__2025-09-20__TSC_vs_RVFC__BUILD_UP_PLAY_SHOT__t21000.00-t22020.00.mp4" "-Out" "C:\Users\scott\soccer-video\out\portrait_reels\clean\005__2025-09-20__TSC_vs_RVFC__BUILD_UP_PLAY_SHOT__t21000.00-t22020.00_portrait_FINAL.mp4" "-Aspect" "9x16"
[WhatIf] not executed
"powershell" "-NoProfile" "-ExecutionPolicy" "Bypass" "-File" "C:\Users\scott\soccer-video\tools\tsc_brand.ps1" "-In" "C:\Users\scott\soccer-video\out\atomic_clips\2025-09-20__TSC_vs_RVFC\025__2025-09-20__TSC_vs_RVFC__PRESSURE_GOAL__t1512.00-t1520.00_portrait_POST.mp4" "-Out" "C:\Users\scott\soccer-video\out\portrait_reels\clean\025__2025-09-20__TSC_vs_RVFC__PRESSURE_GOAL__t1512.00-t1520.00_portrait_POST_portrait_FINAL.mp4" "-Aspect" "9x16"
[WhatIf] not executed
"powershell" "-NoProfile" "-ExecutionPolicy" "Bypass" "-File" "C:\Users\scott\soccer-video\tools\tsc_brand.ps1" "-In" "C:\Users\scott\soccer-video\out\atomic_clips\2025-09-20__TSC_vs_RVFC\025__2025-09-20__TSC_vs_RVFC__PRESSURE_GOAL__t2203200.00-t2232000.00.mp4" "-Out" "C:\Users\scott\soccer-video\out\portrait_reels\clean\025__2025-09-20__TSC_vs_RVFC__PRESSURE_GOAL__t2203200.00-t2232000.00_portrait_FINAL.mp4" "-Aspect" "9x16"
[WhatIf] not executed
"powershell" "-NoProfile" "-ExecutionPolicy" "Bypass" "-File" "C:\Users\scott\soccer-video\tools\tsc_brand.ps1" "-In" "C:\Users\scott\soccer-video\out\atomic_clips\2025-09-20__TSC_vs_RVFC\026__2025-09-20__TSC_vs_RVFC__DRIBBLING_SHOT__t1800.00-t1810.00_portrait_POST.mp4" "-Out" "C:\Users\scott\soccer-video\out\portrait_reels\clean\026__2025-09-20__TSC_vs_RVFC__DRIBBLING_SHOT__t1800.00-t1810.00_portrait_POST_portrait_FINAL.mp4" "-Aspect" "9x16"
[WhatIf] not executed
"powershell" "-NoProfile" "-ExecutionPolicy" "Bypass" "-File" "C:\Users\scott\soccer-video\tools\tsc_brand.ps1" "-In" "C:\Users\scott\soccer-video\out\atomic_clips\2025-09-20__TSC_vs_RVFC\026__2025-09-20__TSC_vs_RVFC__DRIBBLING_SHOT__t2592000.00-t2628000.00.mp4" "-Out" "C:\Users\scott\soccer-video\out\portrait_reels\clean\026__2025-09-20__TSC_vs_RVFC__DRIBBLING_SHOT__t2592000.00-t2628000.00_portrait_FINAL.mp4" "-Aspect" "9x16"
[WhatIf] not executed
"powershell" "-NoProfile" "-ExecutionPolicy" "Bypass" "-File" "C:\Users\scott\soccer-video\tools\tsc_brand.ps1" "-In" "C:\Users\scott\soccer-video\out\atomic_clips\2025-09-20__TSC_vs_RVFC\027__2025-09-20__TSC_vs_RVFC__SHOT__t1827.00-t1834.00_portrait_POST.mp4" "-Out" "C:\Users\scott\soccer-video\out\portrait_reels\clean\027__2025-09-20__TSC_vs_RVFC__SHOT__t1827.00-t1834.00_portrait_POST_portrait_FINAL.mp4" "-Aspect" "9x16"
[WhatIf] not executed
"powershell" "-NoProfile" "-ExecutionPolicy" "Bypass" "-File" "C:\Users\scott\soccer-video\tools\tsc_brand.ps1" "-In" "C:\Users\scott\soccer-video\out\atomic_clips\2025-09-20__TSC_vs_RVFC\028__2025-09-20__TSC_vs_RVFC__CORNER__t1852.00-t1875.00_portrait_POST.mp4" "-Out" "C:\Users\scott\soccer-video\out\portrait_reels\clean\028__2025-09-20__TSC_vs_RVFC__CORNER__t1852.00-t1875.00_portrait_POST_portrait_FINAL.mp4" "-Aspect" "9x16"
[WhatIf] not executed
"powershell" "-NoProfile" "-ExecutionPolicy" "Bypass" "-File" "C:\Users\scott\soccer-video\tools\tsc_brand.ps1" "-In" "C:\Users\scott\soccer-video\out\atomic_clips\2025-09-20__TSC_vs_RVFC\029__2025-09-20__TSC_vs_RVFC__PRESSURE_SHOT__t1883.00-t1893.00_portrait_POST.mp4" "-Out" "C:\Users\scott\soccer-video\out\portrait_reels\clean\029__2025-09-20__TSC_vs_RVFC__PRESSURE_SHOT__t1883.00-t1893.00_portrait_POST_portrait_FINAL.mp4" "-Aspect" "9x16"
[WhatIf] not executed
"powershell" "-NoProfile" "-ExecutionPolicy" "Bypass" "-File" "C:\Users\scott\soccer-video\tools\tsc_brand.ps1" "-In" "C:\Users\scott\soccer-video\out\atomic_clips\2025-09-20__TSC_vs_RVFC\030__2025-09-20__TSC_vs_RVFC__PRESSURE_SHOT__t1898.00-t1911.00_portrait_POST.mp4" "-Out" "C:\Users\scott\soccer-video\out\portrait_reels\clean\030__2025-09-20__TSC_vs_RVFC__PRESSURE_SHOT__t1898.00-t1911.00_portrait_POST_portrait_FINAL.mp4" "-Aspect" "9x16"
[WhatIf] not executed
"powershell" "-NoProfile" "-ExecutionPolicy" "Bypass" "-File" "C:\Users\scott\soccer-video\tools\tsc_brand.ps1" "-In" "C:\Users\scott\soccer-video\out\atomic_clips\2025-09-20__TSC_vs_RVFC\031__2025-09-20__TSC_vs_RVFC__PRESSURE_SHOT__t1964.00-t1975.00_portrait_POST.mp4" "-Out" "C:\Users\scott\soccer-video\out\portrait_reels\clean\031__2025-09-20__TSC_vs_RVFC__PRESSURE_SHOT__t1964.00-t1975.00_portrait_POST_portrait_FINAL.mp4" "-Aspect" "9x16"
[WhatIf] not executed
"powershell" "-NoProfile" "-ExecutionPolicy" "Bypass" "-File" "C:\Users\scott\soccer-video\tools\tsc_brand.ps1" "-In" "C:\Users\scott\soccer-video\out\atomic_clips\2025-09-20__TSC_vs_RVFC\032__2025-09-20__TSC_vs_RVFC__BUILD_UP_PLAY_SHOT__t2034.00-t2057.00_portrait_POST.mp4" "-Out" "C:\Users\scott\soccer-video\out\portrait_reels\clean\032__2025-09-20__TSC_vs_RVFC__BUILD_UP_PLAY_SHOT__t2034.00-t2057.00_portrait_POST_portrait_FINAL.mp4" "-Aspect" "9x16"
[WhatIf] not executed
"powershell" "-NoProfile" "-ExecutionPolicy" "Bypass" "-File" "C:\Users\scott\soccer-video\tools\tsc_brand.ps1" "-In" "C:\Users\scott\soccer-video\out\atomic_clips\2025-09-20__TSC_vs_RVFC\033__2025-09-20__TSC_vs_RVFC__BUILD_UP_PLAY_SHOT__t2131.00-t2150.00_portrait_POST.mp4" "-Out" "C:\Users\scott\soccer-video\out\portrait_reels\clean\033__2025-09-20__TSC_vs_RVFC__BUILD_UP_PLAY_SHOT__t2131.00-t2150.00_portrait_POST_portrait_FINAL.mp4" "-Aspect" "9x16"
[WhatIf] not executed
"powershell" "-NoProfile" "-ExecutionPolicy" "Bypass" "-File" "C:\Users\scott\soccer-video\tools\tsc_brand.ps1" "-In" "C:\Users\scott\soccer-video\out\atomic_clips\2025-09-20__TSC_vs_RVFC\034__2025-09-20__TSC_vs_RVFC__PRESSURE_GOAL__t2158.00-t2169.00_portrait_POST.mp4" "-Out" "C:\Users\scott\soccer-video\out\portrait_reels\clean\034__2025-09-20__TSC_vs_RVFC__PRESSURE_GOAL__t2158.00-t2169.00_portrait_POST_portrait_FINAL.mp4" "-Aspect" "9x16"
[WhatIf] not executed
"powershell" "-NoProfile" "-ExecutionPolicy" "Bypass" "-File" "C:\Users\scott\soccer-video\tools\tsc_brand.ps1" "-In" "C:\Users\scott\soccer-video\out\atomic_clips\2025-09-20__TSC_vs_RVFC\035__2025-09-20__TSC_vs_RVFC__BUILD_UP_PLAY_SHOT__t2297.00-t2312.00_portrait_POST.mp4" "-Out" "C:\Users\scott\soccer-video\out\portrait_reels\clean\035__2025-09-20__TSC_vs_RVFC__BUILD_UP_PLAY_SHOT__t2297.00-t2312.00_portrait_POST_portrait_FINAL.mp4" "-Aspect" "9x16"
[WhatIf] not executed
"powershell" "-NoProfile" "-ExecutionPolicy" "Bypass" "-File" "C:\Users\scott\soccer-video\tools\tsc_brand.ps1" "-In" "C:\Users\scott\soccer-video\out\atomic_clips\2025-09-20__TSC_vs_RVFC\036__2025-09-20__TSC_vs_RVFC__PRESSURE_GOAL__t2348.00-t2367.00_portrait_POST.mp4" "-Out" "C:\Users\scott\soccer-video\out\portrait_reels\clean\036__2025-09-20__TSC_vs_RVFC__PRESSURE_GOAL__t2348.00-t2367.00_portrait_POST_portrait_FINAL.mp4" "-Aspect" "9x16"
[WhatIf] not executed
"powershell" "-NoProfile" "-ExecutionPolicy" "Bypass" "-File" "C:\Users\scott\soccer-video\tools\tsc_brand.ps1" "-In" "C:\Users\scott\soccer-video\out\atomic_clips\2025-09-20__TSC_vs_RVFC\037__2025-09-20__TSC_vs_RVFC__PRESSURE_SHOT__t2388.00-t2397.00_portrait_POST.mp4" "-Out" "C:\Users\scott\soccer-video\out\portrait_reels\clean\037__2025-09-20__TSC_vs_RVFC__PRESSURE_SHOT__t2388.00-t2397.00_portrait_POST_portrait_FINAL.mp4" "-Aspect" "9x16"
[WhatIf] not executed
"powershell" "-NoProfile" "-ExecutionPolicy" "Bypass" "-File" "C:\Users\scott\soccer-video\tools\tsc_brand.ps1" "-In" "C:\Users\scott\soccer-video\out\atomic_clips\2025-09-20__TSC_vs_RVFC\038__2025-09-20__TSC_vs_RVFC__PRESSURE_GOAL__t2411.00-t2431.00_portrait_POST.mp4" "-Out" "C:\Users\scott\soccer-video\out\portrait_reels\clean\038__2025-09-20__TSC_vs_RVFC__PRESSURE_GOAL__t2411.00-t2431.00_portrait_POST_portrait_FINAL.mp4" "-Aspect" "9x16"
[WhatIf] not executed
"powershell" "-NoProfile" "-ExecutionPolicy" "Bypass" "-File" "C:\Users\scott\soccer-video\tools\tsc_brand.ps1" "-In" "C:\Users\scott\soccer-video\out\atomic_clips\2025-09-20__TSC_vs_RVFC\039__2025-09-20__TSC_vs_RVFC__PRESSURE_GOAL__t2485.00-t2506.00_portrait_POST.mp4" "-Out" "C:\Users\scott\soccer-video\out\portrait_reels\clean\039__2025-09-20__TSC_vs_RVFC__PRESSURE_GOAL__t2485.00-t2506.00_portrait_POST_portrait_FINAL.mp4" "-Aspect" "9x16"
[WhatIf] not executed
"powershell" "-NoProfile" "-ExecutionPolicy" "Bypass" "-File" "C:\Users\scott\soccer-video\tools\tsc_brand.ps1" "-In" "C:\Users\scott\soccer-video\out\atomic_clips\2025-09-20__TSC_vs_RVFC\040__2025-09-20__TSC_vs_RVFC__BUILD_UP_PLAY_SHOT__t2571.00-t2599.00_portrait_POST.mp4" "-Out" "C:\Users\scott\soccer-video\out\portrait_reels\clean\040__2025-09-20__TSC_vs_RVFC__BUILD_UP_PLAY_SHOT__t2571.00-t2599.00_portrait_POST_portrait_FINAL.mp4" "-Aspect" "9x16"
[WhatIf] not executed
"powershell" "-NoProfile" "-ExecutionPolicy" "Bypass" "-File" "C:\Users\scott\soccer-video\tools\tsc_brand.ps1" "-In" "C:\Users\scott\soccer-video\out\atomic_clips\2025-09-20__TSC_vs_RVFC\041__2025-09-20__TSC_vs_RVFC__CORNER__t2712.00-t2722.00_portrait_POST.mp4" "-Out" "C:\Users\scott\soccer-video\out\portrait_reels\clean\041__2025-09-20__TSC_vs_RVFC__CORNER__t2712.00-t2722.00_portrait_POST_portrait_FINAL.mp4" "-Aspect" "9x16"
[WhatIf] not executed
"powershell" "-NoProfile" "-ExecutionPolicy" "Bypass" "-File" "C:\Users\scott\soccer-video\tools\tsc_brand.ps1" "-In" "C:\Users\scott\soccer-video\out\atomic_clips\2025-09-20__TSC_vs_RVFC\042__2025-09-20__TSC_vs_RVFC__CORNER__t2765.00-t2783.00_portrait_POST.mp4" "-Out" "C:\Users\scott\soccer-video\out\portrait_reels\clean\042__2025-09-20__TSC_vs_RVFC__CORNER__t2765.00-t2783.00_portrait_POST_portrait_FINAL.mp4" "-Aspect" "9x16"
[WhatIf] not executed
"powershell" "-NoProfile" "-ExecutionPolicy" "Bypass" "-File" "C:\Users\scott\soccer-video\tools\tsc_brand.ps1" "-In" "C:\Users\scott\soccer-video\out\atomic_clips\2025-09-20__TSC_vs_RVFC\043__2025-09-20__TSC_vs_RVFC__GOAL__t3010.00-t3028.00_portrait_POST.mp4" "-Out" "C:\Users\scott\soccer-video\out\portrait_reels\clean\043__2025-09-20__TSC_vs_RVFC__GOAL__t3010.00-t3028.00_portrait_POST_portrait_FINAL.mp4" "-Aspect" "9x16"
[WhatIf] not executed
"powershell" "-NoProfile" "-ExecutionPolicy" "Bypass" "-File" "C:\Users\scott\soccer-video\tools\tsc_brand.ps1" "-In" "C:\Users\scott\soccer-video\out\atomic_clips\2025-09-20__TSC_vs_RVFC\044__2025-09-20__TSC_vs_RVFC__GOAL__t3051.00-t3066.00_portrait_POST.mp4" "-Out" "C:\Users\scott\soccer-video\out\portrait_reels\clean\044__2025-09-20__TSC_vs_RVFC__GOAL__t3051.00-t3066.00_portrait_POST_portrait_FINAL.mp4" "-Aspect" "9x16"
[WhatIf] not executed
"powershell" "-NoProfile" "-ExecutionPolicy" "Bypass" "-File" "C:\Users\scott\soccer-video\tools\tsc_brand.ps1" "-In" "C:\Users\scott\soccer-video\out\atomic_clips\2025-10-04__TSC_vs_FC\002__2025-10-04__TSC_vs_FC_Tulsa_Black__BUILD_UP__t25260.00-t26940.00.mp4" "-Out" "C:\Users\scott\soccer-video\out\portrait_reels\clean\002__2025-10-04__TSC_vs_FC_Tulsa_Black__BUILD_UP__t25260.00-t26940.00_portrait_FINAL.mp4" "-Aspect" "9x16"
[WhatIf] not executed
"powershell" "-NoProfile" "-ExecutionPolicy" "Bypass" "-File" "C:\Users\scott\soccer-video\tools\tsc_brand.ps1" "-In" "C:\Users\scott\soccer-video\out\atomic_clips\2025-10-04__TSC_vs_FC\003__2025-10-04__TSC_vs_FC_Tulsa_Black__BUILD_UP__t27480.00-t29220.00.mp4" "-Out" "C:\Users\scott\soccer-video\out\portrait_reels\clean\003__2025-10-04__TSC_vs_FC_Tulsa_Black__BUILD_UP__t27480.00-t29220.00_portrait_FINAL.mp4" "-Aspect" "9x16"
[WhatIf] not executed
"powershell" "-NoProfile" "-ExecutionPolicy" "Bypass" "-File" "C:\Users\scott\soccer-video\tools\tsc_brand.ps1" "-In" "C:\Users\scott\soccer-video\out\atomic_clips\2025-10-04__TSC_vs_FC\004__2025-10-04__TSC_vs_FC_Tulsa_Black__BUILD_UP__t29700.00-t30780.00.mp4" "-Out" "C:\Users\scott\soccer-video\out\portrait_reels\clean\004__2025-10-04__TSC_vs_FC_Tulsa_Black__BUILD_UP__t29700.00-t30780.00_portrait_FINAL.mp4" "-Aspect" "9x16"
[WhatIf] not executed
"powershell" "-NoProfile" "-ExecutionPolicy" "Bypass" "-File" "C:\Users\scott\soccer-video\tools\tsc_brand.ps1" "-In" "C:\Users\scott\soccer-video\out\atomic_clips\2025-10-04__TSC_vs_FC\005__2025-10-04__TSC_vs_FC_Tulsa_Black__SHOT__t36000.00-t36420.00.mp4" "-Out" "C:\Users\scott\soccer-video\out\portrait_reels\clean\005__2025-10-04__TSC_vs_FC_Tulsa_Black__SHOT__t36000.00-t36420.00_portrait_FINAL.mp4" "-Aspect" "9x16"
[WhatIf] not executed
"powershell" "-NoProfile" "-ExecutionPolicy" "Bypass" "-File" "C:\Users\scott\soccer-video\tools\tsc_brand.ps1" "-In" "C:\Users\scott\soccer-video\out\atomic_clips\2025-10-04__TSC_vs_FC\006__2025-10-04__TSC_vs_FC_Tulsa_Black__BUILD_UP_GOAL__t40440.00-t43020.00.__DEBUG.mp4" "-Out" "C:\Users\scott\soccer-video\out\portrait_reels\clean\006__2025-10-04__TSC_vs_FC_Tulsa_Black__BUILD_UP_GOAL__t40440.00-t43020.00.__DEBUG_portrait_FINAL.mp4" "-Aspect" "9x16"
[WhatIf] not executed
"powershell" "-NoProfile" "-ExecutionPolicy" "Bypass" "-File" "C:\Users\scott\soccer-video\tools\tsc_brand.ps1" "-In" "C:\Users\scott\soccer-video\out\atomic_clips\2025-10-04__TSC_vs_FC\007__2025-10-04__TSC_vs_FC_Tulsa_Black__BUILD_UP_SHOT__t46020.00-t47100.00.mp4" "-Out" "C:\Users\scott\soccer-video\out\portrait_reels\clean\007__2025-10-04__TSC_vs_FC_Tulsa_Black__BUILD_UP_SHOT__t46020.00-t47100.00_portrait_FINAL.mp4" "-Aspect" "9x16"
[WhatIf] not executed
"powershell" "-NoProfile" "-ExecutionPolicy" "Bypass" "-File" "C:\Users\scott\soccer-video\tools\tsc_brand.ps1" "-In" "C:\Users\scott\soccer-video\out\atomic_clips\2025-10-04__TSC_vs_FC\008__2025-10-04__TSC_vs_FC_Tulsa_Black__BUILD_UP_SHOT__t61500.00-t62400.00.mp4" "-Out" "C:\Users\scott\soccer-video\out\portrait_reels\clean\008__2025-10-04__TSC_vs_FC_Tulsa_Black__BUILD_UP_SHOT__t61500.00-t62400.00_portrait_FINAL.mp4" "-Aspect" "9x16"
[WhatIf] not executed
"powershell" "-NoProfile" "-ExecutionPolicy" "Bypass" "-File" "C:\Users\scott\soccer-video\tools\tsc_brand.ps1" "-In" "C:\Users\scott\soccer-video\out\atomic_clips\2025-10-04__TSC_vs_FC\009__2025-10-04__TSC_vs_FC_Tulsa_Black__PRESSURE_SHOT__t62760.00-t63420.00.mp4" "-Out" "C:\Users\scott\soccer-video\out\portrait_reels\clean\009__2025-10-04__TSC_vs_FC_Tulsa_Black__PRESSURE_SHOT__t62760.00-t63420.00_portrait_FINAL.mp4" "-Aspect" "9x16"
[WhatIf] not executed
"powershell" "-NoProfile" "-ExecutionPolicy" "Bypass" "-File" "C:\Users\scott\soccer-video\tools\tsc_brand.ps1" "-In" "C:\Users\scott\soccer-video\out\atomic_clips\2025-10-04__TSC_vs_FC\010__2025-10-04__TSC_vs_FC_Tulsa_Black__BUILD_UP_SHOT__t63480.00-t64800.00.mp4" "-Out" "C:\Users\scott\soccer-video\out\portrait_reels\clean\010__2025-10-04__TSC_vs_FC_Tulsa_Black__BUILD_UP_SHOT__t63480.00-t64800.00_portrait_FINAL.mp4" "-Aspect" "9x16"
[WhatIf] not executed
"powershell" "-NoProfile" "-ExecutionPolicy" "Bypass" "-File" "C:\Users\scott\soccer-video\tools\tsc_brand.ps1" "-In" "C:\Users\scott\soccer-video\out\atomic_clips\2025-10-04__TSC_vs_FC\011__2025-10-04__TSC_vs_FC_Tulsa_Black__BUILD_UP_SHOT__t71880.00-t73320.00.mp4" "-Out" "C:\Users\scott\soccer-video\out\portrait_reels\clean\011__2025-10-04__TSC_vs_FC_Tulsa_Black__BUILD_UP_SHOT__t71880.00-t73320.00_portrait_FINAL.mp4" "-Aspect" "9x16"
[WhatIf] not executed
"powershell" "-NoProfile" "-ExecutionPolicy" "Bypass" "-File" "C:\Users\scott\soccer-video\tools\tsc_brand.ps1" "-In" "C:\Users\scott\soccer-video\out\atomic_clips\2025-10-04__TSC_vs_FC\012__2025-10-04__TSC_vs_FC_Tulsa_Black__PRESSURE_GOAL__t74340.00-t75180.00.mp4" "-Out" "C:\Users\scott\soccer-video\out\portrait_reels\clean\012__2025-10-04__TSC_vs_FC_Tulsa_Black__PRESSURE_GOAL__t74340.00-t75180.00_portrait_FINAL.mp4" "-Aspect" "9x16"
[WhatIf] not executed
"powershell" "-NoProfile" "-ExecutionPolicy" "Bypass" "-File" "C:\Users\scott\soccer-video\tools\tsc_brand.ps1" "-In" "C:\Users\scott\soccer-video\out\atomic_clips\2025-10-04__TSC_vs_FC\013__2025-10-04__TSC_vs_FC_Tulsa_Black__BUILD_UP_PLAY__t77400.00-t78360.00.mp4" "-Out" "C:\Users\scott\soccer-video\out\portrait_reels\clean\013__2025-10-04__TSC_vs_FC_Tulsa_Black__BUILD_UP_PLAY__t77400.00-t78360.00_portrait_FINAL.mp4" "-Aspect" "9x16"
[WhatIf] not executed
"powershell" "-NoProfile" "-ExecutionPolicy" "Bypass" "-File" "C:\Users\scott\soccer-video\tools\tsc_brand.ps1" "-In" "C:\Users\scott\soccer-video\out\atomic_clips\2025-10-04__TSC_vs_FC\014__2025-10-04__TSC_vs_FC_Tulsa_Black__SHOT__t2354400.00-t2394000.00.mp4" "-Out" "C:\Users\scott\soccer-video\out\portrait_reels\clean\014__2025-10-04__TSC_vs_FC_Tulsa_Black__SHOT__t2354400.00-t2394000.00_portrait_FINAL.mp4" "-Aspect" "9x16"
[WhatIf] not executed
"powershell" "-NoProfile" "-ExecutionPolicy" "Bypass" "-File" "C:\Users\scott\soccer-video\tools\tsc_brand.ps1" "-In" "C:\Users\scott\soccer-video\out\atomic_clips\2025-10-04__TSC_vs_FC\116__2025-10-04__TSC_vs_FC_Tulsa_Black__DRIBBLING__t387-t412.mp4" "-Out" "C:\Users\scott\soccer-video\out\portrait_reels\clean\116__2025-10-04__TSC_vs_FC_Tulsa_Black__DRIBBLING__t387-t412_portrait_FINAL.mp4" "-Aspect" "9x16"
[WhatIf] not executed
"powershell" "-NoProfile" "-ExecutionPolicy" "Bypass" "-File" "C:\Users\scott\soccer-video\tools\tsc_brand.ps1" "-In" "C:\Users\scott\soccer-video\out\atomic_clips\2025-10-04__TSC_vs_FC_Tulsa_Black\001__2025-10-04__TSC_vs_FC_Tulsa_Black__DRIBBLING__t387-t412.mp4" "-Out" "C:\Users\scott\soccer-video\out\portrait_reels\clean\001__2025-10-04__TSC_vs_FC_Tulsa_Black__DRIBBLING__t387-t412_portrait_FINAL.mp4" "-Aspect" "9x16"
[WhatIf] not executed
"powershell" "-NoProfile" "-ExecutionPolicy" "Bypass" "-File" "C:\Users\scott\soccer-video\tools\tsc_brand.ps1" "-In" "C:\Users\scott\soccer-video\out\atomic_clips\2025-10-04__TSC_vs_FC_Tulsa_Black\116__2025-10-04__TSC_vs_FC_Tulsa_Black__DRIBBLING__t387-t412.mp4" "-Out" "C:\Users\scott\soccer-video\out\portrait_reels\clean\116__2025-10-04__TSC_vs_FC_Tulsa_Black__DRIBBLING__t387-t412_portrait_FINAL.mp4" "-Aspect" "9x16"
[WhatIf] not executed
"powershell" "-NoProfile" "-ExecutionPolicy" "Bypass" "-File" "C:\Users\scott\soccer-video\tools\tsc_brand.ps1" "-In" "C:\Users\scott\soccer-video\out\atomic_clips\2025-10-12__TSC_SLSG_FallFestival\001__SHOT__t135.00-t145.00.mp4" "-Out" "C:\Users\scott\soccer-video\out\portrait_reels\clean\001__SHOT__t135.00-t145.00_portrait_FINAL.mp4" "-Aspect" "9x16"
[WhatIf] not executed
"powershell" "-NoProfile" "-ExecutionPolicy" "Bypass" "-File" "C:\Users\scott\soccer-video\tools\tsc_brand.ps1" "-In" "C:\Users\scott\soccer-video\out\atomic_clips\2025-10-12__TSC_SLSG_FallFestival\002__SHOT__t185.00-t206.00.mp4" "-Out" "C:\Users\scott\soccer-video\out\portrait_reels\clean\002__SHOT__t185.00-t206.00_portrait_FINAL.mp4" "-Aspect" "9x16"
[WhatIf] not executed
"powershell" "-NoProfile" "-ExecutionPolicy" "Bypass" "-File" "C:\Users\scott\soccer-video\tools\tsc_brand.ps1" "-In" "C:\Users\scott\soccer-video\out\atomic_clips\2025-10-12__TSC_SLSG_FallFestival\003__DEFENSE__t310.00-t342.00.mp4" "-Out" "C:\Users\scott\soccer-video\out\portrait_reels\clean\003__DEFENSE__t310.00-t342.00_portrait_FINAL.mp4" "-Aspect" "9x16"
[WhatIf] not executed
"powershell" "-NoProfile" "-ExecutionPolicy" "Bypass" "-File" "C:\Users\scott\soccer-video\tools\tsc_brand.ps1" "-In" "C:\Users\scott\soccer-video\out\atomic_clips\2025-10-12__TSC_SLSG_FallFestival\004__PRESSURE__t640.00-t663.00.mp4" "-Out" "C:\Users\scott\soccer-video\out\portrait_reels\clean\004__PRESSURE__t640.00-t663.00_portrait_FINAL.mp4" "-Aspect" "9x16"
[WhatIf] not executed
"powershell" "-NoProfile" "-ExecutionPolicy" "Bypass" "-File" "C:\Users\scott\soccer-video\tools\tsc_brand.ps1" "-In" "C:\Users\scott\soccer-video\out\atomic_clips\2025-10-12__TSC_SLSG_FallFestival\004__PRESSURE__t640.00-t663.00.__OVERLAY_FINAL.mp4" "-Out" "C:\Users\scott\soccer-video\out\portrait_reels\clean\004__PRESSURE__t640.00-t663.00.__OVERLAY_FINAL_portrait_FINAL.mp4" "-Aspect" "9x16"
[WhatIf] not executed
"powershell" "-NoProfile" "-ExecutionPolicy" "Bypass" "-File" "C:\Users\scott\soccer-video\tools\tsc_brand.ps1" "-In" "C:\Users\scott\soccer-video\out\atomic_clips\2025-10-12__TSC_SLSG_FallFestival\004__PRESSURE__t640.00-t663.00.__OVERLAY_LOCAL_FINAL.mp4" "-Out" "C:\Users\scott\soccer-video\out\portrait_reels\clean\004__PRESSURE__t640.00-t663.00.__OVERLAY_LOCAL_FINAL_portrait_FINAL.mp4" "-Aspect" "9x16"
[WhatIf] not executed
"powershell" "-NoProfile" "-ExecutionPolicy" "Bypass" "-File" "C:\Users\scott\soccer-video\tools\tsc_brand.ps1" "-In" "C:\Users\scott\soccer-video\out\atomic_clips\2025-10-12__TSC_SLSG_FallFestival\004__PRESSURE__t640.00-t663.00.__OVERLAY_plan_sh-1_dx-64_dy-128__localTW_dt-0.02_dx-6_dy-2.mp4" "-Out" "C:\Users\scott\soccer-video\out\portrait_reels\clean\004__PRESSURE__t640.00-t663.00.__OVERLAY_plan_sh-1_dx-64_dy-128__localTW_dt-0.02_dx-6_dy-2_portrait_FINAL.mp4" "-Aspect" "9x16"
[WhatIf] not executed
"powershell" "-NoProfile" "-ExecutionPolicy" "Bypass" "-File" "C:\Users\scott\soccer-video\tools\tsc_brand.ps1" "-In" "C:\Users\scott\soccer-video\out\atomic_clips\2025-10-12__TSC_SLSG_FallFestival\005__GOAL__t1.855.00-t1.870.00.mp4" "-Out" "C:\Users\scott\soccer-video\out\portrait_reels\clean\005__GOAL__t1.855.00-t1.870.00_portrait_FINAL.mp4" "-Aspect" "9x16"
[WhatIf] not executed
"powershell" "-NoProfile" "-ExecutionPolicy" "Bypass" "-File" "C:\Users\scott\soccer-video\tools\tsc_brand.ps1" "-In" "C:\Users\scott\soccer-video\out\atomic_clips\2025-10-12__TSC_SLSG_FallFestival\006__GOAL__t2.035.00-t2.054.00.mp4" "-Out" "C:\Users\scott\soccer-video\out\portrait_reels\clean\006__GOAL__t2.035.00-t2.054.00_portrait_FINAL.mp4" "-Aspect" "9x16"
[WhatIf] not executed
"powershell" "-NoProfile" "-ExecutionPolicy" "Bypass" "-File" "C:\Users\scott\soccer-video\tools\tsc_brand.ps1" "-In" "C:\Users\scott\soccer-video\out\atomic_clips\2025-10-12__TSC_SLSG_FallFestival\007__CROSS__t2.212.00-t2.228.00.mp4" "-Out" "C:\Users\scott\soccer-video\out\portrait_reels\clean\007__CROSS__t2.212.00-t2.228.00_portrait_FINAL.mp4" "-Aspect" "9x16"
[WhatIf] not executed
"powershell" "-NoProfile" "-ExecutionPolicy" "Bypass" "-File" "C:\Users\scott\soccer-video\tools\tsc_brand.ps1" "-In" "C:\Users\scott\soccer-video\out\atomic_clips\2025-10-12__TSC_SLSG_FallFestival\008__BUILD_UP__t2.438.00-t2.442.00.mp4" "-Out" "C:\Users\scott\soccer-video\out\portrait_reels\clean\008__BUILD_UP__t2.438.00-t2.442.00_portrait_FINAL.mp4" "-Aspect" "9x16"
[WhatIf] not executed
"powershell" "-NoProfile" "-ExecutionPolicy" "Bypass" "-File" "C:\Users\scott\soccer-video\tools\tsc_brand.ps1" "-In" "C:\Users\scott\soccer-video\out\atomic_clips\2025-10-12__TSC_SLSG_FallFestival\009__BUILD_UP__t2.673.00-t2.685.00.mp4" "-Out" "C:\Users\scott\soccer-video\out\portrait_reels\clean\009__BUILD_UP__t2.673.00-t2.685.00_portrait_FINAL.mp4" "-Aspect" "9x16"
[WhatIf] not executed
"powershell" "-NoProfile" "-ExecutionPolicy" "Bypass" "-File" "C:\Users\scott\soccer-video\tools\tsc_brand.ps1" "-In" "C:\Users\scott\soccer-video\out\atomic_clips\2025-10-12__TSC_SLSG_FallFestival\010__PRESSURE__t2.694.00-t2.706.00.mp4" "-Out" "C:\Users\scott\soccer-video\out\portrait_reels\clean\010__PRESSURE__t2.694.00-t2.706.00_portrait_FINAL.mp4" "-Aspect" "9x16"
[WhatIf] not executed
"powershell" "-NoProfile" "-ExecutionPolicy" "Bypass" "-File" "C:\Users\scott\soccer-video\tools\tsc_brand.ps1" "-In" "C:\Users\scott\soccer-video\out\atomic_clips\2025-10-12__TSC_SLSG_FallFestival\011__PRESSURE__t2.711.00-t2.736.00.mp4" "-Out" "C:\Users\scott\soccer-video\out\portrait_reels\clean\011__PRESSURE__t2.711.00-t2.736.00_portrait_FINAL.mp4" "-Aspect" "9x16"
[WhatIf] not executed
"powershell" "-NoProfile" "-ExecutionPolicy" "Bypass" "-File" "C:\Users\scott\soccer-video\tools\tsc_brand.ps1" "-In" "C:\Users\scott\soccer-video\out\atomic_clips\2025-11-04__TSC_-_Navy_Oct_2025\001__Pressure & Build Up with a Great Cross__0_06_37-0_07_10.mp4" "-Out" "C:\Users\scott\soccer-video\out\portrait_reels\clean\001__Pressure & Build Up with a Great Cross__0_06_37-0_07_10_portrait_FINAL.mp4" "-Aspect" "9x16"
[WhatIf] not executed
"powershell" "-NoProfile" "-ExecutionPolicy" "Bypass" "-File" "C:\Users\scott\soccer-video\tools\tsc_brand.ps1" "-In" "C:\Users\scott\soccer-video\out\atomic_clips\2025-11-04__TSC_-_Navy_Oct_2025\002__Build Up, Cross and Shot__0_15_37-0_16_04.mp4" "-Out" "C:\Users\scott\soccer-video\out\portrait_reels\clean\002__Build Up, Cross and Shot__0_15_37-0_16_04_portrait_FINAL.mp4" "-Aspect" "9x16"
[WhatIf] not executed
"powershell" "-NoProfile" "-ExecutionPolicy" "Bypass" "-File" "C:\Users\scott\soccer-video\tools\tsc_brand.ps1" "-In" "C:\Users\scott\soccer-video\out\atomic_clips\2025-11-04__TSC_-_Navy_Oct_2025\003__Pressure, Cross and Goal__0_16_09-0_16_33.mp4" "-Out" "C:\Users\scott\soccer-video\out\portrait_reels\clean\003__Pressure, Cross and Goal__0_16_09-0_16_33_portrait_FINAL.mp4" "-Aspect" "9x16"
[WhatIf] not executed
"powershell" "-NoProfile" "-ExecutionPolicy" "Bypass" "-File" "C:\Users\scott\soccer-video\tools\tsc_brand.ps1" "-In" "C:\Users\scott\soccer-video\out\atomic_clips\2025-11-04__TSC_-_Navy_Oct_2025\004__Pressure & Shot__0_23_24-0_23_53.mp4" "-Out" "C:\Users\scott\soccer-video\out\portrait_reels\clean\004__Pressure & Shot__0_23_24-0_23_53_portrait_FINAL.mp4" "-Aspect" "9x16"
[WhatIf] not executed
"powershell" "-NoProfile" "-ExecutionPolicy" "Bypass" "-File" "C:\Users\scott\soccer-video\tools\tsc_brand.ps1" "-In" "C:\Users\scott\soccer-video\out\atomic_clips\2025-11-04__TSC_-_Navy_Oct_2025\005__Build Up & Cross__0_28_28-0_28_42.mp4" "-Out" "C:\Users\scott\soccer-video\out\portrait_reels\clean\005__Build Up & Cross__0_28_28-0_28_42_portrait_FINAL.mp4" "-Aspect" "9x16"
[WhatIf] not executed
"powershell" "-NoProfile" "-ExecutionPolicy" "Bypass" "-File" "C:\Users\scott\soccer-video\tools\tsc_brand.ps1" "-In" "C:\Users\scott\soccer-video\out\atomic_clips\2025-11-04__TSC_-_Navy_Oct_2025\006__Cross__0_30_29-0_30_37.mp4" "-Out" "C:\Users\scott\soccer-video\out\portrait_reels\clean\006__Cross__0_30_29-0_30_37_portrait_FINAL.mp4" "-Aspect" "9x16"
[WhatIf] not executed
"powershell" "-NoProfile" "-ExecutionPolicy" "Bypass" "-File" "C:\Users\scott\soccer-video\tools\tsc_brand.ps1" "-In" "C:\Users\scott\soccer-video\out\atomic_clips\2025-11-04__TSC_-_Navy_Oct_2025\007__Cross, Pressure & Shot__0_42_24-0_42_45.mp4" "-Out" "C:\Users\scott\soccer-video\out\portrait_reels\clean\007__Cross, Pressure & Shot__0_42_24-0_42_45_portrait_FINAL.mp4" "-Aspect" "9x16"
[WhatIf] not executed
"powershell" "-NoProfile" "-ExecutionPolicy" "Bypass" "-File" "C:\Users\scott\soccer-video\tools\tsc_brand.ps1" "-In" "C:\Users\scott\soccer-video\out\atomic_clips\2025-11-04__TSC_-_Navy_Oct_2025\008__Cross__0_47_09-0_47_18.mp4" "-Out" "C:\Users\scott\soccer-video\out\portrait_reels\clean\008__Cross__0_47_09-0_47_18_portrait_FINAL.mp4" "-Aspect" "9x16"
[WhatIf] not executed
"powershell" "-NoProfile" "-ExecutionPolicy" "Bypass" "-File" "C:\Users\scott\soccer-video\tools\tsc_brand.ps1" "-In" "C:\Users\scott\soccer-video\out\atomic_clips\2025-11-04__TSC_-_Navy_Oct_2025\009__Cross, Shots__0_50_40-0_50_57.mp4" "-Out" "C:\Users\scott\soccer-video\out\portrait_reels\clean\009__Cross, Shots__0_50_40-0_50_57_portrait_FINAL.mp4" "-Aspect" "9x16"
[WhatIf] not executed
"powershell" "-NoProfile" "-ExecutionPolicy" "Bypass" "-File" "C:\Users\scott\soccer-video\tools\tsc_brand.ps1" "-In" "C:\Users\scott\soccer-video\out\atomic_clips\2025-11-04__TSC_-_Navy_Oct_2025\010__Build Up, Cross, Shot & Goal__0_55_26-0_56_02.mp4" "-Out" "C:\Users\scott\soccer-video\out\portrait_reels\clean\010__Build Up, Cross, Shot & Goal__0_55_26-0_56_02_portrait_FINAL.mp4" "-Aspect" "9x16"
[WhatIf] not executed
"powershell" "-NoProfile" "-ExecutionPolicy" "Bypass" "-File" "C:\Users\scott\soccer-video\tools\tsc_brand.ps1" "-In" "C:\Users\scott\soccer-video\out\atomic_clips\2025-11-04__TSC_-_Navy_Oct_2025\011__Build Up__1_00_43-1_01_22.mp4" "-Out" "C:\Users\scott\soccer-video\out\portrait_reels\clean\011__Build Up__1_00_43-1_01_22_portrait_FINAL.mp4" "-Aspect" "9x16"
[WhatIf] not executed
"powershell" "-NoProfile" "-ExecutionPolicy" "Bypass" "-File" "C:\Users\scott\soccer-video\tools\tsc_brand.ps1" "-In" "C:\Users\scott\soccer-video\out\atomic_clips\2025-11-04__TSC_-_Navy_Oct_2025\012__Cross & Goal__1_01_36-1_01_52.mp4" "-Out" "C:\Users\scott\soccer-video\out\portrait_reels\clean\012__Cross & Goal__1_01_36-1_01_52_portrait_FINAL.mp4" "-Aspect" "9x16"
[WhatIf] not executed
"powershell" "-NoProfile" "-ExecutionPolicy" "Bypass" "-File" "C:\Users\scott\soccer-video\tools\tsc_brand.ps1" "-In" "C:\Users\scott\soccer-video\out\atomic_clips\2025-11-04__TSC_-_Navy_Oct_2025\013__Dribbling & Shot__1_02_55-1_03_10.mp4" "-Out" "C:\Users\scott\soccer-video\out\portrait_reels\clean\013__Dribbling & Shot__1_02_55-1_03_10_portrait_FINAL.mp4" "-Aspect" "9x16"
[WhatIf] not executed
"powershell" "-NoProfile" "-ExecutionPolicy" "Bypass" "-File" "C:\Users\scott\soccer-video\tools\tsc_brand.ps1" "-In" "C:\Users\scott\soccer-video\out\atomic_clips\misc\001__SHOT__t135.00-t145.00.mp4" "-Out" "C:\Users\scott\soccer-video\out\portrait_reels\clean\001__SHOT__t135.00-t145.00_portrait_FINAL.mp4" "-Aspect" "9x16"
[WhatIf] not executed
"powershell" "-NoProfile" "-ExecutionPolicy" "Bypass" "-File" "C:\Users\scott\soccer-video\tools\tsc_brand.ps1" "-In" "C:\Users\scott\soccer-video\out\upscaled\001__SHOT__t155.50-t166.40__x2.mp4" "-Out" "C:\Users\scott\soccer-video\out\portrait_reels\clean\001__SHOT__t155.50-t166.40_portrait_FINAL.mp4" "-Aspect" "9x16"
[WhatIf] not executed
"powershell" "-NoProfile" "-ExecutionPolicy" "Bypass" "-File" "C:\Users\scott\soccer-video\tools\tsc_brand.ps1" "-In" "C:\Users\scott\soccer-video\out\atomic_clips\misc\002__GOAL__t180.80-t191.20.mp4" "-Out" "C:\Users\scott\soccer-video\out\portrait_reels\clean\002__GOAL__t180.80-t191.20_portrait_FINAL.mp4" "-Aspect" "9x16"
[WhatIf] not executed
"powershell" "-NoProfile" "-ExecutionPolicy" "Bypass" "-File" "C:\Users\scott\soccer-video\tools\tsc_brand.ps1" "-In" "C:\Users\scott\soccer-video\out\atomic_clips\misc\002__SHOT__t185.00-t206.00.mp4" "-Out" "C:\Users\scott\soccer-video\out\portrait_reels\clean\002__SHOT__t185.00-t206.00_portrait_FINAL.mp4" "-Aspect" "9x16"
[WhatIf] not executed
"powershell" "-NoProfile" "-ExecutionPolicy" "Bypass" "-File" "C:\Users\scott\soccer-video\tools\tsc_brand.ps1" "-In" "C:\Users\scott\soccer-video\out\atomic_clips\misc\003__BUILD_UP__t224.80-t248.70.mp4" "-Out" "C:\Users\scott\soccer-video\out\portrait_reels\clean\003__BUILD_UP__t224.80-t248.70_portrait_FINAL.mp4" "-Aspect" "9x16"
[WhatIf] not executed
"powershell" "-NoProfile" "-ExecutionPolicy" "Bypass" "-File" "C:\Users\scott\soccer-video\tools\tsc_brand.ps1" "-In" "C:\Users\scott\soccer-video\out\atomic_clips\misc\003__DEFENSE__t310.00-t342.00.mp4" "-Out" "C:\Users\scott\soccer-video\out\portrait_reels\clean\003__DEFENSE__t310.00-t342.00_portrait_FINAL.mp4" "-Aspect" "9x16"
[WhatIf] not executed
"powershell" "-NoProfile" "-ExecutionPolicy" "Bypass" "-File" "C:\Users\scott\soccer-video\tools\tsc_brand.ps1" "-In" "C:\Users\scott\soccer-video\out\atomic_clips\misc\004__GOAL__t266.50-t283.10.mp4" "-Out" "C:\Users\scott\soccer-video\out\portrait_reels\clean\004__GOAL__t266.50-t283.10_portrait_FINAL.mp4" "-Aspect" "9x16"
[WhatIf] not executed
"powershell" "-NoProfile" "-ExecutionPolicy" "Bypass" "-File" "C:\Users\scott\soccer-video\tools\tsc_brand.ps1" "-In" "C:\Users\scott\soccer-video\out\atomic_clips\misc\004__PRESSURE__t640.00-t663.00.mp4" "-Out" "C:\Users\scott\soccer-video\out\portrait_reels\clean\004__PRESSURE__t640.00-t663.00_portrait_FINAL.mp4" "-Aspect" "9x16"
[WhatIf] not executed
"powershell" "-NoProfile" "-ExecutionPolicy" "Bypass" "-File" "C:\Users\scott\soccer-video\tools\tsc_brand.ps1" "-In" "C:\Users\scott\soccer-video\out\atomic_clips\misc\004__PRESSURE__t640.00-t663.00.__CINEMATIC.mp4" "-Out" "C:\Users\scott\soccer-video\out\portrait_reels\clean\004__PRESSURE__t640.00-t663.00.__CINEMATIC_portrait_FINAL.mp4" "-Aspect" "9x16"
[WhatIf] not executed
"powershell" "-NoProfile" "-ExecutionPolicy" "Bypass" "-File" "C:\Users\scott\soccer-video\tools\tsc_brand.ps1" "-In" "C:\Users\scott\soccer-video\out\atomic_clips\misc\005__CORNER__t417.90-t431.60.mp4" "-Out" "C:\Users\scott\soccer-video\out\portrait_reels\clean\005__CORNER__t417.90-t431.60_portrait_FINAL.mp4" "-Aspect" "9x16"
[WhatIf] not executed
"powershell" "-NoProfile" "-ExecutionPolicy" "Bypass" "-File" "C:\Users\scott\soccer-video\tools\tsc_brand.ps1" "-In" "C:\Users\scott\soccer-video\out\atomic_clips\misc\006__DEFENSE__t699.30-t711.50.mp4" "-Out" "C:\Users\scott\soccer-video\out\portrait_reels\clean\006__DEFENSE__t699.30-t711.50_portrait_FINAL.mp4" "-Aspect" "9x16"
[WhatIf] not executed
"powershell" "-NoProfile" "-ExecutionPolicy" "Bypass" "-File" "C:\Users\scott\soccer-video\tools\tsc_brand.ps1" "-In" "C:\Users\scott\soccer-video\out\atomic_clips\misc\007__DRIBBLING__t982.00-t987.90.mp4" "-Out" "C:\Users\scott\soccer-video\out\portrait_reels\clean\007__DRIBBLING__t982.00-t987.90_portrait_FINAL.mp4" "-Aspect" "9x16"
[WhatIf] not executed
"powershell" "-NoProfile" "-ExecutionPolicy" "Bypass" "-File" "C:\Users\scott\soccer-video\tools\tsc_brand.ps1" "-In" "C:\Users\scott\soccer-video\out\atomic_clips\misc\008__SHOT__t1247.80-t1259.20.mp4" "-Out" "C:\Users\scott\soccer-video\out\portrait_reels\clean\008__SHOT__t1247.80-t1259.20_portrait_FINAL.mp4" "-Aspect" "9x16"
[WhatIf] not executed
"powershell" "-NoProfile" "-ExecutionPolicy" "Bypass" "-File" "C:\Users\scott\soccer-video\tools\tsc_brand.ps1" "-In" "C:\Users\scott\soccer-video\out\atomic_clips\misc\009__SHOT__t1420.40-t1438.20.mp4" "-Out" "C:\Users\scott\soccer-video\out\portrait_reels\clean\009__SHOT__t1420.40-t1438.20_portrait_FINAL.mp4" "-Aspect" "9x16"
[WhatIf] not executed
"powershell" "-NoProfile" "-ExecutionPolicy" "Bypass" "-File" "C:\Users\scott\soccer-video\tools\tsc_brand.ps1" "-In" "C:\Users\scott\soccer-video\out\atomic_clips\misc\010__CROSS__t1541.10-t1547.90.mp4" "-Out" "C:\Users\scott\soccer-video\out\portrait_reels\clean\010__CROSS__t1541.10-t1547.90_portrait_FINAL.mp4" "-Aspect" "9x16"
[WhatIf] not executed
"powershell" "-NoProfile" "-ExecutionPolicy" "Bypass" "-File" "C:\Users\scott\soccer-video\tools\tsc_brand.ps1" "-In" "C:\Users\scott\soccer-video\out\atomic_clips\misc\011__SHOTS__t1655.00-t1670.30.mp4" "-Out" "C:\Users\scott\soccer-video\out\portrait_reels\clean\011__SHOTS__t1655.00-t1670.30_portrait_FINAL.mp4" "-Aspect" "9x16"
[WhatIf] not executed
"powershell" "-NoProfile" "-ExecutionPolicy" "Bypass" "-File" "C:\Users\scott\soccer-video\tools\tsc_brand.ps1" "-In" "C:\Users\scott\soccer-video\out\atomic_clips\misc\012__GOAL__t1705.20-t1708.50.mp4" "-Out" "C:\Users\scott\soccer-video\out\portrait_reels\clean\012__GOAL__t1705.20-t1708.50_portrait_FINAL.mp4" "-Aspect" "9x16"
[WhatIf] not executed
"powershell" "-NoProfile" "-ExecutionPolicy" "Bypass" "-File" "C:\Users\scott\soccer-video\tools\tsc_brand.ps1" "-In" "C:\Users\scott\soccer-video\out\atomic_clips\misc\013__GOAL__t1767.50-t1772.60.mp4" "-Out" "C:\Users\scott\soccer-video\out\portrait_reels\clean\013__GOAL__t1767.50-t1772.60_portrait_FINAL.mp4" "-Aspect" "9x16"
[WhatIf] not executed
"powershell" "-NoProfile" "-ExecutionPolicy" "Bypass" "-File" "C:\Users\scott\soccer-video\tools\tsc_brand.ps1" "-In" "C:\Users\scott\soccer-video\out\atomic_clips\misc\014__GOAL__t1904.20-t1925.20.mp4" "-Out" "C:\Users\scott\soccer-video\out\portrait_reels\clean\014__GOAL__t1904.20-t1925.20_portrait_FINAL.mp4" "-Aspect" "9x16"
[WhatIf] not executed
"powershell" "-NoProfile" "-ExecutionPolicy" "Bypass" "-File" "C:\Users\scott\soccer-video\tools\tsc_brand.ps1" "-In" "C:\Users\scott\soccer-video\out\atomic_clips\misc\015__DRIBBLING__t1972.50-t1980.70.mp4" "-Out" "C:\Users\scott\soccer-video\out\portrait_reels\clean\015__DRIBBLING__t1972.50-t1980.70_portrait_FINAL.mp4" "-Aspect" "9x16"
[WhatIf] not executed
"powershell" "-NoProfile" "-ExecutionPolicy" "Bypass" "-File" "C:\Users\scott\soccer-video\tools\tsc_brand.ps1" "-In" "C:\Users\scott\soccer-video\out\atomic_clips\misc\016__SHOT__t2029.90-t2039.50.mp4" "-Out" "C:\Users\scott\soccer-video\out\portrait_reels\clean\016__SHOT__t2029.90-t2039.50_portrait_FINAL.mp4" "-Aspect" "9x16"
[WhatIf] not executed
"powershell" "-NoProfile" "-ExecutionPolicy" "Bypass" "-File" "C:\Users\scott\soccer-video\tools\tsc_brand.ps1" "-In" "C:\Users\scott\soccer-video\out\atomic_clips\misc\017__SHOT__t2284.90-t2298.20.mp4" "-Out" "C:\Users\scott\soccer-video\out\portrait_reels\clean\017__SHOT__t2284.90-t2298.20_portrait_FINAL.mp4" "-Aspect" "9x16"
[WhatIf] not executed
"powershell" "-NoProfile" "-ExecutionPolicy" "Bypass" "-File" "C:\Users\scott\soccer-video\tools\tsc_brand.ps1" "-In" "C:\Users\scott\soccer-video\out\atomic_clips\misc\018__SHOT__t2419.50-t2425.60.mp4" "-Out" "C:\Users\scott\soccer-video\out\portrait_reels\clean\018__SHOT__t2419.50-t2425.60_portrait_FINAL.mp4" "-Aspect" "9x16"
[WhatIf] not executed
"powershell" "-NoProfile" "-ExecutionPolicy" "Bypass" "-File" "C:\Users\scott\soccer-video\tools\tsc_brand.ps1" "-In" "C:\Users\scott\soccer-video\out\atomic_clips\misc\019__SHOT__t2633.00-t2638.10.mp4" "-Out" "C:\Users\scott\soccer-video\out\portrait_reels\clean\019__SHOT__t2633.00-t2638.10_portrait_FINAL.mp4" "-Aspect" "9x16"
[WhatIf] not executed
"powershell" "-NoProfile" "-ExecutionPolicy" "Bypass" "-File" "C:\Users\scott\soccer-video\tools\tsc_brand.ps1" "-In" "C:\Users\scott\soccer-video\out\atomic_clips\misc\020__GOAL__t2816.60-t2831.80.mp4" "-Out" "C:\Users\scott\soccer-video\out\portrait_reels\clean\020__GOAL__t2816.60-t2831.80_portrait_FINAL.mp4" "-Aspect" "9x16"
[WhatIf] not executed
"powershell" "-NoProfile" "-ExecutionPolicy" "Bypass" "-File" "C:\Users\scott\soccer-video\tools\tsc_brand.ps1" "-In" "C:\Users\scott\soccer-video\out\atomic_clips\misc\021__SHOT__t2860.70-t2873.00.mp4" "-Out" "C:\Users\scott\soccer-video\out\portrait_reels\clean\021__SHOT__t2860.70-t2873.00_portrait_FINAL.mp4" "-Aspect" "9x16"
[WhatIf] not executed
"powershell" "-NoProfile" "-ExecutionPolicy" "Bypass" "-File" "C:\Users\scott\soccer-video\tools\tsc_brand.ps1" "-In" "C:\Users\scott\soccer-video\out\atomic_clips\misc\023__SHOT__t3098.90-t3108.80.mp4" "-Out" "C:\Users\scott\soccer-video\out\portrait_reels\clean\023__SHOT__t3098.90-t3108.80_portrait_FINAL.mp4" "-Aspect" "9x16"
[WhatIf] not executed
"powershell" "-NoProfile" "-ExecutionPolicy" "Bypass" "-File" "C:\Users\scott\soccer-video\tools\auto_enhance\auto_enhance.ps1" "-In" "C:\Users\scott\soccer-video\out\upscaled\001__2025-09-20__TSC_vs_Greenwood__BUILD_UP_PLAY_SHOT__t18900.00-t20340.00__x2.mp4"
[WhatIf] not executed
"powershell" "-NoProfile" "-ExecutionPolicy" "Bypass" "-File" "C:\Users\scott\soccer-video\tools\auto_enhance\auto_enhance.ps1" "-In" "C:\Users\scott\soccer-video\out\upscaled\001__2025-09-20__TSC_vs_RVFC__SHOT__t7320.00-t7860.00__x2.mp4"
[WhatIf] not executed
"powershell" "-NoProfile" "-ExecutionPolicy" "Bypass" "-File" "C:\Users\scott\soccer-video\tools\auto_enhance\auto_enhance.ps1" "-In" "C:\Users\scott\soccer-video\out\upscaled\001__2025-10-04__TSC_vs_FC_Tulsa_Black__DRIBBLING__t23220.00-t24720.00__x2.mp4"
[WhatIf] not executed
"powershell" "-NoProfile" "-ExecutionPolicy" "Bypass" "-File" "C:\Users\scott\soccer-video\tools\auto_enhance\auto_enhance.ps1" "-In" "C:\Users\scott\soccer-video\out\upscaled\001__SHOT__t155.50-t166.40__x2.mp4"
[WhatIf] not executed
"powershell" "-NoProfile" "-ExecutionPolicy" "Bypass" "-File" "C:\Users\scott\soccer-video\tools\auto_enhance\auto_enhance.ps1" "-In" "C:\Users\scott\soccer-video\out\atomic_clips\_quarantine\001__SHOT__t155.50-t166.40.__CINEMATIC.mp4"
[WhatIf] not executed
"powershell" "-NoProfile" "-ExecutionPolicy" "Bypass" "-File" "C:\Users\scott\soccer-video\tools\auto_enhance\auto_enhance.ps1" "-In" "C:\Users\scott\soccer-video\out\atomic_clips\_quarantine\002__2025-09-20__TSC_vs_Greenwood__GOAL__t20400.00-t21180.00.mp4"
[WhatIf] not executed
"powershell" "-NoProfile" "-ExecutionPolicy" "Bypass" "-File" "C:\Users\scott\soccer-video\tools\auto_enhance\auto_enhance.ps1" "-In" "C:\Users\scott\soccer-video\out\atomic_clips\_quarantine\002__2025-09-20__TSC_vs_RVFC__PRESSURE_SHOT__t7920.00-t8880.00.mp4"
[WhatIf] not executed
"powershell" "-NoProfile" "-ExecutionPolicy" "Bypass" "-File" "C:\Users\scott\soccer-video\tools\auto_enhance\auto_enhance.ps1" "-In" "C:\Users\scott\soccer-video\out\atomic_clips\_quarantine\002__2025-10-04__TSC_vs_FC_Tulsa_Black__BUILD_UP__t25260.00-t26940.00.mp4"
[WhatIf] not executed
"powershell" "-NoProfile" "-ExecutionPolicy" "Bypass" "-File" "C:\Users\scott\soccer-video\tools\auto_enhance\auto_enhance.ps1" "-In" "C:\Users\scott\soccer-video\out\atomic_clips\_quarantine\002__GOAL__t180.80-t191.20.mp4"
[WhatIf] not executed
"powershell" "-NoProfile" "-ExecutionPolicy" "Bypass" "-File" "C:\Users\scott\soccer-video\tools\auto_enhance\auto_enhance.ps1" "-In" "C:\Users\scott\soccer-video\out\atomic_clips\_quarantine\002__GOAL__t180.80-t191.20.__CINEMATIC.mp4"
[WhatIf] not executed
"powershell" "-NoProfile" "-ExecutionPolicy" "Bypass" "-File" "C:\Users\scott\soccer-video\tools\auto_enhance\auto_enhance.ps1" "-In" "C:\Users\scott\soccer-video\out\atomic_clips\_quarantine\003__2025-09-20__TSC_vs_Greenwood__BUILD_UP_PLAY_SHOT__t25260.00-t26460.00.mp4"
[WhatIf] not executed
"powershell" "-NoProfile" "-ExecutionPolicy" "Bypass" "-File" "C:\Users\scott\soccer-video\tools\auto_enhance\auto_enhance.ps1" "-In" "C:\Users\scott\soccer-video\out\atomic_clips\_quarantine\003__2025-09-20__TSC_vs_RVFC__PRESSURE_SHOT__t15480.00-t16260.00.mp4"
[WhatIf] not executed
"powershell" "-NoProfile" "-ExecutionPolicy" "Bypass" "-File" "C:\Users\scott\soccer-video\tools\auto_enhance\auto_enhance.ps1" "-In" "C:\Users\scott\soccer-video\out\atomic_clips\_quarantine\003__2025-10-04__TSC_vs_FC_Tulsa_Black__BUILD_UP__t27480.00-t29220.00.mp4"
[WhatIf] not executed
"powershell" "-NoProfile" "-ExecutionPolicy" "Bypass" "-File" "C:\Users\scott\soccer-video\tools\auto_enhance\auto_enhance.ps1" "-In" "C:\Users\scott\soccer-video\out\atomic_clips\_quarantine\003__BUILD_UP__t224.80-t248.70.mp4"
[WhatIf] not executed
"powershell" "-NoProfile" "-ExecutionPolicy" "Bypass" "-File" "C:\Users\scott\soccer-video\tools\auto_enhance\auto_enhance.ps1" "-In" "C:\Users\scott\soccer-video\out\atomic_clips\_quarantine\003__BUILD_UP__t224.80-t248.70.__CINEMATIC.mp4"
[WhatIf] not executed
"powershell" "-NoProfile" "-ExecutionPolicy" "Bypass" "-File" "C:\Users\scott\soccer-video\tools\auto_enhance\auto_enhance.ps1" "-In" "C:\Users\scott\soccer-video\out\atomic_clips\_quarantine\004__2025-09-20__TSC_vs_Greenwood__PRESSURE_TWO_SHOTS__t26640.00-t27360.00.mp4"
[WhatIf] not executed
"powershell" "-NoProfile" "-ExecutionPolicy" "Bypass" "-File" "C:\Users\scott\soccer-video\tools\auto_enhance\auto_enhance.ps1" "-In" "C:\Users\scott\soccer-video\out\atomic_clips\_quarantine\004__2025-09-20__TSC_vs_RVFC__PRESSURE_GOAL__t17880.00-t18720.00.mp4"
[WhatIf] not executed
"powershell" "-NoProfile" "-ExecutionPolicy" "Bypass" "-File" "C:\Users\scott\soccer-video\tools\auto_enhance\auto_enhance.ps1" "-In" "C:\Users\scott\soccer-video\out\atomic_clips\_quarantine\004__2025-10-04__TSC_vs_FC_Tulsa_Black__BUILD_UP__t29700.00-t30780.00.mp4"
[WhatIf] not executed
"powershell" "-NoProfile" "-ExecutionPolicy" "Bypass" "-File" "C:\Users\scott\soccer-video\tools\auto_enhance\auto_enhance.ps1" "-In" "C:\Users\scott\soccer-video\out\atomic_clips\_quarantine\004__GOAL__t266.50-t283.10.mp4"
[WhatIf] not executed
"powershell" "-NoProfile" "-ExecutionPolicy" "Bypass" "-File" "C:\Users\scott\soccer-video\tools\auto_enhance\auto_enhance.ps1" "-In" "C:\Users\scott\soccer-video\out\atomic_clips\_quarantine\004__GOAL__t266.50-t283.10.__CINEMATIC.mp4"
[WhatIf] not executed
"powershell" "-NoProfile" "-ExecutionPolicy" "Bypass" "-File" "C:\Users\scott\soccer-video\tools\auto_enhance\auto_enhance.ps1" "-In" "C:\Users\scott\soccer-video\out\atomic_clips\_quarantine\005__2025-09-20__TSC_vs_Greenwood__WIN_FREE_KICK__t32280.00-t33180.00.mp4"
[WhatIf] not executed
"powershell" "-NoProfile" "-ExecutionPolicy" "Bypass" "-File" "C:\Users\scott\soccer-video\tools\auto_enhance\auto_enhance.ps1" "-In" "C:\Users\scott\soccer-video\out\atomic_clips\_quarantine\005__2025-09-20__TSC_vs_RVFC__BUILD_UP_PLAY_SHOT__t21000.00-t22020.00.mp4"
[WhatIf] not executed
"powershell" "-NoProfile" "-ExecutionPolicy" "Bypass" "-File" "C:\Users\scott\soccer-video\tools\auto_enhance\auto_enhance.ps1" "-In" "C:\Users\scott\soccer-video\out\atomic_clips\_quarantine\005__2025-10-04__TSC_vs_FC_Tulsa_Black__SHOT__t36000.00-t36420.00.mp4"
[WhatIf] not executed
"powershell" "-NoProfile" "-ExecutionPolicy" "Bypass" "-File" "C:\Users\scott\soccer-video\tools\auto_enhance\auto_enhance.ps1" "-In" "C:\Users\scott\soccer-video\out\atomic_clips\_quarantine\005__CORNER__t417.90-t431.60.mp4"
[WhatIf] not executed
"powershell" "-NoProfile" "-ExecutionPolicy" "Bypass" "-File" "C:\Users\scott\soccer-video\tools\auto_enhance\auto_enhance.ps1" "-In" "C:\Users\scott\soccer-video\out\atomic_clips\_quarantine\005__CORNER__t417.90-t431.60.__CINEMATIC.mp4"
[WhatIf] not executed
"powershell" "-NoProfile" "-ExecutionPolicy" "Bypass" "-File" "C:\Users\scott\soccer-video\tools\auto_enhance\auto_enhance.ps1" "-In" "C:\Users\scott\soccer-video\out\atomic_clips\_quarantine\006__2025-09-20__TSC_vs_Greenwood__BUILD_UP_PLAY_SHOT__t41100.00-t42480.00.mp4"
[WhatIf] not executed
"powershell" "-NoProfile" "-ExecutionPolicy" "Bypass" "-File" "C:\Users\scott\soccer-video\tools\auto_enhance\auto_enhance.ps1" "-In" "C:\Users\scott\soccer-video\out\atomic_clips\_quarantine\006__2025-09-20__TSC_vs_RVFC__SHOT__t31020.00-t31680.00.mp4"
[WhatIf] not executed
"powershell" "-NoProfile" "-ExecutionPolicy" "Bypass" "-File" "C:\Users\scott\soccer-video\tools\auto_enhance\auto_enhance.ps1" "-In" "C:\Users\scott\soccer-video\out\atomic_clips\_quarantine\006__2025-10-04__TSC_vs_FC_Tulsa_Black__BUILD_UP_GOAL__t40440.00-t43020.00.mp4"
[WhatIf] not executed
"powershell" "-NoProfile" "-ExecutionPolicy" "Bypass" "-File" "C:\Users\scott\soccer-video\tools\auto_enhance\auto_enhance.ps1" "-In" "C:\Users\scott\soccer-video\out\atomic_clips\_quarantine\006__2025-10-04__TSC_vs_FC_Tulsa_Black__BUILD_UP_GOAL__t40440.00-t43020.00.__DEBUG.mp4"
[WhatIf] not executed
"powershell" "-NoProfile" "-ExecutionPolicy" "Bypass" "-File" "C:\Users\scott\soccer-video\tools\auto_enhance\auto_enhance.ps1" "-In" "C:\Users\scott\soccer-video\out\atomic_clips\_quarantine\006__DEFENSE__t699.30-t711.50.mp4"
[WhatIf] not executed
"powershell" "-NoProfile" "-ExecutionPolicy" "Bypass" "-File" "C:\Users\scott\soccer-video\tools\auto_enhance\auto_enhance.ps1" "-In" "C:\Users\scott\soccer-video\out\atomic_clips\_quarantine\006__DEFENSE__t699.30-t711.50.__CINEMATIC.mp4"
[WhatIf] not executed
"powershell" "-NoProfile" "-ExecutionPolicy" "Bypass" "-File" "C:\Users\scott\soccer-video\tools\auto_enhance\auto_enhance.ps1" "-In" "C:\Users\scott\soccer-video\out\atomic_clips\_quarantine\007__2025-09-20__TSC_vs_Greenwood__DRIBBLING_SHOT__t44340.00-t45120.00.mp4"
[WhatIf] not executed
"powershell" "-NoProfile" "-ExecutionPolicy" "Bypass" "-File" "C:\Users\scott\soccer-video\tools\auto_enhance\auto_enhance.ps1" "-In" "C:\Users\scott\soccer-video\out\atomic_clips\_quarantine\007__2025-09-20__TSC_vs_RVFC__PRESSURE_GOAL__t31740.00-t32820.00.mp4"
[WhatIf] not executed
"powershell" "-NoProfile" "-ExecutionPolicy" "Bypass" "-File" "C:\Users\scott\soccer-video\tools\auto_enhance\auto_enhance.ps1" "-In" "C:\Users\scott\soccer-video\out\atomic_clips\_quarantine\007__2025-10-04__TSC_vs_FC_Tulsa_Black__BUILD_UP_SHOT__t46020.00-t47100.00.mp4"
[WhatIf] not executed
"powershell" "-NoProfile" "-ExecutionPolicy" "Bypass" "-File" "C:\Users\scott\soccer-video\tools\auto_enhance\auto_enhance.ps1" "-In" "C:\Users\scott\soccer-video\out\atomic_clips\_quarantine\007__DRIBBLING__t982.00-t987.90.mp4"
[WhatIf] not executed
"powershell" "-NoProfile" "-ExecutionPolicy" "Bypass" "-File" "C:\Users\scott\soccer-video\tools\auto_enhance\auto_enhance.ps1" "-In" "C:\Users\scott\soccer-video\out\atomic_clips\_quarantine\007__DRIBBLING__t982.00-t987.90.__CINEMATIC.mp4"
[WhatIf] not executed
"powershell" "-NoProfile" "-ExecutionPolicy" "Bypass" "-File" "C:\Users\scott\soccer-video\tools\auto_enhance\auto_enhance.ps1" "-In" "C:\Users\scott\soccer-video\out\atomic_clips\_quarantine\008__2025-09-20__TSC_vs_Greenwood__PRESSURE_SHOT__t45240.00-t46980.00.mp4"
[WhatIf] not executed
"powershell" "-NoProfile" "-ExecutionPolicy" "Bypass" "-File" "C:\Users\scott\soccer-video\tools\auto_enhance\auto_enhance.ps1" "-In" "C:\Users\scott\soccer-video\out\atomic_clips\_quarantine\008__2025-09-20__TSC_vs_RVFC__BUILD_UP_PLAY_SHOT__t33900.00-t36000.00.mp4"
[WhatIf] not executed
"powershell" "-NoProfile" "-ExecutionPolicy" "Bypass" "-File" "C:\Users\scott\soccer-video\tools\auto_enhance\auto_enhance.ps1" "-In" "C:\Users\scott\soccer-video\out\atomic_clips\_quarantine\008__2025-10-04__TSC_vs_FC_Tulsa_Black__BUILD_UP_SHOT__t61500.00-t62400.00.mp4"
[WhatIf] not executed
"powershell" "-NoProfile" "-ExecutionPolicy" "Bypass" "-File" "C:\Users\scott\soccer-video\tools\auto_enhance\auto_enhance.ps1" "-In" "C:\Users\scott\soccer-video\out\atomic_clips\_quarantine\008__SHOT__t1247.80-t1259.20.mp4"
[WhatIf] not executed
"powershell" "-NoProfile" "-ExecutionPolicy" "Bypass" "-File" "C:\Users\scott\soccer-video\tools\auto_enhance\auto_enhance.ps1" "-In" "C:\Users\scott\soccer-video\out\atomic_clips\_quarantine\008__SHOT__t1247.80-t1259.20.__CINEMATIC.mp4"
[WhatIf] not executed
"powershell" "-NoProfile" "-ExecutionPolicy" "Bypass" "-File" "C:\Users\scott\soccer-video\tools\auto_enhance\auto_enhance.ps1" "-In" "C:\Users\scott\soccer-video\out\atomic_clips\_quarantine\009__2025-09-20__TSC_vs_Greenwood__PRESSURE_SHOT__t48120.00-t49080.00.mp4"
[WhatIf] not executed
"powershell" "-NoProfile" "-ExecutionPolicy" "Bypass" "-File" "C:\Users\scott\soccer-video\tools\auto_enhance\auto_enhance.ps1" "-In" "C:\Users\scott\soccer-video\out\atomic_clips\_quarantine\009__2025-09-20__TSC_vs_RVFC__PRESSURE_SHOT__t36240.00-t37200.00.mp4"
[WhatIf] not executed
"powershell" "-NoProfile" "-ExecutionPolicy" "Bypass" "-File" "C:\Users\scott\soccer-video\tools\auto_enhance\auto_enhance.ps1" "-In" "C:\Users\scott\soccer-video\out\atomic_clips\_quarantine\009__2025-10-04__TSC_vs_FC_Tulsa_Black__PRESSURE_SHOT__t62760.00-t63420.00.mp4"
[WhatIf] not executed
"powershell" "-NoProfile" "-ExecutionPolicy" "Bypass" "-File" "C:\Users\scott\soccer-video\tools\auto_enhance\auto_enhance.ps1" "-In" "C:\Users\scott\soccer-video\out\atomic_clips\_quarantine\009__SHOT__t1420.40-t1438.20.mp4"
[WhatIf] not executed
"powershell" "-NoProfile" "-ExecutionPolicy" "Bypass" "-File" "C:\Users\scott\soccer-video\tools\auto_enhance\auto_enhance.ps1" "-In" "C:\Users\scott\soccer-video\out\atomic_clips\_quarantine\009__SHOT__t1420.40-t1438.20.__CINEMATIC.mp4"
[WhatIf] not executed
"powershell" "-NoProfile" "-ExecutionPolicy" "Bypass" "-File" "C:\Users\scott\soccer-video\tools\auto_enhance\auto_enhance.ps1" "-In" "C:\Users\scott\soccer-video\out\atomic_clips\_quarantine\010__2025-09-20__TSC_vs_Greenwood__DEFENSE_BUILD_UP__t49260.00-t50880.00.mp4"
[WhatIf] not executed
"powershell" "-NoProfile" "-ExecutionPolicy" "Bypass" "-File" "C:\Users\scott\soccer-video\tools\auto_enhance\auto_enhance.ps1" "-In" "C:\Users\scott\soccer-video\out\atomic_clips\_quarantine\010__2025-09-20__TSC_vs_RVFC__PRESSURE_SHOT__t40500.00-t41340.00.mp4"
[WhatIf] not executed
"powershell" "-NoProfile" "-ExecutionPolicy" "Bypass" "-File" "C:\Users\scott\soccer-video\tools\auto_enhance\auto_enhance.ps1" "-In" "C:\Users\scott\soccer-video\out\atomic_clips\_quarantine\010__2025-10-04__TSC_vs_FC_Tulsa_Black__BUILD_UP_SHOT__t63480.00-t64800.00.mp4"
[WhatIf] not executed
"powershell" "-NoProfile" "-ExecutionPolicy" "Bypass" "-File" "C:\Users\scott\soccer-video\tools\auto_enhance\auto_enhance.ps1" "-In" "C:\Users\scott\soccer-video\out\atomic_clips\_quarantine\010__CROSS__t1541.10-t1547.90.mp4"
[WhatIf] not executed
"powershell" "-NoProfile" "-ExecutionPolicy" "Bypass" "-File" "C:\Users\scott\soccer-video\tools\auto_enhance\auto_enhance.ps1" "-In" "C:\Users\scott\soccer-video\out\atomic_clips\_quarantine\010__CROSS__t1541.10-t1547.90.__CINEMATIC.mp4"
[WhatIf] not executed
"powershell" "-NoProfile" "-ExecutionPolicy" "Bypass" "-File" "C:\Users\scott\soccer-video\tools\auto_enhance\auto_enhance.ps1" "-In" "C:\Users\scott\soccer-video\out\atomic_clips\_quarantine\011__2025-09-20__TSC_vs_Greenwood__GOAL__t54120.00-t54780.00.mp4"
[WhatIf] not executed
"powershell" "-NoProfile" "-ExecutionPolicy" "Bypass" "-File" "C:\Users\scott\soccer-video\tools\auto_enhance\auto_enhance.ps1" "-In" "C:\Users\scott\soccer-video\out\atomic_clips\_quarantine\011__2025-09-20__TSC_vs_RVFC__PRESSURE_SHOT__t41340.00-t42120.00.mp4"
[WhatIf] not executed
"powershell" "-NoProfile" "-ExecutionPolicy" "Bypass" "-File" "C:\Users\scott\soccer-video\tools\auto_enhance\auto_enhance.ps1" "-In" "C:\Users\scott\soccer-video\out\atomic_clips\_quarantine\011__2025-10-04__TSC_vs_FC_Tulsa_Black__BUILD_UP_SHOT__t71880.00-t73320.00.mp4"
[WhatIf] not executed
"powershell" "-NoProfile" "-ExecutionPolicy" "Bypass" "-File" "C:\Users\scott\soccer-video\tools\auto_enhance\auto_enhance.ps1" "-In" "C:\Users\scott\soccer-video\out\atomic_clips\_quarantine\011__SHOTS__t1655.00-t1670.30.mp4"
[WhatIf] not executed
"powershell" "-NoProfile" "-ExecutionPolicy" "Bypass" "-File" "C:\Users\scott\soccer-video\tools\auto_enhance\auto_enhance.ps1" "-In" "C:\Users\scott\soccer-video\out\atomic_clips\_quarantine\011__SHOTS__t1655.00-t1670.30.__CINEMATIC.mp4"
[WhatIf] not executed
"powershell" "-NoProfile" "-ExecutionPolicy" "Bypass" "-File" "C:\Users\scott\soccer-video\tools\auto_enhance\auto_enhance.ps1" "-In" "C:\Users\scott\soccer-video\out\atomic_clips\_quarantine\012__2025-09-20__TSC_vs_Greenwood__BUILD_SHOT__t58380.00-t59220.00.mp4"
[WhatIf] not executed
"powershell" "-NoProfile" "-ExecutionPolicy" "Bypass" "-File" "C:\Users\scott\soccer-video\tools\auto_enhance\auto_enhance.ps1" "-In" "C:\Users\scott\soccer-video\out\atomic_clips\_quarantine\012__2025-09-20__TSC_vs_RVFC__BUILD_UP_PLAY_SHOT__t44760.00-t45420.00.mp4"
[WhatIf] not executed
"powershell" "-NoProfile" "-ExecutionPolicy" "Bypass" "-File" "C:\Users\scott\soccer-video\tools\auto_enhance\auto_enhance.ps1" "-In" "C:\Users\scott\soccer-video\out\atomic_clips\_quarantine\012__2025-10-04__TSC_vs_FC_Tulsa_Black__PRESSURE_GOAL__t74340.00-t75180.00.mp4"
[WhatIf] not executed
"powershell" "-NoProfile" "-ExecutionPolicy" "Bypass" "-File" "C:\Users\scott\soccer-video\tools\auto_enhance\auto_enhance.ps1" "-In" "C:\Users\scott\soccer-video\out\atomic_clips\_quarantine\012__GOAL__t1705.20-t1708.50.mp4"
[WhatIf] not executed
"powershell" "-NoProfile" "-ExecutionPolicy" "Bypass" "-File" "C:\Users\scott\soccer-video\tools\auto_enhance\auto_enhance.ps1" "-In" "C:\Users\scott\soccer-video\out\atomic_clips\_quarantine\012__GOAL__t1705.20-t1708.50.__CINEMATIC.mp4"
[WhatIf] not executed
"powershell" "-NoProfile" "-ExecutionPolicy" "Bypass" "-File" "C:\Users\scott\soccer-video\tools\auto_enhance\auto_enhance.ps1" "-In" "C:\Users\scott\soccer-video\out\atomic_clips\_quarantine\013__2025-09-20__TSC_vs_Greenwood__PRESSURE_SHOT__t59280.00-t60060.00.mp4"
[WhatIf] not executed
"powershell" "-NoProfile" "-ExecutionPolicy" "Bypass" "-File" "C:\Users\scott\soccer-video\tools\auto_enhance\auto_enhance.ps1" "-In" "C:\Users\scott\soccer-video\out\atomic_clips\_quarantine\013__2025-09-20__TSC_vs_RVFC__BUILD_UP_PLAY_SHOT__t49260.00-t51900.00.mp4"
[WhatIf] not executed
"powershell" "-NoProfile" "-ExecutionPolicy" "Bypass" "-File" "C:\Users\scott\soccer-video\tools\auto_enhance\auto_enhance.ps1" "-In" "C:\Users\scott\soccer-video\out\atomic_clips\_quarantine\013__2025-10-04__TSC_vs_FC_Tulsa_Black__BUILD_UP_PLAY__t77400.00-t78360.00.mp4"
[WhatIf] not executed
"powershell" "-NoProfile" "-ExecutionPolicy" "Bypass" "-File" "C:\Users\scott\soccer-video\tools\auto_enhance\auto_enhance.ps1" "-In" "C:\Users\scott\soccer-video\out\atomic_clips\_quarantine\013__GOAL__t1767.50-t1772.60.mp4"
[WhatIf] not executed
"powershell" "-NoProfile" "-ExecutionPolicy" "Bypass" "-File" "C:\Users\scott\soccer-video\tools\auto_enhance\auto_enhance.ps1" "-In" "C:\Users\scott\soccer-video\out\atomic_clips\_quarantine\013__GOAL__t1767.50-t1772.60.__CINEMATIC.mp4"
[WhatIf] not executed
"powershell" "-NoProfile" "-ExecutionPolicy" "Bypass" "-File" "C:\Users\scott\soccer-video\tools\auto_enhance\auto_enhance.ps1" "-In" "C:\Users\scott\soccer-video\out\atomic_clips\_quarantine\014__2025-09-20__TSC_vs_Greenwood__PRESSURE_SHOT__t63780.00-t64380.00.mp4"
[WhatIf] not executed
"powershell" "-NoProfile" "-ExecutionPolicy" "Bypass" "-File" "C:\Users\scott\soccer-video\tools\auto_enhance\auto_enhance.ps1" "-In" "C:\Users\scott\soccer-video\out\atomic_clips\_quarantine\014__2025-09-20__TSC_vs_RVFC__DEFENSE_BUILD_UP__t52800.00-t53820.00.mp4"
[WhatIf] not executed
"powershell" "-NoProfile" "-ExecutionPolicy" "Bypass" "-File" "C:\Users\scott\soccer-video\tools\auto_enhance\auto_enhance.ps1" "-In" "C:\Users\scott\soccer-video\out\atomic_clips\_quarantine\014__2025-10-04__TSC_vs_FC_Tulsa_Black__SHOT__t2354400.00-t2394000.00.mp4"
[WhatIf] not executed
"powershell" "-NoProfile" "-ExecutionPolicy" "Bypass" "-File" "C:\Users\scott\soccer-video\tools\auto_enhance\auto_enhance.ps1" "-In" "C:\Users\scott\soccer-video\out\atomic_clips\_quarantine\014__GOAL__t1904.20-t1925.20.mp4"
[WhatIf] not executed
"powershell" "-NoProfile" "-ExecutionPolicy" "Bypass" "-File" "C:\Users\scott\soccer-video\tools\auto_enhance\auto_enhance.ps1" "-In" "C:\Users\scott\soccer-video\out\atomic_clips\_quarantine\014__GOAL__t1904.20-t1925.20.__CINEMATIC.mp4"
[WhatIf] not executed
"powershell" "-NoProfile" "-ExecutionPolicy" "Bypass" "-File" "C:\Users\scott\soccer-video\tools\auto_enhance\auto_enhance.ps1" "-In" "C:\Users\scott\soccer-video\out\atomic_clips\_quarantine\015__2025-09-20__TSC_vs_Greenwood__SHOT__t64860.00-t65280.00.mp4"
[WhatIf] not executed
"powershell" "-NoProfile" "-ExecutionPolicy" "Bypass" "-File" "C:\Users\scott\soccer-video\tools\auto_enhance\auto_enhance.ps1" "-In" "C:\Users\scott\soccer-video\out\atomic_clips\_quarantine\015__2025-09-20__TSC_vs_RVFC__SHOT__t55800.00-t56220.00.mp4"
[WhatIf] not executed
"powershell" "-NoProfile" "-ExecutionPolicy" "Bypass" "-File" "C:\Users\scott\soccer-video\tools\auto_enhance\auto_enhance.ps1" "-In" "C:\Users\scott\soccer-video\out\atomic_clips\_quarantine\015__DRIBBLING__t1972.50-t1980.70.mp4"
[WhatIf] not executed
"powershell" "-NoProfile" "-ExecutionPolicy" "Bypass" "-File" "C:\Users\scott\soccer-video\tools\auto_enhance\auto_enhance.ps1" "-In" "C:\Users\scott\soccer-video\out\atomic_clips\_quarantine\015__DRIBBLING__t1972.50-t1980.70.__CINEMATIC.mp4"
[WhatIf] not executed
"powershell" "-NoProfile" "-ExecutionPolicy" "Bypass" "-File" "C:\Users\scott\soccer-video\tools\auto_enhance\auto_enhance.ps1" "-In" "C:\Users\scott\soccer-video\out\atomic_clips\_quarantine\016__2025-09-20__TSC_vs_Greenwood__BUILD_UP_PLAY_SHOT__t71700.00-t72540.00.mp4"
[WhatIf] not executed
"powershell" "-NoProfile" "-ExecutionPolicy" "Bypass" "-File" "C:\Users\scott\soccer-video\tools\auto_enhance\auto_enhance.ps1" "-In" "C:\Users\scott\soccer-video\out\atomic_clips\_quarantine\016__2025-09-20__TSC_vs_RVFC__BUILD_UP_PLAY_SHOT__t59940.00-t61320.00.mp4"
[WhatIf] not executed
"powershell" "-NoProfile" "-ExecutionPolicy" "Bypass" "-File" "C:\Users\scott\soccer-video\tools\auto_enhance\auto_enhance.ps1" "-In" "C:\Users\scott\soccer-video\out\atomic_clips\_quarantine\016__SHOT__t2029.90-t2039.50.mp4"
[WhatIf] not executed
"powershell" "-NoProfile" "-ExecutionPolicy" "Bypass" "-File" "C:\Users\scott\soccer-video\tools\auto_enhance\auto_enhance.ps1" "-In" "C:\Users\scott\soccer-video\out\atomic_clips\_quarantine\016__SHOT__t2029.90-t2039.50.__CINEMATIC.mp4"
[WhatIf] not executed
"powershell" "-NoProfile" "-ExecutionPolicy" "Bypass" "-File" "C:\Users\scott\soccer-video\tools\auto_enhance\auto_enhance.ps1" "-In" "C:\Users\scott\soccer-video\out\atomic_clips\_quarantine\017__2025-09-20__TSC_vs_Greenwood__PRESSURE_SHOT__t72720.00-t73440.00.mp4"
[WhatIf] not executed
"powershell" "-NoProfile" "-ExecutionPolicy" "Bypass" "-File" "C:\Users\scott\soccer-video\tools\auto_enhance\auto_enhance.ps1" "-In" "C:\Users\scott\soccer-video\out\atomic_clips\_quarantine\017__2025-09-20__TSC_vs_RVFC__BUILD_UP_PLAY_SHOT__t65280.00-t67440.00.mp4"
[WhatIf] not executed
"powershell" "-NoProfile" "-ExecutionPolicy" "Bypass" "-File" "C:\Users\scott\soccer-video\tools\auto_enhance\auto_enhance.ps1" "-In" "C:\Users\scott\soccer-video\out\atomic_clips\_quarantine\017__SHOT__t2284.90-t2298.20.mp4"
[WhatIf] not executed
"powershell" "-NoProfile" "-ExecutionPolicy" "Bypass" "-File" "C:\Users\scott\soccer-video\tools\auto_enhance\auto_enhance.ps1" "-In" "C:\Users\scott\soccer-video\out\atomic_clips\_quarantine\017__SHOT__t2284.90-t2298.20.__CINEMATIC.mp4"
[WhatIf] not executed
"powershell" "-NoProfile" "-ExecutionPolicy" "Bypass" "-File" "C:\Users\scott\soccer-video\tools\auto_enhance\auto_enhance.ps1" "-In" "C:\Users\scott\soccer-video\out\atomic_clips\_quarantine\018__2025-09-20__TSC_vs_Greenwood__BUILD_UP_PLAY_GOAL__t77520.00-t79740.00.mp4"
[WhatIf] not executed
"powershell" "-NoProfile" "-ExecutionPolicy" "Bypass" "-File" "C:\Users\scott\soccer-video\tools\auto_enhance\auto_enhance.ps1" "-In" "C:\Users\scott\soccer-video\out\atomic_clips\_quarantine\018__2025-09-20__TSC_vs_RVFC__DRIBBLING_SHOT__t68820.00-t69180.00.mp4"
[WhatIf] not executed
"powershell" "-NoProfile" "-ExecutionPolicy" "Bypass" "-File" "C:\Users\scott\soccer-video\tools\auto_enhance\auto_enhance.ps1" "-In" "C:\Users\scott\soccer-video\out\atomic_clips\_quarantine\018__SHOT__t2419.50-t2425.60.mp4"
[WhatIf] not executed
"powershell" "-NoProfile" "-ExecutionPolicy" "Bypass" "-File" "C:\Users\scott\soccer-video\tools\auto_enhance\auto_enhance.ps1" "-In" "C:\Users\scott\soccer-video\out\atomic_clips\_quarantine\018__SHOT__t2419.50-t2425.60.__CINEMATIC.mp4"
[WhatIf] not executed
"powershell" "-NoProfile" "-ExecutionPolicy" "Bypass" "-File" "C:\Users\scott\soccer-video\tools\auto_enhance\auto_enhance.ps1" "-In" "C:\Users\scott\soccer-video\out\atomic_clips\_quarantine\019__2025-09-20__TSC_vs_Greenwood__PRESSURE_SHOT__t82140.00-t82980.00.mp4"
[WhatIf] not executed
"powershell" "-NoProfile" "-ExecutionPolicy" "Bypass" "-File" "C:\Users\scott\soccer-video\tools\auto_enhance\auto_enhance.ps1" "-In" "C:\Users\scott\soccer-video\out\atomic_clips\_quarantine\019__2025-09-20__TSC_vs_RVFC__BUILD_UP_PLAY_SHOT__t69480.00-t70920.00.mp4"
[WhatIf] not executed
"powershell" "-NoProfile" "-ExecutionPolicy" "Bypass" "-File" "C:\Users\scott\soccer-video\tools\auto_enhance\auto_enhance.ps1" "-In" "C:\Users\scott\soccer-video\out\atomic_clips\_quarantine\019__SHOT__t2633.00-t2638.10.mp4"
[WhatIf] not executed
"powershell" "-NoProfile" "-ExecutionPolicy" "Bypass" "-File" "C:\Users\scott\soccer-video\tools\auto_enhance\auto_enhance.ps1" "-In" "C:\Users\scott\soccer-video\out\atomic_clips\_quarantine\019__SHOT__t2633.00-t2638.10.__CINEMATIC.mp4"
[WhatIf] not executed
"powershell" "-NoProfile" "-ExecutionPolicy" "Bypass" "-File" "C:\Users\scott\soccer-video\tools\auto_enhance\auto_enhance.ps1" "-In" "C:\Users\scott\soccer-video\out\atomic_clips\_quarantine\020__2025-09-20__TSC_vs_Greenwood__PRESSURE_SHOT__t83580.00-t84540.00.mp4"
[WhatIf] not executed
"powershell" "-NoProfile" "-ExecutionPolicy" "Bypass" "-File" "C:\Users\scott\soccer-video\tools\auto_enhance\auto_enhance.ps1" "-In" "C:\Users\scott\soccer-video\out\atomic_clips\_quarantine\020__2025-09-20__TSC_vs_RVFC__SHOT__t74160.00-t74580.00.mp4"
[WhatIf] not executed
"powershell" "-NoProfile" "-ExecutionPolicy" "Bypass" "-File" "C:\Users\scott\soccer-video\tools\auto_enhance\auto_enhance.ps1" "-In" "C:\Users\scott\soccer-video\out\atomic_clips\_quarantine\020__GOAL__t2816.60-t2831.80.mp4"
[WhatIf] not executed
"powershell" "-NoProfile" "-ExecutionPolicy" "Bypass" "-File" "C:\Users\scott\soccer-video\tools\auto_enhance\auto_enhance.ps1" "-In" "C:\Users\scott\soccer-video\out\atomic_clips\_quarantine\020__GOAL__t2816.60-t2831.80.__CINEMATIC.mp4"
[WhatIf] not executed
"powershell" "-NoProfile" "-ExecutionPolicy" "Bypass" "-File" "C:\Users\scott\soccer-video\tools\auto_enhance\auto_enhance.ps1" "-In" "C:\Users\scott\soccer-video\out\atomic_clips\_quarantine\021__2025-09-20__TSC_vs_RVFC__CROSS__t76500.00-t77580.00.mp4"
[WhatIf] not executed
"powershell" "-NoProfile" "-ExecutionPolicy" "Bypass" "-File" "C:\Users\scott\soccer-video\tools\auto_enhance\auto_enhance.ps1" "-In" "C:\Users\scott\soccer-video\out\atomic_clips\_quarantine\021__SHOT__t2860.70-t2873.00.mp4"
[WhatIf] not executed
"powershell" "-NoProfile" "-ExecutionPolicy" "Bypass" "-File" "C:\Users\scott\soccer-video\tools\auto_enhance\auto_enhance.ps1" "-In" "C:\Users\scott\soccer-video\out\atomic_clips\_quarantine\022__2025-09-20__TSC_vs_RVFC__PRESSURE_SHOT__t78000.00-t78600.00.mp4"
[WhatIf] not executed
"powershell" "-NoProfile" "-ExecutionPolicy" "Bypass" "-File" "C:\Users\scott\soccer-video\tools\auto_enhance\auto_enhance.ps1" "-In" "C:\Users\scott\soccer-video\out\atomic_clips\_quarantine\023__2025-09-20__TSC_vs_RVFC__PRESSURE_SHOT__t78960.00-t79740.00.mp4"
[WhatIf] not executed
"powershell" "-NoProfile" "-ExecutionPolicy" "Bypass" "-File" "C:\Users\scott\soccer-video\tools\auto_enhance\auto_enhance.ps1" "-In" "C:\Users\scott\soccer-video\out\atomic_clips\_quarantine\023__SHOT__t3098.90-t3108.80.mp4"
[WhatIf] not executed
"powershell" "-NoProfile" "-ExecutionPolicy" "Bypass" "-File" "C:\Users\scott\soccer-video\tools\auto_enhance\auto_enhance.ps1" "-In" "C:\Users\scott\soccer-video\out\atomic_clips\_quarantine\024__2025-09-20__TSC_vs_Greenwood__PRESSURE_SHOT__t2718000.00-t2754000.00.mp4"
[WhatIf] not executed
"powershell" "-NoProfile" "-ExecutionPolicy" "Bypass" "-File" "C:\Users\scott\soccer-video\tools\auto_enhance\auto_enhance.ps1" "-In" "C:\Users\scott\soccer-video\out\atomic_clips\_quarantine\024__2025-09-20__TSC_vs_RVFC__FREE_KICK__t84120.00-t85260.00.mp4"
[WhatIf] not executed
"powershell" "-NoProfile" "-ExecutionPolicy" "Bypass" "-File" "C:\Users\scott\soccer-video\tools\auto_enhance\auto_enhance.ps1" "-In" "C:\Users\scott\soccer-video\out\atomic_clips\_quarantine\025__2025-09-20__TSC_vs_RVFC__PRESSURE_GOAL__t2203200.00-t2232000.00.mp4"
[WhatIf] not executed
"powershell" "-NoProfile" "-ExecutionPolicy" "Bypass" "-File" "C:\Users\scott\soccer-video\tools\auto_enhance\auto_enhance.ps1" "-In" "C:\Users\scott\soccer-video\out\atomic_clips\_quarantine\026__2025-09-20__TSC_vs_RVFC__DRIBBLING_SHOT__t2592000.00-t2628000.00.mp4"
[WhatIf] not executed
"powershell" "-NoProfile" "-ExecutionPolicy" "Bypass" "-File" "C:\Users\scott\soccer-video\tools\auto_enhance\auto_enhance.ps1" "-In" "C:\Users\scott\soccer-video\out\atomic_clips\_quarantine\027__2025-09-20__TSC_vs_Greenwood__BUILD_UP_PLAY_SHOT__t2937600.00-t3002400.00.mp4"
[WhatIf] not executed
"powershell" "-NoProfile" "-ExecutionPolicy" "Bypass" "-File" "C:\Users\scott\soccer-video\tools\auto_enhance\auto_enhance.ps1" "-In" "C:\Users\scott\soccer-video\out\atomic_clips\_quarantine\036__2025-09-20__TSC_vs_Greenwood__PRESSURE_SHOT__t3906000.00-t3942000.00.mp4"
[WhatIf] not executed
"powershell" "-NoProfile" "-ExecutionPolicy" "Bypass" "-File" "C:\Users\scott\soccer-video\tools\auto_enhance\auto_enhance.ps1" "-In" "C:\Users\scott\soccer-video\out\atomic_clips\_quarantine\038__2025-09-20__TSC_vs_Greenwood__PRESSURE_SHOT__t4010400.00-t4086000.00.mp4"
[WhatIf] not executed
"powershell" "-NoProfile" "-ExecutionPolicy" "Bypass" "-File" "C:\Users\scott\soccer-video\tools\auto_enhance\auto_enhance.ps1" "-In" "C:\Users\scott\soccer-video\out\atomic_clips\_quarantine\041__2025-09-20__TSC_vs_RVFC__CORNER__t3931200.00-t3967200.00.mp4"
[WhatIf] not executed
"powershell" "-NoProfile" "-ExecutionPolicy" "Bypass" "-File" "C:\Users\scott\soccer-video\tools\auto_enhance\auto_enhance.ps1" "-In" "C:\Users\scott\soccer-video\out\atomic_clips\_quarantine\042__2025-09-20__TSC_vs_RVFC__CORNER__t3992400.00-t4057200.00.mp4"
[WhatIf] not executed
"powershell" "-NoProfile" "-ExecutionPolicy" "Bypass" "-File" "C:\Users\scott\soccer-video\tools\auto_enhance\auto_enhance.ps1" "-In" "C:\Users\scott\soccer-video\out\atomic_clips\2025-09-13__TSC_vs_NEOFC\001__2025-09-13__TSC_vs_NEOFC__SHOT__t156-t166.mp4"
[WhatIf] not executed
"powershell" "-NoProfile" "-ExecutionPolicy" "Bypass" "-File" "C:\Users\scott\soccer-video\tools\auto_enhance\auto_enhance.ps1" "-In" "C:\Users\scott\soccer-video\out\atomic_clips\2025-09-13__TSC_vs_NEOFC\002__2025-09-13__TSC_vs_NEOFC__GOAL__t180.80-t191.20.__DEBUG_FINAL_portrait_FINAL.mp4"
[WhatIf] not executed
"powershell" "-NoProfile" "-ExecutionPolicy" "Bypass" "-File" "C:\Users\scott\soccer-video\tools\auto_enhance\auto_enhance.ps1" "-In" "C:\Users\scott\soccer-video\out\atomic_clips\2025-09-13__TSC_vs_NEOFC\003__2025-09-13__TSC_vs_NEOFC__BUILD_UP__t224.80-t248.70.__DEBUG_FINAL_portrait_FINAL.mp4"
[WhatIf] not executed
"powershell" "-NoProfile" "-ExecutionPolicy" "Bypass" "-File" "C:\Users\scott\soccer-video\tools\auto_enhance\auto_enhance.ps1" "-In" "C:\Users\scott\soccer-video\out\atomic_clips\2025-09-13__TSC_vs_NEOFC\004__2025-09-13__TSC_vs_NEOFC__GOAL__t266.50-t283.10.__DEBUG_FINAL_portrait_FINAL.mp4"
[WhatIf] not executed
"powershell" "-NoProfile" "-ExecutionPolicy" "Bypass" "-File" "C:\Users\scott\soccer-video\tools\auto_enhance\auto_enhance.ps1" "-In" "C:\Users\scott\soccer-video\out\atomic_clips\2025-09-13__TSC_vs_NEOFC\005__2025-09-13__TSC_vs_NEOFC__CORNER__t417.90-t431.60.__DEBUG_FINAL_portrait_FINAL.mp4"
[WhatIf] not executed
"powershell" "-NoProfile" "-ExecutionPolicy" "Bypass" "-File" "C:\Users\scott\soccer-video\tools\auto_enhance\auto_enhance.ps1" "-In" "C:\Users\scott\soccer-video\out\atomic_clips\2025-09-13__TSC_vs_NEOFC\006__2025-09-13__TSC_vs_NEOFC__DEFENSE__t699.30-t711.50.__DEBUG_FINAL_portrait_FINAL.mp4"
[WhatIf] not executed
"powershell" "-NoProfile" "-ExecutionPolicy" "Bypass" "-File" "C:\Users\scott\soccer-video\tools\auto_enhance\auto_enhance.ps1" "-In" "C:\Users\scott\soccer-video\out\atomic_clips\2025-09-13__TSC_vs_NEOFC\007__2025-09-13__TSC_vs_NEOFC__DRIBBLING__t982.00-t987.90_portrait_POST.mp4"
[WhatIf] not executed
"powershell" "-NoProfile" "-ExecutionPolicy" "Bypass" "-File" "C:\Users\scott\soccer-video\tools\auto_enhance\auto_enhance.ps1" "-In" "C:\Users\scott\soccer-video\out\atomic_clips\2025-09-13__TSC_vs_NEOFC\008__2025-09-13__TSC_vs_NEOFC__SHOT__t1247.80-t1259.20_portrait_POST.mp4"
[WhatIf] not executed
"powershell" "-NoProfile" "-ExecutionPolicy" "Bypass" "-File" "C:\Users\scott\soccer-video\tools\auto_enhance\auto_enhance.ps1" "-In" "C:\Users\scott\soccer-video\out\atomic_clips\2025-09-13__TSC_vs_NEOFC\009__2025-09-13__TSC_vs_NEOFC__SHOT__t1420.40-t1438.20_portrait_POST.mp4"
[WhatIf] not executed
"powershell" "-NoProfile" "-ExecutionPolicy" "Bypass" "-File" "C:\Users\scott\soccer-video\tools\auto_enhance\auto_enhance.ps1" "-In" "C:\Users\scott\soccer-video\out\atomic_clips\2025-09-13__TSC_vs_NEOFC\010__2025-09-13__TSC_vs_NEOFC__CROSS__t1541.10-t1547.90_portrait_POST.mp4"
[WhatIf] not executed
"powershell" "-NoProfile" "-ExecutionPolicy" "Bypass" "-File" "C:\Users\scott\soccer-video\tools\auto_enhance\auto_enhance.ps1" "-In" "C:\Users\scott\soccer-video\out\atomic_clips\2025-09-13__TSC_vs_NEOFC\011__2025-09-13__TSC_vs_NEOFC__SHOTS__t1655.00-t1670.30_portrait_POST.mp4"
[WhatIf] not executed
"powershell" "-NoProfile" "-ExecutionPolicy" "Bypass" "-File" "C:\Users\scott\soccer-video\tools\auto_enhance\auto_enhance.ps1" "-In" "C:\Users\scott\soccer-video\out\atomic_clips\2025-09-13__TSC_vs_NEOFC\012__2025-09-13__TSC_vs_NEOFC__GOAL__t1705.20-t1708.50_portrait_POST.mp4"
[WhatIf] not executed
"powershell" "-NoProfile" "-ExecutionPolicy" "Bypass" "-File" "C:\Users\scott\soccer-video\tools\auto_enhance\auto_enhance.ps1" "-In" "C:\Users\scott\soccer-video\out\atomic_clips\2025-09-13__TSC_vs_NEOFC\013__2025-09-13__TSC_vs_NEOFC__GOAL__t1767.50-t1772.60_portrait_POST.mp4"
[WhatIf] not executed
"powershell" "-NoProfile" "-ExecutionPolicy" "Bypass" "-File" "C:\Users\scott\soccer-video\tools\auto_enhance\auto_enhance.ps1" "-In" "C:\Users\scott\soccer-video\out\atomic_clips\2025-09-13__TSC_vs_NEOFC\014__2025-09-13__TSC_vs_NEOFC__GOAL__t1904.20-t1925.20_portrait_POST.mp4"
[WhatIf] not executed
"powershell" "-NoProfile" "-ExecutionPolicy" "Bypass" "-File" "C:\Users\scott\soccer-video\tools\auto_enhance\auto_enhance.ps1" "-In" "C:\Users\scott\soccer-video\out\atomic_clips\2025-09-13__TSC_vs_NEOFC\015__2025-09-13__TSC_vs_NEOFC__DRIBBLING__t1972.50-t1980.70_portrait_POST.mp4"
[WhatIf] not executed
"powershell" "-NoProfile" "-ExecutionPolicy" "Bypass" "-File" "C:\Users\scott\soccer-video\tools\auto_enhance\auto_enhance.ps1" "-In" "C:\Users\scott\soccer-video\out\atomic_clips\2025-09-13__TSC_vs_NEOFC\016__2025-09-13__TSC_vs_NEOFC__SHOT__t2029.90-t2039.50_portrait_POST.mp4"
[WhatIf] not executed
"powershell" "-NoProfile" "-ExecutionPolicy" "Bypass" "-File" "C:\Users\scott\soccer-video\tools\auto_enhance\auto_enhance.ps1" "-In" "C:\Users\scott\soccer-video\out\atomic_clips\2025-09-13__TSC_vs_NEOFC\017__2025-09-13__TSC_vs_NEOFC__SHOT__t2284.90-t2298.20_portrait_POST.mp4"
[WhatIf] not executed
"powershell" "-NoProfile" "-ExecutionPolicy" "Bypass" "-File" "C:\Users\scott\soccer-video\tools\auto_enhance\auto_enhance.ps1" "-In" "C:\Users\scott\soccer-video\out\atomic_clips\2025-09-13__TSC_vs_NEOFC\018__2025-09-13__TSC_vs_NEOFC__SHOT__t2419.50-t2425.60_portrait_POST.mp4"
[WhatIf] not executed
"powershell" "-NoProfile" "-ExecutionPolicy" "Bypass" "-File" "C:\Users\scott\soccer-video\tools\auto_enhance\auto_enhance.ps1" "-In" "C:\Users\scott\soccer-video\out\atomic_clips\2025-09-13__TSC_vs_NEOFC\019__2025-09-13__TSC_vs_NEOFC__SHOT__t2633.00-t2638.10_portrait_POST.mp4"
[WhatIf] not executed
"powershell" "-NoProfile" "-ExecutionPolicy" "Bypass" "-File" "C:\Users\scott\soccer-video\tools\auto_enhance\auto_enhance.ps1" "-In" "C:\Users\scott\soccer-video\out\atomic_clips\2025-09-13__TSC_vs_NEOFC\020__2025-09-13__TSC_vs_NEOFC__GOAL__t2816.60-t2831.80_portrait_POST.mp4"
[WhatIf] not executed
"powershell" "-NoProfile" "-ExecutionPolicy" "Bypass" "-File" "C:\Users\scott\soccer-video\tools\auto_enhance\auto_enhance.ps1" "-In" "C:\Users\scott\soccer-video\out\atomic_clips\2025-09-13__TSC_vs_NEOFC\021__2025-09-13__TSC_vs_NEOFC__SHOT__t2860.70-t2873.00_portrait_POST.mp4"
[WhatIf] not executed
"powershell" "-NoProfile" "-ExecutionPolicy" "Bypass" "-File" "C:\Users\scott\soccer-video\tools\auto_enhance\auto_enhance.ps1" "-In" "C:\Users\scott\soccer-video\out\atomic_clips\2025-09-13__TSC_vs_NEOFC\023__2025-09-13__TSC_vs_NEOFC__SHOT__t3098.90-t3108.80_portrait_POST.mp4"
[WhatIf] not executed
"powershell" "-NoProfile" "-ExecutionPolicy" "Bypass" "-File" "C:\Users\scott\soccer-video\tools\auto_enhance\auto_enhance.ps1" "-In" "C:\Users\scott\soccer-video\out\atomic_clips\2025-09-13__TSC_vs_NEOFC\030__2025-09-13__TSC_vs_NEOFC__2025-10-04__TSC_vs_FC_Tulsa_Black__BUILD_UP_SHOT__t1705-t1721.mp4"
[WhatIf] not executed
"powershell" "-NoProfile" "-ExecutionPolicy" "Bypass" "-File" "C:\Users\scott\soccer-video\tools\auto_enhance\auto_enhance.ps1" "-In" "C:\Users\scott\soccer-video\out\atomic_clips\2025-09-13__TSC_vs_NEOFC\115__2025-09-13__TSC_vs_NEOFC__SHOT__t155.5-t166.4.mp4"
[WhatIf] not executed
"powershell" "-NoProfile" "-ExecutionPolicy" "Bypass" "-File" "C:\Users\scott\soccer-video\tools\auto_enhance\auto_enhance.ps1" "-In" "C:\Users\scott\soccer-video\out\upscaled\001__2025-09-20__TSC_vs_Greenwood__BUILD_UP_PLAY_SHOT__t18900.00-t20340.00__x2.mp4"
[WhatIf] not executed
"powershell" "-NoProfile" "-ExecutionPolicy" "Bypass" "-File" "C:\Users\scott\soccer-video\tools\auto_enhance\auto_enhance.ps1" "-In" "C:\Users\scott\soccer-video\out\atomic_clips\2025-09-20__TSC_vs_Greenwood\002__2025-09-20__TSC_vs_Greenwood__GOAL__t20400.00-t21180.00.mp4"
[WhatIf] not executed
"powershell" "-NoProfile" "-ExecutionPolicy" "Bypass" "-File" "C:\Users\scott\soccer-video\tools\auto_enhance\auto_enhance.ps1" "-In" "C:\Users\scott\soccer-video\out\atomic_clips\2025-09-20__TSC_vs_Greenwood\021__2025-09-20__TSC_vs_Greenwood__BUILD_UP_PLAY_SHOT__t1437.00-t1472.00_portrait_POST.mp4"
[WhatIf] not executed
"powershell" "-NoProfile" "-ExecutionPolicy" "Bypass" "-File" "C:\Users\scott\soccer-video\tools\auto_enhance\auto_enhance.ps1" "-In" "C:\Users\scott\soccer-video\out\atomic_clips\2025-09-20__TSC_vs_Greenwood\022__2025-09-20__TSC_vs_Greenwood__GOAL__t1578.00-t1586.00_portrait_POST.mp4"
[WhatIf] not executed
"powershell" "-NoProfile" "-ExecutionPolicy" "Bypass" "-File" "C:\Users\scott\soccer-video\tools\auto_enhance\auto_enhance.ps1" "-In" "C:\Users\scott\soccer-video\out\atomic_clips\2025-09-20__TSC_vs_Greenwood\023__2025-09-20__TSC_vs_Greenwood__BUILD_UP_PLAY_SHOT__t1711.00-t1722.00_portrait_POST.mp4"
[WhatIf] not executed
"powershell" "-NoProfile" "-ExecutionPolicy" "Bypass" "-File" "C:\Users\scott\soccer-video\tools\auto_enhance\auto_enhance.ps1" "-In" "C:\Users\scott\soccer-video\out\atomic_clips\2025-09-20__TSC_vs_Greenwood\024__2025-09-20__TSC_vs_Greenwood__PRESSURE_SHOT__t1871.00-t1881.00_portrait_POST.mp4"
[WhatIf] not executed
"powershell" "-NoProfile" "-ExecutionPolicy" "Bypass" "-File" "C:\Users\scott\soccer-video\tools\auto_enhance\auto_enhance.ps1" "-In" "C:\Users\scott\soccer-video\out\atomic_clips\2025-09-20__TSC_vs_Greenwood\024__2025-09-20__TSC_vs_Greenwood__PRESSURE_SHOT__t2718000.00-t2754000.00.mp4"
[WhatIf] not executed
"powershell" "-NoProfile" "-ExecutionPolicy" "Bypass" "-File" "C:\Users\scott\soccer-video\tools\auto_enhance\auto_enhance.ps1" "-In" "C:\Users\scott\soccer-video\out\atomic_clips\2025-09-20__TSC_vs_Greenwood\025__2025-09-20__TSC_vs_Greenwood__GOAL__t1885.00-t1895.00_portrait_POST.mp4"
[WhatIf] not executed
"powershell" "-NoProfile" "-ExecutionPolicy" "Bypass" "-File" "C:\Users\scott\soccer-video\tools\auto_enhance\auto_enhance.ps1" "-In" "C:\Users\scott\soccer-video\out\atomic_clips\2025-09-20__TSC_vs_Greenwood\026__2025-09-20__TSC_vs_Greenwood__PRESSURE_SHOT__t1951.00-t1962.00_portrait_POST.mp4"
[WhatIf] not executed
"powershell" "-NoProfile" "-ExecutionPolicy" "Bypass" "-File" "C:\Users\scott\soccer-video\tools\auto_enhance\auto_enhance.ps1" "-In" "C:\Users\scott\soccer-video\out\atomic_clips\2025-09-20__TSC_vs_Greenwood\027__2025-09-20__TSC_vs_Greenwood__BUILD_UP_PLAY_SHOT__t2040.00-t2058.00_portrait_POST.mp4"
[WhatIf] not executed
"powershell" "-NoProfile" "-ExecutionPolicy" "Bypass" "-File" "C:\Users\scott\soccer-video\tools\auto_enhance\auto_enhance.ps1" "-In" "C:\Users\scott\soccer-video\out\atomic_clips\2025-09-20__TSC_vs_Greenwood\027__2025-09-20__TSC_vs_Greenwood__BUILD_UP_PLAY_SHOT__t2937600.00-t3002400.00.mp4"
[WhatIf] not executed
"powershell" "-NoProfile" "-ExecutionPolicy" "Bypass" "-File" "C:\Users\scott\soccer-video\tools\auto_enhance\auto_enhance.ps1" "-In" "C:\Users\scott\soccer-video\out\atomic_clips\2025-09-20__TSC_vs_Greenwood\028__2025-09-20__TSC_vs_Greenwood__BUILD_UP_PLAY_SHOT__t2092.00-t2105.00_portrait_POST.mp4"
[WhatIf] not executed
"powershell" "-NoProfile" "-ExecutionPolicy" "Bypass" "-File" "C:\Users\scott\soccer-video\tools\auto_enhance\auto_enhance.ps1" "-In" "C:\Users\scott\soccer-video\out\atomic_clips\2025-09-20__TSC_vs_Greenwood\029__2025-09-20__TSC_vs_Greenwood__BUILD_UP_PLAY_SHOT__t2134.00-t2152.00_portrait_POST.mp4"
[WhatIf] not executed
"powershell" "-NoProfile" "-ExecutionPolicy" "Bypass" "-File" "C:\Users\scott\soccer-video\tools\auto_enhance\auto_enhance.ps1" "-In" "C:\Users\scott\soccer-video\out\atomic_clips\2025-09-20__TSC_vs_Greenwood\030__2025-09-20__TSC_vs_Greenwood__FREE_KICK_WON_GOAL__t2175.00-t2211.00_portrait_POST.mp4"
[WhatIf] not executed
"powershell" "-NoProfile" "-ExecutionPolicy" "Bypass" "-File" "C:\Users\scott\soccer-video\tools\auto_enhance\auto_enhance.ps1" "-In" "C:\Users\scott\soccer-video\out\atomic_clips\2025-09-20__TSC_vs_Greenwood\031__2025-09-20__TSC_vs_Greenwood__BUILD_UP_PLAY_SHOT__t2245.00-t2266.00_portrait_POST.mp4"
[WhatIf] not executed
"powershell" "-NoProfile" "-ExecutionPolicy" "Bypass" "-File" "C:\Users\scott\soccer-video\tools\auto_enhance\auto_enhance.ps1" "-In" "C:\Users\scott\soccer-video\out\atomic_clips\2025-09-20__TSC_vs_Greenwood\032__2025-09-20__TSC_vs_Greenwood__BUILD_UP_PLAY_SHOT__t2544.00-t2561.00_portrait_POST.mp4"
[WhatIf] not executed
"powershell" "-NoProfile" "-ExecutionPolicy" "Bypass" "-File" "C:\Users\scott\soccer-video\tools\auto_enhance\auto_enhance.ps1" "-In" "C:\Users\scott\soccer-video\out\atomic_clips\2025-09-20__TSC_vs_Greenwood\033__2025-09-20__TSC_vs_Greenwood__GOAL__t2562.00-t2582.00_portrait_POST.mp4"
[WhatIf] not executed
"powershell" "-NoProfile" "-ExecutionPolicy" "Bypass" "-File" "C:\Users\scott\soccer-video\tools\auto_enhance\auto_enhance.ps1" "-In" "C:\Users\scott\soccer-video\out\atomic_clips\2025-09-20__TSC_vs_Greenwood\034__2025-09-20__TSC_vs_Greenwood__PRESSURE_SHOT__t2646.00-t2665.00_portrait_POST.mp4"
[WhatIf] not executed
"powershell" "-NoProfile" "-ExecutionPolicy" "Bypass" "-File" "C:\Users\scott\soccer-video\tools\auto_enhance\auto_enhance.ps1" "-In" "C:\Users\scott\soccer-video\out\atomic_clips\2025-09-20__TSC_vs_Greenwood\035__2025-09-20__TSC_vs_Greenwood__CORNER__t2687.00-t2701.00_portrait_POST.mp4"
[WhatIf] not executed
"powershell" "-NoProfile" "-ExecutionPolicy" "Bypass" "-File" "C:\Users\scott\soccer-video\tools\auto_enhance\auto_enhance.ps1" "-In" "C:\Users\scott\soccer-video\out\atomic_clips\2025-09-20__TSC_vs_Greenwood\036__2025-09-20__TSC_vs_Greenwood__PRESSURE_SHOT__t2705.00-t2715.00_portrait_POST.mp4"
[WhatIf] not executed
"powershell" "-NoProfile" "-ExecutionPolicy" "Bypass" "-File" "C:\Users\scott\soccer-video\tools\auto_enhance\auto_enhance.ps1" "-In" "C:\Users\scott\soccer-video\out\atomic_clips\2025-09-20__TSC_vs_Greenwood\037__2025-09-20__TSC_vs_Greenwood__PRESSURE_GOAL__t2729.00-t2749.00_portrait_POST.mp4"
[WhatIf] not executed
"powershell" "-NoProfile" "-ExecutionPolicy" "Bypass" "-File" "C:\Users\scott\soccer-video\tools\auto_enhance\auto_enhance.ps1" "-In" "C:\Users\scott\soccer-video\out\atomic_clips\2025-09-20__TSC_vs_Greenwood\038__2025-09-20__TSC_vs_Greenwood__PRESSURE_SHOT__t2770.00-t2827.00_portrait_POST.mp4"
[WhatIf] not executed
"powershell" "-NoProfile" "-ExecutionPolicy" "Bypass" "-File" "C:\Users\scott\soccer-video\tools\auto_enhance\auto_enhance.ps1" "-In" "C:\Users\scott\soccer-video\out\atomic_clips\2025-09-20__TSC_vs_Greenwood\039__2025-09-20__TSC_vs_Greenwood__BUILD_UP_PLAY_SHOT__t2894.00-t2914.00_portrait_POST.mp4"
[WhatIf] not executed
"powershell" "-NoProfile" "-ExecutionPolicy" "Bypass" "-File" "C:\Users\scott\soccer-video\tools\auto_enhance\auto_enhance.ps1" "-In" "C:\Users\scott\soccer-video\out\upscaled\001__2025-09-20__TSC_vs_RVFC__SHOT__t7320.00-t7860.00__x2.mp4"
[WhatIf] not executed
"powershell" "-NoProfile" "-ExecutionPolicy" "Bypass" "-File" "C:\Users\scott\soccer-video\tools\auto_enhance\auto_enhance.ps1" "-In" "C:\Users\scott\soccer-video\out\atomic_clips\2025-09-20__TSC_vs_RVFC\002__2025-09-20__TSC_vs_RVFC__PRESSURE_SHOT__t7920.00-t8880.00.mp4"
[WhatIf] not executed
"powershell" "-NoProfile" "-ExecutionPolicy" "Bypass" "-File" "C:\Users\scott\soccer-video\tools\auto_enhance\auto_enhance.ps1" "-In" "C:\Users\scott\soccer-video\out\atomic_clips\2025-09-20__TSC_vs_RVFC\003__2025-09-20__TSC_vs_RVFC__PRESSURE_SHOT__t15480.00-t16260.00.mp4"
[WhatIf] not executed
"powershell" "-NoProfile" "-ExecutionPolicy" "Bypass" "-File" "C:\Users\scott\soccer-video\tools\auto_enhance\auto_enhance.ps1" "-In" "C:\Users\scott\soccer-video\out\atomic_clips\2025-09-20__TSC_vs_RVFC\004__2025-09-20__TSC_vs_RVFC__PRESSURE_GOAL__t17880.00-t18720.00.mp4"
[WhatIf] not executed
"powershell" "-NoProfile" "-ExecutionPolicy" "Bypass" "-File" "C:\Users\scott\soccer-video\tools\auto_enhance\auto_enhance.ps1" "-In" "C:\Users\scott\soccer-video\out\atomic_clips\2025-09-20__TSC_vs_RVFC\005__2025-09-20__TSC_vs_RVFC__BUILD_UP_PLAY_SHOT__t21000.00-t22020.00.mp4"
[WhatIf] not executed
"powershell" "-NoProfile" "-ExecutionPolicy" "Bypass" "-File" "C:\Users\scott\soccer-video\tools\auto_enhance\auto_enhance.ps1" "-In" "C:\Users\scott\soccer-video\out\atomic_clips\2025-09-20__TSC_vs_RVFC\025__2025-09-20__TSC_vs_RVFC__PRESSURE_GOAL__t1512.00-t1520.00_portrait_POST.mp4"
[WhatIf] not executed
"powershell" "-NoProfile" "-ExecutionPolicy" "Bypass" "-File" "C:\Users\scott\soccer-video\tools\auto_enhance\auto_enhance.ps1" "-In" "C:\Users\scott\soccer-video\out\atomic_clips\2025-09-20__TSC_vs_RVFC\025__2025-09-20__TSC_vs_RVFC__PRESSURE_GOAL__t2203200.00-t2232000.00.mp4"
[WhatIf] not executed
"powershell" "-NoProfile" "-ExecutionPolicy" "Bypass" "-File" "C:\Users\scott\soccer-video\tools\auto_enhance\auto_enhance.ps1" "-In" "C:\Users\scott\soccer-video\out\atomic_clips\2025-09-20__TSC_vs_RVFC\026__2025-09-20__TSC_vs_RVFC__DRIBBLING_SHOT__t1800.00-t1810.00_portrait_POST.mp4"
[WhatIf] not executed
"powershell" "-NoProfile" "-ExecutionPolicy" "Bypass" "-File" "C:\Users\scott\soccer-video\tools\auto_enhance\auto_enhance.ps1" "-In" "C:\Users\scott\soccer-video\out\atomic_clips\2025-09-20__TSC_vs_RVFC\026__2025-09-20__TSC_vs_RVFC__DRIBBLING_SHOT__t2592000.00-t2628000.00.mp4"
[WhatIf] not executed
"powershell" "-NoProfile" "-ExecutionPolicy" "Bypass" "-File" "C:\Users\scott\soccer-video\tools\auto_enhance\auto_enhance.ps1" "-In" "C:\Users\scott\soccer-video\out\atomic_clips\2025-09-20__TSC_vs_RVFC\027__2025-09-20__TSC_vs_RVFC__SHOT__t1827.00-t1834.00_portrait_POST.mp4"
[WhatIf] not executed
"powershell" "-NoProfile" "-ExecutionPolicy" "Bypass" "-File" "C:\Users\scott\soccer-video\tools\auto_enhance\auto_enhance.ps1" "-In" "C:\Users\scott\soccer-video\out\atomic_clips\2025-09-20__TSC_vs_RVFC\028__2025-09-20__TSC_vs_RVFC__CORNER__t1852.00-t1875.00_portrait_POST.mp4"
[WhatIf] not executed
"powershell" "-NoProfile" "-ExecutionPolicy" "Bypass" "-File" "C:\Users\scott\soccer-video\tools\auto_enhance\auto_enhance.ps1" "-In" "C:\Users\scott\soccer-video\out\atomic_clips\2025-09-20__TSC_vs_RVFC\029__2025-09-20__TSC_vs_RVFC__PRESSURE_SHOT__t1883.00-t1893.00_portrait_POST.mp4"
[WhatIf] not executed
"powershell" "-NoProfile" "-ExecutionPolicy" "Bypass" "-File" "C:\Users\scott\soccer-video\tools\auto_enhance\auto_enhance.ps1" "-In" "C:\Users\scott\soccer-video\out\atomic_clips\2025-09-20__TSC_vs_RVFC\030__2025-09-20__TSC_vs_RVFC__PRESSURE_SHOT__t1898.00-t1911.00_portrait_POST.mp4"
[WhatIf] not executed
"powershell" "-NoProfile" "-ExecutionPolicy" "Bypass" "-File" "C:\Users\scott\soccer-video\tools\auto_enhance\auto_enhance.ps1" "-In" "C:\Users\scott\soccer-video\out\atomic_clips\2025-09-20__TSC_vs_RVFC\031__2025-09-20__TSC_vs_RVFC__PRESSURE_SHOT__t1964.00-t1975.00_portrait_POST.mp4"
[WhatIf] not executed
"powershell" "-NoProfile" "-ExecutionPolicy" "Bypass" "-File" "C:\Users\scott\soccer-video\tools\auto_enhance\auto_enhance.ps1" "-In" "C:\Users\scott\soccer-video\out\atomic_clips\2025-09-20__TSC_vs_RVFC\032__2025-09-20__TSC_vs_RVFC__BUILD_UP_PLAY_SHOT__t2034.00-t2057.00_portrait_POST.mp4"
[WhatIf] not executed
"powershell" "-NoProfile" "-ExecutionPolicy" "Bypass" "-File" "C:\Users\scott\soccer-video\tools\auto_enhance\auto_enhance.ps1" "-In" "C:\Users\scott\soccer-video\out\atomic_clips\2025-09-20__TSC_vs_RVFC\033__2025-09-20__TSC_vs_RVFC__BUILD_UP_PLAY_SHOT__t2131.00-t2150.00_portrait_POST.mp4"
[WhatIf] not executed
"powershell" "-NoProfile" "-ExecutionPolicy" "Bypass" "-File" "C:\Users\scott\soccer-video\tools\auto_enhance\auto_enhance.ps1" "-In" "C:\Users\scott\soccer-video\out\atomic_clips\2025-09-20__TSC_vs_RVFC\034__2025-09-20__TSC_vs_RVFC__PRESSURE_GOAL__t2158.00-t2169.00_portrait_POST.mp4"
[WhatIf] not executed
"powershell" "-NoProfile" "-ExecutionPolicy" "Bypass" "-File" "C:\Users\scott\soccer-video\tools\auto_enhance\auto_enhance.ps1" "-In" "C:\Users\scott\soccer-video\out\atomic_clips\2025-09-20__TSC_vs_RVFC\035__2025-09-20__TSC_vs_RVFC__BUILD_UP_PLAY_SHOT__t2297.00-t2312.00_portrait_POST.mp4"
[WhatIf] not executed
"powershell" "-NoProfile" "-ExecutionPolicy" "Bypass" "-File" "C:\Users\scott\soccer-video\tools\auto_enhance\auto_enhance.ps1" "-In" "C:\Users\scott\soccer-video\out\atomic_clips\2025-09-20__TSC_vs_RVFC\036__2025-09-20__TSC_vs_RVFC__PRESSURE_GOAL__t2348.00-t2367.00_portrait_POST.mp4"
[WhatIf] not executed
"powershell" "-NoProfile" "-ExecutionPolicy" "Bypass" "-File" "C:\Users\scott\soccer-video\tools\auto_enhance\auto_enhance.ps1" "-In" "C:\Users\scott\soccer-video\out\atomic_clips\2025-09-20__TSC_vs_RVFC\037__2025-09-20__TSC_vs_RVFC__PRESSURE_SHOT__t2388.00-t2397.00_portrait_POST.mp4"
[WhatIf] not executed
"powershell" "-NoProfile" "-ExecutionPolicy" "Bypass" "-File" "C:\Users\scott\soccer-video\tools\auto_enhance\auto_enhance.ps1" "-In" "C:\Users\scott\soccer-video\out\atomic_clips\2025-09-20__TSC_vs_RVFC\038__2025-09-20__TSC_vs_RVFC__PRESSURE_GOAL__t2411.00-t2431.00_portrait_POST.mp4"
[WhatIf] not executed
"powershell" "-NoProfile" "-ExecutionPolicy" "Bypass" "-File" "C:\Users\scott\soccer-video\tools\auto_enhance\auto_enhance.ps1" "-In" "C:\Users\scott\soccer-video\out\atomic_clips\2025-09-20__TSC_vs_RVFC\039__2025-09-20__TSC_vs_RVFC__PRESSURE_GOAL__t2485.00-t2506.00_portrait_POST.mp4"
[WhatIf] not executed
"powershell" "-NoProfile" "-ExecutionPolicy" "Bypass" "-File" "C:\Users\scott\soccer-video\tools\auto_enhance\auto_enhance.ps1" "-In" "C:\Users\scott\soccer-video\out\atomic_clips\2025-09-20__TSC_vs_RVFC\040__2025-09-20__TSC_vs_RVFC__BUILD_UP_PLAY_SHOT__t2571.00-t2599.00_portrait_POST.mp4"
[WhatIf] not executed
"powershell" "-NoProfile" "-ExecutionPolicy" "Bypass" "-File" "C:\Users\scott\soccer-video\tools\auto_enhance\auto_enhance.ps1" "-In" "C:\Users\scott\soccer-video\out\atomic_clips\2025-09-20__TSC_vs_RVFC\041__2025-09-20__TSC_vs_RVFC__CORNER__t2712.00-t2722.00_portrait_POST.mp4"
[WhatIf] not executed
"powershell" "-NoProfile" "-ExecutionPolicy" "Bypass" "-File" "C:\Users\scott\soccer-video\tools\auto_enhance\auto_enhance.ps1" "-In" "C:\Users\scott\soccer-video\out\atomic_clips\2025-09-20__TSC_vs_RVFC\042__2025-09-20__TSC_vs_RVFC__CORNER__t2765.00-t2783.00_portrait_POST.mp4"
[WhatIf] not executed
"powershell" "-NoProfile" "-ExecutionPolicy" "Bypass" "-File" "C:\Users\scott\soccer-video\tools\auto_enhance\auto_enhance.ps1" "-In" "C:\Users\scott\soccer-video\out\atomic_clips\2025-09-20__TSC_vs_RVFC\043__2025-09-20__TSC_vs_RVFC__GOAL__t3010.00-t3028.00_portrait_POST.mp4"
[WhatIf] not executed
"powershell" "-NoProfile" "-ExecutionPolicy" "Bypass" "-File" "C:\Users\scott\soccer-video\tools\auto_enhance\auto_enhance.ps1" "-In" "C:\Users\scott\soccer-video\out\atomic_clips\2025-09-20__TSC_vs_RVFC\044__2025-09-20__TSC_vs_RVFC__GOAL__t3051.00-t3066.00_portrait_POST.mp4"
[WhatIf] not executed
"powershell" "-NoProfile" "-ExecutionPolicy" "Bypass" "-File" "C:\Users\scott\soccer-video\tools\auto_enhance\auto_enhance.ps1" "-In" "C:\Users\scott\soccer-video\out\atomic_clips\2025-10-04__TSC_vs_FC\002__2025-10-04__TSC_vs_FC_Tulsa_Black__BUILD_UP__t25260.00-t26940.00.mp4"
[WhatIf] not executed
"powershell" "-NoProfile" "-ExecutionPolicy" "Bypass" "-File" "C:\Users\scott\soccer-video\tools\auto_enhance\auto_enhance.ps1" "-In" "C:\Users\scott\soccer-video\out\atomic_clips\2025-10-04__TSC_vs_FC\003__2025-10-04__TSC_vs_FC_Tulsa_Black__BUILD_UP__t27480.00-t29220.00.mp4"
[WhatIf] not executed
"powershell" "-NoProfile" "-ExecutionPolicy" "Bypass" "-File" "C:\Users\scott\soccer-video\tools\auto_enhance\auto_enhance.ps1" "-In" "C:\Users\scott\soccer-video\out\atomic_clips\2025-10-04__TSC_vs_FC\004__2025-10-04__TSC_vs_FC_Tulsa_Black__BUILD_UP__t29700.00-t30780.00.mp4"
[WhatIf] not executed
"powershell" "-NoProfile" "-ExecutionPolicy" "Bypass" "-File" "C:\Users\scott\soccer-video\tools\auto_enhance\auto_enhance.ps1" "-In" "C:\Users\scott\soccer-video\out\atomic_clips\2025-10-04__TSC_vs_FC\005__2025-10-04__TSC_vs_FC_Tulsa_Black__SHOT__t36000.00-t36420.00.mp4"
[WhatIf] not executed
"powershell" "-NoProfile" "-ExecutionPolicy" "Bypass" "-File" "C:\Users\scott\soccer-video\tools\auto_enhance\auto_enhance.ps1" "-In" "C:\Users\scott\soccer-video\out\atomic_clips\2025-10-04__TSC_vs_FC\006__2025-10-04__TSC_vs_FC_Tulsa_Black__BUILD_UP_GOAL__t40440.00-t43020.00.__DEBUG.mp4"
[WhatIf] not executed
"powershell" "-NoProfile" "-ExecutionPolicy" "Bypass" "-File" "C:\Users\scott\soccer-video\tools\auto_enhance\auto_enhance.ps1" "-In" "C:\Users\scott\soccer-video\out\atomic_clips\2025-10-04__TSC_vs_FC\007__2025-10-04__TSC_vs_FC_Tulsa_Black__BUILD_UP_SHOT__t46020.00-t47100.00.mp4"
[WhatIf] not executed
"powershell" "-NoProfile" "-ExecutionPolicy" "Bypass" "-File" "C:\Users\scott\soccer-video\tools\auto_enhance\auto_enhance.ps1" "-In" "C:\Users\scott\soccer-video\out\atomic_clips\2025-10-04__TSC_vs_FC\008__2025-10-04__TSC_vs_FC_Tulsa_Black__BUILD_UP_SHOT__t61500.00-t62400.00.mp4"
[WhatIf] not executed
"powershell" "-NoProfile" "-ExecutionPolicy" "Bypass" "-File" "C:\Users\scott\soccer-video\tools\auto_enhance\auto_enhance.ps1" "-In" "C:\Users\scott\soccer-video\out\atomic_clips\2025-10-04__TSC_vs_FC\009__2025-10-04__TSC_vs_FC_Tulsa_Black__PRESSURE_SHOT__t62760.00-t63420.00.mp4"
[WhatIf] not executed
"powershell" "-NoProfile" "-ExecutionPolicy" "Bypass" "-File" "C:\Users\scott\soccer-video\tools\auto_enhance\auto_enhance.ps1" "-In" "C:\Users\scott\soccer-video\out\atomic_clips\2025-10-04__TSC_vs_FC\010__2025-10-04__TSC_vs_FC_Tulsa_Black__BUILD_UP_SHOT__t63480.00-t64800.00.mp4"
[WhatIf] not executed
"powershell" "-NoProfile" "-ExecutionPolicy" "Bypass" "-File" "C:\Users\scott\soccer-video\tools\auto_enhance\auto_enhance.ps1" "-In" "C:\Users\scott\soccer-video\out\atomic_clips\2025-10-04__TSC_vs_FC\011__2025-10-04__TSC_vs_FC_Tulsa_Black__BUILD_UP_SHOT__t71880.00-t73320.00.mp4"
[WhatIf] not executed
"powershell" "-NoProfile" "-ExecutionPolicy" "Bypass" "-File" "C:\Users\scott\soccer-video\tools\auto_enhance\auto_enhance.ps1" "-In" "C:\Users\scott\soccer-video\out\atomic_clips\2025-10-04__TSC_vs_FC\012__2025-10-04__TSC_vs_FC_Tulsa_Black__PRESSURE_GOAL__t74340.00-t75180.00.mp4"
[WhatIf] not executed
"powershell" "-NoProfile" "-ExecutionPolicy" "Bypass" "-File" "C:\Users\scott\soccer-video\tools\auto_enhance\auto_enhance.ps1" "-In" "C:\Users\scott\soccer-video\out\atomic_clips\2025-10-04__TSC_vs_FC\013__2025-10-04__TSC_vs_FC_Tulsa_Black__BUILD_UP_PLAY__t77400.00-t78360.00.mp4"
[WhatIf] not executed
"powershell" "-NoProfile" "-ExecutionPolicy" "Bypass" "-File" "C:\Users\scott\soccer-video\tools\auto_enhance\auto_enhance.ps1" "-In" "C:\Users\scott\soccer-video\out\atomic_clips\2025-10-04__TSC_vs_FC\014__2025-10-04__TSC_vs_FC_Tulsa_Black__SHOT__t2354400.00-t2394000.00.mp4"
[WhatIf] not executed
"powershell" "-NoProfile" "-ExecutionPolicy" "Bypass" "-File" "C:\Users\scott\soccer-video\tools\auto_enhance\auto_enhance.ps1" "-In" "C:\Users\scott\soccer-video\out\atomic_clips\2025-10-04__TSC_vs_FC\116__2025-10-04__TSC_vs_FC_Tulsa_Black__DRIBBLING__t387-t412.mp4"
[WhatIf] not executed
"powershell" "-NoProfile" "-ExecutionPolicy" "Bypass" "-File" "C:\Users\scott\soccer-video\tools\auto_enhance\auto_enhance.ps1" "-In" "C:\Users\scott\soccer-video\out\atomic_clips\2025-10-04__TSC_vs_FC_Tulsa_Black\001__2025-10-04__TSC_vs_FC_Tulsa_Black__DRIBBLING__t387-t412.mp4"
[WhatIf] not executed
"powershell" "-NoProfile" "-ExecutionPolicy" "Bypass" "-File" "C:\Users\scott\soccer-video\tools\auto_enhance\auto_enhance.ps1" "-In" "C:\Users\scott\soccer-video\out\atomic_clips\2025-10-04__TSC_vs_FC_Tulsa_Black\116__2025-10-04__TSC_vs_FC_Tulsa_Black__DRIBBLING__t387-t412.mp4"
[WhatIf] not executed
"powershell" "-NoProfile" "-ExecutionPolicy" "Bypass" "-File" "C:\Users\scott\soccer-video\tools\auto_enhance\auto_enhance.ps1" "-In" "C:\Users\scott\soccer-video\out\atomic_clips\2025-10-12__TSC_SLSG_FallFestival\001__SHOT__t135.00-t145.00.mp4"
[WhatIf] not executed
"powershell" "-NoProfile" "-ExecutionPolicy" "Bypass" "-File" "C:\Users\scott\soccer-video\tools\auto_enhance\auto_enhance.ps1" "-In" "C:\Users\scott\soccer-video\out\atomic_clips\2025-10-12__TSC_SLSG_FallFestival\002__SHOT__t185.00-t206.00.mp4"
[WhatIf] not executed
"powershell" "-NoProfile" "-ExecutionPolicy" "Bypass" "-File" "C:\Users\scott\soccer-video\tools\auto_enhance\auto_enhance.ps1" "-In" "C:\Users\scott\soccer-video\out\atomic_clips\2025-10-12__TSC_SLSG_FallFestival\003__DEFENSE__t310.00-t342.00.mp4"
[WhatIf] not executed
"powershell" "-NoProfile" "-ExecutionPolicy" "Bypass" "-File" "C:\Users\scott\soccer-video\tools\auto_enhance\auto_enhance.ps1" "-In" "C:\Users\scott\soccer-video\out\atomic_clips\2025-10-12__TSC_SLSG_FallFestival\004__PRESSURE__t640.00-t663.00.mp4"
[WhatIf] not executed
"powershell" "-NoProfile" "-ExecutionPolicy" "Bypass" "-File" "C:\Users\scott\soccer-video\tools\auto_enhance\auto_enhance.ps1" "-In" "C:\Users\scott\soccer-video\out\atomic_clips\2025-10-12__TSC_SLSG_FallFestival\004__PRESSURE__t640.00-t663.00.__OVERLAY_FINAL.mp4"
[WhatIf] not executed
"powershell" "-NoProfile" "-ExecutionPolicy" "Bypass" "-File" "C:\Users\scott\soccer-video\tools\auto_enhance\auto_enhance.ps1" "-In" "C:\Users\scott\soccer-video\out\atomic_clips\2025-10-12__TSC_SLSG_FallFestival\004__PRESSURE__t640.00-t663.00.__OVERLAY_LOCAL_FINAL.mp4"
[WhatIf] not executed
"powershell" "-NoProfile" "-ExecutionPolicy" "Bypass" "-File" "C:\Users\scott\soccer-video\tools\auto_enhance\auto_enhance.ps1" "-In" "C:\Users\scott\soccer-video\out\atomic_clips\2025-10-12__TSC_SLSG_FallFestival\004__PRESSURE__t640.00-t663.00.__OVERLAY_plan_sh-1_dx-64_dy-128__localTW_dt-0.02_dx-6_dy-2.mp4"
[WhatIf] not executed
"powershell" "-NoProfile" "-ExecutionPolicy" "Bypass" "-File" "C:\Users\scott\soccer-video\tools\auto_enhance\auto_enhance.ps1" "-In" "C:\Users\scott\soccer-video\out\atomic_clips\2025-10-12__TSC_SLSG_FallFestival\005__GOAL__t1.855.00-t1.870.00.mp4"
[WhatIf] not executed
"powershell" "-NoProfile" "-ExecutionPolicy" "Bypass" "-File" "C:\Users\scott\soccer-video\tools\auto_enhance\auto_enhance.ps1" "-In" "C:\Users\scott\soccer-video\out\atomic_clips\2025-10-12__TSC_SLSG_FallFestival\006__GOAL__t2.035.00-t2.054.00.mp4"
[WhatIf] not executed
"powershell" "-NoProfile" "-ExecutionPolicy" "Bypass" "-File" "C:\Users\scott\soccer-video\tools\auto_enhance\auto_enhance.ps1" "-In" "C:\Users\scott\soccer-video\out\atomic_clips\2025-10-12__TSC_SLSG_FallFestival\007__CROSS__t2.212.00-t2.228.00.mp4"
[WhatIf] not executed
"powershell" "-NoProfile" "-ExecutionPolicy" "Bypass" "-File" "C:\Users\scott\soccer-video\tools\auto_enhance\auto_enhance.ps1" "-In" "C:\Users\scott\soccer-video\out\atomic_clips\2025-10-12__TSC_SLSG_FallFestival\008__BUILD_UP__t2.438.00-t2.442.00.mp4"
[WhatIf] not executed
"powershell" "-NoProfile" "-ExecutionPolicy" "Bypass" "-File" "C:\Users\scott\soccer-video\tools\auto_enhance\auto_enhance.ps1" "-In" "C:\Users\scott\soccer-video\out\atomic_clips\2025-10-12__TSC_SLSG_FallFestival\009__BUILD_UP__t2.673.00-t2.685.00.mp4"
[WhatIf] not executed
"powershell" "-NoProfile" "-ExecutionPolicy" "Bypass" "-File" "C:\Users\scott\soccer-video\tools\auto_enhance\auto_enhance.ps1" "-In" "C:\Users\scott\soccer-video\out\atomic_clips\2025-10-12__TSC_SLSG_FallFestival\010__PRESSURE__t2.694.00-t2.706.00.mp4"
[WhatIf] not executed
"powershell" "-NoProfile" "-ExecutionPolicy" "Bypass" "-File" "C:\Users\scott\soccer-video\tools\auto_enhance\auto_enhance.ps1" "-In" "C:\Users\scott\soccer-video\out\atomic_clips\2025-10-12__TSC_SLSG_FallFestival\011__PRESSURE__t2.711.00-t2.736.00.mp4"
[WhatIf] not executed
"powershell" "-NoProfile" "-ExecutionPolicy" "Bypass" "-File" "C:\Users\scott\soccer-video\tools\auto_enhance\auto_enhance.ps1" "-In" "C:\Users\scott\soccer-video\out\atomic_clips\2025-11-04__TSC_-_Navy_Oct_2025\001__Pressure & Build Up with a Great Cross__0_06_37-0_07_10.mp4"
[WhatIf] not executed
"powershell" "-NoProfile" "-ExecutionPolicy" "Bypass" "-File" "C:\Users\scott\soccer-video\tools\auto_enhance\auto_enhance.ps1" "-In" "C:\Users\scott\soccer-video\out\atomic_clips\2025-11-04__TSC_-_Navy_Oct_2025\002__Build Up, Cross and Shot__0_15_37-0_16_04.mp4"
[WhatIf] not executed
"powershell" "-NoProfile" "-ExecutionPolicy" "Bypass" "-File" "C:\Users\scott\soccer-video\tools\auto_enhance\auto_enhance.ps1" "-In" "C:\Users\scott\soccer-video\out\atomic_clips\2025-11-04__TSC_-_Navy_Oct_2025\003__Pressure, Cross and Goal__0_16_09-0_16_33.mp4"
[WhatIf] not executed
"powershell" "-NoProfile" "-ExecutionPolicy" "Bypass" "-File" "C:\Users\scott\soccer-video\tools\auto_enhance\auto_enhance.ps1" "-In" "C:\Users\scott\soccer-video\out\atomic_clips\2025-11-04__TSC_-_Navy_Oct_2025\004__Pressure & Shot__0_23_24-0_23_53.mp4"
[WhatIf] not executed
"powershell" "-NoProfile" "-ExecutionPolicy" "Bypass" "-File" "C:\Users\scott\soccer-video\tools\auto_enhance\auto_enhance.ps1" "-In" "C:\Users\scott\soccer-video\out\atomic_clips\2025-11-04__TSC_-_Navy_Oct_2025\005__Build Up & Cross__0_28_28-0_28_42.mp4"
[WhatIf] not executed
"powershell" "-NoProfile" "-ExecutionPolicy" "Bypass" "-File" "C:\Users\scott\soccer-video\tools\auto_enhance\auto_enhance.ps1" "-In" "C:\Users\scott\soccer-video\out\atomic_clips\2025-11-04__TSC_-_Navy_Oct_2025\006__Cross__0_30_29-0_30_37.mp4"
[WhatIf] not executed
"powershell" "-NoProfile" "-ExecutionPolicy" "Bypass" "-File" "C:\Users\scott\soccer-video\tools\auto_enhance\auto_enhance.ps1" "-In" "C:\Users\scott\soccer-video\out\atomic_clips\2025-11-04__TSC_-_Navy_Oct_2025\007__Cross, Pressure & Shot__0_42_24-0_42_45.mp4"
[WhatIf] not executed
"powershell" "-NoProfile" "-ExecutionPolicy" "Bypass" "-File" "C:\Users\scott\soccer-video\tools\auto_enhance\auto_enhance.ps1" "-In" "C:\Users\scott\soccer-video\out\atomic_clips\2025-11-04__TSC_-_Navy_Oct_2025\008__Cross__0_47_09-0_47_18.mp4"
[WhatIf] not executed
"powershell" "-NoProfile" "-ExecutionPolicy" "Bypass" "-File" "C:\Users\scott\soccer-video\tools\auto_enhance\auto_enhance.ps1" "-In" "C:\Users\scott\soccer-video\out\atomic_clips\2025-11-04__TSC_-_Navy_Oct_2025\009__Cross, Shots__0_50_40-0_50_57.mp4"
[WhatIf] not executed
"powershell" "-NoProfile" "-ExecutionPolicy" "Bypass" "-File" "C:\Users\scott\soccer-video\tools\auto_enhance\auto_enhance.ps1" "-In" "C:\Users\scott\soccer-video\out\atomic_clips\2025-11-04__TSC_-_Navy_Oct_2025\010__Build Up, Cross, Shot & Goal__0_55_26-0_56_02.mp4"
[WhatIf] not executed
"powershell" "-NoProfile" "-ExecutionPolicy" "Bypass" "-File" "C:\Users\scott\soccer-video\tools\auto_enhance\auto_enhance.ps1" "-In" "C:\Users\scott\soccer-video\out\atomic_clips\2025-11-04__TSC_-_Navy_Oct_2025\011__Build Up__1_00_43-1_01_22.mp4"
[WhatIf] not executed
"powershell" "-NoProfile" "-ExecutionPolicy" "Bypass" "-File" "C:\Users\scott\soccer-video\tools\auto_enhance\auto_enhance.ps1" "-In" "C:\Users\scott\soccer-video\out\atomic_clips\2025-11-04__TSC_-_Navy_Oct_2025\012__Cross & Goal__1_01_36-1_01_52.mp4"
[WhatIf] not executed
"powershell" "-NoProfile" "-ExecutionPolicy" "Bypass" "-File" "C:\Users\scott\soccer-video\tools\auto_enhance\auto_enhance.ps1" "-In" "C:\Users\scott\soccer-video\out\atomic_clips\2025-11-04__TSC_-_Navy_Oct_2025\013__Dribbling & Shot__1_02_55-1_03_10.mp4"
[WhatIf] not executed
"powershell" "-NoProfile" "-ExecutionPolicy" "Bypass" "-File" "C:\Users\scott\soccer-video\tools\auto_enhance\auto_enhance.ps1" "-In" "C:\Users\scott\soccer-video\out\atomic_clips\misc\001__SHOT__t135.00-t145.00.mp4"
[WhatIf] not executed
"powershell" "-NoProfile" "-ExecutionPolicy" "Bypass" "-File" "C:\Users\scott\soccer-video\tools\auto_enhance\auto_enhance.ps1" "-In" "C:\Users\scott\soccer-video\out\upscaled\001__SHOT__t155.50-t166.40__x2.mp4"
[WhatIf] not executed
"powershell" "-NoProfile" "-ExecutionPolicy" "Bypass" "-File" "C:\Users\scott\soccer-video\tools\auto_enhance\auto_enhance.ps1" "-In" "C:\Users\scott\soccer-video\out\atomic_clips\misc\002__GOAL__t180.80-t191.20.mp4"
[WhatIf] not executed
"powershell" "-NoProfile" "-ExecutionPolicy" "Bypass" "-File" "C:\Users\scott\soccer-video\tools\auto_enhance\auto_enhance.ps1" "-In" "C:\Users\scott\soccer-video\out\atomic_clips\misc\002__SHOT__t185.00-t206.00.mp4"
[WhatIf] not executed
"powershell" "-NoProfile" "-ExecutionPolicy" "Bypass" "-File" "C:\Users\scott\soccer-video\tools\auto_enhance\auto_enhance.ps1" "-In" "C:\Users\scott\soccer-video\out\atomic_clips\misc\003__BUILD_UP__t224.80-t248.70.mp4"
[WhatIf] not executed
"powershell" "-NoProfile" "-ExecutionPolicy" "Bypass" "-File" "C:\Users\scott\soccer-video\tools\auto_enhance\auto_enhance.ps1" "-In" "C:\Users\scott\soccer-video\out\atomic_clips\misc\003__DEFENSE__t310.00-t342.00.mp4"
[WhatIf] not executed
"powershell" "-NoProfile" "-ExecutionPolicy" "Bypass" "-File" "C:\Users\scott\soccer-video\tools\auto_enhance\auto_enhance.ps1" "-In" "C:\Users\scott\soccer-video\out\atomic_clips\misc\004__GOAL__t266.50-t283.10.mp4"
[WhatIf] not executed
"powershell" "-NoProfile" "-ExecutionPolicy" "Bypass" "-File" "C:\Users\scott\soccer-video\tools\auto_enhance\auto_enhance.ps1" "-In" "C:\Users\scott\soccer-video\out\atomic_clips\misc\004__PRESSURE__t640.00-t663.00.mp4"
[WhatIf] not executed
"powershell" "-NoProfile" "-ExecutionPolicy" "Bypass" "-File" "C:\Users\scott\soccer-video\tools\auto_enhance\auto_enhance.ps1" "-In" "C:\Users\scott\soccer-video\out\atomic_clips\misc\004__PRESSURE__t640.00-t663.00.__CINEMATIC.mp4"
[WhatIf] not executed
"powershell" "-NoProfile" "-ExecutionPolicy" "Bypass" "-File" "C:\Users\scott\soccer-video\tools\auto_enhance\auto_enhance.ps1" "-In" "C:\Users\scott\soccer-video\out\atomic_clips\misc\005__CORNER__t417.90-t431.60.mp4"
[WhatIf] not executed
"powershell" "-NoProfile" "-ExecutionPolicy" "Bypass" "-File" "C:\Users\scott\soccer-video\tools\auto_enhance\auto_enhance.ps1" "-In" "C:\Users\scott\soccer-video\out\atomic_clips\misc\006__DEFENSE__t699.30-t711.50.mp4"
[WhatIf] not executed
"powershell" "-NoProfile" "-ExecutionPolicy" "Bypass" "-File" "C:\Users\scott\soccer-video\tools\auto_enhance\auto_enhance.ps1" "-In" "C:\Users\scott\soccer-video\out\atomic_clips\misc\007__DRIBBLING__t982.00-t987.90.mp4"
[WhatIf] not executed
"powershell" "-NoProfile" "-ExecutionPolicy" "Bypass" "-File" "C:\Users\scott\soccer-video\tools\auto_enhance\auto_enhance.ps1" "-In" "C:\Users\scott\soccer-video\out\atomic_clips\misc\008__SHOT__t1247.80-t1259.20.mp4"
[WhatIf] not executed
"powershell" "-NoProfile" "-ExecutionPolicy" "Bypass" "-File" "C:\Users\scott\soccer-video\tools\auto_enhance\auto_enhance.ps1" "-In" "C:\Users\scott\soccer-video\out\atomic_clips\misc\009__SHOT__t1420.40-t1438.20.mp4"
[WhatIf] not executed
"powershell" "-NoProfile" "-ExecutionPolicy" "Bypass" "-File" "C:\Users\scott\soccer-video\tools\auto_enhance\auto_enhance.ps1" "-In" "C:\Users\scott\soccer-video\out\atomic_clips\misc\010__CROSS__t1541.10-t1547.90.mp4"
[WhatIf] not executed
"powershell" "-NoProfile" "-ExecutionPolicy" "Bypass" "-File" "C:\Users\scott\soccer-video\tools\auto_enhance\auto_enhance.ps1" "-In" "C:\Users\scott\soccer-video\out\atomic_clips\misc\011__SHOTS__t1655.00-t1670.30.mp4"
[WhatIf] not executed
"powershell" "-NoProfile" "-ExecutionPolicy" "Bypass" "-File" "C:\Users\scott\soccer-video\tools\auto_enhance\auto_enhance.ps1" "-In" "C:\Users\scott\soccer-video\out\atomic_clips\misc\012__GOAL__t1705.20-t1708.50.mp4"
[WhatIf] not executed
"powershell" "-NoProfile" "-ExecutionPolicy" "Bypass" "-File" "C:\Users\scott\soccer-video\tools\auto_enhance\auto_enhance.ps1" "-In" "C:\Users\scott\soccer-video\out\atomic_clips\misc\013__GOAL__t1767.50-t1772.60.mp4"
[WhatIf] not executed
"powershell" "-NoProfile" "-ExecutionPolicy" "Bypass" "-File" "C:\Users\scott\soccer-video\tools\auto_enhance\auto_enhance.ps1" "-In" "C:\Users\scott\soccer-video\out\atomic_clips\misc\014__GOAL__t1904.20-t1925.20.mp4"
[WhatIf] not executed
"powershell" "-NoProfile" "-ExecutionPolicy" "Bypass" "-File" "C:\Users\scott\soccer-video\tools\auto_enhance\auto_enhance.ps1" "-In" "C:\Users\scott\soccer-video\out\atomic_clips\misc\015__DRIBBLING__t1972.50-t1980.70.mp4"
[WhatIf] not executed
"powershell" "-NoProfile" "-ExecutionPolicy" "Bypass" "-File" "C:\Users\scott\soccer-video\tools\auto_enhance\auto_enhance.ps1" "-In" "C:\Users\scott\soccer-video\out\atomic_clips\misc\016__SHOT__t2029.90-t2039.50.mp4"
[WhatIf] not executed
"powershell" "-NoProfile" "-ExecutionPolicy" "Bypass" "-File" "C:\Users\scott\soccer-video\tools\auto_enhance\auto_enhance.ps1" "-In" "C:\Users\scott\soccer-video\out\atomic_clips\misc\017__SHOT__t2284.90-t2298.20.mp4"
[WhatIf] not executed
"powershell" "-NoProfile" "-ExecutionPolicy" "Bypass" "-File" "C:\Users\scott\soccer-video\tools\auto_enhance\auto_enhance.ps1" "-In" "C:\Users\scott\soccer-video\out\atomic_clips\misc\018__SHOT__t2419.50-t2425.60.mp4"
[WhatIf] not executed
"powershell" "-NoProfile" "-ExecutionPolicy" "Bypass" "-File" "C:\Users\scott\soccer-video\tools\auto_enhance\auto_enhance.ps1" "-In" "C:\Users\scott\soccer-video\out\atomic_clips\misc\019__SHOT__t2633.00-t2638.10.mp4"
[WhatIf] not executed
"powershell" "-NoProfile" "-ExecutionPolicy" "Bypass" "-File" "C:\Users\scott\soccer-video\tools\auto_enhance\auto_enhance.ps1" "-In" "C:\Users\scott\soccer-video\out\atomic_clips\misc\020__GOAL__t2816.60-t2831.80.mp4"
[WhatIf] not executed
"powershell" "-NoProfile" "-ExecutionPolicy" "Bypass" "-File" "C:\Users\scott\soccer-video\tools\auto_enhance\auto_enhance.ps1" "-In" "C:\Users\scott\soccer-video\out\atomic_clips\misc\021__SHOT__t2860.70-t2873.00.mp4"
[WhatIf] not executed
"powershell" "-NoProfile" "-ExecutionPolicy" "Bypass" "-File" "C:\Users\scott\soccer-video\tools\auto_enhance\auto_enhance.ps1" "-In" "C:\Users\scott\soccer-video\out\atomic_clips\misc\023__SHOT__t3098.90-t3108.80.mp4"
[WhatIf] not executed
"python" "C:\Users\scott\soccer-video\tools\render_follow_unified.py" "--in" "C:\Users\scott\soccer-video\out\atomic_clips\_quarantine\001__2025-09-20__TSC_vs_Greenwood__BUILD_UP_PLAY_SHOT__t18900.00-t20340.00.mp4" "--preset" "cinematic" "--out" "C:\Users\scott\soccer-video\out\atomic_clips\_quarantine\001__2025-09-20__TSC_vs_Greenwood__BUILD_UP_PLAY_SHOT__t18900.00-t20340.00.__CINEMATIC.mp4" "--clean-temp"
[WhatIf] not executed
"python" "C:\Users\scott\soccer-video\tools\render_follow_unified.py" "--in" "C:\Users\scott\soccer-video\out\atomic_clips\_quarantine\001__2025-09-20__TSC_vs_RVFC__SHOT__t7320.00-t7860.00.mp4" "--preset" "cinematic" "--out" "C:\Users\scott\soccer-video\out\atomic_clips\_quarantine\001__2025-09-20__TSC_vs_RVFC__SHOT__t7320.00-t7860.00.__CINEMATIC.mp4" "--clean-temp"
[WhatIf] not executed
"python" "C:\Users\scott\soccer-video\tools\render_follow_unified.py" "--in" "C:\Users\scott\soccer-video\out\atomic_clips\_quarantine\001__2025-10-04__TSC_vs_FC_Tulsa_Black__DRIBBLING__t23220.00-t24720.00.mp4" "--preset" "cinematic" "--out" "C:\Users\scott\soccer-video\out\atomic_clips\_quarantine\001__2025-10-04__TSC_vs_FC_Tulsa_Black__DRIBBLING__t23220.00-t24720.00.__CINEMATIC.mp4" "--clean-temp"
[WhatIf] not executed
"python" "C:\Users\scott\soccer-video\tools\render_follow_unified.py" "--in" "C:\Users\scott\soccer-video\out\atomic_clips\_quarantine\001__SHOT__t155.50-t166.40.mp4" "--preset" "cinematic" "--out" "C:\Users\scott\soccer-video\out\atomic_clips\_quarantine\001__SHOT__t155.50-t166.40.__CINEMATIC.mp4" "--clean-temp"
[SKIP] up-to-date
"python" "C:\Users\scott\soccer-video\tools\render_follow_unified.py" "--in" "C:\Users\scott\soccer-video\out\atomic_clips\_quarantine\001__SHOT__t155.50-t166.40.__CINEMATIC.mp4" "--preset" "cinematic" "--out" "C:\Users\scott\soccer-video\out\atomic_clips\_quarantine\001__SHOT__t155.50-t166.40.__CINEMATIC.__CINEMATIC.mp4" "--clean-temp"
[WhatIf] not executed
"python" "C:\Users\scott\soccer-video\tools\render_follow_unified.py" "--in" "C:\Users\scott\soccer-video\out\atomic_clips\_quarantine\002__2025-09-20__TSC_vs_Greenwood__GOAL__t20400.00-t21180.00.mp4" "--preset" "cinematic" "--out" "C:\Users\scott\soccer-video\out\atomic_clips\_quarantine\002__2025-09-20__TSC_vs_Greenwood__GOAL__t20400.00-t21180.00.__CINEMATIC.mp4" "--clean-temp"
[WhatIf] not executed
"python" "C:\Users\scott\soccer-video\tools\render_follow_unified.py" "--in" "C:\Users\scott\soccer-video\out\atomic_clips\_quarantine\002__2025-09-20__TSC_vs_RVFC__PRESSURE_SHOT__t7920.00-t8880.00.mp4" "--preset" "cinematic" "--out" "C:\Users\scott\soccer-video\out\atomic_clips\_quarantine\002__2025-09-20__TSC_vs_RVFC__PRESSURE_SHOT__t7920.00-t8880.00.__CINEMATIC.mp4" "--clean-temp"
[WhatIf] not executed
"python" "C:\Users\scott\soccer-video\tools\render_follow_unified.py" "--in" "C:\Users\scott\soccer-video\out\atomic_clips\_quarantine\002__2025-10-04__TSC_vs_FC_Tulsa_Black__BUILD_UP__t25260.00-t26940.00.mp4" "--preset" "cinematic" "--out" "C:\Users\scott\soccer-video\out\atomic_clips\_quarantine\002__2025-10-04__TSC_vs_FC_Tulsa_Black__BUILD_UP__t25260.00-t26940.00.__CINEMATIC.mp4" "--clean-temp"
[WhatIf] not executed
"python" "C:\Users\scott\soccer-video\tools\render_follow_unified.py" "--in" "C:\Users\scott\soccer-video\out\atomic_clips\_quarantine\002__GOAL__t180.80-t191.20.mp4" "--preset" "cinematic" "--out" "C:\Users\scott\soccer-video\out\atomic_clips\_quarantine\002__GOAL__t180.80-t191.20.__CINEMATIC.mp4" "--clean-temp"
[SKIP] up-to-date
"python" "C:\Users\scott\soccer-video\tools\render_follow_unified.py" "--in" "C:\Users\scott\soccer-video\out\atomic_clips\_quarantine\002__GOAL__t180.80-t191.20.__CINEMATIC.mp4" "--preset" "cinematic" "--out" "C:\Users\scott\soccer-video\out\atomic_clips\_quarantine\002__GOAL__t180.80-t191.20.__CINEMATIC.__CINEMATIC.mp4" "--clean-temp"
[WhatIf] not executed
"python" "C:\Users\scott\soccer-video\tools\render_follow_unified.py" "--in" "C:\Users\scott\soccer-video\out\atomic_clips\_quarantine\003__2025-09-20__TSC_vs_Greenwood__BUILD_UP_PLAY_SHOT__t25260.00-t26460.00.mp4" "--preset" "cinematic" "--out" "C:\Users\scott\soccer-video\out\atomic_clips\_quarantine\003__2025-09-20__TSC_vs_Greenwood__BUILD_UP_PLAY_SHOT__t25260.00-t26460.00.__CINEMATIC.mp4" "--clean-temp"
[WhatIf] not executed
"python" "C:\Users\scott\soccer-video\tools\render_follow_unified.py" "--in" "C:\Users\scott\soccer-video\out\atomic_clips\_quarantine\003__2025-09-20__TSC_vs_RVFC__PRESSURE_SHOT__t15480.00-t16260.00.mp4" "--preset" "cinematic" "--out" "C:\Users\scott\soccer-video\out\atomic_clips\_quarantine\003__2025-09-20__TSC_vs_RVFC__PRESSURE_SHOT__t15480.00-t16260.00.__CINEMATIC.mp4" "--clean-temp"
[WhatIf] not executed
"python" "C:\Users\scott\soccer-video\tools\render_follow_unified.py" "--in" "C:\Users\scott\soccer-video\out\atomic_clips\_quarantine\003__2025-10-04__TSC_vs_FC_Tulsa_Black__BUILD_UP__t27480.00-t29220.00.mp4" "--preset" "cinematic" "--out" "C:\Users\scott\soccer-video\out\atomic_clips\_quarantine\003__2025-10-04__TSC_vs_FC_Tulsa_Black__BUILD_UP__t27480.00-t29220.00.__CINEMATIC.mp4" "--clean-temp"
[WhatIf] not executed
"python" "C:\Users\scott\soccer-video\tools\render_follow_unified.py" "--in" "C:\Users\scott\soccer-video\out\atomic_clips\_quarantine\003__BUILD_UP__t224.80-t248.70.mp4" "--preset" "cinematic" "--out" "C:\Users\scott\soccer-video\out\atomic_clips\_quarantine\003__BUILD_UP__t224.80-t248.70.__CINEMATIC.mp4" "--clean-temp"
[SKIP] up-to-date
"python" "C:\Users\scott\soccer-video\tools\render_follow_unified.py" "--in" "C:\Users\scott\soccer-video\out\atomic_clips\_quarantine\003__BUILD_UP__t224.80-t248.70.__CINEMATIC.mp4" "--preset" "cinematic" "--out" "C:\Users\scott\soccer-video\out\atomic_clips\_quarantine\003__BUILD_UP__t224.80-t248.70.__CINEMATIC.__CINEMATIC.mp4" "--clean-temp"
[WhatIf] not executed
"python" "C:\Users\scott\soccer-video\tools\render_follow_unified.py" "--in" "C:\Users\scott\soccer-video\out\atomic_clips\_quarantine\004__2025-09-20__TSC_vs_Greenwood__PRESSURE_TWO_SHOTS__t26640.00-t27360.00.mp4" "--preset" "cinematic" "--out" "C:\Users\scott\soccer-video\out\atomic_clips\_quarantine\004__2025-09-20__TSC_vs_Greenwood__PRESSURE_TWO_SHOTS__t26640.00-t27360.00.__CINEMATIC.mp4" "--clean-temp"
[WhatIf] not executed
"python" "C:\Users\scott\soccer-video\tools\render_follow_unified.py" "--in" "C:\Users\scott\soccer-video\out\atomic_clips\_quarantine\004__2025-09-20__TSC_vs_RVFC__PRESSURE_GOAL__t17880.00-t18720.00.mp4" "--preset" "cinematic" "--out" "C:\Users\scott\soccer-video\out\atomic_clips\_quarantine\004__2025-09-20__TSC_vs_RVFC__PRESSURE_GOAL__t17880.00-t18720.00.__CINEMATIC.mp4" "--clean-temp"
[WhatIf] not executed
"python" "C:\Users\scott\soccer-video\tools\render_follow_unified.py" "--in" "C:\Users\scott\soccer-video\out\atomic_clips\_quarantine\004__2025-10-04__TSC_vs_FC_Tulsa_Black__BUILD_UP__t29700.00-t30780.00.mp4" "--preset" "cinematic" "--out" "C:\Users\scott\soccer-video\out\atomic_clips\_quarantine\004__2025-10-04__TSC_vs_FC_Tulsa_Black__BUILD_UP__t29700.00-t30780.00.__CINEMATIC.mp4" "--clean-temp"
[WhatIf] not executed
"python" "C:\Users\scott\soccer-video\tools\render_follow_unified.py" "--in" "C:\Users\scott\soccer-video\out\atomic_clips\_quarantine\004__GOAL__t266.50-t283.10.mp4" "--preset" "cinematic" "--out" "C:\Users\scott\soccer-video\out\atomic_clips\_quarantine\004__GOAL__t266.50-t283.10.__CINEMATIC.mp4" "--clean-temp"
[SKIP] up-to-date
"python" "C:\Users\scott\soccer-video\tools\render_follow_unified.py" "--in" "C:\Users\scott\soccer-video\out\atomic_clips\_quarantine\004__GOAL__t266.50-t283.10.__CINEMATIC.mp4" "--preset" "cinematic" "--out" "C:\Users\scott\soccer-video\out\atomic_clips\_quarantine\004__GOAL__t266.50-t283.10.__CINEMATIC.__CINEMATIC.mp4" "--clean-temp"
[WhatIf] not executed
"python" "C:\Users\scott\soccer-video\tools\render_follow_unified.py" "--in" "C:\Users\scott\soccer-video\out\atomic_clips\_quarantine\005__2025-09-20__TSC_vs_Greenwood__WIN_FREE_KICK__t32280.00-t33180.00.mp4" "--preset" "cinematic" "--out" "C:\Users\scott\soccer-video\out\atomic_clips\_quarantine\005__2025-09-20__TSC_vs_Greenwood__WIN_FREE_KICK__t32280.00-t33180.00.__CINEMATIC.mp4" "--clean-temp"
[WhatIf] not executed
"python" "C:\Users\scott\soccer-video\tools\render_follow_unified.py" "--in" "C:\Users\scott\soccer-video\out\atomic_clips\_quarantine\005__2025-09-20__TSC_vs_RVFC__BUILD_UP_PLAY_SHOT__t21000.00-t22020.00.mp4" "--preset" "cinematic" "--out" "C:\Users\scott\soccer-video\out\atomic_clips\_quarantine\005__2025-09-20__TSC_vs_RVFC__BUILD_UP_PLAY_SHOT__t21000.00-t22020.00.__CINEMATIC.mp4" "--clean-temp"
[WhatIf] not executed
"python" "C:\Users\scott\soccer-video\tools\render_follow_unified.py" "--in" "C:\Users\scott\soccer-video\out\atomic_clips\_quarantine\005__2025-10-04__TSC_vs_FC_Tulsa_Black__SHOT__t36000.00-t36420.00.mp4" "--preset" "cinematic" "--out" "C:\Users\scott\soccer-video\out\atomic_clips\_quarantine\005__2025-10-04__TSC_vs_FC_Tulsa_Black__SHOT__t36000.00-t36420.00.__CINEMATIC.mp4" "--clean-temp"
[WhatIf] not executed
"python" "C:\Users\scott\soccer-video\tools\render_follow_unified.py" "--in" "C:\Users\scott\soccer-video\out\atomic_clips\_quarantine\005__CORNER__t417.90-t431.60.mp4" "--preset" "cinematic" "--out" "C:\Users\scott\soccer-video\out\atomic_clips\_quarantine\005__CORNER__t417.90-t431.60.__CINEMATIC.mp4" "--clean-temp"
[SKIP] up-to-date
"python" "C:\Users\scott\soccer-video\tools\render_follow_unified.py" "--in" "C:\Users\scott\soccer-video\out\atomic_clips\_quarantine\005__CORNER__t417.90-t431.60.__CINEMATIC.mp4" "--preset" "cinematic" "--out" "C:\Users\scott\soccer-video\out\atomic_clips\_quarantine\005__CORNER__t417.90-t431.60.__CINEMATIC.__CINEMATIC.mp4" "--clean-temp"
[WhatIf] not executed
"python" "C:\Users\scott\soccer-video\tools\render_follow_unified.py" "--in" "C:\Users\scott\soccer-video\out\atomic_clips\_quarantine\006__2025-09-20__TSC_vs_Greenwood__BUILD_UP_PLAY_SHOT__t41100.00-t42480.00.mp4" "--preset" "cinematic" "--out" "C:\Users\scott\soccer-video\out\atomic_clips\_quarantine\006__2025-09-20__TSC_vs_Greenwood__BUILD_UP_PLAY_SHOT__t41100.00-t42480.00.__CINEMATIC.mp4" "--clean-temp"
[WhatIf] not executed
"python" "C:\Users\scott\soccer-video\tools\render_follow_unified.py" "--in" "C:\Users\scott\soccer-video\out\atomic_clips\_quarantine\006__2025-09-20__TSC_vs_RVFC__SHOT__t31020.00-t31680.00.mp4" "--preset" "cinematic" "--out" "C:\Users\scott\soccer-video\out\atomic_clips\_quarantine\006__2025-09-20__TSC_vs_RVFC__SHOT__t31020.00-t31680.00.__CINEMATIC.mp4" "--clean-temp"
[WhatIf] not executed
"python" "C:\Users\scott\soccer-video\tools\render_follow_unified.py" "--in" "C:\Users\scott\soccer-video\out\atomic_clips\_quarantine\006__2025-10-04__TSC_vs_FC_Tulsa_Black__BUILD_UP_GOAL__t40440.00-t43020.00.mp4" "--preset" "cinematic" "--out" "C:\Users\scott\soccer-video\out\atomic_clips\_quarantine\006__2025-10-04__TSC_vs_FC_Tulsa_Black__BUILD_UP_GOAL__t40440.00-t43020.00.__CINEMATIC.mp4" "--clean-temp"
[WhatIf] not executed
"python" "C:\Users\scott\soccer-video\tools\render_follow_unified.py" "--in" "C:\Users\scott\soccer-video\out\atomic_clips\_quarantine\006__2025-10-04__TSC_vs_FC_Tulsa_Black__BUILD_UP_GOAL__t40440.00-t43020.00.__DEBUG.mp4" "--preset" "cinematic" "--out" "C:\Users\scott\soccer-video\out\atomic_clips\_quarantine\006__2025-10-04__TSC_vs_FC_Tulsa_Black__BUILD_UP_GOAL__t40440.00-t43020.00.__DEBUG.__CINEMATIC.mp4" "--clean-temp"
[WhatIf] not executed
"python" "C:\Users\scott\soccer-video\tools\render_follow_unified.py" "--in" "C:\Users\scott\soccer-video\out\atomic_clips\_quarantine\006__DEFENSE__t699.30-t711.50.mp4" "--preset" "cinematic" "--out" "C:\Users\scott\soccer-video\out\atomic_clips\_quarantine\006__DEFENSE__t699.30-t711.50.__CINEMATIC.mp4" "--clean-temp"
[SKIP] up-to-date
"python" "C:\Users\scott\soccer-video\tools\render_follow_unified.py" "--in" "C:\Users\scott\soccer-video\out\atomic_clips\_quarantine\006__DEFENSE__t699.30-t711.50.__CINEMATIC.mp4" "--preset" "cinematic" "--out" "C:\Users\scott\soccer-video\out\atomic_clips\_quarantine\006__DEFENSE__t699.30-t711.50.__CINEMATIC.__CINEMATIC.mp4" "--clean-temp"
[WhatIf] not executed
"python" "C:\Users\scott\soccer-video\tools\render_follow_unified.py" "--in" "C:\Users\scott\soccer-video\out\atomic_clips\_quarantine\007__2025-09-20__TSC_vs_Greenwood__DRIBBLING_SHOT__t44340.00-t45120.00.mp4" "--preset" "cinematic" "--out" "C:\Users\scott\soccer-video\out\atomic_clips\_quarantine\007__2025-09-20__TSC_vs_Greenwood__DRIBBLING_SHOT__t44340.00-t45120.00.__CINEMATIC.mp4" "--clean-temp"
[WhatIf] not executed
"python" "C:\Users\scott\soccer-video\tools\render_follow_unified.py" "--in" "C:\Users\scott\soccer-video\out\atomic_clips\_quarantine\007__2025-09-20__TSC_vs_RVFC__PRESSURE_GOAL__t31740.00-t32820.00.mp4" "--preset" "cinematic" "--out" "C:\Users\scott\soccer-video\out\atomic_clips\_quarantine\007__2025-09-20__TSC_vs_RVFC__PRESSURE_GOAL__t31740.00-t32820.00.__CINEMATIC.mp4" "--clean-temp"
[WhatIf] not executed
"python" "C:\Users\scott\soccer-video\tools\render_follow_unified.py" "--in" "C:\Users\scott\soccer-video\out\atomic_clips\_quarantine\007__2025-10-04__TSC_vs_FC_Tulsa_Black__BUILD_UP_SHOT__t46020.00-t47100.00.mp4" "--preset" "cinematic" "--out" "C:\Users\scott\soccer-video\out\atomic_clips\_quarantine\007__2025-10-04__TSC_vs_FC_Tulsa_Black__BUILD_UP_SHOT__t46020.00-t47100.00.__CINEMATIC.mp4" "--clean-temp"
[WhatIf] not executed
"python" "C:\Users\scott\soccer-video\tools\render_follow_unified.py" "--in" "C:\Users\scott\soccer-video\out\atomic_clips\_quarantine\007__DRIBBLING__t982.00-t987.90.mp4" "--preset" "cinematic" "--out" "C:\Users\scott\soccer-video\out\atomic_clips\_quarantine\007__DRIBBLING__t982.00-t987.90.__CINEMATIC.mp4" "--clean-temp"
[SKIP] up-to-date
"python" "C:\Users\scott\soccer-video\tools\render_follow_unified.py" "--in" "C:\Users\scott\soccer-video\out\atomic_clips\_quarantine\007__DRIBBLING__t982.00-t987.90.__CINEMATIC.mp4" "--preset" "cinematic" "--out" "C:\Users\scott\soccer-video\out\atomic_clips\_quarantine\007__DRIBBLING__t982.00-t987.90.__CINEMATIC.__CINEMATIC.mp4" "--clean-temp"
[WhatIf] not executed
"python" "C:\Users\scott\soccer-video\tools\render_follow_unified.py" "--in" "C:\Users\scott\soccer-video\out\atomic_clips\_quarantine\008__2025-09-20__TSC_vs_Greenwood__PRESSURE_SHOT__t45240.00-t46980.00.mp4" "--preset" "cinematic" "--out" "C:\Users\scott\soccer-video\out\atomic_clips\_quarantine\008__2025-09-20__TSC_vs_Greenwood__PRESSURE_SHOT__t45240.00-t46980.00.__CINEMATIC.mp4" "--clean-temp"
[WhatIf] not executed
"python" "C:\Users\scott\soccer-video\tools\render_follow_unified.py" "--in" "C:\Users\scott\soccer-video\out\atomic_clips\_quarantine\008__2025-09-20__TSC_vs_RVFC__BUILD_UP_PLAY_SHOT__t33900.00-t36000.00.mp4" "--preset" "cinematic" "--out" "C:\Users\scott\soccer-video\out\atomic_clips\_quarantine\008__2025-09-20__TSC_vs_RVFC__BUILD_UP_PLAY_SHOT__t33900.00-t36000.00.__CINEMATIC.mp4" "--clean-temp"
[WhatIf] not executed
"python" "C:\Users\scott\soccer-video\tools\render_follow_unified.py" "--in" "C:\Users\scott\soccer-video\out\atomic_clips\_quarantine\008__2025-10-04__TSC_vs_FC_Tulsa_Black__BUILD_UP_SHOT__t61500.00-t62400.00.mp4" "--preset" "cinematic" "--out" "C:\Users\scott\soccer-video\out\atomic_clips\_quarantine\008__2025-10-04__TSC_vs_FC_Tulsa_Black__BUILD_UP_SHOT__t61500.00-t62400.00.__CINEMATIC.mp4" "--clean-temp"
[WhatIf] not executed
"python" "C:\Users\scott\soccer-video\tools\render_follow_unified.py" "--in" "C:\Users\scott\soccer-video\out\atomic_clips\_quarantine\008__SHOT__t1247.80-t1259.20.mp4" "--preset" "cinematic" "--out" "C:\Users\scott\soccer-video\out\atomic_clips\_quarantine\008__SHOT__t1247.80-t1259.20.__CINEMATIC.mp4" "--clean-temp"
[SKIP] up-to-date
"python" "C:\Users\scott\soccer-video\tools\render_follow_unified.py" "--in" "C:\Users\scott\soccer-video\out\atomic_clips\_quarantine\008__SHOT__t1247.80-t1259.20.__CINEMATIC.mp4" "--preset" "cinematic" "--out" "C:\Users\scott\soccer-video\out\atomic_clips\_quarantine\008__SHOT__t1247.80-t1259.20.__CINEMATIC.__CINEMATIC.mp4" "--clean-temp"
[WhatIf] not executed
"python" "C:\Users\scott\soccer-video\tools\render_follow_unified.py" "--in" "C:\Users\scott\soccer-video\out\atomic_clips\_quarantine\009__2025-09-20__TSC_vs_Greenwood__PRESSURE_SHOT__t48120.00-t49080.00.mp4" "--preset" "cinematic" "--out" "C:\Users\scott\soccer-video\out\atomic_clips\_quarantine\009__2025-09-20__TSC_vs_Greenwood__PRESSURE_SHOT__t48120.00-t49080.00.__CINEMATIC.mp4" "--clean-temp"
[WhatIf] not executed
"python" "C:\Users\scott\soccer-video\tools\render_follow_unified.py" "--in" "C:\Users\scott\soccer-video\out\atomic_clips\_quarantine\009__2025-09-20__TSC_vs_RVFC__PRESSURE_SHOT__t36240.00-t37200.00.mp4" "--preset" "cinematic" "--out" "C:\Users\scott\soccer-video\out\atomic_clips\_quarantine\009__2025-09-20__TSC_vs_RVFC__PRESSURE_SHOT__t36240.00-t37200.00.__CINEMATIC.mp4" "--clean-temp"
[WhatIf] not executed
"python" "C:\Users\scott\soccer-video\tools\render_follow_unified.py" "--in" "C:\Users\scott\soccer-video\out\atomic_clips\_quarantine\009__2025-10-04__TSC_vs_FC_Tulsa_Black__PRESSURE_SHOT__t62760.00-t63420.00.mp4" "--preset" "cinematic" "--out" "C:\Users\scott\soccer-video\out\atomic_clips\_quarantine\009__2025-10-04__TSC_vs_FC_Tulsa_Black__PRESSURE_SHOT__t62760.00-t63420.00.__CINEMATIC.mp4" "--clean-temp"
[WhatIf] not executed
"python" "C:\Users\scott\soccer-video\tools\render_follow_unified.py" "--in" "C:\Users\scott\soccer-video\out\atomic_clips\_quarantine\009__SHOT__t1420.40-t1438.20.mp4" "--preset" "cinematic" "--out" "C:\Users\scott\soccer-video\out\atomic_clips\_quarantine\009__SHOT__t1420.40-t1438.20.__CINEMATIC.mp4" "--clean-temp"
[SKIP] up-to-date
"python" "C:\Users\scott\soccer-video\tools\render_follow_unified.py" "--in" "C:\Users\scott\soccer-video\out\atomic_clips\_quarantine\009__SHOT__t1420.40-t1438.20.__CINEMATIC.mp4" "--preset" "cinematic" "--out" "C:\Users\scott\soccer-video\out\atomic_clips\_quarantine\009__SHOT__t1420.40-t1438.20.__CINEMATIC.__CINEMATIC.mp4" "--clean-temp"
[WhatIf] not executed
"python" "C:\Users\scott\soccer-video\tools\render_follow_unified.py" "--in" "C:\Users\scott\soccer-video\out\atomic_clips\_quarantine\010__2025-09-20__TSC_vs_Greenwood__DEFENSE_BUILD_UP__t49260.00-t50880.00.mp4" "--preset" "cinematic" "--out" "C:\Users\scott\soccer-video\out\atomic_clips\_quarantine\010__2025-09-20__TSC_vs_Greenwood__DEFENSE_BUILD_UP__t49260.00-t50880.00.__CINEMATIC.mp4" "--clean-temp"
[WhatIf] not executed
"python" "C:\Users\scott\soccer-video\tools\render_follow_unified.py" "--in" "C:\Users\scott\soccer-video\out\atomic_clips\_quarantine\010__2025-09-20__TSC_vs_RVFC__PRESSURE_SHOT__t40500.00-t41340.00.mp4" "--preset" "cinematic" "--out" "C:\Users\scott\soccer-video\out\atomic_clips\_quarantine\010__2025-09-20__TSC_vs_RVFC__PRESSURE_SHOT__t40500.00-t41340.00.__CINEMATIC.mp4" "--clean-temp"
[WhatIf] not executed
"python" "C:\Users\scott\soccer-video\tools\render_follow_unified.py" "--in" "C:\Users\scott\soccer-video\out\atomic_clips\_quarantine\010__2025-10-04__TSC_vs_FC_Tulsa_Black__BUILD_UP_SHOT__t63480.00-t64800.00.mp4" "--preset" "cinematic" "--out" "C:\Users\scott\soccer-video\out\atomic_clips\_quarantine\010__2025-10-04__TSC_vs_FC_Tulsa_Black__BUILD_UP_SHOT__t63480.00-t64800.00.__CINEMATIC.mp4" "--clean-temp"
[WhatIf] not executed
"python" "C:\Users\scott\soccer-video\tools\render_follow_unified.py" "--in" "C:\Users\scott\soccer-video\out\atomic_clips\_quarantine\010__CROSS__t1541.10-t1547.90.mp4" "--preset" "cinematic" "--out" "C:\Users\scott\soccer-video\out\atomic_clips\_quarantine\010__CROSS__t1541.10-t1547.90.__CINEMATIC.mp4" "--clean-temp"
[SKIP] up-to-date
"python" "C:\Users\scott\soccer-video\tools\render_follow_unified.py" "--in" "C:\Users\scott\soccer-video\out\atomic_clips\_quarantine\010__CROSS__t1541.10-t1547.90.__CINEMATIC.mp4" "--preset" "cinematic" "--out" "C:\Users\scott\soccer-video\out\atomic_clips\_quarantine\010__CROSS__t1541.10-t1547.90.__CINEMATIC.__CINEMATIC.mp4" "--clean-temp"
[WhatIf] not executed
"python" "C:\Users\scott\soccer-video\tools\render_follow_unified.py" "--in" "C:\Users\scott\soccer-video\out\atomic_clips\_quarantine\011__2025-09-20__TSC_vs_Greenwood__GOAL__t54120.00-t54780.00.mp4" "--preset" "cinematic" "--out" "C:\Users\scott\soccer-video\out\atomic_clips\_quarantine\011__2025-09-20__TSC_vs_Greenwood__GOAL__t54120.00-t54780.00.__CINEMATIC.mp4" "--clean-temp"
[WhatIf] not executed
"python" "C:\Users\scott\soccer-video\tools\render_follow_unified.py" "--in" "C:\Users\scott\soccer-video\out\atomic_clips\_quarantine\011__2025-09-20__TSC_vs_RVFC__PRESSURE_SHOT__t41340.00-t42120.00.mp4" "--preset" "cinematic" "--out" "C:\Users\scott\soccer-video\out\atomic_clips\_quarantine\011__2025-09-20__TSC_vs_RVFC__PRESSURE_SHOT__t41340.00-t42120.00.__CINEMATIC.mp4" "--clean-temp"
[WhatIf] not executed
"python" "C:\Users\scott\soccer-video\tools\render_follow_unified.py" "--in" "C:\Users\scott\soccer-video\out\atomic_clips\_quarantine\011__2025-10-04__TSC_vs_FC_Tulsa_Black__BUILD_UP_SHOT__t71880.00-t73320.00.mp4" "--preset" "cinematic" "--out" "C:\Users\scott\soccer-video\out\atomic_clips\_quarantine\011__2025-10-04__TSC_vs_FC_Tulsa_Black__BUILD_UP_SHOT__t71880.00-t73320.00.__CINEMATIC.mp4" "--clean-temp"
[WhatIf] not executed
"python" "C:\Users\scott\soccer-video\tools\render_follow_unified.py" "--in" "C:\Users\scott\soccer-video\out\atomic_clips\_quarantine\011__SHOTS__t1655.00-t1670.30.mp4" "--preset" "cinematic" "--out" "C:\Users\scott\soccer-video\out\atomic_clips\_quarantine\011__SHOTS__t1655.00-t1670.30.__CINEMATIC.mp4" "--clean-temp"
[SKIP] up-to-date
"python" "C:\Users\scott\soccer-video\tools\render_follow_unified.py" "--in" "C:\Users\scott\soccer-video\out\atomic_clips\_quarantine\011__SHOTS__t1655.00-t1670.30.__CINEMATIC.mp4" "--preset" "cinematic" "--out" "C:\Users\scott\soccer-video\out\atomic_clips\_quarantine\011__SHOTS__t1655.00-t1670.30.__CINEMATIC.__CINEMATIC.mp4" "--clean-temp"
[WhatIf] not executed
"python" "C:\Users\scott\soccer-video\tools\render_follow_unified.py" "--in" "C:\Users\scott\soccer-video\out\atomic_clips\_quarantine\012__2025-09-20__TSC_vs_Greenwood__BUILD_SHOT__t58380.00-t59220.00.mp4" "--preset" "cinematic" "--out" "C:\Users\scott\soccer-video\out\atomic_clips\_quarantine\012__2025-09-20__TSC_vs_Greenwood__BUILD_SHOT__t58380.00-t59220.00.__CINEMATIC.mp4" "--clean-temp"
[WhatIf] not executed
"python" "C:\Users\scott\soccer-video\tools\render_follow_unified.py" "--in" "C:\Users\scott\soccer-video\out\atomic_clips\_quarantine\012__2025-09-20__TSC_vs_RVFC__BUILD_UP_PLAY_SHOT__t44760.00-t45420.00.mp4" "--preset" "cinematic" "--out" "C:\Users\scott\soccer-video\out\atomic_clips\_quarantine\012__2025-09-20__TSC_vs_RVFC__BUILD_UP_PLAY_SHOT__t44760.00-t45420.00.__CINEMATIC.mp4" "--clean-temp"
[WhatIf] not executed
"python" "C:\Users\scott\soccer-video\tools\render_follow_unified.py" "--in" "C:\Users\scott\soccer-video\out\atomic_clips\_quarantine\012__2025-10-04__TSC_vs_FC_Tulsa_Black__PRESSURE_GOAL__t74340.00-t75180.00.mp4" "--preset" "cinematic" "--out" "C:\Users\scott\soccer-video\out\atomic_clips\_quarantine\012__2025-10-04__TSC_vs_FC_Tulsa_Black__PRESSURE_GOAL__t74340.00-t75180.00.__CINEMATIC.mp4" "--clean-temp"
[WhatIf] not executed
"python" "C:\Users\scott\soccer-video\tools\render_follow_unified.py" "--in" "C:\Users\scott\soccer-video\out\atomic_clips\_quarantine\012__GOAL__t1705.20-t1708.50.mp4" "--preset" "cinematic" "--out" "C:\Users\scott\soccer-video\out\atomic_clips\_quarantine\012__GOAL__t1705.20-t1708.50.__CINEMATIC.mp4" "--clean-temp"
[SKIP] up-to-date
"python" "C:\Users\scott\soccer-video\tools\render_follow_unified.py" "--in" "C:\Users\scott\soccer-video\out\atomic_clips\_quarantine\012__GOAL__t1705.20-t1708.50.__CINEMATIC.mp4" "--preset" "cinematic" "--out" "C:\Users\scott\soccer-video\out\atomic_clips\_quarantine\012__GOAL__t1705.20-t1708.50.__CINEMATIC.__CINEMATIC.mp4" "--clean-temp"
[WhatIf] not executed
"python" "C:\Users\scott\soccer-video\tools\render_follow_unified.py" "--in" "C:\Users\scott\soccer-video\out\atomic_clips\_quarantine\013__2025-09-20__TSC_vs_Greenwood__PRESSURE_SHOT__t59280.00-t60060.00.mp4" "--preset" "cinematic" "--out" "C:\Users\scott\soccer-video\out\atomic_clips\_quarantine\013__2025-09-20__TSC_vs_Greenwood__PRESSURE_SHOT__t59280.00-t60060.00.__CINEMATIC.mp4" "--clean-temp"
[WhatIf] not executed
"python" "C:\Users\scott\soccer-video\tools\render_follow_unified.py" "--in" "C:\Users\scott\soccer-video\out\atomic_clips\_quarantine\013__2025-09-20__TSC_vs_RVFC__BUILD_UP_PLAY_SHOT__t49260.00-t51900.00.mp4" "--preset" "cinematic" "--out" "C:\Users\scott\soccer-video\out\atomic_clips\_quarantine\013__2025-09-20__TSC_vs_RVFC__BUILD_UP_PLAY_SHOT__t49260.00-t51900.00.__CINEMATIC.mp4" "--clean-temp"
[WhatIf] not executed
"python" "C:\Users\scott\soccer-video\tools\render_follow_unified.py" "--in" "C:\Users\scott\soccer-video\out\atomic_clips\_quarantine\013__2025-10-04__TSC_vs_FC_Tulsa_Black__BUILD_UP_PLAY__t77400.00-t78360.00.mp4" "--preset" "cinematic" "--out" "C:\Users\scott\soccer-video\out\atomic_clips\_quarantine\013__2025-10-04__TSC_vs_FC_Tulsa_Black__BUILD_UP_PLAY__t77400.00-t78360.00.__CINEMATIC.mp4" "--clean-temp"
[WhatIf] not executed
"python" "C:\Users\scott\soccer-video\tools\render_follow_unified.py" "--in" "C:\Users\scott\soccer-video\out\atomic_clips\_quarantine\013__GOAL__t1767.50-t1772.60.mp4" "--preset" "cinematic" "--out" "C:\Users\scott\soccer-video\out\atomic_clips\_quarantine\013__GOAL__t1767.50-t1772.60.__CINEMATIC.mp4" "--clean-temp"
[SKIP] up-to-date
"python" "C:\Users\scott\soccer-video\tools\render_follow_unified.py" "--in" "C:\Users\scott\soccer-video\out\atomic_clips\_quarantine\013__GOAL__t1767.50-t1772.60.__CINEMATIC.mp4" "--preset" "cinematic" "--out" "C:\Users\scott\soccer-video\out\atomic_clips\_quarantine\013__GOAL__t1767.50-t1772.60.__CINEMATIC.__CINEMATIC.mp4" "--clean-temp"
[WhatIf] not executed
"python" "C:\Users\scott\soccer-video\tools\render_follow_unified.py" "--in" "C:\Users\scott\soccer-video\out\atomic_clips\_quarantine\014__2025-09-20__TSC_vs_Greenwood__PRESSURE_SHOT__t63780.00-t64380.00.mp4" "--preset" "cinematic" "--out" "C:\Users\scott\soccer-video\out\atomic_clips\_quarantine\014__2025-09-20__TSC_vs_Greenwood__PRESSURE_SHOT__t63780.00-t64380.00.__CINEMATIC.mp4" "--clean-temp"
[WhatIf] not executed
"python" "C:\Users\scott\soccer-video\tools\render_follow_unified.py" "--in" "C:\Users\scott\soccer-video\out\atomic_clips\_quarantine\014__2025-09-20__TSC_vs_RVFC__DEFENSE_BUILD_UP__t52800.00-t53820.00.mp4" "--preset" "cinematic" "--out" "C:\Users\scott\soccer-video\out\atomic_clips\_quarantine\014__2025-09-20__TSC_vs_RVFC__DEFENSE_BUILD_UP__t52800.00-t53820.00.__CINEMATIC.mp4" "--clean-temp"
[WhatIf] not executed
"python" "C:\Users\scott\soccer-video\tools\render_follow_unified.py" "--in" "C:\Users\scott\soccer-video\out\atomic_clips\_quarantine\014__2025-10-04__TSC_vs_FC_Tulsa_Black__SHOT__t2354400.00-t2394000.00.mp4" "--preset" "cinematic" "--out" "C:\Users\scott\soccer-video\out\atomic_clips\_quarantine\014__2025-10-04__TSC_vs_FC_Tulsa_Black__SHOT__t2354400.00-t2394000.00.__CINEMATIC.mp4" "--clean-temp"
[WhatIf] not executed
"python" "C:\Users\scott\soccer-video\tools\render_follow_unified.py" "--in" "C:\Users\scott\soccer-video\out\atomic_clips\_quarantine\014__GOAL__t1904.20-t1925.20.mp4" "--preset" "cinematic" "--out" "C:\Users\scott\soccer-video\out\atomic_clips\_quarantine\014__GOAL__t1904.20-t1925.20.__CINEMATIC.mp4" "--clean-temp"
[SKIP] up-to-date
"python" "C:\Users\scott\soccer-video\tools\render_follow_unified.py" "--in" "C:\Users\scott\soccer-video\out\atomic_clips\_quarantine\014__GOAL__t1904.20-t1925.20.__CINEMATIC.mp4" "--preset" "cinematic" "--out" "C:\Users\scott\soccer-video\out\atomic_clips\_quarantine\014__GOAL__t1904.20-t1925.20.__CINEMATIC.__CINEMATIC.mp4" "--clean-temp"
[WhatIf] not executed
"python" "C:\Users\scott\soccer-video\tools\render_follow_unified.py" "--in" "C:\Users\scott\soccer-video\out\atomic_clips\_quarantine\015__2025-09-20__TSC_vs_Greenwood__SHOT__t64860.00-t65280.00.mp4" "--preset" "cinematic" "--out" "C:\Users\scott\soccer-video\out\atomic_clips\_quarantine\015__2025-09-20__TSC_vs_Greenwood__SHOT__t64860.00-t65280.00.__CINEMATIC.mp4" "--clean-temp"
[WhatIf] not executed
"python" "C:\Users\scott\soccer-video\tools\render_follow_unified.py" "--in" "C:\Users\scott\soccer-video\out\atomic_clips\_quarantine\015__2025-09-20__TSC_vs_RVFC__SHOT__t55800.00-t56220.00.mp4" "--preset" "cinematic" "--out" "C:\Users\scott\soccer-video\out\atomic_clips\_quarantine\015__2025-09-20__TSC_vs_RVFC__SHOT__t55800.00-t56220.00.__CINEMATIC.mp4" "--clean-temp"
[WhatIf] not executed
"python" "C:\Users\scott\soccer-video\tools\render_follow_unified.py" "--in" "C:\Users\scott\soccer-video\out\atomic_clips\_quarantine\015__DRIBBLING__t1972.50-t1980.70.mp4" "--preset" "cinematic" "--out" "C:\Users\scott\soccer-video\out\atomic_clips\_quarantine\015__DRIBBLING__t1972.50-t1980.70.__CINEMATIC.mp4" "--clean-temp"
[SKIP] up-to-date
"python" "C:\Users\scott\soccer-video\tools\render_follow_unified.py" "--in" "C:\Users\scott\soccer-video\out\atomic_clips\_quarantine\015__DRIBBLING__t1972.50-t1980.70.__CINEMATIC.mp4" "--preset" "cinematic" "--out" "C:\Users\scott\soccer-video\out\atomic_clips\_quarantine\015__DRIBBLING__t1972.50-t1980.70.__CINEMATIC.__CINEMATIC.mp4" "--clean-temp"
[WhatIf] not executed
"python" "C:\Users\scott\soccer-video\tools\render_follow_unified.py" "--in" "C:\Users\scott\soccer-video\out\atomic_clips\_quarantine\016__2025-09-20__TSC_vs_Greenwood__BUILD_UP_PLAY_SHOT__t71700.00-t72540.00.mp4" "--preset" "cinematic" "--out" "C:\Users\scott\soccer-video\out\atomic_clips\_quarantine\016__2025-09-20__TSC_vs_Greenwood__BUILD_UP_PLAY_SHOT__t71700.00-t72540.00.__CINEMATIC.mp4" "--clean-temp"
[WhatIf] not executed
"python" "C:\Users\scott\soccer-video\tools\render_follow_unified.py" "--in" "C:\Users\scott\soccer-video\out\atomic_clips\_quarantine\016__2025-09-20__TSC_vs_RVFC__BUILD_UP_PLAY_SHOT__t59940.00-t61320.00.mp4" "--preset" "cinematic" "--out" "C:\Users\scott\soccer-video\out\atomic_clips\_quarantine\016__2025-09-20__TSC_vs_RVFC__BUILD_UP_PLAY_SHOT__t59940.00-t61320.00.__CINEMATIC.mp4" "--clean-temp"
[WhatIf] not executed
"python" "C:\Users\scott\soccer-video\tools\render_follow_unified.py" "--in" "C:\Users\scott\soccer-video\out\atomic_clips\_quarantine\016__SHOT__t2029.90-t2039.50.mp4" "--preset" "cinematic" "--out" "C:\Users\scott\soccer-video\out\atomic_clips\_quarantine\016__SHOT__t2029.90-t2039.50.__CINEMATIC.mp4" "--clean-temp"
[SKIP] up-to-date
"python" "C:\Users\scott\soccer-video\tools\render_follow_unified.py" "--in" "C:\Users\scott\soccer-video\out\atomic_clips\_quarantine\016__SHOT__t2029.90-t2039.50.__CINEMATIC.mp4" "--preset" "cinematic" "--out" "C:\Users\scott\soccer-video\out\atomic_clips\_quarantine\016__SHOT__t2029.90-t2039.50.__CINEMATIC.__CINEMATIC.mp4" "--clean-temp"
[WhatIf] not executed
"python" "C:\Users\scott\soccer-video\tools\render_follow_unified.py" "--in" "C:\Users\scott\soccer-video\out\atomic_clips\_quarantine\017__2025-09-20__TSC_vs_Greenwood__PRESSURE_SHOT__t72720.00-t73440.00.mp4" "--preset" "cinematic" "--out" "C:\Users\scott\soccer-video\out\atomic_clips\_quarantine\017__2025-09-20__TSC_vs_Greenwood__PRESSURE_SHOT__t72720.00-t73440.00.__CINEMATIC.mp4" "--clean-temp"
[WhatIf] not executed
"python" "C:\Users\scott\soccer-video\tools\render_follow_unified.py" "--in" "C:\Users\scott\soccer-video\out\atomic_clips\_quarantine\017__2025-09-20__TSC_vs_RVFC__BUILD_UP_PLAY_SHOT__t65280.00-t67440.00.mp4" "--preset" "cinematic" "--out" "C:\Users\scott\soccer-video\out\atomic_clips\_quarantine\017__2025-09-20__TSC_vs_RVFC__BUILD_UP_PLAY_SHOT__t65280.00-t67440.00.__CINEMATIC.mp4" "--clean-temp"
[WhatIf] not executed
"python" "C:\Users\scott\soccer-video\tools\render_follow_unified.py" "--in" "C:\Users\scott\soccer-video\out\atomic_clips\_quarantine\017__SHOT__t2284.90-t2298.20.mp4" "--preset" "cinematic" "--out" "C:\Users\scott\soccer-video\out\atomic_clips\_quarantine\017__SHOT__t2284.90-t2298.20.__CINEMATIC.mp4" "--clean-temp"
[SKIP] up-to-date
"python" "C:\Users\scott\soccer-video\tools\render_follow_unified.py" "--in" "C:\Users\scott\soccer-video\out\atomic_clips\_quarantine\017__SHOT__t2284.90-t2298.20.__CINEMATIC.mp4" "--preset" "cinematic" "--out" "C:\Users\scott\soccer-video\out\atomic_clips\_quarantine\017__SHOT__t2284.90-t2298.20.__CINEMATIC.__CINEMATIC.mp4" "--clean-temp"
[WhatIf] not executed
"python" "C:\Users\scott\soccer-video\tools\render_follow_unified.py" "--in" "C:\Users\scott\soccer-video\out\atomic_clips\_quarantine\018__2025-09-20__TSC_vs_Greenwood__BUILD_UP_PLAY_GOAL__t77520.00-t79740.00.mp4" "--preset" "cinematic" "--out" "C:\Users\scott\soccer-video\out\atomic_clips\_quarantine\018__2025-09-20__TSC_vs_Greenwood__BUILD_UP_PLAY_GOAL__t77520.00-t79740.00.__CINEMATIC.mp4" "--clean-temp"
[WhatIf] not executed
"python" "C:\Users\scott\soccer-video\tools\render_follow_unified.py" "--in" "C:\Users\scott\soccer-video\out\atomic_clips\_quarantine\018__2025-09-20__TSC_vs_RVFC__DRIBBLING_SHOT__t68820.00-t69180.00.mp4" "--preset" "cinematic" "--out" "C:\Users\scott\soccer-video\out\atomic_clips\_quarantine\018__2025-09-20__TSC_vs_RVFC__DRIBBLING_SHOT__t68820.00-t69180.00.__CINEMATIC.mp4" "--clean-temp"
[WhatIf] not executed
"python" "C:\Users\scott\soccer-video\tools\render_follow_unified.py" "--in" "C:\Users\scott\soccer-video\out\atomic_clips\_quarantine\018__SHOT__t2419.50-t2425.60.mp4" "--preset" "cinematic" "--out" "C:\Users\scott\soccer-video\out\atomic_clips\_quarantine\018__SHOT__t2419.50-t2425.60.__CINEMATIC.mp4" "--clean-temp"
[SKIP] up-to-date
"python" "C:\Users\scott\soccer-video\tools\render_follow_unified.py" "--in" "C:\Users\scott\soccer-video\out\atomic_clips\_quarantine\018__SHOT__t2419.50-t2425.60.__CINEMATIC.mp4" "--preset" "cinematic" "--out" "C:\Users\scott\soccer-video\out\atomic_clips\_quarantine\018__SHOT__t2419.50-t2425.60.__CINEMATIC.__CINEMATIC.mp4" "--clean-temp"
[WhatIf] not executed
"python" "C:\Users\scott\soccer-video\tools\render_follow_unified.py" "--in" "C:\Users\scott\soccer-video\out\atomic_clips\_quarantine\019__2025-09-20__TSC_vs_Greenwood__PRESSURE_SHOT__t82140.00-t82980.00.mp4" "--preset" "cinematic" "--out" "C:\Users\scott\soccer-video\out\atomic_clips\_quarantine\019__2025-09-20__TSC_vs_Greenwood__PRESSURE_SHOT__t82140.00-t82980.00.__CINEMATIC.mp4" "--clean-temp"
[WhatIf] not executed
"python" "C:\Users\scott\soccer-video\tools\render_follow_unified.py" "--in" "C:\Users\scott\soccer-video\out\atomic_clips\_quarantine\019__2025-09-20__TSC_vs_RVFC__BUILD_UP_PLAY_SHOT__t69480.00-t70920.00.mp4" "--preset" "cinematic" "--out" "C:\Users\scott\soccer-video\out\atomic_clips\_quarantine\019__2025-09-20__TSC_vs_RVFC__BUILD_UP_PLAY_SHOT__t69480.00-t70920.00.__CINEMATIC.mp4" "--clean-temp"
[WhatIf] not executed
"python" "C:\Users\scott\soccer-video\tools\render_follow_unified.py" "--in" "C:\Users\scott\soccer-video\out\atomic_clips\_quarantine\019__SHOT__t2633.00-t2638.10.mp4" "--preset" "cinematic" "--out" "C:\Users\scott\soccer-video\out\atomic_clips\_quarantine\019__SHOT__t2633.00-t2638.10.__CINEMATIC.mp4" "--clean-temp"
[SKIP] up-to-date
"python" "C:\Users\scott\soccer-video\tools\render_follow_unified.py" "--in" "C:\Users\scott\soccer-video\out\atomic_clips\_quarantine\019__SHOT__t2633.00-t2638.10.__CINEMATIC.mp4" "--preset" "cinematic" "--out" "C:\Users\scott\soccer-video\out\atomic_clips\_quarantine\019__SHOT__t2633.00-t2638.10.__CINEMATIC.__CINEMATIC.mp4" "--clean-temp"
[WhatIf] not executed
"python" "C:\Users\scott\soccer-video\tools\render_follow_unified.py" "--in" "C:\Users\scott\soccer-video\out\atomic_clips\_quarantine\020__2025-09-20__TSC_vs_Greenwood__PRESSURE_SHOT__t83580.00-t84540.00.mp4" "--preset" "cinematic" "--out" "C:\Users\scott\soccer-video\out\atomic_clips\_quarantine\020__2025-09-20__TSC_vs_Greenwood__PRESSURE_SHOT__t83580.00-t84540.00.__CINEMATIC.mp4" "--clean-temp"
[WhatIf] not executed
"python" "C:\Users\scott\soccer-video\tools\render_follow_unified.py" "--in" "C:\Users\scott\soccer-video\out\atomic_clips\_quarantine\020__2025-09-20__TSC_vs_RVFC__SHOT__t74160.00-t74580.00.mp4" "--preset" "cinematic" "--out" "C:\Users\scott\soccer-video\out\atomic_clips\_quarantine\020__2025-09-20__TSC_vs_RVFC__SHOT__t74160.00-t74580.00.__CINEMATIC.mp4" "--clean-temp"
[WhatIf] not executed
"python" "C:\Users\scott\soccer-video\tools\render_follow_unified.py" "--in" "C:\Users\scott\soccer-video\out\atomic_clips\_quarantine\020__GOAL__t2816.60-t2831.80.mp4" "--preset" "cinematic" "--out" "C:\Users\scott\soccer-video\out\atomic_clips\_quarantine\020__GOAL__t2816.60-t2831.80.__CINEMATIC.mp4" "--clean-temp"
[SKIP] up-to-date
"python" "C:\Users\scott\soccer-video\tools\render_follow_unified.py" "--in" "C:\Users\scott\soccer-video\out\atomic_clips\_quarantine\020__GOAL__t2816.60-t2831.80.__CINEMATIC.mp4" "--preset" "cinematic" "--out" "C:\Users\scott\soccer-video\out\atomic_clips\_quarantine\020__GOAL__t2816.60-t2831.80.__CINEMATIC.__CINEMATIC.mp4" "--clean-temp"
[WhatIf] not executed
"python" "C:\Users\scott\soccer-video\tools\render_follow_unified.py" "--in" "C:\Users\scott\soccer-video\out\atomic_clips\_quarantine\021__2025-09-20__TSC_vs_RVFC__CROSS__t76500.00-t77580.00.mp4" "--preset" "cinematic" "--out" "C:\Users\scott\soccer-video\out\atomic_clips\_quarantine\021__2025-09-20__TSC_vs_RVFC__CROSS__t76500.00-t77580.00.__CINEMATIC.mp4" "--clean-temp"
[WhatIf] not executed
"python" "C:\Users\scott\soccer-video\tools\render_follow_unified.py" "--in" "C:\Users\scott\soccer-video\out\atomic_clips\_quarantine\021__SHOT__t2860.70-t2873.00.mp4" "--preset" "cinematic" "--out" "C:\Users\scott\soccer-video\out\atomic_clips\_quarantine\021__SHOT__t2860.70-t2873.00.__CINEMATIC.mp4" "--clean-temp"
[WhatIf] not executed
"python" "C:\Users\scott\soccer-video\tools\render_follow_unified.py" "--in" "C:\Users\scott\soccer-video\out\atomic_clips\_quarantine\022__2025-09-20__TSC_vs_RVFC__PRESSURE_SHOT__t78000.00-t78600.00.mp4" "--preset" "cinematic" "--out" "C:\Users\scott\soccer-video\out\atomic_clips\_quarantine\022__2025-09-20__TSC_vs_RVFC__PRESSURE_SHOT__t78000.00-t78600.00.__CINEMATIC.mp4" "--clean-temp"
[WhatIf] not executed
"python" "C:\Users\scott\soccer-video\tools\render_follow_unified.py" "--in" "C:\Users\scott\soccer-video\out\atomic_clips\_quarantine\023__2025-09-20__TSC_vs_RVFC__PRESSURE_SHOT__t78960.00-t79740.00.mp4" "--preset" "cinematic" "--out" "C:\Users\scott\soccer-video\out\atomic_clips\_quarantine\023__2025-09-20__TSC_vs_RVFC__PRESSURE_SHOT__t78960.00-t79740.00.__CINEMATIC.mp4" "--clean-temp"
[WhatIf] not executed
"python" "C:\Users\scott\soccer-video\tools\render_follow_unified.py" "--in" "C:\Users\scott\soccer-video\out\atomic_clips\_quarantine\023__SHOT__t3098.90-t3108.80.mp4" "--preset" "cinematic" "--out" "C:\Users\scott\soccer-video\out\atomic_clips\_quarantine\023__SHOT__t3098.90-t3108.80.__CINEMATIC.mp4" "--clean-temp"
[WhatIf] not executed
"python" "C:\Users\scott\soccer-video\tools\render_follow_unified.py" "--in" "C:\Users\scott\soccer-video\out\atomic_clips\_quarantine\024__2025-09-20__TSC_vs_Greenwood__PRESSURE_SHOT__t2718000.00-t2754000.00.mp4" "--preset" "cinematic" "--out" "C:\Users\scott\soccer-video\out\atomic_clips\_quarantine\024__2025-09-20__TSC_vs_Greenwood__PRESSURE_SHOT__t2718000.00-t2754000.00.__CINEMATIC.mp4" "--clean-temp"
[WhatIf] not executed
"python" "C:\Users\scott\soccer-video\tools\render_follow_unified.py" "--in" "C:\Users\scott\soccer-video\out\atomic_clips\_quarantine\024__2025-09-20__TSC_vs_RVFC__FREE_KICK__t84120.00-t85260.00.mp4" "--preset" "cinematic" "--out" "C:\Users\scott\soccer-video\out\atomic_clips\_quarantine\024__2025-09-20__TSC_vs_RVFC__FREE_KICK__t84120.00-t85260.00.__CINEMATIC.mp4" "--clean-temp"
[WhatIf] not executed
"python" "C:\Users\scott\soccer-video\tools\render_follow_unified.py" "--in" "C:\Users\scott\soccer-video\out\atomic_clips\_quarantine\025__2025-09-20__TSC_vs_RVFC__PRESSURE_GOAL__t2203200.00-t2232000.00.mp4" "--preset" "cinematic" "--out" "C:\Users\scott\soccer-video\out\atomic_clips\_quarantine\025__2025-09-20__TSC_vs_RVFC__PRESSURE_GOAL__t2203200.00-t2232000.00.__CINEMATIC.mp4" "--clean-temp"
[WhatIf] not executed
"python" "C:\Users\scott\soccer-video\tools\render_follow_unified.py" "--in" "C:\Users\scott\soccer-video\out\atomic_clips\_quarantine\026__2025-09-20__TSC_vs_RVFC__DRIBBLING_SHOT__t2592000.00-t2628000.00.mp4" "--preset" "cinematic" "--out" "C:\Users\scott\soccer-video\out\atomic_clips\_quarantine\026__2025-09-20__TSC_vs_RVFC__DRIBBLING_SHOT__t2592000.00-t2628000.00.__CINEMATIC.mp4" "--clean-temp"
[WhatIf] not executed
"python" "C:\Users\scott\soccer-video\tools\render_follow_unified.py" "--in" "C:\Users\scott\soccer-video\out\atomic_clips\_quarantine\027__2025-09-20__TSC_vs_Greenwood__BUILD_UP_PLAY_SHOT__t2937600.00-t3002400.00.mp4" "--preset" "cinematic" "--out" "C:\Users\scott\soccer-video\out\atomic_clips\_quarantine\027__2025-09-20__TSC_vs_Greenwood__BUILD_UP_PLAY_SHOT__t2937600.00-t3002400.00.__CINEMATIC.mp4" "--clean-temp"
[WhatIf] not executed
"python" "C:\Users\scott\soccer-video\tools\render_follow_unified.py" "--in" "C:\Users\scott\soccer-video\out\atomic_clips\_quarantine\036__2025-09-20__TSC_vs_Greenwood__PRESSURE_SHOT__t3906000.00-t3942000.00.mp4" "--preset" "cinematic" "--out" "C:\Users\scott\soccer-video\out\atomic_clips\_quarantine\036__2025-09-20__TSC_vs_Greenwood__PRESSURE_SHOT__t3906000.00-t3942000.00.__CINEMATIC.mp4" "--clean-temp"
[WhatIf] not executed
"python" "C:\Users\scott\soccer-video\tools\render_follow_unified.py" "--in" "C:\Users\scott\soccer-video\out\atomic_clips\_quarantine\038__2025-09-20__TSC_vs_Greenwood__PRESSURE_SHOT__t4010400.00-t4086000.00.mp4" "--preset" "cinematic" "--out" "C:\Users\scott\soccer-video\out\atomic_clips\_quarantine\038__2025-09-20__TSC_vs_Greenwood__PRESSURE_SHOT__t4010400.00-t4086000.00.__CINEMATIC.mp4" "--clean-temp"
[WhatIf] not executed
"python" "C:\Users\scott\soccer-video\tools\render_follow_unified.py" "--in" "C:\Users\scott\soccer-video\out\atomic_clips\_quarantine\041__2025-09-20__TSC_vs_RVFC__CORNER__t3931200.00-t3967200.00.mp4" "--preset" "cinematic" "--out" "C:\Users\scott\soccer-video\out\atomic_clips\_quarantine\041__2025-09-20__TSC_vs_RVFC__CORNER__t3931200.00-t3967200.00.__CINEMATIC.mp4" "--clean-temp"
[WhatIf] not executed
"python" "C:\Users\scott\soccer-video\tools\render_follow_unified.py" "--in" "C:\Users\scott\soccer-video\out\atomic_clips\_quarantine\042__2025-09-20__TSC_vs_RVFC__CORNER__t3992400.00-t4057200.00.mp4" "--preset" "cinematic" "--out" "C:\Users\scott\soccer-video\out\atomic_clips\_quarantine\042__2025-09-20__TSC_vs_RVFC__CORNER__t3992400.00-t4057200.00.__CINEMATIC.mp4" "--clean-temp"
[WhatIf] not executed
"python" "C:\Users\scott\soccer-video\tools\render_follow_unified.py" "--in" "C:\Users\scott\soccer-video\out\atomic_clips\2025-09-13__TSC_vs_NEOFC\001__2025-09-13__TSC_vs_NEOFC__SHOT__t156-t166.mp4" "--preset" "cinematic" "--out" "C:\Users\scott\soccer-video\out\atomic_clips\2025-09-13__TSC_vs_NEOFC\001__2025-09-13__TSC_vs_NEOFC__SHOT__t156-t166.__CINEMATIC.mp4" "--clean-temp"
[WhatIf] not executed
"python" "C:\Users\scott\soccer-video\tools\render_follow_unified.py" "--in" "C:\Users\scott\soccer-video\out\atomic_clips\2025-09-13__TSC_vs_NEOFC\002__2025-09-13__TSC_vs_NEOFC__GOAL__t180.80-t191.20.__DEBUG_FINAL_portrait_FINAL.mp4" "--preset" "cinematic" "--out" "C:\Users\scott\soccer-video\out\atomic_clips\2025-09-13__TSC_vs_NEOFC\002__2025-09-13__TSC_vs_NEOFC__GOAL__t180.80-t191.20.__DEBUG_FINAL_portrait_FINAL.__CINEMATIC.mp4" "--clean-temp"
[WhatIf] not executed
"python" "C:\Users\scott\soccer-video\tools\render_follow_unified.py" "--in" "C:\Users\scott\soccer-video\out\atomic_clips\2025-09-13__TSC_vs_NEOFC\003__2025-09-13__TSC_vs_NEOFC__BUILD_UP__t224.80-t248.70.__DEBUG_FINAL_portrait_FINAL.mp4" "--preset" "cinematic" "--out" "C:\Users\scott\soccer-video\out\atomic_clips\2025-09-13__TSC_vs_NEOFC\003__2025-09-13__TSC_vs_NEOFC__BUILD_UP__t224.80-t248.70.__DEBUG_FINAL_portrait_FINAL.__CINEMATIC.mp4" "--clean-temp"
[WhatIf] not executed
"python" "C:\Users\scott\soccer-video\tools\render_follow_unified.py" "--in" "C:\Users\scott\soccer-video\out\atomic_clips\2025-09-13__TSC_vs_NEOFC\004__2025-09-13__TSC_vs_NEOFC__GOAL__t266.50-t283.10.__DEBUG_FINAL_portrait_FINAL.mp4" "--preset" "cinematic" "--out" "C:\Users\scott\soccer-video\out\atomic_clips\2025-09-13__TSC_vs_NEOFC\004__2025-09-13__TSC_vs_NEOFC__GOAL__t266.50-t283.10.__DEBUG_FINAL_portrait_FINAL.__CINEMATIC.mp4" "--clean-temp"
[WhatIf] not executed
"python" "C:\Users\scott\soccer-video\tools\render_follow_unified.py" "--in" "C:\Users\scott\soccer-video\out\atomic_clips\2025-09-13__TSC_vs_NEOFC\005__2025-09-13__TSC_vs_NEOFC__CORNER__t417.90-t431.60.__DEBUG_FINAL_portrait_FINAL.mp4" "--preset" "cinematic" "--out" "C:\Users\scott\soccer-video\out\atomic_clips\2025-09-13__TSC_vs_NEOFC\005__2025-09-13__TSC_vs_NEOFC__CORNER__t417.90-t431.60.__DEBUG_FINAL_portrait_FINAL.__CINEMATIC.mp4" "--clean-temp"
[WhatIf] not executed
"python" "C:\Users\scott\soccer-video\tools\render_follow_unified.py" "--in" "C:\Users\scott\soccer-video\out\atomic_clips\2025-09-13__TSC_vs_NEOFC\006__2025-09-13__TSC_vs_NEOFC__DEFENSE__t699.30-t711.50.__DEBUG_FINAL_portrait_FINAL.mp4" "--preset" "cinematic" "--out" "C:\Users\scott\soccer-video\out\atomic_clips\2025-09-13__TSC_vs_NEOFC\006__2025-09-13__TSC_vs_NEOFC__DEFENSE__t699.30-t711.50.__DEBUG_FINAL_portrait_FINAL.__CINEMATIC.mp4" "--clean-temp"
[WhatIf] not executed
"python" "C:\Users\scott\soccer-video\tools\render_follow_unified.py" "--in" "C:\Users\scott\soccer-video\out\atomic_clips\2025-09-13__TSC_vs_NEOFC\007__2025-09-13__TSC_vs_NEOFC__DRIBBLING__t982.00-t987.90_portrait_POST.mp4" "--preset" "cinematic" "--out" "C:\Users\scott\soccer-video\out\atomic_clips\2025-09-13__TSC_vs_NEOFC\007__2025-09-13__TSC_vs_NEOFC__DRIBBLING__t982.00-t987.90_portrait_POST.__CINEMATIC.mp4" "--clean-temp"
[WhatIf] not executed
"python" "C:\Users\scott\soccer-video\tools\render_follow_unified.py" "--in" "C:\Users\scott\soccer-video\out\atomic_clips\2025-09-13__TSC_vs_NEOFC\008__2025-09-13__TSC_vs_NEOFC__SHOT__t1247.80-t1259.20_portrait_POST.mp4" "--preset" "cinematic" "--out" "C:\Users\scott\soccer-video\out\atomic_clips\2025-09-13__TSC_vs_NEOFC\008__2025-09-13__TSC_vs_NEOFC__SHOT__t1247.80-t1259.20_portrait_POST.__CINEMATIC.mp4" "--clean-temp"
[WhatIf] not executed
"python" "C:\Users\scott\soccer-video\tools\render_follow_unified.py" "--in" "C:\Users\scott\soccer-video\out\atomic_clips\2025-09-13__TSC_vs_NEOFC\009__2025-09-13__TSC_vs_NEOFC__SHOT__t1420.40-t1438.20_portrait_POST.mp4" "--preset" "cinematic" "--out" "C:\Users\scott\soccer-video\out\atomic_clips\2025-09-13__TSC_vs_NEOFC\009__2025-09-13__TSC_vs_NEOFC__SHOT__t1420.40-t1438.20_portrait_POST.__CINEMATIC.mp4" "--clean-temp"
[WhatIf] not executed
"python" "C:\Users\scott\soccer-video\tools\render_follow_unified.py" "--in" "C:\Users\scott\soccer-video\out\atomic_clips\2025-09-13__TSC_vs_NEOFC\010__2025-09-13__TSC_vs_NEOFC__CROSS__t1541.10-t1547.90_portrait_POST.mp4" "--preset" "cinematic" "--out" "C:\Users\scott\soccer-video\out\atomic_clips\2025-09-13__TSC_vs_NEOFC\010__2025-09-13__TSC_vs_NEOFC__CROSS__t1541.10-t1547.90_portrait_POST.__CINEMATIC.mp4" "--clean-temp"
[WhatIf] not executed
"python" "C:\Users\scott\soccer-video\tools\render_follow_unified.py" "--in" "C:\Users\scott\soccer-video\out\atomic_clips\2025-09-13__TSC_vs_NEOFC\011__2025-09-13__TSC_vs_NEOFC__SHOTS__t1655.00-t1670.30_portrait_POST.mp4" "--preset" "cinematic" "--out" "C:\Users\scott\soccer-video\out\atomic_clips\2025-09-13__TSC_vs_NEOFC\011__2025-09-13__TSC_vs_NEOFC__SHOTS__t1655.00-t1670.30_portrait_POST.__CINEMATIC.mp4" "--clean-temp"
[WhatIf] not executed
"python" "C:\Users\scott\soccer-video\tools\render_follow_unified.py" "--in" "C:\Users\scott\soccer-video\out\atomic_clips\2025-09-13__TSC_vs_NEOFC\012__2025-09-13__TSC_vs_NEOFC__GOAL__t1705.20-t1708.50_portrait_POST.mp4" "--preset" "cinematic" "--out" "C:\Users\scott\soccer-video\out\atomic_clips\2025-09-13__TSC_vs_NEOFC\012__2025-09-13__TSC_vs_NEOFC__GOAL__t1705.20-t1708.50_portrait_POST.__CINEMATIC.mp4" "--clean-temp"
[WhatIf] not executed
"python" "C:\Users\scott\soccer-video\tools\render_follow_unified.py" "--in" "C:\Users\scott\soccer-video\out\atomic_clips\2025-09-13__TSC_vs_NEOFC\013__2025-09-13__TSC_vs_NEOFC__GOAL__t1767.50-t1772.60_portrait_POST.mp4" "--preset" "cinematic" "--out" "C:\Users\scott\soccer-video\out\atomic_clips\2025-09-13__TSC_vs_NEOFC\013__2025-09-13__TSC_vs_NEOFC__GOAL__t1767.50-t1772.60_portrait_POST.__CINEMATIC.mp4" "--clean-temp"
[WhatIf] not executed
"python" "C:\Users\scott\soccer-video\tools\render_follow_unified.py" "--in" "C:\Users\scott\soccer-video\out\atomic_clips\2025-09-13__TSC_vs_NEOFC\014__2025-09-13__TSC_vs_NEOFC__GOAL__t1904.20-t1925.20_portrait_POST.mp4" "--preset" "cinematic" "--out" "C:\Users\scott\soccer-video\out\atomic_clips\2025-09-13__TSC_vs_NEOFC\014__2025-09-13__TSC_vs_NEOFC__GOAL__t1904.20-t1925.20_portrait_POST.__CINEMATIC.mp4" "--clean-temp"
[WhatIf] not executed
"python" "C:\Users\scott\soccer-video\tools\render_follow_unified.py" "--in" "C:\Users\scott\soccer-video\out\atomic_clips\2025-09-13__TSC_vs_NEOFC\015__2025-09-13__TSC_vs_NEOFC__DRIBBLING__t1972.50-t1980.70_portrait_POST.mp4" "--preset" "cinematic" "--out" "C:\Users\scott\soccer-video\out\atomic_clips\2025-09-13__TSC_vs_NEOFC\015__2025-09-13__TSC_vs_NEOFC__DRIBBLING__t1972.50-t1980.70_portrait_POST.__CINEMATIC.mp4" "--clean-temp"
[WhatIf] not executed
"python" "C:\Users\scott\soccer-video\tools\render_follow_unified.py" "--in" "C:\Users\scott\soccer-video\out\atomic_clips\2025-09-13__TSC_vs_NEOFC\016__2025-09-13__TSC_vs_NEOFC__SHOT__t2029.90-t2039.50_portrait_POST.mp4" "--preset" "cinematic" "--out" "C:\Users\scott\soccer-video\out\atomic_clips\2025-09-13__TSC_vs_NEOFC\016__2025-09-13__TSC_vs_NEOFC__SHOT__t2029.90-t2039.50_portrait_POST.__CINEMATIC.mp4" "--clean-temp"
[WhatIf] not executed
"python" "C:\Users\scott\soccer-video\tools\render_follow_unified.py" "--in" "C:\Users\scott\soccer-video\out\atomic_clips\2025-09-13__TSC_vs_NEOFC\017__2025-09-13__TSC_vs_NEOFC__SHOT__t2284.90-t2298.20_portrait_POST.mp4" "--preset" "cinematic" "--out" "C:\Users\scott\soccer-video\out\atomic_clips\2025-09-13__TSC_vs_NEOFC\017__2025-09-13__TSC_vs_NEOFC__SHOT__t2284.90-t2298.20_portrait_POST.__CINEMATIC.mp4" "--clean-temp"
[WhatIf] not executed
"python" "C:\Users\scott\soccer-video\tools\render_follow_unified.py" "--in" "C:\Users\scott\soccer-video\out\atomic_clips\2025-09-13__TSC_vs_NEOFC\018__2025-09-13__TSC_vs_NEOFC__SHOT__t2419.50-t2425.60_portrait_POST.mp4" "--preset" "cinematic" "--out" "C:\Users\scott\soccer-video\out\atomic_clips\2025-09-13__TSC_vs_NEOFC\018__2025-09-13__TSC_vs_NEOFC__SHOT__t2419.50-t2425.60_portrait_POST.__CINEMATIC.mp4" "--clean-temp"
[WhatIf] not executed
"python" "C:\Users\scott\soccer-video\tools\render_follow_unified.py" "--in" "C:\Users\scott\soccer-video\out\atomic_clips\2025-09-13__TSC_vs_NEOFC\019__2025-09-13__TSC_vs_NEOFC__SHOT__t2633.00-t2638.10_portrait_POST.mp4" "--preset" "cinematic" "--out" "C:\Users\scott\soccer-video\out\atomic_clips\2025-09-13__TSC_vs_NEOFC\019__2025-09-13__TSC_vs_NEOFC__SHOT__t2633.00-t2638.10_portrait_POST.__CINEMATIC.mp4" "--clean-temp"
[WhatIf] not executed
"python" "C:\Users\scott\soccer-video\tools\render_follow_unified.py" "--in" "C:\Users\scott\soccer-video\out\atomic_clips\2025-09-13__TSC_vs_NEOFC\020__2025-09-13__TSC_vs_NEOFC__GOAL__t2816.60-t2831.80_portrait_POST.mp4" "--preset" "cinematic" "--out" "C:\Users\scott\soccer-video\out\atomic_clips\2025-09-13__TSC_vs_NEOFC\020__2025-09-13__TSC_vs_NEOFC__GOAL__t2816.60-t2831.80_portrait_POST.__CINEMATIC.mp4" "--clean-temp"
[WhatIf] not executed
"python" "C:\Users\scott\soccer-video\tools\render_follow_unified.py" "--in" "C:\Users\scott\soccer-video\out\atomic_clips\2025-09-13__TSC_vs_NEOFC\021__2025-09-13__TSC_vs_NEOFC__SHOT__t2860.70-t2873.00_portrait_POST.mp4" "--preset" "cinematic" "--out" "C:\Users\scott\soccer-video\out\atomic_clips\2025-09-13__TSC_vs_NEOFC\021__2025-09-13__TSC_vs_NEOFC__SHOT__t2860.70-t2873.00_portrait_POST.__CINEMATIC.mp4" "--clean-temp"
[WhatIf] not executed
"python" "C:\Users\scott\soccer-video\tools\render_follow_unified.py" "--in" "C:\Users\scott\soccer-video\out\atomic_clips\2025-09-13__TSC_vs_NEOFC\023__2025-09-13__TSC_vs_NEOFC__SHOT__t3098.90-t3108.80_portrait_POST.mp4" "--preset" "cinematic" "--out" "C:\Users\scott\soccer-video\out\atomic_clips\2025-09-13__TSC_vs_NEOFC\023__2025-09-13__TSC_vs_NEOFC__SHOT__t3098.90-t3108.80_portrait_POST.__CINEMATIC.mp4" "--clean-temp"
[WhatIf] not executed
"python" "C:\Users\scott\soccer-video\tools\render_follow_unified.py" "--in" "C:\Users\scott\soccer-video\out\atomic_clips\2025-09-13__TSC_vs_NEOFC\030__2025-09-13__TSC_vs_NEOFC__2025-10-04__TSC_vs_FC_Tulsa_Black__BUILD_UP_SHOT__t1705-t1721.mp4" "--preset" "cinematic" "--out" "C:\Users\scott\soccer-video\out\atomic_clips\2025-09-13__TSC_vs_NEOFC\030__2025-09-13__TSC_vs_NEOFC__2025-10-04__TSC_vs_FC_Tulsa_Black__BUILD_UP_SHOT__t1705-t1721.__CINEMATIC.mp4" "--clean-temp"
[WhatIf] not executed
"python" "C:\Users\scott\soccer-video\tools\render_follow_unified.py" "--in" "C:\Users\scott\soccer-video\out\atomic_clips\2025-09-13__TSC_vs_NEOFC\115__2025-09-13__TSC_vs_NEOFC__SHOT__t155.5-t166.4.mp4" "--preset" "cinematic" "--out" "C:\Users\scott\soccer-video\out\atomic_clips\2025-09-13__TSC_vs_NEOFC\115__2025-09-13__TSC_vs_NEOFC__SHOT__t155.5-t166.4.__CINEMATIC.mp4" "--clean-temp"
[WhatIf] not executed
"python" "C:\Users\scott\soccer-video\tools\render_follow_unified.py" "--in" "C:\Users\scott\soccer-video\out\atomic_clips\2025-09-20__TSC_vs_Greenwood\001__2025-09-20__TSC_vs_Greenwood__BUILD_UP_PLAY_SHOT__t18900.00-t20340.00.mp4" "--preset" "cinematic" "--out" "C:\Users\scott\soccer-video\out\atomic_clips\2025-09-20__TSC_vs_Greenwood\001__2025-09-20__TSC_vs_Greenwood__BUILD_UP_PLAY_SHOT__t18900.00-t20340.00.__CINEMATIC.mp4" "--clean-temp"
[WhatIf] not executed
"python" "C:\Users\scott\soccer-video\tools\render_follow_unified.py" "--in" "C:\Users\scott\soccer-video\out\atomic_clips\2025-09-20__TSC_vs_Greenwood\002__2025-09-20__TSC_vs_Greenwood__GOAL__t20400.00-t21180.00.mp4" "--preset" "cinematic" "--out" "C:\Users\scott\soccer-video\out\atomic_clips\2025-09-20__TSC_vs_Greenwood\002__2025-09-20__TSC_vs_Greenwood__GOAL__t20400.00-t21180.00.__CINEMATIC.mp4" "--clean-temp"
[WhatIf] not executed
"python" "C:\Users\scott\soccer-video\tools\render_follow_unified.py" "--in" "C:\Users\scott\soccer-video\out\atomic_clips\2025-09-20__TSC_vs_Greenwood\021__2025-09-20__TSC_vs_Greenwood__BUILD_UP_PLAY_SHOT__t1437.00-t1472.00_portrait_POST.mp4" "--preset" "cinematic" "--out" "C:\Users\scott\soccer-video\out\atomic_clips\2025-09-20__TSC_vs_Greenwood\021__2025-09-20__TSC_vs_Greenwood__BUILD_UP_PLAY_SHOT__t1437.00-t1472.00_portrait_POST.__CINEMATIC.mp4" "--clean-temp"
[WhatIf] not executed
"python" "C:\Users\scott\soccer-video\tools\render_follow_unified.py" "--in" "C:\Users\scott\soccer-video\out\atomic_clips\2025-09-20__TSC_vs_Greenwood\022__2025-09-20__TSC_vs_Greenwood__GOAL__t1578.00-t1586.00_portrait_POST.mp4" "--preset" "cinematic" "--out" "C:\Users\scott\soccer-video\out\atomic_clips\2025-09-20__TSC_vs_Greenwood\022__2025-09-20__TSC_vs_Greenwood__GOAL__t1578.00-t1586.00_portrait_POST.__CINEMATIC.mp4" "--clean-temp"
[WhatIf] not executed
"python" "C:\Users\scott\soccer-video\tools\render_follow_unified.py" "--in" "C:\Users\scott\soccer-video\out\atomic_clips\2025-09-20__TSC_vs_Greenwood\023__2025-09-20__TSC_vs_Greenwood__BUILD_UP_PLAY_SHOT__t1711.00-t1722.00_portrait_POST.mp4" "--preset" "cinematic" "--out" "C:\Users\scott\soccer-video\out\atomic_clips\2025-09-20__TSC_vs_Greenwood\023__2025-09-20__TSC_vs_Greenwood__BUILD_UP_PLAY_SHOT__t1711.00-t1722.00_portrait_POST.__CINEMATIC.mp4" "--clean-temp"
[WhatIf] not executed
"python" "C:\Users\scott\soccer-video\tools\render_follow_unified.py" "--in" "C:\Users\scott\soccer-video\out\atomic_clips\2025-09-20__TSC_vs_Greenwood\024__2025-09-20__TSC_vs_Greenwood__PRESSURE_SHOT__t1871.00-t1881.00_portrait_POST.mp4" "--preset" "cinematic" "--out" "C:\Users\scott\soccer-video\out\atomic_clips\2025-09-20__TSC_vs_Greenwood\024__2025-09-20__TSC_vs_Greenwood__PRESSURE_SHOT__t1871.00-t1881.00_portrait_POST.__CINEMATIC.mp4" "--clean-temp"
[WhatIf] not executed
"python" "C:\Users\scott\soccer-video\tools\render_follow_unified.py" "--in" "C:\Users\scott\soccer-video\out\atomic_clips\2025-09-20__TSC_vs_Greenwood\024__2025-09-20__TSC_vs_Greenwood__PRESSURE_SHOT__t2718000.00-t2754000.00.mp4" "--preset" "cinematic" "--out" "C:\Users\scott\soccer-video\out\atomic_clips\2025-09-20__TSC_vs_Greenwood\024__2025-09-20__TSC_vs_Greenwood__PRESSURE_SHOT__t2718000.00-t2754000.00.__CINEMATIC.mp4" "--clean-temp"
[WhatIf] not executed
"python" "C:\Users\scott\soccer-video\tools\render_follow_unified.py" "--in" "C:\Users\scott\soccer-video\out\atomic_clips\2025-09-20__TSC_vs_Greenwood\025__2025-09-20__TSC_vs_Greenwood__GOAL__t1885.00-t1895.00_portrait_POST.mp4" "--preset" "cinematic" "--out" "C:\Users\scott\soccer-video\out\atomic_clips\2025-09-20__TSC_vs_Greenwood\025__2025-09-20__TSC_vs_Greenwood__GOAL__t1885.00-t1895.00_portrait_POST.__CINEMATIC.mp4" "--clean-temp"
[WhatIf] not executed
"python" "C:\Users\scott\soccer-video\tools\render_follow_unified.py" "--in" "C:\Users\scott\soccer-video\out\atomic_clips\2025-09-20__TSC_vs_Greenwood\026__2025-09-20__TSC_vs_Greenwood__PRESSURE_SHOT__t1951.00-t1962.00_portrait_POST.mp4" "--preset" "cinematic" "--out" "C:\Users\scott\soccer-video\out\atomic_clips\2025-09-20__TSC_vs_Greenwood\026__2025-09-20__TSC_vs_Greenwood__PRESSURE_SHOT__t1951.00-t1962.00_portrait_POST.__CINEMATIC.mp4" "--clean-temp"
[WhatIf] not executed
"python" "C:\Users\scott\soccer-video\tools\render_follow_unified.py" "--in" "C:\Users\scott\soccer-video\out\atomic_clips\2025-09-20__TSC_vs_Greenwood\027__2025-09-20__TSC_vs_Greenwood__BUILD_UP_PLAY_SHOT__t2040.00-t2058.00_portrait_POST.mp4" "--preset" "cinematic" "--out" "C:\Users\scott\soccer-video\out\atomic_clips\2025-09-20__TSC_vs_Greenwood\027__2025-09-20__TSC_vs_Greenwood__BUILD_UP_PLAY_SHOT__t2040.00-t2058.00_portrait_POST.__CINEMATIC.mp4" "--clean-temp"
[WhatIf] not executed
"python" "C:\Users\scott\soccer-video\tools\render_follow_unified.py" "--in" "C:\Users\scott\soccer-video\out\atomic_clips\2025-09-20__TSC_vs_Greenwood\027__2025-09-20__TSC_vs_Greenwood__BUILD_UP_PLAY_SHOT__t2937600.00-t3002400.00.mp4" "--preset" "cinematic" "--out" "C:\Users\scott\soccer-video\out\atomic_clips\2025-09-20__TSC_vs_Greenwood\027__2025-09-20__TSC_vs_Greenwood__BUILD_UP_PLAY_SHOT__t2937600.00-t3002400.00.__CINEMATIC.mp4" "--clean-temp"
[WhatIf] not executed
"python" "C:\Users\scott\soccer-video\tools\render_follow_unified.py" "--in" "C:\Users\scott\soccer-video\out\atomic_clips\2025-09-20__TSC_vs_Greenwood\028__2025-09-20__TSC_vs_Greenwood__BUILD_UP_PLAY_SHOT__t2092.00-t2105.00_portrait_POST.mp4" "--preset" "cinematic" "--out" "C:\Users\scott\soccer-video\out\atomic_clips\2025-09-20__TSC_vs_Greenwood\028__2025-09-20__TSC_vs_Greenwood__BUILD_UP_PLAY_SHOT__t2092.00-t2105.00_portrait_POST.__CINEMATIC.mp4" "--clean-temp"
[WhatIf] not executed
"python" "C:\Users\scott\soccer-video\tools\render_follow_unified.py" "--in" "C:\Users\scott\soccer-video\out\atomic_clips\2025-09-20__TSC_vs_Greenwood\029__2025-09-20__TSC_vs_Greenwood__BUILD_UP_PLAY_SHOT__t2134.00-t2152.00_portrait_POST.mp4" "--preset" "cinematic" "--out" "C:\Users\scott\soccer-video\out\atomic_clips\2025-09-20__TSC_vs_Greenwood\029__2025-09-20__TSC_vs_Greenwood__BUILD_UP_PLAY_SHOT__t2134.00-t2152.00_portrait_POST.__CINEMATIC.mp4" "--clean-temp"
[WhatIf] not executed
"python" "C:\Users\scott\soccer-video\tools\render_follow_unified.py" "--in" "C:\Users\scott\soccer-video\out\atomic_clips\2025-09-20__TSC_vs_Greenwood\030__2025-09-20__TSC_vs_Greenwood__FREE_KICK_WON_GOAL__t2175.00-t2211.00_portrait_POST.mp4" "--preset" "cinematic" "--out" "C:\Users\scott\soccer-video\out\atomic_clips\2025-09-20__TSC_vs_Greenwood\030__2025-09-20__TSC_vs_Greenwood__FREE_KICK_WON_GOAL__t2175.00-t2211.00_portrait_POST.__CINEMATIC.mp4" "--clean-temp"
[WhatIf] not executed
"python" "C:\Users\scott\soccer-video\tools\render_follow_unified.py" "--in" "C:\Users\scott\soccer-video\out\atomic_clips\2025-09-20__TSC_vs_Greenwood\031__2025-09-20__TSC_vs_Greenwood__BUILD_UP_PLAY_SHOT__t2245.00-t2266.00_portrait_POST.mp4" "--preset" "cinematic" "--out" "C:\Users\scott\soccer-video\out\atomic_clips\2025-09-20__TSC_vs_Greenwood\031__2025-09-20__TSC_vs_Greenwood__BUILD_UP_PLAY_SHOT__t2245.00-t2266.00_portrait_POST.__CINEMATIC.mp4" "--clean-temp"
[WhatIf] not executed
"python" "C:\Users\scott\soccer-video\tools\render_follow_unified.py" "--in" "C:\Users\scott\soccer-video\out\atomic_clips\2025-09-20__TSC_vs_Greenwood\032__2025-09-20__TSC_vs_Greenwood__BUILD_UP_PLAY_SHOT__t2544.00-t2561.00_portrait_POST.mp4" "--preset" "cinematic" "--out" "C:\Users\scott\soccer-video\out\atomic_clips\2025-09-20__TSC_vs_Greenwood\032__2025-09-20__TSC_vs_Greenwood__BUILD_UP_PLAY_SHOT__t2544.00-t2561.00_portrait_POST.__CINEMATIC.mp4" "--clean-temp"
[WhatIf] not executed
"python" "C:\Users\scott\soccer-video\tools\render_follow_unified.py" "--in" "C:\Users\scott\soccer-video\out\atomic_clips\2025-09-20__TSC_vs_Greenwood\033__2025-09-20__TSC_vs_Greenwood__GOAL__t2562.00-t2582.00_portrait_POST.mp4" "--preset" "cinematic" "--out" "C:\Users\scott\soccer-video\out\atomic_clips\2025-09-20__TSC_vs_Greenwood\033__2025-09-20__TSC_vs_Greenwood__GOAL__t2562.00-t2582.00_portrait_POST.__CINEMATIC.mp4" "--clean-temp"
[WhatIf] not executed
"python" "C:\Users\scott\soccer-video\tools\render_follow_unified.py" "--in" "C:\Users\scott\soccer-video\out\atomic_clips\2025-09-20__TSC_vs_Greenwood\034__2025-09-20__TSC_vs_Greenwood__PRESSURE_SHOT__t2646.00-t2665.00_portrait_POST.mp4" "--preset" "cinematic" "--out" "C:\Users\scott\soccer-video\out\atomic_clips\2025-09-20__TSC_vs_Greenwood\034__2025-09-20__TSC_vs_Greenwood__PRESSURE_SHOT__t2646.00-t2665.00_portrait_POST.__CINEMATIC.mp4" "--clean-temp"
[WhatIf] not executed
"python" "C:\Users\scott\soccer-video\tools\render_follow_unified.py" "--in" "C:\Users\scott\soccer-video\out\atomic_clips\2025-09-20__TSC_vs_Greenwood\035__2025-09-20__TSC_vs_Greenwood__CORNER__t2687.00-t2701.00_portrait_POST.mp4" "--preset" "cinematic" "--out" "C:\Users\scott\soccer-video\out\atomic_clips\2025-09-20__TSC_vs_Greenwood\035__2025-09-20__TSC_vs_Greenwood__CORNER__t2687.00-t2701.00_portrait_POST.__CINEMATIC.mp4" "--clean-temp"
[WhatIf] not executed
"python" "C:\Users\scott\soccer-video\tools\render_follow_unified.py" "--in" "C:\Users\scott\soccer-video\out\atomic_clips\2025-09-20__TSC_vs_Greenwood\036__2025-09-20__TSC_vs_Greenwood__PRESSURE_SHOT__t2705.00-t2715.00_portrait_POST.mp4" "--preset" "cinematic" "--out" "C:\Users\scott\soccer-video\out\atomic_clips\2025-09-20__TSC_vs_Greenwood\036__2025-09-20__TSC_vs_Greenwood__PRESSURE_SHOT__t2705.00-t2715.00_portrait_POST.__CINEMATIC.mp4" "--clean-temp"
[WhatIf] not executed
"python" "C:\Users\scott\soccer-video\tools\render_follow_unified.py" "--in" "C:\Users\scott\soccer-video\out\atomic_clips\2025-09-20__TSC_vs_Greenwood\037__2025-09-20__TSC_vs_Greenwood__PRESSURE_GOAL__t2729.00-t2749.00_portrait_POST.mp4" "--preset" "cinematic" "--out" "C:\Users\scott\soccer-video\out\atomic_clips\2025-09-20__TSC_vs_Greenwood\037__2025-09-20__TSC_vs_Greenwood__PRESSURE_GOAL__t2729.00-t2749.00_portrait_POST.__CINEMATIC.mp4" "--clean-temp"
[WhatIf] not executed
"python" "C:\Users\scott\soccer-video\tools\render_follow_unified.py" "--in" "C:\Users\scott\soccer-video\out\atomic_clips\2025-09-20__TSC_vs_Greenwood\038__2025-09-20__TSC_vs_Greenwood__PRESSURE_SHOT__t2770.00-t2827.00_portrait_POST.mp4" "--preset" "cinematic" "--out" "C:\Users\scott\soccer-video\out\atomic_clips\2025-09-20__TSC_vs_Greenwood\038__2025-09-20__TSC_vs_Greenwood__PRESSURE_SHOT__t2770.00-t2827.00_portrait_POST.__CINEMATIC.mp4" "--clean-temp"
[WhatIf] not executed
"python" "C:\Users\scott\soccer-video\tools\render_follow_unified.py" "--in" "C:\Users\scott\soccer-video\out\atomic_clips\2025-09-20__TSC_vs_Greenwood\039__2025-09-20__TSC_vs_Greenwood__BUILD_UP_PLAY_SHOT__t2894.00-t2914.00_portrait_POST.mp4" "--preset" "cinematic" "--out" "C:\Users\scott\soccer-video\out\atomic_clips\2025-09-20__TSC_vs_Greenwood\039__2025-09-20__TSC_vs_Greenwood__BUILD_UP_PLAY_SHOT__t2894.00-t2914.00_portrait_POST.__CINEMATIC.mp4" "--clean-temp"
[WhatIf] not executed
"python" "C:\Users\scott\soccer-video\tools\render_follow_unified.py" "--in" "C:\Users\scott\soccer-video\out\atomic_clips\2025-09-20__TSC_vs_RVFC\001__2025-09-20__TSC_vs_RVFC__SHOT__t7320.00-t7860.00.mp4" "--preset" "cinematic" "--out" "C:\Users\scott\soccer-video\out\atomic_clips\2025-09-20__TSC_vs_RVFC\001__2025-09-20__TSC_vs_RVFC__SHOT__t7320.00-t7860.00.__CINEMATIC.mp4" "--clean-temp"
[WhatIf] not executed
"python" "C:\Users\scott\soccer-video\tools\render_follow_unified.py" "--in" "C:\Users\scott\soccer-video\out\atomic_clips\2025-09-20__TSC_vs_RVFC\002__2025-09-20__TSC_vs_RVFC__PRESSURE_SHOT__t7920.00-t8880.00.mp4" "--preset" "cinematic" "--out" "C:\Users\scott\soccer-video\out\atomic_clips\2025-09-20__TSC_vs_RVFC\002__2025-09-20__TSC_vs_RVFC__PRESSURE_SHOT__t7920.00-t8880.00.__CINEMATIC.mp4" "--clean-temp"
[WhatIf] not executed
"python" "C:\Users\scott\soccer-video\tools\render_follow_unified.py" "--in" "C:\Users\scott\soccer-video\out\atomic_clips\2025-09-20__TSC_vs_RVFC\003__2025-09-20__TSC_vs_RVFC__PRESSURE_SHOT__t15480.00-t16260.00.mp4" "--preset" "cinematic" "--out" "C:\Users\scott\soccer-video\out\atomic_clips\2025-09-20__TSC_vs_RVFC\003__2025-09-20__TSC_vs_RVFC__PRESSURE_SHOT__t15480.00-t16260.00.__CINEMATIC.mp4" "--clean-temp"
[WhatIf] not executed
"python" "C:\Users\scott\soccer-video\tools\render_follow_unified.py" "--in" "C:\Users\scott\soccer-video\out\atomic_clips\2025-09-20__TSC_vs_RVFC\004__2025-09-20__TSC_vs_RVFC__PRESSURE_GOAL__t17880.00-t18720.00.mp4" "--preset" "cinematic" "--out" "C:\Users\scott\soccer-video\out\atomic_clips\2025-09-20__TSC_vs_RVFC\004__2025-09-20__TSC_vs_RVFC__PRESSURE_GOAL__t17880.00-t18720.00.__CINEMATIC.mp4" "--clean-temp"
[WhatIf] not executed
"python" "C:\Users\scott\soccer-video\tools\render_follow_unified.py" "--in" "C:\Users\scott\soccer-video\out\atomic_clips\2025-09-20__TSC_vs_RVFC\005__2025-09-20__TSC_vs_RVFC__BUILD_UP_PLAY_SHOT__t21000.00-t22020.00.mp4" "--preset" "cinematic" "--out" "C:\Users\scott\soccer-video\out\atomic_clips\2025-09-20__TSC_vs_RVFC\005__2025-09-20__TSC_vs_RVFC__BUILD_UP_PLAY_SHOT__t21000.00-t22020.00.__CINEMATIC.mp4" "--clean-temp"
[WhatIf] not executed
"python" "C:\Users\scott\soccer-video\tools\render_follow_unified.py" "--in" "C:\Users\scott\soccer-video\out\atomic_clips\2025-09-20__TSC_vs_RVFC\025__2025-09-20__TSC_vs_RVFC__PRESSURE_GOAL__t1512.00-t1520.00_portrait_POST.mp4" "--preset" "cinematic" "--out" "C:\Users\scott\soccer-video\out\atomic_clips\2025-09-20__TSC_vs_RVFC\025__2025-09-20__TSC_vs_RVFC__PRESSURE_GOAL__t1512.00-t1520.00_portrait_POST.__CINEMATIC.mp4" "--clean-temp"
[WhatIf] not executed
"python" "C:\Users\scott\soccer-video\tools\render_follow_unified.py" "--in" "C:\Users\scott\soccer-video\out\atomic_clips\2025-09-20__TSC_vs_RVFC\025__2025-09-20__TSC_vs_RVFC__PRESSURE_GOAL__t2203200.00-t2232000.00.mp4" "--preset" "cinematic" "--out" "C:\Users\scott\soccer-video\out\atomic_clips\2025-09-20__TSC_vs_RVFC\025__2025-09-20__TSC_vs_RVFC__PRESSURE_GOAL__t2203200.00-t2232000.00.__CINEMATIC.mp4" "--clean-temp"
[WhatIf] not executed
"python" "C:\Users\scott\soccer-video\tools\render_follow_unified.py" "--in" "C:\Users\scott\soccer-video\out\atomic_clips\2025-09-20__TSC_vs_RVFC\026__2025-09-20__TSC_vs_RVFC__DRIBBLING_SHOT__t1800.00-t1810.00_portrait_POST.mp4" "--preset" "cinematic" "--out" "C:\Users\scott\soccer-video\out\atomic_clips\2025-09-20__TSC_vs_RVFC\026__2025-09-20__TSC_vs_RVFC__DRIBBLING_SHOT__t1800.00-t1810.00_portrait_POST.__CINEMATIC.mp4" "--clean-temp"
[WhatIf] not executed
"python" "C:\Users\scott\soccer-video\tools\render_follow_unified.py" "--in" "C:\Users\scott\soccer-video\out\atomic_clips\2025-09-20__TSC_vs_RVFC\026__2025-09-20__TSC_vs_RVFC__DRIBBLING_SHOT__t2592000.00-t2628000.00.mp4" "--preset" "cinematic" "--out" "C:\Users\scott\soccer-video\out\atomic_clips\2025-09-20__TSC_vs_RVFC\026__2025-09-20__TSC_vs_RVFC__DRIBBLING_SHOT__t2592000.00-t2628000.00.__CINEMATIC.mp4" "--clean-temp"
[WhatIf] not executed
"python" "C:\Users\scott\soccer-video\tools\render_follow_unified.py" "--in" "C:\Users\scott\soccer-video\out\atomic_clips\2025-09-20__TSC_vs_RVFC\027__2025-09-20__TSC_vs_RVFC__SHOT__t1827.00-t1834.00_portrait_POST.mp4" "--preset" "cinematic" "--out" "C:\Users\scott\soccer-video\out\atomic_clips\2025-09-20__TSC_vs_RVFC\027__2025-09-20__TSC_vs_RVFC__SHOT__t1827.00-t1834.00_portrait_POST.__CINEMATIC.mp4" "--clean-temp"
[WhatIf] not executed
"python" "C:\Users\scott\soccer-video\tools\render_follow_unified.py" "--in" "C:\Users\scott\soccer-video\out\atomic_clips\2025-09-20__TSC_vs_RVFC\028__2025-09-20__TSC_vs_RVFC__CORNER__t1852.00-t1875.00_portrait_POST.mp4" "--preset" "cinematic" "--out" "C:\Users\scott\soccer-video\out\atomic_clips\2025-09-20__TSC_vs_RVFC\028__2025-09-20__TSC_vs_RVFC__CORNER__t1852.00-t1875.00_portrait_POST.__CINEMATIC.mp4" "--clean-temp"
[WhatIf] not executed
"python" "C:\Users\scott\soccer-video\tools\render_follow_unified.py" "--in" "C:\Users\scott\soccer-video\out\atomic_clips\2025-09-20__TSC_vs_RVFC\029__2025-09-20__TSC_vs_RVFC__PRESSURE_SHOT__t1883.00-t1893.00_portrait_POST.mp4" "--preset" "cinematic" "--out" "C:\Users\scott\soccer-video\out\atomic_clips\2025-09-20__TSC_vs_RVFC\029__2025-09-20__TSC_vs_RVFC__PRESSURE_SHOT__t1883.00-t1893.00_portrait_POST.__CINEMATIC.mp4" "--clean-temp"
[WhatIf] not executed
"python" "C:\Users\scott\soccer-video\tools\render_follow_unified.py" "--in" "C:\Users\scott\soccer-video\out\atomic_clips\2025-09-20__TSC_vs_RVFC\030__2025-09-20__TSC_vs_RVFC__PRESSURE_SHOT__t1898.00-t1911.00_portrait_POST.mp4" "--preset" "cinematic" "--out" "C:\Users\scott\soccer-video\out\atomic_clips\2025-09-20__TSC_vs_RVFC\030__2025-09-20__TSC_vs_RVFC__PRESSURE_SHOT__t1898.00-t1911.00_portrait_POST.__CINEMATIC.mp4" "--clean-temp"
[WhatIf] not executed
"python" "C:\Users\scott\soccer-video\tools\render_follow_unified.py" "--in" "C:\Users\scott\soccer-video\out\atomic_clips\2025-09-20__TSC_vs_RVFC\031__2025-09-20__TSC_vs_RVFC__PRESSURE_SHOT__t1964.00-t1975.00_portrait_POST.mp4" "--preset" "cinematic" "--out" "C:\Users\scott\soccer-video\out\atomic_clips\2025-09-20__TSC_vs_RVFC\031__2025-09-20__TSC_vs_RVFC__PRESSURE_SHOT__t1964.00-t1975.00_portrait_POST.__CINEMATIC.mp4" "--clean-temp"
[WhatIf] not executed
"python" "C:\Users\scott\soccer-video\tools\render_follow_unified.py" "--in" "C:\Users\scott\soccer-video\out\atomic_clips\2025-09-20__TSC_vs_RVFC\032__2025-09-20__TSC_vs_RVFC__BUILD_UP_PLAY_SHOT__t2034.00-t2057.00_portrait_POST.mp4" "--preset" "cinematic" "--out" "C:\Users\scott\soccer-video\out\atomic_clips\2025-09-20__TSC_vs_RVFC\032__2025-09-20__TSC_vs_RVFC__BUILD_UP_PLAY_SHOT__t2034.00-t2057.00_portrait_POST.__CINEMATIC.mp4" "--clean-temp"
[WhatIf] not executed
"python" "C:\Users\scott\soccer-video\tools\render_follow_unified.py" "--in" "C:\Users\scott\soccer-video\out\atomic_clips\2025-09-20__TSC_vs_RVFC\033__2025-09-20__TSC_vs_RVFC__BUILD_UP_PLAY_SHOT__t2131.00-t2150.00_portrait_POST.mp4" "--preset" "cinematic" "--out" "C:\Users\scott\soccer-video\out\atomic_clips\2025-09-20__TSC_vs_RVFC\033__2025-09-20__TSC_vs_RVFC__BUILD_UP_PLAY_SHOT__t2131.00-t2150.00_portrait_POST.__CINEMATIC.mp4" "--clean-temp"
[WhatIf] not executed
"python" "C:\Users\scott\soccer-video\tools\render_follow_unified.py" "--in" "C:\Users\scott\soccer-video\out\atomic_clips\2025-09-20__TSC_vs_RVFC\034__2025-09-20__TSC_vs_RVFC__PRESSURE_GOAL__t2158.00-t2169.00_portrait_POST.mp4" "--preset" "cinematic" "--out" "C:\Users\scott\soccer-video\out\atomic_clips\2025-09-20__TSC_vs_RVFC\034__2025-09-20__TSC_vs_RVFC__PRESSURE_GOAL__t2158.00-t2169.00_portrait_POST.__CINEMATIC.mp4" "--clean-temp"
[WhatIf] not executed
"python" "C:\Users\scott\soccer-video\tools\render_follow_unified.py" "--in" "C:\Users\scott\soccer-video\out\atomic_clips\2025-09-20__TSC_vs_RVFC\035__2025-09-20__TSC_vs_RVFC__BUILD_UP_PLAY_SHOT__t2297.00-t2312.00_portrait_POST.mp4" "--preset" "cinematic" "--out" "C:\Users\scott\soccer-video\out\atomic_clips\2025-09-20__TSC_vs_RVFC\035__2025-09-20__TSC_vs_RVFC__BUILD_UP_PLAY_SHOT__t2297.00-t2312.00_portrait_POST.__CINEMATIC.mp4" "--clean-temp"
[WhatIf] not executed
"python" "C:\Users\scott\soccer-video\tools\render_follow_unified.py" "--in" "C:\Users\scott\soccer-video\out\atomic_clips\2025-09-20__TSC_vs_RVFC\036__2025-09-20__TSC_vs_RVFC__PRESSURE_GOAL__t2348.00-t2367.00_portrait_POST.mp4" "--preset" "cinematic" "--out" "C:\Users\scott\soccer-video\out\atomic_clips\2025-09-20__TSC_vs_RVFC\036__2025-09-20__TSC_vs_RVFC__PRESSURE_GOAL__t2348.00-t2367.00_portrait_POST.__CINEMATIC.mp4" "--clean-temp"
[WhatIf] not executed
"python" "C:\Users\scott\soccer-video\tools\render_follow_unified.py" "--in" "C:\Users\scott\soccer-video\out\atomic_clips\2025-09-20__TSC_vs_RVFC\037__2025-09-20__TSC_vs_RVFC__PRESSURE_SHOT__t2388.00-t2397.00_portrait_POST.mp4" "--preset" "cinematic" "--out" "C:\Users\scott\soccer-video\out\atomic_clips\2025-09-20__TSC_vs_RVFC\037__2025-09-20__TSC_vs_RVFC__PRESSURE_SHOT__t2388.00-t2397.00_portrait_POST.__CINEMATIC.mp4" "--clean-temp"
[WhatIf] not executed
"python" "C:\Users\scott\soccer-video\tools\render_follow_unified.py" "--in" "C:\Users\scott\soccer-video\out\atomic_clips\2025-09-20__TSC_vs_RVFC\038__2025-09-20__TSC_vs_RVFC__PRESSURE_GOAL__t2411.00-t2431.00_portrait_POST.mp4" "--preset" "cinematic" "--out" "C:\Users\scott\soccer-video\out\atomic_clips\2025-09-20__TSC_vs_RVFC\038__2025-09-20__TSC_vs_RVFC__PRESSURE_GOAL__t2411.00-t2431.00_portrait_POST.__CINEMATIC.mp4" "--clean-temp"
[WhatIf] not executed
"python" "C:\Users\scott\soccer-video\tools\render_follow_unified.py" "--in" "C:\Users\scott\soccer-video\out\atomic_clips\2025-09-20__TSC_vs_RVFC\039__2025-09-20__TSC_vs_RVFC__PRESSURE_GOAL__t2485.00-t2506.00_portrait_POST.mp4" "--preset" "cinematic" "--out" "C:\Users\scott\soccer-video\out\atomic_clips\2025-09-20__TSC_vs_RVFC\039__2025-09-20__TSC_vs_RVFC__PRESSURE_GOAL__t2485.00-t2506.00_portrait_POST.__CINEMATIC.mp4" "--clean-temp"
[WhatIf] not executed
"python" "C:\Users\scott\soccer-video\tools\render_follow_unified.py" "--in" "C:\Users\scott\soccer-video\out\atomic_clips\2025-09-20__TSC_vs_RVFC\040__2025-09-20__TSC_vs_RVFC__BUILD_UP_PLAY_SHOT__t2571.00-t2599.00_portrait_POST.mp4" "--preset" "cinematic" "--out" "C:\Users\scott\soccer-video\out\atomic_clips\2025-09-20__TSC_vs_RVFC\040__2025-09-20__TSC_vs_RVFC__BUILD_UP_PLAY_SHOT__t2571.00-t2599.00_portrait_POST.__CINEMATIC.mp4" "--clean-temp"
[WhatIf] not executed
"python" "C:\Users\scott\soccer-video\tools\render_follow_unified.py" "--in" "C:\Users\scott\soccer-video\out\atomic_clips\2025-09-20__TSC_vs_RVFC\041__2025-09-20__TSC_vs_RVFC__CORNER__t2712.00-t2722.00_portrait_POST.mp4" "--preset" "cinematic" "--out" "C:\Users\scott\soccer-video\out\atomic_clips\2025-09-20__TSC_vs_RVFC\041__2025-09-20__TSC_vs_RVFC__CORNER__t2712.00-t2722.00_portrait_POST.__CINEMATIC.mp4" "--clean-temp"
[WhatIf] not executed
"python" "C:\Users\scott\soccer-video\tools\render_follow_unified.py" "--in" "C:\Users\scott\soccer-video\out\atomic_clips\2025-09-20__TSC_vs_RVFC\042__2025-09-20__TSC_vs_RVFC__CORNER__t2765.00-t2783.00_portrait_POST.mp4" "--preset" "cinematic" "--out" "C:\Users\scott\soccer-video\out\atomic_clips\2025-09-20__TSC_vs_RVFC\042__2025-09-20__TSC_vs_RVFC__CORNER__t2765.00-t2783.00_portrait_POST.__CINEMATIC.mp4" "--clean-temp"
[WhatIf] not executed
"python" "C:\Users\scott\soccer-video\tools\render_follow_unified.py" "--in" "C:\Users\scott\soccer-video\out\atomic_clips\2025-09-20__TSC_vs_RVFC\043__2025-09-20__TSC_vs_RVFC__GOAL__t3010.00-t3028.00_portrait_POST.mp4" "--preset" "cinematic" "--out" "C:\Users\scott\soccer-video\out\atomic_clips\2025-09-20__TSC_vs_RVFC\043__2025-09-20__TSC_vs_RVFC__GOAL__t3010.00-t3028.00_portrait_POST.__CINEMATIC.mp4" "--clean-temp"
[WhatIf] not executed
"python" "C:\Users\scott\soccer-video\tools\render_follow_unified.py" "--in" "C:\Users\scott\soccer-video\out\atomic_clips\2025-09-20__TSC_vs_RVFC\044__2025-09-20__TSC_vs_RVFC__GOAL__t3051.00-t3066.00_portrait_POST.mp4" "--preset" "cinematic" "--out" "C:\Users\scott\soccer-video\out\atomic_clips\2025-09-20__TSC_vs_RVFC\044__2025-09-20__TSC_vs_RVFC__GOAL__t3051.00-t3066.00_portrait_POST.__CINEMATIC.mp4" "--clean-temp"
[WhatIf] not executed
"python" "C:\Users\scott\soccer-video\tools\render_follow_unified.py" "--in" "C:\Users\scott\soccer-video\out\atomic_clips\2025-10-04__TSC_vs_FC\002__2025-10-04__TSC_vs_FC_Tulsa_Black__BUILD_UP__t25260.00-t26940.00.mp4" "--preset" "cinematic" "--out" "C:\Users\scott\soccer-video\out\atomic_clips\2025-10-04__TSC_vs_FC\002__2025-10-04__TSC_vs_FC_Tulsa_Black__BUILD_UP__t25260.00-t26940.00.__CINEMATIC.mp4" "--clean-temp"
[WhatIf] not executed
"python" "C:\Users\scott\soccer-video\tools\render_follow_unified.py" "--in" "C:\Users\scott\soccer-video\out\atomic_clips\2025-10-04__TSC_vs_FC\003__2025-10-04__TSC_vs_FC_Tulsa_Black__BUILD_UP__t27480.00-t29220.00.mp4" "--preset" "cinematic" "--out" "C:\Users\scott\soccer-video\out\atomic_clips\2025-10-04__TSC_vs_FC\003__2025-10-04__TSC_vs_FC_Tulsa_Black__BUILD_UP__t27480.00-t29220.00.__CINEMATIC.mp4" "--clean-temp"
[WhatIf] not executed
"python" "C:\Users\scott\soccer-video\tools\render_follow_unified.py" "--in" "C:\Users\scott\soccer-video\out\atomic_clips\2025-10-04__TSC_vs_FC\004__2025-10-04__TSC_vs_FC_Tulsa_Black__BUILD_UP__t29700.00-t30780.00.mp4" "--preset" "cinematic" "--out" "C:\Users\scott\soccer-video\out\atomic_clips\2025-10-04__TSC_vs_FC\004__2025-10-04__TSC_vs_FC_Tulsa_Black__BUILD_UP__t29700.00-t30780.00.__CINEMATIC.mp4" "--clean-temp"
[WhatIf] not executed
"python" "C:\Users\scott\soccer-video\tools\render_follow_unified.py" "--in" "C:\Users\scott\soccer-video\out\atomic_clips\2025-10-04__TSC_vs_FC\005__2025-10-04__TSC_vs_FC_Tulsa_Black__SHOT__t36000.00-t36420.00.mp4" "--preset" "cinematic" "--out" "C:\Users\scott\soccer-video\out\atomic_clips\2025-10-04__TSC_vs_FC\005__2025-10-04__TSC_vs_FC_Tulsa_Black__SHOT__t36000.00-t36420.00.__CINEMATIC.mp4" "--clean-temp"
[WhatIf] not executed
"python" "C:\Users\scott\soccer-video\tools\render_follow_unified.py" "--in" "C:\Users\scott\soccer-video\out\atomic_clips\2025-10-04__TSC_vs_FC\006__2025-10-04__TSC_vs_FC_Tulsa_Black__BUILD_UP_GOAL__t40440.00-t43020.00.__DEBUG.mp4" "--preset" "cinematic" "--out" "C:\Users\scott\soccer-video\out\atomic_clips\2025-10-04__TSC_vs_FC\006__2025-10-04__TSC_vs_FC_Tulsa_Black__BUILD_UP_GOAL__t40440.00-t43020.00.__DEBUG.__CINEMATIC.mp4" "--clean-temp"
[WhatIf] not executed
"python" "C:\Users\scott\soccer-video\tools\render_follow_unified.py" "--in" "C:\Users\scott\soccer-video\out\atomic_clips\2025-10-04__TSC_vs_FC\007__2025-10-04__TSC_vs_FC_Tulsa_Black__BUILD_UP_SHOT__t46020.00-t47100.00.mp4" "--preset" "cinematic" "--out" "C:\Users\scott\soccer-video\out\atomic_clips\2025-10-04__TSC_vs_FC\007__2025-10-04__TSC_vs_FC_Tulsa_Black__BUILD_UP_SHOT__t46020.00-t47100.00.__CINEMATIC.mp4" "--clean-temp"
[WhatIf] not executed
"python" "C:\Users\scott\soccer-video\tools\render_follow_unified.py" "--in" "C:\Users\scott\soccer-video\out\atomic_clips\2025-10-04__TSC_vs_FC\008__2025-10-04__TSC_vs_FC_Tulsa_Black__BUILD_UP_SHOT__t61500.00-t62400.00.mp4" "--preset" "cinematic" "--out" "C:\Users\scott\soccer-video\out\atomic_clips\2025-10-04__TSC_vs_FC\008__2025-10-04__TSC_vs_FC_Tulsa_Black__BUILD_UP_SHOT__t61500.00-t62400.00.__CINEMATIC.mp4" "--clean-temp"
[WhatIf] not executed
"python" "C:\Users\scott\soccer-video\tools\render_follow_unified.py" "--in" "C:\Users\scott\soccer-video\out\atomic_clips\2025-10-04__TSC_vs_FC\009__2025-10-04__TSC_vs_FC_Tulsa_Black__PRESSURE_SHOT__t62760.00-t63420.00.mp4" "--preset" "cinematic" "--out" "C:\Users\scott\soccer-video\out\atomic_clips\2025-10-04__TSC_vs_FC\009__2025-10-04__TSC_vs_FC_Tulsa_Black__PRESSURE_SHOT__t62760.00-t63420.00.__CINEMATIC.mp4" "--clean-temp"
[WhatIf] not executed
"python" "C:\Users\scott\soccer-video\tools\render_follow_unified.py" "--in" "C:\Users\scott\soccer-video\out\atomic_clips\2025-10-04__TSC_vs_FC\010__2025-10-04__TSC_vs_FC_Tulsa_Black__BUILD_UP_SHOT__t63480.00-t64800.00.mp4" "--preset" "cinematic" "--out" "C:\Users\scott\soccer-video\out\atomic_clips\2025-10-04__TSC_vs_FC\010__2025-10-04__TSC_vs_FC_Tulsa_Black__BUILD_UP_SHOT__t63480.00-t64800.00.__CINEMATIC.mp4" "--clean-temp"
[WhatIf] not executed
"python" "C:\Users\scott\soccer-video\tools\render_follow_unified.py" "--in" "C:\Users\scott\soccer-video\out\atomic_clips\2025-10-04__TSC_vs_FC\011__2025-10-04__TSC_vs_FC_Tulsa_Black__BUILD_UP_SHOT__t71880.00-t73320.00.mp4" "--preset" "cinematic" "--out" "C:\Users\scott\soccer-video\out\atomic_clips\2025-10-04__TSC_vs_FC\011__2025-10-04__TSC_vs_FC_Tulsa_Black__BUILD_UP_SHOT__t71880.00-t73320.00.__CINEMATIC.mp4" "--clean-temp"
[WhatIf] not executed
"python" "C:\Users\scott\soccer-video\tools\render_follow_unified.py" "--in" "C:\Users\scott\soccer-video\out\atomic_clips\2025-10-04__TSC_vs_FC\012__2025-10-04__TSC_vs_FC_Tulsa_Black__PRESSURE_GOAL__t74340.00-t75180.00.mp4" "--preset" "cinematic" "--out" "C:\Users\scott\soccer-video\out\atomic_clips\2025-10-04__TSC_vs_FC\012__2025-10-04__TSC_vs_FC_Tulsa_Black__PRESSURE_GOAL__t74340.00-t75180.00.__CINEMATIC.mp4" "--clean-temp"
[WhatIf] not executed
"python" "C:\Users\scott\soccer-video\tools\render_follow_unified.py" "--in" "C:\Users\scott\soccer-video\out\atomic_clips\2025-10-04__TSC_vs_FC\013__2025-10-04__TSC_vs_FC_Tulsa_Black__BUILD_UP_PLAY__t77400.00-t78360.00.mp4" "--preset" "cinematic" "--out" "C:\Users\scott\soccer-video\out\atomic_clips\2025-10-04__TSC_vs_FC\013__2025-10-04__TSC_vs_FC_Tulsa_Black__BUILD_UP_PLAY__t77400.00-t78360.00.__CINEMATIC.mp4" "--clean-temp"
[WhatIf] not executed
"python" "C:\Users\scott\soccer-video\tools\render_follow_unified.py" "--in" "C:\Users\scott\soccer-video\out\atomic_clips\2025-10-04__TSC_vs_FC\014__2025-10-04__TSC_vs_FC_Tulsa_Black__SHOT__t2354400.00-t2394000.00.mp4" "--preset" "cinematic" "--out" "C:\Users\scott\soccer-video\out\atomic_clips\2025-10-04__TSC_vs_FC\014__2025-10-04__TSC_vs_FC_Tulsa_Black__SHOT__t2354400.00-t2394000.00.__CINEMATIC.mp4" "--clean-temp"
[WhatIf] not executed
"python" "C:\Users\scott\soccer-video\tools\render_follow_unified.py" "--in" "C:\Users\scott\soccer-video\out\atomic_clips\2025-10-04__TSC_vs_FC\116__2025-10-04__TSC_vs_FC_Tulsa_Black__DRIBBLING__t387-t412.mp4" "--preset" "cinematic" "--out" "C:\Users\scott\soccer-video\out\atomic_clips\2025-10-04__TSC_vs_FC\116__2025-10-04__TSC_vs_FC_Tulsa_Black__DRIBBLING__t387-t412.__CINEMATIC.mp4" "--clean-temp"
[WhatIf] not executed
"python" "C:\Users\scott\soccer-video\tools\render_follow_unified.py" "--in" "C:\Users\scott\soccer-video\out\atomic_clips\2025-10-04__TSC_vs_FC_Tulsa_Black\001__2025-10-04__TSC_vs_FC_Tulsa_Black__DRIBBLING__t387-t412.mp4" "--preset" "cinematic" "--out" "C:\Users\scott\soccer-video\out\atomic_clips\2025-10-04__TSC_vs_FC_Tulsa_Black\001__2025-10-04__TSC_vs_FC_Tulsa_Black__DRIBBLING__t387-t412.__CINEMATIC.mp4" "--clean-temp"
[WhatIf] not executed
"python" "C:\Users\scott\soccer-video\tools\render_follow_unified.py" "--in" "C:\Users\scott\soccer-video\out\atomic_clips\2025-10-04__TSC_vs_FC_Tulsa_Black\116__2025-10-04__TSC_vs_FC_Tulsa_Black__DRIBBLING__t387-t412.mp4" "--preset" "cinematic" "--out" "C:\Users\scott\soccer-video\out\atomic_clips\2025-10-04__TSC_vs_FC_Tulsa_Black\116__2025-10-04__TSC_vs_FC_Tulsa_Black__DRIBBLING__t387-t412.__CINEMATIC.mp4" "--clean-temp"
[WhatIf] not executed
"python" "C:\Users\scott\soccer-video\tools\render_follow_unified.py" "--in" "C:\Users\scott\soccer-video\out\atomic_clips\2025-10-12__TSC_SLSG_FallFestival\001__SHOT__t135.00-t145.00.mp4" "--preset" "cinematic" "--out" "C:\Users\scott\soccer-video\out\atomic_clips\2025-10-12__TSC_SLSG_FallFestival\001__SHOT__t135.00-t145.00.__CINEMATIC.mp4" "--clean-temp"
[WhatIf] not executed
"python" "C:\Users\scott\soccer-video\tools\render_follow_unified.py" "--in" "C:\Users\scott\soccer-video\out\atomic_clips\2025-10-12__TSC_SLSG_FallFestival\002__SHOT__t185.00-t206.00.mp4" "--preset" "cinematic" "--out" "C:\Users\scott\soccer-video\out\atomic_clips\2025-10-12__TSC_SLSG_FallFestival\002__SHOT__t185.00-t206.00.__CINEMATIC.mp4" "--clean-temp"
[WhatIf] not executed
"python" "C:\Users\scott\soccer-video\tools\render_follow_unified.py" "--in" "C:\Users\scott\soccer-video\out\atomic_clips\2025-10-12__TSC_SLSG_FallFestival\003__DEFENSE__t310.00-t342.00.mp4" "--preset" "cinematic" "--out" "C:\Users\scott\soccer-video\out\atomic_clips\2025-10-12__TSC_SLSG_FallFestival\003__DEFENSE__t310.00-t342.00.__CINEMATIC.mp4" "--clean-temp"
[WhatIf] not executed
"python" "C:\Users\scott\soccer-video\tools\render_follow_unified.py" "--in" "C:\Users\scott\soccer-video\out\atomic_clips\2025-10-12__TSC_SLSG_FallFestival\004__PRESSURE__t640.00-t663.00.mp4" "--preset" "cinematic" "--out" "C:\Users\scott\soccer-video\out\atomic_clips\2025-10-12__TSC_SLSG_FallFestival\004__PRESSURE__t640.00-t663.00.__CINEMATIC.mp4" "--clean-temp"
[WhatIf] not executed
"python" "C:\Users\scott\soccer-video\tools\render_follow_unified.py" "--in" "C:\Users\scott\soccer-video\out\atomic_clips\2025-10-12__TSC_SLSG_FallFestival\004__PRESSURE__t640.00-t663.00.__OVERLAY_FINAL.mp4" "--preset" "cinematic" "--out" "C:\Users\scott\soccer-video\out\atomic_clips\2025-10-12__TSC_SLSG_FallFestival\004__PRESSURE__t640.00-t663.00.__OVERLAY_FINAL.__CINEMATIC.mp4" "--clean-temp"
[WhatIf] not executed
"python" "C:\Users\scott\soccer-video\tools\render_follow_unified.py" "--in" "C:\Users\scott\soccer-video\out\atomic_clips\2025-10-12__TSC_SLSG_FallFestival\004__PRESSURE__t640.00-t663.00.__OVERLAY_LOCAL_FINAL.mp4" "--preset" "cinematic" "--out" "C:\Users\scott\soccer-video\out\atomic_clips\2025-10-12__TSC_SLSG_FallFestival\004__PRESSURE__t640.00-t663.00.__OVERLAY_LOCAL_FINAL.__CINEMATIC.mp4" "--clean-temp"
[WhatIf] not executed
"python" "C:\Users\scott\soccer-video\tools\render_follow_unified.py" "--in" "C:\Users\scott\soccer-video\out\atomic_clips\2025-10-12__TSC_SLSG_FallFestival\004__PRESSURE__t640.00-t663.00.__OVERLAY_plan_sh-1_dx-64_dy-128__localTW_dt-0.02_dx-6_dy-2.mp4" "--preset" "cinematic" "--out" "C:\Users\scott\soccer-video\out\atomic_clips\2025-10-12__TSC_SLSG_FallFestival\004__PRESSURE__t640.00-t663.00.__OVERLAY_plan_sh-1_dx-64_dy-128__localTW_dt-0.02_dx-6_dy-2.__CINEMATIC.mp4" "--clean-temp"
[WhatIf] not executed
"python" "C:\Users\scott\soccer-video\tools\render_follow_unified.py" "--in" "C:\Users\scott\soccer-video\out\atomic_clips\2025-10-12__TSC_SLSG_FallFestival\005__GOAL__t1.855.00-t1.870.00.mp4" "--preset" "cinematic" "--out" "C:\Users\scott\soccer-video\out\atomic_clips\2025-10-12__TSC_SLSG_FallFestival\005__GOAL__t1.855.00-t1.870.00.__CINEMATIC.mp4" "--clean-temp"
[WhatIf] not executed
"python" "C:\Users\scott\soccer-video\tools\render_follow_unified.py" "--in" "C:\Users\scott\soccer-video\out\atomic_clips\2025-10-12__TSC_SLSG_FallFestival\006__GOAL__t2.035.00-t2.054.00.mp4" "--preset" "cinematic" "--out" "C:\Users\scott\soccer-video\out\atomic_clips\2025-10-12__TSC_SLSG_FallFestival\006__GOAL__t2.035.00-t2.054.00.__CINEMATIC.mp4" "--clean-temp"
[WhatIf] not executed
"python" "C:\Users\scott\soccer-video\tools\render_follow_unified.py" "--in" "C:\Users\scott\soccer-video\out\atomic_clips\2025-10-12__TSC_SLSG_FallFestival\007__CROSS__t2.212.00-t2.228.00.mp4" "--preset" "cinematic" "--out" "C:\Users\scott\soccer-video\out\atomic_clips\2025-10-12__TSC_SLSG_FallFestival\007__CROSS__t2.212.00-t2.228.00.__CINEMATIC.mp4" "--clean-temp"
[WhatIf] not executed
"python" "C:\Users\scott\soccer-video\tools\render_follow_unified.py" "--in" "C:\Users\scott\soccer-video\out\atomic_clips\2025-10-12__TSC_SLSG_FallFestival\008__BUILD_UP__t2.438.00-t2.442.00.mp4" "--preset" "cinematic" "--out" "C:\Users\scott\soccer-video\out\atomic_clips\2025-10-12__TSC_SLSG_FallFestival\008__BUILD_UP__t2.438.00-t2.442.00.__CINEMATIC.mp4" "--clean-temp"
[WhatIf] not executed
"python" "C:\Users\scott\soccer-video\tools\render_follow_unified.py" "--in" "C:\Users\scott\soccer-video\out\atomic_clips\2025-10-12__TSC_SLSG_FallFestival\009__BUILD_UP__t2.673.00-t2.685.00.mp4" "--preset" "cinematic" "--out" "C:\Users\scott\soccer-video\out\atomic_clips\2025-10-12__TSC_SLSG_FallFestival\009__BUILD_UP__t2.673.00-t2.685.00.__CINEMATIC.mp4" "--clean-temp"
[WhatIf] not executed
"python" "C:\Users\scott\soccer-video\tools\render_follow_unified.py" "--in" "C:\Users\scott\soccer-video\out\atomic_clips\2025-10-12__TSC_SLSG_FallFestival\010__PRESSURE__t2.694.00-t2.706.00.mp4" "--preset" "cinematic" "--out" "C:\Users\scott\soccer-video\out\atomic_clips\2025-10-12__TSC_SLSG_FallFestival\010__PRESSURE__t2.694.00-t2.706.00.__CINEMATIC.mp4" "--clean-temp"
[WhatIf] not executed
"python" "C:\Users\scott\soccer-video\tools\render_follow_unified.py" "--in" "C:\Users\scott\soccer-video\out\atomic_clips\2025-10-12__TSC_SLSG_FallFestival\011__PRESSURE__t2.711.00-t2.736.00.mp4" "--preset" "cinematic" "--out" "C:\Users\scott\soccer-video\out\atomic_clips\2025-10-12__TSC_SLSG_FallFestival\011__PRESSURE__t2.711.00-t2.736.00.__CINEMATIC.mp4" "--clean-temp"
[WhatIf] not executed
"python" "C:\Users\scott\soccer-video\tools\render_follow_unified.py" "--in" "C:\Users\scott\soccer-video\out\atomic_clips\2025-11-04__TSC_-_Navy_Oct_2025\001__Pressure & Build Up with a Great Cross__0_06_37-0_07_10.mp4" "--preset" "cinematic" "--out" "C:\Users\scott\soccer-video\out\atomic_clips\2025-11-04__TSC_-_Navy_Oct_2025\001__Pressure & Build Up with a Great Cross__0_06_37-0_07_10.__CINEMATIC.mp4" "--clean-temp"
[WhatIf] not executed
"python" "C:\Users\scott\soccer-video\tools\render_follow_unified.py" "--in" "C:\Users\scott\soccer-video\out\atomic_clips\2025-11-04__TSC_-_Navy_Oct_2025\002__Build Up, Cross and Shot__0_15_37-0_16_04.mp4" "--preset" "cinematic" "--out" "C:\Users\scott\soccer-video\out\atomic_clips\2025-11-04__TSC_-_Navy_Oct_2025\002__Build Up, Cross and Shot__0_15_37-0_16_04.__CINEMATIC.mp4" "--clean-temp"
[WhatIf] not executed
"python" "C:\Users\scott\soccer-video\tools\render_follow_unified.py" "--in" "C:\Users\scott\soccer-video\out\atomic_clips\2025-11-04__TSC_-_Navy_Oct_2025\003__Pressure, Cross and Goal__0_16_09-0_16_33.mp4" "--preset" "cinematic" "--out" "C:\Users\scott\soccer-video\out\atomic_clips\2025-11-04__TSC_-_Navy_Oct_2025\003__Pressure, Cross and Goal__0_16_09-0_16_33.__CINEMATIC.mp4" "--clean-temp"
[WhatIf] not executed
"python" "C:\Users\scott\soccer-video\tools\render_follow_unified.py" "--in" "C:\Users\scott\soccer-video\out\atomic_clips\2025-11-04__TSC_-_Navy_Oct_2025\004__Pressure & Shot__0_23_24-0_23_53.mp4" "--preset" "cinematic" "--out" "C:\Users\scott\soccer-video\out\atomic_clips\2025-11-04__TSC_-_Navy_Oct_2025\004__Pressure & Shot__0_23_24-0_23_53.__CINEMATIC.mp4" "--clean-temp"
[WhatIf] not executed
"python" "C:\Users\scott\soccer-video\tools\render_follow_unified.py" "--in" "C:\Users\scott\soccer-video\out\atomic_clips\2025-11-04__TSC_-_Navy_Oct_2025\005__Build Up & Cross__0_28_28-0_28_42.mp4" "--preset" "cinematic" "--out" "C:\Users\scott\soccer-video\out\atomic_clips\2025-11-04__TSC_-_Navy_Oct_2025\005__Build Up & Cross__0_28_28-0_28_42.__CINEMATIC.mp4" "--clean-temp"
[WhatIf] not executed
"python" "C:\Users\scott\soccer-video\tools\render_follow_unified.py" "--in" "C:\Users\scott\soccer-video\out\atomic_clips\2025-11-04__TSC_-_Navy_Oct_2025\006__Cross__0_30_29-0_30_37.mp4" "--preset" "cinematic" "--out" "C:\Users\scott\soccer-video\out\atomic_clips\2025-11-04__TSC_-_Navy_Oct_2025\006__Cross__0_30_29-0_30_37.__CINEMATIC.mp4" "--clean-temp"
[WhatIf] not executed
"python" "C:\Users\scott\soccer-video\tools\render_follow_unified.py" "--in" "C:\Users\scott\soccer-video\out\atomic_clips\2025-11-04__TSC_-_Navy_Oct_2025\007__Cross, Pressure & Shot__0_42_24-0_42_45.mp4" "--preset" "cinematic" "--out" "C:\Users\scott\soccer-video\out\atomic_clips\2025-11-04__TSC_-_Navy_Oct_2025\007__Cross, Pressure & Shot__0_42_24-0_42_45.__CINEMATIC.mp4" "--clean-temp"
[WhatIf] not executed
"python" "C:\Users\scott\soccer-video\tools\render_follow_unified.py" "--in" "C:\Users\scott\soccer-video\out\atomic_clips\2025-11-04__TSC_-_Navy_Oct_2025\008__Cross__0_47_09-0_47_18.mp4" "--preset" "cinematic" "--out" "C:\Users\scott\soccer-video\out\atomic_clips\2025-11-04__TSC_-_Navy_Oct_2025\008__Cross__0_47_09-0_47_18.__CINEMATIC.mp4" "--clean-temp"
[WhatIf] not executed
"python" "C:\Users\scott\soccer-video\tools\render_follow_unified.py" "--in" "C:\Users\scott\soccer-video\out\atomic_clips\2025-11-04__TSC_-_Navy_Oct_2025\009__Cross, Shots__0_50_40-0_50_57.mp4" "--preset" "cinematic" "--out" "C:\Users\scott\soccer-video\out\atomic_clips\2025-11-04__TSC_-_Navy_Oct_2025\009__Cross, Shots__0_50_40-0_50_57.__CINEMATIC.mp4" "--clean-temp"
[WhatIf] not executed
"python" "C:\Users\scott\soccer-video\tools\render_follow_unified.py" "--in" "C:\Users\scott\soccer-video\out\atomic_clips\2025-11-04__TSC_-_Navy_Oct_2025\010__Build Up, Cross, Shot & Goal__0_55_26-0_56_02.mp4" "--preset" "cinematic" "--out" "C:\Users\scott\soccer-video\out\atomic_clips\2025-11-04__TSC_-_Navy_Oct_2025\010__Build Up, Cross, Shot & Goal__0_55_26-0_56_02.__CINEMATIC.mp4" "--clean-temp"
[WhatIf] not executed
"python" "C:\Users\scott\soccer-video\tools\render_follow_unified.py" "--in" "C:\Users\scott\soccer-video\out\atomic_clips\2025-11-04__TSC_-_Navy_Oct_2025\011__Build Up__1_00_43-1_01_22.mp4" "--preset" "cinematic" "--out" "C:\Users\scott\soccer-video\out\atomic_clips\2025-11-04__TSC_-_Navy_Oct_2025\011__Build Up__1_00_43-1_01_22.__CINEMATIC.mp4" "--clean-temp"
[WhatIf] not executed
"python" "C:\Users\scott\soccer-video\tools\render_follow_unified.py" "--in" "C:\Users\scott\soccer-video\out\atomic_clips\2025-11-04__TSC_-_Navy_Oct_2025\012__Cross & Goal__1_01_36-1_01_52.mp4" "--preset" "cinematic" "--out" "C:\Users\scott\soccer-video\out\atomic_clips\2025-11-04__TSC_-_Navy_Oct_2025\012__Cross & Goal__1_01_36-1_01_52.__CINEMATIC.mp4" "--clean-temp"
[WhatIf] not executed
"python" "C:\Users\scott\soccer-video\tools\render_follow_unified.py" "--in" "C:\Users\scott\soccer-video\out\atomic_clips\2025-11-04__TSC_-_Navy_Oct_2025\013__Dribbling & Shot__1_02_55-1_03_10.mp4" "--preset" "cinematic" "--out" "C:\Users\scott\soccer-video\out\atomic_clips\2025-11-04__TSC_-_Navy_Oct_2025\013__Dribbling & Shot__1_02_55-1_03_10.__CINEMATIC.mp4" "--clean-temp"
[WhatIf] not executed
"python" "C:\Users\scott\soccer-video\tools\render_follow_unified.py" "--in" "C:\Users\scott\soccer-video\out\atomic_clips\misc\001__SHOT__t135.00-t145.00.mp4" "--preset" "cinematic" "--out" "C:\Users\scott\soccer-video\out\atomic_clips\misc\001__SHOT__t135.00-t145.00.__CINEMATIC.mp4" "--clean-temp"
[WhatIf] not executed
"python" "C:\Users\scott\soccer-video\tools\render_follow_unified.py" "--in" "C:\Users\scott\soccer-video\out\atomic_clips\misc\001__SHOT__t155.50-t166.40.mp4" "--preset" "cinematic" "--out" "C:\Users\scott\soccer-video\out\atomic_clips\misc\001__SHOT__t155.50-t166.40.__CINEMATIC.mp4" "--clean-temp"
[WhatIf] not executed
"python" "C:\Users\scott\soccer-video\tools\render_follow_unified.py" "--in" "C:\Users\scott\soccer-video\out\atomic_clips\misc\002__GOAL__t180.80-t191.20.mp4" "--preset" "cinematic" "--out" "C:\Users\scott\soccer-video\out\atomic_clips\misc\002__GOAL__t180.80-t191.20.__CINEMATIC.mp4" "--clean-temp"
[WhatIf] not executed
"python" "C:\Users\scott\soccer-video\tools\render_follow_unified.py" "--in" "C:\Users\scott\soccer-video\out\atomic_clips\misc\002__SHOT__t185.00-t206.00.mp4" "--preset" "cinematic" "--out" "C:\Users\scott\soccer-video\out\atomic_clips\misc\002__SHOT__t185.00-t206.00.__CINEMATIC.mp4" "--clean-temp"
[WhatIf] not executed
"python" "C:\Users\scott\soccer-video\tools\render_follow_unified.py" "--in" "C:\Users\scott\soccer-video\out\atomic_clips\misc\003__BUILD_UP__t224.80-t248.70.mp4" "--preset" "cinematic" "--out" "C:\Users\scott\soccer-video\out\atomic_clips\misc\003__BUILD_UP__t224.80-t248.70.__CINEMATIC.mp4" "--clean-temp"
[WhatIf] not executed
"python" "C:\Users\scott\soccer-video\tools\render_follow_unified.py" "--in" "C:\Users\scott\soccer-video\out\atomic_clips\misc\003__DEFENSE__t310.00-t342.00.mp4" "--preset" "cinematic" "--out" "C:\Users\scott\soccer-video\out\atomic_clips\misc\003__DEFENSE__t310.00-t342.00.__CINEMATIC.mp4" "--clean-temp"
[WhatIf] not executed
"python" "C:\Users\scott\soccer-video\tools\render_follow_unified.py" "--in" "C:\Users\scott\soccer-video\out\atomic_clips\misc\004__GOAL__t266.50-t283.10.mp4" "--preset" "cinematic" "--out" "C:\Users\scott\soccer-video\out\atomic_clips\misc\004__GOAL__t266.50-t283.10.__CINEMATIC.mp4" "--clean-temp"
[WhatIf] not executed
"python" "C:\Users\scott\soccer-video\tools\render_follow_unified.py" "--in" "C:\Users\scott\soccer-video\out\atomic_clips\misc\004__PRESSURE__t640.00-t663.00.mp4" "--preset" "cinematic" "--out" "C:\Users\scott\soccer-video\out\atomic_clips\misc\004__PRESSURE__t640.00-t663.00.__CINEMATIC.mp4" "--clean-temp"
[SKIP] up-to-date
"python" "C:\Users\scott\soccer-video\tools\render_follow_unified.py" "--in" "C:\Users\scott\soccer-video\out\atomic_clips\misc\004__PRESSURE__t640.00-t663.00.__CINEMATIC.mp4" "--preset" "cinematic" "--out" "C:\Users\scott\soccer-video\out\atomic_clips\misc\004__PRESSURE__t640.00-t663.00.__CINEMATIC.__CINEMATIC.mp4" "--clean-temp"
[WhatIf] not executed
"python" "C:\Users\scott\soccer-video\tools\render_follow_unified.py" "--in" "C:\Users\scott\soccer-video\out\atomic_clips\misc\005__CORNER__t417.90-t431.60.mp4" "--preset" "cinematic" "--out" "C:\Users\scott\soccer-video\out\atomic_clips\misc\005__CORNER__t417.90-t431.60.__CINEMATIC.mp4" "--clean-temp"
[WhatIf] not executed
"python" "C:\Users\scott\soccer-video\tools\render_follow_unified.py" "--in" "C:\Users\scott\soccer-video\out\atomic_clips\misc\006__DEFENSE__t699.30-t711.50.mp4" "--preset" "cinematic" "--out" "C:\Users\scott\soccer-video\out\atomic_clips\misc\006__DEFENSE__t699.30-t711.50.__CINEMATIC.mp4" "--clean-temp"
[WhatIf] not executed
"python" "C:\Users\scott\soccer-video\tools\render_follow_unified.py" "--in" "C:\Users\scott\soccer-video\out\atomic_clips\misc\007__DRIBBLING__t982.00-t987.90.mp4" "--preset" "cinematic" "--out" "C:\Users\scott\soccer-video\out\atomic_clips\misc\007__DRIBBLING__t982.00-t987.90.__CINEMATIC.mp4" "--clean-temp"
[WhatIf] not executed
"python" "C:\Users\scott\soccer-video\tools\render_follow_unified.py" "--in" "C:\Users\scott\soccer-video\out\atomic_clips\misc\008__SHOT__t1247.80-t1259.20.mp4" "--preset" "cinematic" "--out" "C:\Users\scott\soccer-video\out\atomic_clips\misc\008__SHOT__t1247.80-t1259.20.__CINEMATIC.mp4" "--clean-temp"
[WhatIf] not executed
"python" "C:\Users\scott\soccer-video\tools\render_follow_unified.py" "--in" "C:\Users\scott\soccer-video\out\atomic_clips\misc\009__SHOT__t1420.40-t1438.20.mp4" "--preset" "cinematic" "--out" "C:\Users\scott\soccer-video\out\atomic_clips\misc\009__SHOT__t1420.40-t1438.20.__CINEMATIC.mp4" "--clean-temp"
[WhatIf] not executed
"python" "C:\Users\scott\soccer-video\tools\render_follow_unified.py" "--in" "C:\Users\scott\soccer-video\out\atomic_clips\misc\010__CROSS__t1541.10-t1547.90.mp4" "--preset" "cinematic" "--out" "C:\Users\scott\soccer-video\out\atomic_clips\misc\010__CROSS__t1541.10-t1547.90.__CINEMATIC.mp4" "--clean-temp"
[WhatIf] not executed
"python" "C:\Users\scott\soccer-video\tools\render_follow_unified.py" "--in" "C:\Users\scott\soccer-video\out\atomic_clips\misc\011__SHOTS__t1655.00-t1670.30.mp4" "--preset" "cinematic" "--out" "C:\Users\scott\soccer-video\out\atomic_clips\misc\011__SHOTS__t1655.00-t1670.30.__CINEMATIC.mp4" "--clean-temp"
[WhatIf] not executed
"python" "C:\Users\scott\soccer-video\tools\render_follow_unified.py" "--in" "C:\Users\scott\soccer-video\out\atomic_clips\misc\012__GOAL__t1705.20-t1708.50.mp4" "--preset" "cinematic" "--out" "C:\Users\scott\soccer-video\out\atomic_clips\misc\012__GOAL__t1705.20-t1708.50.__CINEMATIC.mp4" "--clean-temp"
[WhatIf] not executed
"python" "C:\Users\scott\soccer-video\tools\render_follow_unified.py" "--in" "C:\Users\scott\soccer-video\out\atomic_clips\misc\013__GOAL__t1767.50-t1772.60.mp4" "--preset" "cinematic" "--out" "C:\Users\scott\soccer-video\out\atomic_clips\misc\013__GOAL__t1767.50-t1772.60.__CINEMATIC.mp4" "--clean-temp"
[WhatIf] not executed
"python" "C:\Users\scott\soccer-video\tools\render_follow_unified.py" "--in" "C:\Users\scott\soccer-video\out\atomic_clips\misc\014__GOAL__t1904.20-t1925.20.mp4" "--preset" "cinematic" "--out" "C:\Users\scott\soccer-video\out\atomic_clips\misc\014__GOAL__t1904.20-t1925.20.__CINEMATIC.mp4" "--clean-temp"
[WhatIf] not executed
"python" "C:\Users\scott\soccer-video\tools\render_follow_unified.py" "--in" "C:\Users\scott\soccer-video\out\atomic_clips\misc\015__DRIBBLING__t1972.50-t1980.70.mp4" "--preset" "cinematic" "--out" "C:\Users\scott\soccer-video\out\atomic_clips\misc\015__DRIBBLING__t1972.50-t1980.70.__CINEMATIC.mp4" "--clean-temp"
[WhatIf] not executed
"python" "C:\Users\scott\soccer-video\tools\render_follow_unified.py" "--in" "C:\Users\scott\soccer-video\out\atomic_clips\misc\016__SHOT__t2029.90-t2039.50.mp4" "--preset" "cinematic" "--out" "C:\Users\scott\soccer-video\out\atomic_clips\misc\016__SHOT__t2029.90-t2039.50.__CINEMATIC.mp4" "--clean-temp"
[WhatIf] not executed
"python" "C:\Users\scott\soccer-video\tools\render_follow_unified.py" "--in" "C:\Users\scott\soccer-video\out\atomic_clips\misc\017__SHOT__t2284.90-t2298.20.mp4" "--preset" "cinematic" "--out" "C:\Users\scott\soccer-video\out\atomic_clips\misc\017__SHOT__t2284.90-t2298.20.__CINEMATIC.mp4" "--clean-temp"
[WhatIf] not executed
"python" "C:\Users\scott\soccer-video\tools\render_follow_unified.py" "--in" "C:\Users\scott\soccer-video\out\atomic_clips\misc\018__SHOT__t2419.50-t2425.60.mp4" "--preset" "cinematic" "--out" "C:\Users\scott\soccer-video\out\atomic_clips\misc\018__SHOT__t2419.50-t2425.60.__CINEMATIC.mp4" "--clean-temp"
[WhatIf] not executed
"python" "C:\Users\scott\soccer-video\tools\render_follow_unified.py" "--in" "C:\Users\scott\soccer-video\out\atomic_clips\misc\019__SHOT__t2633.00-t2638.10.mp4" "--preset" "cinematic" "--out" "C:\Users\scott\soccer-video\out\atomic_clips\misc\019__SHOT__t2633.00-t2638.10.__CINEMATIC.mp4" "--clean-temp"
[WhatIf] not executed
"python" "C:\Users\scott\soccer-video\tools\render_follow_unified.py" "--in" "C:\Users\scott\soccer-video\out\atomic_clips\misc\020__GOAL__t2816.60-t2831.80.mp4" "--preset" "cinematic" "--out" "C:\Users\scott\soccer-video\out\atomic_clips\misc\020__GOAL__t2816.60-t2831.80.__CINEMATIC.mp4" "--clean-temp"
[WhatIf] not executed
"python" "C:\Users\scott\soccer-video\tools\render_follow_unified.py" "--in" "C:\Users\scott\soccer-video\out\atomic_clips\misc\021__SHOT__t2860.70-t2873.00.mp4" "--preset" "cinematic" "--out" "C:\Users\scott\soccer-video\out\atomic_clips\misc\021__SHOT__t2860.70-t2873.00.__CINEMATIC.mp4" "--clean-temp"
[WhatIf] not executed
"python" "C:\Users\scott\soccer-video\tools\render_follow_unified.py" "--in" "C:\Users\scott\soccer-video\out\atomic_clips\misc\023__SHOT__t3098.90-t3108.80.mp4" "--preset" "cinematic" "--out" "C:\Users\scott\soccer-video\out\atomic_clips\misc\023__SHOT__t3098.90-t3108.80.__CINEMATIC.mp4" "--clean-temp"
[WhatIf] not executed
"python" "C:\Users\scott\soccer-video\tools\render_follow_unified.py" "--in" "C:\Users\scott\soccer-video\out\atomic_clips\_quarantine\001__2025-09-20__TSC_vs_Greenwood__BUILD_UP_PLAY_SHOT__t18900.00-t20340.00.mp4" "--preset" "cinematic" "--out" "C:\Users\scott\soccer-video\out\autoframe_work\cinematic\001__2025-09-20__TSC_vs_Greenwood__BUILD_UP_PLAY_SHOT__t18900.00-t20340.00\follow\stabilized.mp4" "--clean-temp"
[WhatIf] not executed
"python" "C:\Users\scott\soccer-video\tools\render_follow_unified.py" "--in" "C:\Users\scott\soccer-video\out\atomic_clips\_quarantine\001__2025-09-20__TSC_vs_RVFC__SHOT__t7320.00-t7860.00.mp4" "--preset" "cinematic" "--out" "C:\Users\scott\soccer-video\out\autoframe_work\cinematic\001__2025-09-20__TSC_vs_RVFC__SHOT__t7320.00-t7860.00\follow\stabilized.mp4" "--clean-temp"
[WhatIf] not executed
"python" "C:\Users\scott\soccer-video\tools\render_follow_unified.py" "--in" "C:\Users\scott\soccer-video\out\atomic_clips\_quarantine\001__2025-10-04__TSC_vs_FC_Tulsa_Black__DRIBBLING__t23220.00-t24720.00.mp4" "--preset" "cinematic" "--out" "C:\Users\scott\soccer-video\out\autoframe_work\cinematic\001__2025-10-04__TSC_vs_FC_Tulsa_Black__DRIBBLING__t23220.00-t24720.00\follow\stabilized.mp4" "--clean-temp"
[WhatIf] not executed
"python" "C:\Users\scott\soccer-video\tools\render_follow_unified.py" "--in" "C:\Users\scott\soccer-video\out\atomic_clips\_quarantine\001__SHOT__t155.50-t166.40.mp4" "--preset" "cinematic" "--out" "C:\Users\scott\soccer-video\out\autoframe_work\cinematic\001__SHOT__t155.50-t166.40\follow\stabilized.mp4" "--clean-temp"
[WhatIf] not executed
"python" "C:\Users\scott\soccer-video\tools\render_follow_unified.py" "--in" "C:\Users\scott\soccer-video\out\atomic_clips\_quarantine\001__SHOT__t155.50-t166.40.__CINEMATIC.mp4" "--preset" "cinematic" "--out" "C:\Users\scott\soccer-video\out\autoframe_work\cinematic\001__SHOT__t155.50-t166.40.__CINEMATIC\follow\stabilized.mp4" "--clean-temp"
[WhatIf] not executed
"python" "C:\Users\scott\soccer-video\tools\render_follow_unified.py" "--in" "C:\Users\scott\soccer-video\out\atomic_clips\_quarantine\002__2025-09-20__TSC_vs_Greenwood__GOAL__t20400.00-t21180.00.mp4" "--preset" "cinematic" "--out" "C:\Users\scott\soccer-video\out\autoframe_work\cinematic\002__2025-09-20__TSC_vs_Greenwood__GOAL__t20400.00-t21180.00\follow\stabilized.mp4" "--clean-temp"
[WhatIf] not executed
"python" "C:\Users\scott\soccer-video\tools\render_follow_unified.py" "--in" "C:\Users\scott\soccer-video\out\atomic_clips\_quarantine\002__2025-09-20__TSC_vs_RVFC__PRESSURE_SHOT__t7920.00-t8880.00.mp4" "--preset" "cinematic" "--out" "C:\Users\scott\soccer-video\out\autoframe_work\cinematic\002__2025-09-20__TSC_vs_RVFC__PRESSURE_SHOT__t7920.00-t8880.00\follow\stabilized.mp4" "--clean-temp"
[WhatIf] not executed
"python" "C:\Users\scott\soccer-video\tools\render_follow_unified.py" "--in" "C:\Users\scott\soccer-video\out\atomic_clips\_quarantine\002__2025-10-04__TSC_vs_FC_Tulsa_Black__BUILD_UP__t25260.00-t26940.00.mp4" "--preset" "cinematic" "--out" "C:\Users\scott\soccer-video\out\autoframe_work\cinematic\002__2025-10-04__TSC_vs_FC_Tulsa_Black__BUILD_UP__t25260.00-t26940.00\follow\stabilized.mp4" "--clean-temp"
[WhatIf] not executed
"python" "C:\Users\scott\soccer-video\tools\render_follow_unified.py" "--in" "C:\Users\scott\soccer-video\out\atomic_clips\_quarantine\002__GOAL__t180.80-t191.20.mp4" "--preset" "cinematic" "--out" "C:\Users\scott\soccer-video\out\autoframe_work\cinematic\002__GOAL__t180.80-t191.20\follow\stabilized.mp4" "--clean-temp"
[WhatIf] not executed
"python" "C:\Users\scott\soccer-video\tools\render_follow_unified.py" "--in" "C:\Users\scott\soccer-video\out\atomic_clips\_quarantine\002__GOAL__t180.80-t191.20.__CINEMATIC.mp4" "--preset" "cinematic" "--out" "C:\Users\scott\soccer-video\out\autoframe_work\cinematic\002__GOAL__t180.80-t191.20.__CINEMATIC\follow\stabilized.mp4" "--clean-temp"
[WhatIf] not executed
"python" "C:\Users\scott\soccer-video\tools\render_follow_unified.py" "--in" "C:\Users\scott\soccer-video\out\atomic_clips\_quarantine\003__2025-09-20__TSC_vs_Greenwood__BUILD_UP_PLAY_SHOT__t25260.00-t26460.00.mp4" "--preset" "cinematic" "--out" "C:\Users\scott\soccer-video\out\autoframe_work\cinematic\003__2025-09-20__TSC_vs_Greenwood__BUILD_UP_PLAY_SHOT__t25260.00-t26460.00\follow\stabilized.mp4" "--clean-temp"
[WhatIf] not executed
"python" "C:\Users\scott\soccer-video\tools\render_follow_unified.py" "--in" "C:\Users\scott\soccer-video\out\atomic_clips\_quarantine\003__2025-09-20__TSC_vs_RVFC__PRESSURE_SHOT__t15480.00-t16260.00.mp4" "--preset" "cinematic" "--out" "C:\Users\scott\soccer-video\out\autoframe_work\cinematic\003__2025-09-20__TSC_vs_RVFC__PRESSURE_SHOT__t15480.00-t16260.00\follow\stabilized.mp4" "--clean-temp"
[WhatIf] not executed
"python" "C:\Users\scott\soccer-video\tools\render_follow_unified.py" "--in" "C:\Users\scott\soccer-video\out\atomic_clips\_quarantine\003__2025-10-04__TSC_vs_FC_Tulsa_Black__BUILD_UP__t27480.00-t29220.00.mp4" "--preset" "cinematic" "--out" "C:\Users\scott\soccer-video\out\autoframe_work\cinematic\003__2025-10-04__TSC_vs_FC_Tulsa_Black__BUILD_UP__t27480.00-t29220.00\follow\stabilized.mp4" "--clean-temp"
[WhatIf] not executed
"python" "C:\Users\scott\soccer-video\tools\render_follow_unified.py" "--in" "C:\Users\scott\soccer-video\out\atomic_clips\_quarantine\003__BUILD_UP__t224.80-t248.70.mp4" "--preset" "cinematic" "--out" "C:\Users\scott\soccer-video\out\autoframe_work\cinematic\003__BUILD_UP__t224.80-t248.70\follow\stabilized.mp4" "--clean-temp"
[WhatIf] not executed
"python" "C:\Users\scott\soccer-video\tools\render_follow_unified.py" "--in" "C:\Users\scott\soccer-video\out\atomic_clips\_quarantine\003__BUILD_UP__t224.80-t248.70.__CINEMATIC.mp4" "--preset" "cinematic" "--out" "C:\Users\scott\soccer-video\out\autoframe_work\cinematic\003__BUILD_UP__t224.80-t248.70.__CINEMATIC\follow\stabilized.mp4" "--clean-temp"
[WhatIf] not executed
"python" "C:\Users\scott\soccer-video\tools\render_follow_unified.py" "--in" "C:\Users\scott\soccer-video\out\atomic_clips\_quarantine\004__2025-09-20__TSC_vs_Greenwood__PRESSURE_TWO_SHOTS__t26640.00-t27360.00.mp4" "--preset" "cinematic" "--out" "C:\Users\scott\soccer-video\out\autoframe_work\cinematic\004__2025-09-20__TSC_vs_Greenwood__PRESSURE_TWO_SHOTS__t26640.00-t27360.00\follow\stabilized.mp4" "--clean-temp"
[WhatIf] not executed
"python" "C:\Users\scott\soccer-video\tools\render_follow_unified.py" "--in" "C:\Users\scott\soccer-video\out\atomic_clips\_quarantine\004__2025-09-20__TSC_vs_RVFC__PRESSURE_GOAL__t17880.00-t18720.00.mp4" "--preset" "cinematic" "--out" "C:\Users\scott\soccer-video\out\autoframe_work\cinematic\004__2025-09-20__TSC_vs_RVFC__PRESSURE_GOAL__t17880.00-t18720.00\follow\stabilized.mp4" "--clean-temp"
[WhatIf] not executed
"python" "C:\Users\scott\soccer-video\tools\render_follow_unified.py" "--in" "C:\Users\scott\soccer-video\out\atomic_clips\_quarantine\004__2025-10-04__TSC_vs_FC_Tulsa_Black__BUILD_UP__t29700.00-t30780.00.mp4" "--preset" "cinematic" "--out" "C:\Users\scott\soccer-video\out\autoframe_work\cinematic\004__2025-10-04__TSC_vs_FC_Tulsa_Black__BUILD_UP__t29700.00-t30780.00\follow\stabilized.mp4" "--clean-temp"
[WhatIf] not executed
"python" "C:\Users\scott\soccer-video\tools\render_follow_unified.py" "--in" "C:\Users\scott\soccer-video\out\atomic_clips\_quarantine\004__GOAL__t266.50-t283.10.mp4" "--preset" "cinematic" "--out" "C:\Users\scott\soccer-video\out\autoframe_work\cinematic\004__GOAL__t266.50-t283.10\follow\stabilized.mp4" "--clean-temp"
[WhatIf] not executed
"python" "C:\Users\scott\soccer-video\tools\render_follow_unified.py" "--in" "C:\Users\scott\soccer-video\out\atomic_clips\_quarantine\004__GOAL__t266.50-t283.10.__CINEMATIC.mp4" "--preset" "cinematic" "--out" "C:\Users\scott\soccer-video\out\autoframe_work\cinematic\004__GOAL__t266.50-t283.10.__CINEMATIC\follow\stabilized.mp4" "--clean-temp"
[WhatIf] not executed
"python" "C:\Users\scott\soccer-video\tools\render_follow_unified.py" "--in" "C:\Users\scott\soccer-video\out\atomic_clips\_quarantine\005__2025-09-20__TSC_vs_Greenwood__WIN_FREE_KICK__t32280.00-t33180.00.mp4" "--preset" "cinematic" "--out" "C:\Users\scott\soccer-video\out\autoframe_work\cinematic\005__2025-09-20__TSC_vs_Greenwood__WIN_FREE_KICK__t32280.00-t33180.00\follow\stabilized.mp4" "--clean-temp"
[WhatIf] not executed
"python" "C:\Users\scott\soccer-video\tools\render_follow_unified.py" "--in" "C:\Users\scott\soccer-video\out\atomic_clips\_quarantine\005__2025-09-20__TSC_vs_RVFC__BUILD_UP_PLAY_SHOT__t21000.00-t22020.00.mp4" "--preset" "cinematic" "--out" "C:\Users\scott\soccer-video\out\autoframe_work\cinematic\005__2025-09-20__TSC_vs_RVFC__BUILD_UP_PLAY_SHOT__t21000.00-t22020.00\follow\stabilized.mp4" "--clean-temp"
[WhatIf] not executed
"python" "C:\Users\scott\soccer-video\tools\render_follow_unified.py" "--in" "C:\Users\scott\soccer-video\out\atomic_clips\_quarantine\005__2025-10-04__TSC_vs_FC_Tulsa_Black__SHOT__t36000.00-t36420.00.mp4" "--preset" "cinematic" "--out" "C:\Users\scott\soccer-video\out\autoframe_work\cinematic\005__2025-10-04__TSC_vs_FC_Tulsa_Black__SHOT__t36000.00-t36420.00\follow\stabilized.mp4" "--clean-temp"
[WhatIf] not executed
"python" "C:\Users\scott\soccer-video\tools\render_follow_unified.py" "--in" "C:\Users\scott\soccer-video\out\atomic_clips\_quarantine\005__CORNER__t417.90-t431.60.mp4" "--preset" "cinematic" "--out" "C:\Users\scott\soccer-video\out\autoframe_work\cinematic\005__CORNER__t417.90-t431.60\follow\stabilized.mp4" "--clean-temp"
[WhatIf] not executed
"python" "C:\Users\scott\soccer-video\tools\render_follow_unified.py" "--in" "C:\Users\scott\soccer-video\out\atomic_clips\_quarantine\005__CORNER__t417.90-t431.60.__CINEMATIC.mp4" "--preset" "cinematic" "--out" "C:\Users\scott\soccer-video\out\autoframe_work\cinematic\005__CORNER__t417.90-t431.60.__CINEMATIC\follow\stabilized.mp4" "--clean-temp"
[WhatIf] not executed
"python" "C:\Users\scott\soccer-video\tools\render_follow_unified.py" "--in" "C:\Users\scott\soccer-video\out\atomic_clips\_quarantine\006__2025-09-20__TSC_vs_Greenwood__BUILD_UP_PLAY_SHOT__t41100.00-t42480.00.mp4" "--preset" "cinematic" "--out" "C:\Users\scott\soccer-video\out\autoframe_work\cinematic\006__2025-09-20__TSC_vs_Greenwood__BUILD_UP_PLAY_SHOT__t41100.00-t42480.00\follow\stabilized.mp4" "--clean-temp"
[WhatIf] not executed
"python" "C:\Users\scott\soccer-video\tools\render_follow_unified.py" "--in" "C:\Users\scott\soccer-video\out\atomic_clips\_quarantine\006__2025-09-20__TSC_vs_RVFC__SHOT__t31020.00-t31680.00.mp4" "--preset" "cinematic" "--out" "C:\Users\scott\soccer-video\out\autoframe_work\cinematic\006__2025-09-20__TSC_vs_RVFC__SHOT__t31020.00-t31680.00\follow\stabilized.mp4" "--clean-temp"
[WhatIf] not executed
"python" "C:\Users\scott\soccer-video\tools\render_follow_unified.py" "--in" "C:\Users\scott\soccer-video\out\atomic_clips\_quarantine\006__2025-10-04__TSC_vs_FC_Tulsa_Black__BUILD_UP_GOAL__t40440.00-t43020.00.mp4" "--preset" "cinematic" "--out" "C:\Users\scott\soccer-video\out\autoframe_work\cinematic\006__2025-10-04__TSC_vs_FC_Tulsa_Black__BUILD_UP_GOAL__t40440.00-t43020.00\follow\stabilized.mp4" "--clean-temp"
[WhatIf] not executed
"python" "C:\Users\scott\soccer-video\tools\render_follow_unified.py" "--in" "C:\Users\scott\soccer-video\out\atomic_clips\_quarantine\006__2025-10-04__TSC_vs_FC_Tulsa_Black__BUILD_UP_GOAL__t40440.00-t43020.00.__DEBUG.mp4" "--preset" "cinematic" "--out" "C:\Users\scott\soccer-video\out\autoframe_work\cinematic\006__2025-10-04__TSC_vs_FC_Tulsa_Black__BUILD_UP_GOAL__t40440.00-t43020.00.__DEBUG\follow\stabilized.mp4" "--clean-temp"
[WhatIf] not executed
"python" "C:\Users\scott\soccer-video\tools\render_follow_unified.py" "--in" "C:\Users\scott\soccer-video\out\atomic_clips\_quarantine\006__DEFENSE__t699.30-t711.50.mp4" "--preset" "cinematic" "--out" "C:\Users\scott\soccer-video\out\autoframe_work\cinematic\006__DEFENSE__t699.30-t711.50\follow\stabilized.mp4" "--clean-temp"
[WhatIf] not executed
"python" "C:\Users\scott\soccer-video\tools\render_follow_unified.py" "--in" "C:\Users\scott\soccer-video\out\atomic_clips\_quarantine\006__DEFENSE__t699.30-t711.50.__CINEMATIC.mp4" "--preset" "cinematic" "--out" "C:\Users\scott\soccer-video\out\autoframe_work\cinematic\006__DEFENSE__t699.30-t711.50.__CINEMATIC\follow\stabilized.mp4" "--clean-temp"
[WhatIf] not executed
"python" "C:\Users\scott\soccer-video\tools\render_follow_unified.py" "--in" "C:\Users\scott\soccer-video\out\atomic_clips\_quarantine\007__2025-09-20__TSC_vs_Greenwood__DRIBBLING_SHOT__t44340.00-t45120.00.mp4" "--preset" "cinematic" "--out" "C:\Users\scott\soccer-video\out\autoframe_work\cinematic\007__2025-09-20__TSC_vs_Greenwood__DRIBBLING_SHOT__t44340.00-t45120.00\follow\stabilized.mp4" "--clean-temp"
[WhatIf] not executed
"python" "C:\Users\scott\soccer-video\tools\render_follow_unified.py" "--in" "C:\Users\scott\soccer-video\out\atomic_clips\_quarantine\007__2025-09-20__TSC_vs_RVFC__PRESSURE_GOAL__t31740.00-t32820.00.mp4" "--preset" "cinematic" "--out" "C:\Users\scott\soccer-video\out\autoframe_work\cinematic\007__2025-09-20__TSC_vs_RVFC__PRESSURE_GOAL__t31740.00-t32820.00\follow\stabilized.mp4" "--clean-temp"
[WhatIf] not executed
"python" "C:\Users\scott\soccer-video\tools\render_follow_unified.py" "--in" "C:\Users\scott\soccer-video\out\atomic_clips\_quarantine\007__2025-10-04__TSC_vs_FC_Tulsa_Black__BUILD_UP_SHOT__t46020.00-t47100.00.mp4" "--preset" "cinematic" "--out" "C:\Users\scott\soccer-video\out\autoframe_work\cinematic\007__2025-10-04__TSC_vs_FC_Tulsa_Black__BUILD_UP_SHOT__t46020.00-t47100.00\follow\stabilized.mp4" "--clean-temp"
[WhatIf] not executed
"python" "C:\Users\scott\soccer-video\tools\render_follow_unified.py" "--in" "C:\Users\scott\soccer-video\out\atomic_clips\_quarantine\007__DRIBBLING__t982.00-t987.90.mp4" "--preset" "cinematic" "--out" "C:\Users\scott\soccer-video\out\autoframe_work\cinematic\007__DRIBBLING__t982.00-t987.90\follow\stabilized.mp4" "--clean-temp"
[WhatIf] not executed
"python" "C:\Users\scott\soccer-video\tools\render_follow_unified.py" "--in" "C:\Users\scott\soccer-video\out\atomic_clips\_quarantine\007__DRIBBLING__t982.00-t987.90.__CINEMATIC.mp4" "--preset" "cinematic" "--out" "C:\Users\scott\soccer-video\out\autoframe_work\cinematic\007__DRIBBLING__t982.00-t987.90.__CINEMATIC\follow\stabilized.mp4" "--clean-temp"
[WhatIf] not executed
"python" "C:\Users\scott\soccer-video\tools\render_follow_unified.py" "--in" "C:\Users\scott\soccer-video\out\atomic_clips\_quarantine\008__2025-09-20__TSC_vs_Greenwood__PRESSURE_SHOT__t45240.00-t46980.00.mp4" "--preset" "cinematic" "--out" "C:\Users\scott\soccer-video\out\autoframe_work\cinematic\008__2025-09-20__TSC_vs_Greenwood__PRESSURE_SHOT__t45240.00-t46980.00\follow\stabilized.mp4" "--clean-temp"
[WhatIf] not executed
"python" "C:\Users\scott\soccer-video\tools\render_follow_unified.py" "--in" "C:\Users\scott\soccer-video\out\atomic_clips\_quarantine\008__2025-09-20__TSC_vs_RVFC__BUILD_UP_PLAY_SHOT__t33900.00-t36000.00.mp4" "--preset" "cinematic" "--out" "C:\Users\scott\soccer-video\out\autoframe_work\cinematic\008__2025-09-20__TSC_vs_RVFC__BUILD_UP_PLAY_SHOT__t33900.00-t36000.00\follow\stabilized.mp4" "--clean-temp"
[WhatIf] not executed
"python" "C:\Users\scott\soccer-video\tools\render_follow_unified.py" "--in" "C:\Users\scott\soccer-video\out\atomic_clips\_quarantine\008__2025-10-04__TSC_vs_FC_Tulsa_Black__BUILD_UP_SHOT__t61500.00-t62400.00.mp4" "--preset" "cinematic" "--out" "C:\Users\scott\soccer-video\out\autoframe_work\cinematic\008__2025-10-04__TSC_vs_FC_Tulsa_Black__BUILD_UP_SHOT__t61500.00-t62400.00\follow\stabilized.mp4" "--clean-temp"
[WhatIf] not executed
"python" "C:\Users\scott\soccer-video\tools\render_follow_unified.py" "--in" "C:\Users\scott\soccer-video\out\atomic_clips\_quarantine\008__SHOT__t1247.80-t1259.20.mp4" "--preset" "cinematic" "--out" "C:\Users\scott\soccer-video\out\autoframe_work\cinematic\008__SHOT__t1247.80-t1259.20\follow\stabilized.mp4" "--clean-temp"
[WhatIf] not executed
"python" "C:\Users\scott\soccer-video\tools\render_follow_unified.py" "--in" "C:\Users\scott\soccer-video\out\atomic_clips\_quarantine\008__SHOT__t1247.80-t1259.20.__CINEMATIC.mp4" "--preset" "cinematic" "--out" "C:\Users\scott\soccer-video\out\autoframe_work\cinematic\008__SHOT__t1247.80-t1259.20.__CINEMATIC\follow\stabilized.mp4" "--clean-temp"
[WhatIf] not executed
"python" "C:\Users\scott\soccer-video\tools\render_follow_unified.py" "--in" "C:\Users\scott\soccer-video\out\atomic_clips\_quarantine\009__2025-09-20__TSC_vs_Greenwood__PRESSURE_SHOT__t48120.00-t49080.00.mp4" "--preset" "cinematic" "--out" "C:\Users\scott\soccer-video\out\autoframe_work\cinematic\009__2025-09-20__TSC_vs_Greenwood__PRESSURE_SHOT__t48120.00-t49080.00\follow\stabilized.mp4" "--clean-temp"
[WhatIf] not executed
"python" "C:\Users\scott\soccer-video\tools\render_follow_unified.py" "--in" "C:\Users\scott\soccer-video\out\atomic_clips\_quarantine\009__2025-09-20__TSC_vs_RVFC__PRESSURE_SHOT__t36240.00-t37200.00.mp4" "--preset" "cinematic" "--out" "C:\Users\scott\soccer-video\out\autoframe_work\cinematic\009__2025-09-20__TSC_vs_RVFC__PRESSURE_SHOT__t36240.00-t37200.00\follow\stabilized.mp4" "--clean-temp"
[WhatIf] not executed
"python" "C:\Users\scott\soccer-video\tools\render_follow_unified.py" "--in" "C:\Users\scott\soccer-video\out\atomic_clips\_quarantine\009__2025-10-04__TSC_vs_FC_Tulsa_Black__PRESSURE_SHOT__t62760.00-t63420.00.mp4" "--preset" "cinematic" "--out" "C:\Users\scott\soccer-video\out\autoframe_work\cinematic\009__2025-10-04__TSC_vs_FC_Tulsa_Black__PRESSURE_SHOT__t62760.00-t63420.00\follow\stabilized.mp4" "--clean-temp"
[WhatIf] not executed
"python" "C:\Users\scott\soccer-video\tools\render_follow_unified.py" "--in" "C:\Users\scott\soccer-video\out\atomic_clips\_quarantine\009__SHOT__t1420.40-t1438.20.mp4" "--preset" "cinematic" "--out" "C:\Users\scott\soccer-video\out\autoframe_work\cinematic\009__SHOT__t1420.40-t1438.20\follow\stabilized.mp4" "--clean-temp"
[WhatIf] not executed
"python" "C:\Users\scott\soccer-video\tools\render_follow_unified.py" "--in" "C:\Users\scott\soccer-video\out\atomic_clips\_quarantine\009__SHOT__t1420.40-t1438.20.__CINEMATIC.mp4" "--preset" "cinematic" "--out" "C:\Users\scott\soccer-video\out\autoframe_work\cinematic\009__SHOT__t1420.40-t1438.20.__CINEMATIC\follow\stabilized.mp4" "--clean-temp"
[WhatIf] not executed
"python" "C:\Users\scott\soccer-video\tools\render_follow_unified.py" "--in" "C:\Users\scott\soccer-video\out\atomic_clips\_quarantine\010__2025-09-20__TSC_vs_Greenwood__DEFENSE_BUILD_UP__t49260.00-t50880.00.mp4" "--preset" "cinematic" "--out" "C:\Users\scott\soccer-video\out\autoframe_work\cinematic\010__2025-09-20__TSC_vs_Greenwood__DEFENSE_BUILD_UP__t49260.00-t50880.00\follow\stabilized.mp4" "--clean-temp"
[WhatIf] not executed
"python" "C:\Users\scott\soccer-video\tools\render_follow_unified.py" "--in" "C:\Users\scott\soccer-video\out\atomic_clips\_quarantine\010__2025-09-20__TSC_vs_RVFC__PRESSURE_SHOT__t40500.00-t41340.00.mp4" "--preset" "cinematic" "--out" "C:\Users\scott\soccer-video\out\autoframe_work\cinematic\010__2025-09-20__TSC_vs_RVFC__PRESSURE_SHOT__t40500.00-t41340.00\follow\stabilized.mp4" "--clean-temp"
[WhatIf] not executed
"python" "C:\Users\scott\soccer-video\tools\render_follow_unified.py" "--in" "C:\Users\scott\soccer-video\out\atomic_clips\_quarantine\010__2025-10-04__TSC_vs_FC_Tulsa_Black__BUILD_UP_SHOT__t63480.00-t64800.00.mp4" "--preset" "cinematic" "--out" "C:\Users\scott\soccer-video\out\autoframe_work\cinematic\010__2025-10-04__TSC_vs_FC_Tulsa_Black__BUILD_UP_SHOT__t63480.00-t64800.00\follow\stabilized.mp4" "--clean-temp"
[WhatIf] not executed
"python" "C:\Users\scott\soccer-video\tools\render_follow_unified.py" "--in" "C:\Users\scott\soccer-video\out\atomic_clips\_quarantine\010__CROSS__t1541.10-t1547.90.mp4" "--preset" "cinematic" "--out" "C:\Users\scott\soccer-video\out\autoframe_work\cinematic\010__CROSS__t1541.10-t1547.90\follow\stabilized.mp4" "--clean-temp"
[WhatIf] not executed
"python" "C:\Users\scott\soccer-video\tools\render_follow_unified.py" "--in" "C:\Users\scott\soccer-video\out\atomic_clips\_quarantine\010__CROSS__t1541.10-t1547.90.__CINEMATIC.mp4" "--preset" "cinematic" "--out" "C:\Users\scott\soccer-video\out\autoframe_work\cinematic\010__CROSS__t1541.10-t1547.90.__CINEMATIC\follow\stabilized.mp4" "--clean-temp"
[WhatIf] not executed
"python" "C:\Users\scott\soccer-video\tools\render_follow_unified.py" "--in" "C:\Users\scott\soccer-video\out\atomic_clips\_quarantine\011__2025-09-20__TSC_vs_Greenwood__GOAL__t54120.00-t54780.00.mp4" "--preset" "cinematic" "--out" "C:\Users\scott\soccer-video\out\autoframe_work\cinematic\011__2025-09-20__TSC_vs_Greenwood__GOAL__t54120.00-t54780.00\follow\stabilized.mp4" "--clean-temp"
[WhatIf] not executed
"python" "C:\Users\scott\soccer-video\tools\render_follow_unified.py" "--in" "C:\Users\scott\soccer-video\out\atomic_clips\_quarantine\011__2025-09-20__TSC_vs_RVFC__PRESSURE_SHOT__t41340.00-t42120.00.mp4" "--preset" "cinematic" "--out" "C:\Users\scott\soccer-video\out\autoframe_work\cinematic\011__2025-09-20__TSC_vs_RVFC__PRESSURE_SHOT__t41340.00-t42120.00\follow\stabilized.mp4" "--clean-temp"
[WhatIf] not executed
"python" "C:\Users\scott\soccer-video\tools\render_follow_unified.py" "--in" "C:\Users\scott\soccer-video\out\atomic_clips\_quarantine\011__2025-10-04__TSC_vs_FC_Tulsa_Black__BUILD_UP_SHOT__t71880.00-t73320.00.mp4" "--preset" "cinematic" "--out" "C:\Users\scott\soccer-video\out\autoframe_work\cinematic\011__2025-10-04__TSC_vs_FC_Tulsa_Black__BUILD_UP_SHOT__t71880.00-t73320.00\follow\stabilized.mp4" "--clean-temp"
[WhatIf] not executed
"python" "C:\Users\scott\soccer-video\tools\render_follow_unified.py" "--in" "C:\Users\scott\soccer-video\out\atomic_clips\_quarantine\011__SHOTS__t1655.00-t1670.30.mp4" "--preset" "cinematic" "--out" "C:\Users\scott\soccer-video\out\autoframe_work\cinematic\011__SHOTS__t1655.00-t1670.30\follow\stabilized.mp4" "--clean-temp"
[WhatIf] not executed
"python" "C:\Users\scott\soccer-video\tools\render_follow_unified.py" "--in" "C:\Users\scott\soccer-video\out\atomic_clips\_quarantine\011__SHOTS__t1655.00-t1670.30.__CINEMATIC.mp4" "--preset" "cinematic" "--out" "C:\Users\scott\soccer-video\out\autoframe_work\cinematic\011__SHOTS__t1655.00-t1670.30.__CINEMATIC\follow\stabilized.mp4" "--clean-temp"
[WhatIf] not executed
"python" "C:\Users\scott\soccer-video\tools\render_follow_unified.py" "--in" "C:\Users\scott\soccer-video\out\atomic_clips\_quarantine\012__2025-09-20__TSC_vs_Greenwood__BUILD_SHOT__t58380.00-t59220.00.mp4" "--preset" "cinematic" "--out" "C:\Users\scott\soccer-video\out\autoframe_work\cinematic\012__2025-09-20__TSC_vs_Greenwood__BUILD_SHOT__t58380.00-t59220.00\follow\stabilized.mp4" "--clean-temp"
[WhatIf] not executed
"python" "C:\Users\scott\soccer-video\tools\render_follow_unified.py" "--in" "C:\Users\scott\soccer-video\out\atomic_clips\_quarantine\012__2025-09-20__TSC_vs_RVFC__BUILD_UP_PLAY_SHOT__t44760.00-t45420.00.mp4" "--preset" "cinematic" "--out" "C:\Users\scott\soccer-video\out\autoframe_work\cinematic\012__2025-09-20__TSC_vs_RVFC__BUILD_UP_PLAY_SHOT__t44760.00-t45420.00\follow\stabilized.mp4" "--clean-temp"
[WhatIf] not executed
"python" "C:\Users\scott\soccer-video\tools\render_follow_unified.py" "--in" "C:\Users\scott\soccer-video\out\atomic_clips\_quarantine\012__2025-10-04__TSC_vs_FC_Tulsa_Black__PRESSURE_GOAL__t74340.00-t75180.00.mp4" "--preset" "cinematic" "--out" "C:\Users\scott\soccer-video\out\autoframe_work\cinematic\012__2025-10-04__TSC_vs_FC_Tulsa_Black__PRESSURE_GOAL__t74340.00-t75180.00\follow\stabilized.mp4" "--clean-temp"
[WhatIf] not executed
"python" "C:\Users\scott\soccer-video\tools\render_follow_unified.py" "--in" "C:\Users\scott\soccer-video\out\atomic_clips\_quarantine\012__GOAL__t1705.20-t1708.50.mp4" "--preset" "cinematic" "--out" "C:\Users\scott\soccer-video\out\autoframe_work\cinematic\012__GOAL__t1705.20-t1708.50\follow\stabilized.mp4" "--clean-temp"
[WhatIf] not executed
"python" "C:\Users\scott\soccer-video\tools\render_follow_unified.py" "--in" "C:\Users\scott\soccer-video\out\atomic_clips\_quarantine\012__GOAL__t1705.20-t1708.50.__CINEMATIC.mp4" "--preset" "cinematic" "--out" "C:\Users\scott\soccer-video\out\autoframe_work\cinematic\012__GOAL__t1705.20-t1708.50.__CINEMATIC\follow\stabilized.mp4" "--clean-temp"
[WhatIf] not executed
"python" "C:\Users\scott\soccer-video\tools\render_follow_unified.py" "--in" "C:\Users\scott\soccer-video\out\atomic_clips\_quarantine\013__2025-09-20__TSC_vs_Greenwood__PRESSURE_SHOT__t59280.00-t60060.00.mp4" "--preset" "cinematic" "--out" "C:\Users\scott\soccer-video\out\autoframe_work\cinematic\013__2025-09-20__TSC_vs_Greenwood__PRESSURE_SHOT__t59280.00-t60060.00\follow\stabilized.mp4" "--clean-temp"
[WhatIf] not executed
"python" "C:\Users\scott\soccer-video\tools\render_follow_unified.py" "--in" "C:\Users\scott\soccer-video\out\atomic_clips\_quarantine\013__2025-09-20__TSC_vs_RVFC__BUILD_UP_PLAY_SHOT__t49260.00-t51900.00.mp4" "--preset" "cinematic" "--out" "C:\Users\scott\soccer-video\out\autoframe_work\cinematic\013__2025-09-20__TSC_vs_RVFC__BUILD_UP_PLAY_SHOT__t49260.00-t51900.00\follow\stabilized.mp4" "--clean-temp"
[WhatIf] not executed
"python" "C:\Users\scott\soccer-video\tools\render_follow_unified.py" "--in" "C:\Users\scott\soccer-video\out\atomic_clips\_quarantine\013__2025-10-04__TSC_vs_FC_Tulsa_Black__BUILD_UP_PLAY__t77400.00-t78360.00.mp4" "--preset" "cinematic" "--out" "C:\Users\scott\soccer-video\out\autoframe_work\cinematic\013__2025-10-04__TSC_vs_FC_Tulsa_Black__BUILD_UP_PLAY__t77400.00-t78360.00\follow\stabilized.mp4" "--clean-temp"
[WhatIf] not executed
"python" "C:\Users\scott\soccer-video\tools\render_follow_unified.py" "--in" "C:\Users\scott\soccer-video\out\atomic_clips\_quarantine\013__GOAL__t1767.50-t1772.60.mp4" "--preset" "cinematic" "--out" "C:\Users\scott\soccer-video\out\autoframe_work\cinematic\013__GOAL__t1767.50-t1772.60\follow\stabilized.mp4" "--clean-temp"
[WhatIf] not executed
"python" "C:\Users\scott\soccer-video\tools\render_follow_unified.py" "--in" "C:\Users\scott\soccer-video\out\atomic_clips\_quarantine\013__GOAL__t1767.50-t1772.60.__CINEMATIC.mp4" "--preset" "cinematic" "--out" "C:\Users\scott\soccer-video\out\autoframe_work\cinematic\013__GOAL__t1767.50-t1772.60.__CINEMATIC\follow\stabilized.mp4" "--clean-temp"
[WhatIf] not executed
"python" "C:\Users\scott\soccer-video\tools\render_follow_unified.py" "--in" "C:\Users\scott\soccer-video\out\atomic_clips\_quarantine\014__2025-09-20__TSC_vs_Greenwood__PRESSURE_SHOT__t63780.00-t64380.00.mp4" "--preset" "cinematic" "--out" "C:\Users\scott\soccer-video\out\autoframe_work\cinematic\014__2025-09-20__TSC_vs_Greenwood__PRESSURE_SHOT__t63780.00-t64380.00\follow\stabilized.mp4" "--clean-temp"
[WhatIf] not executed
"python" "C:\Users\scott\soccer-video\tools\render_follow_unified.py" "--in" "C:\Users\scott\soccer-video\out\atomic_clips\_quarantine\014__2025-09-20__TSC_vs_RVFC__DEFENSE_BUILD_UP__t52800.00-t53820.00.mp4" "--preset" "cinematic" "--out" "C:\Users\scott\soccer-video\out\autoframe_work\cinematic\014__2025-09-20__TSC_vs_RVFC__DEFENSE_BUILD_UP__t52800.00-t53820.00\follow\stabilized.mp4" "--clean-temp"
[WhatIf] not executed
"python" "C:\Users\scott\soccer-video\tools\render_follow_unified.py" "--in" "C:\Users\scott\soccer-video\out\atomic_clips\_quarantine\014__2025-10-04__TSC_vs_FC_Tulsa_Black__SHOT__t2354400.00-t2394000.00.mp4" "--preset" "cinematic" "--out" "C:\Users\scott\soccer-video\out\autoframe_work\cinematic\014__2025-10-04__TSC_vs_FC_Tulsa_Black__SHOT__t2354400.00-t2394000.00\follow\stabilized.mp4" "--clean-temp"
[WhatIf] not executed
"python" "C:\Users\scott\soccer-video\tools\render_follow_unified.py" "--in" "C:\Users\scott\soccer-video\out\atomic_clips\_quarantine\014__GOAL__t1904.20-t1925.20.mp4" "--preset" "cinematic" "--out" "C:\Users\scott\soccer-video\out\autoframe_work\cinematic\014__GOAL__t1904.20-t1925.20\follow\stabilized.mp4" "--clean-temp"
[WhatIf] not executed
"python" "C:\Users\scott\soccer-video\tools\render_follow_unified.py" "--in" "C:\Users\scott\soccer-video\out\atomic_clips\_quarantine\014__GOAL__t1904.20-t1925.20.__CINEMATIC.mp4" "--preset" "cinematic" "--out" "C:\Users\scott\soccer-video\out\autoframe_work\cinematic\014__GOAL__t1904.20-t1925.20.__CINEMATIC\follow\stabilized.mp4" "--clean-temp"
[WhatIf] not executed
"python" "C:\Users\scott\soccer-video\tools\render_follow_unified.py" "--in" "C:\Users\scott\soccer-video\out\atomic_clips\_quarantine\015__2025-09-20__TSC_vs_Greenwood__SHOT__t64860.00-t65280.00.mp4" "--preset" "cinematic" "--out" "C:\Users\scott\soccer-video\out\autoframe_work\cinematic\015__2025-09-20__TSC_vs_Greenwood__SHOT__t64860.00-t65280.00\follow\stabilized.mp4" "--clean-temp"
[WhatIf] not executed
"python" "C:\Users\scott\soccer-video\tools\render_follow_unified.py" "--in" "C:\Users\scott\soccer-video\out\atomic_clips\_quarantine\015__2025-09-20__TSC_vs_RVFC__SHOT__t55800.00-t56220.00.mp4" "--preset" "cinematic" "--out" "C:\Users\scott\soccer-video\out\autoframe_work\cinematic\015__2025-09-20__TSC_vs_RVFC__SHOT__t55800.00-t56220.00\follow\stabilized.mp4" "--clean-temp"
[WhatIf] not executed
"python" "C:\Users\scott\soccer-video\tools\render_follow_unified.py" "--in" "C:\Users\scott\soccer-video\out\atomic_clips\_quarantine\015__DRIBBLING__t1972.50-t1980.70.mp4" "--preset" "cinematic" "--out" "C:\Users\scott\soccer-video\out\autoframe_work\cinematic\015__DRIBBLING__t1972.50-t1980.70\follow\stabilized.mp4" "--clean-temp"
[WhatIf] not executed
"python" "C:\Users\scott\soccer-video\tools\render_follow_unified.py" "--in" "C:\Users\scott\soccer-video\out\atomic_clips\_quarantine\015__DRIBBLING__t1972.50-t1980.70.__CINEMATIC.mp4" "--preset" "cinematic" "--out" "C:\Users\scott\soccer-video\out\autoframe_work\cinematic\015__DRIBBLING__t1972.50-t1980.70.__CINEMATIC\follow\stabilized.mp4" "--clean-temp"
[WhatIf] not executed
"python" "C:\Users\scott\soccer-video\tools\render_follow_unified.py" "--in" "C:\Users\scott\soccer-video\out\atomic_clips\_quarantine\016__2025-09-20__TSC_vs_Greenwood__BUILD_UP_PLAY_SHOT__t71700.00-t72540.00.mp4" "--preset" "cinematic" "--out" "C:\Users\scott\soccer-video\out\autoframe_work\cinematic\016__2025-09-20__TSC_vs_Greenwood__BUILD_UP_PLAY_SHOT__t71700.00-t72540.00\follow\stabilized.mp4" "--clean-temp"
[WhatIf] not executed
"python" "C:\Users\scott\soccer-video\tools\render_follow_unified.py" "--in" "C:\Users\scott\soccer-video\out\atomic_clips\_quarantine\016__2025-09-20__TSC_vs_RVFC__BUILD_UP_PLAY_SHOT__t59940.00-t61320.00.mp4" "--preset" "cinematic" "--out" "C:\Users\scott\soccer-video\out\autoframe_work\cinematic\016__2025-09-20__TSC_vs_RVFC__BUILD_UP_PLAY_SHOT__t59940.00-t61320.00\follow\stabilized.mp4" "--clean-temp"
[WhatIf] not executed
"python" "C:\Users\scott\soccer-video\tools\render_follow_unified.py" "--in" "C:\Users\scott\soccer-video\out\atomic_clips\_quarantine\016__SHOT__t2029.90-t2039.50.mp4" "--preset" "cinematic" "--out" "C:\Users\scott\soccer-video\out\autoframe_work\cinematic\016__SHOT__t2029.90-t2039.50\follow\stabilized.mp4" "--clean-temp"
[WhatIf] not executed
"python" "C:\Users\scott\soccer-video\tools\render_follow_unified.py" "--in" "C:\Users\scott\soccer-video\out\atomic_clips\_quarantine\016__SHOT__t2029.90-t2039.50.__CINEMATIC.mp4" "--preset" "cinematic" "--out" "C:\Users\scott\soccer-video\out\autoframe_work\cinematic\016__SHOT__t2029.90-t2039.50.__CINEMATIC\follow\stabilized.mp4" "--clean-temp"
[WhatIf] not executed
"python" "C:\Users\scott\soccer-video\tools\render_follow_unified.py" "--in" "C:\Users\scott\soccer-video\out\atomic_clips\_quarantine\017__2025-09-20__TSC_vs_Greenwood__PRESSURE_SHOT__t72720.00-t73440.00.mp4" "--preset" "cinematic" "--out" "C:\Users\scott\soccer-video\out\autoframe_work\cinematic\017__2025-09-20__TSC_vs_Greenwood__PRESSURE_SHOT__t72720.00-t73440.00\follow\stabilized.mp4" "--clean-temp"
[WhatIf] not executed
"python" "C:\Users\scott\soccer-video\tools\render_follow_unified.py" "--in" "C:\Users\scott\soccer-video\out\atomic_clips\_quarantine\017__2025-09-20__TSC_vs_RVFC__BUILD_UP_PLAY_SHOT__t65280.00-t67440.00.mp4" "--preset" "cinematic" "--out" "C:\Users\scott\soccer-video\out\autoframe_work\cinematic\017__2025-09-20__TSC_vs_RVFC__BUILD_UP_PLAY_SHOT__t65280.00-t67440.00\follow\stabilized.mp4" "--clean-temp"
[WhatIf] not executed
"python" "C:\Users\scott\soccer-video\tools\render_follow_unified.py" "--in" "C:\Users\scott\soccer-video\out\atomic_clips\_quarantine\017__SHOT__t2284.90-t2298.20.mp4" "--preset" "cinematic" "--out" "C:\Users\scott\soccer-video\out\autoframe_work\cinematic\017__SHOT__t2284.90-t2298.20\follow\stabilized.mp4" "--clean-temp"
[WhatIf] not executed
"python" "C:\Users\scott\soccer-video\tools\render_follow_unified.py" "--in" "C:\Users\scott\soccer-video\out\atomic_clips\_quarantine\017__SHOT__t2284.90-t2298.20.__CINEMATIC.mp4" "--preset" "cinematic" "--out" "C:\Users\scott\soccer-video\out\autoframe_work\cinematic\017__SHOT__t2284.90-t2298.20.__CINEMATIC\follow\stabilized.mp4" "--clean-temp"
[WhatIf] not executed
"python" "C:\Users\scott\soccer-video\tools\render_follow_unified.py" "--in" "C:\Users\scott\soccer-video\out\atomic_clips\_quarantine\018__2025-09-20__TSC_vs_Greenwood__BUILD_UP_PLAY_GOAL__t77520.00-t79740.00.mp4" "--preset" "cinematic" "--out" "C:\Users\scott\soccer-video\out\autoframe_work\cinematic\018__2025-09-20__TSC_vs_Greenwood__BUILD_UP_PLAY_GOAL__t77520.00-t79740.00\follow\stabilized.mp4" "--clean-temp"
[WhatIf] not executed
"python" "C:\Users\scott\soccer-video\tools\render_follow_unified.py" "--in" "C:\Users\scott\soccer-video\out\atomic_clips\_quarantine\018__2025-09-20__TSC_vs_RVFC__DRIBBLING_SHOT__t68820.00-t69180.00.mp4" "--preset" "cinematic" "--out" "C:\Users\scott\soccer-video\out\autoframe_work\cinematic\018__2025-09-20__TSC_vs_RVFC__DRIBBLING_SHOT__t68820.00-t69180.00\follow\stabilized.mp4" "--clean-temp"
[WhatIf] not executed
"python" "C:\Users\scott\soccer-video\tools\render_follow_unified.py" "--in" "C:\Users\scott\soccer-video\out\atomic_clips\_quarantine\018__SHOT__t2419.50-t2425.60.mp4" "--preset" "cinematic" "--out" "C:\Users\scott\soccer-video\out\autoframe_work\cinematic\018__SHOT__t2419.50-t2425.60\follow\stabilized.mp4" "--clean-temp"
[WhatIf] not executed
"python" "C:\Users\scott\soccer-video\tools\render_follow_unified.py" "--in" "C:\Users\scott\soccer-video\out\atomic_clips\_quarantine\018__SHOT__t2419.50-t2425.60.__CINEMATIC.mp4" "--preset" "cinematic" "--out" "C:\Users\scott\soccer-video\out\autoframe_work\cinematic\018__SHOT__t2419.50-t2425.60.__CINEMATIC\follow\stabilized.mp4" "--clean-temp"
[WhatIf] not executed
"python" "C:\Users\scott\soccer-video\tools\render_follow_unified.py" "--in" "C:\Users\scott\soccer-video\out\atomic_clips\_quarantine\019__2025-09-20__TSC_vs_Greenwood__PRESSURE_SHOT__t82140.00-t82980.00.mp4" "--preset" "cinematic" "--out" "C:\Users\scott\soccer-video\out\autoframe_work\cinematic\019__2025-09-20__TSC_vs_Greenwood__PRESSURE_SHOT__t82140.00-t82980.00\follow\stabilized.mp4" "--clean-temp"
[WhatIf] not executed
"python" "C:\Users\scott\soccer-video\tools\render_follow_unified.py" "--in" "C:\Users\scott\soccer-video\out\atomic_clips\_quarantine\019__2025-09-20__TSC_vs_RVFC__BUILD_UP_PLAY_SHOT__t69480.00-t70920.00.mp4" "--preset" "cinematic" "--out" "C:\Users\scott\soccer-video\out\autoframe_work\cinematic\019__2025-09-20__TSC_vs_RVFC__BUILD_UP_PLAY_SHOT__t69480.00-t70920.00\follow\stabilized.mp4" "--clean-temp"
[WhatIf] not executed
"python" "C:\Users\scott\soccer-video\tools\render_follow_unified.py" "--in" "C:\Users\scott\soccer-video\out\atomic_clips\_quarantine\019__SHOT__t2633.00-t2638.10.mp4" "--preset" "cinematic" "--out" "C:\Users\scott\soccer-video\out\autoframe_work\cinematic\019__SHOT__t2633.00-t2638.10\follow\stabilized.mp4" "--clean-temp"
[WhatIf] not executed
"python" "C:\Users\scott\soccer-video\tools\render_follow_unified.py" "--in" "C:\Users\scott\soccer-video\out\atomic_clips\_quarantine\019__SHOT__t2633.00-t2638.10.__CINEMATIC.mp4" "--preset" "cinematic" "--out" "C:\Users\scott\soccer-video\out\autoframe_work\cinematic\019__SHOT__t2633.00-t2638.10.__CINEMATIC\follow\stabilized.mp4" "--clean-temp"
[WhatIf] not executed
"python" "C:\Users\scott\soccer-video\tools\render_follow_unified.py" "--in" "C:\Users\scott\soccer-video\out\atomic_clips\_quarantine\020__2025-09-20__TSC_vs_Greenwood__PRESSURE_SHOT__t83580.00-t84540.00.mp4" "--preset" "cinematic" "--out" "C:\Users\scott\soccer-video\out\autoframe_work\cinematic\020__2025-09-20__TSC_vs_Greenwood__PRESSURE_SHOT__t83580.00-t84540.00\follow\stabilized.mp4" "--clean-temp"
[WhatIf] not executed
"python" "C:\Users\scott\soccer-video\tools\render_follow_unified.py" "--in" "C:\Users\scott\soccer-video\out\atomic_clips\_quarantine\020__2025-09-20__TSC_vs_RVFC__SHOT__t74160.00-t74580.00.mp4" "--preset" "cinematic" "--out" "C:\Users\scott\soccer-video\out\autoframe_work\cinematic\020__2025-09-20__TSC_vs_RVFC__SHOT__t74160.00-t74580.00\follow\stabilized.mp4" "--clean-temp"
[WhatIf] not executed
"python" "C:\Users\scott\soccer-video\tools\render_follow_unified.py" "--in" "C:\Users\scott\soccer-video\out\atomic_clips\_quarantine\020__GOAL__t2816.60-t2831.80.mp4" "--preset" "cinematic" "--out" "C:\Users\scott\soccer-video\out\autoframe_work\cinematic\020__GOAL__t2816.60-t2831.80\follow\stabilized.mp4" "--clean-temp"
[WhatIf] not executed
"python" "C:\Users\scott\soccer-video\tools\render_follow_unified.py" "--in" "C:\Users\scott\soccer-video\out\atomic_clips\_quarantine\020__GOAL__t2816.60-t2831.80.__CINEMATIC.mp4" "--preset" "cinematic" "--out" "C:\Users\scott\soccer-video\out\autoframe_work\cinematic\020__GOAL__t2816.60-t2831.80.__CINEMATIC\follow\stabilized.mp4" "--clean-temp"
[WhatIf] not executed
"python" "C:\Users\scott\soccer-video\tools\render_follow_unified.py" "--in" "C:\Users\scott\soccer-video\out\atomic_clips\_quarantine\021__2025-09-20__TSC_vs_RVFC__CROSS__t76500.00-t77580.00.mp4" "--preset" "cinematic" "--out" "C:\Users\scott\soccer-video\out\autoframe_work\cinematic\021__2025-09-20__TSC_vs_RVFC__CROSS__t76500.00-t77580.00\follow\stabilized.mp4" "--clean-temp"
[WhatIf] not executed
"python" "C:\Users\scott\soccer-video\tools\render_follow_unified.py" "--in" "C:\Users\scott\soccer-video\out\atomic_clips\_quarantine\021__SHOT__t2860.70-t2873.00.mp4" "--preset" "cinematic" "--out" "C:\Users\scott\soccer-video\out\autoframe_work\cinematic\021__SHOT__t2860.70-t2873.00\follow\stabilized.mp4" "--clean-temp"
[WhatIf] not executed
"python" "C:\Users\scott\soccer-video\tools\render_follow_unified.py" "--in" "C:\Users\scott\soccer-video\out\atomic_clips\_quarantine\022__2025-09-20__TSC_vs_RVFC__PRESSURE_SHOT__t78000.00-t78600.00.mp4" "--preset" "cinematic" "--out" "C:\Users\scott\soccer-video\out\autoframe_work\cinematic\022__2025-09-20__TSC_vs_RVFC__PRESSURE_SHOT__t78000.00-t78600.00\follow\stabilized.mp4" "--clean-temp"
[WhatIf] not executed
"python" "C:\Users\scott\soccer-video\tools\render_follow_unified.py" "--in" "C:\Users\scott\soccer-video\out\atomic_clips\_quarantine\023__2025-09-20__TSC_vs_RVFC__PRESSURE_SHOT__t78960.00-t79740.00.mp4" "--preset" "cinematic" "--out" "C:\Users\scott\soccer-video\out\autoframe_work\cinematic\023__2025-09-20__TSC_vs_RVFC__PRESSURE_SHOT__t78960.00-t79740.00\follow\stabilized.mp4" "--clean-temp"
[WhatIf] not executed
"python" "C:\Users\scott\soccer-video\tools\render_follow_unified.py" "--in" "C:\Users\scott\soccer-video\out\atomic_clips\_quarantine\023__SHOT__t3098.90-t3108.80.mp4" "--preset" "cinematic" "--out" "C:\Users\scott\soccer-video\out\autoframe_work\cinematic\023__SHOT__t3098.90-t3108.80\follow\stabilized.mp4" "--clean-temp"
[WhatIf] not executed
"python" "C:\Users\scott\soccer-video\tools\render_follow_unified.py" "--in" "C:\Users\scott\soccer-video\out\atomic_clips\_quarantine\024__2025-09-20__TSC_vs_Greenwood__PRESSURE_SHOT__t2718000.00-t2754000.00.mp4" "--preset" "cinematic" "--out" "C:\Users\scott\soccer-video\out\autoframe_work\cinematic\024__2025-09-20__TSC_vs_Greenwood__PRESSURE_SHOT__t2718000.00-t2754000.00\follow\stabilized.mp4" "--clean-temp"
[WhatIf] not executed
"python" "C:\Users\scott\soccer-video\tools\render_follow_unified.py" "--in" "C:\Users\scott\soccer-video\out\atomic_clips\_quarantine\024__2025-09-20__TSC_vs_RVFC__FREE_KICK__t84120.00-t85260.00.mp4" "--preset" "cinematic" "--out" "C:\Users\scott\soccer-video\out\autoframe_work\cinematic\024__2025-09-20__TSC_vs_RVFC__FREE_KICK__t84120.00-t85260.00\follow\stabilized.mp4" "--clean-temp"
[WhatIf] not executed
"python" "C:\Users\scott\soccer-video\tools\render_follow_unified.py" "--in" "C:\Users\scott\soccer-video\out\atomic_clips\_quarantine\025__2025-09-20__TSC_vs_RVFC__PRESSURE_GOAL__t2203200.00-t2232000.00.mp4" "--preset" "cinematic" "--out" "C:\Users\scott\soccer-video\out\autoframe_work\cinematic\025__2025-09-20__TSC_vs_RVFC__PRESSURE_GOAL__t2203200.00-t2232000.00\follow\stabilized.mp4" "--clean-temp"
[WhatIf] not executed
"python" "C:\Users\scott\soccer-video\tools\render_follow_unified.py" "--in" "C:\Users\scott\soccer-video\out\atomic_clips\_quarantine\026__2025-09-20__TSC_vs_RVFC__DRIBBLING_SHOT__t2592000.00-t2628000.00.mp4" "--preset" "cinematic" "--out" "C:\Users\scott\soccer-video\out\autoframe_work\cinematic\026__2025-09-20__TSC_vs_RVFC__DRIBBLING_SHOT__t2592000.00-t2628000.00\follow\stabilized.mp4" "--clean-temp"
[WhatIf] not executed
"python" "C:\Users\scott\soccer-video\tools\render_follow_unified.py" "--in" "C:\Users\scott\soccer-video\out\atomic_clips\_quarantine\027__2025-09-20__TSC_vs_Greenwood__BUILD_UP_PLAY_SHOT__t2937600.00-t3002400.00.mp4" "--preset" "cinematic" "--out" "C:\Users\scott\soccer-video\out\autoframe_work\cinematic\027__2025-09-20__TSC_vs_Greenwood__BUILD_UP_PLAY_SHOT__t2937600.00-t3002400.00\follow\stabilized.mp4" "--clean-temp"
[WhatIf] not executed
"python" "C:\Users\scott\soccer-video\tools\render_follow_unified.py" "--in" "C:\Users\scott\soccer-video\out\atomic_clips\_quarantine\036__2025-09-20__TSC_vs_Greenwood__PRESSURE_SHOT__t3906000.00-t3942000.00.mp4" "--preset" "cinematic" "--out" "C:\Users\scott\soccer-video\out\autoframe_work\cinematic\036__2025-09-20__TSC_vs_Greenwood__PRESSURE_SHOT__t3906000.00-t3942000.00\follow\stabilized.mp4" "--clean-temp"
[WhatIf] not executed
"python" "C:\Users\scott\soccer-video\tools\render_follow_unified.py" "--in" "C:\Users\scott\soccer-video\out\atomic_clips\_quarantine\038__2025-09-20__TSC_vs_Greenwood__PRESSURE_SHOT__t4010400.00-t4086000.00.mp4" "--preset" "cinematic" "--out" "C:\Users\scott\soccer-video\out\autoframe_work\cinematic\038__2025-09-20__TSC_vs_Greenwood__PRESSURE_SHOT__t4010400.00-t4086000.00\follow\stabilized.mp4" "--clean-temp"
[WhatIf] not executed
"python" "C:\Users\scott\soccer-video\tools\render_follow_unified.py" "--in" "C:\Users\scott\soccer-video\out\atomic_clips\_quarantine\041__2025-09-20__TSC_vs_RVFC__CORNER__t3931200.00-t3967200.00.mp4" "--preset" "cinematic" "--out" "C:\Users\scott\soccer-video\out\autoframe_work\cinematic\041__2025-09-20__TSC_vs_RVFC__CORNER__t3931200.00-t3967200.00\follow\stabilized.mp4" "--clean-temp"
[WhatIf] not executed
"python" "C:\Users\scott\soccer-video\tools\render_follow_unified.py" "--in" "C:\Users\scott\soccer-video\out\atomic_clips\_quarantine\042__2025-09-20__TSC_vs_RVFC__CORNER__t3992400.00-t4057200.00.mp4" "--preset" "cinematic" "--out" "C:\Users\scott\soccer-video\out\autoframe_work\cinematic\042__2025-09-20__TSC_vs_RVFC__CORNER__t3992400.00-t4057200.00\follow\stabilized.mp4" "--clean-temp"
[WhatIf] not executed
"python" "C:\Users\scott\soccer-video\tools\render_follow_unified.py" "--in" "C:\Users\scott\soccer-video\out\atomic_clips\2025-09-13__TSC_vs_NEOFC\001__2025-09-13__TSC_vs_NEOFC__SHOT__t156-t166.mp4" "--preset" "cinematic" "--out" "C:\Users\scott\soccer-video\out\autoframe_work\cinematic\001__2025-09-13__TSC_vs_NEOFC__SHOT__t156-t166\follow\stabilized.mp4" "--clean-temp"
[WhatIf] not executed
"python" "C:\Users\scott\soccer-video\tools\render_follow_unified.py" "--in" "C:\Users\scott\soccer-video\out\atomic_clips\2025-09-13__TSC_vs_NEOFC\002__2025-09-13__TSC_vs_NEOFC__GOAL__t180.80-t191.20.__DEBUG_FINAL_portrait_FINAL.mp4" "--preset" "cinematic" "--out" "C:\Users\scott\soccer-video\out\autoframe_work\cinematic\002__2025-09-13__TSC_vs_NEOFC__GOAL__t180.80-t191.20.__DEBUG_FINAL_portrait_FINAL\follow\stabilized.mp4" "--clean-temp"
[WhatIf] not executed
"python" "C:\Users\scott\soccer-video\tools\render_follow_unified.py" "--in" "C:\Users\scott\soccer-video\out\atomic_clips\2025-09-13__TSC_vs_NEOFC\003__2025-09-13__TSC_vs_NEOFC__BUILD_UP__t224.80-t248.70.__DEBUG_FINAL_portrait_FINAL.mp4" "--preset" "cinematic" "--out" "C:\Users\scott\soccer-video\out\autoframe_work\cinematic\003__2025-09-13__TSC_vs_NEOFC__BUILD_UP__t224.80-t248.70.__DEBUG_FINAL_portrait_FINAL\follow\stabilized.mp4" "--clean-temp"
[WhatIf] not executed
"python" "C:\Users\scott\soccer-video\tools\render_follow_unified.py" "--in" "C:\Users\scott\soccer-video\out\atomic_clips\2025-09-13__TSC_vs_NEOFC\004__2025-09-13__TSC_vs_NEOFC__GOAL__t266.50-t283.10.__DEBUG_FINAL_portrait_FINAL.mp4" "--preset" "cinematic" "--out" "C:\Users\scott\soccer-video\out\autoframe_work\cinematic\004__2025-09-13__TSC_vs_NEOFC__GOAL__t266.50-t283.10.__DEBUG_FINAL_portrait_FINAL\follow\stabilized.mp4" "--clean-temp"
[WhatIf] not executed
"python" "C:\Users\scott\soccer-video\tools\render_follow_unified.py" "--in" "C:\Users\scott\soccer-video\out\atomic_clips\2025-09-13__TSC_vs_NEOFC\005__2025-09-13__TSC_vs_NEOFC__CORNER__t417.90-t431.60.__DEBUG_FINAL_portrait_FINAL.mp4" "--preset" "cinematic" "--out" "C:\Users\scott\soccer-video\out\autoframe_work\cinematic\005__2025-09-13__TSC_vs_NEOFC__CORNER__t417.90-t431.60.__DEBUG_FINAL_portrait_FINAL\follow\stabilized.mp4" "--clean-temp"
[WhatIf] not executed
"python" "C:\Users\scott\soccer-video\tools\render_follow_unified.py" "--in" "C:\Users\scott\soccer-video\out\atomic_clips\2025-09-13__TSC_vs_NEOFC\006__2025-09-13__TSC_vs_NEOFC__DEFENSE__t699.30-t711.50.__DEBUG_FINAL_portrait_FINAL.mp4" "--preset" "cinematic" "--out" "C:\Users\scott\soccer-video\out\autoframe_work\cinematic\006__2025-09-13__TSC_vs_NEOFC__DEFENSE__t699.30-t711.50.__DEBUG_FINAL_portrait_FINAL\follow\stabilized.mp4" "--clean-temp"
[WhatIf] not executed
"python" "C:\Users\scott\soccer-video\tools\render_follow_unified.py" "--in" "C:\Users\scott\soccer-video\out\atomic_clips\2025-09-13__TSC_vs_NEOFC\007__2025-09-13__TSC_vs_NEOFC__DRIBBLING__t982.00-t987.90_portrait_POST.mp4" "--preset" "cinematic" "--out" "C:\Users\scott\soccer-video\out\autoframe_work\cinematic\007__2025-09-13__TSC_vs_NEOFC__DRIBBLING__t982.00-t987.90_portrait_POST\follow\stabilized.mp4" "--clean-temp"
[WhatIf] not executed
"python" "C:\Users\scott\soccer-video\tools\render_follow_unified.py" "--in" "C:\Users\scott\soccer-video\out\atomic_clips\2025-09-13__TSC_vs_NEOFC\008__2025-09-13__TSC_vs_NEOFC__SHOT__t1247.80-t1259.20_portrait_POST.mp4" "--preset" "cinematic" "--out" "C:\Users\scott\soccer-video\out\autoframe_work\cinematic\008__2025-09-13__TSC_vs_NEOFC__SHOT__t1247.80-t1259.20_portrait_POST\follow\stabilized.mp4" "--clean-temp"
[WhatIf] not executed
"python" "C:\Users\scott\soccer-video\tools\render_follow_unified.py" "--in" "C:\Users\scott\soccer-video\out\atomic_clips\2025-09-13__TSC_vs_NEOFC\009__2025-09-13__TSC_vs_NEOFC__SHOT__t1420.40-t1438.20_portrait_POST.mp4" "--preset" "cinematic" "--out" "C:\Users\scott\soccer-video\out\autoframe_work\cinematic\009__2025-09-13__TSC_vs_NEOFC__SHOT__t1420.40-t1438.20_portrait_POST\follow\stabilized.mp4" "--clean-temp"
[WhatIf] not executed
"python" "C:\Users\scott\soccer-video\tools\render_follow_unified.py" "--in" "C:\Users\scott\soccer-video\out\atomic_clips\2025-09-13__TSC_vs_NEOFC\010__2025-09-13__TSC_vs_NEOFC__CROSS__t1541.10-t1547.90_portrait_POST.mp4" "--preset" "cinematic" "--out" "C:\Users\scott\soccer-video\out\autoframe_work\cinematic\010__2025-09-13__TSC_vs_NEOFC__CROSS__t1541.10-t1547.90_portrait_POST\follow\stabilized.mp4" "--clean-temp"
[WhatIf] not executed
"python" "C:\Users\scott\soccer-video\tools\render_follow_unified.py" "--in" "C:\Users\scott\soccer-video\out\atomic_clips\2025-09-13__TSC_vs_NEOFC\011__2025-09-13__TSC_vs_NEOFC__SHOTS__t1655.00-t1670.30_portrait_POST.mp4" "--preset" "cinematic" "--out" "C:\Users\scott\soccer-video\out\autoframe_work\cinematic\011__2025-09-13__TSC_vs_NEOFC__SHOTS__t1655.00-t1670.30_portrait_POST\follow\stabilized.mp4" "--clean-temp"
[WhatIf] not executed
"python" "C:\Users\scott\soccer-video\tools\render_follow_unified.py" "--in" "C:\Users\scott\soccer-video\out\atomic_clips\2025-09-13__TSC_vs_NEOFC\012__2025-09-13__TSC_vs_NEOFC__GOAL__t1705.20-t1708.50_portrait_POST.mp4" "--preset" "cinematic" "--out" "C:\Users\scott\soccer-video\out\autoframe_work\cinematic\012__2025-09-13__TSC_vs_NEOFC__GOAL__t1705.20-t1708.50_portrait_POST\follow\stabilized.mp4" "--clean-temp"
[WhatIf] not executed
"python" "C:\Users\scott\soccer-video\tools\render_follow_unified.py" "--in" "C:\Users\scott\soccer-video\out\atomic_clips\2025-09-13__TSC_vs_NEOFC\013__2025-09-13__TSC_vs_NEOFC__GOAL__t1767.50-t1772.60_portrait_POST.mp4" "--preset" "cinematic" "--out" "C:\Users\scott\soccer-video\out\autoframe_work\cinematic\013__2025-09-13__TSC_vs_NEOFC__GOAL__t1767.50-t1772.60_portrait_POST\follow\stabilized.mp4" "--clean-temp"
[WhatIf] not executed
"python" "C:\Users\scott\soccer-video\tools\render_follow_unified.py" "--in" "C:\Users\scott\soccer-video\out\atomic_clips\2025-09-13__TSC_vs_NEOFC\014__2025-09-13__TSC_vs_NEOFC__GOAL__t1904.20-t1925.20_portrait_POST.mp4" "--preset" "cinematic" "--out" "C:\Users\scott\soccer-video\out\autoframe_work\cinematic\014__2025-09-13__TSC_vs_NEOFC__GOAL__t1904.20-t1925.20_portrait_POST\follow\stabilized.mp4" "--clean-temp"
[WhatIf] not executed
"python" "C:\Users\scott\soccer-video\tools\render_follow_unified.py" "--in" "C:\Users\scott\soccer-video\out\atomic_clips\2025-09-13__TSC_vs_NEOFC\015__2025-09-13__TSC_vs_NEOFC__DRIBBLING__t1972.50-t1980.70_portrait_POST.mp4" "--preset" "cinematic" "--out" "C:\Users\scott\soccer-video\out\autoframe_work\cinematic\015__2025-09-13__TSC_vs_NEOFC__DRIBBLING__t1972.50-t1980.70_portrait_POST\follow\stabilized.mp4" "--clean-temp"
[WhatIf] not executed
"python" "C:\Users\scott\soccer-video\tools\render_follow_unified.py" "--in" "C:\Users\scott\soccer-video\out\atomic_clips\2025-09-13__TSC_vs_NEOFC\016__2025-09-13__TSC_vs_NEOFC__SHOT__t2029.90-t2039.50_portrait_POST.mp4" "--preset" "cinematic" "--out" "C:\Users\scott\soccer-video\out\autoframe_work\cinematic\016__2025-09-13__TSC_vs_NEOFC__SHOT__t2029.90-t2039.50_portrait_POST\follow\stabilized.mp4" "--clean-temp"
[WhatIf] not executed
"python" "C:\Users\scott\soccer-video\tools\render_follow_unified.py" "--in" "C:\Users\scott\soccer-video\out\atomic_clips\2025-09-13__TSC_vs_NEOFC\017__2025-09-13__TSC_vs_NEOFC__SHOT__t2284.90-t2298.20_portrait_POST.mp4" "--preset" "cinematic" "--out" "C:\Users\scott\soccer-video\out\autoframe_work\cinematic\017__2025-09-13__TSC_vs_NEOFC__SHOT__t2284.90-t2298.20_portrait_POST\follow\stabilized.mp4" "--clean-temp"
[WhatIf] not executed
"python" "C:\Users\scott\soccer-video\tools\render_follow_unified.py" "--in" "C:\Users\scott\soccer-video\out\atomic_clips\2025-09-13__TSC_vs_NEOFC\018__2025-09-13__TSC_vs_NEOFC__SHOT__t2419.50-t2425.60_portrait_POST.mp4" "--preset" "cinematic" "--out" "C:\Users\scott\soccer-video\out\autoframe_work\cinematic\018__2025-09-13__TSC_vs_NEOFC__SHOT__t2419.50-t2425.60_portrait_POST\follow\stabilized.mp4" "--clean-temp"
[WhatIf] not executed
"python" "C:\Users\scott\soccer-video\tools\render_follow_unified.py" "--in" "C:\Users\scott\soccer-video\out\atomic_clips\2025-09-13__TSC_vs_NEOFC\019__2025-09-13__TSC_vs_NEOFC__SHOT__t2633.00-t2638.10_portrait_POST.mp4" "--preset" "cinematic" "--out" "C:\Users\scott\soccer-video\out\autoframe_work\cinematic\019__2025-09-13__TSC_vs_NEOFC__SHOT__t2633.00-t2638.10_portrait_POST\follow\stabilized.mp4" "--clean-temp"
[WhatIf] not executed
"python" "C:\Users\scott\soccer-video\tools\render_follow_unified.py" "--in" "C:\Users\scott\soccer-video\out\atomic_clips\2025-09-13__TSC_vs_NEOFC\020__2025-09-13__TSC_vs_NEOFC__GOAL__t2816.60-t2831.80_portrait_POST.mp4" "--preset" "cinematic" "--out" "C:\Users\scott\soccer-video\out\autoframe_work\cinematic\020__2025-09-13__TSC_vs_NEOFC__GOAL__t2816.60-t2831.80_portrait_POST\follow\stabilized.mp4" "--clean-temp"
[WhatIf] not executed
"python" "C:\Users\scott\soccer-video\tools\render_follow_unified.py" "--in" "C:\Users\scott\soccer-video\out\atomic_clips\2025-09-13__TSC_vs_NEOFC\021__2025-09-13__TSC_vs_NEOFC__SHOT__t2860.70-t2873.00_portrait_POST.mp4" "--preset" "cinematic" "--out" "C:\Users\scott\soccer-video\out\autoframe_work\cinematic\021__2025-09-13__TSC_vs_NEOFC__SHOT__t2860.70-t2873.00_portrait_POST\follow\stabilized.mp4" "--clean-temp"
[WhatIf] not executed
"python" "C:\Users\scott\soccer-video\tools\render_follow_unified.py" "--in" "C:\Users\scott\soccer-video\out\atomic_clips\2025-09-13__TSC_vs_NEOFC\023__2025-09-13__TSC_vs_NEOFC__SHOT__t3098.90-t3108.80_portrait_POST.mp4" "--preset" "cinematic" "--out" "C:\Users\scott\soccer-video\out\autoframe_work\cinematic\023__2025-09-13__TSC_vs_NEOFC__SHOT__t3098.90-t3108.80_portrait_POST\follow\stabilized.mp4" "--clean-temp"
[WhatIf] not executed
"python" "C:\Users\scott\soccer-video\tools\render_follow_unified.py" "--in" "C:\Users\scott\soccer-video\out\atomic_clips\2025-09-13__TSC_vs_NEOFC\030__2025-09-13__TSC_vs_NEOFC__2025-10-04__TSC_vs_FC_Tulsa_Black__BUILD_UP_SHOT__t1705-t1721.mp4" "--preset" "cinematic" "--out" "C:\Users\scott\soccer-video\out\autoframe_work\cinematic\030__2025-09-13__TSC_vs_NEOFC__2025-10-04__TSC_vs_FC_Tulsa_Black__BUILD_UP_SHOT__t1705-t1721\follow\stabilized.mp4" "--clean-temp"
[WhatIf] not executed
"python" "C:\Users\scott\soccer-video\tools\render_follow_unified.py" "--in" "C:\Users\scott\soccer-video\out\atomic_clips\2025-09-13__TSC_vs_NEOFC\115__2025-09-13__TSC_vs_NEOFC__SHOT__t155.5-t166.4.mp4" "--preset" "cinematic" "--out" "C:\Users\scott\soccer-video\out\autoframe_work\cinematic\115__2025-09-13__TSC_vs_NEOFC__SHOT__t155.5-t166.4\follow\stabilized.mp4" "--clean-temp"
[WhatIf] not executed
"python" "C:\Users\scott\soccer-video\tools\render_follow_unified.py" "--in" "C:\Users\scott\soccer-video\out\atomic_clips\2025-09-20__TSC_vs_Greenwood\001__2025-09-20__TSC_vs_Greenwood__BUILD_UP_PLAY_SHOT__t18900.00-t20340.00.mp4" "--preset" "cinematic" "--out" "C:\Users\scott\soccer-video\out\autoframe_work\cinematic\001__2025-09-20__TSC_vs_Greenwood__BUILD_UP_PLAY_SHOT__t18900.00-t20340.00\follow\stabilized.mp4" "--clean-temp"
[WhatIf] not executed
"python" "C:\Users\scott\soccer-video\tools\render_follow_unified.py" "--in" "C:\Users\scott\soccer-video\out\atomic_clips\2025-09-20__TSC_vs_Greenwood\002__2025-09-20__TSC_vs_Greenwood__GOAL__t20400.00-t21180.00.mp4" "--preset" "cinematic" "--out" "C:\Users\scott\soccer-video\out\autoframe_work\cinematic\002__2025-09-20__TSC_vs_Greenwood__GOAL__t20400.00-t21180.00\follow\stabilized.mp4" "--clean-temp"
[WhatIf] not executed
"python" "C:\Users\scott\soccer-video\tools\render_follow_unified.py" "--in" "C:\Users\scott\soccer-video\out\atomic_clips\2025-09-20__TSC_vs_Greenwood\021__2025-09-20__TSC_vs_Greenwood__BUILD_UP_PLAY_SHOT__t1437.00-t1472.00_portrait_POST.mp4" "--preset" "cinematic" "--out" "C:\Users\scott\soccer-video\out\autoframe_work\cinematic\021__2025-09-20__TSC_vs_Greenwood__BUILD_UP_PLAY_SHOT__t1437.00-t1472.00_portrait_POST\follow\stabilized.mp4" "--clean-temp"
[WhatIf] not executed
"python" "C:\Users\scott\soccer-video\tools\render_follow_unified.py" "--in" "C:\Users\scott\soccer-video\out\atomic_clips\2025-09-20__TSC_vs_Greenwood\022__2025-09-20__TSC_vs_Greenwood__GOAL__t1578.00-t1586.00_portrait_POST.mp4" "--preset" "cinematic" "--out" "C:\Users\scott\soccer-video\out\autoframe_work\cinematic\022__2025-09-20__TSC_vs_Greenwood__GOAL__t1578.00-t1586.00_portrait_POST\follow\stabilized.mp4" "--clean-temp"
[WhatIf] not executed
"python" "C:\Users\scott\soccer-video\tools\render_follow_unified.py" "--in" "C:\Users\scott\soccer-video\out\atomic_clips\2025-09-20__TSC_vs_Greenwood\023__2025-09-20__TSC_vs_Greenwood__BUILD_UP_PLAY_SHOT__t1711.00-t1722.00_portrait_POST.mp4" "--preset" "cinematic" "--out" "C:\Users\scott\soccer-video\out\autoframe_work\cinematic\023__2025-09-20__TSC_vs_Greenwood__BUILD_UP_PLAY_SHOT__t1711.00-t1722.00_portrait_POST\follow\stabilized.mp4" "--clean-temp"
[WhatIf] not executed
"python" "C:\Users\scott\soccer-video\tools\render_follow_unified.py" "--in" "C:\Users\scott\soccer-video\out\atomic_clips\2025-09-20__TSC_vs_Greenwood\024__2025-09-20__TSC_vs_Greenwood__PRESSURE_SHOT__t1871.00-t1881.00_portrait_POST.mp4" "--preset" "cinematic" "--out" "C:\Users\scott\soccer-video\out\autoframe_work\cinematic\024__2025-09-20__TSC_vs_Greenwood__PRESSURE_SHOT__t1871.00-t1881.00_portrait_POST\follow\stabilized.mp4" "--clean-temp"
[WhatIf] not executed
"python" "C:\Users\scott\soccer-video\tools\render_follow_unified.py" "--in" "C:\Users\scott\soccer-video\out\atomic_clips\2025-09-20__TSC_vs_Greenwood\024__2025-09-20__TSC_vs_Greenwood__PRESSURE_SHOT__t2718000.00-t2754000.00.mp4" "--preset" "cinematic" "--out" "C:\Users\scott\soccer-video\out\autoframe_work\cinematic\024__2025-09-20__TSC_vs_Greenwood__PRESSURE_SHOT__t2718000.00-t2754000.00\follow\stabilized.mp4" "--clean-temp"
[WhatIf] not executed
"python" "C:\Users\scott\soccer-video\tools\render_follow_unified.py" "--in" "C:\Users\scott\soccer-video\out\atomic_clips\2025-09-20__TSC_vs_Greenwood\025__2025-09-20__TSC_vs_Greenwood__GOAL__t1885.00-t1895.00_portrait_POST.mp4" "--preset" "cinematic" "--out" "C:\Users\scott\soccer-video\out\autoframe_work\cinematic\025__2025-09-20__TSC_vs_Greenwood__GOAL__t1885.00-t1895.00_portrait_POST\follow\stabilized.mp4" "--clean-temp"
[WhatIf] not executed
"python" "C:\Users\scott\soccer-video\tools\render_follow_unified.py" "--in" "C:\Users\scott\soccer-video\out\atomic_clips\2025-09-20__TSC_vs_Greenwood\026__2025-09-20__TSC_vs_Greenwood__PRESSURE_SHOT__t1951.00-t1962.00_portrait_POST.mp4" "--preset" "cinematic" "--out" "C:\Users\scott\soccer-video\out\autoframe_work\cinematic\026__2025-09-20__TSC_vs_Greenwood__PRESSURE_SHOT__t1951.00-t1962.00_portrait_POST\follow\stabilized.mp4" "--clean-temp"
[WhatIf] not executed
"python" "C:\Users\scott\soccer-video\tools\render_follow_unified.py" "--in" "C:\Users\scott\soccer-video\out\atomic_clips\2025-09-20__TSC_vs_Greenwood\027__2025-09-20__TSC_vs_Greenwood__BUILD_UP_PLAY_SHOT__t2040.00-t2058.00_portrait_POST.mp4" "--preset" "cinematic" "--out" "C:\Users\scott\soccer-video\out\autoframe_work\cinematic\027__2025-09-20__TSC_vs_Greenwood__BUILD_UP_PLAY_SHOT__t2040.00-t2058.00_portrait_POST\follow\stabilized.mp4" "--clean-temp"
[WhatIf] not executed
"python" "C:\Users\scott\soccer-video\tools\render_follow_unified.py" "--in" "C:\Users\scott\soccer-video\out\atomic_clips\2025-09-20__TSC_vs_Greenwood\027__2025-09-20__TSC_vs_Greenwood__BUILD_UP_PLAY_SHOT__t2937600.00-t3002400.00.mp4" "--preset" "cinematic" "--out" "C:\Users\scott\soccer-video\out\autoframe_work\cinematic\027__2025-09-20__TSC_vs_Greenwood__BUILD_UP_PLAY_SHOT__t2937600.00-t3002400.00\follow\stabilized.mp4" "--clean-temp"
[WhatIf] not executed
"python" "C:\Users\scott\soccer-video\tools\render_follow_unified.py" "--in" "C:\Users\scott\soccer-video\out\atomic_clips\2025-09-20__TSC_vs_Greenwood\028__2025-09-20__TSC_vs_Greenwood__BUILD_UP_PLAY_SHOT__t2092.00-t2105.00_portrait_POST.mp4" "--preset" "cinematic" "--out" "C:\Users\scott\soccer-video\out\autoframe_work\cinematic\028__2025-09-20__TSC_vs_Greenwood__BUILD_UP_PLAY_SHOT__t2092.00-t2105.00_portrait_POST\follow\stabilized.mp4" "--clean-temp"
[WhatIf] not executed
"python" "C:\Users\scott\soccer-video\tools\render_follow_unified.py" "--in" "C:\Users\scott\soccer-video\out\atomic_clips\2025-09-20__TSC_vs_Greenwood\029__2025-09-20__TSC_vs_Greenwood__BUILD_UP_PLAY_SHOT__t2134.00-t2152.00_portrait_POST.mp4" "--preset" "cinematic" "--out" "C:\Users\scott\soccer-video\out\autoframe_work\cinematic\029__2025-09-20__TSC_vs_Greenwood__BUILD_UP_PLAY_SHOT__t2134.00-t2152.00_portrait_POST\follow\stabilized.mp4" "--clean-temp"
[WhatIf] not executed
"python" "C:\Users\scott\soccer-video\tools\render_follow_unified.py" "--in" "C:\Users\scott\soccer-video\out\atomic_clips\2025-09-20__TSC_vs_Greenwood\030__2025-09-20__TSC_vs_Greenwood__FREE_KICK_WON_GOAL__t2175.00-t2211.00_portrait_POST.mp4" "--preset" "cinematic" "--out" "C:\Users\scott\soccer-video\out\autoframe_work\cinematic\030__2025-09-20__TSC_vs_Greenwood__FREE_KICK_WON_GOAL__t2175.00-t2211.00_portrait_POST\follow\stabilized.mp4" "--clean-temp"
[WhatIf] not executed
"python" "C:\Users\scott\soccer-video\tools\render_follow_unified.py" "--in" "C:\Users\scott\soccer-video\out\atomic_clips\2025-09-20__TSC_vs_Greenwood\031__2025-09-20__TSC_vs_Greenwood__BUILD_UP_PLAY_SHOT__t2245.00-t2266.00_portrait_POST.mp4" "--preset" "cinematic" "--out" "C:\Users\scott\soccer-video\out\autoframe_work\cinematic\031__2025-09-20__TSC_vs_Greenwood__BUILD_UP_PLAY_SHOT__t2245.00-t2266.00_portrait_POST\follow\stabilized.mp4" "--clean-temp"
[WhatIf] not executed
"python" "C:\Users\scott\soccer-video\tools\render_follow_unified.py" "--in" "C:\Users\scott\soccer-video\out\atomic_clips\2025-09-20__TSC_vs_Greenwood\032__2025-09-20__TSC_vs_Greenwood__BUILD_UP_PLAY_SHOT__t2544.00-t2561.00_portrait_POST.mp4" "--preset" "cinematic" "--out" "C:\Users\scott\soccer-video\out\autoframe_work\cinematic\032__2025-09-20__TSC_vs_Greenwood__BUILD_UP_PLAY_SHOT__t2544.00-t2561.00_portrait_POST\follow\stabilized.mp4" "--clean-temp"
[WhatIf] not executed
"python" "C:\Users\scott\soccer-video\tools\render_follow_unified.py" "--in" "C:\Users\scott\soccer-video\out\atomic_clips\2025-09-20__TSC_vs_Greenwood\033__2025-09-20__TSC_vs_Greenwood__GOAL__t2562.00-t2582.00_portrait_POST.mp4" "--preset" "cinematic" "--out" "C:\Users\scott\soccer-video\out\autoframe_work\cinematic\033__2025-09-20__TSC_vs_Greenwood__GOAL__t2562.00-t2582.00_portrait_POST\follow\stabilized.mp4" "--clean-temp"
[WhatIf] not executed
"python" "C:\Users\scott\soccer-video\tools\render_follow_unified.py" "--in" "C:\Users\scott\soccer-video\out\atomic_clips\2025-09-20__TSC_vs_Greenwood\034__2025-09-20__TSC_vs_Greenwood__PRESSURE_SHOT__t2646.00-t2665.00_portrait_POST.mp4" "--preset" "cinematic" "--out" "C:\Users\scott\soccer-video\out\autoframe_work\cinematic\034__2025-09-20__TSC_vs_Greenwood__PRESSURE_SHOT__t2646.00-t2665.00_portrait_POST\follow\stabilized.mp4" "--clean-temp"
[WhatIf] not executed
"python" "C:\Users\scott\soccer-video\tools\render_follow_unified.py" "--in" "C:\Users\scott\soccer-video\out\atomic_clips\2025-09-20__TSC_vs_Greenwood\035__2025-09-20__TSC_vs_Greenwood__CORNER__t2687.00-t2701.00_portrait_POST.mp4" "--preset" "cinematic" "--out" "C:\Users\scott\soccer-video\out\autoframe_work\cinematic\035__2025-09-20__TSC_vs_Greenwood__CORNER__t2687.00-t2701.00_portrait_POST\follow\stabilized.mp4" "--clean-temp"
[WhatIf] not executed
"python" "C:\Users\scott\soccer-video\tools\render_follow_unified.py" "--in" "C:\Users\scott\soccer-video\out\atomic_clips\2025-09-20__TSC_vs_Greenwood\036__2025-09-20__TSC_vs_Greenwood__PRESSURE_SHOT__t2705.00-t2715.00_portrait_POST.mp4" "--preset" "cinematic" "--out" "C:\Users\scott\soccer-video\out\autoframe_work\cinematic\036__2025-09-20__TSC_vs_Greenwood__PRESSURE_SHOT__t2705.00-t2715.00_portrait_POST\follow\stabilized.mp4" "--clean-temp"
[WhatIf] not executed
"python" "C:\Users\scott\soccer-video\tools\render_follow_unified.py" "--in" "C:\Users\scott\soccer-video\out\atomic_clips\2025-09-20__TSC_vs_Greenwood\037__2025-09-20__TSC_vs_Greenwood__PRESSURE_GOAL__t2729.00-t2749.00_portrait_POST.mp4" "--preset" "cinematic" "--out" "C:\Users\scott\soccer-video\out\autoframe_work\cinematic\037__2025-09-20__TSC_vs_Greenwood__PRESSURE_GOAL__t2729.00-t2749.00_portrait_POST\follow\stabilized.mp4" "--clean-temp"
[WhatIf] not executed
"python" "C:\Users\scott\soccer-video\tools\render_follow_unified.py" "--in" "C:\Users\scott\soccer-video\out\atomic_clips\2025-09-20__TSC_vs_Greenwood\038__2025-09-20__TSC_vs_Greenwood__PRESSURE_SHOT__t2770.00-t2827.00_portrait_POST.mp4" "--preset" "cinematic" "--out" "C:\Users\scott\soccer-video\out\autoframe_work\cinematic\038__2025-09-20__TSC_vs_Greenwood__PRESSURE_SHOT__t2770.00-t2827.00_portrait_POST\follow\stabilized.mp4" "--clean-temp"
[WhatIf] not executed
"python" "C:\Users\scott\soccer-video\tools\render_follow_unified.py" "--in" "C:\Users\scott\soccer-video\out\atomic_clips\2025-09-20__TSC_vs_Greenwood\039__2025-09-20__TSC_vs_Greenwood__BUILD_UP_PLAY_SHOT__t2894.00-t2914.00_portrait_POST.mp4" "--preset" "cinematic" "--out" "C:\Users\scott\soccer-video\out\autoframe_work\cinematic\039__2025-09-20__TSC_vs_Greenwood__BUILD_UP_PLAY_SHOT__t2894.00-t2914.00_portrait_POST\follow\stabilized.mp4" "--clean-temp"
[WhatIf] not executed
"python" "C:\Users\scott\soccer-video\tools\render_follow_unified.py" "--in" "C:\Users\scott\soccer-video\out\atomic_clips\2025-09-20__TSC_vs_RVFC\001__2025-09-20__TSC_vs_RVFC__SHOT__t7320.00-t7860.00.mp4" "--preset" "cinematic" "--out" "C:\Users\scott\soccer-video\out\autoframe_work\cinematic\001__2025-09-20__TSC_vs_RVFC__SHOT__t7320.00-t7860.00\follow\stabilized.mp4" "--clean-temp"
[WhatIf] not executed
"python" "C:\Users\scott\soccer-video\tools\render_follow_unified.py" "--in" "C:\Users\scott\soccer-video\out\atomic_clips\2025-09-20__TSC_vs_RVFC\002__2025-09-20__TSC_vs_RVFC__PRESSURE_SHOT__t7920.00-t8880.00.mp4" "--preset" "cinematic" "--out" "C:\Users\scott\soccer-video\out\autoframe_work\cinematic\002__2025-09-20__TSC_vs_RVFC__PRESSURE_SHOT__t7920.00-t8880.00\follow\stabilized.mp4" "--clean-temp"
[WhatIf] not executed
"python" "C:\Users\scott\soccer-video\tools\render_follow_unified.py" "--in" "C:\Users\scott\soccer-video\out\atomic_clips\2025-09-20__TSC_vs_RVFC\003__2025-09-20__TSC_vs_RVFC__PRESSURE_SHOT__t15480.00-t16260.00.mp4" "--preset" "cinematic" "--out" "C:\Users\scott\soccer-video\out\autoframe_work\cinematic\003__2025-09-20__TSC_vs_RVFC__PRESSURE_SHOT__t15480.00-t16260.00\follow\stabilized.mp4" "--clean-temp"
[WhatIf] not executed
"python" "C:\Users\scott\soccer-video\tools\render_follow_unified.py" "--in" "C:\Users\scott\soccer-video\out\atomic_clips\2025-09-20__TSC_vs_RVFC\004__2025-09-20__TSC_vs_RVFC__PRESSURE_GOAL__t17880.00-t18720.00.mp4" "--preset" "cinematic" "--out" "C:\Users\scott\soccer-video\out\autoframe_work\cinematic\004__2025-09-20__TSC_vs_RVFC__PRESSURE_GOAL__t17880.00-t18720.00\follow\stabilized.mp4" "--clean-temp"
[WhatIf] not executed
"python" "C:\Users\scott\soccer-video\tools\render_follow_unified.py" "--in" "C:\Users\scott\soccer-video\out\atomic_clips\2025-09-20__TSC_vs_RVFC\005__2025-09-20__TSC_vs_RVFC__BUILD_UP_PLAY_SHOT__t21000.00-t22020.00.mp4" "--preset" "cinematic" "--out" "C:\Users\scott\soccer-video\out\autoframe_work\cinematic\005__2025-09-20__TSC_vs_RVFC__BUILD_UP_PLAY_SHOT__t21000.00-t22020.00\follow\stabilized.mp4" "--clean-temp"
[WhatIf] not executed
"python" "C:\Users\scott\soccer-video\tools\render_follow_unified.py" "--in" "C:\Users\scott\soccer-video\out\atomic_clips\2025-09-20__TSC_vs_RVFC\025__2025-09-20__TSC_vs_RVFC__PRESSURE_GOAL__t1512.00-t1520.00_portrait_POST.mp4" "--preset" "cinematic" "--out" "C:\Users\scott\soccer-video\out\autoframe_work\cinematic\025__2025-09-20__TSC_vs_RVFC__PRESSURE_GOAL__t1512.00-t1520.00_portrait_POST\follow\stabilized.mp4" "--clean-temp"
[WhatIf] not executed
"python" "C:\Users\scott\soccer-video\tools\render_follow_unified.py" "--in" "C:\Users\scott\soccer-video\out\atomic_clips\2025-09-20__TSC_vs_RVFC\025__2025-09-20__TSC_vs_RVFC__PRESSURE_GOAL__t2203200.00-t2232000.00.mp4" "--preset" "cinematic" "--out" "C:\Users\scott\soccer-video\out\autoframe_work\cinematic\025__2025-09-20__TSC_vs_RVFC__PRESSURE_GOAL__t2203200.00-t2232000.00\follow\stabilized.mp4" "--clean-temp"
[WhatIf] not executed
"python" "C:\Users\scott\soccer-video\tools\render_follow_unified.py" "--in" "C:\Users\scott\soccer-video\out\atomic_clips\2025-09-20__TSC_vs_RVFC\026__2025-09-20__TSC_vs_RVFC__DRIBBLING_SHOT__t1800.00-t1810.00_portrait_POST.mp4" "--preset" "cinematic" "--out" "C:\Users\scott\soccer-video\out\autoframe_work\cinematic\026__2025-09-20__TSC_vs_RVFC__DRIBBLING_SHOT__t1800.00-t1810.00_portrait_POST\follow\stabilized.mp4" "--clean-temp"
[WhatIf] not executed
"python" "C:\Users\scott\soccer-video\tools\render_follow_unified.py" "--in" "C:\Users\scott\soccer-video\out\atomic_clips\2025-09-20__TSC_vs_RVFC\026__2025-09-20__TSC_vs_RVFC__DRIBBLING_SHOT__t2592000.00-t2628000.00.mp4" "--preset" "cinematic" "--out" "C:\Users\scott\soccer-video\out\autoframe_work\cinematic\026__2025-09-20__TSC_vs_RVFC__DRIBBLING_SHOT__t2592000.00-t2628000.00\follow\stabilized.mp4" "--clean-temp"
[WhatIf] not executed
"python" "C:\Users\scott\soccer-video\tools\render_follow_unified.py" "--in" "C:\Users\scott\soccer-video\out\atomic_clips\2025-09-20__TSC_vs_RVFC\027__2025-09-20__TSC_vs_RVFC__SHOT__t1827.00-t1834.00_portrait_POST.mp4" "--preset" "cinematic" "--out" "C:\Users\scott\soccer-video\out\autoframe_work\cinematic\027__2025-09-20__TSC_vs_RVFC__SHOT__t1827.00-t1834.00_portrait_POST\follow\stabilized.mp4" "--clean-temp"
[WhatIf] not executed
"python" "C:\Users\scott\soccer-video\tools\render_follow_unified.py" "--in" "C:\Users\scott\soccer-video\out\atomic_clips\2025-09-20__TSC_vs_RVFC\028__2025-09-20__TSC_vs_RVFC__CORNER__t1852.00-t1875.00_portrait_POST.mp4" "--preset" "cinematic" "--out" "C:\Users\scott\soccer-video\out\autoframe_work\cinematic\028__2025-09-20__TSC_vs_RVFC__CORNER__t1852.00-t1875.00_portrait_POST\follow\stabilized.mp4" "--clean-temp"
[WhatIf] not executed
"python" "C:\Users\scott\soccer-video\tools\render_follow_unified.py" "--in" "C:\Users\scott\soccer-video\out\atomic_clips\2025-09-20__TSC_vs_RVFC\029__2025-09-20__TSC_vs_RVFC__PRESSURE_SHOT__t1883.00-t1893.00_portrait_POST.mp4" "--preset" "cinematic" "--out" "C:\Users\scott\soccer-video\out\autoframe_work\cinematic\029__2025-09-20__TSC_vs_RVFC__PRESSURE_SHOT__t1883.00-t1893.00_portrait_POST\follow\stabilized.mp4" "--clean-temp"
[WhatIf] not executed
"python" "C:\Users\scott\soccer-video\tools\render_follow_unified.py" "--in" "C:\Users\scott\soccer-video\out\atomic_clips\2025-09-20__TSC_vs_RVFC\030__2025-09-20__TSC_vs_RVFC__PRESSURE_SHOT__t1898.00-t1911.00_portrait_POST.mp4" "--preset" "cinematic" "--out" "C:\Users\scott\soccer-video\out\autoframe_work\cinematic\030__2025-09-20__TSC_vs_RVFC__PRESSURE_SHOT__t1898.00-t1911.00_portrait_POST\follow\stabilized.mp4" "--clean-temp"
[WhatIf] not executed
"python" "C:\Users\scott\soccer-video\tools\render_follow_unified.py" "--in" "C:\Users\scott\soccer-video\out\atomic_clips\2025-09-20__TSC_vs_RVFC\031__2025-09-20__TSC_vs_RVFC__PRESSURE_SHOT__t1964.00-t1975.00_portrait_POST.mp4" "--preset" "cinematic" "--out" "C:\Users\scott\soccer-video\out\autoframe_work\cinematic\031__2025-09-20__TSC_vs_RVFC__PRESSURE_SHOT__t1964.00-t1975.00_portrait_POST\follow\stabilized.mp4" "--clean-temp"
[WhatIf] not executed
"python" "C:\Users\scott\soccer-video\tools\render_follow_unified.py" "--in" "C:\Users\scott\soccer-video\out\atomic_clips\2025-09-20__TSC_vs_RVFC\032__2025-09-20__TSC_vs_RVFC__BUILD_UP_PLAY_SHOT__t2034.00-t2057.00_portrait_POST.mp4" "--preset" "cinematic" "--out" "C:\Users\scott\soccer-video\out\autoframe_work\cinematic\032__2025-09-20__TSC_vs_RVFC__BUILD_UP_PLAY_SHOT__t2034.00-t2057.00_portrait_POST\follow\stabilized.mp4" "--clean-temp"
[WhatIf] not executed
"python" "C:\Users\scott\soccer-video\tools\render_follow_unified.py" "--in" "C:\Users\scott\soccer-video\out\atomic_clips\2025-09-20__TSC_vs_RVFC\033__2025-09-20__TSC_vs_RVFC__BUILD_UP_PLAY_SHOT__t2131.00-t2150.00_portrait_POST.mp4" "--preset" "cinematic" "--out" "C:\Users\scott\soccer-video\out\autoframe_work\cinematic\033__2025-09-20__TSC_vs_RVFC__BUILD_UP_PLAY_SHOT__t2131.00-t2150.00_portrait_POST\follow\stabilized.mp4" "--clean-temp"
[WhatIf] not executed
"python" "C:\Users\scott\soccer-video\tools\render_follow_unified.py" "--in" "C:\Users\scott\soccer-video\out\atomic_clips\2025-09-20__TSC_vs_RVFC\034__2025-09-20__TSC_vs_RVFC__PRESSURE_GOAL__t2158.00-t2169.00_portrait_POST.mp4" "--preset" "cinematic" "--out" "C:\Users\scott\soccer-video\out\autoframe_work\cinematic\034__2025-09-20__TSC_vs_RVFC__PRESSURE_GOAL__t2158.00-t2169.00_portrait_POST\follow\stabilized.mp4" "--clean-temp"
[WhatIf] not executed
"python" "C:\Users\scott\soccer-video\tools\render_follow_unified.py" "--in" "C:\Users\scott\soccer-video\out\atomic_clips\2025-09-20__TSC_vs_RVFC\035__2025-09-20__TSC_vs_RVFC__BUILD_UP_PLAY_SHOT__t2297.00-t2312.00_portrait_POST.mp4" "--preset" "cinematic" "--out" "C:\Users\scott\soccer-video\out\autoframe_work\cinematic\035__2025-09-20__TSC_vs_RVFC__BUILD_UP_PLAY_SHOT__t2297.00-t2312.00_portrait_POST\follow\stabilized.mp4" "--clean-temp"
[WhatIf] not executed
"python" "C:\Users\scott\soccer-video\tools\render_follow_unified.py" "--in" "C:\Users\scott\soccer-video\out\atomic_clips\2025-09-20__TSC_vs_RVFC\036__2025-09-20__TSC_vs_RVFC__PRESSURE_GOAL__t2348.00-t2367.00_portrait_POST.mp4" "--preset" "cinematic" "--out" "C:\Users\scott\soccer-video\out\autoframe_work\cinematic\036__2025-09-20__TSC_vs_RVFC__PRESSURE_GOAL__t2348.00-t2367.00_portrait_POST\follow\stabilized.mp4" "--clean-temp"
[WhatIf] not executed
"python" "C:\Users\scott\soccer-video\tools\render_follow_unified.py" "--in" "C:\Users\scott\soccer-video\out\atomic_clips\2025-09-20__TSC_vs_RVFC\037__2025-09-20__TSC_vs_RVFC__PRESSURE_SHOT__t2388.00-t2397.00_portrait_POST.mp4" "--preset" "cinematic" "--out" "C:\Users\scott\soccer-video\out\autoframe_work\cinematic\037__2025-09-20__TSC_vs_RVFC__PRESSURE_SHOT__t2388.00-t2397.00_portrait_POST\follow\stabilized.mp4" "--clean-temp"
[WhatIf] not executed
"python" "C:\Users\scott\soccer-video\tools\render_follow_unified.py" "--in" "C:\Users\scott\soccer-video\out\atomic_clips\2025-09-20__TSC_vs_RVFC\038__2025-09-20__TSC_vs_RVFC__PRESSURE_GOAL__t2411.00-t2431.00_portrait_POST.mp4" "--preset" "cinematic" "--out" "C:\Users\scott\soccer-video\out\autoframe_work\cinematic\038__2025-09-20__TSC_vs_RVFC__PRESSURE_GOAL__t2411.00-t2431.00_portrait_POST\follow\stabilized.mp4" "--clean-temp"
[WhatIf] not executed
"python" "C:\Users\scott\soccer-video\tools\render_follow_unified.py" "--in" "C:\Users\scott\soccer-video\out\atomic_clips\2025-09-20__TSC_vs_RVFC\039__2025-09-20__TSC_vs_RVFC__PRESSURE_GOAL__t2485.00-t2506.00_portrait_POST.mp4" "--preset" "cinematic" "--out" "C:\Users\scott\soccer-video\out\autoframe_work\cinematic\039__2025-09-20__TSC_vs_RVFC__PRESSURE_GOAL__t2485.00-t2506.00_portrait_POST\follow\stabilized.mp4" "--clean-temp"
[WhatIf] not executed
"python" "C:\Users\scott\soccer-video\tools\render_follow_unified.py" "--in" "C:\Users\scott\soccer-video\out\atomic_clips\2025-09-20__TSC_vs_RVFC\040__2025-09-20__TSC_vs_RVFC__BUILD_UP_PLAY_SHOT__t2571.00-t2599.00_portrait_POST.mp4" "--preset" "cinematic" "--out" "C:\Users\scott\soccer-video\out\autoframe_work\cinematic\040__2025-09-20__TSC_vs_RVFC__BUILD_UP_PLAY_SHOT__t2571.00-t2599.00_portrait_POST\follow\stabilized.mp4" "--clean-temp"
[WhatIf] not executed
"python" "C:\Users\scott\soccer-video\tools\render_follow_unified.py" "--in" "C:\Users\scott\soccer-video\out\atomic_clips\2025-09-20__TSC_vs_RVFC\041__2025-09-20__TSC_vs_RVFC__CORNER__t2712.00-t2722.00_portrait_POST.mp4" "--preset" "cinematic" "--out" "C:\Users\scott\soccer-video\out\autoframe_work\cinematic\041__2025-09-20__TSC_vs_RVFC__CORNER__t2712.00-t2722.00_portrait_POST\follow\stabilized.mp4" "--clean-temp"
[WhatIf] not executed
"python" "C:\Users\scott\soccer-video\tools\render_follow_unified.py" "--in" "C:\Users\scott\soccer-video\out\atomic_clips\2025-09-20__TSC_vs_RVFC\042__2025-09-20__TSC_vs_RVFC__CORNER__t2765.00-t2783.00_portrait_POST.mp4" "--preset" "cinematic" "--out" "C:\Users\scott\soccer-video\out\autoframe_work\cinematic\042__2025-09-20__TSC_vs_RVFC__CORNER__t2765.00-t2783.00_portrait_POST\follow\stabilized.mp4" "--clean-temp"
[WhatIf] not executed
"python" "C:\Users\scott\soccer-video\tools\render_follow_unified.py" "--in" "C:\Users\scott\soccer-video\out\atomic_clips\2025-09-20__TSC_vs_RVFC\043__2025-09-20__TSC_vs_RVFC__GOAL__t3010.00-t3028.00_portrait_POST.mp4" "--preset" "cinematic" "--out" "C:\Users\scott\soccer-video\out\autoframe_work\cinematic\043__2025-09-20__TSC_vs_RVFC__GOAL__t3010.00-t3028.00_portrait_POST\follow\stabilized.mp4" "--clean-temp"
[WhatIf] not executed
"python" "C:\Users\scott\soccer-video\tools\render_follow_unified.py" "--in" "C:\Users\scott\soccer-video\out\atomic_clips\2025-09-20__TSC_vs_RVFC\044__2025-09-20__TSC_vs_RVFC__GOAL__t3051.00-t3066.00_portrait_POST.mp4" "--preset" "cinematic" "--out" "C:\Users\scott\soccer-video\out\autoframe_work\cinematic\044__2025-09-20__TSC_vs_RVFC__GOAL__t3051.00-t3066.00_portrait_POST\follow\stabilized.mp4" "--clean-temp"
[WhatIf] not executed
"python" "C:\Users\scott\soccer-video\tools\render_follow_unified.py" "--in" "C:\Users\scott\soccer-video\out\atomic_clips\2025-10-04__TSC_vs_FC\002__2025-10-04__TSC_vs_FC_Tulsa_Black__BUILD_UP__t25260.00-t26940.00.mp4" "--preset" "cinematic" "--out" "C:\Users\scott\soccer-video\out\autoframe_work\cinematic\002__2025-10-04__TSC_vs_FC_Tulsa_Black__BUILD_UP__t25260.00-t26940.00\follow\stabilized.mp4" "--clean-temp"
[WhatIf] not executed
"python" "C:\Users\scott\soccer-video\tools\render_follow_unified.py" "--in" "C:\Users\scott\soccer-video\out\atomic_clips\2025-10-04__TSC_vs_FC\003__2025-10-04__TSC_vs_FC_Tulsa_Black__BUILD_UP__t27480.00-t29220.00.mp4" "--preset" "cinematic" "--out" "C:\Users\scott\soccer-video\out\autoframe_work\cinematic\003__2025-10-04__TSC_vs_FC_Tulsa_Black__BUILD_UP__t27480.00-t29220.00\follow\stabilized.mp4" "--clean-temp"
[WhatIf] not executed
"python" "C:\Users\scott\soccer-video\tools\render_follow_unified.py" "--in" "C:\Users\scott\soccer-video\out\atomic_clips\2025-10-04__TSC_vs_FC\004__2025-10-04__TSC_vs_FC_Tulsa_Black__BUILD_UP__t29700.00-t30780.00.mp4" "--preset" "cinematic" "--out" "C:\Users\scott\soccer-video\out\autoframe_work\cinematic\004__2025-10-04__TSC_vs_FC_Tulsa_Black__BUILD_UP__t29700.00-t30780.00\follow\stabilized.mp4" "--clean-temp"
[WhatIf] not executed
"python" "C:\Users\scott\soccer-video\tools\render_follow_unified.py" "--in" "C:\Users\scott\soccer-video\out\atomic_clips\2025-10-04__TSC_vs_FC\005__2025-10-04__TSC_vs_FC_Tulsa_Black__SHOT__t36000.00-t36420.00.mp4" "--preset" "cinematic" "--out" "C:\Users\scott\soccer-video\out\autoframe_work\cinematic\005__2025-10-04__TSC_vs_FC_Tulsa_Black__SHOT__t36000.00-t36420.00\follow\stabilized.mp4" "--clean-temp"
[WhatIf] not executed
"python" "C:\Users\scott\soccer-video\tools\render_follow_unified.py" "--in" "C:\Users\scott\soccer-video\out\atomic_clips\2025-10-04__TSC_vs_FC\006__2025-10-04__TSC_vs_FC_Tulsa_Black__BUILD_UP_GOAL__t40440.00-t43020.00.__DEBUG.mp4" "--preset" "cinematic" "--out" "C:\Users\scott\soccer-video\out\autoframe_work\cinematic\006__2025-10-04__TSC_vs_FC_Tulsa_Black__BUILD_UP_GOAL__t40440.00-t43020.00.__DEBUG\follow\stabilized.mp4" "--clean-temp"
[WhatIf] not executed
"python" "C:\Users\scott\soccer-video\tools\render_follow_unified.py" "--in" "C:\Users\scott\soccer-video\out\atomic_clips\2025-10-04__TSC_vs_FC\007__2025-10-04__TSC_vs_FC_Tulsa_Black__BUILD_UP_SHOT__t46020.00-t47100.00.mp4" "--preset" "cinematic" "--out" "C:\Users\scott\soccer-video\out\autoframe_work\cinematic\007__2025-10-04__TSC_vs_FC_Tulsa_Black__BUILD_UP_SHOT__t46020.00-t47100.00\follow\stabilized.mp4" "--clean-temp"
[WhatIf] not executed
"python" "C:\Users\scott\soccer-video\tools\render_follow_unified.py" "--in" "C:\Users\scott\soccer-video\out\atomic_clips\2025-10-04__TSC_vs_FC\008__2025-10-04__TSC_vs_FC_Tulsa_Black__BUILD_UP_SHOT__t61500.00-t62400.00.mp4" "--preset" "cinematic" "--out" "C:\Users\scott\soccer-video\out\autoframe_work\cinematic\008__2025-10-04__TSC_vs_FC_Tulsa_Black__BUILD_UP_SHOT__t61500.00-t62400.00\follow\stabilized.mp4" "--clean-temp"
[WhatIf] not executed
"python" "C:\Users\scott\soccer-video\tools\render_follow_unified.py" "--in" "C:\Users\scott\soccer-video\out\atomic_clips\2025-10-04__TSC_vs_FC\009__2025-10-04__TSC_vs_FC_Tulsa_Black__PRESSURE_SHOT__t62760.00-t63420.00.mp4" "--preset" "cinematic" "--out" "C:\Users\scott\soccer-video\out\autoframe_work\cinematic\009__2025-10-04__TSC_vs_FC_Tulsa_Black__PRESSURE_SHOT__t62760.00-t63420.00\follow\stabilized.mp4" "--clean-temp"
[WhatIf] not executed
"python" "C:\Users\scott\soccer-video\tools\render_follow_unified.py" "--in" "C:\Users\scott\soccer-video\out\atomic_clips\2025-10-04__TSC_vs_FC\010__2025-10-04__TSC_vs_FC_Tulsa_Black__BUILD_UP_SHOT__t63480.00-t64800.00.mp4" "--preset" "cinematic" "--out" "C:\Users\scott\soccer-video\out\autoframe_work\cinematic\010__2025-10-04__TSC_vs_FC_Tulsa_Black__BUILD_UP_SHOT__t63480.00-t64800.00\follow\stabilized.mp4" "--clean-temp"
[WhatIf] not executed
"python" "C:\Users\scott\soccer-video\tools\render_follow_unified.py" "--in" "C:\Users\scott\soccer-video\out\atomic_clips\2025-10-04__TSC_vs_FC\011__2025-10-04__TSC_vs_FC_Tulsa_Black__BUILD_UP_SHOT__t71880.00-t73320.00.mp4" "--preset" "cinematic" "--out" "C:\Users\scott\soccer-video\out\autoframe_work\cinematic\011__2025-10-04__TSC_vs_FC_Tulsa_Black__BUILD_UP_SHOT__t71880.00-t73320.00\follow\stabilized.mp4" "--clean-temp"
[WhatIf] not executed
"python" "C:\Users\scott\soccer-video\tools\render_follow_unified.py" "--in" "C:\Users\scott\soccer-video\out\atomic_clips\2025-10-04__TSC_vs_FC\012__2025-10-04__TSC_vs_FC_Tulsa_Black__PRESSURE_GOAL__t74340.00-t75180.00.mp4" "--preset" "cinematic" "--out" "C:\Users\scott\soccer-video\out\autoframe_work\cinematic\012__2025-10-04__TSC_vs_FC_Tulsa_Black__PRESSURE_GOAL__t74340.00-t75180.00\follow\stabilized.mp4" "--clean-temp"
[WhatIf] not executed
"python" "C:\Users\scott\soccer-video\tools\render_follow_unified.py" "--in" "C:\Users\scott\soccer-video\out\atomic_clips\2025-10-04__TSC_vs_FC\013__2025-10-04__TSC_vs_FC_Tulsa_Black__BUILD_UP_PLAY__t77400.00-t78360.00.mp4" "--preset" "cinematic" "--out" "C:\Users\scott\soccer-video\out\autoframe_work\cinematic\013__2025-10-04__TSC_vs_FC_Tulsa_Black__BUILD_UP_PLAY__t77400.00-t78360.00\follow\stabilized.mp4" "--clean-temp"
[WhatIf] not executed
"python" "C:\Users\scott\soccer-video\tools\render_follow_unified.py" "--in" "C:\Users\scott\soccer-video\out\atomic_clips\2025-10-04__TSC_vs_FC\014__2025-10-04__TSC_vs_FC_Tulsa_Black__SHOT__t2354400.00-t2394000.00.mp4" "--preset" "cinematic" "--out" "C:\Users\scott\soccer-video\out\autoframe_work\cinematic\014__2025-10-04__TSC_vs_FC_Tulsa_Black__SHOT__t2354400.00-t2394000.00\follow\stabilized.mp4" "--clean-temp"
[WhatIf] not executed
"python" "C:\Users\scott\soccer-video\tools\render_follow_unified.py" "--in" "C:\Users\scott\soccer-video\out\atomic_clips\2025-10-04__TSC_vs_FC\116__2025-10-04__TSC_vs_FC_Tulsa_Black__DRIBBLING__t387-t412.mp4" "--preset" "cinematic" "--out" "C:\Users\scott\soccer-video\out\autoframe_work\cinematic\116__2025-10-04__TSC_vs_FC_Tulsa_Black__DRIBBLING__t387-t412\follow\stabilized.mp4" "--clean-temp"
[WhatIf] not executed
"python" "C:\Users\scott\soccer-video\tools\render_follow_unified.py" "--in" "C:\Users\scott\soccer-video\out\atomic_clips\2025-10-04__TSC_vs_FC_Tulsa_Black\001__2025-10-04__TSC_vs_FC_Tulsa_Black__DRIBBLING__t387-t412.mp4" "--preset" "cinematic" "--out" "C:\Users\scott\soccer-video\out\autoframe_work\cinematic\001__2025-10-04__TSC_vs_FC_Tulsa_Black__DRIBBLING__t387-t412\follow\stabilized.mp4" "--clean-temp"
[WhatIf] not executed
"python" "C:\Users\scott\soccer-video\tools\render_follow_unified.py" "--in" "C:\Users\scott\soccer-video\out\atomic_clips\2025-10-04__TSC_vs_FC_Tulsa_Black\116__2025-10-04__TSC_vs_FC_Tulsa_Black__DRIBBLING__t387-t412.mp4" "--preset" "cinematic" "--out" "C:\Users\scott\soccer-video\out\autoframe_work\cinematic\116__2025-10-04__TSC_vs_FC_Tulsa_Black__DRIBBLING__t387-t412\follow\stabilized.mp4" "--clean-temp"
[WhatIf] not executed
"python" "C:\Users\scott\soccer-video\tools\render_follow_unified.py" "--in" "C:\Users\scott\soccer-video\out\atomic_clips\2025-10-12__TSC_SLSG_FallFestival\001__SHOT__t135.00-t145.00.mp4" "--preset" "cinematic" "--out" "C:\Users\scott\soccer-video\out\autoframe_work\cinematic\001__SHOT__t135.00-t145.00\follow\stabilized.mp4" "--clean-temp"
[WhatIf] not executed
"python" "C:\Users\scott\soccer-video\tools\render_follow_unified.py" "--in" "C:\Users\scott\soccer-video\out\atomic_clips\2025-10-12__TSC_SLSG_FallFestival\002__SHOT__t185.00-t206.00.mp4" "--preset" "cinematic" "--out" "C:\Users\scott\soccer-video\out\autoframe_work\cinematic\002__SHOT__t185.00-t206.00\follow\stabilized.mp4" "--clean-temp"
[WhatIf] not executed
"python" "C:\Users\scott\soccer-video\tools\render_follow_unified.py" "--in" "C:\Users\scott\soccer-video\out\atomic_clips\2025-10-12__TSC_SLSG_FallFestival\003__DEFENSE__t310.00-t342.00.mp4" "--preset" "cinematic" "--out" "C:\Users\scott\soccer-video\out\autoframe_work\cinematic\003__DEFENSE__t310.00-t342.00\follow\stabilized.mp4" "--clean-temp"
[WhatIf] not executed
"python" "C:\Users\scott\soccer-video\tools\render_follow_unified.py" "--in" "C:\Users\scott\soccer-video\out\atomic_clips\2025-10-12__TSC_SLSG_FallFestival\004__PRESSURE__t640.00-t663.00.mp4" "--preset" "cinematic" "--out" "C:\Users\scott\soccer-video\out\autoframe_work\cinematic\004__PRESSURE__t640.00-t663.00\follow\stabilized.mp4" "--clean-temp"
[WhatIf] not executed
"python" "C:\Users\scott\soccer-video\tools\render_follow_unified.py" "--in" "C:\Users\scott\soccer-video\out\atomic_clips\2025-10-12__TSC_SLSG_FallFestival\004__PRESSURE__t640.00-t663.00.__OVERLAY_FINAL.mp4" "--preset" "cinematic" "--out" "C:\Users\scott\soccer-video\out\autoframe_work\cinematic\004__PRESSURE__t640.00-t663.00.__OVERLAY_FINAL\follow\stabilized.mp4" "--clean-temp"
[WhatIf] not executed
"python" "C:\Users\scott\soccer-video\tools\render_follow_unified.py" "--in" "C:\Users\scott\soccer-video\out\atomic_clips\2025-10-12__TSC_SLSG_FallFestival\004__PRESSURE__t640.00-t663.00.__OVERLAY_LOCAL_FINAL.mp4" "--preset" "cinematic" "--out" "C:\Users\scott\soccer-video\out\autoframe_work\cinematic\004__PRESSURE__t640.00-t663.00.__OVERLAY_LOCAL_FINAL\follow\stabilized.mp4" "--clean-temp"
[WhatIf] not executed
"python" "C:\Users\scott\soccer-video\tools\render_follow_unified.py" "--in" "C:\Users\scott\soccer-video\out\atomic_clips\2025-10-12__TSC_SLSG_FallFestival\004__PRESSURE__t640.00-t663.00.__OVERLAY_plan_sh-1_dx-64_dy-128__localTW_dt-0.02_dx-6_dy-2.mp4" "--preset" "cinematic" "--out" "C:\Users\scott\soccer-video\out\autoframe_work\cinematic\004__PRESSURE__t640.00-t663.00.__OVERLAY_plan_sh-1_dx-64_dy-128__localTW_dt-0.02_dx-6_dy-2\follow\stabilized.mp4" "--clean-temp"
[WhatIf] not executed
"python" "C:\Users\scott\soccer-video\tools\render_follow_unified.py" "--in" "C:\Users\scott\soccer-video\out\atomic_clips\2025-10-12__TSC_SLSG_FallFestival\005__GOAL__t1.855.00-t1.870.00.mp4" "--preset" "cinematic" "--out" "C:\Users\scott\soccer-video\out\autoframe_work\cinematic\005__GOAL__t1.855.00-t1.870.00\follow\stabilized.mp4" "--clean-temp"
[WhatIf] not executed
"python" "C:\Users\scott\soccer-video\tools\render_follow_unified.py" "--in" "C:\Users\scott\soccer-video\out\atomic_clips\2025-10-12__TSC_SLSG_FallFestival\006__GOAL__t2.035.00-t2.054.00.mp4" "--preset" "cinematic" "--out" "C:\Users\scott\soccer-video\out\autoframe_work\cinematic\006__GOAL__t2.035.00-t2.054.00\follow\stabilized.mp4" "--clean-temp"
[WhatIf] not executed
"python" "C:\Users\scott\soccer-video\tools\render_follow_unified.py" "--in" "C:\Users\scott\soccer-video\out\atomic_clips\2025-10-12__TSC_SLSG_FallFestival\007__CROSS__t2.212.00-t2.228.00.mp4" "--preset" "cinematic" "--out" "C:\Users\scott\soccer-video\out\autoframe_work\cinematic\007__CROSS__t2.212.00-t2.228.00\follow\stabilized.mp4" "--clean-temp"
[WhatIf] not executed
"python" "C:\Users\scott\soccer-video\tools\render_follow_unified.py" "--in" "C:\Users\scott\soccer-video\out\atomic_clips\2025-10-12__TSC_SLSG_FallFestival\008__BUILD_UP__t2.438.00-t2.442.00.mp4" "--preset" "cinematic" "--out" "C:\Users\scott\soccer-video\out\autoframe_work\cinematic\008__BUILD_UP__t2.438.00-t2.442.00\follow\stabilized.mp4" "--clean-temp"
[WhatIf] not executed
"python" "C:\Users\scott\soccer-video\tools\render_follow_unified.py" "--in" "C:\Users\scott\soccer-video\out\atomic_clips\2025-10-12__TSC_SLSG_FallFestival\009__BUILD_UP__t2.673.00-t2.685.00.mp4" "--preset" "cinematic" "--out" "C:\Users\scott\soccer-video\out\autoframe_work\cinematic\009__BUILD_UP__t2.673.00-t2.685.00\follow\stabilized.mp4" "--clean-temp"
[WhatIf] not executed
"python" "C:\Users\scott\soccer-video\tools\render_follow_unified.py" "--in" "C:\Users\scott\soccer-video\out\atomic_clips\2025-10-12__TSC_SLSG_FallFestival\010__PRESSURE__t2.694.00-t2.706.00.mp4" "--preset" "cinematic" "--out" "C:\Users\scott\soccer-video\out\autoframe_work\cinematic\010__PRESSURE__t2.694.00-t2.706.00\follow\stabilized.mp4" "--clean-temp"
[WhatIf] not executed
"python" "C:\Users\scott\soccer-video\tools\render_follow_unified.py" "--in" "C:\Users\scott\soccer-video\out\atomic_clips\2025-10-12__TSC_SLSG_FallFestival\011__PRESSURE__t2.711.00-t2.736.00.mp4" "--preset" "cinematic" "--out" "C:\Users\scott\soccer-video\out\autoframe_work\cinematic\011__PRESSURE__t2.711.00-t2.736.00\follow\stabilized.mp4" "--clean-temp"
[WhatIf] not executed
"python" "C:\Users\scott\soccer-video\tools\render_follow_unified.py" "--in" "C:\Users\scott\soccer-video\out\atomic_clips\2025-11-04__TSC_-_Navy_Oct_2025\001__Pressure & Build Up with a Great Cross__0_06_37-0_07_10.mp4" "--preset" "cinematic" "--out" "C:\Users\scott\soccer-video\out\autoframe_work\cinematic\001__Pressure & Build Up with a Great Cross__0_06_37-0_07_10\follow\stabilized.mp4" "--clean-temp"
[WhatIf] not executed
"python" "C:\Users\scott\soccer-video\tools\render_follow_unified.py" "--in" "C:\Users\scott\soccer-video\out\atomic_clips\2025-11-04__TSC_-_Navy_Oct_2025\002__Build Up, Cross and Shot__0_15_37-0_16_04.mp4" "--preset" "cinematic" "--out" "C:\Users\scott\soccer-video\out\autoframe_work\cinematic\002__Build Up, Cross and Shot__0_15_37-0_16_04\follow\stabilized.mp4" "--clean-temp"
[WhatIf] not executed
"python" "C:\Users\scott\soccer-video\tools\render_follow_unified.py" "--in" "C:\Users\scott\soccer-video\out\atomic_clips\2025-11-04__TSC_-_Navy_Oct_2025\003__Pressure, Cross and Goal__0_16_09-0_16_33.mp4" "--preset" "cinematic" "--out" "C:\Users\scott\soccer-video\out\autoframe_work\cinematic\003__Pressure, Cross and Goal__0_16_09-0_16_33\follow\stabilized.mp4" "--clean-temp"
[WhatIf] not executed
"python" "C:\Users\scott\soccer-video\tools\render_follow_unified.py" "--in" "C:\Users\scott\soccer-video\out\atomic_clips\2025-11-04__TSC_-_Navy_Oct_2025\004__Pressure & Shot__0_23_24-0_23_53.mp4" "--preset" "cinematic" "--out" "C:\Users\scott\soccer-video\out\autoframe_work\cinematic\004__Pressure & Shot__0_23_24-0_23_53\follow\stabilized.mp4" "--clean-temp"
[WhatIf] not executed
"python" "C:\Users\scott\soccer-video\tools\render_follow_unified.py" "--in" "C:\Users\scott\soccer-video\out\atomic_clips\2025-11-04__TSC_-_Navy_Oct_2025\005__Build Up & Cross__0_28_28-0_28_42.mp4" "--preset" "cinematic" "--out" "C:\Users\scott\soccer-video\out\autoframe_work\cinematic\005__Build Up & Cross__0_28_28-0_28_42\follow\stabilized.mp4" "--clean-temp"
[WhatIf] not executed
"python" "C:\Users\scott\soccer-video\tools\render_follow_unified.py" "--in" "C:\Users\scott\soccer-video\out\atomic_clips\2025-11-04__TSC_-_Navy_Oct_2025\006__Cross__0_30_29-0_30_37.mp4" "--preset" "cinematic" "--out" "C:\Users\scott\soccer-video\out\autoframe_work\cinematic\006__Cross__0_30_29-0_30_37\follow\stabilized.mp4" "--clean-temp"
[WhatIf] not executed
"python" "C:\Users\scott\soccer-video\tools\render_follow_unified.py" "--in" "C:\Users\scott\soccer-video\out\atomic_clips\2025-11-04__TSC_-_Navy_Oct_2025\007__Cross, Pressure & Shot__0_42_24-0_42_45.mp4" "--preset" "cinematic" "--out" "C:\Users\scott\soccer-video\out\autoframe_work\cinematic\007__Cross, Pressure & Shot__0_42_24-0_42_45\follow\stabilized.mp4" "--clean-temp"
[WhatIf] not executed
"python" "C:\Users\scott\soccer-video\tools\render_follow_unified.py" "--in" "C:\Users\scott\soccer-video\out\atomic_clips\2025-11-04__TSC_-_Navy_Oct_2025\008__Cross__0_47_09-0_47_18.mp4" "--preset" "cinematic" "--out" "C:\Users\scott\soccer-video\out\autoframe_work\cinematic\008__Cross__0_47_09-0_47_18\follow\stabilized.mp4" "--clean-temp"
[WhatIf] not executed
"python" "C:\Users\scott\soccer-video\tools\render_follow_unified.py" "--in" "C:\Users\scott\soccer-video\out\atomic_clips\2025-11-04__TSC_-_Navy_Oct_2025\009__Cross, Shots__0_50_40-0_50_57.mp4" "--preset" "cinematic" "--out" "C:\Users\scott\soccer-video\out\autoframe_work\cinematic\009__Cross, Shots__0_50_40-0_50_57\follow\stabilized.mp4" "--clean-temp"
[WhatIf] not executed
"python" "C:\Users\scott\soccer-video\tools\render_follow_unified.py" "--in" "C:\Users\scott\soccer-video\out\atomic_clips\2025-11-04__TSC_-_Navy_Oct_2025\010__Build Up, Cross, Shot & Goal__0_55_26-0_56_02.mp4" "--preset" "cinematic" "--out" "C:\Users\scott\soccer-video\out\autoframe_work\cinematic\010__Build Up, Cross, Shot & Goal__0_55_26-0_56_02\follow\stabilized.mp4" "--clean-temp"
[WhatIf] not executed
"python" "C:\Users\scott\soccer-video\tools\render_follow_unified.py" "--in" "C:\Users\scott\soccer-video\out\atomic_clips\2025-11-04__TSC_-_Navy_Oct_2025\011__Build Up__1_00_43-1_01_22.mp4" "--preset" "cinematic" "--out" "C:\Users\scott\soccer-video\out\autoframe_work\cinematic\011__Build Up__1_00_43-1_01_22\follow\stabilized.mp4" "--clean-temp"
[WhatIf] not executed
"python" "C:\Users\scott\soccer-video\tools\render_follow_unified.py" "--in" "C:\Users\scott\soccer-video\out\atomic_clips\2025-11-04__TSC_-_Navy_Oct_2025\012__Cross & Goal__1_01_36-1_01_52.mp4" "--preset" "cinematic" "--out" "C:\Users\scott\soccer-video\out\autoframe_work\cinematic\012__Cross & Goal__1_01_36-1_01_52\follow\stabilized.mp4" "--clean-temp"
[WhatIf] not executed
"python" "C:\Users\scott\soccer-video\tools\render_follow_unified.py" "--in" "C:\Users\scott\soccer-video\out\atomic_clips\2025-11-04__TSC_-_Navy_Oct_2025\013__Dribbling & Shot__1_02_55-1_03_10.mp4" "--preset" "cinematic" "--out" "C:\Users\scott\soccer-video\out\autoframe_work\cinematic\013__Dribbling & Shot__1_02_55-1_03_10\follow\stabilized.mp4" "--clean-temp"
[WhatIf] not executed
"python" "C:\Users\scott\soccer-video\tools\render_follow_unified.py" "--in" "C:\Users\scott\soccer-video\out\atomic_clips\misc\001__SHOT__t135.00-t145.00.mp4" "--preset" "cinematic" "--out" "C:\Users\scott\soccer-video\out\autoframe_work\cinematic\001__SHOT__t135.00-t145.00\follow\stabilized.mp4" "--clean-temp"
[WhatIf] not executed
"python" "C:\Users\scott\soccer-video\tools\render_follow_unified.py" "--in" "C:\Users\scott\soccer-video\out\atomic_clips\misc\001__SHOT__t155.50-t166.40.mp4" "--preset" "cinematic" "--out" "C:\Users\scott\soccer-video\out\autoframe_work\cinematic\001__SHOT__t155.50-t166.40\follow\stabilized.mp4" "--clean-temp"
[WhatIf] not executed
"python" "C:\Users\scott\soccer-video\tools\render_follow_unified.py" "--in" "C:\Users\scott\soccer-video\out\atomic_clips\misc\002__GOAL__t180.80-t191.20.mp4" "--preset" "cinematic" "--out" "C:\Users\scott\soccer-video\out\autoframe_work\cinematic\002__GOAL__t180.80-t191.20\follow\stabilized.mp4" "--clean-temp"
[WhatIf] not executed
"python" "C:\Users\scott\soccer-video\tools\render_follow_unified.py" "--in" "C:\Users\scott\soccer-video\out\atomic_clips\misc\002__SHOT__t185.00-t206.00.mp4" "--preset" "cinematic" "--out" "C:\Users\scott\soccer-video\out\autoframe_work\cinematic\002__SHOT__t185.00-t206.00\follow\stabilized.mp4" "--clean-temp"
[WhatIf] not executed
"python" "C:\Users\scott\soccer-video\tools\render_follow_unified.py" "--in" "C:\Users\scott\soccer-video\out\atomic_clips\misc\003__BUILD_UP__t224.80-t248.70.mp4" "--preset" "cinematic" "--out" "C:\Users\scott\soccer-video\out\autoframe_work\cinematic\003__BUILD_UP__t224.80-t248.70\follow\stabilized.mp4" "--clean-temp"
[WhatIf] not executed
"python" "C:\Users\scott\soccer-video\tools\render_follow_unified.py" "--in" "C:\Users\scott\soccer-video\out\atomic_clips\misc\003__DEFENSE__t310.00-t342.00.mp4" "--preset" "cinematic" "--out" "C:\Users\scott\soccer-video\out\autoframe_work\cinematic\003__DEFENSE__t310.00-t342.00\follow\stabilized.mp4" "--clean-temp"
[WhatIf] not executed
"python" "C:\Users\scott\soccer-video\tools\render_follow_unified.py" "--in" "C:\Users\scott\soccer-video\out\atomic_clips\misc\004__GOAL__t266.50-t283.10.mp4" "--preset" "cinematic" "--out" "C:\Users\scott\soccer-video\out\autoframe_work\cinematic\004__GOAL__t266.50-t283.10\follow\stabilized.mp4" "--clean-temp"
[WhatIf] not executed
"python" "C:\Users\scott\soccer-video\tools\render_follow_unified.py" "--in" "C:\Users\scott\soccer-video\out\atomic_clips\misc\004__PRESSURE__t640.00-t663.00.mp4" "--preset" "cinematic" "--out" "C:\Users\scott\soccer-video\out\autoframe_work\cinematic\004__PRESSURE__t640.00-t663.00\follow\stabilized.mp4" "--clean-temp"
[WhatIf] not executed
"python" "C:\Users\scott\soccer-video\tools\render_follow_unified.py" "--in" "C:\Users\scott\soccer-video\out\atomic_clips\misc\004__PRESSURE__t640.00-t663.00.__CINEMATIC.mp4" "--preset" "cinematic" "--out" "C:\Users\scott\soccer-video\out\autoframe_work\cinematic\004__PRESSURE__t640.00-t663.00.__CINEMATIC\follow\stabilized.mp4" "--clean-temp"
[WhatIf] not executed
"python" "C:\Users\scott\soccer-video\tools\render_follow_unified.py" "--in" "C:\Users\scott\soccer-video\out\atomic_clips\misc\005__CORNER__t417.90-t431.60.mp4" "--preset" "cinematic" "--out" "C:\Users\scott\soccer-video\out\autoframe_work\cinematic\005__CORNER__t417.90-t431.60\follow\stabilized.mp4" "--clean-temp"
[WhatIf] not executed
"python" "C:\Users\scott\soccer-video\tools\render_follow_unified.py" "--in" "C:\Users\scott\soccer-video\out\atomic_clips\misc\006__DEFENSE__t699.30-t711.50.mp4" "--preset" "cinematic" "--out" "C:\Users\scott\soccer-video\out\autoframe_work\cinematic\006__DEFENSE__t699.30-t711.50\follow\stabilized.mp4" "--clean-temp"
[WhatIf] not executed
"python" "C:\Users\scott\soccer-video\tools\render_follow_unified.py" "--in" "C:\Users\scott\soccer-video\out\atomic_clips\misc\007__DRIBBLING__t982.00-t987.90.mp4" "--preset" "cinematic" "--out" "C:\Users\scott\soccer-video\out\autoframe_work\cinematic\007__DRIBBLING__t982.00-t987.90\follow\stabilized.mp4" "--clean-temp"
[WhatIf] not executed
"python" "C:\Users\scott\soccer-video\tools\render_follow_unified.py" "--in" "C:\Users\scott\soccer-video\out\atomic_clips\misc\008__SHOT__t1247.80-t1259.20.mp4" "--preset" "cinematic" "--out" "C:\Users\scott\soccer-video\out\autoframe_work\cinematic\008__SHOT__t1247.80-t1259.20\follow\stabilized.mp4" "--clean-temp"
[WhatIf] not executed
"python" "C:\Users\scott\soccer-video\tools\render_follow_unified.py" "--in" "C:\Users\scott\soccer-video\out\atomic_clips\misc\009__SHOT__t1420.40-t1438.20.mp4" "--preset" "cinematic" "--out" "C:\Users\scott\soccer-video\out\autoframe_work\cinematic\009__SHOT__t1420.40-t1438.20\follow\stabilized.mp4" "--clean-temp"
[WhatIf] not executed
"python" "C:\Users\scott\soccer-video\tools\render_follow_unified.py" "--in" "C:\Users\scott\soccer-video\out\atomic_clips\misc\010__CROSS__t1541.10-t1547.90.mp4" "--preset" "cinematic" "--out" "C:\Users\scott\soccer-video\out\autoframe_work\cinematic\010__CROSS__t1541.10-t1547.90\follow\stabilized.mp4" "--clean-temp"
[WhatIf] not executed
"python" "C:\Users\scott\soccer-video\tools\render_follow_unified.py" "--in" "C:\Users\scott\soccer-video\out\atomic_clips\misc\011__SHOTS__t1655.00-t1670.30.mp4" "--preset" "cinematic" "--out" "C:\Users\scott\soccer-video\out\autoframe_work\cinematic\011__SHOTS__t1655.00-t1670.30\follow\stabilized.mp4" "--clean-temp"
[WhatIf] not executed
"python" "C:\Users\scott\soccer-video\tools\render_follow_unified.py" "--in" "C:\Users\scott\soccer-video\out\atomic_clips\misc\012__GOAL__t1705.20-t1708.50.mp4" "--preset" "cinematic" "--out" "C:\Users\scott\soccer-video\out\autoframe_work\cinematic\012__GOAL__t1705.20-t1708.50\follow\stabilized.mp4" "--clean-temp"
[WhatIf] not executed
"python" "C:\Users\scott\soccer-video\tools\render_follow_unified.py" "--in" "C:\Users\scott\soccer-video\out\atomic_clips\misc\013__GOAL__t1767.50-t1772.60.mp4" "--preset" "cinematic" "--out" "C:\Users\scott\soccer-video\out\autoframe_work\cinematic\013__GOAL__t1767.50-t1772.60\follow\stabilized.mp4" "--clean-temp"
[WhatIf] not executed
"python" "C:\Users\scott\soccer-video\tools\render_follow_unified.py" "--in" "C:\Users\scott\soccer-video\out\atomic_clips\misc\014__GOAL__t1904.20-t1925.20.mp4" "--preset" "cinematic" "--out" "C:\Users\scott\soccer-video\out\autoframe_work\cinematic\014__GOAL__t1904.20-t1925.20\follow\stabilized.mp4" "--clean-temp"
[WhatIf] not executed
"python" "C:\Users\scott\soccer-video\tools\render_follow_unified.py" "--in" "C:\Users\scott\soccer-video\out\atomic_clips\misc\015__DRIBBLING__t1972.50-t1980.70.mp4" "--preset" "cinematic" "--out" "C:\Users\scott\soccer-video\out\autoframe_work\cinematic\015__DRIBBLING__t1972.50-t1980.70\follow\stabilized.mp4" "--clean-temp"
[WhatIf] not executed
"python" "C:\Users\scott\soccer-video\tools\render_follow_unified.py" "--in" "C:\Users\scott\soccer-video\out\atomic_clips\misc\016__SHOT__t2029.90-t2039.50.mp4" "--preset" "cinematic" "--out" "C:\Users\scott\soccer-video\out\autoframe_work\cinematic\016__SHOT__t2029.90-t2039.50\follow\stabilized.mp4" "--clean-temp"
[WhatIf] not executed
"python" "C:\Users\scott\soccer-video\tools\render_follow_unified.py" "--in" "C:\Users\scott\soccer-video\out\atomic_clips\misc\017__SHOT__t2284.90-t2298.20.mp4" "--preset" "cinematic" "--out" "C:\Users\scott\soccer-video\out\autoframe_work\cinematic\017__SHOT__t2284.90-t2298.20\follow\stabilized.mp4" "--clean-temp"
[WhatIf] not executed
"python" "C:\Users\scott\soccer-video\tools\render_follow_unified.py" "--in" "C:\Users\scott\soccer-video\out\atomic_clips\misc\018__SHOT__t2419.50-t2425.60.mp4" "--preset" "cinematic" "--out" "C:\Users\scott\soccer-video\out\autoframe_work\cinematic\018__SHOT__t2419.50-t2425.60\follow\stabilized.mp4" "--clean-temp"
[WhatIf] not executed
"python" "C:\Users\scott\soccer-video\tools\render_follow_unified.py" "--in" "C:\Users\scott\soccer-video\out\atomic_clips\misc\019__SHOT__t2633.00-t2638.10.mp4" "--preset" "cinematic" "--out" "C:\Users\scott\soccer-video\out\autoframe_work\cinematic\019__SHOT__t2633.00-t2638.10\follow\stabilized.mp4" "--clean-temp"
[WhatIf] not executed
"python" "C:\Users\scott\soccer-video\tools\render_follow_unified.py" "--in" "C:\Users\scott\soccer-video\out\atomic_clips\misc\020__GOAL__t2816.60-t2831.80.mp4" "--preset" "cinematic" "--out" "C:\Users\scott\soccer-video\out\autoframe_work\cinematic\020__GOAL__t2816.60-t2831.80\follow\stabilized.mp4" "--clean-temp"
[WhatIf] not executed
"python" "C:\Users\scott\soccer-video\tools\render_follow_unified.py" "--in" "C:\Users\scott\soccer-video\out\atomic_clips\misc\021__SHOT__t2860.70-t2873.00.mp4" "--preset" "cinematic" "--out" "C:\Users\scott\soccer-video\out\autoframe_work\cinematic\021__SHOT__t2860.70-t2873.00\follow\stabilized.mp4" "--clean-temp"
[WhatIf] not executed
"python" "C:\Users\scott\soccer-video\tools\render_follow_unified.py" "--in" "C:\Users\scott\soccer-video\out\atomic_clips\misc\023__SHOT__t3098.90-t3108.80.mp4" "--preset" "cinematic" "--out" "C:\Users\scott\soccer-video\out\autoframe_work\cinematic\023__SHOT__t3098.90-t3108.80\follow\stabilized.mp4" "--clean-temp"
[WhatIf] not executed
"python" "-c" "import sys; sys.path.insert(0, r'C:\Users\scott\soccer-video\tools'); from upscale import upscale_video; upscale_video(r'C:\Users\scott\soccer-video\out\atomic_clips\_quarantine\001__SHOT__t155.50-t166.40.__CINEMATIC.mp4', scale=2)"
[SKIP] up-to-date
"python" "-c" "import sys; sys.path.insert(0, r'C:\Users\scott\soccer-video\tools'); from upscale import upscale_video; upscale_video(r'C:\Users\scott\soccer-video\out\atomic_clips\_quarantine\002__2025-09-20__TSC_vs_Greenwood__GOAL__t20400.00-t21180.00.mp4', scale=2)"
[WhatIf] not executed
"python" "-c" "import sys; sys.path.insert(0, r'C:\Users\scott\soccer-video\tools'); from upscale import upscale_video; upscale_video(r'C:\Users\scott\soccer-video\out\atomic_clips\_quarantine\002__2025-09-20__TSC_vs_RVFC__PRESSURE_SHOT__t7920.00-t8880.00.mp4', scale=2)"
[WhatIf] not executed
"python" "-c" "import sys; sys.path.insert(0, r'C:\Users\scott\soccer-video\tools'); from upscale import upscale_video; upscale_video(r'C:\Users\scott\soccer-video\out\atomic_clips\_quarantine\002__2025-10-04__TSC_vs_FC_Tulsa_Black__BUILD_UP__t25260.00-t26940.00.mp4', scale=2)"
[WhatIf] not executed
"python" "-c" "import sys; sys.path.insert(0, r'C:\Users\scott\soccer-video\tools'); from upscale import upscale_video; upscale_video(r'C:\Users\scott\soccer-video\out\atomic_clips\_quarantine\002__GOAL__t180.80-t191.20.mp4', scale=2)"
[WhatIf] not executed
"python" "-c" "import sys; sys.path.insert(0, r'C:\Users\scott\soccer-video\tools'); from upscale import upscale_video; upscale_video(r'C:\Users\scott\soccer-video\out\atomic_clips\_quarantine\002__GOAL__t180.80-t191.20.__CINEMATIC.mp4', scale=2)"
[WhatIf] not executed
"python" "-c" "import sys; sys.path.insert(0, r'C:\Users\scott\soccer-video\tools'); from upscale import upscale_video; upscale_video(r'C:\Users\scott\soccer-video\out\atomic_clips\_quarantine\003__2025-09-20__TSC_vs_Greenwood__BUILD_UP_PLAY_SHOT__t25260.00-t26460.00.mp4', scale=2)"
[WhatIf] not executed
"python" "-c" "import sys; sys.path.insert(0, r'C:\Users\scott\soccer-video\tools'); from upscale import upscale_video; upscale_video(r'C:\Users\scott\soccer-video\out\atomic_clips\_quarantine\003__2025-09-20__TSC_vs_RVFC__PRESSURE_SHOT__t15480.00-t16260.00.mp4', scale=2)"
[WhatIf] not executed
"python" "-c" "import sys; sys.path.insert(0, r'C:\Users\scott\soccer-video\tools'); from upscale import upscale_video; upscale_video(r'C:\Users\scott\soccer-video\out\atomic_clips\_quarantine\003__2025-10-04__TSC_vs_FC_Tulsa_Black__BUILD_UP__t27480.00-t29220.00.mp4', scale=2)"
[WhatIf] not executed
"python" "-c" "import sys; sys.path.insert(0, r'C:\Users\scott\soccer-video\tools'); from upscale import upscale_video; upscale_video(r'C:\Users\scott\soccer-video\out\atomic_clips\_quarantine\003__BUILD_UP__t224.80-t248.70.mp4', scale=2)"
[WhatIf] not executed
"python" "-c" "import sys; sys.path.insert(0, r'C:\Users\scott\soccer-video\tools'); from upscale import upscale_video; upscale_video(r'C:\Users\scott\soccer-video\out\atomic_clips\_quarantine\003__BUILD_UP__t224.80-t248.70.__CINEMATIC.mp4', scale=2)"
[WhatIf] not executed
"python" "-c" "import sys; sys.path.insert(0, r'C:\Users\scott\soccer-video\tools'); from upscale import upscale_video; upscale_video(r'C:\Users\scott\soccer-video\out\atomic_clips\_quarantine\004__2025-09-20__TSC_vs_Greenwood__PRESSURE_TWO_SHOTS__t26640.00-t27360.00.mp4', scale=2)"
[WhatIf] not executed
"python" "-c" "import sys; sys.path.insert(0, r'C:\Users\scott\soccer-video\tools'); from upscale import upscale_video; upscale_video(r'C:\Users\scott\soccer-video\out\atomic_clips\_quarantine\004__2025-09-20__TSC_vs_RVFC__PRESSURE_GOAL__t17880.00-t18720.00.mp4', scale=2)"
[WhatIf] not executed
"python" "-c" "import sys; sys.path.insert(0, r'C:\Users\scott\soccer-video\tools'); from upscale import upscale_video; upscale_video(r'C:\Users\scott\soccer-video\out\atomic_clips\_quarantine\004__2025-10-04__TSC_vs_FC_Tulsa_Black__BUILD_UP__t29700.00-t30780.00.mp4', scale=2)"
[WhatIf] not executed
"python" "-c" "import sys; sys.path.insert(0, r'C:\Users\scott\soccer-video\tools'); from upscale import upscale_video; upscale_video(r'C:\Users\scott\soccer-video\out\atomic_clips\_quarantine\004__GOAL__t266.50-t283.10.mp4', scale=2)"
[WhatIf] not executed
"python" "-c" "import sys; sys.path.insert(0, r'C:\Users\scott\soccer-video\tools'); from upscale import upscale_video; upscale_video(r'C:\Users\scott\soccer-video\out\atomic_clips\_quarantine\004__GOAL__t266.50-t283.10.__CINEMATIC.mp4', scale=2)"
[WhatIf] not executed
"python" "-c" "import sys; sys.path.insert(0, r'C:\Users\scott\soccer-video\tools'); from upscale import upscale_video; upscale_video(r'C:\Users\scott\soccer-video\out\atomic_clips\_quarantine\005__2025-09-20__TSC_vs_Greenwood__WIN_FREE_KICK__t32280.00-t33180.00.mp4', scale=2)"
[WhatIf] not executed
"python" "-c" "import sys; sys.path.insert(0, r'C:\Users\scott\soccer-video\tools'); from upscale import upscale_video; upscale_video(r'C:\Users\scott\soccer-video\out\atomic_clips\_quarantine\005__2025-09-20__TSC_vs_RVFC__BUILD_UP_PLAY_SHOT__t21000.00-t22020.00.mp4', scale=2)"
[WhatIf] not executed
"python" "-c" "import sys; sys.path.insert(0, r'C:\Users\scott\soccer-video\tools'); from upscale import upscale_video; upscale_video(r'C:\Users\scott\soccer-video\out\atomic_clips\_quarantine\005__2025-10-04__TSC_vs_FC_Tulsa_Black__SHOT__t36000.00-t36420.00.mp4', scale=2)"
[WhatIf] not executed
"python" "-c" "import sys; sys.path.insert(0, r'C:\Users\scott\soccer-video\tools'); from upscale import upscale_video; upscale_video(r'C:\Users\scott\soccer-video\out\atomic_clips\_quarantine\005__CORNER__t417.90-t431.60.mp4', scale=2)"
[WhatIf] not executed
"python" "-c" "import sys; sys.path.insert(0, r'C:\Users\scott\soccer-video\tools'); from upscale import upscale_video; upscale_video(r'C:\Users\scott\soccer-video\out\atomic_clips\_quarantine\005__CORNER__t417.90-t431.60.__CINEMATIC.mp4', scale=2)"
[WhatIf] not executed
"python" "-c" "import sys; sys.path.insert(0, r'C:\Users\scott\soccer-video\tools'); from upscale import upscale_video; upscale_video(r'C:\Users\scott\soccer-video\out\atomic_clips\_quarantine\006__2025-09-20__TSC_vs_Greenwood__BUILD_UP_PLAY_SHOT__t41100.00-t42480.00.mp4', scale=2)"
[WhatIf] not executed
"python" "-c" "import sys; sys.path.insert(0, r'C:\Users\scott\soccer-video\tools'); from upscale import upscale_video; upscale_video(r'C:\Users\scott\soccer-video\out\atomic_clips\_quarantine\006__2025-09-20__TSC_vs_RVFC__SHOT__t31020.00-t31680.00.mp4', scale=2)"
[WhatIf] not executed
"python" "-c" "import sys; sys.path.insert(0, r'C:\Users\scott\soccer-video\tools'); from upscale import upscale_video; upscale_video(r'C:\Users\scott\soccer-video\out\atomic_clips\_quarantine\006__2025-10-04__TSC_vs_FC_Tulsa_Black__BUILD_UP_GOAL__t40440.00-t43020.00.mp4', scale=2)"
[WhatIf] not executed
"python" "-c" "import sys; sys.path.insert(0, r'C:\Users\scott\soccer-video\tools'); from upscale import upscale_video; upscale_video(r'C:\Users\scott\soccer-video\out\atomic_clips\_quarantine\006__2025-10-04__TSC_vs_FC_Tulsa_Black__BUILD_UP_GOAL__t40440.00-t43020.00.__DEBUG.mp4', scale=2)"
[WhatIf] not executed
"python" "-c" "import sys; sys.path.insert(0, r'C:\Users\scott\soccer-video\tools'); from upscale import upscale_video; upscale_video(r'C:\Users\scott\soccer-video\out\atomic_clips\_quarantine\006__DEFENSE__t699.30-t711.50.mp4', scale=2)"
[WhatIf] not executed
"python" "-c" "import sys; sys.path.insert(0, r'C:\Users\scott\soccer-video\tools'); from upscale import upscale_video; upscale_video(r'C:\Users\scott\soccer-video\out\atomic_clips\_quarantine\006__DEFENSE__t699.30-t711.50.__CINEMATIC.mp4', scale=2)"
[WhatIf] not executed
"python" "-c" "import sys; sys.path.insert(0, r'C:\Users\scott\soccer-video\tools'); from upscale import upscale_video; upscale_video(r'C:\Users\scott\soccer-video\out\atomic_clips\_quarantine\007__2025-09-20__TSC_vs_Greenwood__DRIBBLING_SHOT__t44340.00-t45120.00.mp4', scale=2)"
[WhatIf] not executed
"python" "-c" "import sys; sys.path.insert(0, r'C:\Users\scott\soccer-video\tools'); from upscale import upscale_video; upscale_video(r'C:\Users\scott\soccer-video\out\atomic_clips\_quarantine\007__2025-09-20__TSC_vs_RVFC__PRESSURE_GOAL__t31740.00-t32820.00.mp4', scale=2)"
[WhatIf] not executed
"python" "-c" "import sys; sys.path.insert(0, r'C:\Users\scott\soccer-video\tools'); from upscale import upscale_video; upscale_video(r'C:\Users\scott\soccer-video\out\atomic_clips\_quarantine\007__2025-10-04__TSC_vs_FC_Tulsa_Black__BUILD_UP_SHOT__t46020.00-t47100.00.mp4', scale=2)"
[WhatIf] not executed
"python" "-c" "import sys; sys.path.insert(0, r'C:\Users\scott\soccer-video\tools'); from upscale import upscale_video; upscale_video(r'C:\Users\scott\soccer-video\out\atomic_clips\_quarantine\007__DRIBBLING__t982.00-t987.90.mp4', scale=2)"
[WhatIf] not executed
"python" "-c" "import sys; sys.path.insert(0, r'C:\Users\scott\soccer-video\tools'); from upscale import upscale_video; upscale_video(r'C:\Users\scott\soccer-video\out\atomic_clips\_quarantine\007__DRIBBLING__t982.00-t987.90.__CINEMATIC.mp4', scale=2)"
[WhatIf] not executed
"python" "-c" "import sys; sys.path.insert(0, r'C:\Users\scott\soccer-video\tools'); from upscale import upscale_video; upscale_video(r'C:\Users\scott\soccer-video\out\atomic_clips\_quarantine\008__2025-09-20__TSC_vs_Greenwood__PRESSURE_SHOT__t45240.00-t46980.00.mp4', scale=2)"
[WhatIf] not executed
"python" "-c" "import sys; sys.path.insert(0, r'C:\Users\scott\soccer-video\tools'); from upscale import upscale_video; upscale_video(r'C:\Users\scott\soccer-video\out\atomic_clips\_quarantine\008__2025-09-20__TSC_vs_RVFC__BUILD_UP_PLAY_SHOT__t33900.00-t36000.00.mp4', scale=2)"
[WhatIf] not executed
"python" "-c" "import sys; sys.path.insert(0, r'C:\Users\scott\soccer-video\tools'); from upscale import upscale_video; upscale_video(r'C:\Users\scott\soccer-video\out\atomic_clips\_quarantine\008__2025-10-04__TSC_vs_FC_Tulsa_Black__BUILD_UP_SHOT__t61500.00-t62400.00.mp4', scale=2)"
[WhatIf] not executed
"python" "-c" "import sys; sys.path.insert(0, r'C:\Users\scott\soccer-video\tools'); from upscale import upscale_video; upscale_video(r'C:\Users\scott\soccer-video\out\atomic_clips\_quarantine\008__SHOT__t1247.80-t1259.20.mp4', scale=2)"
[WhatIf] not executed
"python" "-c" "import sys; sys.path.insert(0, r'C:\Users\scott\soccer-video\tools'); from upscale import upscale_video; upscale_video(r'C:\Users\scott\soccer-video\out\atomic_clips\_quarantine\008__SHOT__t1247.80-t1259.20.__CINEMATIC.mp4', scale=2)"
[WhatIf] not executed
"python" "-c" "import sys; sys.path.insert(0, r'C:\Users\scott\soccer-video\tools'); from upscale import upscale_video; upscale_video(r'C:\Users\scott\soccer-video\out\atomic_clips\_quarantine\009__2025-09-20__TSC_vs_Greenwood__PRESSURE_SHOT__t48120.00-t49080.00.mp4', scale=2)"
[WhatIf] not executed
"python" "-c" "import sys; sys.path.insert(0, r'C:\Users\scott\soccer-video\tools'); from upscale import upscale_video; upscale_video(r'C:\Users\scott\soccer-video\out\atomic_clips\_quarantine\009__2025-09-20__TSC_vs_RVFC__PRESSURE_SHOT__t36240.00-t37200.00.mp4', scale=2)"
[WhatIf] not executed
"python" "-c" "import sys; sys.path.insert(0, r'C:\Users\scott\soccer-video\tools'); from upscale import upscale_video; upscale_video(r'C:\Users\scott\soccer-video\out\atomic_clips\_quarantine\009__2025-10-04__TSC_vs_FC_Tulsa_Black__PRESSURE_SHOT__t62760.00-t63420.00.mp4', scale=2)"
[WhatIf] not executed
"python" "-c" "import sys; sys.path.insert(0, r'C:\Users\scott\soccer-video\tools'); from upscale import upscale_video; upscale_video(r'C:\Users\scott\soccer-video\out\atomic_clips\_quarantine\009__SHOT__t1420.40-t1438.20.mp4', scale=2)"
[WhatIf] not executed
"python" "-c" "import sys; sys.path.insert(0, r'C:\Users\scott\soccer-video\tools'); from upscale import upscale_video; upscale_video(r'C:\Users\scott\soccer-video\out\atomic_clips\_quarantine\009__SHOT__t1420.40-t1438.20.__CINEMATIC.mp4', scale=2)"
[WhatIf] not executed
"python" "-c" "import sys; sys.path.insert(0, r'C:\Users\scott\soccer-video\tools'); from upscale import upscale_video; upscale_video(r'C:\Users\scott\soccer-video\out\atomic_clips\_quarantine\010__2025-09-20__TSC_vs_Greenwood__DEFENSE_BUILD_UP__t49260.00-t50880.00.mp4', scale=2)"
[WhatIf] not executed
"python" "-c" "import sys; sys.path.insert(0, r'C:\Users\scott\soccer-video\tools'); from upscale import upscale_video; upscale_video(r'C:\Users\scott\soccer-video\out\atomic_clips\_quarantine\010__2025-09-20__TSC_vs_RVFC__PRESSURE_SHOT__t40500.00-t41340.00.mp4', scale=2)"
[WhatIf] not executed
"python" "-c" "import sys; sys.path.insert(0, r'C:\Users\scott\soccer-video\tools'); from upscale import upscale_video; upscale_video(r'C:\Users\scott\soccer-video\out\atomic_clips\_quarantine\010__2025-10-04__TSC_vs_FC_Tulsa_Black__BUILD_UP_SHOT__t63480.00-t64800.00.mp4', scale=2)"
[WhatIf] not executed
"python" "-c" "import sys; sys.path.insert(0, r'C:\Users\scott\soccer-video\tools'); from upscale import upscale_video; upscale_video(r'C:\Users\scott\soccer-video\out\atomic_clips\_quarantine\010__CROSS__t1541.10-t1547.90.mp4', scale=2)"
[WhatIf] not executed
"python" "-c" "import sys; sys.path.insert(0, r'C:\Users\scott\soccer-video\tools'); from upscale import upscale_video; upscale_video(r'C:\Users\scott\soccer-video\out\atomic_clips\_quarantine\010__CROSS__t1541.10-t1547.90.__CINEMATIC.mp4', scale=2)"
[WhatIf] not executed
"python" "-c" "import sys; sys.path.insert(0, r'C:\Users\scott\soccer-video\tools'); from upscale import upscale_video; upscale_video(r'C:\Users\scott\soccer-video\out\atomic_clips\_quarantine\011__2025-09-20__TSC_vs_Greenwood__GOAL__t54120.00-t54780.00.mp4', scale=2)"
[WhatIf] not executed
"python" "-c" "import sys; sys.path.insert(0, r'C:\Users\scott\soccer-video\tools'); from upscale import upscale_video; upscale_video(r'C:\Users\scott\soccer-video\out\atomic_clips\_quarantine\011__2025-09-20__TSC_vs_RVFC__PRESSURE_SHOT__t41340.00-t42120.00.mp4', scale=2)"
[WhatIf] not executed
"python" "-c" "import sys; sys.path.insert(0, r'C:\Users\scott\soccer-video\tools'); from upscale import upscale_video; upscale_video(r'C:\Users\scott\soccer-video\out\atomic_clips\_quarantine\011__2025-10-04__TSC_vs_FC_Tulsa_Black__BUILD_UP_SHOT__t71880.00-t73320.00.mp4', scale=2)"
[WhatIf] not executed
"python" "-c" "import sys; sys.path.insert(0, r'C:\Users\scott\soccer-video\tools'); from upscale import upscale_video; upscale_video(r'C:\Users\scott\soccer-video\out\atomic_clips\_quarantine\011__SHOTS__t1655.00-t1670.30.mp4', scale=2)"
[WhatIf] not executed
"python" "-c" "import sys; sys.path.insert(0, r'C:\Users\scott\soccer-video\tools'); from upscale import upscale_video; upscale_video(r'C:\Users\scott\soccer-video\out\atomic_clips\_quarantine\011__SHOTS__t1655.00-t1670.30.__CINEMATIC.mp4', scale=2)"
[WhatIf] not executed
"python" "-c" "import sys; sys.path.insert(0, r'C:\Users\scott\soccer-video\tools'); from upscale import upscale_video; upscale_video(r'C:\Users\scott\soccer-video\out\atomic_clips\_quarantine\012__2025-09-20__TSC_vs_Greenwood__BUILD_SHOT__t58380.00-t59220.00.mp4', scale=2)"
[WhatIf] not executed
"python" "-c" "import sys; sys.path.insert(0, r'C:\Users\scott\soccer-video\tools'); from upscale import upscale_video; upscale_video(r'C:\Users\scott\soccer-video\out\atomic_clips\_quarantine\012__2025-09-20__TSC_vs_RVFC__BUILD_UP_PLAY_SHOT__t44760.00-t45420.00.mp4', scale=2)"
[WhatIf] not executed
"python" "-c" "import sys; sys.path.insert(0, r'C:\Users\scott\soccer-video\tools'); from upscale import upscale_video; upscale_video(r'C:\Users\scott\soccer-video\out\atomic_clips\_quarantine\012__2025-10-04__TSC_vs_FC_Tulsa_Black__PRESSURE_GOAL__t74340.00-t75180.00.mp4', scale=2)"
[WhatIf] not executed
"python" "-c" "import sys; sys.path.insert(0, r'C:\Users\scott\soccer-video\tools'); from upscale import upscale_video; upscale_video(r'C:\Users\scott\soccer-video\out\atomic_clips\_quarantine\012__GOAL__t1705.20-t1708.50.mp4', scale=2)"
[WhatIf] not executed
"python" "-c" "import sys; sys.path.insert(0, r'C:\Users\scott\soccer-video\tools'); from upscale import upscale_video; upscale_video(r'C:\Users\scott\soccer-video\out\atomic_clips\_quarantine\012__GOAL__t1705.20-t1708.50.__CINEMATIC.mp4', scale=2)"
[WhatIf] not executed
"python" "-c" "import sys; sys.path.insert(0, r'C:\Users\scott\soccer-video\tools'); from upscale import upscale_video; upscale_video(r'C:\Users\scott\soccer-video\out\atomic_clips\_quarantine\013__2025-09-20__TSC_vs_Greenwood__PRESSURE_SHOT__t59280.00-t60060.00.mp4', scale=2)"
[WhatIf] not executed
"python" "-c" "import sys; sys.path.insert(0, r'C:\Users\scott\soccer-video\tools'); from upscale import upscale_video; upscale_video(r'C:\Users\scott\soccer-video\out\atomic_clips\_quarantine\013__2025-09-20__TSC_vs_RVFC__BUILD_UP_PLAY_SHOT__t49260.00-t51900.00.mp4', scale=2)"
[WhatIf] not executed
"python" "-c" "import sys; sys.path.insert(0, r'C:\Users\scott\soccer-video\tools'); from upscale import upscale_video; upscale_video(r'C:\Users\scott\soccer-video\out\atomic_clips\_quarantine\013__2025-10-04__TSC_vs_FC_Tulsa_Black__BUILD_UP_PLAY__t77400.00-t78360.00.mp4', scale=2)"
[WhatIf] not executed
"python" "-c" "import sys; sys.path.insert(0, r'C:\Users\scott\soccer-video\tools'); from upscale import upscale_video; upscale_video(r'C:\Users\scott\soccer-video\out\atomic_clips\_quarantine\013__GOAL__t1767.50-t1772.60.mp4', scale=2)"
[WhatIf] not executed
"python" "-c" "import sys; sys.path.insert(0, r'C:\Users\scott\soccer-video\tools'); from upscale import upscale_video; upscale_video(r'C:\Users\scott\soccer-video\out\atomic_clips\_quarantine\013__GOAL__t1767.50-t1772.60.__CINEMATIC.mp4', scale=2)"
[WhatIf] not executed
"python" "-c" "import sys; sys.path.insert(0, r'C:\Users\scott\soccer-video\tools'); from upscale import upscale_video; upscale_video(r'C:\Users\scott\soccer-video\out\atomic_clips\_quarantine\014__2025-09-20__TSC_vs_Greenwood__PRESSURE_SHOT__t63780.00-t64380.00.mp4', scale=2)"
[WhatIf] not executed
"python" "-c" "import sys; sys.path.insert(0, r'C:\Users\scott\soccer-video\tools'); from upscale import upscale_video; upscale_video(r'C:\Users\scott\soccer-video\out\atomic_clips\_quarantine\014__2025-09-20__TSC_vs_RVFC__DEFENSE_BUILD_UP__t52800.00-t53820.00.mp4', scale=2)"
[WhatIf] not executed
"python" "-c" "import sys; sys.path.insert(0, r'C:\Users\scott\soccer-video\tools'); from upscale import upscale_video; upscale_video(r'C:\Users\scott\soccer-video\out\atomic_clips\_quarantine\014__2025-10-04__TSC_vs_FC_Tulsa_Black__SHOT__t2354400.00-t2394000.00.mp4', scale=2)"
[WhatIf] not executed
"python" "-c" "import sys; sys.path.insert(0, r'C:\Users\scott\soccer-video\tools'); from upscale import upscale_video; upscale_video(r'C:\Users\scott\soccer-video\out\atomic_clips\_quarantine\014__GOAL__t1904.20-t1925.20.mp4', scale=2)"
[WhatIf] not executed
"python" "-c" "import sys; sys.path.insert(0, r'C:\Users\scott\soccer-video\tools'); from upscale import upscale_video; upscale_video(r'C:\Users\scott\soccer-video\out\atomic_clips\_quarantine\014__GOAL__t1904.20-t1925.20.__CINEMATIC.mp4', scale=2)"
[WhatIf] not executed
"python" "-c" "import sys; sys.path.insert(0, r'C:\Users\scott\soccer-video\tools'); from upscale import upscale_video; upscale_video(r'C:\Users\scott\soccer-video\out\atomic_clips\_quarantine\015__2025-09-20__TSC_vs_Greenwood__SHOT__t64860.00-t65280.00.mp4', scale=2)"
[WhatIf] not executed
"python" "-c" "import sys; sys.path.insert(0, r'C:\Users\scott\soccer-video\tools'); from upscale import upscale_video; upscale_video(r'C:\Users\scott\soccer-video\out\atomic_clips\_quarantine\015__2025-09-20__TSC_vs_RVFC__SHOT__t55800.00-t56220.00.mp4', scale=2)"
[WhatIf] not executed
"python" "-c" "import sys; sys.path.insert(0, r'C:\Users\scott\soccer-video\tools'); from upscale import upscale_video; upscale_video(r'C:\Users\scott\soccer-video\out\atomic_clips\_quarantine\015__DRIBBLING__t1972.50-t1980.70.mp4', scale=2)"
[WhatIf] not executed
"python" "-c" "import sys; sys.path.insert(0, r'C:\Users\scott\soccer-video\tools'); from upscale import upscale_video; upscale_video(r'C:\Users\scott\soccer-video\out\atomic_clips\_quarantine\015__DRIBBLING__t1972.50-t1980.70.__CINEMATIC.mp4', scale=2)"
[WhatIf] not executed
"python" "-c" "import sys; sys.path.insert(0, r'C:\Users\scott\soccer-video\tools'); from upscale import upscale_video; upscale_video(r'C:\Users\scott\soccer-video\out\atomic_clips\_quarantine\016__2025-09-20__TSC_vs_Greenwood__BUILD_UP_PLAY_SHOT__t71700.00-t72540.00.mp4', scale=2)"
[WhatIf] not executed
"python" "-c" "import sys; sys.path.insert(0, r'C:\Users\scott\soccer-video\tools'); from upscale import upscale_video; upscale_video(r'C:\Users\scott\soccer-video\out\atomic_clips\_quarantine\016__2025-09-20__TSC_vs_RVFC__BUILD_UP_PLAY_SHOT__t59940.00-t61320.00.mp4', scale=2)"
[WhatIf] not executed
"python" "-c" "import sys; sys.path.insert(0, r'C:\Users\scott\soccer-video\tools'); from upscale import upscale_video; upscale_video(r'C:\Users\scott\soccer-video\out\atomic_clips\_quarantine\016__SHOT__t2029.90-t2039.50.mp4', scale=2)"
[WhatIf] not executed
"python" "-c" "import sys; sys.path.insert(0, r'C:\Users\scott\soccer-video\tools'); from upscale import upscale_video; upscale_video(r'C:\Users\scott\soccer-video\out\atomic_clips\_quarantine\016__SHOT__t2029.90-t2039.50.__CINEMATIC.mp4', scale=2)"
[WhatIf] not executed
"python" "-c" "import sys; sys.path.insert(0, r'C:\Users\scott\soccer-video\tools'); from upscale import upscale_video; upscale_video(r'C:\Users\scott\soccer-video\out\atomic_clips\_quarantine\017__2025-09-20__TSC_vs_Greenwood__PRESSURE_SHOT__t72720.00-t73440.00.mp4', scale=2)"
[WhatIf] not executed
"python" "-c" "import sys; sys.path.insert(0, r'C:\Users\scott\soccer-video\tools'); from upscale import upscale_video; upscale_video(r'C:\Users\scott\soccer-video\out\atomic_clips\_quarantine\017__2025-09-20__TSC_vs_RVFC__BUILD_UP_PLAY_SHOT__t65280.00-t67440.00.mp4', scale=2)"
[WhatIf] not executed
"python" "-c" "import sys; sys.path.insert(0, r'C:\Users\scott\soccer-video\tools'); from upscale import upscale_video; upscale_video(r'C:\Users\scott\soccer-video\out\atomic_clips\_quarantine\017__SHOT__t2284.90-t2298.20.mp4', scale=2)"
[WhatIf] not executed
"python" "-c" "import sys; sys.path.insert(0, r'C:\Users\scott\soccer-video\tools'); from upscale import upscale_video; upscale_video(r'C:\Users\scott\soccer-video\out\atomic_clips\_quarantine\017__SHOT__t2284.90-t2298.20.__CINEMATIC.mp4', scale=2)"
[WhatIf] not executed
"python" "-c" "import sys; sys.path.insert(0, r'C:\Users\scott\soccer-video\tools'); from upscale import upscale_video; upscale_video(r'C:\Users\scott\soccer-video\out\atomic_clips\_quarantine\018__2025-09-20__TSC_vs_Greenwood__BUILD_UP_PLAY_GOAL__t77520.00-t79740.00.mp4', scale=2)"
[WhatIf] not executed
"python" "-c" "import sys; sys.path.insert(0, r'C:\Users\scott\soccer-video\tools'); from upscale import upscale_video; upscale_video(r'C:\Users\scott\soccer-video\out\atomic_clips\_quarantine\018__2025-09-20__TSC_vs_RVFC__DRIBBLING_SHOT__t68820.00-t69180.00.mp4', scale=2)"
[WhatIf] not executed
"python" "-c" "import sys; sys.path.insert(0, r'C:\Users\scott\soccer-video\tools'); from upscale import upscale_video; upscale_video(r'C:\Users\scott\soccer-video\out\atomic_clips\_quarantine\018__SHOT__t2419.50-t2425.60.mp4', scale=2)"
[WhatIf] not executed
"python" "-c" "import sys; sys.path.insert(0, r'C:\Users\scott\soccer-video\tools'); from upscale import upscale_video; upscale_video(r'C:\Users\scott\soccer-video\out\atomic_clips\_quarantine\018__SHOT__t2419.50-t2425.60.__CINEMATIC.mp4', scale=2)"
[WhatIf] not executed
"python" "-c" "import sys; sys.path.insert(0, r'C:\Users\scott\soccer-video\tools'); from upscale import upscale_video; upscale_video(r'C:\Users\scott\soccer-video\out\atomic_clips\_quarantine\019__2025-09-20__TSC_vs_Greenwood__PRESSURE_SHOT__t82140.00-t82980.00.mp4', scale=2)"
[WhatIf] not executed
"python" "-c" "import sys; sys.path.insert(0, r'C:\Users\scott\soccer-video\tools'); from upscale import upscale_video; upscale_video(r'C:\Users\scott\soccer-video\out\atomic_clips\_quarantine\019__2025-09-20__TSC_vs_RVFC__BUILD_UP_PLAY_SHOT__t69480.00-t70920.00.mp4', scale=2)"
[WhatIf] not executed
"python" "-c" "import sys; sys.path.insert(0, r'C:\Users\scott\soccer-video\tools'); from upscale import upscale_video; upscale_video(r'C:\Users\scott\soccer-video\out\atomic_clips\_quarantine\019__SHOT__t2633.00-t2638.10.mp4', scale=2)"
[WhatIf] not executed
"python" "-c" "import sys; sys.path.insert(0, r'C:\Users\scott\soccer-video\tools'); from upscale import upscale_video; upscale_video(r'C:\Users\scott\soccer-video\out\atomic_clips\_quarantine\019__SHOT__t2633.00-t2638.10.__CINEMATIC.mp4', scale=2)"
[WhatIf] not executed
"python" "-c" "import sys; sys.path.insert(0, r'C:\Users\scott\soccer-video\tools'); from upscale import upscale_video; upscale_video(r'C:\Users\scott\soccer-video\out\atomic_clips\_quarantine\020__2025-09-20__TSC_vs_Greenwood__PRESSURE_SHOT__t83580.00-t84540.00.mp4', scale=2)"
[WhatIf] not executed
"python" "-c" "import sys; sys.path.insert(0, r'C:\Users\scott\soccer-video\tools'); from upscale import upscale_video; upscale_video(r'C:\Users\scott\soccer-video\out\atomic_clips\_quarantine\020__2025-09-20__TSC_vs_RVFC__SHOT__t74160.00-t74580.00.mp4', scale=2)"
[WhatIf] not executed
"python" "-c" "import sys; sys.path.insert(0, r'C:\Users\scott\soccer-video\tools'); from upscale import upscale_video; upscale_video(r'C:\Users\scott\soccer-video\out\atomic_clips\_quarantine\020__GOAL__t2816.60-t2831.80.mp4', scale=2)"
[WhatIf] not executed
"python" "-c" "import sys; sys.path.insert(0, r'C:\Users\scott\soccer-video\tools'); from upscale import upscale_video; upscale_video(r'C:\Users\scott\soccer-video\out\atomic_clips\_quarantine\020__GOAL__t2816.60-t2831.80.__CINEMATIC.mp4', scale=2)"
[WhatIf] not executed
"python" "-c" "import sys; sys.path.insert(0, r'C:\Users\scott\soccer-video\tools'); from upscale import upscale_video; upscale_video(r'C:\Users\scott\soccer-video\out\atomic_clips\_quarantine\021__2025-09-20__TSC_vs_RVFC__CROSS__t76500.00-t77580.00.mp4', scale=2)"
[WhatIf] not executed
"python" "-c" "import sys; sys.path.insert(0, r'C:\Users\scott\soccer-video\tools'); from upscale import upscale_video; upscale_video(r'C:\Users\scott\soccer-video\out\atomic_clips\_quarantine\021__SHOT__t2860.70-t2873.00.mp4', scale=2)"
[WhatIf] not executed
"python" "-c" "import sys; sys.path.insert(0, r'C:\Users\scott\soccer-video\tools'); from upscale import upscale_video; upscale_video(r'C:\Users\scott\soccer-video\out\atomic_clips\_quarantine\022__2025-09-20__TSC_vs_RVFC__PRESSURE_SHOT__t78000.00-t78600.00.mp4', scale=2)"
[WhatIf] not executed
"python" "-c" "import sys; sys.path.insert(0, r'C:\Users\scott\soccer-video\tools'); from upscale import upscale_video; upscale_video(r'C:\Users\scott\soccer-video\out\atomic_clips\_quarantine\023__2025-09-20__TSC_vs_RVFC__PRESSURE_SHOT__t78960.00-t79740.00.mp4', scale=2)"
[WhatIf] not executed
"python" "-c" "import sys; sys.path.insert(0, r'C:\Users\scott\soccer-video\tools'); from upscale import upscale_video; upscale_video(r'C:\Users\scott\soccer-video\out\atomic_clips\_quarantine\023__SHOT__t3098.90-t3108.80.mp4', scale=2)"
[WhatIf] not executed
"python" "-c" "import sys; sys.path.insert(0, r'C:\Users\scott\soccer-video\tools'); from upscale import upscale_video; upscale_video(r'C:\Users\scott\soccer-video\out\atomic_clips\_quarantine\024__2025-09-20__TSC_vs_Greenwood__PRESSURE_SHOT__t2718000.00-t2754000.00.mp4', scale=2)"
[WhatIf] not executed
"python" "-c" "import sys; sys.path.insert(0, r'C:\Users\scott\soccer-video\tools'); from upscale import upscale_video; upscale_video(r'C:\Users\scott\soccer-video\out\atomic_clips\_quarantine\024__2025-09-20__TSC_vs_RVFC__FREE_KICK__t84120.00-t85260.00.mp4', scale=2)"
[WhatIf] not executed
"python" "-c" "import sys; sys.path.insert(0, r'C:\Users\scott\soccer-video\tools'); from upscale import upscale_video; upscale_video(r'C:\Users\scott\soccer-video\out\atomic_clips\_quarantine\025__2025-09-20__TSC_vs_RVFC__PRESSURE_GOAL__t2203200.00-t2232000.00.mp4', scale=2)"
[WhatIf] not executed
"python" "-c" "import sys; sys.path.insert(0, r'C:\Users\scott\soccer-video\tools'); from upscale import upscale_video; upscale_video(r'C:\Users\scott\soccer-video\out\atomic_clips\_quarantine\026__2025-09-20__TSC_vs_RVFC__DRIBBLING_SHOT__t2592000.00-t2628000.00.mp4', scale=2)"
[WhatIf] not executed
"python" "-c" "import sys; sys.path.insert(0, r'C:\Users\scott\soccer-video\tools'); from upscale import upscale_video; upscale_video(r'C:\Users\scott\soccer-video\out\atomic_clips\_quarantine\027__2025-09-20__TSC_vs_Greenwood__BUILD_UP_PLAY_SHOT__t2937600.00-t3002400.00.mp4', scale=2)"
[WhatIf] not executed
"python" "-c" "import sys; sys.path.insert(0, r'C:\Users\scott\soccer-video\tools'); from upscale import upscale_video; upscale_video(r'C:\Users\scott\soccer-video\out\atomic_clips\_quarantine\036__2025-09-20__TSC_vs_Greenwood__PRESSURE_SHOT__t3906000.00-t3942000.00.mp4', scale=2)"
[WhatIf] not executed
"python" "-c" "import sys; sys.path.insert(0, r'C:\Users\scott\soccer-video\tools'); from upscale import upscale_video; upscale_video(r'C:\Users\scott\soccer-video\out\atomic_clips\_quarantine\038__2025-09-20__TSC_vs_Greenwood__PRESSURE_SHOT__t4010400.00-t4086000.00.mp4', scale=2)"
[WhatIf] not executed
"python" "-c" "import sys; sys.path.insert(0, r'C:\Users\scott\soccer-video\tools'); from upscale import upscale_video; upscale_video(r'C:\Users\scott\soccer-video\out\atomic_clips\_quarantine\041__2025-09-20__TSC_vs_RVFC__CORNER__t3931200.00-t3967200.00.mp4', scale=2)"
[WhatIf] not executed
"python" "-c" "import sys; sys.path.insert(0, r'C:\Users\scott\soccer-video\tools'); from upscale import upscale_video; upscale_video(r'C:\Users\scott\soccer-video\out\atomic_clips\_quarantine\042__2025-09-20__TSC_vs_RVFC__CORNER__t3992400.00-t4057200.00.mp4', scale=2)"
[WhatIf] not executed
"python" "-c" "import sys; sys.path.insert(0, r'C:\Users\scott\soccer-video\tools'); from upscale import upscale_video; upscale_video(r'C:\Users\scott\soccer-video\out\atomic_clips\2025-09-13__TSC_vs_NEOFC\001__2025-09-13__TSC_vs_NEOFC__SHOT__t156-t166.mp4', scale=2)"
[WhatIf] not executed
"python" "-c" "import sys; sys.path.insert(0, r'C:\Users\scott\soccer-video\tools'); from upscale import upscale_video; upscale_video(r'C:\Users\scott\soccer-video\out\atomic_clips\2025-09-13__TSC_vs_NEOFC\002__2025-09-13__TSC_vs_NEOFC__GOAL__t180.80-t191.20.__DEBUG_FINAL_portrait_FINAL.mp4', scale=2)"
[WhatIf] not executed
"python" "-c" "import sys; sys.path.insert(0, r'C:\Users\scott\soccer-video\tools'); from upscale import upscale_video; upscale_video(r'C:\Users\scott\soccer-video\out\atomic_clips\2025-09-13__TSC_vs_NEOFC\003__2025-09-13__TSC_vs_NEOFC__BUILD_UP__t224.80-t248.70.__DEBUG_FINAL_portrait_FINAL.mp4', scale=2)"
[WhatIf] not executed
"python" "-c" "import sys; sys.path.insert(0, r'C:\Users\scott\soccer-video\tools'); from upscale import upscale_video; upscale_video(r'C:\Users\scott\soccer-video\out\atomic_clips\2025-09-13__TSC_vs_NEOFC\004__2025-09-13__TSC_vs_NEOFC__GOAL__t266.50-t283.10.__DEBUG_FINAL_portrait_FINAL.mp4', scale=2)"
[WhatIf] not executed
"python" "-c" "import sys; sys.path.insert(0, r'C:\Users\scott\soccer-video\tools'); from upscale import upscale_video; upscale_video(r'C:\Users\scott\soccer-video\out\atomic_clips\2025-09-13__TSC_vs_NEOFC\005__2025-09-13__TSC_vs_NEOFC__CORNER__t417.90-t431.60.__DEBUG_FINAL_portrait_FINAL.mp4', scale=2)"
[WhatIf] not executed
"python" "-c" "import sys; sys.path.insert(0, r'C:\Users\scott\soccer-video\tools'); from upscale import upscale_video; upscale_video(r'C:\Users\scott\soccer-video\out\atomic_clips\2025-09-13__TSC_vs_NEOFC\006__2025-09-13__TSC_vs_NEOFC__DEFENSE__t699.30-t711.50.__DEBUG_FINAL_portrait_FINAL.mp4', scale=2)"
[WhatIf] not executed
"python" "-c" "import sys; sys.path.insert(0, r'C:\Users\scott\soccer-video\tools'); from upscale import upscale_video; upscale_video(r'C:\Users\scott\soccer-video\out\atomic_clips\2025-09-13__TSC_vs_NEOFC\007__2025-09-13__TSC_vs_NEOFC__DRIBBLING__t982.00-t987.90_portrait_POST.mp4', scale=2)"
[WhatIf] not executed
"python" "-c" "import sys; sys.path.insert(0, r'C:\Users\scott\soccer-video\tools'); from upscale import upscale_video; upscale_video(r'C:\Users\scott\soccer-video\out\atomic_clips\2025-09-13__TSC_vs_NEOFC\008__2025-09-13__TSC_vs_NEOFC__SHOT__t1247.80-t1259.20_portrait_POST.mp4', scale=2)"
[WhatIf] not executed
"python" "-c" "import sys; sys.path.insert(0, r'C:\Users\scott\soccer-video\tools'); from upscale import upscale_video; upscale_video(r'C:\Users\scott\soccer-video\out\atomic_clips\2025-09-13__TSC_vs_NEOFC\009__2025-09-13__TSC_vs_NEOFC__SHOT__t1420.40-t1438.20_portrait_POST.mp4', scale=2)"
[WhatIf] not executed
"python" "-c" "import sys; sys.path.insert(0, r'C:\Users\scott\soccer-video\tools'); from upscale import upscale_video; upscale_video(r'C:\Users\scott\soccer-video\out\atomic_clips\2025-09-13__TSC_vs_NEOFC\010__2025-09-13__TSC_vs_NEOFC__CROSS__t1541.10-t1547.90_portrait_POST.mp4', scale=2)"
[WhatIf] not executed
"python" "-c" "import sys; sys.path.insert(0, r'C:\Users\scott\soccer-video\tools'); from upscale import upscale_video; upscale_video(r'C:\Users\scott\soccer-video\out\atomic_clips\2025-09-13__TSC_vs_NEOFC\011__2025-09-13__TSC_vs_NEOFC__SHOTS__t1655.00-t1670.30_portrait_POST.mp4', scale=2)"
[WhatIf] not executed
"python" "-c" "import sys; sys.path.insert(0, r'C:\Users\scott\soccer-video\tools'); from upscale import upscale_video; upscale_video(r'C:\Users\scott\soccer-video\out\atomic_clips\2025-09-13__TSC_vs_NEOFC\012__2025-09-13__TSC_vs_NEOFC__GOAL__t1705.20-t1708.50_portrait_POST.mp4', scale=2)"
[WhatIf] not executed
"python" "-c" "import sys; sys.path.insert(0, r'C:\Users\scott\soccer-video\tools'); from upscale import upscale_video; upscale_video(r'C:\Users\scott\soccer-video\out\atomic_clips\2025-09-13__TSC_vs_NEOFC\013__2025-09-13__TSC_vs_NEOFC__GOAL__t1767.50-t1772.60_portrait_POST.mp4', scale=2)"
[WhatIf] not executed
"python" "-c" "import sys; sys.path.insert(0, r'C:\Users\scott\soccer-video\tools'); from upscale import upscale_video; upscale_video(r'C:\Users\scott\soccer-video\out\atomic_clips\2025-09-13__TSC_vs_NEOFC\014__2025-09-13__TSC_vs_NEOFC__GOAL__t1904.20-t1925.20_portrait_POST.mp4', scale=2)"
[WhatIf] not executed
"python" "-c" "import sys; sys.path.insert(0, r'C:\Users\scott\soccer-video\tools'); from upscale import upscale_video; upscale_video(r'C:\Users\scott\soccer-video\out\atomic_clips\2025-09-13__TSC_vs_NEOFC\015__2025-09-13__TSC_vs_NEOFC__DRIBBLING__t1972.50-t1980.70_portrait_POST.mp4', scale=2)"
[WhatIf] not executed
"python" "-c" "import sys; sys.path.insert(0, r'C:\Users\scott\soccer-video\tools'); from upscale import upscale_video; upscale_video(r'C:\Users\scott\soccer-video\out\atomic_clips\2025-09-13__TSC_vs_NEOFC\016__2025-09-13__TSC_vs_NEOFC__SHOT__t2029.90-t2039.50_portrait_POST.mp4', scale=2)"
[WhatIf] not executed
"python" "-c" "import sys; sys.path.insert(0, r'C:\Users\scott\soccer-video\tools'); from upscale import upscale_video; upscale_video(r'C:\Users\scott\soccer-video\out\atomic_clips\2025-09-13__TSC_vs_NEOFC\017__2025-09-13__TSC_vs_NEOFC__SHOT__t2284.90-t2298.20_portrait_POST.mp4', scale=2)"
[WhatIf] not executed
"python" "-c" "import sys; sys.path.insert(0, r'C:\Users\scott\soccer-video\tools'); from upscale import upscale_video; upscale_video(r'C:\Users\scott\soccer-video\out\atomic_clips\2025-09-13__TSC_vs_NEOFC\018__2025-09-13__TSC_vs_NEOFC__SHOT__t2419.50-t2425.60_portrait_POST.mp4', scale=2)"
[WhatIf] not executed
"python" "-c" "import sys; sys.path.insert(0, r'C:\Users\scott\soccer-video\tools'); from upscale import upscale_video; upscale_video(r'C:\Users\scott\soccer-video\out\atomic_clips\2025-09-13__TSC_vs_NEOFC\019__2025-09-13__TSC_vs_NEOFC__SHOT__t2633.00-t2638.10_portrait_POST.mp4', scale=2)"
[WhatIf] not executed
"python" "-c" "import sys; sys.path.insert(0, r'C:\Users\scott\soccer-video\tools'); from upscale import upscale_video; upscale_video(r'C:\Users\scott\soccer-video\out\atomic_clips\2025-09-13__TSC_vs_NEOFC\020__2025-09-13__TSC_vs_NEOFC__GOAL__t2816.60-t2831.80_portrait_POST.mp4', scale=2)"
[WhatIf] not executed
"python" "-c" "import sys; sys.path.insert(0, r'C:\Users\scott\soccer-video\tools'); from upscale import upscale_video; upscale_video(r'C:\Users\scott\soccer-video\out\atomic_clips\2025-09-13__TSC_vs_NEOFC\021__2025-09-13__TSC_vs_NEOFC__SHOT__t2860.70-t2873.00_portrait_POST.mp4', scale=2)"
[WhatIf] not executed
"python" "-c" "import sys; sys.path.insert(0, r'C:\Users\scott\soccer-video\tools'); from upscale import upscale_video; upscale_video(r'C:\Users\scott\soccer-video\out\atomic_clips\2025-09-13__TSC_vs_NEOFC\023__2025-09-13__TSC_vs_NEOFC__SHOT__t3098.90-t3108.80_portrait_POST.mp4', scale=2)"
[WhatIf] not executed
"python" "-c" "import sys; sys.path.insert(0, r'C:\Users\scott\soccer-video\tools'); from upscale import upscale_video; upscale_video(r'C:\Users\scott\soccer-video\out\atomic_clips\2025-09-13__TSC_vs_NEOFC\030__2025-09-13__TSC_vs_NEOFC__2025-10-04__TSC_vs_FC_Tulsa_Black__BUILD_UP_SHOT__t1705-t1721.mp4', scale=2)"
[WhatIf] not executed
"python" "-c" "import sys; sys.path.insert(0, r'C:\Users\scott\soccer-video\tools'); from upscale import upscale_video; upscale_video(r'C:\Users\scott\soccer-video\out\atomic_clips\2025-09-13__TSC_vs_NEOFC\115__2025-09-13__TSC_vs_NEOFC__SHOT__t155.5-t166.4.mp4', scale=2)"
[WhatIf] not executed
"python" "-c" "import sys; sys.path.insert(0, r'C:\Users\scott\soccer-video\tools'); from upscale import upscale_video; upscale_video(r'C:\Users\scott\soccer-video\out\atomic_clips\2025-09-20__TSC_vs_Greenwood\002__2025-09-20__TSC_vs_Greenwood__GOAL__t20400.00-t21180.00.mp4', scale=2)"
[WhatIf] not executed
"python" "-c" "import sys; sys.path.insert(0, r'C:\Users\scott\soccer-video\tools'); from upscale import upscale_video; upscale_video(r'C:\Users\scott\soccer-video\out\atomic_clips\2025-09-20__TSC_vs_Greenwood\021__2025-09-20__TSC_vs_Greenwood__BUILD_UP_PLAY_SHOT__t1437.00-t1472.00_portrait_POST.mp4', scale=2)"
[WhatIf] not executed
"python" "-c" "import sys; sys.path.insert(0, r'C:\Users\scott\soccer-video\tools'); from upscale import upscale_video; upscale_video(r'C:\Users\scott\soccer-video\out\atomic_clips\2025-09-20__TSC_vs_Greenwood\022__2025-09-20__TSC_vs_Greenwood__GOAL__t1578.00-t1586.00_portrait_POST.mp4', scale=2)"
[WhatIf] not executed
"python" "-c" "import sys; sys.path.insert(0, r'C:\Users\scott\soccer-video\tools'); from upscale import upscale_video; upscale_video(r'C:\Users\scott\soccer-video\out\atomic_clips\2025-09-20__TSC_vs_Greenwood\023__2025-09-20__TSC_vs_Greenwood__BUILD_UP_PLAY_SHOT__t1711.00-t1722.00_portrait_POST.mp4', scale=2)"
[WhatIf] not executed
"python" "-c" "import sys; sys.path.insert(0, r'C:\Users\scott\soccer-video\tools'); from upscale import upscale_video; upscale_video(r'C:\Users\scott\soccer-video\out\atomic_clips\2025-09-20__TSC_vs_Greenwood\024__2025-09-20__TSC_vs_Greenwood__PRESSURE_SHOT__t1871.00-t1881.00_portrait_POST.mp4', scale=2)"
[WhatIf] not executed
"python" "-c" "import sys; sys.path.insert(0, r'C:\Users\scott\soccer-video\tools'); from upscale import upscale_video; upscale_video(r'C:\Users\scott\soccer-video\out\atomic_clips\2025-09-20__TSC_vs_Greenwood\024__2025-09-20__TSC_vs_Greenwood__PRESSURE_SHOT__t2718000.00-t2754000.00.mp4', scale=2)"
[WhatIf] not executed
"python" "-c" "import sys; sys.path.insert(0, r'C:\Users\scott\soccer-video\tools'); from upscale import upscale_video; upscale_video(r'C:\Users\scott\soccer-video\out\atomic_clips\2025-09-20__TSC_vs_Greenwood\025__2025-09-20__TSC_vs_Greenwood__GOAL__t1885.00-t1895.00_portrait_POST.mp4', scale=2)"
[WhatIf] not executed
"python" "-c" "import sys; sys.path.insert(0, r'C:\Users\scott\soccer-video\tools'); from upscale import upscale_video; upscale_video(r'C:\Users\scott\soccer-video\out\atomic_clips\2025-09-20__TSC_vs_Greenwood\026__2025-09-20__TSC_vs_Greenwood__PRESSURE_SHOT__t1951.00-t1962.00_portrait_POST.mp4', scale=2)"
[WhatIf] not executed
"python" "-c" "import sys; sys.path.insert(0, r'C:\Users\scott\soccer-video\tools'); from upscale import upscale_video; upscale_video(r'C:\Users\scott\soccer-video\out\atomic_clips\2025-09-20__TSC_vs_Greenwood\027__2025-09-20__TSC_vs_Greenwood__BUILD_UP_PLAY_SHOT__t2040.00-t2058.00_portrait_POST.mp4', scale=2)"
[WhatIf] not executed
"python" "-c" "import sys; sys.path.insert(0, r'C:\Users\scott\soccer-video\tools'); from upscale import upscale_video; upscale_video(r'C:\Users\scott\soccer-video\out\atomic_clips\2025-09-20__TSC_vs_Greenwood\027__2025-09-20__TSC_vs_Greenwood__BUILD_UP_PLAY_SHOT__t2937600.00-t3002400.00.mp4', scale=2)"
[WhatIf] not executed
"python" "-c" "import sys; sys.path.insert(0, r'C:\Users\scott\soccer-video\tools'); from upscale import upscale_video; upscale_video(r'C:\Users\scott\soccer-video\out\atomic_clips\2025-09-20__TSC_vs_Greenwood\028__2025-09-20__TSC_vs_Greenwood__BUILD_UP_PLAY_SHOT__t2092.00-t2105.00_portrait_POST.mp4', scale=2)"
[WhatIf] not executed
"python" "-c" "import sys; sys.path.insert(0, r'C:\Users\scott\soccer-video\tools'); from upscale import upscale_video; upscale_video(r'C:\Users\scott\soccer-video\out\atomic_clips\2025-09-20__TSC_vs_Greenwood\029__2025-09-20__TSC_vs_Greenwood__BUILD_UP_PLAY_SHOT__t2134.00-t2152.00_portrait_POST.mp4', scale=2)"
[WhatIf] not executed
"python" "-c" "import sys; sys.path.insert(0, r'C:\Users\scott\soccer-video\tools'); from upscale import upscale_video; upscale_video(r'C:\Users\scott\soccer-video\out\atomic_clips\2025-09-20__TSC_vs_Greenwood\030__2025-09-20__TSC_vs_Greenwood__FREE_KICK_WON_GOAL__t2175.00-t2211.00_portrait_POST.mp4', scale=2)"
[WhatIf] not executed
"python" "-c" "import sys; sys.path.insert(0, r'C:\Users\scott\soccer-video\tools'); from upscale import upscale_video; upscale_video(r'C:\Users\scott\soccer-video\out\atomic_clips\2025-09-20__TSC_vs_Greenwood\031__2025-09-20__TSC_vs_Greenwood__BUILD_UP_PLAY_SHOT__t2245.00-t2266.00_portrait_POST.mp4', scale=2)"
[WhatIf] not executed
"python" "-c" "import sys; sys.path.insert(0, r'C:\Users\scott\soccer-video\tools'); from upscale import upscale_video; upscale_video(r'C:\Users\scott\soccer-video\out\atomic_clips\2025-09-20__TSC_vs_Greenwood\032__2025-09-20__TSC_vs_Greenwood__BUILD_UP_PLAY_SHOT__t2544.00-t2561.00_portrait_POST.mp4', scale=2)"
[WhatIf] not executed
"python" "-c" "import sys; sys.path.insert(0, r'C:\Users\scott\soccer-video\tools'); from upscale import upscale_video; upscale_video(r'C:\Users\scott\soccer-video\out\atomic_clips\2025-09-20__TSC_vs_Greenwood\033__2025-09-20__TSC_vs_Greenwood__GOAL__t2562.00-t2582.00_portrait_POST.mp4', scale=2)"
[WhatIf] not executed
"python" "-c" "import sys; sys.path.insert(0, r'C:\Users\scott\soccer-video\tools'); from upscale import upscale_video; upscale_video(r'C:\Users\scott\soccer-video\out\atomic_clips\2025-09-20__TSC_vs_Greenwood\034__2025-09-20__TSC_vs_Greenwood__PRESSURE_SHOT__t2646.00-t2665.00_portrait_POST.mp4', scale=2)"
[WhatIf] not executed
"python" "-c" "import sys; sys.path.insert(0, r'C:\Users\scott\soccer-video\tools'); from upscale import upscale_video; upscale_video(r'C:\Users\scott\soccer-video\out\atomic_clips\2025-09-20__TSC_vs_Greenwood\035__2025-09-20__TSC_vs_Greenwood__CORNER__t2687.00-t2701.00_portrait_POST.mp4', scale=2)"
[WhatIf] not executed
"python" "-c" "import sys; sys.path.insert(0, r'C:\Users\scott\soccer-video\tools'); from upscale import upscale_video; upscale_video(r'C:\Users\scott\soccer-video\out\atomic_clips\2025-09-20__TSC_vs_Greenwood\036__2025-09-20__TSC_vs_Greenwood__PRESSURE_SHOT__t2705.00-t2715.00_portrait_POST.mp4', scale=2)"
[WhatIf] not executed
"python" "-c" "import sys; sys.path.insert(0, r'C:\Users\scott\soccer-video\tools'); from upscale import upscale_video; upscale_video(r'C:\Users\scott\soccer-video\out\atomic_clips\2025-09-20__TSC_vs_Greenwood\037__2025-09-20__TSC_vs_Greenwood__PRESSURE_GOAL__t2729.00-t2749.00_portrait_POST.mp4', scale=2)"
[WhatIf] not executed
"python" "-c" "import sys; sys.path.insert(0, r'C:\Users\scott\soccer-video\tools'); from upscale import upscale_video; upscale_video(r'C:\Users\scott\soccer-video\out\atomic_clips\2025-09-20__TSC_vs_Greenwood\038__2025-09-20__TSC_vs_Greenwood__PRESSURE_SHOT__t2770.00-t2827.00_portrait_POST.mp4', scale=2)"
[WhatIf] not executed
"python" "-c" "import sys; sys.path.insert(0, r'C:\Users\scott\soccer-video\tools'); from upscale import upscale_video; upscale_video(r'C:\Users\scott\soccer-video\out\atomic_clips\2025-09-20__TSC_vs_Greenwood\039__2025-09-20__TSC_vs_Greenwood__BUILD_UP_PLAY_SHOT__t2894.00-t2914.00_portrait_POST.mp4', scale=2)"
[WhatIf] not executed
"python" "-c" "import sys; sys.path.insert(0, r'C:\Users\scott\soccer-video\tools'); from upscale import upscale_video; upscale_video(r'C:\Users\scott\soccer-video\out\atomic_clips\2025-09-20__TSC_vs_RVFC\002__2025-09-20__TSC_vs_RVFC__PRESSURE_SHOT__t7920.00-t8880.00.mp4', scale=2)"
[WhatIf] not executed
"python" "-c" "import sys; sys.path.insert(0, r'C:\Users\scott\soccer-video\tools'); from upscale import upscale_video; upscale_video(r'C:\Users\scott\soccer-video\out\atomic_clips\2025-09-20__TSC_vs_RVFC\003__2025-09-20__TSC_vs_RVFC__PRESSURE_SHOT__t15480.00-t16260.00.mp4', scale=2)"
[WhatIf] not executed
"python" "-c" "import sys; sys.path.insert(0, r'C:\Users\scott\soccer-video\tools'); from upscale import upscale_video; upscale_video(r'C:\Users\scott\soccer-video\out\atomic_clips\2025-09-20__TSC_vs_RVFC\004__2025-09-20__TSC_vs_RVFC__PRESSURE_GOAL__t17880.00-t18720.00.mp4', scale=2)"
[WhatIf] not executed
"python" "-c" "import sys; sys.path.insert(0, r'C:\Users\scott\soccer-video\tools'); from upscale import upscale_video; upscale_video(r'C:\Users\scott\soccer-video\out\atomic_clips\2025-09-20__TSC_vs_RVFC\005__2025-09-20__TSC_vs_RVFC__BUILD_UP_PLAY_SHOT__t21000.00-t22020.00.mp4', scale=2)"
[WhatIf] not executed
"python" "-c" "import sys; sys.path.insert(0, r'C:\Users\scott\soccer-video\tools'); from upscale import upscale_video; upscale_video(r'C:\Users\scott\soccer-video\out\atomic_clips\2025-09-20__TSC_vs_RVFC\025__2025-09-20__TSC_vs_RVFC__PRESSURE_GOAL__t1512.00-t1520.00_portrait_POST.mp4', scale=2)"
[WhatIf] not executed
"python" "-c" "import sys; sys.path.insert(0, r'C:\Users\scott\soccer-video\tools'); from upscale import upscale_video; upscale_video(r'C:\Users\scott\soccer-video\out\atomic_clips\2025-09-20__TSC_vs_RVFC\025__2025-09-20__TSC_vs_RVFC__PRESSURE_GOAL__t2203200.00-t2232000.00.mp4', scale=2)"
[WhatIf] not executed
"python" "-c" "import sys; sys.path.insert(0, r'C:\Users\scott\soccer-video\tools'); from upscale import upscale_video; upscale_video(r'C:\Users\scott\soccer-video\out\atomic_clips\2025-09-20__TSC_vs_RVFC\026__2025-09-20__TSC_vs_RVFC__DRIBBLING_SHOT__t1800.00-t1810.00_portrait_POST.mp4', scale=2)"
[WhatIf] not executed
"python" "-c" "import sys; sys.path.insert(0, r'C:\Users\scott\soccer-video\tools'); from upscale import upscale_video; upscale_video(r'C:\Users\scott\soccer-video\out\atomic_clips\2025-09-20__TSC_vs_RVFC\026__2025-09-20__TSC_vs_RVFC__DRIBBLING_SHOT__t2592000.00-t2628000.00.mp4', scale=2)"
[WhatIf] not executed
"python" "-c" "import sys; sys.path.insert(0, r'C:\Users\scott\soccer-video\tools'); from upscale import upscale_video; upscale_video(r'C:\Users\scott\soccer-video\out\atomic_clips\2025-09-20__TSC_vs_RVFC\027__2025-09-20__TSC_vs_RVFC__SHOT__t1827.00-t1834.00_portrait_POST.mp4', scale=2)"
[WhatIf] not executed
"python" "-c" "import sys; sys.path.insert(0, r'C:\Users\scott\soccer-video\tools'); from upscale import upscale_video; upscale_video(r'C:\Users\scott\soccer-video\out\atomic_clips\2025-09-20__TSC_vs_RVFC\028__2025-09-20__TSC_vs_RVFC__CORNER__t1852.00-t1875.00_portrait_POST.mp4', scale=2)"
[WhatIf] not executed
"python" "-c" "import sys; sys.path.insert(0, r'C:\Users\scott\soccer-video\tools'); from upscale import upscale_video; upscale_video(r'C:\Users\scott\soccer-video\out\atomic_clips\2025-09-20__TSC_vs_RVFC\029__2025-09-20__TSC_vs_RVFC__PRESSURE_SHOT__t1883.00-t1893.00_portrait_POST.mp4', scale=2)"
[WhatIf] not executed
"python" "-c" "import sys; sys.path.insert(0, r'C:\Users\scott\soccer-video\tools'); from upscale import upscale_video; upscale_video(r'C:\Users\scott\soccer-video\out\atomic_clips\2025-09-20__TSC_vs_RVFC\030__2025-09-20__TSC_vs_RVFC__PRESSURE_SHOT__t1898.00-t1911.00_portrait_POST.mp4', scale=2)"
[WhatIf] not executed
"python" "-c" "import sys; sys.path.insert(0, r'C:\Users\scott\soccer-video\tools'); from upscale import upscale_video; upscale_video(r'C:\Users\scott\soccer-video\out\atomic_clips\2025-09-20__TSC_vs_RVFC\031__2025-09-20__TSC_vs_RVFC__PRESSURE_SHOT__t1964.00-t1975.00_portrait_POST.mp4', scale=2)"
[WhatIf] not executed
"python" "-c" "import sys; sys.path.insert(0, r'C:\Users\scott\soccer-video\tools'); from upscale import upscale_video; upscale_video(r'C:\Users\scott\soccer-video\out\atomic_clips\2025-09-20__TSC_vs_RVFC\032__2025-09-20__TSC_vs_RVFC__BUILD_UP_PLAY_SHOT__t2034.00-t2057.00_portrait_POST.mp4', scale=2)"
[WhatIf] not executed
"python" "-c" "import sys; sys.path.insert(0, r'C:\Users\scott\soccer-video\tools'); from upscale import upscale_video; upscale_video(r'C:\Users\scott\soccer-video\out\atomic_clips\2025-09-20__TSC_vs_RVFC\033__2025-09-20__TSC_vs_RVFC__BUILD_UP_PLAY_SHOT__t2131.00-t2150.00_portrait_POST.mp4', scale=2)"
[WhatIf] not executed
"python" "-c" "import sys; sys.path.insert(0, r'C:\Users\scott\soccer-video\tools'); from upscale import upscale_video; upscale_video(r'C:\Users\scott\soccer-video\out\atomic_clips\2025-09-20__TSC_vs_RVFC\034__2025-09-20__TSC_vs_RVFC__PRESSURE_GOAL__t2158.00-t2169.00_portrait_POST.mp4', scale=2)"
[WhatIf] not executed
"python" "-c" "import sys; sys.path.insert(0, r'C:\Users\scott\soccer-video\tools'); from upscale import upscale_video; upscale_video(r'C:\Users\scott\soccer-video\out\atomic_clips\2025-09-20__TSC_vs_RVFC\035__2025-09-20__TSC_vs_RVFC__BUILD_UP_PLAY_SHOT__t2297.00-t2312.00_portrait_POST.mp4', scale=2)"
[WhatIf] not executed
"python" "-c" "import sys; sys.path.insert(0, r'C:\Users\scott\soccer-video\tools'); from upscale import upscale_video; upscale_video(r'C:\Users\scott\soccer-video\out\atomic_clips\2025-09-20__TSC_vs_RVFC\036__2025-09-20__TSC_vs_RVFC__PRESSURE_GOAL__t2348.00-t2367.00_portrait_POST.mp4', scale=2)"
[WhatIf] not executed
"python" "-c" "import sys; sys.path.insert(0, r'C:\Users\scott\soccer-video\tools'); from upscale import upscale_video; upscale_video(r'C:\Users\scott\soccer-video\out\atomic_clips\2025-09-20__TSC_vs_RVFC\037__2025-09-20__TSC_vs_RVFC__PRESSURE_SHOT__t2388.00-t2397.00_portrait_POST.mp4', scale=2)"
[WhatIf] not executed
"python" "-c" "import sys; sys.path.insert(0, r'C:\Users\scott\soccer-video\tools'); from upscale import upscale_video; upscale_video(r'C:\Users\scott\soccer-video\out\atomic_clips\2025-09-20__TSC_vs_RVFC\038__2025-09-20__TSC_vs_RVFC__PRESSURE_GOAL__t2411.00-t2431.00_portrait_POST.mp4', scale=2)"
[WhatIf] not executed
"python" "-c" "import sys; sys.path.insert(0, r'C:\Users\scott\soccer-video\tools'); from upscale import upscale_video; upscale_video(r'C:\Users\scott\soccer-video\out\atomic_clips\2025-09-20__TSC_vs_RVFC\039__2025-09-20__TSC_vs_RVFC__PRESSURE_GOAL__t2485.00-t2506.00_portrait_POST.mp4', scale=2)"
[WhatIf] not executed
"python" "-c" "import sys; sys.path.insert(0, r'C:\Users\scott\soccer-video\tools'); from upscale import upscale_video; upscale_video(r'C:\Users\scott\soccer-video\out\atomic_clips\2025-09-20__TSC_vs_RVFC\040__2025-09-20__TSC_vs_RVFC__BUILD_UP_PLAY_SHOT__t2571.00-t2599.00_portrait_POST.mp4', scale=2)"
[WhatIf] not executed
"python" "-c" "import sys; sys.path.insert(0, r'C:\Users\scott\soccer-video\tools'); from upscale import upscale_video; upscale_video(r'C:\Users\scott\soccer-video\out\atomic_clips\2025-09-20__TSC_vs_RVFC\041__2025-09-20__TSC_vs_RVFC__CORNER__t2712.00-t2722.00_portrait_POST.mp4', scale=2)"
[WhatIf] not executed
"python" "-c" "import sys; sys.path.insert(0, r'C:\Users\scott\soccer-video\tools'); from upscale import upscale_video; upscale_video(r'C:\Users\scott\soccer-video\out\atomic_clips\2025-09-20__TSC_vs_RVFC\042__2025-09-20__TSC_vs_RVFC__CORNER__t2765.00-t2783.00_portrait_POST.mp4', scale=2)"
[WhatIf] not executed
"python" "-c" "import sys; sys.path.insert(0, r'C:\Users\scott\soccer-video\tools'); from upscale import upscale_video; upscale_video(r'C:\Users\scott\soccer-video\out\atomic_clips\2025-09-20__TSC_vs_RVFC\043__2025-09-20__TSC_vs_RVFC__GOAL__t3010.00-t3028.00_portrait_POST.mp4', scale=2)"
[WhatIf] not executed
"python" "-c" "import sys; sys.path.insert(0, r'C:\Users\scott\soccer-video\tools'); from upscale import upscale_video; upscale_video(r'C:\Users\scott\soccer-video\out\atomic_clips\2025-09-20__TSC_vs_RVFC\044__2025-09-20__TSC_vs_RVFC__GOAL__t3051.00-t3066.00_portrait_POST.mp4', scale=2)"
[WhatIf] not executed
"python" "-c" "import sys; sys.path.insert(0, r'C:\Users\scott\soccer-video\tools'); from upscale import upscale_video; upscale_video(r'C:\Users\scott\soccer-video\out\atomic_clips\2025-10-04__TSC_vs_FC\002__2025-10-04__TSC_vs_FC_Tulsa_Black__BUILD_UP__t25260.00-t26940.00.mp4', scale=2)"
[WhatIf] not executed
"python" "-c" "import sys; sys.path.insert(0, r'C:\Users\scott\soccer-video\tools'); from upscale import upscale_video; upscale_video(r'C:\Users\scott\soccer-video\out\atomic_clips\2025-10-04__TSC_vs_FC\003__2025-10-04__TSC_vs_FC_Tulsa_Black__BUILD_UP__t27480.00-t29220.00.mp4', scale=2)"
[WhatIf] not executed
"python" "-c" "import sys; sys.path.insert(0, r'C:\Users\scott\soccer-video\tools'); from upscale import upscale_video; upscale_video(r'C:\Users\scott\soccer-video\out\atomic_clips\2025-10-04__TSC_vs_FC\004__2025-10-04__TSC_vs_FC_Tulsa_Black__BUILD_UP__t29700.00-t30780.00.mp4', scale=2)"
[WhatIf] not executed
"python" "-c" "import sys; sys.path.insert(0, r'C:\Users\scott\soccer-video\tools'); from upscale import upscale_video; upscale_video(r'C:\Users\scott\soccer-video\out\atomic_clips\2025-10-04__TSC_vs_FC\005__2025-10-04__TSC_vs_FC_Tulsa_Black__SHOT__t36000.00-t36420.00.mp4', scale=2)"
[WhatIf] not executed
"python" "-c" "import sys; sys.path.insert(0, r'C:\Users\scott\soccer-video\tools'); from upscale import upscale_video; upscale_video(r'C:\Users\scott\soccer-video\out\atomic_clips\2025-10-04__TSC_vs_FC\006__2025-10-04__TSC_vs_FC_Tulsa_Black__BUILD_UP_GOAL__t40440.00-t43020.00.__DEBUG.mp4', scale=2)"
[WhatIf] not executed
"python" "-c" "import sys; sys.path.insert(0, r'C:\Users\scott\soccer-video\tools'); from upscale import upscale_video; upscale_video(r'C:\Users\scott\soccer-video\out\atomic_clips\2025-10-04__TSC_vs_FC\007__2025-10-04__TSC_vs_FC_Tulsa_Black__BUILD_UP_SHOT__t46020.00-t47100.00.mp4', scale=2)"
[WhatIf] not executed
"python" "-c" "import sys; sys.path.insert(0, r'C:\Users\scott\soccer-video\tools'); from upscale import upscale_video; upscale_video(r'C:\Users\scott\soccer-video\out\atomic_clips\2025-10-04__TSC_vs_FC\008__2025-10-04__TSC_vs_FC_Tulsa_Black__BUILD_UP_SHOT__t61500.00-t62400.00.mp4', scale=2)"
[WhatIf] not executed
"python" "-c" "import sys; sys.path.insert(0, r'C:\Users\scott\soccer-video\tools'); from upscale import upscale_video; upscale_video(r'C:\Users\scott\soccer-video\out\atomic_clips\2025-10-04__TSC_vs_FC\009__2025-10-04__TSC_vs_FC_Tulsa_Black__PRESSURE_SHOT__t62760.00-t63420.00.mp4', scale=2)"
[WhatIf] not executed
"python" "-c" "import sys; sys.path.insert(0, r'C:\Users\scott\soccer-video\tools'); from upscale import upscale_video; upscale_video(r'C:\Users\scott\soccer-video\out\atomic_clips\2025-10-04__TSC_vs_FC\010__2025-10-04__TSC_vs_FC_Tulsa_Black__BUILD_UP_SHOT__t63480.00-t64800.00.mp4', scale=2)"
[WhatIf] not executed
"python" "-c" "import sys; sys.path.insert(0, r'C:\Users\scott\soccer-video\tools'); from upscale import upscale_video; upscale_video(r'C:\Users\scott\soccer-video\out\atomic_clips\2025-10-04__TSC_vs_FC\011__2025-10-04__TSC_vs_FC_Tulsa_Black__BUILD_UP_SHOT__t71880.00-t73320.00.mp4', scale=2)"
[WhatIf] not executed
"python" "-c" "import sys; sys.path.insert(0, r'C:\Users\scott\soccer-video\tools'); from upscale import upscale_video; upscale_video(r'C:\Users\scott\soccer-video\out\atomic_clips\2025-10-04__TSC_vs_FC\012__2025-10-04__TSC_vs_FC_Tulsa_Black__PRESSURE_GOAL__t74340.00-t75180.00.mp4', scale=2)"
[WhatIf] not executed
"python" "-c" "import sys; sys.path.insert(0, r'C:\Users\scott\soccer-video\tools'); from upscale import upscale_video; upscale_video(r'C:\Users\scott\soccer-video\out\atomic_clips\2025-10-04__TSC_vs_FC\013__2025-10-04__TSC_vs_FC_Tulsa_Black__BUILD_UP_PLAY__t77400.00-t78360.00.mp4', scale=2)"
[WhatIf] not executed
"python" "-c" "import sys; sys.path.insert(0, r'C:\Users\scott\soccer-video\tools'); from upscale import upscale_video; upscale_video(r'C:\Users\scott\soccer-video\out\atomic_clips\2025-10-04__TSC_vs_FC\014__2025-10-04__TSC_vs_FC_Tulsa_Black__SHOT__t2354400.00-t2394000.00.mp4', scale=2)"
[WhatIf] not executed
"python" "-c" "import sys; sys.path.insert(0, r'C:\Users\scott\soccer-video\tools'); from upscale import upscale_video; upscale_video(r'C:\Users\scott\soccer-video\out\atomic_clips\2025-10-04__TSC_vs_FC\116__2025-10-04__TSC_vs_FC_Tulsa_Black__DRIBBLING__t387-t412.mp4', scale=2)"
[WhatIf] not executed
"python" "-c" "import sys; sys.path.insert(0, r'C:\Users\scott\soccer-video\tools'); from upscale import upscale_video; upscale_video(r'C:\Users\scott\soccer-video\out\atomic_clips\2025-10-04__TSC_vs_FC_Tulsa_Black\001__2025-10-04__TSC_vs_FC_Tulsa_Black__DRIBBLING__t387-t412.mp4', scale=2)"
[WhatIf] not executed
"python" "-c" "import sys; sys.path.insert(0, r'C:\Users\scott\soccer-video\tools'); from upscale import upscale_video; upscale_video(r'C:\Users\scott\soccer-video\out\atomic_clips\2025-10-04__TSC_vs_FC_Tulsa_Black\116__2025-10-04__TSC_vs_FC_Tulsa_Black__DRIBBLING__t387-t412.mp4', scale=2)"
[WhatIf] not executed
"python" "-c" "import sys; sys.path.insert(0, r'C:\Users\scott\soccer-video\tools'); from upscale import upscale_video; upscale_video(r'C:\Users\scott\soccer-video\out\atomic_clips\2025-10-12__TSC_SLSG_FallFestival\001__SHOT__t135.00-t145.00.mp4', scale=2)"
[WhatIf] not executed
"python" "-c" "import sys; sys.path.insert(0, r'C:\Users\scott\soccer-video\tools'); from upscale import upscale_video; upscale_video(r'C:\Users\scott\soccer-video\out\atomic_clips\2025-10-12__TSC_SLSG_FallFestival\002__SHOT__t185.00-t206.00.mp4', scale=2)"
[WhatIf] not executed
"python" "-c" "import sys; sys.path.insert(0, r'C:\Users\scott\soccer-video\tools'); from upscale import upscale_video; upscale_video(r'C:\Users\scott\soccer-video\out\atomic_clips\2025-10-12__TSC_SLSG_FallFestival\003__DEFENSE__t310.00-t342.00.mp4', scale=2)"
[WhatIf] not executed
"python" "-c" "import sys; sys.path.insert(0, r'C:\Users\scott\soccer-video\tools'); from upscale import upscale_video; upscale_video(r'C:\Users\scott\soccer-video\out\atomic_clips\2025-10-12__TSC_SLSG_FallFestival\004__PRESSURE__t640.00-t663.00.mp4', scale=2)"
[WhatIf] not executed
"python" "-c" "import sys; sys.path.insert(0, r'C:\Users\scott\soccer-video\tools'); from upscale import upscale_video; upscale_video(r'C:\Users\scott\soccer-video\out\atomic_clips\2025-10-12__TSC_SLSG_FallFestival\004__PRESSURE__t640.00-t663.00.__OVERLAY_FINAL.mp4', scale=2)"
[WhatIf] not executed
"python" "-c" "import sys; sys.path.insert(0, r'C:\Users\scott\soccer-video\tools'); from upscale import upscale_video; upscale_video(r'C:\Users\scott\soccer-video\out\atomic_clips\2025-10-12__TSC_SLSG_FallFestival\004__PRESSURE__t640.00-t663.00.__OVERLAY_LOCAL_FINAL.mp4', scale=2)"
[WhatIf] not executed
"python" "-c" "import sys; sys.path.insert(0, r'C:\Users\scott\soccer-video\tools'); from upscale import upscale_video; upscale_video(r'C:\Users\scott\soccer-video\out\atomic_clips\2025-10-12__TSC_SLSG_FallFestival\004__PRESSURE__t640.00-t663.00.__OVERLAY_plan_sh-1_dx-64_dy-128__localTW_dt-0.02_dx-6_dy-2.mp4', scale=2)"
[WhatIf] not executed
"python" "-c" "import sys; sys.path.insert(0, r'C:\Users\scott\soccer-video\tools'); from upscale import upscale_video; upscale_video(r'C:\Users\scott\soccer-video\out\atomic_clips\2025-10-12__TSC_SLSG_FallFestival\005__GOAL__t1.855.00-t1.870.00.mp4', scale=2)"
[WhatIf] not executed
"python" "-c" "import sys; sys.path.insert(0, r'C:\Users\scott\soccer-video\tools'); from upscale import upscale_video; upscale_video(r'C:\Users\scott\soccer-video\out\atomic_clips\2025-10-12__TSC_SLSG_FallFestival\006__GOAL__t2.035.00-t2.054.00.mp4', scale=2)"
[WhatIf] not executed
"python" "-c" "import sys; sys.path.insert(0, r'C:\Users\scott\soccer-video\tools'); from upscale import upscale_video; upscale_video(r'C:\Users\scott\soccer-video\out\atomic_clips\2025-10-12__TSC_SLSG_FallFestival\007__CROSS__t2.212.00-t2.228.00.mp4', scale=2)"
[WhatIf] not executed
"python" "-c" "import sys; sys.path.insert(0, r'C:\Users\scott\soccer-video\tools'); from upscale import upscale_video; upscale_video(r'C:\Users\scott\soccer-video\out\atomic_clips\2025-10-12__TSC_SLSG_FallFestival\008__BUILD_UP__t2.438.00-t2.442.00.mp4', scale=2)"
[WhatIf] not executed
"python" "-c" "import sys; sys.path.insert(0, r'C:\Users\scott\soccer-video\tools'); from upscale import upscale_video; upscale_video(r'C:\Users\scott\soccer-video\out\atomic_clips\2025-10-12__TSC_SLSG_FallFestival\009__BUILD_UP__t2.673.00-t2.685.00.mp4', scale=2)"
[WhatIf] not executed
"python" "-c" "import sys; sys.path.insert(0, r'C:\Users\scott\soccer-video\tools'); from upscale import upscale_video; upscale_video(r'C:\Users\scott\soccer-video\out\atomic_clips\2025-10-12__TSC_SLSG_FallFestival\010__PRESSURE__t2.694.00-t2.706.00.mp4', scale=2)"
[WhatIf] not executed
"python" "-c" "import sys; sys.path.insert(0, r'C:\Users\scott\soccer-video\tools'); from upscale import upscale_video; upscale_video(r'C:\Users\scott\soccer-video\out\atomic_clips\2025-10-12__TSC_SLSG_FallFestival\011__PRESSURE__t2.711.00-t2.736.00.mp4', scale=2)"
[WhatIf] not executed
"python" "-c" "import sys; sys.path.insert(0, r'C:\Users\scott\soccer-video\tools'); from upscale import upscale_video; upscale_video(r'C:\Users\scott\soccer-video\out\atomic_clips\2025-11-04__TSC_-_Navy_Oct_2025\001__Pressure & Build Up with a Great Cross__0_06_37-0_07_10.mp4', scale=2)"
[WhatIf] not executed
"python" "-c" "import sys; sys.path.insert(0, r'C:\Users\scott\soccer-video\tools'); from upscale import upscale_video; upscale_video(r'C:\Users\scott\soccer-video\out\atomic_clips\2025-11-04__TSC_-_Navy_Oct_2025\002__Build Up, Cross and Shot__0_15_37-0_16_04.mp4', scale=2)"
[WhatIf] not executed
"python" "-c" "import sys; sys.path.insert(0, r'C:\Users\scott\soccer-video\tools'); from upscale import upscale_video; upscale_video(r'C:\Users\scott\soccer-video\out\atomic_clips\2025-11-04__TSC_-_Navy_Oct_2025\003__Pressure, Cross and Goal__0_16_09-0_16_33.mp4', scale=2)"
[WhatIf] not executed
"python" "-c" "import sys; sys.path.insert(0, r'C:\Users\scott\soccer-video\tools'); from upscale import upscale_video; upscale_video(r'C:\Users\scott\soccer-video\out\atomic_clips\2025-11-04__TSC_-_Navy_Oct_2025\004__Pressure & Shot__0_23_24-0_23_53.mp4', scale=2)"
[WhatIf] not executed
"python" "-c" "import sys; sys.path.insert(0, r'C:\Users\scott\soccer-video\tools'); from upscale import upscale_video; upscale_video(r'C:\Users\scott\soccer-video\out\atomic_clips\2025-11-04__TSC_-_Navy_Oct_2025\005__Build Up & Cross__0_28_28-0_28_42.mp4', scale=2)"
[WhatIf] not executed
"python" "-c" "import sys; sys.path.insert(0, r'C:\Users\scott\soccer-video\tools'); from upscale import upscale_video; upscale_video(r'C:\Users\scott\soccer-video\out\atomic_clips\2025-11-04__TSC_-_Navy_Oct_2025\006__Cross__0_30_29-0_30_37.mp4', scale=2)"
[WhatIf] not executed
"python" "-c" "import sys; sys.path.insert(0, r'C:\Users\scott\soccer-video\tools'); from upscale import upscale_video; upscale_video(r'C:\Users\scott\soccer-video\out\atomic_clips\2025-11-04__TSC_-_Navy_Oct_2025\007__Cross, Pressure & Shot__0_42_24-0_42_45.mp4', scale=2)"
[WhatIf] not executed
"python" "-c" "import sys; sys.path.insert(0, r'C:\Users\scott\soccer-video\tools'); from upscale import upscale_video; upscale_video(r'C:\Users\scott\soccer-video\out\atomic_clips\2025-11-04__TSC_-_Navy_Oct_2025\008__Cross__0_47_09-0_47_18.mp4', scale=2)"
[WhatIf] not executed
"python" "-c" "import sys; sys.path.insert(0, r'C:\Users\scott\soccer-video\tools'); from upscale import upscale_video; upscale_video(r'C:\Users\scott\soccer-video\out\atomic_clips\2025-11-04__TSC_-_Navy_Oct_2025\009__Cross, Shots__0_50_40-0_50_57.mp4', scale=2)"
[WhatIf] not executed
"python" "-c" "import sys; sys.path.insert(0, r'C:\Users\scott\soccer-video\tools'); from upscale import upscale_video; upscale_video(r'C:\Users\scott\soccer-video\out\atomic_clips\2025-11-04__TSC_-_Navy_Oct_2025\010__Build Up, Cross, Shot & Goal__0_55_26-0_56_02.mp4', scale=2)"
[WhatIf] not executed
"python" "-c" "import sys; sys.path.insert(0, r'C:\Users\scott\soccer-video\tools'); from upscale import upscale_video; upscale_video(r'C:\Users\scott\soccer-video\out\atomic_clips\2025-11-04__TSC_-_Navy_Oct_2025\011__Build Up__1_00_43-1_01_22.mp4', scale=2)"
[WhatIf] not executed
"python" "-c" "import sys; sys.path.insert(0, r'C:\Users\scott\soccer-video\tools'); from upscale import upscale_video; upscale_video(r'C:\Users\scott\soccer-video\out\atomic_clips\2025-11-04__TSC_-_Navy_Oct_2025\012__Cross & Goal__1_01_36-1_01_52.mp4', scale=2)"
[WhatIf] not executed
"python" "-c" "import sys; sys.path.insert(0, r'C:\Users\scott\soccer-video\tools'); from upscale import upscale_video; upscale_video(r'C:\Users\scott\soccer-video\out\atomic_clips\2025-11-04__TSC_-_Navy_Oct_2025\013__Dribbling & Shot__1_02_55-1_03_10.mp4', scale=2)"
[WhatIf] not executed
"python" "-c" "import sys; sys.path.insert(0, r'C:\Users\scott\soccer-video\tools'); from upscale import upscale_video; upscale_video(r'C:\Users\scott\soccer-video\out\atomic_clips\misc\001__SHOT__t135.00-t145.00.mp4', scale=2)"
[WhatIf] not executed
"python" "-c" "import sys; sys.path.insert(0, r'C:\Users\scott\soccer-video\tools'); from upscale import upscale_video; upscale_video(r'C:\Users\scott\soccer-video\out\atomic_clips\misc\002__GOAL__t180.80-t191.20.mp4', scale=2)"
[WhatIf] not executed
"python" "-c" "import sys; sys.path.insert(0, r'C:\Users\scott\soccer-video\tools'); from upscale import upscale_video; upscale_video(r'C:\Users\scott\soccer-video\out\atomic_clips\misc\002__SHOT__t185.00-t206.00.mp4', scale=2)"
[WhatIf] not executed
"python" "-c" "import sys; sys.path.insert(0, r'C:\Users\scott\soccer-video\tools'); from upscale import upscale_video; upscale_video(r'C:\Users\scott\soccer-video\out\atomic_clips\misc\003__BUILD_UP__t224.80-t248.70.mp4', scale=2)"
[WhatIf] not executed
"python" "-c" "import sys; sys.path.insert(0, r'C:\Users\scott\soccer-video\tools'); from upscale import upscale_video; upscale_video(r'C:\Users\scott\soccer-video\out\atomic_clips\misc\003__DEFENSE__t310.00-t342.00.mp4', scale=2)"
[WhatIf] not executed
"python" "-c" "import sys; sys.path.insert(0, r'C:\Users\scott\soccer-video\tools'); from upscale import upscale_video; upscale_video(r'C:\Users\scott\soccer-video\out\atomic_clips\misc\004__GOAL__t266.50-t283.10.mp4', scale=2)"
[WhatIf] not executed
"python" "-c" "import sys; sys.path.insert(0, r'C:\Users\scott\soccer-video\tools'); from upscale import upscale_video; upscale_video(r'C:\Users\scott\soccer-video\out\atomic_clips\misc\004__PRESSURE__t640.00-t663.00.mp4', scale=2)"
[WhatIf] not executed
"python" "-c" "import sys; sys.path.insert(0, r'C:\Users\scott\soccer-video\tools'); from upscale import upscale_video; upscale_video(r'C:\Users\scott\soccer-video\out\atomic_clips\misc\004__PRESSURE__t640.00-t663.00.__CINEMATIC.mp4', scale=2)"
[WhatIf] not executed
"python" "-c" "import sys; sys.path.insert(0, r'C:\Users\scott\soccer-video\tools'); from upscale import upscale_video; upscale_video(r'C:\Users\scott\soccer-video\out\atomic_clips\misc\005__CORNER__t417.90-t431.60.mp4', scale=2)"
[WhatIf] not executed
"python" "-c" "import sys; sys.path.insert(0, r'C:\Users\scott\soccer-video\tools'); from upscale import upscale_video; upscale_video(r'C:\Users\scott\soccer-video\out\atomic_clips\misc\006__DEFENSE__t699.30-t711.50.mp4', scale=2)"
[WhatIf] not executed
"python" "-c" "import sys; sys.path.insert(0, r'C:\Users\scott\soccer-video\tools'); from upscale import upscale_video; upscale_video(r'C:\Users\scott\soccer-video\out\atomic_clips\misc\007__DRIBBLING__t982.00-t987.90.mp4', scale=2)"
[WhatIf] not executed
"python" "-c" "import sys; sys.path.insert(0, r'C:\Users\scott\soccer-video\tools'); from upscale import upscale_video; upscale_video(r'C:\Users\scott\soccer-video\out\atomic_clips\misc\008__SHOT__t1247.80-t1259.20.mp4', scale=2)"
[WhatIf] not executed
"python" "-c" "import sys; sys.path.insert(0, r'C:\Users\scott\soccer-video\tools'); from upscale import upscale_video; upscale_video(r'C:\Users\scott\soccer-video\out\atomic_clips\misc\009__SHOT__t1420.40-t1438.20.mp4', scale=2)"
[WhatIf] not executed
"python" "-c" "import sys; sys.path.insert(0, r'C:\Users\scott\soccer-video\tools'); from upscale import upscale_video; upscale_video(r'C:\Users\scott\soccer-video\out\atomic_clips\misc\010__CROSS__t1541.10-t1547.90.mp4', scale=2)"
[WhatIf] not executed
"python" "-c" "import sys; sys.path.insert(0, r'C:\Users\scott\soccer-video\tools'); from upscale import upscale_video; upscale_video(r'C:\Users\scott\soccer-video\out\atomic_clips\misc\011__SHOTS__t1655.00-t1670.30.mp4', scale=2)"
[WhatIf] not executed
"python" "-c" "import sys; sys.path.insert(0, r'C:\Users\scott\soccer-video\tools'); from upscale import upscale_video; upscale_video(r'C:\Users\scott\soccer-video\out\atomic_clips\misc\012__GOAL__t1705.20-t1708.50.mp4', scale=2)"
[WhatIf] not executed
"python" "-c" "import sys; sys.path.insert(0, r'C:\Users\scott\soccer-video\tools'); from upscale import upscale_video; upscale_video(r'C:\Users\scott\soccer-video\out\atomic_clips\misc\013__GOAL__t1767.50-t1772.60.mp4', scale=2)"
[WhatIf] not executed
"python" "-c" "import sys; sys.path.insert(0, r'C:\Users\scott\soccer-video\tools'); from upscale import upscale_video; upscale_video(r'C:\Users\scott\soccer-video\out\atomic_clips\misc\014__GOAL__t1904.20-t1925.20.mp4', scale=2)"
[WhatIf] not executed
"python" "-c" "import sys; sys.path.insert(0, r'C:\Users\scott\soccer-video\tools'); from upscale import upscale_video; upscale_video(r'C:\Users\scott\soccer-video\out\atomic_clips\misc\015__DRIBBLING__t1972.50-t1980.70.mp4', scale=2)"
[WhatIf] not executed
"python" "-c" "import sys; sys.path.insert(0, r'C:\Users\scott\soccer-video\tools'); from upscale import upscale_video; upscale_video(r'C:\Users\scott\soccer-video\out\atomic_clips\misc\016__SHOT__t2029.90-t2039.50.mp4', scale=2)"
[WhatIf] not executed
"python" "-c" "import sys; sys.path.insert(0, r'C:\Users\scott\soccer-video\tools'); from upscale import upscale_video; upscale_video(r'C:\Users\scott\soccer-video\out\atomic_clips\misc\017__SHOT__t2284.90-t2298.20.mp4', scale=2)"
[WhatIf] not executed
"python" "-c" "import sys; sys.path.insert(0, r'C:\Users\scott\soccer-video\tools'); from upscale import upscale_video; upscale_video(r'C:\Users\scott\soccer-video\out\atomic_clips\misc\018__SHOT__t2419.50-t2425.60.mp4', scale=2)"
[WhatIf] not executed
"python" "-c" "import sys; sys.path.insert(0, r'C:\Users\scott\soccer-video\tools'); from upscale import upscale_video; upscale_video(r'C:\Users\scott\soccer-video\out\atomic_clips\misc\019__SHOT__t2633.00-t2638.10.mp4', scale=2)"
[WhatIf] not executed
"python" "-c" "import sys; sys.path.insert(0, r'C:\Users\scott\soccer-video\tools'); from upscale import upscale_video; upscale_video(r'C:\Users\scott\soccer-video\out\atomic_clips\misc\020__GOAL__t2816.60-t2831.80.mp4', scale=2)"
[WhatIf] not executed
"python" "-c" "import sys; sys.path.insert(0, r'C:\Users\scott\soccer-video\tools'); from upscale import upscale_video; upscale_video(r'C:\Users\scott\soccer-video\out\atomic_clips\misc\021__SHOT__t2860.70-t2873.00.mp4', scale=2)"
[WhatIf] not executed
"python" "-c" "import sys; sys.path.insert(0, r'C:\Users\scott\soccer-video\tools'); from upscale import upscale_video; upscale_video(r'C:\Users\scott\soccer-video\out\atomic_clips\misc\023__SHOT__t3098.90-t3108.80.mp4', scale=2)"
[WhatIf] not executed
