"NormKey","GroupCount","IsKeeper","KeeperHint","HasDebug","LengthMB","LastWriteTime","FullName"
"stabilized","873","True","False","False","1.36","11/17/2025 3:33:03 PM","C:\Users\scott\OneDrive\SoccerVideoMedia\out\autoframe_work\cinematic\003__2025-09-13__TSC_vs_NEOFC__BUILD_UP__t224.80-t248.70.__DEBUG_FINAL_portrait_FINAL.__CINEMATIC.__CINEMATIC.__CINEMATIC.__CINEMATIC.__CINEMATIC.__CINEMATIC\follow\stabilized.mp4"
"stabilized","873","False","False","False","1.12","11/17/2025 3:37:29 PM","C:\Users\scott\OneDrive\SoccerVideoMedia\out\autoframe_work\cinematic\004__2025-09-13__TSC_vs_NEOFC__GOAL__t266.50-t283.10.__DEBUG_FINAL_portrait_FINAL.__CINEMATIC.__CINEMATIC.__CINEMATIC.__CINEMATIC.__CINEMATIC.__CINEMATIC\follow\stabilized.mp4"
"stabilized","873","False","False","False","1.53","11/17/2025 3:37:54 PM","C:\Users\scott\OneDrive\SoccerVideoMedia\out\autoframe_work\cinematic\004__2025-09-13__TSC_vs_NEOFC__GOAL__t266.50-t283.10.__DEBUG_FINAL_portrait_FINAL.__CINEMATIC.__CINEMATIC.__CINEMATIC.__CINEMATIC.__CINEMATIC\follow\stabilized.mp4"
"stabilized","873","False","False","False","3.86","11/17/2025 3:38:19 PM","C:\Users\scott\OneDrive\SoccerVideoMedia\out\autoframe_work\cinematic\004__2025-09-13__TSC_vs_NEOFC__GOAL__t266.50-t283.10.__DEBUG_FINAL_portrait_FINAL.__CINEMATIC.__CINEMATIC.__CINEMATIC.__CINEMATIC\follow\stabilized.mp4"
"stabilized","873","False","False","False","6.86","11/17/2025 3:38:44 PM","C:\Users\scott\OneDrive\SoccerVideoMedia\out\autoframe_work\cinematic\004__2025-09-13__TSC_vs_NEOFC__GOAL__t266.50-t283.10.__DEBUG_FINAL_portrait_FINAL.__CINEMATIC.__CINEMATIC.__CINEMATIC\follow\stabilized.mp4"
"stabilized","873","False","False","False","7.24","11/17/2025 3:39:12 PM","C:\Users\scott\OneDrive\SoccerVideoMedia\out\autoframe_work\cinematic\004__2025-09-13__TSC_vs_NEOFC__GOAL__t266.50-t283.10.__DEBUG_FINAL_portrait_FINAL.__CINEMATIC.__CINEMATIC\follow\stabilized.mp4"
"stabilized","873","False","False","False","8.87","11/17/2025 3:39:36 PM","C:\Users\scott\OneDrive\SoccerVideoMedia\out\autoframe_work\cinematic\004__2025-09-13__TSC_vs_NEOFC__GOAL__t266.50-t283.10.__DEBUG_FINAL_portrait_FINAL.__CINEMATIC\follow\stabilized.mp4"
"stabilized","873","False","False","False","14.34","11/17/2025 3:40:02 PM","C:\Users\scott\OneDrive\SoccerVideoMedia\out\autoframe_work\cinematic\004__2025-09-13__TSC_vs_NEOFC__GOAL__t266.50-t283.10.__DEBUG_FINAL_portrait_FINAL\follow\stabilized.mp4"
"stabilized","873","False","False","False","1","11/17/2025 3:40:24 PM","C:\Users\scott\OneDrive\SoccerVideoMedia\out\autoframe_work\cinematic\005__2025-09-13__TSC_vs_NEOFC__CORNER__t417.90-t431.60.__DEBUG_FINAL_portrait_FINAL.__CINEMATIC.__CINEMATIC.__CINEMATIC.__CINEMATIC.__CINEMATIC.__CINEMATIC\follow\stabilized.mp4"
"stabilized","873","False","False","False","1.4","11/17/2025 3:40:42 PM","C:\Users\scott\OneDrive\SoccerVideoMedia\out\autoframe_work\cinematic\005__2025-09-13__TSC_vs_NEOFC__CORNER__t417.90-t431.60.__DEBUG_FINAL_portrait_FINAL.__CINEMATIC.__CINEMATIC.__CINEMATIC.__CINEMATIC.__CINEMATIC\follow\stabilized.mp4"
"stabilized","873","False","False","False","3.5","11/17/2025 3:41:02 PM","C:\Users\scott\OneDrive\SoccerVideoMedia\out\autoframe_work\cinematic\005__2025-09-13__TSC_vs_NEOFC__CORNER__t417.90-t431.60.__DEBUG_FINAL_portrait_FINAL.__CINEMATIC.__CINEMATIC.__CINEMATIC.__CINEMATIC\follow\stabilized.mp4"
"stabilized","873","False","False","False","5.55","11/17/2025 3:41:21 PM","C:\Users\scott\OneDrive\SoccerVideoMedia\out\autoframe_work\cinematic\005__2025-09-13__TSC_vs_NEOFC__CORNER__t417.90-t431.60.__DEBUG_FINAL_portrait_FINAL.__CINEMATIC.__CINEMATIC.__CINEMATIC\follow\stabilized.mp4"
"stabilized","873","False","False","False","6.02","11/17/2025 3:41:41 PM","C:\Users\scott\OneDrive\SoccerVideoMedia\out\autoframe_work\cinematic\005__2025-09-13__TSC_vs_NEOFC__CORNER__t417.90-t431.60.__DEBUG_FINAL_portrait_FINAL.__CINEMATIC.__CINEMATIC\follow\stabilized.mp4"
"stabilized","873","False","False","False","7.51","11/17/2025 3:42:01 PM","C:\Users\scott\OneDrive\SoccerVideoMedia\out\autoframe_work\cinematic\005__2025-09-13__TSC_vs_NEOFC__CORNER__t417.90-t431.60.__DEBUG_FINAL_portrait_FINAL.__CINEMATIC\follow\stabilized.mp4"
"stabilized","873","False","False","False","11.77","11/17/2025 3:42:21 PM","C:\Users\scott\OneDrive\SoccerVideoMedia\out\autoframe_work\cinematic\005__2025-09-13__TSC_vs_NEOFC__CORNER__t417.90-t431.60.__DEBUG_FINAL_portrait_FINAL\follow\stabilized.mp4"
"stabilized","873","False","False","False","1.03","11/17/2025 3:42:41 PM","C:\Users\scott\OneDrive\SoccerVideoMedia\out\autoframe_work\cinematic\006__2025-09-13__TSC_vs_NEOFC__DEFENSE__t699.30-t711.50.__DEBUG_FINAL_portrait_FINAL.__CINEMATIC.__CINEMATIC.__CINEMATIC.__CINEMATIC.__CINEMATIC.__CINEMATIC\follow\stabilized.mp4"
"stabilized","873","False","False","False","1.42","11/17/2025 3:42:59 PM","C:\Users\scott\OneDrive\SoccerVideoMedia\out\autoframe_work\cinematic\006__2025-09-13__TSC_vs_NEOFC__DEFENSE__t699.30-t711.50.__DEBUG_FINAL_portrait_FINAL.__CINEMATIC.__CINEMATIC.__CINEMATIC.__CINEMATIC.__CINEMATIC\follow\stabilized.mp4"
"stabilized","873","False","False","False","3.46","11/17/2025 3:43:17 PM","C:\Users\scott\OneDrive\SoccerVideoMedia\out\autoframe_work\cinematic\006__2025-09-13__TSC_vs_NEOFC__DEFENSE__t699.30-t711.50.__DEBUG_FINAL_portrait_FINAL.__CINEMATIC.__CINEMATIC.__CINEMATIC.__CINEMATIC\follow\stabilized.mp4"
"stabilized","873","False","False","False","5.48","11/17/2025 3:43:35 PM","C:\Users\scott\OneDrive\SoccerVideoMedia\out\autoframe_work\cinematic\006__2025-09-13__TSC_vs_NEOFC__DEFENSE__t699.30-t711.50.__DEBUG_FINAL_portrait_FINAL.__CINEMATIC.__CINEMATIC.__CINEMATIC\follow\stabilized.mp4"
"stabilized","873","False","False","False","5.71","11/17/2025 3:43:54 PM","C:\Users\scott\OneDrive\SoccerVideoMedia\out\autoframe_work\cinematic\006__2025-09-13__TSC_vs_NEOFC__DEFENSE__t699.30-t711.50.__DEBUG_FINAL_portrait_FINAL.__CINEMATIC.__CINEMATIC\follow\stabilized.mp4"
"stabilized","873","False","False","False","6.84","11/17/2025 3:44:12 PM","C:\Users\scott\OneDrive\SoccerVideoMedia\out\autoframe_work\cinematic\006__2025-09-13__TSC_vs_NEOFC__DEFENSE__t699.30-t711.50.__DEBUG_FINAL_portrait_FINAL.__CINEMATIC\follow\stabilized.mp4"
"stabilized","873","False","False","False","9.92","11/17/2025 3:44:31 PM","C:\Users\scott\OneDrive\SoccerVideoMedia\out\autoframe_work\cinematic\006__2025-09-13__TSC_vs_NEOFC__DEFENSE__t699.30-t711.50.__DEBUG_FINAL_portrait_FINAL\follow\stabilized.mp4"
"stabilized","873","False","False","False","0.73","11/17/2025 3:44:46 PM","C:\Users\scott\OneDrive\SoccerVideoMedia\out\autoframe_work\cinematic\007__2025-09-13__TSC_vs_NEOFC__DRIBBLING__t982.00-t987.90_portrait_POST.__CINEMATIC.__CINEMATIC.__CINEMATIC.__CINEMATIC.__CINEMATIC.__CINEMATIC\follow\stabilized.mp4"
"stabilized","873","False","False","False","0.88","11/17/2025 3:44:55 PM","C:\Users\scott\OneDrive\SoccerVideoMedia\out\autoframe_work\cinematic\007__2025-09-13__TSC_vs_NEOFC__DRIBBLING__t982.00-t987.90_portrait_POST.__CINEMATIC.__CINEMATIC.__CINEMATIC.__CINEMATIC.__CINEMATIC\follow\stabilized.mp4"
"stabilized","873","False","False","False","1.56","11/17/2025 3:45:04 PM","C:\Users\scott\OneDrive\SoccerVideoMedia\out\autoframe_work\cinematic\007__2025-09-13__TSC_vs_NEOFC__DRIBBLING__t982.00-t987.90_portrait_POST.__CINEMATIC.__CINEMATIC.__CINEMATIC.__CINEMATIC\follow\stabilized.mp4"
"stabilized","873","False","False","False","2.62","11/17/2025 3:45:13 PM","C:\Users\scott\OneDrive\SoccerVideoMedia\out\autoframe_work\cinematic\007__2025-09-13__TSC_vs_NEOFC__DRIBBLING__t982.00-t987.90_portrait_POST.__CINEMATIC.__CINEMATIC.__CINEMATIC\follow\stabilized.mp4"
"stabilized","873","False","False","False","3.26","11/17/2025 3:45:22 PM","C:\Users\scott\OneDrive\SoccerVideoMedia\out\autoframe_work\cinematic\007__2025-09-13__TSC_vs_NEOFC__DRIBBLING__t982.00-t987.90_portrait_POST.__CINEMATIC.__CINEMATIC\follow\stabilized.mp4"
"stabilized","873","False","False","False","4","11/17/2025 3:45:31 PM","C:\Users\scott\OneDrive\SoccerVideoMedia\out\autoframe_work\cinematic\007__2025-09-13__TSC_vs_NEOFC__DRIBBLING__t982.00-t987.90_portrait_POST.__CINEMATIC\follow\stabilized.mp4"
"stabilized","873","False","False","False","5.71","11/17/2025 3:45:41 PM","C:\Users\scott\OneDrive\SoccerVideoMedia\out\autoframe_work\cinematic\007__2025-09-13__TSC_vs_NEOFC__DRIBBLING__t982.00-t987.90_portrait_POST\follow\stabilized.mp4"
"stabilized","873","False","False","False","0.7","11/17/2025 3:45:53 PM","C:\Users\scott\OneDrive\SoccerVideoMedia\out\autoframe_work\cinematic\008__2025-09-13__TSC_vs_NEOFC__SHOT__t1247.80-t1259.20_portrait_POST.__CINEMATIC.__CINEMATIC.__CINEMATIC.__CINEMATIC.__CINEMATIC.__CINEMATIC\follow\stabilized.mp4"
"stabilized","873","False","False","False","0.94","11/17/2025 3:46:07 PM","C:\Users\scott\OneDrive\SoccerVideoMedia\out\autoframe_work\cinematic\008__2025-09-13__TSC_vs_NEOFC__SHOT__t1247.80-t1259.20_portrait_POST.__CINEMATIC.__CINEMATIC.__CINEMATIC.__CINEMATIC.__CINEMATIC\follow\stabilized.mp4"
"stabilized","873","False","False","False","2.19","11/17/2025 3:46:21 PM","C:\Users\scott\OneDrive\SoccerVideoMedia\out\autoframe_work\cinematic\008__2025-09-13__TSC_vs_NEOFC__SHOT__t1247.80-t1259.20_portrait_POST.__CINEMATIC.__CINEMATIC.__CINEMATIC.__CINEMATIC\follow\stabilized.mp4"
"stabilized","873","False","False","False","3.48","11/17/2025 3:46:36 PM","C:\Users\scott\OneDrive\SoccerVideoMedia\out\autoframe_work\cinematic\008__2025-09-13__TSC_vs_NEOFC__SHOT__t1247.80-t1259.20_portrait_POST.__CINEMATIC.__CINEMATIC.__CINEMATIC\follow\stabilized.mp4"
"stabilized","873","False","False","False","3.79","11/17/2025 3:46:51 PM","C:\Users\scott\OneDrive\SoccerVideoMedia\out\autoframe_work\cinematic\008__2025-09-13__TSC_vs_NEOFC__SHOT__t1247.80-t1259.20_portrait_POST.__CINEMATIC.__CINEMATIC\follow\stabilized.mp4"
"stabilized","873","False","False","False","4.93","11/17/2025 3:47:06 PM","C:\Users\scott\OneDrive\SoccerVideoMedia\out\autoframe_work\cinematic\008__2025-09-13__TSC_vs_NEOFC__SHOT__t1247.80-t1259.20_portrait_POST.__CINEMATIC\follow\stabilized.mp4"
"stabilized","873","False","False","False","7.86","11/17/2025 3:47:22 PM","C:\Users\scott\OneDrive\SoccerVideoMedia\out\autoframe_work\cinematic\008__2025-09-13__TSC_vs_NEOFC__SHOT__t1247.80-t1259.20_portrait_POST\follow\stabilized.mp4"
"stabilized","873","False","False","False","1.03","11/17/2025 3:47:43 PM","C:\Users\scott\OneDrive\SoccerVideoMedia\out\autoframe_work\cinematic\009__2025-09-13__TSC_vs_NEOFC__SHOT__t1420.40-t1438.20_portrait_POST.__CINEMATIC.__CINEMATIC.__CINEMATIC.__CINEMATIC.__CINEMATIC.__CINEMATIC\follow\stabilized.mp4"
"stabilized","873","False","False","False","1.36","11/17/2025 3:48:05 PM","C:\Users\scott\OneDrive\SoccerVideoMedia\out\autoframe_work\cinematic\009__2025-09-13__TSC_vs_NEOFC__SHOT__t1420.40-t1438.20_portrait_POST.__CINEMATIC.__CINEMATIC.__CINEMATIC.__CINEMATIC.__CINEMATIC\follow\stabilized.mp4"
"stabilized","873","False","False","False","3.32","11/17/2025 3:48:28 PM","C:\Users\scott\OneDrive\SoccerVideoMedia\out\autoframe_work\cinematic\009__2025-09-13__TSC_vs_NEOFC__SHOT__t1420.40-t1438.20_portrait_POST.__CINEMATIC.__CINEMATIC.__CINEMATIC.__CINEMATIC\follow\stabilized.mp4"
"stabilized","873","False","False","False","6.52","11/17/2025 3:48:51 PM","C:\Users\scott\OneDrive\SoccerVideoMedia\out\autoframe_work\cinematic\009__2025-09-13__TSC_vs_NEOFC__SHOT__t1420.40-t1438.20_portrait_POST.__CINEMATIC.__CINEMATIC.__CINEMATIC\follow\stabilized.mp4"
"stabilized","873","False","False","False","7.43","11/17/2025 3:49:15 PM","C:\Users\scott\OneDrive\SoccerVideoMedia\out\autoframe_work\cinematic\009__2025-09-13__TSC_vs_NEOFC__SHOT__t1420.40-t1438.20_portrait_POST.__CINEMATIC.__CINEMATIC\follow\stabilized.mp4"
"stabilized","873","False","False","False","9.14","11/17/2025 3:49:39 PM","C:\Users\scott\OneDrive\SoccerVideoMedia\out\autoframe_work\cinematic\009__2025-09-13__TSC_vs_NEOFC__SHOT__t1420.40-t1438.20_portrait_POST.__CINEMATIC\follow\stabilized.mp4"
"stabilized","873","False","False","False","14.72","11/17/2025 3:50:05 PM","C:\Users\scott\OneDrive\SoccerVideoMedia\out\autoframe_work\cinematic\009__2025-09-13__TSC_vs_NEOFC__SHOT__t1420.40-t1438.20_portrait_POST\follow\stabilized.mp4"
"stabilized","873","False","False","False","0.57","11/17/2025 3:50:22 PM","C:\Users\scott\OneDrive\SoccerVideoMedia\out\autoframe_work\cinematic\010__2025-09-13__TSC_vs_NEOFC__CROSS__t1541.10-t1547.90_portrait_POST.__CINEMATIC.__CINEMATIC.__CINEMATIC.__CINEMATIC.__CINEMATIC.__CINEMATIC\follow\stabilized.mp4"
"stabilized","873","False","False","False","0.7","11/17/2025 3:50:32 PM","C:\Users\scott\OneDrive\SoccerVideoMedia\out\autoframe_work\cinematic\010__2025-09-13__TSC_vs_NEOFC__CROSS__t1541.10-t1547.90_portrait_POST.__CINEMATIC.__CINEMATIC.__CINEMATIC.__CINEMATIC.__CINEMATIC\follow\stabilized.mp4"
"stabilized","873","False","False","False","1.41","11/17/2025 3:50:42 PM","C:\Users\scott\OneDrive\SoccerVideoMedia\out\autoframe_work\cinematic\010__2025-09-13__TSC_vs_NEOFC__CROSS__t1541.10-t1547.90_portrait_POST.__CINEMATIC.__CINEMATIC.__CINEMATIC.__CINEMATIC\follow\stabilized.mp4"
"stabilized","873","False","False","False","2.5","11/17/2025 3:50:52 PM","C:\Users\scott\OneDrive\SoccerVideoMedia\out\autoframe_work\cinematic\010__2025-09-13__TSC_vs_NEOFC__CROSS__t1541.10-t1547.90_portrait_POST.__CINEMATIC.__CINEMATIC.__CINEMATIC\follow\stabilized.mp4"
"stabilized","873","False","False","False","3.01","11/17/2025 3:51:02 PM","C:\Users\scott\OneDrive\SoccerVideoMedia\out\autoframe_work\cinematic\010__2025-09-13__TSC_vs_NEOFC__CROSS__t1541.10-t1547.90_portrait_POST.__CINEMATIC.__CINEMATIC\follow\stabilized.mp4"
"stabilized","873","False","False","False","3.63","11/17/2025 3:51:13 PM","C:\Users\scott\OneDrive\SoccerVideoMedia\out\autoframe_work\cinematic\010__2025-09-13__TSC_vs_NEOFC__CROSS__t1541.10-t1547.90_portrait_POST.__CINEMATIC\follow\stabilized.mp4"
"stabilized","873","False","False","False","5.26","11/17/2025 3:51:23 PM","C:\Users\scott\OneDrive\SoccerVideoMedia\out\autoframe_work\cinematic\010__2025-09-13__TSC_vs_NEOFC__CROSS__t1541.10-t1547.90_portrait_POST\follow\stabilized.mp4"
"stabilized","873","False","False","False","1.02","11/17/2025 3:51:38 PM","C:\Users\scott\OneDrive\SoccerVideoMedia\out\autoframe_work\cinematic\011__2025-09-13__TSC_vs_NEOFC__SHOTS__t1655.00-t1670.30_portrait_POST.__CINEMATIC.__CINEMATIC.__CINEMATIC.__CINEMATIC.__CINEMATIC.__CINEMATIC\follow\stabilized.mp4"
"stabilized","873","False","False","False","1.37","11/17/2025 3:51:58 PM","C:\Users\scott\OneDrive\SoccerVideoMedia\out\autoframe_work\cinematic\011__2025-09-13__TSC_vs_NEOFC__SHOTS__t1655.00-t1670.30_portrait_POST.__CINEMATIC.__CINEMATIC.__CINEMATIC.__CINEMATIC.__CINEMATIC\follow\stabilized.mp4"
"stabilized","873","False","False","False","3.5","11/17/2025 3:52:17 PM","C:\Users\scott\OneDrive\SoccerVideoMedia\out\autoframe_work\cinematic\011__2025-09-13__TSC_vs_NEOFC__SHOTS__t1655.00-t1670.30_portrait_POST.__CINEMATIC.__CINEMATIC.__CINEMATIC.__CINEMATIC\follow\stabilized.mp4"
"stabilized","873","False","False","False","6.56","11/17/2025 3:52:37 PM","C:\Users\scott\OneDrive\SoccerVideoMedia\out\autoframe_work\cinematic\011__2025-09-13__TSC_vs_NEOFC__SHOTS__t1655.00-t1670.30_portrait_POST.__CINEMATIC.__CINEMATIC.__CINEMATIC\follow\stabilized.mp4"
"stabilized","873","False","False","False","7","11/17/2025 3:52:58 PM","C:\Users\scott\OneDrive\SoccerVideoMedia\out\autoframe_work\cinematic\011__2025-09-13__TSC_vs_NEOFC__SHOTS__t1655.00-t1670.30_portrait_POST.__CINEMATIC.__CINEMATIC\follow\stabilized.mp4"
"stabilized","873","False","False","False","8.15","11/17/2025 3:53:18 PM","C:\Users\scott\OneDrive\SoccerVideoMedia\out\autoframe_work\cinematic\011__2025-09-13__TSC_vs_NEOFC__SHOTS__t1655.00-t1670.30_portrait_POST.__CINEMATIC\follow\stabilized.mp4"
"stabilized","873","False","False","False","12.42","11/17/2025 3:53:40 PM","C:\Users\scott\OneDrive\SoccerVideoMedia\out\autoframe_work\cinematic\011__2025-09-13__TSC_vs_NEOFC__SHOTS__t1655.00-t1670.30_portrait_POST\follow\stabilized.mp4"
"stabilized","873","False","False","False","0.52","11/17/2025 3:53:54 PM","C:\Users\scott\OneDrive\SoccerVideoMedia\out\autoframe_work\cinematic\012__2025-09-13__TSC_vs_NEOFC__GOAL__t1705.20-t1708.50_portrait_POST.__CINEMATIC.__CINEMATIC.__CINEMATIC.__CINEMATIC.__CINEMATIC.__CINEMATIC\follow\stabilized.mp4"
"stabilized","873","False","False","False","0.67","11/17/2025 3:54:00 PM","C:\Users\scott\OneDrive\SoccerVideoMedia\out\autoframe_work\cinematic\012__2025-09-13__TSC_vs_NEOFC__GOAL__t1705.20-t1708.50_portrait_POST.__CINEMATIC.__CINEMATIC.__CINEMATIC.__CINEMATIC.__CINEMATIC\follow\stabilized.mp4"
"stabilized","873","False","False","False","1.13","11/17/2025 3:54:05 PM","C:\Users\scott\OneDrive\SoccerVideoMedia\out\autoframe_work\cinematic\012__2025-09-13__TSC_vs_NEOFC__GOAL__t1705.20-t1708.50_portrait_POST.__CINEMATIC.__CINEMATIC.__CINEMATIC.__CINEMATIC\follow\stabilized.mp4"
"stabilized","873","False","False","False","1.74","11/17/2025 3:54:10 PM","C:\Users\scott\OneDrive\SoccerVideoMedia\out\autoframe_work\cinematic\012__2025-09-13__TSC_vs_NEOFC__GOAL__t1705.20-t1708.50_portrait_POST.__CINEMATIC.__CINEMATIC.__CINEMATIC\follow\stabilized.mp4"
"stabilized","873","False","False","False","1.94","11/17/2025 3:54:16 PM","C:\Users\scott\OneDrive\SoccerVideoMedia\out\autoframe_work\cinematic\012__2025-09-13__TSC_vs_NEOFC__GOAL__t1705.20-t1708.50_portrait_POST.__CINEMATIC.__CINEMATIC\follow\stabilized.mp4"
"stabilized","873","False","False","False","2.26","11/17/2025 3:54:21 PM","C:\Users\scott\OneDrive\SoccerVideoMedia\out\autoframe_work\cinematic\012__2025-09-13__TSC_vs_NEOFC__GOAL__t1705.20-t1708.50_portrait_POST.__CINEMATIC\follow\stabilized.mp4"
"stabilized","873","False","False","False","3.3","11/17/2025 3:54:27 PM","C:\Users\scott\OneDrive\SoccerVideoMedia\out\autoframe_work\cinematic\012__2025-09-13__TSC_vs_NEOFC__GOAL__t1705.20-t1708.50_portrait_POST\follow\stabilized.mp4"
"stabilized","873","False","False","False","0.57","11/17/2025 3:54:33 PM","C:\Users\scott\OneDrive\SoccerVideoMedia\out\autoframe_work\cinematic\013__2025-09-13__TSC_vs_NEOFC__GOAL__t1767.50-t1772.60_portrait_POST.__CINEMATIC.__CINEMATIC.__CINEMATIC.__CINEMATIC.__CINEMATIC.__CINEMATIC\follow\stabilized.mp4"
"stabilized","873","False","False","False","0.71","11/17/2025 3:54:40 PM","C:\Users\scott\OneDrive\SoccerVideoMedia\out\autoframe_work\cinematic\013__2025-09-13__TSC_vs_NEOFC__GOAL__t1767.50-t1772.60_portrait_POST.__CINEMATIC.__CINEMATIC.__CINEMATIC.__CINEMATIC.__CINEMATIC\follow\stabilized.mp4"
"stabilized","873","False","False","False","1.28","11/17/2025 3:54:48 PM","C:\Users\scott\OneDrive\SoccerVideoMedia\out\autoframe_work\cinematic\013__2025-09-13__TSC_vs_NEOFC__GOAL__t1767.50-t1772.60_portrait_POST.__CINEMATIC.__CINEMATIC.__CINEMATIC.__CINEMATIC\follow\stabilized.mp4"
"stabilized","873","False","False","False","2.29","11/17/2025 3:54:56 PM","C:\Users\scott\OneDrive\SoccerVideoMedia\out\autoframe_work\cinematic\013__2025-09-13__TSC_vs_NEOFC__GOAL__t1767.50-t1772.60_portrait_POST.__CINEMATIC.__CINEMATIC.__CINEMATIC\follow\stabilized.mp4"
"stabilized","873","False","False","False","2.65","11/17/2025 3:55:04 PM","C:\Users\scott\OneDrive\SoccerVideoMedia\out\autoframe_work\cinematic\013__2025-09-13__TSC_vs_NEOFC__GOAL__t1767.50-t1772.60_portrait_POST.__CINEMATIC.__CINEMATIC\follow\stabilized.mp4"
"stabilized","873","False","False","False","3.25","11/17/2025 3:55:12 PM","C:\Users\scott\OneDrive\SoccerVideoMedia\out\autoframe_work\cinematic\013__2025-09-13__TSC_vs_NEOFC__GOAL__t1767.50-t1772.60_portrait_POST.__CINEMATIC\follow\stabilized.mp4"
"stabilized","873","False","False","False","4.38","11/17/2025 3:55:20 PM","C:\Users\scott\OneDrive\SoccerVideoMedia\out\autoframe_work\cinematic\013__2025-09-13__TSC_vs_NEOFC__GOAL__t1767.50-t1772.60_portrait_POST\follow\stabilized.mp4"
"stabilized","873","False","False","False","1.18","11/17/2025 3:55:37 PM","C:\Users\scott\OneDrive\SoccerVideoMedia\out\autoframe_work\cinematic\014__2025-09-13__TSC_vs_NEOFC__GOAL__t1904.20-t1925.20_portrait_POST.__CINEMATIC.__CINEMATIC.__CINEMATIC.__CINEMATIC.__CINEMATIC.__CINEMATIC\follow\stabilized.mp4"
"stabilized","873","False","False","False","1.64","11/17/2025 3:56:03 PM","C:\Users\scott\OneDrive\SoccerVideoMedia\out\autoframe_work\cinematic\014__2025-09-13__TSC_vs_NEOFC__GOAL__t1904.20-t1925.20_portrait_POST.__CINEMATIC.__CINEMATIC.__CINEMATIC.__CINEMATIC.__CINEMATIC\follow\stabilized.mp4"
"stabilized","873","False","False","False","4.51","11/17/2025 3:56:29 PM","C:\Users\scott\OneDrive\SoccerVideoMedia\out\autoframe_work\cinematic\014__2025-09-13__TSC_vs_NEOFC__GOAL__t1904.20-t1925.20_portrait_POST.__CINEMATIC.__CINEMATIC.__CINEMATIC.__CINEMATIC\follow\stabilized.mp4"
"stabilized","873","False","False","False","9","11/17/2025 3:56:57 PM","C:\Users\scott\OneDrive\SoccerVideoMedia\out\autoframe_work\cinematic\014__2025-09-13__TSC_vs_NEOFC__GOAL__t1904.20-t1925.20_portrait_POST.__CINEMATIC.__CINEMATIC.__CINEMATIC\follow\stabilized.mp4"
"stabilized","873","False","False","False","9.61","11/17/2025 3:57:25 PM","C:\Users\scott\OneDrive\SoccerVideoMedia\out\autoframe_work\cinematic\014__2025-09-13__TSC_vs_NEOFC__GOAL__t1904.20-t1925.20_portrait_POST.__CINEMATIC.__CINEMATIC\follow\stabilized.mp4"
"stabilized","873","False","False","False","11.51","11/17/2025 3:57:53 PM","C:\Users\scott\OneDrive\SoccerVideoMedia\out\autoframe_work\cinematic\014__2025-09-13__TSC_vs_NEOFC__GOAL__t1904.20-t1925.20_portrait_POST.__CINEMATIC\follow\stabilized.mp4"
"stabilized","873","False","False","False","18.3","11/17/2025 3:58:23 PM","C:\Users\scott\OneDrive\SoccerVideoMedia\out\autoframe_work\cinematic\014__2025-09-13__TSC_vs_NEOFC__GOAL__t1904.20-t1925.20_portrait_POST\follow\stabilized.mp4"
"stabilized","873","False","False","False","0.84","11/17/2025 3:58:44 PM","C:\Users\scott\OneDrive\SoccerVideoMedia\out\autoframe_work\cinematic\015__2025-09-13__TSC_vs_NEOFC__DRIBBLING__t1972.50-t1980.70_portrait_POST.__CINEMATIC.__CINEMATIC.__CINEMATIC.__CINEMATIC.__CINEMATIC.__CINEMATIC\follow\stabilized.mp4"
"stabilized","873","False","False","False","1.14","11/17/2025 3:58:58 PM","C:\Users\scott\OneDrive\SoccerVideoMedia\out\autoframe_work\cinematic\015__2025-09-13__TSC_vs_NEOFC__DRIBBLING__t1972.50-t1980.70_portrait_POST.__CINEMATIC.__CINEMATIC.__CINEMATIC.__CINEMATIC.__CINEMATIC\follow\stabilized.mp4"
"stabilized","873","False","False","False","2.54","11/17/2025 3:59:11 PM","C:\Users\scott\OneDrive\SoccerVideoMedia\out\autoframe_work\cinematic\015__2025-09-13__TSC_vs_NEOFC__DRIBBLING__t1972.50-t1980.70_portrait_POST.__CINEMATIC.__CINEMATIC.__CINEMATIC.__CINEMATIC\follow\stabilized.mp4"
"stabilized","873","False","False","False","4.42","11/17/2025 3:59:23 PM","C:\Users\scott\OneDrive\SoccerVideoMedia\out\autoframe_work\cinematic\015__2025-09-13__TSC_vs_NEOFC__DRIBBLING__t1972.50-t1980.70_portrait_POST.__CINEMATIC.__CINEMATIC.__CINEMATIC\follow\stabilized.mp4"
"stabilized","873","False","False","False","4.63","11/17/2025 3:59:36 PM","C:\Users\scott\OneDrive\SoccerVideoMedia\out\autoframe_work\cinematic\015__2025-09-13__TSC_vs_NEOFC__DRIBBLING__t1972.50-t1980.70_portrait_POST.__CINEMATIC.__CINEMATIC\follow\stabilized.mp4"
"stabilized","873","False","False","False","5.53","11/17/2025 3:59:49 PM","C:\Users\scott\OneDrive\SoccerVideoMedia\out\autoframe_work\cinematic\015__2025-09-13__TSC_vs_NEOFC__DRIBBLING__t1972.50-t1980.70_portrait_POST.__CINEMATIC\follow\stabilized.mp4"
"stabilized","873","False","False","False","8.19","11/17/2025 4:00:04 PM","C:\Users\scott\OneDrive\SoccerVideoMedia\out\autoframe_work\cinematic\015__2025-09-13__TSC_vs_NEOFC__DRIBBLING__t1972.50-t1980.70_portrait_POST\follow\stabilized.mp4"
"stabilized","873","False","False","False","0.92","11/17/2025 4:00:18 PM","C:\Users\scott\OneDrive\SoccerVideoMedia\out\autoframe_work\cinematic\016__2025-09-13__TSC_vs_NEOFC__SHOT__t2029.90-t2039.50_portrait_POST.__CINEMATIC.__CINEMATIC.__CINEMATIC.__CINEMATIC.__CINEMATIC.__CINEMATIC\follow\stabilized.mp4"
"stabilized","873","False","False","False","1.28","11/17/2025 4:00:33 PM","C:\Users\scott\OneDrive\SoccerVideoMedia\out\autoframe_work\cinematic\016__2025-09-13__TSC_vs_NEOFC__SHOT__t2029.90-t2039.50_portrait_POST.__CINEMATIC.__CINEMATIC.__CINEMATIC.__CINEMATIC.__CINEMATIC\follow\stabilized.mp4"
"stabilized","873","False","False","False","2.97","11/17/2025 4:00:47 PM","C:\Users\scott\OneDrive\SoccerVideoMedia\out\autoframe_work\cinematic\016__2025-09-13__TSC_vs_NEOFC__SHOT__t2029.90-t2039.50_portrait_POST.__CINEMATIC.__CINEMATIC.__CINEMATIC.__CINEMATIC\follow\stabilized.mp4"
"stabilized","873","False","False","False","4.54","11/17/2025 4:01:01 PM","C:\Users\scott\OneDrive\SoccerVideoMedia\out\autoframe_work\cinematic\016__2025-09-13__TSC_vs_NEOFC__SHOT__t2029.90-t2039.50_portrait_POST.__CINEMATIC.__CINEMATIC.__CINEMATIC\follow\stabilized.mp4"
"stabilized","873","False","False","False","4.73","11/17/2025 4:01:16 PM","C:\Users\scott\OneDrive\SoccerVideoMedia\out\autoframe_work\cinematic\016__2025-09-13__TSC_vs_NEOFC__SHOT__t2029.90-t2039.50_portrait_POST.__CINEMATIC.__CINEMATIC\follow\stabilized.mp4"
"stabilized","873","False","False","False","5.88","11/17/2025 4:01:31 PM","C:\Users\scott\OneDrive\SoccerVideoMedia\out\autoframe_work\cinematic\016__2025-09-13__TSC_vs_NEOFC__SHOT__t2029.90-t2039.50_portrait_POST.__CINEMATIC\follow\stabilized.mp4"
"stabilized","873","False","False","False","8.55","11/17/2025 4:01:46 PM","C:\Users\scott\OneDrive\SoccerVideoMedia\out\autoframe_work\cinematic\016__2025-09-13__TSC_vs_NEOFC__SHOT__t2029.90-t2039.50_portrait_POST\follow\stabilized.mp4"
"stabilized","873","False","False","False","0.94","11/17/2025 4:02:02 PM","C:\Users\scott\OneDrive\SoccerVideoMedia\out\autoframe_work\cinematic\017__2025-09-13__TSC_vs_NEOFC__SHOT__t2284.90-t2298.20_portrait_POST.__CINEMATIC.__CINEMATIC.__CINEMATIC.__CINEMATIC.__CINEMATIC.__CINEMATIC\follow\stabilized.mp4"
"stabilized","873","False","False","False","1.23","11/17/2025 4:02:19 PM","C:\Users\scott\OneDrive\SoccerVideoMedia\out\autoframe_work\cinematic\017__2025-09-13__TSC_vs_NEOFC__SHOT__t2284.90-t2298.20_portrait_POST.__CINEMATIC.__CINEMATIC.__CINEMATIC.__CINEMATIC.__CINEMATIC\follow\stabilized.mp4"
"stabilized","873","False","False","False","2.96","11/17/2025 4:02:35 PM","C:\Users\scott\OneDrive\SoccerVideoMedia\out\autoframe_work\cinematic\017__2025-09-13__TSC_vs_NEOFC__SHOT__t2284.90-t2298.20_portrait_POST.__CINEMATIC.__CINEMATIC.__CINEMATIC.__CINEMATIC\follow\stabilized.mp4"
"stabilized","873","False","False","False","5.23","11/17/2025 4:02:53 PM","C:\Users\scott\OneDrive\SoccerVideoMedia\out\autoframe_work\cinematic\017__2025-09-13__TSC_vs_NEOFC__SHOT__t2284.90-t2298.20_portrait_POST.__CINEMATIC.__CINEMATIC.__CINEMATIC\follow\stabilized.mp4"
"stabilized","873","False","False","False","6.29","11/17/2025 4:03:12 PM","C:\Users\scott\OneDrive\SoccerVideoMedia\out\autoframe_work\cinematic\017__2025-09-13__TSC_vs_NEOFC__SHOT__t2284.90-t2298.20_portrait_POST.__CINEMATIC.__CINEMATIC\follow\stabilized.mp4"
"stabilized","873","False","False","False","7.87","11/17/2025 4:03:31 PM","C:\Users\scott\OneDrive\SoccerVideoMedia\out\autoframe_work\cinematic\017__2025-09-13__TSC_vs_NEOFC__SHOT__t2284.90-t2298.20_portrait_POST.__CINEMATIC\follow\stabilized.mp4"
"stabilized","873","False","False","False","11.65","11/17/2025 4:03:49 PM","C:\Users\scott\OneDrive\SoccerVideoMedia\out\autoframe_work\cinematic\017__2025-09-13__TSC_vs_NEOFC__SHOT__t2284.90-t2298.20_portrait_POST\follow\stabilized.mp4"
"stabilized","873","False","False","False","0.63","11/17/2025 4:04:04 PM","C:\Users\scott\OneDrive\SoccerVideoMedia\out\autoframe_work\cinematic\018__2025-09-13__TSC_vs_NEOFC__SHOT__t2419.50-t2425.60_portrait_POST.__CINEMATIC.__CINEMATIC.__CINEMATIC.__CINEMATIC.__CINEMATIC.__CINEMATIC\follow\stabilized.mp4"
"stabilized","873","False","False","False","0.85","11/17/2025 4:04:13 PM","C:\Users\scott\OneDrive\SoccerVideoMedia\out\autoframe_work\cinematic\018__2025-09-13__TSC_vs_NEOFC__SHOT__t2419.50-t2425.60_portrait_POST.__CINEMATIC.__CINEMATIC.__CINEMATIC.__CINEMATIC.__CINEMATIC\follow\stabilized.mp4"
"stabilized","873","False","False","False","1.85","11/17/2025 4:04:22 PM","C:\Users\scott\OneDrive\SoccerVideoMedia\out\autoframe_work\cinematic\018__2025-09-13__TSC_vs_NEOFC__SHOT__t2419.50-t2425.60_portrait_POST.__CINEMATIC.__CINEMATIC.__CINEMATIC.__CINEMATIC\follow\stabilized.mp4"
"stabilized","873","False","False","False","2.62","11/17/2025 4:04:31 PM","C:\Users\scott\OneDrive\SoccerVideoMedia\out\autoframe_work\cinematic\018__2025-09-13__TSC_vs_NEOFC__SHOT__t2419.50-t2425.60_portrait_POST.__CINEMATIC.__CINEMATIC.__CINEMATIC\follow\stabilized.mp4"
"stabilized","873","False","False","False","2.79","11/17/2025 4:04:40 PM","C:\Users\scott\OneDrive\SoccerVideoMedia\out\autoframe_work\cinematic\018__2025-09-13__TSC_vs_NEOFC__SHOT__t2419.50-t2425.60_portrait_POST.__CINEMATIC.__CINEMATIC\follow\stabilized.mp4"
"stabilized","873","False","False","False","3.42","11/17/2025 4:04:50 PM","C:\Users\scott\OneDrive\SoccerVideoMedia\out\autoframe_work\cinematic\018__2025-09-13__TSC_vs_NEOFC__SHOT__t2419.50-t2425.60_portrait_POST.__CINEMATIC\follow\stabilized.mp4"
"stabilized","873","False","False","False","4.74","11/17/2025 4:04:59 PM","C:\Users\scott\OneDrive\SoccerVideoMedia\out\autoframe_work\cinematic\018__2025-09-13__TSC_vs_NEOFC__SHOT__t2419.50-t2425.60_portrait_POST\follow\stabilized.mp4"
"stabilized","873","False","False","False","0.64","11/17/2025 4:05:08 PM","C:\Users\scott\OneDrive\SoccerVideoMedia\out\autoframe_work\cinematic\019__2025-09-13__TSC_vs_NEOFC__SHOT__t2633.00-t2638.10_portrait_POST.__CINEMATIC.__CINEMATIC.__CINEMATIC.__CINEMATIC.__CINEMATIC.__CINEMATIC\follow\stabilized.mp4"
"stabilized","873","False","False","False","0.88","11/17/2025 4:05:16 PM","C:\Users\scott\OneDrive\SoccerVideoMedia\out\autoframe_work\cinematic\019__2025-09-13__TSC_vs_NEOFC__SHOT__t2633.00-t2638.10_portrait_POST.__CINEMATIC.__CINEMATIC.__CINEMATIC.__CINEMATIC.__CINEMATIC\follow\stabilized.mp4"
"stabilized","873","False","False","False","1.76","11/17/2025 4:05:23 PM","C:\Users\scott\OneDrive\SoccerVideoMedia\out\autoframe_work\cinematic\019__2025-09-13__TSC_vs_NEOFC__SHOT__t2633.00-t2638.10_portrait_POST.__CINEMATIC.__CINEMATIC.__CINEMATIC.__CINEMATIC\follow\stabilized.mp4"
"stabilized","873","False","False","False","2.36","11/17/2025 4:05:31 PM","C:\Users\scott\OneDrive\SoccerVideoMedia\out\autoframe_work\cinematic\019__2025-09-13__TSC_vs_NEOFC__SHOT__t2633.00-t2638.10_portrait_POST.__CINEMATIC.__CINEMATIC.__CINEMATIC\follow\stabilized.mp4"
"stabilized","873","False","False","False","2.46","11/17/2025 4:05:39 PM","C:\Users\scott\OneDrive\SoccerVideoMedia\out\autoframe_work\cinematic\019__2025-09-13__TSC_vs_NEOFC__SHOT__t2633.00-t2638.10_portrait_POST.__CINEMATIC.__CINEMATIC\follow\stabilized.mp4"
"stabilized","873","False","False","False","3.01","11/17/2025 4:05:47 PM","C:\Users\scott\OneDrive\SoccerVideoMedia\out\autoframe_work\cinematic\019__2025-09-13__TSC_vs_NEOFC__SHOT__t2633.00-t2638.10_portrait_POST.__CINEMATIC\follow\stabilized.mp4"
"stabilized","873","False","False","False","4.32","11/17/2025 4:05:55 PM","C:\Users\scott\OneDrive\SoccerVideoMedia\out\autoframe_work\cinematic\019__2025-09-13__TSC_vs_NEOFC__SHOT__t2633.00-t2638.10_portrait_POST\follow\stabilized.mp4"
"stabilized","873","False","False","False","0.97","11/17/2025 4:06:09 PM","C:\Users\scott\OneDrive\SoccerVideoMedia\out\autoframe_work\cinematic\020__2025-09-13__TSC_vs_NEOFC__GOAL__t2816.60-t2831.80_portrait_POST.__CINEMATIC.__CINEMATIC.__CINEMATIC.__CINEMATIC.__CINEMATIC.__CINEMATIC\follow\stabilized.mp4"
"stabilized","873","False","False","False","1.32","11/17/2025 4:06:28 PM","C:\Users\scott\OneDrive\SoccerVideoMedia\out\autoframe_work\cinematic\020__2025-09-13__TSC_vs_NEOFC__GOAL__t2816.60-t2831.80_portrait_POST.__CINEMATIC.__CINEMATIC.__CINEMATIC.__CINEMATIC.__CINEMATIC\follow\stabilized.mp4"
"stabilized","873","False","False","False","3.35","11/17/2025 4:06:47 PM","C:\Users\scott\OneDrive\SoccerVideoMedia\out\autoframe_work\cinematic\020__2025-09-13__TSC_vs_NEOFC__GOAL__t2816.60-t2831.80_portrait_POST.__CINEMATIC.__CINEMATIC.__CINEMATIC.__CINEMATIC\follow\stabilized.mp4"
"stabilized","873","False","False","False","6.11","11/17/2025 4:07:07 PM","C:\Users\scott\OneDrive\SoccerVideoMedia\out\autoframe_work\cinematic\020__2025-09-13__TSC_vs_NEOFC__GOAL__t2816.60-t2831.80_portrait_POST.__CINEMATIC.__CINEMATIC.__CINEMATIC\follow\stabilized.mp4"
"stabilized","873","False","False","False","6.68","11/17/2025 4:07:27 PM","C:\Users\scott\OneDrive\SoccerVideoMedia\out\autoframe_work\cinematic\020__2025-09-13__TSC_vs_NEOFC__GOAL__t2816.60-t2831.80_portrait_POST.__CINEMATIC.__CINEMATIC\follow\stabilized.mp4"
"stabilized","873","False","False","False","7.82","11/17/2025 4:07:48 PM","C:\Users\scott\OneDrive\SoccerVideoMedia\out\autoframe_work\cinematic\020__2025-09-13__TSC_vs_NEOFC__GOAL__t2816.60-t2831.80_portrait_POST.__CINEMATIC\follow\stabilized.mp4"
"stabilized","873","False","False","False","12.02","11/17/2025 4:08:09 PM","C:\Users\scott\OneDrive\SoccerVideoMedia\out\autoframe_work\cinematic\020__2025-09-13__TSC_vs_NEOFC__GOAL__t2816.60-t2831.80_portrait_POST\follow\stabilized.mp4"
"stabilized","873","False","False","False","1.05","11/17/2025 4:08:27 PM","C:\Users\scott\OneDrive\SoccerVideoMedia\out\autoframe_work\cinematic\021__2025-09-13__TSC_vs_NEOFC__SHOT__t2860.70-t2873.00_portrait_POST.__CINEMATIC.__CINEMATIC.__CINEMATIC.__CINEMATIC.__CINEMATIC.__CINEMATIC\follow\stabilized.mp4"
"stabilized","873","False","False","False","1.48","11/17/2025 4:08:43 PM","C:\Users\scott\OneDrive\SoccerVideoMedia\out\autoframe_work\cinematic\021__2025-09-13__TSC_vs_NEOFC__SHOT__t2860.70-t2873.00_portrait_POST.__CINEMATIC.__CINEMATIC.__CINEMATIC.__CINEMATIC.__CINEMATIC\follow\stabilized.mp4"
"stabilized","873","False","False","False","3.46","11/17/2025 4:08:59 PM","C:\Users\scott\OneDrive\SoccerVideoMedia\out\autoframe_work\cinematic\021__2025-09-13__TSC_vs_NEOFC__SHOT__t2860.70-t2873.00_portrait_POST.__CINEMATIC.__CINEMATIC.__CINEMATIC.__CINEMATIC\follow\stabilized.mp4"
"stabilized","873","False","False","False","5.14","11/17/2025 4:09:19 PM","C:\Users\scott\OneDrive\SoccerVideoMedia\out\autoframe_work\cinematic\021__2025-09-13__TSC_vs_NEOFC__SHOT__t2860.70-t2873.00_portrait_POST.__CINEMATIC.__CINEMATIC.__CINEMATIC\follow\stabilized.mp4"
"stabilized","873","False","False","False","5.34","11/17/2025 4:09:36 PM","C:\Users\scott\OneDrive\SoccerVideoMedia\out\autoframe_work\cinematic\021__2025-09-13__TSC_vs_NEOFC__SHOT__t2860.70-t2873.00_portrait_POST.__CINEMATIC.__CINEMATIC\follow\stabilized.mp4"
"stabilized","873","False","False","False","6.64","11/17/2025 4:09:52 PM","C:\Users\scott\OneDrive\SoccerVideoMedia\out\autoframe_work\cinematic\021__2025-09-13__TSC_vs_NEOFC__SHOT__t2860.70-t2873.00_portrait_POST.__CINEMATIC\follow\stabilized.mp4"
"stabilized","873","False","False","False","10.09","11/17/2025 4:10:10 PM","C:\Users\scott\OneDrive\SoccerVideoMedia\out\autoframe_work\cinematic\021__2025-09-13__TSC_vs_NEOFC__SHOT__t2860.70-t2873.00_portrait_POST\follow\stabilized.mp4"
"stabilized","873","False","False","False","0.89","11/17/2025 4:10:25 PM","C:\Users\scott\OneDrive\SoccerVideoMedia\out\autoframe_work\cinematic\023__2025-09-13__TSC_vs_NEOFC__SHOT__t3098.90-t3108.80_portrait_POST.__CINEMATIC.__CINEMATIC.__CINEMATIC.__CINEMATIC.__CINEMATIC.__CINEMATIC\follow\stabilized.mp4"
"stabilized","873","False","False","False","1.22","11/17/2025 4:10:39 PM","C:\Users\scott\OneDrive\SoccerVideoMedia\out\autoframe_work\cinematic\023__2025-09-13__TSC_vs_NEOFC__SHOT__t3098.90-t3108.80_portrait_POST.__CINEMATIC.__CINEMATIC.__CINEMATIC.__CINEMATIC.__CINEMATIC\follow\stabilized.mp4"
"stabilized","873","False","False","False","2.8","11/17/2025 4:10:52 PM","C:\Users\scott\OneDrive\SoccerVideoMedia\out\autoframe_work\cinematic\023__2025-09-13__TSC_vs_NEOFC__SHOT__t3098.90-t3108.80_portrait_POST.__CINEMATIC.__CINEMATIC.__CINEMATIC.__CINEMATIC\follow\stabilized.mp4"
"stabilized","873","False","False","False","5.22","11/17/2025 4:11:06 PM","C:\Users\scott\OneDrive\SoccerVideoMedia\out\autoframe_work\cinematic\023__2025-09-13__TSC_vs_NEOFC__SHOT__t3098.90-t3108.80_portrait_POST.__CINEMATIC.__CINEMATIC.__CINEMATIC\follow\stabilized.mp4"
"stabilized","873","False","False","False","5.31","11/17/2025 4:11:20 PM","C:\Users\scott\OneDrive\SoccerVideoMedia\out\autoframe_work\cinematic\023__2025-09-13__TSC_vs_NEOFC__SHOT__t3098.90-t3108.80_portrait_POST.__CINEMATIC.__CINEMATIC\follow\stabilized.mp4"
"stabilized","873","False","False","False","6.25","11/17/2025 4:11:35 PM","C:\Users\scott\OneDrive\SoccerVideoMedia\out\autoframe_work\cinematic\023__2025-09-13__TSC_vs_NEOFC__SHOT__t3098.90-t3108.80_portrait_POST.__CINEMATIC\follow\stabilized.mp4"
"stabilized","873","False","False","False","9.21","11/17/2025 4:11:50 PM","C:\Users\scott\OneDrive\SoccerVideoMedia\out\autoframe_work\cinematic\023__2025-09-13__TSC_vs_NEOFC__SHOT__t3098.90-t3108.80_portrait_POST\follow\stabilized.mp4"
"stabilized","873","False","False","False","1.04","11/17/2025 4:12:08 PM","C:\Users\scott\OneDrive\SoccerVideoMedia\out\autoframe_work\cinematic\030__2025-09-13__TSC_vs_NEOFC__2025-10-04__TSC_vs_FC_Tulsa_Black__BUILD_UP_SHOT__t1705-t1721.__CINEMATIC.__CINEMATIC.__CINEMATIC.__CINEMATIC.__CINEMATIC.__CINEMATIC\follow\stabilized.mp4"
"stabilized","873","False","False","False","1.46","11/17/2025 4:12:28 PM","C:\Users\scott\OneDrive\SoccerVideoMedia\out\autoframe_work\cinematic\030__2025-09-13__TSC_vs_NEOFC__2025-10-04__TSC_vs_FC_Tulsa_Black__BUILD_UP_SHOT__t1705-t1721.__CINEMATIC.__CINEMATIC.__CINEMATIC.__CINEMATIC.__CINEMATIC\follow\stabilized.mp4"
"stabilized","873","False","False","False","3.83","11/17/2025 4:12:48 PM","C:\Users\scott\OneDrive\SoccerVideoMedia\out\autoframe_work\cinematic\030__2025-09-13__TSC_vs_NEOFC__2025-10-04__TSC_vs_FC_Tulsa_Black__BUILD_UP_SHOT__t1705-t1721.__CINEMATIC.__CINEMATIC.__CINEMATIC.__CINEMATIC\follow\stabilized.mp4"
"stabilized","873","False","False","False","6.85","11/17/2025 4:13:09 PM","C:\Users\scott\OneDrive\SoccerVideoMedia\out\autoframe_work\cinematic\030__2025-09-13__TSC_vs_NEOFC__2025-10-04__TSC_vs_FC_Tulsa_Black__BUILD_UP_SHOT__t1705-t1721.__CINEMATIC.__CINEMATIC.__CINEMATIC\follow\stabilized.mp4"
"stabilized","873","False","False","False","7.35","11/17/2025 4:13:31 PM","C:\Users\scott\OneDrive\SoccerVideoMedia\out\autoframe_work\cinematic\030__2025-09-13__TSC_vs_NEOFC__2025-10-04__TSC_vs_FC_Tulsa_Black__BUILD_UP_SHOT__t1705-t1721.__CINEMATIC.__CINEMATIC\follow\stabilized.mp4"
"stabilized","873","False","False","False","8.7","11/17/2025 4:13:53 PM","C:\Users\scott\OneDrive\SoccerVideoMedia\out\autoframe_work\cinematic\030__2025-09-13__TSC_vs_NEOFC__2025-10-04__TSC_vs_FC_Tulsa_Black__BUILD_UP_SHOT__t1705-t1721.__CINEMATIC\follow\stabilized.mp4"
"stabilized","873","False","False","False","13.53","11/17/2025 4:14:16 PM","C:\Users\scott\OneDrive\SoccerVideoMedia\out\autoframe_work\cinematic\030__2025-09-13__TSC_vs_NEOFC__2025-10-04__TSC_vs_FC_Tulsa_Black__BUILD_UP_SHOT__t1705-t1721\follow\stabilized.mp4"
"stabilized","873","False","False","False","0.76","11/17/2025 4:14:40 PM","C:\Users\scott\OneDrive\SoccerVideoMedia\out\autoframe_work\cinematic\115__2025-09-13__TSC_vs_NEOFC__SHOT__t155.5-t166.4.__CINEMATIC.__CINEMATIC.__CINEMATIC.__CINEMATIC.__CINEMATIC.__CINEMATIC\follow\stabilized.mp4"
"stabilized","873","False","False","False","0.99","11/17/2025 4:14:54 PM","C:\Users\scott\OneDrive\SoccerVideoMedia\out\autoframe_work\cinematic\115__2025-09-13__TSC_vs_NEOFC__SHOT__t155.5-t166.4.__CINEMATIC.__CINEMATIC.__CINEMATIC.__CINEMATIC.__CINEMATIC\follow\stabilized.mp4"
"stabilized","873","False","False","False","2.29","11/17/2025 4:15:08 PM","C:\Users\scott\OneDrive\SoccerVideoMedia\out\autoframe_work\cinematic\115__2025-09-13__TSC_vs_NEOFC__SHOT__t155.5-t166.4.__CINEMATIC.__CINEMATIC.__CINEMATIC.__CINEMATIC\follow\stabilized.mp4"
"stabilized","873","False","False","False","4.58","11/17/2025 4:15:23 PM","C:\Users\scott\OneDrive\SoccerVideoMedia\out\autoframe_work\cinematic\115__2025-09-13__TSC_vs_NEOFC__SHOT__t155.5-t166.4.__CINEMATIC.__CINEMATIC.__CINEMATIC\follow\stabilized.mp4"
"stabilized","873","False","False","False","5.3","11/17/2025 4:15:40 PM","C:\Users\scott\OneDrive\SoccerVideoMedia\out\autoframe_work\cinematic\115__2025-09-13__TSC_vs_NEOFC__SHOT__t155.5-t166.4.__CINEMATIC.__CINEMATIC\follow\stabilized.mp4"
"stabilized","873","False","False","False","6.75","11/17/2025 4:15:56 PM","C:\Users\scott\OneDrive\SoccerVideoMedia\out\autoframe_work\cinematic\115__2025-09-13__TSC_vs_NEOFC__SHOT__t155.5-t166.4.__CINEMATIC\follow\stabilized.mp4"
"stabilized","873","False","False","False","10.24","11/17/2025 4:16:21 PM","C:\Users\scott\OneDrive\SoccerVideoMedia\out\autoframe_work\cinematic\115__2025-09-13__TSC_vs_NEOFC__SHOT__t155.5-t166.4\follow\stabilized.mp4"
"stabilized","873","False","False","False","2.17","11/17/2025 4:22:36 PM","C:\Users\scott\OneDrive\SoccerVideoMedia\out\autoframe_work\cinematic\021__2025-09-20__TSC_vs_Greenwood__BUILD_UP_PLAY_SHOT__t1437.00-t1472.00_portrait_POST.__CINEMATIC.__CINEMATIC.__CINEMATIC.__CINEMATIC.__CINEMATIC.__CINEMATIC\follow\stabilized.mp4"
"stabilized","873","False","False","False","3.45","11/17/2025 4:23:19 PM","C:\Users\scott\OneDrive\SoccerVideoMedia\out\autoframe_work\cinematic\021__2025-09-20__TSC_vs_Greenwood__BUILD_UP_PLAY_SHOT__t1437.00-t1472.00_portrait_POST.__CINEMATIC.__CINEMATIC.__CINEMATIC.__CINEMATIC.__CINEMATIC\follow\stabilized.mp4"
"stabilized","873","False","False","False","9.45","11/17/2025 4:24:02 PM","C:\Users\scott\OneDrive\SoccerVideoMedia\out\autoframe_work\cinematic\021__2025-09-20__TSC_vs_Greenwood__BUILD_UP_PLAY_SHOT__t1437.00-t1472.00_portrait_POST.__CINEMATIC.__CINEMATIC.__CINEMATIC.__CINEMATIC\follow\stabilized.mp4"
"stabilized","873","False","False","False","15.05","11/17/2025 4:24:47 PM","C:\Users\scott\OneDrive\SoccerVideoMedia\out\autoframe_work\cinematic\021__2025-09-20__TSC_vs_Greenwood__BUILD_UP_PLAY_SHOT__t1437.00-t1472.00_portrait_POST.__CINEMATIC.__CINEMATIC.__CINEMATIC\follow\stabilized.mp4"
"stabilized","873","False","False","False","17.19","11/17/2025 4:25:35 PM","C:\Users\scott\OneDrive\SoccerVideoMedia\out\autoframe_work\cinematic\021__2025-09-20__TSC_vs_Greenwood__BUILD_UP_PLAY_SHOT__t1437.00-t1472.00_portrait_POST.__CINEMATIC.__CINEMATIC\follow\stabilized.mp4"
"stabilized","873","False","False","False","21.69","11/17/2025 4:26:22 PM","C:\Users\scott\OneDrive\SoccerVideoMedia\out\autoframe_work\cinematic\021__2025-09-20__TSC_vs_Greenwood__BUILD_UP_PLAY_SHOT__t1437.00-t1472.00_portrait_POST.__CINEMATIC\follow\stabilized.mp4"
"stabilized","873","False","False","False","32.95","11/17/2025 4:27:10 PM","C:\Users\scott\OneDrive\SoccerVideoMedia\out\autoframe_work\cinematic\021__2025-09-20__TSC_vs_Greenwood__BUILD_UP_PLAY_SHOT__t1437.00-t1472.00_portrait_POST\follow\stabilized.mp4"
"stabilized","873","False","False","False","0.99","11/17/2025 4:27:40 PM","C:\Users\scott\OneDrive\SoccerVideoMedia\out\autoframe_work\cinematic\022__2025-09-20__TSC_vs_Greenwood__GOAL__t1578.00-t1586.00_portrait_POST.__CINEMATIC.__CINEMATIC.__CINEMATIC.__CINEMATIC.__CINEMATIC.__CINEMATIC\follow\stabilized.mp4"
"stabilized","873","False","False","False","1.36","11/17/2025 4:27:51 PM","C:\Users\scott\OneDrive\SoccerVideoMedia\out\autoframe_work\cinematic\022__2025-09-20__TSC_vs_Greenwood__GOAL__t1578.00-t1586.00_portrait_POST.__CINEMATIC.__CINEMATIC.__CINEMATIC.__CINEMATIC.__CINEMATIC\follow\stabilized.mp4"
"stabilized","873","False","False","False","2.74","11/17/2025 4:28:02 PM","C:\Users\scott\OneDrive\SoccerVideoMedia\out\autoframe_work\cinematic\022__2025-09-20__TSC_vs_Greenwood__GOAL__t1578.00-t1586.00_portrait_POST.__CINEMATIC.__CINEMATIC.__CINEMATIC.__CINEMATIC\follow\stabilized.mp4"
"stabilized","873","False","False","False","3.65","11/17/2025 4:28:13 PM","C:\Users\scott\OneDrive\SoccerVideoMedia\out\autoframe_work\cinematic\022__2025-09-20__TSC_vs_Greenwood__GOAL__t1578.00-t1586.00_portrait_POST.__CINEMATIC.__CINEMATIC.__CINEMATIC\follow\stabilized.mp4"
"stabilized","873","False","False","False","4.07","11/17/2025 4:28:25 PM","C:\Users\scott\OneDrive\SoccerVideoMedia\out\autoframe_work\cinematic\022__2025-09-20__TSC_vs_Greenwood__GOAL__t1578.00-t1586.00_portrait_POST.__CINEMATIC.__CINEMATIC\follow\stabilized.mp4"
"stabilized","873","False","False","False","5.33","11/17/2025 4:28:37 PM","C:\Users\scott\OneDrive\SoccerVideoMedia\out\autoframe_work\cinematic\022__2025-09-20__TSC_vs_Greenwood__GOAL__t1578.00-t1586.00_portrait_POST.__CINEMATIC\follow\stabilized.mp4"
"stabilized","873","False","False","False","7.53","11/17/2025 4:28:49 PM","C:\Users\scott\OneDrive\SoccerVideoMedia\out\autoframe_work\cinematic\022__2025-09-20__TSC_vs_Greenwood__GOAL__t1578.00-t1586.00_portrait_POST\follow\stabilized.mp4"
"stabilized","873","False","False","False","1.05","11/17/2025 4:29:03 PM","C:\Users\scott\OneDrive\SoccerVideoMedia\out\autoframe_work\cinematic\023__2025-09-20__TSC_vs_Greenwood__BUILD_UP_PLAY_SHOT__t1711.00-t1722.00_portrait_POST.__CINEMATIC.__CINEMATIC.__CINEMATIC.__CINEMATIC.__CINEMATIC.__CINEMATIC\follow\stabilized.mp4"
"stabilized","873","False","False","False","1.46","11/17/2025 4:29:17 PM","C:\Users\scott\OneDrive\SoccerVideoMedia\out\autoframe_work\cinematic\023__2025-09-20__TSC_vs_Greenwood__BUILD_UP_PLAY_SHOT__t1711.00-t1722.00_portrait_POST.__CINEMATIC.__CINEMATIC.__CINEMATIC.__CINEMATIC.__CINEMATIC\follow\stabilized.mp4"
"stabilized","873","False","False","False","3.36","11/17/2025 4:29:32 PM","C:\Users\scott\OneDrive\SoccerVideoMedia\out\autoframe_work\cinematic\023__2025-09-20__TSC_vs_Greenwood__BUILD_UP_PLAY_SHOT__t1711.00-t1722.00_portrait_POST.__CINEMATIC.__CINEMATIC.__CINEMATIC.__CINEMATIC\follow\stabilized.mp4"
"stabilized","873","False","False","False","4.93","11/17/2025 4:29:47 PM","C:\Users\scott\OneDrive\SoccerVideoMedia\out\autoframe_work\cinematic\023__2025-09-20__TSC_vs_Greenwood__BUILD_UP_PLAY_SHOT__t1711.00-t1722.00_portrait_POST.__CINEMATIC.__CINEMATIC.__CINEMATIC\follow\stabilized.mp4"
"stabilized","873","False","False","False","5.39","11/17/2025 4:30:03 PM","C:\Users\scott\OneDrive\SoccerVideoMedia\out\autoframe_work\cinematic\023__2025-09-20__TSC_vs_Greenwood__BUILD_UP_PLAY_SHOT__t1711.00-t1722.00_portrait_POST.__CINEMATIC.__CINEMATIC\follow\stabilized.mp4"
"stabilized","873","False","False","False","7.21","11/17/2025 4:30:19 PM","C:\Users\scott\OneDrive\SoccerVideoMedia\out\autoframe_work\cinematic\023__2025-09-20__TSC_vs_Greenwood__BUILD_UP_PLAY_SHOT__t1711.00-t1722.00_portrait_POST.__CINEMATIC\follow\stabilized.mp4"
"stabilized","873","False","False","False","12.29","11/17/2025 4:30:36 PM","C:\Users\scott\OneDrive\SoccerVideoMedia\out\autoframe_work\cinematic\023__2025-09-20__TSC_vs_Greenwood__BUILD_UP_PLAY_SHOT__t1711.00-t1722.00_portrait_POST\follow\stabilized.mp4"
"stabilized","873","False","False","False","1.05","11/17/2025 4:30:51 PM","C:\Users\scott\OneDrive\SoccerVideoMedia\out\autoframe_work\cinematic\024__2025-09-20__TSC_vs_Greenwood__PRESSURE_SHOT__t1871.00-t1881.00_portrait_POST.__CINEMATIC.__CINEMATIC.__CINEMATIC.__CINEMATIC.__CINEMATIC.__CINEMATIC\follow\stabilized.mp4"
"stabilized","873","False","False","False","1.46","11/17/2025 4:31:05 PM","C:\Users\scott\OneDrive\SoccerVideoMedia\out\autoframe_work\cinematic\024__2025-09-20__TSC_vs_Greenwood__PRESSURE_SHOT__t1871.00-t1881.00_portrait_POST.__CINEMATIC.__CINEMATIC.__CINEMATIC.__CINEMATIC.__CINEMATIC\follow\stabilized.mp4"
"stabilized","873","False","False","False","3.2","11/17/2025 4:31:19 PM","C:\Users\scott\OneDrive\SoccerVideoMedia\out\autoframe_work\cinematic\024__2025-09-20__TSC_vs_Greenwood__PRESSURE_SHOT__t1871.00-t1881.00_portrait_POST.__CINEMATIC.__CINEMATIC.__CINEMATIC.__CINEMATIC\follow\stabilized.mp4"
"stabilized","873","False","False","False","4.5","11/17/2025 4:31:34 PM","C:\Users\scott\OneDrive\SoccerVideoMedia\out\autoframe_work\cinematic\024__2025-09-20__TSC_vs_Greenwood__PRESSURE_SHOT__t1871.00-t1881.00_portrait_POST.__CINEMATIC.__CINEMATIC.__CINEMATIC\follow\stabilized.mp4"
"stabilized","873","False","False","False","4.94","11/17/2025 4:31:48 PM","C:\Users\scott\OneDrive\SoccerVideoMedia\out\autoframe_work\cinematic\024__2025-09-20__TSC_vs_Greenwood__PRESSURE_SHOT__t1871.00-t1881.00_portrait_POST.__CINEMATIC.__CINEMATIC\follow\stabilized.mp4"
"stabilized","873","False","False","False","6.43","11/17/2025 4:32:03 PM","C:\Users\scott\OneDrive\SoccerVideoMedia\out\autoframe_work\cinematic\024__2025-09-20__TSC_vs_Greenwood__PRESSURE_SHOT__t1871.00-t1881.00_portrait_POST.__CINEMATIC\follow\stabilized.mp4"
"stabilized","873","False","False","False","10.82","11/17/2025 4:32:21 PM","C:\Users\scott\OneDrive\SoccerVideoMedia\out\autoframe_work\cinematic\024__2025-09-20__TSC_vs_Greenwood__PRESSURE_SHOT__t1871.00-t1881.00_portrait_POST\follow\stabilized.mp4"
"stabilized","873","False","False","False","1","11/17/2025 4:38:12 PM","C:\Users\scott\OneDrive\SoccerVideoMedia\out\autoframe_work\cinematic\025__2025-09-20__TSC_vs_Greenwood__GOAL__t1885.00-t1895.00_portrait_POST.__CINEMATIC.__CINEMATIC.__CINEMATIC.__CINEMATIC.__CINEMATIC.__CINEMATIC\follow\stabilized.mp4"
"stabilized","873","False","False","False","1.37","11/17/2025 4:38:26 PM","C:\Users\scott\OneDrive\SoccerVideoMedia\out\autoframe_work\cinematic\025__2025-09-20__TSC_vs_Greenwood__GOAL__t1885.00-t1895.00_portrait_POST.__CINEMATIC.__CINEMATIC.__CINEMATIC.__CINEMATIC.__CINEMATIC\follow\stabilized.mp4"
"stabilized","873","False","False","False","2.87","11/17/2025 4:38:40 PM","C:\Users\scott\OneDrive\SoccerVideoMedia\out\autoframe_work\cinematic\025__2025-09-20__TSC_vs_Greenwood__GOAL__t1885.00-t1895.00_portrait_POST.__CINEMATIC.__CINEMATIC.__CINEMATIC.__CINEMATIC\follow\stabilized.mp4"
"stabilized","873","False","False","False","4.63","11/17/2025 4:38:54 PM","C:\Users\scott\OneDrive\SoccerVideoMedia\out\autoframe_work\cinematic\025__2025-09-20__TSC_vs_Greenwood__GOAL__t1885.00-t1895.00_portrait_POST.__CINEMATIC.__CINEMATIC.__CINEMATIC\follow\stabilized.mp4"
"stabilized","873","False","False","False","5.35","11/17/2025 4:39:12 PM","C:\Users\scott\OneDrive\SoccerVideoMedia\out\autoframe_work\cinematic\025__2025-09-20__TSC_vs_Greenwood__GOAL__t1885.00-t1895.00_portrait_POST.__CINEMATIC.__CINEMATIC\follow\stabilized.mp4"
"stabilized","873","False","False","False","7.3","11/17/2025 4:39:26 PM","C:\Users\scott\OneDrive\SoccerVideoMedia\out\autoframe_work\cinematic\025__2025-09-20__TSC_vs_Greenwood__GOAL__t1885.00-t1895.00_portrait_POST.__CINEMATIC\follow\stabilized.mp4"
"stabilized","873","False","False","False","11.96","11/17/2025 4:39:42 PM","C:\Users\scott\OneDrive\SoccerVideoMedia\out\autoframe_work\cinematic\025__2025-09-20__TSC_vs_Greenwood__GOAL__t1885.00-t1895.00_portrait_POST\follow\stabilized.mp4"
"stabilized","873","False","False","False","0.91","11/17/2025 4:39:57 PM","C:\Users\scott\OneDrive\SoccerVideoMedia\out\autoframe_work\cinematic\026__2025-09-20__TSC_vs_Greenwood__PRESSURE_SHOT__t1951.00-t1962.00_portrait_POST.__CINEMATIC.__CINEMATIC.__CINEMATIC.__CINEMATIC.__CINEMATIC.__CINEMATIC\follow\stabilized.mp4"
"stabilized","873","False","False","False","1.29","11/17/2025 4:40:11 PM","C:\Users\scott\OneDrive\SoccerVideoMedia\out\autoframe_work\cinematic\026__2025-09-20__TSC_vs_Greenwood__PRESSURE_SHOT__t1951.00-t1962.00_portrait_POST.__CINEMATIC.__CINEMATIC.__CINEMATIC.__CINEMATIC.__CINEMATIC\follow\stabilized.mp4"
"stabilized","873","False","False","False","3.06","11/17/2025 4:40:26 PM","C:\Users\scott\OneDrive\SoccerVideoMedia\out\autoframe_work\cinematic\026__2025-09-20__TSC_vs_Greenwood__PRESSURE_SHOT__t1951.00-t1962.00_portrait_POST.__CINEMATIC.__CINEMATIC.__CINEMATIC.__CINEMATIC\follow\stabilized.mp4"
"stabilized","873","False","False","False","4.98","11/17/2025 4:40:41 PM","C:\Users\scott\OneDrive\SoccerVideoMedia\out\autoframe_work\cinematic\026__2025-09-20__TSC_vs_Greenwood__PRESSURE_SHOT__t1951.00-t1962.00_portrait_POST.__CINEMATIC.__CINEMATIC.__CINEMATIC\follow\stabilized.mp4"
"stabilized","873","False","False","False","5.91","11/17/2025 4:40:57 PM","C:\Users\scott\OneDrive\SoccerVideoMedia\out\autoframe_work\cinematic\026__2025-09-20__TSC_vs_Greenwood__PRESSURE_SHOT__t1951.00-t1962.00_portrait_POST.__CINEMATIC.__CINEMATIC\follow\stabilized.mp4"
"stabilized","873","False","False","False","7.17","11/17/2025 4:41:13 PM","C:\Users\scott\OneDrive\SoccerVideoMedia\out\autoframe_work\cinematic\026__2025-09-20__TSC_vs_Greenwood__PRESSURE_SHOT__t1951.00-t1962.00_portrait_POST.__CINEMATIC\follow\stabilized.mp4"
"stabilized","873","False","False","False","10.44","11/17/2025 4:41:30 PM","C:\Users\scott\OneDrive\SoccerVideoMedia\out\autoframe_work\cinematic\026__2025-09-20__TSC_vs_Greenwood__PRESSURE_SHOT__t1951.00-t1962.00_portrait_POST\follow\stabilized.mp4"
"stabilized","873","False","False","False","1.39","11/17/2025 4:41:50 PM","C:\Users\scott\OneDrive\SoccerVideoMedia\out\autoframe_work\cinematic\027__2025-09-20__TSC_vs_Greenwood__BUILD_UP_PLAY_SHOT__t2040.00-t2058.00_portrait_POST.__CINEMATIC.__CINEMATIC.__CINEMATIC.__CINEMATIC.__CINEMATIC.__CINEMATIC\follow\stabilized.mp4"
"stabilized","873","False","False","False","2.03","11/17/2025 4:42:14 PM","C:\Users\scott\OneDrive\SoccerVideoMedia\out\autoframe_work\cinematic\027__2025-09-20__TSC_vs_Greenwood__BUILD_UP_PLAY_SHOT__t2040.00-t2058.00_portrait_POST.__CINEMATIC.__CINEMATIC.__CINEMATIC.__CINEMATIC.__CINEMATIC\follow\stabilized.mp4"
"stabilized","873","False","False","False","4.89","11/17/2025 4:42:38 PM","C:\Users\scott\OneDrive\SoccerVideoMedia\out\autoframe_work\cinematic\027__2025-09-20__TSC_vs_Greenwood__BUILD_UP_PLAY_SHOT__t2040.00-t2058.00_portrait_POST.__CINEMATIC.__CINEMATIC.__CINEMATIC.__CINEMATIC\follow\stabilized.mp4"
"stabilized","873","False","False","False","7.91","11/17/2025 4:43:05 PM","C:\Users\scott\OneDrive\SoccerVideoMedia\out\autoframe_work\cinematic\027__2025-09-20__TSC_vs_Greenwood__BUILD_UP_PLAY_SHOT__t2040.00-t2058.00_portrait_POST.__CINEMATIC.__CINEMATIC.__CINEMATIC\follow\stabilized.mp4"
"stabilized","873","False","False","False","9.22","11/17/2025 4:43:34 PM","C:\Users\scott\OneDrive\SoccerVideoMedia\out\autoframe_work\cinematic\027__2025-09-20__TSC_vs_Greenwood__BUILD_UP_PLAY_SHOT__t2040.00-t2058.00_portrait_POST.__CINEMATIC.__CINEMATIC\follow\stabilized.mp4"
"stabilized","873","False","False","False","12.11","11/17/2025 4:44:02 PM","C:\Users\scott\OneDrive\SoccerVideoMedia\out\autoframe_work\cinematic\027__2025-09-20__TSC_vs_Greenwood__BUILD_UP_PLAY_SHOT__t2040.00-t2058.00_portrait_POST.__CINEMATIC\follow\stabilized.mp4"
"stabilized","873","False","False","False","19.02","11/17/2025 4:44:30 PM","C:\Users\scott\OneDrive\SoccerVideoMedia\out\autoframe_work\cinematic\027__2025-09-20__TSC_vs_Greenwood__BUILD_UP_PLAY_SHOT__t2040.00-t2058.00_portrait_POST\follow\stabilized.mp4"
"stabilized","873","False","False","False","3.42","11/17/2025 4:45:23 PM","C:\Users\scott\OneDrive\SoccerVideoMedia\out\autoframe_work\cinematic\027__2025-09-20__TSC_vs_Greenwood__BUILD_UP_PLAY_SHOT__t2937600.00-t3002400.00.__CINEMATIC.__CINEMATIC.__CINEMATIC.__CINEMATIC.__CINEMATIC.__CINEMATIC\follow\stabilized.mp4"
"stabilized","873","False","False","False","0.98","11/17/2025 4:54:41 PM","C:\Users\scott\OneDrive\SoccerVideoMedia\out\autoframe_work\cinematic\028__2025-09-20__TSC_vs_Greenwood__BUILD_UP_PLAY_SHOT__t2092.00-t2105.00_portrait_POST.__CINEMATIC.__CINEMATIC.__CINEMATIC.__CINEMATIC.__CINEMATIC.__CINEMATIC\follow\stabilized.mp4"
"stabilized","873","False","False","False","1.34","11/17/2025 4:54:59 PM","C:\Users\scott\OneDrive\SoccerVideoMedia\out\autoframe_work\cinematic\028__2025-09-20__TSC_vs_Greenwood__BUILD_UP_PLAY_SHOT__t2092.00-t2105.00_portrait_POST.__CINEMATIC.__CINEMATIC.__CINEMATIC.__CINEMATIC.__CINEMATIC\follow\stabilized.mp4"
"stabilized","873","False","False","False","2.94","11/17/2025 4:55:17 PM","C:\Users\scott\OneDrive\SoccerVideoMedia\out\autoframe_work\cinematic\028__2025-09-20__TSC_vs_Greenwood__BUILD_UP_PLAY_SHOT__t2092.00-t2105.00_portrait_POST.__CINEMATIC.__CINEMATIC.__CINEMATIC.__CINEMATIC\follow\stabilized.mp4"
"stabilized","873","False","False","False","5.07","11/17/2025 4:55:36 PM","C:\Users\scott\OneDrive\SoccerVideoMedia\out\autoframe_work\cinematic\028__2025-09-20__TSC_vs_Greenwood__BUILD_UP_PLAY_SHOT__t2092.00-t2105.00_portrait_POST.__CINEMATIC.__CINEMATIC.__CINEMATIC\follow\stabilized.mp4"
"stabilized","873","False","False","False","6.22","11/17/2025 4:55:54 PM","C:\Users\scott\OneDrive\SoccerVideoMedia\out\autoframe_work\cinematic\028__2025-09-20__TSC_vs_Greenwood__BUILD_UP_PLAY_SHOT__t2092.00-t2105.00_portrait_POST.__CINEMATIC.__CINEMATIC\follow\stabilized.mp4"
"stabilized","873","False","False","False","8.28","11/17/2025 4:56:14 PM","C:\Users\scott\OneDrive\SoccerVideoMedia\out\autoframe_work\cinematic\028__2025-09-20__TSC_vs_Greenwood__BUILD_UP_PLAY_SHOT__t2092.00-t2105.00_portrait_POST.__CINEMATIC\follow\stabilized.mp4"
"stabilized","873","False","False","False","12.88","11/17/2025 4:56:34 PM","C:\Users\scott\OneDrive\SoccerVideoMedia\out\autoframe_work\cinematic\028__2025-09-20__TSC_vs_Greenwood__BUILD_UP_PLAY_SHOT__t2092.00-t2105.00_portrait_POST\follow\stabilized.mp4"
"stabilized","873","False","False","False","1.32","11/17/2025 4:56:59 PM","C:\Users\scott\OneDrive\SoccerVideoMedia\out\autoframe_work\cinematic\029__2025-09-20__TSC_vs_Greenwood__BUILD_UP_PLAY_SHOT__t2134.00-t2152.00_portrait_POST.__CINEMATIC.__CINEMATIC.__CINEMATIC.__CINEMATIC.__CINEMATIC.__CINEMATIC\follow\stabilized.mp4"
"stabilized","873","False","False","False","1.9","11/17/2025 4:57:27 PM","C:\Users\scott\OneDrive\SoccerVideoMedia\out\autoframe_work\cinematic\029__2025-09-20__TSC_vs_Greenwood__BUILD_UP_PLAY_SHOT__t2134.00-t2152.00_portrait_POST.__CINEMATIC.__CINEMATIC.__CINEMATIC.__CINEMATIC.__CINEMATIC\follow\stabilized.mp4"
"stabilized","873","False","False","False","4.57","11/17/2025 4:57:53 PM","C:\Users\scott\OneDrive\SoccerVideoMedia\out\autoframe_work\cinematic\029__2025-09-20__TSC_vs_Greenwood__BUILD_UP_PLAY_SHOT__t2134.00-t2152.00_portrait_POST.__CINEMATIC.__CINEMATIC.__CINEMATIC.__CINEMATIC\follow\stabilized.mp4"
"stabilized","873","False","False","False","7.73","11/17/2025 4:58:19 PM","C:\Users\scott\OneDrive\SoccerVideoMedia\out\autoframe_work\cinematic\029__2025-09-20__TSC_vs_Greenwood__BUILD_UP_PLAY_SHOT__t2134.00-t2152.00_portrait_POST.__CINEMATIC.__CINEMATIC.__CINEMATIC\follow\stabilized.mp4"
"stabilized","873","False","False","False","9.24","11/17/2025 4:58:45 PM","C:\Users\scott\OneDrive\SoccerVideoMedia\out\autoframe_work\cinematic\029__2025-09-20__TSC_vs_Greenwood__BUILD_UP_PLAY_SHOT__t2134.00-t2152.00_portrait_POST.__CINEMATIC.__CINEMATIC\follow\stabilized.mp4"
"stabilized","873","False","False","False","12.07","11/17/2025 4:59:13 PM","C:\Users\scott\OneDrive\SoccerVideoMedia\out\autoframe_work\cinematic\029__2025-09-20__TSC_vs_Greenwood__BUILD_UP_PLAY_SHOT__t2134.00-t2152.00_portrait_POST.__CINEMATIC\follow\stabilized.mp4"
"stabilized","873","False","False","False","19.35","11/17/2025 4:59:41 PM","C:\Users\scott\OneDrive\SoccerVideoMedia\out\autoframe_work\cinematic\029__2025-09-20__TSC_vs_Greenwood__BUILD_UP_PLAY_SHOT__t2134.00-t2152.00_portrait_POST\follow\stabilized.mp4"
"stabilized","873","False","False","False","2.66","11/17/2025 5:00:20 PM","C:\Users\scott\OneDrive\SoccerVideoMedia\out\autoframe_work\cinematic\030__2025-09-20__TSC_vs_Greenwood__FREE_KICK_WON_GOAL__t2175.00-t2211.00_portrait_POST.__CINEMATIC.__CINEMATIC.__CINEMATIC.__CINEMATIC.__CINEMATIC.__CINEMATIC\follow\stabilized.mp4"
"stabilized","873","False","False","False","4.2","11/17/2025 5:01:06 PM","C:\Users\scott\OneDrive\SoccerVideoMedia\out\autoframe_work\cinematic\030__2025-09-20__TSC_vs_Greenwood__FREE_KICK_WON_GOAL__t2175.00-t2211.00_portrait_POST.__CINEMATIC.__CINEMATIC.__CINEMATIC.__CINEMATIC.__CINEMATIC\follow\stabilized.mp4"
"stabilized","873","False","False","False","10.41","11/17/2025 5:01:56 PM","C:\Users\scott\OneDrive\SoccerVideoMedia\out\autoframe_work\cinematic\030__2025-09-20__TSC_vs_Greenwood__FREE_KICK_WON_GOAL__t2175.00-t2211.00_portrait_POST.__CINEMATIC.__CINEMATIC.__CINEMATIC.__CINEMATIC\follow\stabilized.mp4"
"stabilized","873","False","False","False","15.54","11/17/2025 5:02:48 PM","C:\Users\scott\OneDrive\SoccerVideoMedia\out\autoframe_work\cinematic\030__2025-09-20__TSC_vs_Greenwood__FREE_KICK_WON_GOAL__t2175.00-t2211.00_portrait_POST.__CINEMATIC.__CINEMATIC.__CINEMATIC\follow\stabilized.mp4"
"stabilized","873","False","False","False","17.64","11/17/2025 5:03:37 PM","C:\Users\scott\OneDrive\SoccerVideoMedia\out\autoframe_work\cinematic\030__2025-09-20__TSC_vs_Greenwood__FREE_KICK_WON_GOAL__t2175.00-t2211.00_portrait_POST.__CINEMATIC.__CINEMATIC\follow\stabilized.mp4"
"stabilized","873","False","False","False","23.02","11/17/2025 5:04:26 PM","C:\Users\scott\OneDrive\SoccerVideoMedia\out\autoframe_work\cinematic\030__2025-09-20__TSC_vs_Greenwood__FREE_KICK_WON_GOAL__t2175.00-t2211.00_portrait_POST.__CINEMATIC\follow\stabilized.mp4"
"stabilized","873","False","False","False","38.32","11/17/2025 5:05:19 PM","C:\Users\scott\OneDrive\SoccerVideoMedia\out\autoframe_work\cinematic\030__2025-09-20__TSC_vs_Greenwood__FREE_KICK_WON_GOAL__t2175.00-t2211.00_portrait_POST\follow\stabilized.mp4"
"stabilized","873","False","False","False","1.43","11/17/2025 5:06:00 PM","C:\Users\scott\OneDrive\SoccerVideoMedia\out\autoframe_work\cinematic\031__2025-09-20__TSC_vs_Greenwood__BUILD_UP_PLAY_SHOT__t2245.00-t2266.00_portrait_POST.__CINEMATIC.__CINEMATIC.__CINEMATIC.__CINEMATIC.__CINEMATIC.__CINEMATIC\follow\stabilized.mp4"
"stabilized","873","False","False","False","1.95","11/17/2025 5:06:27 PM","C:\Users\scott\OneDrive\SoccerVideoMedia\out\autoframe_work\cinematic\031__2025-09-20__TSC_vs_Greenwood__BUILD_UP_PLAY_SHOT__t2245.00-t2266.00_portrait_POST.__CINEMATIC.__CINEMATIC.__CINEMATIC.__CINEMATIC.__CINEMATIC\follow\stabilized.mp4"
"stabilized","873","False","False","False","4.5","11/17/2025 5:06:55 PM","C:\Users\scott\OneDrive\SoccerVideoMedia\out\autoframe_work\cinematic\031__2025-09-20__TSC_vs_Greenwood__BUILD_UP_PLAY_SHOT__t2245.00-t2266.00_portrait_POST.__CINEMATIC.__CINEMATIC.__CINEMATIC.__CINEMATIC\follow\stabilized.mp4"
"stabilized","873","False","False","False","8.27","11/17/2025 5:07:24 PM","C:\Users\scott\OneDrive\SoccerVideoMedia\out\autoframe_work\cinematic\031__2025-09-20__TSC_vs_Greenwood__BUILD_UP_PLAY_SHOT__t2245.00-t2266.00_portrait_POST.__CINEMATIC.__CINEMATIC.__CINEMATIC\follow\stabilized.mp4"
"stabilized","873","False","False","False","10.28","11/17/2025 5:07:53 PM","C:\Users\scott\OneDrive\SoccerVideoMedia\out\autoframe_work\cinematic\031__2025-09-20__TSC_vs_Greenwood__BUILD_UP_PLAY_SHOT__t2245.00-t2266.00_portrait_POST.__CINEMATIC.__CINEMATIC\follow\stabilized.mp4"
"stabilized","873","False","False","False","13.79","11/17/2025 5:08:23 PM","C:\Users\scott\OneDrive\SoccerVideoMedia\out\autoframe_work\cinematic\031__2025-09-20__TSC_vs_Greenwood__BUILD_UP_PLAY_SHOT__t2245.00-t2266.00_portrait_POST.__CINEMATIC\follow\stabilized.mp4"
"stabilized","873","False","False","False","19.9","11/17/2025 5:08:52 PM","C:\Users\scott\OneDrive\SoccerVideoMedia\out\autoframe_work\cinematic\031__2025-09-20__TSC_vs_Greenwood__BUILD_UP_PLAY_SHOT__t2245.00-t2266.00_portrait_POST\follow\stabilized.mp4"
"stabilized","873","False","False","False","1.43","11/17/2025 5:09:18 PM","C:\Users\scott\OneDrive\SoccerVideoMedia\out\autoframe_work\cinematic\032__2025-09-20__TSC_vs_Greenwood__BUILD_UP_PLAY_SHOT__t2544.00-t2561.00_portrait_POST.__CINEMATIC.__CINEMATIC.__CINEMATIC.__CINEMATIC.__CINEMATIC.__CINEMATIC\follow\stabilized.mp4"
"stabilized","873","False","False","False","2.12","11/17/2025 5:09:40 PM","C:\Users\scott\OneDrive\SoccerVideoMedia\out\autoframe_work\cinematic\032__2025-09-20__TSC_vs_Greenwood__BUILD_UP_PLAY_SHOT__t2544.00-t2561.00_portrait_POST.__CINEMATIC.__CINEMATIC.__CINEMATIC.__CINEMATIC.__CINEMATIC\follow\stabilized.mp4"
"stabilized","873","False","False","False","4.87","11/17/2025 5:10:04 PM","C:\Users\scott\OneDrive\SoccerVideoMedia\out\autoframe_work\cinematic\032__2025-09-20__TSC_vs_Greenwood__BUILD_UP_PLAY_SHOT__t2544.00-t2561.00_portrait_POST.__CINEMATIC.__CINEMATIC.__CINEMATIC.__CINEMATIC\follow\stabilized.mp4"
"stabilized","873","False","False","False","7.65","11/17/2025 5:10:29 PM","C:\Users\scott\OneDrive\SoccerVideoMedia\out\autoframe_work\cinematic\032__2025-09-20__TSC_vs_Greenwood__BUILD_UP_PLAY_SHOT__t2544.00-t2561.00_portrait_POST.__CINEMATIC.__CINEMATIC.__CINEMATIC\follow\stabilized.mp4"
"stabilized","873","False","False","False","8.53","11/17/2025 5:10:56 PM","C:\Users\scott\OneDrive\SoccerVideoMedia\out\autoframe_work\cinematic\032__2025-09-20__TSC_vs_Greenwood__BUILD_UP_PLAY_SHOT__t2544.00-t2561.00_portrait_POST.__CINEMATIC.__CINEMATIC\follow\stabilized.mp4"
"stabilized","873","False","False","False","11.25","11/17/2025 5:11:26 PM","C:\Users\scott\OneDrive\SoccerVideoMedia\out\autoframe_work\cinematic\032__2025-09-20__TSC_vs_Greenwood__BUILD_UP_PLAY_SHOT__t2544.00-t2561.00_portrait_POST.__CINEMATIC\follow\stabilized.mp4"
"stabilized","873","False","False","False","18.96","11/17/2025 5:11:56 PM","C:\Users\scott\OneDrive\SoccerVideoMedia\out\autoframe_work\cinematic\032__2025-09-20__TSC_vs_Greenwood__BUILD_UP_PLAY_SHOT__t2544.00-t2561.00_portrait_POST\follow\stabilized.mp4"
"stabilized","873","False","False","False","1.41","11/17/2025 5:12:25 PM","C:\Users\scott\OneDrive\SoccerVideoMedia\out\autoframe_work\cinematic\033__2025-09-20__TSC_vs_Greenwood__GOAL__t2562.00-t2582.00_portrait_POST.__CINEMATIC.__CINEMATIC.__CINEMATIC.__CINEMATIC.__CINEMATIC.__CINEMATIC\follow\stabilized.mp4"
"stabilized","873","False","False","False","1.97","11/17/2025 5:12:53 PM","C:\Users\scott\OneDrive\SoccerVideoMedia\out\autoframe_work\cinematic\033__2025-09-20__TSC_vs_Greenwood__GOAL__t2562.00-t2582.00_portrait_POST.__CINEMATIC.__CINEMATIC.__CINEMATIC.__CINEMATIC.__CINEMATIC\follow\stabilized.mp4"
"stabilized","873","False","False","False","4.57","11/17/2025 5:13:21 PM","C:\Users\scott\OneDrive\SoccerVideoMedia\out\autoframe_work\cinematic\033__2025-09-20__TSC_vs_Greenwood__GOAL__t2562.00-t2582.00_portrait_POST.__CINEMATIC.__CINEMATIC.__CINEMATIC.__CINEMATIC\follow\stabilized.mp4"
"stabilized","873","False","False","False","8.11","11/17/2025 5:13:50 PM","C:\Users\scott\OneDrive\SoccerVideoMedia\out\autoframe_work\cinematic\033__2025-09-20__TSC_vs_Greenwood__GOAL__t2562.00-t2582.00_portrait_POST.__CINEMATIC.__CINEMATIC.__CINEMATIC\follow\stabilized.mp4"
"stabilized","873","False","False","False","9.73","11/17/2025 5:14:19 PM","C:\Users\scott\OneDrive\SoccerVideoMedia\out\autoframe_work\cinematic\033__2025-09-20__TSC_vs_Greenwood__GOAL__t2562.00-t2582.00_portrait_POST.__CINEMATIC.__CINEMATIC\follow\stabilized.mp4"
"stabilized","873","False","False","False","12.91","11/17/2025 5:14:47 PM","C:\Users\scott\OneDrive\SoccerVideoMedia\out\autoframe_work\cinematic\033__2025-09-20__TSC_vs_Greenwood__GOAL__t2562.00-t2582.00_portrait_POST.__CINEMATIC\follow\stabilized.mp4"
"stabilized","873","False","False","False","20.04","11/17/2025 5:15:18 PM","C:\Users\scott\OneDrive\SoccerVideoMedia\out\autoframe_work\cinematic\033__2025-09-20__TSC_vs_Greenwood__GOAL__t2562.00-t2582.00_portrait_POST\follow\stabilized.mp4"
"stabilized","873","False","False","False","1.42","11/17/2025 5:15:44 PM","C:\Users\scott\OneDrive\SoccerVideoMedia\out\autoframe_work\cinematic\034__2025-09-20__TSC_vs_Greenwood__PRESSURE_SHOT__t2646.00-t2665.00_portrait_POST.__CINEMATIC.__CINEMATIC.__CINEMATIC.__CINEMATIC.__CINEMATIC.__CINEMATIC\follow\stabilized.mp4"
"stabilized","873","False","False","False","2.06","11/17/2025 5:16:08 PM","C:\Users\scott\OneDrive\SoccerVideoMedia\out\autoframe_work\cinematic\034__2025-09-20__TSC_vs_Greenwood__PRESSURE_SHOT__t2646.00-t2665.00_portrait_POST.__CINEMATIC.__CINEMATIC.__CINEMATIC.__CINEMATIC.__CINEMATIC\follow\stabilized.mp4"
"stabilized","873","False","False","False","5.26","11/17/2025 5:16:32 PM","C:\Users\scott\OneDrive\SoccerVideoMedia\out\autoframe_work\cinematic\034__2025-09-20__TSC_vs_Greenwood__PRESSURE_SHOT__t2646.00-t2665.00_portrait_POST.__CINEMATIC.__CINEMATIC.__CINEMATIC.__CINEMATIC\follow\stabilized.mp4"
"stabilized","873","False","False","False","7.91","11/17/2025 5:16:56 PM","C:\Users\scott\OneDrive\SoccerVideoMedia\out\autoframe_work\cinematic\034__2025-09-20__TSC_vs_Greenwood__PRESSURE_SHOT__t2646.00-t2665.00_portrait_POST.__CINEMATIC.__CINEMATIC.__CINEMATIC\follow\stabilized.mp4"
"stabilized","873","False","False","False","8.79","11/17/2025 5:17:24 PM","C:\Users\scott\OneDrive\SoccerVideoMedia\out\autoframe_work\cinematic\034__2025-09-20__TSC_vs_Greenwood__PRESSURE_SHOT__t2646.00-t2665.00_portrait_POST.__CINEMATIC.__CINEMATIC\follow\stabilized.mp4"
"stabilized","873","False","False","False","11.78","11/17/2025 5:17:52 PM","C:\Users\scott\OneDrive\SoccerVideoMedia\out\autoframe_work\cinematic\034__2025-09-20__TSC_vs_Greenwood__PRESSURE_SHOT__t2646.00-t2665.00_portrait_POST.__CINEMATIC\follow\stabilized.mp4"
"stabilized","873","False","False","False","20.07","11/17/2025 5:18:23 PM","C:\Users\scott\OneDrive\SoccerVideoMedia\out\autoframe_work\cinematic\034__2025-09-20__TSC_vs_Greenwood__PRESSURE_SHOT__t2646.00-t2665.00_portrait_POST\follow\stabilized.mp4"
"stabilized","873","False","False","False","1.12","11/17/2025 5:18:49 PM","C:\Users\scott\OneDrive\SoccerVideoMedia\out\autoframe_work\cinematic\035__2025-09-20__TSC_vs_Greenwood__CORNER__t2687.00-t2701.00_portrait_POST.__CINEMATIC.__CINEMATIC.__CINEMATIC.__CINEMATIC.__CINEMATIC.__CINEMATIC\follow\stabilized.mp4"
"stabilized","873","False","False","False","1.58","11/17/2025 5:19:10 PM","C:\Users\scott\OneDrive\SoccerVideoMedia\out\autoframe_work\cinematic\035__2025-09-20__TSC_vs_Greenwood__CORNER__t2687.00-t2701.00_portrait_POST.__CINEMATIC.__CINEMATIC.__CINEMATIC.__CINEMATIC.__CINEMATIC\follow\stabilized.mp4"
"stabilized","873","False","False","False","3.81","11/17/2025 5:19:31 PM","C:\Users\scott\OneDrive\SoccerVideoMedia\out\autoframe_work\cinematic\035__2025-09-20__TSC_vs_Greenwood__CORNER__t2687.00-t2701.00_portrait_POST.__CINEMATIC.__CINEMATIC.__CINEMATIC.__CINEMATIC\follow\stabilized.mp4"
"stabilized","873","False","False","False","5.98","11/17/2025 5:19:53 PM","C:\Users\scott\OneDrive\SoccerVideoMedia\out\autoframe_work\cinematic\035__2025-09-20__TSC_vs_Greenwood__CORNER__t2687.00-t2701.00_portrait_POST.__CINEMATIC.__CINEMATIC.__CINEMATIC\follow\stabilized.mp4"
"stabilized","873","False","False","False","6.72","11/17/2025 5:20:16 PM","C:\Users\scott\OneDrive\SoccerVideoMedia\out\autoframe_work\cinematic\035__2025-09-20__TSC_vs_Greenwood__CORNER__t2687.00-t2701.00_portrait_POST.__CINEMATIC.__CINEMATIC\follow\stabilized.mp4"
"stabilized","873","False","False","False","8.99","11/17/2025 5:20:38 PM","C:\Users\scott\OneDrive\SoccerVideoMedia\out\autoframe_work\cinematic\035__2025-09-20__TSC_vs_Greenwood__CORNER__t2687.00-t2701.00_portrait_POST.__CINEMATIC\follow\stabilized.mp4"
"stabilized","873","False","False","False","14.88","11/17/2025 5:21:03 PM","C:\Users\scott\OneDrive\SoccerVideoMedia\out\autoframe_work\cinematic\035__2025-09-20__TSC_vs_Greenwood__CORNER__t2687.00-t2701.00_portrait_POST\follow\stabilized.mp4"
"stabilized","873","False","False","False","0.98","11/17/2025 5:21:23 PM","C:\Users\scott\OneDrive\SoccerVideoMedia\out\autoframe_work\cinematic\036__2025-09-20__TSC_vs_Greenwood__PRESSURE_SHOT__t2705.00-t2715.00_portrait_POST.__CINEMATIC.__CINEMATIC.__CINEMATIC.__CINEMATIC.__CINEMATIC.__CINEMATIC\follow\stabilized.mp4"
"stabilized","873","False","False","False","1.35","11/17/2025 5:21:40 PM","C:\Users\scott\OneDrive\SoccerVideoMedia\out\autoframe_work\cinematic\036__2025-09-20__TSC_vs_Greenwood__PRESSURE_SHOT__t2705.00-t2715.00_portrait_POST.__CINEMATIC.__CINEMATIC.__CINEMATIC.__CINEMATIC.__CINEMATIC\follow\stabilized.mp4"
"stabilized","873","False","False","False","2.9","11/17/2025 5:21:55 PM","C:\Users\scott\OneDrive\SoccerVideoMedia\out\autoframe_work\cinematic\036__2025-09-20__TSC_vs_Greenwood__PRESSURE_SHOT__t2705.00-t2715.00_portrait_POST.__CINEMATIC.__CINEMATIC.__CINEMATIC.__CINEMATIC\follow\stabilized.mp4"
"stabilized","873","False","False","False","4.63","11/17/2025 5:22:11 PM","C:\Users\scott\OneDrive\SoccerVideoMedia\out\autoframe_work\cinematic\036__2025-09-20__TSC_vs_Greenwood__PRESSURE_SHOT__t2705.00-t2715.00_portrait_POST.__CINEMATIC.__CINEMATIC.__CINEMATIC\follow\stabilized.mp4"
"stabilized","873","False","False","False","5.49","11/17/2025 5:22:28 PM","C:\Users\scott\OneDrive\SoccerVideoMedia\out\autoframe_work\cinematic\036__2025-09-20__TSC_vs_Greenwood__PRESSURE_SHOT__t2705.00-t2715.00_portrait_POST.__CINEMATIC.__CINEMATIC\follow\stabilized.mp4"
"stabilized","873","False","False","False","7.13","11/17/2025 5:22:44 PM","C:\Users\scott\OneDrive\SoccerVideoMedia\out\autoframe_work\cinematic\036__2025-09-20__TSC_vs_Greenwood__PRESSURE_SHOT__t2705.00-t2715.00_portrait_POST.__CINEMATIC\follow\stabilized.mp4"
"stabilized","873","False","False","False","10.89","11/17/2025 5:23:00 PM","C:\Users\scott\OneDrive\SoccerVideoMedia\out\autoframe_work\cinematic\036__2025-09-20__TSC_vs_Greenwood__PRESSURE_SHOT__t2705.00-t2715.00_portrait_POST\follow\stabilized.mp4"
"stabilized","873","False","False","False","1.57","11/17/2025 5:23:24 PM","C:\Users\scott\OneDrive\SoccerVideoMedia\out\autoframe_work\cinematic\037__2025-09-20__TSC_vs_Greenwood__PRESSURE_GOAL__t2729.00-t2749.00_portrait_POST.__CINEMATIC.__CINEMATIC.__CINEMATIC.__CINEMATIC.__CINEMATIC.__CINEMATIC\follow\stabilized.mp4"
"stabilized","873","False","False","False","2.36","11/17/2025 5:23:52 PM","C:\Users\scott\OneDrive\SoccerVideoMedia\out\autoframe_work\cinematic\037__2025-09-20__TSC_vs_Greenwood__PRESSURE_GOAL__t2729.00-t2749.00_portrait_POST.__CINEMATIC.__CINEMATIC.__CINEMATIC.__CINEMATIC.__CINEMATIC\follow\stabilized.mp4"
"stabilized","873","False","False","False","5.82","11/17/2025 5:24:22 PM","C:\Users\scott\OneDrive\SoccerVideoMedia\out\autoframe_work\cinematic\037__2025-09-20__TSC_vs_Greenwood__PRESSURE_GOAL__t2729.00-t2749.00_portrait_POST.__CINEMATIC.__CINEMATIC.__CINEMATIC.__CINEMATIC\follow\stabilized.mp4"
"stabilized","873","False","False","False","8.13","11/17/2025 5:24:55 PM","C:\Users\scott\OneDrive\SoccerVideoMedia\out\autoframe_work\cinematic\037__2025-09-20__TSC_vs_Greenwood__PRESSURE_GOAL__t2729.00-t2749.00_portrait_POST.__CINEMATIC.__CINEMATIC.__CINEMATIC\follow\stabilized.mp4"
"stabilized","873","False","False","False","9.32","11/17/2025 5:25:34 PM","C:\Users\scott\OneDrive\SoccerVideoMedia\out\autoframe_work\cinematic\037__2025-09-20__TSC_vs_Greenwood__PRESSURE_GOAL__t2729.00-t2749.00_portrait_POST.__CINEMATIC.__CINEMATIC\follow\stabilized.mp4"
"stabilized","873","False","False","False","13.28","11/17/2025 5:26:05 PM","C:\Users\scott\OneDrive\SoccerVideoMedia\out\autoframe_work\cinematic\037__2025-09-20__TSC_vs_Greenwood__PRESSURE_GOAL__t2729.00-t2749.00_portrait_POST.__CINEMATIC\follow\stabilized.mp4"
"stabilized","873","False","False","False","22.02","11/17/2025 5:26:36 PM","C:\Users\scott\OneDrive\SoccerVideoMedia\out\autoframe_work\cinematic\037__2025-09-20__TSC_vs_Greenwood__PRESSURE_GOAL__t2729.00-t2749.00_portrait_POST\follow\stabilized.mp4"
"stabilized","873","False","False","False","3.28","11/17/2025 5:27:35 PM","C:\Users\scott\OneDrive\SoccerVideoMedia\out\autoframe_work\cinematic\038__2025-09-20__TSC_vs_Greenwood__PRESSURE_SHOT__t2770.00-t2827.00_portrait_POST.__CINEMATIC.__CINEMATIC.__CINEMATIC.__CINEMATIC.__CINEMATIC.__CINEMATIC\follow\stabilized.mp4"
"stabilized","873","False","False","False","5.31","11/17/2025 5:28:53 PM","C:\Users\scott\OneDrive\SoccerVideoMedia\out\autoframe_work\cinematic\038__2025-09-20__TSC_vs_Greenwood__PRESSURE_SHOT__t2770.00-t2827.00_portrait_POST.__CINEMATIC.__CINEMATIC.__CINEMATIC.__CINEMATIC.__CINEMATIC\follow\stabilized.mp4"
"stabilized","873","False","False","False","14.61","11/17/2025 5:30:07 PM","C:\Users\scott\OneDrive\SoccerVideoMedia\out\autoframe_work\cinematic\038__2025-09-20__TSC_vs_Greenwood__PRESSURE_SHOT__t2770.00-t2827.00_portrait_POST.__CINEMATIC.__CINEMATIC.__CINEMATIC.__CINEMATIC\follow\stabilized.mp4"
"stabilized","873","False","False","False","21.88","11/17/2025 5:31:19 PM","C:\Users\scott\OneDrive\SoccerVideoMedia\out\autoframe_work\cinematic\038__2025-09-20__TSC_vs_Greenwood__PRESSURE_SHOT__t2770.00-t2827.00_portrait_POST.__CINEMATIC.__CINEMATIC.__CINEMATIC\follow\stabilized.mp4"
"stabilized","873","False","False","False","25.46","11/17/2025 5:32:36 PM","C:\Users\scott\OneDrive\SoccerVideoMedia\out\autoframe_work\cinematic\038__2025-09-20__TSC_vs_Greenwood__PRESSURE_SHOT__t2770.00-t2827.00_portrait_POST.__CINEMATIC.__CINEMATIC\follow\stabilized.mp4"
"stabilized","873","False","False","False","35.09","11/17/2025 5:33:57 PM","C:\Users\scott\OneDrive\SoccerVideoMedia\out\autoframe_work\cinematic\038__2025-09-20__TSC_vs_Greenwood__PRESSURE_SHOT__t2770.00-t2827.00_portrait_POST.__CINEMATIC\follow\stabilized.mp4"
"stabilized","873","False","False","False","59.7","11/17/2025 5:35:21 PM","C:\Users\scott\OneDrive\SoccerVideoMedia\out\autoframe_work\cinematic\038__2025-09-20__TSC_vs_Greenwood__PRESSURE_SHOT__t2770.00-t2827.00_portrait_POST\follow\stabilized.mp4"
"stabilized","873","False","False","False","1.51","11/17/2025 5:36:16 PM","C:\Users\scott\OneDrive\SoccerVideoMedia\out\autoframe_work\cinematic\039__2025-09-20__TSC_vs_Greenwood__BUILD_UP_PLAY_SHOT__t2894.00-t2914.00_portrait_POST.__CINEMATIC.__CINEMATIC.__CINEMATIC.__CINEMATIC.__CINEMATIC.__CINEMATIC\follow\stabilized.mp4"
"stabilized","873","False","False","False","2.21","11/17/2025 5:36:43 PM","C:\Users\scott\OneDrive\SoccerVideoMedia\out\autoframe_work\cinematic\039__2025-09-20__TSC_vs_Greenwood__BUILD_UP_PLAY_SHOT__t2894.00-t2914.00_portrait_POST.__CINEMATIC.__CINEMATIC.__CINEMATIC.__CINEMATIC.__CINEMATIC\follow\stabilized.mp4"
"stabilized","873","False","False","False","5.56","11/17/2025 5:37:10 PM","C:\Users\scott\OneDrive\SoccerVideoMedia\out\autoframe_work\cinematic\039__2025-09-20__TSC_vs_Greenwood__BUILD_UP_PLAY_SHOT__t2894.00-t2914.00_portrait_POST.__CINEMATIC.__CINEMATIC.__CINEMATIC.__CINEMATIC\follow\stabilized.mp4"
"stabilized","873","False","False","False","8.28","11/17/2025 5:37:39 PM","C:\Users\scott\OneDrive\SoccerVideoMedia\out\autoframe_work\cinematic\039__2025-09-20__TSC_vs_Greenwood__BUILD_UP_PLAY_SHOT__t2894.00-t2914.00_portrait_POST.__CINEMATIC.__CINEMATIC.__CINEMATIC\follow\stabilized.mp4"
"stabilized","873","False","False","False","9.29","11/17/2025 5:38:16 PM","C:\Users\scott\OneDrive\SoccerVideoMedia\out\autoframe_work\cinematic\039__2025-09-20__TSC_vs_Greenwood__BUILD_UP_PLAY_SHOT__t2894.00-t2914.00_portrait_POST.__CINEMATIC.__CINEMATIC\follow\stabilized.mp4"
"stabilized","873","False","False","False","12.64","11/17/2025 5:38:46 PM","C:\Users\scott\OneDrive\SoccerVideoMedia\out\autoframe_work\cinematic\039__2025-09-20__TSC_vs_Greenwood__BUILD_UP_PLAY_SHOT__t2894.00-t2914.00_portrait_POST.__CINEMATIC\follow\stabilized.mp4"
"stabilized","873","False","False","False","21.04","11/17/2025 5:39:15 PM","C:\Users\scott\OneDrive\SoccerVideoMedia\out\autoframe_work\cinematic\039__2025-09-20__TSC_vs_Greenwood__BUILD_UP_PLAY_SHOT__t2894.00-t2914.00_portrait_POST\follow\stabilized.mp4"
"stabilized","873","False","False","False","0.94","11/17/2025 6:09:23 PM","C:\Users\scott\OneDrive\SoccerVideoMedia\out\autoframe_work\cinematic\003__2025-09-20__TSC_vs_RVFC__PRESSURE_SHOT__t15480.00-t16260.00.__CINEMATIC.__CINEMATIC.__CINEMATIC.__CINEMATIC.__CINEMATIC.__CINEMATIC\follow\stabilized.mp4"
"stabilized","873","False","False","False","1.27","11/17/2025 6:11:24 PM","C:\Users\scott\OneDrive\SoccerVideoMedia\out\autoframe_work\cinematic\004__2025-09-20__TSC_vs_RVFC__PRESSURE_GOAL__t17880.00-t18720.00.__CINEMATIC.__CINEMATIC.__CINEMATIC.__CINEMATIC.__CINEMATIC.__CINEMATIC\follow\stabilized.mp4"
"stabilized","873","False","False","False","1.46","11/17/2025 6:13:38 PM","C:\Users\scott\OneDrive\SoccerVideoMedia\out\autoframe_work\cinematic\005__2025-09-20__TSC_vs_RVFC__BUILD_UP_PLAY_SHOT__t21000.00-t22020.00.__CINEMATIC.__CINEMATIC.__CINEMATIC.__CINEMATIC.__CINEMATIC.__CINEMATIC\follow\stabilized.mp4"
"stabilized","873","False","False","False","0.94","11/17/2025 6:16:12 PM","C:\Users\scott\OneDrive\SoccerVideoMedia\out\autoframe_work\cinematic\025__2025-09-20__TSC_vs_RVFC__PRESSURE_GOAL__t1512.00-t1520.00_portrait_POST.__CINEMATIC.__CINEMATIC.__CINEMATIC.__CINEMATIC.__CINEMATIC.__CINEMATIC\follow\stabilized.mp4"
"stabilized","873","False","False","False","1.34","11/17/2025 6:16:24 PM","C:\Users\scott\OneDrive\SoccerVideoMedia\out\autoframe_work\cinematic\025__2025-09-20__TSC_vs_RVFC__PRESSURE_GOAL__t1512.00-t1520.00_portrait_POST.__CINEMATIC.__CINEMATIC.__CINEMATIC.__CINEMATIC.__CINEMATIC\follow\stabilized.mp4"
"stabilized","873","False","False","False","2.91","11/17/2025 6:16:35 PM","C:\Users\scott\OneDrive\SoccerVideoMedia\out\autoframe_work\cinematic\025__2025-09-20__TSC_vs_RVFC__PRESSURE_GOAL__t1512.00-t1520.00_portrait_POST.__CINEMATIC.__CINEMATIC.__CINEMATIC.__CINEMATIC\follow\stabilized.mp4"
"stabilized","873","False","False","False","4.34","11/17/2025 6:16:46 PM","C:\Users\scott\OneDrive\SoccerVideoMedia\out\autoframe_work\cinematic\025__2025-09-20__TSC_vs_RVFC__PRESSURE_GOAL__t1512.00-t1520.00_portrait_POST.__CINEMATIC.__CINEMATIC.__CINEMATIC\follow\stabilized.mp4"
"stabilized","873","False","False","False","5.04","11/17/2025 6:16:58 PM","C:\Users\scott\OneDrive\SoccerVideoMedia\out\autoframe_work\cinematic\025__2025-09-20__TSC_vs_RVFC__PRESSURE_GOAL__t1512.00-t1520.00_portrait_POST.__CINEMATIC.__CINEMATIC\follow\stabilized.mp4"
"stabilized","873","False","False","False","6.55","11/17/2025 6:17:10 PM","C:\Users\scott\OneDrive\SoccerVideoMedia\out\autoframe_work\cinematic\025__2025-09-20__TSC_vs_RVFC__PRESSURE_GOAL__t1512.00-t1520.00_portrait_POST.__CINEMATIC\follow\stabilized.mp4"
"stabilized","873","False","False","False","8.47","11/17/2025 6:17:23 PM","C:\Users\scott\OneDrive\SoccerVideoMedia\out\autoframe_work\cinematic\025__2025-09-20__TSC_vs_RVFC__PRESSURE_GOAL__t1512.00-t1520.00_portrait_POST\follow\stabilized.mp4"
"stabilized","873","False","False","False","1.07","11/17/2025 6:21:59 PM","C:\Users\scott\OneDrive\SoccerVideoMedia\out\autoframe_work\cinematic\026__2025-09-20__TSC_vs_RVFC__DRIBBLING_SHOT__t1800.00-t1810.00_portrait_POST.__CINEMATIC.__CINEMATIC.__CINEMATIC.__CINEMATIC.__CINEMATIC.__CINEMATIC\follow\stabilized.mp4"
"stabilized","873","False","False","False","1.51","11/17/2025 6:22:12 PM","C:\Users\scott\OneDrive\SoccerVideoMedia\out\autoframe_work\cinematic\026__2025-09-20__TSC_vs_RVFC__DRIBBLING_SHOT__t1800.00-t1810.00_portrait_POST.__CINEMATIC.__CINEMATIC.__CINEMATIC.__CINEMATIC.__CINEMATIC\follow\stabilized.mp4"
"stabilized","873","False","False","False","3.24","11/17/2025 6:22:26 PM","C:\Users\scott\OneDrive\SoccerVideoMedia\out\autoframe_work\cinematic\026__2025-09-20__TSC_vs_RVFC__DRIBBLING_SHOT__t1800.00-t1810.00_portrait_POST.__CINEMATIC.__CINEMATIC.__CINEMATIC.__CINEMATIC\follow\stabilized.mp4"
"stabilized","873","False","False","False","4.85","11/17/2025 6:22:40 PM","C:\Users\scott\OneDrive\SoccerVideoMedia\out\autoframe_work\cinematic\026__2025-09-20__TSC_vs_RVFC__DRIBBLING_SHOT__t1800.00-t1810.00_portrait_POST.__CINEMATIC.__CINEMATIC.__CINEMATIC\follow\stabilized.mp4"
"stabilized","873","False","False","False","5.4","11/17/2025 6:22:54 PM","C:\Users\scott\OneDrive\SoccerVideoMedia\out\autoframe_work\cinematic\026__2025-09-20__TSC_vs_RVFC__DRIBBLING_SHOT__t1800.00-t1810.00_portrait_POST.__CINEMATIC.__CINEMATIC\follow\stabilized.mp4"
"stabilized","873","False","False","False","7.16","11/17/2025 6:23:09 PM","C:\Users\scott\OneDrive\SoccerVideoMedia\out\autoframe_work\cinematic\026__2025-09-20__TSC_vs_RVFC__DRIBBLING_SHOT__t1800.00-t1810.00_portrait_POST.__CINEMATIC\follow\stabilized.mp4"
"stabilized","873","False","False","False","11.77","11/17/2025 6:23:24 PM","C:\Users\scott\OneDrive\SoccerVideoMedia\out\autoframe_work\cinematic\026__2025-09-20__TSC_vs_RVFC__DRIBBLING_SHOT__t1800.00-t1810.00_portrait_POST\follow\stabilized.mp4"
"stabilized","873","False","False","False","2.34","11/17/2025 6:23:55 PM","C:\Users\scott\OneDrive\SoccerVideoMedia\out\autoframe_work\cinematic\026__2025-09-20__TSC_vs_RVFC__DRIBBLING_SHOT__t2592000.00-t2628000.00.__CINEMATIC.__CINEMATIC.__CINEMATIC.__CINEMATIC.__CINEMATIC.__CINEMATIC\follow\stabilized.mp4"
"stabilized","873","False","False","False","0.97","11/17/2025 6:29:13 PM","C:\Users\scott\OneDrive\SoccerVideoMedia\out\autoframe_work\cinematic\027__2025-09-20__TSC_vs_RVFC__SHOT__t1827.00-t1834.00_portrait_POST.__CINEMATIC.__CINEMATIC.__CINEMATIC.__CINEMATIC.__CINEMATIC.__CINEMATIC\follow\stabilized.mp4"
"stabilized","873","False","False","False","1.27","11/17/2025 6:29:23 PM","C:\Users\scott\OneDrive\SoccerVideoMedia\out\autoframe_work\cinematic\027__2025-09-20__TSC_vs_RVFC__SHOT__t1827.00-t1834.00_portrait_POST.__CINEMATIC.__CINEMATIC.__CINEMATIC.__CINEMATIC.__CINEMATIC\follow\stabilized.mp4"
"stabilized","873","False","False","False","2.24","11/17/2025 6:29:33 PM","C:\Users\scott\OneDrive\SoccerVideoMedia\out\autoframe_work\cinematic\027__2025-09-20__TSC_vs_RVFC__SHOT__t1827.00-t1834.00_portrait_POST.__CINEMATIC.__CINEMATIC.__CINEMATIC.__CINEMATIC\follow\stabilized.mp4"
"stabilized","873","False","False","False","3.49","11/17/2025 6:29:43 PM","C:\Users\scott\OneDrive\SoccerVideoMedia\out\autoframe_work\cinematic\027__2025-09-20__TSC_vs_RVFC__SHOT__t1827.00-t1834.00_portrait_POST.__CINEMATIC.__CINEMATIC.__CINEMATIC\follow\stabilized.mp4"
"stabilized","873","False","False","False","4.24","11/17/2025 6:29:53 PM","C:\Users\scott\OneDrive\SoccerVideoMedia\out\autoframe_work\cinematic\027__2025-09-20__TSC_vs_RVFC__SHOT__t1827.00-t1834.00_portrait_POST.__CINEMATIC.__CINEMATIC\follow\stabilized.mp4"
"stabilized","873","False","False","False","5.34","11/17/2025 6:30:04 PM","C:\Users\scott\OneDrive\SoccerVideoMedia\out\autoframe_work\cinematic\027__2025-09-20__TSC_vs_RVFC__SHOT__t1827.00-t1834.00_portrait_POST.__CINEMATIC\follow\stabilized.mp4"
"stabilized","873","False","False","False","7.83","11/17/2025 6:30:15 PM","C:\Users\scott\OneDrive\SoccerVideoMedia\out\autoframe_work\cinematic\027__2025-09-20__TSC_vs_RVFC__SHOT__t1827.00-t1834.00_portrait_POST\follow\stabilized.mp4"
"stabilized","873","False","False","False","1.89","11/17/2025 6:30:35 PM","C:\Users\scott\OneDrive\SoccerVideoMedia\out\autoframe_work\cinematic\028__2025-09-20__TSC_vs_RVFC__CORNER__t1852.00-t1875.00_portrait_POST.__CINEMATIC.__CINEMATIC.__CINEMATIC.__CINEMATIC.__CINEMATIC.__CINEMATIC\follow\stabilized.mp4"
"stabilized","873","False","False","False","2.86","11/17/2025 6:31:04 PM","C:\Users\scott\OneDrive\SoccerVideoMedia\out\autoframe_work\cinematic\028__2025-09-20__TSC_vs_RVFC__CORNER__t1852.00-t1875.00_portrait_POST.__CINEMATIC.__CINEMATIC.__CINEMATIC.__CINEMATIC.__CINEMATIC\follow\stabilized.mp4"
"stabilized","873","False","False","False","6.59","11/17/2025 6:31:32 PM","C:\Users\scott\OneDrive\SoccerVideoMedia\out\autoframe_work\cinematic\028__2025-09-20__TSC_vs_RVFC__CORNER__t1852.00-t1875.00_portrait_POST.__CINEMATIC.__CINEMATIC.__CINEMATIC.__CINEMATIC\follow\stabilized.mp4"
"stabilized","873","False","False","False","8.58","11/17/2025 6:32:02 PM","C:\Users\scott\OneDrive\SoccerVideoMedia\out\autoframe_work\cinematic\028__2025-09-20__TSC_vs_RVFC__CORNER__t1852.00-t1875.00_portrait_POST.__CINEMATIC.__CINEMATIC.__CINEMATIC\follow\stabilized.mp4"
"stabilized","873","False","False","False","9.79","11/17/2025 6:32:33 PM","C:\Users\scott\OneDrive\SoccerVideoMedia\out\autoframe_work\cinematic\028__2025-09-20__TSC_vs_RVFC__CORNER__t1852.00-t1875.00_portrait_POST.__CINEMATIC.__CINEMATIC\follow\stabilized.mp4"
"stabilized","873","False","False","False","13.56","11/17/2025 6:33:05 PM","C:\Users\scott\OneDrive\SoccerVideoMedia\out\autoframe_work\cinematic\028__2025-09-20__TSC_vs_RVFC__CORNER__t1852.00-t1875.00_portrait_POST.__CINEMATIC\follow\stabilized.mp4"
"stabilized","873","False","False","False","22.2","11/17/2025 6:33:37 PM","C:\Users\scott\OneDrive\SoccerVideoMedia\out\autoframe_work\cinematic\028__2025-09-20__TSC_vs_RVFC__CORNER__t1852.00-t1875.00_portrait_POST\follow\stabilized.mp4"
"stabilized","873","False","False","False","1.02","11/17/2025 6:33:59 PM","C:\Users\scott\OneDrive\SoccerVideoMedia\out\autoframe_work\cinematic\029__2025-09-20__TSC_vs_RVFC__PRESSURE_SHOT__t1883.00-t1893.00_portrait_POST.__CINEMATIC.__CINEMATIC.__CINEMATIC.__CINEMATIC.__CINEMATIC.__CINEMATIC\follow\stabilized.mp4"
"stabilized","873","False","False","False","1.39","11/17/2025 6:34:13 PM","C:\Users\scott\OneDrive\SoccerVideoMedia\out\autoframe_work\cinematic\029__2025-09-20__TSC_vs_RVFC__PRESSURE_SHOT__t1883.00-t1893.00_portrait_POST.__CINEMATIC.__CINEMATIC.__CINEMATIC.__CINEMATIC.__CINEMATIC\follow\stabilized.mp4"
"stabilized","873","False","False","False","3.08","11/17/2025 6:34:28 PM","C:\Users\scott\OneDrive\SoccerVideoMedia\out\autoframe_work\cinematic\029__2025-09-20__TSC_vs_RVFC__PRESSURE_SHOT__t1883.00-t1893.00_portrait_POST.__CINEMATIC.__CINEMATIC.__CINEMATIC.__CINEMATIC\follow\stabilized.mp4"
"stabilized","873","False","False","False","4.27","11/17/2025 6:34:42 PM","C:\Users\scott\OneDrive\SoccerVideoMedia\out\autoframe_work\cinematic\029__2025-09-20__TSC_vs_RVFC__PRESSURE_SHOT__t1883.00-t1893.00_portrait_POST.__CINEMATIC.__CINEMATIC.__CINEMATIC\follow\stabilized.mp4"
"stabilized","873","False","False","False","4.93","11/17/2025 6:34:56 PM","C:\Users\scott\OneDrive\SoccerVideoMedia\out\autoframe_work\cinematic\029__2025-09-20__TSC_vs_RVFC__PRESSURE_SHOT__t1883.00-t1893.00_portrait_POST.__CINEMATIC.__CINEMATIC\follow\stabilized.mp4"
"stabilized","873","False","False","False","6.72","11/17/2025 6:35:16 PM","C:\Users\scott\OneDrive\SoccerVideoMedia\out\autoframe_work\cinematic\029__2025-09-20__TSC_vs_RVFC__PRESSURE_SHOT__t1883.00-t1893.00_portrait_POST.__CINEMATIC\follow\stabilized.mp4"
"stabilized","873","False","False","False","10.2","11/17/2025 6:35:31 PM","C:\Users\scott\OneDrive\SoccerVideoMedia\out\autoframe_work\cinematic\029__2025-09-20__TSC_vs_RVFC__PRESSURE_SHOT__t1883.00-t1893.00_portrait_POST\follow\stabilized.mp4"
"stabilized","873","False","False","False","1.2","11/17/2025 6:35:47 PM","C:\Users\scott\OneDrive\SoccerVideoMedia\out\autoframe_work\cinematic\030__2025-09-20__TSC_vs_RVFC__PRESSURE_SHOT__t1898.00-t1911.00_portrait_POST.__CINEMATIC.__CINEMATIC.__CINEMATIC.__CINEMATIC.__CINEMATIC.__CINEMATIC\follow\stabilized.mp4"
"stabilized","873","False","False","False","1.68","11/17/2025 6:36:03 PM","C:\Users\scott\OneDrive\SoccerVideoMedia\out\autoframe_work\cinematic\030__2025-09-20__TSC_vs_RVFC__PRESSURE_SHOT__t1898.00-t1911.00_portrait_POST.__CINEMATIC.__CINEMATIC.__CINEMATIC.__CINEMATIC.__CINEMATIC\follow\stabilized.mp4"
"stabilized","873","False","False","False","3.64","11/17/2025 6:36:20 PM","C:\Users\scott\OneDrive\SoccerVideoMedia\out\autoframe_work\cinematic\030__2025-09-20__TSC_vs_RVFC__PRESSURE_SHOT__t1898.00-t1911.00_portrait_POST.__CINEMATIC.__CINEMATIC.__CINEMATIC.__CINEMATIC\follow\stabilized.mp4"
"stabilized","873","False","False","False","5.35","11/17/2025 6:36:38 PM","C:\Users\scott\OneDrive\SoccerVideoMedia\out\autoframe_work\cinematic\030__2025-09-20__TSC_vs_RVFC__PRESSURE_SHOT__t1898.00-t1911.00_portrait_POST.__CINEMATIC.__CINEMATIC.__CINEMATIC\follow\stabilized.mp4"
"stabilized","873","False","False","False","6.11","11/17/2025 6:36:56 PM","C:\Users\scott\OneDrive\SoccerVideoMedia\out\autoframe_work\cinematic\030__2025-09-20__TSC_vs_RVFC__PRESSURE_SHOT__t1898.00-t1911.00_portrait_POST.__CINEMATIC.__CINEMATIC\follow\stabilized.mp4"
"stabilized","873","False","False","False","8.41","11/17/2025 6:37:14 PM","C:\Users\scott\OneDrive\SoccerVideoMedia\out\autoframe_work\cinematic\030__2025-09-20__TSC_vs_RVFC__PRESSURE_SHOT__t1898.00-t1911.00_portrait_POST.__CINEMATIC\follow\stabilized.mp4"
"stabilized","873","False","False","False","12.58","11/17/2025 6:37:33 PM","C:\Users\scott\OneDrive\SoccerVideoMedia\out\autoframe_work\cinematic\030__2025-09-20__TSC_vs_RVFC__PRESSURE_SHOT__t1898.00-t1911.00_portrait_POST\follow\stabilized.mp4"
"stabilized","873","False","False","False","1.17","11/17/2025 6:37:50 PM","C:\Users\scott\OneDrive\SoccerVideoMedia\out\autoframe_work\cinematic\031__2025-09-20__TSC_vs_RVFC__PRESSURE_SHOT__t1964.00-t1975.00_portrait_POST.__CINEMATIC.__CINEMATIC.__CINEMATIC.__CINEMATIC.__CINEMATIC.__CINEMATIC\follow\stabilized.mp4"
"stabilized","873","False","False","False","1.58","11/17/2025 6:38:04 PM","C:\Users\scott\OneDrive\SoccerVideoMedia\out\autoframe_work\cinematic\031__2025-09-20__TSC_vs_RVFC__PRESSURE_SHOT__t1964.00-t1975.00_portrait_POST.__CINEMATIC.__CINEMATIC.__CINEMATIC.__CINEMATIC.__CINEMATIC\follow\stabilized.mp4"
"stabilized","873","False","False","False","3.12","11/17/2025 6:38:19 PM","C:\Users\scott\OneDrive\SoccerVideoMedia\out\autoframe_work\cinematic\031__2025-09-20__TSC_vs_RVFC__PRESSURE_SHOT__t1964.00-t1975.00_portrait_POST.__CINEMATIC.__CINEMATIC.__CINEMATIC.__CINEMATIC\follow\stabilized.mp4"
"stabilized","873","False","False","False","4.88","11/17/2025 6:38:34 PM","C:\Users\scott\OneDrive\SoccerVideoMedia\out\autoframe_work\cinematic\031__2025-09-20__TSC_vs_RVFC__PRESSURE_SHOT__t1964.00-t1975.00_portrait_POST.__CINEMATIC.__CINEMATIC.__CINEMATIC\follow\stabilized.mp4"
"stabilized","873","False","False","False","5.6","11/17/2025 6:38:49 PM","C:\Users\scott\OneDrive\SoccerVideoMedia\out\autoframe_work\cinematic\031__2025-09-20__TSC_vs_RVFC__PRESSURE_SHOT__t1964.00-t1975.00_portrait_POST.__CINEMATIC.__CINEMATIC\follow\stabilized.mp4"
"stabilized","873","False","False","False","7.42","11/17/2025 6:39:05 PM","C:\Users\scott\OneDrive\SoccerVideoMedia\out\autoframe_work\cinematic\031__2025-09-20__TSC_vs_RVFC__PRESSURE_SHOT__t1964.00-t1975.00_portrait_POST.__CINEMATIC\follow\stabilized.mp4"
"stabilized","873","False","False","False","11.27","11/17/2025 6:39:21 PM","C:\Users\scott\OneDrive\SoccerVideoMedia\out\autoframe_work\cinematic\031__2025-09-20__TSC_vs_RVFC__PRESSURE_SHOT__t1964.00-t1975.00_portrait_POST\follow\stabilized.mp4"
"stabilized","873","False","False","False","1.39","11/17/2025 6:39:44 PM","C:\Users\scott\OneDrive\SoccerVideoMedia\out\autoframe_work\cinematic\032__2025-09-20__TSC_vs_RVFC__BUILD_UP_PLAY_SHOT__t2034.00-t2057.00_portrait_POST.__CINEMATIC.__CINEMATIC.__CINEMATIC.__CINEMATIC.__CINEMATIC.__CINEMATIC\follow\stabilized.mp4"
"stabilized","873","False","False","False","1.9","11/17/2025 6:40:13 PM","C:\Users\scott\OneDrive\SoccerVideoMedia\out\autoframe_work\cinematic\032__2025-09-20__TSC_vs_RVFC__BUILD_UP_PLAY_SHOT__t2034.00-t2057.00_portrait_POST.__CINEMATIC.__CINEMATIC.__CINEMATIC.__CINEMATIC.__CINEMATIC\follow\stabilized.mp4"
"stabilized","873","False","False","False","4.52","11/17/2025 6:40:41 PM","C:\Users\scott\OneDrive\SoccerVideoMedia\out\autoframe_work\cinematic\032__2025-09-20__TSC_vs_RVFC__BUILD_UP_PLAY_SHOT__t2034.00-t2057.00_portrait_POST.__CINEMATIC.__CINEMATIC.__CINEMATIC.__CINEMATIC\follow\stabilized.mp4"
"stabilized","873","False","False","False","8.28","11/17/2025 6:41:11 PM","C:\Users\scott\OneDrive\SoccerVideoMedia\out\autoframe_work\cinematic\032__2025-09-20__TSC_vs_RVFC__BUILD_UP_PLAY_SHOT__t2034.00-t2057.00_portrait_POST.__CINEMATIC.__CINEMATIC.__CINEMATIC\follow\stabilized.mp4"
"stabilized","873","False","False","False","10.02","11/17/2025 6:41:41 PM","C:\Users\scott\OneDrive\SoccerVideoMedia\out\autoframe_work\cinematic\032__2025-09-20__TSC_vs_RVFC__BUILD_UP_PLAY_SHOT__t2034.00-t2057.00_portrait_POST.__CINEMATIC.__CINEMATIC\follow\stabilized.mp4"
"stabilized","873","False","False","False","13.13","11/17/2025 6:42:12 PM","C:\Users\scott\OneDrive\SoccerVideoMedia\out\autoframe_work\cinematic\032__2025-09-20__TSC_vs_RVFC__BUILD_UP_PLAY_SHOT__t2034.00-t2057.00_portrait_POST.__CINEMATIC\follow\stabilized.mp4"
"stabilized","873","False","False","False","21.09","11/17/2025 6:42:43 PM","C:\Users\scott\OneDrive\SoccerVideoMedia\out\autoframe_work\cinematic\032__2025-09-20__TSC_vs_RVFC__BUILD_UP_PLAY_SHOT__t2034.00-t2057.00_portrait_POST\follow\stabilized.mp4"
"stabilized","873","False","False","False","1.29","11/17/2025 6:43:11 PM","C:\Users\scott\OneDrive\SoccerVideoMedia\out\autoframe_work\cinematic\033__2025-09-20__TSC_vs_RVFC__BUILD_UP_PLAY_SHOT__t2131.00-t2150.00_portrait_POST.__CINEMATIC.__CINEMATIC.__CINEMATIC.__CINEMATIC.__CINEMATIC.__CINEMATIC\follow\stabilized.mp4"
"stabilized","873","False","False","False","1.71","11/17/2025 6:43:34 PM","C:\Users\scott\OneDrive\SoccerVideoMedia\out\autoframe_work\cinematic\033__2025-09-20__TSC_vs_RVFC__BUILD_UP_PLAY_SHOT__t2131.00-t2150.00_portrait_POST.__CINEMATIC.__CINEMATIC.__CINEMATIC.__CINEMATIC.__CINEMATIC\follow\stabilized.mp4"
"stabilized","873","False","False","False","3.83","11/17/2025 6:43:58 PM","C:\Users\scott\OneDrive\SoccerVideoMedia\out\autoframe_work\cinematic\033__2025-09-20__TSC_vs_RVFC__BUILD_UP_PLAY_SHOT__t2131.00-t2150.00_portrait_POST.__CINEMATIC.__CINEMATIC.__CINEMATIC.__CINEMATIC\follow\stabilized.mp4"
"stabilized","873","False","False","False","6.89","11/17/2025 6:44:24 PM","C:\Users\scott\OneDrive\SoccerVideoMedia\out\autoframe_work\cinematic\033__2025-09-20__TSC_vs_RVFC__BUILD_UP_PLAY_SHOT__t2131.00-t2150.00_portrait_POST.__CINEMATIC.__CINEMATIC.__CINEMATIC\follow\stabilized.mp4"
"stabilized","873","False","False","False","8.67","11/17/2025 6:44:49 PM","C:\Users\scott\OneDrive\SoccerVideoMedia\out\autoframe_work\cinematic\033__2025-09-20__TSC_vs_RVFC__BUILD_UP_PLAY_SHOT__t2131.00-t2150.00_portrait_POST.__CINEMATIC.__CINEMATIC\follow\stabilized.mp4"
"stabilized","873","False","False","False","11.43","11/17/2025 6:45:14 PM","C:\Users\scott\OneDrive\SoccerVideoMedia\out\autoframe_work\cinematic\033__2025-09-20__TSC_vs_RVFC__BUILD_UP_PLAY_SHOT__t2131.00-t2150.00_portrait_POST.__CINEMATIC\follow\stabilized.mp4"
"stabilized","873","False","False","False","17.94","11/17/2025 6:45:41 PM","C:\Users\scott\OneDrive\SoccerVideoMedia\out\autoframe_work\cinematic\033__2025-09-20__TSC_vs_RVFC__BUILD_UP_PLAY_SHOT__t2131.00-t2150.00_portrait_POST\follow\stabilized.mp4"
"stabilized","873","False","False","False","1.24","11/17/2025 6:46:01 PM","C:\Users\scott\OneDrive\SoccerVideoMedia\out\autoframe_work\cinematic\034__2025-09-20__TSC_vs_RVFC__PRESSURE_GOAL__t2158.00-t2169.00_portrait_POST.__CINEMATIC.__CINEMATIC.__CINEMATIC.__CINEMATIC.__CINEMATIC.__CINEMATIC\follow\stabilized.mp4"
"stabilized","873","False","False","False","1.86","11/17/2025 6:46:16 PM","C:\Users\scott\OneDrive\SoccerVideoMedia\out\autoframe_work\cinematic\034__2025-09-20__TSC_vs_RVFC__PRESSURE_GOAL__t2158.00-t2169.00_portrait_POST.__CINEMATIC.__CINEMATIC.__CINEMATIC.__CINEMATIC.__CINEMATIC\follow\stabilized.mp4"
"stabilized","873","False","False","False","3.76","11/17/2025 6:46:30 PM","C:\Users\scott\OneDrive\SoccerVideoMedia\out\autoframe_work\cinematic\034__2025-09-20__TSC_vs_RVFC__PRESSURE_GOAL__t2158.00-t2169.00_portrait_POST.__CINEMATIC.__CINEMATIC.__CINEMATIC.__CINEMATIC\follow\stabilized.mp4"
"stabilized","873","False","False","False","4.82","11/17/2025 6:46:45 PM","C:\Users\scott\OneDrive\SoccerVideoMedia\out\autoframe_work\cinematic\034__2025-09-20__TSC_vs_RVFC__PRESSURE_GOAL__t2158.00-t2169.00_portrait_POST.__CINEMATIC.__CINEMATIC.__CINEMATIC\follow\stabilized.mp4"
"stabilized","873","False","False","False","5.56","11/17/2025 6:47:01 PM","C:\Users\scott\OneDrive\SoccerVideoMedia\out\autoframe_work\cinematic\034__2025-09-20__TSC_vs_RVFC__PRESSURE_GOAL__t2158.00-t2169.00_portrait_POST.__CINEMATIC.__CINEMATIC\follow\stabilized.mp4"
"stabilized","873","False","False","False","7.47","11/17/2025 6:47:17 PM","C:\Users\scott\OneDrive\SoccerVideoMedia\out\autoframe_work\cinematic\034__2025-09-20__TSC_vs_RVFC__PRESSURE_GOAL__t2158.00-t2169.00_portrait_POST.__CINEMATIC\follow\stabilized.mp4"
"stabilized","873","False","False","False","11.5","11/17/2025 6:47:33 PM","C:\Users\scott\OneDrive\SoccerVideoMedia\out\autoframe_work\cinematic\034__2025-09-20__TSC_vs_RVFC__PRESSURE_GOAL__t2158.00-t2169.00_portrait_POST\follow\stabilized.mp4"
"stabilized","873","False","False","False","1.29","11/17/2025 6:47:51 PM","C:\Users\scott\OneDrive\SoccerVideoMedia\out\autoframe_work\cinematic\035__2025-09-20__TSC_vs_RVFC__BUILD_UP_PLAY_SHOT__t2297.00-t2312.00_portrait_POST.__CINEMATIC.__CINEMATIC.__CINEMATIC.__CINEMATIC.__CINEMATIC.__CINEMATIC\follow\stabilized.mp4"
"stabilized","873","False","False","False","1.72","11/17/2025 6:48:12 PM","C:\Users\scott\OneDrive\SoccerVideoMedia\out\autoframe_work\cinematic\035__2025-09-20__TSC_vs_RVFC__BUILD_UP_PLAY_SHOT__t2297.00-t2312.00_portrait_POST.__CINEMATIC.__CINEMATIC.__CINEMATIC.__CINEMATIC.__CINEMATIC\follow\stabilized.mp4"
"stabilized","873","False","False","False","3.35","11/17/2025 6:48:31 PM","C:\Users\scott\OneDrive\SoccerVideoMedia\out\autoframe_work\cinematic\035__2025-09-20__TSC_vs_RVFC__BUILD_UP_PLAY_SHOT__t2297.00-t2312.00_portrait_POST.__CINEMATIC.__CINEMATIC.__CINEMATIC.__CINEMATIC\follow\stabilized.mp4"
"stabilized","873","False","False","False","5.23","11/17/2025 6:48:50 PM","C:\Users\scott\OneDrive\SoccerVideoMedia\out\autoframe_work\cinematic\035__2025-09-20__TSC_vs_RVFC__BUILD_UP_PLAY_SHOT__t2297.00-t2312.00_portrait_POST.__CINEMATIC.__CINEMATIC.__CINEMATIC\follow\stabilized.mp4"
"stabilized","873","False","False","False","6.21","11/17/2025 6:49:10 PM","C:\Users\scott\OneDrive\SoccerVideoMedia\out\autoframe_work\cinematic\035__2025-09-20__TSC_vs_RVFC__BUILD_UP_PLAY_SHOT__t2297.00-t2312.00_portrait_POST.__CINEMATIC.__CINEMATIC\follow\stabilized.mp4"
"stabilized","873","False","False","False","8.03","11/17/2025 6:49:30 PM","C:\Users\scott\OneDrive\SoccerVideoMedia\out\autoframe_work\cinematic\035__2025-09-20__TSC_vs_RVFC__BUILD_UP_PLAY_SHOT__t2297.00-t2312.00_portrait_POST.__CINEMATIC\follow\stabilized.mp4"
"stabilized","873","False","False","False","12.58","11/17/2025 6:49:52 PM","C:\Users\scott\OneDrive\SoccerVideoMedia\out\autoframe_work\cinematic\035__2025-09-20__TSC_vs_RVFC__BUILD_UP_PLAY_SHOT__t2297.00-t2312.00_portrait_POST\follow\stabilized.mp4"
"stabilized","873","False","False","False","1.63","11/17/2025 6:50:14 PM","C:\Users\scott\OneDrive\SoccerVideoMedia\out\autoframe_work\cinematic\036__2025-09-20__TSC_vs_RVFC__PRESSURE_GOAL__t2348.00-t2367.00_portrait_POST.__CINEMATIC.__CINEMATIC.__CINEMATIC.__CINEMATIC.__CINEMATIC.__CINEMATIC\follow\stabilized.mp4"
"stabilized","873","False","False","False","2.47","11/17/2025 6:50:38 PM","C:\Users\scott\OneDrive\SoccerVideoMedia\out\autoframe_work\cinematic\036__2025-09-20__TSC_vs_RVFC__PRESSURE_GOAL__t2348.00-t2367.00_portrait_POST.__CINEMATIC.__CINEMATIC.__CINEMATIC.__CINEMATIC.__CINEMATIC\follow\stabilized.mp4"
"stabilized","873","False","False","False","5.87","11/17/2025 6:51:02 PM","C:\Users\scott\OneDrive\SoccerVideoMedia\out\autoframe_work\cinematic\036__2025-09-20__TSC_vs_RVFC__PRESSURE_GOAL__t2348.00-t2367.00_portrait_POST.__CINEMATIC.__CINEMATIC.__CINEMATIC.__CINEMATIC\follow\stabilized.mp4"
"stabilized","873","False","False","False","7.82","11/17/2025 6:51:29 PM","C:\Users\scott\OneDrive\SoccerVideoMedia\out\autoframe_work\cinematic\036__2025-09-20__TSC_vs_RVFC__PRESSURE_GOAL__t2348.00-t2367.00_portrait_POST.__CINEMATIC.__CINEMATIC.__CINEMATIC\follow\stabilized.mp4"
"stabilized","873","False","False","False","8.91","11/17/2025 6:51:55 PM","C:\Users\scott\OneDrive\SoccerVideoMedia\out\autoframe_work\cinematic\036__2025-09-20__TSC_vs_RVFC__PRESSURE_GOAL__t2348.00-t2367.00_portrait_POST.__CINEMATIC.__CINEMATIC\follow\stabilized.mp4"
"stabilized","873","False","False","False","12.47","11/17/2025 6:52:21 PM","C:\Users\scott\OneDrive\SoccerVideoMedia\out\autoframe_work\cinematic\036__2025-09-20__TSC_vs_RVFC__PRESSURE_GOAL__t2348.00-t2367.00_portrait_POST.__CINEMATIC\follow\stabilized.mp4"
"stabilized","873","False","False","False","20.12","11/17/2025 6:52:48 PM","C:\Users\scott\OneDrive\SoccerVideoMedia\out\autoframe_work\cinematic\036__2025-09-20__TSC_vs_RVFC__PRESSURE_GOAL__t2348.00-t2367.00_portrait_POST\follow\stabilized.mp4"
"stabilized","873","False","False","False","0.96","11/17/2025 6:53:08 PM","C:\Users\scott\OneDrive\SoccerVideoMedia\out\autoframe_work\cinematic\037__2025-09-20__TSC_vs_RVFC__PRESSURE_SHOT__t2388.00-t2397.00_portrait_POST.__CINEMATIC.__CINEMATIC.__CINEMATIC.__CINEMATIC.__CINEMATIC.__CINEMATIC\follow\stabilized.mp4"
"stabilized","873","False","False","False","1.29","11/17/2025 6:53:20 PM","C:\Users\scott\OneDrive\SoccerVideoMedia\out\autoframe_work\cinematic\037__2025-09-20__TSC_vs_RVFC__PRESSURE_SHOT__t2388.00-t2397.00_portrait_POST.__CINEMATIC.__CINEMATIC.__CINEMATIC.__CINEMATIC.__CINEMATIC\follow\stabilized.mp4"
"stabilized","873","False","False","False","2.6","11/17/2025 6:53:32 PM","C:\Users\scott\OneDrive\SoccerVideoMedia\out\autoframe_work\cinematic\037__2025-09-20__TSC_vs_RVFC__PRESSURE_SHOT__t2388.00-t2397.00_portrait_POST.__CINEMATIC.__CINEMATIC.__CINEMATIC.__CINEMATIC\follow\stabilized.mp4"
"stabilized","873","False","False","False","3.97","11/17/2025 6:53:44 PM","C:\Users\scott\OneDrive\SoccerVideoMedia\out\autoframe_work\cinematic\037__2025-09-20__TSC_vs_RVFC__PRESSURE_SHOT__t2388.00-t2397.00_portrait_POST.__CINEMATIC.__CINEMATIC.__CINEMATIC\follow\stabilized.mp4"
"stabilized","873","False","False","False","4.46","11/17/2025 6:53:57 PM","C:\Users\scott\OneDrive\SoccerVideoMedia\out\autoframe_work\cinematic\037__2025-09-20__TSC_vs_RVFC__PRESSURE_SHOT__t2388.00-t2397.00_portrait_POST.__CINEMATIC.__CINEMATIC\follow\stabilized.mp4"
"stabilized","873","False","False","False","5.98","11/17/2025 6:54:10 PM","C:\Users\scott\OneDrive\SoccerVideoMedia\out\autoframe_work\cinematic\037__2025-09-20__TSC_vs_RVFC__PRESSURE_SHOT__t2388.00-t2397.00_portrait_POST.__CINEMATIC\follow\stabilized.mp4"
"stabilized","873","False","False","False","9.61","11/17/2025 6:54:24 PM","C:\Users\scott\OneDrive\SoccerVideoMedia\out\autoframe_work\cinematic\037__2025-09-20__TSC_vs_RVFC__PRESSURE_SHOT__t2388.00-t2397.00_portrait_POST\follow\stabilized.mp4"
"stabilized","873","False","False","False","1.52","11/17/2025 6:54:44 PM","C:\Users\scott\OneDrive\SoccerVideoMedia\out\autoframe_work\cinematic\038__2025-09-20__TSC_vs_RVFC__PRESSURE_GOAL__t2411.00-t2431.00_portrait_POST.__CINEMATIC.__CINEMATIC.__CINEMATIC.__CINEMATIC.__CINEMATIC.__CINEMATIC\follow\stabilized.mp4"
"stabilized","873","False","False","False","2.16","11/17/2025 6:55:09 PM","C:\Users\scott\OneDrive\SoccerVideoMedia\out\autoframe_work\cinematic\038__2025-09-20__TSC_vs_RVFC__PRESSURE_GOAL__t2411.00-t2431.00_portrait_POST.__CINEMATIC.__CINEMATIC.__CINEMATIC.__CINEMATIC.__CINEMATIC\follow\stabilized.mp4"
"stabilized","873","False","False","False","5.21","11/17/2025 6:55:34 PM","C:\Users\scott\OneDrive\SoccerVideoMedia\out\autoframe_work\cinematic\038__2025-09-20__TSC_vs_RVFC__PRESSURE_GOAL__t2411.00-t2431.00_portrait_POST.__CINEMATIC.__CINEMATIC.__CINEMATIC.__CINEMATIC\follow\stabilized.mp4"
"stabilized","873","False","False","False","8.25","11/17/2025 6:56:00 PM","C:\Users\scott\OneDrive\SoccerVideoMedia\out\autoframe_work\cinematic\038__2025-09-20__TSC_vs_RVFC__PRESSURE_GOAL__t2411.00-t2431.00_portrait_POST.__CINEMATIC.__CINEMATIC.__CINEMATIC\follow\stabilized.mp4"
"stabilized","873","False","False","False","9.38","11/17/2025 6:56:26 PM","C:\Users\scott\OneDrive\SoccerVideoMedia\out\autoframe_work\cinematic\038__2025-09-20__TSC_vs_RVFC__PRESSURE_GOAL__t2411.00-t2431.00_portrait_POST.__CINEMATIC.__CINEMATIC\follow\stabilized.mp4"
"stabilized","873","False","False","False","12.73","11/17/2025 6:56:54 PM","C:\Users\scott\OneDrive\SoccerVideoMedia\out\autoframe_work\cinematic\038__2025-09-20__TSC_vs_RVFC__PRESSURE_GOAL__t2411.00-t2431.00_portrait_POST.__CINEMATIC\follow\stabilized.mp4"
"stabilized","873","False","False","False","20.18","11/17/2025 6:57:22 PM","C:\Users\scott\OneDrive\SoccerVideoMedia\out\autoframe_work\cinematic\038__2025-09-20__TSC_vs_RVFC__PRESSURE_GOAL__t2411.00-t2431.00_portrait_POST\follow\stabilized.mp4"
"stabilized","873","False","False","False","1.53","11/17/2025 6:57:49 PM","C:\Users\scott\OneDrive\SoccerVideoMedia\out\autoframe_work\cinematic\039__2025-09-20__TSC_vs_RVFC__PRESSURE_GOAL__t2485.00-t2506.00_portrait_POST.__CINEMATIC.__CINEMATIC.__CINEMATIC.__CINEMATIC.__CINEMATIC.__CINEMATIC\follow\stabilized.mp4"
"stabilized","873","False","False","False","2.37","11/17/2025 6:58:15 PM","C:\Users\scott\OneDrive\SoccerVideoMedia\out\autoframe_work\cinematic\039__2025-09-20__TSC_vs_RVFC__PRESSURE_GOAL__t2485.00-t2506.00_portrait_POST.__CINEMATIC.__CINEMATIC.__CINEMATIC.__CINEMATIC.__CINEMATIC\follow\stabilized.mp4"
"stabilized","873","False","False","False","6.01","11/17/2025 6:58:42 PM","C:\Users\scott\OneDrive\SoccerVideoMedia\out\autoframe_work\cinematic\039__2025-09-20__TSC_vs_RVFC__PRESSURE_GOAL__t2485.00-t2506.00_portrait_POST.__CINEMATIC.__CINEMATIC.__CINEMATIC.__CINEMATIC\follow\stabilized.mp4"
"stabilized","873","False","False","False","8.45","11/17/2025 6:59:09 PM","C:\Users\scott\OneDrive\SoccerVideoMedia\out\autoframe_work\cinematic\039__2025-09-20__TSC_vs_RVFC__PRESSURE_GOAL__t2485.00-t2506.00_portrait_POST.__CINEMATIC.__CINEMATIC.__CINEMATIC\follow\stabilized.mp4"
"stabilized","873","False","False","False","9.01","11/17/2025 6:59:40 PM","C:\Users\scott\OneDrive\SoccerVideoMedia\out\autoframe_work\cinematic\039__2025-09-20__TSC_vs_RVFC__PRESSURE_GOAL__t2485.00-t2506.00_portrait_POST.__CINEMATIC.__CINEMATIC\follow\stabilized.mp4"
"stabilized","873","False","False","False","12.45","11/17/2025 7:00:17 PM","C:\Users\scott\OneDrive\SoccerVideoMedia\out\autoframe_work\cinematic\039__2025-09-20__TSC_vs_RVFC__PRESSURE_GOAL__t2485.00-t2506.00_portrait_POST.__CINEMATIC\follow\stabilized.mp4"
"stabilized","873","False","False","False","20.7","11/17/2025 7:00:47 PM","C:\Users\scott\OneDrive\SoccerVideoMedia\out\autoframe_work\cinematic\039__2025-09-20__TSC_vs_RVFC__PRESSURE_GOAL__t2485.00-t2506.00_portrait_POST\follow\stabilized.mp4"
"stabilized","873","False","False","False","2.05","11/17/2025 7:01:19 PM","C:\Users\scott\OneDrive\SoccerVideoMedia\out\autoframe_work\cinematic\040__2025-09-20__TSC_vs_RVFC__BUILD_UP_PLAY_SHOT__t2571.00-t2599.00_portrait_POST.__CINEMATIC.__CINEMATIC.__CINEMATIC.__CINEMATIC.__CINEMATIC.__CINEMATIC\follow\stabilized.mp4"
"stabilized","873","False","False","False","3.13","11/17/2025 7:01:52 PM","C:\Users\scott\OneDrive\SoccerVideoMedia\out\autoframe_work\cinematic\040__2025-09-20__TSC_vs_RVFC__BUILD_UP_PLAY_SHOT__t2571.00-t2599.00_portrait_POST.__CINEMATIC.__CINEMATIC.__CINEMATIC.__CINEMATIC.__CINEMATIC\follow\stabilized.mp4"
"stabilized","873","False","False","False","7.73","11/17/2025 7:02:26 PM","C:\Users\scott\OneDrive\SoccerVideoMedia\out\autoframe_work\cinematic\040__2025-09-20__TSC_vs_RVFC__BUILD_UP_PLAY_SHOT__t2571.00-t2599.00_portrait_POST.__CINEMATIC.__CINEMATIC.__CINEMATIC.__CINEMATIC\follow\stabilized.mp4"
"stabilized","873","False","False","False","11.02","11/17/2025 7:03:02 PM","C:\Users\scott\OneDrive\SoccerVideoMedia\out\autoframe_work\cinematic\040__2025-09-20__TSC_vs_RVFC__BUILD_UP_PLAY_SHOT__t2571.00-t2599.00_portrait_POST.__CINEMATIC.__CINEMATIC.__CINEMATIC\follow\stabilized.mp4"
"stabilized","873","False","False","False","12.23","11/17/2025 7:03:38 PM","C:\Users\scott\OneDrive\SoccerVideoMedia\out\autoframe_work\cinematic\040__2025-09-20__TSC_vs_RVFC__BUILD_UP_PLAY_SHOT__t2571.00-t2599.00_portrait_POST.__CINEMATIC.__CINEMATIC\follow\stabilized.mp4"
"stabilized","873","False","False","False","16.99","11/17/2025 7:04:16 PM","C:\Users\scott\OneDrive\SoccerVideoMedia\out\autoframe_work\cinematic\040__2025-09-20__TSC_vs_RVFC__BUILD_UP_PLAY_SHOT__t2571.00-t2599.00_portrait_POST.__CINEMATIC\follow\stabilized.mp4"
"stabilized","873","False","False","False","28.22","11/17/2025 7:04:54 PM","C:\Users\scott\OneDrive\SoccerVideoMedia\out\autoframe_work\cinematic\040__2025-09-20__TSC_vs_RVFC__BUILD_UP_PLAY_SHOT__t2571.00-t2599.00_portrait_POST\follow\stabilized.mp4"
"stabilized","873","False","False","False","1.14","11/17/2025 7:05:21 PM","C:\Users\scott\OneDrive\SoccerVideoMedia\out\autoframe_work\cinematic\041__2025-09-20__TSC_vs_RVFC__CORNER__t2712.00-t2722.00_portrait_POST.__CINEMATIC.__CINEMATIC.__CINEMATIC.__CINEMATIC.__CINEMATIC.__CINEMATIC\follow\stabilized.mp4"
"stabilized","873","False","False","False","1.61","11/17/2025 7:05:35 PM","C:\Users\scott\OneDrive\SoccerVideoMedia\out\autoframe_work\cinematic\041__2025-09-20__TSC_vs_RVFC__CORNER__t2712.00-t2722.00_portrait_POST.__CINEMATIC.__CINEMATIC.__CINEMATIC.__CINEMATIC.__CINEMATIC\follow\stabilized.mp4"
"stabilized","873","False","False","False","3.42","11/17/2025 7:05:48 PM","C:\Users\scott\OneDrive\SoccerVideoMedia\out\autoframe_work\cinematic\041__2025-09-20__TSC_vs_RVFC__CORNER__t2712.00-t2722.00_portrait_POST.__CINEMATIC.__CINEMATIC.__CINEMATIC.__CINEMATIC\follow\stabilized.mp4"
"stabilized","873","False","False","False","4.53","11/17/2025 7:06:02 PM","C:\Users\scott\OneDrive\SoccerVideoMedia\out\autoframe_work\cinematic\041__2025-09-20__TSC_vs_RVFC__CORNER__t2712.00-t2722.00_portrait_POST.__CINEMATIC.__CINEMATIC.__CINEMATIC\follow\stabilized.mp4"
"stabilized","873","False","False","False","5.14","11/17/2025 7:06:16 PM","C:\Users\scott\OneDrive\SoccerVideoMedia\out\autoframe_work\cinematic\041__2025-09-20__TSC_vs_RVFC__CORNER__t2712.00-t2722.00_portrait_POST.__CINEMATIC.__CINEMATIC\follow\stabilized.mp4"
"stabilized","873","False","False","False","6.76","11/17/2025 7:06:31 PM","C:\Users\scott\OneDrive\SoccerVideoMedia\out\autoframe_work\cinematic\041__2025-09-20__TSC_vs_RVFC__CORNER__t2712.00-t2722.00_portrait_POST.__CINEMATIC\follow\stabilized.mp4"
"stabilized","873","False","False","False","10.14","11/17/2025 7:06:46 PM","C:\Users\scott\OneDrive\SoccerVideoMedia\out\autoframe_work\cinematic\041__2025-09-20__TSC_vs_RVFC__CORNER__t2712.00-t2722.00_portrait_POST\follow\stabilized.mp4"
"stabilized","873","False","False","False","1.53","11/17/2025 7:07:05 PM","C:\Users\scott\OneDrive\SoccerVideoMedia\out\autoframe_work\cinematic\042__2025-09-20__TSC_vs_RVFC__CORNER__t2765.00-t2783.00_portrait_POST.__CINEMATIC.__CINEMATIC.__CINEMATIC.__CINEMATIC.__CINEMATIC.__CINEMATIC\follow\stabilized.mp4"
"stabilized","873","False","False","False","2.29","11/17/2025 7:07:27 PM","C:\Users\scott\OneDrive\SoccerVideoMedia\out\autoframe_work\cinematic\042__2025-09-20__TSC_vs_RVFC__CORNER__t2765.00-t2783.00_portrait_POST.__CINEMATIC.__CINEMATIC.__CINEMATIC.__CINEMATIC.__CINEMATIC\follow\stabilized.mp4"
"stabilized","873","False","False","False","5.58","11/17/2025 7:07:49 PM","C:\Users\scott\OneDrive\SoccerVideoMedia\out\autoframe_work\cinematic\042__2025-09-20__TSC_vs_RVFC__CORNER__t2765.00-t2783.00_portrait_POST.__CINEMATIC.__CINEMATIC.__CINEMATIC.__CINEMATIC\follow\stabilized.mp4"
"stabilized","873","False","False","False","7.77","11/17/2025 7:08:13 PM","C:\Users\scott\OneDrive\SoccerVideoMedia\out\autoframe_work\cinematic\042__2025-09-20__TSC_vs_RVFC__CORNER__t2765.00-t2783.00_portrait_POST.__CINEMATIC.__CINEMATIC.__CINEMATIC\follow\stabilized.mp4"
"stabilized","873","False","False","False","8.83","11/17/2025 7:08:38 PM","C:\Users\scott\OneDrive\SoccerVideoMedia\out\autoframe_work\cinematic\042__2025-09-20__TSC_vs_RVFC__CORNER__t2765.00-t2783.00_portrait_POST.__CINEMATIC.__CINEMATIC\follow\stabilized.mp4"
"stabilized","873","False","False","False","11.91","11/17/2025 7:09:03 PM","C:\Users\scott\OneDrive\SoccerVideoMedia\out\autoframe_work\cinematic\042__2025-09-20__TSC_vs_RVFC__CORNER__t2765.00-t2783.00_portrait_POST.__CINEMATIC\follow\stabilized.mp4"
"stabilized","873","False","False","False","18.05","11/17/2025 7:09:37 PM","C:\Users\scott\OneDrive\SoccerVideoMedia\out\autoframe_work\cinematic\042__2025-09-20__TSC_vs_RVFC__CORNER__t2765.00-t2783.00_portrait_POST\follow\stabilized.mp4"
"stabilized","873","False","False","False","1.45","11/17/2025 7:10:01 PM","C:\Users\scott\OneDrive\SoccerVideoMedia\out\autoframe_work\cinematic\043__2025-09-20__TSC_vs_RVFC__GOAL__t3010.00-t3028.00_portrait_POST.__CINEMATIC.__CINEMATIC.__CINEMATIC.__CINEMATIC.__CINEMATIC.__CINEMATIC\follow\stabilized.mp4"
"stabilized","873","False","False","False","2.11","11/17/2025 7:10:23 PM","C:\Users\scott\OneDrive\SoccerVideoMedia\out\autoframe_work\cinematic\043__2025-09-20__TSC_vs_RVFC__GOAL__t3010.00-t3028.00_portrait_POST.__CINEMATIC.__CINEMATIC.__CINEMATIC.__CINEMATIC.__CINEMATIC\follow\stabilized.mp4"
"stabilized","873","False","False","False","5.26","11/17/2025 7:10:46 PM","C:\Users\scott\OneDrive\SoccerVideoMedia\out\autoframe_work\cinematic\043__2025-09-20__TSC_vs_RVFC__GOAL__t3010.00-t3028.00_portrait_POST.__CINEMATIC.__CINEMATIC.__CINEMATIC.__CINEMATIC\follow\stabilized.mp4"
"stabilized","873","False","False","False","7.74","11/17/2025 7:11:10 PM","C:\Users\scott\OneDrive\SoccerVideoMedia\out\autoframe_work\cinematic\043__2025-09-20__TSC_vs_RVFC__GOAL__t3010.00-t3028.00_portrait_POST.__CINEMATIC.__CINEMATIC.__CINEMATIC\follow\stabilized.mp4"
"stabilized","873","False","False","False","8.51","11/17/2025 7:11:34 PM","C:\Users\scott\OneDrive\SoccerVideoMedia\out\autoframe_work\cinematic\043__2025-09-20__TSC_vs_RVFC__GOAL__t3010.00-t3028.00_portrait_POST.__CINEMATIC.__CINEMATIC\follow\stabilized.mp4"
"stabilized","873","False","False","False","11.39","11/17/2025 7:11:59 PM","C:\Users\scott\OneDrive\SoccerVideoMedia\out\autoframe_work\cinematic\043__2025-09-20__TSC_vs_RVFC__GOAL__t3010.00-t3028.00_portrait_POST.__CINEMATIC\follow\stabilized.mp4"
"stabilized","873","False","False","False","19.07","11/17/2025 7:12:24 PM","C:\Users\scott\OneDrive\SoccerVideoMedia\out\autoframe_work\cinematic\043__2025-09-20__TSC_vs_RVFC__GOAL__t3010.00-t3028.00_portrait_POST\follow\stabilized.mp4"
"stabilized","873","False","False","False","1.18","11/17/2025 7:12:47 PM","C:\Users\scott\OneDrive\SoccerVideoMedia\out\autoframe_work\cinematic\044__2025-09-20__TSC_vs_RVFC__GOAL__t3051.00-t3066.00_portrait_POST.__CINEMATIC.__CINEMATIC.__CINEMATIC.__CINEMATIC.__CINEMATIC.__CINEMATIC\follow\stabilized.mp4"
"stabilized","873","False","False","False","1.63","11/17/2025 7:13:08 PM","C:\Users\scott\OneDrive\SoccerVideoMedia\out\autoframe_work\cinematic\044__2025-09-20__TSC_vs_RVFC__GOAL__t3051.00-t3066.00_portrait_POST.__CINEMATIC.__CINEMATIC.__CINEMATIC.__CINEMATIC.__CINEMATIC\follow\stabilized.mp4"
"stabilized","873","False","False","False","3.66","11/17/2025 7:13:28 PM","C:\Users\scott\OneDrive\SoccerVideoMedia\out\autoframe_work\cinematic\044__2025-09-20__TSC_vs_RVFC__GOAL__t3051.00-t3066.00_portrait_POST.__CINEMATIC.__CINEMATIC.__CINEMATIC.__CINEMATIC\follow\stabilized.mp4"
"stabilized","873","False","False","False","5.74","11/17/2025 7:13:47 PM","C:\Users\scott\OneDrive\SoccerVideoMedia\out\autoframe_work\cinematic\044__2025-09-20__TSC_vs_RVFC__GOAL__t3051.00-t3066.00_portrait_POST.__CINEMATIC.__CINEMATIC.__CINEMATIC\follow\stabilized.mp4"
"stabilized","873","False","False","False","6.79","11/17/2025 7:14:08 PM","C:\Users\scott\OneDrive\SoccerVideoMedia\out\autoframe_work\cinematic\044__2025-09-20__TSC_vs_RVFC__GOAL__t3051.00-t3066.00_portrait_POST.__CINEMATIC.__CINEMATIC\follow\stabilized.mp4"
"stabilized","873","False","False","False","9.5","11/17/2025 7:14:29 PM","C:\Users\scott\OneDrive\SoccerVideoMedia\out\autoframe_work\cinematic\044__2025-09-20__TSC_vs_RVFC__GOAL__t3051.00-t3066.00_portrait_POST.__CINEMATIC\follow\stabilized.mp4"
"stabilized","873","False","False","False","14.35","11/17/2025 7:14:51 PM","C:\Users\scott\OneDrive\SoccerVideoMedia\out\autoframe_work\cinematic\044__2025-09-20__TSC_vs_RVFC__GOAL__t3051.00-t3066.00_portrait_POST\follow\stabilized.mp4"
"stabilized","873","False","False","False","2.25","11/17/2025 7:19:30 PM","C:\Users\scott\OneDrive\SoccerVideoMedia\out\autoframe_work\cinematic\003__2025-10-04__TSC_vs_FC_Tulsa_Black__BUILD_UP__t27480.00-t29220.00.__CINEMATIC.__CINEMATIC.__CINEMATIC.__CINEMATIC.__CINEMATIC.__CINEMATIC\follow\stabilized.mp4"
"stabilized","873","False","False","False","1.13","11/17/2025 7:23:54 PM","C:\Users\scott\OneDrive\SoccerVideoMedia\out\autoframe_work\cinematic\004__2025-10-04__TSC_vs_FC_Tulsa_Black__BUILD_UP__t29700.00-t30780.00.__CINEMATIC.__CINEMATIC.__CINEMATIC.__CINEMATIC.__CINEMATIC.__CINEMATIC\follow\stabilized.mp4"
"stabilized","873","False","False","False","0.87","11/17/2025 7:26:31 PM","C:\Users\scott\OneDrive\SoccerVideoMedia\out\autoframe_work\cinematic\005__2025-10-04__TSC_vs_FC_Tulsa_Black__SHOT__t36000.00-t36420.00.__CINEMATIC.__CINEMATIC.__CINEMATIC.__CINEMATIC.__CINEMATIC.__CINEMATIC\follow\stabilized.mp4"
"stabilized","873","False","False","False","41.1","11/17/2025 7:33:41 PM","C:\Users\scott\OneDrive\SoccerVideoMedia\out\autoframe_work\cinematic\006__2025-10-04__TSC_vs_FC_Tulsa_Black__BUILD_UP_GOAL__t40440.00-t43020.00.__DEBUG\follow\stabilized.mp4"
"stabilized","873","False","False","False","1.48","11/17/2025 7:34:20 PM","C:\Users\scott\OneDrive\SoccerVideoMedia\out\autoframe_work\cinematic\007__2025-10-04__TSC_vs_FC_Tulsa_Black__BUILD_UP_SHOT__t46020.00-t47100.00.__CINEMATIC.__CINEMATIC.__CINEMATIC.__CINEMATIC.__CINEMATIC.__CINEMATIC\follow\stabilized.mp4"
"stabilized","873","False","False","False","1.23","11/17/2025 7:37:06 PM","C:\Users\scott\OneDrive\SoccerVideoMedia\out\autoframe_work\cinematic\008__2025-10-04__TSC_vs_FC_Tulsa_Black__BUILD_UP_SHOT__t61500.00-t62400.00.__CINEMATIC.__CINEMATIC.__CINEMATIC.__CINEMATIC.__CINEMATIC.__CINEMATIC\follow\stabilized.mp4"
"stabilized","873","False","False","False","0.99","11/17/2025 7:39:22 PM","C:\Users\scott\OneDrive\SoccerVideoMedia\out\autoframe_work\cinematic\009__2025-10-04__TSC_vs_FC_Tulsa_Black__PRESSURE_SHOT__t62760.00-t63420.00.__CINEMATIC.__CINEMATIC.__CINEMATIC.__CINEMATIC.__CINEMATIC.__CINEMATIC\follow\stabilized.mp4"
"stabilized","873","False","False","False","1.4","11/17/2025 7:41:15 PM","C:\Users\scott\OneDrive\SoccerVideoMedia\out\autoframe_work\cinematic\010__2025-10-04__TSC_vs_FC_Tulsa_Black__BUILD_UP_SHOT__t63480.00-t64800.00.__CINEMATIC.__CINEMATIC.__CINEMATIC.__CINEMATIC.__CINEMATIC.__CINEMATIC\follow\stabilized.mp4"
"stabilized","873","False","False","False","1.6","11/17/2025 7:44:35 PM","C:\Users\scott\OneDrive\SoccerVideoMedia\out\autoframe_work\cinematic\011__2025-10-04__TSC_vs_FC_Tulsa_Black__BUILD_UP_SHOT__t71880.00-t73320.00.__CINEMATIC.__CINEMATIC.__CINEMATIC.__CINEMATIC.__CINEMATIC.__CINEMATIC\follow\stabilized.mp4"
"stabilized","873","False","False","False","0.96","11/17/2025 7:48:03 PM","C:\Users\scott\OneDrive\SoccerVideoMedia\out\autoframe_work\cinematic\012__2025-10-04__TSC_vs_FC_Tulsa_Black__PRESSURE_GOAL__t74340.00-t75180.00.__CINEMATIC.__CINEMATIC.__CINEMATIC.__CINEMATIC.__CINEMATIC.__CINEMATIC\follow\stabilized.mp4"
"stabilized","873","False","False","False","1.24","11/17/2025 7:50:19 PM","C:\Users\scott\OneDrive\SoccerVideoMedia\out\autoframe_work\cinematic\013__2025-10-04__TSC_vs_FC_Tulsa_Black__BUILD_UP_PLAY__t77400.00-t78360.00.__CINEMATIC.__CINEMATIC.__CINEMATIC.__CINEMATIC.__CINEMATIC.__CINEMATIC\follow\stabilized.mp4"
"stabilized","873","False","False","False","0.05","11/17/2025 7:52:36 PM","C:\Users\scott\OneDrive\SoccerVideoMedia\out\autoframe_work\cinematic\014__2025-10-04__TSC_vs_FC_Tulsa_Black__SHOT__t2354400.00-t2394000.00.__CINEMATIC.__CINEMATIC.__CINEMATIC.__CINEMATIC.__CINEMATIC.__CINEMATIC\follow\stabilized.mp4"
"stabilized","873","False","False","False","0.96","11/17/2025 8:00:27 PM","C:\Users\scott\OneDrive\SoccerVideoMedia\out\autoframe_work\cinematic\116__2025-10-04__TSC_vs_FC_Tulsa_Black__DRIBBLING__t387-t412.__CINEMATIC.__CINEMATIC.__CINEMATIC.__CINEMATIC.__CINEMATIC.__CINEMATIC\follow\stabilized.mp4"
"stabilized","873","False","False","False","1.35","11/17/2025 8:00:57 PM","C:\Users\scott\OneDrive\SoccerVideoMedia\out\autoframe_work\cinematic\116__2025-10-04__TSC_vs_FC_Tulsa_Black__DRIBBLING__t387-t412.__CINEMATIC.__CINEMATIC.__CINEMATIC.__CINEMATIC.__CINEMATIC\follow\stabilized.mp4"
"stabilized","873","False","False","False","2.99","11/17/2025 8:01:27 PM","C:\Users\scott\OneDrive\SoccerVideoMedia\out\autoframe_work\cinematic\116__2025-10-04__TSC_vs_FC_Tulsa_Black__DRIBBLING__t387-t412.__CINEMATIC.__CINEMATIC.__CINEMATIC.__CINEMATIC\follow\stabilized.mp4"
"stabilized","873","False","False","False","7.52","11/17/2025 8:01:59 PM","C:\Users\scott\OneDrive\SoccerVideoMedia\out\autoframe_work\cinematic\116__2025-10-04__TSC_vs_FC_Tulsa_Black__DRIBBLING__t387-t412.__CINEMATIC.__CINEMATIC.__CINEMATIC\follow\stabilized.mp4"
"stabilized","873","False","False","False","11.34","11/17/2025 8:02:30 PM","C:\Users\scott\OneDrive\SoccerVideoMedia\out\autoframe_work\cinematic\116__2025-10-04__TSC_vs_FC_Tulsa_Black__DRIBBLING__t387-t412.__CINEMATIC.__CINEMATIC\follow\stabilized.mp4"
"stabilized","873","False","False","False","17.62","11/17/2025 8:03:03 PM","C:\Users\scott\OneDrive\SoccerVideoMedia\out\autoframe_work\cinematic\116__2025-10-04__TSC_vs_FC_Tulsa_Black__DRIBBLING__t387-t412.__CINEMATIC\follow\stabilized.mp4"
"stabilized","873","False","False","False","31.05","11/17/2025 8:03:51 PM","C:\Users\scott\OneDrive\SoccerVideoMedia\out\autoframe_work\cinematic\116__2025-10-04__TSC_vs_FC_Tulsa_Black__DRIBBLING__t387-t412\follow\stabilized.mp4"
"stabilized","873","False","False","False","0.8","11/17/2025 8:16:44 PM","C:\Users\scott\OneDrive\SoccerVideoMedia\out\autoframe_work\cinematic\004__PRESSURE__t640.00-t663.00.__OVERLAY_FINAL.__CINEMATIC.__CINEMATIC.__CINEMATIC.__CINEMATIC.__CINEMATIC.__CINEMATIC\follow\stabilized.mp4"
"stabilized","873","False","False","False","1.24","11/17/2025 8:17:11 PM","C:\Users\scott\OneDrive\SoccerVideoMedia\out\autoframe_work\cinematic\004__PRESSURE__t640.00-t663.00.__OVERLAY_FINAL.__CINEMATIC.__CINEMATIC.__CINEMATIC.__CINEMATIC.__CINEMATIC\follow\stabilized.mp4"
"stabilized","873","False","False","False","3.59","11/17/2025 8:17:39 PM","C:\Users\scott\OneDrive\SoccerVideoMedia\out\autoframe_work\cinematic\004__PRESSURE__t640.00-t663.00.__OVERLAY_FINAL.__CINEMATIC.__CINEMATIC.__CINEMATIC.__CINEMATIC\follow\stabilized.mp4"
"stabilized","873","False","False","False","8.11","11/17/2025 8:18:07 PM","C:\Users\scott\OneDrive\SoccerVideoMedia\out\autoframe_work\cinematic\004__PRESSURE__t640.00-t663.00.__OVERLAY_FINAL.__CINEMATIC.__CINEMATIC.__CINEMATIC\follow\stabilized.mp4"
"stabilized","873","False","False","False","10.74","11/17/2025 8:18:37 PM","C:\Users\scott\OneDrive\SoccerVideoMedia\out\autoframe_work\cinematic\004__PRESSURE__t640.00-t663.00.__OVERLAY_FINAL.__CINEMATIC.__CINEMATIC\follow\stabilized.mp4"
"stabilized","873","False","False","False","15.75","11/17/2025 8:19:07 PM","C:\Users\scott\OneDrive\SoccerVideoMedia\out\autoframe_work\cinematic\004__PRESSURE__t640.00-t663.00.__OVERLAY_FINAL.__CINEMATIC\follow\stabilized.mp4"
"stabilized","873","False","False","False","29.19","11/17/2025 8:19:39 PM","C:\Users\scott\OneDrive\SoccerVideoMedia\out\autoframe_work\cinematic\004__PRESSURE__t640.00-t663.00.__OVERLAY_FINAL\follow\stabilized.mp4"
"stabilized","873","False","False","False","0.78","11/17/2025 8:20:08 PM","C:\Users\scott\OneDrive\SoccerVideoMedia\out\autoframe_work\cinematic\004__PRESSURE__t640.00-t663.00.__OVERLAY_LOCAL_FINAL.__CINEMATIC.__CINEMATIC.__CINEMATIC.__CINEMATIC.__CINEMATIC.__CINEMATIC\follow\stabilized.mp4"
"stabilized","873","False","False","False","1.24","11/17/2025 8:20:36 PM","C:\Users\scott\OneDrive\SoccerVideoMedia\out\autoframe_work\cinematic\004__PRESSURE__t640.00-t663.00.__OVERLAY_LOCAL_FINAL.__CINEMATIC.__CINEMATIC.__CINEMATIC.__CINEMATIC.__CINEMATIC\follow\stabilized.mp4"
"stabilized","873","False","False","False","3.59","11/17/2025 8:21:04 PM","C:\Users\scott\OneDrive\SoccerVideoMedia\out\autoframe_work\cinematic\004__PRESSURE__t640.00-t663.00.__OVERLAY_LOCAL_FINAL.__CINEMATIC.__CINEMATIC.__CINEMATIC.__CINEMATIC\follow\stabilized.mp4"
"stabilized","873","False","False","False","8.1","11/17/2025 8:21:33 PM","C:\Users\scott\OneDrive\SoccerVideoMedia\out\autoframe_work\cinematic\004__PRESSURE__t640.00-t663.00.__OVERLAY_LOCAL_FINAL.__CINEMATIC.__CINEMATIC.__CINEMATIC\follow\stabilized.mp4"
"stabilized","873","False","False","False","10.74","11/17/2025 8:22:03 PM","C:\Users\scott\OneDrive\SoccerVideoMedia\out\autoframe_work\cinematic\004__PRESSURE__t640.00-t663.00.__OVERLAY_LOCAL_FINAL.__CINEMATIC.__CINEMATIC\follow\stabilized.mp4"
"stabilized","873","False","False","False","15.75","11/17/2025 8:22:33 PM","C:\Users\scott\OneDrive\SoccerVideoMedia\out\autoframe_work\cinematic\004__PRESSURE__t640.00-t663.00.__OVERLAY_LOCAL_FINAL.__CINEMATIC\follow\stabilized.mp4"
"stabilized","873","False","False","False","29.19","11/17/2025 8:23:05 PM","C:\Users\scott\OneDrive\SoccerVideoMedia\out\autoframe_work\cinematic\004__PRESSURE__t640.00-t663.00.__OVERLAY_LOCAL_FINAL\follow\stabilized.mp4"
"stabilized","873","False","False","False","0.8","11/17/2025 8:23:40 PM","C:\Users\scott\OneDrive\SoccerVideoMedia\out\autoframe_work\cinematic\004__PRESSURE__t640.00-t663.00.__OVERLAY_plan_sh-1_dx-64_dy-128__localTW_dt-0.02_dx-6_dy-2.__CINEMATIC.__CINEMATIC.__CINEMATIC.__CINEMATIC.__CINEMATIC.__CINEMATIC\follow\stabilized.mp4"
"stabilized","873","False","False","False","1.24","11/17/2025 8:24:07 PM","C:\Users\scott\OneDrive\SoccerVideoMedia\out\autoframe_work\cinematic\004__PRESSURE__t640.00-t663.00.__OVERLAY_plan_sh-1_dx-64_dy-128__localTW_dt-0.02_dx-6_dy-2.__CINEMATIC.__CINEMATIC.__CINEMATIC.__CINEMATIC.__CINEMATIC\follow\stabilized.mp4"
"stabilized","873","False","False","False","3.58","11/17/2025 8:24:35 PM","C:\Users\scott\OneDrive\SoccerVideoMedia\out\autoframe_work\cinematic\004__PRESSURE__t640.00-t663.00.__OVERLAY_plan_sh-1_dx-64_dy-128__localTW_dt-0.02_dx-6_dy-2.__CINEMATIC.__CINEMATIC.__CINEMATIC.__CINEMATIC\follow\stabilized.mp4"
"stabilized","873","False","False","False","8.09","11/17/2025 8:25:03 PM","C:\Users\scott\OneDrive\SoccerVideoMedia\out\autoframe_work\cinematic\004__PRESSURE__t640.00-t663.00.__OVERLAY_plan_sh-1_dx-64_dy-128__localTW_dt-0.02_dx-6_dy-2.__CINEMATIC.__CINEMATIC.__CINEMATIC\follow\stabilized.mp4"
"stabilized","873","False","False","False","10.73","11/17/2025 8:25:31 PM","C:\Users\scott\OneDrive\SoccerVideoMedia\out\autoframe_work\cinematic\004__PRESSURE__t640.00-t663.00.__OVERLAY_plan_sh-1_dx-64_dy-128__localTW_dt-0.02_dx-6_dy-2.__CINEMATIC.__CINEMATIC\follow\stabilized.mp4"
"stabilized","873","False","False","False","15.74","11/17/2025 8:26:03 PM","C:\Users\scott\OneDrive\SoccerVideoMedia\out\autoframe_work\cinematic\004__PRESSURE__t640.00-t663.00.__OVERLAY_plan_sh-1_dx-64_dy-128__localTW_dt-0.02_dx-6_dy-2.__CINEMATIC\follow\stabilized.mp4"
"stabilized","873","False","False","False","29.19","11/17/2025 8:26:33 PM","C:\Users\scott\OneDrive\SoccerVideoMedia\out\autoframe_work\cinematic\004__PRESSURE__t640.00-t663.00.__OVERLAY_plan_sh-1_dx-64_dy-128__localTW_dt-0.02_dx-6_dy-2\follow\stabilized.mp4"
"stabilized","873","False","False","False","1.04","11/17/2025 8:27:29 PM","C:\Users\scott\OneDrive\SoccerVideoMedia\out\autoframe_work\cinematic\005__GOAL__t1.855.00-t1.870.00.__CINEMATIC.__CINEMATIC.__CINEMATIC.__CINEMATIC.__CINEMATIC.__CINEMATIC\follow\stabilized.mp4"
"stabilized","873","False","False","False","1.39","11/17/2025 8:27:48 PM","C:\Users\scott\OneDrive\SoccerVideoMedia\out\autoframe_work\cinematic\005__GOAL__t1.855.00-t1.870.00.__CINEMATIC.__CINEMATIC.__CINEMATIC.__CINEMATIC.__CINEMATIC\follow\stabilized.mp4"
"stabilized","873","False","False","False","2.98","11/17/2025 8:28:07 PM","C:\Users\scott\OneDrive\SoccerVideoMedia\out\autoframe_work\cinematic\005__GOAL__t1.855.00-t1.870.00.__CINEMATIC.__CINEMATIC.__CINEMATIC.__CINEMATIC\follow\stabilized.mp4"
"stabilized","873","False","False","False","5.83","11/17/2025 8:28:26 PM","C:\Users\scott\OneDrive\SoccerVideoMedia\out\autoframe_work\cinematic\005__GOAL__t1.855.00-t1.870.00.__CINEMATIC.__CINEMATIC.__CINEMATIC\follow\stabilized.mp4"
"stabilized","873","False","False","False","7.57","11/17/2025 8:28:47 PM","C:\Users\scott\OneDrive\SoccerVideoMedia\out\autoframe_work\cinematic\005__GOAL__t1.855.00-t1.870.00.__CINEMATIC.__CINEMATIC\follow\stabilized.mp4"
"stabilized","873","False","False","False","9.68","11/17/2025 8:29:07 PM","C:\Users\scott\OneDrive\SoccerVideoMedia\out\autoframe_work\cinematic\005__GOAL__t1.855.00-t1.870.00.__CINEMATIC\follow\stabilized.mp4"
"stabilized","873","False","False","False","14.9","11/17/2025 8:29:34 PM","C:\Users\scott\OneDrive\SoccerVideoMedia\out\autoframe_work\cinematic\005__GOAL__t1.855.00-t1.870.00\follow\stabilized.mp4"
"stabilized","873","False","False","False","1.41","11/17/2025 8:29:55 PM","C:\Users\scott\OneDrive\SoccerVideoMedia\out\autoframe_work\cinematic\006__GOAL__t2.035.00-t2.054.00.__CINEMATIC.__CINEMATIC.__CINEMATIC.__CINEMATIC.__CINEMATIC.__CINEMATIC\follow\stabilized.mp4"
"stabilized","873","False","False","False","1.93","11/17/2025 8:30:18 PM","C:\Users\scott\OneDrive\SoccerVideoMedia\out\autoframe_work\cinematic\006__GOAL__t2.035.00-t2.054.00.__CINEMATIC.__CINEMATIC.__CINEMATIC.__CINEMATIC.__CINEMATIC\follow\stabilized.mp4"
"stabilized","873","False","False","False","4.21","11/17/2025 8:30:41 PM","C:\Users\scott\OneDrive\SoccerVideoMedia\out\autoframe_work\cinematic\006__GOAL__t2.035.00-t2.054.00.__CINEMATIC.__CINEMATIC.__CINEMATIC.__CINEMATIC\follow\stabilized.mp4"
"stabilized","873","False","False","False","7.65","11/17/2025 8:31:05 PM","C:\Users\scott\OneDrive\SoccerVideoMedia\out\autoframe_work\cinematic\006__GOAL__t2.035.00-t2.054.00.__CINEMATIC.__CINEMATIC.__CINEMATIC\follow\stabilized.mp4"
"stabilized","873","False","False","False","9.68","11/17/2025 8:31:29 PM","C:\Users\scott\OneDrive\SoccerVideoMedia\out\autoframe_work\cinematic\006__GOAL__t2.035.00-t2.054.00.__CINEMATIC.__CINEMATIC\follow\stabilized.mp4"
"stabilized","873","False","False","False","12.38","11/17/2025 8:31:54 PM","C:\Users\scott\OneDrive\SoccerVideoMedia\out\autoframe_work\cinematic\006__GOAL__t2.035.00-t2.054.00.__CINEMATIC\follow\stabilized.mp4"
"stabilized","873","False","False","False","17.92","11/17/2025 8:32:19 PM","C:\Users\scott\OneDrive\SoccerVideoMedia\out\autoframe_work\cinematic\006__GOAL__t2.035.00-t2.054.00\follow\stabilized.mp4"
"stabilized","873","False","False","False","0.91","11/17/2025 8:32:42 PM","C:\Users\scott\OneDrive\SoccerVideoMedia\out\autoframe_work\cinematic\007__CROSS__t2.212.00-t2.228.00.__CINEMATIC.__CINEMATIC.__CINEMATIC.__CINEMATIC.__CINEMATIC.__CINEMATIC\follow\stabilized.mp4"
"stabilized","873","False","False","False","1.12","11/17/2025 8:33:02 PM","C:\Users\scott\OneDrive\SoccerVideoMedia\out\autoframe_work\cinematic\007__CROSS__t2.212.00-t2.228.00.__CINEMATIC.__CINEMATIC.__CINEMATIC.__CINEMATIC.__CINEMATIC\follow\stabilized.mp4"
"stabilized","873","False","False","False","2.72","11/17/2025 8:33:22 PM","C:\Users\scott\OneDrive\SoccerVideoMedia\out\autoframe_work\cinematic\007__CROSS__t2.212.00-t2.228.00.__CINEMATIC.__CINEMATIC.__CINEMATIC.__CINEMATIC\follow\stabilized.mp4"
"stabilized","873","False","False","False","5.87","11/17/2025 8:33:43 PM","C:\Users\scott\OneDrive\SoccerVideoMedia\out\autoframe_work\cinematic\007__CROSS__t2.212.00-t2.228.00.__CINEMATIC.__CINEMATIC.__CINEMATIC\follow\stabilized.mp4"
"stabilized","873","False","False","False","7.37","11/17/2025 8:34:05 PM","C:\Users\scott\OneDrive\SoccerVideoMedia\out\autoframe_work\cinematic\007__CROSS__t2.212.00-t2.228.00.__CINEMATIC.__CINEMATIC\follow\stabilized.mp4"
"stabilized","873","False","False","False","10.49","11/17/2025 8:34:30 PM","C:\Users\scott\OneDrive\SoccerVideoMedia\out\autoframe_work\cinematic\007__CROSS__t2.212.00-t2.228.00.__CINEMATIC\follow\stabilized.mp4"
"stabilized","873","False","False","False","16.26","11/17/2025 8:34:53 PM","C:\Users\scott\OneDrive\SoccerVideoMedia\out\autoframe_work\cinematic\007__CROSS__t2.212.00-t2.228.00\follow\stabilized.mp4"
"stabilized","873","False","False","False","0.39","11/17/2025 8:35:08 PM","C:\Users\scott\OneDrive\SoccerVideoMedia\out\autoframe_work\cinematic\008__BUILD_UP__t2.438.00-t2.442.00.__CINEMATIC.__CINEMATIC.__CINEMATIC.__CINEMATIC.__CINEMATIC.__CINEMATIC\follow\stabilized.mp4"
"stabilized","873","False","False","False","0.51","11/17/2025 8:35:14 PM","C:\Users\scott\OneDrive\SoccerVideoMedia\out\autoframe_work\cinematic\008__BUILD_UP__t2.438.00-t2.442.00.__CINEMATIC.__CINEMATIC.__CINEMATIC.__CINEMATIC.__CINEMATIC\follow\stabilized.mp4"
"stabilized","873","False","False","False","0.93","11/17/2025 8:35:20 PM","C:\Users\scott\OneDrive\SoccerVideoMedia\out\autoframe_work\cinematic\008__BUILD_UP__t2.438.00-t2.442.00.__CINEMATIC.__CINEMATIC.__CINEMATIC.__CINEMATIC\follow\stabilized.mp4"
"stabilized","873","False","False","False","1.8","11/17/2025 8:35:26 PM","C:\Users\scott\OneDrive\SoccerVideoMedia\out\autoframe_work\cinematic\008__BUILD_UP__t2.438.00-t2.442.00.__CINEMATIC.__CINEMATIC.__CINEMATIC\follow\stabilized.mp4"
"stabilized","873","False","False","False","2.44","11/17/2025 8:35:33 PM","C:\Users\scott\OneDrive\SoccerVideoMedia\out\autoframe_work\cinematic\008__BUILD_UP__t2.438.00-t2.442.00.__CINEMATIC.__CINEMATIC\follow\stabilized.mp4"
"stabilized","873","False","False","False","3.42","11/17/2025 8:35:40 PM","C:\Users\scott\OneDrive\SoccerVideoMedia\out\autoframe_work\cinematic\008__BUILD_UP__t2.438.00-t2.442.00.__CINEMATIC\follow\stabilized.mp4"
"stabilized","873","False","False","False","4.67","11/17/2025 8:35:47 PM","C:\Users\scott\OneDrive\SoccerVideoMedia\out\autoframe_work\cinematic\008__BUILD_UP__t2.438.00-t2.442.00\follow\stabilized.mp4"
"stabilized","873","False","False","False","0.68","11/17/2025 8:35:58 PM","C:\Users\scott\OneDrive\SoccerVideoMedia\out\autoframe_work\cinematic\009__BUILD_UP__t2.673.00-t2.685.00.__CINEMATIC.__CINEMATIC.__CINEMATIC.__CINEMATIC.__CINEMATIC.__CINEMATIC\follow\stabilized.mp4"
"stabilized","873","False","False","False","0.85","11/17/2025 8:36:13 PM","C:\Users\scott\OneDrive\SoccerVideoMedia\out\autoframe_work\cinematic\009__BUILD_UP__t2.673.00-t2.685.00.__CINEMATIC.__CINEMATIC.__CINEMATIC.__CINEMATIC.__CINEMATIC\follow\stabilized.mp4"
"stabilized","873","False","False","False","1.97","11/17/2025 8:36:29 PM","C:\Users\scott\OneDrive\SoccerVideoMedia\out\autoframe_work\cinematic\009__BUILD_UP__t2.673.00-t2.685.00.__CINEMATIC.__CINEMATIC.__CINEMATIC.__CINEMATIC\follow\stabilized.mp4"
"stabilized","873","False","False","False","4.12","11/17/2025 8:36:44 PM","C:\Users\scott\OneDrive\SoccerVideoMedia\out\autoframe_work\cinematic\009__BUILD_UP__t2.673.00-t2.685.00.__CINEMATIC.__CINEMATIC.__CINEMATIC\follow\stabilized.mp4"
"stabilized","873","False","False","False","5.44","11/17/2025 8:37:01 PM","C:\Users\scott\OneDrive\SoccerVideoMedia\out\autoframe_work\cinematic\009__BUILD_UP__t2.673.00-t2.685.00.__CINEMATIC.__CINEMATIC\follow\stabilized.mp4"
"stabilized","873","False","False","False","8.05","11/17/2025 8:37:17 PM","C:\Users\scott\OneDrive\SoccerVideoMedia\out\autoframe_work\cinematic\009__BUILD_UP__t2.673.00-t2.685.00.__CINEMATIC\follow\stabilized.mp4"
"stabilized","873","False","False","False","13.1","11/17/2025 8:37:34 PM","C:\Users\scott\OneDrive\SoccerVideoMedia\out\autoframe_work\cinematic\009__BUILD_UP__t2.673.00-t2.685.00\follow\stabilized.mp4"
"stabilized","873","False","False","False","0.78","11/17/2025 8:37:51 PM","C:\Users\scott\OneDrive\SoccerVideoMedia\out\autoframe_work\cinematic\010__PRESSURE__t2.694.00-t2.706.00.__CINEMATIC.__CINEMATIC.__CINEMATIC.__CINEMATIC.__CINEMATIC.__CINEMATIC\follow\stabilized.mp4"
"stabilized","873","False","False","False","1","11/17/2025 8:38:06 PM","C:\Users\scott\OneDrive\SoccerVideoMedia\out\autoframe_work\cinematic\010__PRESSURE__t2.694.00-t2.706.00.__CINEMATIC.__CINEMATIC.__CINEMATIC.__CINEMATIC.__CINEMATIC\follow\stabilized.mp4"
"stabilized","873","False","False","False","2.12","11/17/2025 8:38:22 PM","C:\Users\scott\OneDrive\SoccerVideoMedia\out\autoframe_work\cinematic\010__PRESSURE__t2.694.00-t2.706.00.__CINEMATIC.__CINEMATIC.__CINEMATIC.__CINEMATIC\follow\stabilized.mp4"
"stabilized","873","False","False","False","4.29","11/17/2025 8:38:38 PM","C:\Users\scott\OneDrive\SoccerVideoMedia\out\autoframe_work\cinematic\010__PRESSURE__t2.694.00-t2.706.00.__CINEMATIC.__CINEMATIC.__CINEMATIC\follow\stabilized.mp4"
"stabilized","873","False","False","False","6.02","11/17/2025 8:38:54 PM","C:\Users\scott\OneDrive\SoccerVideoMedia\out\autoframe_work\cinematic\010__PRESSURE__t2.694.00-t2.706.00.__CINEMATIC.__CINEMATIC\follow\stabilized.mp4"
"stabilized","873","False","False","False","8.16","11/17/2025 8:39:11 PM","C:\Users\scott\OneDrive\SoccerVideoMedia\out\autoframe_work\cinematic\010__PRESSURE__t2.694.00-t2.706.00.__CINEMATIC\follow\stabilized.mp4"
"stabilized","873","False","False","False","12.86","11/17/2025 8:39:28 PM","C:\Users\scott\OneDrive\SoccerVideoMedia\out\autoframe_work\cinematic\010__PRESSURE__t2.694.00-t2.706.00\follow\stabilized.mp4"
"stabilized","873","False","False","False","1.55","11/17/2025 8:39:54 PM","C:\Users\scott\OneDrive\SoccerVideoMedia\out\autoframe_work\cinematic\011__PRESSURE__t2.711.00-t2.736.00.__CINEMATIC.__CINEMATIC.__CINEMATIC.__CINEMATIC.__CINEMATIC.__CINEMATIC\follow\stabilized.mp4"
"stabilized","873","False","False","False","2.06","11/17/2025 8:40:25 PM","C:\Users\scott\OneDrive\SoccerVideoMedia\out\autoframe_work\cinematic\011__PRESSURE__t2.711.00-t2.736.00.__CINEMATIC.__CINEMATIC.__CINEMATIC.__CINEMATIC.__CINEMATIC\follow\stabilized.mp4"
"stabilized","873","False","False","False","4.56","11/17/2025 8:40:55 PM","C:\Users\scott\OneDrive\SoccerVideoMedia\out\autoframe_work\cinematic\011__PRESSURE__t2.711.00-t2.736.00.__CINEMATIC.__CINEMATIC.__CINEMATIC.__CINEMATIC\follow\stabilized.mp4"
"stabilized","873","False","False","False","9.52","11/17/2025 8:41:27 PM","C:\Users\scott\OneDrive\SoccerVideoMedia\out\autoframe_work\cinematic\011__PRESSURE__t2.711.00-t2.736.00.__CINEMATIC.__CINEMATIC.__CINEMATIC\follow\stabilized.mp4"
"stabilized","873","False","False","False","13.68","11/17/2025 8:41:59 PM","C:\Users\scott\OneDrive\SoccerVideoMedia\out\autoframe_work\cinematic\011__PRESSURE__t2.711.00-t2.736.00.__CINEMATIC.__CINEMATIC\follow\stabilized.mp4"
"stabilized","873","False","False","False","19.32","11/17/2025 8:42:32 PM","C:\Users\scott\OneDrive\SoccerVideoMedia\out\autoframe_work\cinematic\011__PRESSURE__t2.711.00-t2.736.00.__CINEMATIC\follow\stabilized.mp4"
"stabilized","873","False","False","False","27.63","11/17/2025 8:43:07 PM","C:\Users\scott\OneDrive\SoccerVideoMedia\out\autoframe_work\cinematic\011__PRESSURE__t2.711.00-t2.736.00\follow\stabilized.mp4"
"stabilized","873","False","False","False","1.14","11/17/2025 8:52:21 PM","C:\Users\scott\OneDrive\SoccerVideoMedia\out\autoframe_work\cinematic\003__Pressure, Cross and Goal__0_16_09-0_16_33.__CINEMATIC.__CINEMATIC.__CINEMATIC.__CINEMATIC.__CINEMATIC.__CINEMATIC\follow\stabilized.mp4"
"stabilized","873","False","False","False","1.38","11/17/2025 8:52:49 PM","C:\Users\scott\OneDrive\SoccerVideoMedia\out\autoframe_work\cinematic\003__Pressure, Cross and Goal__0_16_09-0_16_33.__CINEMATIC.__CINEMATIC.__CINEMATIC.__CINEMATIC.__CINEMATIC\follow\stabilized.mp4"
"stabilized","873","False","False","False","2.88","11/17/2025 8:53:18 PM","C:\Users\scott\OneDrive\SoccerVideoMedia\out\autoframe_work\cinematic\003__Pressure, Cross and Goal__0_16_09-0_16_33.__CINEMATIC.__CINEMATIC.__CINEMATIC.__CINEMATIC\follow\stabilized.mp4"
"stabilized","873","False","False","False","5.96","11/17/2025 8:53:47 PM","C:\Users\scott\OneDrive\SoccerVideoMedia\out\autoframe_work\cinematic\003__Pressure, Cross and Goal__0_16_09-0_16_33.__CINEMATIC.__CINEMATIC.__CINEMATIC\follow\stabilized.mp4"
"stabilized","873","False","False","False","7.66","11/17/2025 8:54:17 PM","C:\Users\scott\OneDrive\SoccerVideoMedia\out\autoframe_work\cinematic\003__Pressure, Cross and Goal__0_16_09-0_16_33.__CINEMATIC.__CINEMATIC\follow\stabilized.mp4"
"stabilized","873","False","False","False","10.16","11/17/2025 8:54:47 PM","C:\Users\scott\OneDrive\SoccerVideoMedia\out\autoframe_work\cinematic\003__Pressure, Cross and Goal__0_16_09-0_16_33.__CINEMATIC\follow\stabilized.mp4"
"stabilized","873","False","False","False","15.23","11/17/2025 8:55:18 PM","C:\Users\scott\OneDrive\SoccerVideoMedia\out\autoframe_work\cinematic\003__Pressure, Cross and Goal__0_16_09-0_16_33\follow\stabilized.mp4"
"stabilized","873","False","False","False","1.37","11/17/2025 8:55:50 PM","C:\Users\scott\OneDrive\SoccerVideoMedia\out\autoframe_work\cinematic\004__Pressure & Shot__0_23_24-0_23_53.__CINEMATIC.__CINEMATIC.__CINEMATIC.__CINEMATIC.__CINEMATIC.__CINEMATIC\follow\stabilized.mp4"
"stabilized","873","False","False","False","1.56","11/17/2025 8:56:30 PM","C:\Users\scott\OneDrive\SoccerVideoMedia\out\autoframe_work\cinematic\004__Pressure & Shot__0_23_24-0_23_53.__CINEMATIC.__CINEMATIC.__CINEMATIC.__CINEMATIC.__CINEMATIC\follow\stabilized.mp4"
"stabilized","873","False","False","False","3.26","11/17/2025 8:57:04 PM","C:\Users\scott\OneDrive\SoccerVideoMedia\out\autoframe_work\cinematic\004__Pressure & Shot__0_23_24-0_23_53.__CINEMATIC.__CINEMATIC.__CINEMATIC.__CINEMATIC\follow\stabilized.mp4"
"stabilized","873","False","False","False","7.73","11/17/2025 8:57:39 PM","C:\Users\scott\OneDrive\SoccerVideoMedia\out\autoframe_work\cinematic\004__Pressure & Shot__0_23_24-0_23_53.__CINEMATIC.__CINEMATIC.__CINEMATIC\follow\stabilized.mp4"
"stabilized","873","False","False","False","10.37","11/17/2025 8:58:15 PM","C:\Users\scott\OneDrive\SoccerVideoMedia\out\autoframe_work\cinematic\004__Pressure & Shot__0_23_24-0_23_53.__CINEMATIC.__CINEMATIC\follow\stabilized.mp4"
"stabilized","873","False","False","False","13.21","11/17/2025 8:58:52 PM","C:\Users\scott\OneDrive\SoccerVideoMedia\out\autoframe_work\cinematic\004__Pressure & Shot__0_23_24-0_23_53.__CINEMATIC\follow\stabilized.mp4"
"stabilized","873","False","False","False","19.32","11/17/2025 8:59:30 PM","C:\Users\scott\OneDrive\SoccerVideoMedia\out\autoframe_work\cinematic\004__Pressure & Shot__0_23_24-0_23_53\follow\stabilized.mp4"
"stabilized","873","False","False","False","0.67","11/17/2025 8:59:59 PM","C:\Users\scott\OneDrive\SoccerVideoMedia\out\autoframe_work\cinematic\005__Build Up & Cross__0_28_28-0_28_42.__CINEMATIC.__CINEMATIC.__CINEMATIC.__CINEMATIC.__CINEMATIC.__CINEMATIC\follow\stabilized.mp4"
"stabilized","873","False","False","False","0.78","11/17/2025 9:00:16 PM","C:\Users\scott\OneDrive\SoccerVideoMedia\out\autoframe_work\cinematic\005__Build Up & Cross__0_28_28-0_28_42.__CINEMATIC.__CINEMATIC.__CINEMATIC.__CINEMATIC.__CINEMATIC\follow\stabilized.mp4"
"stabilized","873","False","False","False","1.47","11/17/2025 9:00:33 PM","C:\Users\scott\OneDrive\SoccerVideoMedia\out\autoframe_work\cinematic\005__Build Up & Cross__0_28_28-0_28_42.__CINEMATIC.__CINEMATIC.__CINEMATIC.__CINEMATIC\follow\stabilized.mp4"
"stabilized","873","False","False","False","3.11","11/17/2025 9:00:51 PM","C:\Users\scott\OneDrive\SoccerVideoMedia\out\autoframe_work\cinematic\005__Build Up & Cross__0_28_28-0_28_42.__CINEMATIC.__CINEMATIC.__CINEMATIC\follow\stabilized.mp4"
"stabilized","873","False","False","False","4","11/17/2025 9:01:09 PM","C:\Users\scott\OneDrive\SoccerVideoMedia\out\autoframe_work\cinematic\005__Build Up & Cross__0_28_28-0_28_42.__CINEMATIC.__CINEMATIC\follow\stabilized.mp4"
"stabilized","873","False","False","False","4.71","11/17/2025 9:01:27 PM","C:\Users\scott\OneDrive\SoccerVideoMedia\out\autoframe_work\cinematic\005__Build Up & Cross__0_28_28-0_28_42.__CINEMATIC\follow\stabilized.mp4"
"stabilized","873","False","False","False","7.18","11/17/2025 9:01:46 PM","C:\Users\scott\OneDrive\SoccerVideoMedia\out\autoframe_work\cinematic\005__Build Up & Cross__0_28_28-0_28_42\follow\stabilized.mp4"
"stabilized","873","False","False","False","0.65","11/17/2025 9:02:02 PM","C:\Users\scott\OneDrive\SoccerVideoMedia\out\autoframe_work\cinematic\006__Cross__0_30_29-0_30_37.__CINEMATIC.__CINEMATIC.__CINEMATIC.__CINEMATIC.__CINEMATIC.__CINEMATIC\follow\stabilized.mp4"
"stabilized","873","False","False","False","0.83","11/17/2025 9:02:12 PM","C:\Users\scott\OneDrive\SoccerVideoMedia\out\autoframe_work\cinematic\006__Cross__0_30_29-0_30_37.__CINEMATIC.__CINEMATIC.__CINEMATIC.__CINEMATIC.__CINEMATIC\follow\stabilized.mp4"
"stabilized","873","False","False","False","1.66","11/17/2025 9:02:23 PM","C:\Users\scott\OneDrive\SoccerVideoMedia\out\autoframe_work\cinematic\006__Cross__0_30_29-0_30_37.__CINEMATIC.__CINEMATIC.__CINEMATIC.__CINEMATIC\follow\stabilized.mp4"
"stabilized","873","False","False","False","2.91","11/17/2025 9:02:34 PM","C:\Users\scott\OneDrive\SoccerVideoMedia\out\autoframe_work\cinematic\006__Cross__0_30_29-0_30_37.__CINEMATIC.__CINEMATIC.__CINEMATIC\follow\stabilized.mp4"
"stabilized","873","False","False","False","3.45","11/17/2025 9:02:45 PM","C:\Users\scott\OneDrive\SoccerVideoMedia\out\autoframe_work\cinematic\006__Cross__0_30_29-0_30_37.__CINEMATIC.__CINEMATIC\follow\stabilized.mp4"
"stabilized","873","False","False","False","4.12","11/17/2025 9:02:57 PM","C:\Users\scott\OneDrive\SoccerVideoMedia\out\autoframe_work\cinematic\006__Cross__0_30_29-0_30_37.__CINEMATIC\follow\stabilized.mp4"
"stabilized","873","False","False","False","5.58","11/17/2025 9:03:08 PM","C:\Users\scott\OneDrive\SoccerVideoMedia\out\autoframe_work\cinematic\006__Cross__0_30_29-0_30_37\follow\stabilized.mp4"
"stabilized","873","False","False","False","0.82","11/17/2025 9:03:26 PM","C:\Users\scott\OneDrive\SoccerVideoMedia\out\autoframe_work\cinematic\007__Cross, Pressure & Shot__0_42_24-0_42_45.__CINEMATIC.__CINEMATIC.__CINEMATIC.__CINEMATIC.__CINEMATIC.__CINEMATIC\follow\stabilized.mp4"
"stabilized","873","False","False","False","1.01","11/17/2025 9:03:51 PM","C:\Users\scott\OneDrive\SoccerVideoMedia\out\autoframe_work\cinematic\007__Cross, Pressure & Shot__0_42_24-0_42_45.__CINEMATIC.__CINEMATIC.__CINEMATIC.__CINEMATIC.__CINEMATIC\follow\stabilized.mp4"
"stabilized","873","False","False","False","2.19","11/17/2025 9:04:15 PM","C:\Users\scott\OneDrive\SoccerVideoMedia\out\autoframe_work\cinematic\007__Cross, Pressure & Shot__0_42_24-0_42_45.__CINEMATIC.__CINEMATIC.__CINEMATIC.__CINEMATIC\follow\stabilized.mp4"
"stabilized","873","False","False","False","4.44","11/17/2025 9:04:40 PM","C:\Users\scott\OneDrive\SoccerVideoMedia\out\autoframe_work\cinematic\007__Cross, Pressure & Shot__0_42_24-0_42_45.__CINEMATIC.__CINEMATIC.__CINEMATIC\follow\stabilized.mp4"
"stabilized","873","False","False","False","5.81","11/17/2025 9:05:07 PM","C:\Users\scott\OneDrive\SoccerVideoMedia\out\autoframe_work\cinematic\007__Cross, Pressure & Shot__0_42_24-0_42_45.__CINEMATIC.__CINEMATIC\follow\stabilized.mp4"
"stabilized","873","False","False","False","7.73","11/17/2025 9:05:33 PM","C:\Users\scott\OneDrive\SoccerVideoMedia\out\autoframe_work\cinematic\007__Cross, Pressure & Shot__0_42_24-0_42_45.__CINEMATIC\follow\stabilized.mp4"
"stabilized","873","False","False","False","12.2","11/17/2025 9:06:00 PM","C:\Users\scott\OneDrive\SoccerVideoMedia\out\autoframe_work\cinematic\007__Cross, Pressure & Shot__0_42_24-0_42_45\follow\stabilized.mp4"
"stabilized","873","False","False","False","0.62","11/17/2025 9:06:19 PM","C:\Users\scott\OneDrive\SoccerVideoMedia\out\autoframe_work\cinematic\008__Cross__0_47_09-0_47_18.__CINEMATIC.__CINEMATIC.__CINEMATIC.__CINEMATIC.__CINEMATIC.__CINEMATIC\follow\stabilized.mp4"
"stabilized","873","False","False","False","0.79","11/17/2025 9:06:31 PM","C:\Users\scott\OneDrive\SoccerVideoMedia\out\autoframe_work\cinematic\008__Cross__0_47_09-0_47_18.__CINEMATIC.__CINEMATIC.__CINEMATIC.__CINEMATIC.__CINEMATIC\follow\stabilized.mp4"
"stabilized","873","False","False","False","1.48","11/17/2025 9:06:43 PM","C:\Users\scott\OneDrive\SoccerVideoMedia\out\autoframe_work\cinematic\008__Cross__0_47_09-0_47_18.__CINEMATIC.__CINEMATIC.__CINEMATIC.__CINEMATIC\follow\stabilized.mp4"
"stabilized","873","False","False","False","3","11/17/2025 9:06:55 PM","C:\Users\scott\OneDrive\SoccerVideoMedia\out\autoframe_work\cinematic\008__Cross__0_47_09-0_47_18.__CINEMATIC.__CINEMATIC.__CINEMATIC\follow\stabilized.mp4"
"stabilized","873","False","False","False","3.97","11/17/2025 9:07:07 PM","C:\Users\scott\OneDrive\SoccerVideoMedia\out\autoframe_work\cinematic\008__Cross__0_47_09-0_47_18.__CINEMATIC.__CINEMATIC\follow\stabilized.mp4"
"stabilized","873","False","False","False","4.42","11/17/2025 9:07:20 PM","C:\Users\scott\OneDrive\SoccerVideoMedia\out\autoframe_work\cinematic\008__Cross__0_47_09-0_47_18.__CINEMATIC\follow\stabilized.mp4"
"stabilized","873","False","False","False","5.59","11/17/2025 9:07:32 PM","C:\Users\scott\OneDrive\SoccerVideoMedia\out\autoframe_work\cinematic\008__Cross__0_47_09-0_47_18\follow\stabilized.mp4"
"stabilized","873","False","False","False","0.82","11/17/2025 9:07:49 PM","C:\Users\scott\OneDrive\SoccerVideoMedia\out\autoframe_work\cinematic\009__Cross, Shots__0_50_40-0_50_57.__CINEMATIC.__CINEMATIC.__CINEMATIC.__CINEMATIC.__CINEMATIC.__CINEMATIC\follow\stabilized.mp4"
"stabilized","873","False","False","False","0.93","11/17/2025 9:08:09 PM","C:\Users\scott\OneDrive\SoccerVideoMedia\out\autoframe_work\cinematic\009__Cross, Shots__0_50_40-0_50_57.__CINEMATIC.__CINEMATIC.__CINEMATIC.__CINEMATIC.__CINEMATIC\follow\stabilized.mp4"
"stabilized","873","False","False","False","1.67","11/17/2025 9:08:30 PM","C:\Users\scott\OneDrive\SoccerVideoMedia\out\autoframe_work\cinematic\009__Cross, Shots__0_50_40-0_50_57.__CINEMATIC.__CINEMATIC.__CINEMATIC.__CINEMATIC\follow\stabilized.mp4"
"stabilized","873","False","False","False","3.8","11/17/2025 9:08:51 PM","C:\Users\scott\OneDrive\SoccerVideoMedia\out\autoframe_work\cinematic\009__Cross, Shots__0_50_40-0_50_57.__CINEMATIC.__CINEMATIC.__CINEMATIC\follow\stabilized.mp4"
"stabilized","873","False","False","False","5.09","11/17/2025 9:09:19 PM","C:\Users\scott\OneDrive\SoccerVideoMedia\out\autoframe_work\cinematic\009__Cross, Shots__0_50_40-0_50_57.__CINEMATIC.__CINEMATIC\follow\stabilized.mp4"
"stabilized","873","False","False","False","6.51","11/17/2025 9:09:41 PM","C:\Users\scott\OneDrive\SoccerVideoMedia\out\autoframe_work\cinematic\009__Cross, Shots__0_50_40-0_50_57.__CINEMATIC\follow\stabilized.mp4"
"stabilized","873","False","False","False","9.44","11/17/2025 9:10:03 PM","C:\Users\scott\OneDrive\SoccerVideoMedia\out\autoframe_work\cinematic\009__Cross, Shots__0_50_40-0_50_57\follow\stabilized.mp4"
"stabilized","873","False","False","False","1.77","11/17/2025 9:10:35 PM","C:\Users\scott\OneDrive\SoccerVideoMedia\out\autoframe_work\cinematic\010__Build Up, Cross, Shot & Goal__0_55_26-0_56_02.__CINEMATIC.__CINEMATIC.__CINEMATIC.__CINEMATIC.__CINEMATIC.__CINEMATIC\follow\stabilized.mp4"
"stabilized","873","False","False","False","2.1","11/17/2025 9:11:17 PM","C:\Users\scott\OneDrive\SoccerVideoMedia\out\autoframe_work\cinematic\010__Build Up, Cross, Shot & Goal__0_55_26-0_56_02.__CINEMATIC.__CINEMATIC.__CINEMATIC.__CINEMATIC.__CINEMATIC\follow\stabilized.mp4"
"stabilized","873","False","False","False","4.37","11/17/2025 9:11:59 PM","C:\Users\scott\OneDrive\SoccerVideoMedia\out\autoframe_work\cinematic\010__Build Up, Cross, Shot & Goal__0_55_26-0_56_02.__CINEMATIC.__CINEMATIC.__CINEMATIC.__CINEMATIC\follow\stabilized.mp4"
"stabilized","873","False","False","False","10.17","11/17/2025 9:12:42 PM","C:\Users\scott\OneDrive\SoccerVideoMedia\out\autoframe_work\cinematic\010__Build Up, Cross, Shot & Goal__0_55_26-0_56_02.__CINEMATIC.__CINEMATIC.__CINEMATIC\follow\stabilized.mp4"
"stabilized","873","False","False","False","14","11/17/2025 9:13:26 PM","C:\Users\scott\OneDrive\SoccerVideoMedia\out\autoframe_work\cinematic\010__Build Up, Cross, Shot & Goal__0_55_26-0_56_02.__CINEMATIC.__CINEMATIC\follow\stabilized.mp4"
"stabilized","873","False","False","False","17.62","11/17/2025 9:14:12 PM","C:\Users\scott\OneDrive\SoccerVideoMedia\out\autoframe_work\cinematic\010__Build Up, Cross, Shot & Goal__0_55_26-0_56_02.__CINEMATIC\follow\stabilized.mp4"
"stabilized","873","False","False","False","23.73","11/17/2025 9:14:59 PM","C:\Users\scott\OneDrive\SoccerVideoMedia\out\autoframe_work\cinematic\010__Build Up, Cross, Shot & Goal__0_55_26-0_56_02\follow\stabilized.mp4"
"stabilized","873","False","False","False","1.78","11/17/2025 9:15:44 PM","C:\Users\scott\OneDrive\SoccerVideoMedia\out\autoframe_work\cinematic\011__Build Up__1_00_43-1_01_22.__CINEMATIC.__CINEMATIC.__CINEMATIC.__CINEMATIC.__CINEMATIC.__CINEMATIC\follow\stabilized.mp4"
"stabilized","873","False","False","False","2.15","11/17/2025 9:16:29 PM","C:\Users\scott\OneDrive\SoccerVideoMedia\out\autoframe_work\cinematic\011__Build Up__1_00_43-1_01_22.__CINEMATIC.__CINEMATIC.__CINEMATIC.__CINEMATIC.__CINEMATIC\follow\stabilized.mp4"
"stabilized","873","False","False","False","4.4","11/17/2025 9:17:14 PM","C:\Users\scott\OneDrive\SoccerVideoMedia\out\autoframe_work\cinematic\011__Build Up__1_00_43-1_01_22.__CINEMATIC.__CINEMATIC.__CINEMATIC.__CINEMATIC\follow\stabilized.mp4"
"stabilized","873","False","False","False","9.54","11/17/2025 9:18:00 PM","C:\Users\scott\OneDrive\SoccerVideoMedia\out\autoframe_work\cinematic\011__Build Up__1_00_43-1_01_22.__CINEMATIC.__CINEMATIC.__CINEMATIC\follow\stabilized.mp4"
"stabilized","873","False","False","False","12.87","11/17/2025 9:18:47 PM","C:\Users\scott\OneDrive\SoccerVideoMedia\out\autoframe_work\cinematic\011__Build Up__1_00_43-1_01_22.__CINEMATIC.__CINEMATIC\follow\stabilized.mp4"
"stabilized","873","False","False","False","16.13","11/17/2025 9:19:35 PM","C:\Users\scott\OneDrive\SoccerVideoMedia\out\autoframe_work\cinematic\011__Build Up__1_00_43-1_01_22.__CINEMATIC\follow\stabilized.mp4"
"stabilized","873","False","False","False","24.63","11/17/2025 9:20:25 PM","C:\Users\scott\OneDrive\SoccerVideoMedia\out\autoframe_work\cinematic\011__Build Up__1_00_43-1_01_22\follow\stabilized.mp4"
"stabilized","873","False","False","False","0.99","11/17/2025 9:21:03 PM","C:\Users\scott\OneDrive\SoccerVideoMedia\out\autoframe_work\cinematic\012__Cross & Goal__1_01_36-1_01_52.__CINEMATIC.__CINEMATIC.__CINEMATIC.__CINEMATIC.__CINEMATIC.__CINEMATIC\follow\stabilized.mp4"
"stabilized","873","False","False","False","1.23","11/17/2025 9:21:24 PM","C:\Users\scott\OneDrive\SoccerVideoMedia\out\autoframe_work\cinematic\012__Cross & Goal__1_01_36-1_01_52.__CINEMATIC.__CINEMATIC.__CINEMATIC.__CINEMATIC.__CINEMATIC\follow\stabilized.mp4"
"stabilized","873","False","False","False","2.36","11/17/2025 9:21:43 PM","C:\Users\scott\OneDrive\SoccerVideoMedia\out\autoframe_work\cinematic\012__Cross & Goal__1_01_36-1_01_52.__CINEMATIC.__CINEMATIC.__CINEMATIC.__CINEMATIC\follow\stabilized.mp4"
"stabilized","873","False","False","False","5.1","11/17/2025 9:22:03 PM","C:\Users\scott\OneDrive\SoccerVideoMedia\out\autoframe_work\cinematic\012__Cross & Goal__1_01_36-1_01_52.__CINEMATIC.__CINEMATIC.__CINEMATIC\follow\stabilized.mp4"
"stabilized","873","False","False","False","6.74","11/17/2025 9:22:23 PM","C:\Users\scott\OneDrive\SoccerVideoMedia\out\autoframe_work\cinematic\012__Cross & Goal__1_01_36-1_01_52.__CINEMATIC.__CINEMATIC\follow\stabilized.mp4"
"stabilized","873","False","False","False","8.2","11/17/2025 9:22:43 PM","C:\Users\scott\OneDrive\SoccerVideoMedia\out\autoframe_work\cinematic\012__Cross & Goal__1_01_36-1_01_52.__CINEMATIC\follow\stabilized.mp4"
"stabilized","873","False","False","False","9.91","11/17/2025 9:23:08 PM","C:\Users\scott\OneDrive\SoccerVideoMedia\out\autoframe_work\cinematic\012__Cross & Goal__1_01_36-1_01_52\follow\stabilized.mp4"
"stabilized","873","False","False","False","0.95","11/17/2025 9:23:28 PM","C:\Users\scott\OneDrive\SoccerVideoMedia\out\autoframe_work\cinematic\013__Dribbling & Shot__1_02_55-1_03_10.__CINEMATIC.__CINEMATIC.__CINEMATIC.__CINEMATIC.__CINEMATIC.__CINEMATIC\follow\stabilized.mp4"
"stabilized","873","False","False","False","1.12","11/17/2025 9:23:46 PM","C:\Users\scott\OneDrive\SoccerVideoMedia\out\autoframe_work\cinematic\013__Dribbling & Shot__1_02_55-1_03_10.__CINEMATIC.__CINEMATIC.__CINEMATIC.__CINEMATIC.__CINEMATIC\follow\stabilized.mp4"
"stabilized","873","False","False","False","2.09","11/17/2025 9:24:04 PM","C:\Users\scott\OneDrive\SoccerVideoMedia\out\autoframe_work\cinematic\013__Dribbling & Shot__1_02_55-1_03_10.__CINEMATIC.__CINEMATIC.__CINEMATIC.__CINEMATIC\follow\stabilized.mp4"
"stabilized","873","False","False","False","4.33","11/17/2025 9:24:22 PM","C:\Users\scott\OneDrive\SoccerVideoMedia\out\autoframe_work\cinematic\013__Dribbling & Shot__1_02_55-1_03_10.__CINEMATIC.__CINEMATIC.__CINEMATIC\follow\stabilized.mp4"
"stabilized","873","False","False","False","5.55","11/17/2025 9:24:41 PM","C:\Users\scott\OneDrive\SoccerVideoMedia\out\autoframe_work\cinematic\013__Dribbling & Shot__1_02_55-1_03_10.__CINEMATIC.__CINEMATIC\follow\stabilized.mp4"
"stabilized","873","False","False","False","7.22","11/17/2025 9:25:01 PM","C:\Users\scott\OneDrive\SoccerVideoMedia\out\autoframe_work\cinematic\013__Dribbling & Shot__1_02_55-1_03_10.__CINEMATIC\follow\stabilized.mp4"
"stabilized","873","False","False","False","9.94","11/17/2025 9:25:21 PM","C:\Users\scott\OneDrive\SoccerVideoMedia\out\autoframe_work\cinematic\013__Dribbling & Shot__1_02_55-1_03_10\follow\stabilized.mp4"
"stabilized","873","False","False","False","1.34","11/17/2025 9:56:37 PM","C:\Users\scott\OneDrive\SoccerVideoMedia\out\autoframe_work\cinematic\003__2025-09-20__TSC_vs_RVFC__PRESSURE_SHOT__t15480.00-t16260.00.__CINEMATIC.__CINEMATIC.__CINEMATIC.__CINEMATIC.__CINEMATIC\follow\stabilized.mp4"
"stabilized","873","False","False","False","3.25","11/17/2025 9:56:56 PM","C:\Users\scott\OneDrive\SoccerVideoMedia\out\autoframe_work\cinematic\003__2025-09-20__TSC_vs_RVFC__PRESSURE_SHOT__t15480.00-t16260.00.__CINEMATIC.__CINEMATIC.__CINEMATIC.__CINEMATIC\follow\stabilized.mp4"
"stabilized","873","False","False","False","4.59","11/17/2025 9:57:15 PM","C:\Users\scott\OneDrive\SoccerVideoMedia\out\autoframe_work\cinematic\003__2025-09-20__TSC_vs_RVFC__PRESSURE_SHOT__t15480.00-t16260.00.__CINEMATIC.__CINEMATIC.__CINEMATIC\follow\stabilized.mp4"
"stabilized","873","False","False","False","5.48","11/17/2025 9:57:33 PM","C:\Users\scott\OneDrive\SoccerVideoMedia\out\autoframe_work\cinematic\003__2025-09-20__TSC_vs_RVFC__PRESSURE_SHOT__t15480.00-t16260.00.__CINEMATIC.__CINEMATIC\follow\stabilized.mp4"
"stabilized","873","False","False","False","6.11","11/17/2025 9:57:55 PM","C:\Users\scott\OneDrive\SoccerVideoMedia\out\autoframe_work\cinematic\003__2025-09-20__TSC_vs_RVFC__PRESSURE_SHOT__t15480.00-t16260.00.__CINEMATIC\follow\stabilized.mp4"
"stabilized","873","False","False","False","3.16","11/17/2025 9:58:26 PM","C:\Users\scott\OneDrive\SoccerVideoMedia\out\autoframe_work\cinematic\003__2025-10-04__TSC_vs_FC_Tulsa_Black__BUILD_UP__t27480.00-t29220.00.__CINEMATIC.__CINEMATIC.__CINEMATIC.__CINEMATIC.__CINEMATIC\follow\stabilized.mp4"
"stabilized","873","False","False","False","6.93","11/17/2025 9:59:04 PM","C:\Users\scott\OneDrive\SoccerVideoMedia\out\autoframe_work\cinematic\003__2025-10-04__TSC_vs_FC_Tulsa_Black__BUILD_UP__t27480.00-t29220.00.__CINEMATIC.__CINEMATIC.__CINEMATIC.__CINEMATIC\follow\stabilized.mp4"
"stabilized","873","False","False","False","9.66","11/17/2025 9:59:42 PM","C:\Users\scott\OneDrive\SoccerVideoMedia\out\autoframe_work\cinematic\003__2025-10-04__TSC_vs_FC_Tulsa_Black__BUILD_UP__t27480.00-t29220.00.__CINEMATIC.__CINEMATIC.__CINEMATIC\follow\stabilized.mp4"
"stabilized","873","False","False","False","12.25","11/17/2025 10:00:21 PM","C:\Users\scott\OneDrive\SoccerVideoMedia\out\autoframe_work\cinematic\003__2025-10-04__TSC_vs_FC_Tulsa_Black__BUILD_UP__t27480.00-t29220.00.__CINEMATIC.__CINEMATIC\follow\stabilized.mp4"
"stabilized","873","False","False","False","15.68","11/17/2025 10:01:01 PM","C:\Users\scott\OneDrive\SoccerVideoMedia\out\autoframe_work\cinematic\003__2025-10-04__TSC_vs_FC_Tulsa_Black__BUILD_UP__t27480.00-t29220.00.__CINEMATIC\follow\stabilized.mp4"
"stabilized","873","False","False","False","1.49","11/17/2025 10:01:44 PM","C:\Users\scott\OneDrive\SoccerVideoMedia\out\autoframe_work\cinematic\003__BUILD_UP__t224.80-t248.70.__CINEMATIC.__CINEMATIC.__CINEMATIC.__CINEMATIC.__CINEMATIC.__CINEMATIC.__CINEMATIC\follow\stabilized.mp4"
"stabilized","873","False","False","False","1.83","11/17/2025 10:07:19 PM","C:\Users\scott\OneDrive\SoccerVideoMedia\out\autoframe_work\cinematic\004__2025-09-20__TSC_vs_RVFC__PRESSURE_GOAL__t17880.00-t18720.00.__CINEMATIC.__CINEMATIC.__CINEMATIC.__CINEMATIC.__CINEMATIC\follow\stabilized.mp4"
"stabilized","873","False","False","False","4.15","11/17/2025 10:07:36 PM","C:\Users\scott\OneDrive\SoccerVideoMedia\out\autoframe_work\cinematic\004__2025-09-20__TSC_vs_RVFC__PRESSURE_GOAL__t17880.00-t18720.00.__CINEMATIC.__CINEMATIC.__CINEMATIC.__CINEMATIC\follow\stabilized.mp4"
"stabilized","873","False","False","False","5.24","11/17/2025 10:07:54 PM","C:\Users\scott\OneDrive\SoccerVideoMedia\out\autoframe_work\cinematic\004__2025-09-20__TSC_vs_RVFC__PRESSURE_GOAL__t17880.00-t18720.00.__CINEMATIC.__CINEMATIC.__CINEMATIC\follow\stabilized.mp4"
"stabilized","873","False","False","False","5.37","11/17/2025 10:08:13 PM","C:\Users\scott\OneDrive\SoccerVideoMedia\out\autoframe_work\cinematic\004__2025-09-20__TSC_vs_RVFC__PRESSURE_GOAL__t17880.00-t18720.00.__CINEMATIC.__CINEMATIC\follow\stabilized.mp4"
"stabilized","873","False","False","False","6.17","11/17/2025 10:08:32 PM","C:\Users\scott\OneDrive\SoccerVideoMedia\out\autoframe_work\cinematic\004__2025-09-20__TSC_vs_RVFC__PRESSURE_GOAL__t17880.00-t18720.00.__CINEMATIC\follow\stabilized.mp4"
"stabilized","873","False","False","False","1.49","11/17/2025 10:08:57 PM","C:\Users\scott\OneDrive\SoccerVideoMedia\out\autoframe_work\cinematic\004__2025-10-04__TSC_vs_FC_Tulsa_Black__BUILD_UP__t29700.00-t30780.00.__CINEMATIC.__CINEMATIC.__CINEMATIC.__CINEMATIC.__CINEMATIC\follow\stabilized.mp4"
"stabilized","873","False","False","False","3.18","11/17/2025 10:09:23 PM","C:\Users\scott\OneDrive\SoccerVideoMedia\out\autoframe_work\cinematic\004__2025-10-04__TSC_vs_FC_Tulsa_Black__BUILD_UP__t29700.00-t30780.00.__CINEMATIC.__CINEMATIC.__CINEMATIC.__CINEMATIC\follow\stabilized.mp4"
"stabilized","873","False","False","False","4.76","11/17/2025 10:09:50 PM","C:\Users\scott\OneDrive\SoccerVideoMedia\out\autoframe_work\cinematic\004__2025-10-04__TSC_vs_FC_Tulsa_Black__BUILD_UP__t29700.00-t30780.00.__CINEMATIC.__CINEMATIC.__CINEMATIC\follow\stabilized.mp4"
"stabilized","873","False","False","False","6.67","11/17/2025 10:10:18 PM","C:\Users\scott\OneDrive\SoccerVideoMedia\out\autoframe_work\cinematic\004__2025-10-04__TSC_vs_FC_Tulsa_Black__BUILD_UP__t29700.00-t30780.00.__CINEMATIC.__CINEMATIC\follow\stabilized.mp4"
"stabilized","873","False","False","False","8.72","11/17/2025 10:10:47 PM","C:\Users\scott\OneDrive\SoccerVideoMedia\out\autoframe_work\cinematic\004__2025-10-04__TSC_vs_FC_Tulsa_Black__BUILD_UP__t29700.00-t30780.00.__CINEMATIC\follow\stabilized.mp4"
"stabilized","873","False","False","False","0.99","11/17/2025 10:11:18 PM","C:\Users\scott\OneDrive\SoccerVideoMedia\out\autoframe_work\cinematic\004__GOAL__t266.50-t283.10.__CINEMATIC.__CINEMATIC.__CINEMATIC.__CINEMATIC.__CINEMATIC.__CINEMATIC.__CINEMATIC\follow\stabilized.mp4"
"stabilized","873","False","False","False","2.07","11/17/2025 10:15:29 PM","C:\Users\scott\OneDrive\SoccerVideoMedia\out\autoframe_work\cinematic\005__2025-09-20__TSC_vs_RVFC__BUILD_UP_PLAY_SHOT__t21000.00-t22020.00.__CINEMATIC.__CINEMATIC.__CINEMATIC.__CINEMATIC.__CINEMATIC\follow\stabilized.mp4"
"stabilized","873","False","False","False","4.82","11/17/2025 10:15:57 PM","C:\Users\scott\OneDrive\SoccerVideoMedia\out\autoframe_work\cinematic\005__2025-09-20__TSC_vs_RVFC__BUILD_UP_PLAY_SHOT__t21000.00-t22020.00.__CINEMATIC.__CINEMATIC.__CINEMATIC.__CINEMATIC\follow\stabilized.mp4"
"stabilized","873","False","False","False","6.61","11/17/2025 10:16:25 PM","C:\Users\scott\OneDrive\SoccerVideoMedia\out\autoframe_work\cinematic\005__2025-09-20__TSC_vs_RVFC__BUILD_UP_PLAY_SHOT__t21000.00-t22020.00.__CINEMATIC.__CINEMATIC.__CINEMATIC\follow\stabilized.mp4"
"stabilized","873","False","False","False","7.83","11/17/2025 10:16:53 PM","C:\Users\scott\OneDrive\SoccerVideoMedia\out\autoframe_work\cinematic\005__2025-09-20__TSC_vs_RVFC__BUILD_UP_PLAY_SHOT__t21000.00-t22020.00.__CINEMATIC.__CINEMATIC\follow\stabilized.mp4"
"stabilized","873","False","False","False","8.65","11/17/2025 10:17:20 PM","C:\Users\scott\OneDrive\SoccerVideoMedia\out\autoframe_work\cinematic\005__2025-09-20__TSC_vs_RVFC__BUILD_UP_PLAY_SHOT__t21000.00-t22020.00.__CINEMATIC\follow\stabilized.mp4"
"stabilized","873","False","False","False","1.18","11/17/2025 10:17:42 PM","C:\Users\scott\OneDrive\SoccerVideoMedia\out\autoframe_work\cinematic\005__2025-10-04__TSC_vs_FC_Tulsa_Black__SHOT__t36000.00-t36420.00.__CINEMATIC.__CINEMATIC.__CINEMATIC.__CINEMATIC.__CINEMATIC\follow\stabilized.mp4"
"stabilized","873","False","False","False","2.33","11/17/2025 10:17:54 PM","C:\Users\scott\OneDrive\SoccerVideoMedia\out\autoframe_work\cinematic\005__2025-10-04__TSC_vs_FC_Tulsa_Black__SHOT__t36000.00-t36420.00.__CINEMATIC.__CINEMATIC.__CINEMATIC.__CINEMATIC\follow\stabilized.mp4"
"stabilized","873","False","False","False","2.99","11/17/2025 10:18:04 PM","C:\Users\scott\OneDrive\SoccerVideoMedia\out\autoframe_work\cinematic\005__2025-10-04__TSC_vs_FC_Tulsa_Black__SHOT__t36000.00-t36420.00.__CINEMATIC.__CINEMATIC.__CINEMATIC\follow\stabilized.mp4"
"stabilized","873","False","False","False","3.46","11/17/2025 10:18:15 PM","C:\Users\scott\OneDrive\SoccerVideoMedia\out\autoframe_work\cinematic\005__2025-10-04__TSC_vs_FC_Tulsa_Black__SHOT__t36000.00-t36420.00.__CINEMATIC.__CINEMATIC\follow\stabilized.mp4"
"stabilized","873","False","False","False","3.71","11/17/2025 10:18:27 PM","C:\Users\scott\OneDrive\SoccerVideoMedia\out\autoframe_work\cinematic\005__2025-10-04__TSC_vs_FC_Tulsa_Black__SHOT__t36000.00-t36420.00.__CINEMATIC\follow\stabilized.mp4"
"stabilized","873","False","False","False","0.91","11/17/2025 10:18:46 PM","C:\Users\scott\OneDrive\SoccerVideoMedia\out\autoframe_work\cinematic\005__CORNER__t417.90-t431.60.__CINEMATIC.__CINEMATIC.__CINEMATIC.__CINEMATIC.__CINEMATIC.__CINEMATIC.__CINEMATIC\follow\stabilized.mp4"
"stabilized","873","False","False","False","1.06","11/17/2025 10:21:46 PM","C:\Users\scott\OneDrive\SoccerVideoMedia\out\autoframe_work\cinematic\006__2025-10-04__TSC_vs_FC_Tulsa_Black__BUILD_UP_GOAL__t40440.00-t43020.00.__DEBUG.__CINEMATIC.__CINEMATIC.__CINEMATIC.__CINEMATIC.__CINEMATIC.__CINEMATIC\follow\stabilized.mp4"
"stabilized","873","False","False","False","3.66","11/17/2025 10:22:23 PM","C:\Users\scott\OneDrive\SoccerVideoMedia\out\autoframe_work\cinematic\006__2025-10-04__TSC_vs_FC_Tulsa_Black__BUILD_UP_GOAL__t40440.00-t43020.00.__DEBUG.__CINEMATIC.__CINEMATIC.__CINEMATIC.__CINEMATIC.__CINEMATIC\follow\stabilized.mp4"
"stabilized","873","False","False","False","8.84","11/17/2025 10:23:17 PM","C:\Users\scott\OneDrive\SoccerVideoMedia\out\autoframe_work\cinematic\006__2025-10-04__TSC_vs_FC_Tulsa_Black__BUILD_UP_GOAL__t40440.00-t43020.00.__DEBUG.__CINEMATIC.__CINEMATIC.__CINEMATIC.__CINEMATIC\follow\stabilized.mp4"
"stabilized","873","False","False","False","12.58","11/17/2025 10:24:09 PM","C:\Users\scott\OneDrive\SoccerVideoMedia\out\autoframe_work\cinematic\006__2025-10-04__TSC_vs_FC_Tulsa_Black__BUILD_UP_GOAL__t40440.00-t43020.00.__DEBUG.__CINEMATIC.__CINEMATIC.__CINEMATIC\follow\stabilized.mp4"
"stabilized","873","False","False","False","15.75","11/17/2025 10:25:02 PM","C:\Users\scott\OneDrive\SoccerVideoMedia\out\autoframe_work\cinematic\006__2025-10-04__TSC_vs_FC_Tulsa_Black__BUILD_UP_GOAL__t40440.00-t43020.00.__DEBUG.__CINEMATIC.__CINEMATIC\follow\stabilized.mp4"
"stabilized","873","False","False","False","19.74","11/17/2025 10:25:56 PM","C:\Users\scott\OneDrive\SoccerVideoMedia\out\autoframe_work\cinematic\006__2025-10-04__TSC_vs_FC_Tulsa_Black__BUILD_UP_GOAL__t40440.00-t43020.00.__DEBUG.__CINEMATIC\follow\stabilized.mp4"
"stabilized","873","False","False","False","0.96","11/17/2025 10:27:04 PM","C:\Users\scott\OneDrive\SoccerVideoMedia\out\autoframe_work\cinematic\006__DEFENSE__t699.30-t711.50.__CINEMATIC.__CINEMATIC.__CINEMATIC.__CINEMATIC.__CINEMATIC.__CINEMATIC.__CINEMATIC\follow\stabilized.mp4"
"stabilized","873","False","False","False","2.28","11/17/2025 10:30:07 PM","C:\Users\scott\OneDrive\SoccerVideoMedia\out\autoframe_work\cinematic\007__2025-10-04__TSC_vs_FC_Tulsa_Black__BUILD_UP_SHOT__t46020.00-t47100.00.__CINEMATIC.__CINEMATIC.__CINEMATIC.__CINEMATIC.__CINEMATIC\follow\stabilized.mp4"
"stabilized","873","False","False","False","5.51","11/17/2025 10:30:30 PM","C:\Users\scott\OneDrive\SoccerVideoMedia\out\autoframe_work\cinematic\007__2025-10-04__TSC_vs_FC_Tulsa_Black__BUILD_UP_SHOT__t46020.00-t47100.00.__CINEMATIC.__CINEMATIC.__CINEMATIC.__CINEMATIC\follow\stabilized.mp4"
"stabilized","873","False","False","False","6.84","11/17/2025 10:30:53 PM","C:\Users\scott\OneDrive\SoccerVideoMedia\out\autoframe_work\cinematic\007__2025-10-04__TSC_vs_FC_Tulsa_Black__BUILD_UP_SHOT__t46020.00-t47100.00.__CINEMATIC.__CINEMATIC.__CINEMATIC\follow\stabilized.mp4"
"stabilized","873","False","False","False","7.59","11/17/2025 10:31:19 PM","C:\Users\scott\OneDrive\SoccerVideoMedia\out\autoframe_work\cinematic\007__2025-10-04__TSC_vs_FC_Tulsa_Black__BUILD_UP_SHOT__t46020.00-t47100.00.__CINEMATIC.__CINEMATIC\follow\stabilized.mp4"
"stabilized","873","False","False","False","9.13","11/17/2025 10:31:44 PM","C:\Users\scott\OneDrive\SoccerVideoMedia\out\autoframe_work\cinematic\007__2025-10-04__TSC_vs_FC_Tulsa_Black__BUILD_UP_SHOT__t46020.00-t47100.00.__CINEMATIC\follow\stabilized.mp4"
"stabilized","873","False","False","False","0.54","11/17/2025 10:32:03 PM","C:\Users\scott\OneDrive\SoccerVideoMedia\out\autoframe_work\cinematic\007__DRIBBLING__t982.00-t987.90.__CINEMATIC.__CINEMATIC.__CINEMATIC.__CINEMATIC.__CINEMATIC.__CINEMATIC.__CINEMATIC\follow\stabilized.mp4"
"stabilized","873","False","False","False","1.56","11/17/2025 10:33:50 PM","C:\Users\scott\OneDrive\SoccerVideoMedia\out\autoframe_work\cinematic\008__2025-10-04__TSC_vs_FC_Tulsa_Black__BUILD_UP_SHOT__t61500.00-t62400.00.__CINEMATIC.__CINEMATIC.__CINEMATIC.__CINEMATIC.__CINEMATIC\follow\stabilized.mp4"
"stabilized","873","False","False","False","3.04","11/17/2025 10:34:09 PM","C:\Users\scott\OneDrive\SoccerVideoMedia\out\autoframe_work\cinematic\008__2025-10-04__TSC_vs_FC_Tulsa_Black__BUILD_UP_SHOT__t61500.00-t62400.00.__CINEMATIC.__CINEMATIC.__CINEMATIC.__CINEMATIC\follow\stabilized.mp4"
"stabilized","873","False","False","False","4.42","11/17/2025 10:34:28 PM","C:\Users\scott\OneDrive\SoccerVideoMedia\out\autoframe_work\cinematic\008__2025-10-04__TSC_vs_FC_Tulsa_Black__BUILD_UP_SHOT__t61500.00-t62400.00.__CINEMATIC.__CINEMATIC.__CINEMATIC\follow\stabilized.mp4"
"stabilized","873","False","False","False","6.06","11/17/2025 10:34:46 PM","C:\Users\scott\OneDrive\SoccerVideoMedia\out\autoframe_work\cinematic\008__2025-10-04__TSC_vs_FC_Tulsa_Black__BUILD_UP_SHOT__t61500.00-t62400.00.__CINEMATIC.__CINEMATIC\follow\stabilized.mp4"
"stabilized","873","False","False","False","7.8","11/17/2025 10:35:05 PM","C:\Users\scott\OneDrive\SoccerVideoMedia\out\autoframe_work\cinematic\008__2025-10-04__TSC_vs_FC_Tulsa_Black__BUILD_UP_SHOT__t61500.00-t62400.00.__CINEMATIC\follow\stabilized.mp4"
"stabilized","873","False","False","False","0.68","11/17/2025 10:35:25 PM","C:\Users\scott\OneDrive\SoccerVideoMedia\out\autoframe_work\cinematic\008__SHOT__t1247.80-t1259.20.__CINEMATIC.__CINEMATIC.__CINEMATIC.__CINEMATIC.__CINEMATIC.__CINEMATIC.__CINEMATIC\follow\stabilized.mp4"
"stabilized","873","False","False","False","1.32","11/17/2025 10:37:51 PM","C:\Users\scott\OneDrive\SoccerVideoMedia\out\autoframe_work\cinematic\009__2025-10-04__TSC_vs_FC_Tulsa_Black__PRESSURE_SHOT__t62760.00-t63420.00.__CINEMATIC.__CINEMATIC.__CINEMATIC.__CINEMATIC.__CINEMATIC\follow\stabilized.mp4"
"stabilized","873","False","False","False","2.65","11/17/2025 10:38:05 PM","C:\Users\scott\OneDrive\SoccerVideoMedia\out\autoframe_work\cinematic\009__2025-10-04__TSC_vs_FC_Tulsa_Black__PRESSURE_SHOT__t62760.00-t63420.00.__CINEMATIC.__CINEMATIC.__CINEMATIC.__CINEMATIC\follow\stabilized.mp4"
"stabilized","873","False","False","False","3.54","11/17/2025 10:38:20 PM","C:\Users\scott\OneDrive\SoccerVideoMedia\out\autoframe_work\cinematic\009__2025-10-04__TSC_vs_FC_Tulsa_Black__PRESSURE_SHOT__t62760.00-t63420.00.__CINEMATIC.__CINEMATIC.__CINEMATIC\follow\stabilized.mp4"
"stabilized","873","False","False","False","4.18","11/17/2025 10:38:34 PM","C:\Users\scott\OneDrive\SoccerVideoMedia\out\autoframe_work\cinematic\009__2025-10-04__TSC_vs_FC_Tulsa_Black__PRESSURE_SHOT__t62760.00-t63420.00.__CINEMATIC.__CINEMATIC\follow\stabilized.mp4"
"stabilized","873","False","False","False","4.51","11/17/2025 10:38:48 PM","C:\Users\scott\OneDrive\SoccerVideoMedia\out\autoframe_work\cinematic\009__2025-10-04__TSC_vs_FC_Tulsa_Black__PRESSURE_SHOT__t62760.00-t63420.00.__CINEMATIC\follow\stabilized.mp4"
"stabilized","873","False","False","False","0.9","11/17/2025 10:39:08 PM","C:\Users\scott\OneDrive\SoccerVideoMedia\out\autoframe_work\cinematic\009__SHOT__t1420.40-t1438.20.__CINEMATIC.__CINEMATIC.__CINEMATIC.__CINEMATIC.__CINEMATIC.__CINEMATIC.__CINEMATIC\follow\stabilized.mp4"
"stabilized","873","False","False","False","1.94","11/17/2025 10:42:17 PM","C:\Users\scott\OneDrive\SoccerVideoMedia\out\autoframe_work\cinematic\010__2025-10-04__TSC_vs_FC_Tulsa_Black__BUILD_UP_SHOT__t63480.00-t64800.00.__CINEMATIC.__CINEMATIC.__CINEMATIC.__CINEMATIC.__CINEMATIC\follow\stabilized.mp4"
"stabilized","873","False","False","False","4.75","11/17/2025 10:42:44 PM","C:\Users\scott\OneDrive\SoccerVideoMedia\out\autoframe_work\cinematic\010__2025-10-04__TSC_vs_FC_Tulsa_Black__BUILD_UP_SHOT__t63480.00-t64800.00.__CINEMATIC.__CINEMATIC.__CINEMATIC.__CINEMATIC\follow\stabilized.mp4"
"stabilized","873","False","False","False","6.8","11/17/2025 10:43:11 PM","C:\Users\scott\OneDrive\SoccerVideoMedia\out\autoframe_work\cinematic\010__2025-10-04__TSC_vs_FC_Tulsa_Black__BUILD_UP_SHOT__t63480.00-t64800.00.__CINEMATIC.__CINEMATIC.__CINEMATIC\follow\stabilized.mp4"
"stabilized","873","False","False","False","8.12","11/17/2025 10:43:39 PM","C:\Users\scott\OneDrive\SoccerVideoMedia\out\autoframe_work\cinematic\010__2025-10-04__TSC_vs_FC_Tulsa_Black__BUILD_UP_SHOT__t63480.00-t64800.00.__CINEMATIC.__CINEMATIC\follow\stabilized.mp4"
"stabilized","873","False","False","False","10.04","11/17/2025 10:44:07 PM","C:\Users\scott\OneDrive\SoccerVideoMedia\out\autoframe_work\cinematic\010__2025-10-04__TSC_vs_FC_Tulsa_Black__BUILD_UP_SHOT__t63480.00-t64800.00.__CINEMATIC\follow\stabilized.mp4"
"stabilized","873","False","False","False","0.59","11/17/2025 10:44:30 PM","C:\Users\scott\OneDrive\SoccerVideoMedia\out\autoframe_work\cinematic\010__CROSS__t1541.10-t1547.90.__CINEMATIC.__CINEMATIC.__CINEMATIC.__CINEMATIC.__CINEMATIC.__CINEMATIC.__CINEMATIC\follow\stabilized.mp4"
"stabilized","873","False","False","False","2.17","11/17/2025 10:46:28 PM","C:\Users\scott\OneDrive\SoccerVideoMedia\out\autoframe_work\cinematic\011__2025-10-04__TSC_vs_FC_Tulsa_Black__BUILD_UP_SHOT__t71880.00-t73320.00.__CINEMATIC.__CINEMATIC.__CINEMATIC.__CINEMATIC.__CINEMATIC\follow\stabilized.mp4"
"stabilized","873","False","False","False","4.52","11/17/2025 10:46:57 PM","C:\Users\scott\OneDrive\SoccerVideoMedia\out\autoframe_work\cinematic\011__2025-10-04__TSC_vs_FC_Tulsa_Black__BUILD_UP_SHOT__t71880.00-t73320.00.__CINEMATIC.__CINEMATIC.__CINEMATIC.__CINEMATIC\follow\stabilized.mp4"
"stabilized","873","False","False","False","6.54","11/17/2025 10:47:26 PM","C:\Users\scott\OneDrive\SoccerVideoMedia\out\autoframe_work\cinematic\011__2025-10-04__TSC_vs_FC_Tulsa_Black__BUILD_UP_SHOT__t71880.00-t73320.00.__CINEMATIC.__CINEMATIC.__CINEMATIC\follow\stabilized.mp4"
"stabilized","873","False","False","False","8.82","11/17/2025 10:47:56 PM","C:\Users\scott\OneDrive\SoccerVideoMedia\out\autoframe_work\cinematic\011__2025-10-04__TSC_vs_FC_Tulsa_Black__BUILD_UP_SHOT__t71880.00-t73320.00.__CINEMATIC.__CINEMATIC\follow\stabilized.mp4"
"stabilized","873","False","False","False","11.02","11/17/2025 10:48:27 PM","C:\Users\scott\OneDrive\SoccerVideoMedia\out\autoframe_work\cinematic\011__2025-10-04__TSC_vs_FC_Tulsa_Black__BUILD_UP_SHOT__t71880.00-t73320.00.__CINEMATIC\follow\stabilized.mp4"
"stabilized","873","False","False","False","0.91","11/17/2025 10:48:54 PM","C:\Users\scott\OneDrive\SoccerVideoMedia\out\autoframe_work\cinematic\011__SHOTS__t1655.00-t1670.30.__CINEMATIC.__CINEMATIC.__CINEMATIC.__CINEMATIC.__CINEMATIC.__CINEMATIC.__CINEMATIC\follow\stabilized.mp4"
"stabilized","873","False","False","False","1.25","11/17/2025 10:51:41 PM","C:\Users\scott\OneDrive\SoccerVideoMedia\out\autoframe_work\cinematic\012__2025-10-04__TSC_vs_FC_Tulsa_Black__PRESSURE_GOAL__t74340.00-t75180.00.__CINEMATIC.__CINEMATIC.__CINEMATIC.__CINEMATIC.__CINEMATIC\follow\stabilized.mp4"
"stabilized","873","False","False","False","2.77","11/17/2025 10:51:59 PM","C:\Users\scott\OneDrive\SoccerVideoMedia\out\autoframe_work\cinematic\012__2025-10-04__TSC_vs_FC_Tulsa_Black__PRESSURE_GOAL__t74340.00-t75180.00.__CINEMATIC.__CINEMATIC.__CINEMATIC.__CINEMATIC\follow\stabilized.mp4"
"stabilized","873","False","False","False","4.01","11/17/2025 10:52:17 PM","C:\Users\scott\OneDrive\SoccerVideoMedia\out\autoframe_work\cinematic\012__2025-10-04__TSC_vs_FC_Tulsa_Black__PRESSURE_GOAL__t74340.00-t75180.00.__CINEMATIC.__CINEMATIC.__CINEMATIC\follow\stabilized.mp4"
"stabilized","873","False","False","False","5.35","11/17/2025 10:52:35 PM","C:\Users\scott\OneDrive\SoccerVideoMedia\out\autoframe_work\cinematic\012__2025-10-04__TSC_vs_FC_Tulsa_Black__PRESSURE_GOAL__t74340.00-t75180.00.__CINEMATIC.__CINEMATIC\follow\stabilized.mp4"
"stabilized","873","False","False","False","6.78","11/17/2025 10:52:55 PM","C:\Users\scott\OneDrive\SoccerVideoMedia\out\autoframe_work\cinematic\012__2025-10-04__TSC_vs_FC_Tulsa_Black__PRESSURE_GOAL__t74340.00-t75180.00.__CINEMATIC\follow\stabilized.mp4"
"stabilized","873","False","False","False","0.7","11/17/2025 10:53:12 PM","C:\Users\scott\OneDrive\SoccerVideoMedia\out\autoframe_work\cinematic\012__GOAL__t1705.20-t1708.50.__CINEMATIC.__CINEMATIC.__CINEMATIC.__CINEMATIC.__CINEMATIC.__CINEMATIC.__CINEMATIC\follow\stabilized.mp4"
"stabilized","873","False","False","False","1.64","11/17/2025 10:54:50 PM","C:\Users\scott\OneDrive\SoccerVideoMedia\out\autoframe_work\cinematic\013__2025-10-04__TSC_vs_FC_Tulsa_Black__BUILD_UP_PLAY__t77400.00-t78360.00.__CINEMATIC.__CINEMATIC.__CINEMATIC.__CINEMATIC.__CINEMATIC\follow\stabilized.mp4"
"stabilized","873","False","False","False","3.33","11/17/2025 10:55:11 PM","C:\Users\scott\OneDrive\SoccerVideoMedia\out\autoframe_work\cinematic\013__2025-10-04__TSC_vs_FC_Tulsa_Black__BUILD_UP_PLAY__t77400.00-t78360.00.__CINEMATIC.__CINEMATIC.__CINEMATIC.__CINEMATIC\follow\stabilized.mp4"
"stabilized","873","False","False","False","4.6","11/17/2025 10:55:32 PM","C:\Users\scott\OneDrive\SoccerVideoMedia\out\autoframe_work\cinematic\013__2025-10-04__TSC_vs_FC_Tulsa_Black__BUILD_UP_PLAY__t77400.00-t78360.00.__CINEMATIC.__CINEMATIC.__CINEMATIC\follow\stabilized.mp4"
"stabilized","873","False","False","False","5.8","11/17/2025 10:55:52 PM","C:\Users\scott\OneDrive\SoccerVideoMedia\out\autoframe_work\cinematic\013__2025-10-04__TSC_vs_FC_Tulsa_Black__BUILD_UP_PLAY__t77400.00-t78360.00.__CINEMATIC.__CINEMATIC\follow\stabilized.mp4"
"stabilized","873","False","False","False","6.89","11/17/2025 10:56:13 PM","C:\Users\scott\OneDrive\SoccerVideoMedia\out\autoframe_work\cinematic\013__2025-10-04__TSC_vs_FC_Tulsa_Black__BUILD_UP_PLAY__t77400.00-t78360.00.__CINEMATIC\follow\stabilized.mp4"
"stabilized","873","False","False","False","0.49","11/17/2025 10:56:30 PM","C:\Users\scott\OneDrive\SoccerVideoMedia\out\autoframe_work\cinematic\013__GOAL__t1767.50-t1772.60.__CINEMATIC.__CINEMATIC.__CINEMATIC.__CINEMATIC.__CINEMATIC.__CINEMATIC.__CINEMATIC\follow\stabilized.mp4"
"stabilized","873","False","False","False","0.06","11/17/2025 10:57:47 PM","C:\Users\scott\OneDrive\SoccerVideoMedia\out\autoframe_work\cinematic\014__2025-10-04__TSC_vs_FC_Tulsa_Black__SHOT__t2354400.00-t2394000.00.__CINEMATIC.__CINEMATIC.__CINEMATIC.__CINEMATIC.__CINEMATIC\follow\stabilized.mp4"
"stabilized","873","False","False","False","0.09","11/17/2025 10:57:49 PM","C:\Users\scott\OneDrive\SoccerVideoMedia\out\autoframe_work\cinematic\014__2025-10-04__TSC_vs_FC_Tulsa_Black__SHOT__t2354400.00-t2394000.00.__CINEMATIC.__CINEMATIC.__CINEMATIC.__CINEMATIC\follow\stabilized.mp4"
"stabilized","873","False","False","False","0.11","11/17/2025 10:57:50 PM","C:\Users\scott\OneDrive\SoccerVideoMedia\out\autoframe_work\cinematic\014__2025-10-04__TSC_vs_FC_Tulsa_Black__SHOT__t2354400.00-t2394000.00.__CINEMATIC.__CINEMATIC.__CINEMATIC\follow\stabilized.mp4"
"stabilized","873","False","False","False","0.13","11/17/2025 10:57:52 PM","C:\Users\scott\OneDrive\SoccerVideoMedia\out\autoframe_work\cinematic\014__2025-10-04__TSC_vs_FC_Tulsa_Black__SHOT__t2354400.00-t2394000.00.__CINEMATIC.__CINEMATIC\follow\stabilized.mp4"
"stabilized","873","False","False","False","0.15","11/17/2025 10:57:53 PM","C:\Users\scott\OneDrive\SoccerVideoMedia\out\autoframe_work\cinematic\014__2025-10-04__TSC_vs_FC_Tulsa_Black__SHOT__t2354400.00-t2394000.00.__CINEMATIC\follow\stabilized.mp4"
"stabilized","873","False","False","False","1.26","11/17/2025 10:58:10 PM","C:\Users\scott\OneDrive\SoccerVideoMedia\out\autoframe_work\cinematic\014__GOAL__t1904.20-t1925.20.__CINEMATIC.__CINEMATIC.__CINEMATIC.__CINEMATIC.__CINEMATIC.__CINEMATIC.__CINEMATIC\follow\stabilized.mp4"
"stabilized","873","False","False","False","0.69","11/17/2025 11:02:18 PM","C:\Users\scott\OneDrive\SoccerVideoMedia\out\autoframe_work\cinematic\015__DRIBBLING__t1972.50-t1980.70.__CINEMATIC.__CINEMATIC.__CINEMATIC.__CINEMATIC.__CINEMATIC.__CINEMATIC.__CINEMATIC\follow\stabilized.mp4"
"stabilized","873","False","False","False","0.65","11/17/2025 11:04:04 PM","C:\Users\scott\OneDrive\SoccerVideoMedia\out\autoframe_work\cinematic\016__SHOT__t2029.90-t2039.50.__CINEMATIC.__CINEMATIC.__CINEMATIC.__CINEMATIC.__CINEMATIC.__CINEMATIC.__CINEMATIC\follow\stabilized.mp4"
"stabilized","873","False","False","False","1.02","11/17/2025 11:06:44 PM","C:\Users\scott\OneDrive\SoccerVideoMedia\out\autoframe_work\cinematic\017__SHOT__t2284.90-t2298.20.__CINEMATIC.__CINEMATIC.__CINEMATIC.__CINEMATIC.__CINEMATIC.__CINEMATIC.__CINEMATIC\follow\stabilized.mp4"
"stabilized","873","False","False","False","0.43","11/17/2025 11:09:33 PM","C:\Users\scott\OneDrive\SoccerVideoMedia\out\autoframe_work\cinematic\018__SHOT__t2419.50-t2425.60.__CINEMATIC.__CINEMATIC.__CINEMATIC.__CINEMATIC.__CINEMATIC.__CINEMATIC.__CINEMATIC\follow\stabilized.mp4"
"stabilized","873","False","False","False","0.6","11/17/2025 11:10:54 PM","C:\Users\scott\OneDrive\SoccerVideoMedia\out\autoframe_work\cinematic\019__SHOT__t2633.00-t2638.10.__CINEMATIC.__CINEMATIC.__CINEMATIC.__CINEMATIC.__CINEMATIC.__CINEMATIC.__CINEMATIC\follow\stabilized.mp4"
"stabilized","873","False","False","False","0.89","11/17/2025 11:12:27 PM","C:\Users\scott\OneDrive\SoccerVideoMedia\out\autoframe_work\cinematic\020__GOAL__t2816.60-t2831.80.__CINEMATIC.__CINEMATIC.__CINEMATIC.__CINEMATIC.__CINEMATIC.__CINEMATIC.__CINEMATIC\follow\stabilized.mp4"
"stabilized","873","False","False","False","0.31","11/17/2025 11:19:26 PM","C:\Users\scott\OneDrive\SoccerVideoMedia\out\autoframe_work\cinematic\024__2025-09-20__TSC_vs_Greenwood__PRESSURE_SHOT__t2718000.00-t2754000.00.__CINEMATIC.__CINEMATIC.__CINEMATIC.__CINEMATIC.__CINEMATIC.__CINEMATIC\follow\stabilized.mp4"
"stabilized","873","False","False","False","0.38","11/17/2025 11:19:29 PM","C:\Users\scott\OneDrive\SoccerVideoMedia\out\autoframe_work\cinematic\024__2025-09-20__TSC_vs_Greenwood__PRESSURE_SHOT__t2718000.00-t2754000.00.__CINEMATIC.__CINEMATIC.__CINEMATIC.__CINEMATIC.__CINEMATIC\follow\stabilized.mp4"
"stabilized","873","False","False","False","0.58","11/17/2025 11:19:33 PM","C:\Users\scott\OneDrive\SoccerVideoMedia\out\autoframe_work\cinematic\024__2025-09-20__TSC_vs_Greenwood__PRESSURE_SHOT__t2718000.00-t2754000.00.__CINEMATIC.__CINEMATIC.__CINEMATIC.__CINEMATIC\follow\stabilized.mp4"
"stabilized","873","False","False","False","0.85","11/17/2025 11:19:36 PM","C:\Users\scott\OneDrive\SoccerVideoMedia\out\autoframe_work\cinematic\024__2025-09-20__TSC_vs_Greenwood__PRESSURE_SHOT__t2718000.00-t2754000.00.__CINEMATIC.__CINEMATIC.__CINEMATIC\follow\stabilized.mp4"
"stabilized","873","False","False","False","1.1","11/17/2025 11:19:40 PM","C:\Users\scott\OneDrive\SoccerVideoMedia\out\autoframe_work\cinematic\024__2025-09-20__TSC_vs_Greenwood__PRESSURE_SHOT__t2718000.00-t2754000.00.__CINEMATIC.__CINEMATIC\follow\stabilized.mp4"
"stabilized","873","False","False","False","1.43","11/17/2025 11:19:43 PM","C:\Users\scott\OneDrive\SoccerVideoMedia\out\autoframe_work\cinematic\024__2025-09-20__TSC_vs_Greenwood__PRESSURE_SHOT__t2718000.00-t2754000.00.__CINEMATIC\follow\stabilized.mp4"
"stabilized","873","False","False","False","1.81","11/17/2025 11:19:47 PM","C:\Users\scott\OneDrive\SoccerVideoMedia\out\autoframe_work\cinematic\024__2025-09-20__TSC_vs_Greenwood__PRESSURE_SHOT__t2718000.00-t2754000.00\follow\stabilized.mp4"
"stabilized","873","False","False","False","0.43","11/17/2025 11:19:51 PM","C:\Users\scott\OneDrive\SoccerVideoMedia\out\autoframe_work\cinematic\025__2025-09-20__TSC_vs_RVFC__PRESSURE_GOAL__t2203200.00-t2232000.00.__CINEMATIC.__CINEMATIC.__CINEMATIC.__CINEMATIC.__CINEMATIC.__CINEMATIC\follow\stabilized.mp4"
"stabilized","873","False","False","False","0.5","11/17/2025 11:19:54 PM","C:\Users\scott\OneDrive\SoccerVideoMedia\out\autoframe_work\cinematic\025__2025-09-20__TSC_vs_RVFC__PRESSURE_GOAL__t2203200.00-t2232000.00.__CINEMATIC.__CINEMATIC.__CINEMATIC.__CINEMATIC.__CINEMATIC\follow\stabilized.mp4"
"stabilized","873","False","False","False","0.69","11/17/2025 11:19:57 PM","C:\Users\scott\OneDrive\SoccerVideoMedia\out\autoframe_work\cinematic\025__2025-09-20__TSC_vs_RVFC__PRESSURE_GOAL__t2203200.00-t2232000.00.__CINEMATIC.__CINEMATIC.__CINEMATIC.__CINEMATIC\follow\stabilized.mp4"
"stabilized","873","False","False","False","0.89","11/17/2025 11:20:00 PM","C:\Users\scott\OneDrive\SoccerVideoMedia\out\autoframe_work\cinematic\025__2025-09-20__TSC_vs_RVFC__PRESSURE_GOAL__t2203200.00-t2232000.00.__CINEMATIC.__CINEMATIC.__CINEMATIC\follow\stabilized.mp4"
"stabilized","873","False","False","False","0.86","11/17/2025 11:20:02 PM","C:\Users\scott\OneDrive\SoccerVideoMedia\out\autoframe_work\cinematic\025__2025-09-20__TSC_vs_RVFC__PRESSURE_GOAL__t2203200.00-t2232000.00.__CINEMATIC.__CINEMATIC\follow\stabilized.mp4"
"stabilized","873","False","False","False","1","11/17/2025 11:20:05 PM","C:\Users\scott\OneDrive\SoccerVideoMedia\out\autoframe_work\cinematic\025__2025-09-20__TSC_vs_RVFC__PRESSURE_GOAL__t2203200.00-t2232000.00.__CINEMATIC\follow\stabilized.mp4"
"stabilized","873","False","False","False","1.14","11/17/2025 11:20:09 PM","C:\Users\scott\OneDrive\SoccerVideoMedia\out\autoframe_work\cinematic\025__2025-09-20__TSC_vs_RVFC__PRESSURE_GOAL__t2203200.00-t2232000.00\follow\stabilized.mp4"
"stabilized","873","False","False","False","3.63","11/17/2025 11:20:32 PM","C:\Users\scott\OneDrive\SoccerVideoMedia\out\autoframe_work\cinematic\026__2025-09-20__TSC_vs_RVFC__DRIBBLING_SHOT__t2592000.00-t2628000.00.__CINEMATIC.__CINEMATIC.__CINEMATIC.__CINEMATIC.__CINEMATIC\follow\stabilized.mp4"
"stabilized","873","False","False","False","9.49","11/17/2025 11:21:16 PM","C:\Users\scott\OneDrive\SoccerVideoMedia\out\autoframe_work\cinematic\026__2025-09-20__TSC_vs_RVFC__DRIBBLING_SHOT__t2592000.00-t2628000.00.__CINEMATIC.__CINEMATIC.__CINEMATIC.__CINEMATIC\follow\stabilized.mp4"
"stabilized","873","False","False","False","12.71","11/17/2025 11:22:00 PM","C:\Users\scott\OneDrive\SoccerVideoMedia\out\autoframe_work\cinematic\026__2025-09-20__TSC_vs_RVFC__DRIBBLING_SHOT__t2592000.00-t2628000.00.__CINEMATIC.__CINEMATIC.__CINEMATIC\follow\stabilized.mp4"
"stabilized","873","False","False","False","13.93","11/17/2025 11:22:45 PM","C:\Users\scott\OneDrive\SoccerVideoMedia\out\autoframe_work\cinematic\026__2025-09-20__TSC_vs_RVFC__DRIBBLING_SHOT__t2592000.00-t2628000.00.__CINEMATIC.__CINEMATIC\follow\stabilized.mp4"
"stabilized","873","False","False","False","15.15","11/17/2025 11:23:36 PM","C:\Users\scott\OneDrive\SoccerVideoMedia\out\autoframe_work\cinematic\026__2025-09-20__TSC_vs_RVFC__DRIBBLING_SHOT__t2592000.00-t2628000.00.__CINEMATIC\follow\stabilized.mp4"
"stabilized","873","False","False","False","5.38","11/17/2025 11:24:36 PM","C:\Users\scott\OneDrive\SoccerVideoMedia\out\autoframe_work\cinematic\027__2025-09-20__TSC_vs_Greenwood__BUILD_UP_PLAY_SHOT__t2937600.00-t3002400.00.__CINEMATIC.__CINEMATIC.__CINEMATIC.__CINEMATIC.__CINEMATIC\follow\stabilized.mp4"
"stabilized","873","False","False","False","13.81","11/17/2025 11:25:44 PM","C:\Users\scott\OneDrive\SoccerVideoMedia\out\autoframe_work\cinematic\027__2025-09-20__TSC_vs_Greenwood__BUILD_UP_PLAY_SHOT__t2937600.00-t3002400.00.__CINEMATIC.__CINEMATIC.__CINEMATIC.__CINEMATIC\follow\stabilized.mp4"
"stabilized","873","False","False","False","18.35","11/17/2025 11:26:55 PM","C:\Users\scott\OneDrive\SoccerVideoMedia\out\autoframe_work\cinematic\027__2025-09-20__TSC_vs_Greenwood__BUILD_UP_PLAY_SHOT__t2937600.00-t3002400.00.__CINEMATIC.__CINEMATIC.__CINEMATIC\follow\stabilized.mp4"
"stabilized","873","False","False","False","20.74","11/17/2025 11:28:06 PM","C:\Users\scott\OneDrive\SoccerVideoMedia\out\autoframe_work\cinematic\027__2025-09-20__TSC_vs_Greenwood__BUILD_UP_PLAY_SHOT__t2937600.00-t3002400.00.__CINEMATIC.__CINEMATIC\follow\stabilized.mp4"
"stabilized","873","False","False","False","23.56","11/17/2025 11:29:20 PM","C:\Users\scott\OneDrive\SoccerVideoMedia\out\autoframe_work\cinematic\027__2025-09-20__TSC_vs_Greenwood__BUILD_UP_PLAY_SHOT__t2937600.00-t3002400.00.__CINEMATIC\follow\stabilized.mp4"
"stabilized","873","False","False","False","0.29","11/17/2025 11:29:59 PM","C:\Users\scott\OneDrive\SoccerVideoMedia\out\autoframe_work\cinematic\036__2025-09-20__TSC_vs_Greenwood__PRESSURE_SHOT__t3906000.00-t3942000.00.__CINEMATIC.__CINEMATIC.__CINEMATIC.__CINEMATIC.__CINEMATIC.__CINEMATIC\follow\stabilized.mp4"
"stabilized","873","False","False","False","0.36","11/17/2025 11:30:03 PM","C:\Users\scott\OneDrive\SoccerVideoMedia\out\autoframe_work\cinematic\036__2025-09-20__TSC_vs_Greenwood__PRESSURE_SHOT__t3906000.00-t3942000.00.__CINEMATIC.__CINEMATIC.__CINEMATIC.__CINEMATIC.__CINEMATIC\follow\stabilized.mp4"
"stabilized","873","False","False","False","0.56","11/17/2025 11:30:06 PM","C:\Users\scott\OneDrive\SoccerVideoMedia\out\autoframe_work\cinematic\036__2025-09-20__TSC_vs_Greenwood__PRESSURE_SHOT__t3906000.00-t3942000.00.__CINEMATIC.__CINEMATIC.__CINEMATIC.__CINEMATIC\follow\stabilized.mp4"
"stabilized","873","False","False","False","0.83","11/17/2025 11:30:09 PM","C:\Users\scott\OneDrive\SoccerVideoMedia\out\autoframe_work\cinematic\036__2025-09-20__TSC_vs_Greenwood__PRESSURE_SHOT__t3906000.00-t3942000.00.__CINEMATIC.__CINEMATIC.__CINEMATIC\follow\stabilized.mp4"
"stabilized","873","False","False","False","1.08","11/17/2025 11:30:12 PM","C:\Users\scott\OneDrive\SoccerVideoMedia\out\autoframe_work\cinematic\036__2025-09-20__TSC_vs_Greenwood__PRESSURE_SHOT__t3906000.00-t3942000.00.__CINEMATIC.__CINEMATIC\follow\stabilized.mp4"
"stabilized","873","False","False","False","1.41","11/17/2025 11:30:15 PM","C:\Users\scott\OneDrive\SoccerVideoMedia\out\autoframe_work\cinematic\036__2025-09-20__TSC_vs_Greenwood__PRESSURE_SHOT__t3906000.00-t3942000.00.__CINEMATIC\follow\stabilized.mp4"
"stabilized","873","False","False","False","1.79","11/17/2025 11:30:18 PM","C:\Users\scott\OneDrive\SoccerVideoMedia\out\autoframe_work\cinematic\036__2025-09-20__TSC_vs_Greenwood__PRESSURE_SHOT__t3906000.00-t3942000.00\follow\stabilized.mp4"
"stabilized","873","False","False","False","1.66","11/17/2025 11:38:50 PM","C:\Users\scott\OneDrive\SoccerVideoMedia\out\autoframe_work\cinematic\003__BUILD_UP__t224.80-t248.70.__CINEMATIC.__CINEMATIC.__CINEMATIC.__CINEMATIC.__CINEMATIC.__CINEMATIC\follow\stabilized.mp4"
"stabilized","873","False","False","False","2.4","11/17/2025 11:39:21 PM","C:\Users\scott\OneDrive\SoccerVideoMedia\out\autoframe_work\cinematic\003__BUILD_UP__t224.80-t248.70.__CINEMATIC.__CINEMATIC.__CINEMATIC.__CINEMATIC.__CINEMATIC\follow\stabilized.mp4"
"stabilized","873","False","False","False","5.66","11/17/2025 11:39:50 PM","C:\Users\scott\OneDrive\SoccerVideoMedia\out\autoframe_work\cinematic\003__BUILD_UP__t224.80-t248.70.__CINEMATIC.__CINEMATIC.__CINEMATIC.__CINEMATIC\follow\stabilized.mp4"
"stabilized","873","False","False","False","9.12","11/17/2025 11:40:20 PM","C:\Users\scott\OneDrive\SoccerVideoMedia\out\autoframe_work\cinematic\003__BUILD_UP__t224.80-t248.70.__CINEMATIC.__CINEMATIC.__CINEMATIC\follow\stabilized.mp4"
"stabilized","873","False","False","False","10.58","11/17/2025 11:40:51 PM","C:\Users\scott\OneDrive\SoccerVideoMedia\out\autoframe_work\cinematic\003__BUILD_UP__t224.80-t248.70.__CINEMATIC.__CINEMATIC\follow\stabilized.mp4"
"stabilized","873","False","False","False","13.98","11/17/2025 11:41:23 PM","C:\Users\scott\OneDrive\SoccerVideoMedia\out\autoframe_work\cinematic\003__BUILD_UP__t224.80-t248.70.__CINEMATIC\follow\stabilized.mp4"
"stabilized","873","False","False","False","20.28","11/17/2025 11:41:56 PM","C:\Users\scott\OneDrive\SoccerVideoMedia\out\autoframe_work\cinematic\003__BUILD_UP__t224.80-t248.70\follow\stabilized.mp4"
"stabilized","873","False","False","False","1.95","11/17/2025 11:42:31 PM","C:\Users\scott\OneDrive\SoccerVideoMedia\out\autoframe_work\cinematic\003__DEFENSE__t310.00-t342.00.__CINEMATIC.__CINEMATIC.__CINEMATIC.__CINEMATIC.__CINEMATIC.__CINEMATIC\follow\stabilized.mp4"
"stabilized","873","False","False","False","2.75","11/17/2025 11:43:09 PM","C:\Users\scott\OneDrive\SoccerVideoMedia\out\autoframe_work\cinematic\003__DEFENSE__t310.00-t342.00.__CINEMATIC.__CINEMATIC.__CINEMATIC.__CINEMATIC.__CINEMATIC\follow\stabilized.mp4"
"stabilized","873","False","False","False","7.38","11/17/2025 11:43:48 PM","C:\Users\scott\OneDrive\SoccerVideoMedia\out\autoframe_work\cinematic\003__DEFENSE__t310.00-t342.00.__CINEMATIC.__CINEMATIC.__CINEMATIC.__CINEMATIC\follow\stabilized.mp4"
"stabilized","873","False","False","False","13.05","11/17/2025 11:44:28 PM","C:\Users\scott\OneDrive\SoccerVideoMedia\out\autoframe_work\cinematic\003__DEFENSE__t310.00-t342.00.__CINEMATIC.__CINEMATIC.__CINEMATIC\follow\stabilized.mp4"
"stabilized","873","False","False","False","14.69","11/17/2025 11:45:09 PM","C:\Users\scott\OneDrive\SoccerVideoMedia\out\autoframe_work\cinematic\003__DEFENSE__t310.00-t342.00.__CINEMATIC.__CINEMATIC\follow\stabilized.mp4"
"stabilized","873","False","False","False","18.57","11/17/2025 11:45:51 PM","C:\Users\scott\OneDrive\SoccerVideoMedia\out\autoframe_work\cinematic\003__DEFENSE__t310.00-t342.00.__CINEMATIC\follow\stabilized.mp4"
"stabilized","873","False","False","False","27.72","11/17/2025 11:46:34 PM","C:\Users\scott\OneDrive\SoccerVideoMedia\out\autoframe_work\cinematic\003__DEFENSE__t310.00-t342.00\follow\stabilized.mp4"
"stabilized","873","False","False","False","1.17","11/17/2025 11:47:07 PM","C:\Users\scott\OneDrive\SoccerVideoMedia\out\autoframe_work\cinematic\004__GOAL__t266.50-t283.10.__CINEMATIC.__CINEMATIC.__CINEMATIC.__CINEMATIC.__CINEMATIC.__CINEMATIC\follow\stabilized.mp4"
"stabilized","873","False","False","False","1.67","11/17/2025 11:47:28 PM","C:\Users\scott\OneDrive\SoccerVideoMedia\out\autoframe_work\cinematic\004__GOAL__t266.50-t283.10.__CINEMATIC.__CINEMATIC.__CINEMATIC.__CINEMATIC.__CINEMATIC\follow\stabilized.mp4"
"stabilized","873","False","False","False","3.99","11/17/2025 11:47:48 PM","C:\Users\scott\OneDrive\SoccerVideoMedia\out\autoframe_work\cinematic\004__GOAL__t266.50-t283.10.__CINEMATIC.__CINEMATIC.__CINEMATIC.__CINEMATIC\follow\stabilized.mp4"
"stabilized","873","False","False","False","6.95","11/17/2025 11:48:09 PM","C:\Users\scott\OneDrive\SoccerVideoMedia\out\autoframe_work\cinematic\004__GOAL__t266.50-t283.10.__CINEMATIC.__CINEMATIC.__CINEMATIC\follow\stabilized.mp4"
"stabilized","873","False","False","False","7.95","11/17/2025 11:48:31 PM","C:\Users\scott\OneDrive\SoccerVideoMedia\out\autoframe_work\cinematic\004__GOAL__t266.50-t283.10.__CINEMATIC.__CINEMATIC\follow\stabilized.mp4"
"stabilized","873","False","False","False","10.48","11/17/2025 11:48:54 PM","C:\Users\scott\OneDrive\SoccerVideoMedia\out\autoframe_work\cinematic\004__GOAL__t266.50-t283.10.__CINEMATIC\follow\stabilized.mp4"
"stabilized","873","False","False","False","16.06","11/17/2025 11:49:17 PM","C:\Users\scott\OneDrive\SoccerVideoMedia\out\autoframe_work\cinematic\004__GOAL__t266.50-t283.10\follow\stabilized.mp4"
"stabilized","873","False","False","False","1.18","11/17/2025 11:49:42 PM","C:\Users\scott\OneDrive\SoccerVideoMedia\out\autoframe_work\cinematic\004__PRESSURE__t640.00-t663.00.__CINEMATIC.__CINEMATIC.__CINEMATIC.__CINEMATIC.__CINEMATIC.__CINEMATIC.__CINEMATIC\follow\stabilized.mp4"
"stabilized","873","False","False","False","1.35","11/17/2025 11:50:09 PM","C:\Users\scott\OneDrive\SoccerVideoMedia\out\autoframe_work\cinematic\004__PRESSURE__t640.00-t663.00.__CINEMATIC.__CINEMATIC.__CINEMATIC.__CINEMATIC.__CINEMATIC.__CINEMATIC\follow\stabilized.mp4"
"stabilized","873","False","False","False","1.97","11/17/2025 11:50:37 PM","C:\Users\scott\OneDrive\SoccerVideoMedia\out\autoframe_work\cinematic\004__PRESSURE__t640.00-t663.00.__CINEMATIC.__CINEMATIC.__CINEMATIC.__CINEMATIC.__CINEMATIC\follow\stabilized.mp4"
"stabilized","873","False","False","False","5.41","11/17/2025 11:51:05 PM","C:\Users\scott\OneDrive\SoccerVideoMedia\out\autoframe_work\cinematic\004__PRESSURE__t640.00-t663.00.__CINEMATIC.__CINEMATIC.__CINEMATIC.__CINEMATIC\follow\stabilized.mp4"
"stabilized","873","False","False","False","9.86","11/17/2025 11:51:35 PM","C:\Users\scott\OneDrive\SoccerVideoMedia\out\autoframe_work\cinematic\004__PRESSURE__t640.00-t663.00.__CINEMATIC.__CINEMATIC.__CINEMATIC\follow\stabilized.mp4"
"stabilized","873","False","False","False","10.51","11/17/2025 11:52:04 PM","C:\Users\scott\OneDrive\SoccerVideoMedia\out\autoframe_work\cinematic\004__PRESSURE__t640.00-t663.00.__CINEMATIC.__CINEMATIC\follow\stabilized.mp4"
"stabilized","873","False","False","False","13.13","11/17/2025 11:52:35 PM","C:\Users\scott\OneDrive\SoccerVideoMedia\out\autoframe_work\cinematic\004__PRESSURE__t640.00-t663.00.__CINEMATIC\follow\stabilized.mp4"
"stabilized","873","False","False","False","21.29","11/17/2025 11:53:07 PM","C:\Users\scott\OneDrive\SoccerVideoMedia\out\autoframe_work\cinematic\004__PRESSURE__t640.00-t663.00\follow\stabilized.mp4"
"stabilized","873","False","False","False","1.05","11/17/2025 11:53:32 PM","C:\Users\scott\OneDrive\SoccerVideoMedia\out\autoframe_work\cinematic\005__CORNER__t417.90-t431.60.__CINEMATIC.__CINEMATIC.__CINEMATIC.__CINEMATIC.__CINEMATIC.__CINEMATIC\follow\stabilized.mp4"
"stabilized","873","False","False","False","1.44","11/17/2025 11:53:50 PM","C:\Users\scott\OneDrive\SoccerVideoMedia\out\autoframe_work\cinematic\005__CORNER__t417.90-t431.60.__CINEMATIC.__CINEMATIC.__CINEMATIC.__CINEMATIC.__CINEMATIC\follow\stabilized.mp4"
"stabilized","873","False","False","False","3.38","11/17/2025 11:54:07 PM","C:\Users\scott\OneDrive\SoccerVideoMedia\out\autoframe_work\cinematic\005__CORNER__t417.90-t431.60.__CINEMATIC.__CINEMATIC.__CINEMATIC.__CINEMATIC\follow\stabilized.mp4"
"stabilized","873","False","False","False","5.63","11/17/2025 11:54:25 PM","C:\Users\scott\OneDrive\SoccerVideoMedia\out\autoframe_work\cinematic\005__CORNER__t417.90-t431.60.__CINEMATIC.__CINEMATIC.__CINEMATIC\follow\stabilized.mp4"
"stabilized","873","False","False","False","6.22","11/17/2025 11:54:43 PM","C:\Users\scott\OneDrive\SoccerVideoMedia\out\autoframe_work\cinematic\005__CORNER__t417.90-t431.60.__CINEMATIC.__CINEMATIC\follow\stabilized.mp4"
"stabilized","873","False","False","False","7.78","11/17/2025 11:55:02 PM","C:\Users\scott\OneDrive\SoccerVideoMedia\out\autoframe_work\cinematic\005__CORNER__t417.90-t431.60.__CINEMATIC\follow\stabilized.mp4"
"stabilized","873","False","False","False","12.17","11/17/2025 11:55:22 PM","C:\Users\scott\OneDrive\SoccerVideoMedia\out\autoframe_work\cinematic\005__CORNER__t417.90-t431.60\follow\stabilized.mp4"
"stabilized","873","False","False","False","1.05","11/17/2025 11:55:39 PM","C:\Users\scott\OneDrive\SoccerVideoMedia\out\autoframe_work\cinematic\006__DEFENSE__t699.30-t711.50.__CINEMATIC.__CINEMATIC.__CINEMATIC.__CINEMATIC.__CINEMATIC.__CINEMATIC\follow\stabilized.mp4"
"stabilized","873","False","False","False","1.47","11/17/2025 11:55:55 PM","C:\Users\scott\OneDrive\SoccerVideoMedia\out\autoframe_work\cinematic\006__DEFENSE__t699.30-t711.50.__CINEMATIC.__CINEMATIC.__CINEMATIC.__CINEMATIC.__CINEMATIC\follow\stabilized.mp4"
"stabilized","873","False","False","False","3.26","11/17/2025 11:56:10 PM","C:\Users\scott\OneDrive\SoccerVideoMedia\out\autoframe_work\cinematic\006__DEFENSE__t699.30-t711.50.__CINEMATIC.__CINEMATIC.__CINEMATIC.__CINEMATIC\follow\stabilized.mp4"
"stabilized","873","False","False","False","4.49","11/17/2025 11:56:26 PM","C:\Users\scott\OneDrive\SoccerVideoMedia\out\autoframe_work\cinematic\006__DEFENSE__t699.30-t711.50.__CINEMATIC.__CINEMATIC.__CINEMATIC\follow\stabilized.mp4"
"stabilized","873","False","False","False","5.06","11/17/2025 11:56:44 PM","C:\Users\scott\OneDrive\SoccerVideoMedia\out\autoframe_work\cinematic\006__DEFENSE__t699.30-t711.50.__CINEMATIC.__CINEMATIC\follow\stabilized.mp4"
"stabilized","873","False","False","False","7.09","11/17/2025 11:57:01 PM","C:\Users\scott\OneDrive\SoccerVideoMedia\out\autoframe_work\cinematic\006__DEFENSE__t699.30-t711.50.__CINEMATIC\follow\stabilized.mp4"
"stabilized","873","False","False","False","11.14","11/17/2025 11:57:19 PM","C:\Users\scott\OneDrive\SoccerVideoMedia\out\autoframe_work\cinematic\006__DEFENSE__t699.30-t711.50\follow\stabilized.mp4"
"stabilized","873","False","False","False","0.77","11/17/2025 11:57:32 PM","C:\Users\scott\OneDrive\SoccerVideoMedia\out\autoframe_work\cinematic\007__DRIBBLING__t982.00-t987.90.__CINEMATIC.__CINEMATIC.__CINEMATIC.__CINEMATIC.__CINEMATIC.__CINEMATIC\follow\stabilized.mp4"
"stabilized","873","False","False","False","1.04","11/17/2025 11:57:41 PM","C:\Users\scott\OneDrive\SoccerVideoMedia\out\autoframe_work\cinematic\007__DRIBBLING__t982.00-t987.90.__CINEMATIC.__CINEMATIC.__CINEMATIC.__CINEMATIC.__CINEMATIC\follow\stabilized.mp4"
"stabilized","873","False","False","False","2.07","11/17/2025 11:57:49 PM","C:\Users\scott\OneDrive\SoccerVideoMedia\out\autoframe_work\cinematic\007__DRIBBLING__t982.00-t987.90.__CINEMATIC.__CINEMATIC.__CINEMATIC.__CINEMATIC\follow\stabilized.mp4"
"stabilized","873","False","False","False","2.99","11/17/2025 11:57:58 PM","C:\Users\scott\OneDrive\SoccerVideoMedia\out\autoframe_work\cinematic\007__DRIBBLING__t982.00-t987.90.__CINEMATIC.__CINEMATIC.__CINEMATIC\follow\stabilized.mp4"
"stabilized","873","False","False","False","3.53","11/17/2025 11:58:07 PM","C:\Users\scott\OneDrive\SoccerVideoMedia\out\autoframe_work\cinematic\007__DRIBBLING__t982.00-t987.90.__CINEMATIC.__CINEMATIC\follow\stabilized.mp4"
"stabilized","873","False","False","False","4.5","11/17/2025 11:58:16 PM","C:\Users\scott\OneDrive\SoccerVideoMedia\out\autoframe_work\cinematic\007__DRIBBLING__t982.00-t987.90.__CINEMATIC\follow\stabilized.mp4"
"stabilized","873","False","False","False","6.36","11/17/2025 11:58:26 PM","C:\Users\scott\OneDrive\SoccerVideoMedia\out\autoframe_work\cinematic\007__DRIBBLING__t982.00-t987.90\follow\stabilized.mp4"
"stabilized","873","False","False","False","1.04","11/17/2025 11:58:38 PM","C:\Users\scott\OneDrive\SoccerVideoMedia\out\autoframe_work\cinematic\008__SHOT__t1247.80-t1259.20.__CINEMATIC.__CINEMATIC.__CINEMATIC.__CINEMATIC.__CINEMATIC.__CINEMATIC\follow\stabilized.mp4"
"stabilized","873","False","False","False","1.47","11/17/2025 11:58:52 PM","C:\Users\scott\OneDrive\SoccerVideoMedia\out\autoframe_work\cinematic\008__SHOT__t1247.80-t1259.20.__CINEMATIC.__CINEMATIC.__CINEMATIC.__CINEMATIC.__CINEMATIC\follow\stabilized.mp4"
"stabilized","873","False","False","False","3.1","11/17/2025 11:59:07 PM","C:\Users\scott\OneDrive\SoccerVideoMedia\out\autoframe_work\cinematic\008__SHOT__t1247.80-t1259.20.__CINEMATIC.__CINEMATIC.__CINEMATIC.__CINEMATIC\follow\stabilized.mp4"
"stabilized","873","False","False","False","3.95","11/17/2025 11:59:22 PM","C:\Users\scott\OneDrive\SoccerVideoMedia\out\autoframe_work\cinematic\008__SHOT__t1247.80-t1259.20.__CINEMATIC.__CINEMATIC.__CINEMATIC\follow\stabilized.mp4"
"stabilized","873","False","False","False","4.65","11/17/2025 11:59:38 PM","C:\Users\scott\OneDrive\SoccerVideoMedia\out\autoframe_work\cinematic\008__SHOT__t1247.80-t1259.20.__CINEMATIC.__CINEMATIC\follow\stabilized.mp4"
"stabilized","873","False","False","False","6.58","11/17/2025 11:59:54 PM","C:\Users\scott\OneDrive\SoccerVideoMedia\out\autoframe_work\cinematic\008__SHOT__t1247.80-t1259.20.__CINEMATIC\follow\stabilized.mp4"
"stabilized","873","False","False","False","9.33","11/18/2025 12:00:11 AM","C:\Users\scott\OneDrive\SoccerVideoMedia\out\autoframe_work\cinematic\008__SHOT__t1247.80-t1259.20\follow\stabilized.mp4"
"stabilized","873","False","False","False","1.57","11/18/2025 12:00:30 AM","C:\Users\scott\OneDrive\SoccerVideoMedia\out\autoframe_work\cinematic\009__SHOT__t1420.40-t1438.20.__CINEMATIC.__CINEMATIC.__CINEMATIC.__CINEMATIC.__CINEMATIC.__CINEMATIC\follow\stabilized.mp4"
"stabilized","873","False","False","False","2.41","11/18/2025 12:00:52 AM","C:\Users\scott\OneDrive\SoccerVideoMedia\out\autoframe_work\cinematic\009__SHOT__t1420.40-t1438.20.__CINEMATIC.__CINEMATIC.__CINEMATIC.__CINEMATIC.__CINEMATIC\follow\stabilized.mp4"
"stabilized","873","False","False","False","5.61","11/18/2025 12:01:15 AM","C:\Users\scott\OneDrive\SoccerVideoMedia\out\autoframe_work\cinematic\009__SHOT__t1420.40-t1438.20.__CINEMATIC.__CINEMATIC.__CINEMATIC.__CINEMATIC\follow\stabilized.mp4"
"stabilized","873","False","False","False","7.86","11/18/2025 12:01:39 AM","C:\Users\scott\OneDrive\SoccerVideoMedia\out\autoframe_work\cinematic\009__SHOT__t1420.40-t1438.20.__CINEMATIC.__CINEMATIC.__CINEMATIC\follow\stabilized.mp4"
"stabilized","873","False","False","False","8.88","11/18/2025 12:02:03 AM","C:\Users\scott\OneDrive\SoccerVideoMedia\out\autoframe_work\cinematic\009__SHOT__t1420.40-t1438.20.__CINEMATIC.__CINEMATIC\follow\stabilized.mp4"
"stabilized","873","False","False","False","11.39","11/18/2025 12:02:28 AM","C:\Users\scott\OneDrive\SoccerVideoMedia\out\autoframe_work\cinematic\009__SHOT__t1420.40-t1438.20.__CINEMATIC\follow\stabilized.mp4"
"stabilized","873","False","False","False","16.74","11/18/2025 12:02:53 AM","C:\Users\scott\OneDrive\SoccerVideoMedia\out\autoframe_work\cinematic\009__SHOT__t1420.40-t1438.20\follow\stabilized.mp4"
"stabilized","873","False","False","False","0.99","11/18/2025 12:03:10 AM","C:\Users\scott\OneDrive\SoccerVideoMedia\out\autoframe_work\cinematic\010__CROSS__t1541.10-t1547.90.__CINEMATIC.__CINEMATIC.__CINEMATIC.__CINEMATIC.__CINEMATIC.__CINEMATIC\follow\stabilized.mp4"
"stabilized","873","False","False","False","1.35","11/18/2025 12:03:20 AM","C:\Users\scott\OneDrive\SoccerVideoMedia\out\autoframe_work\cinematic\010__CROSS__t1541.10-t1547.90.__CINEMATIC.__CINEMATIC.__CINEMATIC.__CINEMATIC.__CINEMATIC\follow\stabilized.mp4"
"stabilized","873","False","False","False","2.6","11/18/2025 12:03:29 AM","C:\Users\scott\OneDrive\SoccerVideoMedia\out\autoframe_work\cinematic\010__CROSS__t1541.10-t1547.90.__CINEMATIC.__CINEMATIC.__CINEMATIC.__CINEMATIC\follow\stabilized.mp4"
"stabilized","873","False","False","False","3.43","11/18/2025 12:03:39 AM","C:\Users\scott\OneDrive\SoccerVideoMedia\out\autoframe_work\cinematic\010__CROSS__t1541.10-t1547.90.__CINEMATIC.__CINEMATIC.__CINEMATIC\follow\stabilized.mp4"
"stabilized","873","False","False","False","4.14","11/18/2025 12:03:49 AM","C:\Users\scott\OneDrive\SoccerVideoMedia\out\autoframe_work\cinematic\010__CROSS__t1541.10-t1547.90.__CINEMATIC.__CINEMATIC\follow\stabilized.mp4"
"stabilized","873","False","False","False","5.79","11/18/2025 12:04:00 AM","C:\Users\scott\OneDrive\SoccerVideoMedia\out\autoframe_work\cinematic\010__CROSS__t1541.10-t1547.90.__CINEMATIC\follow\stabilized.mp4"
"stabilized","873","False","False","False","7.75","11/18/2025 12:04:10 AM","C:\Users\scott\OneDrive\SoccerVideoMedia\out\autoframe_work\cinematic\010__CROSS__t1541.10-t1547.90\follow\stabilized.mp4"
"stabilized","873","False","False","False","1.14","11/18/2025 12:04:25 AM","C:\Users\scott\OneDrive\SoccerVideoMedia\out\autoframe_work\cinematic\011__SHOTS__t1655.00-t1670.30.__CINEMATIC.__CINEMATIC.__CINEMATIC.__CINEMATIC.__CINEMATIC.__CINEMATIC\follow\stabilized.mp4"
"stabilized","873","False","False","False","1.61","11/18/2025 12:04:44 AM","C:\Users\scott\OneDrive\SoccerVideoMedia\out\autoframe_work\cinematic\011__SHOTS__t1655.00-t1670.30.__CINEMATIC.__CINEMATIC.__CINEMATIC.__CINEMATIC.__CINEMATIC\follow\stabilized.mp4"
"stabilized","873","False","False","False","3.92","11/18/2025 12:05:03 AM","C:\Users\scott\OneDrive\SoccerVideoMedia\out\autoframe_work\cinematic\011__SHOTS__t1655.00-t1670.30.__CINEMATIC.__CINEMATIC.__CINEMATIC.__CINEMATIC\follow\stabilized.mp4"
"stabilized","873","False","False","False","5.5","11/18/2025 12:05:23 AM","C:\Users\scott\OneDrive\SoccerVideoMedia\out\autoframe_work\cinematic\011__SHOTS__t1655.00-t1670.30.__CINEMATIC.__CINEMATIC.__CINEMATIC\follow\stabilized.mp4"
"stabilized","873","False","False","False","6.26","11/18/2025 12:05:45 AM","C:\Users\scott\OneDrive\SoccerVideoMedia\out\autoframe_work\cinematic\011__SHOTS__t1655.00-t1670.30.__CINEMATIC.__CINEMATIC\follow\stabilized.mp4"
"stabilized","873","False","False","False","7.92","11/18/2025 12:06:05 AM","C:\Users\scott\OneDrive\SoccerVideoMedia\out\autoframe_work\cinematic\011__SHOTS__t1655.00-t1670.30.__CINEMATIC\follow\stabilized.mp4"
"stabilized","873","False","False","False","12.57","11/18/2025 12:06:27 AM","C:\Users\scott\OneDrive\SoccerVideoMedia\out\autoframe_work\cinematic\011__SHOTS__t1655.00-t1670.30\follow\stabilized.mp4"
"stabilized","873","False","False","False","0.69","11/18/2025 12:06:41 AM","C:\Users\scott\OneDrive\SoccerVideoMedia\out\autoframe_work\cinematic\012__GOAL__t1705.20-t1708.50.__CINEMATIC.__CINEMATIC.__CINEMATIC.__CINEMATIC.__CINEMATIC.__CINEMATIC\follow\stabilized.mp4"
"stabilized","873","False","False","False","0.85","11/18/2025 12:06:46 AM","C:\Users\scott\OneDrive\SoccerVideoMedia\out\autoframe_work\cinematic\012__GOAL__t1705.20-t1708.50.__CINEMATIC.__CINEMATIC.__CINEMATIC.__CINEMATIC.__CINEMATIC\follow\stabilized.mp4"
"stabilized","873","False","False","False","1.34","11/18/2025 12:06:52 AM","C:\Users\scott\OneDrive\SoccerVideoMedia\out\autoframe_work\cinematic\012__GOAL__t1705.20-t1708.50.__CINEMATIC.__CINEMATIC.__CINEMATIC.__CINEMATIC\follow\stabilized.mp4"
"stabilized","873","False","False","False","1.94","11/18/2025 12:06:57 AM","C:\Users\scott\OneDrive\SoccerVideoMedia\out\autoframe_work\cinematic\012__GOAL__t1705.20-t1708.50.__CINEMATIC.__CINEMATIC.__CINEMATIC\follow\stabilized.mp4"
"stabilized","873","False","False","False","2.43","11/18/2025 12:07:03 AM","C:\Users\scott\OneDrive\SoccerVideoMedia\out\autoframe_work\cinematic\012__GOAL__t1705.20-t1708.50.__CINEMATIC.__CINEMATIC\follow\stabilized.mp4"
"stabilized","873","False","False","False","3.24","11/18/2025 12:07:09 AM","C:\Users\scott\OneDrive\SoccerVideoMedia\out\autoframe_work\cinematic\012__GOAL__t1705.20-t1708.50.__CINEMATIC\follow\stabilized.mp4"
"stabilized","873","False","False","False","4.03","11/18/2025 12:07:15 AM","C:\Users\scott\OneDrive\SoccerVideoMedia\out\autoframe_work\cinematic\012__GOAL__t1705.20-t1708.50\follow\stabilized.mp4"
"stabilized","873","False","False","False","0.75","11/18/2025 12:07:22 AM","C:\Users\scott\OneDrive\SoccerVideoMedia\out\autoframe_work\cinematic\013__GOAL__t1767.50-t1772.60.__CINEMATIC.__CINEMATIC.__CINEMATIC.__CINEMATIC.__CINEMATIC.__CINEMATIC\follow\stabilized.mp4"
"stabilized","873","False","False","False","0.98","11/18/2025 12:07:29 AM","C:\Users\scott\OneDrive\SoccerVideoMedia\out\autoframe_work\cinematic\013__GOAL__t1767.50-t1772.60.__CINEMATIC.__CINEMATIC.__CINEMATIC.__CINEMATIC.__CINEMATIC\follow\stabilized.mp4"
"stabilized","873","False","False","False","1.79","11/18/2025 12:07:37 AM","C:\Users\scott\OneDrive\SoccerVideoMedia\out\autoframe_work\cinematic\013__GOAL__t1767.50-t1772.60.__CINEMATIC.__CINEMATIC.__CINEMATIC.__CINEMATIC\follow\stabilized.mp4"
"stabilized","873","False","False","False","2.41","11/18/2025 12:07:45 AM","C:\Users\scott\OneDrive\SoccerVideoMedia\out\autoframe_work\cinematic\013__GOAL__t1767.50-t1772.60.__CINEMATIC.__CINEMATIC.__CINEMATIC\follow\stabilized.mp4"
"stabilized","873","False","False","False","2.73","11/18/2025 12:07:53 AM","C:\Users\scott\OneDrive\SoccerVideoMedia\out\autoframe_work\cinematic\013__GOAL__t1767.50-t1772.60.__CINEMATIC.__CINEMATIC\follow\stabilized.mp4"
"stabilized","873","False","False","False","3.59","11/18/2025 12:08:01 AM","C:\Users\scott\OneDrive\SoccerVideoMedia\out\autoframe_work\cinematic\013__GOAL__t1767.50-t1772.60.__CINEMATIC\follow\stabilized.mp4"
"stabilized","873","False","False","False","4.63","11/18/2025 12:08:09 AM","C:\Users\scott\OneDrive\SoccerVideoMedia\out\autoframe_work\cinematic\013__GOAL__t1767.50-t1772.60\follow\stabilized.mp4"
"stabilized","873","False","False","False","1.53","11/18/2025 12:08:27 AM","C:\Users\scott\OneDrive\SoccerVideoMedia\out\autoframe_work\cinematic\014__GOAL__t1904.20-t1925.20.__CINEMATIC.__CINEMATIC.__CINEMATIC.__CINEMATIC.__CINEMATIC.__CINEMATIC\follow\stabilized.mp4"
"stabilized","873","False","False","False","2.38","11/18/2025 12:08:52 AM","C:\Users\scott\OneDrive\SoccerVideoMedia\out\autoframe_work\cinematic\014__GOAL__t1904.20-t1925.20.__CINEMATIC.__CINEMATIC.__CINEMATIC.__CINEMATIC.__CINEMATIC\follow\stabilized.mp4"
"stabilized","873","False","False","False","5.62","11/18/2025 12:09:18 AM","C:\Users\scott\OneDrive\SoccerVideoMedia\out\autoframe_work\cinematic\014__GOAL__t1904.20-t1925.20.__CINEMATIC.__CINEMATIC.__CINEMATIC.__CINEMATIC\follow\stabilized.mp4"
"stabilized","873","False","False","False","7.59","11/18/2025 12:09:45 AM","C:\Users\scott\OneDrive\SoccerVideoMedia\out\autoframe_work\cinematic\014__GOAL__t1904.20-t1925.20.__CINEMATIC.__CINEMATIC.__CINEMATIC\follow\stabilized.mp4"
"stabilized","873","False","False","False","8.71","11/18/2025 12:10:13 AM","C:\Users\scott\OneDrive\SoccerVideoMedia\out\autoframe_work\cinematic\014__GOAL__t1904.20-t1925.20.__CINEMATIC.__CINEMATIC\follow\stabilized.mp4"
"stabilized","873","False","False","False","12.37","11/18/2025 12:10:41 AM","C:\Users\scott\OneDrive\SoccerVideoMedia\out\autoframe_work\cinematic\014__GOAL__t1904.20-t1925.20.__CINEMATIC\follow\stabilized.mp4"
"stabilized","873","False","False","False","20.32","11/18/2025 12:11:11 AM","C:\Users\scott\OneDrive\SoccerVideoMedia\out\autoframe_work\cinematic\014__GOAL__t1904.20-t1925.20\follow\stabilized.mp4"
"stabilized","873","False","False","False","0.89","11/18/2025 12:11:31 AM","C:\Users\scott\OneDrive\SoccerVideoMedia\out\autoframe_work\cinematic\015__DRIBBLING__t1972.50-t1980.70.__CINEMATIC.__CINEMATIC.__CINEMATIC.__CINEMATIC.__CINEMATIC.__CINEMATIC\follow\stabilized.mp4"
"stabilized","873","False","False","False","1.27","11/18/2025 12:11:42 AM","C:\Users\scott\OneDrive\SoccerVideoMedia\out\autoframe_work\cinematic\015__DRIBBLING__t1972.50-t1980.70.__CINEMATIC.__CINEMATIC.__CINEMATIC.__CINEMATIC.__CINEMATIC\follow\stabilized.mp4"
"stabilized","873","False","False","False","2.7","11/18/2025 12:11:53 AM","C:\Users\scott\OneDrive\SoccerVideoMedia\out\autoframe_work\cinematic\015__DRIBBLING__t1972.50-t1980.70.__CINEMATIC.__CINEMATIC.__CINEMATIC.__CINEMATIC\follow\stabilized.mp4"
"stabilized","873","False","False","False","3.98","11/18/2025 12:12:05 AM","C:\Users\scott\OneDrive\SoccerVideoMedia\out\autoframe_work\cinematic\015__DRIBBLING__t1972.50-t1980.70.__CINEMATIC.__CINEMATIC.__CINEMATIC\follow\stabilized.mp4"
"stabilized","873","False","False","False","4.53","11/18/2025 12:12:17 AM","C:\Users\scott\OneDrive\SoccerVideoMedia\out\autoframe_work\cinematic\015__DRIBBLING__t1972.50-t1980.70.__CINEMATIC.__CINEMATIC\follow\stabilized.mp4"
"stabilized","873","False","False","False","5.93","11/18/2025 12:12:29 AM","C:\Users\scott\OneDrive\SoccerVideoMedia\out\autoframe_work\cinematic\015__DRIBBLING__t1972.50-t1980.70.__CINEMATIC\follow\stabilized.mp4"
"stabilized","873","False","False","False","9.18","11/18/2025 12:12:41 AM","C:\Users\scott\OneDrive\SoccerVideoMedia\out\autoframe_work\cinematic\015__DRIBBLING__t1972.50-t1980.70\follow\stabilized.mp4"
"stabilized","873","False","False","False","0.96","11/18/2025 12:12:54 AM","C:\Users\scott\OneDrive\SoccerVideoMedia\out\autoframe_work\cinematic\016__SHOT__t2029.90-t2039.50.__CINEMATIC.__CINEMATIC.__CINEMATIC.__CINEMATIC.__CINEMATIC.__CINEMATIC\follow\stabilized.mp4"
"stabilized","873","False","False","False","1.27","11/18/2025 12:13:07 AM","C:\Users\scott\OneDrive\SoccerVideoMedia\out\autoframe_work\cinematic\016__SHOT__t2029.90-t2039.50.__CINEMATIC.__CINEMATIC.__CINEMATIC.__CINEMATIC.__CINEMATIC\follow\stabilized.mp4"
"stabilized","873","False","False","False","2.61","11/18/2025 12:13:19 AM","C:\Users\scott\OneDrive\SoccerVideoMedia\out\autoframe_work\cinematic\016__SHOT__t2029.90-t2039.50.__CINEMATIC.__CINEMATIC.__CINEMATIC.__CINEMATIC\follow\stabilized.mp4"
"stabilized","873","False","False","False","4.26","11/18/2025 12:13:32 AM","C:\Users\scott\OneDrive\SoccerVideoMedia\out\autoframe_work\cinematic\016__SHOT__t2029.90-t2039.50.__CINEMATIC.__CINEMATIC.__CINEMATIC\follow\stabilized.mp4"
"stabilized","873","False","False","False","4.88","11/18/2025 12:13:46 AM","C:\Users\scott\OneDrive\SoccerVideoMedia\out\autoframe_work\cinematic\016__SHOT__t2029.90-t2039.50.__CINEMATIC.__CINEMATIC\follow\stabilized.mp4"
"stabilized","873","False","False","False","6.44","11/18/2025 12:14:00 AM","C:\Users\scott\OneDrive\SoccerVideoMedia\out\autoframe_work\cinematic\016__SHOT__t2029.90-t2039.50.__CINEMATIC\follow\stabilized.mp4"
"stabilized","873","False","False","False","10.1","11/18/2025 12:14:14 AM","C:\Users\scott\OneDrive\SoccerVideoMedia\out\autoframe_work\cinematic\016__SHOT__t2029.90-t2039.50\follow\stabilized.mp4"
"stabilized","873","False","False","False","1.25","11/18/2025 12:14:30 AM","C:\Users\scott\OneDrive\SoccerVideoMedia\out\autoframe_work\cinematic\017__SHOT__t2284.90-t2298.20.__CINEMATIC.__CINEMATIC.__CINEMATIC.__CINEMATIC.__CINEMATIC.__CINEMATIC\follow\stabilized.mp4"
"stabilized","873","False","False","False","1.71","11/18/2025 12:14:46 AM","C:\Users\scott\OneDrive\SoccerVideoMedia\out\autoframe_work\cinematic\017__SHOT__t2284.90-t2298.20.__CINEMATIC.__CINEMATIC.__CINEMATIC.__CINEMATIC.__CINEMATIC\follow\stabilized.mp4"
"stabilized","873","False","False","False","3.42","11/18/2025 12:15:03 AM","C:\Users\scott\OneDrive\SoccerVideoMedia\out\autoframe_work\cinematic\017__SHOT__t2284.90-t2298.20.__CINEMATIC.__CINEMATIC.__CINEMATIC.__CINEMATIC\follow\stabilized.mp4"
"stabilized","873","False","False","False","4.84","11/18/2025 12:15:20 AM","C:\Users\scott\OneDrive\SoccerVideoMedia\out\autoframe_work\cinematic\017__SHOT__t2284.90-t2298.20.__CINEMATIC.__CINEMATIC.__CINEMATIC\follow\stabilized.mp4"
"stabilized","873","False","False","False","5.89","11/18/2025 12:15:38 AM","C:\Users\scott\OneDrive\SoccerVideoMedia\out\autoframe_work\cinematic\017__SHOT__t2284.90-t2298.20.__CINEMATIC.__CINEMATIC\follow\stabilized.mp4"
"stabilized","873","False","False","False","7.92","11/18/2025 12:15:57 AM","C:\Users\scott\OneDrive\SoccerVideoMedia\out\autoframe_work\cinematic\017__SHOT__t2284.90-t2298.20.__CINEMATIC\follow\stabilized.mp4"
"stabilized","873","False","False","False","12.62","11/18/2025 12:16:16 AM","C:\Users\scott\OneDrive\SoccerVideoMedia\out\autoframe_work\cinematic\017__SHOT__t2284.90-t2298.20\follow\stabilized.mp4"
"stabilized","873","False","False","False","0.68","11/18/2025 12:16:29 AM","C:\Users\scott\OneDrive\SoccerVideoMedia\out\autoframe_work\cinematic\018__SHOT__t2419.50-t2425.60.__CINEMATIC.__CINEMATIC.__CINEMATIC.__CINEMATIC.__CINEMATIC.__CINEMATIC\follow\stabilized.mp4"
"stabilized","873","False","False","False","0.89","11/18/2025 12:16:38 AM","C:\Users\scott\OneDrive\SoccerVideoMedia\out\autoframe_work\cinematic\018__SHOT__t2419.50-t2425.60.__CINEMATIC.__CINEMATIC.__CINEMATIC.__CINEMATIC.__CINEMATIC\follow\stabilized.mp4"
"stabilized","873","False","False","False","1.83","11/18/2025 12:16:46 AM","C:\Users\scott\OneDrive\SoccerVideoMedia\out\autoframe_work\cinematic\018__SHOT__t2419.50-t2425.60.__CINEMATIC.__CINEMATIC.__CINEMATIC.__CINEMATIC\follow\stabilized.mp4"
"stabilized","873","False","False","False","3.08","11/18/2025 12:16:55 AM","C:\Users\scott\OneDrive\SoccerVideoMedia\out\autoframe_work\cinematic\018__SHOT__t2419.50-t2425.60.__CINEMATIC.__CINEMATIC.__CINEMATIC\follow\stabilized.mp4"
"stabilized","873","False","False","False","3.53","11/18/2025 12:17:04 AM","C:\Users\scott\OneDrive\SoccerVideoMedia\out\autoframe_work\cinematic\018__SHOT__t2419.50-t2425.60.__CINEMATIC.__CINEMATIC\follow\stabilized.mp4"
"stabilized","873","False","False","False","4.37","11/18/2025 12:17:13 AM","C:\Users\scott\OneDrive\SoccerVideoMedia\out\autoframe_work\cinematic\018__SHOT__t2419.50-t2425.60.__CINEMATIC\follow\stabilized.mp4"
"stabilized","873","False","False","False","6.25","11/18/2025 12:17:23 AM","C:\Users\scott\OneDrive\SoccerVideoMedia\out\autoframe_work\cinematic\018__SHOT__t2419.50-t2425.60\follow\stabilized.mp4"
"stabilized","873","False","False","False","0.7","11/18/2025 12:17:32 AM","C:\Users\scott\OneDrive\SoccerVideoMedia\out\autoframe_work\cinematic\019__SHOT__t2633.00-t2638.10.__CINEMATIC.__CINEMATIC.__CINEMATIC.__CINEMATIC.__CINEMATIC.__CINEMATIC\follow\stabilized.mp4"
"stabilized","873","False","False","False","0.92","11/18/2025 12:17:39 AM","C:\Users\scott\OneDrive\SoccerVideoMedia\out\autoframe_work\cinematic\019__SHOT__t2633.00-t2638.10.__CINEMATIC.__CINEMATIC.__CINEMATIC.__CINEMATIC.__CINEMATIC\follow\stabilized.mp4"
"stabilized","873","False","False","False","1.72","11/18/2025 12:17:47 AM","C:\Users\scott\OneDrive\SoccerVideoMedia\out\autoframe_work\cinematic\019__SHOT__t2633.00-t2638.10.__CINEMATIC.__CINEMATIC.__CINEMATIC.__CINEMATIC\follow\stabilized.mp4"
"stabilized","873","False","False","False","2.59","11/18/2025 12:17:54 AM","C:\Users\scott\OneDrive\SoccerVideoMedia\out\autoframe_work\cinematic\019__SHOT__t2633.00-t2638.10.__CINEMATIC.__CINEMATIC.__CINEMATIC\follow\stabilized.mp4"
"stabilized","873","False","False","False","2.8","11/18/2025 12:18:02 AM","C:\Users\scott\OneDrive\SoccerVideoMedia\out\autoframe_work\cinematic\019__SHOT__t2633.00-t2638.10.__CINEMATIC.__CINEMATIC\follow\stabilized.mp4"
"stabilized","873","False","False","False","3.96","11/18/2025 12:18:10 AM","C:\Users\scott\OneDrive\SoccerVideoMedia\out\autoframe_work\cinematic\019__SHOT__t2633.00-t2638.10.__CINEMATIC\follow\stabilized.mp4"
"stabilized","873","False","False","False","5.55","11/18/2025 12:18:19 AM","C:\Users\scott\OneDrive\SoccerVideoMedia\out\autoframe_work\cinematic\019__SHOT__t2633.00-t2638.10\follow\stabilized.mp4"
"stabilized","873","False","False","False","1.3","11/18/2025 12:18:32 AM","C:\Users\scott\OneDrive\SoccerVideoMedia\out\autoframe_work\cinematic\020__GOAL__t2816.60-t2831.80.__CINEMATIC.__CINEMATIC.__CINEMATIC.__CINEMATIC.__CINEMATIC.__CINEMATIC\follow\stabilized.mp4"
"stabilized","873","False","False","False","1.95","11/18/2025 12:18:51 AM","C:\Users\scott\OneDrive\SoccerVideoMedia\out\autoframe_work\cinematic\020__GOAL__t2816.60-t2831.80.__CINEMATIC.__CINEMATIC.__CINEMATIC.__CINEMATIC.__CINEMATIC\follow\stabilized.mp4"
"stabilized","873","False","False","False","4.37","11/18/2025 12:19:11 AM","C:\Users\scott\OneDrive\SoccerVideoMedia\out\autoframe_work\cinematic\020__GOAL__t2816.60-t2831.80.__CINEMATIC.__CINEMATIC.__CINEMATIC.__CINEMATIC\follow\stabilized.mp4"
"stabilized","873","False","False","False","5.95","11/18/2025 12:19:31 AM","C:\Users\scott\OneDrive\SoccerVideoMedia\out\autoframe_work\cinematic\020__GOAL__t2816.60-t2831.80.__CINEMATIC.__CINEMATIC.__CINEMATIC\follow\stabilized.mp4"
"stabilized","873","False","False","False","6.76","11/18/2025 12:19:51 AM","C:\Users\scott\OneDrive\SoccerVideoMedia\out\autoframe_work\cinematic\020__GOAL__t2816.60-t2831.80.__CINEMATIC.__CINEMATIC\follow\stabilized.mp4"
"stabilized","873","False","False","False","9.18","11/18/2025 12:20:13 AM","C:\Users\scott\OneDrive\SoccerVideoMedia\out\autoframe_work\cinematic\020__GOAL__t2816.60-t2831.80.__CINEMATIC\follow\stabilized.mp4"
"stabilized","873","False","False","False","14.63","11/18/2025 12:20:35 AM","C:\Users\scott\OneDrive\SoccerVideoMedia\out\autoframe_work\cinematic\020__GOAL__t2816.60-t2831.80\follow\stabilized.mp4"
"stabilized","873","False","False","False","1.11","11/18/2025 12:20:53 AM","C:\Users\scott\OneDrive\SoccerVideoMedia\out\autoframe_work\cinematic\021__SHOT__t2860.70-t2873.00.__CINEMATIC.__CINEMATIC.__CINEMATIC.__CINEMATIC.__CINEMATIC.__CINEMATIC\follow\stabilized.mp4"
"stabilized","873","False","False","False","1.53","11/18/2025 12:21:09 AM","C:\Users\scott\OneDrive\SoccerVideoMedia\out\autoframe_work\cinematic\021__SHOT__t2860.70-t2873.00.__CINEMATIC.__CINEMATIC.__CINEMATIC.__CINEMATIC.__CINEMATIC\follow\stabilized.mp4"
"stabilized","873","False","False","False","3.39","11/18/2025 12:21:25 AM","C:\Users\scott\OneDrive\SoccerVideoMedia\out\autoframe_work\cinematic\021__SHOT__t2860.70-t2873.00.__CINEMATIC.__CINEMATIC.__CINEMATIC.__CINEMATIC\follow\stabilized.mp4"
"stabilized","873","False","False","False","5.4","11/18/2025 12:21:42 AM","C:\Users\scott\OneDrive\SoccerVideoMedia\out\autoframe_work\cinematic\021__SHOT__t2860.70-t2873.00.__CINEMATIC.__CINEMATIC.__CINEMATIC\follow\stabilized.mp4"
"stabilized","873","False","False","False","6.04","11/18/2025 12:21:58 AM","C:\Users\scott\OneDrive\SoccerVideoMedia\out\autoframe_work\cinematic\021__SHOT__t2860.70-t2873.00.__CINEMATIC.__CINEMATIC\follow\stabilized.mp4"
"stabilized","873","False","False","False","8.3","11/18/2025 12:22:15 AM","C:\Users\scott\OneDrive\SoccerVideoMedia\out\autoframe_work\cinematic\021__SHOT__t2860.70-t2873.00.__CINEMATIC\follow\stabilized.mp4"
"stabilized","873","False","False","False","13.53","11/18/2025 12:22:33 AM","C:\Users\scott\OneDrive\SoccerVideoMedia\out\autoframe_work\cinematic\021__SHOT__t2860.70-t2873.00\follow\stabilized.mp4"
"stabilized","873","False","False","False","1.01","11/18/2025 12:22:48 AM","C:\Users\scott\OneDrive\SoccerVideoMedia\out\autoframe_work\cinematic\023__SHOT__t3098.90-t3108.80.__CINEMATIC.__CINEMATIC.__CINEMATIC.__CINEMATIC.__CINEMATIC.__CINEMATIC\follow\stabilized.mp4"
"stabilized","873","False","False","False","1.41","11/18/2025 12:23:02 AM","C:\Users\scott\OneDrive\SoccerVideoMedia\out\autoframe_work\cinematic\023__SHOT__t3098.90-t3108.80.__CINEMATIC.__CINEMATIC.__CINEMATIC.__CINEMATIC.__CINEMATIC\follow\stabilized.mp4"
"stabilized","873","False","False","False","2.82","11/18/2025 12:23:16 AM","C:\Users\scott\OneDrive\SoccerVideoMedia\out\autoframe_work\cinematic\023__SHOT__t3098.90-t3108.80.__CINEMATIC.__CINEMATIC.__CINEMATIC.__CINEMATIC\follow\stabilized.mp4"
"stabilized","873","False","False","False","4","11/18/2025 12:23:30 AM","C:\Users\scott\OneDrive\SoccerVideoMedia\out\autoframe_work\cinematic\023__SHOT__t3098.90-t3108.80.__CINEMATIC.__CINEMATIC.__CINEMATIC\follow\stabilized.mp4"
"stabilized","873","False","False","False","4.95","11/18/2025 12:23:44 AM","C:\Users\scott\OneDrive\SoccerVideoMedia\out\autoframe_work\cinematic\023__SHOT__t3098.90-t3108.80.__CINEMATIC.__CINEMATIC\follow\stabilized.mp4"
"stabilized","873","False","False","False","6.54","11/18/2025 12:23:58 AM","C:\Users\scott\OneDrive\SoccerVideoMedia\out\autoframe_work\cinematic\023__SHOT__t3098.90-t3108.80.__CINEMATIC\follow\stabilized.mp4"
"stabilized","873","False","False","False","9.83","11/18/2025 12:24:13 AM","C:\Users\scott\OneDrive\SoccerVideoMedia\out\autoframe_work\cinematic\023__SHOT__t3098.90-t3108.80\follow\stabilized.mp4"
"stabilized","873","False","False","False","17.87","11/18/2025 10:19:05 AM","C:\Users\scott\OneDrive\SoccerVideoMedia\out\autoframe_work\wide\001__SHOT__t155.50-t166.40\follow\stabilized.mp4"
"parent_goal","2","True","False","False","14.82","11/14/2025 11:46:40 AM","C:\Users\scott\OneDrive\SoccerVideoMedia\out\autoframe_work\parent_goal_sydney\parent_goal_v3.mp4"
"parent_goal","2","False","False","False","13.02","11/14/2025 11:52:21 AM","C:\Users\scott\OneDrive\SoccerVideoMedia\out\autoframe_work\parent_goal_sydney\parent_goal_v4.mp4"
