start,end,score,event,action_score,mean_flow,center_ratio,ball_speed,team_presence,why
829.48,832.48,1.0,passes,1.6218412017353367,2.675097703933716,0.5713686520369664,107.01821971957602,0.03627942631828828,keep
2920.05,2923.05,1.0,passes,1.6191323248549379,2.5610735416412354,0.5419535024084893,185.14488357587152,0.04169238683073955,keep
247.58,250.58,1.0,passes,1.5959472261169978,2.3129749298095703,0.5751051171870933,85.36557197983288,0.01573291286435305,keep
