frame,ball_x,ball_y,source,confidence,cam_cx,cam_cy,crop_x0,crop_y0,crop_w,crop_h,ball_in_crop,dist_to_edge,speed_limited,keepinview,clamp_flags
0,1225.2,808.2,yolo,0.84,1217.0,540.0,888.3,0.0,657.5,1168.9,1,295.8,1,0,accel_zoom=0.852|edge_zoom=0.750|bounds|final_speed
1,1220.9,808.1,yolo,0.79,1215.5,540.0,886.7,0.0,657.5,1168.9,1,298.6,1,1,keepin_prop=0.25|keepin_zoom=1.300|speed|edge_zoom=0.933|bounds
2,1216.0,808.0,yolo,0.81,1213.4,540.0,884.6,0.0,657.5,1168.9,1,301.4,1,1,keepin_prop=0.25|keepin_zoom=1.300|speed|edge_zoom=0.933|bounds
3,1210.4,807.8,yolo,0.81,1210.7,540.0,881.9,0.0,657.5,1168.9,1,303.7,1,1,keepin_prop=0.25|keepin_zoom=1.300|speed|edge_zoom=0.933|bounds
4,1204.1,807.7,yolo,0.80,1207.5,540.0,878.7,0.0,657.5,1168.9,1,300.6,1,1,keepin_prop=0.25|keepin_zoom=1.300|speed|edge_zoom=0.934|bounds
5,1197.3,807.6,yolo,0.81,1203.9,540.0,875.1,0.0,657.5,1168.9,1,297.4,1,1,keepin_prop=0.25|keepin_zoom=1.300|speed|edge_zoom=0.934|bounds
6,1189.9,807.5,yolo,0.80,1199.8,540.0,871.1,0.0,657.5,1168.9,1,294.1,1,1,keepin_prop=0.25|keepin_zoom=1.300|speed|edge_zoom=0.934|bounds
7,1181.9,807.4,yolo,0.79,1195.4,540.0,866.6,0.0,657.5,1168.9,1,290.5,1,1,shot_pb=1.00|keepin_prop=0.25|keepin_zoom=1.300|speed|edge_zoom=0.934|bounds
8,1173.3,807.3,yolo,0.79,1190.6,540.0,861.8,0.0,657.5,1168.9,1,286.7,1,1,shot_pb=1.00|keepin_prop=0.25|keepin_zoom=1.300|speed|edge_zoom=0.934|bounds
9,1164.4,807.3,yolo,0.79,1185.4,540.0,856.7,0.0,657.5,1168.9,1,283.0,1,1,shot_pb=1.00|keepin_prop=0.25|keepin_zoom=1.300|speed|edge_zoom=0.934|bounds
10,1155.2,807.3,yolo,0.77,1180.0,540.0,851.2,0.0,657.5,1168.9,1,279.2,1,1,shot_pb=1.00|flight_commit=1.00|keepin_prop=0.25|keepin_zoom=1.300|speed|edge_zoom=0.934|bounds
11,1145.4,807.3,yolo,0.78,1174.2,540.0,845.4,0.0,657.5,1168.9,1,275.2,1,1,shot_pb=1.00|flight_commit=1.00|keepin_prop=0.25|keepin_zoom=1.300|speed|edge_zoom=0.934|bounds
12,1135.3,807.3,yolo,0.74,1168.1,540.0,839.4,0.0,657.5,1168.9,1,271.2,1,1,shot_pb=1.00|flight_commit=1.00|keepin_prop=0.25|keepin_zoom=1.300|speed|edge_zoom=0.934|bounds
13,1125.2,807.2,yolo,0.71,1161.9,540.0,833.1,0.0,657.5,1168.9,1,267.3,1,1,shot_pb=1.00|flight_commit=1.00|keepin_prop=0.25|keepin_zoom=1.300|speed|edge_zoom=0.934|bounds
14,1115.4,807.2,yolo,0.69,1155.4,540.0,826.6,0.0,657.5,1168.9,1,264.0,1,1,shot_pb=1.00|flight_commit=1.00|keepin_prop=0.25|keepin_zoom=1.300|speed|edge_zoom=0.934|bounds
15,1105.5,807.0,yolo,0.66,1148.7,540.0,820.0,0.0,657.5,1168.9,1,260.8,1,1,shot_pb=1.00|flight_commit=1.00|keepin_prop=0.25|keepin_zoom=1.300|speed|edge_zoom=0.934|bounds
16,1095.6,806.9,yolo,0.68,1142.0,540.0,813.2,0.0,657.5,1168.9,1,257.6,1,1,shot_pb=1.00|flight_commit=1.00|keepin_prop=0.25|keepin_zoom=1.300|speed|edge_zoom=0.934|bounds
17,1085.8,806.6,yolo,0.69,1135.1,540.0,806.3,0.0,657.5,1168.9,1,254.7,1,1,shot_pb=1.00|flight_commit=1.00|keepin_prop=0.25|keepin_zoom=1.300|speed|edge_zoom=0.934|bounds
18,1076.0,806.3,yolo,0.69,1128.2,540.0,799.4,0.0,657.5,1168.9,1,251.8,1,1,shot_pb=1.00|flight_commit=1.00|keepin_prop=0.25|keepin_zoom=1.300|speed|edge_zoom=0.934|bounds
19,1066.5,806.1,yolo,0.69,1121.3,540.0,792.5,0.0,657.5,1168.9,1,249.2,1,1,shot_pb=1.00|flight_commit=1.00|keepin_prop=0.24|keepin_zoom=1.300|speed|edge_zoom=0.934|bounds
20,1057.2,805.8,yolo,0.70,1114.4,540.0,785.6,0.0,657.5,1168.9,1,246.8,1,1,shot_pb=1.00|flight_commit=1.00|keepin_prop=0.24|keepin_zoom=1.300|speed|edge_zoom=0.934|bounds
21,1048.2,805.5,yolo,0.66,1107.5,540.0,778.8,0.0,657.5,1168.9,1,244.7,1,1,shot_pb=1.00|flight_commit=1.00|keepin_prop=0.24|keepin_zoom=1.300|speed|edge_zoom=0.934|bounds
22,1039.4,805.3,yolo,0.62,1100.8,540.0,772.0,0.0,657.5,1168.9,1,242.6,1,1,shot_pb=1.00|flight_commit=1.00|keepin_prop=0.24|keepin_zoom=1.300|speed|edge_zoom=0.934|bounds
23,1030.8,805.0,yolo,0.55,1094.1,540.0,765.4,0.0,657.5,1168.9,1,240.7,1,1,shot_pb=1.00|flight_commit=1.00|keepin_prop=0.24|keepin_zoom=1.300|speed|edge_zoom=0.934|bounds
24,1022.6,804.8,yolo,0.50,1087.6,540.0,758.9,0.0,657.5,1168.9,1,239.0,1,1,shot_pb=1.00|flight_commit=1.00|keepin_prop=0.24|keepin_zoom=1.300|speed|edge_zoom=0.934|bounds
25,1014.8,804.6,yolo,0.53,1081.3,540.0,752.5,0.0,657.5,1168.9,1,237.5,1,1,shot_pb=1.00|flight_commit=1.00|keepin_prop=0.24|keepin_zoom=1.300|speed|edge_zoom=0.934|bounds
26,1007.2,804.4,yolo,0.60,1075.1,540.0,746.3,0.0,657.5,1168.9,1,236.1,1,1,shot_pb=1.00|flight_commit=1.00|keepin_prop=0.24|keepin_zoom=1.300|speed|edge_zoom=0.934|bounds
27,1000.0,804.1,yolo,0.66,1069.1,540.0,740.4,0.0,657.5,1168.9,1,234.9,1,1,shot_pb=1.00|flight_commit=1.00|keepin_prop=0.24|keepin_zoom=1.300|speed|edge_zoom=0.934|bounds
28,993.2,803.9,yolo,0.70,1063.3,540.0,734.6,0.0,657.5,1168.9,1,233.9,1,1,shot_pb=1.00|flight_commit=1.00|keepin_prop=0.24|keepin_zoom=1.300|speed|edge_zoom=0.935|bounds
29,986.7,803.7,yolo,0.72,1057.8,540.0,729.0,0.0,657.5,1168.9,1,232.9,1,1,shot_pb=1.00|flight_commit=1.00|keepin_prop=0.24|keepin_zoom=1.300|speed|edge_zoom=0.935|bounds
30,980.5,803.5,yolo,0.72,1052.4,540.0,723.7,0.0,657.5,1168.9,1,232.1,1,1,shot_pb=1.00|flight_commit=1.00|keepin_prop=0.24|keepin_zoom=1.300|speed|edge_zoom=0.935|bounds
31,974.6,803.2,yolo,0.63,1047.3,540.0,718.5,0.0,657.5,1168.9,1,231.3,1,1,shot_pb=1.00|flight_commit=1.00|keepin_prop=0.24|keepin_zoom=1.300|speed|edge_zoom=0.935|bounds
32,969.1,802.9,yolo,0.67,1042.4,540.0,713.7,0.0,657.5,1168.9,1,230.7,1,1,shot_pb=1.00|flight_commit=1.00|keepin_prop=0.24|keepin_zoom=1.300|speed|edge_zoom=0.935|bounds
33,963.8,802.4,yolo,0.69,1037.8,540.0,709.0,0.0,657.5,1168.9,1,230.0,1,1,shot_pb=1.00|flight_commit=1.00|keepin_prop=0.24|keepin_zoom=1.300|speed|edge_zoom=0.935|bounds
34,958.9,801.9,yolo,0.70,1033.4,540.0,704.6,0.0,657.5,1168.9,1,229.5,1,1,shot_pb=1.00|flight_commit=1.00|keepin_prop=0.24|keepin_zoom=1.300|speed|edge_zoom=0.935|bounds
35,954.3,801.2,yolo,0.64,1029.2,540.0,700.4,0.0,657.5,1168.9,1,229.1,1,1,shot_pb=1.00|flight_commit=1.00|keepin_prop=0.24|keepin_zoom=1.300|speed|edge_zoom=0.935|bounds
36,950.1,800.5,yolo,0.69,1025.3,540.0,696.5,0.0,657.5,1168.9,1,228.8,1,1,shot_pb=1.00|flight_commit=1.00|keepin_prop=0.24|keepin_zoom=1.300|speed|edge_zoom=0.935|bounds
37,946.2,799.7,yolo,0.70,1021.6,540.0,692.8,0.0,657.5,1168.9,1,228.6,1,1,shot_pb=1.00|flight_commit=1.00|keepin_prop=0.24|keepin_zoom=1.300|speed|edge_zoom=0.934|bounds
38,942.6,798.7,yolo,0.75,1018.1,540.0,689.4,0.0,657.5,1168.9,1,228.5,1,1,shot_pb=1.00|flight_commit=1.00|keepin_prop=0.24|keepin_zoom=1.300|speed|edge_zoom=0.934|bounds
39,939.3,797.6,yolo,0.78,1014.9,540.0,686.2,0.0,657.5,1168.9,1,228.4,1,1,shot_pb=1.00|flight_commit=1.00|keepin_prop=0.24|keepin_zoom=1.300|speed|edge_zoom=0.934|bounds
40,936.1,795.0,yolo,0.75,1012.0,540.0,683.2,0.0,657.5,1168.9,1,228.1,1,1,shot_pb=1.00|flight_commit=1.00|keepin_prop=0.26|keepin_zoom=1.300|speed|edge_zoom=0.932|bounds
41,933.3,793.3,yolo,0.71,1009.2,540.0,680.5,0.0,657.5,1168.9,1,228.1,1,1,shot_pb=1.00|flight_commit=1.00|keepin_prop=0.24|keepin_zoom=1.300|speed|edge_zoom=0.934|bounds
42,931.0,793.1,yolo,0.68,1006.7,540.0,677.9,0.0,657.5,1168.9,1,228.3,1,1,shot_pb=1.00|flight_commit=1.00|keepin_prop=0.20|keepin_zoom=1.300|speed|edge_zoom=0.938|bounds
43,929.1,793.2,yolo,0.70,1004.4,540.0,675.7,0.0,657.5,1168.9,1,228.7,1,1,shot_pb=1.00|flight_commit=1.00|keepin_prop=0.19|keepin_zoom=1.300|speed|edge_zoom=0.938|bounds
44,927.4,793.3,yolo,0.71,1002.3,540.0,673.6,0.0,657.5,1168.9,1,229.1,1,1,shot_pb=1.00|flight_commit=1.00|keepin_prop=0.19|keepin_zoom=1.300|speed|edge_zoom=0.938|bounds
45,925.9,793.2,yolo,0.72,1000.5,540.0,671.7,0.0,657.5,1168.9,1,229.4,1,1,shot_pb=1.00|flight_commit=1.00|keepin_prop=0.20|keepin_zoom=1.300|speed|edge_zoom=0.938|bounds
46,924.6,793.0,yolo,0.68,998.8,540.0,670.0,0.0,657.5,1168.9,1,229.8,1,1,shot_pb=1.00|flight_commit=1.00|keepin_prop=0.21|keepin_zoom=1.300|speed|edge_zoom=0.937|bounds
47,923.6,792.7,yolo,0.66,997.3,540.0,668.5,0.0,657.5,1168.9,1,230.3,1,1,shot_pb=1.00|flight_commit=1.00|keepin_prop=0.22|keepin_zoom=1.300|speed|edge_zoom=0.936|bounds
48,922.7,792.1,yolo,0.69,995.9,540.0,667.2,0.0,657.5,1168.9,1,230.8,1,1,shot_pb=1.00|flight_commit=1.00|keepin_prop=0.24|keepin_zoom=1.300|speed|edge_zoom=0.934|bounds
49,921.9,791.4,yolo,0.71,994.8,540.0,666.0,0.0,657.5,1168.9,1,231.1,1,1,shot_pb=1.00|flight_commit=1.00|keepin_prop=0.25|keepin_zoom=1.300|speed|edge_zoom=0.933|bounds
50,921.3,790.5,yolo,0.71,993.7,540.0,665.0,0.0,657.5,1168.9,1,231.6,1,1,shot_pb=1.00|flight_commit=1.00|keepin_prop=0.26|keepin_zoom=1.300|speed|edge_zoom=0.932|bounds
51,920.9,789.4,yolo,0.68,992.9,540.0,664.1,0.0,657.5,1168.9,1,232.0,1,1,shot_pb=1.00|flight_commit=1.00|keepin_prop=0.27|keepin_zoom=1.300|speed|edge_zoom=0.932|bounds
52,920.5,788.1,yolo,0.65,992.1,540.0,663.3,0.0,657.5,1168.9,1,232.4,1,1,shot_pb=1.00|flight_commit=1.00|keepin_prop=0.26|keepin_zoom=1.300|speed|edge_zoom=0.932|bounds
53,920.2,786.6,yolo,0.70,991.5,540.0,662.7,0.0,657.5,1168.9,1,232.7,1,1,shot_pb=1.00|flight_commit=1.00|keepin_prop=0.26|keepin_zoom=1.300|speed|edge_zoom=0.932|bounds
54,920.0,785.1,yolo,0.74,990.9,540.0,662.2,0.0,657.5,1168.9,1,233.1,1,1,shot_pb=1.00|flight_commit=1.00|keepin_prop=0.26|keepin_zoom=1.300|speed|edge_zoom=0.933|bounds
55,919.9,783.4,yolo,0.71,990.5,540.0,661.7,0.0,657.5,1168.9,1,233.4,1,1,shot_pb=1.00|flight_commit=1.00|keepin_prop=0.25|keepin_zoom=1.300|speed|edge_zoom=0.933|bounds
56,919.9,781.6,yolo,0.72,990.1,540.0,661.4,0.0,657.5,1168.9,1,233.8,1,1,shot_pb=1.00|flight_commit=1.00|keepin_prop=0.24|keepin_zoom=1.300|speed|edge_zoom=0.934|bounds
57,919.9,779.7,yolo,0.76,989.9,540.0,661.1,0.0,657.5,1168.9,1,234.0,1,1,shot_pb=1.00|flight_commit=1.00|keepin_prop=0.24|keepin_zoom=1.300|speed|edge_zoom=0.934|bounds
58,920.0,777.7,yolo,0.76,989.7,540.0,660.9,0.0,657.5,1168.9,1,234.3,1,1,shot_pb=1.00|flight_commit=1.00|keepin_prop=0.23|keepin_zoom=1.300|speed|edge_zoom=0.935|bounds
59,920.1,775.7,yolo,0.77,989.5,540.0,660.8,0.0,657.5,1168.9,1,234.6,1,1,shot_pb=1.00|flight_commit=1.00|keepin_prop=0.22|keepin_zoom=1.300|speed|edge_zoom=0.936|bounds
60,920.3,773.7,yolo,0.73,989.5,540.0,660.7,0.0,657.5,1168.9,1,234.8,1,1,shot_pb=1.00|flight_commit=1.00|keepin_prop=0.22|keepin_zoom=1.300|speed|edge_zoom=0.936|bounds
61,920.5,771.6,yolo,0.69,989.4,540.0,660.7,0.0,657.5,1168.9,1,235.1,1,1,shot_pb=1.00|flight_commit=1.00|keepin_prop=0.21|keepin_zoom=1.300|speed|edge_zoom=0.937|bounds
62,920.7,769.5,yolo,0.68,989.4,540.0,660.7,0.0,657.5,1168.9,1,235.3,1,1,shot_pb=1.00|flight_commit=1.00|keepin_prop=0.20|keepin_zoom=1.300|speed|edge_zoom=0.938|bounds
63,920.9,767.5,yolo,0.68,989.5,540.0,660.7,0.0,657.5,1168.9,1,235.4,1,1,shot_pb=1.00|flight_commit=1.00|keepin_prop=0.19|keepin_zoom=1.300|speed|edge_zoom=0.938|bounds
64,921.2,765.5,yolo,0.68,989.5,540.0,660.8,0.0,657.5,1168.9,1,235.7,1,1,shot_pb=1.00|flight_commit=1.00|keepin_prop=0.19|keepin_zoom=1.300|speed|edge_zoom=0.939|bounds
65,921.4,763.5,yolo,0.65,989.6,540.0,660.9,0.0,657.5,1168.9,1,235.8,1,1,shot_pb=1.00|flight_commit=1.00|keepin_prop=0.18|keepin_zoom=1.300|speed|edge_zoom=0.939|bounds
66,921.7,761.5,yolo,0.62,989.8,540.0,661.0,0.0,657.5,1168.9,1,235.9,1,1,shot_pb=1.00|flight_commit=1.00|keepin_prop=0.17|keepin_zoom=1.300|speed|edge_zoom=0.940|bounds
67,922.0,759.5,yolo,0.61,989.9,540.0,661.1,0.0,657.5,1168.9,1,236.1,1,1,shot_pb=1.00|flight_commit=1.00|keepin_prop=0.17|keepin_zoom=1.300|speed|edge_zoom=0.941|bounds
68,922.3,757.6,yolo,0.54,990.1,540.0,661.3,0.0,657.5,1168.9,1,236.2,1,1,shot_pb=1.00|flight_commit=1.00|keepin_prop=0.16|keepin_zoom=1.300|speed|edge_zoom=0.941|bounds
69,922.6,755.7,yolo,0.50,990.2,540.0,661.5,0.0,657.5,1168.9,1,236.4,1,1,shot_pb=1.00|flight_commit=1.00|keepin_prop=0.16|keepin_zoom=1.300|speed|edge_zoom=0.942|bounds
70,922.9,753.9,interp,0.28,990.4,540.0,661.6,0.0,657.5,1168.9,1,236.5,1,1,shot_pb=1.00|flight_commit=1.00|keepin_prop=0.15|keepin_zoom=1.300|speed|edge_zoom=0.942|bounds
71,923.2,752.1,yolo,0.46,990.6,540.0,661.8,0.0,657.5,1168.9,1,236.6,1,1,shot_pb=1.00|flight_commit=1.00|keepin_prop=0.15|keepin_zoom=1.300|speed|edge_zoom=0.943|bounds
72,923.5,750.3,yolo,0.40,990.8,540.0,662.0,0.0,657.5,1168.9,1,236.7,1,1,shot_pb=1.00|flight_commit=1.00|keepin_prop=0.14|keepin_zoom=1.300|speed|edge_zoom=0.943|bounds
73,923.8,748.5,yolo,0.37,990.9,540.0,662.2,0.0,657.5,1168.9,1,236.9,1,1,shot_pb=1.00|flight_commit=1.00|keepin_prop=0.14|keepin_zoom=1.300|speed|edge_zoom=0.943|bounds
74,924.1,746.8,yolo,0.34,991.1,540.0,662.4,0.0,657.5,1168.9,1,237.0,1,1,shot_pb=1.00|flight_commit=1.00|keepin_prop=0.13|keepin_zoom=1.300|speed|edge_zoom=0.944|bounds
75,924.3,745.1,yolo,0.32,991.3,540.0,662.5,0.0,657.5,1168.9,1,237.0,1,1,shot_pb=1.00|flight_commit=1.00|keepin_prop=0.13|keepin_zoom=1.300|speed|edge_zoom=0.944|bounds
76,924.5,743.6,yolo,0.30,991.5,540.0,662.7,0.0,657.5,1168.9,1,237.0,1,1,shot_pb=1.00|flight_commit=1.00|keepin_prop=0.12|keepin_zoom=1.300|speed|edge_zoom=0.945|bounds
77,924.7,742.1,yolo,0.32,991.6,540.0,662.9,0.0,657.5,1168.9,1,237.1,1,1,shot_pb=1.00|flight_commit=1.00|keepin_prop=0.12|keepin_zoom=1.300|speed|edge_zoom=0.945|bounds
78,924.9,740.8,yolo,0.34,991.8,540.0,663.0,0.0,657.5,1168.9,1,237.1,1,1,shot_pb=1.00|flight_commit=1.00|keepin_prop=0.12|keepin_zoom=1.300|speed|edge_zoom=0.945|bounds
79,925.0,739.6,yolo,0.36,991.9,540.0,663.2,0.0,657.5,1168.9,1,237.1,1,1,shot_pb=1.00|flight_commit=1.00|keepin_prop=0.11|keepin_zoom=1.300|speed|edge_zoom=0.945|bounds
80,925.1,738.5,yolo,0.38,992.1,540.0,663.3,0.0,657.5,1168.9,1,237.0,1,1,shot_pb=1.00|flight_commit=1.00|keepin_prop=0.11|keepin_zoom=1.300|speed|edge_zoom=0.946|bounds
81,925.3,737.5,yolo,0.40,992.2,540.0,663.5,0.0,657.5,1168.9,1,237.1,1,1,shot_pb=1.00|flight_commit=1.00|keepin_prop=0.11|keepin_zoom=1.300|speed|edge_zoom=0.946|bounds
82,925.4,736.7,yolo,0.44,992.3,540.0,663.6,0.0,657.5,1168.9,1,237.1,1,1,shot_pb=1.00|flight_commit=1.00|keepin_prop=0.11|keepin_zoom=1.300|speed|edge_zoom=0.946|bounds
83,925.5,736.0,yolo,0.48,992.5,540.0,663.7,0.0,657.5,1168.9,1,237.0,1,1,shot_pb=1.00|flight_commit=1.00|keepin_prop=0.10|keepin_zoom=1.300|speed|edge_zoom=0.946|bounds
84,925.6,735.4,yolo,0.50,992.6,540.0,663.8,0.0,657.5,1168.9,1,237.0,1,1,shot_pb=1.00|flight_commit=1.00|keepin_prop=0.10|keepin_zoom=1.300|speed|edge_zoom=0.946|bounds
85,925.7,734.9,yolo,0.54,992.7,540.0,663.9,0.0,657.5,1168.9,1,237.0,1,1,shot_pb=1.00|flight_commit=1.00|keepin_prop=0.10|keepin_zoom=1.300|speed|edge_zoom=0.947|bounds
86,925.7,734.4,yolo,0.58,992.8,540.0,664.0,0.0,657.5,1168.9,1,236.9,1,1,shot_pb=1.00|flight_commit=1.00|keepin_prop=0.10|keepin_zoom=1.300|speed|edge_zoom=0.947|bounds
87,925.8,734.0,yolo,0.59,992.8,540.0,664.1,0.0,657.5,1168.9,1,237.0,1,1,shot_pb=1.00|flight_commit=1.00|keepin_prop=0.10|keepin_zoom=1.300|speed|edge_zoom=0.947|bounds
88,925.9,733.7,yolo,0.59,992.9,540.0,664.2,0.0,657.5,1168.9,1,237.0,1,1,shot_pb=1.00|flight_commit=1.00|keepin_prop=0.10|keepin_zoom=1.300|speed|edge_zoom=0.947|bounds
89,926.0,733.4,yolo,0.59,993.0,540.0,664.2,0.0,657.5,1168.9,1,237.0,1,1,shot_pb=1.00|flight_commit=1.00|keepin_prop=0.10|keepin_zoom=1.300|speed|edge_zoom=0.947|bounds
90,926.0,733.1,yolo,0.58,993.1,540.0,664.3,0.0,657.5,1168.9,1,236.9,1,1,shot_pb=1.00|flight_commit=1.00|keepin_prop=0.10|keepin_zoom=1.300|speed|edge_zoom=0.947|bounds
91,926.1,732.8,yolo,0.57,993.1,540.0,664.4,0.0,657.5,1168.9,1,237.0,1,1,shot_pb=1.00|flight_commit=1.00|keepin_prop=0.10|keepin_zoom=1.300|speed|edge_zoom=0.947|bounds
92,926.1,732.6,yolo,0.60,993.2,540.0,664.4,0.0,657.5,1168.9,1,236.9,1,1,shot_pb=1.00|flight_commit=1.00|keepin_prop=0.10|keepin_zoom=1.300|speed|edge_zoom=0.947|bounds
93,926.2,732.4,yolo,0.63,993.2,540.0,664.5,0.0,657.5,1168.9,1,237.0,1,1,shot_pb=1.00|flight_commit=1.00|keepin_prop=0.10|keepin_zoom=1.300|speed|edge_zoom=0.947|bounds
94,926.2,732.1,yolo,0.66,993.3,540.0,664.5,0.0,657.5,1168.9,1,236.9,1,1,shot_pb=1.00|flight_commit=1.00|keepin_prop=0.10|keepin_zoom=1.300|speed|edge_zoom=0.947|bounds
95,926.2,731.9,yolo,0.66,993.3,540.0,664.5,0.0,657.5,1168.9,1,236.9,1,1,shot_pb=1.00|flight_commit=1.00|keepin_prop=0.10|keepin_zoom=1.300|speed|edge_zoom=0.947|bounds
96,926.2,731.8,yolo,0.64,993.3,540.0,664.6,0.0,657.5,1168.9,1,236.9,1,1,shot_pb=1.00|flight_commit=1.00|keepin_prop=0.09|keepin_zoom=1.300|speed|edge_zoom=0.947|bounds
97,926.2,731.6,yolo,0.66,993.4,540.0,664.6,0.0,657.5,1168.9,1,236.8,1,1,shot_pb=1.00|flight_commit=1.00|keepin_prop=0.09|keepin_zoom=1.300|speed|edge_zoom=0.947|bounds
98,926.2,731.4,yolo,0.66,993.4,540.0,664.6,0.0,657.5,1168.9,1,236.8,1,1,shot_pb=1.00|flight_commit=1.00|keepin_prop=0.09|keepin_zoom=1.300|speed|edge_zoom=0.947|bounds
99,926.3,731.3,yolo,0.67,993.4,540.0,664.7,0.0,657.5,1168.9,1,236.9,1,1,shot_pb=1.00|flight_commit=1.00|keepin_prop=0.09|keepin_zoom=1.300|speed|edge_zoom=0.947|bounds
100,926.3,731.2,yolo,0.67,993.5,540.0,664.7,0.0,657.5,1168.9,1,236.8,1,1,shot_pb=1.00|flight_commit=1.00|keepin_prop=0.09|keepin_zoom=1.300|speed|edge_zoom=0.947|bounds
101,926.3,731.2,yolo,0.67,993.5,540.0,664.7,0.0,657.5,1168.9,1,236.8,1,1,shot_pb=1.00|flight_commit=1.00|keepin_prop=0.09|keepin_zoom=1.300|speed|edge_zoom=0.947|bounds
102,926.3,731.1,yolo,0.66,993.5,540.0,664.7,0.0,657.5,1168.9,1,236.8,1,1,shot_pb=1.00|flight_commit=1.00|keepin_prop=0.09|keepin_zoom=1.300|speed|edge_zoom=0.947|bounds
103,926.3,731.1,yolo,0.65,993.5,540.0,664.8,0.0,657.5,1168.9,1,236.8,1,1,shot_pb=1.00|flight_commit=1.00|keepin_prop=0.09|keepin_zoom=1.300|speed|edge_zoom=0.948|bounds
104,926.3,731.1,yolo,0.63,993.5,540.0,664.8,0.0,657.5,1168.9,1,236.8,1,1,shot_pb=1.00|flight_commit=1.00|keepin_prop=0.07|keepin_zoom=1.300|speed|edge_zoom=0.950|bounds
105,926.3,731.1,yolo,0.64,993.6,540.0,664.8,0.0,657.5,1168.9,1,236.7,1,1,shot_pb=1.00|flight_commit=1.00|keepin_prop=0.04|keepin_zoom=1.300|speed|edge_zoom=0.952|bounds
106,926.4,731.1,yolo,0.63,993.6,540.0,664.8,0.0,657.5,1168.9,1,236.8,1,1,shot_pb=1.00|flight_commit=1.00|keepin_prop=0.03|keepin_zoom=1.300|speed|edge_zoom=0.953|bounds
107,926.4,731.1,yolo,0.63,993.6,540.0,664.9,0.0,657.5,1168.9,1,236.8,1,1,shot_pb=1.00|flight_commit=1.00|keepin_prop=0.04|keepin_zoom=1.300|speed|edge_zoom=0.952|bounds
108,926.4,731.1,yolo,0.61,993.7,540.0,664.9,0.0,657.5,1168.9,1,236.7,1,1,shot_pb=1.00|flight_commit=1.00|keepin_prop=0.05|keepin_zoom=1.300|speed|edge_zoom=0.952|bounds
109,926.5,731.1,yolo,0.59,993.7,540.0,664.9,0.0,657.5,1168.9,1,236.8,1,1,shot_pb=1.00|flight_commit=1.00|keepin_prop=0.05|keepin_zoom=1.300|speed|edge_zoom=0.951|bounds
110,926.6,731.1,yolo,0.58,993.7,540.0,665.0,0.0,657.5,1168.9,1,236.9,1,1,shot_pb=1.00|flight_commit=1.00|keepin_prop=0.05|keepin_zoom=1.300|speed|edge_zoom=0.951|bounds
111,926.7,731.1,yolo,0.58,993.8,540.0,665.0,0.0,657.5,1168.9,1,236.9,1,1,shot_pb=1.00|flight_commit=1.00|keepin_prop=0.05|keepin_zoom=1.300|speed|edge_zoom=0.951|bounds
112,926.7,731.1,yolo,0.59,993.8,540.0,665.1,0.0,657.5,1168.9,1,236.9,1,1,shot_pb=1.00|flight_commit=1.00|keepin_prop=0.06|keepin_zoom=1.300|speed|edge_zoom=0.951|bounds
113,926.8,731.1,yolo,0.59,993.9,540.0,665.1,0.0,657.5,1168.9,1,236.9,1,1,shot_pb=1.00|flight_commit=1.00|keepin_prop=0.06|keepin_zoom=1.300|speed|edge_zoom=0.950|bounds
114,926.9,731.0,yolo,0.59,994.0,540.0,665.2,0.0,657.5,1168.9,1,236.9,1,1,shot_pb=1.00|flight_commit=1.00|keepin_prop=0.06|keepin_zoom=1.300|speed|edge_zoom=0.950|bounds
115,927.0,731.0,yolo,0.59,994.1,540.0,665.3,0.0,657.5,1168.9,1,236.9,1,1,shot_pb=1.00|flight_commit=1.00|keepin_prop=0.06|keepin_zoom=1.300|speed|edge_zoom=0.950|bounds
116,927.2,730.9,yolo,0.59,994.2,540.0,665.4,0.0,657.5,1168.9,1,237.0,1,1,shot_pb=1.00|flight_commit=1.00|keepin_prop=0.06|keepin_zoom=1.300|speed|edge_zoom=0.951|bounds
117,927.4,730.9,yolo,0.58,994.3,540.0,665.5,0.0,657.5,1168.9,1,237.1,1,1,shot_pb=1.00|flight_commit=1.00|keepin_prop=0.05|keepin_zoom=1.300|speed|edge_zoom=0.951|bounds
118,927.6,730.8,yolo,0.56,994.4,540.0,665.7,0.0,657.5,1168.9,1,237.2,1,1,shot_pb=1.00|flight_commit=1.00|keepin_prop=0.05|keepin_zoom=1.300|speed|edge_zoom=0.951|bounds
119,927.9,730.8,yolo,0.54,994.6,540.0,665.8,0.0,657.5,1168.9,1,237.3,1,1,shot_pb=1.00|flight_commit=1.00|keepin_prop=0.05|keepin_zoom=1.300|speed|edge_zoom=0.951|bounds
120,928.1,730.8,yolo,0.54,994.7,540.0,665.9,0.0,657.5,1168.9,1,237.4,1,1,shot_pb=1.00|flight_commit=1.00|keepin_prop=0.05|keepin_zoom=1.300|speed|edge_zoom=0.951|bounds
121,928.5,730.7,yolo,0.51,994.9,540.0,666.1,0.0,657.5,1168.9,1,237.6,1,1,shot_pb=1.00|flight_commit=1.00|keepin_prop=0.05|keepin_zoom=1.300|speed|edge_zoom=0.951|bounds
122,928.8,730.7,yolo,0.50,995.1,540.0,666.3,0.0,657.5,1168.9,1,237.7,1,1,shot_pb=1.00|flight_commit=1.00|keepin_prop=0.05|keepin_zoom=1.300|speed|edge_zoom=0.952|bounds
123,929.1,730.7,yolo,0.52,995.2,540.0,666.5,0.0,657.5,1168.9,1,237.9,1,1,shot_pb=1.00|flight_commit=1.00|keepin_prop=0.04|keepin_zoom=1.300|speed|edge_zoom=0.952|bounds
124,929.5,730.7,yolo,0.53,995.5,540.0,666.7,0.0,657.5,1168.9,1,238.0,1,1,shot_pb=1.00|flight_commit=1.00|keepin_prop=0.04|keepin_zoom=1.300|speed|edge_zoom=0.952|bounds
125,929.8,730.7,yolo,0.56,995.7,540.0,666.9,0.0,657.5,1168.9,1,238.1,1,1,shot_pb=1.00|flight_commit=1.00|keepin_prop=0.04|keepin_zoom=1.300|speed|edge_zoom=0.952|bounds
126,930.2,730.7,yolo,0.55,995.9,540.0,667.1,0.0,657.5,1168.9,1,238.3,1,1,shot_pb=1.00|flight_commit=1.00|keepin_prop=0.05|keepin_zoom=1.300|speed|edge_zoom=0.952|bounds
127,930.5,730.7,yolo,0.53,996.1,540.0,667.4,0.0,657.5,1168.9,1,238.4,1,1,shot_pb=1.00|flight_commit=1.00|keepin_prop=0.05|keepin_zoom=1.300|speed|edge_zoom=0.951|bounds
128,930.9,730.7,yolo,0.54,996.4,540.0,667.6,0.0,657.5,1168.9,1,238.5,1,1,shot_pb=1.00|flight_commit=1.00|keepin_prop=0.05|keepin_zoom=1.300|speed|edge_zoom=0.951|bounds
129,931.2,730.7,yolo,0.55,996.6,540.0,667.9,0.0,657.5,1168.9,1,238.6,1,1,shot_pb=1.00|flight_commit=1.00|keepin_prop=0.05|keepin_zoom=1.300|speed|edge_zoom=0.951|bounds
130,931.6,730.6,yolo,0.56,996.9,540.0,668.2,0.0,657.5,1168.9,1,238.7,1,1,shot_pb=1.00|flight_commit=1.00|keepin_prop=0.05|keepin_zoom=1.300|speed|edge_zoom=0.951|bounds
131,932.1,730.5,yolo,0.58,997.2,540.0,668.4,0.0,657.5,1168.9,1,238.9,1,1,shot_pb=1.00|flight_commit=1.00|keepin_prop=0.05|keepin_zoom=1.300|speed|edge_zoom=0.951|bounds
132,932.6,730.4,yolo,0.61,997.5,540.0,668.7,0.0,657.5,1168.9,1,239.1,1,1,shot_pb=1.00|flight_commit=1.00|keepin_prop=0.05|keepin_zoom=1.300|speed|edge_zoom=0.951|bounds
133,933.0,730.3,yolo,0.63,997.8,540.0,669.0,0.0,657.5,1168.9,1,239.2,1,1,shot_pb=1.00|flight_commit=1.00|keepin_prop=0.05|keepin_zoom=1.300|speed|edge_zoom=0.951|bounds
134,933.4,730.2,yolo,0.64,998.0,540.0,669.3,0.0,657.5,1168.9,1,239.4,1,1,shot_pb=1.00|flight_commit=1.00|keepin_prop=0.05|keepin_zoom=1.300|speed|edge_zoom=0.951|bounds
135,933.9,730.1,yolo,0.65,998.3,540.0,669.6,0.0,657.5,1168.9,1,239.6,1,1,shot_pb=1.00|flight_commit=1.00|keepin_prop=0.05|keepin_zoom=1.300|speed|edge_zoom=0.951|bounds
136,934.2,730.0,yolo,0.65,998.6,540.0,669.8,0.0,657.5,1168.9,1,239.6,1,1,shot_pb=1.00|flight_commit=1.00|keepin_prop=0.05|keepin_zoom=1.300|speed|edge_zoom=0.951|bounds
137,934.6,729.9,yolo,0.65,998.9,540.0,670.1,0.0,657.5,1168.9,1,239.7,1,1,shot_pb=1.00|flight_commit=1.00|keepin_prop=0.05|keepin_zoom=1.300|speed|edge_zoom=0.951|bounds
138,934.9,729.9,yolo,0.65,999.2,540.0,670.4,0.0,657.5,1168.9,1,239.7,1,1,shot_pb=1.00|flight_commit=1.00|keepin_prop=0.05|keepin_zoom=1.300|speed|edge_zoom=0.951|bounds
139,935.3,729.9,yolo,0.64,999.4,540.0,670.7,0.0,657.5,1168.9,1,239.9,1,1,shot_pb=1.00|flight_commit=1.00|keepin_prop=0.05|keepin_zoom=1.300|speed|edge_zoom=0.951|bounds
140,935.6,729.9,yolo,0.64,999.7,540.0,670.9,0.0,657.5,1168.9,1,239.9,1,1,shot_pb=1.00|flight_commit=1.00|keepin_prop=0.04|keepin_zoom=1.300|speed|edge_zoom=0.952|bounds
141,935.9,729.9,yolo,0.64,1000.0,540.0,671.2,0.0,657.5,1168.9,1,239.9,1,1,shot_pb=1.00|flight_commit=1.00|keepin_prop=0.04|keepin_zoom=1.300|speed|edge_zoom=0.952|bounds
142,936.2,729.9,yolo,0.64,1000.2,540.0,671.4,0.0,657.5,1168.9,1,240.0,1,1,shot_pb=1.00|flight_commit=1.00|keepin_prop=0.04|keepin_zoom=1.300|speed|edge_zoom=0.952|bounds
143,936.4,729.9,yolo,0.62,1000.5,540.0,671.7,0.0,657.5,1168.9,1,239.9,1,1,shot_pb=1.00|flight_commit=1.00|keepin_prop=0.04|keepin_zoom=1.300|speed|edge_zoom=0.952|bounds
144,936.7,730.0,yolo,0.60,1000.7,540.0,671.9,0.0,657.5,1168.9,1,240.0,1,1,shot_pb=1.00|flight_commit=1.00|keepin_prop=0.04|keepin_zoom=1.300|speed|edge_zoom=0.952|bounds
145,936.9,730.0,yolo,0.60,1000.9,540.0,672.2,0.0,657.5,1168.9,1,240.0,1,1,shot_pb=1.00|flight_commit=1.00|keepin_prop=0.04|keepin_zoom=1.300|speed|edge_zoom=0.952|bounds
146,937.2,730.0,yolo,0.58,1001.1,540.0,672.4,0.0,657.5,1168.9,1,240.1,1,1,shot_pb=1.00|flight_commit=1.00|keepin_prop=0.04|keepin_zoom=1.300|speed|edge_zoom=0.952|bounds
147,937.4,730.0,yolo,0.58,1001.3,540.0,672.6,0.0,657.5,1168.9,1,240.1,1,1,shot_pb=1.00|flight_commit=1.00|keepin_prop=0.04|keepin_zoom=1.300|speed|edge_zoom=0.952|bounds
148,937.6,730.0,yolo,0.58,1001.5,540.0,672.8,0.0,657.5,1168.9,1,240.1,1,1,shot_pb=1.00|flight_commit=1.00|keepin_prop=0.04|keepin_zoom=1.300|speed|edge_zoom=0.952|bounds
149,937.8,730.0,yolo,0.58,1001.7,540.0,673.0,0.0,657.5,1168.9,1,240.1,1,1,shot_pb=1.00|flight_commit=1.00|keepin_prop=0.04|keepin_zoom=1.300|speed|edge_zoom=0.952|bounds
150,938.0,730.0,yolo,0.60,1001.9,540.0,673.2,0.0,657.5,1168.9,1,240.1,1,1,shot_pb=1.00|flight_commit=1.00|keepin_prop=0.05|keepin_zoom=1.300|speed|edge_zoom=0.951|bounds
151,938.2,730.0,yolo,0.61,1002.1,540.0,673.3,0.0,657.5,1168.9,1,240.1,1,1,shot_pb=1.00|flight_commit=1.00|keepin_prop=0.05|keepin_zoom=1.300|speed|edge_zoom=0.951|bounds
152,938.4,729.9,yolo,0.63,1002.3,540.0,673.5,0.0,657.5,1168.9,1,240.1,1,1,shot_pb=1.00|flight_commit=1.00|keepin_prop=0.05|keepin_zoom=1.300|speed|edge_zoom=0.951|bounds
153,938.6,729.9,yolo,0.62,1002.4,540.0,673.7,0.0,657.5,1168.9,1,240.2,1,1,shot_pb=1.00|flight_commit=1.00|keepin_prop=0.05|keepin_zoom=1.300|speed|edge_zoom=0.951|bounds
154,938.7,729.8,yolo,0.62,1002.6,540.0,673.8,0.0,657.5,1168.9,1,240.1,1,1,shot_pb=1.00|flight_commit=1.00|keepin_prop=0.05|keepin_zoom=1.300|speed|edge_zoom=0.951|bounds
155,938.9,729.8,yolo,0.63,1002.7,540.0,673.9,0.0,657.5,1168.9,1,240.2,1,1,shot_pb=1.00|flight_commit=1.00|keepin_prop=0.05|keepin_zoom=1.300|speed|edge_zoom=0.951|bounds
156,939.0,729.8,yolo,0.63,1002.8,540.0,674.1,0.0,657.5,1168.9,1,240.2,1,1,shot_pb=1.00|flight_commit=1.00|keepin_prop=0.05|keepin_zoom=1.300|speed|edge_zoom=0.951|bounds
157,939.1,729.8,yolo,0.63,1003.0,540.0,674.2,0.0,657.5,1168.9,1,240.1,1,1,shot_pb=1.00|flight_commit=1.00|keepin_prop=0.05|keepin_zoom=1.300|speed|edge_zoom=0.951|bounds
158,939.3,729.8,yolo,0.60,1003.1,540.0,674.3,0.0,657.5,1168.9,1,240.2,1,1,shot_pb=1.00|flight_commit=1.00|keepin_prop=0.04|keepin_zoom=1.300|speed|edge_zoom=0.952|bounds
159,939.4,729.8,yolo,0.59,1003.2,540.0,674.4,0.0,657.5,1168.9,1,240.2,1,1,shot_pb=1.00|flight_commit=1.00|keepin_prop=0.04|keepin_zoom=1.300|speed|edge_zoom=0.952|bounds
160,939.5,729.8,yolo,0.53,1003.3,540.0,674.5,0.0,657.5,1168.9,1,240.2,1,1,shot_pb=1.00|flight_commit=1.00|keepin_prop=0.03|keepin_zoom=1.300|speed|edge_zoom=0.952|bounds
161,939.5,729.8,yolo,0.48,1003.4,540.0,674.6,0.0,657.5,1168.9,1,240.1,1,1,shot_pb=1.00|flight_commit=1.00|keepin_prop=0.03|keepin_zoom=1.300|speed|edge_zoom=0.953|bounds
162,939.6,729.9,yolo,0.44,1003.5,540.0,674.7,0.0,657.5,1168.9,1,240.1,1,1,shot_pb=1.00|flight_commit=1.00|keepin_prop=0.02|keepin_zoom=1.300|speed|edge_zoom=0.953|bounds
163,939.7,729.9,yolo,0.42,1003.6,540.0,674.8,0.0,657.5,1168.9,1,240.1,1,1,shot_pb=1.00|flight_commit=1.00|keepin_prop=0.02|keepin_zoom=1.300|speed|edge_zoom=0.953|bounds
164,939.7,730.0,yolo,0.41,1003.6,540.0,674.9,0.0,657.5,1168.9,1,240.1,1,1,shot_pb=1.00|flight_commit=1.00|keepin_prop=0.02|keepin_zoom=1.300|speed|edge_zoom=0.953|bounds
165,939.8,730.0,yolo,0.39,1003.7,540.0,674.9,0.0,657.5,1168.9,1,240.1,1,1,shot_pb=1.00|flight_commit=1.00|keepin_prop=0.02|keepin_zoom=1.300|speed|edge_zoom=0.953|bounds
166,939.9,730.1,yolo,0.37,1003.8,540.0,675.0,0.0,657.5,1168.9,1,240.1,1,1,shot_pb=1.00|flight_commit=1.00|keepin_prop=0.03|keepin_zoom=1.300|speed|edge_zoom=0.953|bounds
167,939.9,730.1,yolo,0.36,1003.8,540.0,675.1,0.0,657.5,1168.9,1,240.1,1,1,shot_pb=1.00|flight_commit=1.00|keepin_prop=0.03|keepin_zoom=1.300|speed|edge_zoom=0.953|bounds
168,939.9,730.1,yolo,0.38,1003.9,540.0,675.1,0.0,657.5,1168.9,1,240.0,1,1,shot_pb=1.00|flight_commit=1.00|keepin_prop=0.04|keepin_zoom=1.300|speed|edge_zoom=0.952|bounds
169,940.0,730.1,yolo,0.40,1003.9,540.0,675.2,0.0,657.5,1168.9,1,240.1,1,1,shot_pb=1.00|flight_commit=1.00|keepin_prop=0.05|keepin_zoom=1.300|speed|edge_zoom=0.951|bounds
170,940.0,730.0,yolo,0.43,1004.0,540.0,675.2,0.0,657.5,1168.9,1,240.0,1,1,shot_pb=1.00|flight_commit=1.00|keepin_prop=0.06|keepin_zoom=1.300|speed|edge_zoom=0.950|bounds
171,940.0,730.0,yolo,0.43,1004.0,540.0,675.3,0.0,657.5,1168.9,1,240.0,1,1,shot_pb=1.00|flight_commit=1.00|keepin_prop=0.07|keepin_zoom=1.300|speed|edge_zoom=0.949|bounds
172,940.1,730.0,yolo,0.43,1004.1,540.0,675.3,0.0,657.5,1168.9,1,240.0,1,1,shot_pb=1.00|flight_commit=1.00|keepin_prop=0.08|keepin_zoom=1.300|speed|edge_zoom=0.949|bounds
173,940.1,729.9,yolo,0.41,1004.1,540.0,675.4,0.0,657.5,1168.9,1,240.0,1,1,shot_pb=1.00|flight_commit=1.00|keepin_prop=0.08|keepin_zoom=1.300|speed|edge_zoom=0.949|bounds
174,940.2,729.9,yolo,0.39,1004.2,540.0,675.4,0.0,657.5,1168.9,1,240.0,1,1,shot_pb=1.00|flight_commit=1.00|keepin_prop=0.08|keepin_zoom=1.300|speed|edge_zoom=0.949|bounds
175,940.2,729.8,yolo,0.38,1004.2,540.0,675.4,0.0,657.5,1168.9,1,240.0,1,1,shot_pb=1.00|flight_commit=1.00|keepin_prop=0.07|keepin_zoom=1.300|speed|edge_zoom=0.949|bounds
176,940.2,729.8,yolo,0.40,1004.2,540.0,675.5,0.0,657.5,1168.9,1,240.0,1,1,shot_pb=1.00|flight_commit=1.00|keepin_prop=0.07|keepin_zoom=1.300|speed|edge_zoom=0.950|bounds
177,940.3,729.8,yolo,0.43,1004.3,540.0,675.5,0.0,657.5,1168.9,1,240.0,1,1,shot_pb=1.00|flight_commit=1.00|keepin_prop=0.06|keepin_zoom=1.300|speed|edge_zoom=0.950|bounds
178,940.3,729.8,yolo,0.47,1004.3,540.0,675.5,0.0,657.5,1168.9,1,240.0,1,1,shot_pb=1.00|flight_commit=1.00|keepin_prop=0.04|keepin_zoom=1.300|speed|edge_zoom=0.952|bounds
179,940.3,729.8,yolo,0.50,1004.3,540.0,675.5,0.0,657.5,1168.9,1,240.0,1,1,shot_pb=1.00|flight_commit=1.00|keepin_prop=0.02|keepin_zoom=1.300|speed|edge_zoom=0.953|bounds
180,940.3,729.8,yolo,0.52,1004.3,540.0,675.6,0.0,657.5,1168.9,1,240.0,1,1,shot_pb=1.00|flight_commit=1.00|keepin_prop=0.02|keepin_zoom=1.300|speed|edge_zoom=0.954|bounds
181,940.4,729.9,yolo,0.53,1004.4,540.0,675.6,0.0,657.5,1168.9,1,240.0,1,1,shot_pb=1.00|flight_commit=1.00|keepin_prop=0.02|keepin_zoom=1.300|speed|edge_zoom=0.954|bounds
182,940.4,729.9,yolo,0.54,1004.4,540.0,675.6,0.0,657.5,1168.9,1,240.0,1,1,shot_pb=1.00|flight_commit=1.00|keepin_prop=0.02|keepin_zoom=1.300|speed|edge_zoom=0.954|bounds
183,940.4,729.9,yolo,0.56,1004.4,540.0,675.6,0.0,657.5,1168.9,1,240.0,1,1,shot_pb=1.00|flight_commit=1.00|keepin_prop=0.02|keepin_zoom=1.300|speed|edge_zoom=0.954|bounds
184,940.4,730.0,yolo,0.58,1004.4,540.0,675.7,0.0,657.5,1168.9,1,240.0,1,1,shot_pb=1.00|flight_commit=1.00|keepin_prop=0.03|keepin_zoom=1.300|speed|edge_zoom=0.953|bounds
185,940.5,730.0,yolo,0.59,1004.5,540.0,675.7,0.0,657.5,1168.9,1,240.0,1,1,shot_pb=1.00|flight_commit=1.00|keepin_prop=0.03|keepin_zoom=1.300|speed|edge_zoom=0.953|bounds
186,940.5,730.0,yolo,0.62,1004.5,540.0,675.7,0.0,657.5,1168.9,1,240.0,1,1,shot_pb=1.00|flight_commit=1.00|keepin_prop=0.05|keepin_zoom=1.300|speed|edge_zoom=0.951|bounds
187,940.5,729.9,yolo,0.64,1004.5,540.0,675.7,0.0,657.5,1168.9,1,240.0,1,1,shot_pb=1.00|flight_commit=1.00|keepin_prop=0.07|keepin_zoom=1.300|speed|edge_zoom=0.950|bounds
188,940.6,729.9,yolo,0.66,1004.5,540.0,675.8,0.0,657.5,1168.9,1,240.1,1,1,shot_pb=1.00|flight_commit=1.00|keepin_prop=0.08|keepin_zoom=1.300|speed|edge_zoom=0.949|bounds
189,940.6,729.9,yolo,0.67,1004.6,540.0,675.8,0.0,657.5,1168.9,1,240.0,1,1,shot_pb=1.00|flight_commit=1.00|keepin_prop=0.08|keepin_zoom=1.300|speed|edge_zoom=0.949|bounds
190,940.6,729.8,yolo,0.69,1004.6,540.0,675.8,0.0,657.5,1168.9,1,240.0,1,1,shot_pb=1.00|flight_commit=1.00|keepin_prop=0.07|keepin_zoom=1.300|speed|edge_zoom=0.949|bounds
191,940.7,729.8,yolo,0.70,1004.6,540.0,675.9,0.0,657.5,1168.9,1,240.1,1,1,shot_pb=1.00|flight_commit=1.00|keepin_prop=0.07|keepin_zoom=1.300|speed|edge_zoom=0.949|bounds
192,940.8,729.7,yolo,0.69,1004.6,540.0,675.9,0.0,657.5,1168.9,1,240.2,1,1,shot_pb=1.00|flight_commit=1.00|keepin_prop=0.07|keepin_zoom=1.300|speed|edge_zoom=0.949|bounds
193,940.8,729.7,yolo,0.68,1004.7,540.0,675.9,0.0,657.5,1168.9,1,240.1,1,1,shot_pb=1.00|flight_commit=1.00|keepin_prop=0.07|keepin_zoom=1.300|speed|edge_zoom=0.949|bounds
194,940.9,729.6,yolo,0.67,1004.7,540.0,675.9,0.0,657.5,1168.9,1,240.2,1,1,shot_pb=1.00|flight_commit=1.00|keepin_prop=0.07|keepin_zoom=1.300|speed|edge_zoom=0.950|bounds
195,940.9,729.6,yolo,0.68,1004.7,540.0,676.0,0.0,657.5,1168.9,1,240.2,1,1,shot_pb=1.00|flight_commit=1.00|keepin_prop=0.06|keepin_zoom=1.300|speed|edge_zoom=0.950|bounds
196,940.9,729.6,yolo,0.69,1004.8,540.0,676.0,0.0,657.5,1168.9,1,240.1,1,1,shot_pb=1.00|flight_commit=1.00|keepin_prop=0.05|keepin_zoom=1.300|speed|edge_zoom=0.951|bounds
197,941.0,729.6,yolo,0.70,1004.8,540.0,676.0,0.0,657.5,1168.9,1,240.2,1,1,shot_pb=1.00|flight_commit=1.00|keepin_prop=0.03|keepin_zoom=1.300|speed|edge_zoom=0.953|bounds
198,941.0,729.6,yolo,0.71,1004.8,540.0,676.1,0.0,657.5,1168.9,1,240.2,1,1,shot_pb=1.00|flight_commit=1.00|keepin_prop=0.02|keepin_zoom=1.300|speed|edge_zoom=0.954|bounds
199,941.0,729.7,yolo,0.71,1004.8,540.0,676.1,0.0,657.5,1168.9,1,240.2,1,1,shot_pb=1.00|flight_commit=1.00|keepin_prop=0.02|keepin_zoom=1.300|speed|edge_zoom=0.954|bounds
200,941.1,729.7,yolo,0.71,1004.9,540.0,676.1,0.0,657.5,1168.9,1,240.2,1,1,shot_pb=1.00|flight_commit=1.00|keepin_prop=0.01|keepin_zoom=1.300|speed|edge_zoom=0.954|bounds
201,941.1,729.8,yolo,0.70,1004.9,540.0,676.1,0.0,657.5,1168.9,1,240.2,1,1,shot_pb=1.00|flight_commit=1.00|keepin_prop=0.01|keepin_zoom=1.300|speed|edge_zoom=0.954|bounds
202,941.1,729.9,yolo,0.69,1004.9,540.0,676.1,0.0,657.5,1168.9,1,240.2,1,1,shot_pb=1.00|flight_commit=1.00|keepin_prop=0.01|keepin_zoom=1.300|speed|edge_zoom=0.954|bounds
203,941.1,729.9,yolo,0.69,1004.9,540.0,676.2,0.0,657.5,1168.9,1,240.2,1,1,shot_pb=1.00|flight_commit=1.00|keepin_prop=0.01|keepin_zoom=1.300|speed|edge_zoom=0.954|bounds
204,941.1,729.9,yolo,0.69,1004.9,540.0,676.2,0.0,657.5,1168.9,1,240.2,1,1,shot_pb=1.00|flight_commit=1.00|keepin_prop=0.01|keepin_zoom=1.300|speed|edge_zoom=0.954|bounds
205,941.1,730.0,yolo,0.69,1005.0,540.0,676.2,0.0,657.5,1168.9,1,240.1,1,1,shot_pb=1.00|flight_commit=1.00|keepin_prop=0.01|keepin_zoom=1.300|speed|edge_zoom=0.954|bounds
206,941.1,729.9,yolo,0.68,1005.0,540.0,676.2,0.0,657.5,1168.9,1,240.1,1,1,shot_pb=1.00|flight_commit=1.00|keepin_prop=0.08|keepin_zoom=1.300|speed|edge_zoom=0.949|bounds
207,941.1,729.9,yolo,0.68,1005.0,540.0,676.2,0.0,657.5,1168.9,1,240.1,1,1,shot_pb=1.00|flight_commit=1.00|keepin_prop=0.09|keepin_zoom=1.300|speed|edge_zoom=0.948|bounds
208,941.1,729.9,yolo,0.69,1005.0,540.0,676.2,0.0,657.5,1168.9,1,240.1,1,1,shot_pb=1.00|flight_commit=1.00|keepin_prop=0.09|keepin_zoom=1.300|speed|edge_zoom=0.948|bounds
209,941.1,729.8,yolo,0.69,1005.0,540.0,676.2,0.0,657.5,1168.9,1,240.1,1,1,shot_pb=1.00|flight_commit=1.00|keepin_prop=0.09|keepin_zoom=1.300|speed|edge_zoom=0.948|bounds
210,941.1,729.8,yolo,0.70,1005.0,540.0,676.2,0.0,657.5,1168.9,1,240.1,1,1,shot_pb=1.00|flight_commit=1.00|keepin_prop=0.09|keepin_zoom=1.300|speed|edge_zoom=0.948|bounds
211,941.1,729.8,yolo,0.69,1005.0,540.0,676.2,0.0,657.5,1168.9,1,240.1,1,1,shot_pb=1.00|flight_commit=1.00|keepin_prop=0.08|keepin_zoom=1.300|speed|edge_zoom=0.948|bounds
212,941.1,729.8,yolo,0.68,1005.0,540.0,676.2,0.0,657.5,1168.9,1,240.1,1,1,shot_pb=1.00|flight_commit=1.00|keepin_prop=0.07|keepin_zoom=1.300|speed|edge_zoom=0.949|bounds
213,941.0,729.8,yolo,0.68,1005.0,540.0,676.2,0.0,657.5,1168.9,1,240.0,1,1,shot_pb=1.00|flight_commit=1.00|keepin_prop=0.05|keepin_zoom=1.300|speed|edge_zoom=0.951|bounds
214,941.0,729.8,yolo,0.68,1004.9,540.0,676.2,0.0,657.5,1168.9,1,240.1,1,1,shot_pb=1.00|flight_commit=1.00|keepin_prop=0.04|keepin_zoom=1.300|speed|edge_zoom=0.952|bounds
215,941.0,729.8,yolo,0.68,1004.9,540.0,676.2,0.0,657.5,1168.9,1,240.1,1,1,shot_pb=1.00|flight_commit=1.00|keepin_prop=0.03|keepin_zoom=1.300|speed|edge_zoom=0.953|bounds
216,940.9,729.8,yolo,0.68,1004.9,540.0,676.2,0.0,657.5,1168.9,1,240.0,1,1,shot_pb=1.00|flight_commit=1.00|keepin_prop=0.02|keepin_zoom=1.300|speed|edge_zoom=0.954|bounds
217,940.9,729.9,yolo,0.67,1004.9,540.0,676.1,0.0,657.5,1168.9,1,240.0,1,1,shot_pb=1.00|flight_commit=1.00|keepin_prop=0.02|keepin_zoom=1.300|speed|edge_zoom=0.954|bounds
218,940.9,729.9,yolo,0.67,1004.9,540.0,676.1,0.0,657.5,1168.9,1,240.0,1,1,shot_pb=1.00|flight_commit=1.00|keepin_prop=0.02|keepin_zoom=1.300|speed|edge_zoom=0.954|bounds
219,940.8,730.0,yolo,0.68,1004.9,540.0,676.1,0.0,657.5,1168.9,1,239.9,1,1,shot_pb=1.00|flight_commit=1.00|keepin_prop=0.02|keepin_zoom=1.300|speed|edge_zoom=0.954|bounds
220,940.8,730.1,yolo,0.70,1004.8,540.0,676.1,0.0,657.5,1168.9,1,240.0,1,1,shot_pb=1.00|flight_commit=1.00|keepin_prop=0.02|keepin_zoom=1.300|speed|edge_zoom=0.954|bounds
221,940.7,730.1,yolo,0.72,1004.8,540.0,676.1,0.0,657.5,1168.9,1,239.9,1,1,shot_pb=1.00|flight_commit=1.00|keepin_prop=0.02|keepin_zoom=1.300|speed|edge_zoom=0.954|bounds
222,940.7,730.2,yolo,0.74,1004.8,540.0,676.0,0.0,657.5,1168.9,1,239.9,1,1,shot_pb=1.00|flight_commit=1.00|keepin_prop=0.02|keepin_zoom=1.300|speed|edge_zoom=0.954|bounds
223,940.6,730.2,yolo,0.74,1004.8,540.0,676.0,0.0,657.5,1168.9,1,239.8,1,1,shot_pb=1.00|flight_commit=1.00|keepin_prop=0.02|keepin_zoom=1.300|speed|edge_zoom=0.954|bounds
224,940.6,730.2,yolo,0.74,1004.8,540.0,676.0,0.0,657.5,1168.9,1,239.8,1,1,shot_pb=1.00|flight_commit=1.00|keepin_prop=0.03|keepin_zoom=1.300|speed|edge_zoom=0.953|bounds
225,940.6,730.2,yolo,0.74,1004.7,540.0,676.0,0.0,657.5,1168.9,1,239.9,1,1,shot_pb=1.00|flight_commit=1.00|keepin_prop=0.09|keepin_zoom=1.300|speed|edge_zoom=0.948|bounds
226,940.6,730.2,yolo,0.73,1004.7,540.0,676.0,0.0,657.5,1168.9,1,239.9,1,1,shot_pb=1.00|flight_commit=1.00|keepin_prop=0.09|keepin_zoom=1.300|speed|edge_zoom=0.948|bounds
227,940.6,730.1,yolo,0.72,1004.7,540.0,675.9,0.0,657.5,1168.9,1,239.9,1,1,shot_pb=1.00|flight_commit=1.00|keepin_prop=0.09|keepin_zoom=1.300|speed|edge_zoom=0.948|bounds
228,940.6,730.0,yolo,0.71,1004.7,540.0,675.9,0.0,657.5,1168.9,1,239.9,1,1,shot_pb=1.00|flight_commit=1.00|keepin_prop=0.09|keepin_zoom=1.300|speed|edge_zoom=0.948|bounds
229,940.6,730.0,yolo,0.69,1004.7,540.0,675.9,0.0,657.5,1168.9,1,239.9,1,1,shot_pb=1.00|flight_commit=1.00|keepin_prop=0.09|keepin_zoom=1.300|speed|edge_zoom=0.947|bounds
230,940.6,729.9,yolo,0.67,1004.6,540.0,675.9,0.0,657.5,1168.9,1,240.0,1,1,shot_pb=1.00|flight_commit=1.00|keepin_prop=0.09|keepin_zoom=1.300|speed|edge_zoom=0.948|bounds
231,940.6,729.8,yolo,0.67,1004.6,540.0,675.8,0.0,657.5,1168.9,1,240.0,1,1,shot_pb=1.00|flight_commit=1.00|keepin_prop=0.09|keepin_zoom=1.300|speed|edge_zoom=0.948|bounds
232,940.6,729.8,yolo,0.68,1004.6,540.0,675.8,0.0,657.5,1168.9,1,240.0,1,1,shot_pb=1.00|flight_commit=1.00|keepin_prop=0.08|keepin_zoom=1.300|speed|edge_zoom=0.948|bounds
233,940.5,729.7,yolo,0.68,1004.5,540.0,675.8,0.0,657.5,1168.9,1,240.0,1,1,shot_pb=1.00|flight_commit=1.00|keepin_prop=0.07|keepin_zoom=1.300|speed|edge_zoom=0.949|bounds
234,940.5,729.7,yolo,0.69,1004.5,540.0,675.7,0.0,657.5,1168.9,1,240.0,1,1,shot_pb=1.00|flight_commit=1.00|keepin_prop=0.06|keepin_zoom=1.300|speed|edge_zoom=0.950|bounds
235,940.4,729.7,yolo,0.69,1004.4,540.0,675.7,0.0,657.5,1168.9,1,240.0,1,1,shot_pb=1.00|flight_commit=1.00|keepin_prop=0.05|keepin_zoom=1.300|speed|edge_zoom=0.951|bounds
236,940.3,729.7,yolo,0.70,1004.3,540.0,675.6,0.0,657.5,1168.9,1,240.0,1,1,shot_pb=1.00|flight_commit=1.00|keepin_prop=0.05|keepin_zoom=1.300|speed|edge_zoom=0.951|bounds
237,940.1,729.7,yolo,0.70,1004.3,540.0,675.5,0.0,657.5,1168.9,1,239.8,1,1,shot_pb=1.00|flight_commit=1.00|keepin_prop=0.04|keepin_zoom=1.300|speed|edge_zoom=0.952|bounds
238,940.0,729.7,yolo,0.71,1004.2,540.0,675.4,0.0,657.5,1168.9,1,239.8,1,1,shot_pb=1.00|flight_commit=1.00|keepin_prop=0.04|keepin_zoom=1.300|speed|edge_zoom=0.952|bounds
239,939.8,729.7,yolo,0.72,1004.1,540.0,675.3,0.0,657.5,1168.9,1,239.7,1,1,shot_pb=1.00|flight_commit=1.00|keepin_prop=0.04|keepin_zoom=1.300|speed|edge_zoom=0.952|bounds
240,939.6,729.7,yolo,0.72,1003.9,540.0,675.2,0.0,657.5,1168.9,1,239.7,1,1,shot_pb=1.00|flight_commit=1.00|keepin_prop=0.04|keepin_zoom=1.300|speed|edge_zoom=0.952|bounds
241,939.4,729.7,yolo,0.73,1003.8,540.0,675.0,0.0,657.5,1168.9,1,239.6,1,1,shot_pb=1.00|flight_commit=1.00|keepin_prop=0.05|keepin_zoom=1.300|speed|edge_zoom=0.951|bounds
242,939.1,729.6,yolo,0.74,1003.6,540.0,674.9,0.0,657.5,1168.9,1,239.5,1,1,shot_pb=1.00|flight_commit=1.00|keepin_prop=0.05|keepin_zoom=1.300|speed|edge_zoom=0.951|bounds
243,938.8,729.5,yolo,0.74,1003.4,540.0,674.7,0.0,657.5,1168.9,1,239.4,1,1,shot_pb=1.00|flight_commit=1.00|keepin_prop=0.05|keepin_zoom=1.300|speed|edge_zoom=0.951|bounds
244,938.5,729.4,yolo,0.73,1003.2,540.0,674.4,0.0,657.5,1168.9,1,239.3,1,1,shot_pb=1.00|flight_commit=1.00|keepin_prop=0.05|keepin_zoom=1.300|speed|edge_zoom=0.951|bounds
245,938.1,729.3,yolo,0.72,1002.9,540.0,674.2,0.0,657.5,1168.9,1,239.2,1,1,shot_pb=1.00|flight_commit=1.00|keepin_prop=0.05|keepin_zoom=1.300|speed|edge_zoom=0.951|bounds
246,937.7,729.2,yolo,0.71,1002.6,540.0,673.9,0.0,657.5,1168.9,1,239.1,1,1,shot_pb=1.00|flight_commit=1.00|keepin_prop=0.06|keepin_zoom=1.300|speed|edge_zoom=0.951|bounds
247,937.2,729.0,yolo,0.68,1002.3,540.0,673.5,0.0,657.5,1168.9,1,238.9,1,1,shot_pb=1.00|flight_commit=1.00|keepin_prop=0.06|keepin_zoom=1.300|speed|edge_zoom=0.951|bounds
248,936.7,728.8,yolo,0.67,1001.9,540.0,673.2,0.0,657.5,1168.9,1,238.8,1,1,shot_pb=1.00|flight_commit=1.00|keepin_prop=0.05|keepin_zoom=1.300|speed|edge_zoom=0.951|bounds
249,936.1,728.6,yolo,0.67,1001.5,540.0,672.7,0.0,657.5,1168.9,1,238.6,1,1,shot_pb=1.00|flight_commit=1.00|keepin_prop=0.05|keepin_zoom=1.300|speed|edge_zoom=0.951|bounds
250,935.3,728.4,yolo,0.64,1001.0,540.0,672.2,0.0,657.5,1168.9,1,238.3,1,1,shot_pb=1.00|flight_commit=1.00|keepin_prop=0.05|keepin_zoom=1.300|speed|edge_zoom=0.951|bounds
251,934.5,728.2,yolo,0.63,1000.5,540.0,671.7,0.0,657.5,1168.9,1,238.0,1,1,shot_pb=1.00|flight_commit=1.00|keepin_prop=0.05|keepin_zoom=1.300|speed|edge_zoom=0.951|bounds
252,933.6,727.9,yolo,0.60,999.8,540.0,671.1,0.0,657.5,1168.9,1,237.8,1,1,shot_pb=1.00|flight_commit=1.00|keepin_prop=0.05|keepin_zoom=1.300|speed|edge_zoom=0.951|bounds
253,932.6,727.7,yolo,0.61,999.1,540.0,670.3,0.0,657.5,1168.9,1,237.5,1,1,shot_pb=1.00|flight_commit=1.00|keepin_prop=0.05|keepin_zoom=1.300|speed|edge_zoom=0.951|bounds
254,931.5,727.4,yolo,0.61,998.3,540.0,669.5,0.0,657.5,1168.9,1,237.2,1,1,shot_pb=1.00|flight_commit=1.00|keepin_prop=0.05|keepin_zoom=1.300|speed|edge_zoom=0.951|bounds
255,930.2,727.0,yolo,0.62,997.4,540.0,668.6,0.0,657.5,1168.9,1,236.8,1,1,shot_pb=1.00|flight_commit=1.00|keepin_prop=0.05|keepin_zoom=1.300|speed|edge_zoom=0.951|bounds
256,928.7,726.7,yolo,0.61,996.4,540.0,667.6,0.0,657.5,1168.9,1,236.3,1,1,shot_pb=1.00|flight_commit=1.00|keepin_prop=0.05|keepin_zoom=1.300|speed|edge_zoom=0.951|bounds
257,927.0,726.2,yolo,0.63,995.2,540.0,666.4,0.0,657.5,1168.9,1,235.8,1,1,shot_pb=1.00|flight_commit=1.00|keepin_prop=0.05|keepin_zoom=1.300|speed|edge_zoom=0.951|bounds
258,925.1,725.7,yolo,0.64,993.9,540.0,665.1,0.0,657.5,1168.9,1,235.2,1,1,shot_pb=1.00|flight_commit=1.00|keepin_prop=0.05|keepin_zoom=1.300|speed|edge_zoom=0.951|bounds
259,922.9,725.2,yolo,0.64,992.3,540.0,663.6,0.0,657.5,1168.9,1,234.6,1,1,shot_pb=1.00|flight_commit=1.00|keepin_prop=0.05|keepin_zoom=1.300|speed|edge_zoom=0.952|bounds
260,920.4,724.5,yolo,0.65,990.6,540.0,661.9,0.0,657.5,1168.9,1,233.8,1,1,shot_pb=1.00|flight_commit=1.00|keepin_prop=0.04|keepin_zoom=1.300|speed|edge_zoom=0.952|bounds
261,917.7,723.8,yolo,0.65,988.7,540.0,659.9,0.0,657.5,1168.9,1,233.0,1,1,shot_pb=1.00|flight_commit=1.00|keepin_prop=0.04|keepin_zoom=1.300|speed|edge_zoom=0.952|bounds
262,914.5,722.9,yolo,0.63,986.5,540.0,657.7,0.0,657.5,1168.9,1,232.0,1,1,shot_pb=1.00|flight_commit=1.00|keepin_prop=0.04|keepin_zoom=1.300|speed|edge_zoom=0.952|bounds
263,911.0,721.8,yolo,0.61,984.0,540.0,655.2,0.0,657.5,1168.9,1,231.0,1,1,shot_pb=1.00|flight_commit=1.00|keepin_prop=0.04|keepin_zoom=1.300|speed|edge_zoom=0.952|bounds
264,906.9,720.7,yolo,0.60,981.2,540.0,652.4,0.0,657.5,1168.9,1,229.7,1,1,shot_pb=1.00|flight_commit=1.00|keepin_prop=0.04|keepin_zoom=1.300|speed|edge_zoom=0.952|bounds
265,902.3,719.3,yolo,0.54,978.0,540.0,649.3,0.0,657.5,1168.9,1,228.3,1,1,shot_pb=1.00|flight_commit=1.00|keepin_prop=0.04|keepin_zoom=1.300|speed|edge_zoom=0.952|bounds
266,897.1,717.8,yolo,0.50,974.5,540.0,645.7,0.0,657.5,1168.9,1,226.6,1,1,shot_pb=1.00|flight_commit=1.00|keepin_prop=0.04|keepin_zoom=1.300|speed|edge_zoom=0.952|bounds
267,891.1,716.1,yolo,0.48,970.5,540.0,641.8,0.0,657.5,1168.9,1,224.6,1,1,shot_pb=1.00|flight_commit=1.00|keepin_prop=0.03|keepin_zoom=1.300|speed|edge_zoom=0.953|bounds
268,884.3,714.2,yolo,0.48,966.1,540.0,637.3,0.0,657.5,1168.9,1,222.2,1,1,shot_pb=1.00|flight_commit=1.00|keepin_prop=0.03|keepin_zoom=1.300|speed|edge_zoom=0.953|bounds
269,876.6,712.0,yolo,0.47,961.2,540.0,632.5,0.0,657.5,1168.9,1,219.4,1,1,shot_pb=1.00|flight_commit=1.00|keepin_prop=0.03|keepin_zoom=1.300|speed|edge_zoom=0.953|bounds
270,867.9,709.5,yolo,0.44,955.9,540.0,627.1,0.0,657.5,1168.9,1,216.0,1,1,shot_pb=1.00|flight_commit=1.00|keepin_prop=0.02|keepin_zoom=1.300|speed|edge_zoom=0.953|bounds
271,857.9,706.7,yolo,0.42,950.1,540.0,621.3,0.0,657.5,1168.9,1,211.8,1,1,shot_pb=1.00|flight_commit=1.00|keepin_prop=0.02|keepin_zoom=1.300|speed|edge_zoom=0.954|bounds
272,844.5,702.0,yolo,0.49,943.8,540.0,615.1,0.0,657.5,1168.9,1,204.7,1,1,shot_pb=1.00|flight_commit=1.00|keepin_prop=0.02|keepin_zoom=1.300|speed|edge_zoom=0.954|bounds
273,829.1,696.6,yolo,0.49,937.2,540.0,608.4,0.0,657.5,1168.9,1,195.9,1,1,shot_pb=1.00|flight_commit=1.00|keepin_prop=0.01|keepin_zoom=1.300|speed|edge_zoom=0.954|bounds
274,813.9,692.4,yolo,0.49,930.2,540.0,601.4,0.0,657.5,1168.9,1,187.7,1,1,shot_pb=1.00|flight_commit=1.00|keepin_prop=0.01|keepin_zoom=1.300|speed|edge_zoom=0.955|bounds
275,799.3,689.6,yolo,0.58,922.9,540.0,594.1,0.0,657.5,1168.9,1,180.4,1,1,shot_pb=1.00|flight_commit=1.00|keepin_prop=0.01|keepin_zoom=1.300|speed|edge_zoom=0.955|bounds
276,785.4,688.5,yolo,0.64,915.3,540.0,586.6,0.0,657.5,1168.9,1,174.1,1,1,shot_pb=1.00|flight_commit=1.00|keepin_prop=0.00|keepin_zoom=1.300|speed|edge_zoom=0.955|bounds
277,772.2,689.0,yolo,0.63,907.7,540.0,578.9,0.0,657.5,1168.9,1,168.5,1,1,shot_pb=1.00|flight_commit=1.00|keepin_prop=0.00|keepin_zoom=1.300|speed|edge_zoom=0.955|bounds
278,759.9,690.9,yolo,0.64,900.1,540.0,571.3,0.0,657.5,1168.9,1,163.8,1,1,shot_pb=1.00|flight_commit=1.00|keepin_prop=0.00|keepin_zoom=1.300|speed|edge_zoom=0.955|bounds
279,748.6,693.8,yolo,0.64,892.5,540.0,563.7,0.0,657.5,1168.9,1,160.1,1,1,shot_pb=1.00|flight_commit=1.00|keepin_prop=0.00|keepin_zoom=1.300|speed|edge_zoom=0.955|bounds
280,738.5,697.8,yolo,0.64,885.1,540.0,556.3,0.0,657.5,1168.9,1,157.4,1,1,shot_pb=1.00|flight_commit=1.00|keepin_prop=0.00|keepin_zoom=1.300|speed|edge_zoom=0.955|bounds
281,729.4,702.8,yolo,0.63,878.0,540.0,549.3,0.0,657.5,1168.9,1,155.4,1,1,shot_pb=1.00|flight_commit=1.00|pb_zfit|keepin_prop=0.00|keepin_zoom=1.300|speed|edge_zoom=0.955|bounds
282,725.1,708.6,yolo,0.58,871.4,540.0,542.6,0.0,657.5,1168.9,1,157.7,1,1,shot_pb=1.00|flight_commit=1.00|pb_zfit|keepin_prop=0.00|keepin_zoom=1.300|speed|edge_zoom=0.955|bounds
283,719.3,715.2,yolo,0.63,865.3,540.0,536.5,0.0,657.5,1168.9,1,158.0,1,1,shot_pb=1.00|flight_commit=1.00|pb_zfit|keepin_prop=0.01|keepin_zoom=1.300|speed|edge_zoom=0.955|bounds
284,711.1,722.0,yolo,0.66,859.9,540.0,531.1,0.0,657.5,1168.9,1,155.2,1,1,shot_pb=1.00|flight_commit=1.00|pb_zfit|keepin_prop=0.01|keepin_zoom=1.300|speed|edge_zoom=0.954|bounds
285,703.8,728.7,yolo,0.60,855.2,540.0,526.5,0.0,657.5,1168.9,1,152.6,1,1,shot_pb=1.00|flight_commit=1.00|pb_zfit|keepin_prop=0.02|keepin_zoom=1.300|speed|edge_zoom=0.954|bounds
286,698.2,734.7,yolo,0.58,851.5,540.0,522.7,0.0,657.5,1168.9,1,150.7,1,1,shot_pb=1.00|flight_commit=1.00|pb_zfit|keepin_prop=0.02|keepin_zoom=1.300|speed|edge_zoom=0.953|bounds
287,694.8,739.6,yolo,0.62,848.8,540.0,520.1,0.0,657.5,1168.9,1,150.0,1,1,shot_pb=1.00|flight_commit=1.00|pb_zfit|keepin_prop=0.03|keepin_zoom=1.300|speed|edge_zoom=0.953|bounds
288,693.7,743.4,yolo,0.66,847.3,540.0,518.5,0.0,657.5,1168.9,1,150.4,1,1,shot_pb=1.00|flight_commit=1.00|pb_zfit|keepin_prop=0.03|keepin_zoom=1.300|speed|edge_zoom=0.953|bounds
289,695.6,746.2,yolo,0.68,847.0,540.0,518.2,0.0,657.5,1168.9,1,152.6,1,1,shot_pb=1.00|flight_commit=1.00|pb_zfit|keepin_prop=0.04|keepin_zoom=1.300|speed|edge_zoom=0.952|bounds
290,700.7,748.1,yolo,0.72,848.0,540.0,519.2,0.0,657.5,1168.9,1,156.7,1,1,shot_pb=1.00|flight_commit=1.00|pb_zfit|keepin_prop=0.06|keepin_zoom=1.300|speed|edge_zoom=0.950|bounds
291,709.1,749.2,yolo,0.66,850.3,540.0,521.5,0.0,657.5,1168.9,1,162.8,1,1,shot_pb=1.00|flight_commit=1.00|pb_zfit|keepin_prop=0.07|keepin_zoom=1.300|speed|edge_zoom=0.949|bounds
292,726.6,748.9,yolo,0.61,854.0,540.0,525.2,0.0,657.5,1168.9,1,176.6,1,1,accel_zoom=0.941|shot_pb=1.00|flight_commit=1.00|keepin_prop=0.08|keepin_zoom=1.300|speed|edge_zoom=0.949|bounds
293,749.7,747.6,yolo,0.59,859.0,540.0,530.2,0.0,657.5,1168.9,1,194.7,1,1,accel_zoom=0.924|shot_pb=1.00|flight_commit=1.00|keepin_prop=0.08|keepin_zoom=1.300|speed|edge_zoom=0.949|bounds
294,772.7,746.2,yolo,0.56,865.2,540.0,536.5,0.0,657.5,1168.9,1,211.5,1,1,accel_zoom=0.924|shot_pb=1.00|flight_commit=1.00|keepin_prop=0.07|keepin_zoom=1.300|speed|edge_zoom=0.949|bounds
295,794.6,744.8,yolo,0.55,872.7,540.0,543.9,0.0,657.5,1168.9,1,225.9,1,1,accel_zoom=0.924|shot_pb=1.00|flight_commit=1.00|keepin_prop=0.07|keepin_zoom=1.300|speed|edge_zoom=0.949|bounds
296,815.3,743.5,yolo,0.50,881.1,540.0,552.4,0.0,657.5,1168.9,1,238.2,1,1,accel_zoom=0.924|shot_pb=1.00|flight_commit=1.00|keepin_prop=0.07|keepin_zoom=1.300|speed|edge_zoom=0.949|bounds
297,834.8,742.3,yolo,0.47,890.6,540.0,561.8,0.0,657.5,1168.9,1,248.2,1,1,accel_zoom=0.924|shot_pb=1.00|flight_commit=1.00|keepin_prop=0.07|keepin_zoom=1.300|speed|edge_zoom=0.950|bounds
298,853.4,741.2,yolo,0.45,900.8,540.0,572.0,0.0,657.5,1168.9,1,256.6,1,1,accel_zoom=0.924|shot_pb=1.00|flight_commit=1.00|keepin_prop=0.06|keepin_zoom=1.300|speed|edge_zoom=0.950|bounds
299,871.1,740.2,yolo,0.43,911.6,540.0,582.8,0.0,657.5,1168.9,1,263.5,1,1,shot_pb=1.00|flight_commit=1.00|keepin_prop=0.06|keepin_zoom=1.300|speed|edge_zoom=0.950|bounds
300,888.0,739.2,yolo,0.48,922.9,540.0,594.1,0.0,657.5,1168.9,1,269.1,1,1,shot_pb=1.00|flight_commit=1.00|keepin_prop=0.06|keepin_zoom=1.300|speed|edge_zoom=0.950|bounds
301,904.4,738.3,yolo,0.42,934.6,540.0,605.8,0.0,657.5,1168.9,1,273.8,1,1,shot_pb=1.00|flight_commit=1.00|keepin_prop=0.06|keepin_zoom=1.300|speed|edge_zoom=0.950|bounds
302,920.2,737.5,yolo,0.37,946.5,540.0,617.8,0.0,657.5,1168.9,1,277.7,1,1,shot_pb=1.00|flight_commit=1.00|keepin_prop=0.06|keepin_zoom=1.300|speed|edge_zoom=0.950|bounds
303,935.7,736.8,yolo,0.41,958.6,540.0,629.9,0.0,657.5,1168.9,1,281.1,1,1,shot_pb=1.00|flight_commit=1.00|keepin_prop=0.06|keepin_zoom=1.300|speed|edge_zoom=0.951|bounds
304,950.9,736.2,yolo,0.44,970.8,540.0,642.1,0.0,657.5,1168.9,1,284.1,1,1,shot_pb=1.00|flight_commit=1.00|keepin_prop=0.05|keepin_zoom=1.300|speed|edge_zoom=0.951|bounds
305,965.8,735.7,yolo,0.46,983.1,540.0,654.3,0.0,657.5,1168.9,1,286.7,1,1,shot_pb=1.00|flight_commit=1.00|keepin_prop=0.05|keepin_zoom=1.300|speed|edge_zoom=0.951|bounds
306,980.6,735.2,yolo,0.50,995.3,540.0,666.6,0.0,657.5,1168.9,1,289.3,1,1,shot_pb=1.00|flight_commit=1.00|keepin_prop=0.05|keepin_zoom=1.300|speed|edge_zoom=0.951|bounds
307,995.7,734.9,yolo,0.52,1007.5,540.0,678.8,0.0,657.5,1168.9,1,292.2,1,1,shot_pb=1.00|flight_commit=1.00|keepin_prop=0.05|keepin_zoom=1.300|speed|edge_zoom=0.951|bounds
308,1011.1,734.6,yolo,0.48,1019.7,540.0,691.0,0.0,657.5,1168.9,1,295.4,1,1,shot_pb=1.00|flight_commit=1.00|keepin_prop=0.05|keepin_zoom=1.300|speed|edge_zoom=0.951|bounds
309,1026.5,734.4,yolo,0.45,1031.9,540.0,703.1,0.0,657.5,1168.9,1,298.6,1,1,shot_pb=1.00|flight_commit=1.00|keepin_prop=0.05|keepin_zoom=1.300|speed|edge_zoom=0.951|bounds
310,1041.9,734.3,yolo,0.43,1044.0,540.0,715.2,0.0,657.5,1168.9,1,301.9,1,1,shot_pb=1.00|flight_commit=1.00|keepin_prop=0.05|keepin_zoom=1.300|speed|edge_zoom=0.951|bounds
311,1057.4,734.3,yolo,0.45,1056.1,540.0,727.3,0.0,657.5,1168.9,1,302.7,1,1,shot_pb=1.00|flight_commit=1.00|keepin_prop=0.05|keepin_zoom=1.300|speed|edge_zoom=0.951|bounds
312,1073.1,734.4,yolo,0.45,1068.1,540.0,739.3,0.0,657.5,1168.9,1,299.0,1,1,shot_pb=1.00|flight_commit=1.00|keepin_prop=0.05|keepin_zoom=1.300|speed|edge_zoom=0.951|bounds
313,1089.1,734.6,yolo,0.43,1080.1,540.0,751.3,0.0,657.5,1168.9,1,295.0,1,1,shot_pb=1.00|flight_commit=1.00|keepin_prop=0.05|keepin_zoom=1.300|speed|edge_zoom=0.951|bounds
314,1104.8,734.8,yolo,0.41,1092.1,540.0,763.3,0.0,657.5,1168.9,1,291.3,1,1,shot_pb=1.00|flight_commit=1.00|keepin_prop=0.05|keepin_zoom=1.300|speed|edge_zoom=0.951|bounds
315,1120.5,735.0,yolo,0.43,1104.0,540.0,775.2,0.0,657.5,1168.9,1,287.5,1,1,shot_pb=1.00|flight_commit=1.00|keepin_prop=0.05|keepin_zoom=1.300|speed|edge_zoom=0.951|bounds
316,1136.1,735.3,yolo,0.46,1115.8,540.0,787.0,0.0,657.5,1168.9,1,283.7,1,1,shot_pb=1.00|flight_commit=1.00|keepin_prop=0.05|keepin_zoom=1.300|speed|edge_zoom=0.951|bounds
317,1151.7,735.7,yolo,0.53,1127.6,540.0,798.8,0.0,657.5,1168.9,1,279.9,1,1,shot_pb=1.00|flight_commit=1.00|keepin_prop=0.05|keepin_zoom=1.300|speed|edge_zoom=0.951|bounds
318,1167.0,736.1,yolo,0.55,1139.2,540.0,810.5,0.0,657.5,1168.9,1,276.2,1,1,shot_pb=1.00|flight_commit=1.00|keepin_prop=0.05|keepin_zoom=1.300|speed|edge_zoom=0.951|bounds
319,1181.9,736.5,yolo,0.56,1150.8,540.0,822.0,0.0,657.5,1168.9,1,272.9,1,1,shot_pb=1.00|flight_commit=1.00|keepin_prop=0.05|keepin_zoom=1.300|speed|edge_zoom=0.951|bounds
320,1196.4,737.0,yolo,0.55,1162.2,540.0,833.5,0.0,657.5,1168.9,1,269.8,1,1,shot_pb=1.00|flight_commit=1.00|keepin_prop=0.05|keepin_zoom=1.300|speed|edge_zoom=0.951|bounds
321,1210.7,737.5,yolo,0.54,1173.5,540.0,844.8,0.0,657.5,1168.9,1,266.8,1,1,shot_pb=1.00|flight_commit=1.00|keepin_prop=0.05|keepin_zoom=1.300|speed|edge_zoom=0.951|bounds
322,1224.7,738.0,yolo,0.58,1184.6,540.0,855.9,0.0,657.5,1168.9,1,263.9,1,1,shot_pb=1.00|flight_commit=1.00|keepin_prop=0.06|keepin_zoom=1.300|speed|edge_zoom=0.951|bounds
323,1238.2,738.5,yolo,0.56,1195.5,540.0,866.8,0.0,657.5,1168.9,1,261.3,1,1,shot_pb=1.00|flight_commit=1.00|keepin_prop=0.06|keepin_zoom=1.300|speed|edge_zoom=0.951|bounds
324,1251.2,739.0,yolo,0.54,1206.2,540.0,877.5,0.0,657.5,1168.9,1,259.0,1,1,shot_pb=1.00|flight_commit=1.00|keepin_prop=0.06|keepin_zoom=1.300|speed|edge_zoom=0.950|bounds
325,1263.8,739.6,yolo,0.56,1216.7,540.0,888.0,0.0,657.5,1168.9,1,256.9,1,1,shot_pb=1.00|flight_commit=1.00|keepin_prop=0.06|keepin_zoom=1.300|speed|edge_zoom=0.950|bounds
326,1276.0,740.1,yolo,0.58,1226.9,540.0,898.2,0.0,657.5,1168.9,1,254.9,1,1,shot_pb=1.00|flight_commit=1.00|keepin_prop=0.06|keepin_zoom=1.300|speed|edge_zoom=0.950|bounds
327,1287.8,740.7,yolo,0.57,1236.9,540.0,908.1,0.0,657.5,1168.9,1,253.1,1,1,shot_pb=1.00|flight_commit=1.00|keepin_prop=0.06|keepin_zoom=1.300|speed|edge_zoom=0.950|bounds
328,1299.1,741.2,yolo,0.60,1246.6,540.0,917.8,0.0,657.5,1168.9,1,251.5,1,1,shot_pb=1.00|flight_commit=1.00|keepin_prop=0.06|keepin_zoom=1.300|speed|edge_zoom=0.950|bounds
329,1309.9,741.8,yolo,0.63,1256.0,540.0,927.3,0.0,657.5,1168.9,1,250.1,1,1,shot_pb=1.00|flight_commit=1.00|keepin_prop=0.06|keepin_zoom=1.300|speed|edge_zoom=0.950|bounds
330,1320.3,742.4,yolo,0.63,1265.1,540.0,936.4,0.0,657.5,1168.9,1,248.8,1,1,shot_pb=1.00|flight_commit=1.00|keepin_prop=0.06|keepin_zoom=1.300|speed|edge_zoom=0.950|bounds
331,1330.3,743.0,yolo,0.64,1274.0,540.0,945.2,0.0,657.5,1168.9,1,247.7,1,1,shot_pb=1.00|flight_commit=1.00|keepin_prop=0.06|keepin_zoom=1.300|speed|edge_zoom=0.950|bounds
332,1340.0,743.6,yolo,0.65,1282.5,540.0,953.8,0.0,657.5,1168.9,1,246.5,1,1,shot_pb=1.00|flight_commit=1.00|keepin_prop=0.06|keepin_zoom=1.300|speed|edge_zoom=0.950|bounds
333,1349.4,744.2,yolo,0.68,1290.8,540.0,962.0,0.0,657.5,1168.9,1,245.4,1,1,shot_pb=1.00|flight_commit=1.00|keepin_prop=0.06|keepin_zoom=1.300|speed|edge_zoom=0.950|bounds
334,1358.3,744.8,yolo,0.69,1298.7,540.0,970.0,0.0,657.5,1168.9,1,244.4,1,1,shot_pb=1.00|flight_commit=1.00|keepin_prop=0.07|keepin_zoom=1.300|speed|edge_zoom=0.950|bounds
335,1366.8,745.4,yolo,0.69,1306.4,540.0,977.6,0.0,657.5,1168.9,1,243.6,1,1,shot_pb=1.00|flight_commit=1.00|keepin_prop=0.07|keepin_zoom=1.300|speed|edge_zoom=0.950|bounds
336,1374.9,746.0,yolo,0.69,1313.7,540.0,985.0,0.0,657.5,1168.9,1,242.8,1,1,shot_pb=1.00|flight_commit=1.00|keepin_prop=0.07|keepin_zoom=1.300|speed|edge_zoom=0.950|bounds
337,1382.7,746.5,yolo,0.65,1320.8,540.0,992.0,0.0,657.5,1168.9,1,242.1,1,1,shot_pb=1.00|flight_commit=1.00|person_ctx=4|keepin_prop=0.07|keepin_zoom=1.300|speed|edge_zoom=0.949|bounds
338,1390.2,747.1,yolo,0.63,1327.5,540.0,998.8,0.0,657.5,1168.9,1,241.3,1,1,shot_pb=1.00|flight_commit=1.00|keepin_prop=0.07|keepin_zoom=1.300|speed|edge_zoom=0.949|bounds
339,1397.3,747.6,yolo,0.62,1334.0,540.0,1005.3,0.0,657.5,1168.9,1,240.7,1,1,shot_pb=1.00|flight_commit=1.00|keepin_prop=0.07|keepin_zoom=1.300|speed|edge_zoom=0.949|bounds
340,1404.0,748.1,yolo,0.61,1340.2,540.0,1011.4,0.0,657.5,1168.9,1,240.2,1,1,shot_pb=1.00|flight_commit=1.00|keepin_prop=0.07|keepin_zoom=1.300|speed|edge_zoom=0.949|bounds
341,1410.3,748.5,yolo,0.57,1346.1,540.0,1017.3,0.0,657.5,1168.9,1,239.8,1,1,shot_pb=1.00|flight_commit=1.00|keepin_prop=0.07|keepin_zoom=1.300|speed|edge_zoom=0.949|bounds
342,1416.3,748.9,yolo,0.58,1351.7,540.0,1022.9,0.0,657.5,1168.9,1,239.4,1,1,shot_pb=1.00|flight_commit=1.00|keepin_prop=0.07|keepin_zoom=1.300|speed|edge_zoom=0.949|bounds
343,1422.0,749.4,yolo,0.59,1357.0,540.0,1028.3,0.0,657.5,1168.9,1,239.0,1,1,shot_pb=1.00|flight_commit=1.00|keepin_prop=0.07|keepin_zoom=1.300|speed|edge_zoom=0.949|bounds
344,1427.3,749.8,yolo,0.60,1362.1,540.0,1033.3,0.0,657.5,1168.9,1,238.8,1,1,shot_pb=1.00|flight_commit=1.00|keepin_prop=0.08|keepin_zoom=1.300|speed|edge_zoom=0.949|bounds
345,1432.2,750.2,yolo,0.60,1366.8,540.0,1038.1,0.0,657.5,1168.9,1,238.6,1,1,shot_pb=1.00|flight_commit=1.00|keepin_prop=0.08|keepin_zoom=1.300|speed|edge_zoom=0.949|bounds
346,1436.8,750.6,yolo,0.54,1371.3,540.0,1042.6,0.0,657.5,1168.9,1,238.5,1,1,shot_pb=1.00|flight_commit=1.00|keepin_prop=0.08|keepin_zoom=1.300|speed|edge_zoom=0.949|bounds
347,1441.1,751.0,yolo,0.55,1375.6,540.0,1046.8,0.0,657.5,1168.9,1,238.5,1,1,shot_pb=1.00|flight_commit=1.00|keepin_prop=0.08|keepin_zoom=1.300|speed|edge_zoom=0.949|bounds
348,1445.0,751.4,yolo,0.55,1379.5,540.0,1050.8,0.0,657.5,1168.9,1,238.5,1,1,shot_pb=1.00|flight_commit=1.00|keepin_prop=0.08|keepin_zoom=1.300|speed|edge_zoom=0.949|bounds
349,1448.6,751.9,yolo,0.55,1383.2,540.0,1054.5,0.0,657.5,1168.9,1,238.6,1,1,shot_pb=1.00|flight_commit=1.00|keepin_prop=0.08|keepin_zoom=1.300|speed|edge_zoom=0.949|bounds
350,1451.9,752.4,yolo,0.59,1386.7,540.0,1057.9,0.0,657.5,1168.9,1,238.8,1,1,shot_pb=1.00|flight_commit=1.00|keepin_prop=0.08|keepin_zoom=1.300|speed|edge_zoom=0.949|bounds
351,1454.9,752.9,yolo,0.62,1389.9,540.0,1061.1,0.0,657.5,1168.9,1,239.0,1,1,shot_pb=1.00|flight_commit=1.00|keepin_prop=0.08|keepin_zoom=1.300|speed|edge_zoom=0.949|bounds
352,1457.6,753.4,yolo,0.63,1392.8,540.0,1064.0,0.0,657.5,1168.9,1,239.2,1,1,shot_pb=1.00|flight_commit=1.00|keepin_prop=0.08|keepin_zoom=1.300|speed|edge_zoom=0.949|bounds
353,1460.0,754.0,yolo,0.64,1395.5,540.0,1066.7,0.0,657.5,1168.9,1,239.5,1,1,shot_pb=1.00|flight_commit=1.00|keepin_prop=0.08|keepin_zoom=1.300|speed|edge_zoom=0.949|bounds
354,1462.1,754.5,yolo,0.65,1397.9,540.0,1069.2,0.0,657.5,1168.9,1,239.8,1,1,shot_pb=1.00|flight_commit=1.00|keepin_prop=0.08|keepin_zoom=1.300|speed|edge_zoom=0.949|bounds
355,1463.9,755.1,yolo,0.67,1400.1,540.0,1071.4,0.0,657.5,1168.9,1,240.2,1,1,shot_pb=1.00|flight_commit=1.00|keepin_prop=0.07|keepin_zoom=1.300|speed|edge_zoom=0.949|bounds
356,1465.4,755.8,yolo,0.68,1402.1,540.0,1073.4,0.0,657.5,1168.9,1,240.7,1,1,shot_pb=1.00|flight_commit=1.00|keepin_prop=0.07|keepin_zoom=1.300|speed|edge_zoom=0.949|bounds
357,1466.7,756.5,yolo,0.68,1403.9,540.0,1075.1,0.0,657.5,1168.9,1,241.2,1,1,shot_pb=1.00|flight_commit=1.00|keepin_prop=0.07|keepin_zoom=1.300|speed|edge_zoom=0.949|bounds
358,1467.7,757.2,yolo,0.68,1405.4,540.0,1076.7,0.0,657.5,1168.9,1,241.7,1,1,shot_pb=1.00|flight_commit=1.00|keepin_prop=0.06|keepin_zoom=1.300|speed|edge_zoom=0.950|bounds
359,1468.5,758.1,yolo,0.67,1406.8,540.0,1078.0,0.0,657.5,1168.9,1,242.3,1,1,shot_pb=1.00|flight_commit=1.00|keepin_prop=0.06|keepin_zoom=1.300|speed|edge_zoom=0.950|bounds
360,1469.1,759.0,yolo,0.69,1407.9,540.0,1079.1,0.0,657.5,1168.9,1,242.8,1,1,shot_pb=1.00|flight_commit=1.00|keepin_prop=0.06|keepin_zoom=1.300|speed|edge_zoom=0.951|bounds
361,1469.4,759.9,yolo,0.73,1408.8,540.0,1080.0,0.0,657.5,1168.9,1,243.4,1,1,shot_pb=1.00|flight_commit=1.00|keepin_prop=0.05|keepin_zoom=1.300|speed|edge_zoom=0.951|bounds
362,1469.4,761.0,yolo,0.70,1409.5,540.0,1080.8,0.0,657.5,1168.9,1,244.1,1,1,shot_pb=1.00|flight_commit=1.00|keepin_prop=0.05|keepin_zoom=1.300|speed|edge_zoom=0.951|bounds
363,1469.0,762.2,yolo,0.72,1410.1,540.0,1081.3,0.0,657.5,1168.9,1,245.1,1,1,shot_pb=1.00|flight_commit=1.00|keepin_prop=0.06|keepin_zoom=1.300|speed|edge_zoom=0.950|bounds
364,1468.4,763.4,yolo,0.73,1410.5,540.0,1081.7,0.0,657.5,1168.9,1,246.1,1,1,shot_pb=1.00|flight_commit=1.00|keepin_prop=0.06|keepin_zoom=1.300|speed|edge_zoom=0.950|bounds
365,1467.5,764.7,yolo,0.75,1410.7,540.0,1082.0,0.0,657.5,1168.9,1,247.2,1,1,shot_pb=1.00|flight_commit=1.00|keepin_prop=0.07|keepin_zoom=1.300|speed|edge_zoom=0.950|bounds
366,1466.5,766.0,yolo,0.76,1410.9,540.0,1082.1,0.0,657.5,1168.9,1,248.4,1,1,shot_pb=1.00|flight_commit=1.00|keepin_prop=0.07|keepin_zoom=1.300|speed|edge_zoom=0.949|bounds
367,1465.3,767.5,yolo,0.72,1410.8,540.0,1082.1,0.0,657.5,1168.9,1,249.5,1,1,shot_pb=1.00|flight_commit=1.00|keepin_prop=0.08|keepin_zoom=1.300|speed|edge_zoom=0.949|bounds
368,1464.2,769.1,yolo,0.70,1410.7,540.0,1082.0,0.0,657.5,1168.9,1,250.5,1,1,shot_pb=1.00|flight_commit=1.00|keepin_prop=0.08|keepin_zoom=1.300|speed|edge_zoom=0.949|bounds
369,1463.1,770.7,yolo,0.68,1410.6,540.0,1081.8,0.0,657.5,1168.9,1,251.5,1,1,shot_pb=1.00|flight_commit=1.00|keepin_prop=0.08|keepin_zoom=1.300|speed|edge_zoom=0.949|bounds
370,1462.2,772.4,yolo,0.67,1410.3,540.0,1081.5,0.0,657.5,1168.9,1,252.1,1,1,shot_pb=1.00|flight_commit=1.00|keepin_prop=0.08|keepin_zoom=1.300|speed|edge_zoom=0.948|bounds
371,1461.4,774.2,yolo,0.67,1410.0,540.0,1081.3,0.0,657.5,1168.9,1,252.6,1,1,shot_pb=1.00|flight_commit=1.00|keepin_prop=0.08|keepin_zoom=1.300|speed|edge_zoom=0.948|bounds
372,1460.7,776.1,yolo,0.68,1409.7,540.0,1081.0,0.0,657.5,1168.9,1,253.0,1,1,shot_pb=1.00|flight_commit=1.00|keepin_prop=0.08|keepin_zoom=1.300|speed|edge_zoom=0.948|bounds
373,1460.1,778.0,yolo,0.74,1409.4,540.0,1080.6,0.0,657.5,1168.9,1,253.3,1,1,shot_pb=1.00|flight_commit=1.00|keepin_prop=0.09|keepin_zoom=1.300|speed|edge_zoom=0.948|bounds
374,1459.6,779.9,yolo,0.78,1409.1,540.0,1080.3,0.0,657.5,1168.9,1,253.5,1,1,shot_pb=1.00|flight_commit=1.00|keepin_prop=0.09|keepin_zoom=1.300|speed|edge_zoom=0.947|bounds
375,1459.3,781.8,yolo,0.80,1408.8,540.0,1080.1,0.0,657.5,1168.9,1,253.5,1,1,shot_pb=1.00|flight_commit=1.00|keepin_prop=0.10|keepin_zoom=1.300|speed|edge_zoom=0.947|bounds
376,1459.2,783.8,yolo,0.79,1408.6,540.0,1079.8,0.0,657.5,1168.9,1,253.4,1,1,shot_pb=1.00|flight_commit=1.00|keepin_prop=0.10|keepin_zoom=1.300|speed|edge_zoom=0.947|bounds
377,1459.1,785.7,yolo,0.77,1408.4,540.0,1079.7,0.0,657.5,1168.9,1,253.3,1,1,shot_pb=1.00|flight_commit=1.00|keepin_prop=0.10|keepin_zoom=1.300|speed|edge_zoom=0.946|bounds
378,1459.2,787.7,yolo,0.76,1408.3,540.0,1079.5,0.0,657.5,1168.9,1,253.1,1,1,shot_pb=1.00|flight_commit=1.00|keepin_prop=0.11|keepin_zoom=1.300|speed|edge_zoom=0.946|bounds
379,1459.5,789.7,yolo,0.76,1408.2,540.0,1079.5,0.0,657.5,1168.9,1,252.7,1,1,shot_pb=1.00|flight_commit=1.00|keepin_prop=0.11|keepin_zoom=1.300|speed|edge_zoom=0.945|bounds
380,1459.9,791.6,yolo,0.75,1408.2,540.0,1079.4,0.0,657.5,1168.9,1,252.3,1,1,shot_pb=1.00|flight_commit=1.00|keepin_prop=0.12|keepin_zoom=1.300|speed|edge_zoom=0.945|bounds
381,1460.4,793.5,yolo,0.71,1408.3,540.0,1079.5,0.0,657.5,1168.9,1,251.9,1,1,shot_pb=1.00|flight_commit=1.00|keepin_prop=0.13|keepin_zoom=1.300|speed|edge_zoom=0.944|bounds
382,1461.0,795.4,yolo,0.71,1408.4,540.0,1079.6,0.0,657.5,1168.9,1,251.4,1,1,shot_pb=1.00|flight_commit=1.00|keepin_prop=0.13|keepin_zoom=1.300|speed|edge_zoom=0.944|bounds
383,1461.7,797.3,yolo,0.71,1408.5,540.0,1079.7,0.0,657.5,1168.9,1,250.8,1,1,shot_pb=1.00|flight_commit=1.00|keepin_prop=0.14|keepin_zoom=1.300|speed|edge_zoom=0.943|bounds
384,1462.4,799.2,yolo,0.73,1408.7,540.0,1079.9,0.0,657.5,1168.9,1,250.3,1,1,shot_pb=1.00|flight_commit=1.00|keepin_prop=0.14|keepin_zoom=1.300|speed|edge_zoom=0.943|bounds
385,1463.3,801.1,yolo,0.74,1408.9,540.0,1080.2,0.0,657.5,1168.9,1,249.6,1,1,shot_pb=1.00|flight_commit=1.00|keepin_prop=0.15|keepin_zoom=1.300|speed|edge_zoom=0.942|bounds
386,1464.1,802.9,yolo,0.76,1409.2,540.0,1080.4,0.0,657.5,1168.9,1,249.1,1,1,shot_pb=1.00|flight_commit=1.00|keepin_prop=0.16|keepin_zoom=1.300|speed|edge_zoom=0.942|bounds
387,1465.0,804.6,yolo,0.78,1409.4,540.0,1080.7,0.0,657.5,1168.9,1,248.4,1,1,shot_pb=1.00|flight_commit=1.00|keepin_prop=0.16|keepin_zoom=1.300|speed|edge_zoom=0.941|bounds
388,1465.6,806.3,yolo,0.79,1409.7,540.0,1080.9,0.0,657.5,1168.9,1,248.1,1,1,shot_pb=1.00|flight_commit=1.00|keepin_prop=0.16|keepin_zoom=1.300|speed|edge_zoom=0.941|bounds
389,1466.2,807.8,yolo,0.80,1409.9,540.0,1081.2,0.0,657.5,1168.9,1,247.7,1,1,shot_pb=1.00|flight_commit=1.00|keepin_prop=0.17|keepin_zoom=1.300|speed|edge_zoom=0.941|bounds
390,1466.5,809.2,yolo,0.81,1410.1,540.0,1081.4,0.0,657.5,1168.9,1,247.6,1,1,shot_pb=1.00|flight_commit=1.00|keepin_prop=0.17|keepin_zoom=1.300|speed|edge_zoom=0.941|bounds
391,1466.6,810.4,yolo,0.82,1410.3,540.0,1081.5,0.0,657.5,1168.9,1,247.7,1,1,shot_pb=1.00|flight_commit=1.00|keepin_prop=0.17|keepin_zoom=1.300|speed|edge_zoom=0.940|bounds
392,1466.6,811.5,yolo,0.83,1410.4,540.0,1081.6,0.0,657.5,1168.9,1,247.8,1,1,shot_pb=1.00|flight_commit=1.00|keepin_prop=0.17|keepin_zoom=1.300|speed|edge_zoom=0.940|bounds
393,1466.4,812.4,yolo,0.84,1410.4,540.0,1081.6,0.0,657.5,1168.9,1,248.0,1,1,shot_pb=1.00|flight_commit=1.00|keepin_prop=0.18|keepin_zoom=1.300|speed|edge_zoom=0.940|bounds
394,1466.0,813.3,yolo,0.80,1410.3,540.0,1081.6,0.0,657.5,1168.9,1,248.3,1,1,shot_pb=1.00|flight_commit=1.00|keepin_prop=0.19|keepin_zoom=1.300|speed|edge_zoom=0.939|bounds
395,1465.5,814.0,yolo,0.79,1410.2,540.0,1081.4,0.0,657.5,1168.9,1,248.7,1,1,shot_pb=1.00|flight_commit=1.00|keepin_prop=0.20|keepin_zoom=1.300|speed|edge_zoom=0.938|bounds
396,1464.9,814.6,yolo,0.77,1410.0,540.0,1081.2,0.0,657.5,1168.9,1,249.1,1,1,shot_pb=1.00|flight_commit=1.00|keepin_prop=0.21|keepin_zoom=1.300|speed|edge_zoom=0.937|bounds
397,1464.2,815.1,yolo,0.72,1409.6,540.0,1080.9,0.0,657.5,1168.9,1,249.4,1,1,shot_pb=1.00|flight_commit=1.00|keepin_prop=0.22|keepin_zoom=1.300|speed|edge_zoom=0.936|bounds
398,1463.3,815.5,yolo,0.69,1409.2,540.0,1080.4,0.0,657.5,1168.9,1,249.9,1,1,shot_pb=1.00|flight_commit=1.00|keepin_prop=0.23|keepin_zoom=1.300|speed|edge_zoom=0.935|bounds
399,1462.3,815.9,yolo,0.61,1408.6,540.0,1079.8,0.0,657.5,1168.9,1,250.3,1,1,shot_pb=1.00|flight_commit=1.00|keepin_prop=0.25|keepin_zoom=1.300|speed|edge_zoom=0.934|bounds
400,1461.2,816.2,yolo,0.61,1407.9,540.0,1079.2,0.0,657.5,1168.9,1,250.7,1,1,shot_pb=1.00|flight_commit=1.00|keepin_prop=0.25|keepin_zoom=1.300|speed|edge_zoom=0.933|bounds
401,1459.9,816.5,yolo,0.55,1407.1,540.0,1078.3,0.0,657.5,1168.9,1,251.2,1,1,shot_pb=1.00|flight_commit=1.00|keepin_prop=0.26|keepin_zoom=1.300|speed|edge_zoom=0.932|bounds
402,1458.5,816.7,yolo,0.51,1406.1,540.0,1077.4,0.0,657.5,1168.9,1,251.6,1,1,shot_pb=1.00|flight_commit=1.00|keepin_prop=0.27|keepin_zoom=1.300|speed|edge_zoom=0.932|bounds
403,1456.9,816.9,yolo,0.49,1405.0,540.0,1076.3,0.0,657.5,1168.9,1,252.1,1,1,shot_pb=1.00|flight_commit=1.00|keepin_prop=0.27|keepin_zoom=1.300|speed|edge_zoom=0.931|bounds
404,1455.2,817.0,yolo,0.50,1403.8,540.0,1075.0,0.0,657.5,1168.9,1,252.6,1,1,shot_pb=1.00|flight_commit=1.00|keepin_prop=0.27|keepin_zoom=1.300|speed|edge_zoom=0.931|bounds
405,1453.2,817.2,yolo,0.50,1402.3,540.0,1073.6,0.0,657.5,1168.9,1,253.1,1,1,shot_pb=1.00|flight_commit=1.00|keepin_prop=0.28|keepin_zoom=1.300|speed|edge_zoom=0.931|bounds
406,1451.0,817.3,yolo,0.48,1400.7,540.0,1071.9,0.0,657.5,1168.9,1,253.7,1,1,shot_pb=1.00|flight_commit=1.00|keepin_prop=0.28|keepin_zoom=1.300|speed|edge_zoom=0.931|bounds
407,1448.5,817.3,yolo,0.55,1398.8,540.0,1070.1,0.0,657.5,1168.9,1,254.3,1,1,shot_pb=1.00|flight_commit=1.00|keepin_prop=0.28|keepin_zoom=1.300|speed|edge_zoom=0.931|bounds
408,1445.7,817.4,yolo,0.61,1396.8,540.0,1068.0,0.0,657.5,1168.9,1,255.1,1,1,shot_pb=1.00|flight_commit=1.00|keepin_prop=0.28|keepin_zoom=1.300|speed|edge_zoom=0.930|bounds
409,1442.5,817.4,yolo,0.62,1394.4,540.0,1065.7,0.0,657.5,1168.9,1,255.9,1,1,shot_pb=1.00|flight_commit=1.00|keepin_prop=0.28|keepin_zoom=1.300|speed|edge_zoom=0.930|bounds
410,1439.0,817.4,yolo,0.62,1391.8,540.0,1063.0,0.0,657.5,1168.9,1,256.8,1,1,shot_pb=1.00|flight_commit=1.00|keepin_prop=0.29|keepin_zoom=1.300|speed|edge_zoom=0.930|bounds
411,1435.1,817.3,yolo,0.65,1388.9,540.0,1060.1,0.0,657.5,1168.9,1,257.8,1,1,shot_pb=1.00|flight_commit=1.00|keepin_prop=0.29|keepin_zoom=1.300|speed|edge_zoom=0.930|bounds
412,1430.6,817.2,yolo,0.68,1385.6,540.0,1056.8,0.0,657.5,1168.9,1,259.0,1,1,shot_pb=1.00|flight_commit=1.00|keepin_prop=0.29|keepin_zoom=1.300|speed|edge_zoom=0.930|bounds
413,1425.6,817.0,yolo,0.70,1382.0,540.0,1053.2,0.0,657.5,1168.9,1,260.4,1,1,shot_pb=1.00|flight_commit=1.00|keepin_prop=0.29|keepin_zoom=1.300|speed|edge_zoom=0.930|bounds
414,1419.9,816.8,yolo,0.72,1378.0,540.0,1049.2,0.0,657.5,1168.9,1,262.1,1,1,shot_pb=1.00|flight_commit=1.00|keepin_prop=0.29|keepin_zoom=1.300|speed|edge_zoom=0.930|bounds
415,1413.2,816.4,yolo,0.67,1373.6,540.0,1044.8,0.0,657.5,1168.9,1,264.4,1,1,shot_pb=1.00|flight_commit=1.00|keepin_prop=0.29|keepin_zoom=1.300|speed|edge_zoom=0.930|bounds
416,1405.7,816.0,yolo,0.63,1368.8,540.0,1040.0,0.0,657.5,1168.9,1,267.1,1,1,shot_pb=1.00|flight_commit=1.00|keepin_prop=0.28|keepin_zoom=1.300|speed|edge_zoom=0.930|bounds
417,1397.3,815.6,yolo,0.65,1363.5,540.0,1034.8,0.0,657.5,1168.9,1,270.2,1,1,shot_pb=1.00|flight_commit=1.00|keepin_prop=0.28|keepin_zoom=1.300|speed|edge_zoom=0.930|bounds
418,1388.3,815.1,yolo,0.66,1357.9,540.0,1029.1,0.0,657.5,1168.9,1,273.6,1,1,shot_pb=1.00|flight_commit=1.00|keepin_prop=0.28|keepin_zoom=1.300|speed|edge_zoom=0.931|bounds
419,1378.7,814.6,yolo,0.68,1351.8,540.0,1023.0,0.0,657.5,1168.9,1,277.1,1,1,shot_pb=1.00|flight_commit=1.00|keepin_prop=0.28|keepin_zoom=1.300|speed|edge_zoom=0.931|bounds
420,1368.2,814.0,yolo,0.71,1345.3,540.0,1016.5,0.0,657.5,1168.9,1,281.1,1,1,shot_pb=1.00|flight_commit=1.00|keepin_prop=0.28|keepin_zoom=1.300|speed|edge_zoom=0.931|bounds
421,1356.7,813.4,yolo,0.68,1338.4,540.0,1009.6,0.0,657.5,1168.9,1,285.7,1,1,shot_pb=1.00|flight_commit=1.00|keepin_prop=0.27|keepin_zoom=1.300|speed|edge_zoom=0.931|bounds
422,1344.5,812.7,yolo,0.71,1331.1,540.0,1002.3,0.0,657.5,1168.9,1,290.6,1,1,shot_pb=1.00|flight_commit=1.00|keepin_prop=0.27|keepin_zoom=1.300|speed|edge_zoom=0.931|bounds
423,1332.2,812.2,yolo,0.74,1323.5,540.0,994.7,0.0,657.5,1168.9,1,295.3,1,1,shot_pb=1.00|flight_commit=1.00|keepin_prop=0.27|keepin_zoom=1.300|speed|edge_zoom=0.932|bounds
424,1319.8,811.6,yolo,0.76,1315.6,540.0,986.9,0.0,657.5,1168.9,1,299.8,1,1,shot_pb=1.00|flight_commit=1.00|keepin_prop=0.26|keepin_zoom=1.300|speed|edge_zoom=0.932|bounds
425,1307.0,811.0,yolo,0.75,1307.5,540.0,978.7,0.0,657.5,1168.9,1,303.5,1,1,shot_pb=1.00|flight_commit=1.00|keepin_prop=0.26|keepin_zoom=1.300|speed|edge_zoom=0.932|bounds
426,1293.9,810.5,yolo,0.71,1299.2,540.0,970.4,0.0,657.5,1168.9,1,298.7,1,1,shot_pb=1.00|flight_commit=1.00|keepin_prop=0.26|keepin_zoom=1.300|speed|edge_zoom=0.932|bounds
427,1280.8,810.0,yolo,0.73,1290.7,540.0,961.9,0.0,657.5,1168.9,1,294.1,1,1,shot_pb=1.00|flight_commit=1.00|keepin_prop=0.26|keepin_zoom=1.300|speed|edge_zoom=0.933|bounds
428,1268.1,809.4,yolo,0.75,1282.2,540.0,953.4,0.0,657.5,1168.9,1,289.9,1,1,shot_pb=1.00|keepin_prop=0.26|keepin_zoom=1.300|speed|edge_zoom=0.933|bounds
429,1255.7,809.0,yolo,0.76,1273.6,540.0,944.8,0.0,657.5,1168.9,1,286.1,1,1,keepin_prop=0.25|keepin_zoom=1.300|speed|edge_zoom=0.933|bounds
430,1243.7,808.5,yolo,0.75,1265.1,540.0,936.3,0.0,657.5,1168.9,1,282.6,1,1,keepin_prop=0.25|keepin_zoom=1.300|speed|edge_zoom=0.933|bounds
431,1232.1,808.0,yolo,0.73,1256.7,540.0,927.9,0.0,657.5,1168.9,1,279.4,1,1,flight_commit=0.83|keepin_prop=0.25|keepin_zoom=1.300|speed|edge_zoom=0.933|bounds
432,1221.2,807.6,yolo,0.64,1248.5,540.0,919.7,0.0,657.5,1168.9,1,276.7,1,1,flight_commit=0.92|keepin_prop=0.25|keepin_zoom=1.300|speed|edge_zoom=0.934|bounds
433,1211.0,807.2,yolo,0.57,1240.5,540.0,911.8,0.0,657.5,1168.9,1,274.5,1,1,flight_commit=0.95|keepin_prop=0.25|keepin_zoom=1.300|speed|edge_zoom=0.934|bounds
434,1201.7,806.8,yolo,0.58,1232.9,540.0,904.2,0.0,657.5,1168.9,1,272.8,1,1,flight_commit=0.93|keepin_prop=0.24|keepin_zoom=1.300|speed|edge_zoom=0.934|bounds
435,1193.1,806.5,yolo,0.63,1225.7,540.0,897.0,0.0,657.5,1168.9,1,271.4,1,1,flight_commit=0.87|keepin_prop=0.24|keepin_zoom=1.300|speed|edge_zoom=0.934|bounds
436,1185.5,806.1,yolo,0.69,1219.0,540.0,890.2,0.0,657.5,1168.9,1,270.5,1,1,flight_commit=0.79|keepin_prop=0.24|keepin_zoom=1.300|speed|edge_zoom=0.934|bounds
437,1178.9,805.8,yolo,0.73,1212.8,540.0,884.0,0.0,657.5,1168.9,1,270.1,1,1,shot_pb=1.00|flight_commit=0.67|keepin_prop=0.24|keepin_zoom=1.300|speed|edge_zoom=0.934|bounds
438,1173.3,805.6,yolo,0.76,1207.1,540.0,878.4,0.0,657.5,1168.9,1,270.2,1,1,shot_pb=1.00|flight_commit=1.00|keepin_prop=0.24|keepin_zoom=1.300|speed|edge_zoom=0.934|bounds
439,1168.6,805.4,yolo,0.79,1202.1,540.0,873.3,0.0,657.5,1168.9,1,270.5,1,1,shot_pb=1.00|flight_commit=1.00|keepin_prop=0.24|keepin_zoom=1.300|speed|edge_zoom=0.934|bounds
440,1164.8,805.2,yolo,0.81,1197.6,540.0,868.9,0.0,657.5,1168.9,1,271.2,1,1,shot_pb=1.00|flight_commit=1.00|keepin_prop=0.24|keepin_zoom=1.300|speed|edge_zoom=0.934|bounds
441,1161.8,805.1,yolo,0.82,1193.8,540.0,865.0,0.0,657.5,1168.9,1,272.0,1,1,shot_pb=1.00|flight_commit=1.00|keepin_prop=0.24|keepin_zoom=1.300|speed|edge_zoom=0.934|bounds
442,1159.6,804.9,yolo,0.77,1190.5,540.0,861.7,0.0,657.5,1168.9,1,273.1,1,1,shot_pb=1.00|flight_commit=1.00|keepin_prop=0.24|keepin_zoom=1.300|speed|edge_zoom=0.934|bounds
443,1158.3,804.9,yolo,0.73,1187.9,540.0,859.1,0.0,657.5,1168.9,1,274.4,1,1,shot_pb=1.00|flight_commit=1.00|keepin_prop=0.24|keepin_zoom=1.300|speed|edge_zoom=0.934|bounds
444,1157.7,804.8,yolo,0.75,1185.8,540.0,857.0,0.0,657.5,1168.9,1,275.9,1,1,shot_pb=1.00|flight_commit=1.00|keepin_prop=0.24|keepin_zoom=1.300|speed|edge_zoom=0.934|bounds
445,1158.0,804.8,yolo,0.64,1184.3,540.0,855.5,0.0,657.5,1168.9,1,277.7,1,1,shot_pb=1.00|flight_commit=1.00|keepin_prop=0.24|keepin_zoom=1.300|speed|edge_zoom=0.934|bounds
446,1159.0,804.8,yolo,0.61,1183.3,540.0,854.5,0.0,657.5,1168.9,1,279.7,1,1,shot_pb=1.00|flight_commit=1.00|keepin_prop=0.24|keepin_zoom=1.300|speed|edge_zoom=0.935|bounds
447,1160.9,804.9,yolo,0.62,1182.8,540.0,854.0,0.0,657.5,1168.9,1,282.1,1,1,shot_pb=1.00|flight_commit=1.00|keepin_prop=0.24|keepin_zoom=1.300|speed|edge_zoom=0.935|bounds
448,1163.5,804.9,yolo,0.62,1182.8,540.0,854.1,0.0,657.5,1168.9,1,284.7,1,1,shot_pb=1.00|flight_commit=1.00|keepin_prop=0.24|keepin_zoom=1.300|speed|edge_zoom=0.935|bounds
449,1166.6,805.0,yolo,0.68,1183.3,540.0,854.5,0.0,657.5,1168.9,1,287.3,1,1,shot_pb=1.00|flight_commit=1.00|keepin_prop=0.24|keepin_zoom=1.300|speed|edge_zoom=0.935|bounds
450,1170.3,805.1,yolo,0.60,1184.2,540.0,855.5,0.0,657.5,1168.9,1,290.1,1,1,shot_pb=1.00|flight_commit=1.00|keepin_prop=0.24|keepin_zoom=1.300|speed|edge_zoom=0.934|bounds
451,1174.5,805.2,yolo,0.52,1185.5,540.0,856.8,0.0,657.5,1168.9,1,293.0,1,1,shot_pb=1.00|flight_commit=1.00|keepin_prop=0.24|keepin_zoom=1.300|speed|edge_zoom=0.934|bounds
452,1179.1,805.3,yolo,0.59,1187.3,540.0,858.5,0.0,657.5,1168.9,1,295.8,1,1,shot_pb=1.00|flight_commit=1.00|keepin_prop=0.24|keepin_zoom=1.300|speed|edge_zoom=0.934|bounds
453,1183.9,805.5,yolo,0.64,1189.4,540.0,860.6,0.0,657.5,1168.9,1,298.5,1,1,shot_pb=1.00|flight_commit=0.79|keepin_prop=0.24|keepin_zoom=1.300|speed|edge_zoom=0.934|bounds
454,1188.9,805.6,yolo,0.68,1191.8,540.0,863.1,0.0,657.5,1168.9,1,301.1,1,1,flight_commit=0.56|keepin_prop=0.24|keepin_zoom=1.300|speed|edge_zoom=0.934|bounds
455,1194.2,805.7,yolo,0.68,1194.6,540.0,865.9,0.0,657.5,1168.9,1,303.6,1,1,keepin_prop=0.24|keepin_zoom=1.300|speed|edge_zoom=0.934|bounds
456,1199.7,805.9,yolo,0.70,1197.8,540.0,869.0,0.0,657.5,1168.9,1,302.1,1,1,keepin_prop=0.24|keepin_zoom=1.300|speed|edge_zoom=0.934|bounds
457,1205.3,806.1,yolo,0.67,1201.2,540.0,872.5,0.0,657.5,1168.9,1,299.9,1,1,keepin_prop=0.24|keepin_zoom=1.300|speed|edge_zoom=0.934|bounds
458,1210.9,806.3,yolo,0.64,1205.0,540.0,876.2,0.0,657.5,1168.9,1,298.1,1,1,keepin_prop=0.24|keepin_zoom=1.300|speed|edge_zoom=0.934|bounds
459,1216.5,806.5,yolo,0.70,1209.0,540.0,880.2,0.0,657.5,1168.9,1,296.5,1,1,keepin_prop=0.24|keepin_zoom=1.300|speed|edge_zoom=0.934|bounds
460,1222.2,806.7,yolo,0.71,1213.3,540.0,884.5,0.0,657.5,1168.9,1,295.1,1,1,keepin_prop=0.24|keepin_zoom=1.300|speed|edge_zoom=0.934|bounds
461,1227.9,807.0,yolo,0.65,1217.8,540.0,889.0,0.0,657.5,1168.9,1,293.9,1,1,keepin_prop=0.24|keepin_zoom=1.300|speed|edge_zoom=0.934|bounds
462,1233.6,807.2,yolo,0.65,1222.5,540.0,893.7,0.0,657.5,1168.9,1,292.9,1,1,keepin_prop=0.24|keepin_zoom=1.300|speed|edge_zoom=0.934|bounds
463,1239.2,807.5,yolo,0.64,1227.4,540.0,898.6,0.0,657.5,1168.9,1,292.2,1,1,keepin_prop=0.25|keepin_zoom=1.300|speed|edge_zoom=0.934|bounds
464,1244.7,807.7,yolo,0.68,1232.4,540.0,903.6,0.0,657.5,1168.9,1,291.7,1,1,keepin_prop=0.25|keepin_zoom=1.300|speed|edge_zoom=0.934|bounds
465,1250.2,807.9,yolo,0.69,1237.5,540.0,908.8,0.0,657.5,1168.9,1,291.3,1,1,keepin_prop=0.25|keepin_zoom=1.300|speed|edge_zoom=0.934|bounds
466,1255.6,808.1,yolo,0.69,1242.8,540.0,914.0,0.0,657.5,1168.9,1,291.2,1,1,keepin_prop=0.25|keepin_zoom=1.300|speed|edge_zoom=0.933|bounds
467,1261.1,808.3,yolo,0.70,1248.2,540.0,919.4,0.0,657.5,1168.9,1,291.1,1,1,keepin_prop=0.25|keepin_zoom=1.300|speed|edge_zoom=0.933|bounds
468,1266.5,808.4,yolo,0.70,1253.6,540.0,924.8,0.0,657.5,1168.9,1,291.1,1,1,shot_pb=0.00|keepin_prop=0.25|keepin_zoom=1.300|speed|edge_zoom=0.933|bounds
469,1271.9,808.6,yolo,0.74,1259.1,540.0,930.3,0.0,657.5,1168.9,1,291.2,1,1,shot_pb=0.00|keepin_prop=0.25|keepin_zoom=1.300|speed|edge_zoom=0.933|bounds
470,1277.3,808.7,yolo,0.75,1264.7,540.0,935.9,0.0,657.5,1168.9,1,291.4,1,1,shot_pb=0.00|keepin_prop=0.25|keepin_zoom=1.300|speed|edge_zoom=0.933|bounds
471,1282.8,808.9,yolo,0.75,1270.3,540.0,941.5,0.0,657.5,1168.9,1,291.5,1,1,shot_pb=0.00|keepin_prop=0.25|keepin_zoom=1.300|speed|edge_zoom=0.933|bounds
472,1288.4,809.0,yolo,0.74,1276.0,540.0,947.3,0.0,657.5,1168.9,1,291.6,1,1,shot_pb=0.00|keepin_prop=0.25|keepin_zoom=1.300|speed|edge_zoom=0.933|bounds
473,1294.0,809.1,yolo,0.74,1281.9,540.0,953.1,0.0,657.5,1168.9,1,291.9,1,1,shot_pb=0.00|keepin_prop=0.25|keepin_zoom=1.300|speed|edge_zoom=0.933|bounds
474,1299.8,809.3,yolo,0.77,1287.8,540.0,959.0,0.0,657.5,1168.9,1,292.0,1,1,shot_pb=0.00|keepin_prop=0.25|keepin_zoom=1.300|speed|edge_zoom=0.933|bounds
475,1305.7,809.4,yolo,0.77,1293.8,540.0,965.0,0.0,657.5,1168.9,1,292.1,1,1,shot_pb=0.00|keepin_prop=0.25|keepin_zoom=1.300|speed|edge_zoom=0.933|bounds
476,1312.0,809.6,yolo,0.79,1299.9,540.0,971.1,0.0,657.5,1168.9,1,291.9,1,1,shot_pb=0.00|keepin_prop=0.26|keepin_zoom=1.300|speed|edge_zoom=0.933|bounds
477,1318.5,809.8,yolo,0.80,1306.2,540.0,977.4,0.0,657.5,1168.9,1,291.7,1,1,keepin_prop=0.26|keepin_zoom=1.300|speed|edge_zoom=0.933|bounds
478,1325.4,810.0,yolo,0.81,1312.5,540.0,983.8,0.0,657.5,1168.9,1,291.1,1,1,keepin_prop=0.26|keepin_zoom=1.300|speed|edge_zoom=0.933|bounds
479,1332.8,810.2,yolo,0.81,1319.0,540.0,990.3,0.0,657.5,1168.9,1,290.2,1,1,keepin_prop=0.26|keepin_zoom=1.300|speed|edge_zoom=0.933|bounds
480,1340.7,810.5,yolo,0.82,1325.7,540.0,996.9,0.0,657.5,1168.9,1,289.0,1,1,keepin_prop=0.26|keepin_zoom=1.300|speed|edge_zoom=0.932|bounds
481,1349.3,810.8,yolo,0.82,1332.5,540.0,1003.8,0.0,657.5,1168.9,1,287.2,1,1,keepin_prop=0.26|keepin_zoom=1.300|speed|edge_zoom=0.932|bounds
482,1358.5,811.1,yolo,0.84,1339.5,540.0,1010.7,0.0,657.5,1168.9,1,285.0,1,1,keepin_prop=0.26|keepin_zoom=1.300|speed|edge_zoom=0.932|bounds
483,1368.0,811.4,yolo,0.85,1346.7,540.0,1017.9,0.0,657.5,1168.9,1,282.7,1,1,shot_pb=0.80|keepin_prop=0.26|keepin_zoom=1.300|speed|edge_zoom=0.932|bounds
484,1378.1,811.7,yolo,0.80,1354.0,540.0,1025.3,0.0,657.5,1168.9,1,279.9,1,1,shot_pb=1.00|flight_commit=1.00|keepin_prop=0.26|keepin_zoom=1.300|speed|edge_zoom=0.932|bounds
485,1388.8,812.1,yolo,0.78,1361.6,540.0,1032.8,0.0,657.5,1168.9,1,276.8,1,1,shot_pb=1.00|flight_commit=1.00|keepin_prop=0.26|keepin_zoom=1.300|speed|edge_zoom=0.932|bounds
486,1400.2,812.4,yolo,0.75,1369.4,540.0,1040.6,0.0,657.5,1168.9,1,273.2,1,1,shot_pb=1.00|flight_commit=1.00|keepin_prop=0.27|keepin_zoom=1.300|speed|edge_zoom=0.932|bounds
487,1412.4,812.8,yolo,0.72,1377.4,540.0,1048.6,0.0,657.5,1168.9,1,269.0,1,1,shot_pb=1.00|flight_commit=1.00|keepin_prop=0.27|keepin_zoom=1.300|speed|edge_zoom=0.932|bounds
488,1424.9,813.1,yolo,0.69,1385.5,540.0,1056.8,0.0,657.5,1168.9,1,264.6,1,1,shot_pb=1.00|flight_commit=1.00|keepin_prop=0.27|keepin_zoom=1.300|speed|edge_zoom=0.932|bounds
489,1437.9,813.4,yolo,0.65,1393.9,540.0,1065.1,0.0,657.5,1168.9,1,260.0,1,1,shot_pb=1.00|flight_commit=1.00|keepin_prop=0.27|keepin_zoom=1.300|speed|edge_zoom=0.932|bounds
490,1451.3,813.6,yolo,0.65,1402.3,540.0,1073.6,0.0,657.5,1168.9,1,255.0,1,1,shot_pb=1.00|flight_commit=1.00|keepin_prop=0.27|keepin_zoom=1.300|speed|edge_zoom=0.932|bounds
491,1465.0,813.9,yolo,0.71,1410.9,540.0,1082.2,0.0,657.5,1168.9,1,249.9,1,1,shot_pb=1.00|flight_commit=1.00|keepin_prop=0.27|keepin_zoom=1.300|speed|edge_zoom=0.931|bounds
492,1478.7,814.0,yolo,0.67,1419.5,540.0,1090.7,0.0,657.5,1168.9,1,244.8,1,1,shot_pb=1.00|flight_commit=1.00|keepin_prop=0.27|keepin_zoom=1.300|speed|edge_zoom=0.931|bounds
493,1491.9,814.0,yolo,0.64,1428.0,540.0,1099.3,0.0,657.5,1168.9,1,240.1,1,1,shot_pb=1.00|flight_commit=1.00|keepin_prop=0.27|keepin_zoom=1.300|speed|edge_zoom=0.931|bounds
494,1504.7,813.9,yolo,0.65,1436.4,540.0,1107.7,0.0,657.5,1168.9,1,235.7,1,1,shot_pb=1.00|flight_commit=1.00|keepin_prop=0.27|keepin_zoom=1.300|speed|edge_zoom=0.931|bounds
495,1517.1,813.7,yolo,0.67,1444.6,540.0,1115.8,0.0,657.5,1168.9,1,231.5,1,1,shot_pb=1.00|flight_commit=1.00|keepin_prop=0.27|keepin_zoom=1.300|speed|edge_zoom=0.931|bounds
496,1529.1,813.3,yolo,0.72,1452.4,540.0,1123.6,0.0,657.5,1168.9,1,227.3,1,1,shot_pb=1.00|flight_commit=1.00|keepin_prop=0.27|keepin_zoom=1.300|speed|edge_zoom=0.931|bounds
497,1540.1,812.7,yolo,0.76,1459.7,540.0,1131.0,0.0,657.5,1168.9,1,223.6,1,1,shot_pb=1.00|flight_commit=1.00|keepin_prop=0.27|keepin_zoom=1.300|speed|edge_zoom=0.931|bounds
498,1549.7,811.8,yolo,0.79,1466.5,540.0,1137.7,0.0,657.5,1168.9,1,220.8,1,1,shot_pb=1.00|flight_commit=1.00|keepin_prop=0.27|keepin_zoom=1.300|speed|edge_zoom=0.931|bounds
499,1557.8,810.5,yolo,0.79,1472.6,540.0,1143.8,0.0,657.5,1168.9,1,218.8,1,1,shot_pb=1.00|flight_commit=1.00|keepin_prop=0.27|keepin_zoom=1.300|speed|edge_zoom=0.931|bounds
500,1564.3,808.9,yolo,0.71,1477.9,540.0,1149.2,0.0,657.5,1168.9,1,217.6,1,1,shot_pb=1.00|flight_commit=1.00|person_ctx=3|keepin_prop=0.28|keepin_zoom=1.300|speed|edge_zoom=0.931|bounds
501,1567.6,806.4,interp,0.28,1482.4,540.0,1153.6,0.0,657.5,1168.9,1,218.8,1,1,shot_pb=1.00|flight_commit=1.00|person_ctx=3|keepin_prop=0.30|keepin_zoom=1.300|speed|edge_zoom=0.929|bounds
502,1569.1,803.6,interp,0.28,1486.0,540.0,1157.2,0.0,657.5,1168.9,1,220.9,1,1,shot_pb=1.00|flight_commit=1.00|keepin_prop=0.32|keepin_zoom=1.300|speed|edge_zoom=0.927|bounds
503,1569.0,800.4,interp,0.28,1488.5,540.0,1159.8,0.0,657.5,1168.9,1,223.5,1,1,shot_pb=1.00|flight_commit=1.00|keepin_prop=0.32|keepin_zoom=1.300|speed|edge_zoom=0.927|bounds
504,1567.2,796.8,interp,0.28,1490.1,540.0,1161.3,0.0,657.5,1168.9,1,226.9,1,1,shot_pb=1.00|flight_commit=1.00|keepin_prop=0.29|keepin_zoom=1.300|speed|edge_zoom=0.929|bounds
505,1563.8,792.8,interp,0.28,1490.7,540.0,1161.9,0.0,657.5,1168.9,1,230.9,1,1,shot_pb=1.00|flight_commit=1.00|keepin_prop=0.27|keepin_zoom=1.300|speed|edge_zoom=0.932|bounds
506,1558.8,788.6,interp,0.28,1490.2,540.0,1161.4,0.0,657.5,1168.9,1,235.4,1,1,shot_pb=1.00|flight_commit=1.00|keepin_prop=0.24|keepin_zoom=1.300|speed|edge_zoom=0.934|bounds
507,1552.1,783.9,interp,0.28,1488.8,540.0,1160.0,0.0,657.5,1168.9,1,240.7,1,1,shot_pb=1.00|flight_commit=1.00|keepin_prop=0.22|keepin_zoom=1.300|speed|edge_zoom=0.936|bounds
508,1543.7,778.9,interp,0.28,1486.4,540.0,1157.6,0.0,657.5,1168.9,1,246.7,1,1,shot_pb=1.00|flight_commit=1.00|keepin_prop=0.19|keepin_zoom=1.300|speed|edge_zoom=0.938|bounds
509,1533.4,773.6,yolo,0.71,1483.1,540.0,1154.4,0.0,657.5,1168.9,1,253.7,1,1,shot_pb=1.00|flight_commit=1.00|person_ctx=3|keepin_prop=0.17|keepin_zoom=1.300|speed|edge_zoom=0.940|bounds
510,1506.7,763.5,yolo,0.63,1479.0,540.0,1150.3,0.0,657.5,1168.9,1,276.3,1,1,accel_zoom=0.929|shot_pb=1.00|flight_commit=1.00|person_ctx=3|keepin_prop=0.13|keepin_zoom=1.300|speed|edge_zoom=0.944|bounds
511,1495.8,758.5,yolo,0.61,1474.2,540.0,1145.4,0.0,657.5,1168.9,1,282.4,1,1,shot_pb=1.00|flight_commit=1.00|person_ctx=4|keepin_prop=0.13|keepin_zoom=1.300|speed|edge_zoom=0.944|bounds
512,1489.1,755.0,interp,0.28,1468.5,540.0,1139.8,0.0,657.5,1168.9,1,283.4,1,1,shot_pb=1.00|flight_commit=1.00|person_ctx=4|keepin_prop=0.12|keepin_zoom=1.300|speed|edge_zoom=0.945|bounds
513,1483.1,751.9,interp,0.28,1462.2,540.0,1133.4,0.0,657.5,1168.9,1,283.1,1,1,shot_pb=1.00|flight_commit=1.00|person_ctx=4|keepin_prop=0.11|keepin_zoom=1.300|speed|edge_zoom=0.946|bounds
514,1477.3,749.1,interp,0.28,1455.0,540.0,1126.3,0.0,657.5,1168.9,1,281.7,1,1,shot_pb=1.00|flight_commit=1.00|person_ctx=4|keepin_prop=0.10|keepin_zoom=1.300|speed|edge_zoom=0.946|bounds
515,1470.9,746.3,interp,0.28,1447.1,540.0,1118.3,0.0,657.5,1168.9,1,280.2,1,1,shot_pb=1.00|flight_commit=1.00|person_ctx=4|keepin_prop=0.09|keepin_zoom=1.300|speed|edge_zoom=0.947|bounds
516,1463.2,743.2,yolo,0.51,1438.2,540.0,1109.5,0.0,657.5,1168.9,1,279.0,1,1,shot_pb=1.00|flight_commit=1.00|person_ctx=4|keepin_prop=0.09|keepin_zoom=1.300|speed|edge_zoom=0.948|bounds
517,1451.0,739.0,interp,0.28,1428.3,540.0,1099.6,0.0,657.5,1168.9,1,281.3,1,1,shot_pb=1.00|flight_commit=1.00|person_ctx=4|keepin_prop=0.07|keepin_zoom=1.300|speed|edge_zoom=0.949|bounds
518,1436.8,734.4,interp,0.28,1417.3,540.0,1088.5,0.0,657.5,1168.9,1,284.5,1,1,shot_pb=1.00|flight_commit=1.00|person_ctx=4|keepin_prop=0.06|keepin_zoom=1.300|speed|edge_zoom=0.950|bounds
519,1420.2,729.2,interp,0.28,1404.8,540.0,1076.0,0.0,657.5,1168.9,1,288.6,1,1,shot_pb=1.00|flight_commit=1.00|keepin_prop=0.05|keepin_zoom=1.300|speed|edge_zoom=0.951|bounds
520,1401.3,723.4,interp,0.28,1390.8,540.0,1062.0,0.0,657.5,1168.9,1,293.5,1,1,shot_pb=1.00|conf_zoom=0.85|keepin_prop=0.04|keepin_zoom=1.300|speed|edge_zoom=0.952|bounds
521,1379.6,716.9,interp,0.28,1375.0,540.0,1046.3,0.0,657.5,1168.9,1,299.4,1,1,shot_pb=1.00|conf_zoom=0.85|keepin_prop=0.03|keepin_zoom=1.300|speed|edge_zoom=0.953|bounds
522,1355.0,709.7,yolo,0.44,1357.3,540.0,1028.6,0.0,657.5,1168.9,1,301.7,1,1,shot_pb=1.00|flight_commit=1.00|keepin_prop=0.02|keepin_zoom=1.300|speed|edge_zoom=0.953|bounds
523,1320.1,699.6,yolo,0.39,1337.6,540.0,1008.9,0.0,657.5,1168.9,1,286.5,1,1,shot_pb=1.00|flight_commit=1.00|keepin_prop=0.01|keepin_zoom=1.300|speed|edge_zoom=0.954|bounds
524,1283.0,689.0,yolo,0.36,1315.8,540.0,987.1,0.0,657.5,1168.9,1,271.2,1,1,accel_zoom=0.934|shot_pb=1.00|flight_commit=1.00|keepin_prop=0.01|keepin_zoom=1.300|speed|edge_zoom=0.953|bounds
525,1252.0,680.4,interp,0.28,1291.9,540.0,963.2,0.0,657.5,1168.9,1,264.1,1,1,accel_zoom=0.934|shot_pb=1.00|conf_zoom=0.85|keepin_prop=0.00|keepin_zoom=1.300|speed|edge_zoom=0.953|bounds
526,1220.3,671.6,interp,0.28,1266.1,540.0,937.3,0.0,657.5,1168.9,1,258.2,1,1,accel_zoom=0.934|shot_pb=1.00|conf_zoom=0.84|keepin_prop=0.00|keepin_zoom=1.300|speed|edge_zoom=0.953|bounds
527,1188.0,662.9,interp,0.28,1238.4,540.0,909.7,0.0,657.5,1168.9,1,253.6,1,0,accel_zoom=0.925|shot_pb=1.00|conf_zoom=0.84|speed|edge_zoom=0.953|bounds
528,1154.7,654.0,interp,0.28,1209.3,540.0,880.6,0.0,657.5,1168.9,1,249.4,1,0,accel_zoom=0.916|shot_pb=1.00|conf_zoom=0.83|speed|edge_zoom=0.953|bounds|final_speed
529,1120.3,644.9,yolo,0.34,1179.2,540.0,850.4,0.0,657.5,1168.9,1,245.1,1,0,accel_zoom=0.908|shot_pb=1.00|conf_zoom=0.84|speed|edge_zoom=0.952|bounds
530,1062.2,630.5,interp,0.28,1148.5,540.0,819.7,0.0,657.5,1168.9,1,217.7,1,0,accel_zoom=0.824|shot_pb=1.00|conf_zoom=0.83|speed|edge_zoom=0.936|bounds|final_speed
531,1031.8,622.6,interp,0.28,1117.7,540.0,789.0,0.0,657.5,1168.9,1,218.1,1,0,accel_zoom=0.824|shot_pb=1.00|conf_zoom=0.83|speed|edge_zoom=0.951|bounds
532,1005.1,615.8,interp,0.28,1087.5,540.0,758.7,0.0,657.5,1168.9,1,221.6,1,0,accel_zoom=0.824|shot_pb=1.00|conf_zoom=0.82|speed|edge_zoom=0.951|bounds
533,981.6,609.7,interp,0.28,1058.3,540.0,729.5,0.0,657.5,1168.9,1,227.3,1,0,accel_zoom=0.824|shot_pb=1.00|conf_zoom=0.82|speed|edge_zoom=0.951|bounds
534,960.9,604.3,interp,0.28,1030.5,540.0,701.8,0.0,657.5,1168.9,1,234.4,1,0,accel_zoom=0.824|shot_pb=1.00|conf_zoom=0.82|speed|edge_zoom=0.951|bounds|final_speed
535,942.7,599.7,interp,0.28,1004.8,540.0,676.0,0.0,657.5,1168.9,1,241.9,1,0,shot_pb=1.00|conf_zoom=0.82|speed|edge_zoom=0.951|bounds|final_speed
536,926.6,595.5,interp,0.28,981.2,540.0,652.4,0.0,657.5,1168.9,1,249.4,1,0,shot_pb=1.00|conf_zoom=0.81|speed|edge_zoom=0.951|bounds
537,912.5,591.9,interp,0.28,960.0,540.0,631.2,0.0,657.5,1168.9,1,256.5,1,0,shot_pb=1.00|conf_zoom=0.81|speed|edge_zoom=0.951|bounds
538,900.1,588.7,interp,0.28,941.2,540.0,612.4,0.0,657.5,1168.9,1,262.9,1,1,shot_pb=1.00|conf_zoom=0.81|keepin_prop=0.01|keepin_zoom=1.300|speed|edge_zoom=0.951|bounds
539,889.2,585.9,interp,0.28,924.8,540.0,596.1,0.0,657.5,1168.9,1,268.4,1,0,shot_pb=1.00|conf_zoom=0.81|speed|edge_zoom=0.951|bounds
540,879.6,583.4,interp,0.28,910.7,540.0,581.9,0.0,657.5,1168.9,1,272.9,1,1,shot_pb=1.00|conf_zoom=0.81|keepin_prop=0.00|keepin_zoom=1.300|speed|edge_zoom=0.952|bounds
541,871.1,581.2,interp,0.28,898.6,540.0,569.9,0.0,657.5,1168.9,1,276.5,1,0,shot_pb=1.00|conf_zoom=0.81|speed|edge_zoom=0.952|bounds
542,863.7,579.3,interp,0.28,888.4,540.0,559.6,0.0,657.5,1168.9,1,279.3,1,1,shot_pb=1.00|conf_zoom=0.81|keepin_prop=0.00|keepin_zoom=1.300|speed|edge_zoom=0.952|bounds
543,857.1,577.6,interp,0.28,879.7,540.0,550.9,0.0,657.5,1168.9,1,281.4,0,0,shot_pb=1.00|conf_zoom=0.81|edge_zoom=0.953|bounds
544,851.4,576.1,interp,0.28,872.2,540.0,543.5,0.0,657.5,1168.9,1,283.2,1,1,shot_pb=1.00|conf_zoom=0.81|keepin_prop=0.00|keepin_zoom=1.300|speed|edge_zoom=0.953|bounds
545,846.3,574.8,interp,0.28,865.9,540.0,537.1,0.0,657.5,1168.9,1,284.4,0,0,shot_pb=1.00|conf_zoom=0.81|edge_zoom=0.954|bounds
546,841.8,573.7,interp,0.28,860.4,540.0,531.6,0.0,657.5,1168.9,1,285.4,1,1,shot_pb=1.00|conf_zoom=0.81|keepin_prop=0.01|keepin_zoom=1.300|speed|edge_zoom=0.953|bounds
547,837.9,572.6,interp,0.28,855.6,540.0,526.8,0.0,657.5,1168.9,1,286.3,0,0,shot_pb=1.00|conf_zoom=0.81|edge_zoom=0.954|bounds
548,834.5,571.8,interp,0.28,851.4,540.0,522.6,0.0,657.5,1168.9,1,287.1,1,1,shot_pb=1.00|conf_zoom=0.81|keepin_prop=0.01|keepin_zoom=1.300|speed|edge_zoom=0.954|bounds
549,831.4,571.0,interp,0.28,847.7,540.0,518.9,0.0,657.5,1168.9,1,287.7,0,0,shot_pb=1.00|conf_zoom=0.80|edge_zoom=0.955|bounds
550,828.7,570.3,interp,0.28,844.5,540.0,515.7,0.0,657.5,1168.9,1,288.2,1,1,shot_pb=1.00|conf_zoom=0.80|keepin_prop=0.02|keepin_zoom=1.300|speed|edge_zoom=0.954|bounds
551,826.4,569.7,interp,0.28,841.6,540.0,512.9,0.0,657.5,1168.9,1,288.8,0,0,shot_pb=1.00|conf_zoom=0.80|edge_zoom=0.955|bounds
552,824.3,569.1,interp,0.28,839.2,540.0,510.4,0.0,657.5,1168.9,1,289.1,1,1,shot_pb=1.00|conf_zoom=0.80|keepin_prop=0.02|keepin_zoom=1.300|speed|edge_zoom=0.954|bounds
553,822.5,568.7,interp,0.28,837.1,540.0,508.3,0.0,657.5,1168.9,1,289.4,0,0,shot_pb=1.00|conf_zoom=0.80|edge_zoom=0.956|bounds
554,820.9,568.3,interp,0.28,835.4,540.0,506.6,0.0,657.5,1168.9,1,289.5,1,1,shot_pb=1.00|conf_zoom=0.80|keepin_prop=0.02|keepin_zoom=1.300|speed|edge_zoom=0.953|bounds
555,819.4,567.9,interp,0.28,834.0,540.0,505.2,0.0,657.5,1168.9,1,289.4,0,0,shot_pb=1.00|conf_zoom=0.80|edge_zoom=0.956|bounds
556,818.2,567.6,interp,0.28,832.9,540.0,504.1,0.0,657.5,1168.9,1,289.3,1,1,shot_pb=1.00|conf_zoom=0.80|keepin_prop=0.03|keepin_zoom=1.300|speed|edge_zoom=0.953|bounds
557,817.1,567.3,interp,0.28,832.1,540.0,503.3,0.0,657.5,1168.9,1,289.0,0,0,shot_pb=1.00|conf_zoom=0.80|edge_zoom=0.956|bounds
558,816.1,567.1,interp,0.28,831.5,540.0,502.8,0.0,657.5,1168.9,1,288.6,1,1,shot_pb=1.00|conf_zoom=0.80|keepin_prop=0.03|keepin_zoom=1.300|speed|edge_zoom=0.953|bounds
559,815.3,566.9,interp,0.28,831.1,540.0,502.4,0.0,657.5,1168.9,1,288.2,0,0,shot_pb=1.00|conf_zoom=0.80|edge_zoom=0.956|bounds
560,814.5,566.7,interp,0.28,830.9,540.0,502.1,0.0,657.5,1168.9,1,287.6,1,1,shot_pb=1.00|conf_zoom=0.80|keepin_prop=0.03|keepin_zoom=1.300|speed|edge_zoom=0.953|bounds
561,813.8,566.5,interp,0.28,830.8,540.0,502.0,0.0,657.5,1168.9,1,287.0,1,1,shot_pb=1.00|conf_zoom=0.80|keepin_prop=0.00|keepin_zoom=1.300|speed|edge_zoom=0.955|bounds
562,813.3,566.4,interp,0.28,830.7,540.0,501.9,0.0,657.5,1168.9,1,286.6,0,0,shot_pb=1.00|conf_zoom=0.80|edge_zoom=0.956|bounds
563,812.7,566.3,interp,0.28,830.6,540.0,501.8,0.0,657.5,1168.9,1,286.1,1,1,shot_pb=1.00|conf_zoom=0.80|keepin_prop=0.01|keepin_zoom=1.300|speed|edge_zoom=0.955|bounds
564,812.3,566.2,interp,0.28,830.5,540.0,501.8,0.0,657.5,1168.9,1,285.8,0,0,shot_pb=1.00|conf_zoom=0.80|edge_zoom=0.955|bounds
565,811.9,566.1,interp,0.28,830.5,540.0,501.7,0.0,657.5,1168.9,1,285.4,1,1,shot_pb=1.00|conf_zoom=0.80|keepin_prop=0.02|keepin_zoom=1.300|speed|edge_zoom=0.954|bounds
566,811.5,566.0,interp,0.28,830.3,540.0,501.6,0.0,657.5,1168.9,1,285.2,1,0,shot_pb=1.00|conf_zoom=0.80|speed|edge_zoom=0.955|bounds
567,811.2,566.0,interp,0.28,830.2,540.0,501.4,0.0,657.5,1168.9,1,285.0,1,1,shot_pb=1.00|conf_zoom=0.80|keepin_prop=0.03|keepin_zoom=1.300|speed|edge_zoom=0.953|bounds
568,810.9,565.9,interp,0.28,830.0,540.0,501.3,0.0,657.5,1168.9,1,284.9,1,1,shot_pb=1.00|conf_zoom=0.80|keepin_prop=0.00|keepin_zoom=1.300|speed|edge_zoom=0.955|bounds
569,810.6,565.9,interp,0.28,829.9,540.0,501.1,0.0,657.5,1168.9,1,284.7,1,0,shot_pb=1.00|conf_zoom=0.80|speed|edge_zoom=0.955|bounds
570,810.4,565.9,interp,0.28,829.7,540.0,500.9,0.0,657.5,1168.9,1,284.7,1,1,shot_pb=1.00|conf_zoom=0.80|keepin_prop=0.01|keepin_zoom=1.300|speed|edge_zoom=0.955|bounds
571,810.1,565.9,interp,0.28,829.5,540.0,500.7,0.0,657.5,1168.9,1,284.6,1,0,shot_pb=1.00|conf_zoom=0.80|speed|edge_zoom=0.955|bounds
572,809.9,565.9,interp,0.28,829.3,540.0,500.5,0.0,657.5,1168.9,1,284.6,1,1,shot_pb=1.00|conf_zoom=0.80|keepin_prop=0.03|keepin_zoom=1.300|speed|edge_zoom=0.953|bounds
573,809.7,565.9,interp,0.28,829.1,540.0,500.3,0.0,657.5,1168.9,1,284.6,1,0,shot_pb=1.00|conf_zoom=0.80|speed|edge_zoom=0.955|bounds
574,809.6,565.9,interp,0.28,828.9,540.0,500.1,0.0,657.5,1168.9,1,284.7,1,1,shot_pb=1.00|conf_zoom=0.80|keepin_prop=0.04|keepin_zoom=1.300|speed|edge_zoom=0.952|bounds
575,809.4,565.9,interp,0.28,828.6,540.0,499.9,0.0,657.5,1168.9,1,284.8,1,1,shot_pb=1.00|conf_zoom=0.80|keepin_prop=0.00|keepin_zoom=1.300|speed|edge_zoom=0.955|bounds
576,809.2,566.0,interp,0.28,828.4,540.0,499.6,0.0,657.5,1168.9,1,284.8,1,0,shot_pb=1.00|conf_zoom=0.80|speed|edge_zoom=0.955|bounds
577,809.1,566.0,interp,0.28,828.1,540.0,499.3,0.0,657.5,1168.9,1,285.0,1,1,shot_pb=1.00|conf_zoom=0.80|keepin_prop=0.01|keepin_zoom=1.300|speed|edge_zoom=0.955|bounds
578,808.9,566.1,interp,0.28,827.7,540.0,498.9,0.0,657.5,1168.9,1,285.2,1,0,shot_pb=1.00|conf_zoom=0.80|speed|edge_zoom=0.955|bounds
579,808.7,566.2,interp,0.28,827.3,540.0,498.5,0.0,657.5,1168.9,1,285.4,1,1,shot_pb=1.00|conf_zoom=0.80|keepin_prop=0.01|keepin_zoom=1.300|speed|edge_zoom=0.955|bounds
580,808.5,566.3,interp,0.28,826.8,540.0,498.1,0.0,657.5,1168.9,1,285.7,1,0,shot_pb=1.00|conf_zoom=0.80|speed|edge_zoom=0.955|bounds
581,808.3,566.4,interp,0.28,826.3,540.0,497.5,0.0,657.5,1168.9,1,286.0,1,1,shot_pb=1.00|conf_zoom=0.80|keepin_prop=0.01|keepin_zoom=1.300|speed|edge_zoom=0.955|bounds
582,808.1,566.6,interp,0.28,825.7,540.0,497.0,0.0,657.5,1168.9,1,286.4,1,0,shot_pb=1.00|conf_zoom=0.80|speed|edge_zoom=0.955|bounds
583,807.9,566.7,interp,0.28,825.1,540.0,496.3,0.0,657.5,1168.9,1,286.8,1,1,shot_pb=1.00|conf_zoom=0.80|keepin_prop=0.00|keepin_zoom=1.300|speed|edge_zoom=0.955|bounds
584,807.7,566.9,interp,0.28,824.4,540.0,495.6,0.0,657.5,1168.9,1,287.3,1,0,shot_pb=1.00|conf_zoom=0.80|speed|edge_zoom=0.955|bounds
585,807.4,567.1,interp,0.28,823.6,540.0,494.8,0.0,657.5,1168.9,1,287.8,1,1,shot_pb=1.00|conf_zoom=0.80|keepin_prop=0.00|keepin_zoom=1.300|speed|edge_zoom=0.955|bounds
586,807.1,567.4,interp,0.28,822.8,540.0,494.0,0.0,657.5,1168.9,1,288.3,1,0,shot_pb=1.00|conf_zoom=0.80|speed|edge_zoom=0.955|bounds
587,806.8,567.7,interp,0.28,821.9,540.0,493.1,0.0,657.5,1168.9,1,288.9,1,0,shot_pb=1.00|conf_zoom=0.80|speed|edge_zoom=0.955|bounds
588,806.4,568.0,interp,0.28,821.0,540.0,492.2,0.0,657.5,1168.9,1,289.4,1,1,shot_pb=1.00|conf_zoom=0.80|keepin_prop=0.01|keepin_zoom=1.300|speed|edge_zoom=0.955|bounds
589,806.0,568.4,interp,0.28,820.0,540.0,491.2,0.0,657.5,1168.9,1,290.0,1,0,shot_pb=1.00|conf_zoom=0.80|speed|edge_zoom=0.955|bounds
590,805.6,568.8,interp,0.28,819.0,540.0,490.3,0.0,657.5,1168.9,1,290.6,1,1,shot_pb=1.00|conf_zoom=0.80|keepin_prop=0.00|keepin_zoom=1.300|speed|edge_zoom=0.955|bounds
591,805.0,569.3,interp,0.28,818.1,540.0,489.3,0.0,657.5,1168.9,1,290.9,1,0,shot_pb=1.00|conf_zoom=0.80|speed|edge_zoom=0.956|bounds
592,804.5,569.8,interp,0.28,817.2,540.0,488.4,0.0,657.5,1168.9,1,291.3,1,0,shot_pb=1.00|conf_zoom=0.80|speed|edge_zoom=0.956|bounds
593,803.8,570.5,interp,0.28,816.5,540.0,487.7,0.0,657.5,1168.9,1,291.3,1,1,shot_pb=1.00|conf_zoom=0.80|keepin_prop=0.00|keepin_zoom=1.300|speed|edge_zoom=0.955|bounds
594,803.1,571.2,interp,0.28,816.0,540.0,487.2,0.0,657.5,1168.9,1,291.1,1,0,shot_pb=1.00|conf_zoom=0.80|speed|edge_zoom=0.956|bounds
595,802.2,572.0,interp,0.28,815.8,540.0,487.1,0.0,657.5,1168.9,1,290.4,1,0,shot_pb=1.00|conf_zoom=0.80|speed|edge_zoom=0.956|bounds
596,801.3,572.9,interp,0.28,816.3,540.0,487.5,0.0,657.5,1168.9,1,289.0,1,1,shot_pb=1.00|conf_zoom=0.80|keepin_prop=0.01|keepin_zoom=1.300|speed|edge_zoom=0.955|bounds
597,800.2,574.0,yolo,0.47,817.4,540.0,488.6,0.0,657.5,1168.9,1,286.8,1,0,shot_pb=1.00|conf_zoom=0.82|speed|edge_zoom=0.956|bounds
598,798.9,575.2,yolo,0.47,819.4,540.0,490.6,0.0,657.5,1168.9,1,283.5,1,0,shot_pb=1.00|conf_zoom=0.84|speed|edge_zoom=0.956|bounds
599,797.5,576.5,yolo,0.45,822.5,540.0,493.8,0.0,657.5,1168.9,1,279.0,1,1,shot_pb=1.00|flight_commit=1.00|pb_zfit|keepin_prop=0.01|keepin_zoom=1.300|speed|edge_zoom=0.955|bounds
600,795.9,578.0,yolo,0.44,827.0,540.0,498.2,0.0,657.5,1168.9,1,272.9,1,0,shot_pb=1.00|flight_commit=1.00|pb_zfit|speed|edge_zoom=0.956|bounds
601,791.4,582.0,centroid,0.30,833.0,540.0,504.2,0.0,657.5,1168.9,1,262.4,1,0,shot_pb=1.00|flight_commit=1.00|pb_zfit|speed|edge_zoom=0.956|bounds
602,790.1,583.4,centroid,0.30,840.5,540.0,511.8,0.0,657.5,1168.9,1,253.6,1,1,shot_pb=1.00|conf_zoom=0.85|keepin_prop=0.00|keepin_zoom=1.300|speed|edge_zoom=0.955|bounds
603,789.3,584.6,centroid,0.30,849.8,540.0,521.0,0.0,657.5,1168.9,1,243.5,1,0,shot_pb=1.00|conf_zoom=0.85|speed|edge_zoom=0.956|bounds
604,788.8,585.4,centroid,0.30,860.6,540.0,531.9,0.0,657.5,1168.9,1,232.2,1,0,shot_pb=1.00|conf_zoom=0.84|speed|edge_zoom=0.956|bounds
605,788.7,585.9,centroid,0.30,872.9,540.0,544.1,0.0,657.5,1168.9,1,219.8,1,0,shot_pb=1.00|conf_zoom=0.84|speed|edge_zoom=0.956|bounds
606,788.9,586.2,centroid,0.30,886.3,540.0,557.5,0.0,657.5,1168.9,1,206.6,1,0,shot_pb=1.00|conf_zoom=0.84|speed|edge_zoom=0.956|bounds
607,789.5,586.3,centroid,0.30,900.6,540.0,571.8,0.0,657.5,1168.9,1,192.9,1,0,shot_pb=1.00|conf_zoom=0.83|speed|edge_zoom=0.956|bounds
608,790.4,586.0,centroid,0.30,915.2,540.0,586.5,0.0,657.5,1168.9,1,179.2,1,0,shot_pb=1.00|conf_zoom=0.83|speed|edge_zoom=0.956|bounds|final_speed
609,791.6,585.6,centroid,0.30,929.9,540.0,601.1,0.0,657.5,1168.9,1,165.7,1,0,shot_pb=1.00|conf_zoom=0.83|speed|edge_zoom=0.956|bounds|final_speed
610,793.1,584.8,centroid,0.30,944.2,540.0,615.4,0.0,657.5,1168.9,1,152.9,0,0,shot_pb=1.00|conf_zoom=0.83|edge_zoom=0.956|bounds
611,794.9,583.9,centroid,0.30,957.7,540.0,628.9,0.0,657.5,1168.9,1,141.2,0,0,shot_pb=1.00|conf_zoom=0.83|edge_zoom=0.920|bounds
612,797.0,582.6,centroid,0.30,970.2,540.0,641.4,0.0,657.5,1168.9,1,130.8,0,0,shot_pb=1.00|conf_zoom=0.82|edge_zoom=0.905|bounds
613,799.4,581.1,centroid,0.30,981.6,540.0,652.8,0.0,657.5,1168.9,1,121.8,0,0,shot_pb=1.00|conf_zoom=0.82|edge_zoom=0.909|bounds
614,802.1,579.4,centroid,0.30,991.8,540.0,663.0,0.0,657.5,1168.9,1,114.3,0,0,shot_pb=1.00|conf_zoom=0.82|edge_zoom=0.912|bounds
615,805.1,577.4,centroid,0.30,1000.8,540.0,672.0,0.0,657.5,1168.9,1,108.3,0,0,shot_pb=1.00|conf_zoom=0.82|edge_zoom=0.916|bounds
616,808.3,575.2,centroid,0.30,1008.7,540.0,680.0,0.0,657.5,1168.9,1,103.6,0,0,shot_pb=1.00|conf_zoom=0.82|edge_zoom=0.919|bounds
617,811.7,572.7,centroid,0.30,1015.8,540.0,687.0,0.0,657.5,1168.9,1,99.9,0,0,shot_pb=1.00|conf_zoom=0.82|edge_zoom=0.922|bounds
618,815.4,570.0,centroid,0.30,1022.1,540.0,693.4,0.0,657.5,1168.9,1,97.3,0,0,shot_pb=1.00|conf_zoom=0.82|edge_zoom=0.925|bounds
619,819.3,567.1,centroid,0.30,1028.0,540.0,699.2,0.0,657.5,1168.9,1,95.3,0,0,shot_pb=1.00|conf_zoom=0.82|edge_zoom=0.931|bounds
620,823.4,564.0,centroid,0.30,1033.4,540.0,704.7,0.0,657.5,1168.9,1,94.0,0,0,shot_pb=1.00|conf_zoom=0.82|edge_zoom=0.937|bounds
621,827.8,560.6,centroid,0.30,1038.7,540.0,709.9,0.0,657.5,1168.9,1,93.1,0,0,shot_pb=1.00|conf_zoom=0.82|edge_zoom=0.943|bounds
622,832.3,557.0,centroid,0.30,1043.9,540.0,715.1,0.0,657.5,1168.9,1,92.4,0,0,shot_pb=1.00|conf_zoom=0.82|edge_zoom=0.948|bounds
623,837.2,553.2,centroid,0.30,1049.1,540.0,720.3,0.0,657.5,1168.9,1,92.1,0,0,shot_pb=1.00|conf_zoom=0.82|edge_zoom=0.953|bounds
624,842.2,549.2,centroid,0.30,1054.3,540.0,725.6,0.0,657.5,1168.9,1,91.9,0,0,shot_pb=1.00|conf_zoom=0.82|edge_zoom=0.958|bounds
625,847.6,545.0,centroid,0.30,1059.7,540.0,731.0,0.0,657.5,1168.9,1,91.9,0,0,shot_pb=1.00|conf_zoom=0.82|edge_zoom=0.963|bounds
626,853.2,540.6,centroid,0.30,1065.3,540.0,736.5,0.0,657.5,1168.9,1,91.9,0,0,shot_pb=1.00|conf_zoom=0.82|edge_zoom=0.967|bounds
627,859.1,536.0,centroid,0.30,1071.0,540.0,742.2,0.0,657.5,1168.9,1,92.1,0,0,shot_pb=1.00|conf_zoom=0.82|edge_zoom=0.971|bounds
628,865.2,531.2,centroid,0.30,1076.8,540.0,748.0,0.0,657.5,1168.9,1,92.4,0,0,shot_pb=1.00|conf_zoom=0.82|edge_zoom=0.975|bounds
629,871.7,526.2,centroid,0.30,1082.8,540.0,754.0,0.0,657.5,1168.9,1,92.9,0,0,shot_pb=1.00|conf_zoom=0.82|edge_zoom=0.979|bounds
630,878.6,521.0,centroid,0.30,1088.8,540.0,760.1,0.0,657.5,1168.9,1,93.8,0,0,shot_pb=1.00|conf_zoom=0.82|edge_zoom=0.982|bounds
631,885.8,515.6,centroid,0.30,1094.9,540.0,766.2,0.0,657.5,1168.9,1,94.9,0,0,shot_pb=1.00|conf_zoom=0.82|edge_zoom=0.986|bounds
632,893.3,510.1,centroid,0.30,1101.1,540.0,772.3,0.0,657.5,1168.9,1,96.2,0,0,shot_pb=1.00|conf_zoom=0.82|edge_zoom=0.989|bounds
633,901.1,504.5,centroid,0.30,1107.3,540.0,778.5,0.0,657.5,1168.9,1,97.8,0,0,shot_pb=1.00|conf_zoom=0.82|edge_zoom=0.992|bounds
634,909.2,498.9,centroid,0.30,1113.5,540.0,784.7,0.0,657.5,1168.9,1,99.7,0,0,shot_pb=1.00|conf_zoom=0.82|edge_zoom=0.993|bounds
635,917.5,493.2,centroid,0.30,1119.6,540.0,790.9,0.0,657.5,1168.9,1,101.9,0,0,shot_pb=1.00|conf_zoom=0.82|edge_zoom=0.994|bounds
636,925.9,487.5,centroid,0.30,1125.7,540.0,797.0,0.0,657.5,1168.9,1,104.2,0,1,shot_pb=1.00|conf_zoom=0.82|keepin_prop=0.00|keepin_zoom=1.300|edge_zoom=0.988|bounds
637,934.6,481.9,centroid,0.30,1131.8,540.0,803.0,0.0,657.5,1168.9,1,106.8,0,0,shot_pb=1.00|conf_zoom=0.82|edge_zoom=0.994|bounds
638,943.3,476.4,centroid,0.30,1137.8,540.0,809.0,0.0,657.5,1168.9,1,109.5,0,0,shot_pb=1.00|conf_zoom=0.82|edge_zoom=0.996|bounds
639,952.1,471.0,centroid,0.30,1143.7,540.0,814.9,0.0,657.5,1168.9,1,112.4,0,0,shot_pb=1.00|conf_zoom=0.82|edge_zoom=0.997|bounds
640,961.0,465.8,centroid,0.30,1149.5,540.0,820.8,0.0,657.5,1168.9,1,115.5,0,1,shot_pb=1.00|conf_zoom=0.82|keepin_prop=0.00|keepin_zoom=1.300|edge_zoom=0.990|bounds
641,969.9,460.8,centroid,0.30,1155.3,540.0,826.5,0.0,657.5,1168.9,1,118.6,0,0,shot_pb=1.00|conf_zoom=0.82|edge_zoom=0.997|bounds
642,978.9,456.1,centroid,0.30,1160.9,540.0,832.2,0.0,657.5,1168.9,1,122.0,0,0,shot_pb=1.00|conf_zoom=0.82|edge_zoom=0.998|bounds
643,987.8,451.7,centroid,0.30,1166.6,540.0,837.8,0.0,657.5,1168.9,1,125.2,0,1,shot_pb=1.00|conf_zoom=0.82|keepin_prop=0.00|keepin_zoom=1.300|edge_zoom=0.991|bounds
644,996.6,447.7,centroid,0.30,1172.1,540.0,843.3,0.0,657.5,1168.9,1,128.5,0,0,shot_pb=1.00|conf_zoom=0.82|edge_zoom=0.999|bounds
645,1005.4,444.0,centroid,0.30,1177.6,540.0,848.8,0.0,657.5,1168.9,1,131.8,0,1,shot_pb=1.00|conf_zoom=0.82|keepin_prop=0.00|keepin_zoom=1.300|edge_zoom=0.991|bounds
646,1014.0,440.8,centroid,0.30,1183.0,540.0,854.2,0.0,657.5,1168.9,1,135.0,0,0,shot_pb=1.00|conf_zoom=0.82|edge_zoom=0.999|bounds
647,1022.5,437.9,centroid,0.30,1188.3,540.0,859.6,0.0,657.5,1168.9,1,138.2,0,1,shot_pb=1.00|conf_zoom=0.82|keepin_prop=0.00|keepin_zoom=1.300|edge_zoom=0.992|bounds
648,1030.8,435.5,centroid,0.30,1193.7,540.0,864.9,0.0,657.5,1168.9,1,141.1,0,0,shot_pb=1.00|conf_zoom=0.82|edge_zoom=0.999|bounds
649,1038.8,433.5,centroid,0.30,1199.0,540.0,870.2,0.0,657.5,1168.9,1,143.8,0,1,shot_pb=1.00|conf_zoom=0.82|keepin_prop=0.00|keepin_zoom=1.300|edge_zoom=0.992|bounds
650,1046.5,432.0,centroid,0.30,1204.2,540.0,875.4,0.0,657.5,1168.9,1,146.3,0,0,shot_pb=1.00|conf_zoom=0.82|edge_zoom=0.997|bounds
651,1054.0,430.9,centroid,0.30,1209.4,540.0,880.6,0.0,657.5,1168.9,1,148.6,0,1,shot_pb=1.00|conf_zoom=0.82|keepin_prop=0.01|keepin_zoom=1.300|edge_zoom=0.992|bounds
652,1061.2,430.2,centroid,0.30,1214.5,540.0,885.7,0.0,657.5,1168.9,1,150.7,0,0,shot_pb=1.00|conf_zoom=0.82|edge_zoom=0.995|bounds
653,1068.1,429.9,centroid,0.30,1219.5,540.0,890.7,0.0,657.5,1168.9,1,152.6,0,1,shot_pb=1.00|conf_zoom=0.82|keepin_prop=0.01|keepin_zoom=1.300|edge_zoom=0.993|bounds
654,1074.6,430.0,centroid,0.30,1224.4,540.0,895.6,0.0,657.5,1168.9,1,154.2,0,0,shot_pb=1.00|conf_zoom=0.82|edge_zoom=0.992|bounds
655,1080.8,430.5,centroid,0.30,1229.2,540.0,900.4,0.0,657.5,1168.9,1,155.6,0,1,shot_pb=1.00|conf_zoom=0.82|keepin_prop=0.01|keepin_zoom=1.300|edge_zoom=0.992|bounds
656,1086.6,431.3,centroid,0.30,1233.8,540.0,905.0,0.0,657.5,1168.9,1,156.8,0,0,shot_pb=1.00|conf_zoom=0.82|edge_zoom=0.988|bounds
657,1092.1,432.3,centroid,0.30,1238.2,540.0,909.5,0.0,657.5,1168.9,1,157.9,0,1,shot_pb=1.00|conf_zoom=0.82|keepin_prop=0.01|keepin_zoom=1.300|edge_zoom=0.992|bounds
658,1097.2,433.7,centroid,0.30,1242.5,540.0,913.8,0.0,657.5,1168.9,1,158.7,0,0,shot_pb=1.00|conf_zoom=0.82|edge_zoom=0.984|bounds
659,1101.9,435.3,centroid,0.30,1246.6,540.0,917.8,0.0,657.5,1168.9,1,159.3,0,1,shot_pb=1.00|conf_zoom=0.82|keepin_prop=0.01|keepin_zoom=1.300|edge_zoom=0.992|bounds
660,1106.3,437.0,centroid,0.30,1250.4,540.0,921.6,0.0,657.5,1168.9,1,159.9,0,0,shot_pb=1.00|conf_zoom=0.82|edge_zoom=0.980|bounds
661,1110.4,439.0,centroid,0.30,1253.9,540.0,925.1,0.0,657.5,1168.9,1,160.5,0,1,shot_pb=1.00|conf_zoom=0.82|keepin_prop=0.00|keepin_zoom=1.300|edge_zoom=0.991|bounds
662,1114.1,441.0,centroid,0.30,1257.0,540.0,928.2,0.0,657.5,1168.9,1,161.1,0,0,shot_pb=1.00|conf_zoom=0.82|edge_zoom=0.976|bounds
663,1117.5,443.0,centroid,0.30,1259.6,540.0,930.9,0.0,657.5,1168.9,1,161.9,0,1,shot_pb=1.00|conf_zoom=0.82|keepin_prop=0.00|keepin_zoom=1.300|edge_zoom=0.991|bounds
664,1120.6,445.1,centroid,0.30,1261.7,540.0,932.9,0.0,657.5,1168.9,1,162.9,0,0,shot_pb=1.00|conf_zoom=0.82|edge_zoom=0.973|bounds
665,1123.4,447.1,centroid,0.30,1262.9,540.0,934.2,0.0,657.5,1168.9,1,164.5,0,1,shot_pb=1.00|conf_zoom=0.82|keepin_prop=0.00|keepin_zoom=1.300|edge_zoom=0.990|bounds
666,1125.8,449.1,centroid,0.30,1263.2,540.0,934.5,0.0,657.5,1168.9,1,166.6,0,0,shot_pb=1.00|conf_zoom=0.82|edge_zoom=0.972|bounds
667,1128.0,450.9,centroid,0.30,1262.4,540.0,933.6,0.0,657.5,1168.9,1,169.6,0,0,shot_pb=1.00|conf_zoom=0.82|edge_zoom=0.976|bounds
668,1129.8,452.7,centroid,0.30,1260.1,540.0,931.4,0.0,657.5,1168.9,1,173.7,0,1,shot_pb=1.00|conf_zoom=0.82|keepin_prop=0.00|keepin_zoom=1.300|edge_zoom=0.990|bounds
669,1131.4,454.3,centroid,0.30,1256.3,540.0,927.5,0.0,657.5,1168.9,1,179.1,0,0,shot_pb=1.00|conf_zoom=0.82|edge_zoom=0.973|bounds
670,1132.6,455.7,centroid,0.30,1250.6,540.0,921.8,0.0,657.5,1168.9,1,186.0,0,0,shot_pb=1.00|conf_zoom=0.82|edge_zoom=0.975|bounds
671,1133.6,457.0,centroid,0.30,1243.0,540.0,914.3,0.0,657.5,1168.9,1,194.6,0,0,shot_pb=1.00|conf_zoom=0.82|edge_zoom=0.975|bounds
672,1134.2,458.2,centroid,0.30,1233.5,540.0,904.8,0.0,657.5,1168.9,1,204.7,0,0,shot_pb=1.00|conf_zoom=0.82|edge_zoom=0.972|bounds
673,1134.5,459.2,centroid,0.30,1222.2,540.0,893.5,0.0,657.5,1168.9,1,216.3,0,0,shot_pb=1.00|conf_zoom=0.82|edge_zoom=0.962|bounds
674,1134.6,460.2,centroid,0.30,1209.3,540.0,880.5,0.0,657.5,1168.9,1,229.3,1,0,shot_pb=1.00|conf_zoom=0.82|speed|edge_zoom=0.956|bounds
675,1134.3,461.0,centroid,0.30,1195.0,540.0,866.3,0.0,657.5,1168.9,1,243.3,0,0,shot_pb=1.00|conf_zoom=0.82|edge_zoom=0.956|bounds
676,1133.8,461.8,centroid,0.30,1179.9,540.0,851.1,0.0,657.5,1168.9,1,257.9,1,0,shot_pb=1.00|conf_zoom=0.82|speed|edge_zoom=0.959|bounds|final_speed
677,1133.0,462.5,centroid,0.30,1164.3,540.0,835.6,0.0,657.5,1168.9,1,272.7,1,0,shot_pb=1.00|conf_zoom=0.82|speed|edge_zoom=0.964|bounds
678,1131.9,463.1,centroid,0.30,1148.8,540.0,820.0,0.0,657.5,1168.9,1,287.1,1,0,shot_pb=1.00|conf_zoom=0.82|speed|edge_zoom=0.968|bounds|final_speed
679,1130.6,463.7,centroid,0.30,1133.8,540.0,805.0,0.0,657.5,1168.9,1,300.8,0,0,shot_pb=1.00|conf_zoom=0.82|edge_zoom=0.971|bounds
680,1129.0,464.2,centroid,0.30,1119.7,540.0,790.9,0.0,657.5,1168.9,1,294.7,0,0,shot_pb=1.00|conf_zoom=0.82|edge_zoom=0.973|bounds
681,1127.1,464.7,centroid,0.30,1106.7,540.0,778.0,0.0,657.5,1168.9,1,283.6,0,1,shot_pb=1.00|conf_zoom=0.82|keepin_prop=0.02|keepin_zoom=1.300|edge_zoom=0.982|bounds
682,1125.1,465.2,centroid,0.30,1095.2,540.0,766.4,0.0,657.5,1168.9,1,274.1,0,0,shot_pb=1.00|conf_zoom=0.82|edge_zoom=0.975|bounds
683,1122.7,465.6,centroid,0.30,1085.0,540.0,756.3,0.0,657.5,1168.9,1,266.3,0,1,shot_pb=1.00|conf_zoom=0.82|keepin_prop=0.03|keepin_zoom=1.300|edge_zoom=0.981|bounds
684,1120.2,466.1,centroid,0.30,1076.3,540.0,747.5,0.0,657.5,1168.9,1,260.1,0,0,shot_pb=1.00|conf_zoom=0.82|edge_zoom=0.976|bounds
685,1117.3,466.6,centroid,0.30,1068.8,540.0,740.0,0.0,657.5,1168.9,1,255.5,0,1,shot_pb=1.00|conf_zoom=0.82|keepin_prop=0.03|keepin_zoom=1.300|edge_zoom=0.981|bounds
686,1114.3,467.1,centroid,0.30,1062.4,540.0,733.7,0.0,657.5,1168.9,1,252.1,0,0,shot_pb=1.00|conf_zoom=0.82|edge_zoom=0.976|bounds
687,1110.9,467.6,centroid,0.30,1057.0,540.0,728.2,0.0,657.5,1168.9,1,250.1,0,1,shot_pb=1.00|conf_zoom=0.82|keepin_prop=0.03|keepin_zoom=1.300|edge_zoom=0.980|bounds
688,1107.3,468.1,centroid,0.30,1052.2,540.0,723.4,0.0,657.5,1168.9,1,248.9,0,0,shot_pb=1.00|conf_zoom=0.82|edge_zoom=0.976|bounds
689,1103.4,468.7,centroid,0.30,1047.9,540.0,719.1,0.0,657.5,1168.9,1,248.5,0,1,shot_pb=1.00|conf_zoom=0.82|keepin_prop=0.03|keepin_zoom=1.300|edge_zoom=0.980|bounds
690,1099.1,469.3,centroid,0.30,1043.9,540.0,715.2,0.0,657.5,1168.9,1,248.8,0,0,shot_pb=1.00|conf_zoom=0.82|edge_zoom=0.976|bounds
691,1094.6,470.0,centroid,0.30,1040.1,540.0,711.4,0.0,657.5,1168.9,1,249.5,0,1,shot_pb=1.00|conf_zoom=0.82|keepin_prop=0.03|keepin_zoom=1.300|edge_zoom=0.979|bounds
692,1089.7,470.7,centroid,0.30,1036.3,540.0,707.6,0.0,657.5,1168.9,1,250.6,0,0,shot_pb=1.00|conf_zoom=0.82|edge_zoom=0.976|bounds
693,1084.5,471.4,centroid,0.30,1032.4,540.0,703.7,0.0,657.5,1168.9,1,251.9,0,1,shot_pb=1.00|conf_zoom=0.82|keepin_prop=0.02|keepin_zoom=1.300|edge_zoom=0.979|bounds
694,1078.9,472.1,centroid,0.30,1028.3,540.0,699.6,0.0,657.5,1168.9,1,253.4,0,0,shot_pb=1.00|conf_zoom=0.82|edge_zoom=0.976|bounds
695,1072.9,472.8,centroid,0.30,1023.9,540.0,695.2,0.0,657.5,1168.9,1,255.0,0,1,shot_pb=1.00|conf_zoom=0.82|keepin_prop=0.02|keepin_zoom=1.300|edge_zoom=0.978|bounds
696,1066.5,473.6,centroid,0.30,1019.2,540.0,690.4,0.0,657.5,1168.9,1,256.7,0,0,shot_pb=1.00|conf_zoom=0.82|edge_zoom=0.975|bounds
697,1059.6,474.3,centroid,0.30,1014.0,540.0,685.2,0.0,657.5,1168.9,1,258.4,0,1,shot_pb=1.00|conf_zoom=0.82|keepin_prop=0.01|keepin_zoom=1.300|edge_zoom=0.978|bounds
698,1052.2,475.1,centroid,0.30,1008.3,540.0,679.5,0.0,657.5,1168.9,1,260.1,0,0,shot_pb=1.00|conf_zoom=0.82|edge_zoom=0.975|bounds
699,1044.2,475.9,centroid,0.30,1002.0,540.0,673.2,0.0,657.5,1168.9,1,261.8,0,1,shot_pb=1.00|conf_zoom=0.82|keepin_prop=0.01|keepin_zoom=1.300|edge_zoom=0.978|bounds
700,1035.6,476.6,centroid,0.30,995.0,540.0,666.2,0.0,657.5,1168.9,1,263.4,0,0,shot_pb=1.00|conf_zoom=0.82|edge_zoom=0.975|bounds
701,1026.3,477.4,centroid,0.30,987.2,540.0,658.5,0.0,657.5,1168.9,1,264.9,0,1,shot_pb=1.00|conf_zoom=0.82|keepin_prop=0.01|keepin_zoom=1.300|edge_zoom=0.977|bounds
702,1016.3,478.1,centroid,0.30,978.6,540.0,649.9,0.0,657.5,1168.9,1,266.3,0,0,shot_pb=1.00|conf_zoom=0.82|edge_zoom=0.975|bounds
703,1005.4,478.7,centroid,0.30,969.1,540.0,640.3,0.0,657.5,1168.9,1,267.7,0,1,shot_pb=1.00|conf_zoom=0.82|keepin_prop=0.00|keepin_zoom=1.300|edge_zoom=0.977|bounds
704,993.6,479.3,centroid,0.30,958.5,540.0,629.8,0.0,657.5,1168.9,1,268.9,0,0,shot_pb=1.00|conf_zoom=0.82|edge_zoom=0.975|bounds
705,980.7,479.9,centroid,0.30,946.9,540.0,618.2,0.0,657.5,1168.9,1,270.2,0,1,shot_pb=1.00|conf_zoom=0.82|keepin_prop=0.00|keepin_zoom=1.300|edge_zoom=0.977|bounds
706,966.6,480.4,centroid,0.30,934.2,540.0,605.4,0.0,657.5,1168.9,1,271.6,1,0,shot_pb=1.00|conf_zoom=0.82|speed|edge_zoom=0.976|bounds|final_speed
707,951.2,480.8,centroid,0.30,920.3,540.0,591.5,0.0,657.5,1168.9,1,273.1,0,0,shot_pb=1.00|conf_zoom=0.82|edge_zoom=0.976|bounds
708,934.2,481.1,centroid,0.30,905.1,540.0,576.3,0.0,657.5,1168.9,1,274.9,0,1,shot_pb=1.00|conf_zoom=0.82|keepin_prop=0.01|keepin_zoom=1.300|edge_zoom=0.976|bounds
709,915.6,481.3,centroid,0.30,888.7,540.0,559.9,0.0,657.5,1168.9,1,277.1,1,0,shot_pb=1.00|conf_zoom=0.82|speed|edge_zoom=0.976|bounds|final_speed
710,895.0,481.3,centroid,0.30,871.0,540.0,542.2,0.0,657.5,1168.9,1,280.0,0,0,shot_pb=1.00|conf_zoom=0.82|edge_zoom=0.976|bounds
711,872.2,481.3,centroid,0.30,852.0,540.0,523.3,0.0,657.5,1168.9,1,283.8,0,1,accel_zoom=0.941|shot_pb=1.00|conf_zoom=0.82|keepin_prop=0.01|keepin_zoom=1.300|edge_zoom=0.976|bounds
712,846.9,481.0,centroid,0.30,831.9,540.0,503.2,0.0,657.5,1168.9,1,289.0,0,0,accel_zoom=0.933|shot_pb=1.00|conf_zoom=0.82|edge_zoom=0.977|bounds
713,818.9,480.5,centroid,0.30,810.7,540.0,482.0,0.0,657.5,1168.9,1,295.8,0,0,accel_zoom=0.924|shot_pb=1.00|conf_zoom=0.82|edge_zoom=0.977|bounds
714,787.7,479.8,centroid,0.30,788.6,540.0,459.8,0.0,657.5,1168.9,1,303.1,0,0,accel_zoom=0.914|shot_pb=1.00|conf_zoom=0.82|edge_zoom=0.977|bounds
715,752.9,478.7,centroid,0.30,765.8,540.0,437.0,0.0,657.5,1168.9,1,291.1,0,1,accel_zoom=0.902|shot_pb=1.00|conf_zoom=0.82|pb_zfit|keepin_prop=0.00|keepin_zoom=1.300|edge_zoom=0.977|bounds
716,714.1,477.3,centroid,0.30,742.6,540.0,413.8,0.0,657.5,1168.9,1,275.5,1,0,accel_zoom=0.889|shot_pb=1.00|conf_zoom=0.82|pb_zfit|speed|edge_zoom=0.979|bounds
717,629.8,471.6,yolo,0.35,719.3,540.0,390.6,0.0,657.5,1168.9,1,214.5,0,0,accel_zoom=0.780|shot_pb=1.00|conf_zoom=0.82|pb_zfit|edge_zoom=0.981|bounds
718,592.3,470.1,yolo,0.35,696.4,540.0,367.6,0.0,657.5,1168.9,1,199.9,1,0,accel_zoom=0.780|shot_pb=1.00|conf_zoom=0.83|pb_zfit|speed|edge_zoom=0.981|bounds|final_speed
719,559.6,468.9,yolo,0.34,674.2,540.0,345.4,0.0,657.5,1168.9,1,189.4,1,0,accel_zoom=0.780|shot_pb=1.00|conf_zoom=0.83|pb_zfit|speed|edge_zoom=0.981|bounds|final_speed
720,531.1,468.1,interp,0.28,653.2,540.0,324.4,0.0,657.5,1168.9,1,181.9,0,0,accel_zoom=0.780|shot_pb=1.00|conf_zoom=0.83|pb_zfit|edge_zoom=0.981|bounds
721,506.3,467.7,interp,0.28,633.7,540.0,304.9,0.0,657.5,1168.9,1,176.6,0,0,accel_zoom=0.780|shot_pb=1.00|conf_zoom=0.82|pb_zfit|edge_zoom=0.981|bounds
722,484.9,467.7,interp,0.28,616.1,540.0,287.4,0.0,657.5,1168.9,1,172.8,0,1,accel_zoom=0.780|shot_pb=1.00|conf_zoom=0.82|pb_zfit|keepin_prop=0.00|keepin_zoom=1.300|edge_zoom=0.980|bounds
723,466.6,468.1,interp,0.28,600.7,540.0,272.0,0.0,657.5,1168.9,1,169.9,0,0,shot_pb=1.00|conf_zoom=0.82|pb_zfit|edge_zoom=0.980|bounds
724,450.9,468.8,yolo,0.33,587.8,540.0,259.0,0.0,657.5,1168.9,1,167.1,0,0,shot_pb=1.00|conf_zoom=0.82|pb_zfit|edge_zoom=0.979|bounds
725,437.8,470.0,hold,0.25,577.5,540.0,248.7,0.0,657.5,1168.9,1,164.3,0,1,shot_pb=1.00|conf_zoom=0.81|pb_zfit|keepin_prop=0.02|keepin_zoom=1.300|edge_zoom=0.979|bounds
726,426.9,471.6,hold,0.25,569.9,540.0,241.1,0.0,657.5,1168.9,1,161.0,0,0,shot_pb=1.00|conf_zoom=0.81|pb_zfit|edge_zoom=0.975|bounds
727,418.0,473.6,hold,0.25,565.0,540.0,236.2,0.0,657.5,1168.9,1,157.0,0,1,shot_pb=1.00|conf_zoom=0.81|pb_zfit|keepin_prop=0.01|keepin_zoom=1.300|edge_zoom=0.978|bounds
728,411.1,476.1,hold,0.25,562.8,540.0,234.1,0.0,657.5,1168.9,1,152.3,0,0,shot_pb=1.00|conf_zoom=0.80|pb_zfit|edge_zoom=0.968|bounds
729,406.1,479.1,hold,0.25,563.3,540.0,234.5,0.0,657.5,1168.9,1,146.8,0,1,shot_pb=1.00|conf_zoom=0.80|pb_zfit|keepin_prop=0.00|keepin_zoom=1.300|edge_zoom=0.977|bounds
730,402.7,482.6,hold,0.25,566.2,540.0,237.4,0.0,657.5,1168.9,1,140.5,0,0,shot_pb=1.00|conf_zoom=0.80|pb_zfit|edge_zoom=0.955|bounds
731,401.0,486.8,hold,0.25,571.3,540.0,242.5,0.0,657.5,1168.9,1,133.7,1,0,shot_pb=1.00|conf_zoom=0.79|pb_zfit|speed|edge_zoom=0.952|bounds
732,401.0,491.7,hold,0.25,578.3,540.0,249.6,0.0,657.5,1168.9,1,126.7,1,0,shot_pb=1.00|conf_zoom=0.79|pb_zfit|speed|edge_zoom=0.952|bounds
733,402.7,497.4,hold,0.25,586.9,540.0,258.2,0.0,657.5,1168.9,1,119.8,1,0,shot_pb=1.00|conf_zoom=0.79|pb_zfit|speed|edge_zoom=0.952|bounds
734,406.0,503.9,hold,0.25,596.7,540.0,267.9,0.0,657.5,1168.9,1,113.3,1,0,shot_pb=1.00|conf_zoom=0.79|pb_zfit|speed|edge_zoom=0.953|bounds
735,411.0,511.4,hold,0.25,607.1,540.0,278.4,0.0,657.5,1168.9,1,107.9,1,0,shot_pb=1.00|conf_zoom=0.79|pb_zfit|speed|edge_zoom=0.949|bounds
736,417.9,520.0,hold,0.25,617.9,540.0,289.1,0.0,657.5,1168.9,1,104.0,1,0,shot_pb=1.00|conf_zoom=0.79|pb_zfit|speed|edge_zoom=0.893|bounds
737,426.7,529.9,hold,0.25,628.5,540.0,299.7,0.0,657.5,1168.9,1,102.2,1,0,shot_pb=1.00|conf_zoom=0.79|pb_zfit|speed|edge_zoom=0.892|bounds
738,437.6,541.1,hold,0.26,638.5,540.0,309.7,0.0,657.5,1168.9,1,103.1,1,0,shot_pb=1.00|conf_zoom=0.79|pb_zfit|speed|edge_zoom=0.895|bounds
739,470.9,562.7,centroid,0.26,647.5,540.0,318.8,0.0,657.5,1168.9,1,127.4,1,0,accel_zoom=0.872|shot_pb=1.00|conf_zoom=0.79|pb_zfit|speed|edge_zoom=0.951|bounds
740,480.8,575.6,centroid,0.26,655.3,540.0,326.6,0.0,657.5,1168.9,1,129.5,1,0,shot_pb=1.00|conf_zoom=0.79|pb_zfit|speed|edge_zoom=0.918|bounds
741,488.3,588.2,centroid,0.27,661.7,540.0,332.9,0.0,657.5,1168.9,1,130.6,1,0,shot_pb=1.00|conf_zoom=0.79|pb_zfit|speed|edge_zoom=0.932|bounds
742,493.5,600.4,centroid,0.27,666.4,540.0,337.6,0.0,657.5,1168.9,1,131.1,1,0,shot_pb=1.00|conf_zoom=0.79|pb_zfit|speed|edge_zoom=0.951|bounds
743,496.8,612.3,centroid,0.27,669.5,540.0,340.7,0.0,657.5,1168.9,1,131.3,1,0,shot_pb=1.00|conf_zoom=0.79|pb_zfit|speed|edge_zoom=0.952|bounds
744,498.5,623.9,centroid,0.27,670.9,540.0,342.1,0.0,657.5,1168.9,1,131.6,1,0,shot_pb=1.00|conf_zoom=0.79|pb_zfit|speed|edge_zoom=0.953|bounds
745,498.7,635.2,centroid,0.28,670.9,540.0,342.1,0.0,657.5,1168.9,1,131.8,1,0,shot_pb=1.00|conf_zoom=0.79|pb_zfit|speed|edge_zoom=0.953|bounds
746,497.7,646.1,centroid,0.28,669.6,540.0,340.9,0.0,657.5,1168.9,1,132.1,1,0,shot_pb=1.00|conf_zoom=0.79|pb_zfit|speed|edge_zoom=0.953|bounds
747,495.7,656.7,centroid,0.28,667.4,540.0,338.6,0.0,657.5,1168.9,1,132.3,1,0,shot_pb=1.00|conf_zoom=0.80|pb_zfit|speed|edge_zoom=0.953|bounds
748,492.8,666.9,centroid,0.28,664.4,540.0,335.6,0.0,657.5,1168.9,1,132.4,1,0,shot_pb=1.00|conf_zoom=0.80|pb_zfit|speed|edge_zoom=0.953|bounds
749,489.3,676.8,centroid,0.29,661.0,540.0,332.2,0.0,657.5,1168.9,1,132.3,1,0,shot_pb=1.00|conf_zoom=0.80|pb_zfit|speed|edge_zoom=0.954|bounds
750,485.1,686.2,centroid,0.29,657.5,540.0,328.7,0.0,657.5,1168.9,1,131.6,1,0,shot_pb=1.00|conf_zoom=0.80|pb_zfit|speed|edge_zoom=0.954|bounds
751,480.3,695.4,centroid,0.29,654.1,540.0,325.3,0.0,657.5,1168.9,1,130.2,1,0,shot_pb=1.00|conf_zoom=0.80|pb_zfit|speed|edge_zoom=0.954|bounds
752,475.1,704.1,centroid,0.29,651.0,540.0,322.2,0.0,657.5,1168.9,1,128.1,1,1,shot_pb=1.00|conf_zoom=0.80|pb_zfit|keepin_prop=0.00|keepin_zoom=1.300|speed|edge_zoom=0.954|bounds
753,469.4,712.5,centroid,0.30,648.3,540.0,319.5,0.0,657.5,1168.9,1,125.1,1,1,shot_pb=1.00|conf_zoom=0.81|pb_zfit|keepin_prop=0.00|keepin_zoom=1.300|speed|edge_zoom=0.954|bounds
754,463.5,720.4,centroid,0.30,646.1,540.0,317.3,0.0,657.5,1168.9,1,121.4,1,1,shot_pb=1.00|conf_zoom=0.81|pb_zfit|keepin_prop=0.01|keepin_zoom=1.300|speed|edge_zoom=0.954|bounds
755,457.2,727.5,centroid,0.30,644.3,540.0,315.5,0.0,657.5,1168.9,1,116.9,1,1,shot_pb=1.00|conf_zoom=0.81|pb_zfit|keepin_prop=0.02|keepin_zoom=1.300|speed|edge_zoom=0.954|bounds
756,451.0,734.1,centroid,0.30,643.0,540.0,314.2,0.0,657.5,1168.9,1,112.0,1,1,shot_pb=1.00|conf_zoom=0.81|pb_zfit|keepin_prop=0.02|keepin_zoom=1.300|speed|edge_zoom=0.953|bounds
757,444.9,740.2,centroid,0.30,642.0,540.0,313.3,0.0,657.5,1168.9,1,106.9,1,1,shot_pb=1.00|conf_zoom=0.81|pb_zfit|keepin_prop=0.03|keepin_zoom=1.300|speed|edge_zoom=0.953|bounds
758,439.2,745.7,centroid,0.30,641.4,540.0,312.6,0.0,657.5,1168.9,1,101.8,1,1,shot_pb=1.00|conf_zoom=0.81|pb_zfit|keepin_prop=0.04|keepin_zoom=1.300|speed|edge_zoom=0.952|bounds
759,433.9,750.7,centroid,0.30,641.0,540.0,312.2,0.0,657.5,1168.9,1,96.9,1,1,shot_pb=1.00|conf_zoom=0.81|pb_zfit|keepin_prop=0.05|keepin_zoom=1.300|speed|edge_zoom=0.951|bounds
