frame,ball_x,ball_y,source,confidence,cam_cx,cam_cy,crop_x0,crop_y0,crop_w,crop_h,ball_in_crop,dist_to_edge,speed_limited,keepinview,clamp_flags
0,358.6,992.6,centroid,0.30,363.5,584.5,34.7,0.0,657.5,1168.9,1,176.3,1,0,accel_zoom=0.851|flight_commit=1.00|edge_zoom=0.750|bounds|final_speed
1,359.8,992.9,centroid,0.30,364.1,584.5,35.4,0.0,657.5,1168.9,1,176.0,1,1,flight_commit=0.68|keepin_prop=0.97|keepin_zoom=1.350|speed|edge_zoom=0.750|bounds
2,361.1,993.1,centroid,0.30,365.0,584.5,36.3,0.0,657.5,1168.9,1,175.8,1,1,flight_commit=0.33|conf_zoom=1.00|keepin_prop=0.98|keepin_zoom=1.350|speed|edge_zoom=0.750|bounds
3,362.5,993.4,centroid,0.30,366.2,584.5,37.4,0.0,657.5,1168.9,1,175.5,1,1,flight_commit=0.07|conf_zoom=0.93|keepin_prop=0.98|keepin_zoom=1.350|speed|edge_zoom=0.750|bounds
4,364.1,993.7,centroid,0.30,367.6,584.5,38.8,0.0,657.5,1168.9,1,175.2,1,1,conf_zoom=0.73|keepin_prop=1.00|keepin_zoom=1.350|speed|edge_zoom=0.750|bounds
5,365.9,994.0,centroid,0.30,369.2,584.5,40.4,0.0,657.5,1168.9,1,174.9,1,1,conf_zoom=0.73|keepin_prop=1.00|keepin_zoom=1.350|speed|edge_zoom=0.750|bounds
6,367.8,994.4,centroid,0.30,371.1,584.5,42.3,0.0,657.5,1168.9,1,174.5,1,1,conf_zoom=0.73|keepin_prop=1.00|keepin_zoom=1.350|speed|edge_zoom=0.750|bounds
7,369.9,994.7,centroid,0.30,373.2,584.5,44.4,0.0,657.5,1168.9,1,174.2,1,1,conf_zoom=0.73|keepin_prop=1.00|keepin_zoom=1.350|speed|edge_zoom=0.750|bounds
8,372.2,995.1,centroid,0.30,375.5,584.5,46.8,0.0,657.5,1168.9,1,173.8,1,1,conf_zoom=0.73|keepin_prop=1.00|keepin_zoom=1.350|speed|edge_zoom=0.750|bounds
9,374.7,995.5,centroid,0.30,378.1,584.5,49.4,0.0,657.5,1168.9,1,173.4,1,1,conf_zoom=0.73|keepin_prop=1.00|keepin_zoom=1.350|speed|edge_zoom=0.750|bounds
10,377.4,996.0,centroid,0.30,381.0,584.5,52.2,0.0,657.5,1168.9,1,172.9,1,1,conf_zoom=0.73|keepin_prop=1.00|keepin_zoom=1.350|speed|edge_zoom=0.750|bounds
11,380.2,996.4,centroid,0.30,384.1,584.5,55.3,0.0,657.5,1168.9,1,172.5,1,1,conf_zoom=0.73|keepin_prop=1.00|keepin_zoom=1.350|speed|edge_zoom=0.750|bounds
12,383.4,996.8,centroid,0.30,387.5,584.5,58.7,0.0,657.5,1168.9,1,172.1,1,1,conf_zoom=0.73|keepin_prop=1.00|keepin_zoom=1.350|speed|edge_zoom=0.750|bounds
13,386.7,997.3,centroid,0.30,391.2,584.5,62.4,0.0,657.5,1168.9,1,171.6,1,1,conf_zoom=0.73|keepin_prop=1.00|keepin_zoom=1.350|speed|edge_zoom=0.750|bounds
14,390.4,997.8,centroid,0.30,395.2,584.5,66.4,0.0,657.5,1168.9,1,171.1,1,1,conf_zoom=0.73|keepin_prop=1.00|keepin_zoom=1.350|speed|edge_zoom=0.750|bounds
15,394.3,998.3,centroid,0.30,399.5,584.5,70.8,0.0,657.5,1168.9,1,170.6,1,1,conf_zoom=0.73|keepin_prop=1.00|keepin_zoom=1.350|speed|edge_zoom=0.750|bounds
16,398.5,998.8,centroid,0.30,404.2,584.5,75.5,0.0,657.5,1168.9,1,170.1,1,1,shot_pb=0.00|conf_zoom=0.73|keepin_prop=1.00|keepin_zoom=1.350|speed|edge_zoom=0.750|bounds
17,403.1,999.3,centroid,0.30,409.3,584.5,80.6,0.0,657.5,1168.9,1,169.6,1,1,shot_pb=0.00|conf_zoom=0.73|keepin_prop=1.00|keepin_zoom=1.350|speed|edge_zoom=0.750|bounds
18,408.1,999.8,centroid,0.30,414.8,584.5,86.1,0.0,657.5,1168.9,1,169.1,1,1,shot_pb=0.00|conf_zoom=0.73|keepin_prop=1.00|keepin_zoom=1.350|speed|edge_zoom=0.750|bounds
19,413.6,1000.3,centroid,0.30,420.8,584.5,92.0,0.0,657.5,1168.9,1,168.6,1,1,shot_pb=0.00|conf_zoom=0.73|keepin_prop=1.00|keepin_zoom=1.350|speed|edge_zoom=0.750|bounds
20,419.5,1000.9,centroid,0.30,427.2,584.5,98.4,0.0,657.5,1168.9,1,168.0,1,1,shot_pb=0.00|conf_zoom=0.73|keepin_prop=1.00|keepin_zoom=1.350|speed|edge_zoom=0.750|bounds
21,426.0,1001.4,centroid,0.30,434.1,584.5,105.3,0.0,657.5,1168.9,1,167.5,1,1,shot_pb=0.00|flight_commit=0.06|conf_zoom=0.92|keepin_prop=1.00|keepin_zoom=1.350|speed|edge_zoom=0.750|bounds
22,433.2,1002.0,centroid,0.30,441.5,584.5,112.8,0.0,657.5,1168.9,1,166.9,1,1,shot_pb=0.00|flight_commit=0.15|conf_zoom=0.95|keepin_prop=1.00|keepin_zoom=1.350|speed|edge_zoom=0.750|bounds
23,441.1,1002.5,centroid,0.30,449.6,584.5,120.8,0.0,657.5,1168.9,1,166.4,1,1,flight_commit=0.26|conf_zoom=0.98|keepin_prop=1.00|keepin_zoom=1.350|speed|edge_zoom=0.750|bounds
24,449.8,1003.0,centroid,0.30,458.3,584.5,129.6,0.0,657.5,1168.9,1,165.9,1,1,flight_commit=0.38|keepin_prop=1.00|keepin_zoom=1.350|speed|edge_zoom=0.750|bounds
25,459.3,1003.6,centroid,0.30,467.8,584.5,139.0,0.0,657.5,1168.9,1,165.3,1,1,flight_commit=0.51|keepin_prop=1.00|keepin_zoom=1.350|speed|edge_zoom=0.750|bounds
26,469.9,1004.1,centroid,0.30,478.1,584.5,149.4,0.0,657.5,1168.9,1,164.8,1,1,flight_commit=0.66|keepin_prop=1.00|keepin_zoom=1.350|speed|edge_zoom=0.750|bounds
27,481.5,1004.7,centroid,0.30,489.4,584.5,160.6,0.0,657.5,1168.9,1,164.2,1,1,shot_pb=0.40|flight_commit=0.83|keepin_prop=1.00|keepin_zoom=1.350|speed|edge_zoom=0.750|bounds
28,494.4,1005.2,centroid,0.30,501.7,584.5,172.9,0.0,657.5,1168.9,1,163.7,1,1,shot_pb=0.60|flight_commit=1.00|keepin_prop=1.00|keepin_zoom=1.350|speed|edge_zoom=0.750|bounds
29,508.7,1005.7,centroid,0.30,515.3,584.5,186.5,0.0,657.5,1168.9,1,163.2,1,1,shot_pb=0.80|flight_commit=1.00|keepin_prop=1.00|keepin_zoom=1.350|speed|edge_zoom=0.750|bounds
30,524.5,1006.3,centroid,0.30,530.2,584.5,201.4,0.0,657.5,1168.9,1,162.6,1,1,shot_pb=1.00|flight_commit=1.00|keepin_prop=1.00|keepin_zoom=1.350|speed|edge_zoom=0.750|bounds
31,542.0,1006.8,centroid,0.30,546.7,584.5,218.0,0.0,657.5,1168.9,1,162.1,1,1,accel_zoom=0.934|shot_pb=1.00|flight_commit=1.00|keepin_prop=1.00|keepin_zoom=1.350|speed|edge_zoom=0.750|bounds
32,561.5,1007.3,centroid,0.30,565.0,584.5,236.2,0.0,657.5,1168.9,1,161.6,1,1,accel_zoom=0.931|shot_pb=1.00|flight_commit=1.00|keepin_prop=1.00|keepin_zoom=1.350|speed|edge_zoom=0.750|bounds
33,583.0,1007.8,centroid,0.30,585.2,584.5,256.4,0.0,657.5,1168.9,1,161.1,1,1,accel_zoom=0.926|shot_pb=1.00|flight_commit=1.00|keepin_prop=1.00|keepin_zoom=1.350|speed|edge_zoom=0.750|bounds
34,606.9,1008.3,centroid,0.30,607.5,584.5,278.7,0.0,657.5,1168.9,1,160.6,1,1,accel_zoom=0.919|shot_pb=1.00|flight_commit=1.00|keepin_prop=1.00|keepin_zoom=1.350|speed|edge_zoom=0.750|bounds
35,633.5,1008.9,centroid,0.30,632.1,584.5,303.4,0.0,657.5,1168.9,1,160.0,1,1,accel_zoom=0.912|shot_pb=1.00|flight_commit=1.00|keepin_prop=1.00|keepin_zoom=1.350|speed|edge_zoom=0.750|bounds
36,663.1,1009.4,centroid,0.30,659.2,584.5,330.4,0.0,657.5,1168.9,1,159.5,1,1,accel_zoom=0.903|shot_pb=1.00|flight_commit=1.00|keepin_prop=1.00|keepin_zoom=1.350|speed|edge_zoom=0.750|bounds
37,696.1,1009.9,centroid,0.30,688.8,584.5,360.0,0.0,657.5,1168.9,1,159.0,1,1,accel_zoom=0.893|shot_pb=1.00|flight_commit=1.00|keepin_prop=1.00|keepin_zoom=1.350|speed|edge_zoom=0.750|bounds
38,732.9,1010.4,centroid,0.30,721.0,584.5,392.2,0.0,657.5,1168.9,1,158.5,1,1,accel_zoom=0.881|shot_pb=1.00|flight_commit=1.00|keepin_prop=1.00|keepin_zoom=1.350|speed|edge_zoom=0.750|bounds
39,774.1,1010.9,centroid,0.30,755.6,584.5,426.9,0.0,657.5,1168.9,1,158.0,1,1,accel_zoom=0.867|shot_pb=1.00|flight_commit=1.00|keepin_prop=1.00|keepin_zoom=1.350|flight_boost=1.01|speed|edge_zoom=0.750|bounds
40,820.1,1011.4,centroid,0.30,792.8,584.5,464.0,0.0,657.5,1168.9,1,157.5,1,1,accel_zoom=0.852|shot_pb=1.00|flight_commit=1.00|keepin_prop=1.00|keepin_zoom=1.350|flight_boost=1.08|speed|edge_zoom=0.750|bounds
41,871.8,1011.9,centroid,0.30,832.1,584.5,503.3,0.0,657.5,1168.9,1,157.0,1,1,accel_zoom=0.834|shot_pb=1.00|flight_commit=1.00|keepin_prop=1.00|keepin_zoom=1.350|flight_boost=1.16|speed|edge_zoom=0.750|bounds
42,929.8,1012.5,centroid,0.30,873.3,584.5,544.6,0.0,657.5,1168.9,1,156.4,1,1,accel_zoom=0.814|shot_pb=1.00|flight_commit=1.00|keepin_prop=1.00|keepin_zoom=1.350|flight_boost=1.25|speed|edge_zoom=0.750|bounds
43,995.1,1013.0,centroid,0.30,916.2,584.5,587.4,0.0,657.5,1168.9,1,155.9,1,1,accel_zoom=0.790|shot_pb=1.00|flight_commit=1.00|pb_zfit|keepin_prop=1.00|keepin_zoom=1.350|flight_boost=1.36|speed|edge_zoom=0.750|bounds
44,1068.6,1013.6,centroid,0.30,960.2,584.5,631.5,0.0,657.5,1168.9,1,155.3,1,1,accel_zoom=0.780|shot_pb=1.00|flight_commit=1.00|pb_zfit|keepin_prop=1.00|keepin_zoom=1.350|flight_boost=1.47|speed|edge_zoom=0.750|bounds
45,1232.1,1014.6,hold,0.30,1005.1,584.5,676.3,0.0,657.5,1168.9,1,77.0,1,1,accel_zoom=0.780|shot_pb=1.00|flight_commit=1.00|pb_zfit|keepin_prop=1.00|keepin_zoom=1.350|flight_boost=1.84|speed|edge_zoom=0.750|bounds
46,1304.9,1015.1,hold,0.30,1050.3,584.5,721.5,0.0,657.5,1168.9,1,49.4,1,1,accel_zoom=0.780|shot_pb=1.00|flight_commit=1.00|pb_zfit|keepin_prop=1.00|keepin_zoom=1.350|flight_boost=1.93|speed|edge_zoom=0.750|bounds
47,1369.0,1015.6,hold,0.30,1095.4,584.5,766.6,0.0,657.5,1168.9,1,30.4,1,1,accel_zoom=0.780|shot_pb=1.00|flight_commit=1.00|pb_zfit|keepin_prop=1.00|keepin_zoom=1.350|flight_boost=1.98|speed|edge_zoom=0.750|bounds
48,1425.4,1016.0,hold,0.30,1141.6,584.5,812.8,0.0,657.5,1168.9,1,20.2,1,1,accel_zoom=0.780|shot_pb=1.00|flight_commit=1.00|pb_zfit|keepin_prop=1.00|keepin_zoom=1.350|flight_boost=2.00|speed|edge_zoom=0.750|bounds
49,1475.0,1016.4,hold,0.30,1191.2,584.5,862.4,0.0,657.5,1168.9,1,20.2,1,1,accel_zoom=0.780|shot_pb=1.00|flight_commit=1.00|pb_zfit|keepin_prop=1.00|keepin_zoom=1.350|flight_boost=1.97|speed|edge_zoom=0.750|bounds
50,1518.6,1016.7,hold,0.30,1234.9,584.5,906.1,0.0,657.5,1168.9,1,20.3,1,1,accel_zoom=0.780|shot_pb=1.00|flight_commit=1.00|pb_zfit|keepin_prop=1.00|keepin_zoom=1.350|flight_boost=1.91|speed|edge_zoom=0.750|bounds
51,1557.0,1016.9,hold,0.30,1273.3,584.5,944.5,0.0,657.5,1168.9,1,20.3,1,1,accel_zoom=0.780|shot_pb=1.00|flight_commit=1.00|pb_zfit|keepin_prop=1.00|keepin_zoom=1.350|flight_boost=1.81|speed|edge_zoom=0.750|bounds
52,1590.8,1017.2,hold,0.30,1307.1,584.5,978.3,0.0,657.5,1168.9,1,20.3,1,1,accel_zoom=0.780|shot_pb=1.00|flight_commit=1.00|pb_zfit|keepin_prop=1.00|keepin_zoom=1.350|flight_boost=1.43|speed|edge_zoom=0.750|bounds
53,1620.6,1017.4,hold,0.30,1336.8,584.5,1008.1,0.0,657.5,1168.9,1,20.2,1,1,accel_zoom=0.780|shot_pb=1.00|flight_commit=1.00|pb_zfit|keepin_prop=1.00|keepin_zoom=1.350|flight_boost=1.31|speed|edge_zoom=0.750|bounds
54,1646.8,1017.6,hold,0.30,1363.0,584.5,1034.2,0.0,657.5,1168.9,1,20.2,1,1,accel_zoom=0.780|shot_pb=1.00|flight_commit=1.00|pb_zfit|keepin_prop=1.00|keepin_zoom=1.350|flight_boost=1.20|speed|edge_zoom=0.750|bounds
55,1669.8,1017.7,hold,0.30,1386.0,584.5,1057.3,0.0,657.5,1168.9,1,20.2,1,1,accel_zoom=0.780|shot_pb=1.00|flight_commit=1.00|pb_zfit|keepin_prop=1.00|keepin_zoom=1.350|flight_boost=1.10|speed|edge_zoom=0.750|bounds
56,1690.1,1017.9,hold,0.30,1406.3,584.5,1077.5,0.0,657.5,1168.9,1,20.2,1,1,accel_zoom=0.780|shot_pb=1.00|flight_commit=1.00|pb_zfit|keepin_prop=1.00|keepin_zoom=1.350|flight_boost=1.02|speed|edge_zoom=0.750|bounds
57,1707.9,1018.0,hold,0.30,1427.2,584.5,1098.4,0.0,657.5,1168.9,1,23.3,1,1,shot_pb=1.00|flight_commit=1.00|pb_zfit|keepin_prop=1.00|keepin_zoom=1.350|speed|edge_zoom=0.750|bounds
58,1723.6,1018.1,hold,0.30,1446.7,584.5,1118.0,0.0,657.5,1168.9,1,27.1,1,1,shot_pb=1.00|flight_commit=1.00|pb_zfit|keepin_prop=1.00|keepin_zoom=1.350|speed|edge_zoom=0.750|bounds
59,1737.4,1018.2,hold,0.30,1464.4,584.5,1135.6,0.0,657.5,1168.9,1,31.0,1,1,shot_pb=1.00|flight_commit=1.00|pb_zfit|keepin_prop=1.00|keepin_zoom=1.350|speed|edge_zoom=0.750|bounds
60,1749.5,1018.3,hold,0.30,1480.2,584.5,1151.4,0.0,657.5,1168.9,1,34.7,1,1,shot_pb=1.00|flight_commit=1.00|pb_zfit|keepin_prop=1.00|keepin_zoom=1.350|speed|edge_zoom=0.750|bounds
61,1760.2,1018.4,hold,0.30,1494.3,584.5,1165.5,0.0,657.5,1168.9,1,38.1,1,1,shot_pb=1.00|flight_commit=1.00|pb_zfit|keepin_prop=1.00|keepin_zoom=1.350|speed|edge_zoom=0.750|bounds
62,1769.5,1018.5,hold,0.30,1506.7,584.5,1178.0,0.0,657.5,1168.9,1,41.2,1,1,shot_pb=1.00|flight_commit=1.00|pb_zfit|keepin_prop=1.00|keepin_zoom=1.350|speed|edge_zoom=0.750|bounds
63,1777.8,1018.5,hold,0.30,1517.8,584.5,1189.0,0.0,657.5,1168.9,1,44.0,1,1,shot_pb=1.00|flight_commit=1.00|pb_zfit|keepin_prop=1.00|keepin_zoom=1.350|speed|edge_zoom=0.750|bounds
64,1785.0,1018.6,hold,0.30,1527.5,584.5,1198.7,0.0,657.5,1168.9,1,46.5,1,1,shot_pb=1.00|flight_commit=1.00|pb_zfit|keepin_prop=1.00|keepin_zoom=1.350|speed|edge_zoom=0.750|bounds
65,1791.4,1018.6,hold,0.30,1536.0,584.5,1207.3,0.0,657.5,1168.9,1,48.6,1,1,shot_pb=1.00|flight_commit=1.00|pb_zfit|keepin_prop=1.00|keepin_zoom=1.350|speed|edge_zoom=0.750|bounds
66,1797.0,1018.6,hold,0.30,1543.6,584.5,1214.8,0.0,657.5,1168.9,1,50.6,1,1,shot_pb=1.00|flight_commit=1.00|pb_zfit|keepin_prop=1.00|keepin_zoom=1.350|speed|edge_zoom=0.750|bounds
67,1801.9,1018.7,hold,0.30,1550.2,584.5,1221.4,0.0,657.5,1168.9,1,52.3,1,1,shot_pb=1.00|flight_commit=1.00|pb_zfit|keepin_prop=1.00|keepin_zoom=1.350|speed|edge_zoom=0.750|bounds
68,1806.2,1018.7,hold,0.30,1556.0,584.5,1227.2,0.0,657.5,1168.9,1,53.8,1,1,shot_pb=1.00|flight_commit=1.00|pb_zfit|keepin_prop=1.00|keepin_zoom=1.350|speed|edge_zoom=0.750|bounds
69,1810.0,1018.7,hold,0.30,1561.1,584.5,1232.3,0.0,657.5,1168.9,1,55.1,1,1,shot_pb=1.00|flight_commit=1.00|pb_zfit|keepin_prop=1.00|keepin_zoom=1.350|speed|edge_zoom=0.750|bounds
70,1813.3,1018.8,hold,0.30,1565.5,584.5,1236.7,0.0,657.5,1168.9,1,56.2,1,1,shot_pb=1.00|flight_commit=1.00|pb_zfit|keepin_prop=1.00|keepin_zoom=1.350|speed|edge_zoom=0.750|bounds
71,1816.1,1018.8,hold,0.30,1569.4,584.5,1240.6,0.0,657.5,1168.9,1,57.3,1,1,shot_pb=1.00|flight_commit=1.00|pb_zfit|keepin_prop=1.00|keepin_zoom=1.350|speed|edge_zoom=0.750|bounds
72,1818.6,1018.8,hold,0.30,1572.8,584.5,1244.0,0.0,657.5,1168.9,1,58.2,1,1,shot_pb=1.00|flight_commit=1.00|pb_zfit|keepin_prop=1.00|keepin_zoom=1.350|speed|edge_zoom=0.750|bounds
73,1820.8,1018.8,hold,0.30,1575.7,584.5,1246.9,0.0,657.5,1168.9,1,58.9,1,1,shot_pb=1.00|flight_commit=1.00|pb_zfit|keepin_prop=1.00|keepin_zoom=1.350|speed|edge_zoom=0.750|bounds
74,1822.7,1018.8,hold,0.30,1578.2,584.5,1249.4,0.0,657.5,1168.9,1,59.5,1,1,shot_pb=1.00|flight_commit=1.00|pb_zfit|keepin_prop=1.00|keepin_zoom=1.350|speed|edge_zoom=0.750|bounds
75,1824.3,1018.8,hold,0.30,1580.4,584.5,1251.6,0.0,657.5,1168.9,1,60.1,1,1,shot_pb=1.00|flight_commit=1.00|pb_zfit|keepin_prop=1.00|keepin_zoom=1.350|speed|edge_zoom=0.750|bounds
76,1825.6,1018.8,hold,0.30,1582.2,584.5,1253.4,0.0,657.5,1168.9,1,60.6,1,1,shot_pb=1.00|flight_commit=1.00|pb_zfit|keepin_prop=1.00|keepin_zoom=1.350|speed|edge_zoom=0.750|bounds
77,1826.8,1018.8,hold,0.30,1583.8,584.5,1255.0,0.0,657.5,1168.9,1,61.0,1,1,shot_pb=1.00|flight_commit=1.00|pb_zfit|keepin_prop=1.00|keepin_zoom=1.350|speed|edge_zoom=0.750|bounds
78,1827.7,1018.8,hold,0.30,1585.0,584.5,1256.3,0.0,657.5,1168.9,1,61.3,1,1,shot_pb=1.00|flight_commit=1.00|pb_zfit|keepin_prop=1.00|keepin_zoom=1.350|speed|edge_zoom=0.750|bounds
79,1828.5,1018.8,hold,0.30,1586.1,584.5,1257.3,0.0,657.5,1168.9,1,61.6,1,1,shot_pb=1.00|flight_commit=1.00|pb_zfit|keepin_prop=1.00|keepin_zoom=1.350|speed|edge_zoom=0.750|bounds
80,1829.1,1018.8,hold,0.30,1586.9,584.5,1258.1,0.0,657.5,1168.9,1,61.8,1,1,shot_pb=1.00|flight_commit=1.00|pb_zfit|keepin_prop=1.00|keepin_zoom=1.350|speed|edge_zoom=0.750|bounds
81,1829.5,1018.8,hold,0.30,1587.5,584.5,1258.7,0.0,657.5,1168.9,1,62.0,1,1,shot_pb=1.00|flight_commit=1.00|pb_zfit|keepin_prop=1.00|keepin_zoom=1.350|speed|edge_zoom=0.750|bounds
82,1829.8,1018.8,hold,0.30,1587.9,584.5,1259.1,0.0,657.5,1168.9,1,62.1,1,1,shot_pb=1.00|flight_commit=1.00|pb_zfit|keepin_prop=1.00|keepin_zoom=1.350|speed|edge_zoom=0.750|bounds
83,1829.9,1018.8,hold,0.30,1588.0,584.5,1259.3,0.0,657.5,1168.9,1,62.1,1,1,shot_pb=1.00|flight_commit=1.00|pb_zfit|keepin_prop=1.00|keepin_zoom=1.350|speed|edge_zoom=0.750|bounds
84,1829.9,1018.8,hold,0.30,1588.0,584.5,1259.2,0.0,657.5,1168.9,1,62.1,1,1,shot_pb=1.00|flight_commit=1.00|pb_zfit|keepin_prop=1.00|keepin_zoom=1.350|speed|edge_zoom=0.750|bounds
85,1829.8,1018.7,hold,0.30,1587.8,584.5,1259.0,0.0,657.5,1168.9,1,62.0,1,1,shot_pb=1.00|flight_commit=1.00|pb_zfit|keepin_prop=1.00|keepin_zoom=1.350|speed|edge_zoom=0.750|bounds
86,1829.5,1018.7,hold,0.30,1587.4,584.5,1258.6,0.0,657.5,1168.9,1,61.9,1,1,shot_pb=1.00|flight_commit=1.00|pb_zfit|keepin_prop=1.00|keepin_zoom=1.350|speed|edge_zoom=0.750|bounds
87,1829.0,1018.7,hold,0.30,1586.7,584.5,1258.0,0.0,657.5,1168.9,1,61.7,1,1,shot_pb=1.00|flight_commit=1.00|pb_zfit|keepin_prop=1.00|keepin_zoom=1.350|speed|edge_zoom=0.750|bounds
88,1828.4,1018.7,hold,0.30,1585.9,584.5,1257.1,0.0,657.5,1168.9,1,61.5,1,1,shot_pb=1.00|flight_commit=1.00|pb_zfit|keepin_prop=1.00|keepin_zoom=1.350|speed|edge_zoom=0.750|bounds
89,1827.6,1018.6,hold,0.30,1584.8,584.5,1256.1,0.0,657.5,1168.9,1,61.2,1,1,shot_pb=1.00|flight_commit=1.00|pb_zfit|keepin_prop=1.00|keepin_zoom=1.350|speed|edge_zoom=0.750|bounds
90,1826.6,1018.6,hold,0.30,1583.5,584.5,1254.7,0.0,657.5,1168.9,1,60.9,1,1,shot_pb=1.00|flight_commit=1.00|pb_zfit|keepin_prop=1.00|keepin_zoom=1.350|speed|edge_zoom=0.750|bounds
91,1825.4,1018.6,hold,0.30,1581.9,584.5,1253.1,0.0,657.5,1168.9,1,60.5,1,1,shot_pb=1.00|flight_commit=1.00|pb_zfit|keepin_prop=1.00|keepin_zoom=1.350|speed|edge_zoom=0.750|bounds
92,1824.0,1018.5,hold,0.30,1580.0,584.5,1251.3,0.0,657.5,1168.9,1,60.0,1,1,shot_pb=1.00|flight_commit=1.00|pb_zfit|keepin_prop=1.00|keepin_zoom=1.350|speed|edge_zoom=0.750|bounds
93,1822.3,1018.4,hold,0.30,1577.8,584.5,1249.1,0.0,657.5,1168.9,1,59.5,1,1,shot_pb=1.00|flight_commit=1.00|pb_zfit|keepin_prop=1.00|keepin_zoom=1.350|speed|edge_zoom=0.750|bounds
94,1820.4,1018.4,hold,0.30,1575.3,584.5,1246.5,0.0,657.5,1168.9,1,58.9,1,1,shot_pb=1.00|flight_commit=1.00|pb_zfit|keepin_prop=1.00|keepin_zoom=1.350|speed|edge_zoom=0.750|bounds
95,1818.2,1018.3,hold,0.30,1572.4,584.5,1243.6,0.0,657.5,1168.9,1,58.2,1,1,shot_pb=1.00|flight_commit=1.00|pb_zfit|keepin_prop=1.00|keepin_zoom=1.350|speed|edge_zoom=0.750|bounds
96,1815.6,1018.2,hold,0.30,1569.1,584.5,1240.3,0.0,657.5,1168.9,1,57.5,1,1,shot_pb=1.00|flight_commit=1.00|pb_zfit|keepin_prop=1.00|keepin_zoom=1.350|speed|edge_zoom=0.750|bounds
97,1812.7,1018.1,hold,0.30,1565.3,584.5,1236.6,0.0,657.5,1168.9,1,56.6,1,1,shot_pb=1.00|flight_commit=1.00|pb_zfit|keepin_prop=1.00|keepin_zoom=1.350|speed|edge_zoom=0.750|bounds
98,1809.3,1018.0,hold,0.30,1561.2,584.5,1232.4,0.0,657.5,1168.9,1,55.9,1,1,shot_pb=1.00|flight_commit=1.00|pb_zfit|keepin_prop=1.00|keepin_zoom=1.350|speed|edge_zoom=0.750|bounds
99,1805.5,1017.9,hold,0.30,1556.5,584.5,1227.7,0.0,657.5,1168.9,1,55.0,1,1,shot_pb=1.00|flight_commit=1.00|pb_zfit|keepin_prop=1.00|keepin_zoom=1.350|speed|edge_zoom=0.750|bounds
100,1801.0,1017.7,hold,0.30,1551.3,584.5,1222.5,0.0,657.5,1168.9,1,54.3,1,1,shot_pb=1.00|flight_commit=1.00|pb_zfit|keepin_prop=1.00|keepin_zoom=1.350|speed|edge_zoom=0.750|bounds
101,1796.0,1017.5,hold,0.30,1545.5,584.5,1216.8,0.0,657.5,1168.9,1,53.5,1,1,shot_pb=1.00|flight_commit=1.00|pb_zfit|keepin_prop=1.00|keepin_zoom=1.350|speed|edge_zoom=0.750|bounds
102,1790.3,1017.3,hold,0.30,1539.3,584.5,1210.5,0.0,657.5,1168.9,1,53.0,1,1,shot_pb=1.00|flight_commit=1.00|pb_zfit|keepin_prop=1.00|keepin_zoom=1.350|speed|edge_zoom=0.750|bounds
103,1783.8,1017.1,hold,0.30,1532.4,584.5,1203.6,0.0,657.5,1168.9,1,52.6,1,1,shot_pb=1.00|flight_commit=1.00|pb_zfit|keepin_prop=1.00|keepin_zoom=1.350|speed|edge_zoom=0.750|bounds
104,1776.4,1016.9,hold,0.30,1524.9,584.5,1196.2,0.0,657.5,1168.9,1,52.5,1,1,shot_pb=1.00|flight_commit=1.00|pb_zfit|keepin_prop=1.00|keepin_zoom=1.350|speed|edge_zoom=0.750|bounds
105,1754.0,1016.4,blended,0.66,1516.9,584.5,1188.2,0.0,657.5,1168.9,1,66.9,1,1,accel_zoom=0.925|shot_pb=1.00|flight_commit=1.00|pb_zfit|keepin_prop=1.00|keepin_zoom=1.350|speed|edge_zoom=0.750|bounds
106,1761.9,1016.3,interp,0.38,1508.4,584.5,1179.6,0.0,657.5,1168.9,1,50.5,1,1,shot_pb=1.00|flight_commit=1.00|pb_zfit|keepin_prop=1.00|keepin_zoom=1.350|speed|edge_zoom=0.750|bounds
107,1754.6,1016.0,interp,0.38,1499.3,584.5,1170.5,0.0,657.5,1168.9,1,48.7,1,1,shot_pb=1.00|flight_commit=1.00|pb_zfit|keepin_prop=1.00|keepin_zoom=1.350|speed|edge_zoom=0.750|bounds
108,1745.9,1015.6,interp,0.38,1489.8,584.5,1161.0,0.0,657.5,1168.9,1,47.9,1,1,shot_pb=1.00|flight_commit=1.00|pb_zfit|keepin_prop=1.00|keepin_zoom=1.350|speed|edge_zoom=0.750|bounds
109,1735.7,1015.2,interp,0.38,1479.9,584.5,1151.1,0.0,657.5,1168.9,1,48.2,1,1,shot_pb=1.00|flight_commit=1.00|pb_zfit|keepin_prop=1.00|keepin_zoom=1.350|speed|edge_zoom=0.750|bounds
110,1723.8,1014.7,interp,0.38,1469.7,584.5,1140.9,0.0,657.5,1168.9,1,49.9,1,1,shot_pb=1.00|flight_commit=1.00|pb_zfit|keepin_prop=1.00|keepin_zoom=1.350|speed|edge_zoom=0.750|bounds
111,1702.9,1014.0,blended,0.71,1459.4,584.5,1130.6,0.0,657.5,1168.9,1,60.5,1,1,accel_zoom=0.931|shot_pb=1.00|flight_commit=1.00|pb_zfit|keepin_prop=1.00|keepin_zoom=1.350|speed|edge_zoom=0.750|bounds
112,1689.8,1013.4,blended,0.72,1449.0,584.5,1120.2,0.0,657.5,1168.9,1,63.2,1,1,shot_pb=1.00|flight_commit=1.00|pb_zfit|keepin_prop=1.00|keepin_zoom=1.350|speed|edge_zoom=0.750|bounds
113,1664.0,1012.6,centroid,0.22,1438.7,584.5,1109.9,0.0,657.5,1168.9,1,78.7,1,1,accel_zoom=0.915|shot_pb=1.00|flight_commit=1.00|pb_zfit|keepin_prop=1.00|keepin_zoom=1.350|speed|edge_zoom=0.750|bounds
114,1651.0,1011.8,centroid,0.23,1428.6,584.5,1099.8,0.0,657.5,1168.9,1,81.6,1,1,shot_pb=1.00|flight_commit=1.00|pb_zfit|keepin_prop=1.00|keepin_zoom=1.350|speed|edge_zoom=0.750|bounds
115,1639.8,1011.0,centroid,0.23,1418.9,584.5,1090.1,0.0,657.5,1168.9,1,83.1,1,1,shot_pb=1.00|flight_commit=1.00|pb_zfit|keepin_prop=1.00|keepin_zoom=1.350|speed|edge_zoom=0.750|bounds
116,1629.9,1010.2,centroid,0.23,1409.6,584.5,1080.8,0.0,657.5,1168.9,1,83.7,1,1,shot_pb=1.00|flight_commit=1.00|pb_zfit|keepin_prop=1.00|keepin_zoom=1.350|speed|edge_zoom=0.750|bounds
117,1621.3,1009.3,centroid,0.23,1400.9,584.5,1072.1,0.0,657.5,1168.9,1,83.6,1,1,shot_pb=1.00|flight_commit=1.00|pb_zfit|keepin_prop=1.00|keepin_zoom=1.350|speed|edge_zoom=0.750|bounds
118,1613.9,1008.3,centroid,0.24,1392.9,584.5,1064.1,0.0,657.5,1168.9,1,83.0,1,1,shot_pb=1.00|flight_commit=1.00|pb_zfit|keepin_prop=1.00|keepin_zoom=1.350|speed|edge_zoom=0.750|bounds
119,1607.4,1007.2,centroid,0.24,1385.6,584.5,1056.8,0.0,657.5,1168.9,1,82.2,1,1,shot_pb=1.00|flight_commit=1.00|pb_zfit|keepin_prop=1.00|keepin_zoom=1.350|speed|edge_zoom=0.750|bounds
120,1601.7,1006.0,centroid,0.24,1379.0,584.5,1050.2,0.0,657.5,1168.9,1,81.3,1,1,shot_pb=1.00|flight_commit=1.00|pb_zfit|keepin_prop=1.00|keepin_zoom=1.350|speed|edge_zoom=0.750|bounds
121,1596.8,1004.7,centroid,0.24,1373.2,584.5,1044.5,0.0,657.5,1168.9,1,80.4,1,1,shot_pb=1.00|flight_commit=1.00|pb_zfit|keepin_prop=1.00|keepin_zoom=1.350|speed|edge_zoom=0.750|bounds
122,1592.6,1003.3,centroid,0.25,1368.3,584.5,1039.5,0.0,657.5,1168.9,1,79.7,1,1,shot_pb=1.00|flight_commit=1.00|pb_zfit|keepin_prop=1.00|keepin_zoom=1.350|speed|edge_zoom=0.750|bounds
123,1589.1,1001.7,centroid,0.25,1364.1,584.5,1035.4,0.0,657.5,1168.9,1,79.0,1,1,shot_pb=1.00|flight_commit=1.00|pb_zfit|keepin_prop=1.00|keepin_zoom=1.350|speed|edge_zoom=0.750|bounds
124,1586.1,1000.0,centroid,0.25,1360.7,584.5,1032.0,0.0,657.5,1168.9,1,78.6,1,1,shot_pb=1.00|flight_commit=1.00|pb_zfit|keepin_prop=1.00|keepin_zoom=1.350|speed|edge_zoom=0.750|bounds
125,1583.7,998.2,centroid,0.25,1358.1,584.5,1029.3,0.0,657.5,1168.9,1,78.4,1,1,shot_pb=1.00|flight_commit=1.00|pb_zfit|keepin_prop=1.00|keepin_zoom=1.350|speed|edge_zoom=0.750|bounds
126,1581.8,996.2,centroid,0.26,1356.1,584.5,1027.4,0.0,657.5,1168.9,1,78.3,1,1,shot_pb=1.00|conf_zoom=0.70|pb_zfit|keepin_prop=1.00|keepin_zoom=1.350|speed|edge_zoom=0.750|bounds
127,1580.6,994.0,centroid,0.26,1354.8,584.5,1026.1,0.0,657.5,1168.9,1,78.2,1,1,shot_pb=1.00|conf_zoom=0.70|pb_zfit|keepin_prop=1.00|keepin_zoom=1.350|speed|edge_zoom=0.750|bounds
128,1580.0,991.6,centroid,0.26,1354.1,584.5,1025.3,0.0,657.5,1168.9,1,78.1,1,1,shot_pb=1.00|conf_zoom=0.69|pb_zfit|keepin_prop=1.00|keepin_zoom=1.350|speed|edge_zoom=0.750|bounds
129,1580.0,989.1,centroid,0.27,1353.8,584.5,1025.0,0.0,657.5,1168.9,1,77.8,1,1,shot_pb=1.00|conf_zoom=0.69|pb_zfit|keepin_prop=1.00|keepin_zoom=1.350|speed|edge_zoom=0.750|bounds
130,1580.9,986.3,centroid,0.27,1353.9,584.5,1025.1,0.0,657.5,1168.9,1,77.0,1,1,shot_pb=1.00|conf_zoom=0.69|pb_zfit|keepin_prop=1.00|keepin_zoom=1.350|speed|edge_zoom=0.750|bounds
131,1582.5,983.3,centroid,0.27,1354.1,584.5,1025.4,0.0,657.5,1168.9,1,75.6,1,1,shot_pb=1.00|conf_zoom=0.70|pb_zfit|keepin_prop=1.00|keepin_zoom=1.350|speed|edge_zoom=0.750|bounds
132,1585.2,980.1,centroid,0.27,1354.5,584.5,1025.7,0.0,657.5,1168.9,1,73.3,1,1,shot_pb=1.00|conf_zoom=0.70|pb_zfit|keepin_prop=1.00|keepin_zoom=1.350|speed|edge_zoom=0.750|bounds
133,1588.9,976.7,centroid,0.28,1354.7,584.5,1025.9,0.0,657.5,1168.9,1,69.8,1,1,shot_pb=1.00|conf_zoom=0.70|pb_zfit|keepin_prop=1.00|keepin_zoom=1.350|speed|edge_zoom=0.750|bounds
134,1593.9,973.1,centroid,0.28,1354.7,584.5,1025.9,0.0,657.5,1168.9,1,64.8,1,1,shot_pb=1.00|flight_commit=1.00|pb_zfit|keepin_prop=0.97|keepin_zoom=1.350|speed|edge_zoom=0.750|bounds
135,1617.7,971.2,blended,0.73,1354.2,584.5,1025.4,0.0,657.5,1168.9,1,40.5,1,1,accel_zoom=0.919|shot_pb=1.00|flight_commit=1.00|pb_zfit|keepin_prop=0.88|keepin_zoom=1.350|speed|edge_zoom=0.750|bounds
136,1623.4,966.6,interp,0.50,1353.0,584.5,1024.3,0.0,657.5,1168.9,1,33.6,1,1,shot_pb=1.00|flight_commit=1.00|pb_zfit|keepin_prop=0.93|keepin_zoom=1.350|speed|edge_zoom=0.750|bounds
137,1622.8,961.0,interp,0.50,1351.2,584.5,1022.4,0.0,657.5,1168.9,1,32.4,1,1,shot_pb=1.00|flight_commit=1.00|pb_zfit|keepin_prop=0.96|keepin_zoom=1.350|speed|edge_zoom=0.750|bounds
138,1619.6,954.8,interp,0.50,1348.5,584.5,1019.7,0.0,657.5,1168.9,1,32.9,1,1,shot_pb=1.00|flight_commit=1.00|pb_zfit|keepin_prop=0.90|keepin_zoom=1.350|speed|edge_zoom=0.750|bounds
139,1614.0,948.1,interp,0.50,1344.8,584.5,1016.0,0.0,657.5,1168.9,1,34.8,1,1,shot_pb=1.00|flight_commit=1.00|pb_zfit|keepin_prop=0.85|keepin_zoom=1.350|speed|edge_zoom=0.750|bounds
140,1606.5,941.1,interp,0.50,1340.1,584.5,1011.4,0.0,657.5,1168.9,1,37.6,1,1,shot_pb=1.00|flight_commit=1.00|pb_zfit|keepin_prop=0.79|keepin_zoom=1.350|speed|edge_zoom=0.750|bounds
141,1597.2,933.7,interp,0.50,1334.5,584.5,1005.8,0.0,657.5,1168.9,1,41.3,1,1,shot_pb=1.00|flight_commit=1.00|pb_zfit|keepin_prop=0.75|keepin_zoom=1.350|speed|edge_zoom=0.750|bounds
142,1586.4,926.0,interp,0.50,1327.9,584.5,999.2,0.0,657.5,1168.9,1,45.5,1,1,shot_pb=1.00|flight_commit=1.00|pb_zfit|keepin_prop=0.70|keepin_zoom=1.350|speed|edge_zoom=0.750|bounds
143,1574.4,918.1,interp,0.50,1320.5,584.5,991.7,0.0,657.5,1168.9,1,50.1,1,1,shot_pb=1.00|flight_commit=1.00|pb_zfit|keepin_prop=0.66|keepin_zoom=1.350|speed|edge_zoom=0.750|bounds
144,1561.3,910.0,interp,0.50,1312.2,584.5,983.4,0.0,657.5,1168.9,1,54.9,1,1,shot_pb=1.00|flight_commit=1.00|pb_zfit|keepin_prop=0.61|keepin_zoom=1.350|speed|edge_zoom=0.750|bounds
145,1547.4,901.8,interp,0.50,1303.2,584.5,974.4,0.0,657.5,1168.9,1,59.8,1,1,shot_pb=1.00|flight_commit=1.00|pb_zfit|keepin_prop=0.57|keepin_zoom=1.350|speed|edge_zoom=0.750|bounds
146,1532.6,893.5,interp,0.50,1293.5,584.5,964.8,0.0,657.5,1168.9,1,64.9,1,1,shot_pb=1.00|flight_commit=1.00|pb_zfit|keepin_prop=0.53|keepin_zoom=1.350|speed|edge_zoom=0.750|bounds
147,1517.3,885.1,interp,0.50,1283.4,584.5,954.6,0.0,657.5,1168.9,1,70.1,1,1,shot_pb=1.00|flight_commit=1.00|pb_zfit|keepin_prop=0.49|keepin_zoom=1.350|speed|edge_zoom=0.750|bounds
148,1501.4,876.6,interp,0.50,1272.8,584.5,944.0,0.0,657.5,1168.9,1,75.4,1,1,shot_pb=1.00|flight_commit=1.00|pb_zfit|keepin_prop=0.45|keepin_zoom=1.350|speed|edge_zoom=0.750|bounds
149,1485.1,868.1,interp,0.50,1261.9,584.5,933.1,0.0,657.5,1168.9,1,80.8,1,1,shot_pb=1.00|flight_commit=1.00|pb_zfit|keepin_prop=0.42|keepin_zoom=1.350|speed|edge_zoom=0.760|bounds
150,1468.5,859.6,interp,0.50,1250.7,584.5,922.0,0.0,657.5,1168.9,1,86.2,1,1,shot_pb=1.00|flight_commit=1.00|pb_zfit|keepin_prop=0.38|keepin_zoom=1.350|speed|edge_zoom=0.772|bounds
151,1451.7,851.1,interp,0.50,1239.4,584.5,910.6,0.0,657.5,1168.9,1,91.7,1,1,shot_pb=1.00|flight_commit=1.00|pb_zfit|keepin_prop=0.35|keepin_zoom=1.350|speed|edge_zoom=0.783|bounds
152,1434.7,842.7,interp,0.50,1227.9,584.5,899.1,0.0,657.5,1168.9,1,97.2,1,1,shot_pb=1.00|flight_commit=1.00|pb_zfit|keepin_prop=0.32|keepin_zoom=1.350|speed|edge_zoom=0.793|bounds
153,1417.5,834.3,interp,0.50,1216.3,584.5,887.6,0.0,657.5,1168.9,1,102.8,1,1,shot_pb=1.00|flight_commit=1.00|pb_zfit|keepin_prop=0.29|keepin_zoom=1.350|speed|edge_zoom=0.803|bounds
154,1400.3,825.9,interp,0.50,1204.7,584.5,875.9,0.0,657.5,1168.9,1,108.4,1,1,shot_pb=1.00|flight_commit=1.00|pb_zfit|keepin_prop=0.26|keepin_zoom=1.350|speed|edge_zoom=0.813|bounds
155,1383.1,817.6,interp,0.50,1193.0,584.5,864.2,0.0,657.5,1168.9,1,113.9,1,1,shot_pb=1.00|flight_commit=1.00|pb_zfit|keepin_prop=0.24|keepin_zoom=1.350|speed|edge_zoom=0.822|bounds
156,1365.9,809.4,interp,0.50,1181.3,584.5,852.5,0.0,657.5,1168.9,1,119.4,1,1,shot_pb=1.00|flight_commit=1.00|pb_zfit|keepin_prop=0.21|keepin_zoom=1.350|speed|edge_zoom=0.830|bounds
157,1348.8,801.3,interp,0.50,1169.6,584.5,840.9,0.0,657.5,1168.9,1,124.8,1,1,shot_pb=1.00|flight_commit=1.00|pb_zfit|keepin_prop=0.19|keepin_zoom=1.350|speed|edge_zoom=0.838|bounds
158,1331.8,793.2,interp,0.50,1157.9,584.5,829.2,0.0,657.5,1168.9,1,130.1,1,1,shot_pb=1.00|flight_commit=1.00|pb_zfit|keepin_prop=0.17|keepin_zoom=1.350|speed|edge_zoom=0.845|bounds
159,1314.9,785.3,interp,0.50,1146.3,584.5,817.5,0.0,657.5,1168.9,1,135.4,1,1,shot_pb=1.00|flight_commit=1.00|pb_zfit|keepin_prop=0.15|keepin_zoom=1.350|speed|edge_zoom=0.852|bounds
160,1298.1,777.5,interp,0.50,1134.6,584.5,805.9,0.0,657.5,1168.9,1,140.5,1,1,shot_pb=1.00|flight_commit=1.00|pb_zfit|keepin_prop=0.13|keepin_zoom=1.350|speed|edge_zoom=0.858|bounds
161,1281.6,769.7,interp,0.50,1123.0,584.5,794.2,0.0,657.5,1168.9,1,145.4,1,1,shot_pb=1.00|flight_commit=1.00|pb_zfit|keepin_prop=0.11|keepin_zoom=1.350|speed|edge_zoom=0.864|bounds
162,1265.2,762.1,interp,0.50,1111.3,584.5,782.6,0.0,657.5,1168.9,1,150.1,1,1,shot_pb=1.00|flight_commit=1.00|pb_zfit|keepin_prop=0.10|keepin_zoom=1.350|speed|edge_zoom=0.869|bounds
163,1249.0,754.6,interp,0.50,1099.7,584.5,770.9,0.0,657.5,1168.9,1,154.7,1,1,shot_pb=1.00|flight_commit=1.00|pb_zfit|keepin_prop=0.08|keepin_zoom=1.350|speed|edge_zoom=0.874|bounds
164,1233.0,747.2,interp,0.50,1087.9,584.5,759.2,0.0,657.5,1168.9,1,158.9,1,1,shot_pb=1.00|flight_commit=1.00|pb_zfit|keepin_prop=0.07|keepin_zoom=1.350|speed|edge_zoom=0.878|bounds
165,1217.3,740.0,interp,0.50,1076.1,584.5,747.3,0.0,657.5,1168.9,1,162.8,1,1,shot_pb=1.00|flight_commit=1.00|pb_zfit|keepin_prop=0.06|keepin_zoom=1.350|speed|edge_zoom=0.882|bounds
166,1201.8,732.9,interp,0.50,1064.0,584.5,735.3,0.0,657.5,1168.9,1,166.2,1,1,shot_pb=1.00|flight_commit=1.00|pb_zfit|keepin_prop=0.05|keepin_zoom=1.350|speed|edge_zoom=0.886|bounds
167,1186.6,725.9,interp,0.50,1051.7,584.5,723.0,0.0,657.5,1168.9,1,169.1,1,1,shot_pb=1.00|flight_commit=1.00|pb_zfit|keepin_prop=0.04|keepin_zoom=1.350|speed|edge_zoom=0.889|bounds
168,1171.6,719.0,interp,0.50,1039.1,584.5,710.4,0.0,657.5,1168.9,1,171.5,1,1,shot_pb=1.00|flight_commit=1.00|pb_zfit|keepin_prop=0.03|keepin_zoom=1.350|speed|edge_zoom=0.892|bounds
169,1157.0,712.3,interp,0.50,1026.1,584.5,697.3,0.0,657.5,1168.9,1,173.1,1,1,shot_pb=1.00|flight_commit=1.00|pb_zfit|keepin_prop=0.03|keepin_zoom=1.350|speed|edge_zoom=0.894|bounds
170,1142.6,705.7,interp,0.50,1012.6,584.5,683.8,0.0,657.5,1168.9,1,174.0,1,1,shot_pb=1.00|flight_commit=1.00|pb_zfit|keepin_prop=0.02|keepin_zoom=1.350|speed|edge_zoom=0.896|bounds
171,1128.5,699.2,interp,0.50,998.5,584.5,669.7,0.0,657.5,1168.9,1,174.0,1,1,shot_pb=1.00|flight_commit=1.00|pb_zfit|keepin_prop=0.01|keepin_zoom=1.350|speed|edge_zoom=0.898|bounds
172,1114.7,692.9,interp,0.50,983.7,584.5,654.9,0.0,657.5,1168.9,1,173.0,1,1,shot_pb=1.00|flight_commit=1.00|pb_zfit|keepin_prop=0.01|keepin_zoom=1.350|speed|edge_zoom=0.899|bounds
173,1101.2,686.7,interp,0.50,968.3,584.5,639.5,0.0,657.5,1168.9,1,171.1,1,1,shot_pb=1.00|flight_commit=1.00|pb_zfit|keepin_prop=0.01|keepin_zoom=1.350|speed|edge_zoom=0.901|bounds
174,1088.0,680.6,interp,0.50,952.3,584.5,623.5,0.0,657.5,1168.9,1,168.3,1,1,shot_pb=1.00|flight_commit=1.00|pb_zfit|keepin_prop=0.00|keepin_zoom=1.350|speed|edge_zoom=0.902|bounds
175,1075.1,674.7,interp,0.50,935.7,584.5,606.9,0.0,657.5,1168.9,1,164.6,1,1,shot_pb=1.00|flight_commit=1.00|pb_zfit|keepin_prop=0.00|keepin_zoom=1.350|speed|edge_zoom=0.902|bounds
176,1062.6,668.9,interp,0.50,918.6,584.5,589.9,0.0,657.5,1168.9,1,160.0,1,1,shot_pb=1.00|flight_commit=1.00|pb_zfit|keepin_prop=0.00|keepin_zoom=1.350|speed|edge_zoom=0.903|bounds
177,1050.4,663.3,interp,0.50,901.3,584.5,572.5,0.0,657.5,1168.9,1,154.9,1,1,shot_pb=1.00|flight_commit=1.00|pb_zfit|keepin_prop=0.00|keepin_zoom=1.350|speed|edge_zoom=0.903|bounds
178,1038.5,657.8,interp,0.50,883.8,584.5,555.1,0.0,657.5,1168.9,1,149.3,0,0,shot_pb=1.00|flight_commit=1.00|pb_zfit|edge_zoom=0.915|bounds
179,1026.9,652.4,interp,0.50,866.5,584.4,537.8,0.0,657.5,1168.9,1,143.6,0,0,shot_pb=1.00|flight_commit=1.00|pb_zfit|edge_zoom=0.916|bounds
180,1015.7,647.2,interp,0.50,849.6,584.4,520.8,0.0,657.5,1168.8,1,137.9,0,0,shot_pb=1.00|flight_commit=1.00|pb_zfit|edge_zoom=0.918|bounds
181,1004.9,642.1,interp,0.50,833.2,584.4,504.5,0.0,657.4,1168.8,1,132.3,0,0,shot_pb=1.00|flight_commit=1.00|pb_zfit|edge_zoom=0.920|bounds
182,994.4,637.1,interp,0.50,817.6,584.4,488.9,0.0,657.4,1168.7,1,127.2,0,0,shot_pb=1.00|flight_commit=1.00|pb_zfit|edge_zoom=0.921|bounds
183,984.2,632.3,interp,0.50,802.9,584.3,474.3,0.0,657.4,1168.6,1,122.7,0,1,shot_pb=1.00|flight_commit=1.00|pb_zfit|keepin_prop=0.01|keepin_zoom=1.350|edge_zoom=0.909|bounds
184,974.5,627.6,interp,0.50,789.4,584.3,460.7,0.0,657.3,1168.5,1,118.9,0,0,shot_pb=1.00|flight_commit=1.00|pb_zfit|edge_zoom=0.925|bounds
185,965.1,623.1,interp,0.50,777.0,584.2,448.4,0.0,657.2,1168.4,1,115.9,0,1,shot_pb=1.00|flight_commit=1.00|person_ctx=4|keepin_prop=0.00|keepin_zoom=1.350|edge_zoom=0.914|bounds
186,956.1,618.7,interp,0.50,765.8,584.1,437.2,0.0,657.1,1168.2,1,113.7,0,0,shot_pb=1.00|flight_commit=1.00|person_ctx=4|edge_zoom=0.928|bounds
187,947.5,614.4,interp,0.50,755.8,584.0,427.3,0.0,657.0,1168.1,1,112.3,0,0,shot_pb=1.00|flight_commit=1.00|person_ctx=4|edge_zoom=0.929|bounds
188,939.3,610.3,interp,0.50,747.0,583.9,418.6,0.0,656.9,1167.9,1,111.7,0,1,shot_pb=1.00|flight_commit=1.00|person_ctx=4|keepin_prop=0.01|keepin_zoom=1.350|edge_zoom=0.915|bounds
189,931.6,606.3,interp,0.50,739.4,583.8,411.0,0.0,656.8,1167.7,1,111.8,0,0,shot_pb=1.00|flight_commit=1.00|person_ctx=4|edge_zoom=0.932|bounds
190,924.3,602.4,interp,0.50,733.0,583.7,404.7,0.0,656.7,1167.4,1,112.7,0,1,shot_pb=1.00|flight_commit=1.00|pb_zfit|keepin_prop=0.02|keepin_zoom=1.350|edge_zoom=0.917|bounds
191,917.4,598.6,interp,0.50,727.8,583.6,399.5,0.0,656.5,1167.2,1,114.4,0,0,shot_pb=1.00|flight_commit=1.00|edge_zoom=0.935|bounds
192,911.0,595.0,interp,0.50,723.7,583.4,395.6,0.0,656.4,1166.9,1,116.7,0,1,shot_pb=1.00|flight_commit=1.00|keepin_prop=0.01|keepin_zoom=1.350|edge_zoom=0.921|bounds
193,905.1,591.5,interp,0.50,721.0,583.3,392.9,0.0,656.2,1166.5,1,119.9,0,0,shot_pb=1.00|flight_commit=1.00|person_ctx=4|edge_zoom=0.938|bounds
194,899.7,588.1,interp,0.50,719.6,583.1,391.7,0.0,656.0,1166.2,1,123.9,0,0,shot_pb=1.00|flight_commit=1.00|person_ctx=3|edge_zoom=0.940|bounds
195,894.9,584.8,interp,0.50,719.7,582.9,391.9,0.0,655.7,1165.8,1,128.8,0,1,shot_pb=1.00|flight_commit=1.00|person_ctx=4|keepin_prop=0.01|keepin_zoom=1.350|edge_zoom=0.924|bounds
196,890.7,581.6,interp,0.50,721.4,582.7,393.7,0.0,655.5,1165.4,1,134.7,0,0,shot_pb=1.00|flight_commit=1.00|person_ctx=4|edge_zoom=0.944|bounds
197,887.0,578.5,interp,0.50,724.8,582.5,397.2,0.0,655.3,1164.9,1,141.8,0,1,shot_pb=1.00|flight_commit=1.00|person_ctx=4|keepin_prop=0.00|keepin_zoom=1.350|edge_zoom=0.928|bounds
198,884.0,575.5,interp,0.50,730.0,582.3,402.5,0.0,655.0,1164.5,1,150.0,0,0,shot_pb=1.00|flight_commit=1.00|person_ctx=4|edge_zoom=0.949|bounds
199,881.7,572.6,interp,0.50,737.0,582.1,409.6,0.0,654.8,1164.2,1,159.3,0,0,shot_pb=1.00|flight_commit=1.00|person_ctx=4|edge_zoom=0.952|bounds
200,880.1,569.8,interp,0.50,745.9,581.9,418.5,0.0,654.7,1163.9,1,169.8,0,0,shot_pb=1.00|flight_commit=1.00|edge_zoom=0.960|bounds
201,879.3,567.1,interp,0.50,756.5,581.9,429.2,0.0,654.6,1163.7,1,181.2,0,0,shot_pb=1.00|flight_commit=1.00|person_ctx=4|edge_zoom=0.967|bounds
202,879.4,564.4,interp,0.50,768.7,581.8,441.4,0.0,654.6,1163.7,1,193.3,0,0,shot_pb=1.00|flight_commit=1.00|person_ctx=4|edge_zoom=0.960|bounds
203,880.5,561.8,interp,0.50,782.5,581.9,455.2,0.0,654.6,1163.7,1,206.0,0,0,shot_pb=1.00|flight_commit=1.00|person_ctx=4|edge_zoom=0.959|bounds
204,882.5,559.2,interp,0.50,797.6,582.0,470.2,0.0,654.7,1163.9,1,219.1,0,0,shot_pb=1.00|flight_commit=1.00|person_ctx=4|edge_zoom=0.956|bounds
205,885.7,556.7,interp,0.50,813.7,582.1,486.3,0.0,654.9,1164.2,1,232.0,0,0,shot_pb=1.00|flight_commit=1.00|person_ctx=4|edge_zoom=0.952|bounds
206,890.1,554.1,interp,0.50,830.8,582.3,503.2,0.0,655.1,1164.6,1,244.7,0,0,shot_pb=1.00|flight_commit=1.00|edge_zoom=0.950|bounds
207,895.8,551.6,interp,0.50,848.5,582.5,520.9,0.0,655.4,1165.1,1,256.7,0,0,shot_pb=1.00|flight_commit=1.00|person_ctx=4|edge_zoom=0.948|bounds
208,903.0,549.0,interp,0.50,866.9,582.8,539.0,0.0,655.6,1165.6,1,267.9,0,1,shot_pb=1.00|flight_commit=1.00|person_ctx=4|keepin_prop=0.00|keepin_zoom=1.350|edge_zoom=0.937|bounds
209,911.9,546.3,interp,0.50,885.6,583.0,557.6,0.0,655.9,1166.1,1,277.7,0,0,shot_pb=1.00|flight_commit=1.00|person_ctx=4|edge_zoom=0.946|bounds
210,922.6,543.6,interp,0.50,904.7,583.3,576.6,0.0,656.2,1166.6,1,286.1,0,1,shot_pb=1.00|flight_commit=1.00|person_ctx=4|keepin_prop=0.00|keepin_zoom=1.350|edge_zoom=0.939|bounds
211,935.3,540.7,interp,0.50,924.2,583.5,596.0,0.0,656.5,1167.1,1,292.9,0,0,shot_pb=1.00|flight_commit=1.00|person_ctx=4|edge_zoom=0.946|bounds
212,950.3,537.7,interp,0.50,944.1,583.7,615.7,0.0,656.7,1167.5,1,297.8,0,0,shot_pb=1.00|flight_commit=1.00|person_ctx=4|edge_zoom=0.946|bounds
213,967.8,534.6,interp,0.50,964.3,583.9,635.9,0.0,656.9,1167.8,1,300.5,0,1,shot_pb=1.00|flight_commit=1.00|person_ctx=4|keepin_prop=0.01|keepin_zoom=1.350|edge_zoom=0.940|bounds
214,988.1,531.1,interp,0.50,984.9,584.1,656.4,0.0,657.1,1168.2,1,300.8,0,0,accel_zoom=0.943|shot_pb=1.00|flight_commit=1.00|pb_zfit|edge_zoom=0.947|bounds
215,1011.6,527.4,yolo,0.30,1005.9,584.2,677.3,0.0,657.2,1168.4,1,298.3,0,0,accel_zoom=0.934|shot_pb=1.00|flight_commit=1.00|pb_zfit|edge_zoom=0.948|bounds
216,1043.4,522.8,interp,0.38,1027.1,584.3,698.5,0.0,657.3,1168.6,1,287.7,0,1,accel_zoom=0.909|shot_pb=1.00|flight_commit=1.00|pb_zfit|keepin_prop=0.00|keepin_zoom=1.350|edge_zoom=0.945|bounds
217,1078.0,517.9,interp,0.38,1048.5,584.4,719.8,0.0,657.4,1168.7,1,274.5,0,0,accel_zoom=0.901|shot_pb=1.00|flight_commit=1.00|pb_zfit|edge_zoom=0.951|bounds
218,1114.5,512.8,interp,0.38,1069.8,584.4,741.1,0.0,657.4,1168.8,1,259.3,0,0,accel_zoom=0.895|shot_pb=1.00|flight_commit=1.00|pb_zfit|edge_zoom=0.953|bounds
219,1152.4,507.5,interp,0.38,1090.7,584.4,762.0,0.0,657.5,1168.9,1,242.3,0,0,accel_zoom=0.891|shot_pb=1.00|flight_commit=1.00|pb_zfit|edge_zoom=0.954|bounds
220,1190.9,502.1,interp,0.38,1111.0,584.4,782.2,0.0,657.5,1168.9,1,224.1,0,0,accel_zoom=0.889|shot_pb=1.00|flight_commit=1.00|pb_zfit|flight_boost=1.05|edge_zoom=0.956|bounds
221,1229.3,496.6,interp,0.38,1130.2,584.5,801.4,0.0,657.5,1168.9,1,204.9,0,0,accel_zoom=0.889|shot_pb=1.00|flight_commit=1.00|pb_zfit|flight_boost=1.10|edge_zoom=0.958|bounds
222,1267.0,491.2,interp,0.38,1147.8,584.5,819.1,0.0,657.5,1168.9,1,184.8,0,0,accel_zoom=0.889|shot_pb=1.00|flight_commit=1.00|pb_zfit|flight_boost=1.14|edge_zoom=0.959|bounds
223,1303.2,485.8,interp,0.38,1163.5,584.5,834.8,0.0,657.5,1168.9,1,164.3,0,0,accel_zoom=0.889|shot_pb=1.00|flight_commit=1.00|pb_zfit|flight_boost=1.16|edge_zoom=0.961|bounds
224,1337.3,480.5,interp,0.38,1176.8,584.5,848.1,0.0,657.5,1168.9,1,143.5,0,1,accel_zoom=0.889|shot_pb=1.00|flight_commit=1.00|pb_zfit|keepin_prop=0.00|keepin_zoom=1.350|flight_boost=1.16|edge_zoom=0.959|bounds
225,1368.5,475.3,interp,0.38,1187.3,584.5,858.6,0.0,657.5,1168.9,1,122.8,0,0,accel_zoom=0.889|shot_pb=1.00|flight_commit=1.00|pb_zfit|flight_boost=1.14|edge_zoom=0.965|bounds
226,1396.0,470.4,interp,0.38,1194.6,584.5,865.9,0.0,657.5,1168.9,1,102.6,0,0,accel_zoom=0.889|shot_pb=1.00|flight_commit=1.00|pb_zfit|flight_boost=1.11|edge_zoom=0.967|bounds
227,1419.0,465.7,interp,0.38,1198.4,584.5,869.7,0.0,657.5,1168.9,1,83.4,0,0,accel_zoom=0.889|shot_pb=1.00|flight_commit=1.00|pb_zfit|flight_boost=1.07|edge_zoom=0.969|bounds
228,1426.3,462.0,blended,0.71,1198.5,584.5,869.7,0.0,657.5,1168.9,1,76.2,0,1,shot_pb=1.00|flight_commit=1.00|pb_zfit|keepin_prop=0.00|keepin_zoom=1.350|edge_zoom=0.971|bounds
229,1435.1,458.5,blended,0.71,1194.6,584.5,865.9,0.0,657.5,1168.9,1,63.5,0,0,shot_pb=1.00|flight_commit=1.00|pb_zfit|edge_zoom=0.976|bounds
230,1449.1,454.6,interp,0.38,1186.9,584.5,858.1,0.0,657.5,1168.9,1,41.8,0,1,shot_pb=1.00|flight_commit=1.00|pb_zfit|keepin_prop=0.01|keepin_zoom=1.350|edge_zoom=0.967|bounds
231,1447.0,451.6,interp,0.38,1175.2,584.5,846.4,0.0,657.5,1168.9,1,32.2,0,0,shot_pb=1.00|flight_commit=1.00|pb_zfit|edge_zoom=0.991|bounds
232,1439.3,448.8,interp,0.38,1159.6,584.5,830.8,0.0,657.5,1168.9,1,24.3,0,0,shot_pb=1.00|flight_commit=1.00|pb_zfit|edge_zoom=0.978|bounds
233,1426.2,446.3,interp,0.38,1142.5,584.5,813.7,0.0,657.5,1168.9,1,20.3,0,0,shot_pb=1.00|flight_commit=1.00|pb_zfit|edge_zoom=0.870|bounds
234,1408.0,444.0,interp,0.38,1124.2,584.5,795.5,0.0,657.5,1168.9,1,20.2,0,0,shot_pb=1.00|flight_commit=1.00|pb_zfit|edge_zoom=0.884|bounds
235,1384.6,441.9,interp,0.38,1100.9,584.5,772.1,0.0,657.5,1168.9,1,20.3,0,0,accel_zoom=0.935|shot_pb=1.00|flight_commit=1.00|pb_zfit|edge_zoom=0.900|bounds
236,1356.2,439.9,interp,0.38,1072.4,584.5,743.6,0.0,657.5,1168.9,1,20.2,0,0,accel_zoom=0.923|shot_pb=1.00|flight_commit=1.00|pb_zfit|edge_zoom=0.919|bounds
237,1322.5,438.1,interp,0.38,1038.7,584.5,709.9,0.0,657.5,1168.9,1,20.2,0,0,accel_zoom=0.910|shot_pb=1.00|flight_commit=1.00|pb_zfit|edge_zoom=0.939|bounds
238,1283.4,436.4,interp,0.38,999.6,584.5,670.8,0.0,657.5,1168.9,1,20.2,0,0,accel_zoom=0.898|shot_pb=1.00|flight_commit=1.00|pb_zfit|edge_zoom=0.963|bounds
239,1238.6,434.7,interp,0.38,961.4,584.5,632.6,0.0,657.5,1168.9,1,26.8,0,0,accel_zoom=0.886|shot_pb=1.00|flight_commit=1.00|pb_zfit|edge_zoom=0.974|bounds
240,1181.3,433.7,blended,0.72,924.0,584.5,595.2,0.0,657.5,1168.9,1,46.7,0,0,accel_zoom=0.858|shot_pb=1.00|flight_commit=1.00|pb_zfit|flight_boost=1.11|edge_zoom=0.974|bounds
241,1113.4,431.7,blended,0.73,885.4,584.5,556.7,0.0,657.5,1168.9,1,76.0,0,0,accel_zoom=0.845|shot_pb=1.00|flight_commit=1.00|person_ctx=4|pb_zfit|flight_boost=1.25|edge_zoom=0.975|bounds
242,1044.3,429.8,blended,0.72,846.2,584.5,517.4,0.0,657.5,1168.9,1,105.9,0,0,accel_zoom=0.845|shot_pb=1.00|flight_commit=1.00|person_ctx=4|pb_zfit|flight_boost=1.38|edge_zoom=0.976|bounds
243,978.4,428.0,blended,0.71,806.7,584.5,477.9,0.0,657.5,1168.9,1,132.3,0,0,accel_zoom=0.845|shot_pb=1.00|flight_commit=1.00|person_ctx=4|pb_zfit|flight_boost=1.49|edge_zoom=0.976|bounds
244,916.1,426.0,blended,0.72,767.3,584.5,438.6,0.0,657.5,1168.9,1,155.2,0,0,accel_zoom=0.845|shot_pb=1.00|flight_commit=1.00|person_ctx=4|flight_boost=1.57|edge_zoom=0.977|bounds
245,858.0,424.2,blended,0.72,728.5,584.5,399.8,0.0,657.5,1168.9,1,174.5,0,0,accel_zoom=0.845|shot_pb=1.00|flight_commit=1.00|flight_boost=1.63|edge_zoom=0.977|bounds
246,804.0,422.4,blended,0.73,690.7,584.5,361.9,0.0,657.5,1168.9,1,190.7,0,0,accel_zoom=0.845|shot_pb=1.00|flight_commit=1.00|flight_boost=1.65|edge_zoom=0.978|bounds
247,753.7,420.5,blended,0.74,654.2,584.5,325.5,0.0,657.5,1168.9,1,204.5,0,0,accel_zoom=0.845|shot_pb=1.00|flight_commit=1.00|flight_boost=1.63|edge_zoom=0.979|bounds
248,706.3,418.6,blended,0.78,619.5,584.5,290.7,0.0,657.5,1168.9,1,217.2,0,0,shot_pb=1.00|flight_commit=1.00|flight_boost=1.57|edge_zoom=0.979|bounds
249,664.1,417.0,yolo,0.28,586.6,584.4,257.9,0.0,657.5,1168.9,1,226.5,0,0,shot_pb=1.00|flight_commit=1.00|flight_boost=1.50|edge_zoom=0.980|bounds
250,627.8,415.8,yolo,0.28,556.0,584.4,227.3,0.0,657.5,1168.8,1,232.2,0,0,shot_pb=1.00|flight_commit=1.00|flight_boost=1.41|edge_zoom=0.980|bounds
251,595.9,414.8,yolo,0.28,527.8,584.4,199.1,0.0,657.4,1168.8,1,235.9,0,0,shot_pb=1.00|flight_commit=1.00|flight_boost=1.32|edge_zoom=0.980|bounds
252,569.6,414.3,blended,0.78,502.0,584.3,173.3,0.0,657.4,1168.7,1,236.4,0,0,shot_pb=1.00|flight_commit=1.00|flight_boost=1.23|edge_zoom=0.980|bounds
253,544.0,413.5,interp,0.38,478.7,584.2,150.0,0.0,657.3,1168.5,1,238.7,0,1,shot_pb=1.00|flight_commit=1.00|keepin_prop=0.00|keepin_zoom=1.350|flight_boost=1.15|edge_zoom=0.980|bounds
254,523.2,413.1,interp,0.38,457.9,584.1,129.3,0.0,657.2,1168.3,1,238.7,0,0,shot_pb=1.00|flight_commit=1.00|flight_boost=1.06|edge_zoom=0.981|bounds
255,507.9,413.2,blended,0.77,439.5,584.0,111.0,0.0,657.0,1168.0,1,235.6,0,0,shot_pb=1.00|flight_commit=1.00|edge_zoom=0.980|bounds
256,492.5,413.1,blended,0.76,423.5,583.8,95.1,0.0,656.8,1167.6,1,235.0,0,1,shot_pb=1.00|flight_commit=1.00|keepin_prop=0.02|keepin_zoom=1.350|edge_zoom=0.979|bounds
257,477.7,413.0,blended,0.77,409.7,583.5,81.4,0.0,656.5,1167.1,1,236.0,0,0,shot_pb=1.00|flight_commit=1.00|edge_zoom=0.980|bounds
258,465.9,413.0,blended,0.76,398.0,583.2,69.9,0.0,656.1,1166.4,1,236.1,0,1,shot_pb=1.00|flight_commit=1.00|keepin_prop=0.01|keepin_zoom=1.350|edge_zoom=0.980|bounds
259,455.2,413.0,blended,0.76,388.3,582.8,60.5,0.0,655.7,1165.6,1,237.1,0,0,shot_pb=1.00|flight_commit=1.00|edge_zoom=0.980|bounds
260,445.3,413.1,blended,0.76,380.5,582.3,52.9,0.0,655.1,1164.7,1,239.2,0,1,shot_pb=1.00|flight_commit=1.00|keepin_prop=0.01|keepin_zoom=1.350|edge_zoom=0.980|bounds
261,438.8,413.4,blended,0.75,374.6,581.8,47.3,0.0,654.5,1163.6,1,239.8,0,0,shot_pb=1.00|flight_commit=1.00|edge_zoom=0.978|bounds
262,427.5,413.1,interp,0.38,370.5,581.2,43.5,0.0,653.9,1162.4,1,247.0,0,1,shot_pb=1.00|flight_commit=1.00|keepin_prop=0.01|keepin_zoom=1.350|edge_zoom=0.980|bounds
263,427.0,414.1,blended,0.74,368.1,580.6,41.5,0.0,653.1,1161.1,1,245.1,0,0,shot_pb=1.00|flight_commit=1.00|edge_zoom=0.959|bounds
264,422.6,414.6,blended,0.74,367.5,579.9,41.4,0.0,652.4,1159.8,1,248.9,0,0,shot_pb=1.00|flight_commit=1.00|edge_zoom=0.977|bounds
265,418.7,415.1,blended,0.74,368.8,579.2,43.0,0.0,651.6,1158.4,1,254.1,0,1,shot_pb=1.00|flight_commit=1.00|keepin_prop=0.02|keepin_zoom=1.350|edge_zoom=0.978|bounds
266,415.8,415.7,blended,0.73,371.8,578.5,46.3,0.0,650.8,1157.0,1,260.0,0,0,shot_pb=1.00|flight_commit=1.00|edge_zoom=0.973|bounds
267,412.0,416.3,blended,0.74,376.5,577.9,51.5,0.0,650.1,1155.7,1,268.5,0,1,shot_pb=1.00|flight_commit=1.00|keepin_prop=0.01|keepin_zoom=1.350|edge_zoom=0.978|bounds
268,404.1,416.4,interp,0.38,383.1,577.3,58.4,0.0,649.4,1154.5,1,283.0,0,0,shot_pb=1.00|flight_commit=1.00|edge_zoom=0.979|bounds
269,402.7,417.4,interp,0.38,391.4,576.8,66.9,0.0,648.8,1153.5,1,292.7,0,1,shot_pb=1.00|flight_commit=1.00|keepin_prop=0.00|keepin_zoom=1.350|edge_zoom=0.979|bounds
270,408.8,419.3,blended,0.73,401.2,576.3,77.1,0.0,648.4,1152.7,1,296.4,0,0,shot_pb=1.00|flight_commit=1.00|edge_zoom=0.970|bounds
271,406.0,420.4,blended,0.77,412.7,576.0,88.7,0.0,648.0,1152.0,1,297.3,0,0,shot_pb=1.00|flight_commit=1.00|edge_zoom=0.968|bounds
272,405.7,421.8,blended,0.78,425.5,575.8,101.6,0.0,647.8,1151.6,1,284.2,0,0,shot_pb=1.00|flight_commit=1.00|edge_zoom=0.950|bounds
273,408.9,423.9,blended,0.77,439.5,575.7,115.7,0.0,647.6,1151.3,1,273.4,0,0,shot_pb=1.00|flight_commit=1.00|edge_zoom=0.962|bounds
274,412.8,426.1,blended,0.76,454.6,575.6,130.8,0.0,647.6,1151.3,1,262.2,0,0,shot_pb=1.00|flight_commit=1.00|edge_zoom=0.962|bounds
275,413.8,428.3,interp,0.38,470.7,575.7,146.9,0.0,647.7,1151.4,1,247.1,0,0,shot_pb=1.00|flight_commit=1.00|edge_zoom=0.950|bounds
276,419.8,431.3,interp,0.38,487.6,575.8,163.7,0.0,647.8,1151.6,1,236.2,0,0,shot_pb=1.00|flight_commit=1.00|edge_zoom=0.962|bounds
277,427.6,434.7,interp,0.38,505.3,576.0,181.4,0.0,648.0,1151.9,1,226.3,0,0,shot_pb=1.00|flight_commit=1.00|person_ctx=4|edge_zoom=0.962|bounds
278,437.4,438.7,interp,0.38,523.7,576.2,199.7,0.0,648.2,1152.3,1,217.7,0,1,shot_pb=1.00|flight_commit=1.00|keepin_prop=0.02|keepin_zoom=1.350|edge_zoom=0.971|bounds
279,449.5,443.3,interp,0.38,542.9,576.4,218.6,0.0,648.4,1152.8,1,210.6,0,0,shot_pb=1.00|flight_commit=1.00|edge_zoom=0.961|bounds
280,468.6,449.0,blended,0.75,562.7,576.7,238.3,0.0,648.7,1153.3,1,209.9,0,1,shot_pb=1.00|flight_commit=1.00|keepin_prop=0.00|keepin_zoom=1.350|edge_zoom=0.969|bounds
281,479.9,454.4,interp,0.38,583.3,577.0,258.8,0.0,649.1,1153.9,1,200.6,0,0,shot_pb=1.00|flight_commit=1.00|edge_zoom=0.955|bounds
282,498.8,461.2,interp,0.38,604.7,577.4,280.0,0.0,649.5,1154.7,1,198.1,0,0,shot_pb=1.00|flight_commit=1.00|edge_zoom=0.955|bounds
283,520.9,468.9,interp,0.38,627.0,577.8,302.0,0.0,650.0,1155.6,1,197.9,0,1,shot_pb=1.00|flight_commit=1.00|keepin_prop=0.00|keepin_zoom=1.350|edge_zoom=0.962|bounds
284,553.4,478.4,blended,0.73,650.1,578.4,324.8,0.0,650.7,1156.7,1,207.3,0,0,shot_pb=1.00|flight_commit=1.00|edge_zoom=0.952|bounds
285,582.9,488.4,blended,0.71,674.1,579.0,348.4,0.0,651.3,1157.9,1,212.8,0,0,shot_pb=1.00|flight_commit=1.00|edge_zoom=0.947|bounds
286,613.7,499.5,blended,0.71,698.8,579.6,372.8,0.0,652.1,1159.2,1,218.9,0,0,shot_pb=1.00|flight_commit=1.00|edge_zoom=0.943|bounds
287,648.2,512.0,blended,0.70,724.3,580.3,397.9,0.0,652.8,1160.6,1,227.9,0,0,shot_pb=1.00|flight_commit=1.00|person_ctx=4|edge_zoom=0.939|bounds
288,685.6,526.1,blended,0.71,750.3,581.0,423.5,0.0,653.6,1162.0,1,239.3,0,0,shot_pb=1.00|flight_commit=1.00|person_ctx=4|flight_boost=1.03|edge_zoom=0.934|bounds
289,727.4,542.1,blended,0.70,776.7,581.6,449.5,0.0,654.3,1163.3,1,254.7,0,0,shot_pb=1.00|flight_commit=1.00|person_ctx=4|flight_boost=1.10|edge_zoom=0.929|bounds
290,786.9,564.9,blended,0.69,803.3,582.2,475.8,0.0,655.0,1164.5,1,287.6,0,0,accel_zoom=0.925|shot_pb=1.00|flight_commit=1.00|flight_boost=1.22|edge_zoom=0.922|bounds
291,845.1,586.6,blended,0.69,830.0,582.8,502.2,0.0,655.6,1165.5,1,288.9,0,0,accel_zoom=0.915|shot_pb=1.00|flight_commit=1.00|flight_boost=1.30|edge_zoom=0.915|bounds
292,890.8,605.4,blended,0.73,856.5,583.2,528.4,0.0,656.1,1166.4,1,269.7,0,0,accel_zoom=0.915|shot_pb=1.00|flight_commit=1.00|flight_boost=1.35|edge_zoom=0.909|bounds
293,949.0,630.3,blended,0.75,882.7,583.6,554.4,0.0,656.5,1167.1,1,237.7,0,0,accel_zoom=0.898|shot_pb=1.00|flight_commit=1.00|flight_boost=1.44|edge_zoom=0.900|bounds
294,1017.4,659.4,blended,0.76,908.4,583.8,580.0,0.0,656.8,1167.7,1,195.0,0,0,accel_zoom=0.859|shot_pb=1.00|flight_commit=1.00|pb_zfit|flight_boost=1.55|edge_zoom=0.891|bounds
295,1077.1,685.6,interp,0.38,933.5,584.1,604.9,0.0,657.1,1168.1,1,160.4,0,1,accel_zoom=0.859|shot_pb=1.00|flight_commit=1.00|pb_zfit|keepin_prop=0.00|keepin_zoom=1.350|flight_boost=1.62|edge_zoom=0.894|bounds
296,1132.7,707.0,blended,0.74,957.7,584.2,629.1,0.0,657.2,1168.4,1,129.0,0,1,accel_zoom=0.859|shot_pb=1.00|flight_commit=1.00|pb_zfit|keepin_prop=0.01|keepin_zoom=1.350|flight_boost=1.66|edge_zoom=0.885|bounds
297,1187.6,729.8,blended,0.73,981.0,584.3,652.3,0.0,657.4,1168.6,1,97.4,0,1,accel_zoom=0.859|shot_pb=1.00|flight_commit=1.00|pb_zfit|keepin_prop=0.02|keepin_zoom=1.350|flight_boost=1.65|edge_zoom=0.873|bounds
298,1235.6,750.2,blended,0.73,1003.1,584.4,674.4,0.0,657.4,1168.8,1,71.5,0,1,accel_zoom=0.859|shot_pb=1.00|flight_commit=1.00|pb_zfit|keepin_prop=0.05|keepin_zoom=1.350|flight_boost=1.62|edge_zoom=0.859|bounds
299,1277.2,768.2,blended,0.73,1024.0,584.4,695.3,0.0,657.5,1168.8,1,50.8,1,1,accel_zoom=0.859|shot_pb=1.00|flight_commit=1.00|pb_zfit|keepin_prop=0.07|keepin_zoom=1.350|flight_boost=1.61|speed|edge_zoom=0.844|bounds
300,1315.8,787.5,interp,0.38,1043.4,584.4,714.7,0.0,657.5,1168.9,1,31.6,1,1,accel_zoom=0.859|shot_pb=1.00|flight_commit=1.00|pb_zfit|keepin_prop=0.11|keepin_zoom=1.350|flight_boost=1.55|speed|edge_zoom=0.849|bounds
301,1343.8,800.1,interp,0.38,1061.1,584.5,732.4,0.0,657.5,1168.9,1,21.3,1,1,accel_zoom=0.859|shot_pb=1.00|flight_commit=1.00|pb_zfit|keepin_prop=0.14|keepin_zoom=1.350|flight_boost=1.43|speed|edge_zoom=0.857|bounds
302,1366.3,810.1,interp,0.38,1082.5,584.5,753.7,0.0,657.5,1168.9,1,20.2,1,1,shot_pb=1.00|flight_commit=1.00|pb_zfit|keepin_prop=0.16|keepin_zoom=1.350|flight_boost=1.31|speed|edge_zoom=0.849|bounds
303,1383.5,817.8,interp,0.38,1099.8,584.5,771.0,0.0,657.5,1168.9,1,20.3,1,1,shot_pb=1.00|flight_commit=1.00|pb_zfit|keepin_prop=0.18|keepin_zoom=1.350|flight_boost=1.19|speed|edge_zoom=0.842|bounds
304,1395.7,823.2,interp,0.38,1112.0,584.5,783.2,0.0,657.5,1168.9,1,20.3,1,1,shot_pb=1.00|flight_commit=1.00|pb_zfit|keepin_prop=0.19|keepin_zoom=1.350|flight_boost=1.06|speed|edge_zoom=0.837|bounds
305,1396.8,821.1,blended,0.71,1113.0,584.5,784.2,0.0,657.5,1168.9,1,20.2,1,1,shot_pb=1.00|flight_commit=1.00|pb_zfit|keepin_prop=0.29|keepin_zoom=1.350|speed|edge_zoom=0.805|bounds
306,1406.4,828.5,interp,0.38,1122.6,584.5,793.9,0.0,657.5,1168.9,1,20.2,1,1,shot_pb=1.00|flight_commit=1.00|pb_zfit|keepin_prop=0.19|keepin_zoom=1.350|speed|edge_zoom=0.837|bounds
307,1404.9,828.4,interp,0.38,1121.1,584.5,792.3,0.0,657.5,1168.9,1,20.2,1,1,shot_pb=1.00|flight_commit=1.00|pb_zfit|keepin_prop=0.24|keepin_zoom=1.350|speed|edge_zoom=0.820|bounds
308,1398.2,826.0,interp,0.38,1120.1,584.5,791.4,0.0,657.5,1168.9,1,25.9,1,1,shot_pb=1.00|flight_commit=1.00|pb_zfit|keepin_prop=0.26|keepin_zoom=1.350|speed|edge_zoom=0.815|bounds
309,1386.1,821.2,interp,0.38,1118.4,584.5,789.6,0.0,657.5,1168.9,1,36.3,1,1,shot_pb=1.00|flight_commit=1.00|pb_zfit|keepin_prop=0.24|keepin_zoom=1.350|speed|edge_zoom=0.820|bounds
310,1368.4,813.9,interp,0.38,1114.3,584.5,785.5,0.0,657.5,1168.9,1,49.9,1,1,accel_zoom=0.928|shot_pb=1.00|flight_commit=1.00|pb_zfit|keepin_prop=0.22|keepin_zoom=1.350|speed|edge_zoom=0.827|bounds
311,1344.7,804.0,interp,0.38,1108.1,584.5,779.3,0.0,657.5,1168.9,1,67.4,1,1,accel_zoom=0.928|shot_pb=1.00|flight_commit=1.00|pb_zfit|keepin_prop=0.20|keepin_zoom=1.350|speed|edge_zoom=0.836|bounds
312,1307.3,785.1,blended,0.70,1100.1,584.5,771.3,0.0,657.5,1168.9,1,96.8,1,1,accel_zoom=0.897|shot_pb=1.00|flight_commit=1.00|pb_zfit|keepin_prop=0.15|keepin_zoom=1.350|speed|edge_zoom=0.851|bounds
313,1261.0,766.6,blended,0.70,1090.7,584.5,761.9,0.0,657.5,1168.9,1,133.7,1,1,accel_zoom=0.872|shot_pb=1.00|flight_commit=1.00|pb_zfit|keepin_prop=0.11|keepin_zoom=1.350|speed|edge_zoom=0.867|bounds
314,1205.5,745.0,blended,0.71,1080.3,584.5,751.5,0.0,657.5,1168.9,1,178.8,1,1,accel_zoom=0.856|shot_pb=1.00|flight_commit=1.00|pb_zfit|keepin_prop=0.07|keepin_zoom=1.350|flight_boost=1.02|speed|edge_zoom=0.856|bounds
315,1153.7,726.2,blended,0.74,1069.4,584.5,740.7,0.0,657.5,1168.9,1,219.7,0,1,accel_zoom=0.856|shot_pb=1.00|flight_commit=1.00|pb_zfit|keepin_prop=0.04|keepin_zoom=1.350|flight_boost=1.16|edge_zoom=0.870|bounds
316,1108.3,710.2,blended,0.76,1058.6,584.5,729.9,0.0,657.5,1168.9,1,254.3,0,1,accel_zoom=0.856|shot_pb=1.00|flight_commit=1.00|pb_zfit|keepin_prop=0.02|keepin_zoom=1.350|flight_boost=1.26|edge_zoom=0.880|bounds
317,1070.4,697.5,yolo,0.28,1048.5,584.5,719.7,0.0,657.5,1168.9,1,282.1,0,1,accel_zoom=0.856|shot_pb=1.00|flight_commit=1.00|pb_zfit|keepin_prop=0.01|keepin_zoom=1.350|flight_boost=1.32|edge_zoom=0.887|bounds
318,1045.0,688.1,blended,0.79,1039.6,584.5,710.8,0.0,657.5,1168.9,1,298.6,0,1,accel_zoom=0.856|shot_pb=1.00|flight_commit=1.00|pb_zfit|keepin_prop=0.01|keepin_zoom=1.350|flight_boost=1.33|edge_zoom=0.892|bounds
319,1029.3,682.5,blended,0.78,1032.4,584.5,703.6,0.0,657.5,1168.9,1,300.9,0,1,shot_pb=1.00|flight_commit=1.00|pb_zfit|keepin_prop=0.00|keepin_zoom=1.350|flight_boost=1.25|edge_zoom=0.894|bounds
320,1023.2,680.8,blended,0.78,1027.4,584.5,698.6,0.0,657.5,1168.9,1,299.8,0,1,shot_pb=1.00|flight_commit=1.00|pb_zfit|keepin_prop=0.00|keepin_zoom=1.350|flight_boost=1.13|edge_zoom=0.895|bounds
321,1028.3,683.2,blended,0.77,1025.0,584.5,696.2,0.0,657.5,1168.9,1,300.7,0,1,shot_pb=1.00|flight_commit=1.00|pb_zfit|keepin_prop=0.00|keepin_zoom=1.350|edge_zoom=0.895|bounds
322,1057.4,695.3,blended,0.76,1025.5,584.5,696.7,0.0,657.5,1168.9,1,272.1,1,1,accel_zoom=0.888|shot_pb=1.00|flight_commit=1.00|pb_zfit|keepin_prop=0.00|keepin_zoom=1.350|speed|edge_zoom=0.894|bounds
323,1083.9,708.4,interp,0.38,1029.0,584.5,700.3,0.0,657.5,1168.9,1,249.1,1,1,accel_zoom=0.888|shot_pb=1.00|flight_commit=1.00|pb_zfit|keepin_prop=0.01|keepin_zoom=1.350|speed|edge_zoom=0.894|bounds
324,1119.1,723.4,interp,0.38,1035.7,584.5,706.9,0.0,657.5,1168.9,1,220.6,1,1,accel_zoom=0.888|shot_pb=1.00|flight_commit=1.00|pb_zfit|keepin_prop=0.02|keepin_zoom=1.350|speed|edge_zoom=0.894|bounds
325,1158.6,739.9,interp,0.38,1045.4,584.5,716.7,0.0,657.5,1168.9,1,190.8,1,1,accel_zoom=0.888|shot_pb=1.00|flight_commit=1.00|pb_zfit|keepin_prop=0.03|keepin_zoom=1.350|speed|edge_zoom=0.891|bounds
326,1201.2,757.6,interp,0.38,1058.1,584.5,729.3,0.0,657.5,1168.9,1,160.9,1,1,accel_zoom=0.884|shot_pb=1.00|flight_commit=1.00|pb_zfit|keepin_prop=0.06|keepin_zoom=1.350|speed|edge_zoom=0.884|bounds
327,1245.6,775.8,interp,0.38,1073.3,584.5,744.5,0.0,657.5,1168.9,1,131.7,1,1,accel_zoom=0.878|shot_pb=1.00|flight_commit=1.00|pb_zfit|keepin_prop=0.09|keepin_zoom=1.350|flight_boost=1.10|speed|edge_zoom=0.873|bounds
328,1290.5,794.2,interp,0.38,1090.7,584.5,761.9,0.0,657.5,1168.9,1,104.2,1,1,accel_zoom=0.875|shot_pb=1.00|flight_commit=1.00|pb_zfit|keepin_prop=0.12|keepin_zoom=1.350|flight_boost=1.22|speed|edge_zoom=0.861|bounds
329,1334.7,812.2,interp,0.38,1109.9,584.5,781.1,0.0,657.5,1168.9,1,79.2,1,1,accel_zoom=0.875|shot_pb=1.00|flight_commit=1.00|pb_zfit|keepin_prop=0.17|keepin_zoom=1.350|flight_boost=1.27|speed|edge_zoom=0.846|bounds
330,1375.0,827.0,blended,0.76,1130.4,584.5,801.7,0.0,657.5,1168.9,1,59.4,1,1,accel_zoom=0.875|shot_pb=1.00|flight_commit=1.00|pb_zfit|keepin_prop=0.21|keepin_zoom=1.350|flight_boost=1.31|speed|edge_zoom=0.832|bounds
331,1419.7,846.9,interp,0.38,1151.8,584.5,823.0,0.0,657.5,1168.9,1,36.1,1,1,accel_zoom=0.872|shot_pb=1.00|flight_commit=1.00|pb_zfit|keepin_prop=0.26|keepin_zoom=1.350|flight_boost=1.34|speed|edge_zoom=0.813|bounds
332,1436.8,854.2,interp,0.38,1173.6,584.5,844.9,0.0,657.5,1168.9,1,40.8,1,1,shot_pb=1.00|flight_commit=1.00|pb_zfit|keepin_prop=0.29|keepin_zoom=1.350|flight_boost=1.27|speed|edge_zoom=0.805|bounds
333,1461.6,864.5,interp,0.38,1195.4,584.5,866.7,0.0,657.5,1168.9,1,37.8,1,1,accel_zoom=0.882|shot_pb=1.00|flight_commit=1.00|pb_zfit|keepin_prop=0.32|keepin_zoom=1.350|flight_boost=1.21|speed|edge_zoom=0.792|bounds
334,1484.1,873.9,interp,0.38,1217.0,584.5,888.2,0.0,657.5,1168.9,1,36.9,1,1,accel_zoom=0.882|shot_pb=1.00|flight_commit=1.00|pb_zfit|keepin_prop=0.36|keepin_zoom=1.350|flight_boost=1.14|speed|edge_zoom=0.781|bounds
335,1504.7,882.5,interp,0.38,1237.8,584.5,909.1,0.0,657.5,1168.9,1,37.1,1,1,accel_zoom=0.882|shot_pb=1.00|flight_commit=1.00|pb_zfit|keepin_prop=0.39|keepin_zoom=1.350|flight_boost=1.07|speed|edge_zoom=0.770|bounds
336,1523.6,890.3,interp,0.38,1257.9,584.5,929.2,0.0,657.5,1168.9,1,38.3,1,1,shot_pb=1.00|flight_commit=1.00|pb_zfit|keepin_prop=0.42|keepin_zoom=1.350|speed|edge_zoom=0.759|bounds
337,1541.0,897.5,interp,0.38,1277.1,584.5,948.3,0.0,657.5,1168.9,1,40.1,1,1,shot_pb=1.00|flight_commit=1.00|pb_zfit|keepin_prop=0.45|keepin_zoom=1.350|speed|edge_zoom=0.750|bounds
338,1557.1,904.1,interp,0.38,1295.2,584.5,966.4,0.0,657.5,1168.9,1,42.1,1,1,shot_pb=1.00|flight_commit=1.00|pb_zfit|keepin_prop=0.48|keepin_zoom=1.350|speed|edge_zoom=0.750|bounds
339,1572.0,910.3,interp,0.38,1312.2,584.5,983.4,0.0,657.5,1168.9,1,44.2,1,1,shot_pb=1.00|flight_commit=1.00|pb_zfit|keepin_prop=0.51|keepin_zoom=1.350|speed|edge_zoom=0.750|bounds
340,1585.9,916.0,interp,0.38,1328.2,584.5,999.4,0.0,657.5,1168.9,1,46.3,1,1,shot_pb=1.00|flight_commit=1.00|pb_zfit|keepin_prop=0.53|keepin_zoom=1.350|speed|edge_zoom=0.750|bounds
341,1598.9,921.3,interp,0.38,1343.1,584.5,1014.4,0.0,657.5,1168.9,1,48.2,1,1,shot_pb=1.00|flight_commit=1.00|pb_zfit|keepin_prop=0.56|keepin_zoom=1.350|speed|edge_zoom=0.750|bounds
342,1611.1,926.2,interp,0.38,1357.1,584.5,1028.4,0.0,657.5,1168.9,1,50.0,1,1,shot_pb=1.00|flight_commit=1.00|pb_zfit|keepin_prop=0.58|keepin_zoom=1.350|speed|edge_zoom=0.750|bounds
343,1622.5,930.9,interp,0.38,1370.2,584.5,1041.5,0.0,657.5,1168.9,1,51.7,1,1,shot_pb=1.00|flight_commit=1.00|pb_zfit|keepin_prop=0.60|keepin_zoom=1.350|speed|edge_zoom=0.750|bounds
344,1633.4,935.3,interp,0.38,1382.5,584.5,1053.7,0.0,657.5,1168.9,1,53.1,1,1,shot_pb=1.00|flight_commit=1.00|pb_zfit|keepin_prop=0.63|keepin_zoom=1.350|speed|edge_zoom=0.750|bounds
345,1643.6,939.4,interp,0.38,1394.1,584.5,1065.3,0.0,657.5,1168.9,1,54.5,1,1,shot_pb=1.00|flight_commit=1.00|pb_zfit|keepin_prop=0.65|keepin_zoom=1.350|speed|edge_zoom=0.750|bounds
346,1653.4,943.4,interp,0.38,1404.9,584.5,1076.2,0.0,657.5,1168.9,1,55.5,1,1,shot_pb=1.00|flight_commit=1.00|pb_zfit|keepin_prop=0.67|keepin_zoom=1.350|speed|edge_zoom=0.750|bounds
347,1662.7,947.1,interp,0.38,1415.2,584.5,1086.4,0.0,657.5,1168.9,1,56.5,1,1,shot_pb=1.00|flight_commit=1.00|pb_zfit|keepin_prop=0.69|keepin_zoom=1.350|speed|edge_zoom=0.750|bounds
348,1671.6,950.7,interp,0.38,1424.9,584.5,1096.1,0.0,657.5,1168.9,1,57.3,1,1,shot_pb=1.00|flight_commit=1.00|pb_zfit|keepin_prop=0.70|keepin_zoom=1.350|speed|edge_zoom=0.750|bounds
349,1680.1,954.1,interp,0.38,1434.1,584.5,1105.3,0.0,657.5,1168.9,1,58.0,1,1,shot_pb=1.00|flight_commit=1.00|pb_zfit|keepin_prop=0.72|keepin_zoom=1.350|speed|edge_zoom=0.750|bounds
350,1688.3,957.3,interp,0.38,1442.9,584.5,1114.1,0.0,657.5,1168.9,1,58.6,1,1,shot_pb=1.00|flight_commit=1.00|pb_zfit|keepin_prop=0.74|keepin_zoom=1.350|speed|edge_zoom=0.750|bounds
351,1696.2,960.4,interp,0.38,1451.2,584.5,1122.4,0.0,657.5,1168.9,1,59.0,1,1,shot_pb=1.00|flight_commit=1.00|pb_zfit|keepin_prop=0.76|keepin_zoom=1.350|speed|edge_zoom=0.750|bounds
352,1703.8,963.4,interp,0.38,1459.1,584.5,1130.4,0.0,657.5,1168.9,1,59.3,1,1,shot_pb=1.00|flight_commit=1.00|pb_zfit|keepin_prop=0.77|keepin_zoom=1.350|speed|edge_zoom=0.750|bounds
353,1711.1,966.2,interp,0.38,1466.7,584.5,1138.0,0.0,657.5,1168.9,1,59.6,1,1,shot_pb=1.00|flight_commit=1.00|pb_zfit|keepin_prop=0.79|keepin_zoom=1.350|speed|edge_zoom=0.750|bounds
354,1718.1,968.9,interp,0.38,1473.9,584.5,1145.2,0.0,657.5,1168.9,1,59.8,1,1,shot_pb=1.00|flight_commit=1.00|pb_zfit|keepin_prop=0.80|keepin_zoom=1.350|speed|edge_zoom=0.750|bounds
355,1724.9,971.5,interp,0.38,1480.8,584.5,1152.1,0.0,657.5,1168.9,1,59.9,1,1,shot_pb=1.00|flight_commit=1.00|pb_zfit|keepin_prop=0.82|keepin_zoom=1.350|speed|edge_zoom=0.750|bounds
356,1731.5,974.0,interp,0.38,1487.4,584.5,1158.6,0.0,657.5,1168.9,1,59.9,1,1,shot_pb=1.00|flight_commit=1.00|pb_zfit|keepin_prop=0.83|keepin_zoom=1.350|speed|edge_zoom=0.750|bounds
357,1737.8,976.4,interp,0.38,1493.6,584.5,1164.9,0.0,657.5,1168.9,1,59.8,1,1,shot_pb=1.00|flight_commit=1.00|pb_zfit|keepin_prop=0.85|keepin_zoom=1.350|speed|edge_zoom=0.750|bounds
358,1743.8,978.6,interp,0.38,1499.5,584.5,1170.8,0.0,657.5,1168.9,1,59.7,1,1,shot_pb=1.00|flight_commit=1.00|pb_zfit|keepin_prop=0.86|keepin_zoom=1.350|speed|edge_zoom=0.750|bounds
359,1749.6,980.7,interp,0.38,1505.1,584.5,1176.3,0.0,657.5,1168.9,1,59.5,1,1,shot_pb=1.00|flight_commit=1.00|pb_zfit|keepin_prop=0.87|keepin_zoom=1.350|speed|edge_zoom=0.750|bounds
360,1755.1,982.7,interp,0.38,1510.4,584.5,1181.6,0.0,657.5,1168.9,1,59.3,1,1,shot_pb=1.00|flight_commit=1.00|pb_zfit|keepin_prop=0.89|keepin_zoom=1.350|speed|edge_zoom=0.750|bounds
361,1760.4,984.5,interp,0.38,1515.3,584.5,1186.6,0.0,657.5,1168.9,1,58.9,1,1,shot_pb=1.00|flight_commit=1.00|pb_zfit|keepin_prop=0.90|keepin_zoom=1.350|speed|edge_zoom=0.750|bounds
362,1765.3,986.1,interp,0.38,1520.0,584.5,1191.2,0.0,657.5,1168.9,1,58.7,1,1,shot_pb=1.00|flight_commit=1.00|pb_zfit|keepin_prop=0.91|keepin_zoom=1.350|speed|edge_zoom=0.750|bounds
363,1769.9,987.6,interp,0.38,1524.3,584.5,1195.5,0.0,657.5,1168.9,1,58.4,1,1,shot_pb=1.00|flight_commit=1.00|pb_zfit|keepin_prop=0.92|keepin_zoom=1.350|speed|edge_zoom=0.750|bounds
364,1774.1,988.8,interp,0.38,1528.3,584.5,1199.5,0.0,657.5,1168.9,1,58.2,1,1,shot_pb=1.00|flight_commit=1.00|pb_zfit|keepin_prop=0.93|keepin_zoom=1.350|speed|edge_zoom=0.750|bounds
365,1777.8,989.8,interp,0.38,1532.0,584.5,1203.3,0.0,657.5,1168.9,1,58.2,1,1,shot_pb=1.00|flight_commit=1.00|pb_zfit|keepin_prop=0.94|keepin_zoom=1.350|speed|edge_zoom=0.750|bounds
366,1781.2,990.6,interp,0.38,1535.5,584.5,1206.7,0.0,657.5,1168.9,1,58.3,1,1,shot_pb=1.00|flight_commit=1.00|pb_zfit|keepin_prop=0.95|keepin_zoom=1.350|speed|edge_zoom=0.750|bounds
367,1784.0,991.1,interp,0.38,1538.7,584.5,1209.9,0.0,657.5,1168.9,1,58.7,1,1,shot_pb=1.00|flight_commit=1.00|pb_zfit|keepin_prop=0.96|keepin_zoom=1.350|speed|edge_zoom=0.750|bounds
368,1786.2,991.3,interp,0.38,1541.7,584.5,1212.9,0.0,657.5,1168.9,1,59.5,1,1,shot_pb=1.00|flight_commit=1.00|pb_zfit|keepin_prop=0.98|keepin_zoom=1.350|speed|edge_zoom=0.750|bounds
369,1787.8,991.1,interp,0.38,1544.4,584.5,1215.6,0.0,657.5,1168.9,1,60.6,1,1,shot_pb=1.00|flight_commit=1.00|pb_zfit|keepin_prop=1.00|keepin_zoom=1.350|speed|edge_zoom=0.750|bounds
370,1779.5,983.1,blended,0.67,1546.9,584.5,1218.1,0.0,657.5,1168.9,1,71.4,1,1,shot_pb=1.00|flight_commit=1.00|pb_zfit|keepin_prop=1.00|keepin_zoom=1.350|speed|edge_zoom=0.750|bounds
371,1783.5,985.5,blended,0.70,1549.2,584.5,1220.4,0.0,657.5,1168.9,1,69.7,1,1,shot_pb=1.00|flight_commit=1.00|pb_zfit|keepin_prop=0.88|keepin_zoom=1.350|speed|edge_zoom=0.750|bounds
372,1790.4,990.2,blended,0.75,1551.2,584.5,1222.5,0.0,657.5,1168.9,1,64.8,1,1,shot_pb=1.00|flight_commit=1.00|pb_zfit|keepin_prop=0.90|keepin_zoom=1.350|speed|edge_zoom=0.750|bounds
373,1795.7,993.9,blended,0.78,1553.0,584.5,1224.2,0.0,657.5,1168.9,1,61.3,1,1,shot_pb=1.00|flight_commit=1.00|pb_zfit|keepin_prop=0.92|keepin_zoom=1.350|speed|edge_zoom=0.750|bounds
374,1800.1,997.0,yolo,0.28,1554.5,584.5,1225.8,0.0,657.5,1168.9,1,58.4,1,1,shot_pb=1.00|flight_commit=1.00|pb_zfit|keepin_prop=0.94|keepin_zoom=1.350|speed|edge_zoom=0.750|bounds
375,1802.4,998.5,yolo,0.29,1555.7,584.5,1227.0,0.0,657.5,1168.9,1,57.3,1,1,shot_pb=1.00|flight_commit=1.00|pb_zfit|keepin_prop=0.95|keepin_zoom=1.350|speed|edge_zoom=0.750|bounds
376,1804.1,999.8,yolo,0.30,1556.6,584.5,1227.9,0.0,657.5,1168.9,1,56.5,1,1,shot_pb=1.00|flight_commit=1.00|pb_zfit|keepin_prop=0.96|keepin_zoom=1.350|speed|edge_zoom=0.750|bounds
377,1805.2,1000.7,yolo,0.30,1557.1,584.5,1228.4,0.0,657.5,1168.9,1,55.9,1,1,shot_pb=1.00|flight_commit=1.00|pb_zfit|keepin_prop=0.97|keepin_zoom=1.350|speed|edge_zoom=0.750|bounds
378,1805.8,1001.4,yolo,0.30,1557.2,584.5,1228.5,0.0,657.5,1168.9,1,55.4,1,1,shot_pb=1.00|flight_commit=1.00|pb_zfit|keepin_prop=0.97|keepin_zoom=1.350|speed|edge_zoom=0.750|bounds
379,1805.8,1001.8,yolo,0.29,1556.9,584.5,1228.1,0.0,657.5,1168.9,1,55.1,1,1,shot_pb=1.00|flight_commit=1.00|pb_zfit|keepin_prop=0.97|keepin_zoom=1.350|speed|edge_zoom=0.750|bounds
380,1805.4,1001.9,interp,0.38,1556.0,584.5,1227.2,0.0,657.5,1168.9,1,54.6,1,1,shot_pb=1.00|flight_commit=1.00|pb_zfit|keepin_prop=1.00|keepin_zoom=1.350|speed|edge_zoom=0.750|bounds
381,1804.3,1001.8,interp,0.38,1554.6,584.5,1225.9,0.0,657.5,1168.9,1,54.3,1,1,shot_pb=1.00|flight_commit=1.00|pb_zfit|keepin_prop=1.00|keepin_zoom=1.350|speed|edge_zoom=0.750|bounds
382,1802.7,1001.3,interp,0.38,1552.7,584.5,1223.9,0.0,657.5,1168.9,1,54.0,1,1,shot_pb=1.00|flight_commit=1.00|pb_zfit|keepin_prop=1.00|keepin_zoom=1.350|speed|edge_zoom=0.750|bounds
383,1800.5,1000.6,interp,0.38,1550.1,584.5,1221.4,0.0,657.5,1168.9,1,53.6,1,1,shot_pb=1.00|flight_commit=1.00|pb_zfit|keepin_prop=1.00|keepin_zoom=1.350|speed|edge_zoom=0.750|bounds
384,1797.7,999.6,interp,0.38,1547.0,584.5,1218.2,0.0,657.5,1168.9,1,53.3,1,1,shot_pb=1.00|flight_commit=1.00|pb_zfit|keepin_prop=1.00|keepin_zoom=1.350|speed|edge_zoom=0.750|bounds
385,1794.2,998.3,interp,0.38,1543.1,584.5,1214.4,0.0,657.5,1168.9,1,52.9,1,1,shot_pb=1.00|flight_commit=1.00|pb_zfit|keepin_prop=1.00|keepin_zoom=1.350|speed|edge_zoom=0.750|bounds
386,1789.3,996.3,blended,0.79,1538.6,584.5,1209.8,0.0,657.5,1168.9,1,53.3,1,1,shot_pb=1.00|flight_commit=1.00|pb_zfit|keepin_prop=1.00|keepin_zoom=1.350|speed|edge_zoom=0.750|bounds
387,1782.2,993.1,blended,0.77,1533.3,584.5,1204.5,0.0,657.5,1168.9,1,55.1,1,1,shot_pb=1.00|flight_commit=1.00|pb_zfit|keepin_prop=1.00|keepin_zoom=1.350|speed|edge_zoom=0.750|bounds
388,1776.7,991.0,blended,0.76,1527.1,584.5,1198.3,0.0,657.5,1168.9,1,54.4,1,1,shot_pb=1.00|flight_commit=1.00|pb_zfit|keepin_prop=1.00|keepin_zoom=1.350|speed|edge_zoom=0.750|bounds
389,1771.2,989.2,blended,0.76,1520.0,584.5,1191.3,0.0,657.5,1168.9,1,52.8,1,1,shot_pb=1.00|flight_commit=1.00|pb_zfit|keepin_prop=1.00|keepin_zoom=1.350|speed|edge_zoom=0.750|bounds
390,1769.7,989.7,interp,0.38,1512.0,584.5,1183.2,0.0,657.5,1168.9,1,46.3,1,1,shot_pb=1.00|flight_commit=1.00|pb_zfit|keepin_prop=0.93|keepin_zoom=1.350|speed|edge_zoom=0.750|bounds
391,1763.3,987.6,interp,0.38,1502.9,584.5,1174.1,0.0,657.5,1168.9,1,43.6,1,1,shot_pb=1.00|flight_commit=1.00|pb_zfit|keepin_prop=1.00|keepin_zoom=1.350|speed|edge_zoom=0.750|bounds
392,1755.7,985.0,interp,0.38,1492.7,584.5,1163.9,0.0,657.5,1168.9,1,41.0,1,1,shot_pb=1.00|flight_commit=1.00|pb_zfit|keepin_prop=1.00|keepin_zoom=1.350|speed|edge_zoom=0.750|bounds
393,1746.8,981.8,interp,0.38,1481.2,584.5,1152.4,0.0,657.5,1168.9,1,38.4,1,1,shot_pb=1.00|flight_commit=1.00|pb_zfit|keepin_prop=0.98|keepin_zoom=1.350|speed|edge_zoom=0.750|bounds
394,1736.3,978.1,interp,0.38,1468.4,584.5,1139.6,0.0,657.5,1168.9,1,36.1,1,1,shot_pb=1.00|flight_commit=1.00|pb_zfit|keepin_prop=0.96|keepin_zoom=1.350|speed|edge_zoom=0.750|bounds
395,1724.2,973.7,interp,0.38,1454.2,584.5,1125.5,0.0,657.5,1168.9,1,34.0,1,1,shot_pb=1.00|flight_commit=1.00|pb_zfit|keepin_prop=0.93|keepin_zoom=1.350|speed|edge_zoom=0.750|bounds
396,1710.2,968.6,interp,0.38,1438.6,584.5,1109.9,0.0,657.5,1168.9,1,32.4,1,1,shot_pb=1.00|flight_commit=1.00|pb_zfit|keepin_prop=0.90|keepin_zoom=1.350|speed|edge_zoom=0.750|bounds
397,1694.1,962.6,interp,0.38,1421.5,584.5,1092.7,0.0,657.5,1168.9,1,31.4,1,1,shot_pb=1.00|flight_commit=1.00|pb_zfit|keepin_prop=0.87|keepin_zoom=1.350|speed|edge_zoom=0.750|bounds
398,1675.6,955.7,interp,0.38,1402.8,584.5,1074.1,0.0,657.5,1168.9,1,31.2,1,1,accel_zoom=0.941|shot_pb=1.00|flight_commit=1.00|pb_zfit|keepin_prop=0.83|keepin_zoom=1.350|speed|edge_zoom=0.750|bounds
399,1654.5,947.8,interp,0.38,1382.5,584.5,1053.8,0.0,657.5,1168.9,1,32.0,1,1,accel_zoom=0.933|shot_pb=1.00|flight_commit=1.00|pb_zfit|keepin_prop=0.79|keepin_zoom=1.350|speed|edge_zoom=0.750|bounds
400,1630.4,938.8,interp,0.38,1360.6,584.5,1031.9,0.0,657.5,1168.9,1,34.2,1,1,accel_zoom=0.924|shot_pb=1.00|flight_commit=1.00|pb_zfit|keepin_prop=0.74|keepin_zoom=1.350|speed|edge_zoom=0.750|bounds
401,1602.8,928.4,interp,0.38,1337.0,584.5,1008.3,0.0,657.5,1168.9,1,38.2,1,1,accel_zoom=0.914|shot_pb=1.00|flight_commit=1.00|pb_zfit|keepin_prop=0.68|keepin_zoom=1.350|speed|edge_zoom=0.750|bounds
402,1560.4,913.1,blended,0.70,1311.7,584.5,982.9,0.0,657.5,1168.9,1,55.3,1,1,accel_zoom=0.867|shot_pb=1.00|flight_commit=1.00|pb_zfit|keepin_prop=0.60|keepin_zoom=1.350|speed|edge_zoom=0.750|bounds
403,1535.8,903.0,interp,0.38,1284.6,584.5,955.8,0.0,657.5,1168.9,1,52.8,1,1,accel_zoom=0.867|shot_pb=1.00|flight_commit=1.00|pb_zfit|keepin_prop=0.56|keepin_zoom=1.350|speed|edge_zoom=0.750|bounds
404,1496.0,887.7,interp,0.38,1255.6,584.5,926.9,0.0,657.5,1168.9,1,63.6,1,1,accel_zoom=0.867|shot_pb=1.00|flight_commit=1.00|pb_zfit|keepin_prop=0.49|keepin_zoom=1.350|flight_boost=1.01|speed|edge_zoom=0.750|bounds
405,1452.0,870.9,interp,0.38,1224.8,584.5,896.0,0.0,657.5,1168.9,1,76.8,1,1,accel_zoom=0.867|shot_pb=1.00|flight_commit=1.00|pb_zfit|keepin_prop=0.42|keepin_zoom=1.350|flight_boost=1.09|speed|edge_zoom=0.760|bounds
406,1403.8,852.5,interp,0.38,1192.0,584.5,863.2,0.0,657.5,1168.9,1,92.2,1,1,accel_zoom=0.858|shot_pb=1.00|flight_commit=1.00|pb_zfit|keepin_prop=0.35|keepin_zoom=1.350|flight_boost=1.17|speed|edge_zoom=0.784|bounds
407,1351.3,832.4,interp,0.38,1157.3,584.5,828.5,0.0,657.5,1168.9,1,110.0,1,1,accel_zoom=0.850|shot_pb=1.00|flight_commit=1.00|pb_zfit|keepin_prop=0.28|keepin_zoom=1.350|flight_boost=1.26|speed|edge_zoom=0.808|bounds
408,1289.2,809.8,blended,0.75,1120.5,584.5,791.8,0.0,657.5,1168.9,1,135.3,1,1,accel_zoom=0.827|shot_pb=1.00|flight_commit=1.00|pb_zfit|keepin_prop=0.21|keepin_zoom=1.350|flight_boost=1.37|speed|edge_zoom=0.832|bounds
409,1218.0,781.4,blended,0.79,1081.9,584.5,753.1,0.0,657.5,1168.9,1,167.9,1,1,accel_zoom=0.816|shot_pb=1.00|flight_commit=1.00|pb_zfit|keepin_prop=0.14|keepin_zoom=1.350|flight_boost=1.46|speed|edge_zoom=0.820|bounds
410,1152.0,755.9,interp,0.38,1041.4,584.5,712.6,0.0,657.5,1168.9,1,193.4,0,1,accel_zoom=0.816|shot_pb=1.00|flight_commit=1.00|pb_zfit|keepin_prop=0.08|keepin_zoom=1.350|flight_boost=1.59|edge_zoom=0.844|bounds
411,1085.5,730.3,yolo,0.29,999.3,584.5,670.5,0.0,657.5,1168.9,1,217.8,0,1,accel_zoom=0.816|shot_pb=1.00|flight_commit=1.00|pb_zfit|keepin_prop=0.04|keepin_zoom=1.350|flight_boost=1.67|edge_zoom=0.866|bounds
412,1021.5,705.9,interp,0.38,955.8,584.5,627.0,0.0,657.5,1168.9,1,238.3,0,1,accel_zoom=0.816|shot_pb=1.00|flight_commit=1.00|pb_zfit|keepin_prop=0.02|keepin_zoom=1.350|flight_boost=1.73|edge_zoom=0.882|bounds
413,959.2,682.2,yolo,0.30,911.3,584.5,582.5,0.0,657.5,1168.9,1,256.1,0,1,accel_zoom=0.816|shot_pb=1.00|flight_commit=1.00|keepin_prop=0.00|keepin_zoom=1.350|flight_boost=1.77|edge_zoom=0.894|bounds
414,896.0,658.3,yolo,0.31,866.1,584.5,537.3,0.0,657.5,1168.9,1,274.1,0,0,accel_zoom=0.816|shot_pb=1.00|flight_commit=1.00|person_ctx=4|flight_boost=1.81|edge_zoom=0.913|bounds
415,838.7,636.7,yolo,0.33,820.7,584.5,492.0,0.0,657.5,1168.9,1,286.0,0,0,accel_zoom=0.816|shot_pb=1.00|flight_commit=1.00|person_ctx=4|flight_boost=1.79|edge_zoom=0.919|bounds
416,790.0,618.4,interp,0.38,775.7,584.5,447.0,0.0,657.5,1168.9,1,289.7,0,0,accel_zoom=0.816|shot_pb=1.00|flight_commit=1.00|flight_boost=1.72|edge_zoom=0.925|bounds
417,745.7,601.8,yolo,0.32,731.6,584.5,402.8,0.0,657.5,1168.9,1,289.9,0,0,shot_pb=1.00|flight_commit=1.00|flight_boost=1.65|edge_zoom=0.930|bounds
418,704.4,586.5,yolo,0.32,688.8,584.5,360.1,0.0,657.5,1168.9,1,288.4,0,0,shot_pb=1.00|flight_commit=1.00|flight_boost=1.57|edge_zoom=0.935|bounds
419,668.9,573.4,yolo,0.33,648.0,584.5,319.2,0.0,657.5,1168.9,1,283.1,0,0,shot_pb=1.00|flight_commit=1.00|flight_boost=1.49|edge_zoom=0.939|bounds
420,654.7,568.6,yolo,0.32,609.4,584.5,280.7,0.0,657.5,1168.9,1,258.7,0,0,shot_pb=1.00|flight_commit=1.00|flight_boost=1.34|edge_zoom=0.940|bounds
421,633.3,561.0,yolo,0.31,573.6,584.5,244.9,0.0,657.5,1168.9,1,244.3,0,0,shot_pb=1.00|flight_commit=1.00|flight_boost=1.21|edge_zoom=0.943|bounds
422,598.9,548.5,yolo,0.30,540.9,584.5,212.1,0.0,657.5,1168.9,1,246.0,0,0,shot_pb=1.00|flight_commit=1.00|flight_boost=1.14|edge_zoom=0.947|bounds
423,568.8,537.7,interp,0.38,511.5,584.5,182.8,0.0,657.5,1168.9,1,246.7,0,0,shot_pb=1.00|flight_commit=1.00|person_ctx=4|flight_boost=1.08|edge_zoom=0.950|bounds
424,539.5,527.2,interp,0.38,485.7,584.5,156.9,0.0,657.5,1168.9,1,250.2,0,0,shot_pb=1.00|flight_commit=1.00|person_ctx=4|flight_boost=1.03|edge_zoom=0.954|bounds
425,511.5,517.2,yolo,0.31,463.6,584.5,134.9,0.0,657.5,1168.9,1,256.1,0,1,shot_pb=1.00|flight_commit=1.00|person_ctx=4|keepin_prop=0.00|keepin_zoom=1.350|edge_zoom=0.947|bounds
426,485.5,508.0,interp,0.38,445.4,584.5,116.6,0.0,657.5,1168.9,1,263.9,0,0,shot_pb=1.00|flight_commit=1.00|person_ctx=4|edge_zoom=0.960|bounds
427,461.5,499.5,yolo,0.28,431.0,584.5,102.3,0.0,657.5,1168.9,1,273.5,0,0,shot_pb=1.00|flight_commit=1.00|person_ctx=4|edge_zoom=0.962|bounds
428,439.8,492.0,blended,0.80,420.6,584.5,91.9,0.0,657.5,1168.9,1,284.8,0,0,shot_pb=1.00|flight_commit=1.00|person_ctx=4|edge_zoom=0.964|bounds
429,422.6,486.2,blended,0.79,414.1,584.5,85.4,0.0,657.5,1168.9,1,295.5,0,1,shot_pb=1.00|flight_commit=1.00|person_ctx=4|keepin_prop=0.00|keepin_zoom=1.350|edge_zoom=0.957|bounds
430,408.5,481.0,interp,0.38,411.5,584.5,82.7,0.0,657.5,1168.9,1,301.0,0,0,shot_pb=1.00|flight_commit=1.00|person_ctx=4|edge_zoom=0.965|bounds
431,397.9,477.1,yolo,0.28,412.5,584.5,83.7,0.0,657.5,1168.9,1,289.4,0,0,shot_pb=1.00|flight_commit=1.00|person_ctx=4|edge_zoom=0.908|bounds
432,390.2,474.3,yolo,0.33,417.0,584.5,88.2,0.0,657.5,1168.9,1,277.2,0,0,shot_pb=1.00|flight_commit=1.00|person_ctx=4|edge_zoom=0.904|bounds
433,385.8,472.5,yolo,0.35,424.7,584.5,95.9,0.0,657.5,1168.9,1,265.1,0,0,shot_pb=1.00|flight_commit=1.00|person_ctx=3|edge_zoom=0.904|bounds
434,384.7,471.8,yolo,0.36,435.3,584.5,106.5,0.0,657.5,1168.9,1,253.4,0,0,shot_pb=1.00|flight_commit=1.00|person_ctx=3|edge_zoom=0.920|bounds
435,387.1,472.1,yolo,0.35,448.2,584.5,119.5,0.0,657.5,1168.9,1,242.9,0,0,shot_pb=1.00|flight_commit=1.00|person_ctx=4|edge_zoom=0.958|bounds
436,393.0,473.5,yolo,0.38,463.2,584.5,134.4,0.0,657.5,1168.9,1,233.8,0,0,shot_pb=1.00|flight_commit=1.00|person_ctx=4|edge_zoom=0.955|bounds
437,402.5,476.0,yolo,0.36,479.6,584.5,150.8,0.0,657.5,1168.9,1,226.9,0,0,shot_pb=1.00|flight_commit=1.00|person_ctx=4|edge_zoom=0.953|bounds
438,415.9,479.7,yolo,0.32,496.9,584.5,168.2,0.0,657.5,1168.9,1,223.0,0,0,shot_pb=1.00|flight_commit=1.00|person_ctx=4|edge_zoom=0.952|bounds
439,433.3,484.6,yolo,0.29,514.7,584.5,186.0,0.0,657.5,1168.9,1,222.6,0,0,shot_pb=1.00|flight_commit=1.00|person_ctx=4|edge_zoom=0.950|bounds
440,476.7,498.9,centroid,0.22,532.5,584.5,203.7,0.0,657.5,1168.9,1,248.2,0,0,shot_pb=1.00|flight_commit=1.00|person_ctx=4|edge_zoom=0.944|bounds
441,499.2,504.7,centroid,0.23,549.7,584.4,221.0,0.0,657.5,1168.9,1,253.5,0,1,shot_pb=1.00|flight_commit=1.00|person_ctx=3|keepin_prop=0.00|keepin_zoom=1.350|edge_zoom=0.951|bounds
442,520.9,510.0,centroid,0.23,566.1,584.4,237.4,0.0,657.5,1168.9,1,258.8,0,0,shot_pb=1.00|flight_commit=1.00|person_ctx=4|edge_zoom=0.943|bounds
443,541.7,514.7,centroid,0.23,581.2,584.4,252.5,0.0,657.4,1168.8,1,264.5,0,0,shot_pb=1.00|flight_commit=1.00|person_ctx=4|edge_zoom=0.942|bounds
444,561.5,518.9,centroid,0.23,594.8,584.3,266.2,0.0,657.4,1168.6,1,270.7,0,1,shot_pb=1.00|flight_commit=1.00|keepin_prop=0.01|keepin_zoom=1.350|edge_zoom=0.945|bounds
445,580.3,522.7,centroid,0.24,606.6,584.2,278.0,0.0,657.2,1168.4,1,277.7,0,0,shot_pb=1.00|flight_commit=1.00|edge_zoom=0.940|bounds
446,597.8,526.1,centroid,0.24,616.5,584.0,288.0,0.0,657.0,1168.0,1,285.3,0,1,shot_pb=1.00|flight_commit=1.00|keepin_prop=0.00|keepin_zoom=1.350|edge_zoom=0.944|bounds
447,614.0,528.9,centroid,0.24,624.2,583.7,295.9,0.0,656.7,1167.4,1,293.8,0,0,shot_pb=1.00|conf_zoom=0.70|conf_speed=0.83|edge_zoom=0.939|bounds
448,628.6,531.3,centroid,0.24,629.8,583.3,301.7,0.0,656.2,1166.5,1,302.8,0,0,shot_pb=1.00|conf_zoom=0.69|conf_speed=0.83|edge_zoom=0.938|bounds
449,641.4,533.2,centroid,0.25,633.2,582.7,305.5,0.0,655.5,1165.3,1,295.8,0,1,shot_pb=1.00|conf_zoom=0.69|keepin_prop=0.01|keepin_zoom=1.350|conf_speed=0.83|edge_zoom=0.941|bounds
450,652.3,534.4,centroid,0.25,634.7,581.8,307.4,0.0,654.6,1163.7,1,286.4,0,0,shot_pb=1.00|conf_zoom=0.69|conf_speed=0.83|edge_zoom=0.939|bounds
451,660.9,535.0,centroid,0.25,634.4,580.8,307.7,0.0,653.4,1161.6,1,277.5,0,1,shot_pb=1.00|conf_zoom=0.69|keepin_prop=0.01|keepin_zoom=1.350|conf_speed=0.83|edge_zoom=0.941|bounds
452,666.9,534.7,centroid,0.25,632.7,579.5,306.7,0.0,651.9,1159.0,1,269.8,0,0,shot_pb=1.00|conf_zoom=0.69|conf_speed=0.83|edge_zoom=0.943|bounds
453,670.0,533.6,centroid,0.26,630.1,578.0,305.0,0.0,650.2,1155.9,1,264.1,0,1,shot_pb=1.00|conf_zoom=0.69|keepin_prop=0.01|keepin_zoom=1.350|conf_speed=0.83|edge_zoom=0.941|bounds
454,669.8,531.3,centroid,0.26,627.1,576.3,303.0,0.0,648.3,1152.6,1,261.3,0,0,shot_pb=1.00|conf_zoom=0.69|conf_speed=0.83|edge_zoom=0.971|bounds
455,665.8,527.8,centroid,0.26,624.6,574.5,301.4,0.0,646.3,1149.0,1,262.8,0,0,shot_pb=1.00|conf_zoom=0.69|conf_speed=0.83|edge_zoom=0.963|bounds
456,657.5,522.7,centroid,0.27,623.0,572.7,300.8,0.0,644.3,1145.4,1,269.5,0,0,shot_pb=1.00|conf_zoom=0.69|conf_speed=0.83|edge_zoom=0.960|bounds
457,601.5,504.4,blended,0.72,623.2,571.1,301.9,0.0,642.5,1142.2,1,282.3,0,0,shot_pb=1.00|flight_commit=1.00|edge_zoom=0.960|bounds
458,594.0,498.3,blended,0.71,625.7,569.8,305.3,0.0,641.0,1139.5,1,272.3,0,0,shot_pb=1.00|flight_commit=1.00|edge_zoom=0.971|bounds
459,591.0,492.7,blended,0.70,631.2,568.8,311.3,0.0,639.9,1137.6,1,263.8,0,0,shot_pb=1.00|flight_commit=1.00|edge_zoom=0.993|bounds
460,592.5,487.2,blended,0.70,640.1,568.3,320.4,0.0,639.4,1136.6,1,256.4,0,0,shot_pb=1.00|flight_commit=1.00|edge_zoom=0.984|bounds
461,583.7,477.7,interp,0.38,652.6,568.4,332.9,0.0,639.4,1136.7,1,235.1,0,0,shot_pb=1.00|flight_commit=1.00|edge_zoom=0.980|bounds
462,603.0,475.5,blended,0.75,668.8,568.9,348.8,0.0,640.0,1137.8,1,238.2,0,0,shot_pb=1.00|flight_commit=1.00|edge_zoom=0.964|bounds
463,620.9,470.3,interp,0.38,688.6,569.9,368.1,0.0,641.2,1139.8,1,236.3,0,0,shot_pb=1.00|flight_commit=1.00|edge_zoom=0.970|bounds
464,651.6,468.1,interp,0.38,711.9,571.3,390.6,0.0,642.7,1142.6,1,243.7,0,0,shot_pb=1.00|flight_commit=1.00|edge_zoom=0.965|bounds
465,687.8,466.9,interp,0.38,738.2,572.9,415.9,0.0,644.6,1145.9,1,253.6,0,0,accel_zoom=0.944|shot_pb=1.00|flight_commit=1.00|edge_zoom=0.964|bounds
466,728.7,466.7,interp,0.38,767.2,574.7,443.9,0.0,646.5,1149.4,1,265.5,0,0,accel_zoom=0.934|shot_pb=1.00|flight_commit=1.00|edge_zoom=0.963|bounds
467,773.3,467.4,interp,0.38,798.2,576.5,473.9,0.0,648.5,1153.0,1,279.1,0,0,accel_zoom=0.924|shot_pb=1.00|flight_commit=1.00|edge_zoom=0.962|bounds
468,820.9,469.0,interp,0.38,830.8,578.1,505.6,0.0,650.4,1156.3,1,294.1,0,0,accel_zoom=0.915|shot_pb=1.00|flight_commit=1.00|flight_boost=1.09|edge_zoom=0.961|bounds
469,870.6,471.6,interp,0.38,864.4,579.6,538.3,0.0,652.1,1159.3,1,297.8,0,0,accel_zoom=0.906|shot_pb=1.00|flight_commit=1.00|flight_boost=1.17|edge_zoom=0.960|bounds
470,921.7,475.1,interp,0.38,898.4,580.9,571.7,0.0,653.5,1161.8,1,280.7,0,0,accel_zoom=0.900|shot_pb=1.00|flight_commit=1.00|flight_boost=1.27|edge_zoom=0.959|bounds
471,973.7,479.5,interp,0.38,932.4,581.9,605.1,0.0,654.7,1163.8,1,262.7,0,0,accel_zoom=0.894|shot_pb=1.00|flight_commit=1.00|pb_zfit|flight_boost=1.33|edge_zoom=0.957|bounds
472,1025.7,484.9,interp,0.38,965.9,582.7,638.2,0.0,655.6,1165.4,1,244.2,0,0,accel_zoom=0.891|shot_pb=1.00|flight_commit=1.00|pb_zfit|flight_boost=1.38|edge_zoom=0.954|bounds
473,1077.0,491.4,interp,0.38,998.5,583.3,670.4,0.0,656.2,1166.6,1,225.5,0,0,accel_zoom=0.890|shot_pb=1.00|flight_commit=1.00|pb_zfit|flight_boost=1.41|edge_zoom=0.952|bounds
474,1127.1,499.0,interp,0.38,1029.8,583.7,701.4,0.0,656.7,1167.5,1,206.7,0,0,accel_zoom=0.890|shot_pb=1.00|flight_commit=1.00|pb_zfit|flight_boost=1.42|edge_zoom=0.949|bounds
475,1174.2,513.7,blended,0.66,1059.4,584.0,730.9,0.0,657.0,1168.1,1,189.2,0,0,accel_zoom=0.890|shot_pb=1.00|flight_commit=1.00|pb_zfit|flight_boost=1.43|edge_zoom=0.940|bounds
476,1224.1,526.5,centroid,0.22,1087.1,584.2,758.4,0.0,657.3,1168.5,1,167.0,0,0,accel_zoom=0.890|shot_pb=1.00|flight_commit=1.00|pb_zfit|flight_boost=1.43|edge_zoom=0.937|bounds
477,1263.3,534.2,centroid,0.23,1112.6,584.3,783.9,0.0,657.4,1168.7,1,153.3,0,0,accel_zoom=0.890|shot_pb=1.00|flight_commit=1.00|pb_zfit|flight_boost=1.40|edge_zoom=0.936|bounds
478,1296.0,540.7,centroid,0.23,1135.8,584.4,807.1,0.0,657.5,1168.8,1,143.8,0,0,accel_zoom=0.890|shot_pb=1.00|flight_commit=1.00|person_ctx=4|pb_zfit|flight_boost=1.35|edge_zoom=0.934|bounds
479,1320.8,546.0,centroid,0.23,1156.7,584.4,827.9,0.0,657.5,1168.9,1,139.9,0,0,shot_pb=1.00|flight_commit=1.00|pb_zfit|flight_boost=1.27|edge_zoom=0.932|bounds
480,1341.2,550.2,centroid,0.23,1175.0,584.5,846.2,0.0,657.5,1168.9,1,137.8,0,1,shot_pb=1.00|flight_commit=1.00|pb_zfit|keepin_prop=0.01|keepin_zoom=1.350|flight_boost=1.18|edge_zoom=0.936|bounds
481,1357.8,553.3,centroid,0.24,1190.9,584.5,862.2,0.0,657.5,1168.9,1,137.1,0,0,shot_pb=1.00|flight_commit=1.00|pb_zfit|flight_boost=1.08|edge_zoom=0.931|bounds
482,1371.0,555.3,centroid,0.24,1204.5,584.5,875.7,0.0,657.5,1168.9,1,137.5,0,1,shot_pb=1.00|flight_commit=1.00|pb_zfit|keepin_prop=0.00|keepin_zoom=1.350|edge_zoom=0.935|bounds
483,1381.4,556.2,centroid,0.24,1215.8,584.5,887.0,0.0,657.5,1168.9,1,138.4,0,0,shot_pb=1.00|flight_commit=1.00|pb_zfit|edge_zoom=0.933|bounds
484,1389.3,556.0,centroid,0.24,1225.0,584.5,896.2,0.0,657.5,1168.9,1,139.7,0,1,shot_pb=1.00|flight_commit=1.00|pb_zfit|keepin_prop=0.00|keepin_zoom=1.350|edge_zoom=0.935|bounds
485,1395.1,554.6,centroid,0.25,1232.4,584.5,903.6,0.0,657.5,1168.9,1,141.3,0,0,shot_pb=1.00|flight_commit=1.00|pb_zfit|edge_zoom=0.942|bounds
486,1399.2,552.1,centroid,0.25,1238.1,584.5,909.4,0.0,657.5,1168.9,1,142.9,0,1,shot_pb=1.00|flight_commit=1.00|pb_zfit|keepin_prop=0.00|keepin_zoom=1.350|edge_zoom=0.936|bounds
487,1401.7,548.4,centroid,0.25,1242.6,584.5,913.8,0.0,657.5,1168.9,1,144.9,0,0,shot_pb=1.00|conf_zoom=0.70|pb_zfit|conf_speed=0.83|edge_zoom=0.968|bounds
488,1403.1,543.5,centroid,0.25,1245.9,584.5,917.2,0.0,657.5,1168.9,1,146.8,0,0,shot_pb=1.00|conf_zoom=0.70|pb_zfit|conf_speed=0.83|edge_zoom=0.983|bounds
489,1403.7,537.3,centroid,0.26,1248.6,584.5,919.8,0.0,657.5,1168.9,1,148.9,0,0,shot_pb=1.00|conf_zoom=0.69|pb_zfit|conf_speed=0.83|edge_zoom=0.980|bounds
490,1403.6,529.6,centroid,0.26,1250.8,584.5,922.0,0.0,657.5,1168.9,1,151.2,0,0,shot_pb=1.00|conf_zoom=0.69|pb_zfit|conf_speed=0.83|edge_zoom=0.980|bounds
491,1401.7,510.0,yolo,0.39,1252.7,584.5,924.0,0.0,657.5,1168.9,1,155.0,0,0,shot_pb=1.00|flight_commit=1.00|pb_zfit|edge_zoom=0.985|bounds
492,1402.5,502.1,interp,0.38,1254.7,584.5,925.9,0.0,657.5,1168.9,1,156.2,0,0,shot_pb=1.00|flight_commit=1.00|pb_zfit|edge_zoom=0.997|bounds
493,1403.6,495.3,interp,0.38,1256.9,584.5,928.1,0.0,657.5,1168.9,1,157.3,0,0,shot_pb=1.00|flight_commit=1.00|pb_zfit|bounds
494,1404.9,489.3,interp,0.38,1259.5,584.5,930.7,0.0,657.5,1168.9,1,158.6,0,0,shot_pb=1.00|flight_commit=1.00|pb_zfit|bounds
495,1406.7,484.2,yolo,0.35,1262.5,584.5,933.7,0.0,657.5,1168.9,1,159.8,0,0,shot_pb=1.00|flight_commit=1.00|pb_zfit|bounds
496,1408.8,479.7,yolo,0.32,1266.0,584.5,937.2,0.0,657.5,1168.9,1,161.2,0,0,shot_pb=1.00|flight_commit=1.00|pb_zfit|edge_zoom=0.995|bounds
497,1411.2,475.9,interp,0.38,1270.0,584.5,941.2,0.0,657.5,1168.9,1,162.8,0,0,shot_pb=1.00|flight_commit=1.00|pb_zfit|edge_zoom=0.992|bounds
498,1414.0,472.7,interp,0.38,1274.5,584.5,945.7,0.0,657.5,1168.9,1,164.5,0,0,shot_pb=1.00|flight_commit=1.00|pb_zfit|edge_zoom=0.987|bounds
499,1417.1,470.0,interp,0.38,1279.3,584.5,950.5,0.0,657.5,1168.9,1,166.2,0,0,shot_pb=1.00|flight_commit=1.00|pb_zfit|edge_zoom=0.983|bounds
500,1420.7,467.7,yolo,0.29,1284.4,584.5,955.6,0.0,657.5,1168.9,1,167.7,0,0,shot_pb=1.00|flight_commit=1.00|pb_zfit|edge_zoom=0.979|bounds
501,1425.1,465.9,interp,0.38,1289.7,584.5,960.9,0.0,657.5,1168.9,1,168.6,0,1,shot_pb=1.00|flight_commit=1.00|pb_zfit|keepin_prop=0.01|keepin_zoom=1.350|edge_zoom=0.963|bounds
502,1430.0,464.5,interp,0.38,1295.0,584.5,966.2,0.0,657.5,1168.9,1,169.0,0,0,shot_pb=1.00|flight_commit=1.00|pb_zfit|edge_zoom=0.972|bounds
503,1435.1,463.3,interp,0.38,1300.3,584.5,971.5,0.0,657.5,1168.9,1,169.2,0,1,shot_pb=1.00|flight_commit=1.00|pb_zfit|keepin_prop=0.01|keepin_zoom=1.350|edge_zoom=0.963|bounds
504,1440.5,462.5,interp,0.38,1305.4,584.5,976.6,0.0,657.5,1168.9,1,168.9,0,0,shot_pb=1.00|flight_commit=1.00|pb_zfit|edge_zoom=0.969|bounds
505,1446.0,462.0,interp,0.38,1310.3,584.5,981.6,0.0,657.5,1168.9,1,168.3,0,1,shot_pb=1.00|flight_commit=1.00|pb_zfit|keepin_prop=0.01|keepin_zoom=1.350|edge_zoom=0.963|bounds
506,1451.7,461.6,interp,0.38,1315.0,584.5,986.2,0.0,657.5,1168.9,1,167.3,0,0,shot_pb=1.00|flight_commit=1.00|pb_zfit|edge_zoom=0.966|bounds
507,1457.4,461.5,interp,0.38,1319.3,584.5,990.6,0.0,657.5,1168.9,1,165.9,0,1,shot_pb=1.00|flight_commit=1.00|pb_zfit|keepin_prop=0.02|keepin_zoom=1.350|edge_zoom=0.963|bounds
508,1463.1,461.6,interp,0.38,1323.4,584.5,994.6,0.0,657.5,1168.9,1,164.3,0,0,shot_pb=1.00|flight_commit=1.00|pb_zfit|edge_zoom=0.964|bounds
509,1468.8,461.9,interp,0.38,1327.0,584.5,998.3,0.0,657.5,1168.9,1,162.2,0,1,shot_pb=1.00|flight_commit=1.00|pb_zfit|keepin_prop=0.02|keepin_zoom=1.350|edge_zoom=0.963|bounds
510,1474.4,462.4,interp,0.38,1330.4,584.5,1001.6,0.0,657.5,1168.9,1,160.0,0,0,shot_pb=1.00|flight_commit=1.00|pb_zfit|edge_zoom=0.962|bounds
511,1479.8,463.0,interp,0.38,1333.4,584.5,1004.6,0.0,657.5,1168.9,1,157.6,0,1,shot_pb=1.00|flight_commit=1.00|pb_zfit|keepin_prop=0.02|keepin_zoom=1.350|edge_zoom=0.963|bounds
512,1484.9,463.7,interp,0.38,1336.1,584.5,1007.4,0.0,657.5,1168.9,1,155.2,0,0,shot_pb=1.00|flight_commit=1.00|pb_zfit|edge_zoom=0.960|bounds
513,1489.8,464.7,interp,0.38,1338.6,584.5,1009.9,0.0,657.5,1168.9,1,152.8,0,1,shot_pb=1.00|flight_commit=1.00|pb_zfit|keepin_prop=0.02|keepin_zoom=1.350|edge_zoom=0.962|bounds
514,1494.4,465.8,interp,0.38,1340.9,584.5,1012.2,0.0,657.5,1168.9,1,150.5,0,0,shot_pb=1.00|flight_commit=1.00|pb_zfit|edge_zoom=0.957|bounds
515,1498.5,467.0,interp,0.38,1343.1,584.5,1014.3,0.0,657.5,1168.9,1,148.6,0,1,shot_pb=1.00|flight_commit=1.00|pb_zfit|keepin_prop=0.01|keepin_zoom=1.350|edge_zoom=0.962|bounds
516,1495.3,471.4,blended,0.68,1345.1,584.5,1016.4,0.0,657.5,1168.9,1,153.8,0,0,shot_pb=1.00|flight_commit=1.00|pb_zfit|edge_zoom=0.939|bounds
517,1506.4,469.1,interp,0.38,1347.1,584.5,1018.4,0.0,657.5,1168.9,1,144.7,0,0,shot_pb=1.00|flight_commit=1.00|pb_zfit|edge_zoom=0.968|bounds
518,1510.1,470.1,interp,0.38,1349.1,584.5,1020.3,0.0,657.5,1168.9,1,143.0,0,0,shot_pb=1.00|flight_commit=1.00|pb_zfit|edge_zoom=0.955|bounds
519,1513.3,471.2,interp,0.38,1351.1,584.5,1022.3,0.0,657.5,1168.9,1,141.8,0,1,shot_pb=1.00|flight_commit=1.00|pb_zfit|keepin_prop=0.00|keepin_zoom=1.350|edge_zoom=0.961|bounds
520,1516.1,472.5,interp,0.38,1353.1,584.5,1024.3,0.0,657.5,1168.9,1,141.0,0,0,shot_pb=1.00|flight_commit=1.00|pb_zfit|edge_zoom=0.949|bounds
521,1518.3,474.0,interp,0.38,1355.2,584.5,1026.4,0.0,657.5,1168.9,1,140.9,0,1,shot_pb=1.00|flight_commit=1.00|pb_zfit|keepin_prop=0.00|keepin_zoom=1.350|edge_zoom=0.961|bounds
522,1512.9,478.7,blended,0.69,1357.4,584.5,1028.6,0.0,657.5,1168.9,1,148.5,0,0,shot_pb=1.00|flight_commit=1.00|pb_zfit|edge_zoom=0.941|bounds
523,1523.5,477.0,interp,0.38,1359.6,584.5,1030.8,0.0,657.5,1168.9,1,140.1,0,0,shot_pb=1.00|flight_commit=1.00|pb_zfit|edge_zoom=0.964|bounds
524,1526.4,478.5,interp,0.38,1361.9,584.5,1033.2,0.0,657.5,1168.9,1,139.5,0,0,shot_pb=1.00|flight_commit=1.00|pb_zfit|edge_zoom=0.946|bounds
525,1529.0,480.3,interp,0.38,1364.4,584.5,1035.6,0.0,657.5,1168.9,1,139.4,0,0,shot_pb=1.00|flight_commit=1.00|pb_zfit|edge_zoom=0.942|bounds
526,1531.1,482.5,interp,0.38,1366.9,584.5,1038.1,0.0,657.5,1168.9,1,139.8,0,1,shot_pb=1.00|flight_commit=1.00|pb_zfit|keepin_prop=0.00|keepin_zoom=1.350|edge_zoom=0.958|bounds
527,1532.9,484.9,interp,0.38,1369.5,584.5,1040.7,0.0,657.5,1168.9,1,140.6,0,0,shot_pb=1.00|flight_commit=1.00|pb_zfit|edge_zoom=0.935|bounds
528,1529.0,489.8,blended,0.73,1372.1,584.5,1043.4,0.0,657.5,1168.9,1,147.1,0,0,shot_pb=1.00|flight_commit=1.00|pb_zfit|edge_zoom=0.934|bounds
529,1534.2,491.7,blended,0.77,1374.9,584.5,1046.1,0.0,657.5,1168.9,1,144.7,0,0,shot_pb=1.00|flight_commit=1.00|pb_zfit|edge_zoom=0.946|bounds
530,1539.7,493.6,interp,0.38,1377.7,584.5,1048.9,0.0,657.5,1168.9,1,142.0,0,0,shot_pb=1.00|flight_commit=1.00|pb_zfit|edge_zoom=0.946|bounds
531,1536.5,498.8,blended,0.74,1380.6,584.5,1051.8,0.0,657.5,1168.9,1,148.1,0,0,shot_pb=1.00|flight_commit=1.00|pb_zfit|edge_zoom=0.929|bounds
532,1540.2,501.9,blended,0.75,1383.5,584.5,1054.7,0.0,657.5,1168.9,1,147.3,0,0,shot_pb=1.00|flight_commit=1.00|pb_zfit|edge_zoom=0.934|bounds
533,1548.2,503.9,interp,0.38,1386.5,584.5,1057.7,0.0,657.5,1168.9,1,142.3,0,0,shot_pb=1.00|flight_commit=1.00|pb_zfit|edge_zoom=0.945|bounds
534,1551.1,508.0,interp,0.38,1389.5,584.5,1060.8,0.0,657.5,1168.9,1,142.4,0,0,shot_pb=1.00|flight_commit=1.00|pb_zfit|edge_zoom=0.927|bounds
535,1547.2,515.0,blended,0.73,1392.6,584.5,1063.9,0.0,657.5,1168.9,1,149.4,0,0,shot_pb=1.00|flight_commit=1.00|pb_zfit|edge_zoom=0.923|bounds
536,1557.7,517.6,interp,0.38,1395.8,584.5,1067.0,0.0,657.5,1168.9,1,142.1,0,0,shot_pb=1.00|flight_commit=1.00|pb_zfit|edge_zoom=0.940|bounds
537,1561.4,523.3,interp,0.38,1399.0,584.5,1070.3,0.0,657.5,1168.9,1,141.6,0,0,shot_pb=1.00|flight_commit=1.00|pb_zfit|edge_zoom=0.922|bounds
538,1565.0,529.8,interp,0.38,1402.3,584.5,1073.6,0.0,657.5,1168.9,1,141.3,0,0,shot_pb=1.00|flight_commit=1.00|pb_zfit|edge_zoom=0.919|bounds
539,1568.6,537.3,interp,0.38,1405.7,584.5,1076.9,0.0,657.5,1168.9,1,141.1,0,0,shot_pb=1.00|flight_commit=1.00|pb_zfit|edge_zoom=0.915|bounds
540,1567.5,547.5,blended,0.75,1409.1,584.5,1080.3,0.0,657.5,1168.9,1,145.6,0,0,shot_pb=1.00|flight_commit=1.00|pb_zfit|edge_zoom=0.910|bounds
541,1578.6,558.0,interp,0.38,1412.5,584.5,1083.8,0.0,657.5,1168.9,1,137.9,0,0,shot_pb=1.00|flight_commit=1.00|pb_zfit|edge_zoom=0.915|bounds
542,1578.1,572.4,blended,0.74,1416.0,584.5,1087.2,0.0,657.5,1168.9,1,141.9,1,0,shot_pb=1.00|flight_commit=1.00|pb_zfit|speed|edge_zoom=0.903|bounds
543,1591.4,580.7,interp,0.38,1419.4,584.5,1090.6,0.0,657.5,1168.9,1,132.0,0,0,shot_pb=1.00|flight_commit=1.00|pb_zfit|edge_zoom=0.912|bounds
544,1597.7,590.9,interp,0.38,1422.7,584.5,1093.9,0.0,657.5,1168.9,1,129.0,1,0,shot_pb=1.00|flight_commit=1.00|pb_zfit|speed|edge_zoom=0.903|bounds
545,1603.9,601.6,interp,0.38,1425.8,584.5,1097.0,0.0,657.5,1168.9,1,125.9,1,0,shot_pb=1.00|flight_commit=1.00|pb_zfit|speed|edge_zoom=0.903|bounds
546,1610.1,612.9,interp,0.38,1428.7,584.5,1099.9,0.0,657.5,1168.9,1,122.6,1,0,shot_pb=1.00|flight_commit=1.00|pb_zfit|speed|edge_zoom=0.903|bounds
547,1619.2,630.9,interp,0.38,1431.3,584.5,1102.5,0.0,657.5,1168.9,1,116.1,1,0,shot_pb=1.00|flight_commit=1.00|pb_zfit|speed|edge_zoom=0.903|bounds
548,1625.7,643.6,interp,0.38,1433.5,584.5,1104.7,0.0,657.5,1168.9,1,111.8,1,0,shot_pb=1.00|flight_commit=1.00|pb_zfit|speed|edge_zoom=0.903|bounds
549,1631.8,655.7,interp,0.38,1435.3,584.5,1106.6,0.0,657.5,1168.9,1,107.5,1,0,shot_pb=1.00|flight_commit=1.00|pb_zfit|speed|edge_zoom=0.903|bounds
550,1637.6,667.3,interp,0.38,1436.8,584.5,1108.0,0.0,657.5,1168.9,1,103.2,1,0,shot_pb=1.00|flight_commit=1.00|pb_zfit|speed|edge_zoom=0.903|bounds
551,1642.9,678.3,interp,0.38,1437.8,584.5,1109.0,0.0,657.5,1168.9,1,98.9,1,0,shot_pb=1.00|flight_commit=1.00|pb_zfit|speed|edge_zoom=0.903|bounds
552,1647.8,688.7,interp,0.38,1438.5,584.5,1109.7,0.0,657.5,1168.9,1,94.7,1,0,shot_pb=1.00|flight_commit=1.00|pb_zfit|speed|edge_zoom=0.903|bounds
553,1652.5,698.6,interp,0.38,1438.9,584.5,1110.1,0.0,657.5,1168.9,1,90.4,1,1,shot_pb=1.00|flight_commit=1.00|pb_zfit|keepin_prop=0.00|keepin_zoom=1.350|speed|edge_zoom=0.903|bounds
554,1656.7,707.9,interp,0.38,1439.1,584.5,1110.3,0.0,657.5,1168.9,1,86.4,1,1,shot_pb=1.00|flight_commit=1.00|pb_zfit|keepin_prop=0.00|keepin_zoom=1.350|speed|edge_zoom=0.902|bounds
555,1660.7,716.7,interp,0.38,1439.1,584.5,1110.4,0.0,657.5,1168.9,1,82.4,1,1,shot_pb=1.00|flight_commit=1.00|pb_zfit|keepin_prop=0.00|keepin_zoom=1.350|speed|edge_zoom=0.901|bounds
556,1664.3,724.9,interp,0.38,1439.1,584.5,1110.3,0.0,657.5,1168.9,1,78.8,1,1,shot_pb=1.00|flight_commit=1.00|pb_zfit|keepin_prop=0.01|keepin_zoom=1.350|speed|edge_zoom=0.900|bounds
557,1667.6,732.6,interp,0.38,1439.1,584.5,1110.3,0.0,657.5,1168.9,1,75.5,1,1,shot_pb=1.00|flight_commit=1.00|pb_zfit|keepin_prop=0.01|keepin_zoom=1.350|speed|edge_zoom=0.898|bounds
558,1670.6,739.8,interp,0.38,1439.0,584.5,1110.3,0.0,657.5,1168.9,1,72.4,1,1,shot_pb=1.00|flight_commit=1.00|pb_zfit|keepin_prop=0.02|keepin_zoom=1.350|speed|edge_zoom=0.896|bounds
559,1673.3,746.4,interp,0.38,1439.1,584.5,1110.3,0.0,657.5,1168.9,1,69.8,1,1,shot_pb=1.00|flight_commit=1.00|pb_zfit|keepin_prop=0.03|keepin_zoom=1.350|speed|edge_zoom=0.894|bounds
560,1675.7,752.6,interp,0.38,1439.3,584.5,1110.5,0.0,657.5,1168.9,1,67.6,1,1,shot_pb=1.00|flight_commit=1.00|pb_zfit|keepin_prop=0.03|keepin_zoom=1.350|speed|edge_zoom=0.892|bounds
561,1677.8,758.3,interp,0.38,1439.5,584.5,1110.7,0.0,657.5,1168.9,1,65.7,1,1,shot_pb=1.00|flight_commit=1.00|pb_zfit|keepin_prop=0.04|keepin_zoom=1.350|speed|edge_zoom=0.890|bounds
562,1679.6,763.5,interp,0.38,1439.7,584.5,1110.9,0.0,657.5,1168.9,1,64.1,1,1,shot_pb=1.00|flight_commit=1.00|pb_zfit|keepin_prop=0.04|keepin_zoom=1.350|speed|edge_zoom=0.887|bounds
563,1681.2,768.3,interp,0.38,1440.0,584.5,1111.2,0.0,657.5,1168.9,1,62.8,1,1,shot_pb=1.00|flight_commit=1.00|person_ctx=4|pb_zfit|keepin_prop=0.05|keepin_zoom=1.350|speed|edge_zoom=0.885|bounds
564,1682.5,772.6,interp,0.38,1440.1,584.5,1111.4,0.0,657.5,1168.9,1,61.6,1,1,shot_pb=1.00|flight_commit=1.00|person_ctx=4|pb_zfit|keepin_prop=0.06|keepin_zoom=1.350|speed|edge_zoom=0.883|bounds
565,1683.4,776.5,interp,0.38,1440.2,584.5,1111.5,0.0,657.5,1168.9,1,60.8,1,1,shot_pb=1.00|flight_commit=1.00|pb_zfit|keepin_prop=0.06|keepin_zoom=1.350|speed|edge_zoom=0.881|bounds
566,1684.1,780.0,interp,0.38,1440.1,584.5,1111.4,0.0,657.5,1168.9,1,60.0,1,1,shot_pb=1.00|flight_commit=1.00|pb_zfit|keepin_prop=0.07|keepin_zoom=1.350|speed|edge_zoom=0.880|bounds
567,1684.5,783.0,interp,0.38,1439.8,584.5,1111.1,0.0,657.5,1168.9,1,59.3,1,1,shot_pb=1.00|flight_commit=1.00|pb_zfit|keepin_prop=0.07|keepin_zoom=1.350|speed|edge_zoom=0.878|bounds
568,1684.5,785.6,interp,0.38,1439.2,584.5,1110.5,0.0,657.5,1168.9,1,58.7,1,1,shot_pb=1.00|flight_commit=1.00|pb_zfit|keepin_prop=0.08|keepin_zoom=1.350|speed|edge_zoom=0.877|bounds
569,1684.2,787.8,interp,0.38,1438.3,584.5,1109.6,0.0,657.5,1168.9,1,58.1,1,1,shot_pb=1.00|flight_commit=1.00|pb_zfit|keepin_prop=0.08|keepin_zoom=1.350|speed|edge_zoom=0.875|bounds
570,1683.6,789.6,interp,0.38,1437.0,584.5,1108.3,0.0,657.5,1168.9,1,57.4,1,1,shot_pb=1.00|flight_commit=1.00|pb_zfit|keepin_prop=0.09|keepin_zoom=1.350|speed|edge_zoom=0.873|bounds
571,1682.5,790.9,interp,0.38,1435.3,584.5,1106.6,0.0,657.5,1168.9,1,56.8,1,1,shot_pb=1.00|flight_commit=1.00|pb_zfit|keepin_prop=0.10|keepin_zoom=1.350|speed|edge_zoom=0.870|bounds
572,1681.1,791.8,interp,0.38,1433.2,584.5,1104.4,0.0,657.5,1168.9,1,56.1,1,1,shot_pb=1.00|flight_commit=1.00|pb_zfit|keepin_prop=0.11|keepin_zoom=1.350|speed|edge_zoom=0.865|bounds
573,1679.2,792.2,interp,0.38,1430.5,584.5,1101.7,0.0,657.5,1168.9,1,55.3,1,1,shot_pb=1.00|flight_commit=1.00|pb_zfit|keepin_prop=0.13|keepin_zoom=1.350|speed|edge_zoom=0.859|bounds
574,1676.7,792.1,interp,0.38,1427.3,584.5,1098.5,0.0,657.5,1168.9,1,54.6,1,1,shot_pb=1.00|flight_commit=1.00|pb_zfit|keepin_prop=0.14|keepin_zoom=1.350|speed|edge_zoom=0.854|bounds
575,1673.8,791.5,interp,0.38,1423.5,584.5,1094.7,0.0,657.5,1168.9,1,53.7,1,1,shot_pb=1.00|flight_commit=1.00|pb_zfit|keepin_prop=0.15|keepin_zoom=1.350|speed|edge_zoom=0.851|bounds
576,1670.2,790.3,interp,0.38,1419.0,584.5,1090.3,0.0,657.5,1168.9,1,52.8,1,1,shot_pb=1.00|flight_commit=1.00|pb_zfit|keepin_prop=0.15|keepin_zoom=1.350|speed|edge_zoom=0.850|bounds
577,1665.9,788.6,interp,0.38,1414.0,584.5,1085.2,0.0,657.5,1168.9,1,52.1,1,1,shot_pb=1.00|flight_commit=1.00|pb_zfit|keepin_prop=0.16|keepin_zoom=1.350|speed|edge_zoom=0.850|bounds
578,1660.9,786.1,interp,0.38,1408.2,584.5,1079.4,0.0,657.5,1168.9,1,51.3,1,1,shot_pb=1.00|flight_commit=1.00|pb_zfit|keepin_prop=0.15|keepin_zoom=1.350|speed|edge_zoom=0.851|bounds
579,1655.1,783.0,interp,0.38,1401.7,584.5,1073.0,0.0,657.5,1168.9,1,50.6,1,1,shot_pb=1.00|flight_commit=1.00|pb_zfit|keepin_prop=0.15|keepin_zoom=1.350|speed|edge_zoom=0.853|bounds
580,1648.3,779.1,interp,0.38,1394.5,584.5,1065.8,0.0,657.5,1168.9,1,50.2,1,1,shot_pb=1.00|flight_commit=1.00|pb_zfit|keepin_prop=0.14|keepin_zoom=1.350|speed|edge_zoom=0.855|bounds
581,1640.4,774.4,interp,0.38,1386.5,584.5,1057.8,0.0,657.5,1168.9,1,50.1,1,1,shot_pb=1.00|flight_commit=1.00|pb_zfit|keepin_prop=0.13|keepin_zoom=1.350|speed|edge_zoom=0.859|bounds
582,1631.3,768.6,interp,0.38,1377.8,584.5,1049.0,0.0,657.5,1168.9,1,50.5,1,1,shot_pb=1.00|flight_commit=1.00|pb_zfit|keepin_prop=0.12|keepin_zoom=1.350|speed|edge_zoom=0.863|bounds
583,1620.9,761.9,interp,0.38,1368.3,584.5,1039.5,0.0,657.5,1168.9,1,51.4,1,1,shot_pb=1.00|flight_commit=1.00|pb_zfit|keepin_prop=0.10|keepin_zoom=1.350|speed|edge_zoom=0.867|bounds
584,1608.9,753.9,interp,0.38,1358.0,584.5,1029.2,0.0,657.5,1168.9,1,53.1,1,1,shot_pb=1.00|flight_commit=1.00|pb_zfit|keepin_prop=0.09|keepin_zoom=1.350|speed|edge_zoom=0.872|bounds
585,1595.2,744.6,interp,0.38,1347.0,584.5,1018.2,0.0,657.5,1168.9,1,55.8,1,1,shot_pb=1.00|flight_commit=1.00|pb_zfit|keepin_prop=0.07|keepin_zoom=1.350|speed|edge_zoom=0.878|bounds
586,1579.6,733.9,interp,0.38,1335.4,584.5,1006.6,0.0,657.5,1168.9,1,59.8,1,1,shot_pb=1.00|flight_commit=1.00|pb_zfit|keepin_prop=0.06|keepin_zoom=1.350|speed|edge_zoom=0.883|bounds
587,1561.7,721.4,interp,0.38,1323.2,584.5,994.4,0.0,657.5,1168.9,1,65.5,1,1,shot_pb=1.00|flight_commit=1.00|pb_zfit|keepin_prop=0.04|keepin_zoom=1.350|speed|edge_zoom=0.889|bounds
588,1520.8,691.2,yolo,0.73,1310.5,584.5,981.8,0.0,657.5,1168.9,1,93.7,0,1,accel_zoom=0.903|shot_pb=1.00|flight_commit=1.00|pb_zfit|keepin_prop=0.01|keepin_zoom=1.350|edge_zoom=0.889|bounds
589,1502.8,678.8,yolo,0.74,1297.6,584.5,968.8,0.0,657.5,1168.9,1,98.8,1,1,shot_pb=1.00|flight_commit=1.00|pb_zfit|keepin_prop=0.00|keepin_zoom=1.350|speed|edge_zoom=0.896|bounds
590,1486.9,668.2,yolo,0.76,1284.5,584.5,955.8,0.0,657.5,1168.9,1,101.6,0,1,shot_pb=1.00|flight_commit=1.00|pb_zfit|keepin_prop=0.00|keepin_zoom=1.350|edge_zoom=0.899|bounds
591,1472.7,659.1,yolo,0.71,1271.5,584.5,942.8,0.0,657.5,1168.9,1,102.8,0,1,shot_pb=1.00|flight_commit=1.00|pb_zfit|keepin_prop=0.00|keepin_zoom=1.350|edge_zoom=0.902|bounds
592,1460.1,651.5,yolo,0.64,1258.8,584.5,930.0,0.0,657.5,1168.9,1,102.7,0,0,shot_pb=1.00|flight_commit=1.00|pb_zfit|edge_zoom=0.919|bounds
593,1449.1,645.2,yolo,0.65,1246.5,584.5,917.8,0.0,657.5,1168.9,1,101.4,0,0,shot_pb=1.00|flight_commit=1.00|pb_zfit|edge_zoom=0.904|bounds
594,1439.4,640.1,yolo,0.65,1234.8,584.5,906.1,0.0,657.5,1168.9,1,99.4,0,0,shot_pb=1.00|flight_commit=1.00|pb_zfit|edge_zoom=0.875|bounds
595,1431.0,636.0,yolo,0.60,1223.9,584.5,895.2,0.0,657.5,1168.9,1,96.9,0,0,shot_pb=1.00|flight_commit=1.00|pb_zfit|edge_zoom=0.871|bounds
596,1423.8,632.7,interp,0.38,1213.9,584.5,885.2,0.0,657.5,1168.9,1,94.1,0,0,shot_pb=1.00|flight_commit=1.00|pb_zfit|edge_zoom=0.867|bounds
597,1417.7,630.1,interp,0.38,1204.9,584.5,876.2,0.0,657.5,1168.9,1,91.2,0,0,shot_pb=1.00|flight_commit=1.00|pb_zfit|edge_zoom=0.863|bounds
598,1412.5,628.3,yolo,0.54,1197.0,584.5,868.2,0.0,657.5,1168.9,1,88.5,0,0,shot_pb=1.00|flight_commit=1.00|pb_zfit|edge_zoom=0.859|bounds
599,1408.2,627.2,yolo,0.49,1190.1,584.5,861.3,0.0,657.5,1168.9,1,85.9,0,0,shot_pb=1.00|flight_commit=1.00|pb_zfit|edge_zoom=0.853|bounds
600,1404.6,626.6,yolo,0.43,1184.2,584.5,855.4,0.0,657.5,1168.9,1,83.6,0,0,shot_pb=1.00|flight_commit=1.00|pb_zfit|edge_zoom=0.850|bounds
601,1401.7,626.2,interp,0.38,1179.4,584.5,850.6,0.0,657.5,1168.9,1,81.7,0,0,shot_pb=1.00|flight_commit=1.00|pb_zfit|edge_zoom=0.848|bounds
602,1399.4,626.1,yolo,0.38,1175.4,584.5,846.7,0.0,657.5,1168.9,1,80.0,0,0,shot_pb=1.00|flight_commit=1.00|pb_zfit|edge_zoom=0.845|bounds
603,1397.6,626.5,yolo,0.45,1172.4,584.5,843.6,0.0,657.5,1168.9,1,78.8,0,0,shot_pb=1.00|flight_commit=1.00|pb_zfit|edge_zoom=0.848|bounds
604,1396.2,627.2,yolo,0.51,1170.0,584.5,841.2,0.0,657.5,1168.9,1,77.8,1,0,shot_pb=1.00|flight_commit=1.00|pb_zfit|speed|edge_zoom=0.858|bounds
605,1395.2,628.1,yolo,0.45,1168.3,584.5,839.5,0.0,657.5,1168.9,1,77.1,1,0,shot_pb=1.00|flight_commit=1.00|pb_zfit|speed|edge_zoom=0.883|bounds
606,1394.5,629.0,interp,0.38,1167.0,584.5,838.3,0.0,657.5,1168.9,1,76.5,1,0,shot_pb=1.00|flight_commit=1.00|pb_zfit|speed|edge_zoom=0.901|bounds
607,1394.0,630.2,interp,0.38,1166.1,584.5,837.4,0.0,657.5,1168.9,1,76.1,1,0,shot_pb=1.00|flight_commit=1.00|pb_zfit|speed|edge_zoom=0.901|bounds
608,1393.7,631.4,yolo,0.43,1165.4,584.5,836.7,0.0,657.5,1168.9,1,75.7,1,0,shot_pb=1.00|flight_commit=1.00|pb_zfit|speed|edge_zoom=0.901|bounds
609,1393.7,633.0,yolo,0.42,1164.8,584.5,836.1,0.0,657.5,1168.9,1,75.1,1,0,shot_pb=1.00|flight_commit=1.00|pb_zfit|speed|edge_zoom=0.901|bounds
610,1393.9,634.5,yolo,0.40,1164.2,584.5,835.4,0.0,657.5,1168.9,1,74.3,1,0,shot_pb=1.00|flight_commit=1.00|pb_zfit|speed|edge_zoom=0.902|bounds
611,1394.2,636.1,yolo,0.40,1163.3,584.5,834.6,0.0,657.5,1168.9,1,73.1,1,0,shot_pb=1.00|flight_commit=1.00|pb_zfit|speed|edge_zoom=0.902|bounds
612,1394.4,637.7,yolo,0.40,1162.3,584.5,833.5,0.0,657.5,1168.9,1,71.9,1,0,shot_pb=1.00|flight_commit=1.00|pb_zfit|speed|edge_zoom=0.902|bounds
613,1394.4,639.3,yolo,0.48,1160.9,584.5,832.1,0.0,657.5,1168.9,1,70.5,1,0,shot_pb=1.00|flight_commit=1.00|pb_zfit|speed|edge_zoom=0.902|bounds
614,1394.1,641.0,yolo,0.54,1159.1,584.5,830.4,0.0,657.5,1168.9,1,69.0,1,0,shot_pb=1.00|flight_commit=1.00|pb_zfit|speed|edge_zoom=0.902|bounds
615,1393.5,642.6,interp,0.38,1156.9,584.5,828.2,0.0,657.5,1168.9,1,67.4,1,0,shot_pb=1.00|flight_commit=1.00|pb_zfit|speed|edge_zoom=0.902|bounds
616,1392.6,644.1,yolo,0.56,1154.3,584.5,825.6,0.0,657.5,1168.9,1,65.7,1,0,shot_pb=1.00|flight_commit=1.00|pb_zfit|speed|edge_zoom=0.902|bounds
617,1391.1,645.6,interp,0.38,1151.3,584.5,822.5,0.0,657.5,1168.9,1,64.2,1,0,shot_pb=1.00|flight_commit=1.00|pb_zfit|speed|edge_zoom=0.893|bounds
618,1389.2,647.2,yolo,0.58,1147.9,584.5,819.1,0.0,657.5,1168.9,1,62.7,1,0,shot_pb=1.00|flight_commit=1.00|pb_zfit|speed|edge_zoom=0.879|bounds
619,1386.6,648.7,yolo,0.60,1144.0,584.5,815.3,0.0,657.5,1168.9,1,61.4,1,0,shot_pb=1.00|flight_commit=1.00|pb_zfit|speed|edge_zoom=0.869|bounds
620,1383.5,650.1,yolo,0.53,1139.8,584.5,811.1,0.0,657.5,1168.9,1,60.3,1,0,shot_pb=1.00|flight_commit=1.00|pb_zfit|speed|edge_zoom=0.864|bounds
621,1379.8,651.5,yolo,0.47,1135.3,584.5,806.5,0.0,657.5,1168.9,1,59.5,1,0,shot_pb=1.00|flight_commit=1.00|pb_zfit|speed|edge_zoom=0.862|bounds
622,1375.7,652.9,interp,0.38,1130.4,584.5,801.6,0.0,657.5,1168.9,1,58.7,1,0,shot_pb=1.00|flight_commit=1.00|pb_zfit|speed|edge_zoom=0.861|bounds
623,1371.1,654.2,interp,0.38,1125.1,584.5,796.3,0.0,657.5,1168.9,1,58.0,1,0,shot_pb=1.00|flight_commit=1.00|pb_zfit|speed|edge_zoom=0.861|bounds
624,1366.0,655.5,yolo,0.42,1119.5,584.5,790.8,0.0,657.5,1168.9,1,57.5,1,0,shot_pb=1.00|flight_commit=1.00|pb_zfit|speed|edge_zoom=0.862|bounds
625,1359.9,656.9,yolo,0.37,1113.6,584.5,784.8,0.0,657.5,1168.9,1,57.7,1,0,shot_pb=1.00|flight_commit=1.00|pb_zfit|speed|edge_zoom=0.864|bounds
626,1353.7,658.2,interp,0.38,1107.3,584.5,778.6,0.0,657.5,1168.9,1,57.6,1,0,shot_pb=1.00|flight_commit=1.00|pb_zfit|speed|edge_zoom=0.864|bounds
627,1346.9,659.4,yolo,0.44,1100.7,584.5,772.0,0.0,657.5,1168.9,1,57.8,1,0,shot_pb=1.00|flight_commit=1.00|pb_zfit|speed|edge_zoom=0.866|bounds
628,1339.6,660.6,interp,0.38,1093.9,584.5,765.1,0.0,657.5,1168.9,1,58.3,1,0,shot_pb=1.00|flight_commit=1.00|pb_zfit|speed|edge_zoom=0.868|bounds
629,1331.8,661.7,interp,0.38,1086.7,584.5,757.9,0.0,657.5,1168.9,1,58.9,1,0,shot_pb=1.00|flight_commit=1.00|pb_zfit|speed|edge_zoom=0.870|bounds
630,1323.7,662.8,interp,0.38,1079.2,584.5,750.4,0.0,657.5,1168.9,1,59.5,1,0,shot_pb=1.00|flight_commit=1.00|pb_zfit|speed|edge_zoom=0.872|bounds
631,1315.2,663.8,interp,0.38,1071.5,584.5,742.7,0.0,657.5,1168.9,1,60.3,1,0,shot_pb=1.00|flight_commit=1.00|pb_zfit|speed|edge_zoom=0.874|bounds
632,1306.5,664.9,interp,0.38,1063.6,584.5,734.8,0.0,657.5,1168.9,1,61.1,1,0,shot_pb=1.00|flight_commit=1.00|pb_zfit|speed|edge_zoom=0.876|bounds
633,1297.5,665.8,interp,0.38,1055.5,584.5,726.8,0.0,657.5,1168.9,1,62.0,1,0,shot_pb=1.00|flight_commit=1.00|pb_zfit|speed|edge_zoom=0.878|bounds
634,1288.3,666.8,interp,0.38,1047.3,584.5,718.6,0.0,657.5,1168.9,1,63.0,1,0,shot_pb=1.00|flight_commit=1.00|pb_zfit|speed|edge_zoom=0.880|bounds
635,1278.9,667.6,interp,0.38,1039.0,584.5,710.2,0.0,657.5,1168.9,1,64.1,1,0,shot_pb=1.00|flight_commit=1.00|pb_zfit|speed|edge_zoom=0.882|bounds
636,1269.3,668.5,interp,0.38,1030.6,584.5,701.9,0.0,657.5,1168.9,1,65.3,1,0,shot_pb=1.00|flight_commit=1.00|pb_zfit|speed|edge_zoom=0.884|bounds
637,1259.5,669.2,interp,0.38,1022.2,584.5,693.4,0.0,657.5,1168.9,1,66.7,1,0,shot_pb=1.00|flight_commit=1.00|pb_zfit|speed|edge_zoom=0.885|bounds
638,1249.6,669.9,interp,0.38,1013.7,584.5,684.9,0.0,657.5,1168.9,1,68.1,1,0,shot_pb=1.00|flight_commit=1.00|pb_zfit|speed|edge_zoom=0.887|bounds
639,1239.4,670.5,interp,0.38,1005.1,584.5,676.4,0.0,657.5,1168.9,1,69.7,1,0,shot_pb=1.00|flight_commit=1.00|pb_zfit|speed|edge_zoom=0.889|bounds
640,1229.2,671.0,interp,0.38,996.5,584.5,667.7,0.0,657.5,1168.9,1,71.3,1,0,shot_pb=1.00|flight_commit=1.00|pb_zfit|speed|edge_zoom=0.891|bounds
641,1218.7,671.4,interp,0.38,987.6,584.5,658.9,0.0,657.5,1168.9,1,72.9,1,0,shot_pb=1.00|flight_commit=1.00|pb_zfit|speed|edge_zoom=0.893|bounds
642,1208.1,671.8,interp,0.38,978.6,584.5,649.8,0.0,657.5,1168.9,1,74.5,1,0,shot_pb=1.00|flight_commit=1.00|pb_zfit|speed|edge_zoom=0.896|bounds
643,1197.4,671.9,yolo,0.36,969.3,584.5,640.5,0.0,657.5,1168.9,1,75.9,1,0,shot_pb=1.00|flight_commit=1.00|pb_zfit|speed|edge_zoom=0.898|bounds
644,1187.1,671.9,yolo,0.36,959.7,584.5,630.9,0.0,657.5,1168.9,1,76.6,1,1,shot_pb=1.00|flight_commit=1.00|pb_zfit|keepin_prop=0.00|keepin_zoom=1.350|speed|edge_zoom=0.903|bounds
645,1175.5,671.6,interp,0.38,949.7,584.5,621.0,0.0,657.5,1168.9,1,78.2,1,1,shot_pb=1.00|flight_commit=1.00|pb_zfit|keepin_prop=0.00|keepin_zoom=1.350|speed|edge_zoom=0.903|bounds
646,1163.7,671.3,interp,0.38,939.4,584.5,610.7,0.0,657.5,1168.9,1,79.7,1,1,shot_pb=1.00|flight_commit=1.00|pb_zfit|keepin_prop=0.00|keepin_zoom=1.350|speed|edge_zoom=0.903|bounds
647,1151.7,670.8,interp,0.38,928.8,584.5,600.0,0.0,657.5,1168.9,1,81.1,1,1,shot_pb=1.00|flight_commit=1.00|pb_zfit|keepin_prop=0.00|keepin_zoom=1.350|speed|edge_zoom=0.903|bounds
648,1139.5,670.2,interp,0.38,917.9,584.5,589.1,0.0,657.5,1168.9,1,82.4,1,0,shot_pb=1.00|flight_commit=1.00|pb_zfit|speed|edge_zoom=0.903|bounds
649,1127.3,669.6,interp,0.38,906.8,584.5,578.0,0.0,657.5,1168.9,1,83.5,1,0,shot_pb=1.00|flight_commit=1.00|pb_zfit|speed|edge_zoom=0.903|bounds
650,1115.1,668.9,interp,0.38,895.6,584.5,566.8,0.0,657.5,1168.9,1,84.5,1,0,shot_pb=1.00|flight_commit=1.00|pb_zfit|speed|edge_zoom=0.903|bounds
651,1102.9,668.1,interp,0.38,884.4,584.5,555.6,0.0,657.5,1168.9,1,85.5,1,0,shot_pb=1.00|flight_commit=1.00|pb_zfit|speed|edge_zoom=0.903|bounds
652,1090.9,667.3,interp,0.38,873.4,584.5,544.6,0.0,657.5,1168.9,1,86.5,1,0,shot_pb=1.00|flight_commit=1.00|pb_zfit|speed|edge_zoom=0.903|bounds
653,1079.0,666.5,interp,0.38,862.6,584.5,533.8,0.0,657.5,1168.9,1,87.6,1,0,shot_pb=1.00|flight_commit=1.00|pb_zfit|speed|edge_zoom=0.903|bounds
654,1067.4,665.7,interp,0.38,852.1,584.5,523.4,0.0,657.5,1168.9,1,88.7,1,0,shot_pb=1.00|flight_commit=1.00|pb_zfit|speed|edge_zoom=0.903|bounds
655,1056.0,664.8,interp,0.38,842.0,584.5,513.3,0.0,657.5,1168.9,1,90.0,1,1,shot_pb=1.00|flight_commit=1.00|pb_zfit|keepin_prop=0.00|keepin_zoom=1.350|speed|edge_zoom=0.903|bounds
656,1045.1,664.0,interp,0.38,832.4,584.5,503.6,0.0,657.5,1168.9,1,91.3,0,0,shot_pb=1.00|flight_commit=1.00|pb_zfit|edge_zoom=0.903|bounds
657,1034.7,663.2,yolo,0.33,823.2,584.5,494.5,0.0,657.5,1168.9,1,92.5,1,1,shot_pb=1.00|flight_commit=1.00|pb_zfit|keepin_prop=0.00|keepin_zoom=1.350|speed|edge_zoom=0.903|bounds
658,1025.4,662.4,interp,0.38,814.5,584.5,485.7,0.0,657.5,1168.9,1,93.1,0,0,shot_pb=1.00|flight_commit=1.00|pb_zfit|edge_zoom=0.904|bounds
659,1016.7,661.7,interp,0.38,806.2,584.5,477.4,0.0,657.5,1168.9,1,93.5,1,1,shot_pb=1.00|flight_commit=1.00|pb_zfit|keepin_prop=0.00|keepin_zoom=1.350|speed|edge_zoom=0.902|bounds
660,1008.4,661.1,interp,0.38,798.2,584.5,469.5,0.0,657.5,1168.9,1,93.8,0,0,shot_pb=1.00|flight_commit=1.00|pb_zfit|edge_zoom=0.904|bounds
661,1000.4,660.4,interp,0.38,790.7,584.5,461.9,0.0,657.5,1168.9,1,94.3,1,1,shot_pb=1.00|flight_commit=1.00|pb_zfit|keepin_prop=0.00|keepin_zoom=1.350|speed|edge_zoom=0.902|bounds
662,992.8,659.7,interp,0.38,783.4,584.5,454.7,0.0,657.5,1168.9,1,94.6,0,0,shot_pb=1.00|flight_commit=1.00|pb_zfit|edge_zoom=0.905|bounds
663,985.3,659.1,interp,0.38,776.5,584.5,447.7,0.0,657.5,1168.9,1,95.2,0,1,shot_pb=1.00|flight_commit=1.00|pb_zfit|keepin_prop=0.01|keepin_zoom=1.350|edge_zoom=0.901|bounds
664,978.1,658.5,interp,0.38,769.7,584.5,441.0,0.0,657.5,1168.9,1,95.6,0,0,shot_pb=1.00|flight_commit=1.00|pb_zfit|edge_zoom=0.905|bounds
665,971.0,657.9,interp,0.38,763.2,584.5,434.5,0.0,657.5,1168.9,1,96.2,0,1,shot_pb=1.00|flight_commit=1.00|pb_zfit|keepin_prop=0.01|keepin_zoom=1.350|edge_zoom=0.901|bounds
666,964.1,657.3,interp,0.38,756.9,584.5,428.1,0.0,657.5,1168.9,1,96.8,0,0,shot_pb=1.00|flight_commit=1.00|pb_zfit|edge_zoom=0.905|bounds
667,957.2,656.8,interp,0.38,750.6,584.5,421.9,0.0,657.5,1168.9,1,97.4,0,1,shot_pb=1.00|flight_commit=1.00|pb_zfit|keepin_prop=0.01|keepin_zoom=1.350|edge_zoom=0.899|bounds
668,950.3,656.2,interp,0.38,744.5,584.5,415.8,0.0,657.5,1168.9,1,98.2,0,0,shot_pb=1.00|flight_commit=1.00|pb_zfit|edge_zoom=0.906|bounds
669,943.4,655.7,interp,0.38,738.5,584.5,409.7,0.0,657.5,1168.9,1,99.1,0,1,shot_pb=1.00|flight_commit=1.00|pb_zfit|keepin_prop=0.02|keepin_zoom=1.350|edge_zoom=0.898|bounds
670,936.4,655.2,interp,0.38,732.5,584.5,403.7,0.0,657.5,1168.9,1,100.1,0,0,shot_pb=1.00|flight_commit=1.00|pb_zfit|edge_zoom=0.906|bounds
671,929.4,654.7,interp,0.38,726.4,584.5,397.7,0.0,657.5,1168.9,1,101.0,0,1,shot_pb=1.00|flight_commit=1.00|pb_zfit|keepin_prop=0.03|keepin_zoom=1.350|edge_zoom=0.896|bounds
672,922.3,654.3,interp,0.38,720.4,584.5,391.6,0.0,657.5,1168.9,1,102.1,0,0,shot_pb=1.00|flight_commit=1.00|pb_zfit|edge_zoom=0.906|bounds
673,914.9,653.9,interp,0.38,714.2,584.5,385.5,0.0,657.5,1168.9,1,103.3,0,1,shot_pb=1.00|flight_commit=1.00|keepin_prop=0.03|keepin_zoom=1.350|edge_zoom=0.896|bounds
674,907.3,653.5,interp,0.38,707.9,584.5,379.2,0.0,657.5,1168.9,1,104.6,0,0,shot_pb=1.00|flight_commit=1.00|edge_zoom=0.906|bounds
675,899.5,653.1,interp,0.38,701.5,584.5,372.7,0.0,657.5,1168.9,1,106.0,0,1,shot_pb=1.00|flight_commit=1.00|keepin_prop=0.03|keepin_zoom=1.350|edge_zoom=0.897|bounds
676,891.3,652.8,interp,0.38,694.9,584.5,366.1,0.0,657.5,1168.9,1,107.6,0,0,shot_pb=1.00|flight_commit=1.00|edge_zoom=0.906|bounds
677,882.8,652.5,interp,0.38,688.0,584.5,359.2,0.0,657.5,1168.9,1,109.2,0,1,shot_pb=1.00|flight_commit=1.00|keepin_prop=0.03|keepin_zoom=1.350|edge_zoom=0.898|bounds
678,873.8,652.3,interp,0.38,680.8,584.5,352.1,0.0,657.5,1168.9,1,111.0,0,0,shot_pb=1.00|flight_commit=1.00|edge_zoom=0.905|bounds
679,864.2,652.1,interp,0.38,673.3,584.5,344.6,0.0,657.5,1168.9,1,113.1,0,1,shot_pb=1.00|flight_commit=1.00|keepin_prop=0.02|keepin_zoom=1.350|edge_zoom=0.899|bounds
680,854.1,651.9,yolo,0.42,665.5,584.5,336.8,0.0,657.5,1168.9,1,115.4,0,0,shot_pb=1.00|flight_commit=1.00|edge_zoom=0.905|bounds
681,843.2,651.8,yolo,0.48,657.3,584.5,328.6,0.0,657.5,1168.9,1,118.1,0,1,shot_pb=1.00|flight_commit=1.00|keepin_prop=0.02|keepin_zoom=1.350|edge_zoom=0.900|bounds
682,831.0,651.7,yolo,0.44,648.8,584.5,320.1,0.0,657.5,1168.9,1,121.8,0,0,shot_pb=1.00|flight_commit=1.00|edge_zoom=0.905|bounds
683,817.7,651.7,yolo,0.41,640.0,584.5,311.2,0.0,657.5,1168.9,1,126.3,0,1,shot_pb=1.00|flight_commit=1.00|keepin_prop=0.01|keepin_zoom=1.350|edge_zoom=0.902|bounds
684,803.8,651.9,yolo,0.40,630.8,584.5,302.0,0.0,657.5,1168.9,1,131.0,0,0,shot_pb=1.00|flight_commit=1.00|edge_zoom=0.904|bounds
685,789.2,652.4,yolo,0.40,621.3,584.5,292.6,0.0,657.5,1168.9,1,136.1,0,1,shot_pb=1.00|flight_commit=1.00|keepin_prop=0.00|keepin_zoom=1.350|edge_zoom=0.903|bounds
686,774.3,653.1,interp,0.38,611.7,584.5,283.0,0.0,657.5,1168.9,1,141.4,0,0,shot_pb=1.00|flight_commit=1.00|edge_zoom=0.903|bounds
687,758.9,654.2,yolo,0.36,602.0,584.5,273.3,0.0,657.5,1168.9,1,147.1,0,1,shot_pb=1.00|flight_commit=1.00|keepin_prop=0.00|keepin_zoom=1.350|edge_zoom=0.904|bounds
688,743.0,655.5,interp,0.38,592.4,584.5,263.6,0.0,657.5,1168.9,1,153.4,1,0,shot_pb=1.00|flight_commit=1.00|speed|edge_zoom=0.903|bounds
689,726.6,657.2,interp,0.38,582.8,584.5,254.1,0.0,657.5,1168.9,1,160.2,0,1,shot_pb=1.00|flight_commit=1.00|keepin_prop=0.00|keepin_zoom=1.350|edge_zoom=0.903|bounds
690,709.7,659.1,yolo,0.35,573.6,584.5,244.8,0.0,657.5,1168.9,1,167.9,1,0,shot_pb=1.00|flight_commit=1.00|speed|edge_zoom=0.903|bounds
691,692.0,661.5,interp,0.38,564.7,584.5,235.9,0.0,657.5,1168.9,1,176.7,1,0,shot_pb=1.00|flight_commit=1.00|speed|edge_zoom=0.903|bounds
692,673.8,664.2,interp,0.38,556.2,584.5,227.5,0.0,657.5,1168.9,1,186.4,1,1,shot_pb=1.00|flight_commit=1.00|keepin_prop=0.02|keepin_zoom=1.350|speed|edge_zoom=0.897|bounds
693,655.2,667.1,yolo,0.34,548.4,584.5,219.6,0.0,657.5,1168.9,1,197.2,1,0,shot_pb=1.00|flight_commit=1.00|speed|edge_zoom=0.903|bounds
694,634.2,670.8,yolo,0.34,541.2,584.5,212.4,0.0,657.5,1168.9,1,211.0,1,1,shot_pb=1.00|flight_commit=1.00|keepin_prop=0.00|keepin_zoom=1.350|speed|edge_zoom=0.903|bounds
695,615.0,674.4,interp,0.38,534.6,584.5,205.8,0.0,657.5,1168.9,1,223.6,1,0,shot_pb=1.00|flight_commit=1.00|speed|edge_zoom=0.903|bounds
696,596.1,678.2,yolo,0.35,528.6,584.5,199.9,0.0,657.5,1168.9,1,236.5,1,1,shot_pb=1.00|flight_commit=1.00|keepin_prop=0.00|keepin_zoom=1.350|speed|edge_zoom=0.903|bounds
697,575.9,682.6,yolo,0.32,523.4,584.5,194.6,0.0,657.5,1168.9,1,251.5,1,1,shot_pb=1.00|flight_commit=1.00|keepin_prop=0.00|keepin_zoom=1.350|speed|edge_zoom=0.903|bounds
698,558.9,686.3,interp,0.38,518.7,584.5,190.0,0.0,657.5,1168.9,1,263.8,1,1,shot_pb=1.00|flight_commit=1.00|keepin_prop=0.00|keepin_zoom=1.350|speed|edge_zoom=0.902|bounds
699,543.0,689.8,interp,0.38,514.7,584.5,185.9,0.0,657.5,1168.9,1,275.7,1,1,shot_pb=1.00|flight_commit=1.00|keepin_prop=0.00|keepin_zoom=1.350|speed|edge_zoom=0.902|bounds
700,528.1,693.2,interp,0.38,511.2,584.5,182.4,0.0,657.5,1168.9,1,287.1,1,1,shot_pb=1.00|flight_commit=1.00|keepin_prop=0.00|keepin_zoom=1.350|speed|edge_zoom=0.902|bounds
701,514.4,696.3,yolo,0.43,508.4,584.5,179.6,0.0,657.5,1168.9,1,298.0,1,1,shot_pb=1.00|flight_commit=1.00|keepin_prop=0.00|keepin_zoom=1.350|speed|edge_zoom=0.902|bounds
702,499.3,699.7,yolo,0.42,506.2,584.5,177.4,0.0,657.5,1168.9,1,297.1,1,1,shot_pb=1.00|flight_commit=1.00|keepin_prop=0.00|keepin_zoom=1.350|speed|edge_zoom=0.901|bounds
703,488.7,701.9,interp,0.38,504.7,584.5,176.0,0.0,657.5,1168.9,1,288.0,1,1,shot_pb=1.00|flight_commit=1.00|keepin_prop=0.01|keepin_zoom=1.350|speed|edge_zoom=0.901|bounds
704,480.4,703.8,interp,0.38,504.2,584.5,175.4,0.0,657.5,1168.9,1,280.2,1,1,shot_pb=1.00|flight_commit=1.00|keepin_prop=0.01|keepin_zoom=1.350|speed|edge_zoom=0.900|bounds
705,474.7,705.2,yolo,0.48,504.7,584.5,175.9,0.0,657.5,1168.9,1,274.0,1,1,shot_pb=1.00|flight_commit=1.00|keepin_prop=0.01|keepin_zoom=1.350|speed|edge_zoom=0.900|bounds
706,475.9,705.6,interp,0.50,506.5,584.5,177.7,0.0,657.5,1168.9,1,273.4,1,1,shot_pb=1.00|flight_commit=1.00|keepin_prop=0.01|keepin_zoom=1.350|speed|edge_zoom=0.901|bounds
707,468.9,707.3,interp,0.50,509.8,584.5,181.0,0.0,657.5,1168.9,1,263.1,1,1,shot_pb=1.00|flight_commit=1.00|keepin_prop=0.01|keepin_zoom=1.350|speed|edge_zoom=0.900|bounds
708,471.6,707.5,interp,0.50,514.8,584.5,186.0,0.0,657.5,1168.9,1,260.8,1,1,shot_pb=1.00|flight_commit=1.00|keepin_prop=0.01|keepin_zoom=1.350|speed|edge_zoom=0.899|bounds
709,479.2,706.8,interp,0.50,521.8,584.5,193.0,0.0,657.5,1168.9,1,261.4,1,1,shot_pb=1.00|flight_commit=1.00|keepin_prop=0.01|keepin_zoom=1.350|speed|edge_zoom=0.898|bounds
710,492.5,705.2,interp,0.50,531.0,584.5,202.2,0.0,657.5,1168.9,1,265.5,1,1,shot_pb=1.00|flight_commit=1.00|keepin_prop=0.01|keepin_zoom=1.350|speed|edge_zoom=0.898|bounds
711,512.2,702.6,interp,0.50,542.5,584.5,213.7,0.0,657.5,1168.9,1,273.7,1,1,shot_pb=1.00|flight_commit=1.00|keepin_prop=0.01|keepin_zoom=1.350|speed|edge_zoom=0.899|bounds
712,570.4,693.6,interp,0.50,556.5,584.5,227.8,0.0,657.5,1168.9,1,290.1,0,1,accel_zoom=0.875|shot_pb=1.00|flight_commit=1.00|keepin_prop=0.01|keepin_zoom=1.350|edge_zoom=0.890|bounds
713,600.9,689.2,interp,0.50,573.0,584.5,244.3,0.0,657.5,1168.9,1,276.1,1,1,shot_pb=1.00|flight_commit=1.00|keepin_prop=0.00|keepin_zoom=1.350|speed|edge_zoom=0.894|bounds
714,631.2,684.8,interp,0.50,592.0,584.5,263.2,0.0,657.5,1168.9,1,264.8,1,1,accel_zoom=0.885|shot_pb=1.00|flight_commit=1.00|keepin_prop=0.00|keepin_zoom=1.350|speed|edge_zoom=0.894|bounds
715,661.0,680.5,interp,0.50,613.2,584.5,284.5,0.0,657.5,1168.9,1,256.2,0,1,accel_zoom=0.885|shot_pb=1.00|flight_commit=1.00|keepin_prop=0.00|keepin_zoom=1.350|edge_zoom=0.895|bounds
716,690.5,676.2,interp,0.50,636.6,584.5,307.8,0.0,657.5,1168.9,1,250.1,0,1,accel_zoom=0.885|shot_pb=1.00|flight_commit=1.00|keepin_prop=0.00|keepin_zoom=1.350|flight_boost=1.02|edge_zoom=0.897|bounds
717,719.5,672.0,interp,0.50,661.7,584.5,332.9,0.0,657.5,1168.9,1,246.2,0,1,accel_zoom=0.885|shot_pb=1.00|flight_commit=1.00|keepin_prop=0.00|keepin_zoom=1.350|flight_boost=1.06|edge_zoom=0.898|bounds
718,747.9,667.9,interp,0.50,688.1,584.5,359.4,0.0,657.5,1168.9,1,244.2,0,0,accel_zoom=0.885|shot_pb=1.00|flight_commit=1.00|flight_boost=1.09|edge_zoom=0.904|bounds
719,775.7,663.8,interp,0.50,715.5,584.5,386.8,0.0,657.5,1168.9,1,243.8,0,0,accel_zoom=0.885|shot_pb=1.00|flight_commit=1.00|edge_zoom=0.905|bounds
720,802.9,659.8,interp,0.50,743.4,584.5,414.6,0.0,657.5,1168.9,1,244.5,0,0,accel_zoom=0.885|shot_pb=1.00|flight_commit=1.00|edge_zoom=0.906|bounds
721,829.5,656.0,interp,0.50,771.3,584.5,442.6,0.0,657.5,1168.9,1,245.8,0,0,accel_zoom=0.885|shot_pb=1.00|flight_commit=1.00|edge_zoom=0.907|bounds
722,855.3,652.2,interp,0.50,798.9,584.5,470.1,0.0,657.5,1168.9,1,247.6,0,0,accel_zoom=0.885|shot_pb=1.00|flight_commit=1.00|edge_zoom=0.909|bounds
723,880.5,648.6,interp,0.50,825.7,584.5,496.9,0.0,657.5,1168.9,1,249.2,0,0,accel_zoom=0.885|shot_pb=1.00|flight_commit=1.00|edge_zoom=0.910|bounds
724,904.8,645.0,interp,0.50,851.5,584.5,522.7,0.0,657.5,1168.9,1,250.7,0,0,accel_zoom=0.885|shot_pb=1.00|flight_commit=1.00|edge_zoom=0.911|bounds
725,928.5,641.6,interp,0.50,876.0,584.5,547.2,0.0,657.5,1168.9,1,251.5,0,1,accel_zoom=0.885|shot_pb=1.00|flight_commit=1.00|keepin_prop=0.01|keepin_zoom=1.350|edge_zoom=0.907|bounds
726,951.3,638.2,interp,0.50,899.0,584.5,570.3,0.0,657.5,1168.9,1,251.7,0,0,accel_zoom=0.885|shot_pb=1.00|flight_commit=1.00|edge_zoom=0.913|bounds
727,973.3,635.0,interp,0.50,920.6,584.5,591.8,0.0,657.5,1168.9,1,251.3,0,0,accel_zoom=0.885|shot_pb=1.00|flight_commit=1.00|edge_zoom=0.914|bounds
728,994.5,631.9,interp,0.50,940.6,584.5,611.9,0.0,657.5,1168.9,1,250.1,0,1,accel_zoom=0.885|shot_pb=1.00|flight_commit=1.00|pb_zfit|keepin_prop=0.00|keepin_zoom=1.350|edge_zoom=0.910|bounds
729,1014.9,629.0,interp,0.50,959.2,584.5,630.4,0.0,657.5,1168.9,1,248.3,0,0,accel_zoom=0.885|shot_pb=1.00|flight_commit=1.00|pb_zfit|edge_zoom=0.916|bounds
730,1034.4,626.1,interp,0.50,976.3,584.5,647.6,0.0,657.5,1168.9,1,245.9,0,0,shot_pb=1.00|flight_commit=1.00|pb_zfit|edge_zoom=0.917|bounds
731,1053.1,623.4,interp,0.50,992.2,584.5,663.4,0.0,657.5,1168.9,1,243.1,0,1,shot_pb=1.00|flight_commit=1.00|pb_zfit|keepin_prop=0.01|keepin_zoom=1.350|edge_zoom=0.912|bounds
732,1070.9,620.8,interp,0.50,1006.8,584.5,678.0,0.0,657.5,1168.9,1,239.9,0,0,shot_pb=1.00|flight_commit=1.00|pb_zfit|edge_zoom=0.919|bounds
733,1087.9,618.3,interp,0.50,1020.3,584.5,691.6,0.0,657.5,1168.9,1,236.4,0,0,shot_pb=1.00|flight_commit=1.00|pb_zfit|edge_zoom=0.919|bounds
734,1104.0,616.0,interp,0.50,1032.8,584.5,704.1,0.0,657.5,1168.9,1,232.8,0,1,shot_pb=1.00|flight_commit=1.00|pb_zfit|keepin_prop=0.01|keepin_zoom=1.350|edge_zoom=0.913|bounds
735,1119.2,613.7,interp,0.50,1044.4,584.5,715.7,0.0,657.5,1168.9,1,229.2,0,0,shot_pb=1.00|flight_commit=1.00|pb_zfit|edge_zoom=0.921|bounds
736,1133.6,611.7,interp,0.50,1055.2,584.5,726.4,0.0,657.5,1168.9,1,225.6,0,1,shot_pb=1.00|flight_commit=1.00|pb_zfit|keepin_prop=0.00|keepin_zoom=1.350|edge_zoom=0.917|bounds
737,1147.0,609.7,interp,0.50,1065.2,584.5,736.4,0.0,657.5,1168.9,1,222.2,0,0,shot_pb=1.00|flight_commit=1.00|pb_zfit|edge_zoom=0.922|bounds
738,1159.6,607.9,interp,0.50,1074.4,584.5,745.6,0.0,657.5,1168.9,1,218.8,0,1,shot_pb=1.00|flight_commit=1.00|pb_zfit|keepin_prop=0.00|keepin_zoom=1.350|edge_zoom=0.919|bounds
739,1171.3,606.1,interp,0.50,1082.9,584.5,754.1,0.0,657.5,1168.9,1,215.6,0,0,shot_pb=1.00|flight_commit=1.00|pb_zfit|edge_zoom=0.923|bounds
740,1182.2,604.6,interp,0.50,1090.6,584.5,761.8,0.0,657.5,1168.9,1,212.4,0,1,shot_pb=1.00|flight_commit=1.00|pb_zfit|keepin_prop=0.00|keepin_zoom=1.350|edge_zoom=0.920|bounds
741,1192.1,603.1,interp,0.50,1097.5,584.5,768.7,0.0,657.5,1168.9,1,209.4,0,0,shot_pb=1.00|flight_commit=1.00|pb_zfit|edge_zoom=0.924|bounds
742,1201.2,601.8,interp,0.50,1103.5,584.5,774.7,0.0,657.5,1168.9,1,206.3,0,1,shot_pb=1.00|flight_commit=1.00|pb_zfit|keepin_prop=0.00|keepin_zoom=1.350|edge_zoom=0.920|bounds
743,1209.4,600.6,interp,0.50,1108.6,584.5,779.8,0.0,657.5,1168.9,1,203.2,0,0,shot_pb=1.00|flight_commit=1.00|pb_zfit|edge_zoom=0.925|bounds
744,1216.8,599.5,interp,0.50,1112.5,584.5,783.7,0.0,657.5,1168.9,1,199.7,0,1,shot_pb=1.00|flight_commit=1.00|pb_zfit|keepin_prop=0.00|keepin_zoom=1.350|edge_zoom=0.921|bounds
745,1223.2,598.6,interp,0.50,1115.2,584.5,786.5,0.0,657.5,1168.9,1,196.0,0,0,shot_pb=1.00|flight_commit=1.00|pb_zfit|edge_zoom=0.926|bounds
746,1228.9,597.8,interp,0.50,1116.6,584.5,787.9,0.0,657.5,1168.9,1,191.7,0,1,shot_pb=1.00|flight_commit=1.00|pb_zfit|keepin_prop=0.01|keepin_zoom=1.350|edge_zoom=0.920|bounds
747,1233.6,597.1,interp,0.50,1116.6,584.5,787.8,0.0,657.5,1168.9,1,187.0,0,0,shot_pb=1.00|flight_commit=1.00|pb_zfit|edge_zoom=0.926|bounds
748,1237.6,596.5,interp,0.50,1115.0,584.5,786.3,0.0,657.5,1168.9,1,181.4,0,1,shot_pb=1.00|flight_commit=1.00|pb_zfit|keepin_prop=0.01|keepin_zoom=1.350|edge_zoom=0.920|bounds
749,1240.7,596.1,interp,0.50,1111.9,584.5,783.1,0.0,657.5,1168.9,1,175.2,0,0,shot_pb=1.00|flight_commit=1.00|pb_zfit|edge_zoom=0.926|bounds
750,1243.0,595.8,interp,0.50,1107.1,584.5,778.4,0.0,657.5,1168.9,1,168.1,0,1,shot_pb=1.00|flight_commit=1.00|pb_zfit|keepin_prop=0.02|keepin_zoom=1.350|edge_zoom=0.918|bounds
751,1243.0,596.6,blended,0.77,1100.9,584.5,772.1,0.0,657.5,1168.9,1,161.9,1,0,shot_pb=1.00|flight_commit=1.00|pb_zfit|speed|edge_zoom=0.901|bounds
752,1245.6,595.2,interp,0.38,1093.3,584.5,764.5,0.0,657.5,1168.9,1,151.7,0,0,shot_pb=1.00|flight_commit=1.00|pb_zfit|edge_zoom=0.935|bounds
753,1246.0,595.0,interp,0.38,1084.4,584.5,755.7,0.0,657.5,1168.9,1,142.4,0,0,shot_pb=1.00|flight_commit=1.00|pb_zfit|edge_zoom=0.938|bounds
754,1245.6,594.8,interp,0.38,1074.6,584.5,745.9,0.0,657.5,1168.9,1,133.0,0,0,shot_pb=1.00|flight_commit=1.00|pb_zfit|edge_zoom=0.933|bounds
755,1244.5,594.8,interp,0.38,1064.1,584.5,735.3,0.0,657.5,1168.9,1,123.6,0,0,shot_pb=1.00|flight_commit=1.00|pb_zfit|edge_zoom=0.924|bounds
756,1242.8,594.8,interp,0.38,1053.0,584.5,724.3,0.0,657.5,1168.9,1,114.2,0,0,shot_pb=1.00|flight_commit=1.00|pb_zfit|edge_zoom=0.922|bounds
757,1240.5,595.0,interp,0.38,1041.8,584.5,713.0,0.0,657.5,1168.9,1,105.3,0,0,shot_pb=1.00|flight_commit=1.00|pb_zfit|edge_zoom=0.870|bounds
758,1237.5,595.2,interp,0.38,1030.5,584.5,701.8,0.0,657.5,1168.9,1,97.0,0,0,shot_pb=1.00|flight_commit=1.00|pb_zfit|edge_zoom=0.872|bounds
759,1233.9,595.4,interp,0.38,1019.5,584.5,690.7,0.0,657.5,1168.9,1,89.6,0,0,shot_pb=1.00|flight_commit=1.00|pb_zfit|edge_zoom=0.874|bounds
760,1229.7,595.8,interp,0.38,1008.8,584.5,680.0,0.0,657.5,1168.9,1,83.1,0,0,shot_pb=1.00|flight_commit=1.00|pb_zfit|edge_zoom=0.876|bounds
761,1225.1,596.2,interp,0.38,998.5,584.5,669.7,0.0,657.5,1168.9,1,77.4,0,0,shot_pb=1.00|flight_commit=1.00|person_ctx=4|pb_zfit|edge_zoom=0.878|bounds
762,1219.9,596.7,interp,0.38,988.7,584.5,659.9,0.0,657.5,1168.9,1,72.8,0,0,shot_pb=1.00|flight_commit=1.00|pb_zfit|edge_zoom=0.880|bounds
763,1214.2,597.2,interp,0.38,979.3,584.5,650.5,0.0,657.5,1168.9,1,69.1,0,0,shot_pb=1.00|flight_commit=1.00|pb_zfit|edge_zoom=0.883|bounds
764,1208.0,597.8,interp,0.38,970.3,584.5,641.5,0.0,657.5,1168.9,1,66.3,0,0,shot_pb=1.00|flight_commit=1.00|pb_zfit|edge_zoom=0.885|bounds
765,1201.4,598.5,interp,0.38,961.6,584.5,632.8,0.0,657.5,1168.9,1,64.2,0,0,shot_pb=1.00|flight_commit=1.00|pb_zfit|edge_zoom=0.887|bounds
766,1194.4,599.2,interp,0.38,953.2,584.5,624.4,0.0,657.5,1168.9,1,62.8,0,0,shot_pb=1.00|flight_commit=1.00|pb_zfit|edge_zoom=0.889|bounds
767,1187.0,600.0,interp,0.38,944.9,584.5,616.2,0.0,657.5,1168.9,1,61.9,0,0,shot_pb=1.00|flight_commit=1.00|pb_zfit|edge_zoom=0.892|bounds
768,1179.2,600.7,interp,0.38,936.8,584.5,608.0,0.0,657.5,1168.9,1,61.6,0,0,shot_pb=1.00|flight_commit=1.00|pb_zfit|edge_zoom=0.894|bounds
769,1171.1,601.6,interp,0.38,928.7,584.5,599.9,0.0,657.5,1168.9,1,61.6,0,0,shot_pb=1.00|flight_commit=1.00|pb_zfit|edge_zoom=0.896|bounds
770,1162.7,602.4,interp,0.38,920.6,584.5,591.8,0.0,657.5,1168.9,1,61.9,0,0,shot_pb=1.00|flight_commit=1.00|pb_zfit|edge_zoom=0.898|bounds
771,1153.9,603.4,interp,0.38,912.5,584.5,583.8,0.0,657.5,1168.9,1,62.6,0,0,shot_pb=1.00|flight_commit=1.00|pb_zfit|edge_zoom=0.901|bounds
772,1145.0,604.3,interp,0.38,904.4,584.5,575.7,0.0,657.5,1168.9,1,63.4,0,0,shot_pb=1.00|flight_commit=1.00|pb_zfit|edge_zoom=0.903|bounds
773,1135.8,605.3,interp,0.38,896.3,584.5,567.5,0.0,657.5,1168.9,1,64.5,0,0,shot_pb=1.00|flight_commit=1.00|pb_zfit|edge_zoom=0.905|bounds
774,1126.3,606.2,interp,0.38,888.2,584.5,559.4,0.0,657.5,1168.9,1,65.9,0,0,shot_pb=1.00|flight_commit=1.00|pb_zfit|edge_zoom=0.907|bounds
775,1116.7,607.3,interp,0.38,880.1,584.5,551.3,0.0,657.5,1168.9,1,67.4,0,0,shot_pb=1.00|flight_commit=1.00|pb_zfit|edge_zoom=0.909|bounds
776,1106.9,608.3,interp,0.38,872.0,584.5,543.2,0.0,657.5,1168.9,1,69.1,0,0,shot_pb=1.00|flight_commit=1.00|pb_zfit|edge_zoom=0.911|bounds
777,1097.0,609.4,interp,0.38,864.0,584.5,535.2,0.0,657.5,1168.9,1,71.0,0,0,shot_pb=1.00|flight_commit=1.00|pb_zfit|edge_zoom=0.913|bounds
778,1087.0,610.4,interp,0.38,856.0,584.5,527.2,0.0,657.5,1168.9,1,73.0,0,0,shot_pb=1.00|flight_commit=1.00|pb_zfit|edge_zoom=0.915|bounds
779,1076.9,611.5,interp,0.38,848.0,584.5,519.3,0.0,657.5,1168.9,1,75.1,0,0,shot_pb=1.00|flight_commit=1.00|pb_zfit|edge_zoom=0.914|bounds
780,1066.7,612.6,interp,0.38,840.2,584.5,511.4,0.0,657.5,1168.9,1,77.5,0,1,shot_pb=1.00|flight_commit=1.00|pb_zfit|keepin_prop=0.00|keepin_zoom=1.350|edge_zoom=0.917|bounds
781,1056.5,613.7,interp,0.38,832.3,584.5,503.6,0.0,657.5,1168.9,1,79.8,0,0,shot_pb=1.00|flight_commit=1.00|person_ctx=4|pb_zfit|edge_zoom=0.914|bounds
782,1046.3,614.8,interp,0.38,824.6,584.5,495.8,0.0,657.5,1168.9,1,82.3,0,1,shot_pb=1.00|flight_commit=1.00|person_ctx=4|pb_zfit|keepin_prop=0.00|keepin_zoom=1.350|edge_zoom=0.916|bounds
783,1036.1,615.9,interp,0.38,816.9,584.5,488.1,0.0,657.5,1168.9,1,84.8,0,0,shot_pb=1.00|flight_commit=1.00|pb_zfit|edge_zoom=0.913|bounds
784,1026.0,617.1,interp,0.38,809.2,584.5,480.4,0.0,657.5,1168.9,1,87.2,0,1,shot_pb=1.00|flight_commit=1.00|pb_zfit|keepin_prop=0.00|keepin_zoom=1.350|edge_zoom=0.916|bounds
785,1015.9,618.2,interp,0.38,801.6,584.5,472.8,0.0,657.5,1168.9,1,89.7,0,0,shot_pb=1.00|flight_commit=1.00|person_ctx=4|pb_zfit|edge_zoom=0.912|bounds
786,1006.0,619.3,interp,0.38,794.1,584.5,465.3,0.0,657.5,1168.9,1,92.1,0,1,shot_pb=1.00|flight_commit=1.00|person_ctx=4|pb_zfit|keepin_prop=0.00|keepin_zoom=1.350|edge_zoom=0.915|bounds
787,996.1,620.4,interp,0.38,786.6,584.5,457.8,0.0,657.5,1168.9,1,94.5,0,0,shot_pb=1.00|flight_commit=1.00|person_ctx=4|pb_zfit|edge_zoom=0.911|bounds
788,986.4,621.6,interp,0.38,779.2,584.5,450.5,0.0,657.5,1168.9,1,96.8,0,1,shot_pb=1.00|flight_commit=1.00|person_ctx=4|pb_zfit|keepin_prop=0.00|keepin_zoom=1.350|edge_zoom=0.914|bounds
789,976.9,622.7,interp,0.38,772.0,584.5,443.2,0.0,657.5,1168.9,1,99.1,0,0,shot_pb=1.00|flight_commit=1.00|person_ctx=4|pb_zfit|edge_zoom=0.911|bounds
790,967.6,623.8,interp,0.38,764.9,584.5,436.1,0.0,657.5,1168.9,1,101.3,0,1,shot_pb=1.00|flight_commit=1.00|person_ctx=4|keepin_prop=0.00|keepin_zoom=1.350|edge_zoom=0.913|bounds
791,958.5,624.9,interp,0.38,758.0,584.5,429.2,0.0,657.5,1168.9,1,103.5,0,0,shot_pb=1.00|flight_commit=1.00|person_ctx=4|edge_zoom=0.910|bounds
792,949.6,626.0,interp,0.38,751.3,584.5,422.5,0.0,657.5,1168.9,1,105.7,0,1,shot_pb=1.00|flight_commit=1.00|person_ctx=4|keepin_prop=0.00|keepin_zoom=1.350|edge_zoom=0.912|bounds
793,941.1,627.1,interp,0.38,744.8,584.5,416.1,0.0,657.5,1168.9,1,107.7,0,0,shot_pb=1.00|flight_commit=1.00|person_ctx=4|edge_zoom=0.909|bounds
794,932.8,628.2,interp,0.38,738.8,584.5,410.0,0.0,657.5,1168.9,1,110.0,0,1,shot_pb=1.00|flight_commit=1.00|person_ctx=4|keepin_prop=0.00|keepin_zoom=1.350|edge_zoom=0.911|bounds
795,924.9,629.3,interp,0.38,733.1,584.5,404.3,0.0,657.5,1168.9,1,112.2,0,0,shot_pb=1.00|flight_commit=1.00|pb_zfit|edge_zoom=0.908|bounds
796,917.4,630.4,interp,0.38,727.9,584.5,399.2,0.0,657.5,1168.9,1,114.5,0,1,shot_pb=1.00|flight_commit=1.00|keepin_prop=0.02|keepin_zoom=1.350|edge_zoom=0.906|bounds
797,910.3,631.5,interp,0.38,723.4,584.5,394.6,0.0,657.5,1168.9,1,117.1,0,0,shot_pb=1.00|flight_commit=1.00|edge_zoom=0.907|bounds
798,903.6,632.6,interp,0.38,719.6,584.5,390.8,0.0,657.5,1168.9,1,120.0,0,1,shot_pb=1.00|flight_commit=1.00|keepin_prop=0.03|keepin_zoom=1.350|edge_zoom=0.905|bounds
799,897.4,633.6,interp,0.38,716.7,584.5,387.9,0.0,657.5,1168.9,1,123.3,0,0,shot_pb=1.00|flight_commit=1.00|edge_zoom=0.906|bounds
800,891.6,634.7,interp,0.38,714.8,584.5,386.0,0.0,657.5,1168.9,1,127.2,0,1,shot_pb=1.00|flight_commit=1.00|keepin_prop=0.03|keepin_zoom=1.350|edge_zoom=0.903|bounds
801,886.4,635.9,interp,0.38,714.0,584.5,385.3,0.0,657.5,1168.9,1,131.6,0,0,shot_pb=1.00|flight_commit=1.00|person_ctx=4|edge_zoom=0.904|bounds
802,881.7,637.0,interp,0.38,714.6,584.5,385.9,0.0,657.5,1168.9,1,136.9,0,1,shot_pb=1.00|flight_commit=1.00|person_ctx=3|keepin_prop=0.03|keepin_zoom=1.350|edge_zoom=0.904|bounds
803,877.7,638.2,interp,0.38,716.7,584.5,388.0,0.0,657.5,1168.9,1,143.0,1,0,shot_pb=1.00|flight_commit=1.00|person_ctx=3|speed|edge_zoom=0.903|bounds
804,874.2,639.3,interp,0.38,720.4,584.5,391.6,0.0,657.5,1168.9,1,150.2,0,1,shot_pb=1.00|flight_commit=1.00|person_ctx=3|keepin_prop=0.03|keepin_zoom=1.350|edge_zoom=0.902|bounds
805,871.4,640.6,interp,0.38,725.7,584.5,396.9,0.0,657.5,1168.9,1,158.3,1,0,shot_pb=1.00|flight_commit=1.00|person_ctx=3|speed|edge_zoom=0.903|bounds
806,869.4,641.9,interp,0.38,732.6,584.5,403.8,0.0,657.5,1168.9,1,167.2,0,1,shot_pb=1.00|flight_commit=1.00|person_ctx=4|keepin_prop=0.02|keepin_zoom=1.350|edge_zoom=0.903|bounds
807,868.0,643.2,interp,0.38,741.0,584.5,412.3,0.0,657.5,1168.9,1,177.0,1,0,shot_pb=1.00|flight_commit=1.00|person_ctx=4|speed|edge_zoom=0.903|bounds
808,867.5,644.7,interp,0.38,750.9,584.5,422.2,0.0,657.5,1168.9,1,187.4,1,0,shot_pb=1.00|flight_commit=1.00|speed|edge_zoom=0.903|bounds
809,867.8,646.2,interp,0.38,762.1,584.5,433.3,0.0,657.5,1168.9,1,198.3,1,0,shot_pb=1.00|flight_commit=1.00|speed|edge_zoom=0.903|bounds
810,868.9,647.9,interp,0.38,774.2,584.5,445.4,0.0,657.5,1168.9,1,209.3,1,0,shot_pb=1.00|flight_commit=1.00|speed|edge_zoom=0.903|bounds
811,871.0,649.7,interp,0.38,787.0,584.5,458.2,0.0,657.5,1168.9,1,220.0,1,0,shot_pb=1.00|flight_commit=1.00|speed|edge_zoom=0.903|bounds
812,874.1,651.7,yolo,0.65,800.2,584.5,471.4,0.0,657.5,1168.9,1,230.1,1,0,shot_pb=1.00|flight_commit=1.00|speed|edge_zoom=0.903|bounds
813,878.2,653.9,yolo,0.62,813.5,584.5,484.8,0.0,657.5,1168.9,1,239.3,1,0,shot_pb=1.00|flight_commit=1.00|speed|edge_zoom=0.903|bounds
814,883.4,656.4,yolo,0.59,826.7,584.5,497.9,0.0,657.5,1168.9,1,247.3,0,1,shot_pb=1.00|flight_commit=1.00|keepin_prop=0.00|keepin_zoom=1.350|edge_zoom=0.903|bounds
815,889.7,659.1,interp,0.38,839.5,584.5,510.7,0.0,657.5,1168.9,1,253.8,1,0,shot_pb=1.00|flight_commit=1.00|speed|edge_zoom=0.903|bounds
816,897.2,662.1,interp,0.38,851.8,584.5,523.0,0.0,657.5,1168.9,1,258.6,1,1,shot_pb=1.00|flight_commit=1.00|keepin_prop=0.00|keepin_zoom=1.350|speed|edge_zoom=0.902|bounds
817,906.1,665.6,yolo,0.53,863.5,584.5,534.7,0.0,657.5,1168.9,1,261.4,1,0,shot_pb=1.00|flight_commit=1.00|speed|edge_zoom=0.903|bounds
818,916.5,669.5,interp,0.38,874.7,584.5,545.9,0.0,657.5,1168.9,1,262.2,1,1,shot_pb=1.00|flight_commit=1.00|keepin_prop=0.00|keepin_zoom=1.350|speed|edge_zoom=0.902|bounds
819,928.5,673.9,interp,0.38,885.5,584.5,556.8,0.0,657.5,1168.9,1,261.0,1,0,shot_pb=1.00|flight_commit=1.00|pb_zfit|speed|edge_zoom=0.903|bounds
820,942.3,678.8,interp,0.38,896.2,584.5,567.4,0.0,657.5,1168.9,1,257.9,1,0,shot_pb=1.00|flight_commit=1.00|pb_zfit|speed|edge_zoom=0.903|bounds
821,958.1,684.5,interp,0.38,906.9,584.5,578.1,0.0,657.5,1168.9,1,252.8,1,1,shot_pb=1.00|flight_commit=1.00|pb_zfit|keepin_prop=0.01|keepin_zoom=1.350|speed|edge_zoom=0.900|bounds
822,976.3,690.8,interp,0.38,918.0,584.5,589.3,0.0,657.5,1168.9,1,245.7,1,1,shot_pb=1.00|flight_commit=1.00|pb_zfit|keepin_prop=0.00|keepin_zoom=1.350|speed|edge_zoom=0.902|bounds
823,997.0,698.1,interp,0.38,929.9,584.5,601.1,0.0,657.5,1168.9,1,236.9,1,1,shot_pb=1.00|flight_commit=1.00|person_ctx=4|pb_zfit|keepin_prop=0.00|keepin_zoom=1.350|speed|edge_zoom=0.902|bounds
824,1020.7,706.3,interp,0.38,942.8,584.5,614.0,0.0,657.5,1168.9,1,226.1,1,1,accel_zoom=0.943|shot_pb=1.00|flight_commit=1.00|person_ctx=4|pb_zfit|keepin_prop=0.01|keepin_zoom=1.350|speed|edge_zoom=0.898|bounds
825,1047.7,715.6,yolo,0.47,957.1,584.5,628.3,0.0,657.5,1168.9,1,213.4,1,1,accel_zoom=0.934|shot_pb=1.00|flight_commit=1.00|pb_zfit|keepin_prop=0.01|keepin_zoom=1.350|speed|edge_zoom=0.898|bounds
826,1084.0,728.3,interp,0.50,972.9,584.5,644.1,0.0,657.5,1168.9,1,192.9,1,1,accel_zoom=0.906|shot_pb=1.00|flight_commit=1.00|pb_zfit|keepin_prop=0.02|keepin_zoom=1.350|speed|edge_zoom=0.895|bounds
827,1122.8,741.7,interp,0.50,990.4,584.5,661.7,0.0,657.5,1168.9,1,171.6,1,1,accel_zoom=0.897|shot_pb=1.00|flight_commit=1.00|pb_zfit|keepin_prop=0.04|keepin_zoom=1.350|speed|edge_zoom=0.890|bounds
828,1163.3,755.6,interp,0.50,1009.8,584.5,681.0,0.0,657.5,1168.9,1,150.5,1,1,accel_zoom=0.891|shot_pb=1.00|flight_commit=1.00|pb_zfit|keepin_prop=0.06|keepin_zoom=1.350|flight_boost=1.03|speed|edge_zoom=0.884|bounds
829,1204.8,769.7,interp,0.50,1030.9,584.5,702.1,0.0,657.5,1168.9,1,130.1,1,1,accel_zoom=0.887|shot_pb=1.00|flight_commit=1.00|pb_zfit|keepin_prop=0.08|keepin_zoom=1.350|flight_boost=1.10|speed|edge_zoom=0.876|bounds
830,1246.5,783.7,interp,0.50,1053.5,584.5,724.8,0.0,657.5,1168.9,1,111.0,1,1,accel_zoom=0.885|shot_pb=1.00|flight_commit=1.00|pb_zfit|keepin_prop=0.10|keepin_zoom=1.350|flight_boost=1.16|speed|edge_zoom=0.867|bounds
831,1287.9,797.3,interp,0.50,1077.6,584.5,748.9,0.0,657.5,1168.9,1,93.7,1,1,accel_zoom=0.884|shot_pb=1.00|flight_commit=1.00|pb_zfit|keepin_prop=0.13|keepin_zoom=1.350|flight_boost=1.21|speed|edge_zoom=0.857|bounds
832,1328.5,810.4,interp,0.50,1102.8,584.5,774.0,0.0,657.5,1168.9,1,78.3,1,1,accel_zoom=0.884|shot_pb=1.00|flight_commit=1.00|pb_zfit|keepin_prop=0.17|keepin_zoom=1.350|flight_boost=1.25|speed|edge_zoom=0.846|bounds
833,1367.9,822.7,interp,0.50,1128.6,584.5,799.8,0.0,657.5,1168.9,1,64.7,1,1,accel_zoom=0.884|shot_pb=1.00|flight_commit=1.00|pb_zfit|keepin_prop=0.20|keepin_zoom=1.350|flight_boost=1.26|speed|edge_zoom=0.835|bounds
834,1405.7,834.1,interp,0.50,1154.7,584.5,826.0,0.0,657.5,1168.9,1,53.0,1,1,accel_zoom=0.884|shot_pb=1.00|flight_commit=1.00|pb_zfit|keepin_prop=0.23|keepin_zoom=1.350|flight_boost=1.26|speed|edge_zoom=0.823|bounds
835,1441.6,844.4,interp,0.50,1180.7,584.5,852.0,0.0,657.5,1168.9,1,43.1,1,1,accel_zoom=0.884|shot_pb=1.00|flight_commit=1.00|pb_zfit|keepin_prop=0.27|keepin_zoom=1.350|flight_boost=1.24|speed|edge_zoom=0.812|bounds
836,1475.3,853.4,interp,0.50,1206.2,584.5,877.4,0.0,657.5,1168.9,1,34.9,1,1,accel_zoom=0.884|shot_pb=1.00|flight_commit=1.00|pb_zfit|keepin_prop=0.30|keepin_zoom=1.350|flight_boost=1.22|speed|edge_zoom=0.802|bounds
837,1506.5,861.0,interp,0.50,1230.7,584.5,901.9,0.0,657.5,1168.9,1,28.2,1,1,accel_zoom=0.884|shot_pb=1.00|flight_commit=1.00|pb_zfit|keepin_prop=0.33|keepin_zoom=1.350|flight_boost=1.18|speed|edge_zoom=0.792|bounds
838,1535.1,867.1,interp,0.50,1253.9,584.5,925.1,0.0,657.5,1168.9,1,22.8,1,1,accel_zoom=0.884|shot_pb=1.00|flight_commit=1.00|pb_zfit|keepin_prop=0.35|keepin_zoom=1.350|flight_boost=1.14|speed|edge_zoom=0.784|bounds
839,1560.9,871.5,interp,0.50,1277.1,584.5,948.4,0.0,657.5,1168.9,1,20.2,1,1,accel_zoom=0.884|shot_pb=1.00|flight_commit=1.00|pb_zfit|keepin_prop=0.37|keepin_zoom=1.350|flight_boost=1.09|speed|edge_zoom=0.777|bounds
840,1583.7,874.1,interp,0.50,1299.9,584.5,971.1,0.0,657.5,1168.9,1,20.2,1,1,accel_zoom=0.884|shot_pb=1.00|flight_commit=1.00|pb_zfit|keepin_prop=0.39|keepin_zoom=1.350|flight_boost=1.04|speed|edge_zoom=0.772|bounds
841,1603.4,874.7,interp,0.50,1319.6,584.5,990.8,0.0,657.5,1168.9,1,20.2,1,1,accel_zoom=0.884|shot_pb=1.00|flight_commit=1.00|pb_zfit|keepin_prop=0.40|keepin_zoom=1.350|speed|edge_zoom=0.768|bounds
842,1619.9,873.2,interp,0.50,1336.1,584.5,1007.4,0.0,657.5,1168.9,1,20.2,1,1,shot_pb=1.00|flight_commit=1.00|pb_zfit|keepin_prop=0.40|keepin_zoom=1.350|speed|edge_zoom=0.766|bounds
843,1633.1,869.4,interp,0.50,1349.4,584.5,1020.6,0.0,657.5,1168.9,1,20.3,1,1,shot_pb=1.00|flight_commit=1.00|pb_zfit|keepin_prop=0.41|keepin_zoom=1.350|speed|edge_zoom=0.765|bounds
844,1643.1,863.2,interp,0.50,1359.3,584.5,1030.6,0.0,657.5,1168.9,1,20.2,1,1,shot_pb=1.00|flight_commit=1.00|pb_zfit|keepin_prop=0.41|keepin_zoom=1.350|speed|edge_zoom=0.765|bounds
845,1649.7,854.4,interp,0.50,1366.0,584.5,1037.2,0.0,657.5,1168.9,1,20.3,1,1,shot_pb=1.00|flight_commit=1.00|pb_zfit|keepin_prop=0.40|keepin_zoom=1.350|speed|edge_zoom=0.767|bounds
846,1651.8,842.5,blended,0.71,1368.0,584.5,1039.3,0.0,657.5,1168.9,1,20.2,1,1,shot_pb=1.00|flight_commit=1.00|pb_zfit|keepin_prop=0.37|keepin_zoom=1.350|speed|edge_zoom=0.777|bounds
847,1651.5,824.5,interp,0.50,1368.2,584.5,1039.5,0.0,657.5,1168.9,1,20.7,1,1,shot_pb=1.00|flight_commit=1.00|pb_zfit|keepin_prop=0.31|keepin_zoom=1.350|speed|edge_zoom=0.798|bounds
848,1647.6,804.2,interp,0.50,1369.3,584.5,1040.6,0.0,657.5,1168.9,1,25.7,1,1,shot_pb=1.00|flight_commit=1.00|pb_zfit|keepin_prop=0.24|keepin_zoom=1.350|speed|edge_zoom=0.821|bounds
849,1641.7,782.8,interp,0.50,1368.4,584.5,1039.6,0.0,657.5,1168.9,1,30.7,1,1,shot_pb=1.00|flight_commit=1.00|pb_zfit|keepin_prop=0.18|keepin_zoom=1.350|speed|edge_zoom=0.842|bounds
850,1634.2,760.8,interp,0.50,1365.4,584.5,1036.7,0.0,657.5,1168.9,1,35.2,1,1,shot_pb=1.00|flight_commit=1.00|pb_zfit|keepin_prop=0.12|keepin_zoom=1.350|speed|edge_zoom=0.861|bounds
851,1625.3,738.6,interp,0.50,1360.7,584.5,1031.9,0.0,657.5,1168.9,1,39.4,1,1,shot_pb=1.00|flight_commit=1.00|pb_zfit|keepin_prop=0.08|keepin_zoom=1.350|speed|edge_zoom=0.876|bounds
852,1615.4,716.7,interp,0.50,1354.3,584.5,1025.5,0.0,657.5,1168.9,1,42.9,1,1,shot_pb=1.00|flight_commit=1.00|pb_zfit|keepin_prop=0.04|keepin_zoom=1.350|speed|edge_zoom=0.888|bounds
853,1604.6,695.4,interp,0.50,1346.2,584.5,1017.5,0.0,657.5,1168.9,1,45.6,1,1,shot_pb=1.00|flight_commit=1.00|pb_zfit|keepin_prop=0.02|keepin_zoom=1.350|speed|edge_zoom=0.896|bounds
854,1593.1,675.0,interp,0.50,1336.7,584.5,1008.0,0.0,657.5,1168.9,1,47.6,1,1,shot_pb=1.00|flight_commit=1.00|pb_zfit|keepin_prop=0.01|keepin_zoom=1.350|speed|edge_zoom=0.900|bounds
855,1580.9,655.9,interp,0.50,1325.9,584.5,997.1,0.0,657.5,1168.9,1,49.0,0,1,shot_pb=1.00|flight_commit=1.00|pb_zfit|keepin_prop=0.00|keepin_zoom=1.350|edge_zoom=0.903|bounds
856,1568.2,638.1,interp,0.50,1313.7,584.5,985.0,0.0,657.5,1168.9,1,49.5,0,0,shot_pb=1.00|flight_commit=1.00|pb_zfit|edge_zoom=0.932|bounds
857,1554.9,621.9,interp,0.50,1300.4,584.5,971.7,0.0,657.5,1168.9,1,49.5,0,0,shot_pb=1.00|flight_commit=1.00|pb_zfit|edge_zoom=0.907|bounds
858,1541.0,607.4,interp,0.50,1286.0,584.5,957.2,0.0,657.5,1168.9,1,49.0,0,0,shot_pb=1.00|flight_commit=1.00|pb_zfit|edge_zoom=0.902|bounds
859,1526.4,594.5,interp,0.50,1270.5,584.5,941.8,0.0,657.5,1168.9,1,48.1,0,0,shot_pb=1.00|flight_commit=1.00|pb_zfit|edge_zoom=0.895|bounds
860,1511.1,583.5,interp,0.50,1254.1,584.5,925.3,0.0,657.5,1168.9,1,47.0,0,0,shot_pb=1.00|flight_commit=1.00|pb_zfit|edge_zoom=0.890|bounds
861,1494.8,574.1,interp,0.50,1236.7,584.5,907.9,0.0,657.5,1168.9,1,45.9,0,0,shot_pb=1.00|flight_commit=1.00|pb_zfit|edge_zoom=0.885|bounds
862,1477.3,566.5,yolo,0.57,1218.5,584.5,889.7,0.0,657.5,1168.9,1,45.2,0,0,shot_pb=1.00|flight_commit=1.00|person_ctx=3|pb_zfit|edge_zoom=0.883|bounds
863,1455.8,560.7,interp,0.50,1199.6,584.5,870.8,0.0,657.5,1168.9,1,47.8,0,0,accel_zoom=0.943|shot_pb=1.00|flight_commit=1.00|person_ctx=3|pb_zfit|edge_zoom=0.889|bounds
864,1433.1,556.0,interp,0.50,1179.9,584.5,851.2,0.0,657.5,1168.9,1,50.8,0,0,accel_zoom=0.939|shot_pb=1.00|flight_commit=1.00|person_ctx=3|pb_zfit|edge_zoom=0.893|bounds
865,1409.6,552.3,interp,0.50,1159.8,584.5,831.0,0.0,657.5,1168.9,1,54.2,0,0,accel_zoom=0.936|shot_pb=1.00|flight_commit=1.00|person_ctx=3|pb_zfit|edge_zoom=0.898|bounds
866,1385.6,549.5,interp,0.50,1139.1,584.5,810.4,0.0,657.5,1168.9,1,57.5,0,0,accel_zoom=0.934|shot_pb=1.00|flight_commit=1.00|person_ctx=3|pb_zfit|edge_zoom=0.902|bounds
867,1361.3,547.4,interp,0.50,1118.2,584.5,789.4,0.0,657.5,1168.9,1,60.9,0,0,accel_zoom=0.933|shot_pb=1.00|flight_commit=1.00|person_ctx=4|pb_zfit|edge_zoom=0.907|bounds
868,1336.8,546.0,interp,0.50,1097.0,584.5,768.2,0.0,657.5,1168.9,1,64.2,0,0,accel_zoom=0.933|shot_pb=1.00|flight_commit=1.00|pb_zfit|edge_zoom=0.911|bounds
869,1312.5,545.1,interp,0.50,1075.8,584.5,747.0,0.0,657.5,1168.9,1,67.3,0,0,accel_zoom=0.933|shot_pb=1.00|flight_commit=1.00|pb_zfit|edge_zoom=0.915|bounds
870,1288.4,544.7,interp,0.50,1054.6,584.5,725.8,0.0,657.5,1168.9,1,70.2,0,0,accel_zoom=0.933|shot_pb=1.00|flight_commit=1.00|pb_zfit|edge_zoom=0.918|bounds
871,1264.7,544.6,interp,0.50,1033.7,584.5,704.9,0.0,657.5,1168.9,1,73.0,0,0,accel_zoom=0.933|shot_pb=1.00|flight_commit=1.00|pb_zfit|edge_zoom=0.921|bounds
872,1241.6,544.9,interp,0.50,1013.1,584.5,684.3,0.0,657.5,1168.9,1,75.5,0,0,accel_zoom=0.933|shot_pb=1.00|flight_commit=1.00|pb_zfit|edge_zoom=0.924|bounds
873,1219.0,545.4,interp,0.50,993.0,584.5,664.2,0.0,657.5,1168.9,1,78.0,0,0,accel_zoom=0.933|shot_pb=1.00|flight_commit=1.00|pb_zfit|edge_zoom=0.926|bounds
874,1197.2,546.2,interp,0.50,973.5,584.5,644.8,0.0,657.5,1168.9,1,80.3,0,0,accel_zoom=0.933|shot_pb=1.00|flight_commit=1.00|pb_zfit|edge_zoom=0.928|bounds
875,1176.2,547.1,interp,0.50,954.8,584.5,626.1,0.0,657.5,1168.9,1,82.6,0,0,accel_zoom=0.933|shot_pb=1.00|flight_commit=1.00|pb_zfit|edge_zoom=0.929|bounds
876,1156.1,548.2,interp,0.50,937.0,584.5,608.3,0.0,657.5,1168.9,1,84.9,0,0,shot_pb=1.00|flight_commit=1.00|pb_zfit|edge_zoom=0.931|bounds
877,1137.0,549.4,interp,0.50,920.2,584.5,591.5,0.0,657.5,1168.9,1,87.2,0,0,shot_pb=1.00|flight_commit=1.00|pb_zfit|edge_zoom=0.931|bounds
878,1118.8,550.6,interp,0.50,904.5,584.5,575.7,0.0,657.5,1168.9,1,89.7,0,0,shot_pb=1.00|flight_commit=1.00|pb_zfit|edge_zoom=0.932|bounds
879,1101.7,552.0,interp,0.50,890.0,584.5,561.2,0.0,657.5,1168.9,1,92.3,0,0,shot_pb=1.00|flight_commit=1.00|pb_zfit|edge_zoom=0.932|bounds
880,1085.7,553.4,interp,0.50,876.8,584.5,548.0,0.0,657.5,1168.9,1,95.1,0,0,shot_pb=1.00|flight_commit=1.00|person_ctx=4|pb_zfit|edge_zoom=0.932|bounds
881,1070.8,554.8,interp,0.50,864.9,584.5,536.1,0.0,657.5,1168.9,1,98.1,0,0,shot_pb=1.00|flight_commit=1.00|person_ctx=4|pb_zfit|edge_zoom=0.932|bounds
882,1057.1,556.2,interp,0.50,854.5,584.5,525.7,0.0,657.5,1168.9,1,101.4,0,0,shot_pb=1.00|flight_commit=1.00|person_ctx=4|pb_zfit|edge_zoom=0.931|bounds
883,1044.6,557.7,interp,0.50,845.6,584.5,516.9,0.0,657.5,1168.9,1,105.0,0,1,shot_pb=1.00|flight_commit=1.00|person_ctx=4|pb_zfit|keepin_prop=0.00|keepin_zoom=1.350|edge_zoom=0.934|bounds
884,1033.3,559.1,interp,0.50,838.4,584.5,509.6,0.0,657.5,1168.9,1,109.1,0,0,shot_pb=1.00|flight_commit=1.00|person_ctx=4|pb_zfit|edge_zoom=0.930|bounds
885,1023.2,560.6,interp,0.50,832.9,584.5,504.1,0.0,657.5,1168.9,1,113.7,0,1,shot_pb=1.00|flight_commit=1.00|person_ctx=4|pb_zfit|keepin_prop=0.00|keepin_zoom=1.350|edge_zoom=0.933|bounds
886,1014.4,562.1,interp,0.50,829.1,584.5,500.4,0.0,657.5,1168.9,1,118.7,0,0,shot_pb=1.00|flight_commit=1.00|person_ctx=4|pb_zfit|edge_zoom=0.928|bounds
887,1006.8,563.7,interp,0.50,827.2,584.5,498.5,0.0,657.5,1168.9,1,124.4,0,1,shot_pb=1.00|flight_commit=1.00|person_ctx=4|pb_zfit|keepin_prop=0.00|keepin_zoom=1.350|edge_zoom=0.932|bounds
888,1000.5,565.2,interp,0.50,827.2,584.5,498.5,0.0,657.5,1168.9,1,130.7,0,0,shot_pb=1.00|flight_commit=1.00|person_ctx=4|pb_zfit|edge_zoom=0.925|bounds
889,995.4,566.8,interp,0.50,829.2,584.5,500.4,0.0,657.5,1168.9,1,137.8,0,1,shot_pb=1.00|flight_commit=1.00|person_ctx=4|pb_zfit|keepin_prop=0.00|keepin_zoom=1.350|edge_zoom=0.931|bounds
890,991.6,568.5,interp,0.50,833.1,584.5,504.3,0.0,657.5,1168.9,1,145.5,0,0,shot_pb=1.00|flight_commit=1.00|person_ctx=4|pb_zfit|edge_zoom=0.920|bounds
891,989.1,570.2,interp,0.50,838.9,584.5,510.1,0.0,657.5,1168.9,1,153.8,0,1,shot_pb=1.00|flight_commit=1.00|person_ctx=4|pb_zfit|keepin_prop=0.00|keepin_zoom=1.350|edge_zoom=0.930|bounds
892,993.2,574.3,blended,0.75,846.5,584.5,517.7,0.0,657.5,1168.9,1,157.3,0,0,shot_pb=1.00|flight_commit=1.00|person_ctx=4|pb_zfit|edge_zoom=0.909|bounds
893,986.4,573.5,interp,0.38,855.7,584.5,526.9,0.0,657.5,1168.9,1,173.3,0,0,shot_pb=1.00|flight_commit=1.00|pb_zfit|edge_zoom=0.933|bounds
894,986.1,575.0,interp,0.38,866.4,584.5,537.7,0.0,657.5,1168.9,1,184.3,1,0,shot_pb=1.00|flight_commit=1.00|pb_zfit|speed|edge_zoom=0.902|bounds
895,986.9,576.8,interp,0.38,878.4,584.5,549.7,0.0,657.5,1168.9,1,195.5,0,0,shot_pb=1.00|flight_commit=1.00|pb_zfit|edge_zoom=0.903|bounds
896,988.9,578.8,interp,0.38,891.4,584.5,562.6,0.0,657.5,1168.9,1,206.5,0,0,shot_pb=1.00|flight_commit=1.00|pb_zfit|edge_zoom=0.908|bounds
897,992.0,581.1,interp,0.38,905.1,584.5,576.4,0.0,657.5,1168.9,1,217.1,0,0,shot_pb=1.00|flight_commit=1.00|pb_zfit|edge_zoom=0.910|bounds
898,996.2,583.6,interp,0.38,919.3,584.5,590.6,0.0,657.5,1168.9,1,227.1,0,0,shot_pb=1.00|flight_commit=1.00|pb_zfit|edge_zoom=0.912|bounds
899,1001.8,586.6,interp,0.38,933.7,584.5,605.0,0.0,657.5,1168.9,1,235.9,0,0,shot_pb=1.00|flight_commit=1.00|pb_zfit|edge_zoom=0.912|bounds
900,1008.6,589.9,yolo,0.31,948.2,584.5,619.4,0.0,657.5,1168.9,1,243.6,0,1,shot_pb=1.00|flight_commit=1.00|pb_zfit|keepin_prop=0.00|keepin_zoom=1.350|edge_zoom=0.924|bounds
901,1017.2,593.6,yolo,0.33,962.3,584.5,633.6,0.0,657.5,1168.9,1,249.1,0,0,shot_pb=1.00|flight_commit=1.00|pb_zfit|edge_zoom=0.912|bounds
902,1027.2,597.9,yolo,0.35,976.2,584.5,647.4,0.0,657.5,1168.9,1,253.0,0,1,shot_pb=1.00|flight_commit=1.00|pb_zfit|keepin_prop=0.00|keepin_zoom=1.350|edge_zoom=0.922|bounds
903,1041.6,604.5,interp,0.38,989.5,584.5,660.8,0.0,657.5,1168.9,1,251.9,0,0,shot_pb=1.00|flight_commit=1.00|pb_zfit|edge_zoom=0.908|bounds
904,1056.9,611.5,interp,0.38,1002.3,584.5,673.5,0.0,657.5,1168.9,1,249.4,0,0,shot_pb=1.00|flight_commit=1.00|pb_zfit|edge_zoom=0.906|bounds
905,1072.7,618.7,yolo,0.32,1014.4,584.5,685.6,0.0,657.5,1168.9,1,245.7,0,1,shot_pb=1.00|flight_commit=1.00|pb_zfit|keepin_prop=0.00|keepin_zoom=1.350|edge_zoom=0.915|bounds
906,1087.6,625.1,yolo,0.31,1025.8,584.5,697.1,0.0,657.5,1168.9,1,242.2,1,0,shot_pb=1.00|flight_commit=1.00|pb_zfit|speed|edge_zoom=0.902|bounds
907,1098.7,629.4,interp,0.38,1036.6,584.5,707.8,0.0,657.5,1168.9,1,241.9,1,0,shot_pb=1.00|flight_commit=1.00|pb_zfit|speed|edge_zoom=0.902|bounds
908,1109.8,633.8,interp,0.38,1046.6,584.5,717.8,0.0,657.5,1168.9,1,240.8,0,1,shot_pb=1.00|flight_commit=1.00|pb_zfit|keepin_prop=0.01|keepin_zoom=1.350|edge_zoom=0.908|bounds
909,1121.5,638.4,interp,0.38,1055.8,584.5,727.0,0.0,657.5,1168.9,1,238.3,1,0,shot_pb=1.00|flight_commit=1.00|pb_zfit|speed|edge_zoom=0.902|bounds
910,1134.3,643.7,interp,0.38,1064.3,584.5,735.5,0.0,657.5,1168.9,1,234.0,0,1,shot_pb=1.00|flight_commit=1.00|pb_zfit|keepin_prop=0.00|keepin_zoom=1.350|edge_zoom=0.907|bounds
911,1148.8,650.0,yolo,0.28,1072.1,584.5,743.3,0.0,657.5,1168.9,1,227.3,1,0,shot_pb=1.00|flight_commit=1.00|pb_zfit|speed|edge_zoom=0.903|bounds
912,1175.7,662.6,blended,0.77,1079.1,584.5,750.4,0.0,657.5,1168.9,1,207.4,1,0,accel_zoom=0.936|shot_pb=1.00|flight_commit=1.00|pb_zfit|speed|edge_zoom=0.898|bounds
913,1193.1,671.9,interp,0.38,1085.5,584.5,756.7,0.0,657.5,1168.9,1,196.4,1,0,shot_pb=1.00|flight_commit=1.00|pb_zfit|speed|edge_zoom=0.898|bounds
914,1214.0,682.7,interp,0.38,1091.2,584.5,762.4,0.0,657.5,1168.9,1,181.2,1,1,shot_pb=1.00|flight_commit=1.00|pb_zfit|keepin_prop=0.00|keepin_zoom=1.350|speed|edge_zoom=0.899|bounds
915,1235.4,693.8,interp,0.38,1096.3,584.5,767.6,0.0,657.5,1168.9,1,164.9,1,1,shot_pb=1.00|flight_commit=1.00|pb_zfit|keepin_prop=0.00|keepin_zoom=1.350|speed|edge_zoom=0.899|bounds
916,1260.4,706.1,blended,0.75,1100.9,584.5,772.1,0.0,657.5,1168.9,1,144.5,1,1,accel_zoom=0.938|shot_pb=1.00|flight_commit=1.00|pb_zfit|keepin_prop=0.01|keepin_zoom=1.350|speed|edge_zoom=0.898|bounds
917,1279.5,716.4,interp,0.38,1105.0,584.5,776.3,0.0,657.5,1168.9,1,129.5,1,1,shot_pb=1.00|flight_commit=1.00|pb_zfit|keepin_prop=0.01|keepin_zoom=1.350|speed|edge_zoom=0.898|bounds
918,1305.0,728.2,blended,0.73,1108.7,584.5,780.0,0.0,657.5,1168.9,1,107.7,1,1,accel_zoom=0.934|shot_pb=1.00|flight_commit=1.00|pb_zfit|keepin_prop=0.02|keepin_zoom=1.350|speed|edge_zoom=0.896|bounds
919,1326.6,738.4,blended,0.71,1112.1,584.5,783.3,0.0,657.5,1168.9,1,89.5,1,1,shot_pb=1.00|flight_commit=1.00|pb_zfit|keepin_prop=0.03|keepin_zoom=1.350|speed|edge_zoom=0.892|bounds
920,1334.1,742.7,interp,0.38,1115.1,584.5,786.3,0.0,657.5,1168.9,1,85.0,1,1,shot_pb=1.00|flight_commit=1.00|pb_zfit|keepin_prop=0.03|keepin_zoom=1.350|speed|edge_zoom=0.891|bounds
921,1342.7,745.8,interp,0.38,1117.7,584.5,789.0,0.0,657.5,1168.9,1,79.0,1,1,shot_pb=1.00|flight_commit=1.00|pb_zfit|keepin_prop=0.04|keepin_zoom=1.350|speed|edge_zoom=0.889|bounds
922,1348.8,747.2,interp,0.38,1120.1,584.5,791.3,0.0,657.5,1168.9,1,75.3,1,1,shot_pb=1.00|flight_commit=1.00|pb_zfit|keepin_prop=0.05|keepin_zoom=1.350|speed|edge_zoom=0.887|bounds
923,1352.7,747.1,interp,0.38,1122.1,584.5,793.4,0.0,657.5,1168.9,1,73.4,1,1,shot_pb=1.00|flight_commit=1.00|pb_zfit|keepin_prop=0.06|keepin_zoom=1.350|speed|edge_zoom=0.884|bounds
924,1354.5,745.5,interp,0.38,1123.8,584.5,795.0,0.0,657.5,1168.9,1,73.3,1,1,shot_pb=1.00|flight_commit=1.00|pb_zfit|keepin_prop=0.08|keepin_zoom=1.350|speed|edge_zoom=0.876|bounds
925,1354.4,742.5,interp,0.38,1125.1,584.5,796.3,0.0,657.5,1168.9,1,74.7,1,1,shot_pb=1.00|flight_commit=1.00|pb_zfit|keepin_prop=0.09|keepin_zoom=1.350|speed|edge_zoom=0.872|bounds
926,1352.3,738.0,interp,0.38,1126.1,584.5,797.3,0.0,657.5,1168.9,1,77.8,1,1,shot_pb=1.00|flight_commit=1.00|pb_zfit|keepin_prop=0.08|keepin_zoom=1.350|speed|edge_zoom=0.877|bounds
927,1352.1,732.9,blended,0.72,1126.7,584.5,798.0,0.0,657.5,1168.9,1,78.6,1,1,shot_pb=1.00|flight_commit=1.00|pb_zfit|keepin_prop=0.07|keepin_zoom=1.350|speed|edge_zoom=0.878|bounds
928,1337.6,721.6,yolo,0.32,1127.1,584.5,798.3,0.0,657.5,1168.9,1,93.5,1,1,shot_pb=1.00|flight_commit=1.00|pb_zfit|keepin_prop=0.04|keepin_zoom=1.350|speed|edge_zoom=0.889|bounds
929,1326.4,710.5,yolo,0.38,1127.3,584.5,798.5,0.0,657.5,1168.9,1,104.9,1,1,shot_pb=1.00|flight_commit=1.00|pb_zfit|keepin_prop=0.03|keepin_zoom=1.350|speed|edge_zoom=0.892|bounds
930,1316.1,699.9,yolo,0.38,1127.3,584.5,798.6,0.0,657.5,1168.9,1,115.2,1,1,shot_pb=1.00|flight_commit=1.00|pb_zfit|keepin_prop=0.02|keepin_zoom=1.350|speed|edge_zoom=0.896|bounds
931,1309.0,691.4,interp,0.38,1127.5,584.5,798.7,0.0,657.5,1168.9,1,122.5,1,1,shot_pb=1.00|flight_commit=1.00|pb_zfit|keepin_prop=0.01|keepin_zoom=1.350|speed|edge_zoom=0.898|bounds
932,1302.6,683.1,interp,0.38,1127.8,584.5,799.0,0.0,657.5,1168.9,1,129.2,1,1,shot_pb=1.00|flight_commit=1.00|pb_zfit|keepin_prop=0.01|keepin_zoom=1.350|speed|edge_zoom=0.900|bounds
933,1296.9,675.1,yolo,0.43,1128.5,584.5,799.7,0.0,657.5,1168.9,1,135.6,1,1,shot_pb=1.00|flight_commit=1.00|pb_zfit|keepin_prop=0.01|keepin_zoom=1.350|speed|edge_zoom=0.901|bounds
934,1291.4,666.8,yolo,0.47,1129.7,584.5,800.9,0.0,657.5,1168.9,1,142.3,1,1,shot_pb=1.00|flight_commit=1.00|pb_zfit|keepin_prop=0.00|keepin_zoom=1.350|speed|edge_zoom=0.901|bounds
935,1287.3,659.3,yolo,0.42,1131.6,584.5,802.8,0.0,657.5,1168.9,1,148.3,0,1,shot_pb=1.00|flight_commit=1.00|pb_zfit|keepin_prop=0.00|keepin_zoom=1.350|edge_zoom=0.902|bounds
936,1284.7,652.6,yolo,0.44,1134.2,584.5,805.4,0.0,657.5,1168.9,1,153.5,0,1,shot_pb=1.00|flight_commit=1.00|pb_zfit|keepin_prop=0.00|keepin_zoom=1.350|edge_zoom=0.904|bounds
937,1283.4,646.7,yolo,0.48,1137.7,584.5,808.9,0.0,657.5,1168.9,1,158.3,0,0,shot_pb=1.00|flight_commit=1.00|pb_zfit|edge_zoom=0.934|bounds
938,1283.3,641.5,yolo,0.52,1142.0,584.5,813.2,0.0,657.5,1168.9,1,162.7,0,0,shot_pb=1.00|flight_commit=1.00|pb_zfit|edge_zoom=0.936|bounds
939,1284.1,637.1,yolo,0.55,1147.2,584.5,818.4,0.0,657.5,1168.9,1,167.1,0,0,shot_pb=1.00|flight_commit=1.00|pb_zfit|edge_zoom=0.937|bounds
940,1285.8,633.3,yolo,0.55,1153.1,584.5,824.3,0.0,657.5,1168.9,1,171.3,0,0,shot_pb=1.00|flight_commit=1.00|pb_zfit|edge_zoom=0.936|bounds
941,1288.5,630.1,yolo,0.58,1159.6,584.5,830.9,0.0,657.5,1168.9,1,175.1,0,0,shot_pb=1.00|flight_commit=1.00|pb_zfit|edge_zoom=0.933|bounds
942,1291.9,627.5,yolo,0.52,1166.7,584.5,837.9,0.0,657.5,1168.9,1,178.8,0,0,shot_pb=1.00|flight_commit=1.00|pb_zfit|edge_zoom=0.929|bounds
943,1295.8,625.4,yolo,0.47,1174.1,584.5,845.3,0.0,657.5,1168.9,1,182.3,0,0,shot_pb=1.00|flight_commit=1.00|pb_zfit|edge_zoom=0.926|bounds
944,1300.3,623.7,yolo,0.48,1181.7,584.5,852.9,0.0,657.5,1168.9,1,185.4,0,1,shot_pb=1.00|flight_commit=1.00|pb_zfit|keepin_prop=0.00|keepin_zoom=1.350|edge_zoom=0.913|bounds
945,1305.3,622.5,yolo,0.51,1189.3,584.5,860.5,0.0,657.5,1168.9,1,188.0,0,0,shot_pb=1.00|flight_commit=1.00|pb_zfit|edge_zoom=0.921|bounds
946,1310.5,621.6,interp,0.38,1196.8,584.5,868.0,0.0,657.5,1168.9,1,190.3,0,1,shot_pb=1.00|flight_commit=1.00|pb_zfit|keepin_prop=0.01|keepin_zoom=1.350|edge_zoom=0.912|bounds
947,1316.1,621.0,yolo,0.51,1204.0,584.5,875.3,0.0,657.5,1168.9,1,191.9,0,0,shot_pb=1.00|flight_commit=1.00|pb_zfit|edge_zoom=0.917|bounds
948,1322.3,620.8,yolo,0.51,1211.0,584.5,882.3,0.0,657.5,1168.9,1,192.7,0,1,shot_pb=1.00|flight_commit=1.00|pb_zfit|keepin_prop=0.01|keepin_zoom=1.350|edge_zoom=0.912|bounds
949,1328.6,620.8,yolo,0.53,1217.6,584.5,888.9,0.0,657.5,1168.9,1,193.0,0,0,shot_pb=1.00|flight_commit=1.00|pb_zfit|edge_zoom=0.915|bounds
950,1335.3,621.0,yolo,0.56,1223.8,584.5,895.0,0.0,657.5,1168.9,1,192.5,0,1,shot_pb=1.00|flight_commit=1.00|pb_zfit|keepin_prop=0.01|keepin_zoom=1.350|edge_zoom=0.911|bounds
951,1342.0,621.4,yolo,0.63,1229.5,584.5,900.8,0.0,657.5,1168.9,1,191.5,0,0,shot_pb=1.00|flight_commit=1.00|pb_zfit|edge_zoom=0.913|bounds
952,1348.8,621.9,yolo,0.56,1234.8,584.5,906.0,0.0,657.5,1168.9,1,190.0,0,1,shot_pb=1.00|flight_commit=1.00|pb_zfit|keepin_prop=0.01|keepin_zoom=1.350|edge_zoom=0.911|bounds
953,1355.5,622.6,yolo,0.51,1239.5,584.5,910.7,0.0,657.5,1168.9,1,188.0,0,0,shot_pb=1.00|flight_commit=1.00|pb_zfit|edge_zoom=0.911|bounds
954,1362.0,623.4,yolo,0.52,1243.6,584.5,914.8,0.0,657.5,1168.9,1,185.6,0,1,shot_pb=1.00|flight_commit=1.00|pb_zfit|keepin_prop=0.01|keepin_zoom=1.350|edge_zoom=0.911|bounds
955,1368.2,624.3,interp,0.38,1247.0,584.5,918.2,0.0,657.5,1168.9,1,182.8,0,0,shot_pb=1.00|flight_commit=1.00|pb_zfit|edge_zoom=0.909|bounds
956,1374.2,625.3,yolo,0.44,1249.7,584.5,921.0,0.0,657.5,1168.9,1,179.5,0,1,shot_pb=1.00|flight_commit=1.00|pb_zfit|keepin_prop=0.01|keepin_zoom=1.350|edge_zoom=0.910|bounds
957,1380.5,626.4,yolo,0.52,1251.6,584.5,922.8,0.0,657.5,1168.9,1,175.1,0,0,shot_pb=1.00|flight_commit=1.00|pb_zfit|edge_zoom=0.908|bounds
958,1386.4,627.6,yolo,0.58,1252.6,584.5,923.8,0.0,657.5,1168.9,1,170.2,0,1,shot_pb=1.00|flight_commit=1.00|pb_zfit|keepin_prop=0.01|keepin_zoom=1.350|edge_zoom=0.910|bounds
959,1391.8,628.8,yolo,0.59,1252.6,584.5,923.8,0.0,657.5,1168.9,1,164.8,0,0,shot_pb=1.00|flight_commit=1.00|pb_zfit|edge_zoom=0.906|bounds
960,1396.9,630.1,yolo,0.53,1251.5,584.5,922.7,0.0,657.5,1168.9,1,158.6,0,1,shot_pb=1.00|flight_commit=1.00|pb_zfit|keepin_prop=0.01|keepin_zoom=1.350|edge_zoom=0.909|bounds
961,1401.4,631.5,yolo,0.59,1249.3,584.5,920.5,0.0,657.5,1168.9,1,151.9,0,0,shot_pb=1.00|flight_commit=1.00|pb_zfit|edge_zoom=0.903|bounds
962,1405.1,632.9,yolo,0.56,1246.0,584.5,917.3,0.0,657.5,1168.9,1,144.9,0,1,shot_pb=1.00|flight_commit=1.00|pb_zfit|keepin_prop=0.01|keepin_zoom=1.350|edge_zoom=0.908|bounds
963,1407.9,634.2,yolo,0.53,1241.7,584.5,913.0,0.0,657.5,1168.9,1,137.8,1,0,shot_pb=1.00|flight_commit=1.00|pb_zfit|speed|edge_zoom=0.903|bounds
964,1409.7,635.5,yolo,0.56,1236.5,584.5,907.8,0.0,657.5,1168.9,1,130.8,0,1,shot_pb=1.00|flight_commit=1.00|pb_zfit|keepin_prop=0.00|keepin_zoom=1.350|edge_zoom=0.909|bounds
965,1410.3,636.8,yolo,0.56,1230.5,584.5,901.8,0.0,657.5,1168.9,1,124.2,1,0,shot_pb=1.00|flight_commit=1.00|person_ctx=4|pb_zfit|speed|edge_zoom=0.903|bounds
966,1410.0,638.1,yolo,0.57,1223.9,584.5,895.2,0.0,657.5,1168.9,1,117.9,1,0,shot_pb=1.00|flight_commit=1.00|person_ctx=4|pb_zfit|speed|edge_zoom=0.903|bounds
967,1408.9,639.3,yolo,0.57,1217.0,584.5,888.2,0.0,657.5,1168.9,1,112.1,1,0,shot_pb=1.00|flight_commit=1.00|pb_zfit|speed|edge_zoom=0.903|bounds
968,1407.6,640.5,yolo,0.59,1209.9,584.5,881.1,0.0,657.5,1168.9,1,106.3,1,0,shot_pb=1.00|flight_commit=1.00|pb_zfit|speed|edge_zoom=0.903|bounds
969,1406.7,641.6,interp,0.38,1202.9,584.5,874.1,0.0,657.5,1168.9,1,100.2,1,0,shot_pb=1.00|flight_commit=1.00|person_ctx=4|pb_zfit|speed|edge_zoom=0.900|bounds
970,1405.7,642.7,interp,0.38,1196.2,584.5,867.5,0.0,657.5,1168.9,1,94.5,1,0,shot_pb=1.00|flight_commit=1.00|pb_zfit|speed|edge_zoom=0.890|bounds
971,1404.5,643.8,interp,0.38,1190.1,584.5,861.3,0.0,657.5,1168.9,1,89.6,1,0,shot_pb=1.00|flight_commit=1.00|person_ctx=4|pb_zfit|speed|edge_zoom=0.883|bounds
972,1403.3,644.8,interp,0.38,1184.6,584.5,855.8,0.0,657.5,1168.9,1,85.3,1,0,shot_pb=1.00|flight_commit=1.00|person_ctx=4|pb_zfit|speed|edge_zoom=0.879|bounds
973,1401.9,645.9,interp,0.38,1179.9,584.5,851.2,0.0,657.5,1168.9,1,82.0,1,0,shot_pb=1.00|flight_commit=1.00|person_ctx=4|pb_zfit|speed|edge_zoom=0.877|bounds
974,1400.5,647.0,yolo,0.52,1176.2,584.5,847.4,0.0,657.5,1168.9,1,79.7,1,0,shot_pb=1.00|flight_commit=1.00|person_ctx=4|pb_zfit|speed|edge_zoom=0.875|bounds
975,1398.7,648.2,yolo,0.55,1173.4,584.5,844.7,0.0,657.5,1168.9,1,78.7,1,0,shot_pb=1.00|flight_commit=1.00|pb_zfit|speed|edge_zoom=0.872|bounds
976,1397.2,649.5,interp,0.38,1171.7,584.5,843.0,0.0,657.5,1168.9,1,78.5,1,0,shot_pb=1.00|flight_commit=1.00|person_ctx=4|pb_zfit|speed|edge_zoom=0.879|bounds
977,1395.7,650.7,yolo,0.60,1171.1,584.5,842.4,0.0,657.5,1168.9,1,79.4,1,0,shot_pb=1.00|flight_commit=1.00|person_ctx=4|pb_zfit|speed|edge_zoom=0.881|bounds
978,1394.3,652.0,yolo,0.63,1171.6,584.5,842.9,0.0,657.5,1168.9,1,81.3,1,0,shot_pb=1.00|flight_commit=1.00|person_ctx=4|pb_zfit|speed|edge_zoom=0.884|bounds
979,1393.1,653.2,yolo,0.65,1173.2,584.5,844.5,0.0,657.5,1168.9,1,84.1,1,0,shot_pb=1.00|flight_commit=1.00|person_ctx=4|pb_zfit|speed|edge_zoom=0.893|bounds
980,1392.2,654.5,yolo,0.66,1175.9,584.5,847.2,0.0,657.5,1168.9,1,87.7,1,0,shot_pb=1.00|flight_commit=1.00|pb_zfit|speed|edge_zoom=0.903|bounds
981,1391.4,655.7,yolo,0.58,1179.6,584.5,850.9,0.0,657.5,1168.9,1,92.2,1,0,shot_pb=1.00|flight_commit=1.00|person_ctx=4|pb_zfit|speed|edge_zoom=0.903|bounds
982,1390.9,656.9,yolo,0.57,1184.2,584.5,855.5,0.0,657.5,1168.9,1,97.3,1,0,shot_pb=1.00|flight_commit=1.00|person_ctx=4|pb_zfit|speed|edge_zoom=0.903|bounds
983,1390.6,658.0,yolo,0.56,1189.6,584.5,860.9,0.0,657.5,1168.9,1,103.0,1,0,shot_pb=1.00|flight_commit=1.00|person_ctx=4|pb_zfit|speed|edge_zoom=0.903|bounds
984,1390.5,659.0,yolo,0.56,1195.6,584.5,866.8,0.0,657.5,1168.9,1,109.1,1,0,shot_pb=1.00|flight_commit=1.00|pb_zfit|speed|edge_zoom=0.903|bounds
985,1390.8,660.0,yolo,0.57,1201.8,584.5,873.1,0.0,657.5,1168.9,1,115.0,1,0,shot_pb=1.00|flight_commit=1.00|pb_zfit|speed|edge_zoom=0.903|bounds
986,1391.2,660.8,yolo,0.50,1208.1,584.5,879.4,0.0,657.5,1168.9,1,120.9,1,0,shot_pb=1.00|flight_commit=1.00|pb_zfit|speed|edge_zoom=0.903|bounds
987,1391.8,661.5,yolo,0.44,1214.1,584.5,885.4,0.0,657.5,1168.9,1,126.3,1,0,shot_pb=1.00|flight_commit=1.00|pb_zfit|speed|edge_zoom=0.903|bounds
988,1392.5,662.2,yolo,0.39,1219.5,584.5,890.7,0.0,657.5,1168.9,1,131.0,1,0,shot_pb=1.00|flight_commit=1.00|pb_zfit|speed|edge_zoom=0.903|bounds
989,1393.3,662.1,yolo,0.35,1223.9,584.5,895.1,0.0,657.5,1168.9,1,134.6,0,0,shot_pb=1.00|flight_commit=1.00|pb_zfit|edge_zoom=0.903|bounds
990,1394.1,661.8,yolo,0.34,1227.0,584.5,898.2,0.0,657.5,1168.9,1,136.9,1,1,shot_pb=1.00|flight_commit=1.00|pb_zfit|keepin_prop=0.01|keepin_zoom=1.350|speed|edge_zoom=0.899|bounds
991,1396.2,663.4,interp,0.38,1228.6,584.5,899.8,0.0,657.5,1168.9,1,136.4,1,0,shot_pb=1.00|flight_commit=1.00|pb_zfit|speed|edge_zoom=0.903|bounds
992,1398.2,665.2,interp,0.38,1228.5,584.5,899.7,0.0,657.5,1168.9,1,134.3,1,0,shot_pb=1.00|flight_commit=1.00|pb_zfit|speed|edge_zoom=0.903|bounds
993,1399.8,666.9,interp,0.38,1226.7,584.5,897.9,0.0,657.5,1168.9,1,130.9,1,1,shot_pb=1.00|flight_commit=1.00|pb_zfit|keepin_prop=0.00|keepin_zoom=1.350|speed|edge_zoom=0.901|bounds
994,1400.7,668.3,yolo,0.30,1223.1,584.5,894.4,0.0,657.5,1168.9,1,126.4,1,0,shot_pb=1.00|flight_commit=1.00|pb_zfit|speed|edge_zoom=0.903|bounds
995,1401.0,669.6,yolo,0.38,1218.0,584.5,889.3,0.0,657.5,1168.9,1,121.0,1,0,shot_pb=1.00|flight_commit=1.00|pb_zfit|speed|edge_zoom=0.903|bounds
996,1397.4,668.1,yolo,0.45,1211.6,584.5,882.8,0.0,657.5,1168.9,1,118.2,1,1,shot_pb=1.00|flight_commit=1.00|pb_zfit|keepin_prop=0.00|keepin_zoom=1.350|speed|edge_zoom=0.903|bounds
997,1393.3,666.6,yolo,0.50,1204.1,584.5,875.4,0.0,657.5,1168.9,1,114.8,1,1,shot_pb=1.00|flight_commit=1.00|pb_zfit|keepin_prop=0.00|keepin_zoom=1.350|speed|edge_zoom=0.903|bounds
998,1389.0,665.2,yolo,0.55,1196.1,584.5,867.3,0.0,657.5,1168.9,1,111.1,1,1,shot_pb=1.00|flight_commit=1.00|pb_zfit|keepin_prop=0.00|keepin_zoom=1.350|speed|edge_zoom=0.903|bounds
999,1384.3,663.9,yolo,0.56,1187.8,584.5,859.1,0.0,657.5,1168.9,1,107.5,0,0,shot_pb=1.00|flight_commit=1.00|pb_zfit|edge_zoom=0.908|bounds
1000,1379.0,662.5,yolo,0.52,1179.9,584.5,851.1,0.0,657.5,1168.9,1,104.9,0,0,shot_pb=1.00|flight_commit=1.00|pb_zfit|edge_zoom=0.902|bounds
1001,1372.8,660.9,yolo,0.55,1172.7,584.5,843.9,0.0,657.5,1168.9,1,103.9,0,0,shot_pb=1.00|flight_commit=1.00|pb_zfit|edge_zoom=0.863|bounds
1002,1365.4,659.0,yolo,0.54,1166.5,584.5,837.8,0.0,657.5,1168.9,1,105.1,0,0,shot_pb=1.00|flight_commit=1.00|pb_zfit|edge_zoom=0.867|bounds
1003,1356.5,656.7,yolo,0.54,1161.9,584.5,833.1,0.0,657.5,1168.9,1,109.4,0,0,shot_pb=1.00|flight_commit=1.00|pb_zfit|edge_zoom=0.872|bounds
1004,1334.2,651.0,yolo,0.47,1158.8,584.5,830.0,0.0,657.5,1168.9,1,128.6,0,0,accel_zoom=0.938|shot_pb=1.00|flight_commit=1.00|pb_zfit|edge_zoom=0.911|bounds
1005,1319.2,646.8,interp,0.38,1157.5,584.5,828.8,0.0,657.5,1168.9,1,142.3,0,0,shot_pb=1.00|flight_commit=1.00|pb_zfit|edge_zoom=0.895|bounds
1006,1306.5,643.1,yolo,0.45,1157.9,584.5,829.2,0.0,657.5,1168.9,1,155.4,0,0,shot_pb=1.00|flight_commit=1.00|pb_zfit|edge_zoom=0.891|bounds
1007,1303.6,642.3,yolo,0.44,1160.0,584.5,831.2,0.0,657.5,1168.9,1,160.4,0,0,shot_pb=1.00|flight_commit=1.00|pb_zfit|edge_zoom=0.868|bounds
1008,1306.6,643.5,yolo,0.42,1163.3,584.5,834.6,0.0,657.5,1168.9,1,160.7,1,0,shot_pb=1.00|flight_commit=1.00|pb_zfit|speed|edge_zoom=0.899|bounds
1009,1309.8,644.1,yolo,0.38,1167.7,584.5,838.9,0.0,657.5,1168.9,1,161.9,0,0,shot_pb=1.00|flight_commit=1.00|pb_zfit|edge_zoom=0.902|bounds
1010,1312.1,644.9,interp,0.38,1172.7,584.5,843.9,0.0,657.5,1168.9,1,164.6,1,0,shot_pb=1.00|flight_commit=1.00|pb_zfit|speed|edge_zoom=0.900|bounds
1011,1315.2,646.1,yolo,0.39,1177.9,584.5,849.1,0.0,657.5,1168.9,1,166.7,1,0,shot_pb=1.00|flight_commit=1.00|pb_zfit|speed|edge_zoom=0.900|bounds
1012,1318.4,648.0,interp,0.38,1182.8,584.5,854.1,0.0,657.5,1168.9,1,168.4,0,1,shot_pb=1.00|flight_commit=1.00|pb_zfit|keepin_prop=0.01|keepin_zoom=1.350|edge_zoom=0.903|bounds
1013,1321.9,650.1,interp,0.38,1187.2,584.5,858.4,0.0,657.5,1168.9,1,169.3,1,0,shot_pb=1.00|flight_commit=1.00|pb_zfit|speed|edge_zoom=0.901|bounds
1014,1325.6,652.6,yolo,0.35,1190.5,584.5,861.7,0.0,657.5,1168.9,1,168.9,0,1,shot_pb=1.00|flight_commit=1.00|pb_zfit|keepin_prop=0.00|keepin_zoom=1.350|edge_zoom=0.904|bounds
1015,1329.2,655.3,interp,0.38,1192.6,584.5,863.8,0.0,657.5,1168.9,1,167.4,1,0,shot_pb=1.00|flight_commit=1.00|pb_zfit|speed|edge_zoom=0.901|bounds
1016,1332.6,658.2,yolo,0.34,1193.3,584.5,864.5,0.0,657.5,1168.9,1,164.7,1,0,shot_pb=1.00|flight_commit=1.00|pb_zfit|speed|edge_zoom=0.901|bounds
1017,1335.7,661.4,yolo,0.41,1192.5,584.5,863.7,0.0,657.5,1168.9,1,160.8,1,1,shot_pb=1.00|flight_commit=1.00|pb_zfit|keepin_prop=0.00|keepin_zoom=1.350|speed|edge_zoom=0.901|bounds
1018,1337.9,664.4,yolo,0.45,1190.1,584.5,861.3,0.0,657.5,1168.9,1,156.2,1,0,shot_pb=1.00|flight_commit=1.00|pb_zfit|speed|edge_zoom=0.901|bounds
1019,1339.1,666.8,interp,0.38,1186.3,584.5,857.6,0.0,657.5,1168.9,1,151.2,1,0,shot_pb=1.00|flight_commit=1.00|pb_zfit|speed|edge_zoom=0.901|bounds
1020,1339.8,669.1,interp,0.38,1181.3,584.5,852.5,0.0,657.5,1168.9,1,145.5,1,0,shot_pb=1.00|flight_commit=1.00|pb_zfit|speed|edge_zoom=0.902|bounds
1021,1340.1,671.3,yolo,0.41,1175.3,584.5,846.5,0.0,657.5,1168.9,1,139.2,1,0,shot_pb=1.00|flight_commit=1.00|pb_zfit|speed|edge_zoom=0.902|bounds
1022,1339.6,673.5,yolo,0.40,1168.5,584.5,839.8,0.0,657.5,1168.9,1,132.9,1,0,shot_pb=1.00|flight_commit=1.00|pb_zfit|speed|edge_zoom=0.902|bounds
1023,1338.8,675.4,yolo,0.40,1161.4,584.5,832.6,0.0,657.5,1168.9,1,126.6,1,0,shot_pb=1.00|flight_commit=1.00|pb_zfit|speed|edge_zoom=0.902|bounds
1024,1337.7,677.1,yolo,0.42,1154.1,584.5,825.4,0.0,657.5,1168.9,1,120.4,1,0,shot_pb=1.00|flight_commit=1.00|pb_zfit|speed|edge_zoom=0.902|bounds
1025,1336.3,678.5,yolo,0.48,1147.1,584.5,818.3,0.0,657.5,1168.9,1,114.8,1,0,shot_pb=1.00|flight_commit=1.00|pb_zfit|speed|edge_zoom=0.902|bounds
1026,1335.3,679.7,interp,0.38,1140.5,584.5,811.7,0.0,657.5,1168.9,1,109.2,1,0,shot_pb=1.00|flight_commit=1.00|pb_zfit|speed|edge_zoom=0.902|bounds
1027,1334.1,680.7,yolo,0.48,1134.6,584.5,805.8,0.0,657.5,1168.9,1,104.5,1,0,shot_pb=1.00|flight_commit=1.00|pb_zfit|speed|edge_zoom=0.892|bounds
1028,1333.0,681.5,yolo,0.48,1129.5,584.5,800.7,0.0,657.5,1168.9,1,100.5,1,0,shot_pb=1.00|flight_commit=1.00|pb_zfit|speed|edge_zoom=0.884|bounds
1029,1331.8,682.2,yolo,0.53,1125.2,584.5,796.5,0.0,657.5,1168.9,1,97.4,1,0,shot_pb=1.00|flight_commit=1.00|pb_zfit|speed|edge_zoom=0.874|bounds
1030,1330.5,682.8,yolo,0.55,1121.9,584.5,793.1,0.0,657.5,1168.9,1,95.4,1,1,shot_pb=1.00|flight_commit=1.00|pb_zfit|keepin_prop=0.00|keepin_zoom=1.350|speed|edge_zoom=0.902|bounds
1031,1329.0,683.2,yolo,0.51,1119.4,584.5,790.6,0.0,657.5,1168.9,1,94.4,1,1,shot_pb=1.00|flight_commit=1.00|pb_zfit|keepin_prop=0.00|keepin_zoom=1.350|speed|edge_zoom=0.902|bounds
1032,1327.6,683.4,interp,0.38,1117.7,584.5,788.9,0.0,657.5,1168.9,1,94.1,1,1,shot_pb=1.00|flight_commit=1.00|pb_zfit|keepin_prop=0.00|keepin_zoom=1.350|speed|edge_zoom=0.902|bounds
1033,1326.2,683.6,interp,0.38,1116.6,584.5,787.8,0.0,657.5,1168.9,1,94.4,1,1,shot_pb=1.00|flight_commit=1.00|pb_zfit|keepin_prop=0.00|keepin_zoom=1.350|speed|edge_zoom=0.902|bounds
1034,1324.7,683.6,interp,0.38,1116.0,584.5,787.2,0.0,657.5,1168.9,1,95.3,1,1,shot_pb=1.00|flight_commit=1.00|pb_zfit|keepin_prop=0.00|keepin_zoom=1.350|speed|edge_zoom=0.902|bounds
1035,1323.2,683.6,yolo,0.44,1115.8,584.5,787.0,0.0,657.5,1168.9,1,96.6,1,1,shot_pb=1.00|flight_commit=1.00|pb_zfit|keepin_prop=0.00|keepin_zoom=1.350|speed|edge_zoom=0.902|bounds
1036,1321.5,683.4,interp,0.38,1115.9,584.5,787.1,0.0,657.5,1168.9,1,98.4,1,1,shot_pb=1.00|flight_commit=1.00|pb_zfit|keepin_prop=0.00|keepin_zoom=1.350|speed|edge_zoom=0.902|bounds
1037,1319.8,683.2,yolo,0.41,1116.1,584.5,787.3,0.0,657.5,1168.9,1,100.3,1,1,shot_pb=1.00|flight_commit=1.00|pb_zfit|keepin_prop=0.00|keepin_zoom=1.350|speed|edge_zoom=0.902|bounds
1038,1317.9,682.8,yolo,0.39,1116.3,584.5,787.6,0.0,657.5,1168.9,1,102.4,1,1,shot_pb=1.00|flight_commit=1.00|pb_zfit|keepin_prop=0.00|keepin_zoom=1.350|speed|edge_zoom=0.902|bounds
1039,1316.4,682.4,interp,0.38,1116.6,584.5,787.8,0.0,657.5,1168.9,1,104.2,1,1,shot_pb=1.00|flight_commit=1.00|pb_zfit|keepin_prop=0.00|keepin_zoom=1.350|speed|edge_zoom=0.902|bounds
1040,1314.9,681.8,yolo,0.35,1116.8,584.5,788.0,0.0,657.5,1168.9,1,105.9,1,1,shot_pb=1.00|flight_commit=1.00|pb_zfit|keepin_prop=0.00|keepin_zoom=1.350|speed|edge_zoom=0.902|bounds
1041,1313.6,681.2,yolo,0.44,1116.9,584.5,788.2,0.0,657.5,1168.9,1,107.3,1,1,shot_pb=1.00|flight_commit=1.00|pb_zfit|keepin_prop=0.00|keepin_zoom=1.350|speed|edge_zoom=0.901|bounds
1042,1312.5,680.6,interp,0.38,1117.0,584.5,788.3,0.0,657.5,1168.9,1,108.5,1,1,shot_pb=1.00|flight_commit=1.00|pb_zfit|keepin_prop=0.00|keepin_zoom=1.350|speed|edge_zoom=0.901|bounds
1043,1311.5,679.9,interp,0.38,1117.1,584.5,788.3,0.0,657.5,1168.9,1,109.6,1,1,shot_pb=1.00|flight_commit=1.00|pb_zfit|keepin_prop=0.00|keepin_zoom=1.350|speed|edge_zoom=0.901|bounds
1044,1310.7,679.2,interp,0.38,1117.1,584.5,788.3,0.0,657.5,1168.9,1,110.4,1,1,shot_pb=1.00|flight_commit=1.00|pb_zfit|keepin_prop=0.01|keepin_zoom=1.350|speed|edge_zoom=0.901|bounds
1045,1310.0,678.4,interp,0.38,1117.2,584.5,788.4,0.0,657.5,1168.9,1,111.2,1,1,shot_pb=1.00|flight_commit=1.00|pb_zfit|keepin_prop=0.01|keepin_zoom=1.350|speed|edge_zoom=0.901|bounds
1046,1309.3,677.6,interp,0.38,1117.3,584.5,788.6,0.0,657.5,1168.9,1,112.0,1,1,shot_pb=1.00|flight_commit=1.00|pb_zfit|keepin_prop=0.01|keepin_zoom=1.350|speed|edge_zoom=0.901|bounds
1047,1308.8,676.8,interp,0.38,1117.7,584.5,788.9,0.0,657.5,1168.9,1,112.9,1,1,shot_pb=1.00|flight_commit=1.00|pb_zfit|keepin_prop=0.01|keepin_zoom=1.350|speed|edge_zoom=0.900|bounds
1048,1308.4,675.9,interp,0.38,1118.3,584.5,789.5,0.0,657.5,1168.9,1,113.9,1,1,shot_pb=1.00|flight_commit=1.00|pb_zfit|keepin_prop=0.01|keepin_zoom=1.350|speed|edge_zoom=0.900|bounds
1049,1308.0,674.9,interp,0.38,1119.2,584.5,790.5,0.0,657.5,1168.9,1,115.2,1,1,shot_pb=1.00|flight_commit=1.00|pb_zfit|keepin_prop=0.01|keepin_zoom=1.350|speed|edge_zoom=0.900|bounds
1050,1307.8,673.9,interp,0.38,1120.6,584.5,791.9,0.0,657.5,1168.9,1,116.8,1,1,shot_pb=1.00|flight_commit=1.00|pb_zfit|keepin_prop=0.01|keepin_zoom=1.350|speed|edge_zoom=0.900|bounds
1051,1307.8,672.8,yolo,0.47,1122.6,584.5,793.8,0.0,657.5,1168.9,1,118.8,1,1,shot_pb=1.00|flight_commit=1.00|person_ctx=4|pb_zfit|keepin_prop=0.01|keepin_zoom=1.350|speed|edge_zoom=0.901|bounds
1052,1307.6,671.5,interp,0.38,1125.2,584.5,796.5,0.0,657.5,1168.9,1,121.6,1,1,shot_pb=1.00|flight_commit=1.00|person_ctx=4|pb_zfit|keepin_prop=0.01|keepin_zoom=1.350|speed|edge_zoom=0.901|bounds
1053,1307.6,670.2,interp,0.38,1128.6,584.5,799.9,0.0,657.5,1168.9,1,125.0,1,1,shot_pb=1.00|flight_commit=1.00|person_ctx=4|pb_zfit|keepin_prop=0.01|keepin_zoom=1.350|speed|edge_zoom=0.901|bounds
1054,1307.9,668.9,yolo,0.43,1132.9,584.5,804.1,0.0,657.5,1168.9,1,129.0,1,1,shot_pb=1.00|flight_commit=1.00|person_ctx=4|pb_zfit|keepin_prop=0.00|keepin_zoom=1.350|speed|edge_zoom=0.901|bounds
1055,1308.1,667.3,yolo,0.37,1138.0,584.5,809.2,0.0,657.5,1168.9,1,133.9,1,1,shot_pb=1.00|flight_commit=1.00|person_ctx=4|pb_zfit|keepin_prop=0.00|keepin_zoom=1.350|speed|edge_zoom=0.901|bounds
1056,1309.3,666.0,interp,0.38,1144.0,584.5,815.3,0.0,657.5,1168.9,1,138.7,1,1,shot_pb=1.00|flight_commit=1.00|pb_zfit|keepin_prop=0.00|keepin_zoom=1.350|speed|edge_zoom=0.902|bounds
1057,1311.0,664.7,interp,0.38,1151.0,584.5,822.2,0.0,657.5,1168.9,1,144.0,1,1,shot_pb=1.00|flight_commit=1.00|pb_zfit|keepin_prop=0.00|keepin_zoom=1.350|speed|edge_zoom=0.903|bounds
1058,1313.2,663.3,interp,0.38,1158.8,584.5,830.0,0.0,657.5,1168.9,1,149.6,1,1,shot_pb=1.00|flight_commit=1.00|pb_zfit|keepin_prop=0.00|keepin_zoom=1.350|speed|edge_zoom=0.903|bounds
1059,1316.0,662.0,interp,0.38,1167.4,584.5,838.6,0.0,657.5,1168.9,1,155.4,1,1,shot_pb=1.00|flight_commit=1.00|pb_zfit|keepin_prop=0.00|keepin_zoom=1.350|speed|edge_zoom=0.903|bounds
1060,1319.4,660.7,interp,0.38,1176.6,584.5,847.9,0.0,657.5,1168.9,1,161.2,0,0,shot_pb=1.00|flight_commit=1.00|pb_zfit|edge_zoom=0.912|bounds
1061,1323.4,659.3,interp,0.38,1186.4,584.5,857.7,0.0,657.5,1168.9,1,167.0,0,0,shot_pb=1.00|flight_commit=1.00|person_ctx=4|pb_zfit|edge_zoom=0.911|bounds
1062,1328.2,657.9,interp,0.38,1196.7,584.5,867.9,0.0,657.5,1168.9,1,172.5,0,0,shot_pb=1.00|flight_commit=1.00|person_ctx=4|pb_zfit|edge_zoom=0.911|bounds
1063,1333.7,656.4,interp,0.38,1207.2,584.5,878.4,0.0,657.5,1168.9,1,177.5,0,1,shot_pb=1.00|flight_commit=1.00|person_ctx=4|pb_zfit|keepin_prop=0.01|keepin_zoom=1.350|edge_zoom=0.901|bounds
1064,1340.1,654.9,interp,0.38,1217.9,584.5,889.2,0.0,657.5,1168.9,1,181.8,0,0,shot_pb=1.00|flight_commit=1.00|person_ctx=4|pb_zfit|edge_zoom=0.910|bounds
1065,1347.5,653.3,yolo,0.42,1228.8,584.5,900.0,0.0,657.5,1168.9,1,185.3,0,1,shot_pb=1.00|flight_commit=1.00|person_ctx=4|pb_zfit|keepin_prop=0.01|keepin_zoom=1.350|edge_zoom=0.902|bounds
1066,1356.6,651.2,yolo,0.39,1239.7,584.5,910.9,0.0,657.5,1168.9,1,187.1,0,0,shot_pb=1.00|flight_commit=1.00|person_ctx=4|pb_zfit|edge_zoom=0.911|bounds
1067,1367.3,649.3,yolo,0.43,1250.6,584.5,921.9,0.0,657.5,1168.9,1,187.3,0,1,shot_pb=1.00|flight_commit=1.00|person_ctx=4|pb_zfit|keepin_prop=0.00|keepin_zoom=1.350|edge_zoom=0.905|bounds
1068,1378.9,647.5,yolo,0.46,1261.6,584.5,932.9,0.0,657.5,1168.9,1,186.7,0,0,shot_pb=1.00|flight_commit=1.00|pb_zfit|edge_zoom=0.910|bounds
1069,1391.5,645.8,yolo,0.42,1272.7,584.5,943.9,0.0,657.5,1168.9,1,185.2,0,1,shot_pb=1.00|flight_commit=1.00|pb_zfit|keepin_prop=0.00|keepin_zoom=1.350|edge_zoom=0.906|bounds
1070,1405.0,644.4,yolo,0.41,1283.8,584.5,955.0,0.0,657.5,1168.9,1,182.8,0,0,shot_pb=1.00|flight_commit=1.00|pb_zfit|edge_zoom=0.910|bounds
1071,1419.4,643.2,yolo,0.41,1295.0,584.5,966.3,0.0,657.5,1168.9,1,179.6,0,1,shot_pb=1.00|flight_commit=1.00|pb_zfit|keepin_prop=0.00|keepin_zoom=1.350|edge_zoom=0.907|bounds
1072,1433.1,642.1,interp,0.38,1306.4,584.5,977.6,0.0,657.5,1168.9,1,177.3,0,0,shot_pb=1.00|flight_commit=1.00|pb_zfit|edge_zoom=0.910|bounds
1073,1447.3,641.1,interp,0.38,1317.9,584.5,989.1,0.0,657.5,1168.9,1,174.6,0,0,shot_pb=1.00|flight_commit=1.00|pb_zfit|edge_zoom=0.910|bounds
1074,1461.9,640.2,interp,0.38,1329.5,584.5,1000.8,0.0,657.5,1168.9,1,171.6,0,1,shot_pb=1.00|flight_commit=1.00|pb_zfit|keepin_prop=0.01|keepin_zoom=1.350|edge_zoom=0.905|bounds
1075,1477.1,639.3,interp,0.38,1341.3,584.5,1012.5,0.0,657.5,1168.9,1,168.2,0,0,shot_pb=1.00|flight_commit=1.00|pb_zfit|edge_zoom=0.910|bounds
1076,1492.8,638.5,yolo,0.37,1353.2,584.5,1024.4,0.0,657.5,1168.9,1,164.4,0,1,shot_pb=1.00|flight_commit=1.00|pb_zfit|keepin_prop=0.00|keepin_zoom=1.350|edge_zoom=0.909|bounds
1077,1511.3,637.6,yolo,0.34,1365.2,584.5,1036.4,0.0,657.5,1168.9,1,157.9,0,0,accel_zoom=0.944|shot_pb=1.00|flight_commit=1.00|pb_zfit|edge_zoom=0.911|bounds
1078,1529.4,636.7,yolo,0.32,1377.2,584.5,1048.5,0.0,657.5,1168.9,1,151.8,0,0,shot_pb=1.00|flight_commit=1.00|pb_zfit|edge_zoom=0.911|bounds
1079,1546.5,636.0,interp,0.38,1389.3,584.5,1060.5,0.0,657.5,1168.9,1,146.8,0,1,shot_pb=1.00|flight_commit=1.00|pb_zfit|keepin_prop=0.01|keepin_zoom=1.350|edge_zoom=0.908|bounds
1080,1563.6,635.4,yolo,0.31,1401.3,584.5,1072.6,0.0,657.5,1168.9,1,141.7,0,0,shot_pb=1.00|flight_commit=1.00|pb_zfit|edge_zoom=0.911|bounds
1081,1581.7,634.9,yolo,0.37,1413.3,584.5,1084.5,0.0,657.5,1168.9,1,135.6,0,1,shot_pb=1.00|flight_commit=1.00|pb_zfit|keepin_prop=0.00|keepin_zoom=1.350|edge_zoom=0.910|bounds
1082,1599.4,634.4,yolo,0.38,1425.2,584.5,1096.4,0.0,657.5,1168.9,1,129.8,0,0,shot_pb=1.00|flight_commit=1.00|pb_zfit|edge_zoom=0.911|bounds
1083,1616.3,633.9,yolo,0.38,1436.9,584.5,1108.1,0.0,657.5,1168.9,1,124.6,0,0,shot_pb=1.00|flight_commit=1.00|pb_zfit|edge_zoom=0.911|bounds
1084,1631.4,633.4,interp,0.38,1448.3,584.5,1119.6,0.0,657.5,1168.9,1,120.9,0,1,shot_pb=1.00|flight_commit=1.00|pb_zfit|keepin_prop=0.01|keepin_zoom=1.350|edge_zoom=0.908|bounds
1085,1645.9,633.0,interp,0.38,1459.6,584.5,1130.8,0.0,657.5,1168.9,1,117.7,0,0,shot_pb=1.00|flight_commit=1.00|pb_zfit|edge_zoom=0.912|bounds
1086,1659.9,632.6,interp,0.38,1470.5,584.5,1141.8,0.0,657.5,1168.9,1,114.6,0,1,shot_pb=1.00|flight_commit=1.00|pb_zfit|keepin_prop=0.00|keepin_zoom=1.350|edge_zoom=0.910|bounds
1087,1673.6,632.1,yolo,0.35,1481.1,584.5,1152.3,0.0,657.5,1168.9,1,111.5,0,0,shot_pb=1.00|flight_commit=1.00|pb_zfit|edge_zoom=0.912|bounds
1088,1688.1,631.7,yolo,0.32,1491.3,584.5,1162.5,0.0,657.5,1168.9,1,107.2,0,1,shot_pb=1.00|flight_commit=1.00|pb_zfit|keepin_prop=0.00|keepin_zoom=1.350|edge_zoom=0.911|bounds
1089,1701.1,631.3,interp,0.38,1501.1,584.5,1172.3,0.0,657.5,1168.9,1,104.0,0,0,shot_pb=1.00|flight_commit=1.00|pb_zfit|edge_zoom=0.912|bounds
1090,1713.5,630.8,interp,0.38,1510.3,584.5,1181.6,0.0,657.5,1168.9,1,100.8,0,0,shot_pb=1.00|flight_commit=1.00|pb_zfit|edge_zoom=0.912|bounds
1091,1725.5,630.4,yolo,0.40,1519.0,584.5,1190.3,0.0,657.5,1168.9,1,97.5,0,1,shot_pb=1.00|flight_commit=1.00|pb_zfit|keepin_prop=0.02|keepin_zoom=1.350|edge_zoom=0.907|bounds
1092,1738.2,629.9,yolo,0.37,1527.2,584.5,1198.4,0.0,657.5,1168.9,1,93.0,0,0,shot_pb=1.00|flight_commit=1.00|pb_zfit|edge_zoom=0.913|bounds
1093,1749.9,629.5,yolo,0.36,1534.7,584.5,1206.0,0.0,657.5,1168.9,1,88.8,0,1,shot_pb=1.00|flight_commit=1.00|pb_zfit|keepin_prop=0.01|keepin_zoom=1.350|edge_zoom=0.910|bounds
1094,1760.0,629.1,interp,0.38,1541.7,584.5,1212.9,0.0,657.5,1168.9,1,85.7,0,0,shot_pb=1.00|flight_commit=1.00|pb_zfit|edge_zoom=0.913|bounds
1095,1769.1,628.6,yolo,0.39,1547.9,584.5,1219.1,0.0,657.5,1168.9,1,82.8,0,1,shot_pb=1.00|flight_commit=1.00|pb_zfit|keepin_prop=0.00|keepin_zoom=1.350|edge_zoom=0.911|bounds
1096,1776.8,628.2,interp,0.38,1553.5,584.5,1224.7,0.0,657.5,1168.9,1,80.7,0,0,shot_pb=1.00|flight_commit=1.00|pb_zfit|edge_zoom=0.914|bounds
1097,1783.7,627.7,interp,0.38,1558.4,584.5,1229.6,0.0,657.5,1168.9,1,78.7,0,1,shot_pb=1.00|flight_commit=1.00|pb_zfit|keepin_prop=0.01|keepin_zoom=1.350|edge_zoom=0.911|bounds
1098,1789.7,627.2,interp,0.38,1562.6,584.5,1233.8,0.0,657.5,1168.9,1,76.9,0,0,shot_pb=1.00|flight_commit=1.00|pb_zfit|edge_zoom=0.915|bounds
1099,1795.1,626.7,interp,0.38,1566.1,584.5,1237.3,0.0,657.5,1168.9,1,75.0,0,1,shot_pb=1.00|flight_commit=1.00|pb_zfit|keepin_prop=0.01|keepin_zoom=1.350|edge_zoom=0.911|bounds
1100,1799.7,626.2,interp,0.38,1568.9,584.5,1240.1,0.0,657.5,1168.9,1,73.2,0,0,shot_pb=1.00|flight_commit=1.00|pb_zfit|edge_zoom=0.916|bounds
1101,1803.7,625.6,interp,0.38,1571.0,584.5,1242.2,0.0,657.5,1168.9,1,71.3,0,1,shot_pb=1.00|flight_commit=1.00|pb_zfit|keepin_prop=0.00|keepin_zoom=1.350|edge_zoom=0.913|bounds
1102,1807.0,625.0,interp,0.38,1572.4,584.5,1243.7,0.0,657.5,1168.9,1,69.4,0,0,shot_pb=1.00|flight_commit=1.00|pb_zfit|edge_zoom=0.918|bounds
1103,1809.7,624.3,interp,0.38,1573.2,584.5,1244.4,0.0,657.5,1168.9,1,67.5,0,1,shot_pb=1.00|flight_commit=1.00|pb_zfit|keepin_prop=0.00|keepin_zoom=1.350|edge_zoom=0.913|bounds
1104,1811.8,623.6,interp,0.38,1573.2,584.5,1244.5,0.0,657.5,1168.9,1,65.4,0,0,shot_pb=1.00|flight_commit=1.00|pb_zfit|edge_zoom=0.923|bounds
1105,1813.3,622.8,yolo,0.41,1572.6,584.5,1243.9,0.0,657.5,1168.9,1,63.3,0,0,shot_pb=1.00|flight_commit=1.00|pb_zfit|edge_zoom=0.923|bounds
1106,1814.2,621.9,interp,0.38,1571.3,584.5,1242.6,0.0,657.5,1168.9,1,61.1,0,0,shot_pb=1.00|flight_commit=1.00|pb_zfit|edge_zoom=0.934|bounds
1107,1814.4,620.9,yolo,0.41,1569.4,584.5,1240.6,0.0,657.5,1168.9,1,59.0,0,0,shot_pb=1.00|flight_commit=1.00|pb_zfit|edge_zoom=0.942|bounds
1108,1813.7,619.8,yolo,0.41,1566.7,584.5,1237.9,0.0,657.5,1168.9,1,57.0,0,0,shot_pb=1.00|flight_commit=1.00|pb_zfit|edge_zoom=0.867|bounds
1109,1811.5,618.8,interp,0.38,1563.4,584.5,1234.6,0.0,657.5,1168.9,1,55.9,0,0,shot_pb=1.00|flight_commit=1.00|pb_zfit|edge_zoom=0.800|bounds
1110,1808.4,617.7,interp,0.38,1559.4,584.5,1230.7,0.0,657.5,1168.9,1,55.0,0,0,shot_pb=1.00|flight_commit=1.00|pb_zfit|edge_zoom=0.797|bounds
1111,1804.5,616.6,interp,0.38,1554.8,584.5,1226.0,0.0,657.5,1168.9,1,54.3,0,0,shot_pb=1.00|flight_commit=1.00|pb_zfit|edge_zoom=0.797|bounds
1112,1799.9,615.5,interp,0.38,1549.5,584.5,1220.7,0.0,657.5,1168.9,1,53.6,0,0,shot_pb=1.00|flight_commit=1.00|pb_zfit|edge_zoom=0.798|bounds
1113,1794.5,614.3,interp,0.38,1543.5,584.5,1214.7,0.0,657.5,1168.9,1,53.0,0,0,shot_pb=1.00|flight_commit=1.00|pb_zfit|edge_zoom=0.800|bounds
1114,1788.4,613.1,interp,0.38,1536.8,584.5,1208.0,0.0,657.5,1168.9,1,52.4,0,0,shot_pb=1.00|flight_commit=1.00|pb_zfit|edge_zoom=0.802|bounds
1115,1781.5,611.8,interp,0.38,1529.4,584.5,1200.7,0.0,657.5,1168.9,1,51.9,0,0,shot_pb=1.00|flight_commit=1.00|pb_zfit|edge_zoom=0.804|bounds
1116,1773.9,610.5,yolo,0.37,1521.4,584.5,1192.6,0.0,657.5,1168.9,1,51.5,0,0,shot_pb=1.00|flight_commit=1.00|pb_zfit|edge_zoom=0.806|bounds
1117,1765.1,609.0,interp,0.38,1512.7,584.5,1183.9,0.0,657.5,1168.9,1,51.6,0,0,shot_pb=1.00|flight_commit=1.00|pb_zfit|edge_zoom=0.809|bounds
1118,1755.6,607.5,interp,0.38,1503.2,584.5,1174.5,0.0,657.5,1168.9,1,51.6,0,0,shot_pb=1.00|flight_commit=1.00|pb_zfit|edge_zoom=0.812|bounds
1119,1745.3,606.0,interp,0.38,1493.1,584.5,1164.3,0.0,657.5,1168.9,1,51.8,0,0,shot_pb=1.00|flight_commit=1.00|pb_zfit|edge_zoom=0.815|bounds
1120,1734.4,604.3,interp,0.38,1482.2,584.5,1153.5,0.0,657.5,1168.9,1,51.8,0,0,shot_pb=1.00|flight_commit=1.00|pb_zfit|edge_zoom=0.818|bounds
1121,1722.9,602.5,interp,0.38,1470.7,584.5,1141.9,0.0,657.5,1168.9,1,51.8,0,0,shot_pb=1.00|flight_commit=1.00|pb_zfit|edge_zoom=0.821|bounds
1122,1710.6,600.7,interp,0.38,1458.4,584.5,1129.6,0.0,657.5,1168.9,1,51.8,0,0,shot_pb=1.00|flight_commit=1.00|pb_zfit|edge_zoom=0.824|bounds
1123,1697.7,598.7,interp,0.38,1445.4,584.5,1116.7,0.0,657.5,1168.9,1,51.7,0,0,shot_pb=1.00|flight_commit=1.00|pb_zfit|edge_zoom=0.828|bounds
1124,1684.1,596.6,interp,0.38,1431.8,584.5,1103.0,0.0,657.5,1168.9,1,51.7,0,0,shot_pb=1.00|flight_commit=1.00|pb_zfit|edge_zoom=0.831|bounds
1125,1669.7,594.3,interp,0.38,1417.5,584.5,1088.8,0.0,657.5,1168.9,1,51.8,0,0,shot_pb=1.00|flight_commit=1.00|pb_zfit|edge_zoom=0.835|bounds
1126,1654.6,591.9,yolo,0.34,1402.6,584.5,1073.9,0.0,657.5,1168.9,1,52.0,0,0,shot_pb=1.00|flight_commit=1.00|pb_zfit|edge_zoom=0.839|bounds
1127,1637.9,589.2,interp,0.38,1387.2,584.5,1058.4,0.0,657.5,1168.9,1,53.3,0,0,shot_pb=1.00|flight_commit=1.00|pb_zfit|edge_zoom=0.845|bounds
1128,1620.5,586.3,interp,0.38,1371.2,584.5,1042.4,0.0,657.5,1168.9,1,54.7,0,0,shot_pb=1.00|flight_commit=1.00|pb_zfit|edge_zoom=0.850|bounds
1129,1602.4,583.2,interp,0.38,1354.8,584.5,1026.0,0.0,657.5,1168.9,1,56.4,0,0,shot_pb=1.00|flight_commit=1.00|pb_zfit|edge_zoom=0.854|bounds
1130,1583.9,580.0,interp,0.38,1337.9,584.5,1009.2,0.0,657.5,1168.9,1,58.0,0,0,shot_pb=1.00|flight_commit=1.00|pb_zfit|edge_zoom=0.858|bounds
1131,1565.0,576.6,yolo,0.31,1320.8,584.5,992.0,0.0,657.5,1168.9,1,59.8,0,0,shot_pb=1.00|flight_commit=1.00|pb_zfit|edge_zoom=0.862|bounds
1132,1545.2,573.0,interp,0.38,1303.4,584.5,974.7,0.0,657.5,1168.9,1,62.2,0,0,shot_pb=1.00|flight_commit=1.00|pb_zfit|edge_zoom=0.867|bounds
1133,1525.2,569.2,interp,0.38,1285.9,584.5,957.2,0.0,657.5,1168.9,1,64.7,0,0,shot_pb=1.00|flight_commit=1.00|pb_zfit|edge_zoom=0.871|bounds
1134,1505.4,565.5,yolo,0.30,1268.4,584.5,939.6,0.0,657.5,1168.9,1,67.0,0,0,shot_pb=1.00|flight_commit=1.00|pb_zfit|edge_zoom=0.874|bounds
1135,1488.4,563.1,interp,0.50,1250.8,584.5,922.0,0.0,657.5,1168.9,1,66.4,0,0,shot_pb=1.00|flight_commit=1.00|pb_zfit|edge_zoom=0.868|bounds
1136,1471.3,560.5,interp,0.50,1233.4,584.5,904.6,0.0,657.5,1168.9,1,66.1,0,0,shot_pb=1.00|flight_commit=1.00|pb_zfit|edge_zoom=0.871|bounds
1137,1447.2,554.4,interp,0.50,1216.2,584.5,887.4,0.0,657.5,1168.9,1,73.0,0,0,accel_zoom=0.939|shot_pb=1.00|flight_commit=1.00|pb_zfit|edge_zoom=0.896|bounds
1138,1428.3,550.5,interp,0.50,1199.3,584.5,870.6,0.0,657.5,1168.9,1,75.0,0,0,shot_pb=1.00|flight_commit=1.00|pb_zfit|edge_zoom=0.884|bounds
1139,1410.2,546.9,interp,0.50,1182.8,584.5,854.1,0.0,657.5,1168.9,1,76.6,0,0,shot_pb=1.00|flight_commit=1.00|pb_zfit|edge_zoom=0.885|bounds
1140,1393.0,543.4,interp,0.50,1166.8,584.5,838.0,0.0,657.5,1168.9,1,77.8,0,0,shot_pb=1.00|flight_commit=1.00|pb_zfit|edge_zoom=0.886|bounds
1141,1376.6,540.2,interp,0.50,1151.3,584.5,822.5,0.0,657.5,1168.9,1,78.7,0,0,shot_pb=1.00|flight_commit=1.00|pb_zfit|edge_zoom=0.886|bounds
1142,1361.1,537.1,interp,0.50,1136.4,584.5,807.6,0.0,657.5,1168.9,1,79.3,0,0,shot_pb=1.00|flight_commit=1.00|pb_zfit|edge_zoom=0.886|bounds
1143,1346.4,534.3,interp,0.50,1122.1,584.5,793.3,0.0,657.5,1168.9,1,79.7,0,0,shot_pb=1.00|flight_commit=1.00|pb_zfit|edge_zoom=0.886|bounds
1144,1332.6,531.6,interp,0.50,1108.5,584.5,779.8,0.0,657.5,1168.9,1,79.9,0,0,shot_pb=1.00|flight_commit=1.00|pb_zfit|edge_zoom=0.886|bounds
1145,1319.7,529.2,interp,0.50,1095.7,584.5,766.9,0.0,657.5,1168.9,1,80.0,0,0,shot_pb=1.00|flight_commit=1.00|person_ctx=4|pb_zfit|edge_zoom=0.886|bounds
1146,1307.5,527.0,interp,0.50,1083.6,584.5,754.9,0.0,657.5,1168.9,1,80.1,0,0,shot_pb=1.00|flight_commit=1.00|person_ctx=4|pb_zfit|edge_zoom=0.886|bounds
1147,1296.2,525.0,interp,0.50,1072.4,584.5,743.6,0.0,657.5,1168.9,1,80.2,0,0,shot_pb=1.00|flight_commit=1.00|pb_zfit|edge_zoom=0.885|bounds
1148,1285.7,523.2,interp,0.50,1061.9,584.5,733.2,0.0,657.5,1168.9,1,80.2,0,0,shot_pb=1.00|flight_commit=1.00|pb_zfit|edge_zoom=0.885|bounds
1149,1276.0,521.6,interp,0.50,1052.4,584.5,723.7,0.0,657.5,1168.9,1,80.4,0,0,shot_pb=1.00|flight_commit=1.00|pb_zfit|edge_zoom=0.884|bounds
1150,1267.0,520.2,interp,0.50,1043.9,584.5,715.1,0.0,657.5,1168.9,1,80.9,0,0,shot_pb=1.00|flight_commit=1.00|pb_zfit|edge_zoom=0.884|bounds
1151,1258.8,519.0,interp,0.50,1036.3,584.5,707.5,0.0,657.5,1168.9,1,81.5,0,0,shot_pb=1.00|flight_commit=1.00|pb_zfit|edge_zoom=0.883|bounds
1152,1251.3,518.1,interp,0.50,1029.9,584.5,701.1,0.0,657.5,1168.9,1,82.6,0,0,shot_pb=1.00|flight_commit=1.00|pb_zfit|edge_zoom=0.882|bounds
1153,1244.6,517.3,interp,0.50,1024.6,584.5,695.9,0.0,657.5,1168.9,1,84.0,0,0,shot_pb=1.00|flight_commit=1.00|pb_zfit|edge_zoom=0.881|bounds
1154,1238.5,516.9,interp,0.50,1020.7,584.5,691.9,0.0,657.5,1168.9,1,86.2,0,0,shot_pb=1.00|flight_commit=1.00|pb_zfit|edge_zoom=0.879|bounds
1155,1233.2,516.6,interp,0.50,1018.2,584.5,689.4,0.0,657.5,1168.9,1,89.0,0,0,shot_pb=1.00|flight_commit=1.00|pb_zfit|edge_zoom=0.878|bounds
1156,1228.5,516.6,interp,0.50,1017.2,584.5,688.4,0.0,657.5,1168.9,1,92.7,0,0,shot_pb=1.00|flight_commit=1.00|pb_zfit|edge_zoom=0.877|bounds
1157,1224.6,516.9,interp,0.50,1017.8,584.5,689.1,0.0,657.5,1168.9,1,97.2,0,0,shot_pb=1.00|flight_commit=1.00|pb_zfit|edge_zoom=0.876|bounds
1158,1221.3,517.5,interp,0.50,1020.2,584.5,691.4,0.0,657.5,1168.9,1,102.9,0,0,shot_pb=1.00|flight_commit=1.00|pb_zfit|edge_zoom=0.877|bounds
1159,1218.8,518.5,interp,0.50,1024.3,584.5,695.5,0.0,657.5,1168.9,1,109.5,0,0,shot_pb=1.00|flight_commit=1.00|pb_zfit|edge_zoom=0.883|bounds
1160,1217.0,519.7,interp,0.50,1030.2,584.5,701.4,0.0,657.5,1168.9,1,117.2,0,0,shot_pb=1.00|flight_commit=1.00|pb_zfit|edge_zoom=0.903|bounds
1161,1216.1,521.4,interp,0.50,1037.8,584.5,709.0,0.0,657.5,1168.9,1,125.7,0,0,shot_pb=1.00|flight_commit=1.00|pb_zfit|edge_zoom=0.922|bounds
1162,1215.9,523.4,interp,0.50,1047.0,584.5,718.3,0.0,657.5,1168.9,1,135.1,0,0,shot_pb=1.00|flight_commit=1.00|pb_zfit|edge_zoom=0.917|bounds
1163,1216.6,525.9,interp,0.50,1057.8,584.5,729.1,0.0,657.5,1168.9,1,145.2,0,0,shot_pb=1.00|flight_commit=1.00|pb_zfit|edge_zoom=0.917|bounds
1164,1218.1,529.0,interp,0.50,1070.0,584.5,741.2,0.0,657.5,1168.9,1,155.9,0,0,shot_pb=1.00|flight_commit=1.00|pb_zfit|edge_zoom=0.919|bounds
1165,1220.7,532.6,interp,0.50,1083.3,584.5,754.5,0.0,657.5,1168.9,1,166.6,0,0,shot_pb=1.00|flight_commit=1.00|pb_zfit|edge_zoom=0.919|bounds
1166,1224.3,536.8,interp,0.50,1097.5,584.5,768.7,0.0,657.5,1168.9,1,177.2,0,0,shot_pb=1.00|flight_commit=1.00|pb_zfit|edge_zoom=0.920|bounds
1167,1229.1,541.8,interp,0.50,1112.4,584.5,783.6,0.0,657.5,1168.9,1,187.3,0,0,shot_pb=1.00|flight_commit=1.00|pb_zfit|edge_zoom=0.919|bounds
1168,1235.1,547.5,interp,0.50,1127.9,584.5,799.1,0.0,657.5,1168.9,1,196.8,0,0,shot_pb=1.00|flight_commit=1.00|pb_zfit|edge_zoom=0.918|bounds
1169,1242.5,554.1,interp,0.50,1143.6,584.5,814.9,0.0,657.5,1168.9,1,205.1,0,0,shot_pb=1.00|flight_commit=1.00|pb_zfit|edge_zoom=0.917|bounds
1170,1251.5,561.8,interp,0.50,1159.6,584.5,830.8,0.0,657.5,1168.9,1,212.1,0,0,shot_pb=1.00|flight_commit=1.00|pb_zfit|edge_zoom=0.915|bounds
1171,1262.2,570.6,interp,0.50,1175.6,584.5,846.9,0.0,657.5,1168.9,1,217.4,0,1,shot_pb=1.00|flight_commit=1.00|pb_zfit|keepin_prop=0.00|keepin_zoom=1.350|edge_zoom=0.930|bounds
1172,1274.7,580.7,interp,0.50,1191.7,584.5,862.9,0.0,657.5,1168.9,1,221.0,0,0,shot_pb=1.00|flight_commit=1.00|pb_zfit|edge_zoom=0.910|bounds
1173,1289.4,592.2,interp,0.50,1207.8,584.5,879.0,0.0,657.5,1168.9,1,222.4,0,0,shot_pb=1.00|flight_commit=1.00|pb_zfit|edge_zoom=0.906|bounds
1174,1306.5,605.4,interp,0.50,1223.8,584.5,895.0,0.0,657.5,1168.9,1,221.3,1,0,shot_pb=1.00|flight_commit=1.00|person_ctx=4|pb_zfit|speed|edge_zoom=0.903|bounds
1175,1326.3,620.5,interp,0.50,1239.9,584.5,911.1,0.0,657.5,1168.9,1,217.6,1,0,shot_pb=1.00|flight_commit=1.00|person_ctx=4|pb_zfit|speed|edge_zoom=0.903|bounds
1176,1349.0,637.7,interp,0.50,1256.0,584.5,927.2,0.0,657.5,1168.9,1,211.0,1,0,shot_pb=1.00|flight_commit=1.00|person_ctx=4|pb_zfit|speed|edge_zoom=0.903|bounds
1177,1375.2,657.3,interp,0.50,1272.2,584.5,943.4,0.0,657.5,1168.9,1,201.0,1,0,accel_zoom=0.941|shot_pb=1.00|flight_commit=1.00|pb_zfit|speed|edge_zoom=0.898|bounds
1178,1405.3,679.7,interp,0.50,1288.5,584.5,959.8,0.0,657.5,1168.9,1,187.2,1,0,accel_zoom=0.929|shot_pb=1.00|flight_commit=1.00|pb_zfit|speed|edge_zoom=0.897|bounds
1179,1439.7,705.1,interp,0.50,1305.0,584.5,976.2,0.0,657.5,1168.9,1,169.3,1,1,accel_zoom=0.915|shot_pb=1.00|flight_commit=1.00|pb_zfit|keepin_prop=0.00|keepin_zoom=1.350|speed|edge_zoom=0.891|bounds
1180,1518.1,761.7,interp,0.50,1321.6,584.5,992.8,0.0,657.5,1168.9,1,107.5,0,1,accel_zoom=0.780|shot_pb=1.00|flight_commit=1.00|pb_zfit|keepin_prop=0.06|keepin_zoom=1.350|flight_boost=1.22|edge_zoom=0.852|bounds
1181,1553.3,787.9,interp,0.50,1338.3,584.5,1009.5,0.0,657.5,1168.9,1,89.0,1,1,accel_zoom=0.780|shot_pb=1.00|flight_commit=1.00|pb_zfit|keepin_prop=0.10|keepin_zoom=1.350|flight_boost=1.28|speed|edge_zoom=0.869|bounds
1182,1584.6,811.2,interp,0.50,1355.1,584.5,1026.3,0.0,657.5,1168.9,1,74.5,1,1,accel_zoom=0.780|shot_pb=1.00|flight_commit=1.00|pb_zfit|keepin_prop=0.15|keepin_zoom=1.350|flight_boost=1.33|speed|edge_zoom=0.852|bounds
1183,1612.4,832.2,interp,0.50,1371.7,584.5,1043.0,0.0,657.5,1168.9,1,63.3,1,1,accel_zoom=0.780|shot_pb=1.00|flight_commit=1.00|pb_zfit|keepin_prop=0.20|keepin_zoom=1.350|flight_boost=1.34|speed|edge_zoom=0.833|bounds
1184,1637.1,850.9,interp,0.50,1388.3,584.5,1059.5,0.0,657.5,1168.9,1,55.2,1,1,accel_zoom=0.780|shot_pb=1.00|flight_commit=1.00|pb_zfit|keepin_prop=0.26|keepin_zoom=1.350|flight_boost=1.34|speed|edge_zoom=0.814|bounds
1185,1659.2,867.7,interp,0.50,1404.6,584.5,1075.8,0.0,657.5,1168.9,1,49.4,1,1,accel_zoom=0.780|shot_pb=1.00|flight_commit=1.00|pb_zfit|keepin_prop=0.32|keepin_zoom=1.350|flight_boost=1.31|speed|edge_zoom=0.795|bounds
1186,1678.8,882.8,interp,0.50,1420.4,584.5,1091.6,0.0,657.5,1168.9,1,45.6,1,1,shot_pb=1.00|flight_commit=1.00|pb_zfit|keepin_prop=0.37|keepin_zoom=1.350|flight_boost=1.26|speed|edge_zoom=0.776|bounds
1187,1696.3,896.3,interp,0.50,1435.7,584.5,1107.0,0.0,657.5,1168.9,1,43.4,1,1,shot_pb=1.00|flight_commit=1.00|pb_zfit|keepin_prop=0.42|keepin_zoom=1.350|flight_boost=1.04|speed|edge_zoom=0.759|bounds
1188,1711.9,908.5,interp,0.50,1450.4,584.5,1121.6,0.0,657.5,1168.9,1,42.5,1,1,shot_pb=1.00|flight_commit=1.00|pb_zfit|keepin_prop=0.47|keepin_zoom=1.350|speed|edge_zoom=0.750|bounds
1189,1725.9,919.4,interp,0.50,1464.3,584.5,1135.5,0.0,657.5,1168.9,1,42.4,1,1,shot_pb=1.00|flight_commit=1.00|pb_zfit|keepin_prop=0.52|keepin_zoom=1.350|speed|edge_zoom=0.750|bounds
1190,1738.3,929.2,interp,0.50,1477.4,584.5,1148.6,0.0,657.5,1168.9,1,43.1,1,1,shot_pb=1.00|flight_commit=1.00|pb_zfit|keepin_prop=0.57|keepin_zoom=1.350|speed|edge_zoom=0.750|bounds
1191,1749.5,937.9,interp,0.50,1489.5,584.5,1160.8,0.0,657.5,1168.9,1,44.0,1,1,shot_pb=1.00|flight_commit=1.00|pb_zfit|keepin_prop=0.61|keepin_zoom=1.350|speed|edge_zoom=0.750|bounds
1192,1759.4,945.8,interp,0.50,1500.8,584.5,1172.0,0.0,657.5,1168.9,1,45.4,1,1,shot_pb=1.00|flight_commit=1.00|pb_zfit|keepin_prop=0.65|keepin_zoom=1.350|speed|edge_zoom=0.750|bounds
1193,1768.3,952.8,interp,0.50,1511.1,584.5,1182.4,0.0,657.5,1168.9,1,46.8,1,1,shot_pb=1.00|flight_commit=1.00|pb_zfit|keepin_prop=0.68|keepin_zoom=1.350|speed|edge_zoom=0.750|bounds
1194,1776.2,959.0,interp,0.50,1520.6,584.5,1191.8,0.0,657.5,1168.9,1,48.4,1,1,shot_pb=1.00|flight_commit=1.00|pb_zfit|keepin_prop=0.71|keepin_zoom=1.350|speed|edge_zoom=0.750|bounds
1195,1783.3,964.6,interp,0.50,1529.1,584.5,1200.4,0.0,657.5,1168.9,1,49.8,1,1,shot_pb=1.00|flight_commit=1.00|pb_zfit|keepin_prop=0.74|keepin_zoom=1.350|speed|edge_zoom=0.750|bounds
1196,1789.6,969.5,interp,0.50,1536.8,584.5,1208.1,0.0,657.5,1168.9,1,51.2,1,1,shot_pb=1.00|flight_commit=1.00|pb_zfit|keepin_prop=0.77|keepin_zoom=1.350|speed|edge_zoom=0.750|bounds
1197,1795.3,973.7,interp,0.50,1543.8,584.5,1215.0,0.0,657.5,1168.9,1,52.5,1,1,shot_pb=1.00|flight_commit=1.00|pb_zfit|keepin_prop=0.80|keepin_zoom=1.350|speed|edge_zoom=0.750|bounds
1198,1800.3,977.4,interp,0.50,1550.0,584.5,1221.2,0.0,657.5,1168.9,1,53.7,1,1,shot_pb=1.00|flight_commit=1.00|pb_zfit|keepin_prop=0.82|keepin_zoom=1.350|speed|edge_zoom=0.750|bounds
1199,1804.8,980.6,interp,0.50,1555.5,584.5,1226.7,0.0,657.5,1168.9,1,54.7,1,1,shot_pb=1.00|flight_commit=1.00|pb_zfit|keepin_prop=0.84|keepin_zoom=1.350|speed|edge_zoom=0.750|bounds
1200,1808.7,983.2,interp,0.50,1560.4,584.5,1231.6,0.0,657.5,1168.9,1,55.7,1,1,shot_pb=1.00|flight_commit=1.00|pb_zfit|keepin_prop=0.86|keepin_zoom=1.350|speed|edge_zoom=0.750|bounds
1201,1812.2,985.3,interp,0.50,1564.7,584.5,1236.0,0.0,657.5,1168.9,1,56.5,1,1,shot_pb=1.00|flight_commit=1.00|pb_zfit|keepin_prop=0.87|keepin_zoom=1.350|speed|edge_zoom=0.750|bounds
1202,1815.2,987.0,interp,0.50,1568.5,584.5,1239.8,0.0,657.5,1168.9,1,57.3,1,1,shot_pb=1.00|flight_commit=1.00|pb_zfit|keepin_prop=0.89|keepin_zoom=1.350|speed|edge_zoom=0.750|bounds
1203,1817.9,988.1,interp,0.50,1571.9,584.5,1243.1,0.0,657.5,1168.9,1,58.0,1,1,shot_pb=1.00|flight_commit=1.00|pb_zfit|keepin_prop=0.91|keepin_zoom=1.350|speed|edge_zoom=0.750|bounds
1204,1820.2,988.8,interp,0.50,1574.7,584.5,1246.0,0.0,657.5,1168.9,1,58.5,1,1,shot_pb=1.00|flight_commit=1.00|pb_zfit|keepin_prop=0.93|keepin_zoom=1.350|speed|edge_zoom=0.750|bounds
1205,1822.2,989.0,interp,0.50,1577.2,584.5,1248.5,0.0,657.5,1168.9,1,59.0,1,1,shot_pb=1.00|flight_commit=1.00|pb_zfit|keepin_prop=0.96|keepin_zoom=1.350|speed|edge_zoom=0.750|bounds
1206,1823.8,988.7,interp,0.50,1579.3,584.5,1250.6,0.0,657.5,1168.9,1,59.5,1,1,shot_pb=1.00|flight_commit=1.00|pb_zfit|keepin_prop=1.00|keepin_zoom=1.350|speed|edge_zoom=0.750|bounds
1207,1825.2,987.9,interp,0.50,1581.1,584.5,1252.3,0.0,657.5,1168.9,1,59.9,1,1,shot_pb=1.00|flight_commit=1.00|pb_zfit|keepin_prop=1.00|keepin_zoom=1.350|speed|edge_zoom=0.750|bounds
1208,1826.3,986.5,interp,0.50,1582.5,584.5,1253.7,0.0,657.5,1168.9,1,60.2,1,1,shot_pb=1.00|flight_commit=1.00|pb_zfit|keepin_prop=1.00|keepin_zoom=1.350|speed|edge_zoom=0.750|bounds
1209,1826.2,983.3,blended,0.68,1583.6,584.5,1254.8,0.0,657.5,1168.9,1,61.4,1,1,shot_pb=1.00|flight_commit=1.00|pb_zfit|keepin_prop=1.00|keepin_zoom=1.350|speed|edge_zoom=0.750|bounds
1210,1828.0,982.2,interp,0.38,1584.4,584.5,1255.6,0.0,657.5,1168.9,1,60.4,1,1,shot_pb=1.00|flight_commit=1.00|pb_zfit|keepin_prop=1.00|keepin_zoom=1.350|speed|edge_zoom=0.750|bounds
1211,1828.7,979.3,interp,0.38,1584.8,584.5,1256.1,0.0,657.5,1168.9,1,60.1,1,1,shot_pb=1.00|flight_commit=1.00|pb_zfit|keepin_prop=1.00|keepin_zoom=1.350|speed|edge_zoom=0.750|bounds
1212,1829.1,975.8,interp,0.38,1585.0,584.5,1256.2,0.0,657.5,1168.9,1,59.9,1,1,shot_pb=1.00|flight_commit=1.00|pb_zfit|keepin_prop=1.00|keepin_zoom=1.350|speed|edge_zoom=0.750|bounds
1213,1829.2,971.8,interp,0.38,1584.9,584.5,1256.1,0.0,657.5,1168.9,1,59.7,1,1,shot_pb=1.00|flight_commit=1.00|pb_zfit|keepin_prop=1.00|keepin_zoom=1.350|speed|edge_zoom=0.750|bounds
1214,1829.1,967.4,interp,0.38,1584.5,584.5,1255.7,0.0,657.5,1168.9,1,59.4,1,1,shot_pb=1.00|flight_commit=1.00|pb_zfit|keepin_prop=1.00|keepin_zoom=1.350|speed|edge_zoom=0.750|bounds
1215,1828.6,962.4,interp,0.38,1583.8,584.5,1255.1,0.0,657.5,1168.9,1,59.2,1,1,shot_pb=1.00|flight_commit=1.00|pb_zfit|keepin_prop=0.96|keepin_zoom=1.350|speed|edge_zoom=0.750|bounds
1216,1827.9,956.9,interp,0.38,1582.9,584.5,1254.2,0.0,657.5,1168.9,1,59.0,1,1,shot_pb=1.00|flight_commit=1.00|pb_zfit|keepin_prop=0.93|keepin_zoom=1.350|speed|edge_zoom=0.750|bounds
1217,1826.7,950.8,blended,0.79,1581.8,584.5,1253.0,0.0,657.5,1168.9,1,59.1,1,1,shot_pb=1.00|flight_commit=1.00|pb_zfit|keepin_prop=0.89|keepin_zoom=1.350|speed|edge_zoom=0.750|bounds
1218,1825.8,942.1,yolo,0.33,1580.5,584.5,1251.7,0.0,657.5,1168.9,1,58.7,1,1,shot_pb=1.00|flight_commit=1.00|pb_zfit|keepin_prop=0.84|keepin_zoom=1.350|speed|edge_zoom=0.750|bounds
1219,1824.1,933.7,yolo,0.32,1579.0,584.5,1250.2,0.0,657.5,1168.9,1,58.9,1,1,shot_pb=1.00|flight_commit=1.00|pb_zfit|keepin_prop=0.80|keepin_zoom=1.350|speed|edge_zoom=0.750|bounds
1220,1821.6,926.1,yolo,0.31,1577.4,584.5,1248.6,0.0,657.5,1168.9,1,59.8,1,1,shot_pb=1.00|flight_commit=1.00|pb_zfit|keepin_prop=0.75|keepin_zoom=1.350|speed|edge_zoom=0.750|bounds
1221,1812.1,921.6,centroid,0.30,1575.7,584.5,1247.0,0.0,657.5,1168.9,1,67.6,1,1,shot_pb=1.00|flight_commit=1.00|pb_zfit|keepin_prop=0.66|keepin_zoom=1.350|speed|edge_zoom=0.750|bounds
1222,1809.0,916.5,centroid,0.30,1574.0,584.5,1245.3,0.0,657.5,1168.9,1,69.0,1,1,shot_pb=1.00|flight_commit=1.00|pb_zfit|keepin_prop=0.69|keepin_zoom=1.350|speed|edge_zoom=0.750|bounds
1223,1806.4,911.7,centroid,0.30,1572.4,584.5,1243.6,0.0,657.5,1168.9,1,70.0,1,1,shot_pb=1.00|flight_commit=1.00|pb_zfit|keepin_prop=0.66|keepin_zoom=1.350|speed|edge_zoom=0.750|bounds
1224,1804.2,907.2,centroid,0.30,1570.7,584.5,1241.9,0.0,657.5,1168.9,1,70.5,1,1,shot_pb=1.00|flight_commit=1.00|pb_zfit|keepin_prop=0.65|keepin_zoom=1.350|speed|edge_zoom=0.750|bounds
1225,1802.5,903.0,centroid,0.30,1569.1,584.5,1240.4,0.0,657.5,1168.9,1,70.6,1,1,shot_pb=1.00|flight_commit=1.00|pb_zfit|keepin_prop=0.63|keepin_zoom=1.350|speed|edge_zoom=0.750|bounds
1226,1801.2,899.0,centroid,0.30,1567.7,584.5,1238.9,0.0,657.5,1168.9,1,70.5,1,1,shot_pb=1.00|flight_commit=1.00|pb_zfit|keepin_prop=0.61|keepin_zoom=1.350|speed|edge_zoom=0.750|bounds
1227,1800.2,895.2,centroid,0.30,1566.3,584.5,1237.5,0.0,657.5,1168.9,1,70.1,1,1,shot_pb=1.00|flight_commit=1.00|pb_zfit|keepin_prop=0.59|keepin_zoom=1.350|speed|edge_zoom=0.750|bounds
1228,1799.7,891.5,centroid,0.30,1565.0,584.5,1236.2,0.0,657.5,1168.9,1,69.3,1,1,shot_pb=1.00|flight_commit=1.00|pb_zfit|keepin_prop=0.58|keepin_zoom=1.350|speed|edge_zoom=0.750|bounds
1229,1799.5,888.0,centroid,0.30,1563.8,584.5,1235.0,0.0,657.5,1168.9,1,68.3,1,1,shot_pb=1.00|flight_commit=1.00|pb_zfit|keepin_prop=0.56|keepin_zoom=1.350|speed|edge_zoom=0.750|bounds
1230,1802.1,882.7,centroid,0.25,1562.6,584.5,1233.9,0.0,657.5,1168.9,1,64.5,1,1,shot_pb=1.00|flight_commit=1.00|pb_zfit|keepin_prop=0.53|keepin_zoom=1.350|speed|edge_zoom=0.750|bounds
1231,1801.9,879.8,centroid,0.25,1561.5,584.5,1232.7,0.0,657.5,1168.9,1,63.6,1,1,shot_pb=1.00|flight_commit=1.00|pb_zfit|keepin_prop=0.53|keepin_zoom=1.350|speed|edge_zoom=0.750|bounds
1232,1801.4,877.3,centroid,0.25,1560.4,584.5,1231.6,0.0,657.5,1168.9,1,63.0,1,1,shot_pb=1.00|flight_commit=1.00|pb_zfit|keepin_prop=0.51|keepin_zoom=1.350|speed|edge_zoom=0.750|bounds
1233,1800.7,875.3,centroid,0.25,1559.3,584.5,1230.5,0.0,657.5,1168.9,1,62.6,1,1,shot_pb=1.00|flight_commit=1.00|pb_zfit|keepin_prop=0.50|keepin_zoom=1.350|speed|edge_zoom=0.750|bounds
1234,1799.8,873.7,centroid,0.26,1558.1,584.5,1229.3,0.0,657.5,1168.9,1,62.3,1,1,shot_pb=1.00|flight_commit=1.00|pb_zfit|keepin_prop=0.48|keepin_zoom=1.350|speed|edge_zoom=0.750|bounds
1235,1798.7,872.4,centroid,0.26,1556.8,584.5,1228.0,0.0,657.5,1168.9,1,62.1,1,1,shot_pb=1.00|flight_commit=1.00|pb_zfit|keepin_prop=0.47|keepin_zoom=1.350|speed|edge_zoom=0.750|bounds
1236,1797.3,871.4,centroid,0.26,1555.4,584.5,1226.7,0.0,657.5,1168.9,1,62.1,1,1,shot_pb=1.00|flight_commit=1.00|pb_zfit|keepin_prop=0.44|keepin_zoom=1.350|speed|edge_zoom=0.752|bounds
1237,1795.8,870.8,centroid,0.27,1554.0,584.5,1225.2,0.0,657.5,1168.9,1,62.2,1,1,shot_pb=1.00|flight_commit=1.00|pb_zfit|keepin_prop=0.42|keepin_zoom=1.350|speed|edge_zoom=0.759|bounds
1238,1794.1,870.5,centroid,0.27,1552.3,584.5,1223.6,0.0,657.5,1168.9,1,62.2,1,1,shot_pb=1.00|flight_commit=1.00|pb_zfit|keepin_prop=0.40|keepin_zoom=1.350|speed|edge_zoom=0.766|bounds
1239,1792.3,870.4,centroid,0.27,1550.6,584.5,1221.8,0.0,657.5,1168.9,1,62.3,1,1,shot_pb=1.00|flight_commit=1.00|pb_zfit|keepin_prop=0.39|keepin_zoom=1.350|speed|edge_zoom=0.771|bounds
1240,1790.3,870.5,centroid,0.27,1548.7,584.5,1220.0,0.0,657.5,1168.9,1,62.4,1,1,shot_pb=1.00|flight_commit=1.00|pb_zfit|keepin_prop=0.38|keepin_zoom=1.350|speed|edge_zoom=0.774|bounds
1241,1788.1,870.8,centroid,0.28,1546.7,584.5,1217.9,0.0,657.5,1168.9,1,62.6,1,1,shot_pb=1.00|flight_commit=1.00|pb_zfit|keepin_prop=0.37|keepin_zoom=1.350|speed|edge_zoom=0.777|bounds
1242,1785.8,871.2,centroid,0.28,1544.5,584.5,1215.8,0.0,657.5,1168.9,1,62.7,1,1,shot_pb=1.00|flight_commit=1.00|pb_zfit|keepin_prop=0.37|keepin_zoom=1.350|speed|edge_zoom=0.778|bounds
1243,1783.4,871.9,centroid,0.28,1542.3,584.5,1213.5,0.0,657.5,1168.9,1,62.9,1,1,shot_pb=1.00|flight_commit=1.00|pb_zfit|keepin_prop=0.36|keepin_zoom=1.350|speed|edge_zoom=0.779|bounds
1244,1780.8,872.6,centroid,0.28,1539.9,584.5,1211.1,0.0,657.5,1168.9,1,63.1,1,1,shot_pb=1.00|flight_commit=1.00|pb_zfit|keepin_prop=0.36|keepin_zoom=1.350|speed|edge_zoom=0.779|bounds
1245,1778.1,873.4,centroid,0.29,1537.3,584.5,1208.6,0.0,657.5,1168.9,1,63.2,1,1,shot_pb=1.00|flight_commit=1.00|pb_zfit|keepin_prop=0.37|keepin_zoom=1.350|speed|edge_zoom=0.778|bounds
1246,1775.3,874.3,centroid,0.29,1534.7,584.5,1205.9,0.0,657.5,1168.9,1,63.4,1,1,shot_pb=1.00|flight_commit=1.00|pb_zfit|keepin_prop=0.37|keepin_zoom=1.350|speed|edge_zoom=0.777|bounds
1247,1772.4,875.2,centroid,0.29,1532.0,584.5,1203.2,0.0,657.5,1168.9,1,63.6,1,1,shot_pb=1.00|flight_commit=1.00|pb_zfit|keepin_prop=0.37|keepin_zoom=1.350|speed|edge_zoom=0.776|bounds
1248,1769.3,876.2,centroid,0.29,1529.1,584.5,1200.4,0.0,657.5,1168.9,1,63.8,1,1,shot_pb=1.00|flight_commit=1.00|pb_zfit|keepin_prop=0.38|keepin_zoom=1.350|speed|edge_zoom=0.775|bounds
1249,1766.2,877.1,centroid,0.30,1526.2,584.5,1197.4,0.0,657.5,1168.9,1,64.0,1,1,shot_pb=1.00|flight_commit=1.00|pb_zfit|keepin_prop=0.38|keepin_zoom=1.350|speed|edge_zoom=0.773|bounds
1250,1763.0,877.9,centroid,0.30,1523.2,584.5,1194.4,0.0,657.5,1168.9,1,64.2,1,1,shot_pb=1.00|flight_commit=1.00|pb_zfit|keepin_prop=0.39|keepin_zoom=1.350|speed|edge_zoom=0.771|bounds
1251,1760.0,878.6,centroid,0.30,1520.1,584.5,1191.3,0.0,657.5,1168.9,1,64.1,1,1,shot_pb=1.00|flight_commit=1.00|pb_zfit|keepin_prop=0.39|keepin_zoom=1.350|speed|edge_zoom=0.769|bounds
1252,1756.8,879.1,centroid,0.30,1516.9,584.5,1188.1,0.0,657.5,1168.9,1,64.1,1,1,shot_pb=1.00|flight_commit=1.00|pb_zfit|keepin_prop=0.40|keepin_zoom=1.350|speed|edge_zoom=0.767|bounds
1253,1753.7,879.6,centroid,0.30,1513.7,584.5,1184.9,0.0,657.5,1168.9,1,64.0,1,1,shot_pb=1.00|flight_commit=1.00|pb_zfit|keepin_prop=0.40|keepin_zoom=1.350|speed|edge_zoom=0.766|bounds
1254,1750.4,880.1,centroid,0.30,1510.3,584.5,1181.6,0.0,657.5,1168.9,1,63.9,1,1,shot_pb=1.00|flight_commit=1.00|pb_zfit|keepin_prop=0.41|keepin_zoom=1.350|speed|edge_zoom=0.764|bounds
1255,1747.1,880.5,centroid,0.30,1506.9,584.5,1178.2,0.0,657.5,1168.9,1,63.8,1,1,shot_pb=1.00|flight_commit=1.00|pb_zfit|keepin_prop=0.41|keepin_zoom=1.350|speed|edge_zoom=0.763|bounds
1256,1743.7,880.8,centroid,0.30,1503.5,584.5,1174.7,0.0,657.5,1168.9,1,63.8,1,1,shot_pb=1.00|flight_commit=1.00|pb_zfit|keepin_prop=0.41|keepin_zoom=1.350|speed|edge_zoom=0.762|bounds
1257,1740.1,881.2,centroid,0.30,1499.9,584.5,1171.2,0.0,657.5,1168.9,1,63.8,1,1,shot_pb=1.00|flight_commit=1.00|pb_zfit|keepin_prop=0.41|keepin_zoom=1.350|speed|edge_zoom=0.762|bounds
1258,1736.5,881.5,centroid,0.30,1496.3,584.5,1167.5,0.0,657.5,1168.9,1,63.8,1,1,shot_pb=1.00|flight_commit=1.00|pb_zfit|keepin_prop=0.42|keepin_zoom=1.350|speed|edge_zoom=0.761|bounds
1259,1732.8,881.9,centroid,0.30,1492.6,584.5,1163.8,0.0,657.5,1168.9,1,63.8,1,1,shot_pb=1.00|flight_commit=1.00|pb_zfit|keepin_prop=0.42|keepin_zoom=1.350|speed|edge_zoom=0.760|bounds
1260,1729.1,882.2,centroid,0.30,1488.8,584.5,1160.1,0.0,657.5,1168.9,1,63.7,1,1,shot_pb=1.00|flight_commit=1.00|pb_zfit|keepin_prop=0.42|keepin_zoom=1.350|speed|edge_zoom=0.760|bounds
1261,1725.2,882.6,centroid,0.30,1485.0,584.5,1156.3,0.0,657.5,1168.9,1,63.8,1,1,shot_pb=1.00|flight_commit=1.00|pb_zfit|keepin_prop=0.42|keepin_zoom=1.350|speed|edge_zoom=0.760|bounds
1262,1721.2,883.0,centroid,0.30,1481.1,584.5,1152.4,0.0,657.5,1168.9,1,63.9,1,1,shot_pb=1.00|flight_commit=1.00|pb_zfit|keepin_prop=0.42|keepin_zoom=1.350|speed|edge_zoom=0.759|bounds
1263,1717.2,883.5,centroid,0.30,1477.2,584.5,1148.4,0.0,657.5,1168.9,1,64.0,1,1,shot_pb=1.00|flight_commit=1.00|pb_zfit|keepin_prop=0.42|keepin_zoom=1.350|speed|edge_zoom=0.759|bounds
1264,1713.1,884.0,centroid,0.30,1473.1,584.5,1144.4,0.0,657.5,1168.9,1,64.0,1,1,shot_pb=1.00|flight_commit=1.00|pb_zfit|keepin_prop=0.42|keepin_zoom=1.350|speed|edge_zoom=0.759|bounds
1265,1708.9,884.6,centroid,0.30,1469.1,584.5,1140.3,0.0,657.5,1168.9,1,64.2,1,1,shot_pb=1.00|flight_commit=1.00|pb_zfit|keepin_prop=0.42|keepin_zoom=1.350|speed|edge_zoom=0.758|bounds
1266,1704.6,885.3,centroid,0.30,1464.9,584.5,1136.2,0.0,657.5,1168.9,1,64.3,1,1,shot_pb=1.00|flight_commit=1.00|pb_zfit|keepin_prop=0.43|keepin_zoom=1.350|speed|edge_zoom=0.758|bounds
1267,1700.3,886.1,centroid,0.30,1460.8,584.5,1132.0,0.0,657.5,1168.9,1,64.5,1,1,shot_pb=1.00|flight_commit=1.00|pb_zfit|keepin_prop=0.43|keepin_zoom=1.350|speed|edge_zoom=0.757|bounds
1268,1696.0,886.9,centroid,0.30,1456.6,584.5,1127.8,0.0,657.5,1168.9,1,64.6,1,1,shot_pb=1.00|flight_commit=1.00|pb_zfit|keepin_prop=0.43|keepin_zoom=1.350|speed|edge_zoom=0.757|bounds
1269,1691.6,887.8,centroid,0.30,1452.3,584.5,1123.6,0.0,657.5,1168.9,1,64.7,1,1,shot_pb=1.00|flight_commit=1.00|pb_zfit|keepin_prop=0.43|keepin_zoom=1.350|speed|edge_zoom=0.756|bounds
1270,1687.1,888.8,centroid,0.30,1448.1,584.5,1119.3,0.0,657.5,1168.9,1,65.0,1,1,shot_pb=1.00|flight_commit=1.00|pb_zfit|keepin_prop=0.43|keepin_zoom=1.350|speed|edge_zoom=0.755|bounds
1271,1682.7,890.0,centroid,0.30,1443.8,584.5,1115.0,0.0,657.5,1168.9,1,65.1,1,1,shot_pb=1.00|flight_commit=1.00|pb_zfit|keepin_prop=0.44|keepin_zoom=1.350|speed|edge_zoom=0.754|bounds
1272,1678.2,891.2,centroid,0.30,1439.5,584.5,1110.8,0.0,657.5,1168.9,1,65.3,1,1,shot_pb=1.00|flight_commit=1.00|pb_zfit|keepin_prop=0.44|keepin_zoom=1.350|speed|edge_zoom=0.753|bounds
1273,1673.7,892.5,centroid,0.30,1435.3,584.5,1106.5,0.0,657.5,1168.9,1,65.6,1,1,shot_pb=1.00|flight_commit=1.00|pb_zfit|keepin_prop=0.44|keepin_zoom=1.350|speed|edge_zoom=0.752|bounds
1274,1669.3,893.8,centroid,0.30,1431.0,584.5,1102.3,0.0,657.5,1168.9,1,65.7,1,1,shot_pb=1.00|flight_commit=1.00|pb_zfit|keepin_prop=0.45|keepin_zoom=1.350|speed|edge_zoom=0.751|bounds
1275,1664.8,895.3,centroid,0.30,1426.8,584.5,1098.1,0.0,657.5,1168.9,1,66.0,1,1,shot_pb=1.00|flight_commit=1.00|pb_zfit|keepin_prop=0.45|keepin_zoom=1.350|speed|edge_zoom=0.750|bounds
1276,1660.4,896.9,centroid,0.30,1422.7,584.5,1093.9,0.0,657.5,1168.9,1,66.3,1,1,shot_pb=1.00|flight_commit=1.00|pb_zfit|keepin_prop=0.45|keepin_zoom=1.350|speed|edge_zoom=0.750|bounds
1277,1656.1,898.5,centroid,0.30,1418.6,584.5,1089.8,0.0,657.5,1168.9,1,66.5,1,1,shot_pb=1.00|flight_commit=1.00|pb_zfit|keepin_prop=0.46|keepin_zoom=1.350|speed|edge_zoom=0.750|bounds
1278,1651.8,900.2,centroid,0.30,1414.5,584.5,1085.8,0.0,657.5,1168.9,1,66.7,1,1,shot_pb=1.00|flight_commit=1.00|pb_zfit|keepin_prop=0.47|keepin_zoom=1.350|speed|edge_zoom=0.750|bounds
1279,1647.7,901.9,centroid,0.30,1410.6,584.5,1081.8,0.0,657.5,1168.9,1,66.9,1,1,shot_pb=1.00|flight_commit=1.00|pb_zfit|keepin_prop=0.47|keepin_zoom=1.350|speed|edge_zoom=0.750|bounds
1280,1643.6,903.7,centroid,0.30,1406.7,584.5,1077.9,0.0,657.5,1168.9,1,67.1,1,1,shot_pb=1.00|flight_commit=1.00|pb_zfit|keepin_prop=0.48|keepin_zoom=1.350|speed|edge_zoom=0.750|bounds
1281,1639.6,905.6,centroid,0.30,1402.9,584.5,1074.2,0.0,657.5,1168.9,1,67.3,1,1,shot_pb=1.00|flight_commit=1.00|pb_zfit|keepin_prop=0.48|keepin_zoom=1.350|speed|edge_zoom=0.750|bounds
1282,1635.7,907.4,centroid,0.30,1399.3,584.5,1070.5,0.0,657.5,1168.9,1,67.6,1,1,shot_pb=1.00|flight_commit=1.00|pb_zfit|keepin_prop=0.49|keepin_zoom=1.350|speed|edge_zoom=0.750|bounds
1283,1632.0,909.3,centroid,0.30,1395.7,584.5,1066.9,0.0,657.5,1168.9,1,67.7,1,1,shot_pb=1.00|flight_commit=1.00|pb_zfit|keepin_prop=0.50|keepin_zoom=1.350|speed|edge_zoom=0.750|bounds
1284,1628.4,911.2,centroid,0.30,1392.3,584.5,1063.5,0.0,657.5,1168.9,1,67.9,1,1,shot_pb=1.00|flight_commit=1.00|pb_zfit|keepin_prop=0.50|keepin_zoom=1.350|speed|edge_zoom=0.750|bounds
1285,1625.0,913.1,centroid,0.30,1389.0,584.5,1060.2,0.0,657.5,1168.9,1,68.0,1,1,shot_pb=1.00|flight_commit=1.00|pb_zfit|keepin_prop=0.51|keepin_zoom=1.350|speed|edge_zoom=0.750|bounds
1286,1621.7,914.9,centroid,0.30,1385.8,584.5,1057.1,0.0,657.5,1168.9,1,68.1,1,1,shot_pb=1.00|flight_commit=1.00|pb_zfit|keepin_prop=0.52|keepin_zoom=1.350|speed|edge_zoom=0.750|bounds
1287,1618.6,916.8,centroid,0.30,1382.8,584.5,1054.0,0.0,657.5,1168.9,1,68.2,1,1,shot_pb=1.00|flight_commit=1.00|pb_zfit|keepin_prop=0.52|keepin_zoom=1.350|speed|edge_zoom=0.750|bounds
1288,1615.7,918.6,centroid,0.30,1380.0,584.5,1051.2,0.0,657.5,1168.9,1,68.3,1,1,shot_pb=1.00|flight_commit=1.00|pb_zfit|keepin_prop=0.53|keepin_zoom=1.350|speed|edge_zoom=0.750|bounds
1289,1612.9,920.4,centroid,0.30,1377.2,584.5,1048.5,0.0,657.5,1168.9,1,68.3,1,1,shot_pb=1.00|flight_commit=1.00|pb_zfit|keepin_prop=0.53|keepin_zoom=1.350|speed|edge_zoom=0.750|bounds
1290,1610.4,922.1,centroid,0.30,1374.7,584.5,1045.9,0.0,657.5,1168.9,1,68.3,1,1,shot_pb=1.00|flight_commit=1.00|pb_zfit|keepin_prop=0.54|keepin_zoom=1.350|speed|edge_zoom=0.750|bounds
1291,1608.0,923.8,centroid,0.30,1372.3,584.5,1043.5,0.0,657.5,1168.9,1,68.3,1,1,shot_pb=1.00|flight_commit=1.00|pb_zfit|keepin_prop=0.55|keepin_zoom=1.350|speed|edge_zoom=0.750|bounds
1292,1605.8,925.4,centroid,0.30,1370.1,584.5,1041.3,0.0,657.5,1168.9,1,68.3,1,1,shot_pb=1.00|flight_commit=1.00|pb_zfit|keepin_prop=0.55|keepin_zoom=1.350|speed|edge_zoom=0.750|bounds
1293,1603.7,926.9,centroid,0.30,1368.0,584.5,1039.2,0.0,657.5,1168.9,1,68.3,1,1,shot_pb=1.00|flight_commit=1.00|pb_zfit|keepin_prop=0.56|keepin_zoom=1.350|speed|edge_zoom=0.750|bounds
1294,1601.9,928.4,centroid,0.30,1366.1,584.5,1037.3,0.0,657.5,1168.9,1,68.2,1,1,shot_pb=1.00|flight_commit=1.00|pb_zfit|keepin_prop=0.56|keepin_zoom=1.350|speed|edge_zoom=0.750|bounds
1295,1600.2,929.9,centroid,0.30,1364.3,584.5,1035.6,0.0,657.5,1168.9,1,68.1,1,1,shot_pb=1.00|flight_commit=1.00|pb_zfit|keepin_prop=0.57|keepin_zoom=1.350|speed|edge_zoom=0.750|bounds
1296,1598.6,931.3,centroid,0.30,1362.7,584.5,1034.0,0.0,657.5,1168.9,1,68.1,1,1,shot_pb=1.00|flight_commit=1.00|pb_zfit|keepin_prop=0.57|keepin_zoom=1.350|speed|edge_zoom=0.750|bounds
1297,1597.3,932.6,centroid,0.30,1361.3,584.5,1032.5,0.0,657.5,1168.9,1,68.0,1,1,shot_pb=1.00|flight_commit=1.00|pb_zfit|keepin_prop=0.57|keepin_zoom=1.350|speed|edge_zoom=0.750|bounds
1298,1596.0,933.8,centroid,0.30,1360.0,584.5,1031.2,0.0,657.5,1168.9,1,68.0,1,1,shot_pb=1.00|flight_commit=1.00|pb_zfit|keepin_prop=0.58|keepin_zoom=1.350|speed|edge_zoom=0.750|bounds
1299,1595.0,935.0,centroid,0.30,1358.8,584.5,1030.0,0.0,657.5,1168.9,1,67.8,1,1,shot_pb=1.00|flight_commit=1.00|pb_zfit|keepin_prop=0.58|keepin_zoom=1.350|speed|edge_zoom=0.750|bounds
1300,1594.0,936.1,centroid,0.30,1357.8,584.5,1029.0,0.0,657.5,1168.9,1,67.8,1,1,shot_pb=1.00|flight_commit=1.00|pb_zfit|keepin_prop=0.58|keepin_zoom=1.350|speed|edge_zoom=0.750|bounds
1301,1593.3,937.2,centroid,0.30,1356.9,584.5,1028.1,0.0,657.5,1168.9,1,67.6,1,1,shot_pb=1.00|flight_commit=1.00|pb_zfit|keepin_prop=0.58|keepin_zoom=1.350|speed|edge_zoom=0.750|bounds
1302,1592.6,938.2,centroid,0.30,1356.1,584.5,1027.4,0.0,657.5,1168.9,1,67.5,1,1,shot_pb=1.00|flight_commit=1.00|pb_zfit|keepin_prop=0.58|keepin_zoom=1.350|speed|edge_zoom=0.750|bounds
1303,1592.1,939.1,centroid,0.30,1355.5,584.5,1026.7,0.0,657.5,1168.9,1,67.4,1,1,shot_pb=1.00|flight_commit=1.00|pb_zfit|keepin_prop=0.58|keepin_zoom=1.350|speed|edge_zoom=0.750|bounds
1304,1591.6,940.0,centroid,0.30,1355.0,584.5,1026.2,0.0,657.5,1168.9,1,67.4,1,1,shot_pb=1.00|flight_commit=1.00|pb_zfit|keepin_prop=0.58|keepin_zoom=1.350|speed|edge_zoom=0.750|bounds
1305,1591.3,940.9,centroid,0.30,1354.5,584.5,1025.8,0.0,657.5,1168.9,1,67.2,1,1,shot_pb=1.00|flight_commit=1.00|pb_zfit|keepin_prop=0.58|keepin_zoom=1.350|speed|edge_zoom=0.750|bounds
1306,1591.1,941.6,centroid,0.30,1354.2,584.5,1025.5,0.0,657.5,1168.9,1,67.1,1,1,shot_pb=1.00|flight_commit=1.00|pb_zfit|keepin_prop=0.58|keepin_zoom=1.350|speed|edge_zoom=0.750|bounds
1307,1591.0,942.4,centroid,0.30,1354.0,584.5,1025.3,0.0,657.5,1168.9,1,67.0,1,1,shot_pb=1.00|flight_commit=1.00|pb_zfit|keepin_prop=0.58|keepin_zoom=1.350|speed|edge_zoom=0.750|bounds
1308,1591.0,943.1,centroid,0.30,1353.9,584.5,1025.2,0.0,657.5,1168.9,1,66.9,1,1,shot_pb=1.00|flight_commit=1.00|pb_zfit|keepin_prop=0.59|keepin_zoom=1.350|speed|edge_zoom=0.750|bounds
1309,1591.1,943.7,centroid,0.30,1353.9,584.5,1025.2,0.0,657.5,1168.9,1,66.8,1,1,shot_pb=1.00|flight_commit=1.00|pb_zfit|keepin_prop=0.59|keepin_zoom=1.350|speed|edge_zoom=0.750|bounds
1310,1591.3,944.3,centroid,0.30,1354.0,584.5,1025.3,0.0,657.5,1168.9,1,66.7,1,1,shot_pb=1.00|flight_commit=1.00|pb_zfit|keepin_prop=0.60|keepin_zoom=1.350|speed|edge_zoom=0.750|bounds
1311,1591.5,944.9,centroid,0.30,1354.2,584.5,1025.4,0.0,657.5,1168.9,1,66.7,1,1,shot_pb=1.00|flight_commit=1.00|pb_zfit|keepin_prop=0.61|keepin_zoom=1.350|speed|edge_zoom=0.750|bounds
1312,1591.8,945.4,centroid,0.30,1354.4,584.5,1025.7,0.0,657.5,1168.9,1,66.6,1,1,shot_pb=1.00|flight_commit=1.00|pb_zfit|keepin_prop=0.62|keepin_zoom=1.350|speed|edge_zoom=0.750|bounds
1313,1592.2,945.9,centroid,0.30,1354.7,584.5,1026.0,0.0,657.5,1168.9,1,66.5,1,1,shot_pb=1.00|flight_commit=1.00|pb_zfit|keepin_prop=0.63|keepin_zoom=1.350|speed|edge_zoom=0.750|bounds
1314,1592.7,946.4,centroid,0.30,1355.1,584.5,1026.4,0.0,657.5,1168.9,1,66.4,1,1,shot_pb=1.00|flight_commit=1.00|pb_zfit|keepin_prop=0.64|keepin_zoom=1.350|speed|edge_zoom=0.750|bounds
1315,1593.2,946.9,centroid,0.30,1355.6,584.5,1026.8,0.0,657.5,1168.9,1,66.4,1,1,shot_pb=1.00|flight_commit=1.00|pb_zfit|keepin_prop=0.65|keepin_zoom=1.350|speed|edge_zoom=0.750|bounds
1316,1593.8,947.4,centroid,0.30,1356.1,584.5,1027.3,0.0,657.5,1168.9,1,66.3,1,1,shot_pb=1.00|flight_commit=1.00|pb_zfit|keepin_prop=0.65|keepin_zoom=1.350|speed|edge_zoom=0.750|bounds
1317,1594.4,947.8,centroid,0.30,1356.7,584.5,1027.9,0.0,657.5,1168.9,1,66.3,1,1,shot_pb=1.00|flight_commit=1.00|pb_zfit|keepin_prop=0.66|keepin_zoom=1.350|speed|edge_zoom=0.750|bounds
1318,1595.1,948.3,centroid,0.30,1357.3,584.5,1028.5,0.0,657.5,1168.9,1,66.2,1,1,shot_pb=1.00|flight_commit=1.00|pb_zfit|keepin_prop=0.67|keepin_zoom=1.350|speed|edge_zoom=0.750|bounds
1319,1595.9,948.8,centroid,0.30,1358.0,584.5,1029.2,0.0,657.5,1168.9,1,66.1,1,1,shot_pb=1.00|flight_commit=1.00|pb_zfit|keepin_prop=0.67|keepin_zoom=1.350|speed|edge_zoom=0.750|bounds
1320,1596.7,949.3,centroid,0.30,1358.7,584.5,1029.9,0.0,657.5,1168.9,1,66.0,1,1,shot_pb=1.00|flight_commit=1.00|pb_zfit|keepin_prop=0.68|keepin_zoom=1.350|speed|edge_zoom=0.750|bounds
1321,1597.5,949.8,centroid,0.30,1359.4,584.5,1030.7,0.0,657.5,1168.9,1,65.9,1,1,shot_pb=1.00|flight_commit=1.00|pb_zfit|keepin_prop=0.68|keepin_zoom=1.350|speed|edge_zoom=0.750|bounds
1322,1598.3,950.3,centroid,0.30,1360.2,584.5,1031.5,0.0,657.5,1168.9,1,65.9,1,1,shot_pb=1.00|flight_commit=1.00|pb_zfit|keepin_prop=0.68|keepin_zoom=1.350|speed|edge_zoom=0.750|bounds
1323,1599.2,950.8,centroid,0.30,1361.1,584.5,1032.3,0.0,657.5,1168.9,1,65.9,1,1,shot_pb=1.00|flight_commit=1.00|pb_zfit|keepin_prop=0.69|keepin_zoom=1.350|speed|edge_zoom=0.750|bounds
1324,1600.2,951.4,centroid,0.30,1361.9,584.5,1033.2,0.0,657.5,1168.9,1,65.7,1,1,shot_pb=1.00|flight_commit=1.00|pb_zfit|keepin_prop=0.69|keepin_zoom=1.350|speed|edge_zoom=0.750|bounds
1325,1601.1,951.9,centroid,0.30,1362.8,584.5,1034.1,0.0,657.5,1168.9,1,65.7,1,1,shot_pb=1.00|flight_commit=1.00|pb_zfit|keepin_prop=0.69|keepin_zoom=1.350|speed|edge_zoom=0.750|bounds
1326,1602.1,952.5,centroid,0.30,1363.7,584.5,1035.0,0.0,657.5,1168.9,1,65.6,1,1,shot_pb=1.00|flight_commit=1.00|pb_zfit|keepin_prop=0.70|keepin_zoom=1.350|speed|edge_zoom=0.750|bounds
1327,1603.2,953.1,centroid,0.30,1364.7,584.5,1035.9,0.0,657.5,1168.9,1,65.5,1,1,shot_pb=1.00|flight_commit=1.00|pb_zfit|keepin_prop=0.70|keepin_zoom=1.350|speed|edge_zoom=0.750|bounds
1328,1604.2,953.7,centroid,0.30,1365.6,584.5,1036.9,0.0,657.5,1168.9,1,65.4,1,1,shot_pb=1.00|flight_commit=1.00|pb_zfit|keepin_prop=0.70|keepin_zoom=1.350|speed|edge_zoom=0.750|bounds
1329,1605.2,954.3,centroid,0.30,1366.6,584.5,1037.8,0.0,657.5,1168.9,1,65.4,1,1,shot_pb=1.00|flight_commit=1.00|pb_zfit|keepin_prop=0.70|keepin_zoom=1.350|speed|edge_zoom=0.750|bounds
1330,1606.3,955.0,centroid,0.30,1367.5,584.5,1038.8,0.0,657.5,1168.9,1,65.2,1,1,shot_pb=1.00|flight_commit=1.00|pb_zfit|keepin_prop=0.71|keepin_zoom=1.350|speed|edge_zoom=0.750|bounds
1331,1607.4,955.6,centroid,0.30,1368.5,584.5,1039.7,0.0,657.5,1168.9,1,65.1,1,1,shot_pb=1.00|flight_commit=1.00|pb_zfit|keepin_prop=0.71|keepin_zoom=1.350|speed|edge_zoom=0.750|bounds
1332,1608.4,956.3,centroid,0.30,1369.5,584.5,1040.7,0.0,657.5,1168.9,1,65.1,1,1,shot_pb=1.00|flight_commit=1.00|pb_zfit|keepin_prop=0.71|keepin_zoom=1.350|speed|edge_zoom=0.750|bounds
1333,1609.5,957.0,centroid,0.30,1370.4,584.5,1041.6,0.0,657.5,1168.9,1,64.9,1,1,shot_pb=1.00|flight_commit=1.00|pb_zfit|keepin_prop=0.71|keepin_zoom=1.350|speed|edge_zoom=0.750|bounds
1334,1610.5,957.7,centroid,0.30,1371.3,584.5,1042.6,0.0,657.5,1168.9,1,64.8,1,1,shot_pb=1.00|flight_commit=1.00|pb_zfit|keepin_prop=0.72|keepin_zoom=1.350|speed|edge_zoom=0.750|bounds
1335,1611.5,958.3,centroid,0.30,1372.2,584.5,1043.5,0.0,657.5,1168.9,1,64.7,1,1,shot_pb=1.00|flight_commit=1.00|pb_zfit|keepin_prop=0.72|keepin_zoom=1.350|speed|edge_zoom=0.750|bounds
1336,1612.5,959.0,centroid,0.30,1373.1,584.5,1044.4,0.0,657.5,1168.9,1,64.6,1,1,shot_pb=1.00|flight_commit=1.00|pb_zfit|keepin_prop=0.72|keepin_zoom=1.350|speed|edge_zoom=0.750|bounds
1337,1613.4,959.7,centroid,0.30,1374.0,584.5,1045.2,0.0,657.5,1168.9,1,64.6,1,1,shot_pb=1.00|flight_commit=1.00|pb_zfit|keepin_prop=0.72|keepin_zoom=1.350|speed|edge_zoom=0.750|bounds
1338,1614.3,960.4,centroid,0.30,1374.8,584.5,1046.0,0.0,657.5,1168.9,1,64.5,1,1,shot_pb=1.00|flight_commit=1.00|pb_zfit|keepin_prop=0.73|keepin_zoom=1.350|speed|edge_zoom=0.750|bounds
1339,1615.2,961.0,centroid,0.30,1375.5,584.5,1046.8,0.0,657.5,1168.9,1,64.3,1,1,shot_pb=1.00|flight_commit=1.00|pb_zfit|keepin_prop=0.73|keepin_zoom=1.350|speed|edge_zoom=0.750|bounds
1340,1616.0,961.6,centroid,0.30,1376.3,584.5,1047.5,0.0,657.5,1168.9,1,64.3,1,1,shot_pb=1.00|flight_commit=1.00|pb_zfit|keepin_prop=0.73|keepin_zoom=1.350|speed|edge_zoom=0.750|bounds
1341,1616.8,962.2,centroid,0.30,1376.9,584.5,1048.2,0.0,657.5,1168.9,1,64.1,1,1,shot_pb=1.00|flight_commit=1.00|pb_zfit|keepin_prop=0.73|keepin_zoom=1.350|speed|edge_zoom=0.750|bounds
1342,1617.5,962.8,centroid,0.30,1377.6,584.5,1048.8,0.0,657.5,1168.9,1,64.1,1,1,shot_pb=1.00|flight_commit=1.00|pb_zfit|keepin_prop=0.73|keepin_zoom=1.350|speed|edge_zoom=0.750|bounds
1343,1618.1,963.3,centroid,0.30,1378.1,584.5,1049.3,0.0,657.5,1168.9,1,64.0,1,1,shot_pb=1.00|flight_commit=1.00|pb_zfit|keepin_prop=0.74|keepin_zoom=1.350|speed|edge_zoom=0.750|bounds
1344,1618.7,963.8,centroid,0.30,1378.6,584.5,1049.8,0.0,657.5,1168.9,1,63.9,1,1,shot_pb=1.00|flight_commit=1.00|pb_zfit|keepin_prop=0.74|keepin_zoom=1.350|speed|edge_zoom=0.750|bounds
1345,1619.2,964.2,centroid,0.30,1379.0,584.5,1050.3,0.0,657.5,1168.9,1,63.8,1,1,shot_pb=1.00|flight_commit=1.00|pb_zfit|keepin_prop=0.74|keepin_zoom=1.350|speed|edge_zoom=0.750|bounds
1346,1619.6,964.6,centroid,0.30,1379.4,584.5,1050.6,0.0,657.5,1168.9,1,63.8,1,1,shot_pb=1.00|flight_commit=1.00|pb_zfit|keepin_prop=0.74|keepin_zoom=1.350|speed|edge_zoom=0.750|bounds
1347,1619.9,964.9,centroid,0.30,1379.7,584.5,1050.9,0.0,657.5,1168.9,1,63.8,1,1,shot_pb=1.00|flight_commit=1.00|pb_zfit|keepin_prop=0.74|keepin_zoom=1.350|speed|edge_zoom=0.750|bounds
1348,1620.1,965.1,centroid,0.30,1379.9,584.5,1051.1,0.0,657.5,1168.9,1,63.8,1,1,shot_pb=1.00|flight_commit=1.00|pb_zfit|keepin_prop=0.73|keepin_zoom=1.350|speed|edge_zoom=0.750|bounds
1349,1620.3,965.3,centroid,0.30,1380.0,584.5,1051.2,0.0,657.5,1168.9,1,63.7,1,1,shot_pb=1.00|flight_commit=1.00|pb_zfit|keepin_prop=0.73|keepin_zoom=1.350|speed|edge_zoom=0.750|bounds
1350,1620.3,965.4,centroid,0.30,1380.1,584.5,1051.3,0.0,657.5,1168.9,1,63.8,1,1,shot_pb=1.00|flight_commit=1.00|pb_zfit|keepin_prop=0.71|keepin_zoom=1.350|speed|edge_zoom=0.750|bounds
1351,1620.3,965.5,centroid,0.30,1380.1,584.5,1051.3,0.0,657.5,1168.9,1,63.8,1,1,shot_pb=1.00|flight_commit=1.00|pb_zfit|keepin_prop=0.73|keepin_zoom=1.350|speed|edge_zoom=0.750|bounds
1352,1620.2,965.5,centroid,0.30,1380.0,584.5,1051.2,0.0,657.5,1168.9,1,63.8,1,1,shot_pb=1.00|flight_commit=1.00|pb_zfit|keepin_prop=0.85|keepin_zoom=1.350|speed|edge_zoom=0.750|bounds
1353,1619.9,965.4,centroid,0.30,1379.9,584.5,1051.1,0.0,657.5,1168.9,1,64.0,1,1,shot_pb=1.00|flight_commit=1.00|pb_zfit|keepin_prop=0.88|keepin_zoom=1.350|speed|edge_zoom=0.750|bounds
1354,1619.6,965.2,centroid,0.30,1379.7,584.5,1050.9,0.0,657.5,1168.9,1,64.1,1,1,shot_pb=1.00|flight_commit=1.00|pb_zfit|keepin_prop=0.89|keepin_zoom=1.350|speed|edge_zoom=0.750|bounds
1355,1619.2,965.0,centroid,0.30,1379.4,584.5,1050.7,0.0,657.5,1168.9,1,64.2,1,1,shot_pb=1.00|flight_commit=1.00|pb_zfit|keepin_prop=0.90|keepin_zoom=1.350|speed|edge_zoom=0.750|bounds
1356,1618.8,964.8,centroid,0.30,1379.1,584.5,1050.4,0.0,657.5,1168.9,1,64.3,1,1,shot_pb=1.00|flight_commit=1.00|pb_zfit|keepin_prop=0.90|keepin_zoom=1.350|speed|edge_zoom=0.750|bounds
1357,1618.3,964.5,centroid,0.30,1378.8,584.5,1050.1,0.0,657.5,1168.9,1,64.5,1,1,shot_pb=1.00|flight_commit=1.00|pb_zfit|keepin_prop=0.90|keepin_zoom=1.350|speed|edge_zoom=0.750|bounds
1358,1617.7,964.1,centroid,0.30,1378.5,584.5,1049.7,0.0,657.5,1168.9,1,64.8,1,1,shot_pb=1.00|flight_commit=1.00|pb_zfit|keepin_prop=0.90|keepin_zoom=1.350|speed|edge_zoom=0.750|bounds
1359,1617.1,963.8,centroid,0.30,1378.1,584.5,1049.4,0.0,657.5,1168.9,1,65.0,1,1,shot_pb=1.00|flight_commit=1.00|pb_zfit|keepin_prop=0.90|keepin_zoom=1.350|speed|edge_zoom=0.750|bounds
1360,1616.4,963.3,centroid,0.30,1377.8,584.5,1049.0,0.0,657.5,1168.9,1,65.4,1,1,shot_pb=1.00|flight_commit=1.00|pb_zfit|keepin_prop=0.90|keepin_zoom=1.350|speed|edge_zoom=0.750|bounds
1361,1615.8,962.9,centroid,0.30,1377.4,584.5,1048.6,0.0,657.5,1168.9,1,65.6,1,1,shot_pb=1.00|flight_commit=1.00|pb_zfit|keepin_prop=0.90|keepin_zoom=1.350|speed|edge_zoom=0.750|bounds
1362,1615.2,962.5,centroid,0.30,1377.1,584.5,1048.3,0.0,657.5,1168.9,1,65.9,1,1,shot_pb=1.00|flight_commit=1.00|pb_zfit|keepin_prop=0.90|keepin_zoom=1.350|speed|edge_zoom=0.750|bounds
1363,1614.6,962.0,centroid,0.30,1376.8,584.5,1048.0,0.0,657.5,1168.9,1,66.2,1,1,shot_pb=1.00|flight_commit=1.00|pb_zfit|keepin_prop=0.90|keepin_zoom=1.350|speed|edge_zoom=0.750|bounds
1364,1614.1,961.6,centroid,0.30,1376.6,584.5,1047.8,0.0,657.5,1168.9,1,66.5,1,1,shot_pb=1.00|flight_commit=1.00|pb_zfit|keepin_prop=0.90|keepin_zoom=1.350|speed|edge_zoom=0.750|bounds
1365,1613.6,961.2,centroid,0.30,1376.4,584.5,1047.6,0.0,657.5,1168.9,1,66.8,1,1,shot_pb=1.00|flight_commit=1.00|pb_zfit|keepin_prop=0.91|keepin_zoom=1.350|speed|edge_zoom=0.750|bounds
1366,1613.2,960.8,centroid,0.30,1376.3,584.5,1047.6,0.0,657.5,1168.9,1,67.1,1,1,shot_pb=1.00|flight_commit=1.00|pb_zfit|keepin_prop=0.91|keepin_zoom=1.350|speed|edge_zoom=0.750|bounds
1367,1613.0,960.4,centroid,0.30,1376.3,584.5,1047.6,0.0,657.5,1168.9,1,67.3,1,1,shot_pb=1.00|flight_commit=1.00|pb_zfit|keepin_prop=0.93|keepin_zoom=1.350|speed|edge_zoom=0.750|bounds
1368,1612.8,960.1,centroid,0.30,1376.4,584.5,1047.7,0.0,657.5,1168.9,1,67.6,1,1,shot_pb=1.00|flight_commit=1.00|pb_zfit|keepin_prop=0.94|keepin_zoom=1.350|speed|edge_zoom=0.750|bounds
1369,1612.8,959.8,centroid,0.30,1376.6,584.5,1047.9,0.0,657.5,1168.9,1,67.8,1,1,shot_pb=1.00|flight_commit=1.00|pb_zfit|keepin_prop=0.95|keepin_zoom=1.350|speed|edge_zoom=0.750|bounds
1370,1613.0,959.5,centroid,0.30,1377.0,584.5,1048.2,0.0,657.5,1168.9,1,68.0,1,1,shot_pb=1.00|flight_commit=1.00|pb_zfit|keepin_prop=0.92|keepin_zoom=1.350|speed|edge_zoom=0.750|bounds
1371,1613.3,959.4,centroid,0.30,1377.5,584.5,1048.7,0.0,657.5,1168.9,1,68.2,1,1,shot_pb=1.00|flight_commit=1.00|pb_zfit|keepin_prop=0.87|keepin_zoom=1.350|speed|edge_zoom=0.750|bounds
1372,1613.8,959.2,centroid,0.30,1378.1,584.5,1049.3,0.0,657.5,1168.9,1,68.3,1,1,shot_pb=1.00|flight_commit=1.00|pb_zfit|keepin_prop=0.83|keepin_zoom=1.350|speed|edge_zoom=0.750|bounds
1373,1614.5,959.2,centroid,0.30,1378.9,584.5,1050.1,0.0,657.5,1168.9,1,68.4,1,1,shot_pb=1.00|flight_commit=1.00|pb_zfit|keepin_prop=0.81|keepin_zoom=1.350|speed|edge_zoom=0.750|bounds
1374,1615.4,959.2,centroid,0.30,1379.8,584.5,1051.0,0.0,657.5,1168.9,1,68.4,1,1,shot_pb=1.00|flight_commit=1.00|pb_zfit|keepin_prop=0.80|keepin_zoom=1.350|speed|edge_zoom=0.750|bounds
1375,1616.5,959.2,centroid,0.30,1380.8,584.5,1052.1,0.0,657.5,1168.9,1,68.3,1,1,shot_pb=1.00|flight_commit=1.00|pb_zfit|keepin_prop=0.79|keepin_zoom=1.350|speed|edge_zoom=0.750|bounds
1376,1617.8,959.4,centroid,0.30,1382.0,584.5,1053.3,0.0,657.5,1168.9,1,68.2,1,1,shot_pb=1.00|flight_commit=1.00|pb_zfit|keepin_prop=0.78|keepin_zoom=1.350|speed|edge_zoom=0.750|bounds
1377,1619.2,959.6,centroid,0.30,1383.4,584.5,1054.6,0.0,657.5,1168.9,1,68.2,1,1,shot_pb=1.00|flight_commit=1.00|pb_zfit|keepin_prop=0.78|keepin_zoom=1.350|speed|edge_zoom=0.750|bounds
1378,1620.9,959.9,centroid,0.30,1384.8,584.5,1056.1,0.0,657.5,1168.9,1,67.9,1,1,shot_pb=1.00|flight_commit=1.00|pb_zfit|keepin_prop=0.78|keepin_zoom=1.350|speed|edge_zoom=0.750|bounds
1379,1622.7,960.3,centroid,0.30,1386.4,584.5,1057.7,0.0,657.5,1168.9,1,67.7,1,1,shot_pb=1.00|flight_commit=1.00|pb_zfit|keepin_prop=0.78|keepin_zoom=1.350|speed|edge_zoom=0.750|bounds
1380,1624.6,960.7,centroid,0.30,1388.1,584.5,1059.4,0.0,657.5,1168.9,1,67.5,1,1,shot_pb=1.00|flight_commit=1.00|pb_zfit|keepin_prop=0.78|keepin_zoom=1.350|speed|edge_zoom=0.750|bounds
1381,1626.8,961.2,centroid,0.30,1389.9,584.5,1061.2,0.0,657.5,1168.9,1,67.1,1,1,shot_pb=1.00|flight_commit=1.00|pb_zfit|keepin_prop=0.78|keepin_zoom=1.350|speed|edge_zoom=0.750|bounds
1382,1629.0,961.8,centroid,0.30,1391.8,584.5,1063.1,0.0,657.5,1168.9,1,66.8,1,1,shot_pb=1.00|flight_commit=1.00|pb_zfit|keepin_prop=0.78|keepin_zoom=1.350|speed|edge_zoom=0.750|bounds
1383,1631.4,962.4,centroid,0.30,1393.8,584.5,1065.0,0.0,657.5,1168.9,1,66.4,1,1,shot_pb=1.00|flight_commit=1.00|pb_zfit|keepin_prop=0.78|keepin_zoom=1.350|speed|edge_zoom=0.750|bounds
1384,1633.8,963.1,centroid,0.30,1395.7,584.5,1067.0,0.0,657.5,1168.9,1,65.9,1,1,shot_pb=1.00|flight_commit=1.00|pb_zfit|keepin_prop=0.78|keepin_zoom=1.350|speed|edge_zoom=0.750|bounds
1385,1636.3,963.9,centroid,0.30,1397.7,584.5,1069.0,0.0,657.5,1168.9,1,65.4,1,1,shot_pb=1.00|flight_commit=1.00|pb_zfit|keepin_prop=0.79|keepin_zoom=1.350|speed|edge_zoom=0.750|bounds
1386,1638.9,964.6,centroid,0.30,1399.7,584.5,1070.9,0.0,657.5,1168.9,1,64.8,1,1,shot_pb=1.00|flight_commit=1.00|pb_zfit|keepin_prop=0.79|keepin_zoom=1.350|speed|edge_zoom=0.750|bounds
1387,1641.4,965.4,centroid,0.30,1401.6,584.5,1072.8,0.0,657.5,1168.9,1,64.2,1,1,shot_pb=1.00|flight_commit=1.00|pb_zfit|keepin_prop=0.79|keepin_zoom=1.350|speed|edge_zoom=0.750|bounds
1388,1644.0,966.2,centroid,0.30,1403.4,584.5,1074.6,0.0,657.5,1168.9,1,63.4,1,1,shot_pb=1.00|flight_commit=1.00|pb_zfit|keepin_prop=0.80|keepin_zoom=1.350|speed|edge_zoom=0.750|bounds
1389,1646.4,966.9,centroid,0.30,1405.1,584.5,1076.3,0.0,657.5,1168.9,1,62.7,1,1,shot_pb=1.00|flight_commit=1.00|pb_zfit|keepin_prop=0.80|keepin_zoom=1.350|speed|edge_zoom=0.750|bounds
1390,1648.8,967.7,centroid,0.30,1406.5,584.5,1077.8,0.0,657.5,1168.9,1,61.7,1,1,shot_pb=1.00|flight_commit=1.00|pb_zfit|keepin_prop=0.81|keepin_zoom=1.350|speed|edge_zoom=0.750|bounds
1391,1651.0,968.3,centroid,0.30,1407.8,584.5,1079.0,0.0,657.5,1168.9,1,60.8,1,1,shot_pb=1.00|flight_commit=1.00|pb_zfit|keepin_prop=0.81|keepin_zoom=1.350|speed|edge_zoom=0.750|bounds
1392,1653.0,969.0,centroid,0.30,1408.7,584.5,1080.0,0.0,657.5,1168.9,1,59.7,1,1,shot_pb=1.00|flight_commit=1.00|pb_zfit|keepin_prop=0.81|keepin_zoom=1.350|speed|edge_zoom=0.750|bounds
1393,1654.8,969.5,centroid,0.30,1409.3,584.5,1080.6,0.0,657.5,1168.9,1,58.5,1,1,shot_pb=1.00|flight_commit=1.00|pb_zfit|keepin_prop=0.82|keepin_zoom=1.350|speed|edge_zoom=0.750|bounds
1394,1656.3,969.9,centroid,0.30,1409.5,584.5,1080.7,0.0,657.5,1168.9,1,57.2,1,1,shot_pb=1.00|flight_commit=1.00|pb_zfit|keepin_prop=0.82|keepin_zoom=1.350|speed|edge_zoom=0.750|bounds
1395,1657.4,970.1,centroid,0.30,1409.2,584.5,1080.4,0.0,657.5,1168.9,1,55.8,1,1,shot_pb=1.00|flight_commit=1.00|pb_zfit|keepin_prop=0.83|keepin_zoom=1.350|speed|edge_zoom=0.750|bounds
1396,1658.0,970.2,centroid,0.30,1408.3,584.5,1079.5,0.0,657.5,1168.9,1,54.3,1,1,shot_pb=1.00|flight_commit=1.00|pb_zfit|keepin_prop=0.85|keepin_zoom=1.350|speed|edge_zoom=0.750|bounds
1397,1658.1,970.1,centroid,0.30,1406.8,584.5,1078.0,0.0,657.5,1168.9,1,52.7,1,1,shot_pb=1.00|flight_commit=1.00|pb_zfit|keepin_prop=0.97|keepin_zoom=1.350|speed|edge_zoom=0.750|bounds
1398,1657.6,969.7,centroid,0.30,1404.5,584.5,1075.8,0.0,657.5,1168.9,1,50.9,1,1,shot_pb=1.00|flight_commit=1.00|pb_zfit|keepin_prop=0.95|keepin_zoom=1.350|speed|edge_zoom=0.750|bounds
1399,1656.4,969.1,centroid,0.30,1401.4,584.5,1072.7,0.0,657.5,1168.9,1,49.0,1,1,shot_pb=1.00|flight_commit=1.00|pb_zfit|keepin_prop=0.93|keepin_zoom=1.350|speed|edge_zoom=0.750|bounds
1400,1654.4,968.1,centroid,0.30,1397.5,584.5,1068.7,0.0,657.5,1168.9,1,47.1,1,1,shot_pb=1.00|flight_commit=1.00|pb_zfit|keepin_prop=0.91|keepin_zoom=1.350|speed|edge_zoom=0.750|bounds
1401,1651.5,966.8,centroid,0.30,1392.5,584.5,1063.7,0.0,657.5,1168.9,1,45.0,1,1,shot_pb=1.00|flight_commit=1.00|pb_zfit|keepin_prop=0.90|keepin_zoom=1.350|speed|edge_zoom=0.750|bounds
1402,1647.5,965.1,centroid,0.30,1386.4,584.5,1057.6,0.0,657.5,1168.9,1,42.9,1,1,shot_pb=1.00|flight_commit=1.00|pb_zfit|keepin_prop=0.89|keepin_zoom=1.350|speed|edge_zoom=0.750|bounds
1403,1642.3,963.0,centroid,0.30,1379.2,584.5,1050.4,0.0,657.5,1168.9,1,40.9,1,1,shot_pb=1.00|flight_commit=1.00|pb_zfit|keepin_prop=0.88|keepin_zoom=1.350|speed|edge_zoom=0.750|bounds
1404,1635.8,960.3,centroid,0.30,1370.7,584.5,1042.0,0.0,657.5,1168.9,1,38.9,1,1,shot_pb=1.00|flight_commit=1.00|pb_zfit|keepin_prop=0.86|keepin_zoom=1.350|speed|edge_zoom=0.750|bounds
1405,1627.7,957.1,centroid,0.30,1361.0,584.5,1032.2,0.0,657.5,1168.9,1,37.3,1,1,shot_pb=1.00|flight_commit=1.00|pb_zfit|keepin_prop=0.84|keepin_zoom=1.350|speed|edge_zoom=0.750|bounds
1406,1617.9,953.3,centroid,0.30,1349.9,584.5,1021.1,0.0,657.5,1168.9,1,36.0,1,1,shot_pb=1.00|flight_commit=1.00|pb_zfit|keepin_prop=0.82|keepin_zoom=1.350|speed|edge_zoom=0.750|bounds
1407,1606.2,948.7,centroid,0.30,1337.5,584.5,1008.7,0.0,657.5,1168.9,1,35.3,1,1,shot_pb=1.00|flight_commit=1.00|pb_zfit|keepin_prop=0.79|keepin_zoom=1.350|speed|edge_zoom=0.750|bounds
1408,1592.2,943.3,centroid,0.30,1323.6,584.5,994.9,0.0,657.5,1168.9,1,35.4,1,1,shot_pb=1.00|flight_commit=1.00|pb_zfit|keepin_prop=0.76|keepin_zoom=1.350|speed|edge_zoom=0.750|bounds
1409,1575.7,937.0,centroid,0.30,1308.5,584.5,979.7,0.0,657.5,1168.9,1,36.8,1,1,shot_pb=1.00|flight_commit=1.00|pb_zfit|keepin_prop=0.73|keepin_zoom=1.350|speed|edge_zoom=0.750|bounds
1410,1556.4,929.7,centroid,0.30,1292.1,584.5,963.3,0.0,657.5,1168.9,1,39.7,1,1,accel_zoom=0.939|shot_pb=1.00|flight_commit=1.00|pb_zfit|keepin_prop=0.69|keepin_zoom=1.350|speed|edge_zoom=0.750|bounds
1411,1534.0,921.2,centroid,0.30,1274.5,584.5,945.7,0.0,657.5,1168.9,1,44.5,1,1,accel_zoom=0.930|shot_pb=1.00|flight_commit=1.00|pb_zfit|keepin_prop=0.65|keepin_zoom=1.350|speed|edge_zoom=0.750|bounds
1412,1507.9,911.4,centroid,0.30,1255.8,584.5,927.1,0.0,657.5,1168.9,1,51.9,1,1,accel_zoom=0.919|shot_pb=1.00|flight_commit=1.00|pb_zfit|keepin_prop=0.60|keepin_zoom=1.350|speed|edge_zoom=0.750|bounds
1413,1477.8,900.2,centroid,0.30,1236.4,584.5,907.6,0.0,657.5,1168.9,1,62.6,1,1,accel_zoom=0.907|shot_pb=1.00|flight_commit=1.00|pb_zfit|keepin_prop=0.54|keepin_zoom=1.350|speed|edge_zoom=0.750|bounds
1414,1443.1,887.2,centroid,0.30,1216.3,584.5,887.6,0.0,657.5,1168.9,1,77.2,1,1,accel_zoom=0.894|shot_pb=1.00|flight_commit=1.00|pb_zfit|keepin_prop=0.49|keepin_zoom=1.350|speed|edge_zoom=0.750|bounds
1415,1403.2,872.4,centroid,0.30,1195.9,584.5,867.2,0.0,657.5,1168.9,1,96.7,1,1,accel_zoom=0.880|shot_pb=1.00|flight_commit=1.00|pb_zfit|keepin_prop=0.42|keepin_zoom=1.350|speed|edge_zoom=0.758|bounds
1416,1357.5,855.5,centroid,0.30,1175.5,584.5,846.7,0.0,657.5,1168.9,1,122.0,1,1,accel_zoom=0.865|shot_pb=1.00|flight_commit=1.00|pb_zfit|keepin_prop=0.36|keepin_zoom=1.350|flight_boost=1.07|speed|edge_zoom=0.781|bounds
1417,1237.4,812.4,blended,0.72,1155.3,584.5,826.5,0.0,657.5,1168.9,1,221.9,0,1,accel_zoom=0.780|shot_pb=1.00|flight_commit=1.00|pb_zfit|keepin_prop=0.22|keepin_zoom=1.350|flight_boost=1.38|edge_zoom=0.774|bounds
1418,1194.8,796.4,blended,0.72,1135.6,584.5,806.8,0.0,657.5,1168.9,1,244.8,1,1,accel_zoom=0.780|shot_pb=1.00|flight_commit=1.00|pb_zfit|keepin_prop=0.17|keepin_zoom=1.350|flight_boost=1.44|speed|edge_zoom=0.844|bounds
1419,1151.5,779.9,interp,0.38,1116.6,584.5,787.9,0.0,657.5,1168.9,1,269.1,1,1,accel_zoom=0.780|shot_pb=1.00|flight_commit=1.00|pb_zfit|keepin_prop=0.13|keepin_zoom=1.350|flight_boost=1.50|speed|edge_zoom=0.855|bounds
1420,1132.6,771.9,interp,0.38,1098.6,584.5,769.8,0.0,657.5,1168.9,1,270.0,1,1,shot_pb=1.00|flight_commit=1.00|pb_zfit|keepin_prop=0.12|keepin_zoom=1.350|flight_boost=1.46|speed|edge_zoom=0.858|bounds
1421,1123.6,767.1,interp,0.38,1081.7,584.5,752.9,0.0,657.5,1168.9,1,262.1,1,1,shot_pb=1.00|flight_commit=1.00|pb_zfit|keepin_prop=0.11|keepin_zoom=1.350|flight_boost=1.38|speed|edge_zoom=0.865|bounds
1422,1133.0,768.6,blended,0.73,1065.8,584.5,737.0,0.0,657.5,1168.9,1,236.8,1,1,shot_pb=1.00|flight_commit=1.00|pb_zfit|keepin_prop=0.08|keepin_zoom=1.350|flight_boost=1.29|speed|edge_zoom=0.874|bounds
1423,1148.3,771.9,blended,0.73,1051.0,584.5,722.2,0.0,657.5,1168.9,1,206.7,1,1,shot_pb=1.00|flight_commit=1.00|pb_zfit|keepin_prop=0.09|keepin_zoom=1.350|flight_boost=1.19|speed|edge_zoom=0.873|bounds
1424,1154.7,771.8,interp,0.38,1037.0,584.5,708.3,0.0,657.5,1168.9,1,186.3,1,1,shot_pb=1.00|flight_commit=1.00|pb_zfit|keepin_prop=0.10|keepin_zoom=1.350|speed|edge_zoom=0.870|bounds
1425,1168.3,774.1,interp,0.38,1023.8,584.5,695.0,0.0,657.5,1168.9,1,159.5,1,1,shot_pb=1.00|flight_commit=1.00|pb_zfit|keepin_prop=0.09|keepin_zoom=1.350|speed|edge_zoom=0.871|bounds
1426,1180.0,775.4,interp,0.38,1010.9,584.5,682.1,0.0,657.5,1168.9,1,134.9,1,1,shot_pb=1.00|flight_commit=1.00|pb_zfit|keepin_prop=0.10|keepin_zoom=1.350|speed|edge_zoom=0.869|bounds
1427,1187.7,775.1,interp,0.38,998.0,584.5,669.2,0.0,657.5,1168.9,1,114.3,1,1,shot_pb=1.00|flight_commit=1.00|pb_zfit|keepin_prop=0.11|keepin_zoom=1.350|speed|edge_zoom=0.867|bounds
1428,1189.6,772.5,interp,0.38,984.9,584.5,656.1,0.0,657.5,1168.9,1,99.3,1,1,shot_pb=1.00|flight_commit=1.00|pb_zfit|keepin_prop=0.14|keepin_zoom=1.350|speed|edge_zoom=0.854|bounds
1429,1183.6,766.7,interp,0.38,971.2,584.5,642.4,0.0,657.5,1168.9,1,91.6,1,1,shot_pb=1.00|flight_commit=1.00|pb_zfit|keepin_prop=0.12|keepin_zoom=1.350|speed|edge_zoom=0.861|bounds
1430,1168.0,757.2,interp,0.38,956.6,584.5,627.9,0.0,657.5,1168.9,1,92.6,1,1,shot_pb=1.00|flight_commit=1.00|pb_zfit|keepin_prop=0.09|keepin_zoom=1.350|speed|edge_zoom=0.871|bounds
1431,1076.8,718.5,interp,0.38,941.1,584.5,612.3,0.0,657.5,1168.9,1,168.3,0,1,accel_zoom=0.814|shot_pb=1.00|flight_commit=1.00|pb_zfit|keepin_prop=0.03|keepin_zoom=1.350|edge_zoom=0.874|bounds
1432,1047.2,703.4,interp,0.38,924.5,584.5,595.7,0.0,657.5,1168.9,1,181.3,1,1,accel_zoom=0.814|shot_pb=1.00|flight_commit=1.00|pb_zfit|keepin_prop=0.02|keepin_zoom=1.350|speed|edge_zoom=0.893|bounds
1433,1020.6,689.5,interp,0.38,906.8,584.5,578.1,0.0,657.5,1168.9,1,190.2,1,1,accel_zoom=0.814|shot_pb=1.00|flight_commit=1.00|pb_zfit|keepin_prop=0.01|keepin_zoom=1.350|speed|edge_zoom=0.893|bounds
1434,996.9,676.7,interp,0.38,888.2,584.5,559.5,0.0,657.5,1168.9,1,195.3,0,1,shot_pb=1.00|flight_commit=1.00|pb_zfit|keepin_prop=0.00|keepin_zoom=1.350|flight_boost=1.03|edge_zoom=0.896|bounds
1435,975.6,664.9,interp,0.38,868.9,584.5,540.1,0.0,657.5,1168.9,1,197.3,0,1,shot_pb=1.00|flight_commit=1.00|pb_zfit|keepin_prop=0.00|keepin_zoom=1.350|flight_boost=1.09|edge_zoom=0.900|bounds
1436,956.6,654.1,interp,0.38,849.1,584.5,520.4,0.0,657.5,1168.9,1,196.5,0,0,shot_pb=1.00|flight_commit=1.00|flight_boost=1.13|edge_zoom=0.918|bounds
1437,939.7,644.2,interp,0.38,829.2,584.5,500.5,0.0,657.5,1168.9,1,193.5,0,0,shot_pb=1.00|flight_commit=1.00|flight_boost=1.14|edge_zoom=0.921|bounds
1438,924.7,635.2,interp,0.38,809.5,584.5,480.7,0.0,657.5,1168.9,1,188.8,0,0,shot_pb=1.00|flight_commit=1.00|edge_zoom=0.924|bounds
1439,911.4,627.0,interp,0.38,790.2,584.5,461.5,0.0,657.5,1168.9,1,182.8,0,0,shot_pb=1.00|flight_commit=1.00|edge_zoom=0.927|bounds
1440,899.8,619.8,interp,0.38,771.7,584.5,442.9,0.0,657.5,1168.9,1,175.9,0,0,shot_pb=1.00|flight_commit=1.00|edge_zoom=0.930|bounds
1441,889.9,613.4,interp,0.38,754.1,584.5,425.3,0.0,657.5,1168.9,1,168.2,0,0,shot_pb=1.00|flight_commit=1.00|edge_zoom=0.932|bounds
1442,881.4,608.0,interp,0.38,737.5,584.5,408.7,0.0,657.5,1168.9,1,160.1,0,1,shot_pb=1.00|flight_commit=1.00|keepin_prop=0.00|keepin_zoom=1.350|edge_zoom=0.918|bounds
1443,874.5,603.5,interp,0.38,722.0,584.5,393.2,0.0,657.5,1168.9,1,151.5,0,0,shot_pb=1.00|flight_commit=1.00|edge_zoom=0.935|bounds
1444,883.8,607.2,blended,0.67,707.5,584.5,378.7,0.0,657.5,1168.9,1,127.7,0,0,shot_pb=1.00|flight_commit=1.00|edge_zoom=0.908|bounds
1445,872.2,601.4,blended,0.71,694.0,584.5,365.3,0.0,657.5,1168.9,1,125.8,0,0,shot_pb=1.00|flight_commit=1.00|edge_zoom=0.933|bounds
1446,864.4,597.7,blended,0.71,681.5,584.5,352.7,0.0,657.5,1168.9,1,121.1,0,0,shot_pb=1.00|flight_commit=1.00|edge_zoom=0.934|bounds
1447,856.0,594.0,blended,0.70,669.7,584.5,340.9,0.0,657.5,1168.9,1,117.7,0,0,shot_pb=1.00|flight_commit=1.00|edge_zoom=0.934|bounds
1448,845.3,589.6,blended,0.69,658.5,584.5,329.8,0.0,657.5,1168.9,1,117.2,0,1,shot_pb=1.00|flight_commit=1.00|keepin_prop=0.02|keepin_zoom=1.350|edge_zoom=0.921|bounds
1449,817.8,577.6,interp,0.38,647.9,584.5,319.2,0.0,657.5,1168.9,1,134.1,0,0,shot_pb=1.00|flight_commit=1.00|edge_zoom=0.939|bounds
1450,804.0,572.7,interp,0.38,637.7,584.5,309.0,0.0,657.5,1168.9,1,137.7,0,0,shot_pb=1.00|flight_commit=1.00|edge_zoom=0.939|bounds
1451,790.9,568.5,interp,0.38,627.9,584.5,299.2,0.0,657.5,1168.9,1,141.0,0,1,shot_pb=1.00|flight_commit=1.00|keepin_prop=0.02|keepin_zoom=1.350|edge_zoom=0.928|bounds
1452,778.3,564.9,interp,0.38,618.4,584.5,289.6,0.0,657.5,1168.9,1,144.1,0,0,shot_pb=1.00|flight_commit=1.00|edge_zoom=0.940|bounds
1453,766.2,561.9,interp,0.38,609.1,584.5,280.3,0.0,657.5,1168.9,1,146.9,0,1,shot_pb=1.00|flight_commit=1.00|keepin_prop=0.01|keepin_zoom=1.350|edge_zoom=0.932|bounds
1454,754.5,559.3,interp,0.38,600.0,584.4,271.2,0.0,657.5,1168.9,1,149.5,0,0,shot_pb=1.00|flight_commit=1.00|edge_zoom=0.940|bounds
1455,743.1,557.1,interp,0.38,591.0,584.4,262.3,0.0,657.5,1168.9,1,151.9,0,1,shot_pb=1.00|flight_commit=1.00|keepin_prop=0.00|keepin_zoom=1.350|edge_zoom=0.934|bounds
1456,731.8,555.4,interp,0.38,582.3,584.4,253.5,0.0,657.5,1168.8,1,154.5,0,0,shot_pb=1.00|flight_commit=1.00|edge_zoom=0.939|bounds
1457,720.8,554.0,interp,0.38,573.6,584.4,244.9,0.0,657.4,1168.8,1,156.8,0,1,shot_pb=1.00|flight_commit=1.00|keepin_prop=0.00|keepin_zoom=1.350|edge_zoom=0.935|bounds
1458,709.8,553.0,interp,0.38,565.2,584.4,236.5,0.0,657.4,1168.7,1,159.4,0,0,shot_pb=1.00|flight_commit=1.00|edge_zoom=0.939|bounds
1459,706.3,555.6,blended,0.74,557.1,584.3,228.4,0.0,657.4,1168.7,1,154.8,0,1,shot_pb=1.00|flight_commit=1.00|keepin_prop=0.00|keepin_zoom=1.350|edge_zoom=0.935|bounds
1460,685.1,551.0,interp,0.38,549.2,584.3,220.6,0.0,657.3,1168.5,1,168.1,0,0,shot_pb=1.00|flight_commit=1.00|edge_zoom=0.943|bounds
1461,671.3,550.0,interp,0.38,541.9,584.2,213.3,0.0,657.2,1168.4,1,174.6,0,1,shot_pb=1.00|flight_commit=1.00|keepin_prop=0.00|keepin_zoom=1.350|edge_zoom=0.937|bounds
1462,657.8,549.3,interp,0.38,535.2,584.1,206.6,0.0,657.1,1168.2,1,181.4,0,0,shot_pb=1.00|flight_commit=1.00|edge_zoom=0.939|bounds
1463,644.7,548.7,interp,0.38,529.3,584.0,200.7,0.0,657.0,1168.0,1,188.6,0,1,shot_pb=1.00|flight_commit=1.00|keepin_prop=0.00|keepin_zoom=1.350|edge_zoom=0.937|bounds
1464,632.1,548.4,interp,0.38,524.4,583.9,195.9,0.0,656.9,1167.8,1,196.3,0,0,shot_pb=1.00|flight_commit=1.00|edge_zoom=0.938|bounds
1465,620.3,548.2,interp,0.38,520.8,583.7,192.4,0.0,656.7,1167.5,1,204.5,0,1,shot_pb=1.00|flight_commit=1.00|keepin_prop=0.00|keepin_zoom=1.350|edge_zoom=0.937|bounds
1466,609.3,548.1,interp,0.38,518.6,583.6,190.4,0.0,656.5,1167.1,1,213.3,0,0,shot_pb=1.00|flight_commit=1.00|edge_zoom=0.938|bounds
1467,599.3,548.2,interp,0.38,518.3,583.3,190.2,0.0,656.3,1166.7,1,223.0,0,1,shot_pb=1.00|flight_commit=1.00|keepin_prop=0.01|keepin_zoom=1.350|edge_zoom=0.936|bounds
1468,590.7,548.3,interp,0.38,519.9,583.1,191.9,0.0,656.0,1166.1,1,233.2,0,0,shot_pb=1.00|flight_commit=1.00|edge_zoom=0.937|bounds
1469,583.5,548.6,interp,0.38,523.6,582.8,195.8,0.0,655.6,1165.5,1,244.1,0,1,shot_pb=1.00|flight_commit=1.00|keepin_prop=0.01|keepin_zoom=1.350|edge_zoom=0.935|bounds
1470,578.1,548.9,interp,0.38,529.5,582.4,201.9,0.0,655.2,1164.8,1,255.4,0,0,shot_pb=1.00|flight_commit=1.00|edge_zoom=0.935|bounds
1471,574.7,549.4,interp,0.38,537.8,582.0,210.4,0.0,654.8,1164.1,1,267.1,0,1,shot_pb=1.00|flight_commit=1.00|keepin_prop=0.03|keepin_zoom=1.350|edge_zoom=0.932|bounds
1472,573.6,549.8,interp,0.38,548.2,581.6,221.0,0.0,654.3,1163.3,1,278.6,0,0,shot_pb=1.00|flight_commit=1.00|edge_zoom=0.925|bounds
1473,575.2,550.4,interp,0.38,560.8,581.2,233.9,0.0,653.9,1162.5,1,289.6,0,0,shot_pb=1.00|flight_commit=1.00|edge_zoom=0.928|bounds
1474,593.0,555.3,blended,0.72,575.3,580.9,248.6,0.0,653.5,1161.7,1,286.3,0,0,shot_pb=1.00|flight_commit=1.00|edge_zoom=0.928|bounds
1475,588.5,550.4,interp,0.50,591.6,580.5,265.0,0.0,653.1,1161.0,1,300.9,0,0,shot_pb=1.00|flight_commit=1.00|edge_zoom=0.957|bounds
1476,600.0,549.9,interp,0.50,609.3,580.2,282.9,0.0,652.8,1160.5,1,294.7,0,0,shot_pb=1.00|flight_commit=1.00|edge_zoom=0.938|bounds
1477,614.2,549.4,interp,0.50,628.1,580.0,301.8,0.0,652.5,1160.1,1,290.1,0,0,shot_pb=1.00|flight_commit=1.00|edge_zoom=0.938|bounds
1478,630.6,549.0,interp,0.50,647.8,579.9,321.6,0.0,652.4,1159.8,1,286.8,0,0,shot_pb=1.00|flight_commit=1.00|edge_zoom=0.938|bounds
1479,648.8,548.5,interp,0.50,668.1,579.9,341.9,0.0,652.3,1159.7,1,284.7,0,0,shot_pb=1.00|flight_commit=1.00|edge_zoom=0.938|bounds
1480,668.7,548.1,interp,0.50,688.7,579.9,362.6,0.0,652.4,1159.7,1,284.0,0,1,shot_pb=1.00|flight_commit=1.00|keepin_prop=0.02|keepin_zoom=1.350|edge_zoom=0.935|bounds
1481,690.0,547.8,interp,0.50,709.6,580.0,383.4,0.0,652.5,1159.9,1,284.4,0,0,shot_pb=1.00|flight_commit=1.00|edge_zoom=0.938|bounds
1482,712.3,547.4,interp,0.50,730.5,580.1,404.2,0.0,652.6,1160.2,1,285.8,0,1,shot_pb=1.00|flight_commit=1.00|keepin_prop=0.00|keepin_zoom=1.350|edge_zoom=0.938|bounds
1483,735.6,547.1,interp,0.50,751.5,580.3,425.0,0.0,652.9,1160.7,1,288.1,0,0,shot_pb=1.00|flight_commit=1.00|edge_zoom=0.938|bounds
1484,759.7,546.7,interp,0.50,772.3,580.6,445.7,0.0,653.2,1161.2,1,291.4,0,0,shot_pb=1.00|flight_commit=1.00|edge_zoom=0.938|bounds
1485,784.4,546.4,interp,0.50,793.1,580.9,466.3,0.0,653.5,1161.8,1,295.3,0,1,shot_pb=1.00|flight_commit=1.00|keepin_prop=0.00|keepin_zoom=1.350|edge_zoom=0.938|bounds
1486,809.6,546.1,interp,0.50,813.7,581.2,486.8,0.0,653.9,1162.5,1,299.9,0,0,shot_pb=1.00|flight_commit=1.00|edge_zoom=0.938|bounds
1487,835.1,545.8,interp,0.50,834.3,581.6,507.1,0.0,654.3,1163.2,1,303.2,0,0,shot_pb=1.00|flight_commit=1.00|edge_zoom=0.938|bounds
1488,860.9,545.6,interp,0.50,854.8,582.0,527.4,0.0,654.7,1164.0,1,297.9,0,1,shot_pb=1.00|flight_commit=1.00|keepin_prop=0.00|keepin_zoom=1.350|edge_zoom=0.938|bounds
1489,886.8,545.3,interp,0.50,875.2,582.4,547.6,0.0,655.2,1164.8,1,292.4,0,0,accel_zoom=0.943|shot_pb=1.00|flight_commit=1.00|edge_zoom=0.939|bounds
1490,912.9,545.1,interp,0.50,895.6,582.8,567.8,0.0,655.6,1165.5,1,286.7,0,0,accel_zoom=0.942|shot_pb=1.00|flight_commit=1.00|edge_zoom=0.939|bounds
1491,938.9,544.8,interp,0.50,915.9,583.1,587.9,0.0,656.0,1166.2,1,281.0,0,0,accel_zoom=0.940|shot_pb=1.00|flight_commit=1.00|edge_zoom=0.939|bounds
1492,964.9,544.6,interp,0.50,936.0,583.4,607.9,0.0,656.3,1166.8,1,275.1,0,1,accel_zoom=0.939|shot_pb=1.00|flight_commit=1.00|pb_zfit|keepin_prop=0.00|keepin_zoom=1.350|edge_zoom=0.938|bounds
1493,990.8,544.3,interp,0.50,956.1,583.7,627.8,0.0,656.6,1167.4,1,269.3,0,0,accel_zoom=0.939|shot_pb=1.00|flight_commit=1.00|pb_zfit|edge_zoom=0.939|bounds
1494,1016.6,544.1,interp,0.50,976.0,583.9,647.6,0.0,656.9,1167.8,1,263.4,0,0,accel_zoom=0.938|shot_pb=1.00|flight_commit=1.00|pb_zfit|edge_zoom=0.939|bounds
1495,1042.1,543.9,interp,0.50,995.7,584.1,667.2,0.0,657.1,1168.1,1,257.6,0,1,accel_zoom=0.937|shot_pb=1.00|flight_commit=1.00|pb_zfit|keepin_prop=0.00|keepin_zoom=1.350|edge_zoom=0.939|bounds
1496,1067.4,543.7,interp,0.50,1015.3,584.2,686.7,0.0,657.2,1168.4,1,251.9,0,0,accel_zoom=0.937|shot_pb=1.00|flight_commit=1.00|pb_zfit|edge_zoom=0.939|bounds
1497,1092.5,543.5,interp,0.50,1034.6,584.3,705.9,0.0,657.3,1168.6,1,246.1,0,0,accel_zoom=0.937|shot_pb=1.00|flight_commit=1.00|pb_zfit|edge_zoom=0.939|bounds
1498,1117.2,543.3,interp,0.50,1053.7,584.4,725.0,0.0,657.4,1168.7,1,240.5,0,0,accel_zoom=0.937|shot_pb=1.00|flight_commit=1.00|pb_zfit|edge_zoom=0.939|bounds
1499,1141.7,543.1,interp,0.50,1072.5,584.4,743.8,0.0,657.5,1168.8,1,234.8,0,1,accel_zoom=0.937|shot_pb=1.00|flight_commit=1.00|pb_zfit|keepin_prop=0.01|keepin_zoom=1.350|edge_zoom=0.938|bounds
1500,1165.8,542.9,interp,0.50,1091.0,584.4,762.3,0.0,657.5,1168.9,1,229.2,0,0,accel_zoom=0.937|shot_pb=1.00|flight_commit=1.00|pb_zfit|edge_zoom=0.939|bounds
1501,1189.5,542.7,interp,0.50,1109.3,584.5,780.5,0.0,657.5,1168.9,1,223.8,0,0,accel_zoom=0.937|shot_pb=1.00|flight_commit=1.00|pb_zfit|edge_zoom=0.939|bounds
1502,1212.9,542.5,interp,0.50,1127.2,584.5,798.5,0.0,657.5,1168.9,1,218.3,0,1,accel_zoom=0.937|shot_pb=1.00|flight_commit=1.00|pb_zfit|keepin_prop=0.00|keepin_zoom=1.350|edge_zoom=0.939|bounds
1503,1235.8,542.4,interp,0.50,1144.9,584.5,816.1,0.0,657.5,1168.9,1,213.1,0,0,accel_zoom=0.937|shot_pb=1.00|flight_commit=1.00|pb_zfit|edge_zoom=0.939|bounds
1504,1258.4,542.2,interp,0.50,1162.2,584.5,833.4,0.0,657.5,1168.9,1,207.8,0,0,accel_zoom=0.937|shot_pb=1.00|flight_commit=1.00|pb_zfit|edge_zoom=0.940|bounds
1505,1280.5,542.0,interp,0.50,1179.2,584.5,850.5,0.0,657.5,1168.9,1,202.7,0,1,accel_zoom=0.937|shot_pb=1.00|flight_commit=1.00|pb_zfit|keepin_prop=0.00|keepin_zoom=1.350|edge_zoom=0.939|bounds
1506,1302.2,541.9,interp,0.50,1195.9,584.5,867.1,0.0,657.5,1168.9,1,197.7,0,0,accel_zoom=0.937|shot_pb=1.00|flight_commit=1.00|pb_zfit|edge_zoom=0.940|bounds
1507,1323.4,541.7,interp,0.50,1212.2,584.5,883.5,0.0,657.5,1168.9,1,192.8,0,0,accel_zoom=0.937|shot_pb=1.00|flight_commit=1.00|pb_zfit|edge_zoom=0.940|bounds
1508,1344.2,541.5,interp,0.50,1228.2,584.5,899.4,0.0,657.5,1168.9,1,188.0,0,1,accel_zoom=0.937|shot_pb=1.00|flight_commit=1.00|pb_zfit|keepin_prop=0.00|keepin_zoom=1.350|edge_zoom=0.939|bounds
1509,1364.5,541.4,interp,0.50,1243.8,584.5,915.0,0.0,657.5,1168.9,1,183.3,0,0,accel_zoom=0.937|shot_pb=1.00|flight_commit=1.00|pb_zfit|edge_zoom=0.940|bounds
1510,1384.4,541.2,interp,0.50,1259.0,584.5,930.2,0.0,657.5,1168.9,1,178.6,0,0,shot_pb=1.00|flight_commit=1.00|pb_zfit|edge_zoom=0.940|bounds
1511,1403.8,541.1,interp,0.50,1273.8,584.5,945.0,0.0,657.5,1168.9,1,174.0,0,1,shot_pb=1.00|flight_commit=1.00|pb_zfit|keepin_prop=0.01|keepin_zoom=1.350|edge_zoom=0.939|bounds
1512,1422.6,541.0,interp,0.50,1288.1,584.5,959.3,0.0,657.5,1168.9,1,169.5,0,0,shot_pb=1.00|flight_commit=1.00|pb_zfit|edge_zoom=0.940|bounds
1513,1441.0,540.8,interp,0.50,1302.0,584.5,973.2,0.0,657.5,1168.9,1,165.0,0,0,shot_pb=1.00|flight_commit=1.00|pb_zfit|edge_zoom=0.940|bounds
1514,1458.9,540.7,interp,0.50,1315.4,584.5,986.6,0.0,657.5,1168.9,1,160.5,0,1,shot_pb=1.00|flight_commit=1.00|pb_zfit|keepin_prop=0.01|keepin_zoom=1.350|edge_zoom=0.938|bounds
1515,1476.3,540.6,interp,0.50,1328.3,584.5,999.6,0.0,657.5,1168.9,1,156.0,0,0,shot_pb=1.00|flight_commit=1.00|pb_zfit|edge_zoom=0.940|bounds
1516,1493.1,540.4,interp,0.50,1340.8,584.5,1012.1,0.0,657.5,1168.9,1,151.7,0,1,shot_pb=1.00|flight_commit=1.00|pb_zfit|keepin_prop=0.00|keepin_zoom=1.350|edge_zoom=0.940|bounds
1517,1509.4,540.3,interp,0.50,1352.9,584.5,1024.1,0.0,657.5,1168.9,1,147.5,0,0,shot_pb=1.00|flight_commit=1.00|pb_zfit|edge_zoom=0.940|bounds
1518,1525.2,540.2,interp,0.50,1364.4,584.5,1035.7,0.0,657.5,1168.9,1,143.2,0,0,shot_pb=1.00|flight_commit=1.00|pb_zfit|edge_zoom=0.940|bounds
1519,1540.5,540.1,interp,0.50,1375.5,584.5,1046.8,0.0,657.5,1168.9,1,139.0,0,1,shot_pb=1.00|flight_commit=1.00|pb_zfit|keepin_prop=0.01|keepin_zoom=1.350|edge_zoom=0.938|bounds
1520,1555.2,540.0,interp,0.50,1386.2,584.5,1057.4,0.0,657.5,1168.9,1,135.0,0,0,shot_pb=1.00|flight_commit=1.00|pb_zfit|edge_zoom=0.940|bounds
1521,1569.3,539.9,interp,0.50,1396.5,584.5,1067.7,0.0,657.5,1168.9,1,131.2,0,1,shot_pb=1.00|flight_commit=1.00|pb_zfit|keepin_prop=0.00|keepin_zoom=1.350|edge_zoom=0.940|bounds
1522,1582.9,539.8,interp,0.50,1406.3,584.5,1077.5,0.0,657.5,1168.9,1,127.4,0,0,shot_pb=1.00|flight_commit=1.00|pb_zfit|edge_zoom=0.940|bounds
1523,1595.9,539.7,interp,0.50,1415.7,584.5,1087.0,0.0,657.5,1168.9,1,123.8,0,1,shot_pb=1.00|flight_commit=1.00|pb_zfit|keepin_prop=0.00|keepin_zoom=1.350|edge_zoom=0.940|bounds
1524,1608.3,539.6,interp,0.50,1424.7,584.5,1096.0,0.0,657.5,1168.9,1,120.4,0,0,shot_pb=1.00|flight_commit=1.00|pb_zfit|edge_zoom=0.940|bounds
1525,1620.1,539.5,interp,0.50,1433.3,584.5,1104.5,0.0,657.5,1168.9,1,117.2,0,1,shot_pb=1.00|flight_commit=1.00|pb_zfit|keepin_prop=0.00|keepin_zoom=1.350|edge_zoom=0.940|bounds
1526,1631.2,539.4,interp,0.50,1441.4,584.5,1112.6,0.0,657.5,1168.9,1,114.2,0,0,shot_pb=1.00|flight_commit=1.00|pb_zfit|edge_zoom=0.940|bounds
1527,1641.7,539.3,interp,0.50,1448.9,584.5,1120.2,0.0,657.5,1168.9,1,111.2,0,1,shot_pb=1.00|flight_commit=1.00|pb_zfit|keepin_prop=0.00|keepin_zoom=1.350|edge_zoom=0.940|bounds
1528,1651.6,539.2,interp,0.50,1455.9,584.5,1127.2,0.0,657.5,1168.9,1,108.3,0,0,shot_pb=1.00|flight_commit=1.00|pb_zfit|edge_zoom=0.940|bounds
1529,1660.7,539.1,interp,0.50,1462.3,584.5,1133.5,0.0,657.5,1168.9,1,105.6,0,1,shot_pb=1.00|flight_commit=1.00|pb_zfit|keepin_prop=0.00|keepin_zoom=1.350|edge_zoom=0.940|bounds
1530,1669.2,539.1,interp,0.50,1467.8,584.5,1139.1,0.0,657.5,1168.9,1,102.6,0,0,shot_pb=1.00|flight_commit=1.00|pb_zfit|edge_zoom=0.941|bounds
1531,1676.9,539.0,interp,0.50,1472.6,584.5,1143.8,0.0,657.5,1168.9,1,99.7,0,1,shot_pb=1.00|flight_commit=1.00|pb_zfit|keepin_prop=0.00|keepin_zoom=1.350|edge_zoom=0.940|bounds
1532,1683.8,538.9,interp,0.50,1476.4,584.5,1147.6,0.0,657.5,1168.9,1,96.6,0,0,shot_pb=1.00|flight_commit=1.00|pb_zfit|edge_zoom=0.941|bounds
1533,1689.8,538.8,interp,0.50,1479.1,584.5,1150.3,0.0,657.5,1168.9,1,93.3,0,1,shot_pb=1.00|flight_commit=1.00|pb_zfit|keepin_prop=0.01|keepin_zoom=1.350|edge_zoom=0.939|bounds
1534,1695.1,538.8,interp,0.50,1480.6,584.5,1151.9,0.0,657.5,1168.9,1,89.5,0,0,shot_pb=1.00|flight_commit=1.00|pb_zfit|edge_zoom=0.941|bounds
1535,1699.4,538.7,interp,0.50,1480.9,584.5,1152.2,0.0,657.5,1168.9,1,85.5,0,1,shot_pb=1.00|flight_commit=1.00|pb_zfit|keepin_prop=0.01|keepin_zoom=1.350|edge_zoom=0.938|bounds
1536,1702.7,538.7,interp,0.50,1479.9,584.5,1151.1,0.0,657.5,1168.9,1,81.2,0,0,shot_pb=1.00|flight_commit=1.00|pb_zfit|edge_zoom=0.941|bounds
1537,1705.0,538.6,interp,0.50,1477.5,584.5,1148.7,0.0,657.5,1168.9,1,76.5,0,1,shot_pb=1.00|flight_commit=1.00|pb_zfit|keepin_prop=0.02|keepin_zoom=1.350|edge_zoom=0.937|bounds
1538,1706.2,538.5,interp,0.50,1473.6,584.5,1144.8,0.0,657.5,1168.9,1,71.4,0,0,shot_pb=1.00|flight_commit=1.00|pb_zfit|edge_zoom=0.942|bounds
1539,1706.1,538.5,interp,0.50,1468.3,584.5,1139.5,0.0,657.5,1168.9,1,66.2,0,0,shot_pb=1.00|flight_commit=1.00|person_ctx=4|pb_zfit|edge_zoom=0.968|bounds
1540,1704.8,538.4,interp,0.50,1461.4,584.5,1132.6,0.0,657.5,1168.9,1,60.6,0,0,shot_pb=1.00|flight_commit=1.00|pb_zfit|edge_zoom=0.876|bounds
1541,1702.1,538.4,interp,0.50,1453.0,584.5,1124.3,0.0,657.5,1168.9,1,54.9,0,0,shot_pb=1.00|flight_commit=1.00|pb_zfit|edge_zoom=0.803|bounds
1542,1697.9,538.3,interp,0.50,1443.1,584.5,1114.3,0.0,657.5,1168.9,1,49.2,0,0,shot_pb=1.00|flight_commit=1.00|pb_zfit|edge_zoom=0.807|bounds
1543,1692.1,538.3,interp,0.50,1431.6,584.5,1102.8,0.0,657.5,1168.9,1,43.5,0,0,shot_pb=1.00|flight_commit=1.00|pb_zfit|edge_zoom=0.811|bounds
1544,1684.4,538.2,interp,0.50,1418.4,584.5,1089.6,0.0,657.5,1168.9,1,38.0,0,0,shot_pb=1.00|flight_commit=1.00|person_ctx=4|pb_zfit|edge_zoom=0.816|bounds
1545,1674.7,538.2,interp,0.50,1403.6,584.5,1074.8,0.0,657.5,1168.9,1,32.9,0,0,shot_pb=1.00|flight_commit=1.00|person_ctx=4|pb_zfit|edge_zoom=0.822|bounds
1546,1662.8,538.1,interp,0.50,1387.0,584.5,1058.3,0.0,657.5,1168.9,1,28.2,0,0,shot_pb=1.00|flight_commit=1.00|pb_zfit|edge_zoom=0.829|bounds
1547,1648.5,538.0,interp,0.50,1368.8,584.5,1040.0,0.0,657.5,1168.9,1,24.3,0,0,shot_pb=1.00|flight_commit=1.00|person_ctx=4|pb_zfit|edge_zoom=0.836|bounds
1548,1631.5,538.0,interp,0.50,1348.7,584.5,1019.9,0.0,657.5,1168.9,1,21.2,0,0,shot_pb=1.00|flight_commit=1.00|person_ctx=4|pb_zfit|edge_zoom=0.845|bounds
1549,1611.5,537.9,interp,0.50,1327.8,584.5,999.0,0.0,657.5,1168.9,1,20.3,0,0,accel_zoom=0.940|shot_pb=1.00|flight_commit=1.00|pb_zfit|edge_zoom=0.855|bounds
1550,1577.7,540.8,blended,0.71,1303.2,584.5,974.4,0.0,657.5,1168.9,1,29.5,0,0,accel_zoom=0.893|shot_pb=1.00|flight_commit=1.00|person_ctx=4|pb_zfit|edge_zoom=0.896|bounds
1551,1560.1,537.0,interp,0.38,1277.9,584.5,949.1,0.0,657.5,1168.9,1,21.8,0,0,shot_pb=1.00|flight_commit=1.00|person_ctx=4|pb_zfit|edge_zoom=0.861|bounds
1552,1528.8,536.1,interp,0.38,1250.9,584.5,922.2,0.0,657.5,1168.9,1,26.1,0,0,accel_zoom=0.902|shot_pb=1.00|flight_commit=1.00|person_ctx=4|pb_zfit|edge_zoom=0.896|bounds
1553,1495.0,535.2,interp,0.38,1222.6,584.5,893.8,0.0,657.5,1168.9,1,31.6,0,0,accel_zoom=0.902|shot_pb=1.00|flight_commit=1.00|person_ctx=4|pb_zfit|edge_zoom=0.909|bounds
1554,1459.1,534.3,interp,0.38,1192.9,584.5,864.1,0.0,657.5,1168.9,1,37.8,0,0,accel_zoom=0.897|shot_pb=1.00|flight_commit=1.00|person_ctx=4|pb_zfit|edge_zoom=0.921|bounds
1555,1421.6,533.4,interp,0.38,1162.2,584.5,833.5,0.0,657.5,1168.9,1,44.6,0,0,accel_zoom=0.894|shot_pb=1.00|flight_commit=1.00|pb_zfit|flight_boost=1.01|edge_zoom=0.932|bounds
1556,1382.8,532.5,interp,0.38,1130.8,584.5,802.1,0.0,657.5,1168.9,1,52.0,0,0,accel_zoom=0.892|shot_pb=1.00|flight_commit=1.00|pb_zfit|flight_boost=1.06|edge_zoom=0.943|bounds
1557,1343.3,531.6,interp,0.38,1099.0,584.5,770.2,0.0,657.5,1168.9,1,59.7,0,0,accel_zoom=0.891|shot_pb=1.00|flight_commit=1.00|person_ctx=4|pb_zfit|flight_boost=1.08|edge_zoom=0.943|bounds
1558,1303.3,530.8,interp,0.38,1067.0,584.5,738.2,0.0,657.5,1168.9,1,67.7,0,0,accel_zoom=0.891|shot_pb=1.00|flight_commit=1.00|person_ctx=4|pb_zfit|flight_boost=1.14|edge_zoom=0.944|bounds
1559,1263.3,529.9,interp,0.38,1035.1,584.5,706.4,0.0,657.5,1168.9,1,75.8,0,0,accel_zoom=0.891|shot_pb=1.00|flight_commit=1.00|pb_zfit|flight_boost=1.17|edge_zoom=0.944|bounds
1560,1223.7,529.1,interp,0.38,1003.8,584.5,675.1,0.0,657.5,1168.9,1,84.1,0,0,accel_zoom=0.891|shot_pb=1.00|flight_commit=1.00|person_ctx=4|pb_zfit|flight_boost=1.18|edge_zoom=0.944|bounds
1561,1184.8,528.3,interp,0.38,973.4,584.5,644.6,0.0,657.5,1168.9,1,92.6,0,0,accel_zoom=0.891|shot_pb=1.00|flight_commit=1.00|pb_zfit|flight_boost=1.19|edge_zoom=0.944|bounds
1562,1147.1,527.6,interp,0.38,944.0,584.5,615.2,0.0,657.5,1168.9,1,100.9,0,0,accel_zoom=0.891|shot_pb=1.00|flight_commit=1.00|pb_zfit|flight_boost=1.19|edge_zoom=0.945|bounds
1563,1111.0,526.8,interp,0.38,916.0,584.5,587.2,0.0,657.5,1168.9,1,109.0,0,0,accel_zoom=0.891|shot_pb=1.00|flight_commit=1.00|pb_zfit|flight_boost=1.18|edge_zoom=0.945|bounds
1564,1076.9,526.1,interp,0.38,889.5,584.5,560.7,0.0,657.5,1168.9,1,116.6,0,0,accel_zoom=0.891|shot_pb=1.00|flight_commit=1.00|pb_zfit|flight_boost=1.17|edge_zoom=0.945|bounds
1565,1045.4,525.5,yolo,0.40,864.7,584.5,535.9,0.0,657.5,1168.9,1,123.3,0,0,accel_zoom=0.891|shot_pb=1.00|flight_commit=1.00|pb_zfit|flight_boost=1.14|edge_zoom=0.945|bounds
1566,1020.7,524.9,yolo,0.35,841.7,584.5,512.9,0.0,657.5,1168.9,1,125.0,0,0,accel_zoom=0.891|shot_pb=1.00|flight_commit=1.00|pb_zfit|flight_boost=1.10|edge_zoom=0.945|bounds
1567,998.6,524.4,yolo,0.32,820.4,584.5,491.7,0.0,657.5,1168.9,1,125.8,0,1,shot_pb=1.00|flight_commit=1.00|pb_zfit|keepin_prop=0.00|keepin_zoom=1.350|flight_boost=1.05|edge_zoom=0.945|bounds
1568,978.8,524.0,yolo,0.30,801.0,584.5,472.2,0.0,657.5,1168.9,1,126.2,0,0,shot_pb=1.00|flight_commit=1.00|pb_zfit|edge_zoom=0.946|bounds
1569,961.0,523.5,yolo,0.34,783.3,584.5,454.5,0.0,657.5,1168.9,1,126.3,0,0,shot_pb=1.00|flight_commit=1.00|edge_zoom=0.946|bounds
1570,944.9,523.1,yolo,0.40,767.2,584.5,438.5,0.0,657.5,1168.9,1,126.3,0,1,shot_pb=1.00|flight_commit=1.00|keepin_prop=0.01|keepin_zoom=1.350|edge_zoom=0.944|bounds
1571,930.1,522.7,yolo,0.42,752.7,584.5,423.9,0.0,657.5,1168.9,1,126.6,0,0,shot_pb=1.00|flight_commit=1.00|edge_zoom=0.946|bounds
1572,916.5,522.3,yolo,0.37,739.5,584.5,410.8,0.0,657.5,1168.9,1,127.0,0,1,shot_pb=1.00|flight_commit=1.00|keepin_prop=0.00|keepin_zoom=1.350|edge_zoom=0.945|bounds
1573,903.8,521.8,yolo,0.34,727.6,584.5,398.9,0.0,657.5,1168.9,1,127.8,0,0,shot_pb=1.00|flight_commit=1.00|edge_zoom=0.947|bounds
1574,891.8,521.4,yolo,0.34,716.9,584.4,388.1,0.0,657.5,1168.9,1,129.1,0,1,shot_pb=1.00|flight_commit=1.00|keepin_prop=0.00|keepin_zoom=1.350|edge_zoom=0.946|bounds
1575,878.4,520.9,interp,0.38,707.1,584.4,378.4,0.0,657.5,1168.8,1,132.7,0,0,shot_pb=1.00|flight_commit=1.00|edge_zoom=0.947|bounds
1576,865.8,520.4,interp,0.38,698.3,584.4,369.6,0.0,657.4,1168.7,1,136.5,0,1,shot_pb=1.00|flight_commit=1.00|keepin_prop=0.00|keepin_zoom=1.350|edge_zoom=0.946|bounds
1577,854.3,519.9,yolo,0.31,690.3,584.3,361.6,0.0,657.3,1168.6,1,140.0,0,0,shot_pb=1.00|flight_commit=1.00|edge_zoom=0.947|bounds
1578,846.4,519.6,interp,0.38,683.0,584.2,354.3,0.0,657.2,1168.4,1,140.6,0,1,shot_pb=1.00|flight_commit=1.00|keepin_prop=0.00|keepin_zoom=1.350|edge_zoom=0.946|bounds
1579,839.8,519.3,interp,0.38,676.3,584.1,347.8,0.0,657.1,1168.1,1,140.5,0,0,shot_pb=1.00|flight_commit=1.00|edge_zoom=0.948|bounds
1580,834.3,519.0,interp,0.38,670.3,583.9,341.9,0.0,656.9,1167.7,1,140.0,0,1,shot_pb=1.00|flight_commit=1.00|keepin_prop=0.01|keepin_zoom=1.350|edge_zoom=0.945|bounds
1581,829.7,518.7,interp,0.38,664.8,583.6,336.5,0.0,656.6,1167.3,1,139.1,0,0,shot_pb=1.00|flight_commit=1.00|edge_zoom=0.948|bounds
1582,825.9,518.4,interp,0.38,659.9,583.3,331.8,0.0,656.3,1166.7,1,138.0,0,1,shot_pb=1.00|flight_commit=1.00|keepin_prop=0.03|keepin_zoom=1.350|edge_zoom=0.943|bounds
1583,822.9,518.2,interp,0.38,655.5,583.0,327.6,0.0,655.9,1166.0,1,136.6,0,0,shot_pb=1.00|flight_commit=1.00|edge_zoom=0.949|bounds
1584,820.4,518.0,interp,0.38,651.6,582.6,323.9,0.0,655.4,1165.2,1,135.2,0,1,shot_pb=1.00|flight_commit=1.00|keepin_prop=0.04|keepin_zoom=1.350|edge_zoom=0.941|bounds
1585,818.4,517.8,interp,0.38,648.2,582.1,320.8,0.0,654.9,1164.2,1,133.8,0,1,shot_pb=1.00|flight_commit=1.00|keepin_prop=0.00|keepin_zoom=1.350|edge_zoom=0.947|bounds
1586,816.8,517.6,interp,0.38,645.5,581.6,318.3,0.0,654.3,1163.3,1,132.7,0,0,shot_pb=1.00|flight_commit=1.00|edge_zoom=0.950|bounds
1587,815.5,517.5,interp,0.38,643.3,581.1,316.4,0.0,653.8,1162.3,1,131.8,0,1,shot_pb=1.00|flight_commit=1.00|keepin_prop=0.02|keepin_zoom=1.350|edge_zoom=0.945|bounds
1588,814.5,517.3,yolo,0.29,641.6,580.6,315.0,0.0,653.2,1161.3,1,131.1,0,0,shot_pb=1.00|flight_commit=1.00|edge_zoom=0.951|bounds
