frame,ball_x,ball_y,source,confidence,cam_cx,cam_cy,crop_x0,crop_y0,crop_w,crop_h,ball_in_crop,dist_to_edge,speed_limited,keepinview,clamp_flags
0,269.4,407.9,hold,0.30,318.5,566.2,0.0,0.0,637.0,1132.4,1,254.9,1,0,accel_zoom=0.852|flight_commit=1.00|edge_zoom=0.764|bounds|final_speed
1,268.8,415.7,blended,0.72,316.5,562.7,0.0,0.0,633.1,1125.4,1,256.3,0,0,flight_commit=1.00|edge_zoom=0.987|bounds
2,266.5,416.7,blended,0.72,315.3,559.2,0.7,0.0,629.1,1118.5,1,255.2,0,0,flight_commit=0.63|edge_zoom=0.970|bounds
3,262.1,410.9,interp,0.38,314.4,556.0,1.7,0.0,625.5,1111.9,1,251.7,0,0,flight_commit=0.59|edge_zoom=0.943|bounds
4,258.6,411.1,interp,0.38,313.5,553.0,2.4,0.0,622.2,1106.1,1,249.1,0,0,flight_commit=0.37|edge_zoom=0.935|bounds
5,254.9,411.6,interp,0.38,312.6,550.6,2.9,0.0,619.4,1101.2,1,246.3,0,0,flight_commit=0.21|conf_zoom=0.97|conf_speed=0.98|edge_zoom=0.932|bounds
6,251.1,412.4,interp,0.38,311.9,548.6,3.2,0.0,617.2,1097.3,1,243.2,0,0,flight_commit=0.10|conf_zoom=0.94|conf_speed=0.97|edge_zoom=0.937|bounds
7,247.2,413.5,interp,0.38,311.2,547.2,3.4,0.0,615.6,1094.5,1,240.0,0,0,flight_commit=0.03|conf_zoom=0.92|conf_speed=0.95|edge_zoom=0.941|bounds
8,244.9,420.4,blended,0.72,310.7,546.3,3.5,0.0,614.6,1092.5,1,238.2,0,0,flight_commit=0.14|conf_zoom=0.95|conf_speed=0.97|edge_zoom=0.965|bounds
9,238.4,420.6,blended,0.72,310.4,545.7,3.5,0.0,613.9,1091.3,1,232.0,0,0,flight_commit=0.18|conf_zoom=0.96|conf_speed=0.98|edge_zoom=0.922|bounds
10,232.5,414.7,interp,0.38,310.2,545.2,3.5,0.0,613.4,1090.4,1,226.3,0,0,flight_commit=0.30|conf_zoom=0.99|conf_speed=0.99|edge_zoom=0.923|bounds
11,229.2,414.4,interp,0.38,310.1,544.8,3.6,0.0,612.9,1089.5,1,223.1,0,0,flight_commit=0.14|conf_zoom=0.95|conf_speed=0.97|edge_zoom=0.918|bounds
12,226.2,414.3,interp,0.38,310.0,544.1,3.9,0.0,612.1,1088.2,1,220.2,0,0,flight_commit=0.00|conf_zoom=0.91|conf_speed=0.95|edge_zoom=0.940|bounds
13,217.1,414.3,interp,0.38,309.9,543.1,4.4,0.0,611.0,1086.1,1,211.2,0,0,flight_commit=0.21|conf_zoom=0.97|conf_speed=0.98|edge_zoom=0.925|bounds
14,214.9,414.6,interp,0.38,309.8,541.6,5.1,0.0,609.3,1083.1,1,209.1,0,0,flight_commit=0.02|conf_zoom=0.91|conf_speed=0.95|edge_zoom=0.943|bounds
15,214.8,415.2,interp,0.38,309.6,540.0,6.1,0.5,607.0,1079.1,1,209.2,0,1,conf_zoom=0.83|keepin_prop=0.00|keepin_zoom=1.350|conf_speed=0.91|edge_zoom=0.958|bounds
16,227.4,416.3,interp,0.38,309.3,540.0,7.3,3.0,604.1,1074.0,1,222.1,0,0,flight_commit=0.22|conf_zoom=0.97|conf_speed=0.98|edge_zoom=0.977|bounds
17,231.0,417.3,interp,0.38,309.0,540.0,8.6,5.9,600.9,1068.2,1,226.0,0,0,flight_commit=0.10|conf_zoom=0.94|conf_speed=0.97|edge_zoom=0.978|bounds
18,234.6,418.3,interp,0.38,308.6,540.0,9.9,9.0,597.3,1061.9,1,230.0,0,0,flight_commit=0.02|conf_zoom=0.91|conf_speed=0.95|edge_zoom=0.979|bounds
19,238.3,419.5,interp,0.38,308.2,540.0,11.4,12.3,593.6,1055.3,1,234.1,0,0,conf_zoom=0.82|conf_speed=0.90|edge_zoom=0.980|bounds
20,242.0,420.8,interp,0.38,307.7,540.0,12.7,15.6,589.9,1048.8,1,238.3,0,0,conf_zoom=0.81|conf_speed=0.90|edge_zoom=0.981|bounds
21,245.8,422.2,interp,0.38,307.3,540.0,14.1,18.8,586.4,1042.5,1,242.5,0,0,conf_zoom=0.81|conf_speed=0.90|edge_zoom=0.982|bounds
22,249.7,423.6,interp,0.38,306.9,540.0,15.3,21.7,583.1,1036.6,1,246.8,0,0,conf_zoom=0.81|conf_speed=0.90|edge_zoom=0.984|bounds
23,253.6,425.1,interp,0.38,306.5,540.0,16.5,24.5,580.0,1031.0,1,251.1,0,0,conf_zoom=0.81|conf_speed=0.90|edge_zoom=0.986|bounds
24,257.6,426.7,interp,0.38,306.3,540.0,17.8,27.1,577.0,1025.8,1,255.3,0,0,conf_zoom=0.81|conf_speed=0.89|edge_zoom=0.987|bounds
25,261.7,428.3,interp,0.38,306.2,540.0,19.2,29.7,574.1,1020.6,1,259.5,0,0,conf_zoom=0.81|conf_speed=0.89|edge_zoom=0.989|bounds
26,265.9,430.0,interp,0.38,306.3,540.0,20.7,32.3,571.1,1015.4,1,263.6,0,0,shot_pb=0.00|conf_zoom=0.80|conf_speed=0.89|edge_zoom=0.990|bounds
27,270.2,431.8,interp,0.38,306.6,540.0,22.6,35.1,568.0,1009.7,1,267.6,0,0,shot_pb=0.00|conf_zoom=0.80|conf_speed=0.89|edge_zoom=0.991|bounds
28,274.5,433.6,interp,0.38,307.2,540.0,24.9,38.3,564.4,1003.5,1,271.3,0,0,shot_pb=0.00|conf_zoom=0.80|conf_speed=0.89|edge_zoom=0.993|bounds
29,279.0,435.5,interp,0.38,308.0,540.0,27.7,41.8,560.5,996.5,1,275.0,0,0,shot_pb=0.00|conf_zoom=0.80|conf_speed=0.89|edge_zoom=0.994|bounds
30,283.7,437.4,interp,0.38,309.2,540.0,31.1,45.6,556.2,988.8,1,278.5,0,0,shot_pb=0.00|conf_zoom=0.80|conf_speed=0.89|edge_zoom=0.995|bounds
31,288.5,439.4,interp,0.38,310.8,540.0,35.0,49.7,551.6,980.7,1,281.7,0,0,shot_pb=0.00|conf_zoom=0.80|conf_speed=0.89|edge_zoom=0.996|bounds
32,293.5,441.5,interp,0.38,312.9,540.0,39.4,53.8,547.0,972.4,1,284.6,0,0,shot_pb=0.00|conf_zoom=0.80|conf_speed=0.89|edge_zoom=0.996|bounds
33,298.6,443.6,interp,0.38,315.5,540.0,44.2,57.7,542.6,964.6,1,287.1,0,0,shot_pb=0.00|flight_commit=0.03|conf_zoom=0.92|conf_speed=0.95|edge_zoom=0.996|bounds
34,304.0,445.8,interp,0.38,318.8,540.0,49.4,61.2,538.7,957.7,1,289.2,0,0,shot_pb=0.00|flight_commit=0.06|conf_zoom=0.93|conf_speed=0.96|edge_zoom=0.996|bounds
35,309.7,448.1,interp,0.38,322.8,540.0,54.9,63.9,535.7,952.3,1,290.9,0,0,shot_pb=0.00|flight_commit=0.10|conf_zoom=0.94|conf_speed=0.97|edge_zoom=0.996|bounds
36,315.6,450.5,interp,0.38,327.6,540.0,60.7,65.5,533.8,949.0,1,292.0,0,0,shot_pb=0.00|flight_commit=0.15|conf_zoom=0.95|conf_speed=0.97|edge_zoom=0.995|bounds
37,321.9,453.0,interp,0.38,333.4,540.0,66.7,65.9,533.4,948.3,1,292.5,0,0,shot_pb=0.00|flight_commit=0.20|conf_zoom=0.96|conf_speed=0.98|edge_zoom=0.995|bounds
38,328.6,455.6,interp,0.38,340.2,540.0,72.9,64.8,534.6,950.4,1,292.4,0,0,flight_commit=0.26|conf_zoom=0.98|conf_speed=0.99|edge_zoom=0.995|bounds
39,335.7,458.3,interp,0.38,348.1,540.0,79.4,62.3,537.5,955.5,1,291.6,0,0,flight_commit=0.32|conf_zoom=1.00|conf_speed=1.00|edge_zoom=0.995|bounds
40,343.2,461.2,interp,0.38,357.2,540.0,86.2,58.2,542.0,963.5,1,290.0,0,0,flight_commit=0.40|edge_zoom=0.995|bounds
41,351.3,464.2,interp,0.38,367.5,540.0,93.5,52.8,548.1,974.4,1,287.8,0,0,flight_commit=0.48|person_ctx=4|edge_zoom=0.995|bounds
42,360.1,467.5,interp,0.38,379.1,540.0,101.3,46.2,555.5,987.6,1,285.0,0,0,flight_commit=0.57|person_ctx=4|edge_zoom=0.995|bounds
43,369.5,470.9,interp,0.38,391.9,540.0,109.8,38.6,564.1,1002.8,1,281.6,0,0,shot_pb=0.60|flight_commit=0.68|edge_zoom=0.996|bounds
44,379.8,474.5,interp,0.38,405.9,540.0,119.2,30.3,573.4,1019.4,1,277.9,0,0,shot_pb=0.80|flight_commit=1.00|edge_zoom=0.995|bounds
45,390.9,478.4,interp,0.38,421.0,540.0,129.4,21.6,583.2,1036.8,1,273.9,0,0,shot_pb=1.00|flight_commit=1.00|edge_zoom=0.995|bounds
46,403.1,482.6,interp,0.38,437.3,540.0,140.7,12.8,593.1,1054.4,1,269.8,0,0,shot_pb=1.00|flight_commit=1.00|edge_zoom=0.997|bounds
47,416.5,487.1,interp,0.38,454.5,540.0,153.1,4.2,602.8,1071.6,1,266.0,0,0,shot_pb=1.00|flight_commit=1.00|bounds
48,431.2,492.0,interp,0.38,472.7,544.0,166.7,0.0,612.0,1088.0,1,262.5,0,0,shot_pb=1.00|flight_commit=1.00|edge_zoom=0.998|bounds
49,447.5,497.3,interp,0.38,491.6,551.5,181.4,0.0,620.5,1103.1,1,259.9,0,0,accel_zoom=0.942|shot_pb=1.00|flight_commit=1.00|edge_zoom=0.995|bounds
50,465.4,503.1,interp,0.38,511.3,558.3,197.3,0.0,628.1,1116.6,1,258.1,0,1,accel_zoom=0.937|shot_pb=1.00|flight_commit=1.00|keepin_prop=0.01|keepin_zoom=1.350|edge_zoom=0.998|bounds
51,485.4,509.5,interp,0.38,531.6,564.2,214.2,0.0,634.7,1128.4,1,257.8,0,0,accel_zoom=0.931|shot_pb=1.00|flight_commit=1.00|edge_zoom=0.991|bounds
52,507.5,516.5,interp,0.38,552.5,569.2,232.3,0.0,640.3,1138.3,1,259.0,0,0,accel_zoom=0.924|shot_pb=1.00|flight_commit=1.00|edge_zoom=0.989|bounds
53,549.8,528.2,blended,0.67,573.8,573.2,251.4,0.0,644.9,1146.5,1,280.0,0,1,accel_zoom=0.854|shot_pb=1.00|flight_commit=1.00|keepin_prop=0.00|keepin_zoom=1.350|edge_zoom=0.994|bounds
54,558.0,532.6,interp,0.38,595.7,576.5,271.5,0.0,648.5,1152.9,1,266.3,0,0,shot_pb=1.00|flight_commit=1.00|edge_zoom=0.979|bounds
55,586.3,541.7,interp,0.38,618.1,578.9,292.4,0.0,651.3,1157.9,1,272.2,0,0,accel_zoom=0.866|shot_pb=1.00|flight_commit=1.00|edge_zoom=0.981|bounds
56,616.8,551.3,interp,0.38,640.9,580.8,314.3,0.0,653.4,1161.6,1,279.9,0,1,accel_zoom=0.866|shot_pb=1.00|flight_commit=1.00|keepin_prop=0.00|keepin_zoom=1.350|edge_zoom=0.987|bounds
57,649.2,561.2,interp,0.38,664.3,582.1,336.9,0.0,654.8,1164.2,1,288.9,0,0,accel_zoom=0.866|shot_pb=1.00|flight_commit=1.00|edge_zoom=0.975|bounds
58,698.0,573.6,blended,0.67,688.1,583.0,360.2,0.0,655.8,1165.9,1,294.1,0,0,accel_zoom=0.836|shot_pb=1.00|flight_commit=1.00|flight_boost=1.04|edge_zoom=0.973|bounds
59,719.3,580.5,interp,0.50,712.5,583.6,384.2,0.0,656.5,1167.2,1,297.2,0,0,accel_zoom=0.836|shot_pb=1.00|flight_commit=1.00|flight_boost=1.04|edge_zoom=0.969|bounds
60,746.3,591.2,interp,0.50,737.4,584.0,408.9,0.0,657.0,1167.9,1,295.1,0,1,accel_zoom=0.836|shot_pb=1.00|flight_commit=1.00|keepin_prop=0.00|keepin_zoom=1.350|edge_zoom=0.974|bounds
61,778.4,601.0,interp,0.50,762.9,584.2,434.3,0.0,657.2,1168.4,1,288.5,0,0,accel_zoom=0.836|shot_pb=1.00|flight_commit=1.00|flight_boost=1.07|edge_zoom=0.963|bounds
62,811.1,610.5,interp,0.50,789.1,584.3,460.4,0.0,657.4,1168.7,1,282.0,0,0,accel_zoom=0.836|shot_pb=1.00|flight_commit=1.00|flight_boost=1.08|edge_zoom=0.960|bounds
63,844.4,619.7,interp,0.50,815.8,584.4,487.1,0.0,657.5,1168.8,1,275.4,0,0,accel_zoom=0.836|shot_pb=1.00|flight_commit=1.00|flight_boost=1.09|edge_zoom=0.957|bounds
64,878.2,628.5,interp,0.50,843.2,584.5,514.5,0.0,657.5,1168.9,1,269.0,0,1,accel_zoom=0.836|shot_pb=1.00|flight_commit=1.00|pb_zfit|keepin_prop=0.00|keepin_zoom=1.350|flight_boost=1.09|edge_zoom=0.962|bounds
65,912.5,636.8,interp,0.50,871.3,584.5,542.6,0.0,657.5,1168.9,1,262.8,0,0,accel_zoom=0.836|shot_pb=1.00|flight_commit=1.00|pb_zfit|flight_boost=1.05|edge_zoom=0.953|bounds
66,947.6,644.8,interp,0.50,900.1,584.5,571.4,0.0,657.5,1168.9,1,256.5,0,0,accel_zoom=0.836|shot_pb=1.00|flight_commit=1.00|pb_zfit|flight_boost=1.08|edge_zoom=0.951|bounds
67,983.4,652.2,interp,0.50,929.5,584.5,600.8,0.0,657.5,1168.9,1,250.1,0,0,accel_zoom=0.836|shot_pb=1.00|flight_commit=1.00|pb_zfit|flight_boost=1.11|edge_zoom=0.949|bounds
68,1020.3,659.2,interp,0.50,959.5,584.5,630.8,0.0,657.5,1168.9,1,243.2,0,1,accel_zoom=0.836|shot_pb=1.00|flight_commit=1.00|pb_zfit|keepin_prop=0.00|keepin_zoom=1.350|flight_boost=1.12|edge_zoom=0.952|bounds
69,1058.4,665.6,interp,0.50,990.0,584.5,661.2,0.0,657.5,1168.9,1,235.6,0,0,accel_zoom=0.836|shot_pb=1.00|flight_commit=1.00|pb_zfit|flight_boost=1.13|edge_zoom=0.946|bounds
70,1098.0,671.5,interp,0.50,1020.8,584.5,692.0,0.0,657.5,1168.9,1,226.8,0,0,accel_zoom=0.836|shot_pb=1.00|flight_commit=1.00|pb_zfit|flight_boost=1.15|edge_zoom=0.944|bounds
71,1139.6,676.9,interp,0.50,1051.8,584.5,723.0,0.0,657.5,1168.9,1,216.2,0,0,accel_zoom=0.836|shot_pb=1.00|flight_commit=1.00|pb_zfit|flight_boost=1.17|edge_zoom=0.943|bounds
72,1183.4,681.6,interp,0.50,1082.7,584.5,754.0,0.0,657.5,1168.9,1,203.3,0,0,accel_zoom=0.836|shot_pb=1.00|flight_commit=1.00|pb_zfit|flight_boost=1.19|edge_zoom=0.942|bounds
73,1229.9,685.8,interp,0.50,1113.4,584.5,784.7,0.0,657.5,1168.9,1,187.5,0,0,accel_zoom=0.836|shot_pb=1.00|flight_commit=1.00|person_ctx=4|pb_zfit|flight_boost=1.22|edge_zoom=0.942|bounds
74,1313.4,682.5,blended,0.68,1143.7,584.5,814.9,0.0,657.5,1168.9,1,134.3,0,0,accel_zoom=0.780|shot_pb=1.00|flight_commit=1.00|pb_zfit|flight_boost=1.36|edge_zoom=0.946|bounds
75,1358.2,686.7,interp,0.38,1173.2,584.5,844.4,0.0,657.5,1168.9,1,119.0,0,0,accel_zoom=0.780|shot_pb=1.00|flight_commit=1.00|pb_zfit|flight_boost=1.38|edge_zoom=0.941|bounds
76,1398.6,693.1,interp,0.38,1201.7,584.5,873.0,0.0,657.5,1168.9,1,107.1,0,0,accel_zoom=0.780|shot_pb=1.00|flight_commit=1.00|pb_zfit|flight_boost=1.39|edge_zoom=0.937|bounds
77,1435.5,700.7,interp,0.38,1229.2,584.5,900.4,0.0,657.5,1168.9,1,97.7,0,0,accel_zoom=0.780|shot_pb=1.00|flight_commit=1.00|pb_zfit|flight_boost=1.38|edge_zoom=0.934|bounds
78,1469.3,709.4,interp,0.38,1255.3,584.5,926.5,0.0,657.5,1168.9,1,90.0,0,1,accel_zoom=0.780|shot_pb=1.00|flight_commit=1.00|person_ctx=4|pb_zfit|keepin_prop=0.00|keepin_zoom=1.350|flight_boost=1.36|edge_zoom=0.936|bounds
79,1500.5,719.2,interp,0.38,1279.9,584.5,951.2,0.0,657.5,1168.9,1,83.4,0,0,accel_zoom=0.780|shot_pb=1.00|flight_commit=1.00|person_ctx=4|pb_zfit|flight_boost=1.33|edge_zoom=0.925|bounds
80,1528.6,730.0,blended,0.73,1303.1,584.5,974.3,0.0,657.5,1168.9,1,78.5,0,0,accel_zoom=0.780|shot_pb=1.00|flight_commit=1.00|pb_zfit|flight_boost=1.28|edge_zoom=0.920|bounds
81,1558.9,746.1,yolo,0.28,1324.6,584.5,995.8,0.0,657.5,1168.9,1,69.7,0,0,accel_zoom=0.780|shot_pb=1.00|flight_commit=1.00|pb_zfit|flight_boost=1.14|edge_zoom=0.912|bounds
82,1585.9,761.4,yolo,0.31,1344.5,584.5,1015.7,0.0,657.5,1168.9,1,62.6,0,1,accel_zoom=0.780|shot_pb=1.00|flight_commit=1.00|pb_zfit|keepin_prop=0.00|keepin_zoom=1.350|flight_boost=1.10|edge_zoom=0.920|bounds
83,1610.2,774.9,yolo,0.30,1362.8,584.5,1034.0,0.0,657.5,1168.9,1,56.6,1,0,accel_zoom=0.780|shot_pb=1.00|flight_commit=1.00|pb_zfit|flight_boost=1.06|speed|edge_zoom=0.914|bounds
84,1631.7,786.2,yolo,0.28,1379.5,584.5,1050.7,0.0,657.5,1168.9,1,51.8,1,0,accel_zoom=0.780|shot_pb=1.00|flight_commit=1.00|pb_zfit|flight_boost=1.02|speed|edge_zoom=0.914|bounds
85,1649.6,792.7,interp,0.38,1394.7,584.5,1065.9,0.0,657.5,1168.9,1,49.1,1,1,shot_pb=1.00|flight_commit=1.00|pb_zfit|keepin_prop=0.01|keepin_zoom=1.350|speed|edge_zoom=0.914|bounds
86,1668.3,804.0,interp,0.38,1408.5,584.5,1079.7,0.0,657.5,1168.9,1,44.2,1,1,accel_zoom=0.798|shot_pb=1.00|flight_commit=1.00|pb_zfit|keepin_prop=0.00|keepin_zoom=1.350|speed|edge_zoom=0.894|bounds
87,1682.9,808.8,interp,0.38,1420.9,584.5,1092.1,0.0,657.5,1168.9,1,42.0,1,1,shot_pb=1.00|flight_commit=1.00|pb_zfit|keepin_prop=0.01|keepin_zoom=1.350|speed|edge_zoom=0.902|bounds
88,1689.4,797.5,interp,0.38,1432.0,584.5,1103.3,0.0,657.5,1168.9,1,46.6,1,1,shot_pb=1.00|flight_commit=1.00|pb_zfit|keepin_prop=0.03|keepin_zoom=1.350|speed|edge_zoom=0.914|bounds
89,1698.7,794.7,interp,0.38,1442.0,584.5,1113.2,0.0,657.5,1168.9,1,47.3,1,1,shot_pb=1.00|flight_commit=1.00|pb_zfit|keepin_prop=0.01|keepin_zoom=1.350|speed|edge_zoom=0.913|bounds
90,1706.8,790.9,interp,0.38,1450.9,584.5,1122.1,0.0,657.5,1168.9,1,48.1,1,1,shot_pb=1.00|flight_commit=1.00|pb_zfit|keepin_prop=0.01|keepin_zoom=1.350|speed|edge_zoom=0.914|bounds
91,1713.7,786.4,interp,0.38,1458.7,584.5,1129.9,0.0,657.5,1168.9,1,49.0,1,1,shot_pb=1.00|flight_commit=1.00|pb_zfit|keepin_prop=0.01|keepin_zoom=1.350|speed|edge_zoom=0.914|bounds
92,1719.7,781.2,interp,0.38,1465.6,584.5,1136.8,0.0,657.5,1168.9,1,49.9,1,1,shot_pb=1.00|flight_commit=1.00|pb_zfit|keepin_prop=0.01|keepin_zoom=1.350|speed|edge_zoom=0.915|bounds
93,1724.9,775.4,interp,0.38,1471.6,584.5,1142.8,0.0,657.5,1168.9,1,50.7,1,1,shot_pb=1.00|flight_commit=1.00|pb_zfit|keepin_prop=0.00|keepin_zoom=1.350|speed|edge_zoom=0.915|bounds
94,1729.2,769.1,interp,0.38,1476.7,584.5,1147.9,0.0,657.5,1168.9,1,51.5,0,1,shot_pb=1.00|flight_commit=1.00|pb_zfit|keepin_prop=0.00|keepin_zoom=1.350|edge_zoom=0.917|bounds
95,1732.8,762.4,interp,0.38,1481.1,584.5,1152.3,0.0,657.5,1168.9,1,52.3,0,1,shot_pb=1.00|flight_commit=1.00|pb_zfit|keepin_prop=0.00|keepin_zoom=1.350|edge_zoom=0.920|bounds
96,1735.7,755.3,interp,0.38,1484.7,584.5,1155.9,0.0,657.5,1168.9,1,53.0,0,1,shot_pb=1.00|flight_commit=1.00|pb_zfit|keepin_prop=0.00|keepin_zoom=1.350|edge_zoom=0.923|bounds
97,1738.0,747.8,interp,0.38,1487.6,584.5,1158.8,0.0,657.5,1168.9,1,53.6,0,0,shot_pb=1.00|flight_commit=1.00|pb_zfit|edge_zoom=0.956|bounds
98,1739.8,740.1,interp,0.38,1489.8,584.5,1161.0,0.0,657.5,1168.9,1,54.0,0,0,shot_pb=1.00|flight_commit=1.00|pb_zfit|edge_zoom=0.962|bounds
99,1741.0,732.1,interp,0.38,1491.3,584.5,1162.6,0.0,657.5,1168.9,1,54.3,0,0,shot_pb=1.00|flight_commit=1.00|pb_zfit|edge_zoom=0.964|bounds
100,1741.7,724.0,interp,0.38,1492.2,584.5,1163.4,0.0,657.5,1168.9,1,54.5,0,0,shot_pb=1.00|flight_commit=1.00|pb_zfit|edge_zoom=0.954|bounds
101,1741.9,715.8,interp,0.38,1492.4,584.5,1163.7,0.0,657.5,1168.9,1,54.5,0,0,shot_pb=1.00|flight_commit=1.00|pb_zfit|edge_zoom=0.943|bounds
102,1741.6,707.4,interp,0.38,1492.0,584.5,1163.2,0.0,657.5,1168.9,1,54.4,0,0,shot_pb=1.00|flight_commit=1.00|pb_zfit|edge_zoom=0.931|bounds
103,1740.7,699.0,interp,0.38,1490.9,584.5,1162.1,0.0,657.5,1168.9,1,54.2,0,0,shot_pb=1.00|flight_commit=1.00|pb_zfit|edge_zoom=0.917|bounds
104,1739.4,690.6,interp,0.38,1489.1,584.5,1160.3,0.0,657.5,1168.9,1,53.7,0,0,shot_pb=1.00|flight_commit=1.00|pb_zfit|edge_zoom=0.908|bounds
105,1737.5,682.1,interp,0.38,1486.5,584.5,1157.8,0.0,657.5,1168.9,1,53.0,0,0,shot_pb=1.00|flight_commit=1.00|pb_zfit|edge_zoom=0.899|bounds
106,1735.0,673.8,interp,0.38,1483.2,584.5,1154.5,0.0,657.5,1168.9,1,52.2,0,0,shot_pb=1.00|flight_commit=1.00|pb_zfit|edge_zoom=0.890|bounds
107,1732.0,665.5,interp,0.38,1479.1,584.5,1150.4,0.0,657.5,1168.9,1,51.1,0,0,shot_pb=1.00|flight_commit=1.00|pb_zfit|edge_zoom=0.881|bounds
108,1728.3,657.3,interp,0.38,1474.2,584.5,1145.4,0.0,657.5,1168.9,1,49.9,0,0,shot_pb=1.00|flight_commit=1.00|pb_zfit|edge_zoom=0.873|bounds
109,1723.8,649.3,interp,0.38,1468.2,584.5,1139.5,0.0,657.5,1168.9,1,48.4,0,0,shot_pb=1.00|flight_commit=1.00|person_ctx=4|pb_zfit|edge_zoom=0.864|bounds
110,1718.6,641.5,interp,0.38,1461.3,584.5,1132.5,0.0,657.5,1168.9,1,46.7,0,0,shot_pb=1.00|flight_commit=1.00|person_ctx=4|pb_zfit|edge_zoom=0.855|bounds
111,1712.5,634.0,interp,0.38,1453.2,584.5,1124.4,0.0,657.5,1168.9,1,44.7,0,0,shot_pb=1.00|flight_commit=1.00|person_ctx=4|pb_zfit|edge_zoom=0.847|bounds
112,1705.5,626.8,interp,0.38,1444.0,584.5,1115.2,0.0,657.5,1168.9,1,42.5,0,0,shot_pb=1.00|flight_commit=1.00|person_ctx=4|pb_zfit|edge_zoom=0.840|bounds
113,1697.3,619.9,interp,0.38,1433.4,584.5,1104.7,0.0,657.5,1168.9,1,40.1,0,0,shot_pb=1.00|flight_commit=1.00|person_ctx=4|pb_zfit|edge_zoom=0.834|bounds
114,1688.0,613.5,interp,0.38,1421.6,584.5,1092.8,0.0,657.5,1168.9,1,37.6,0,0,shot_pb=1.00|flight_commit=1.00|person_ctx=4|pb_zfit|edge_zoom=0.829|bounds
115,1677.2,607.5,interp,0.38,1408.3,584.5,1079.5,0.0,657.5,1168.9,1,35.1,0,0,shot_pb=1.00|flight_commit=1.00|person_ctx=4|pb_zfit|edge_zoom=0.826|bounds
116,1665.0,602.1,interp,0.38,1393.5,584.5,1064.8,0.0,657.5,1168.9,1,32.5,0,0,shot_pb=1.00|flight_commit=1.00|person_ctx=4|pb_zfit|edge_zoom=0.825|bounds
117,1651.0,597.4,interp,0.38,1377.3,584.5,1048.5,0.0,657.5,1168.9,1,30.3,1,0,shot_pb=1.00|flight_commit=1.00|pb_zfit|speed|edge_zoom=0.828|bounds
118,1635.0,593.4,interp,0.38,1359.6,584.5,1030.8,0.0,657.5,1168.9,1,28.6,1,0,shot_pb=1.00|flight_commit=1.00|pb_zfit|speed|edge_zoom=0.833|bounds
119,1616.8,590.3,interp,0.38,1340.4,584.5,1011.6,0.0,657.5,1168.9,1,27.6,0,0,accel_zoom=0.941|shot_pb=1.00|flight_commit=1.00|pb_zfit|edge_zoom=0.836|bounds
120,1595.8,588.2,blended,0.80,1319.9,584.5,991.1,0.0,657.5,1168.9,1,28.1,0,0,accel_zoom=0.932|shot_pb=1.00|flight_commit=1.00|pb_zfit|edge_zoom=0.844|bounds
121,1568.2,588.7,interp,0.50,1298.0,584.5,969.3,0.0,657.5,1168.9,1,33.8,0,0,accel_zoom=0.911|shot_pb=1.00|flight_commit=1.00|person_ctx=4|pb_zfit|edge_zoom=0.863|bounds
122,1538.4,590.0,interp,0.50,1275.1,584.5,946.3,0.0,657.5,1168.9,1,40.7,0,0,accel_zoom=0.905|shot_pb=1.00|flight_commit=1.00|pb_zfit|edge_zoom=0.873|bounds
123,1507.4,592.0,interp,0.50,1251.2,584.5,922.4,0.0,657.5,1168.9,1,47.8,0,0,accel_zoom=0.902|shot_pb=1.00|flight_commit=1.00|pb_zfit|edge_zoom=0.881|bounds
124,1475.7,594.4,interp,0.50,1226.5,584.5,897.7,0.0,657.5,1168.9,1,54.8,0,0,accel_zoom=0.901|shot_pb=1.00|flight_commit=1.00|pb_zfit|edge_zoom=0.888|bounds
125,1443.9,597.2,interp,0.50,1201.2,584.5,872.5,0.0,657.5,1168.9,1,61.3,0,0,accel_zoom=0.901|shot_pb=1.00|flight_commit=1.00|pb_zfit|edge_zoom=0.894|bounds
126,1412.4,600.2,interp,0.50,1175.6,584.5,846.9,0.0,657.5,1168.9,1,67.2,0,0,accel_zoom=0.901|shot_pb=1.00|flight_commit=1.00|pb_zfit|edge_zoom=0.899|bounds
127,1381.4,603.2,interp,0.50,1149.9,584.5,821.1,0.0,657.5,1168.9,1,72.5,0,0,accel_zoom=0.901|shot_pb=1.00|flight_commit=1.00|pb_zfit|flight_boost=1.02|edge_zoom=0.902|bounds
128,1351.3,606.2,interp,0.50,1124.3,584.5,795.5,0.0,657.5,1168.9,1,77.0,0,0,accel_zoom=0.901|shot_pb=1.00|flight_commit=1.00|pb_zfit|flight_boost=1.03|edge_zoom=0.905|bounds
129,1322.3,609.1,interp,0.50,1098.9,584.5,770.1,0.0,657.5,1168.9,1,80.6,0,0,accel_zoom=0.901|shot_pb=1.00|flight_commit=1.00|pb_zfit|flight_boost=1.03|edge_zoom=0.907|bounds
130,1294.6,611.7,interp,0.50,1073.9,584.5,745.1,0.0,657.5,1168.9,1,83.3,0,0,accel_zoom=0.901|shot_pb=1.00|flight_commit=1.00|pb_zfit|flight_boost=1.02|edge_zoom=0.908|bounds
131,1268.3,614.1,interp,0.50,1049.5,584.5,720.7,0.0,657.5,1168.9,1,85.2,0,0,accel_zoom=0.901|shot_pb=1.00|flight_commit=1.00|pb_zfit|flight_boost=1.00|edge_zoom=0.909|bounds
132,1243.5,616.2,interp,0.50,1025.8,584.5,697.0,0.0,657.5,1168.9,1,86.3,0,0,accel_zoom=0.901|shot_pb=1.00|flight_commit=1.00|pb_zfit|edge_zoom=0.909|bounds
133,1220.3,617.8,interp,0.50,1002.7,584.5,674.0,0.0,657.5,1168.9,1,86.4,0,0,accel_zoom=0.901|shot_pb=1.00|flight_commit=1.00|pb_zfit|edge_zoom=0.909|bounds
134,1198.6,619.0,interp,0.50,980.5,584.5,651.7,0.0,657.5,1168.9,1,85.9,0,0,accel_zoom=0.901|shot_pb=1.00|flight_commit=1.00|pb_zfit|edge_zoom=0.908|bounds
135,1178.4,619.8,interp,0.50,958.9,584.5,630.2,0.0,657.5,1168.9,1,84.5,0,0,accel_zoom=0.901|shot_pb=1.00|flight_commit=1.00|pb_zfit|edge_zoom=0.907|bounds
136,1159.6,620.0,interp,0.50,938.1,584.5,609.3,0.0,657.5,1168.9,1,82.5,0,0,accel_zoom=0.901|shot_pb=1.00|flight_commit=1.00|pb_zfit|edge_zoom=0.906|bounds
137,1142.1,619.7,interp,0.50,917.9,584.5,589.1,0.0,657.5,1168.9,1,79.8,0,0,shot_pb=1.00|flight_commit=1.00|pb_zfit|edge_zoom=0.906|bounds
138,1124.0,619.3,blended,0.68,898.2,584.5,569.4,0.0,657.5,1168.9,1,78.2,0,0,shot_pb=1.00|flight_commit=1.00|pb_zfit|edge_zoom=0.911|bounds
139,1111.2,617.0,interp,0.38,878.9,584.5,550.1,0.0,657.5,1168.9,1,71.7,0,0,shot_pb=1.00|flight_commit=1.00|pb_zfit|edge_zoom=0.901|bounds
140,1096.9,614.8,interp,0.38,859.9,584.5,531.1,0.0,657.5,1168.9,1,67.0,0,0,shot_pb=1.00|flight_commit=1.00|pb_zfit|edge_zoom=0.907|bounds
141,1082.4,612.0,interp,0.38,841.0,584.5,512.2,0.0,657.5,1168.9,1,62.6,0,0,shot_pb=1.00|flight_commit=1.00|person_ctx=3|pb_zfit|edge_zoom=0.911|bounds
142,1067.0,608.7,interp,0.38,822.0,584.5,493.3,0.0,657.5,1168.9,1,59.0,0,0,shot_pb=1.00|flight_commit=1.00|person_ctx=3|pb_zfit|edge_zoom=0.917|bounds
143,1050.4,604.9,interp,0.38,803.0,584.5,474.2,0.0,657.5,1168.9,1,56.6,0,0,shot_pb=1.00|flight_commit=1.00|pb_zfit|edge_zoom=0.924|bounds
144,1032.1,600.6,interp,0.38,783.6,584.5,454.8,0.0,657.5,1168.9,1,55.5,0,0,accel_zoom=0.941|shot_pb=1.00|flight_commit=1.00|pb_zfit|edge_zoom=0.932|bounds
145,1007.4,597.2,blended,0.69,763.9,584.5,435.1,0.0,657.5,1168.9,1,60.5,0,0,accel_zoom=0.920|shot_pb=1.00|flight_commit=1.00|person_ctx=4|pb_zfit|edge_zoom=0.952|bounds
146,985.2,589.4,interp,0.38,743.8,584.5,415.0,0.0,657.5,1168.9,1,62.6,0,1,accel_zoom=0.920|shot_pb=1.00|flight_commit=1.00|pb_zfit|keepin_prop=0.00|keepin_zoom=1.350|edge_zoom=0.974|bounds
147,956.5,582.6,interp,0.38,723.2,584.5,394.4,0.0,657.5,1168.9,1,70.7,0,0,accel_zoom=0.906|shot_pb=1.00|flight_commit=1.00|pb_zfit|edge_zoom=0.983|bounds
148,925.9,575.4,interp,0.38,702.1,584.5,373.4,0.0,657.5,1168.9,1,80.2,0,0,accel_zoom=0.900|shot_pb=1.00|flight_commit=1.00|pb_zfit|edge_zoom=0.985|bounds
149,893.9,568.0,interp,0.38,680.7,584.5,351.9,0.0,657.5,1168.9,1,90.8,0,1,accel_zoom=0.895|shot_pb=1.00|flight_commit=1.00|pb_zfit|keepin_prop=0.00|keepin_zoom=1.350|edge_zoom=0.981|bounds
150,860.8,560.4,interp,0.38,659.0,584.5,330.2,0.0,657.5,1168.9,1,102.2,0,0,accel_zoom=0.892|shot_pb=1.00|flight_commit=1.00|edge_zoom=0.990|bounds
151,827.0,552.8,interp,0.38,637.0,584.5,308.3,0.0,657.5,1168.9,1,114.0,0,0,accel_zoom=0.891|shot_pb=1.00|flight_commit=1.00|flight_boost=1.01|edge_zoom=0.992|bounds
152,792.8,545.1,interp,0.38,615.1,584.5,286.3,0.0,657.5,1168.9,1,126.3,0,0,accel_zoom=0.890|shot_pb=1.00|flight_commit=1.00|flight_boost=1.04|edge_zoom=0.995|bounds
153,758.7,537.5,interp,0.38,593.2,584.5,264.5,0.0,657.5,1168.9,1,138.5,0,1,accel_zoom=0.890|shot_pb=1.00|flight_commit=1.00|keepin_prop=0.00|keepin_zoom=1.350|flight_boost=1.07|edge_zoom=0.991|bounds
154,724.9,530.1,interp,0.38,571.7,584.5,242.9,0.0,657.5,1168.9,1,150.8,0,0,accel_zoom=0.890|shot_pb=1.00|flight_commit=1.00|flight_boost=1.08|bounds
155,691.8,522.9,interp,0.38,550.6,584.5,221.8,0.0,657.5,1168.9,1,162.8,0,0,accel_zoom=0.890|shot_pb=1.00|flight_commit=1.00|flight_boost=1.09|edge_zoom=0.999|bounds
156,659.8,516.1,interp,0.38,530.1,584.4,201.4,0.0,657.5,1168.9,1,174.3,0,0,accel_zoom=0.890|shot_pb=1.00|flight_commit=1.00|flight_boost=1.09|edge_zoom=0.996|bounds
157,629.3,509.8,interp,0.38,510.5,584.4,181.7,0.0,657.5,1168.8,1,185.2,0,1,accel_zoom=0.890|shot_pb=1.00|flight_commit=1.00|person_ctx=4|keepin_prop=0.01|keepin_zoom=1.350|flight_boost=1.08|bounds
158,600.7,504.0,interp,0.38,491.7,584.4,163.0,0.0,657.4,1168.7,1,195.0,0,0,accel_zoom=0.890|shot_pb=1.00|flight_commit=1.00|flight_boost=1.07|edge_zoom=0.993|bounds
159,578.2,504.6,blended,0.69,474.0,584.3,145.3,0.0,657.3,1168.6,1,199.8,0,0,accel_zoom=0.890|shot_pb=1.00|flight_commit=1.00|flight_boost=1.03|bounds
160,553.3,494.0,interp,0.38,457.3,584.2,128.7,0.0,657.2,1168.4,1,208.0,0,1,accel_zoom=0.890|shot_pb=1.00|flight_commit=1.00|keepin_prop=0.01|keepin_zoom=1.350|flight_boost=1.01|edge_zoom=0.995|bounds
161,534.6,489.8,interp,0.38,441.8,584.0,113.3,0.0,657.0,1168.0,1,211.2,0,0,accel_zoom=0.890|shot_pb=1.00|flight_commit=1.00|edge_zoom=0.988|bounds
162,518.1,486.3,interp,0.38,427.5,583.8,99.1,0.0,656.7,1167.5,1,213.4,0,1,shot_pb=1.00|flight_commit=1.00|keepin_prop=0.01|keepin_zoom=1.350|edge_zoom=0.993|bounds
163,503.5,483.4,interp,0.38,414.4,583.4,86.2,0.0,656.4,1166.8,1,214.9,0,0,shot_pb=1.00|flight_commit=1.00|edge_zoom=0.986|bounds
164,494.3,487.4,blended,0.68,402.4,583.0,74.5,0.0,655.9,1166.0,1,212.1,0,1,shot_pb=1.00|flight_commit=1.00|keepin_prop=0.01|keepin_zoom=1.350|edge_zoom=0.993|bounds
165,478.4,477.5,interp,0.38,391.7,582.5,64.1,0.0,655.3,1164.9,1,217.3,0,0,shot_pb=1.00|flight_commit=1.00|edge_zoom=0.975|bounds
166,467.3,474.4,interp,0.38,382.2,581.8,54.9,0.0,654.5,1163.6,1,218.9,0,1,shot_pb=1.00|flight_commit=1.00|keepin_prop=0.00|keepin_zoom=1.350|edge_zoom=0.989|bounds
167,457.5,471.8,interp,0.38,373.9,581.0,47.1,0.0,653.7,1162.1,1,220.4,0,0,shot_pb=1.00|flight_commit=1.00|edge_zoom=0.982|bounds
168,448.8,469.5,yolo,0.33,367.0,580.2,40.6,0.0,652.7,1160.4,1,222.2,0,1,shot_pb=1.00|flight_commit=1.00|person_ctx=4|keepin_prop=0.00|keepin_zoom=1.350|edge_zoom=0.988|bounds
169,440.7,467.5,yolo,0.43,361.4,579.2,35.6,0.0,651.6,1158.5,1,224.7,0,0,shot_pb=1.00|flight_commit=1.00|edge_zoom=0.982|bounds
170,433.7,465.8,yolo,0.47,357.2,578.2,31.9,0.0,650.5,1156.4,1,227.5,0,0,shot_pb=1.00|flight_commit=1.00|edge_zoom=0.987|bounds
171,427.6,464.3,yolo,0.44,354.4,577.2,29.8,0.0,649.3,1154.4,1,230.8,0,0,shot_pb=1.00|flight_commit=1.00|edge_zoom=0.988|bounds
172,422.4,463.0,yolo,0.42,353.2,576.1,29.2,0.0,648.1,1152.3,1,234.8,0,0,shot_pb=1.00|flight_commit=1.00|edge_zoom=0.990|bounds
173,418.1,461.8,yolo,0.49,353.6,575.1,30.1,0.0,647.0,1150.2,1,239.5,0,0,shot_pb=1.00|flight_commit=1.00|edge_zoom=0.991|bounds
174,414.8,460.9,yolo,0.46,355.6,574.2,32.7,0.0,645.9,1148.3,1,244.8,0,0,shot_pb=1.00|flight_commit=1.00|person_ctx=3|edge_zoom=0.956|bounds
175,412.2,460.0,yolo,0.47,359.3,573.3,36.8,0.0,644.9,1146.5,1,251.1,0,0,shot_pb=1.00|flight_commit=1.00|person_ctx=4|edge_zoom=0.979|bounds
176,410.4,459.2,yolo,0.42,364.5,572.4,42.5,0.0,644.0,1144.9,1,258.1,0,0,shot_pb=1.00|flight_commit=1.00|edge_zoom=0.989|bounds
177,409.3,458.5,yolo,0.38,371.2,571.7,49.6,0.0,643.2,1143.5,1,265.9,0,0,shot_pb=1.00|flight_commit=1.00|edge_zoom=0.990|bounds
178,408.8,458.0,interp,0.38,379.2,571.1,58.0,0.0,642.5,1142.3,1,274.4,0,0,shot_pb=1.00|flight_commit=1.00|edge_zoom=0.989|bounds
179,408.9,457.4,interp,0.38,388.4,570.7,67.4,0.0,642.0,1141.4,1,283.5,0,0,shot_pb=1.00|flight_commit=1.00|edge_zoom=0.968|bounds
180,409.7,457.0,interp,0.38,398.6,570.4,77.8,0.0,641.7,1140.8,1,292.9,0,0,shot_pb=1.00|flight_commit=1.00|person_ctx=4|edge_zoom=0.976|bounds
181,411.2,456.6,interp,0.38,409.4,570.2,88.7,0.0,641.5,1140.5,1,302.2,0,0,shot_pb=1.00|flight_commit=1.00|person_ctx=4|edge_zoom=0.979|bounds
182,413.3,456.3,interp,0.38,420.7,570.3,99.9,0.0,641.6,1140.6,1,296.6,0,0,shot_pb=1.00|flight_commit=1.00|person_ctx=4|edge_zoom=0.981|bounds
183,416.0,456.0,interp,0.38,432.2,570.6,111.2,0.0,641.9,1141.2,1,287.8,0,0,shot_pb=1.00|flight_commit=1.00|edge_zoom=0.983|bounds
184,419.5,455.8,yolo,0.43,443.6,571.1,122.3,0.0,642.5,1142.2,1,279.9,0,0,shot_pb=1.00|flight_commit=1.00|edge_zoom=0.986|bounds
185,424.0,455.6,yolo,0.39,454.8,571.8,133.1,0.0,643.2,1143.5,1,273.2,0,0,shot_pb=1.00|flight_commit=1.00|edge_zoom=0.987|bounds
186,429.4,455.4,yolo,0.46,465.6,572.6,143.5,0.0,644.2,1145.2,1,267.8,0,1,shot_pb=1.00|flight_commit=1.00|keepin_prop=0.00|keepin_zoom=1.350|edge_zoom=0.988|bounds
187,435.5,455.3,yolo,0.51,475.9,573.5,153.3,0.0,645.2,1147.0,1,263.6,0,0,shot_pb=1.00|flight_commit=1.00|edge_zoom=0.983|bounds
188,442.3,455.1,yolo,0.46,485.7,574.4,162.6,0.0,646.2,1148.8,1,260.6,0,1,shot_pb=1.00|flight_commit=1.00|person_ctx=4|keepin_prop=0.02|keepin_zoom=1.350|edge_zoom=0.983|bounds
189,450.0,455.0,yolo,0.44,495.0,575.2,171.5,0.0,647.1,1150.4,1,259.0,0,0,shot_pb=1.00|flight_commit=1.00|person_ctx=4|edge_zoom=0.983|bounds
190,458.0,454.9,interp,0.38,503.9,575.8,180.0,0.0,647.8,1151.6,1,258.1,0,1,shot_pb=1.00|flight_commit=1.00|keepin_prop=0.05|keepin_zoom=1.350|edge_zoom=0.981|bounds
191,466.5,454.7,yolo,0.39,512.3,576.2,188.2,0.0,648.2,1152.4,1,258.2,0,0,shot_pb=1.00|flight_commit=1.00|person_ctx=4|edge_zoom=0.983|bounds
192,476.0,454.6,yolo,0.35,520.5,576.3,196.3,0.0,648.3,1152.6,1,259.5,0,1,shot_pb=1.00|flight_commit=1.00|person_ctx=4|keepin_prop=0.05|keepin_zoom=1.350|edge_zoom=0.981|bounds
193,485.3,454.5,interp,0.38,528.4,576.1,204.4,0.0,648.1,1152.3,1,260.9,0,0,shot_pb=1.00|flight_commit=1.00|person_ctx=4|edge_zoom=0.983|bounds
194,495.0,454.4,interp,0.38,536.2,575.7,212.4,0.0,647.7,1151.4,1,262.8,0,1,shot_pb=1.00|flight_commit=1.00|keepin_prop=0.07|keepin_zoom=1.350|edge_zoom=0.980|bounds
195,505.0,454.3,yolo,0.32,544.0,575.1,220.5,0.0,647.0,1150.2,1,265.0,0,1,shot_pb=1.00|flight_commit=1.00|keepin_prop=0.00|keepin_zoom=1.350|edge_zoom=0.983|bounds
196,516.6,454.1,yolo,0.33,551.8,574.4,228.7,0.0,646.2,1148.8,1,268.8,0,0,shot_pb=1.00|flight_commit=1.00|edge_zoom=0.982|bounds
197,528.1,454.0,yolo,0.33,559.6,573.8,236.9,0.0,645.5,1147.5,1,272.5,0,1,shot_pb=1.00|flight_commit=1.00|keepin_prop=0.01|keepin_zoom=1.350|edge_zoom=0.982|bounds
198,539.2,453.9,yolo,0.34,567.5,573.2,245.0,0.0,644.9,1146.4,1,275.7,0,0,shot_pb=1.00|flight_commit=1.00|edge_zoom=0.982|bounds
199,550.1,453.8,yolo,0.32,575.4,572.9,253.2,0.0,644.5,1145.7,1,278.7,0,1,shot_pb=1.00|flight_commit=1.00|keepin_prop=0.03|keepin_zoom=1.350|edge_zoom=0.982|bounds
200,560.2,453.8,interp,0.38,583.4,572.8,261.2,0.0,644.4,1145.5,1,280.8,0,0,shot_pb=1.00|flight_commit=1.00|edge_zoom=0.983|bounds
201,570.2,453.8,interp,0.38,591.4,573.0,269.1,0.0,644.6,1145.9,1,282.8,0,1,shot_pb=1.00|flight_commit=1.00|keepin_prop=0.04|keepin_zoom=1.350|edge_zoom=0.981|bounds
202,580.2,453.8,interp,0.38,599.3,573.4,276.8,0.0,645.1,1146.9,1,284.9,0,0,shot_pb=1.00|flight_commit=1.00|edge_zoom=0.983|bounds
203,590.2,453.9,yolo,0.30,607.2,574.2,284.2,0.0,646.0,1148.4,1,287.0,0,1,shot_pb=1.00|flight_commit=1.00|keepin_prop=0.05|keepin_zoom=1.350|edge_zoom=0.981|bounds
204,601.2,454.1,yolo,0.29,615.0,575.1,291.5,0.0,647.0,1150.3,1,290.2,0,0,shot_pb=1.00|flight_commit=1.00|edge_zoom=0.983|bounds
205,612.0,454.2,yolo,0.29,622.8,576.3,298.6,0.0,648.3,1152.5,1,293.2,0,1,shot_pb=1.00|flight_commit=1.00|person_ctx=4|keepin_prop=0.05|keepin_zoom=1.350|edge_zoom=0.981|bounds
206,622.6,454.5,yolo,0.33,630.4,577.4,305.6,0.0,649.6,1154.9,1,296.2,0,0,shot_pb=1.00|flight_commit=1.00|person_ctx=4|edge_zoom=0.984|bounds
207,632.8,454.9,yolo,0.35,637.9,578.7,312.4,0.0,651.0,1157.3,1,298.9,0,1,shot_pb=1.00|flight_commit=1.00|person_ctx=4|keepin_prop=0.04|keepin_zoom=1.350|edge_zoom=0.982|bounds
208,642.6,455.3,yolo,0.34,645.3,579.8,319.1,0.0,652.3,1159.6,1,301.3,0,0,shot_pb=1.00|flight_commit=1.00|person_ctx=4|edge_zoom=0.984|bounds
209,651.8,455.8,interp,0.38,652.6,580.8,325.9,0.0,653.4,1161.7,1,303.2,0,1,shot_pb=1.00|flight_commit=1.00|person_ctx=4|keepin_prop=0.05|keepin_zoom=1.350|edge_zoom=0.982|bounds
210,660.8,456.4,interp,0.38,659.8,581.7,332.6,0.0,654.5,1163.5,1,303.0,0,1,shot_pb=1.00|flight_commit=1.00|keepin_prop=0.00|keepin_zoom=1.350|edge_zoom=0.983|bounds
211,669.7,457.1,interp,0.38,667.0,582.5,339.4,0.0,655.3,1164.9,1,301.3,0,0,shot_pb=1.00|flight_commit=1.00|person_ctx=4|edge_zoom=0.986|bounds
212,678.5,457.9,interp,0.38,674.2,583.0,346.3,0.0,655.9,1166.1,1,299.7,0,1,shot_pb=1.00|flight_commit=1.00|person_ctx=4|keepin_prop=0.01|keepin_zoom=1.350|edge_zoom=0.984|bounds
213,687.2,458.9,interp,0.38,681.5,583.4,353.3,0.0,656.4,1166.9,1,298.3,0,0,shot_pb=1.00|flight_commit=1.00|person_ctx=4|edge_zoom=0.987|bounds
214,696.0,459.9,interp,0.38,688.8,583.7,360.5,0.0,656.7,1167.4,1,296.8,0,1,shot_pb=1.00|flight_commit=1.00|person_ctx=4|keepin_prop=0.03|keepin_zoom=1.350|edge_zoom=0.984|bounds
215,704.9,461.2,interp,0.38,696.2,583.8,367.8,0.0,656.8,1167.6,1,295.3,0,0,shot_pb=1.00|flight_commit=1.00|person_ctx=4|edge_zoom=0.989|bounds
216,713.8,462.6,interp,0.38,703.8,583.9,375.4,0.0,656.8,1167.7,1,294.0,0,1,shot_pb=1.00|flight_commit=1.00|person_ctx=4|keepin_prop=0.04|keepin_zoom=1.350|edge_zoom=0.984|bounds
217,723.0,464.2,interp,0.38,711.6,583.8,383.2,0.0,656.7,1167.5,1,292.6,0,0,shot_pb=1.00|flight_commit=1.00|person_ctx=4|edge_zoom=0.991|bounds
218,732.4,466.0,interp,0.38,719.7,583.6,391.4,0.0,656.6,1167.2,1,291.3,0,1,shot_pb=1.00|flight_commit=1.00|keepin_prop=0.06|keepin_zoom=1.350|edge_zoom=0.985|bounds
219,742.2,468.0,interp,0.38,728.1,583.4,400.0,0.0,656.3,1166.8,1,289.9,0,1,shot_pb=1.00|flight_commit=1.00|keepin_prop=0.00|keepin_zoom=1.350|edge_zoom=0.987|bounds
220,752.3,470.4,interp,0.38,737.0,583.1,409.0,0.0,656.0,1166.3,1,288.7,0,0,shot_pb=1.00|flight_commit=1.00|person_ctx=4|edge_zoom=0.994|bounds
221,762.9,473.0,interp,0.38,746.4,582.8,418.5,0.0,655.7,1165.7,1,287.5,0,1,shot_pb=1.00|flight_commit=1.00|person_ctx=4|keepin_prop=0.00|keepin_zoom=1.350|edge_zoom=0.989|bounds
222,774.1,476.0,interp,0.38,756.3,582.5,428.6,0.0,655.4,1165.1,1,286.2,0,0,shot_pb=1.00|flight_commit=1.00|person_ctx=4|edge_zoom=0.997|bounds
223,785.9,479.5,interp,0.38,766.9,582.3,439.4,0.0,655.1,1164.6,1,285.0,0,1,shot_pb=1.00|flight_commit=1.00|keepin_prop=0.02|keepin_zoom=1.350|edge_zoom=0.990|bounds
224,798.5,483.3,interp,0.38,778.1,582.1,450.7,0.0,654.8,1164.2,1,283.6,0,0,shot_pb=1.00|flight_commit=1.00|person_ctx=4|bounds
225,811.9,487.7,interp,0.38,790.1,582.0,462.8,0.0,654.7,1163.9,1,282.2,0,1,shot_pb=1.00|flight_commit=1.00|person_ctx=4|keepin_prop=0.01|keepin_zoom=1.350|edge_zoom=0.993|bounds
226,826.4,492.7,interp,0.38,802.8,581.9,475.5,0.0,654.7,1163.9,1,280.4,0,0,shot_pb=1.00|flight_commit=1.00|pb_zfit|edge_zoom=0.996|bounds
227,842.0,498.4,interp,0.38,816.3,582.0,488.9,0.0,654.8,1164.0,1,278.3,0,1,shot_pb=1.00|flight_commit=1.00|pb_zfit|keepin_prop=0.01|keepin_zoom=1.350|edge_zoom=0.997|bounds
228,858.9,504.9,interp,0.38,830.5,582.2,503.0,0.0,655.0,1164.4,1,275.6,0,0,accel_zoom=0.945|shot_pb=1.00|flight_commit=1.00|pb_zfit|edge_zoom=0.991|bounds
229,877.4,512.2,interp,0.38,845.3,582.4,517.7,0.0,655.2,1164.8,1,271.9,0,1,accel_zoom=0.939|shot_pb=1.00|flight_commit=1.00|pb_zfit|keepin_prop=0.00|keepin_zoom=1.350|edge_zoom=0.999|bounds
230,897.5,520.5,interp,0.38,860.7,582.7,532.9,0.0,655.5,1165.4,1,267.2,0,0,accel_zoom=0.933|shot_pb=1.00|flight_commit=1.00|pb_zfit|edge_zoom=0.986|bounds
231,919.7,529.9,interp,0.38,876.5,583.0,548.6,0.0,655.9,1166.0,1,260.8,0,0,accel_zoom=0.926|shot_pb=1.00|flight_commit=1.00|pb_zfit|edge_zoom=0.982|bounds
232,944.1,540.6,interp,0.38,892.6,583.3,564.5,0.0,656.2,1166.6,1,252.5,0,1,accel_zoom=0.918|shot_pb=1.00|flight_commit=1.00|pb_zfit|keepin_prop=0.00|keepin_zoom=1.350|edge_zoom=0.990|bounds
233,982.9,560.1,blended,0.66,908.9,583.6,580.7,0.0,656.5,1167.2,1,230.0,0,0,accel_zoom=0.864|shot_pb=1.00|flight_commit=1.00|pb_zfit|edge_zoom=0.971|bounds
234,1018.6,576.9,centroid,0.22,925.2,583.8,596.8,0.0,656.8,1167.6,1,210.6,0,0,accel_zoom=0.864|shot_pb=1.00|flight_commit=1.00|pb_zfit|edge_zoom=0.966|bounds
235,1044.1,587.9,centroid,0.23,941.2,584.0,612.7,0.0,657.0,1168.0,1,201.1,0,0,accel_zoom=0.864|shot_pb=1.00|flight_commit=1.00|pb_zfit|edge_zoom=0.964|bounds
236,1067.6,597.7,centroid,0.23,956.9,584.2,628.3,0.0,657.2,1168.3,1,193.3,0,1,accel_zoom=0.864|shot_pb=1.00|flight_commit=1.00|pb_zfit|keepin_prop=0.00|keepin_zoom=1.350|flight_boost=1.00|edge_zoom=0.972|bounds
237,1089.0,606.4,centroid,0.23,972.0,584.3,643.3,0.0,657.3,1168.5,1,187.0,0,0,accel_zoom=0.864|shot_pb=1.00|flight_commit=1.00|pb_zfit|flight_boost=1.01|edge_zoom=0.959|bounds
238,1108.6,614.0,centroid,0.23,986.4,584.3,657.7,0.0,657.4,1168.7,1,181.8,0,0,accel_zoom=0.864|shot_pb=1.00|flight_commit=1.00|pb_zfit|edge_zoom=0.957|bounds
239,1126.4,620.7,centroid,0.24,999.9,584.4,671.2,0.0,657.4,1168.8,1,177.5,0,1,accel_zoom=0.864|shot_pb=1.00|flight_commit=1.00|pb_zfit|keepin_prop=0.02|keepin_zoom=1.350|edge_zoom=0.963|bounds
240,1142.5,626.3,centroid,0.24,1012.5,584.4,683.8,0.0,657.5,1168.9,1,174.0,0,0,shot_pb=1.00|flight_commit=1.00|pb_zfit|edge_zoom=0.954|bounds
241,1157.0,631.1,centroid,0.24,1024.1,584.4,695.3,0.0,657.5,1168.9,1,171.1,0,1,shot_pb=1.00|flight_commit=1.00|pb_zfit|keepin_prop=0.01|keepin_zoom=1.350|edge_zoom=0.961|bounds
242,1170.0,635.0,centroid,0.24,1034.5,584.5,705.8,0.0,657.5,1168.9,1,168.5,0,0,shot_pb=1.00|flight_commit=1.00|pb_zfit|edge_zoom=0.952|bounds
243,1181.5,638.1,centroid,0.25,1043.8,584.5,715.0,0.0,657.5,1168.9,1,166.3,0,1,shot_pb=1.00|flight_commit=1.00|pb_zfit|keepin_prop=0.01|keepin_zoom=1.350|edge_zoom=0.958|bounds
244,1191.6,640.5,centroid,0.25,1051.8,584.5,723.1,0.0,657.5,1168.9,1,164.2,0,0,shot_pb=1.00|flight_commit=1.00|pb_zfit|edge_zoom=0.952|bounds
245,1200.4,642.1,centroid,0.25,1058.6,584.5,729.8,0.0,657.5,1168.9,1,162.2,0,1,shot_pb=1.00|conf_zoom=0.70|pb_zfit|keepin_prop=0.03|keepin_zoom=1.350|edge_zoom=0.956|bounds
246,1208.0,643.0,centroid,0.25,1064.0,584.5,735.3,0.0,657.5,1168.9,1,160.0,0,0,shot_pb=1.00|conf_zoom=0.69|pb_zfit|conf_speed=0.83|edge_zoom=0.954|bounds
247,1214.4,643.3,centroid,0.26,1068.1,584.5,739.3,0.0,657.5,1168.9,1,157.7,0,1,shot_pb=1.00|conf_zoom=0.69|pb_zfit|keepin_prop=0.05|keepin_zoom=1.350|edge_zoom=0.953|bounds
248,1219.6,643.0,centroid,0.26,1070.7,584.5,742.0,0.0,657.5,1168.9,1,155.1,0,1,shot_pb=1.00|conf_zoom=0.69|pb_zfit|keepin_prop=0.00|keepin_zoom=1.350|conf_speed=0.83|edge_zoom=0.958|bounds
249,1223.9,642.1,centroid,0.26,1071.9,584.5,743.1,0.0,657.5,1168.9,1,152.0,0,0,shot_pb=1.00|conf_zoom=0.69|pb_zfit|conf_speed=0.83|edge_zoom=0.964|bounds
250,1227.1,640.7,centroid,0.27,1071.6,584.5,742.8,0.0,657.5,1168.9,1,148.5,0,1,shot_pb=1.00|conf_zoom=0.69|pb_zfit|keepin_prop=0.02|keepin_zoom=1.350|conf_speed=0.83|edge_zoom=0.957|bounds
251,1229.5,638.8,centroid,0.27,1069.9,584.5,741.1,0.0,657.5,1168.9,1,144.4,0,0,shot_pb=1.00|conf_zoom=0.69|pb_zfit|conf_speed=0.83|edge_zoom=0.977|bounds
252,1231.0,636.5,centroid,0.27,1066.7,584.5,737.9,0.0,657.5,1168.9,1,139.7,0,0,shot_pb=1.00|conf_zoom=0.69|pb_zfit|conf_speed=0.83|edge_zoom=0.997|bounds
253,1231.7,633.8,centroid,0.27,1062.2,584.5,733.5,0.0,657.5,1168.9,1,134.5,0,0,shot_pb=1.00|conf_zoom=0.69|pb_zfit|conf_speed=0.83|bounds
254,1231.8,630.7,centroid,0.28,1056.5,584.5,727.8,0.0,657.5,1168.9,1,128.7,0,0,shot_pb=1.00|conf_zoom=0.70|pb_zfit|conf_speed=0.83|edge_zoom=0.994|bounds
255,1231.2,627.4,centroid,0.28,1049.8,584.5,721.1,0.0,657.5,1168.9,1,122.6,0,0,shot_pb=1.00|conf_zoom=0.70|pb_zfit|conf_speed=0.83|edge_zoom=0.991|bounds
256,1230.0,623.8,centroid,0.28,1042.3,584.5,713.5,0.0,657.5,1168.9,1,116.3,0,0,shot_pb=1.00|flight_commit=1.00|pb_zfit|edge_zoom=0.990|bounds
257,1228.4,620.1,centroid,0.28,1034.1,584.5,705.3,0.0,657.5,1168.9,1,109.7,0,0,shot_pb=1.00|flight_commit=1.00|pb_zfit|edge_zoom=0.991|bounds
258,1226.2,616.2,centroid,0.29,1025.5,584.5,696.7,0.0,657.5,1168.9,1,103.3,0,0,shot_pb=1.00|flight_commit=1.00|pb_zfit|edge_zoom=0.992|bounds
259,1223.7,612.2,centroid,0.29,1016.7,584.5,687.9,0.0,657.5,1168.9,1,97.0,0,0,shot_pb=1.00|flight_commit=1.00|pb_zfit|edge_zoom=0.993|bounds
260,1220.9,608.2,centroid,0.29,1007.9,584.5,679.1,0.0,657.5,1168.9,1,91.0,0,0,shot_pb=1.00|flight_commit=1.00|pb_zfit|edge_zoom=0.961|bounds
261,1217.7,604.1,centroid,0.29,999.2,584.5,670.5,0.0,657.5,1168.9,1,85.5,0,0,shot_pb=1.00|flight_commit=1.00|pb_zfit|edge_zoom=0.941|bounds
262,1214.2,600.1,centroid,0.30,990.8,584.5,662.1,0.0,657.5,1168.9,1,80.6,0,0,shot_pb=1.00|flight_commit=1.00|pb_zfit|edge_zoom=0.930|bounds
263,1210.5,596.1,centroid,0.30,982.7,584.5,654.0,0.0,657.5,1168.9,1,76.2,0,0,shot_pb=1.00|flight_commit=1.00|pb_zfit|edge_zoom=0.919|bounds
264,1206.2,592.1,centroid,0.30,975.0,584.5,646.2,0.0,657.5,1168.9,1,72.8,0,0,shot_pb=1.00|flight_commit=1.00|pb_zfit|edge_zoom=0.907|bounds
265,1201.7,588.2,centroid,0.30,967.6,584.5,638.8,0.0,657.5,1168.9,1,69.9,0,0,shot_pb=1.00|flight_commit=1.00|pb_zfit|edge_zoom=0.904|bounds
266,1197.0,584.4,centroid,0.30,960.4,584.5,631.6,0.0,657.5,1168.9,1,67.4,0,0,shot_pb=1.00|flight_commit=1.00|pb_zfit|edge_zoom=0.901|bounds
267,1192.2,580.9,centroid,0.30,953.4,584.5,624.7,0.0,657.5,1168.9,1,65.2,0,0,shot_pb=1.00|flight_commit=1.00|pb_zfit|edge_zoom=0.898|bounds
268,1187.3,577.5,centroid,0.30,946.5,584.5,617.8,0.0,657.5,1168.9,1,63.2,0,0,shot_pb=1.00|flight_commit=1.00|pb_zfit|edge_zoom=0.895|bounds
269,1182.2,574.4,centroid,0.30,939.6,584.5,610.9,0.0,657.5,1168.9,1,61.4,0,0,shot_pb=1.00|flight_commit=1.00|pb_zfit|edge_zoom=0.892|bounds
270,1177.0,571.5,centroid,0.30,932.6,584.5,603.9,0.0,657.5,1168.9,1,59.6,0,0,shot_pb=1.00|flight_commit=1.00|pb_zfit|edge_zoom=0.889|bounds
271,1171.5,568.8,centroid,0.30,925.4,584.5,596.6,0.0,657.5,1168.9,1,57.9,0,0,shot_pb=1.00|flight_commit=1.00|pb_zfit|edge_zoom=0.887|bounds
272,1165.7,566.3,centroid,0.30,917.8,584.5,589.1,0.0,657.5,1168.9,1,56.1,0,0,shot_pb=1.00|flight_commit=1.00|pb_zfit|edge_zoom=0.885|bounds
273,1159.4,564.0,centroid,0.30,910.0,584.5,581.2,0.0,657.5,1168.9,1,54.6,0,0,shot_pb=1.00|flight_commit=1.00|pb_zfit|edge_zoom=0.884|bounds
274,1152.7,561.8,centroid,0.30,901.7,584.5,572.9,0.0,657.5,1168.9,1,53.0,0,0,shot_pb=1.00|flight_commit=1.00|pb_zfit|edge_zoom=0.884|bounds
275,1145.3,559.8,centroid,0.30,893.0,584.5,564.3,0.0,657.5,1168.9,1,51.7,0,0,shot_pb=1.00|flight_commit=1.00|pb_zfit|edge_zoom=0.885|bounds
276,1137.1,557.8,centroid,0.30,884.0,584.5,555.2,0.0,657.5,1168.9,1,50.9,0,0,shot_pb=1.00|flight_commit=1.00|pb_zfit|edge_zoom=0.887|bounds
277,1127.9,555.9,centroid,0.30,874.8,584.5,546.0,0.0,657.5,1168.9,1,50.9,0,0,shot_pb=1.00|flight_commit=1.00|pb_zfit|edge_zoom=0.890|bounds
278,1117.5,553.9,centroid,0.30,865.4,584.5,536.6,0.0,657.5,1168.9,1,51.9,0,0,shot_pb=1.00|flight_commit=1.00|pb_zfit|edge_zoom=0.894|bounds
279,1105.7,551.9,centroid,0.30,856.1,584.5,527.3,0.0,657.5,1168.9,1,54.4,0,0,shot_pb=1.00|flight_commit=1.00|pb_zfit|edge_zoom=0.899|bounds
280,1092.3,549.7,centroid,0.30,847.0,584.5,518.3,0.0,657.5,1168.9,1,58.7,0,0,shot_pb=1.00|flight_commit=1.00|pb_zfit|edge_zoom=0.906|bounds
281,1076.8,547.3,centroid,0.30,838.6,584.5,509.8,0.0,657.5,1168.9,1,65.8,0,0,shot_pb=1.00|flight_commit=1.00|pb_zfit|edge_zoom=0.914|bounds
282,1059.1,544.7,centroid,0.30,830.9,584.5,502.1,0.0,657.5,1168.9,1,75.8,0,0,accel_zoom=0.942|shot_pb=1.00|flight_commit=1.00|pb_zfit|edge_zoom=0.923|bounds
283,1013.5,537.4,yolo,0.47,824.4,584.5,495.6,0.0,657.5,1168.9,1,114.9,0,0,accel_zoom=0.846|shot_pb=1.00|flight_commit=1.00|pb_zfit|edge_zoom=0.995|bounds
284,996.4,535.0,interp,0.38,819.2,584.5,490.5,0.0,657.5,1168.9,1,126.8,0,1,shot_pb=1.00|flight_commit=1.00|pb_zfit|keepin_prop=0.00|keepin_zoom=1.350|edge_zoom=0.992|bounds
285,982.3,533.2,interp,0.38,815.7,584.5,486.9,0.0,657.5,1168.9,1,137.4,0,0,shot_pb=1.00|flight_commit=1.00|pb_zfit|edge_zoom=0.996|bounds
286,971.1,532.0,interp,0.38,814.0,584.5,485.3,0.0,657.5,1168.9,1,146.9,0,1,shot_pb=1.00|flight_commit=1.00|pb_zfit|keepin_prop=0.01|keepin_zoom=1.350|edge_zoom=0.993|bounds
287,962.5,531.3,interp,0.38,814.3,584.5,485.6,0.0,657.5,1168.9,1,155.8,0,0,shot_pb=1.00|flight_commit=1.00|pb_zfit|edge_zoom=0.995|bounds
288,956.4,531.2,yolo,0.48,816.6,584.5,487.9,0.0,657.5,1168.9,1,164.2,0,1,shot_pb=1.00|flight_commit=1.00|pb_zfit|keepin_prop=0.04|keepin_zoom=1.350|edge_zoom=0.992|bounds
289,953.3,531.7,yolo,0.53,820.9,584.5,492.1,0.0,657.5,1168.9,1,171.6,0,1,shot_pb=1.00|flight_commit=1.00|pb_zfit|keepin_prop=0.00|keepin_zoom=1.350|edge_zoom=0.993|bounds
290,952.4,532.7,yolo,0.56,827.0,584.5,498.2,0.0,657.5,1168.9,1,178.6,0,0,shot_pb=1.00|flight_commit=1.00|pb_zfit|edge_zoom=0.972|bounds
291,953.3,534.2,yolo,0.55,834.7,584.5,505.9,0.0,657.5,1168.9,1,185.4,0,0,shot_pb=1.00|flight_commit=1.00|pb_zfit|edge_zoom=0.968|bounds
292,955.7,535.9,yolo,0.54,843.7,584.5,515.0,0.0,657.5,1168.9,1,192.0,0,0,shot_pb=1.00|flight_commit=1.00|pb_zfit|edge_zoom=0.975|bounds
293,959.4,538.0,yolo,0.54,853.8,584.5,525.1,0.0,657.5,1168.9,1,198.4,0,0,shot_pb=1.00|flight_commit=1.00|pb_zfit|edge_zoom=0.977|bounds
294,964.4,540.4,yolo,0.52,864.7,584.5,536.0,0.0,657.5,1168.9,1,204.3,0,0,shot_pb=1.00|flight_commit=1.00|pb_zfit|edge_zoom=0.978|bounds
295,970.7,543.2,yolo,0.54,876.0,584.5,547.3,0.0,657.5,1168.9,1,209.3,0,1,shot_pb=1.00|flight_commit=1.00|pb_zfit|keepin_prop=0.01|keepin_zoom=1.350|edge_zoom=0.989|bounds
296,978.0,546.1,yolo,0.48,887.5,584.5,558.8,0.0,657.5,1168.9,1,213.5,0,0,shot_pb=1.00|flight_commit=1.00|pb_zfit|edge_zoom=0.978|bounds
297,986.0,549.2,yolo,0.43,899.0,584.5,570.2,0.0,657.5,1168.9,1,217.0,0,1,shot_pb=1.00|flight_commit=1.00|pb_zfit|keepin_prop=0.02|keepin_zoom=1.350|edge_zoom=0.987|bounds
298,994.8,552.2,yolo,0.43,910.2,584.5,581.4,0.0,657.5,1168.9,1,219.4,0,0,shot_pb=1.00|flight_commit=1.00|pb_zfit|edge_zoom=0.977|bounds
299,1004.4,555.3,yolo,0.47,921.1,584.5,592.3,0.0,657.5,1168.9,1,220.7,0,1,shot_pb=1.00|flight_commit=1.00|pb_zfit|keepin_prop=0.03|keepin_zoom=1.350|edge_zoom=0.984|bounds
300,1014.6,558.5,yolo,0.42,931.6,584.5,602.8,0.0,657.5,1168.9,1,221.0,0,0,shot_pb=1.00|flight_commit=1.00|pb_zfit|edge_zoom=0.976|bounds
301,1025.0,561.8,yolo,0.39,941.6,584.5,612.9,0.0,657.5,1168.9,1,220.6,0,1,shot_pb=1.00|flight_commit=1.00|pb_zfit|keepin_prop=0.03|keepin_zoom=1.350|edge_zoom=0.982|bounds
302,1035.4,565.1,yolo,0.36,951.3,584.5,622.5,0.0,657.5,1168.9,1,219.9,0,0,shot_pb=1.00|flight_commit=1.00|pb_zfit|edge_zoom=0.974|bounds
303,1045.6,568.4,yolo,0.34,960.6,584.5,631.8,0.0,657.5,1168.9,1,219.0,0,1,shot_pb=1.00|flight_commit=1.00|pb_zfit|keepin_prop=0.03|keepin_zoom=1.350|edge_zoom=0.980|bounds
304,1055.8,571.8,yolo,0.39,969.6,584.5,640.8,0.0,657.5,1168.9,1,217.8,0,0,shot_pb=1.00|flight_commit=1.00|pb_zfit|edge_zoom=0.971|bounds
305,1062.0,574.1,yolo,0.34,978.4,584.5,649.6,0.0,657.5,1168.9,1,220.4,0,1,shot_pb=1.00|flight_commit=1.00|pb_zfit|keepin_prop=0.03|keepin_zoom=1.350|edge_zoom=0.978|bounds
306,1070.8,577.1,yolo,0.34,986.9,584.5,658.2,0.0,657.5,1168.9,1,220.1,0,0,shot_pb=1.00|flight_commit=1.00|pb_zfit|edge_zoom=0.969|bounds
307,1083.5,581.2,yolo,0.35,995.4,584.5,666.6,0.0,657.5,1168.9,1,215.9,0,1,shot_pb=1.00|flight_commit=1.00|pb_zfit|keepin_prop=0.03|keepin_zoom=1.350|edge_zoom=0.976|bounds
308,1096.6,585.4,yolo,0.36,1003.7,584.5,674.9,0.0,657.5,1168.9,1,211.1,0,0,shot_pb=1.00|flight_commit=1.00|pb_zfit|edge_zoom=0.967|bounds
309,1109.7,589.5,yolo,0.45,1011.9,584.5,683.1,0.0,657.5,1168.9,1,206.2,0,1,shot_pb=1.00|flight_commit=1.00|pb_zfit|keepin_prop=0.02|keepin_zoom=1.350|edge_zoom=0.974|bounds
310,1122.4,593.7,yolo,0.54,1020.0,584.5,691.2,0.0,657.5,1168.9,1,201.6,0,0,shot_pb=1.00|flight_commit=1.00|pb_zfit|edge_zoom=0.964|bounds
311,1134.8,597.7,yolo,0.55,1028.0,584.5,699.2,0.0,657.5,1168.9,1,197.2,0,1,shot_pb=1.00|flight_commit=1.00|pb_zfit|keepin_prop=0.01|keepin_zoom=1.350|edge_zoom=0.971|bounds
312,1146.6,601.7,yolo,0.55,1035.9,584.5,707.1,0.0,657.5,1168.9,1,193.3,0,0,shot_pb=1.00|flight_commit=1.00|pb_zfit|edge_zoom=0.962|bounds
313,1157.7,605.5,yolo,0.54,1043.7,584.5,714.9,0.0,657.5,1168.9,1,190.0,0,1,shot_pb=1.00|flight_commit=1.00|pb_zfit|keepin_prop=0.02|keepin_zoom=1.350|edge_zoom=0.969|bounds
314,1168.3,609.1,yolo,0.54,1051.2,584.5,722.5,0.0,657.5,1168.9,1,186.9,0,0,shot_pb=1.00|flight_commit=1.00|pb_zfit|edge_zoom=0.959|bounds
315,1178.4,612.6,yolo,0.51,1058.6,584.5,729.9,0.0,657.5,1168.9,1,184.2,0,1,shot_pb=1.00|flight_commit=1.00|pb_zfit|keepin_prop=0.02|keepin_zoom=1.350|edge_zoom=0.966|bounds
316,1187.7,616.1,yolo,0.58,1065.8,584.5,737.0,0.0,657.5,1168.9,1,182.1,0,0,shot_pb=1.00|flight_commit=1.00|person_ctx=4|pb_zfit|edge_zoom=0.956|bounds
317,1196.2,619.5,yolo,0.63,1072.7,584.5,743.9,0.0,657.5,1168.9,1,180.5,0,1,shot_pb=1.00|flight_commit=1.00|person_ctx=4|pb_zfit|keepin_prop=0.02|keepin_zoom=1.350|edge_zoom=0.964|bounds
318,1204.0,622.8,yolo,0.63,1079.3,584.5,750.5,0.0,657.5,1168.9,1,179.3,0,0,shot_pb=1.00|flight_commit=1.00|person_ctx=4|pb_zfit|edge_zoom=0.953|bounds
319,1211.2,626.2,yolo,0.58,1085.6,584.5,756.8,0.0,657.5,1168.9,1,178.4,0,1,shot_pb=1.00|flight_commit=1.00|person_ctx=4|pb_zfit|keepin_prop=0.02|keepin_zoom=1.350|edge_zoom=0.961|bounds
320,1217.9,629.5,yolo,0.53,1091.6,584.5,762.8,0.0,657.5,1168.9,1,177.7,0,0,shot_pb=1.00|flight_commit=1.00|person_ctx=4|pb_zfit|edge_zoom=0.949|bounds
321,1224.1,632.7,yolo,0.55,1097.2,584.5,768.4,0.0,657.5,1168.9,1,177.1,0,1,shot_pb=1.00|flight_commit=1.00|person_ctx=4|pb_zfit|keepin_prop=0.03|keepin_zoom=1.350|edge_zoom=0.959|bounds
322,1229.9,635.7,yolo,0.56,1102.4,584.5,773.7,0.0,657.5,1168.9,1,176.5,0,0,shot_pb=1.00|flight_commit=1.00|person_ctx=4|pb_zfit|edge_zoom=0.947|bounds
323,1235.4,638.7,yolo,0.54,1107.3,584.5,778.5,0.0,657.5,1168.9,1,175.9,0,1,shot_pb=1.00|flight_commit=1.00|pb_zfit|keepin_prop=0.03|keepin_zoom=1.350|edge_zoom=0.957|bounds
324,1240.5,641.5,interp,0.38,1111.7,584.5,782.9,0.0,657.5,1168.9,1,175.2,0,0,shot_pb=1.00|flight_commit=1.00|person_ctx=4|pb_zfit|edge_zoom=0.945|bounds
325,1245.3,644.1,interp,0.38,1115.6,584.5,786.9,0.0,657.5,1168.9,1,174.3,0,1,shot_pb=1.00|flight_commit=1.00|person_ctx=4|pb_zfit|keepin_prop=0.03|keepin_zoom=1.350|edge_zoom=0.955|bounds
326,1249.9,646.7,interp,0.38,1119.0,584.5,790.3,0.0,657.5,1168.9,1,173.1,0,0,shot_pb=1.00|flight_commit=1.00|person_ctx=4|pb_zfit|edge_zoom=0.942|bounds
327,1254.2,649.3,interp,0.38,1121.9,584.5,793.1,0.0,657.5,1168.9,1,171.7,0,1,shot_pb=1.00|flight_commit=1.00|person_ctx=4|pb_zfit|keepin_prop=0.03|keepin_zoom=1.350|edge_zoom=0.953|bounds
328,1258.3,651.8,interp,0.38,1124.1,584.5,795.3,0.0,657.5,1168.9,1,169.8,0,0,shot_pb=1.00|flight_commit=1.00|person_ctx=4|pb_zfit|edge_zoom=0.940|bounds
329,1262.3,654.3,interp,0.38,1125.6,584.5,796.8,0.0,657.5,1168.9,1,167.3,0,1,shot_pb=1.00|flight_commit=1.00|pb_zfit|keepin_prop=0.03|keepin_zoom=1.350|edge_zoom=0.951|bounds
330,1266.1,656.7,yolo,0.58,1126.4,584.5,797.7,0.0,657.5,1168.9,1,164.3,0,0,shot_pb=1.00|flight_commit=1.00|person_ctx=4|pb_zfit|edge_zoom=0.938|bounds
331,1270.7,659.7,yolo,0.52,1126.5,584.5,797.7,0.0,657.5,1168.9,1,159.8,0,1,shot_pb=1.00|flight_commit=1.00|person_ctx=4|pb_zfit|keepin_prop=0.03|keepin_zoom=1.350|edge_zoom=0.950|bounds
332,1274.9,662.4,yolo,0.48,1125.8,584.5,797.1,0.0,657.5,1168.9,1,154.9,0,0,shot_pb=1.00|flight_commit=1.00|person_ctx=4|pb_zfit|edge_zoom=0.936|bounds
333,1278.0,664.6,interp,0.38,1124.6,584.5,795.8,0.0,657.5,1168.9,1,150.6,0,1,shot_pb=1.00|flight_commit=1.00|person_ctx=4|pb_zfit|keepin_prop=0.02|keepin_zoom=1.350|edge_zoom=0.949|bounds
334,1280.5,666.7,interp,0.38,1122.8,584.5,794.0,0.0,657.5,1168.9,1,146.3,0,0,shot_pb=1.00|flight_commit=1.00|pb_zfit|edge_zoom=0.932|bounds
335,1282.5,668.6,yolo,0.55,1120.7,584.5,791.9,0.0,657.5,1168.9,1,142.2,0,1,shot_pb=1.00|flight_commit=1.00|pb_zfit|keepin_prop=0.01|keepin_zoom=1.350|edge_zoom=0.949|bounds
336,1284.5,670.5,yolo,0.49,1118.6,584.5,789.8,0.0,657.5,1168.9,1,138.1,0,0,shot_pb=1.00|flight_commit=1.00|pb_zfit|edge_zoom=0.930|bounds
337,1285.5,672.1,yolo,0.45,1116.7,584.5,788.0,0.0,657.5,1168.9,1,135.2,0,0,shot_pb=1.00|flight_commit=1.00|pb_zfit|edge_zoom=0.924|bounds
338,1285.2,673.5,yolo,0.47,1115.5,584.5,786.8,0.0,657.5,1168.9,1,134.3,1,0,shot_pb=1.00|flight_commit=1.00|pb_zfit|speed|edge_zoom=0.922|bounds
339,1283.5,674.5,yolo,0.52,1115.4,584.5,786.6,0.0,657.5,1168.9,1,135.9,0,0,shot_pb=1.00|flight_commit=1.00|pb_zfit|edge_zoom=0.933|bounds
340,1272.1,673.1,yolo,0.47,1116.6,584.5,787.8,0.0,657.5,1168.9,1,148.5,0,0,shot_pb=1.00|flight_commit=1.00|pb_zfit|edge_zoom=0.952|bounds
341,1257.1,670.8,yolo,0.45,1119.5,584.5,790.7,0.0,657.5,1168.9,1,166.4,0,0,shot_pb=1.00|flight_commit=1.00|pb_zfit|edge_zoom=0.883|bounds
342,1247.5,669.8,yolo,0.45,1124.3,584.5,795.5,0.0,657.5,1168.9,1,180.8,0,0,shot_pb=1.00|flight_commit=1.00|pb_zfit|edge_zoom=0.869|bounds
343,1245.5,670.7,yolo,0.42,1131.1,584.5,802.3,0.0,657.5,1168.9,1,189.6,0,0,shot_pb=1.00|flight_commit=1.00|pb_zfit|edge_zoom=0.866|bounds
344,1260.6,676.0,yolo,0.49,1139.9,584.5,811.1,0.0,657.5,1168.9,1,183.3,0,0,accel_zoom=0.944|shot_pb=1.00|flight_commit=1.00|pb_zfit|edge_zoom=0.938|bounds
345,1286.4,684.0,yolo,0.56,1150.6,584.5,821.9,0.0,657.5,1168.9,1,168.2,0,0,accel_zoom=0.907|shot_pb=1.00|flight_commit=1.00|pb_zfit|edge_zoom=0.936|bounds
346,1313.6,692.2,yolo,0.60,1163.1,584.5,834.4,0.0,657.5,1168.9,1,153.5,0,0,accel_zoom=0.905|shot_pb=1.00|flight_commit=1.00|pb_zfit|edge_zoom=0.934|bounds
347,1340.0,700.2,yolo,0.63,1177.0,584.5,848.3,0.0,657.5,1168.9,1,141.0,0,0,accel_zoom=0.905|shot_pb=1.00|flight_commit=1.00|pb_zfit|edge_zoom=0.931|bounds
348,1365.2,707.8,yolo,0.63,1192.0,584.5,863.3,0.0,657.5,1168.9,1,130.8,0,1,accel_zoom=0.905|shot_pb=1.00|flight_commit=1.00|pb_zfit|keepin_prop=0.00|keepin_zoom=1.350|edge_zoom=0.937|bounds
349,1389.3,715.1,yolo,0.66,1207.8,584.5,879.0,0.0,657.5,1168.9,1,122.5,0,0,accel_zoom=0.905|shot_pb=1.00|flight_commit=1.00|pb_zfit|edge_zoom=0.927|bounds
350,1412.4,722.1,yolo,0.62,1223.9,584.5,895.1,0.0,657.5,1168.9,1,115.5,0,0,accel_zoom=0.905|shot_pb=1.00|flight_commit=1.00|pb_zfit|edge_zoom=0.925|bounds
351,1434.4,728.7,yolo,0.62,1240.0,584.5,911.2,0.0,657.5,1168.9,1,109.6,0,1,accel_zoom=0.905|shot_pb=1.00|flight_commit=1.00|pb_zfit|keepin_prop=0.01|keepin_zoom=1.350|edge_zoom=0.930|bounds
352,1455.1,734.9,yolo,0.62,1255.8,584.5,927.0,0.0,657.5,1168.9,1,104.7,0,0,accel_zoom=0.905|shot_pb=1.00|flight_commit=1.00|pb_zfit|edge_zoom=0.921|bounds
353,1474.5,740.7,yolo,0.67,1271.0,584.5,942.2,0.0,657.5,1168.9,1,100.5,0,1,accel_zoom=0.905|shot_pb=1.00|flight_commit=1.00|person_ctx=4|pb_zfit|keepin_prop=0.00|keepin_zoom=1.350|edge_zoom=0.927|bounds
354,1492.9,746.3,yolo,0.68,1285.5,584.5,956.7,0.0,657.5,1168.9,1,96.6,0,0,accel_zoom=0.905|shot_pb=1.00|flight_commit=1.00|pb_zfit|edge_zoom=0.917|bounds
355,1510.3,751.6,yolo,0.68,1299.0,584.5,970.2,0.0,657.5,1168.9,1,92.7,1,0,accel_zoom=0.905|shot_pb=1.00|flight_commit=1.00|pb_zfit|speed|edge_zoom=0.916|bounds
356,1526.5,756.7,yolo,0.69,1311.4,584.5,982.6,0.0,657.5,1168.9,1,88.9,0,1,shot_pb=1.00|flight_commit=1.00|pb_zfit|keepin_prop=0.03|keepin_zoom=1.350|edge_zoom=0.917|bounds
357,1541.5,761.4,yolo,0.70,1322.6,584.5,993.8,0.0,657.5,1168.9,1,85.1,1,0,shot_pb=1.00|flight_commit=1.00|pb_zfit|speed|edge_zoom=0.917|bounds
358,1555.3,765.9,yolo,0.64,1332.5,584.5,1003.7,0.0,657.5,1168.9,1,81.2,1,1,shot_pb=1.00|flight_commit=1.00|pb_zfit|keepin_prop=0.01|keepin_zoom=1.350|speed|edge_zoom=0.918|bounds
359,1568.1,770.3,yolo,0.67,1341.1,584.5,1012.3,0.0,657.5,1168.9,1,77.0,1,0,shot_pb=1.00|flight_commit=1.00|pb_zfit|speed|edge_zoom=0.918|bounds
360,1579.8,774.4,yolo,0.67,1348.3,584.5,1019.6,0.0,657.5,1168.9,1,72.5,1,1,shot_pb=1.00|flight_commit=1.00|pb_zfit|keepin_prop=0.01|keepin_zoom=1.350|speed|edge_zoom=0.918|bounds
361,1590.3,778.4,yolo,0.70,1354.1,584.5,1025.4,0.0,657.5,1168.9,1,67.8,1,0,shot_pb=1.00|flight_commit=1.00|pb_zfit|speed|edge_zoom=0.919|bounds
362,1599.4,782.0,yolo,0.72,1358.5,584.5,1029.8,0.0,657.5,1168.9,1,63.1,1,1,shot_pb=1.00|flight_commit=1.00|person_ctx=3|pb_zfit|keepin_prop=0.02|keepin_zoom=1.350|speed|edge_zoom=0.918|bounds
363,1607.0,785.4,yolo,0.62,1361.4,584.5,1032.7,0.0,657.5,1168.9,1,58.4,1,0,shot_pb=1.00|flight_commit=1.00|pb_zfit|speed|edge_zoom=0.919|bounds
364,1613.2,788.6,yolo,0.52,1362.8,584.5,1034.1,0.0,657.5,1168.9,1,53.6,1,1,shot_pb=1.00|flight_commit=1.00|pb_zfit|keepin_prop=0.02|keepin_zoom=1.350|speed|edge_zoom=0.917|bounds
365,1617.7,791.5,yolo,0.59,1362.7,584.5,1033.9,0.0,657.5,1168.9,1,49.0,1,1,shot_pb=1.00|flight_commit=1.00|pb_zfit|keepin_prop=0.00|keepin_zoom=1.350|speed|edge_zoom=0.920|bounds
366,1620.3,794.0,yolo,0.66,1361.0,584.5,1032.2,0.0,657.5,1168.9,1,44.7,1,1,shot_pb=1.00|flight_commit=1.00|pb_zfit|keepin_prop=0.00|keepin_zoom=1.350|speed|edge_zoom=0.920|bounds
367,1620.9,795.9,yolo,0.72,1357.6,584.5,1028.8,0.0,657.5,1168.9,1,40.7,1,0,shot_pb=1.00|flight_commit=1.00|pb_zfit|speed|edge_zoom=0.920|bounds
368,1619.2,797.4,interp,0.38,1352.5,584.5,1023.7,0.0,657.5,1168.9,1,37.3,1,1,shot_pb=1.00|flight_commit=1.00|pb_zfit|keepin_prop=0.00|keepin_zoom=1.350|speed|edge_zoom=0.920|bounds
369,1615.5,798.4,yolo,0.67,1345.5,584.5,1016.7,0.0,657.5,1168.9,1,34.0,1,1,shot_pb=1.00|flight_commit=1.00|pb_zfit|keepin_prop=0.00|keepin_zoom=1.350|speed|edge_zoom=0.920|bounds
370,1609.6,799.1,yolo,0.65,1336.6,584.5,1007.9,0.0,657.5,1168.9,1,31.0,1,1,shot_pb=1.00|flight_commit=1.00|pb_zfit|keepin_prop=0.01|keepin_zoom=1.350|speed|edge_zoom=0.921|bounds
371,1601.2,799.1,yolo,0.69,1325.7,584.5,996.9,0.0,657.5,1168.9,1,28.5,1,1,shot_pb=1.00|flight_commit=1.00|pb_zfit|keepin_prop=0.01|keepin_zoom=1.350|speed|edge_zoom=0.920|bounds
372,1590.2,798.6,yolo,0.73,1312.6,584.5,983.8,0.0,657.5,1168.9,1,26.4,1,1,shot_pb=1.00|flight_commit=1.00|pb_zfit|keepin_prop=0.01|keepin_zoom=1.350|speed|edge_zoom=0.920|bounds
373,1576.3,797.4,yolo,0.71,1297.2,584.5,968.5,0.0,657.5,1168.9,1,24.9,1,1,shot_pb=1.00|flight_commit=1.00|pb_zfit|keepin_prop=0.01|keepin_zoom=1.350|speed|edge_zoom=0.920|bounds
374,1559.3,795.6,yolo,0.62,1279.6,584.5,950.8,0.0,657.5,1168.9,1,24.3,1,1,accel_zoom=0.944|shot_pb=1.00|flight_commit=1.00|pb_zfit|keepin_prop=0.01|keepin_zoom=1.350|speed|edge_zoom=0.919|bounds
375,1539.0,793.2,yolo,0.60,1259.5,584.5,930.8,0.0,657.5,1168.9,1,24.5,1,1,accel_zoom=0.934|shot_pb=1.00|flight_commit=1.00|pb_zfit|keepin_prop=0.01|keepin_zoom=1.350|speed|edge_zoom=0.918|bounds
376,1515.1,790.0,yolo,0.65,1237.2,584.5,908.4,0.0,657.5,1168.9,1,26.1,1,1,accel_zoom=0.922|shot_pb=1.00|flight_commit=1.00|pb_zfit|keepin_prop=0.00|keepin_zoom=1.350|speed|edge_zoom=0.917|bounds
377,1487.8,786.0,yolo,0.69,1212.6,584.5,883.9,0.0,657.5,1168.9,1,28.8,1,1,accel_zoom=0.911|shot_pb=1.00|flight_commit=1.00|pb_zfit|keepin_prop=0.00|keepin_zoom=1.350|speed|edge_zoom=0.917|bounds
378,1456.6,781.1,yolo,0.68,1186.1,584.5,857.4,0.0,657.5,1168.9,1,33.5,1,1,accel_zoom=0.898|shot_pb=1.00|flight_commit=1.00|pb_zfit|keepin_prop=0.00|keepin_zoom=1.350|speed|edge_zoom=0.916|bounds
379,1416.0,773.8,interp,0.38,1158.0,584.5,829.2,0.0,657.5,1168.9,1,46.0,0,1,accel_zoom=0.867|shot_pb=1.00|flight_commit=1.00|pb_zfit|keepin_prop=0.00|keepin_zoom=1.350|edge_zoom=0.916|bounds
380,1372.7,765.9,yolo,0.57,1128.6,584.5,799.8,0.0,657.5,1168.9,1,59.9,1,0,accel_zoom=0.859|shot_pb=1.00|flight_commit=1.00|pb_zfit|speed|edge_zoom=0.924|bounds
381,1326.8,757.3,interp,0.38,1098.5,584.5,769.7,0.0,657.5,1168.9,1,75.7,0,0,accel_zoom=0.851|shot_pb=1.00|flight_commit=1.00|pb_zfit|flight_boost=1.08|edge_zoom=0.927|bounds
382,1280.5,748.5,interp,0.38,1068.1,584.5,739.3,0.0,657.5,1168.9,1,91.6,0,0,accel_zoom=0.851|shot_pb=1.00|flight_commit=1.00|pb_zfit|flight_boost=1.16|edge_zoom=0.930|bounds
383,1235.2,740.0,yolo,0.49,1038.2,584.5,709.4,0.0,657.5,1168.9,1,107.0,0,0,accel_zoom=0.851|shot_pb=1.00|flight_commit=1.00|pb_zfit|flight_boost=1.22|edge_zoom=0.932|bounds
384,1196.4,732.9,interp,0.38,1009.3,584.5,680.5,0.0,657.5,1168.9,1,116.9,0,0,accel_zoom=0.851|shot_pb=1.00|flight_commit=1.00|pb_zfit|flight_boost=1.25|edge_zoom=0.934|bounds
385,1160.0,726.3,interp,0.38,982.0,584.5,653.2,0.0,657.5,1168.9,1,126.0,0,0,accel_zoom=0.851|shot_pb=1.00|flight_commit=1.00|pb_zfit|flight_boost=1.27|edge_zoom=0.936|bounds
386,1126.3,720.5,interp,0.38,957.0,584.5,628.2,0.0,657.5,1168.9,1,134.7,0,0,accel_zoom=0.851|shot_pb=1.00|flight_commit=1.00|pb_zfit|flight_boost=1.25|edge_zoom=0.938|bounds
387,1095.5,715.4,interp,0.38,934.7,584.5,606.0,0.0,657.5,1168.9,1,143.2,0,0,accel_zoom=0.851|shot_pb=1.00|flight_commit=1.00|person_ctx=3|pb_zfit|flight_boost=1.21|edge_zoom=0.939|bounds
388,1068.1,711.3,interp,0.38,915.7,584.5,586.9,0.0,657.5,1168.9,1,151.6,0,0,accel_zoom=0.851|shot_pb=1.00|flight_commit=1.00|pb_zfit|flight_boost=1.16|edge_zoom=0.940|bounds
389,1044.4,708.2,yolo,0.42,900.2,584.5,571.4,0.0,657.5,1168.9,1,159.8,0,0,accel_zoom=0.851|shot_pb=1.00|flight_commit=1.00|pb_zfit|flight_boost=1.09|edge_zoom=0.941|bounds
390,1027.8,707.2,interp,0.38,888.5,584.5,559.7,0.0,657.5,1168.9,1,164.7,0,1,shot_pb=1.00|flight_commit=1.00|pb_zfit|keepin_prop=0.00|keepin_zoom=1.350|flight_boost=1.01|edge_zoom=0.937|bounds
391,1015.2,707.3,interp,0.38,880.6,584.5,551.9,0.0,657.5,1168.9,1,169.4,0,0,shot_pb=1.00|flight_commit=1.00|pb_zfit|edge_zoom=0.937|bounds
392,1006.3,708.7,interp,0.38,876.7,584.5,547.9,0.0,657.5,1168.9,1,174.4,0,1,shot_pb=1.00|flight_commit=1.00|pb_zfit|keepin_prop=0.01|keepin_zoom=1.350|edge_zoom=0.935|bounds
393,1001.1,711.1,interp,0.38,876.5,584.5,547.7,0.0,657.5,1168.9,1,179.4,0,0,shot_pb=1.00|flight_commit=1.00|pb_zfit|edge_zoom=0.924|bounds
394,999.4,714.8,interp,0.38,879.7,584.5,551.0,0.0,657.5,1168.9,1,184.3,1,0,shot_pb=1.00|flight_commit=1.00|pb_zfit|speed|edge_zoom=0.916|bounds
395,1001.2,719.7,interp,0.38,886.2,584.5,557.4,0.0,657.5,1168.9,1,189.0,1,0,shot_pb=1.00|flight_commit=1.00|pb_zfit|speed|edge_zoom=0.917|bounds
396,1006.7,725.9,interp,0.38,895.4,584.5,566.6,0.0,657.5,1168.9,1,192.7,1,0,shot_pb=1.00|flight_commit=1.00|pb_zfit|speed|edge_zoom=0.917|bounds
397,1016.0,733.5,interp,0.38,906.8,584.5,578.1,0.0,657.5,1168.9,1,194.8,1,0,shot_pb=1.00|flight_commit=1.00|pb_zfit|speed|edge_zoom=0.917|bounds
398,1029.1,742.5,interp,0.38,920.1,584.5,591.3,0.0,657.5,1168.9,1,195.0,1,0,shot_pb=1.00|flight_commit=1.00|pb_zfit|speed|edge_zoom=0.918|bounds
399,1046.4,753.1,yolo,0.38,934.8,584.5,606.0,0.0,657.5,1168.9,1,192.4,1,0,accel_zoom=0.930|shot_pb=1.00|flight_commit=1.00|pb_zfit|speed|edge_zoom=0.918|bounds
400,1074.7,768.5,yolo,0.43,950.4,584.5,621.6,0.0,657.5,1168.9,1,179.7,1,0,accel_zoom=0.893|shot_pb=1.00|flight_commit=1.00|pb_zfit|speed|edge_zoom=0.916|bounds
401,1107.2,785.4,yolo,0.44,966.6,584.5,637.8,0.0,657.5,1168.9,1,163.4,1,0,accel_zoom=0.879|shot_pb=1.00|flight_commit=1.00|pb_zfit|speed|edge_zoom=0.915|bounds
402,1140.4,802.3,yolo,0.46,983.1,584.5,654.3,0.0,657.5,1168.9,1,146.7,1,1,accel_zoom=0.879|shot_pb=1.00|flight_commit=1.00|pb_zfit|keepin_prop=0.00|keepin_zoom=1.350|speed|edge_zoom=0.915|bounds
403,1170.6,817.4,interp,0.38,999.7,584.5,671.0,0.0,657.5,1168.9,1,133.1,1,1,accel_zoom=0.879|shot_pb=1.00|flight_commit=1.00|pb_zfit|keepin_prop=0.01|keepin_zoom=1.350|speed|edge_zoom=0.915|bounds
404,1201.0,832.3,yolo,0.40,1016.4,584.5,687.6,0.0,657.5,1168.9,1,119.4,1,1,accel_zoom=0.879|shot_pb=1.00|flight_commit=1.00|pb_zfit|keepin_prop=0.03|keepin_zoom=1.350|flight_boost=1.01|speed|edge_zoom=0.915|bounds
405,1233.2,847.8,yolo,0.52,1032.9,584.5,704.1,0.0,657.5,1168.9,1,103.7,1,1,accel_zoom=0.879|shot_pb=1.00|flight_commit=1.00|pb_zfit|keepin_prop=0.05|keepin_zoom=1.350|flight_boost=1.06|speed|edge_zoom=0.909|bounds
406,1263.8,862.4,yolo,0.54,1049.3,584.5,720.5,0.0,657.5,1168.9,1,89.5,1,1,accel_zoom=0.879|shot_pb=1.00|flight_commit=1.00|pb_zfit|keepin_prop=0.08|keepin_zoom=1.350|flight_boost=1.10|speed|edge_zoom=0.901|bounds
407,1292.2,875.8,yolo,0.55,1065.4,584.5,736.7,0.0,657.5,1168.9,1,77.2,1,1,accel_zoom=0.879|shot_pb=1.00|flight_commit=1.00|pb_zfit|keepin_prop=0.11|keepin_zoom=1.350|flight_boost=1.10|speed|edge_zoom=0.893|bounds
408,1317.2,887.6,interp,0.38,1081.4,584.5,752.6,0.0,657.5,1168.9,1,68.2,1,1,accel_zoom=0.879|shot_pb=1.00|flight_commit=1.00|pb_zfit|keepin_prop=0.14|keepin_zoom=1.350|flight_boost=1.07|speed|edge_zoom=0.884|bounds
409,1340.3,898.5,yolo,0.49,1097.1,584.5,768.3,0.0,657.5,1168.9,1,60.8,1,1,accel_zoom=0.879|shot_pb=1.00|flight_commit=1.00|pb_zfit|keepin_prop=0.17|keepin_zoom=1.350|flight_boost=1.04|speed|edge_zoom=0.875|bounds
410,1360.5,907.8,interp,0.38,1112.4,584.5,783.7,0.0,657.5,1168.9,1,55.9,1,1,accel_zoom=0.879|shot_pb=1.00|flight_commit=1.00|pb_zfit|keepin_prop=0.20|keepin_zoom=1.350|flight_boost=1.01|speed|edge_zoom=0.867|bounds
411,1379.0,916.1,interp,0.38,1127.4,584.5,798.7,0.0,657.5,1168.9,1,52.4,1,1,accel_zoom=0.879|shot_pb=1.00|flight_commit=1.00|pb_zfit|keepin_prop=0.23|keepin_zoom=1.350|speed|edge_zoom=0.859|bounds
412,1396.1,923.7,interp,0.38,1141.9,584.5,813.2,0.0,657.5,1168.9,1,49.8,1,1,accel_zoom=0.879|shot_pb=1.00|flight_commit=1.00|pb_zfit|keepin_prop=0.26|keepin_zoom=1.350|speed|edge_zoom=0.851|bounds
413,1411.8,930.6,interp,0.38,1155.8,584.5,827.0,0.0,657.5,1168.9,1,48.0,1,1,shot_pb=1.00|flight_commit=1.00|pb_zfit|keepin_prop=0.29|keepin_zoom=1.350|speed|edge_zoom=0.844|bounds
414,1426.2,936.8,interp,0.38,1169.0,584.5,840.2,0.0,657.5,1168.9,1,46.8,1,1,shot_pb=1.00|flight_commit=1.00|pb_zfit|keepin_prop=0.31|keepin_zoom=1.350|speed|edge_zoom=0.837|bounds
415,1439.4,942.5,interp,0.38,1181.3,584.5,852.5,0.0,657.5,1168.9,1,45.9,1,1,shot_pb=1.00|flight_commit=1.00|pb_zfit|keepin_prop=0.34|keepin_zoom=1.350|speed|edge_zoom=0.830|bounds
416,1451.6,947.6,interp,0.38,1192.6,584.5,863.8,0.0,657.5,1168.9,1,45.0,1,1,shot_pb=1.00|flight_commit=1.00|pb_zfit|keepin_prop=0.36|keepin_zoom=1.350|speed|edge_zoom=0.824|bounds
417,1462.7,952.2,interp,0.38,1202.8,584.5,874.0,0.0,657.5,1168.9,1,44.1,1,1,shot_pb=1.00|flight_commit=1.00|pb_zfit|keepin_prop=0.38|keepin_zoom=1.350|speed|edge_zoom=0.818|bounds
418,1472.9,956.4,interp,0.38,1211.7,584.5,882.9,0.0,657.5,1168.9,1,42.8,1,1,shot_pb=1.00|flight_commit=1.00|pb_zfit|keepin_prop=0.40|keepin_zoom=1.350|speed|edge_zoom=0.813|bounds
419,1482.2,960.1,interp,0.38,1219.2,584.5,890.4,0.0,657.5,1168.9,1,41.0,1,1,shot_pb=1.00|flight_commit=1.00|pb_zfit|keepin_prop=0.42|keepin_zoom=1.350|speed|edge_zoom=0.808|bounds
420,1490.5,963.4,interp,0.38,1225.2,584.5,896.4,0.0,657.5,1168.9,1,38.7,1,1,shot_pb=1.00|flight_commit=1.00|pb_zfit|keepin_prop=0.44|keepin_zoom=1.350|speed|edge_zoom=0.803|bounds
421,1497.8,966.3,yolo,0.46,1229.5,584.5,900.8,0.0,657.5,1168.9,1,35.7,1,1,shot_pb=1.00|flight_commit=1.00|pb_zfit|keepin_prop=0.45|keepin_zoom=1.350|speed|edge_zoom=0.799|bounds
422,1508.2,969.4,yolo,0.44,1232.1,584.5,903.3,0.0,657.5,1168.9,1,27.9,1,1,shot_pb=1.00|flight_commit=1.00|pb_zfit|keepin_prop=0.48|keepin_zoom=1.350|speed|edge_zoom=0.792|bounds
423,1515.3,971.5,yolo,0.41,1232.8,584.5,904.1,0.0,657.5,1168.9,1,21.5,1,1,shot_pb=1.00|flight_commit=1.00|pb_zfit|keepin_prop=0.49|keepin_zoom=1.350|speed|edge_zoom=0.789|bounds
424,1518.7,972.7,yolo,0.42,1235.0,584.5,906.2,0.0,657.5,1168.9,1,20.3,1,1,shot_pb=1.00|flight_commit=1.00|pb_zfit|keepin_prop=0.49|keepin_zoom=1.350|speed|edge_zoom=0.789|bounds
425,1518.2,973.3,yolo,0.38,1234.4,584.5,905.7,0.0,657.5,1168.9,1,20.2,1,1,shot_pb=1.00|flight_commit=1.00|pb_zfit|keepin_prop=0.44|keepin_zoom=1.350|speed|edge_zoom=0.802|bounds
426,1514.2,973.2,interp,0.32,1230.4,584.5,901.6,0.0,657.5,1168.9,1,20.2,1,1,shot_pb=1.00|flight_commit=1.00|pb_zfit|keepin_prop=0.54|keepin_zoom=1.350|speed|edge_zoom=0.775|bounds
427,1505.5,972.4,interp,0.32,1221.7,584.5,893.0,0.0,657.5,1168.9,1,20.2,1,1,shot_pb=1.00|flight_commit=1.00|pb_zfit|keepin_prop=0.55|keepin_zoom=1.350|speed|edge_zoom=0.774|bounds
428,1491.5,970.8,interp,0.32,1208.0,584.5,879.3,0.0,657.5,1168.9,1,20.5,1,1,shot_pb=1.00|flight_commit=1.00|pb_zfit|keepin_prop=0.54|keepin_zoom=1.350|speed|edge_zoom=0.775|bounds
429,1445.5,964.8,centroid,0.23,1197.7,584.5,868.9,0.0,657.5,1168.9,1,56.2,1,1,accel_zoom=0.849|shot_pb=1.00|flight_commit=1.00|pb_zfit|keepin_prop=0.51|keepin_zoom=1.350|speed|edge_zoom=0.784|bounds
430,1423.3,962.2,centroid,0.23,1185.9,584.5,857.1,0.0,657.5,1168.9,1,66.6,1,1,accel_zoom=0.849|shot_pb=1.00|flight_commit=1.00|pb_zfit|keepin_prop=0.49|keepin_zoom=1.350|speed|edge_zoom=0.788|bounds
431,1400.9,959.5,centroid,0.24,1172.7,584.5,843.9,0.0,657.5,1168.9,1,75.8,1,1,accel_zoom=0.849|shot_pb=1.00|flight_commit=1.00|pb_zfit|keepin_prop=0.48|keepin_zoom=1.350|speed|edge_zoom=0.791|bounds
432,1378.3,956.7,centroid,0.24,1158.4,584.5,829.6,0.0,657.5,1168.9,1,84.1,1,1,accel_zoom=0.849|shot_pb=1.00|flight_commit=1.00|pb_zfit|keepin_prop=0.47|keepin_zoom=1.350|speed|edge_zoom=0.795|bounds
433,1355.4,953.9,centroid,0.24,1143.1,584.5,814.4,0.0,657.5,1168.9,1,91.7,1,1,accel_zoom=0.849|shot_pb=1.00|flight_commit=1.00|pb_zfit|keepin_prop=0.45|keepin_zoom=1.350|speed|edge_zoom=0.799|bounds
434,1332.1,951.0,centroid,0.24,1127.0,584.5,798.3,0.0,657.5,1168.9,1,98.9,1,1,accel_zoom=0.849|shot_pb=1.00|flight_commit=1.00|pb_zfit|keepin_prop=0.44|keepin_zoom=1.350|speed|edge_zoom=0.803|bounds
435,1308.4,948.1,centroid,0.25,1110.3,584.5,781.5,0.0,657.5,1168.9,1,105.9,1,1,accel_zoom=0.849|shot_pb=1.00|flight_commit=1.00|pb_zfit|keepin_prop=0.42|keepin_zoom=1.350|speed|edge_zoom=0.807|bounds
436,1284.2,945.0,centroid,0.25,1093.0,584.5,764.3,0.0,657.5,1168.9,1,112.8,1,1,accel_zoom=0.849|shot_pb=1.00|flight_commit=1.00|pb_zfit|keepin_prop=0.41|keepin_zoom=1.350|speed|edge_zoom=0.811|bounds
437,1259.6,941.7,centroid,0.25,1075.4,584.5,746.6,0.0,657.5,1168.9,1,119.8,1,1,accel_zoom=0.849|shot_pb=1.00|flight_commit=1.00|pb_zfit|keepin_prop=0.39|keepin_zoom=1.350|speed|edge_zoom=0.815|bounds
438,1234.5,938.3,centroid,0.25,1057.4,584.5,728.6,0.0,657.5,1168.9,1,126.9,1,1,accel_zoom=0.849|shot_pb=1.00|flight_commit=1.00|pb_zfit|keepin_prop=0.38|keepin_zoom=1.350|speed|edge_zoom=0.819|bounds
439,1209.0,934.8,centroid,0.26,1039.2,584.5,710.5,0.0,657.5,1168.9,1,134.2,1,1,accel_zoom=0.849|shot_pb=1.00|conf_zoom=0.70|pb_zfit|keepin_prop=0.36|keepin_zoom=1.350|speed|edge_zoom=0.823|bounds
440,1183.1,931.1,centroid,0.26,1020.9,584.5,692.2,0.0,657.5,1168.9,1,141.8,1,1,accel_zoom=0.849|shot_pb=1.00|conf_zoom=0.70|pb_zfit|keepin_prop=0.35|keepin_zoom=1.350|speed|edge_zoom=0.828|bounds
441,1156.8,927.2,centroid,0.26,1002.6,584.5,673.8,0.0,657.5,1168.9,1,149.8,1,1,accel_zoom=0.849|shot_pb=1.00|conf_zoom=0.69|pb_zfit|keepin_prop=0.33|keepin_zoom=1.350|speed|edge_zoom=0.832|bounds
442,1130.4,923.2,centroid,0.27,984.2,584.5,655.4,0.0,657.5,1168.9,1,157.8,1,1,accel_zoom=0.849|shot_pb=1.00|conf_zoom=0.69|pb_zfit|keepin_prop=0.31|keepin_zoom=1.350|speed|edge_zoom=0.837|bounds
443,1103.7,918.9,centroid,0.27,965.8,584.5,637.1,0.0,657.5,1168.9,1,166.1,1,1,accel_zoom=0.849|shot_pb=1.00|conf_zoom=0.69|pb_zfit|keepin_prop=0.30|keepin_zoom=1.350|speed|edge_zoom=0.841|bounds
444,1077.0,914.5,centroid,0.27,947.6,584.5,618.8,0.0,657.5,1168.9,1,174.6,1,1,accel_zoom=0.849|shot_pb=1.00|conf_zoom=0.70|pb_zfit|keepin_prop=0.28|keepin_zoom=1.350|speed|edge_zoom=0.846|bounds
445,1050.3,909.8,centroid,0.27,929.5,584.5,600.8,0.0,657.5,1168.9,1,183.2,1,1,accel_zoom=0.849|shot_pb=1.00|conf_zoom=0.70|pb_zfit|keepin_prop=0.26|keepin_zoom=1.350|speed|edge_zoom=0.851|bounds
446,1023.9,905.0,centroid,0.28,911.7,584.5,582.9,0.0,657.5,1168.9,1,191.8,1,1,accel_zoom=0.849|shot_pb=1.00|conf_zoom=0.70|pb_zfit|keepin_prop=0.25|keepin_zoom=1.350|speed|edge_zoom=0.855|bounds
447,997.9,900.0,centroid,0.28,894.2,584.5,565.4,0.0,657.5,1168.9,1,200.3,1,1,accel_zoom=0.849|shot_pb=1.00|flight_commit=1.00|pb_zfit|keepin_prop=0.23|keepin_zoom=1.350|speed|edge_zoom=0.860|bounds
448,972.4,894.8,centroid,0.28,877.1,584.5,548.3,0.0,657.5,1168.9,1,208.7,1,1,accel_zoom=0.849|shot_pb=1.00|flight_commit=1.00|pb_zfit|keepin_prop=0.21|keepin_zoom=1.350|speed|edge_zoom=0.865|bounds
449,947.6,889.4,centroid,0.28,860.4,584.5,531.6,0.0,657.5,1168.9,1,216.8,1,1,accel_zoom=0.849|shot_pb=1.00|flight_commit=1.00|pb_zfit|keepin_prop=0.19|keepin_zoom=1.350|speed|edge_zoom=0.869|bounds
450,923.8,883.8,centroid,0.29,844.3,584.5,515.5,0.0,657.5,1168.9,1,224.5,1,1,accel_zoom=0.849|shot_pb=1.00|flight_commit=1.00|pb_zfit|keepin_prop=0.18|keepin_zoom=1.350|speed|edge_zoom=0.874|bounds
451,901.2,878.2,centroid,0.29,828.8,584.5,500.1,0.0,657.5,1168.9,1,231.6,1,1,accel_zoom=0.849|shot_pb=1.00|flight_commit=1.00|pb_zfit|keepin_prop=0.16|keepin_zoom=1.350|speed|edge_zoom=0.878|bounds
452,879.9,872.4,centroid,0.29,814.1,584.5,485.4,0.0,657.5,1168.9,1,238.2,1,1,accel_zoom=0.849|shot_pb=1.00|flight_commit=1.00|pb_zfit|keepin_prop=0.15|keepin_zoom=1.350|speed|edge_zoom=0.883|bounds
453,860.2,866.6,centroid,0.29,800.3,584.5,471.5,0.0,657.5,1168.9,1,244.1,1,1,accel_zoom=0.849|shot_pb=1.00|flight_commit=1.00|keepin_prop=0.13|keepin_zoom=1.350|speed|edge_zoom=0.887|bounds
454,842.4,860.7,centroid,0.30,787.4,584.5,458.6,0.0,657.5,1168.9,1,249.0,1,1,shot_pb=1.00|flight_commit=1.00|keepin_prop=0.12|keepin_zoom=1.350|speed|edge_zoom=0.890|bounds
455,826.7,854.8,centroid,0.30,775.5,584.5,446.7,0.0,657.5,1168.9,1,252.8,1,1,shot_pb=1.00|flight_commit=1.00|keepin_prop=0.11|keepin_zoom=1.350|speed|edge_zoom=0.894|bounds
456,814.8,849.2,centroid,0.30,764.8,584.5,436.0,0.0,657.5,1168.9,1,254.0,1,1,shot_pb=1.00|flight_commit=1.00|keepin_prop=0.10|keepin_zoom=1.350|speed|edge_zoom=0.896|bounds
457,805.2,843.8,centroid,0.30,755.3,584.5,426.5,0.0,657.5,1168.9,1,254.1,1,1,shot_pb=1.00|flight_commit=1.00|keepin_prop=0.09|keepin_zoom=1.350|speed|edge_zoom=0.898|bounds
458,798.0,838.4,centroid,0.30,747.1,584.5,418.3,0.0,657.5,1168.9,1,253.1,1,1,shot_pb=1.00|flight_commit=1.00|keepin_prop=0.08|keepin_zoom=1.350|speed|edge_zoom=0.900|bounds
459,793.2,833.2,centroid,0.30,740.4,584.5,411.6,0.0,657.5,1168.9,1,251.2,1,1,shot_pb=1.00|flight_commit=1.00|keepin_prop=0.08|keepin_zoom=1.350|speed|edge_zoom=0.901|bounds
460,790.7,828.1,centroid,0.30,735.2,584.5,406.4,0.0,657.5,1168.9,1,248.5,1,1,shot_pb=1.00|flight_commit=1.00|keepin_prop=0.08|keepin_zoom=1.350|speed|edge_zoom=0.902|bounds
461,790.5,823.3,centroid,0.30,731.6,584.5,402.8,0.0,657.5,1168.9,1,245.1,1,1,shot_pb=1.00|flight_commit=1.00|keepin_prop=0.07|keepin_zoom=1.350|speed|edge_zoom=0.903|bounds
462,792.6,818.7,centroid,0.30,729.8,584.5,401.0,0.0,657.5,1168.9,1,241.2,1,1,shot_pb=1.00|flight_commit=1.00|keepin_prop=0.06|keepin_zoom=1.350|speed|edge_zoom=0.906|bounds
463,797.1,814.4,centroid,0.30,729.9,584.5,401.2,0.0,657.5,1168.9,1,236.8,1,1,shot_pb=1.00|flight_commit=1.00|keepin_prop=0.04|keepin_zoom=1.350|speed|edge_zoom=0.911|bounds
464,804.1,810.5,centroid,0.30,732.1,584.5,403.3,0.0,657.5,1168.9,1,232.0,1,1,shot_pb=1.00|flight_commit=1.00|keepin_prop=0.03|keepin_zoom=1.350|speed|edge_zoom=0.914|bounds
465,813.5,807.0,centroid,0.30,736.5,584.5,407.7,0.0,657.5,1168.9,1,227.0,1,1,shot_pb=1.00|flight_commit=1.00|keepin_prop=0.02|keepin_zoom=1.350|speed|edge_zoom=0.916|bounds
466,825.6,803.9,centroid,0.30,743.3,584.5,414.5,0.0,657.5,1168.9,1,221.7,1,1,shot_pb=1.00|flight_commit=1.00|keepin_prop=0.02|keepin_zoom=1.350|speed|edge_zoom=0.918|bounds
467,840.3,801.4,centroid,0.30,752.7,584.5,423.9,0.0,657.5,1168.9,1,216.4,1,1,shot_pb=1.00|flight_commit=1.00|pb_zfit|keepin_prop=0.01|keepin_zoom=1.350|speed|edge_zoom=0.919|bounds
468,858.0,799.6,centroid,0.30,764.8,584.5,436.1,0.0,657.5,1168.9,1,210.8,1,1,shot_pb=1.00|flight_commit=1.00|pb_zfit|keepin_prop=0.01|keepin_zoom=1.350|speed|edge_zoom=0.920|bounds
469,878.6,798.4,centroid,0.30,779.8,584.5,451.1,0.0,657.5,1168.9,1,205.2,1,1,accel_zoom=0.944|shot_pb=1.00|flight_commit=1.00|pb_zfit|keepin_prop=0.01|keepin_zoom=1.350|speed|edge_zoom=0.919|bounds
470,902.4,798.1,centroid,0.30,797.9,584.5,469.1,0.0,657.5,1168.9,1,199.5,1,1,accel_zoom=0.933|shot_pb=1.00|flight_commit=1.00|person_ctx=4|pb_zfit|keepin_prop=0.01|keepin_zoom=1.350|speed|edge_zoom=0.918|bounds
471,929.7,798.7,centroid,0.30,818.9,584.5,490.2,0.0,657.5,1168.9,1,193.2,1,1,accel_zoom=0.922|shot_pb=1.00|flight_commit=1.00|pb_zfit|keepin_prop=0.01|keepin_zoom=1.350|speed|edge_zoom=0.917|bounds
472,960.8,800.3,centroid,0.30,843.0,584.5,514.2,0.0,657.5,1168.9,1,186.2,1,1,accel_zoom=0.909|shot_pb=1.00|flight_commit=1.00|pb_zfit|keepin_prop=0.01|keepin_zoom=1.350|speed|edge_zoom=0.917|bounds
473,996.0,803.1,centroid,0.30,870.0,584.5,541.3,0.0,657.5,1168.9,1,178.0,1,1,accel_zoom=0.895|shot_pb=1.00|flight_commit=1.00|person_ctx=4|pb_zfit|keepin_prop=0.01|keepin_zoom=1.350|speed|edge_zoom=0.916|bounds
474,1035.7,807.3,centroid,0.30,899.8,584.5,571.1,0.0,657.5,1168.9,1,168.1,1,1,accel_zoom=0.879|shot_pb=1.00|flight_commit=1.00|pb_zfit|keepin_prop=0.01|keepin_zoom=1.350|speed|edge_zoom=0.915|bounds
475,1080.4,812.9,centroid,0.30,932.2,584.5,603.5,0.0,657.5,1168.9,1,155.8,1,1,accel_zoom=0.862|shot_pb=1.00|flight_commit=1.00|pb_zfit|keepin_prop=0.02|keepin_zoom=1.350|flight_boost=1.04|speed|edge_zoom=0.909|bounds
476,1130.6,820.1,centroid,0.30,967.0,584.5,638.3,0.0,657.5,1168.9,1,140.4,1,1,accel_zoom=0.843|shot_pb=1.00|flight_commit=1.00|pb_zfit|keepin_prop=0.02|keepin_zoom=1.350|flight_boost=1.13|speed|edge_zoom=0.900|bounds
477,1186.9,829.2,centroid,0.30,1003.8,584.5,675.0,0.0,657.5,1168.9,1,120.9,0,1,accel_zoom=0.822|shot_pb=1.00|flight_commit=1.00|pb_zfit|keepin_prop=0.03|keepin_zoom=1.350|flight_boost=1.23|edge_zoom=0.880|bounds
478,1312.6,857.8,yolo,0.42,1042.0,584.5,713.2,0.0,657.5,1168.9,1,33.4,0,1,accel_zoom=0.780|shot_pb=1.00|flight_commit=1.00|pb_zfit|keepin_prop=0.08|keepin_zoom=1.350|flight_boost=1.52|edge_zoom=0.750|bounds
479,1366.0,866.5,interp,0.38,1082.2,584.5,753.5,0.0,657.5,1168.9,1,20.2,1,1,accel_zoom=0.780|shot_pb=1.00|flight_commit=1.00|pb_zfit|keepin_prop=0.10|keepin_zoom=1.350|flight_boost=1.59|speed|edge_zoom=0.863|bounds
480,1412.0,873.2,interp,0.38,1128.2,584.5,799.4,0.0,657.5,1168.9,1,20.2,1,1,accel_zoom=0.780|shot_pb=1.00|flight_commit=1.00|person_ctx=4|pb_zfit|keepin_prop=0.12|keepin_zoom=1.350|flight_boost=1.62|speed|edge_zoom=0.873|bounds
481,1451.3,878.1,interp,0.38,1167.6,584.5,838.8,0.0,657.5,1168.9,1,20.3,1,1,accel_zoom=0.780|shot_pb=1.00|flight_commit=1.00|pb_zfit|keepin_prop=0.13|keepin_zoom=1.350|flight_boost=1.62|speed|edge_zoom=0.874|bounds
482,1484.9,881.6,interp,0.38,1201.2,584.5,872.4,0.0,657.5,1168.9,1,20.3,1,1,accel_zoom=0.780|shot_pb=1.00|flight_commit=1.00|pb_zfit|keepin_prop=0.15|keepin_zoom=1.350|flight_boost=1.58|speed|edge_zoom=0.877|bounds
483,1513.4,883.7,interp,0.38,1229.7,584.5,900.9,0.0,657.5,1168.9,1,20.3,1,1,accel_zoom=0.780|shot_pb=1.00|flight_commit=1.00|pb_zfit|keepin_prop=0.15|keepin_zoom=1.350|flight_boost=1.52|speed|edge_zoom=0.880|bounds
484,1537.4,884.7,yolo,0.37,1253.7,584.5,924.9,0.0,657.5,1168.9,1,20.3,1,1,accel_zoom=0.780|shot_pb=1.00|flight_commit=1.00|pb_zfit|keepin_prop=0.16|keepin_zoom=1.350|flight_boost=1.42|speed|edge_zoom=0.879|bounds
485,1557.0,884.5,interp,0.38,1273.2,584.5,944.4,0.0,657.5,1168.9,1,20.2,1,1,shot_pb=1.00|flight_commit=1.00|pb_zfit|keepin_prop=0.16|keepin_zoom=1.350|flight_boost=1.11|speed|edge_zoom=0.878|bounds
486,1573.1,883.4,interp,0.38,1289.3,584.5,960.6,0.0,657.5,1168.9,1,20.2,1,1,shot_pb=1.00|flight_commit=1.00|pb_zfit|keepin_prop=0.16|keepin_zoom=1.350|flight_boost=1.00|speed|edge_zoom=0.878|bounds
487,1586.3,881.6,interp,0.38,1302.5,584.5,973.8,0.0,657.5,1168.9,1,20.2,1,1,shot_pb=1.00|flight_commit=1.00|pb_zfit|keepin_prop=0.16|keepin_zoom=1.350|speed|edge_zoom=0.878|bounds
488,1597.1,879.1,interp,0.38,1317.2,584.5,988.5,0.0,657.5,1168.9,1,24.1,1,1,shot_pb=1.00|flight_commit=1.00|pb_zfit|keepin_prop=0.16|keepin_zoom=1.350|speed|edge_zoom=0.878|bounds
489,1605.8,876.0,interp,0.38,1331.0,584.5,1002.2,0.0,657.5,1168.9,1,29.2,1,1,shot_pb=1.00|flight_commit=1.00|pb_zfit|keepin_prop=0.16|keepin_zoom=1.350|speed|edge_zoom=0.878|bounds
490,1612.9,872.4,yolo,0.34,1343.1,584.5,1014.4,0.0,657.5,1168.9,1,34.2,1,1,shot_pb=1.00|flight_commit=1.00|pb_zfit|keepin_prop=0.16|keepin_zoom=1.350|speed|edge_zoom=0.879|bounds
491,1619.4,868.7,interp,0.38,1353.6,584.5,1024.8,0.0,657.5,1168.9,1,38.2,1,1,shot_pb=1.00|flight_commit=1.00|pb_zfit|keepin_prop=0.15|keepin_zoom=1.350|speed|edge_zoom=0.881|bounds
492,1624.7,864.5,interp,0.38,1362.4,584.5,1033.6,0.0,657.5,1168.9,1,41.7,1,1,shot_pb=1.00|flight_commit=1.00|pb_zfit|keepin_prop=0.15|keepin_zoom=1.350|speed|edge_zoom=0.882|bounds
493,1629.1,860.1,interp,0.38,1369.7,584.5,1040.9,0.0,657.5,1168.9,1,44.6,1,1,shot_pb=1.00|flight_commit=1.00|pb_zfit|keepin_prop=0.14|keepin_zoom=1.350|speed|edge_zoom=0.883|bounds
494,1632.7,855.3,interp,0.38,1375.5,584.5,1046.8,0.0,657.5,1168.9,1,46.8,1,1,shot_pb=1.00|flight_commit=1.00|pb_zfit|keepin_prop=0.14|keepin_zoom=1.350|speed|edge_zoom=0.885|bounds
495,1635.5,850.3,interp,0.38,1380.0,584.5,1051.3,0.0,657.5,1168.9,1,48.5,1,1,shot_pb=1.00|flight_commit=1.00|pb_zfit|keepin_prop=0.13|keepin_zoom=1.350|speed|edge_zoom=0.888|bounds
496,1637.7,845.0,yolo,0.32,1383.4,584.5,1054.6,0.0,657.5,1168.9,1,49.7,1,1,shot_pb=1.00|flight_commit=1.00|pb_zfit|keepin_prop=0.12|keepin_zoom=1.350|speed|edge_zoom=0.891|bounds
497,1640.7,838.6,yolo,0.31,1385.6,584.5,1056.8,0.0,657.5,1168.9,1,48.9,1,1,shot_pb=1.00|flight_commit=1.00|pb_zfit|keepin_prop=0.10|keepin_zoom=1.350|speed|edge_zoom=0.895|bounds
498,1642.9,832.5,yolo,0.34,1386.8,584.5,1058.0,0.0,657.5,1168.9,1,47.9,1,1,shot_pb=1.00|flight_commit=1.00|pb_zfit|keepin_prop=0.09|keepin_zoom=1.350|speed|edge_zoom=0.898|bounds
499,1643.0,826.9,interp,0.38,1387.1,584.5,1058.3,0.0,657.5,1168.9,1,48.1,1,1,shot_pb=1.00|flight_commit=1.00|pb_zfit|keepin_prop=0.08|keepin_zoom=1.350|speed|edge_zoom=0.901|bounds
500,1642.0,821.4,yolo,0.31,1386.5,584.5,1057.7,0.0,657.5,1168.9,1,48.5,1,1,shot_pb=1.00|flight_commit=1.00|pb_zfit|keepin_prop=0.07|keepin_zoom=1.350|speed|edge_zoom=0.904|bounds
501,1639.4,815.7,yolo,0.35,1385.1,584.5,1056.3,0.0,657.5,1168.9,1,49.7,1,1,shot_pb=1.00|flight_commit=1.00|pb_zfit|keepin_prop=0.05|keepin_zoom=1.350|speed|edge_zoom=0.908|bounds
502,1635.9,810.4,yolo,0.38,1382.9,584.5,1054.2,0.0,657.5,1168.9,1,51.0,1,1,shot_pb=1.00|flight_commit=1.00|pb_zfit|keepin_prop=0.04|keepin_zoom=1.350|speed|edge_zoom=0.911|bounds
503,1631.9,805.6,interp,0.38,1380.1,584.5,1051.4,0.0,657.5,1168.9,1,52.2,1,1,shot_pb=1.00|flight_commit=1.00|pb_zfit|keepin_prop=0.03|keepin_zoom=1.350|speed|edge_zoom=0.913|bounds
504,1627.1,801.1,yolo,0.36,1376.7,584.5,1047.9,0.0,657.5,1168.9,1,53.6,1,1,shot_pb=1.00|flight_commit=1.00|pb_zfit|keepin_prop=0.02|keepin_zoom=1.350|speed|edge_zoom=0.916|bounds
505,1621.3,796.7,yolo,0.38,1372.6,584.5,1043.9,0.0,657.5,1168.9,1,55.3,1,1,shot_pb=1.00|flight_commit=1.00|pb_zfit|keepin_prop=0.02|keepin_zoom=1.350|speed|edge_zoom=0.918|bounds
506,1614.9,792.5,yolo,0.37,1368.1,584.5,1039.3,0.0,657.5,1168.9,1,57.2,1,1,shot_pb=1.00|flight_commit=1.00|pb_zfit|keepin_prop=0.01|keepin_zoom=1.350|speed|edge_zoom=0.919|bounds
507,1608.3,788.8,yolo,0.36,1363.2,584.5,1034.4,0.0,657.5,1168.9,1,58.9,1,1,shot_pb=1.00|flight_commit=1.00|pb_zfit|keepin_prop=0.01|keepin_zoom=1.350|speed|edge_zoom=0.920|bounds
508,1601.4,785.2,yolo,0.45,1357.8,584.5,1029.1,0.0,657.5,1168.9,1,60.4,1,1,shot_pb=1.00|flight_commit=1.00|pb_zfit|keepin_prop=0.01|keepin_zoom=1.350|speed|edge_zoom=0.920|bounds
509,1594.4,782.0,yolo,0.49,1352.2,584.5,1023.4,0.0,657.5,1168.9,1,61.8,1,1,shot_pb=1.00|flight_commit=1.00|pb_zfit|keepin_prop=0.00|keepin_zoom=1.350|speed|edge_zoom=0.921|bounds
510,1587.2,779.0,yolo,0.52,1346.3,584.5,1017.5,0.0,657.5,1168.9,1,63.1,1,1,shot_pb=1.00|flight_commit=1.00|pb_zfit|keepin_prop=0.00|keepin_zoom=1.350|speed|edge_zoom=0.921|bounds
511,1579.9,776.2,yolo,0.54,1340.3,584.5,1011.5,0.0,657.5,1168.9,1,64.4,1,1,shot_pb=1.00|flight_commit=1.00|pb_zfit|keepin_prop=0.00|keepin_zoom=1.350|speed|edge_zoom=0.921|bounds
512,1572.8,773.6,yolo,0.55,1334.1,584.5,1005.3,0.0,657.5,1168.9,1,65.3,1,1,shot_pb=1.00|flight_commit=1.00|pb_zfit|keepin_prop=0.00|keepin_zoom=1.350|speed|edge_zoom=0.921|bounds
513,1565.7,771.3,yolo,0.54,1327.9,584.5,999.1,0.0,657.5,1168.9,1,66.2,1,1,shot_pb=1.00|flight_commit=1.00|pb_zfit|keepin_prop=0.00|keepin_zoom=1.350|speed|edge_zoom=0.921|bounds
514,1558.8,769.2,yolo,0.52,1321.7,584.5,992.9,0.0,657.5,1168.9,1,66.9,0,0,shot_pb=1.00|flight_commit=1.00|pb_zfit|edge_zoom=0.823|bounds
515,1551.8,767.2,yolo,0.48,1315.5,584.5,986.7,0.0,657.5,1168.9,1,67.7,0,0,shot_pb=1.00|flight_commit=1.00|pb_zfit|edge_zoom=0.823|bounds
516,1545.1,765.5,yolo,0.44,1309.3,584.5,980.6,0.0,657.5,1168.9,1,68.2,0,0,shot_pb=1.00|flight_commit=1.00|pb_zfit|edge_zoom=0.823|bounds
517,1538.6,763.8,yolo,0.42,1303.3,584.5,974.6,0.0,657.5,1168.9,1,68.7,0,0,shot_pb=1.00|flight_commit=1.00|pb_zfit|edge_zoom=0.823|bounds
518,1532.5,762.4,yolo,0.47,1297.5,584.5,968.7,0.0,657.5,1168.9,1,69.0,0,0,shot_pb=1.00|flight_commit=1.00|pb_zfit|edge_zoom=0.822|bounds
519,1526.5,761.1,yolo,0.46,1291.8,584.5,963.0,0.0,657.5,1168.9,1,69.3,0,0,shot_pb=1.00|flight_commit=1.00|pb_zfit|edge_zoom=0.822|bounds
520,1520.8,759.9,yolo,0.47,1286.2,584.5,957.5,0.0,657.5,1168.9,1,69.4,0,0,shot_pb=1.00|flight_commit=1.00|person_ctx=3|pb_zfit|edge_zoom=0.822|bounds
521,1515.2,758.8,yolo,0.47,1280.9,584.5,952.2,0.0,657.5,1168.9,1,69.7,0,0,shot_pb=1.00|flight_commit=1.00|pb_zfit|edge_zoom=0.822|bounds
522,1510.0,757.8,yolo,0.46,1275.8,584.5,947.1,0.0,657.5,1168.9,1,69.8,0,0,shot_pb=1.00|flight_commit=1.00|pb_zfit|edge_zoom=0.822|bounds
523,1505.1,756.9,yolo,0.45,1271.0,584.5,942.2,0.0,657.5,1168.9,1,69.9,0,0,shot_pb=1.00|flight_commit=1.00|pb_zfit|edge_zoom=0.822|bounds
524,1500.4,756.0,yolo,0.46,1266.3,584.5,937.6,0.0,657.5,1168.9,1,69.9,0,0,shot_pb=1.00|flight_commit=1.00|pb_zfit|edge_zoom=0.822|bounds
525,1495.9,755.2,yolo,0.46,1261.9,584.5,933.2,0.0,657.5,1168.9,1,70.0,0,0,shot_pb=1.00|flight_commit=1.00|pb_zfit|edge_zoom=0.822|bounds
526,1491.7,754.5,yolo,0.45,1257.8,584.5,929.0,0.0,657.5,1168.9,1,70.1,0,0,shot_pb=1.00|flight_commit=1.00|pb_zfit|edge_zoom=0.822|bounds
527,1487.9,753.8,yolo,0.45,1253.9,584.5,925.1,0.0,657.5,1168.9,1,70.0,0,0,shot_pb=1.00|flight_commit=1.00|pb_zfit|edge_zoom=0.822|bounds
528,1484.3,753.1,yolo,0.53,1250.3,584.5,921.5,0.0,657.5,1168.9,1,70.0,0,0,shot_pb=1.00|flight_commit=1.00|pb_zfit|edge_zoom=0.822|bounds
529,1481.0,752.5,yolo,0.55,1247.0,584.5,918.2,0.0,657.5,1168.9,1,70.0,0,0,shot_pb=1.00|flight_commit=1.00|pb_zfit|edge_zoom=0.822|bounds
530,1477.8,751.9,yolo,0.57,1244.0,584.5,915.2,0.0,657.5,1168.9,1,70.2,0,0,shot_pb=1.00|flight_commit=1.00|pb_zfit|edge_zoom=0.822|bounds
531,1475.0,751.4,yolo,0.59,1241.3,584.5,912.5,0.0,657.5,1168.9,1,70.3,0,0,shot_pb=1.00|flight_commit=1.00|pb_zfit|edge_zoom=0.822|bounds
532,1472.3,750.9,yolo,0.60,1238.9,584.5,910.2,0.0,657.5,1168.9,1,70.6,0,0,shot_pb=1.00|flight_commit=1.00|pb_zfit|edge_zoom=0.822|bounds
533,1469.9,750.4,yolo,0.62,1237.0,584.5,908.2,0.0,657.5,1168.9,1,71.1,0,0,shot_pb=1.00|flight_commit=1.00|pb_zfit|edge_zoom=0.821|bounds
534,1467.8,750.1,yolo,0.62,1235.5,584.5,906.7,0.0,657.5,1168.9,1,71.7,0,0,shot_pb=1.00|flight_commit=1.00|pb_zfit|edge_zoom=0.821|bounds
535,1465.8,749.7,yolo,0.64,1234.4,584.5,905.6,0.0,657.5,1168.9,1,72.6,0,0,shot_pb=1.00|flight_commit=1.00|pb_zfit|edge_zoom=0.820|bounds
536,1464.1,749.5,yolo,0.65,1233.8,584.5,905.1,0.0,657.5,1168.9,1,73.7,0,0,shot_pb=1.00|flight_commit=1.00|pb_zfit|edge_zoom=0.820|bounds
537,1462.5,749.2,yolo,0.66,1233.8,584.5,905.1,0.0,657.5,1168.9,1,75.3,0,0,shot_pb=1.00|flight_commit=1.00|pb_zfit|edge_zoom=0.820|bounds
538,1461.2,749.0,yolo,0.66,1234.4,584.5,905.6,0.0,657.5,1168.9,1,77.2,0,0,shot_pb=1.00|flight_commit=1.00|pb_zfit|edge_zoom=0.819|bounds
539,1460.1,748.9,yolo,0.67,1235.5,584.5,906.7,0.0,657.5,1168.9,1,79.4,0,0,shot_pb=1.00|flight_commit=1.00|pb_zfit|edge_zoom=0.819|bounds
540,1459.1,748.7,yolo,0.67,1237.2,584.5,908.4,0.0,657.5,1168.9,1,82.1,0,0,shot_pb=1.00|flight_commit=1.00|pb_zfit|edge_zoom=0.819|bounds
541,1458.4,748.6,yolo,0.66,1239.4,584.5,910.6,0.0,657.5,1168.9,1,85.0,0,0,shot_pb=1.00|flight_commit=1.00|pb_zfit|edge_zoom=0.819|bounds
542,1457.9,748.5,yolo,0.64,1242.1,584.5,913.4,0.0,657.5,1168.9,1,88.2,0,0,shot_pb=1.00|flight_commit=1.00|pb_zfit|edge_zoom=0.819|bounds
543,1457.6,748.4,yolo,0.63,1245.3,584.5,916.5,0.0,657.5,1168.9,1,91.7,0,0,shot_pb=1.00|flight_commit=1.00|pb_zfit|edge_zoom=0.821|bounds
544,1457.5,748.4,yolo,0.63,1248.8,584.5,920.0,0.0,657.5,1168.9,1,95.3,0,0,shot_pb=1.00|flight_commit=1.00|pb_zfit|edge_zoom=0.841|bounds
545,1457.7,748.3,yolo,0.63,1252.5,584.5,923.7,0.0,657.5,1168.9,1,98.8,0,0,shot_pb=1.00|flight_commit=1.00|pb_zfit|edge_zoom=0.937|bounds
546,1458.0,748.3,yolo,0.62,1256.4,584.5,927.6,0.0,657.5,1168.9,1,102.4,0,0,shot_pb=1.00|flight_commit=1.00|pb_zfit|edge_zoom=0.928|bounds
547,1458.5,748.3,yolo,0.61,1260.3,584.5,931.6,0.0,657.5,1168.9,1,105.8,0,1,shot_pb=1.00|flight_commit=1.00|pb_zfit|keepin_prop=0.07|keepin_zoom=1.350|edge_zoom=0.914|bounds
548,1459.3,748.3,yolo,0.60,1264.2,584.5,935.5,0.0,657.5,1168.9,1,108.9,0,1,shot_pb=1.00|flight_commit=1.00|pb_zfit|keepin_prop=0.00|keepin_zoom=1.350|edge_zoom=0.924|bounds
549,1460.3,748.3,yolo,0.60,1268.1,584.5,939.3,0.0,657.5,1168.9,1,111.8,0,0,shot_pb=1.00|flight_commit=1.00|pb_zfit|edge_zoom=0.923|bounds
550,1461.5,748.4,yolo,0.61,1271.8,584.5,943.1,0.0,657.5,1168.9,1,114.3,0,1,shot_pb=1.00|flight_commit=1.00|pb_zfit|keepin_prop=0.06|keepin_zoom=1.350|edge_zoom=0.916|bounds
551,1463.1,748.5,yolo,0.61,1275.5,584.5,946.7,0.0,657.5,1168.9,1,116.4,0,1,shot_pb=1.00|flight_commit=1.00|pb_zfit|keepin_prop=0.00|keepin_zoom=1.350|edge_zoom=0.924|bounds
552,1464.9,748.6,yolo,0.61,1279.0,584.5,950.2,0.0,657.5,1168.9,1,118.1,1,0,shot_pb=1.00|flight_commit=1.00|pb_zfit|speed|edge_zoom=0.922|bounds
553,1467.0,748.8,yolo,0.60,1282.4,584.5,953.6,0.0,657.5,1168.9,1,119.4,0,1,shot_pb=1.00|flight_commit=1.00|pb_zfit|keepin_prop=0.05|keepin_zoom=1.350|edge_zoom=0.917|bounds
554,1469.6,749.0,yolo,0.61,1285.8,584.5,957.0,0.0,657.5,1168.9,1,120.2,0,1,shot_pb=1.00|flight_commit=1.00|pb_zfit|keepin_prop=0.00|keepin_zoom=1.350|edge_zoom=0.924|bounds
555,1472.6,749.3,yolo,0.64,1289.1,584.5,960.3,0.0,657.5,1168.9,1,120.5,1,0,shot_pb=1.00|flight_commit=1.00|pb_zfit|speed|edge_zoom=0.922|bounds
556,1476.1,749.7,yolo,0.61,1292.5,584.5,963.7,0.0,657.5,1168.9,1,120.4,0,1,shot_pb=1.00|flight_commit=1.00|pb_zfit|keepin_prop=0.04|keepin_zoom=1.350|edge_zoom=0.919|bounds
557,1480.0,750.1,yolo,0.58,1295.9,584.5,967.2,0.0,657.5,1168.9,1,119.9,0,1,shot_pb=1.00|flight_commit=1.00|pb_zfit|keepin_prop=0.00|keepin_zoom=1.350|edge_zoom=0.924|bounds
558,1484.3,750.5,yolo,0.51,1299.4,584.5,970.7,0.0,657.5,1168.9,1,119.1,1,0,shot_pb=1.00|flight_commit=1.00|pb_zfit|speed|edge_zoom=0.922|bounds
559,1489.0,751.0,yolo,0.47,1303.0,584.5,974.3,0.0,657.5,1168.9,1,118.0,0,1,shot_pb=1.00|flight_commit=1.00|pb_zfit|keepin_prop=0.03|keepin_zoom=1.350|edge_zoom=0.920|bounds
560,1494.0,751.6,yolo,0.49,1306.8,584.5,978.0,0.0,657.5,1168.9,1,116.8,1,0,shot_pb=1.00|flight_commit=1.00|pb_zfit|speed|edge_zoom=0.922|bounds
561,1499.2,752.1,yolo,0.52,1310.5,584.5,981.8,0.0,657.5,1168.9,1,115.3,0,1,shot_pb=1.00|flight_commit=1.00|pb_zfit|keepin_prop=0.06|keepin_zoom=1.350|edge_zoom=0.914|bounds
562,1504.5,752.7,yolo,0.55,1314.4,584.5,985.7,0.0,657.5,1168.9,1,113.9,0,1,shot_pb=1.00|flight_commit=1.00|pb_zfit|keepin_prop=0.00|keepin_zoom=1.350|edge_zoom=0.923|bounds
563,1509.9,753.2,yolo,0.52,1318.4,584.5,989.6,0.0,657.5,1168.9,1,112.5,1,0,shot_pb=1.00|flight_commit=1.00|pb_zfit|speed|edge_zoom=0.922|bounds
564,1515.5,753.8,yolo,0.52,1322.3,584.5,993.6,0.0,657.5,1168.9,1,110.8,0,1,shot_pb=1.00|flight_commit=1.00|pb_zfit|keepin_prop=0.03|keepin_zoom=1.350|edge_zoom=0.918|bounds
565,1521.2,754.4,yolo,0.52,1326.3,584.5,997.6,0.0,657.5,1168.9,1,109.1,1,0,shot_pb=1.00|flight_commit=1.00|pb_zfit|speed|edge_zoom=0.922|bounds
566,1526.8,754.9,yolo,0.53,1330.3,584.5,1001.6,0.0,657.5,1168.9,1,107.5,0,1,shot_pb=1.00|flight_commit=1.00|pb_zfit|keepin_prop=0.06|keepin_zoom=1.350|edge_zoom=0.913|bounds
567,1532.4,755.5,yolo,0.54,1334.3,584.5,1005.5,0.0,657.5,1168.9,1,105.9,1,1,shot_pb=1.00|flight_commit=1.00|pb_zfit|keepin_prop=0.00|keepin_zoom=1.350|speed|edge_zoom=0.922|bounds
568,1537.8,756.0,yolo,0.60,1338.2,584.5,1009.4,0.0,657.5,1168.9,1,104.4,1,0,shot_pb=1.00|flight_commit=1.00|pb_zfit|speed|edge_zoom=0.922|bounds
569,1543.2,756.5,yolo,0.65,1342.0,584.5,1013.2,0.0,657.5,1168.9,1,102.8,0,1,shot_pb=1.00|flight_commit=1.00|pb_zfit|keepin_prop=0.03|keepin_zoom=1.350|edge_zoom=0.918|bounds
570,1548.5,757.0,yolo,0.68,1345.7,584.5,1017.0,0.0,657.5,1168.9,1,101.2,1,0,shot_pb=1.00|flight_commit=1.00|pb_zfit|speed|edge_zoom=0.922|bounds
571,1553.8,757.5,yolo,0.72,1349.3,584.5,1020.6,0.0,657.5,1168.9,1,99.5,0,1,shot_pb=1.00|flight_commit=1.00|pb_zfit|keepin_prop=0.06|keepin_zoom=1.350|edge_zoom=0.912|bounds
572,1558.9,758.0,yolo,0.75,1352.8,584.5,1024.0,0.0,657.5,1168.9,1,97.9,1,1,shot_pb=1.00|flight_commit=1.00|pb_zfit|keepin_prop=0.00|keepin_zoom=1.350|speed|edge_zoom=0.922|bounds
573,1563.7,758.4,yolo,0.77,1356.1,584.5,1027.4,0.0,657.5,1168.9,1,96.4,1,0,shot_pb=1.00|flight_commit=1.00|pb_zfit|speed|edge_zoom=0.922|bounds
574,1568.4,758.9,yolo,0.81,1359.3,584.5,1030.5,0.0,657.5,1168.9,1,94.9,0,1,shot_pb=1.00|flight_commit=1.00|pb_zfit|keepin_prop=0.03|keepin_zoom=1.350|edge_zoom=0.916|bounds
575,1572.8,759.4,yolo,0.83,1362.3,584.5,1033.5,0.0,657.5,1168.9,1,93.5,1,0,shot_pb=1.00|flight_commit=1.00|pb_zfit|speed|edge_zoom=0.922|bounds
576,1576.9,759.8,yolo,0.79,1365.2,584.5,1036.4,0.0,657.5,1168.9,1,92.3,0,1,shot_pb=1.00|flight_commit=1.00|pb_zfit|keepin_prop=0.07|keepin_zoom=1.350|edge_zoom=0.910|bounds
577,1580.9,760.2,yolo,0.77,1367.9,584.5,1039.1,0.0,657.5,1168.9,1,91.0,1,1,shot_pb=1.00|flight_commit=1.00|pb_zfit|keepin_prop=0.00|keepin_zoom=1.350|speed|edge_zoom=0.922|bounds
578,1584.7,760.7,yolo,0.77,1370.4,584.5,1041.7,0.0,657.5,1168.9,1,89.7,1,0,shot_pb=1.00|flight_commit=1.00|pb_zfit|speed|edge_zoom=0.922|bounds
579,1588.5,761.1,yolo,0.75,1372.9,584.5,1044.1,0.0,657.5,1168.9,1,88.4,0,1,shot_pb=1.00|flight_commit=1.00|pb_zfit|keepin_prop=0.04|keepin_zoom=1.350|edge_zoom=0.914|bounds
580,1592.0,761.5,yolo,0.75,1375.2,584.5,1046.5,0.0,657.5,1168.9,1,87.2,1,1,shot_pb=1.00|flight_commit=1.00|pb_zfit|keepin_prop=0.00|keepin_zoom=1.350|speed|edge_zoom=0.922|bounds
581,1595.4,761.9,yolo,0.76,1377.5,584.5,1048.7,0.0,657.5,1168.9,1,86.1,1,0,shot_pb=1.00|flight_commit=1.00|pb_zfit|speed|edge_zoom=0.922|bounds
582,1598.6,762.3,yolo,0.76,1379.6,584.5,1050.9,0.0,657.5,1168.9,1,85.0,0,1,shot_pb=1.00|flight_commit=1.00|pb_zfit|keepin_prop=0.03|keepin_zoom=1.350|edge_zoom=0.915|bounds
583,1601.6,762.6,yolo,0.76,1381.7,584.5,1053.0,0.0,657.5,1168.9,1,84.1,1,1,shot_pb=1.00|flight_commit=1.00|pb_zfit|keepin_prop=0.00|keepin_zoom=1.350|speed|edge_zoom=0.922|bounds
584,1604.4,763.0,yolo,0.73,1383.8,584.5,1055.0,0.0,657.5,1168.9,1,83.4,1,0,shot_pb=1.00|flight_commit=1.00|pb_zfit|speed|edge_zoom=0.922|bounds
585,1607.1,763.3,yolo,0.74,1385.7,584.5,1057.0,0.0,657.5,1168.9,1,82.6,0,1,shot_pb=1.00|flight_commit=1.00|pb_zfit|keepin_prop=0.03|keepin_zoom=1.350|edge_zoom=0.915|bounds
586,1609.6,763.5,yolo,0.77,1387.6,584.5,1058.9,0.0,657.5,1168.9,1,82.0,1,1,shot_pb=1.00|flight_commit=1.00|pb_zfit|keepin_prop=0.00|keepin_zoom=1.350|speed|edge_zoom=0.922|bounds
587,1611.9,763.8,yolo,0.79,1389.5,584.5,1060.7,0.0,657.5,1168.9,1,81.6,1,0,shot_pb=1.00|flight_commit=1.00|pb_zfit|speed|edge_zoom=0.922|bounds
588,1614.1,764.0,yolo,0.80,1391.3,584.5,1062.5,0.0,657.5,1168.9,1,81.2,0,1,shot_pb=1.00|flight_commit=1.00|pb_zfit|keepin_prop=0.04|keepin_zoom=1.350|edge_zoom=0.914|bounds
589,1616.1,764.2,yolo,0.82,1393.0,584.5,1064.2,0.0,657.5,1168.9,1,80.9,1,1,shot_pb=1.00|flight_commit=1.00|pb_zfit|keepin_prop=0.00|keepin_zoom=1.350|speed|edge_zoom=0.922|bounds
590,1617.9,764.3,yolo,0.82,1394.6,584.5,1065.8,0.0,657.5,1168.9,1,80.7,1,0,shot_pb=1.00|flight_commit=1.00|pb_zfit|speed|edge_zoom=0.922|bounds
591,1619.5,764.5,yolo,0.82,1396.1,584.5,1067.4,0.0,657.5,1168.9,1,80.6,0,1,shot_pb=1.00|flight_commit=1.00|pb_zfit|keepin_prop=0.04|keepin_zoom=1.350|edge_zoom=0.913|bounds
592,1621.0,764.6,yolo,0.82,1397.6,584.5,1068.8,0.0,657.5,1168.9,1,80.6,1,1,shot_pb=1.00|flight_commit=1.00|pb_zfit|keepin_prop=0.00|keepin_zoom=1.350|speed|edge_zoom=0.922|bounds
593,1622.4,764.8,yolo,0.82,1398.9,584.5,1070.1,0.0,657.5,1168.9,1,80.5,1,0,shot_pb=1.00|flight_commit=1.00|pb_zfit|speed|edge_zoom=0.922|bounds
594,1623.6,764.9,yolo,0.82,1400.1,584.5,1071.3,0.0,657.5,1168.9,1,80.5,0,1,shot_pb=1.00|flight_commit=1.00|pb_zfit|keepin_prop=0.05|keepin_zoom=1.350|edge_zoom=0.912|bounds
595,1624.6,765.0,yolo,0.81,1401.1,584.5,1072.3,0.0,657.5,1168.9,1,80.5,1,1,shot_pb=1.00|flight_commit=1.00|pb_zfit|keepin_prop=0.00|keepin_zoom=1.350|speed|edge_zoom=0.922|bounds
596,1625.5,765.1,yolo,0.80,1402.0,584.5,1073.3,0.0,657.5,1168.9,1,80.5,1,0,shot_pb=1.00|flight_commit=1.00|pb_zfit|speed|edge_zoom=0.922|bounds
597,1626.3,765.2,yolo,0.79,1402.8,584.5,1074.0,0.0,657.5,1168.9,1,80.5,0,1,shot_pb=1.00|flight_commit=1.00|pb_zfit|keepin_prop=0.05|keepin_zoom=1.350|edge_zoom=0.911|bounds
598,1627.0,765.3,yolo,0.78,1403.4,584.5,1074.7,0.0,657.5,1168.9,1,80.4,1,1,shot_pb=1.00|flight_commit=1.00|pb_zfit|keepin_prop=0.00|keepin_zoom=1.350|speed|edge_zoom=0.922|bounds
599,1627.6,765.4,yolo,0.78,1403.9,584.5,1075.1,0.0,657.5,1168.9,1,80.3,1,0,shot_pb=1.00|flight_commit=1.00|pb_zfit|speed|edge_zoom=0.922|bounds
600,1628.1,765.5,yolo,0.73,1404.1,584.5,1075.4,0.0,657.5,1168.9,1,80.0,0,1,shot_pb=1.00|flight_commit=1.00|pb_zfit|keepin_prop=0.05|keepin_zoom=1.350|edge_zoom=0.911|bounds
601,1628.5,765.6,yolo,0.69,1404.2,584.5,1075.4,0.0,657.5,1168.9,1,79.7,1,1,shot_pb=1.00|flight_commit=1.00|pb_zfit|keepin_prop=0.00|keepin_zoom=1.350|speed|edge_zoom=0.922|bounds
602,1628.8,765.7,yolo,0.65,1404.1,584.5,1075.3,0.0,657.5,1168.9,1,79.3,1,0,shot_pb=1.00|flight_commit=1.00|pb_zfit|speed|edge_zoom=0.922|bounds
603,1629.1,765.8,yolo,0.64,1403.7,584.5,1074.9,0.0,657.5,1168.9,1,78.6,0,1,shot_pb=1.00|flight_commit=1.00|pb_zfit|keepin_prop=0.04|keepin_zoom=1.350|edge_zoom=0.913|bounds
604,1629.3,765.9,yolo,0.64,1403.2,584.5,1074.4,0.0,657.5,1168.9,1,77.9,1,1,shot_pb=1.00|flight_commit=1.00|pb_zfit|keepin_prop=0.00|keepin_zoom=1.350|speed|edge_zoom=0.922|bounds
605,1629.5,765.9,yolo,0.63,1402.4,584.5,1073.7,0.0,657.5,1168.9,1,76.9,1,0,shot_pb=1.00|flight_commit=1.00|pb_zfit|speed|edge_zoom=0.922|bounds
606,1629.5,766.0,yolo,0.61,1401.5,584.5,1072.7,0.0,657.5,1168.9,1,76.0,0,1,shot_pb=1.00|flight_commit=1.00|pb_zfit|keepin_prop=0.03|keepin_zoom=1.350|edge_zoom=0.914|bounds
607,1629.6,766.0,yolo,0.59,1400.4,584.5,1071.6,0.0,657.5,1168.9,1,74.8,1,0,shot_pb=1.00|flight_commit=1.00|pb_zfit|speed|edge_zoom=0.922|bounds
608,1629.5,766.0,yolo,0.57,1399.2,584.5,1070.4,0.0,657.5,1168.9,1,73.7,1,0,shot_pb=1.00|flight_commit=1.00|pb_zfit|speed|edge_zoom=0.909|bounds
609,1629.4,766.0,yolo,0.56,1397.9,584.5,1069.1,0.0,657.5,1168.9,1,72.5,1,0,shot_pb=1.00|flight_commit=1.00|pb_zfit|speed|edge_zoom=0.794|bounds
610,1629.3,766.0,yolo,0.54,1396.5,584.5,1067.7,0.0,657.5,1168.9,1,71.2,0,0,shot_pb=1.00|flight_commit=1.00|pb_zfit|edge_zoom=0.794|bounds
611,1629.1,765.9,yolo,0.52,1395.0,584.5,1066.3,0.0,657.5,1168.9,1,69.9,0,0,shot_pb=1.00|flight_commit=1.00|pb_zfit|edge_zoom=0.794|bounds
612,1628.8,765.9,yolo,0.50,1393.6,584.5,1064.8,0.0,657.5,1168.9,1,68.8,0,0,shot_pb=1.00|flight_commit=1.00|pb_zfit|edge_zoom=0.794|bounds
613,1628.4,765.9,yolo,0.48,1392.2,584.5,1063.4,0.0,657.5,1168.9,1,67.8,1,0,shot_pb=1.00|flight_commit=1.00|pb_zfit|speed|edge_zoom=0.794|bounds
614,1628.0,765.8,yolo,0.48,1390.7,584.5,1062.0,0.0,657.5,1168.9,1,66.7,1,0,shot_pb=1.00|flight_commit=1.00|pb_zfit|speed|edge_zoom=0.794|bounds
615,1627.5,765.8,yolo,0.48,1389.3,584.5,1060.6,0.0,657.5,1168.9,1,65.8,1,0,shot_pb=1.00|flight_commit=1.00|pb_zfit|speed|edge_zoom=0.794|bounds
616,1626.8,765.8,yolo,0.49,1387.9,584.5,1059.2,0.0,657.5,1168.9,1,65.1,1,0,shot_pb=1.00|flight_commit=1.00|pb_zfit|speed|edge_zoom=0.794|bounds
617,1626.1,765.7,yolo,0.50,1386.6,584.5,1057.8,0.0,657.5,1168.9,1,64.5,1,0,shot_pb=1.00|flight_commit=1.00|pb_zfit|speed|edge_zoom=0.795|bounds
618,1625.2,765.7,yolo,0.52,1385.2,584.5,1056.5,0.0,657.5,1168.9,1,64.0,1,0,shot_pb=1.00|flight_commit=1.00|pb_zfit|speed|edge_zoom=0.795|bounds
619,1624.3,765.6,yolo,0.52,1383.9,584.5,1055.2,0.0,657.5,1168.9,1,63.6,1,0,shot_pb=1.00|flight_commit=1.00|pb_zfit|speed|edge_zoom=0.795|bounds
620,1623.1,765.6,yolo,0.54,1382.6,584.5,1053.8,0.0,657.5,1168.9,1,63.5,1,0,shot_pb=1.00|flight_commit=1.00|pb_zfit|speed|edge_zoom=0.796|bounds
621,1621.8,765.5,yolo,0.59,1381.3,584.5,1052.5,0.0,657.5,1168.9,1,63.5,1,0,shot_pb=1.00|flight_commit=1.00|pb_zfit|speed|edge_zoom=0.796|bounds
622,1620.3,765.4,yolo,0.62,1380.0,584.5,1051.2,0.0,657.5,1168.9,1,63.7,1,0,shot_pb=1.00|flight_commit=1.00|pb_zfit|speed|edge_zoom=0.797|bounds
623,1618.5,765.3,yolo,0.58,1378.7,584.5,1050.0,0.0,657.5,1168.9,1,64.2,1,0,shot_pb=1.00|flight_commit=1.00|pb_zfit|speed|edge_zoom=0.798|bounds
624,1616.5,765.1,yolo,0.56,1377.5,584.5,1048.8,0.0,657.5,1168.9,1,65.0,1,0,shot_pb=1.00|flight_commit=1.00|pb_zfit|speed|edge_zoom=0.799|bounds
625,1614.1,764.9,yolo,0.58,1376.5,584.5,1047.7,0.0,657.5,1168.9,1,66.4,1,0,shot_pb=1.00|flight_commit=1.00|pb_zfit|speed|edge_zoom=0.800|bounds
626,1611.6,764.7,yolo,0.58,1375.5,584.5,1046.7,0.0,657.5,1168.9,1,67.9,1,0,shot_pb=1.00|flight_commit=1.00|pb_zfit|speed|edge_zoom=0.801|bounds
627,1609.0,764.4,yolo,0.62,1374.7,584.5,1046.0,0.0,657.5,1168.9,1,69.7,1,0,shot_pb=1.00|flight_commit=1.00|pb_zfit|speed|edge_zoom=0.801|bounds
628,1606.3,764.1,yolo,0.58,1374.1,584.5,1045.4,0.0,657.5,1168.9,1,71.8,0,0,shot_pb=1.00|flight_commit=1.00|pb_zfit|edge_zoom=0.802|bounds
