frame,ball_x,ball_y,source,confidence,cam_cx,cam_cy,crop_x0,crop_y0,crop_w,crop_h,ball_in_crop,dist_to_edge,speed_limited,keepinview,clamp_flags
0,859.2,943.4,centroid,0.30,869.7,540.0,540.9,0.0,657.5,1168.9,1,225.5,1,0,accel_zoom=0.852|flight_commit=1.00|edge_zoom=0.750|bounds|final_speed
1,864.1,941.5,centroid,0.30,871.0,540.0,542.3,0.0,657.5,1168.9,1,227.4,1,1,flight_commit=0.88|person_ctx=4|keepin_prop=1.00|keepin_zoom=1.350|speed|edge_zoom=0.750|bounds
2,869.4,939.3,centroid,0.30,872.7,540.0,544.0,0.0,657.5,1168.9,1,229.6,1,1,flight_commit=0.70|person_ctx=4|keepin_prop=1.00|keepin_zoom=1.350|speed|edge_zoom=0.750|bounds
3,875.0,936.8,centroid,0.30,874.7,540.0,545.9,0.0,657.5,1168.9,1,232.1,1,1,flight_commit=0.58|person_ctx=4|keepin_prop=1.00|keepin_zoom=1.350|speed|edge_zoom=0.750|bounds
4,880.7,934.0,centroid,0.30,876.8,540.0,548.0,0.0,657.5,1168.9,1,234.9,1,1,flight_commit=0.50|person_ctx=3|keepin_prop=1.00|keepin_zoom=1.350|speed|edge_zoom=0.750|bounds
5,886.4,930.9,centroid,0.30,878.8,540.0,550.1,0.0,657.5,1168.9,1,238.0,1,1,flight_commit=0.45|keepin_prop=1.00|keepin_zoom=1.350|speed|edge_zoom=0.750|bounds
6,891.9,927.3,centroid,0.30,880.7,540.0,552.0,0.0,657.5,1168.9,1,241.6,1,1,flight_commit=0.42|keepin_prop=1.00|keepin_zoom=1.350|speed|edge_zoom=0.750|bounds
7,897.1,923.3,centroid,0.30,882.4,540.0,553.7,0.0,657.5,1168.9,1,245.6,1,1,shot_pb=1.00|flight_commit=0.39|keepin_prop=1.00|keepin_zoom=1.350|speed|edge_zoom=0.750|bounds
8,901.7,918.8,centroid,0.30,883.8,540.0,555.0,0.0,657.5,1168.9,1,250.1,1,1,shot_pb=1.00|flight_commit=0.84|keepin_prop=1.00|keepin_zoom=1.350|speed|edge_zoom=0.750|bounds
9,905.6,913.6,centroid,0.30,884.7,540.0,555.9,0.0,657.5,1168.9,1,255.3,1,1,shot_pb=1.00|flight_commit=1.00|keepin_prop=1.00|keepin_zoom=1.350|speed|edge_zoom=0.750|bounds
10,908.5,907.8,centroid,0.30,885.1,540.0,556.3,0.0,657.5,1168.9,1,261.1,1,1,shot_pb=1.00|flight_commit=1.00|keepin_prop=1.00|keepin_zoom=1.350|speed|edge_zoom=0.750|bounds
11,910.2,901.3,centroid,0.30,885.0,540.0,556.3,0.0,657.5,1168.9,1,267.6,1,1,shot_pb=1.00|flight_commit=1.00|keepin_prop=1.00|keepin_zoom=1.350|speed|edge_zoom=0.750|bounds
12,910.4,893.9,centroid,0.30,884.4,540.0,555.7,0.0,657.5,1168.9,1,275.0,1,1,shot_pb=1.00|flight_commit=1.00|keepin_prop=1.00|keepin_zoom=1.350|speed|edge_zoom=0.750|bounds
13,908.8,885.5,centroid,0.30,883.3,540.0,554.6,0.0,657.5,1168.9,1,278.5,1,1,shot_pb=1.00|flight_commit=1.00|keepin_prop=0.97|keepin_zoom=1.350|speed|edge_zoom=0.750|bounds
14,905.0,876.0,centroid,0.30,881.8,540.0,553.0,0.0,657.5,1168.9,1,280.8,1,1,shot_pb=1.00|flight_commit=1.00|keepin_prop=0.91|keepin_zoom=1.350|speed|edge_zoom=0.750|bounds
15,882.9,855.0,hold,0.30,879.8,540.0,551.1,0.0,657.5,1168.9,1,300.9,1,1,accel_zoom=0.935|shot_pb=1.00|flight_commit=1.00|keepin_prop=0.76|keepin_zoom=1.350|speed|edge_zoom=0.750|bounds
16,876.3,845.5,hold,0.30,877.6,540.0,548.8,0.0,657.5,1168.9,1,302.7,1,1,shot_pb=1.00|flight_commit=1.00|keepin_prop=0.72|keepin_zoom=1.350|speed|edge_zoom=0.750|bounds
17,870.6,837.0,hold,0.30,875.1,540.0,546.3,0.0,657.5,1168.9,1,299.5,1,1,shot_pb=1.00|flight_commit=1.00|keepin_prop=0.67|keepin_zoom=1.350|speed|edge_zoom=0.750|bounds
18,865.6,829.5,hold,0.30,872.5,540.0,543.7,0.0,657.5,1168.9,1,297.1,1,1,shot_pb=1.00|flight_commit=1.00|keepin_prop=0.63|keepin_zoom=1.350|speed|edge_zoom=0.750|bounds
19,861.4,822.7,hold,0.30,869.8,540.0,541.1,0.0,657.5,1168.9,1,295.6,1,1,shot_pb=1.00|flight_commit=1.00|keepin_prop=0.60|keepin_zoom=1.350|speed|edge_zoom=0.759|bounds
20,857.9,816.5,hold,0.30,867.3,540.0,538.5,0.0,657.5,1168.9,1,294.6,1,1,shot_pb=1.00|flight_commit=1.00|keepin_prop=0.57|keepin_zoom=1.350|speed|edge_zoom=0.766|bounds
21,854.9,811.0,hold,0.30,864.8,540.0,536.1,0.0,657.5,1168.9,1,294.1,1,1,shot_pb=1.00|flight_commit=1.00|keepin_prop=0.55|keepin_zoom=1.350|speed|edge_zoom=0.774|bounds
22,852.5,805.9,hold,0.30,862.6,540.0,533.8,0.0,657.5,1168.9,1,293.9,1,1,shot_pb=1.00|flight_commit=1.00|keepin_prop=0.52|keepin_zoom=1.350|speed|edge_zoom=0.780|bounds
23,850.6,801.2,hold,0.30,860.6,540.0,531.9,0.0,657.5,1168.9,1,294.0,1,1,shot_pb=1.00|flight_commit=1.00|keepin_prop=0.50|keepin_zoom=1.350|speed|edge_zoom=0.786|bounds
24,849.1,796.8,yolo,0.33,858.9,540.0,530.2,0.0,657.5,1168.9,1,294.2,1,1,shot_pb=1.00|flight_commit=1.00|keepin_prop=0.48|keepin_zoom=1.350|speed|edge_zoom=0.792|bounds
25,848.2,792.6,yolo,0.40,857.6,540.0,528.8,0.0,657.5,1168.9,1,294.6,1,1,shot_pb=1.00|flight_commit=1.00|keepin_prop=0.46|keepin_zoom=1.350|speed|edge_zoom=0.797|bounds
26,847.7,788.7,yolo,0.46,856.5,540.0,527.8,0.0,657.5,1168.9,1,295.2,1,1,shot_pb=1.00|flight_commit=1.00|keepin_prop=0.44|keepin_zoom=1.350|speed|edge_zoom=0.801|bounds
27,847.6,784.8,yolo,0.44,855.8,540.0,527.1,0.0,657.5,1168.9,1,295.8,1,1,shot_pb=1.00|flight_commit=1.00|keepin_prop=0.43|keepin_zoom=1.350|speed|edge_zoom=0.806|bounds
28,847.7,780.6,interp,0.38,855.4,540.0,526.7,0.0,657.5,1168.9,1,296.3,1,1,shot_pb=1.00|flight_commit=1.00|keepin_prop=0.41|keepin_zoom=1.350|speed|edge_zoom=0.812|bounds
29,848.2,776.5,interp,0.38,855.4,540.0,526.7,0.0,657.5,1168.9,1,296.8,1,1,shot_pb=1.00|flight_commit=1.00|keepin_prop=0.39|keepin_zoom=1.350|speed|edge_zoom=0.817|bounds
30,849.0,772.5,interp,0.38,855.8,540.0,527.0,0.0,657.5,1168.9,1,297.2,1,1,shot_pb=1.00|flight_commit=1.00|keepin_prop=0.37|keepin_zoom=1.350|speed|edge_zoom=0.823|bounds
31,850.3,768.7,interp,0.38,856.5,540.0,527.7,0.0,657.5,1168.9,1,297.8,1,1,shot_pb=1.00|flight_commit=1.00|keepin_prop=0.35|keepin_zoom=1.350|speed|edge_zoom=0.828|bounds
32,852.0,765.0,interp,0.38,857.5,540.0,528.8,0.0,657.5,1168.9,1,298.5,1,1,shot_pb=1.00|flight_commit=1.00|keepin_prop=0.32|keepin_zoom=1.350|speed|edge_zoom=0.834|bounds
33,854.2,761.5,interp,0.38,859.0,540.0,530.2,0.0,657.5,1168.9,1,299.2,1,1,shot_pb=1.00|flight_commit=1.00|keepin_prop=0.30|keepin_zoom=1.350|speed|edge_zoom=0.840|bounds
34,857.0,758.3,interp,0.38,860.9,540.0,532.1,0.0,657.5,1168.9,1,300.1,1,1,shot_pb=1.00|flight_commit=1.00|keepin_prop=0.28|keepin_zoom=1.350|speed|edge_zoom=0.845|bounds
35,860.3,755.4,interp,0.38,863.2,540.0,534.4,0.0,657.5,1168.9,1,301.1,1,1,shot_pb=1.00|flight_commit=1.00|keepin_prop=0.26|keepin_zoom=1.350|speed|edge_zoom=0.851|bounds
36,864.3,752.8,interp,0.38,866.0,540.0,537.2,0.0,657.5,1168.9,1,302.3,1,1,shot_pb=1.00|flight_commit=1.00|keepin_prop=0.24|keepin_zoom=1.350|speed|edge_zoom=0.857|bounds
37,869.0,750.6,interp,0.38,869.3,540.0,540.5,0.0,657.5,1168.9,1,303.7,1,1,shot_pb=1.00|flight_commit=1.00|person_ctx=4|keepin_prop=0.22|keepin_zoom=1.350|speed|edge_zoom=0.862|bounds
38,874.5,748.9,interp,0.38,873.0,540.0,544.3,0.0,657.5,1168.9,1,302.5,1,1,shot_pb=1.00|flight_commit=1.00|person_ctx=4|keepin_prop=0.20|keepin_zoom=1.350|speed|edge_zoom=0.867|bounds
39,880.9,747.7,interp,0.38,877.3,540.0,548.6,0.0,657.5,1168.9,1,300.4,1,1,shot_pb=1.00|flight_commit=1.00|keepin_prop=0.19|keepin_zoom=1.350|speed|edge_zoom=0.870|bounds
40,888.4,747.2,interp,0.38,882.2,540.0,553.4,0.0,657.5,1168.9,1,297.8,1,1,shot_pb=1.00|flight_commit=1.00|keepin_prop=0.18|keepin_zoom=1.350|speed|edge_zoom=0.873|bounds
41,897.1,747.3,interp,0.38,887.6,540.0,558.9,0.0,657.5,1168.9,1,294.5,1,1,shot_pb=1.00|flight_commit=1.00|keepin_prop=0.17|keepin_zoom=1.350|speed|edge_zoom=0.875|bounds
42,917.2,752.0,blended,0.68,893.6,540.0,564.9,0.0,657.5,1168.9,1,280.4,1,1,shot_pb=1.00|flight_commit=1.00|keepin_prop=0.17|keepin_zoom=1.350|speed|edge_zoom=0.875|bounds
43,915.9,749.5,interp,0.38,900.2,540.0,571.4,0.0,657.5,1168.9,1,288.3,1,1,shot_pb=1.00|flight_commit=1.00|keepin_prop=0.26|keepin_zoom=1.350|speed|edge_zoom=0.852|bounds
44,935.1,754.9,blended,0.70,907.4,540.0,578.6,0.0,657.5,1168.9,1,276.3,1,1,shot_pb=1.00|flight_commit=1.00|keepin_prop=0.18|keepin_zoom=1.350|speed|edge_zoom=0.874|bounds
45,938.5,754.7,interp,0.38,915.1,540.0,586.3,0.0,657.5,1168.9,1,280.6,1,1,shot_pb=1.00|flight_commit=1.00|keepin_prop=0.20|keepin_zoom=1.350|speed|edge_zoom=0.866|bounds
46,952.1,758.5,interp,0.38,923.3,540.0,594.5,0.0,657.5,1168.9,1,275.2,1,1,shot_pb=1.00|flight_commit=1.00|keepin_prop=0.19|keepin_zoom=1.350|speed|edge_zoom=0.871|bounds
47,966.9,763.0,interp,0.38,932.1,540.0,603.3,0.0,657.5,1168.9,1,269.2,1,1,shot_pb=1.00|flight_commit=1.00|keepin_prop=0.20|keepin_zoom=1.350|speed|edge_zoom=0.867|bounds
48,982.6,768.0,interp,0.38,941.3,540.0,612.5,0.0,657.5,1168.9,1,262.7,1,1,shot_pb=1.00|flight_commit=1.00|keepin_prop=0.22|keepin_zoom=1.350|speed|edge_zoom=0.863|bounds
49,1005.5,776.1,blended,0.70,950.9,540.0,622.2,0.0,657.5,1168.9,1,249.4,1,1,shot_pb=1.00|flight_commit=1.00|keepin_prop=0.24|keepin_zoom=1.350|speed|edge_zoom=0.856|bounds
50,1013.0,778.9,interp,0.38,961.0,540.0,632.2,0.0,657.5,1168.9,1,252.0,1,1,shot_pb=1.00|flight_commit=1.00|keepin_prop=0.25|keepin_zoom=1.350|speed|edge_zoom=0.853|bounds
51,1027.3,784.5,interp,0.38,971.3,540.0,642.5,0.0,657.5,1168.9,1,248.0,1,1,shot_pb=1.00|flight_commit=1.00|keepin_prop=0.27|keepin_zoom=1.350|speed|edge_zoom=0.848|bounds
52,1041.8,790.4,interp,0.38,981.9,540.0,653.2,0.0,657.5,1168.9,1,244.1,1,1,shot_pb=1.00|flight_commit=1.00|keepin_prop=0.30|keepin_zoom=1.350|speed|edge_zoom=0.842|bounds
53,1060.5,798.0,blended,0.73,992.7,540.0,664.0,0.0,657.5,1168.9,1,236.2,1,1,shot_pb=1.00|flight_commit=1.00|keepin_prop=0.33|keepin_zoom=1.350|speed|edge_zoom=0.833|bounds
54,1068.3,802.0,interp,0.38,1003.7,540.0,674.9,0.0,657.5,1168.9,1,239.4,1,1,shot_pb=1.00|flight_commit=1.00|keepin_prop=0.34|keepin_zoom=1.350|speed|edge_zoom=0.831|bounds
55,1080.5,807.6,interp,0.38,1014.8,540.0,686.0,0.0,657.5,1168.9,1,238.3,1,1,shot_pb=1.00|flight_commit=1.00|keepin_prop=0.37|keepin_zoom=1.350|speed|edge_zoom=0.823|bounds
56,1093.4,813.4,interp,0.38,1025.8,540.0,697.0,0.0,657.5,1168.9,1,236.4,1,1,shot_pb=1.00|flight_commit=1.00|keepin_prop=0.39|keepin_zoom=1.350|speed|edge_zoom=0.815|bounds
57,1114.7,820.2,interp,0.38,1036.8,540.0,708.0,0.0,657.5,1168.9,1,226.1,1,1,shot_pb=1.00|flight_commit=1.00|keepin_prop=0.44|keepin_zoom=1.350|speed|edge_zoom=0.803|bounds
58,1129.6,826.2,interp,0.38,1047.6,540.0,718.9,0.0,657.5,1168.9,1,222.0,1,1,shot_pb=1.00|flight_commit=1.00|keepin_prop=0.46|keepin_zoom=1.350|speed|edge_zoom=0.797|bounds
59,1143.8,831.9,interp,0.38,1058.3,540.0,729.5,0.0,657.5,1168.9,1,218.5,1,1,shot_pb=1.00|flight_commit=1.00|keepin_prop=0.49|keepin_zoom=1.350|speed|edge_zoom=0.789|bounds
60,1157.3,837.5,interp,0.38,1068.6,540.0,739.9,0.0,657.5,1168.9,1,215.3,1,1,shot_pb=1.00|flight_commit=1.00|keepin_prop=0.52|keepin_zoom=1.350|speed|edge_zoom=0.781|bounds
61,1170.0,842.8,interp,0.38,1078.7,540.0,749.9,0.0,657.5,1168.9,1,212.7,1,1,shot_pb=1.00|flight_commit=1.00|keepin_prop=0.55|keepin_zoom=1.350|speed|edge_zoom=0.774|bounds
62,1181.9,848.0,interp,0.38,1088.2,540.0,759.5,0.0,657.5,1168.9,1,210.3,1,1,shot_pb=1.00|flight_commit=1.00|keepin_prop=0.57|keepin_zoom=1.350|speed|edge_zoom=0.766|bounds
63,1193.0,852.9,interp,0.38,1097.3,540.0,768.6,0.0,657.5,1168.9,1,208.3,1,1,shot_pb=1.00|flight_commit=1.00|keepin_prop=0.60|keepin_zoom=1.350|speed|edge_zoom=0.759|bounds
64,1203.2,857.7,interp,0.38,1105.9,540.0,777.1,0.0,657.5,1168.9,1,206.7,1,1,shot_pb=1.00|flight_commit=1.00|keepin_prop=0.63|keepin_zoom=1.350|speed|edge_zoom=0.752|bounds
65,1212.7,862.2,interp,0.38,1113.9,540.0,785.1,0.0,657.5,1168.9,1,205.2,1,1,shot_pb=1.00|flight_commit=1.00|keepin_prop=0.65|keepin_zoom=1.350|speed|edge_zoom=0.750|bounds
66,1221.2,866.5,interp,0.38,1121.2,540.0,792.4,0.0,657.5,1168.9,1,204.0,1,1,shot_pb=1.00|flight_commit=1.00|keepin_prop=0.67|keepin_zoom=1.350|speed|edge_zoom=0.750|bounds
67,1229.0,870.7,interp,0.38,1127.8,540.0,799.0,0.0,657.5,1168.9,1,202.8,1,1,shot_pb=1.00|flight_commit=1.00|keepin_prop=0.70|keepin_zoom=1.350|speed|edge_zoom=0.750|bounds
68,1235.8,874.7,interp,0.38,1133.7,540.0,804.9,0.0,657.5,1168.9,1,201.9,1,1,shot_pb=1.00|flight_commit=1.00|keepin_prop=0.72|keepin_zoom=1.350|speed|edge_zoom=0.750|bounds
69,1241.7,878.5,interp,0.38,1138.8,540.0,810.0,0.0,657.5,1168.9,1,201.1,1,1,shot_pb=1.00|flight_commit=1.00|keepin_prop=0.73|keepin_zoom=1.350|speed|edge_zoom=0.750|bounds
70,1246.7,882.2,interp,0.38,1143.1,540.0,814.3,0.0,657.5,1168.9,1,200.4,1,1,shot_pb=1.00|flight_commit=1.00|keepin_prop=0.75|keepin_zoom=1.350|speed|edge_zoom=0.750|bounds
71,1250.8,885.7,interp,0.38,1146.5,540.0,817.8,0.0,657.5,1168.9,1,199.7,1,1,shot_pb=1.00|flight_commit=1.00|keepin_prop=0.76|keepin_zoom=1.350|speed|edge_zoom=0.750|bounds
72,1253.9,889.2,interp,0.38,1149.1,540.0,820.3,0.0,657.5,1168.9,1,199.2,1,1,shot_pb=1.00|flight_commit=1.00|keepin_prop=0.77|keepin_zoom=1.350|speed|edge_zoom=0.750|bounds
73,1255.9,892.5,interp,0.38,1150.7,540.0,822.0,0.0,657.5,1168.9,1,198.8,1,1,shot_pb=1.00|flight_commit=1.00|keepin_prop=0.78|keepin_zoom=1.350|speed|edge_zoom=0.750|bounds
74,1256.9,895.8,interp,0.38,1151.4,540.0,822.6,0.0,657.5,1168.9,1,198.5,1,1,shot_pb=1.00|flight_commit=1.00|keepin_prop=0.78|keepin_zoom=1.350|speed|edge_zoom=0.750|bounds
75,1256.8,899.0,interp,0.38,1151.1,540.0,822.4,0.0,657.5,1168.9,1,198.3,1,1,shot_pb=1.00|flight_commit=1.00|keepin_prop=0.79|keepin_zoom=1.350|speed|edge_zoom=0.750|bounds
76,1255.4,902.1,interp,0.38,1149.9,540.0,821.1,0.0,657.5,1168.9,1,198.5,1,1,shot_pb=1.00|flight_commit=1.00|keepin_prop=0.83|keepin_zoom=1.350|speed|edge_zoom=0.750|bounds
77,1252.8,905.3,interp,0.38,1147.6,540.0,818.8,0.0,657.5,1168.9,1,198.8,1,1,shot_pb=1.00|flight_commit=1.00|keepin_prop=0.88|keepin_zoom=1.350|speed|edge_zoom=0.750|bounds
78,1248.7,908.5,interp,0.38,1144.4,540.0,815.7,0.0,657.5,1168.9,1,199.7,1,1,shot_pb=1.00|flight_commit=1.00|keepin_prop=0.93|keepin_zoom=1.350|speed|edge_zoom=0.750|bounds
79,1243.1,911.7,interp,0.38,1140.4,540.0,811.6,0.0,657.5,1168.9,1,201.3,1,1,shot_pb=1.00|flight_commit=1.00|keepin_prop=0.97|keepin_zoom=1.350|speed|edge_zoom=0.750|bounds
80,1235.8,915.1,interp,0.38,1135.6,540.0,806.8,0.0,657.5,1168.9,1,203.8,1,1,shot_pb=1.00|flight_commit=1.00|keepin_prop=1.00|keepin_zoom=1.350|speed|edge_zoom=0.750|bounds
81,1226.7,918.5,interp,0.38,1130.2,540.0,801.5,0.0,657.5,1168.9,1,207.5,1,1,shot_pb=1.00|flight_commit=1.00|keepin_prop=1.00|keepin_zoom=1.350|speed|edge_zoom=0.750|bounds
82,1215.6,922.1,interp,0.38,1124.5,540.0,795.7,0.0,657.5,1168.9,1,212.9,1,1,shot_pb=1.00|flight_commit=1.00|keepin_prop=1.00|keepin_zoom=1.350|speed|edge_zoom=0.750|bounds
83,1202.2,925.9,interp,0.38,1118.6,540.0,789.9,0.0,657.5,1168.9,1,220.4,1,1,shot_pb=1.00|flight_commit=1.00|keepin_prop=1.00|keepin_zoom=1.350|speed|edge_zoom=0.750|bounds
84,1186.3,930.0,interp,0.38,1112.9,540.0,784.2,0.0,657.5,1168.9,1,230.6,1,1,shot_pb=1.00|flight_commit=1.00|keepin_prop=1.00|keepin_zoom=1.350|speed|edge_zoom=0.750|bounds
85,1134.9,937.2,yolo,0.77,1107.7,540.0,778.9,0.0,657.5,1168.9,1,231.7,1,1,accel_zoom=0.828|shot_pb=1.00|flight_commit=1.00|keepin_prop=1.00|keepin_zoom=1.350|speed|edge_zoom=0.750|bounds
86,1121.3,941.1,yolo,0.77,1103.2,540.0,774.4,0.0,657.5,1168.9,1,227.8,1,1,shot_pb=1.00|flight_commit=1.00|keepin_prop=1.00|keepin_zoom=1.350|speed|edge_zoom=0.750|bounds
87,1113.5,944.7,yolo,0.72,1099.7,540.0,771.0,0.0,657.5,1168.9,1,224.2,1,1,shot_pb=1.00|flight_commit=1.00|keepin_prop=1.00|keepin_zoom=1.350|speed|edge_zoom=0.750|bounds
88,1111.4,948.1,yolo,0.69,1097.6,540.0,768.8,0.0,657.5,1168.9,1,220.8,1,1,shot_pb=1.00|flight_commit=1.00|keepin_prop=1.00|keepin_zoom=1.350|speed|edge_zoom=0.750|bounds
89,1114.1,951.3,yolo,0.57,1096.9,540.0,768.1,0.0,657.5,1168.9,1,217.6,1,1,shot_pb=1.00|flight_commit=1.00|keepin_prop=1.00|keepin_zoom=1.350|speed|edge_zoom=0.750|bounds
90,1121.0,954.4,yolo,0.63,1097.8,540.0,769.1,0.0,657.5,1168.9,1,214.5,1,1,shot_pb=1.00|flight_commit=1.00|keepin_prop=1.00|keepin_zoom=1.350|speed|edge_zoom=0.750|bounds
91,1130.6,957.3,yolo,0.68,1100.5,540.0,771.7,0.0,657.5,1168.9,1,211.6,1,1,shot_pb=1.00|flight_commit=1.00|keepin_prop=1.00|keepin_zoom=1.350|speed|edge_zoom=0.750|bounds
92,1141.9,959.9,interp,0.38,1104.7,540.0,776.0,0.0,657.5,1168.9,1,209.0,1,1,shot_pb=1.00|flight_commit=1.00|keepin_prop=1.00|keepin_zoom=1.350|speed|edge_zoom=0.750|bounds
93,1155.5,962.3,yolo,0.65,1110.6,540.0,781.9,0.0,657.5,1168.9,1,206.6,1,1,shot_pb=1.00|flight_commit=1.00|keepin_prop=1.00|keepin_zoom=1.350|speed|edge_zoom=0.750|bounds
94,1172.9,964.5,yolo,0.56,1118.0,540.0,789.2,0.0,657.5,1168.9,1,204.4,1,1,accel_zoom=0.912|shot_pb=1.00|flight_commit=1.00|keepin_prop=1.00|keepin_zoom=1.350|speed|edge_zoom=0.750|bounds
95,1192.0,966.4,yolo,0.52,1126.7,540.0,797.9,0.0,657.5,1168.9,1,202.5,1,1,accel_zoom=0.912|shot_pb=1.00|flight_commit=1.00|keepin_prop=1.00|keepin_zoom=1.350|speed|edge_zoom=0.750|bounds
96,1211.5,968.0,yolo,0.49,1136.5,540.0,807.7,0.0,657.5,1168.9,1,200.9,1,1,accel_zoom=0.912|shot_pb=1.00|flight_commit=1.00|keepin_prop=1.00|keepin_zoom=1.350|speed|edge_zoom=0.750|bounds
97,1231.2,969.4,yolo,0.43,1147.1,540.0,818.4,0.0,657.5,1168.9,1,199.5,1,1,accel_zoom=0.912|shot_pb=1.00|flight_commit=1.00|keepin_prop=1.00|keepin_zoom=1.350|speed|edge_zoom=0.750|bounds
98,1250.2,970.6,interp,0.38,1158.4,540.0,829.7,0.0,657.5,1168.9,1,198.3,1,1,accel_zoom=0.912|shot_pb=1.00|flight_commit=1.00|keepin_prop=1.00|keepin_zoom=1.350|speed|edge_zoom=0.750|bounds
99,1269.2,971.6,yolo,0.49,1170.2,540.0,841.4,0.0,657.5,1168.9,1,197.3,1,1,accel_zoom=0.912|shot_pb=1.00|flight_commit=1.00|keepin_prop=1.00|keepin_zoom=1.350|speed|edge_zoom=0.750|bounds
100,1288.3,972.3,interp,0.38,1182.1,540.0,853.3,0.0,657.5,1168.9,1,196.6,1,1,accel_zoom=0.912|shot_pb=1.00|flight_commit=1.00|keepin_prop=1.00|keepin_zoom=1.350|speed|edge_zoom=0.750|bounds
101,1307.1,972.9,yolo,0.42,1193.9,540.0,865.1,0.0,657.5,1168.9,1,190.8,1,1,accel_zoom=0.912|shot_pb=1.00|flight_commit=1.00|keepin_prop=1.00|keepin_zoom=1.350|speed|edge_zoom=0.750|bounds
102,1325.5,973.3,interp,0.38,1205.5,540.0,876.7,0.0,657.5,1168.9,1,184.0,1,1,accel_zoom=0.912|shot_pb=1.00|flight_commit=1.00|keepin_prop=1.00|keepin_zoom=1.350|speed|edge_zoom=0.750|bounds
103,1343.4,973.5,yolo,0.54,1216.5,540.0,887.8,0.0,657.5,1168.9,1,177.1,1,1,accel_zoom=0.912|shot_pb=1.00|flight_commit=1.00|keepin_prop=1.00|keepin_zoom=1.350|speed|edge_zoom=0.750|bounds
104,1362.1,973.5,yolo,0.51,1226.9,540.0,898.1,0.0,657.5,1168.9,1,168.8,1,1,accel_zoom=0.912|shot_pb=1.00|flight_commit=1.00|keepin_prop=1.00|keepin_zoom=1.350|speed|edge_zoom=0.750|bounds
105,1379.3,973.4,yolo,0.61,1236.3,540.0,907.6,0.0,657.5,1168.9,1,161.0,1,1,shot_pb=1.00|flight_commit=1.00|keepin_prop=1.00|keepin_zoom=1.350|speed|edge_zoom=0.750|bounds
106,1394.2,973.1,yolo,0.68,1244.8,540.0,916.0,0.0,657.5,1168.9,1,154.6,1,1,shot_pb=1.00|flight_commit=1.00|pb_zfit|keepin_prop=1.00|keepin_zoom=1.350|speed|edge_zoom=0.750|bounds
107,1406.5,972.5,yolo,0.63,1252.0,540.0,923.2,0.0,657.5,1168.9,1,149.5,1,1,shot_pb=1.00|flight_commit=1.00|pb_zfit|keepin_prop=1.00|keepin_zoom=1.350|speed|edge_zoom=0.750|bounds
108,1414.6,971.8,interp,0.38,1257.9,540.0,929.1,0.0,657.5,1168.9,1,147.3,1,1,shot_pb=1.00|flight_commit=1.00|pb_zfit|keepin_prop=1.00|keepin_zoom=1.350|speed|edge_zoom=0.750|bounds
109,1420.1,971.0,yolo,0.58,1262.4,540.0,933.6,0.0,657.5,1168.9,1,146.3,1,1,shot_pb=1.00|flight_commit=1.00|pb_zfit|keepin_prop=1.00|keepin_zoom=1.350|speed|edge_zoom=0.750|bounds
110,1422.2,970.0,yolo,0.59,1265.4,540.0,936.6,0.0,657.5,1168.9,1,147.2,1,1,shot_pb=1.00|flight_commit=1.00|pb_zfit|keepin_prop=1.00|keepin_zoom=1.350|speed|edge_zoom=0.750|bounds
111,1421.4,969.0,yolo,0.59,1266.9,540.0,938.2,0.0,657.5,1168.9,1,149.5,1,1,shot_pb=1.00|flight_commit=1.00|pb_zfit|keepin_prop=1.00|keepin_zoom=1.350|speed|edge_zoom=0.750|bounds
112,1418.2,968.1,interp,0.38,1267.0,540.0,938.2,0.0,657.5,1168.9,1,152.8,1,1,shot_pb=1.00|flight_commit=1.00|pb_zfit|keepin_prop=1.00|keepin_zoom=1.350|speed|edge_zoom=0.750|bounds
113,1412.8,967.1,yolo,0.64,1265.6,540.0,936.8,0.0,657.5,1168.9,1,156.8,1,1,shot_pb=1.00|flight_commit=1.00|pb_zfit|keepin_prop=1.00|keepin_zoom=1.350|speed|edge_zoom=0.750|bounds
114,1404.3,966.1,yolo,0.56,1262.8,540.0,934.1,0.0,657.5,1168.9,1,162.5,1,1,shot_pb=1.00|flight_commit=1.00|pb_zfit|keepin_prop=1.00|keepin_zoom=1.350|speed|edge_zoom=0.750|bounds
115,1394.0,965.0,yolo,0.52,1258.8,540.0,930.0,0.0,657.5,1168.9,1,168.8,1,1,shot_pb=1.00|flight_commit=1.00|pb_zfit|keepin_prop=1.00|keepin_zoom=1.350|speed|edge_zoom=0.750|bounds
116,1382.9,964.0,yolo,0.50,1253.5,540.0,924.7,0.0,657.5,1168.9,1,174.6,1,1,shot_pb=1.00|flight_commit=1.00|pb_zfit|keepin_prop=1.00|keepin_zoom=1.350|speed|edge_zoom=0.750|bounds
117,1371.8,963.0,interp,0.38,1247.2,540.0,918.4,0.0,657.5,1168.9,1,179.4,1,1,shot_pb=1.00|flight_commit=1.00|pb_zfit|keepin_prop=1.00|keepin_zoom=1.350|speed|edge_zoom=0.750|bounds
118,1359.8,962.0,interp,0.38,1239.9,540.0,911.1,0.0,657.5,1168.9,1,184.1,1,1,shot_pb=1.00|flight_commit=1.00|pb_zfit|keepin_prop=1.00|keepin_zoom=1.350|speed|edge_zoom=0.750|bounds
119,1347.0,961.0,yolo,0.57,1231.7,540.0,903.0,0.0,657.5,1168.9,1,188.7,1,1,shot_pb=1.00|flight_commit=1.00|keepin_prop=1.00|keepin_zoom=1.350|speed|edge_zoom=0.750|bounds
120,1331.8,960.0,yolo,0.54,1222.9,540.0,894.1,0.0,657.5,1168.9,1,195.1,1,1,shot_pb=1.00|flight_commit=1.00|keepin_prop=1.00|keepin_zoom=1.350|speed|edge_zoom=0.750|bounds
121,1316.4,959.0,yolo,0.52,1213.4,540.0,884.7,0.0,657.5,1168.9,1,201.0,1,1,shot_pb=1.00|flight_commit=1.00|keepin_prop=1.00|keepin_zoom=1.350|speed|edge_zoom=0.750|bounds
122,1300.9,958.0,yolo,0.57,1203.5,540.0,874.7,0.0,657.5,1168.9,1,206.6,1,1,shot_pb=1.00|flight_commit=1.00|keepin_prop=1.00|keepin_zoom=1.350|speed|edge_zoom=0.750|bounds
123,1285.4,957.1,yolo,0.49,1193.2,540.0,864.4,0.0,657.5,1168.9,1,211.8,1,1,shot_pb=1.00|flight_commit=1.00|keepin_prop=1.00|keepin_zoom=1.350|speed|edge_zoom=0.750|bounds
124,1269.8,956.3,yolo,0.55,1182.6,540.0,853.8,0.0,657.5,1168.9,1,212.6,1,1,shot_pb=1.00|flight_commit=1.00|keepin_prop=1.00|keepin_zoom=1.350|speed|edge_zoom=0.750|bounds
125,1254.5,955.5,yolo,0.57,1171.7,540.0,842.9,0.0,657.5,1168.9,1,213.4,1,1,shot_pb=1.00|flight_commit=1.00|keepin_prop=1.00|keepin_zoom=1.350|speed|edge_zoom=0.750|bounds
126,1239.5,954.7,yolo,0.58,1160.7,540.0,831.9,0.0,657.5,1168.9,1,214.2,1,1,shot_pb=1.00|flight_commit=1.00|keepin_prop=1.00|keepin_zoom=1.350|speed|edge_zoom=0.750|bounds
127,1224.8,954.0,yolo,0.62,1149.6,540.0,820.8,0.0,657.5,1168.9,1,214.9,1,1,shot_pb=1.00|flight_commit=1.00|keepin_prop=1.00|keepin_zoom=1.350|speed|edge_zoom=0.750|bounds
128,1210.3,953.3,yolo,0.60,1138.4,540.0,809.6,0.0,657.5,1168.9,1,215.6,1,1,shot_pb=1.00|flight_commit=1.00|keepin_prop=1.00|keepin_zoom=1.350|speed|edge_zoom=0.750|bounds
129,1195.9,952.6,yolo,0.53,1127.1,540.0,798.3,0.0,657.5,1168.9,1,216.3,1,1,shot_pb=1.00|flight_commit=1.00|keepin_prop=1.00|keepin_zoom=1.350|speed|edge_zoom=0.750|bounds
130,1181.7,952.0,yolo,0.60,1115.8,540.0,787.0,0.0,657.5,1168.9,1,216.9,1,1,shot_pb=1.00|flight_commit=1.00|keepin_prop=1.00|keepin_zoom=1.350|speed|edge_zoom=0.750|bounds
131,1167.8,951.3,yolo,0.66,1104.4,540.0,775.6,0.0,657.5,1168.9,1,217.6,1,1,shot_pb=1.00|flight_commit=1.00|keepin_prop=1.00|keepin_zoom=1.350|speed|edge_zoom=0.750|bounds
132,1154.0,950.6,yolo,0.66,1092.9,540.0,764.1,0.0,657.5,1168.9,1,218.3,1,1,shot_pb=1.00|flight_commit=1.00|keepin_prop=1.00|keepin_zoom=1.350|speed|edge_zoom=0.750|bounds
133,1140.1,950.0,yolo,0.55,1081.2,540.0,752.4,0.0,657.5,1168.9,1,218.9,1,1,shot_pb=1.00|flight_commit=1.00|keepin_prop=1.00|keepin_zoom=1.350|speed|edge_zoom=0.750|bounds
134,1126.2,949.4,yolo,0.60,1069.3,540.0,740.5,0.0,657.5,1168.9,1,219.5,1,1,shot_pb=1.00|flight_commit=1.00|keepin_prop=1.00|keepin_zoom=1.350|speed|edge_zoom=0.750|bounds
135,1112.0,948.7,yolo,0.65,1057.2,540.0,728.4,0.0,657.5,1168.9,1,220.2,1,1,shot_pb=1.00|flight_commit=1.00|person_ctx=4|keepin_prop=1.00|keepin_zoom=1.350|speed|edge_zoom=0.750|bounds
136,1097.7,948.1,yolo,0.69,1044.6,540.0,715.9,0.0,657.5,1168.9,1,220.8,1,1,shot_pb=1.00|flight_commit=1.00|person_ctx=4|keepin_prop=1.00|keepin_zoom=1.350|speed|edge_zoom=0.750|bounds
137,1083.3,947.5,interp,0.38,1031.7,540.0,702.9,0.0,657.5,1168.9,1,221.4,1,1,shot_pb=1.00|flight_commit=1.00|person_ctx=4|keepin_prop=1.00|keepin_zoom=1.350|speed|edge_zoom=0.750|bounds
138,1068.3,946.9,interp,0.38,1018.1,540.0,689.4,0.0,657.5,1168.9,1,222.0,1,1,shot_pb=1.00|flight_commit=1.00|person_ctx=4|keepin_prop=1.00|keepin_zoom=1.350|speed|edge_zoom=0.750|bounds
139,1052.5,946.3,interp,0.38,1003.9,540.0,675.2,0.0,657.5,1168.9,1,222.6,1,1,shot_pb=1.00|flight_commit=1.00|person_ctx=4|keepin_prop=1.00|keepin_zoom=1.350|speed|edge_zoom=0.750|bounds
140,1035.8,945.7,interp,0.38,989.0,540.0,660.3,0.0,657.5,1168.9,1,223.2,1,1,shot_pb=1.00|flight_commit=1.00|person_ctx=4|keepin_prop=1.00|keepin_zoom=1.350|speed|edge_zoom=0.750|bounds
141,1017.8,945.0,interp,0.38,973.3,540.0,644.5,0.0,657.5,1168.9,1,223.9,1,1,accel_zoom=0.943|shot_pb=1.00|flight_commit=1.00|person_ctx=4|keepin_prop=1.00|keepin_zoom=1.350|speed|edge_zoom=0.750|bounds
142,998.4,944.3,interp,0.38,956.6,540.0,627.8,0.0,657.5,1168.9,1,224.6,1,1,accel_zoom=0.939|shot_pb=1.00|flight_commit=1.00|person_ctx=4|keepin_prop=1.00|keepin_zoom=1.350|speed|edge_zoom=0.750|bounds
143,977.2,943.5,yolo,0.70,938.9,540.0,610.2,0.0,657.5,1168.9,1,225.4,1,1,accel_zoom=0.933|shot_pb=1.00|flight_commit=1.00|person_ctx=4|keepin_prop=1.00|keepin_zoom=1.350|speed|edge_zoom=0.750|bounds
144,952.7,942.6,interp,0.38,920.3,540.0,591.5,0.0,657.5,1168.9,1,226.3,1,1,accel_zoom=0.922|shot_pb=1.00|flight_commit=1.00|person_ctx=4|keepin_prop=1.00|keepin_zoom=1.350|speed|edge_zoom=0.750|bounds
145,926.1,941.6,yolo,0.61,900.6,540.0,571.9,0.0,657.5,1168.9,1,227.3,1,1,shot_pb=1.00|flight_commit=1.00|person_ctx=4|keepin_prop=1.00|keepin_zoom=1.350|speed|edge_zoom=0.750|bounds
146,895.7,940.6,yolo,0.55,880.0,540.0,551.3,0.0,657.5,1168.9,1,228.3,1,1,flight_commit=1.00|keepin_prop=1.00|keepin_zoom=1.350|speed|edge_zoom=0.750|bounds
147,863.4,939.4,yolo,0.54,858.5,540.0,529.8,0.0,657.5,1168.9,1,229.5,1,1,accel_zoom=0.934|flight_commit=1.00|keepin_prop=1.00|keepin_zoom=1.350|speed|edge_zoom=0.750|bounds
148,830.5,938.1,interp,0.38,836.3,540.0,507.5,0.0,657.5,1168.9,1,230.8,1,1,flight_commit=1.00|keepin_prop=1.00|keepin_zoom=1.350|speed|edge_zoom=0.750|bounds
149,796.5,936.7,yolo,0.57,813.4,540.0,484.6,0.0,657.5,1168.9,1,232.2,1,1,shot_pb=1.00|flight_commit=1.00|keepin_prop=1.00|keepin_zoom=1.350|speed|edge_zoom=0.750|bounds
150,758.7,935.1,yolo,0.64,790.0,540.0,461.3,0.0,657.5,1168.9,1,233.8,1,1,accel_zoom=0.910|shot_pb=1.00|flight_commit=1.00|keepin_prop=1.00|keepin_zoom=1.350|flight_boost=1.03|speed|edge_zoom=0.750|bounds
151,721.4,933.3,yolo,0.70,766.4,540.0,437.7,0.0,657.5,1168.9,1,235.6,1,1,accel_zoom=0.905|shot_pb=1.00|flight_commit=1.00|keepin_prop=1.00|keepin_zoom=1.350|flight_boost=1.07|speed|edge_zoom=0.750|bounds
152,684.8,931.5,yolo,0.59,742.8,540.0,414.1,0.0,657.5,1168.9,1,237.4,1,1,accel_zoom=0.902|shot_pb=1.00|flight_commit=1.00|keepin_prop=1.00|keepin_zoom=1.350|flight_boost=1.10|speed|edge_zoom=0.750|bounds
153,650.9,929.7,interp,0.38,719.4,540.0,390.6,0.0,657.5,1168.9,1,235.5,1,1,accel_zoom=0.902|shot_pb=1.00|flight_commit=1.00|person_ctx=4|keepin_prop=1.00|keepin_zoom=1.350|flight_boost=1.14|speed|edge_zoom=0.750|bounds
154,617.7,927.7,interp,0.38,696.4,540.0,367.6,0.0,657.5,1168.9,1,225.3,1,1,accel_zoom=0.902|shot_pb=1.00|flight_commit=1.00|person_ctx=4|keepin_prop=1.00|keepin_zoom=1.350|flight_boost=1.11|speed|edge_zoom=0.750|bounds
155,585.3,925.6,yolo,0.65,674.1,540.0,345.3,0.0,657.5,1168.9,1,215.2,1,1,accel_zoom=0.902|shot_pb=1.00|flight_commit=1.00|person_ctx=4|keepin_prop=1.00|keepin_zoom=1.350|flight_boost=1.08|speed|edge_zoom=0.750|bounds
156,550.5,923.3,yolo,0.69,652.7,540.0,323.9,0.0,657.5,1168.9,1,201.8,1,1,accel_zoom=0.897|shot_pb=1.00|flight_commit=1.00|person_ctx=4|keepin_prop=1.00|keepin_zoom=1.350|flight_boost=1.11|speed|edge_zoom=0.750|bounds
157,518.1,920.9,yolo,0.69,632.4,540.0,303.7,0.0,657.5,1168.9,1,189.7,1,1,accel_zoom=0.897|shot_pb=1.00|flight_commit=1.00|person_ctx=4|keepin_prop=1.00|keepin_zoom=1.350|flight_boost=1.09|speed|edge_zoom=0.750|bounds
158,488.1,918.3,yolo,0.57,613.4,540.0,284.7,0.0,657.5,1168.9,1,178.7,1,1,accel_zoom=0.897|shot_pb=1.00|flight_commit=1.00|person_ctx=4|keepin_prop=1.00|keepin_zoom=1.350|flight_boost=1.07|speed|edge_zoom=0.750|bounds
159,465.5,915.2,interp,0.38,595.8,540.0,267.1,0.0,657.5,1168.9,1,173.7,1,1,accel_zoom=0.897|shot_pb=1.00|flight_commit=1.00|person_ctx=4|keepin_prop=1.00|keepin_zoom=1.350|flight_boost=1.03|speed|edge_zoom=0.750|bounds
160,436.8,912.4,interp,0.38,579.8,540.0,251.1,0.0,657.5,1168.9,1,161.0,1,1,accel_zoom=0.897|shot_pb=1.00|flight_commit=1.00|person_ctx=4|keepin_prop=1.00|keepin_zoom=1.350|flight_boost=1.02|speed|edge_zoom=0.750|bounds
161,417.3,909.0,interp,0.38,565.4,540.0,236.6,0.0,657.5,1168.9,1,155.9,1,1,accel_zoom=0.897|shot_pb=1.00|flight_commit=1.00|person_ctx=4|keepin_prop=1.00|keepin_zoom=1.350|speed|edge_zoom=0.750|bounds
162,419.7,904.3,interp,0.38,552.6,540.0,223.8,0.0,657.5,1168.9,1,171.1,1,1,shot_pb=1.00|flight_commit=1.00|keepin_prop=1.00|keepin_zoom=1.350|speed|edge_zoom=0.750|bounds
163,411.0,900.3,interp,0.38,541.4,540.0,212.6,0.0,657.5,1168.9,1,173.6,1,1,shot_pb=1.00|flight_commit=1.00|keepin_prop=1.00|keepin_zoom=1.350|speed|edge_zoom=0.750|bounds
164,403.7,896.1,interp,0.38,531.7,540.0,202.9,0.0,657.5,1168.9,1,176.0,1,1,shot_pb=1.00|flight_commit=1.00|keepin_prop=1.00|keepin_zoom=1.350|speed|edge_zoom=0.750|bounds
165,397.7,891.9,interp,0.38,523.5,540.0,194.7,0.0,657.5,1168.9,1,178.2,1,1,shot_pb=1.00|flight_commit=1.00|keepin_prop=1.00|keepin_zoom=1.350|speed|edge_zoom=0.750|bounds
166,392.9,887.5,interp,0.38,516.6,540.0,187.8,0.0,657.5,1168.9,1,180.3,1,1,shot_pb=1.00|flight_commit=1.00|keepin_prop=1.00|keepin_zoom=1.350|speed|edge_zoom=0.750|bounds
167,389.1,883.1,interp,0.38,510.9,540.0,182.1,0.0,657.5,1168.9,1,182.2,1,1,shot_pb=1.00|flight_commit=1.00|keepin_prop=0.99|keepin_zoom=1.350|speed|edge_zoom=0.750|bounds
168,386.2,878.6,interp,0.38,506.3,540.0,177.6,0.0,657.5,1168.9,1,183.9,1,1,shot_pb=1.00|flight_commit=1.00|keepin_prop=0.97|keepin_zoom=1.350|speed|edge_zoom=0.750|bounds
169,384.0,874.1,interp,0.38,502.7,540.0,173.9,0.0,657.5,1168.9,1,185.3,1,1,shot_pb=1.00|flight_commit=1.00|keepin_prop=0.95|keepin_zoom=1.350|speed|edge_zoom=0.750|bounds
170,382.6,869.5,interp,0.38,499.9,540.0,171.1,0.0,657.5,1168.9,1,186.7,1,1,shot_pb=1.00|flight_commit=1.00|keepin_prop=0.93|keepin_zoom=1.350|speed|edge_zoom=0.750|bounds
171,381.8,864.9,interp,0.38,497.8,540.0,169.1,0.0,657.5,1168.9,1,188.0,1,1,shot_pb=1.00|flight_commit=1.00|keepin_prop=0.90|keepin_zoom=1.350|speed|edge_zoom=0.750|bounds
172,381.6,860.3,interp,0.38,496.4,540.0,167.7,0.0,657.5,1168.9,1,189.2,1,1,shot_pb=1.00|flight_commit=1.00|keepin_prop=0.87|keepin_zoom=1.350|speed|edge_zoom=0.750|bounds
173,381.9,855.6,interp,0.38,495.6,540.0,166.8,0.0,657.5,1168.9,1,190.3,1,1,shot_pb=1.00|flight_commit=1.00|keepin_prop=0.84|keepin_zoom=1.350|speed|edge_zoom=0.750|bounds
174,382.6,850.9,interp,0.38,495.2,540.0,166.5,0.0,657.5,1168.9,1,191.4,1,1,shot_pb=1.00|flight_commit=1.00|keepin_prop=0.81|keepin_zoom=1.350|speed|edge_zoom=0.750|bounds
175,383.7,846.2,interp,0.38,495.3,540.0,166.5,0.0,657.5,1168.9,1,192.4,1,1,shot_pb=1.00|flight_commit=1.00|keepin_prop=0.77|keepin_zoom=1.350|speed|edge_zoom=0.750|bounds
176,385.3,841.4,interp,0.38,495.8,540.0,167.0,0.0,657.5,1168.9,1,193.5,1,1,shot_pb=1.00|flight_commit=1.00|keepin_prop=0.74|keepin_zoom=1.350|speed|edge_zoom=0.750|bounds
177,387.1,836.7,interp,0.38,496.6,540.0,167.8,0.0,657.5,1168.9,1,194.5,1,1,shot_pb=1.00|flight_commit=1.00|person_ctx=4|keepin_prop=0.70|keepin_zoom=1.350|speed|edge_zoom=0.750|bounds
178,389.4,832.0,interp,0.38,497.7,540.0,169.0,0.0,657.5,1168.9,1,195.7,1,1,shot_pb=1.00|flight_commit=1.00|person_ctx=4|keepin_prop=0.67|keepin_zoom=1.350|speed|edge_zoom=0.750|bounds
179,391.9,827.2,interp,0.38,499.2,540.0,170.4,0.0,657.5,1168.9,1,196.7,1,1,shot_pb=1.00|flight_commit=1.00|person_ctx=4|keepin_prop=0.64|keepin_zoom=1.350|speed|edge_zoom=0.750|bounds
180,394.8,822.5,interp,0.38,500.9,540.0,172.2,0.0,657.5,1168.9,1,197.9,1,1,shot_pb=1.00|flight_commit=1.00|keepin_prop=0.61|keepin_zoom=1.350|speed|edge_zoom=0.757|bounds
181,397.9,817.8,interp,0.38,502.9,540.0,174.2,0.0,657.5,1168.9,1,199.0,1,1,shot_pb=1.00|flight_commit=1.00|keepin_prop=0.58|keepin_zoom=1.350|speed|edge_zoom=0.765|bounds
182,401.4,813.1,interp,0.38,505.2,540.0,176.4,0.0,657.5,1168.9,1,200.2,1,1,shot_pb=1.00|flight_commit=1.00|person_ctx=4|keepin_prop=0.55|keepin_zoom=1.350|speed|edge_zoom=0.773|bounds
183,405.1,808.4,interp,0.38,507.7,540.0,179.0,0.0,657.5,1168.9,1,201.4,1,1,shot_pb=1.00|flight_commit=1.00|keepin_prop=0.52|keepin_zoom=1.350|speed|edge_zoom=0.781|bounds
184,409.2,803.7,interp,0.38,510.5,540.0,181.8,0.0,657.5,1168.9,1,202.7,1,1,shot_pb=1.00|flight_commit=1.00|keepin_prop=0.49|keepin_zoom=1.350|speed|edge_zoom=0.789|bounds
185,413.6,799.1,interp,0.38,513.6,540.0,184.8,0.0,657.5,1168.9,1,204.0,1,1,shot_pb=1.00|flight_commit=1.00|keepin_prop=0.46|keepin_zoom=1.350|speed|edge_zoom=0.796|bounds
186,418.3,794.5,interp,0.38,517.0,540.0,188.2,0.0,657.5,1168.9,1,205.3,1,1,shot_pb=1.00|flight_commit=1.00|keepin_prop=0.44|keepin_zoom=1.350|speed|edge_zoom=0.804|bounds
187,423.4,790.0,interp,0.38,520.6,540.0,191.8,0.0,657.5,1168.9,1,206.8,1,1,shot_pb=1.00|flight_commit=1.00|keepin_prop=0.41|keepin_zoom=1.350|speed|edge_zoom=0.811|bounds
188,428.9,785.5,interp,0.38,524.5,540.0,195.8,0.0,657.5,1168.9,1,208.4,1,1,shot_pb=1.00|flight_commit=1.00|keepin_prop=0.38|keepin_zoom=1.350|speed|edge_zoom=0.817|bounds
189,434.9,781.0,interp,0.38,528.8,540.0,200.0,0.0,657.5,1168.9,1,210.1,1,1,shot_pb=1.00|flight_commit=1.00|keepin_prop=0.36|keepin_zoom=1.350|speed|edge_zoom=0.824|bounds
190,441.3,776.7,interp,0.38,533.3,540.0,204.6,0.0,657.5,1168.9,1,212.0,1,1,shot_pb=1.00|flight_commit=1.00|keepin_prop=0.34|keepin_zoom=1.350|speed|edge_zoom=0.830|bounds
191,448.3,772.4,interp,0.38,538.2,540.0,209.5,0.0,657.5,1168.9,1,214.1,1,1,shot_pb=1.00|flight_commit=1.00|keepin_prop=0.32|keepin_zoom=1.350|speed|edge_zoom=0.836|bounds
192,455.8,768.2,interp,0.38,543.5,540.0,214.7,0.0,657.5,1168.9,1,216.3,1,1,shot_pb=1.00|flight_commit=1.00|keepin_prop=0.29|keepin_zoom=1.350|speed|edge_zoom=0.842|bounds
193,464.1,764.2,yolo,0.28,549.1,540.0,220.4,0.0,657.5,1168.9,1,219.0,1,1,shot_pb=1.00|flight_commit=1.00|keepin_prop=0.27|keepin_zoom=1.350|speed|edge_zoom=0.848|bounds
194,473.8,760.3,interp,0.38,555.1,540.0,226.4,0.0,657.5,1168.9,1,222.7,1,1,shot_pb=1.00|flight_commit=1.00|keepin_prop=0.25|keepin_zoom=1.350|speed|edge_zoom=0.854|bounds
195,484.1,756.6,interp,0.38,561.5,540.0,232.7,0.0,657.5,1168.9,1,226.6,1,1,shot_pb=1.00|flight_commit=1.00|keepin_prop=0.24|keepin_zoom=1.350|speed|edge_zoom=0.858|bounds
196,495.1,753.0,interp,0.38,568.2,540.0,239.5,0.0,657.5,1168.9,1,230.9,1,1,shot_pb=1.00|flight_commit=1.00|keepin_prop=0.22|keepin_zoom=1.350|speed|edge_zoom=0.862|bounds
197,506.6,749.4,interp,0.38,575.3,540.0,246.6,0.0,657.5,1168.9,1,235.3,1,1,shot_pb=1.00|flight_commit=1.00|keepin_prop=0.21|keepin_zoom=1.350|speed|edge_zoom=0.866|bounds
198,518.5,746.0,interp,0.38,582.8,540.0,254.0,0.0,657.5,1168.9,1,239.7,1,1,shot_pb=1.00|flight_commit=1.00|keepin_prop=0.19|keepin_zoom=1.350|speed|edge_zoom=0.870|bounds
199,530.8,742.6,interp,0.38,590.6,540.0,261.8,0.0,657.5,1168.9,1,244.2,1,1,shot_pb=1.00|flight_commit=1.00|keepin_prop=0.18|keepin_zoom=1.350|speed|edge_zoom=0.873|bounds
200,543.4,739.3,interp,0.38,598.7,540.0,269.9,0.0,657.5,1168.9,1,248.7,1,1,shot_pb=1.00|flight_commit=1.00|keepin_prop=0.17|keepin_zoom=1.350|speed|edge_zoom=0.876|bounds
201,556.4,736.0,interp,0.38,607.1,540.0,278.3,0.0,657.5,1168.9,1,253.3,1,1,shot_pb=1.00|flight_commit=1.00|keepin_prop=0.16|keepin_zoom=1.350|speed|edge_zoom=0.879|bounds
202,569.6,732.8,interp,0.38,615.8,540.0,287.0,0.0,657.5,1168.9,1,257.8,1,1,shot_pb=1.00|flight_commit=1.00|keepin_prop=0.15|keepin_zoom=1.350|speed|edge_zoom=0.882|bounds
203,583.1,729.7,interp,0.38,624.8,540.0,296.0,0.0,657.5,1168.9,1,262.3,1,1,shot_pb=1.00|flight_commit=1.00|keepin_prop=0.14|keepin_zoom=1.350|speed|edge_zoom=0.884|bounds
204,596.8,726.6,interp,0.38,634.0,540.0,305.3,0.0,657.5,1168.9,1,266.8,1,1,shot_pb=1.00|flight_commit=1.00|keepin_prop=0.13|keepin_zoom=1.350|speed|edge_zoom=0.887|bounds
205,610.7,723.6,interp,0.38,643.5,540.0,314.7,0.0,657.5,1168.9,1,271.2,1,1,shot_pb=1.00|flight_commit=1.00|keepin_prop=0.12|keepin_zoom=1.350|speed|edge_zoom=0.889|bounds
206,624.7,720.6,interp,0.38,653.1,540.0,324.4,0.0,657.5,1168.9,1,275.6,1,1,shot_pb=1.00|flight_commit=1.00|keepin_prop=0.11|keepin_zoom=1.350|speed|edge_zoom=0.891|bounds
207,638.9,717.7,interp,0.38,663.0,540.0,334.2,0.0,657.5,1168.9,1,279.9,1,1,shot_pb=1.00|flight_commit=1.00|keepin_prop=0.11|keepin_zoom=1.350|speed|edge_zoom=0.893|bounds
208,653.2,714.8,interp,0.38,673.0,540.0,344.2,0.0,657.5,1168.9,1,284.2,1,1,shot_pb=1.00|flight_commit=1.00|keepin_prop=0.10|keepin_zoom=1.350|speed|edge_zoom=0.895|bounds
209,667.6,712.0,interp,0.38,683.1,540.0,354.4,0.0,657.5,1168.9,1,288.5,1,1,shot_pb=1.00|flight_commit=1.00|keepin_prop=0.09|keepin_zoom=1.350|speed|edge_zoom=0.897|bounds
210,682.1,709.3,interp,0.38,693.4,540.0,364.7,0.0,657.5,1168.9,1,292.7,1,1,shot_pb=1.00|flight_commit=1.00|person_ctx=4|keepin_prop=0.09|keepin_zoom=1.350|speed|edge_zoom=0.899|bounds
211,696.7,706.7,interp,0.38,703.9,540.0,375.1,0.0,657.5,1168.9,1,296.8,1,1,shot_pb=1.00|flight_commit=1.00|person_ctx=4|keepin_prop=0.08|keepin_zoom=1.350|speed|edge_zoom=0.900|bounds
212,711.4,704.1,interp,0.38,714.4,540.0,385.7,0.0,657.5,1168.9,1,301.0,1,1,shot_pb=1.00|flight_commit=1.00|person_ctx=4|keepin_prop=0.07|keepin_zoom=1.350|speed|edge_zoom=0.902|bounds
213,726.1,701.6,interp,0.38,725.1,540.0,396.3,0.0,657.5,1168.9,1,303.0,1,1,shot_pb=1.00|flight_commit=1.00|person_ctx=4|keepin_prop=0.07|keepin_zoom=1.350|speed|edge_zoom=0.903|bounds
214,740.9,699.2,interp,0.38,735.8,540.0,407.1,0.0,657.5,1168.9,1,298.9,1,1,shot_pb=1.00|flight_commit=1.00|keepin_prop=0.06|keepin_zoom=1.350|speed|edge_zoom=0.905|bounds
215,755.8,696.9,interp,0.38,746.7,540.0,417.9,0.0,657.5,1168.9,1,294.9,1,1,shot_pb=1.00|flight_commit=1.00|keepin_prop=0.06|keepin_zoom=1.350|speed|edge_zoom=0.906|bounds
216,770.7,694.7,interp,0.38,757.6,540.0,428.8,0.0,657.5,1168.9,1,290.9,1,1,shot_pb=1.00|flight_commit=1.00|keepin_prop=0.06|keepin_zoom=1.350|speed|edge_zoom=0.907|bounds
217,785.7,692.6,interp,0.38,768.6,540.0,439.9,0.0,657.5,1168.9,1,286.9,1,1,shot_pb=1.00|flight_commit=1.00|keepin_prop=0.05|keepin_zoom=1.350|speed|edge_zoom=0.908|bounds
218,800.7,690.7,interp,0.38,779.7,540.0,450.9,0.0,657.5,1168.9,1,283.0,1,1,shot_pb=1.00|flight_commit=1.00|keepin_prop=0.05|keepin_zoom=1.350|speed|edge_zoom=0.909|bounds
219,815.7,689.0,interp,0.38,790.8,540.0,462.1,0.0,657.5,1168.9,1,279.1,1,1,shot_pb=1.00|flight_commit=1.00|keepin_prop=0.04|keepin_zoom=1.350|speed|edge_zoom=0.910|bounds
220,830.8,687.4,interp,0.38,802.0,540.0,473.3,0.0,657.5,1168.9,1,275.2,1,1,shot_pb=1.00|flight_commit=1.00|keepin_prop=0.04|keepin_zoom=1.350|speed|edge_zoom=0.911|bounds
221,845.9,686.1,interp,0.38,813.3,540.0,484.5,0.0,657.5,1168.9,1,271.4,1,1,shot_pb=1.00|flight_commit=1.00|keepin_prop=0.04|keepin_zoom=1.350|speed|edge_zoom=0.911|bounds
222,861.0,685.0,interp,0.38,824.6,540.0,495.8,0.0,657.5,1168.9,1,267.6,1,1,shot_pb=1.00|flight_commit=1.00|keepin_prop=0.04|keepin_zoom=1.350|speed|edge_zoom=0.912|bounds
223,876.1,684.1,interp,0.38,835.9,540.0,507.2,0.0,657.5,1168.9,1,263.8,1,1,shot_pb=1.00|flight_commit=1.00|keepin_prop=0.04|keepin_zoom=1.350|speed|edge_zoom=0.913|bounds
224,891.3,683.6,yolo,0.41,847.3,540.0,518.6,0.0,657.5,1168.9,1,260.0,1,1,shot_pb=1.00|flight_commit=1.00|keepin_prop=0.03|keepin_zoom=1.350|speed|edge_zoom=0.913|bounds
225,906.8,683.9,interp,0.38,858.8,540.0,530.0,0.0,657.5,1168.9,1,256.0,1,1,shot_pb=1.00|flight_commit=1.00|keepin_prop=0.03|keepin_zoom=1.350|speed|edge_zoom=0.913|bounds
226,922.2,684.5,interp,0.38,870.3,540.0,541.5,0.0,657.5,1168.9,1,252.1,1,1,shot_pb=1.00|flight_commit=1.00|keepin_prop=0.03|keepin_zoom=1.350|speed|edge_zoom=0.913|bounds
227,937.6,685.3,interp,0.38,881.9,540.0,553.1,0.0,657.5,1168.9,1,248.3,1,1,shot_pb=1.00|flight_commit=1.00|keepin_prop=0.03|keepin_zoom=1.350|speed|edge_zoom=0.913|bounds
228,952.7,686.1,interp,0.38,893.6,540.0,564.8,0.0,657.5,1168.9,1,244.9,1,1,shot_pb=1.00|flight_commit=1.00|keepin_prop=0.03|keepin_zoom=1.350|speed|edge_zoom=0.913|bounds
229,967.6,687.0,yolo,0.37,905.5,540.0,576.7,0.0,657.5,1168.9,1,241.9,1,1,shot_pb=1.00|flight_commit=1.00|keepin_prop=0.04|keepin_zoom=1.350|speed|edge_zoom=0.913|bounds
230,980.4,687.4,interp,0.38,917.5,540.0,588.7,0.0,657.5,1168.9,1,241.1,1,1,shot_pb=1.00|flight_commit=1.00|keepin_prop=0.04|keepin_zoom=1.350|speed|edge_zoom=0.912|bounds
231,993.2,687.7,interp,0.38,929.8,540.0,601.0,0.0,657.5,1168.9,1,240.6,1,1,shot_pb=1.00|flight_commit=1.00|keepin_prop=0.04|keepin_zoom=1.350|speed|edge_zoom=0.912|bounds
232,1006.4,688.2,interp,0.38,942.3,540.0,613.6,0.0,657.5,1168.9,1,239.9,1,1,shot_pb=1.00|flight_commit=1.00|keepin_prop=0.04|keepin_zoom=1.350|speed|edge_zoom=0.912|bounds
233,1020.3,688.8,interp,0.38,955.2,540.0,626.5,0.0,657.5,1168.9,1,238.9,1,1,shot_pb=1.00|flight_commit=1.00|keepin_prop=0.04|keepin_zoom=1.350|speed|edge_zoom=0.912|bounds
234,1035.3,689.6,interp,0.38,968.5,540.0,639.7,0.0,657.5,1168.9,1,237.2,1,1,shot_pb=1.00|flight_commit=1.00|keepin_prop=0.04|keepin_zoom=1.350|speed|edge_zoom=0.912|bounds
235,1051.6,690.6,interp,0.38,982.2,540.0,653.5,0.0,657.5,1168.9,1,234.6,1,1,shot_pb=1.00|flight_commit=1.00|keepin_prop=0.04|keepin_zoom=1.350|speed|edge_zoom=0.911|bounds
236,1069.9,692.1,interp,0.38,996.4,540.0,667.6,0.0,657.5,1168.9,1,230.5,1,1,shot_pb=1.00|flight_commit=1.00|keepin_prop=0.04|keepin_zoom=1.350|speed|edge_zoom=0.911|bounds
237,1090.4,694.0,yolo,0.35,1011.0,540.0,682.2,0.0,657.5,1168.9,1,224.6,1,1,shot_pb=1.00|flight_commit=1.00|keepin_prop=0.04|keepin_zoom=1.350|speed|edge_zoom=0.910|bounds
238,1121.2,697.0,yolo,0.34,1026.0,540.0,697.3,0.0,657.5,1168.9,1,208.8,1,1,accel_zoom=0.931|shot_pb=1.00|flight_commit=1.00|keepin_prop=0.05|keepin_zoom=1.350|speed|edge_zoom=0.909|bounds
239,1153.4,701.3,interp,0.38,1041.4,540.0,712.7,0.0,657.5,1168.9,1,192.0,1,1,accel_zoom=0.928|shot_pb=1.00|flight_commit=1.00|keepin_prop=0.06|keepin_zoom=1.350|speed|edge_zoom=0.907|bounds
240,1185.5,705.8,yolo,0.37,1057.2,540.0,728.4,0.0,657.5,1168.9,1,175.7,1,1,accel_zoom=0.926|shot_pb=1.00|flight_commit=1.00|keepin_prop=0.06|keepin_zoom=1.350|speed|edge_zoom=0.905|bounds
241,1212.2,709.3,yolo,0.39,1073.1,540.0,744.4,0.0,657.5,1168.9,1,164.9,1,1,accel_zoom=0.926|shot_pb=1.00|flight_commit=1.00|keepin_prop=0.07|keepin_zoom=1.350|speed|edge_zoom=0.903|bounds
242,1233.2,711.8,yolo,0.43,1089.2,540.0,760.5,0.0,657.5,1168.9,1,160.0,1,1,shot_pb=1.00|flight_commit=1.00|keepin_prop=0.08|keepin_zoom=1.350|speed|edge_zoom=0.902|bounds
243,1256.5,716.1,yolo,0.40,1105.3,540.0,776.6,0.0,657.5,1168.9,1,152.8,1,1,shot_pb=1.00|flight_commit=1.00|keepin_prop=0.08|keepin_zoom=1.350|speed|edge_zoom=0.900|bounds
244,1275.8,718.9,yolo,0.40,1121.3,540.0,792.6,0.0,657.5,1168.9,1,149.5,1,1,shot_pb=1.00|flight_commit=1.00|keepin_prop=0.09|keepin_zoom=1.350|speed|edge_zoom=0.898|bounds
245,1292.6,721.0,interp,0.38,1137.1,540.0,808.4,0.0,657.5,1168.9,1,148.5,1,1,shot_pb=1.00|flight_commit=1.00|keepin_prop=0.10|keepin_zoom=1.350|speed|edge_zoom=0.896|bounds
246,1308.3,722.8,interp,0.38,1152.7,540.0,823.9,0.0,657.5,1168.9,1,148.4,1,1,shot_pb=1.00|flight_commit=1.00|keepin_prop=0.10|keepin_zoom=1.350|speed|edge_zoom=0.895|bounds
247,1323.2,724.4,interp,0.38,1167.8,540.0,839.1,0.0,657.5,1168.9,1,148.6,1,1,shot_pb=1.00|flight_commit=1.00|keepin_prop=0.10|keepin_zoom=1.350|speed|edge_zoom=0.894|bounds
248,1337.6,725.9,interp,0.38,1182.6,540.0,853.8,0.0,657.5,1168.9,1,149.0,1,1,shot_pb=1.00|flight_commit=1.00|keepin_prop=0.11|keepin_zoom=1.350|speed|edge_zoom=0.893|bounds
249,1351.9,727.3,yolo,0.41,1196.9,540.0,868.1,0.0,657.5,1168.9,1,149.0,1,1,shot_pb=1.00|flight_commit=1.00|keepin_prop=0.11|keepin_zoom=1.350|speed|edge_zoom=0.892|bounds
250,1369.3,730.2,yolo,0.37,1210.7,540.0,882.0,0.0,657.5,1168.9,1,145.4,1,1,shot_pb=1.00|flight_commit=1.00|pb_zfit|keepin_prop=0.12|keepin_zoom=1.350|speed|edge_zoom=0.891|bounds
251,1387.2,733.1,yolo,0.34,1224.1,540.0,895.4,0.0,657.5,1168.9,1,140.9,1,1,shot_pb=1.00|flight_commit=1.00|pb_zfit|keepin_prop=0.12|keepin_zoom=1.350|speed|edge_zoom=0.889|bounds
252,1404.5,735.0,yolo,0.31,1237.1,540.0,908.3,0.0,657.5,1168.9,1,136.6,1,1,shot_pb=1.00|flight_commit=1.00|pb_zfit|keepin_prop=0.13|keepin_zoom=1.350|speed|edge_zoom=0.886|bounds
253,1415.7,733.5,yolo,0.30,1249.6,540.0,920.8,0.0,657.5,1168.9,1,137.9,1,1,shot_pb=1.00|flight_commit=1.00|pb_zfit|keepin_prop=0.14|keepin_zoom=1.350|speed|edge_zoom=0.883|bounds
254,1423.5,730.2,yolo,0.41,1261.7,540.0,933.0,0.0,657.5,1168.9,1,142.2,1,1,shot_pb=1.00|flight_commit=1.00|pb_zfit|keepin_prop=0.15|keepin_zoom=1.350|speed|edge_zoom=0.880|bounds
255,1432.6,727.2,yolo,0.43,1273.5,540.0,944.8,0.0,657.5,1168.9,1,144.9,1,1,shot_pb=1.00|flight_commit=1.00|pb_zfit|keepin_prop=0.14|keepin_zoom=1.350|speed|edge_zoom=0.884|bounds
256,1443.2,725.1,yolo,0.44,1285.0,540.0,956.3,0.0,657.5,1168.9,1,145.8,1,1,shot_pb=1.00|flight_commit=1.00|pb_zfit|keepin_prop=0.13|keepin_zoom=1.350|speed|edge_zoom=0.888|bounds
257,1455.4,723.9,yolo,0.41,1296.3,540.0,967.5,0.0,657.5,1168.9,1,144.9,1,1,shot_pb=1.00|flight_commit=1.00|pb_zfit|keepin_prop=0.12|keepin_zoom=1.350|speed|edge_zoom=0.891|bounds
258,1469.4,723.7,yolo,0.46,1307.3,540.0,978.5,0.0,657.5,1168.9,1,141.9,1,1,shot_pb=1.00|flight_commit=1.00|pb_zfit|keepin_prop=0.11|keepin_zoom=1.350|speed|edge_zoom=0.892|bounds
259,1484.7,724.4,yolo,0.51,1318.1,540.0,989.3,0.0,657.5,1168.9,1,137.4,1,1,shot_pb=1.00|flight_commit=1.00|pb_zfit|keepin_prop=0.11|keepin_zoom=1.350|speed|edge_zoom=0.893|bounds
260,1502.9,729.3,yolo,0.43,1328.7,540.0,999.9,0.0,657.5,1168.9,1,129.8,1,1,shot_pb=1.00|flight_commit=1.00|pb_zfit|keepin_prop=0.11|keepin_zoom=1.350|speed|edge_zoom=0.893|bounds
261,1521.6,735.7,yolo,0.38,1339.0,540.0,1010.3,0.0,657.5,1168.9,1,121.4,1,1,shot_pb=1.00|flight_commit=1.00|pb_zfit|keepin_prop=0.12|keepin_zoom=1.350|speed|edge_zoom=0.890|bounds
262,1537.2,736.3,yolo,0.43,1349.1,540.0,1020.4,0.0,657.5,1168.9,1,115.9,1,1,shot_pb=1.00|flight_commit=1.00|pb_zfit|keepin_prop=0.14|keepin_zoom=1.350|speed|edge_zoom=0.884|bounds
263,1550.4,732.9,yolo,0.50,1358.9,540.0,1030.1,0.0,657.5,1168.9,1,112.5,1,1,shot_pb=1.00|flight_commit=1.00|pb_zfit|keepin_prop=0.15|keepin_zoom=1.350|speed|edge_zoom=0.881|bounds
264,1562.9,729.0,yolo,0.48,1368.2,540.0,1039.5,0.0,657.5,1168.9,1,109.3,1,1,shot_pb=1.00|flight_commit=1.00|pb_zfit|keepin_prop=0.14|keepin_zoom=1.350|speed|edge_zoom=0.883|bounds
265,1574.1,726.3,interp,0.38,1377.2,540.0,1048.4,0.0,657.5,1168.9,1,107.1,1,1,shot_pb=1.00|flight_commit=1.00|pb_zfit|keepin_prop=0.13|keepin_zoom=1.350|speed|edge_zoom=0.887|bounds
266,1584.4,723.4,interp,0.38,1385.5,540.0,1056.7,0.0,657.5,1168.9,1,105.1,1,1,shot_pb=1.00|flight_commit=1.00|pb_zfit|keepin_prop=0.13|keepin_zoom=1.350|speed|edge_zoom=0.888|bounds
267,1593.6,720.3,interp,0.38,1393.2,540.0,1064.4,0.0,657.5,1168.9,1,103.6,1,1,shot_pb=1.00|flight_commit=1.00|person_ctx=4|pb_zfit|keepin_prop=0.12|keepin_zoom=1.350|speed|edge_zoom=0.889|bounds
268,1601.8,717.0,yolo,0.54,1400.1,540.0,1071.4,0.0,657.5,1168.9,1,102.3,1,1,shot_pb=1.00|flight_commit=1.00|person_ctx=4|pb_zfit|keepin_prop=0.12|keepin_zoom=1.350|speed|edge_zoom=0.891|bounds
269,1610.6,713.2,yolo,0.49,1406.2,540.0,1077.4,0.0,657.5,1168.9,1,99.6,1,1,shot_pb=1.00|flight_commit=1.00|person_ctx=4|pb_zfit|keepin_prop=0.11|keepin_zoom=1.350|speed|edge_zoom=0.893|bounds
270,1616.6,710.2,interp,0.38,1411.3,540.0,1082.5,0.0,657.5,1168.9,1,98.7,1,1,shot_pb=1.00|flight_commit=1.00|person_ctx=4|pb_zfit|keepin_prop=0.10|keepin_zoom=1.350|speed|edge_zoom=0.894|bounds
271,1620.9,707.3,interp,0.38,1415.3,540.0,1086.5,0.0,657.5,1168.9,1,98.4,1,1,shot_pb=1.00|flight_commit=1.00|person_ctx=4|pb_zfit|keepin_prop=0.10|keepin_zoom=1.350|speed|edge_zoom=0.894|bounds
272,1623.4,704.3,yolo,0.46,1418.1,540.0,1089.3,0.0,657.5,1168.9,1,98.7,1,1,shot_pb=1.00|flight_commit=1.00|pb_zfit|keepin_prop=0.11|keepin_zoom=1.350|speed|edge_zoom=0.893|bounds
273,1625.1,701.4,yolo,0.46,1419.6,540.0,1090.9,0.0,657.5,1168.9,1,98.5,1,1,shot_pb=1.00|flight_commit=1.00|person_ctx=4|pb_zfit|keepin_prop=0.11|keepin_zoom=1.350|speed|edge_zoom=0.893|bounds
274,1623.6,698.7,yolo,0.43,1419.8,540.0,1091.1,0.0,657.5,1168.9,1,100.2,1,1,shot_pb=1.00|flight_commit=1.00|pb_zfit|keepin_prop=0.10|keepin_zoom=1.350|speed|edge_zoom=0.894|bounds
275,1618.4,695.9,yolo,0.41,1418.6,540.0,1089.9,0.0,657.5,1168.9,1,104.2,1,1,shot_pb=1.00|flight_commit=1.00|pb_zfit|keepin_prop=0.07|keepin_zoom=1.350|speed|edge_zoom=0.902|bounds
276,1609.5,693.1,yolo,0.38,1416.0,540.0,1087.2,0.0,657.5,1168.9,1,110.5,1,1,shot_pb=1.00|flight_commit=1.00|pb_zfit|keepin_prop=0.06|keepin_zoom=1.350|speed|edge_zoom=0.906|bounds
277,1593.1,690.1,interp,0.38,1411.9,540.0,1083.2,0.0,657.5,1168.9,1,122.8,1,1,shot_pb=1.00|flight_commit=1.00|pb_zfit|keepin_prop=0.05|keepin_zoom=1.350|speed|edge_zoom=0.909|bounds
278,1573.7,687.2,interp,0.38,1406.5,540.0,1077.7,0.0,657.5,1168.9,1,136.8,1,1,accel_zoom=0.942|shot_pb=1.00|flight_commit=1.00|pb_zfit|keepin_prop=0.04|keepin_zoom=1.350|speed|edge_zoom=0.910|bounds
279,1552.0,684.2,interp,0.38,1399.7,540.0,1070.9,0.0,657.5,1168.9,1,151.7,1,1,accel_zoom=0.937|shot_pb=1.00|flight_commit=1.00|pb_zfit|keepin_prop=0.04|keepin_zoom=1.350|speed|edge_zoom=0.912|bounds
280,1528.6,681.2,interp,0.38,1391.6,540.0,1062.9,0.0,657.5,1168.9,1,167.0,1,1,accel_zoom=0.933|shot_pb=1.00|flight_commit=1.00|pb_zfit|keepin_prop=0.03|keepin_zoom=1.350|speed|edge_zoom=0.913|bounds
281,1504.0,678.3,interp,0.38,1382.5,540.0,1053.8,0.0,657.5,1168.9,1,182.5,1,1,accel_zoom=0.931|shot_pb=1.00|flight_commit=1.00|pb_zfit|keepin_prop=0.03|keepin_zoom=1.350|speed|edge_zoom=0.914|bounds
282,1478.9,675.4,interp,0.38,1372.6,540.0,1043.8,0.0,657.5,1168.9,1,197.7,1,1,accel_zoom=0.930|shot_pb=1.00|flight_commit=1.00|pb_zfit|keepin_prop=0.03|keepin_zoom=1.350|speed|edge_zoom=0.915|bounds
283,1453.6,672.6,interp,0.38,1362.0,540.0,1033.2,0.0,657.5,1168.9,1,212.4,1,1,accel_zoom=0.930|shot_pb=1.00|flight_commit=1.00|pb_zfit|keepin_prop=0.02|keepin_zoom=1.350|speed|edge_zoom=0.916|bounds
284,1428.9,669.9,interp,0.38,1350.9,540.0,1022.2,0.0,657.5,1168.9,1,226.0,1,1,accel_zoom=0.930|shot_pb=1.00|flight_commit=1.00|pb_zfit|keepin_prop=0.02|keepin_zoom=1.350|speed|edge_zoom=0.917|bounds
285,1405.1,667.2,interp,0.38,1339.8,540.0,1011.0,0.0,657.5,1168.9,1,238.7,1,1,accel_zoom=0.930|shot_pb=1.00|flight_commit=1.00|pb_zfit|keepin_prop=0.02|keepin_zoom=1.350|speed|edge_zoom=0.918|bounds
286,1382.8,664.7,interp,0.38,1328.8,540.0,1000.0,0.0,657.5,1168.9,1,250.0,1,1,accel_zoom=0.930|shot_pb=1.00|flight_commit=1.00|keepin_prop=0.01|keepin_zoom=1.350|speed|edge_zoom=0.918|bounds
287,1362.8,662.4,interp,0.38,1318.2,540.0,989.4,0.0,657.5,1168.9,1,259.4,1,1,shot_pb=1.00|flight_commit=1.00|keepin_prop=0.01|keepin_zoom=1.350|speed|edge_zoom=0.918|bounds
288,1345.4,660.2,interp,0.38,1308.3,540.0,979.5,0.0,657.5,1168.9,1,266.9,1,1,shot_pb=1.00|flight_commit=1.00|keepin_prop=0.01|keepin_zoom=1.350|speed|edge_zoom=0.919|bounds
289,1331.5,658.3,interp,0.38,1299.4,540.0,970.6,0.0,657.5,1168.9,1,271.9,1,1,shot_pb=1.00|flight_commit=1.00|keepin_prop=0.01|keepin_zoom=1.350|speed|edge_zoom=0.919|bounds
290,1321.7,656.6,yolo,0.41,1291.6,540.0,962.8,0.0,657.5,1168.9,1,273.9,1,1,shot_pb=1.00|flight_commit=1.00|person_ctx=4|keepin_prop=0.01|keepin_zoom=1.350|speed|edge_zoom=0.919|bounds
291,1320.3,655.4,yolo,0.41,1285.2,540.0,956.5,0.0,657.5,1168.9,1,268.9,1,1,shot_pb=1.00|flight_commit=1.00|person_ctx=4|keepin_prop=0.02|keepin_zoom=1.350|speed|edge_zoom=0.917|bounds
292,1328.1,654.5,interp,0.50,1280.3,540.0,951.6,0.0,657.5,1168.9,1,256.2,1,1,shot_pb=1.00|flight_commit=1.00|person_ctx=4|keepin_prop=0.01|keepin_zoom=1.350|speed|edge_zoom=0.920|bounds
293,1339.5,653.9,interp,0.50,1277.0,540.0,948.3,0.0,657.5,1168.9,1,241.5,1,1,shot_pb=1.00|flight_commit=1.00|person_ctx=4|keepin_prop=0.01|keepin_zoom=1.350|speed|edge_zoom=0.920|bounds
294,1353.5,653.5,interp,0.50,1275.4,540.0,946.6,0.0,657.5,1168.9,1,225.9,1,1,shot_pb=1.00|flight_commit=1.00|person_ctx=4|keepin_prop=0.01|keepin_zoom=1.350|speed|edge_zoom=0.920|bounds
295,1369.4,653.2,interp,0.50,1275.3,540.0,946.5,0.0,657.5,1168.9,1,209.9,1,1,shot_pb=1.00|flight_commit=1.00|pb_zfit|keepin_prop=0.00|keepin_zoom=1.350|speed|edge_zoom=0.920|bounds
296,1386.6,652.9,interp,0.50,1276.8,540.0,948.0,0.0,657.5,1168.9,1,194.2,1,1,shot_pb=1.00|flight_commit=1.00|pb_zfit|keepin_prop=0.00|keepin_zoom=1.350|speed|edge_zoom=0.920|bounds
297,1404.3,652.8,interp,0.50,1279.6,540.0,950.9,0.0,657.5,1168.9,1,179.3,1,1,shot_pb=1.00|flight_commit=1.00|person_ctx=4|pb_zfit|keepin_prop=0.00|keepin_zoom=1.350|speed|edge_zoom=0.920|bounds
298,1422.2,652.8,interp,0.50,1283.8,540.0,955.0,0.0,657.5,1168.9,1,165.6,1,1,shot_pb=1.00|flight_commit=1.00|person_ctx=4|pb_zfit|keepin_prop=0.00|keepin_zoom=1.350|speed|edge_zoom=0.921|bounds
299,1439.8,652.8,interp,0.50,1289.1,540.0,960.3,0.0,657.5,1168.9,1,153.3,1,1,shot_pb=1.00|flight_commit=1.00|pb_zfit|keepin_prop=0.00|keepin_zoom=1.350|speed|edge_zoom=0.921|bounds
300,1456.7,652.8,interp,0.50,1295.2,540.0,966.5,0.0,657.5,1168.9,1,142.5,1,1,shot_pb=1.00|flight_commit=1.00|person_ctx=4|pb_zfit|keepin_prop=0.00|keepin_zoom=1.350|speed|edge_zoom=0.921|bounds
301,1472.7,652.8,interp,0.50,1302.1,540.0,973.4,0.0,657.5,1168.9,1,133.4,1,1,shot_pb=1.00|flight_commit=1.00|person_ctx=4|pb_zfit|keepin_prop=0.00|keepin_zoom=1.350|speed|edge_zoom=0.921|bounds
302,1487.5,652.9,interp,0.50,1309.5,540.0,980.7,0.0,657.5,1168.9,1,126.0,1,1,shot_pb=1.00|flight_commit=1.00|person_ctx=4|pb_zfit|keepin_prop=0.00|keepin_zoom=1.350|speed|edge_zoom=0.921|bounds
303,1501.0,652.9,interp,0.50,1317.2,540.0,988.4,0.0,657.5,1168.9,1,120.2,1,1,shot_pb=1.00|flight_commit=1.00|person_ctx=4|pb_zfit|keepin_prop=0.00|keepin_zoom=1.350|speed|edge_zoom=0.921|bounds
304,1513.1,652.9,interp,0.50,1325.1,540.0,996.3,0.0,657.5,1168.9,1,116.0,1,1,shot_pb=1.00|flight_commit=1.00|person_ctx=4|pb_zfit|keepin_prop=0.00|keepin_zoom=1.350|speed|edge_zoom=0.921|bounds
305,1523.6,652.9,interp,0.50,1332.9,540.0,1004.1,0.0,657.5,1168.9,1,113.3,1,1,shot_pb=1.00|flight_commit=1.00|person_ctx=4|pb_zfit|keepin_prop=0.00|keepin_zoom=1.350|speed|edge_zoom=0.921|bounds
306,1532.6,652.9,interp,0.50,1340.5,540.0,1011.8,0.0,657.5,1168.9,1,111.9,1,1,shot_pb=1.00|flight_commit=1.00|pb_zfit|keepin_prop=0.00|keepin_zoom=1.350|speed|edge_zoom=0.921|bounds
307,1539.0,653.2,blended,0.79,1347.9,540.0,1019.1,0.0,657.5,1168.9,1,112.9,1,1,shot_pb=1.00|flight_commit=1.00|pb_zfit|keepin_prop=0.00|keepin_zoom=1.350|speed|edge_zoom=0.921|bounds
308,1546.5,652.6,interp,0.38,1354.9,540.0,1026.1,0.0,657.5,1168.9,1,112.4,1,1,shot_pb=1.00|flight_commit=1.00|pb_zfit|keepin_prop=0.01|keepin_zoom=1.350|speed|edge_zoom=0.921|bounds
309,1551.9,652.4,interp,0.38,1361.4,540.0,1032.6,0.0,657.5,1168.9,1,113.5,1,1,shot_pb=1.00|flight_commit=1.00|pb_zfit|keepin_prop=0.00|keepin_zoom=1.350|speed|edge_zoom=0.921|bounds
310,1556.4,652.1,interp,0.38,1367.3,540.0,1038.6,0.0,657.5,1168.9,1,114.9,1,1,shot_pb=1.00|flight_commit=1.00|person_ctx=4|pb_zfit|keepin_prop=0.00|keepin_zoom=1.350|speed|edge_zoom=0.921|bounds
311,1560.0,651.8,interp,0.38,1372.7,540.0,1044.0,0.0,657.5,1168.9,1,116.7,1,1,shot_pb=1.00|flight_commit=1.00|person_ctx=4|pb_zfit|keepin_prop=0.00|keepin_zoom=1.350|speed|edge_zoom=0.921|bounds
312,1562.8,651.5,interp,0.38,1377.5,540.0,1048.8,0.0,657.5,1168.9,1,118.7,1,1,shot_pb=1.00|flight_commit=1.00|person_ctx=4|pb_zfit|keepin_prop=0.01|keepin_zoom=1.350|speed|edge_zoom=0.921|bounds
313,1564.8,651.1,interp,0.38,1381.7,540.0,1052.9,0.0,657.5,1168.9,1,120.9,1,1,shot_pb=1.00|flight_commit=1.00|person_ctx=4|pb_zfit|keepin_prop=0.01|keepin_zoom=1.350|speed|edge_zoom=0.921|bounds
314,1566.1,650.7,interp,0.38,1385.1,540.0,1056.4,0.0,657.5,1168.9,1,123.0,1,1,shot_pb=1.00|flight_commit=1.00|pb_zfit|keepin_prop=0.01|keepin_zoom=1.350|speed|edge_zoom=0.920|bounds
315,1566.7,650.3,interp,0.38,1387.9,540.0,1059.1,0.0,657.5,1168.9,1,125.2,1,1,shot_pb=1.00|flight_commit=1.00|pb_zfit|keepin_prop=0.01|keepin_zoom=1.350|speed|edge_zoom=0.919|bounds
316,1566.5,649.8,interp,0.38,1390.0,540.0,1061.2,0.0,657.5,1168.9,1,127.5,1,1,shot_pb=1.00|flight_commit=1.00|pb_zfit|keepin_prop=0.02|keepin_zoom=1.350|speed|edge_zoom=0.917|bounds
317,1565.7,649.2,interp,0.38,1391.3,540.0,1062.5,0.0,657.5,1168.9,1,129.6,1,1,shot_pb=1.00|flight_commit=1.00|person_ctx=4|pb_zfit|keepin_prop=0.01|keepin_zoom=1.350|speed|edge_zoom=0.919|bounds
318,1564.1,648.5,yolo,0.34,1391.8,540.0,1063.0,0.0,657.5,1168.9,1,131.7,1,1,shot_pb=1.00|flight_commit=1.00|pb_zfit|keepin_prop=0.01|keepin_zoom=1.350|speed|edge_zoom=0.920|bounds
319,1561.7,647.8,interp,0.38,1391.4,540.0,1062.7,0.0,657.5,1168.9,1,133.7,1,1,shot_pb=1.00|flight_commit=1.00|pb_zfit|keepin_prop=0.01|keepin_zoom=1.350|speed|edge_zoom=0.921|bounds
320,1558.6,647.0,interp,0.38,1390.1,540.0,1061.4,0.0,657.5,1168.9,1,135.5,1,1,shot_pb=1.00|flight_commit=1.00|pb_zfit|keepin_prop=0.00|keepin_zoom=1.350|speed|edge_zoom=0.921|bounds
321,1554.6,646.1,interp,0.38,1387.8,540.0,1059.0,0.0,657.5,1168.9,1,137.2,1,1,shot_pb=1.00|flight_commit=1.00|pb_zfit|keepin_prop=0.00|keepin_zoom=1.350|speed|edge_zoom=0.921|bounds
322,1549.8,645.1,interp,0.38,1384.4,540.0,1055.6,0.0,657.5,1168.9,1,138.6,1,1,shot_pb=1.00|flight_commit=1.00|pb_zfit|keepin_prop=0.00|keepin_zoom=1.350|speed|edge_zoom=0.921|bounds
323,1544.0,643.9,yolo,0.33,1379.7,540.0,1050.9,0.0,657.5,1168.9,1,139.7,1,1,shot_pb=1.00|flight_commit=1.00|pb_zfit|keepin_prop=0.00|keepin_zoom=1.350|speed|edge_zoom=0.922|bounds
324,1536.3,642.6,interp,0.50,1373.8,540.0,1045.0,0.0,657.5,1168.9,1,141.5,1,1,shot_pb=1.00|flight_commit=1.00|pb_zfit|keepin_prop=0.00|keepin_zoom=1.350|speed|edge_zoom=0.922|bounds
325,1527.7,641.1,interp,0.50,1366.4,540.0,1037.7,0.0,657.5,1168.9,1,142.7,1,1,shot_pb=1.00|flight_commit=1.00|person_ctx=4|pb_zfit|keepin_prop=0.00|keepin_zoom=1.350|speed|edge_zoom=0.922|bounds
326,1518.5,639.6,interp,0.50,1357.7,540.0,1028.9,0.0,657.5,1168.9,1,143.2,1,1,shot_pb=1.00|flight_commit=1.00|person_ctx=4|pb_zfit|keepin_prop=0.00|keepin_zoom=1.350|speed|edge_zoom=0.922|bounds
327,1508.6,637.9,interp,0.50,1347.6,540.0,1018.8,0.0,657.5,1168.9,1,143.0,1,1,shot_pb=1.00|flight_commit=1.00|pb_zfit|keepin_prop=0.00|keepin_zoom=1.350|speed|edge_zoom=0.922|bounds
328,1498.2,636.3,interp,0.50,1336.2,540.0,1007.4,0.0,657.5,1168.9,1,142.0,1,1,shot_pb=1.00|flight_commit=1.00|pb_zfit|keepin_prop=0.00|keepin_zoom=1.350|speed|edge_zoom=0.922|bounds
329,1487.5,634.5,interp,0.50,1323.6,540.0,994.9,0.0,657.5,1168.9,1,140.1,1,1,shot_pb=1.00|flight_commit=1.00|pb_zfit|keepin_prop=0.00|keepin_zoom=1.350|speed|edge_zoom=0.922|bounds
330,1476.4,632.8,interp,0.50,1310.1,540.0,981.4,0.0,657.5,1168.9,1,137.7,1,1,shot_pb=1.00|flight_commit=1.00|pb_zfit|keepin_prop=0.00|keepin_zoom=1.350|speed|edge_zoom=0.922|bounds
331,1465.0,631.0,interp,0.50,1295.9,540.0,967.2,0.0,657.5,1168.9,1,134.9,1,0,shot_pb=1.00|flight_commit=1.00|pb_zfit|speed|edge_zoom=0.922|bounds
332,1453.5,629.2,interp,0.50,1281.3,540.0,952.5,0.0,657.5,1168.9,1,131.8,1,0,shot_pb=1.00|flight_commit=1.00|pb_zfit|speed|edge_zoom=0.922|bounds
333,1441.8,627.4,interp,0.50,1266.5,540.0,937.7,0.0,657.5,1168.9,1,128.7,1,0,shot_pb=1.00|flight_commit=1.00|pb_zfit|speed|edge_zoom=0.922|bounds
334,1430.0,625.6,interp,0.50,1251.8,540.0,923.0,0.0,657.5,1168.8,1,125.8,1,1,shot_pb=1.00|flight_commit=1.00|pb_zfit|keepin_prop=0.03|keepin_zoom=1.350|speed|edge_zoom=0.915|bounds
335,1418.2,623.8,interp,0.50,1237.4,540.0,908.7,0.0,657.4,1168.8,1,123.2,0,0,shot_pb=1.00|flight_commit=1.00|pb_zfit|edge_zoom=0.923|bounds
336,1406.4,622.0,interp,0.50,1223.6,540.0,894.9,0.0,657.4,1168.7,1,121.2,0,1,shot_pb=1.00|flight_commit=1.00|pb_zfit|keepin_prop=0.03|keepin_zoom=1.350|edge_zoom=0.915|bounds
337,1394.5,620.2,interp,0.50,1210.4,540.0,881.8,0.0,657.3,1168.5,1,119.9,0,0,shot_pb=1.00|flight_commit=1.00|pb_zfit|edge_zoom=0.924|bounds
338,1382.7,618.4,interp,0.50,1197.9,540.0,869.3,0.0,657.2,1168.4,1,119.2,0,1,shot_pb=1.00|flight_commit=1.00|pb_zfit|keepin_prop=0.03|keepin_zoom=1.350|edge_zoom=0.915|bounds
339,1371.0,616.6,interp,0.50,1186.1,540.0,857.6,0.0,657.1,1168.2,1,119.1,0,0,shot_pb=1.00|flight_commit=1.00|pb_zfit|edge_zoom=0.925|bounds
340,1359.4,614.8,interp,0.50,1175.1,540.0,846.6,0.0,657.0,1168.0,1,119.7,0,1,shot_pb=1.00|flight_commit=1.00|pb_zfit|keepin_prop=0.04|keepin_zoom=1.350|edge_zoom=0.915|bounds
341,1347.9,613.1,interp,0.50,1164.6,540.0,836.2,0.0,656.9,1167.8,1,120.7,0,0,shot_pb=1.00|flight_commit=1.00|pb_zfit|edge_zoom=0.927|bounds
342,1336.5,611.4,interp,0.50,1154.7,540.0,826.4,0.0,656.7,1167.5,1,122.2,0,1,shot_pb=1.00|flight_commit=1.00|keepin_prop=0.04|keepin_zoom=1.350|edge_zoom=0.916|bounds
343,1325.3,609.7,interp,0.50,1145.4,540.0,817.1,0.0,656.6,1167.2,1,124.1,0,0,shot_pb=1.00|flight_commit=1.00|edge_zoom=0.928|bounds
344,1314.2,608.0,interp,0.50,1136.5,540.0,808.3,0.0,656.4,1166.9,1,126.3,0,1,shot_pb=1.00|flight_commit=1.00|keepin_prop=0.04|keepin_zoom=1.350|edge_zoom=0.917|bounds
345,1303.3,606.4,interp,0.50,1128.0,540.0,799.9,0.0,656.2,1166.6,1,128.7,0,0,shot_pb=1.00|flight_commit=1.00|edge_zoom=0.929|bounds
346,1292.5,604.8,interp,0.50,1119.8,540.0,791.8,0.0,656.0,1166.3,1,131.3,0,1,shot_pb=1.00|flight_commit=1.00|keepin_prop=0.05|keepin_zoom=1.350|edge_zoom=0.918|bounds
347,1282.0,603.2,interp,0.50,1112.0,540.0,784.0,0.0,655.9,1166.0,1,134.0,0,0,shot_pb=1.00|flight_commit=1.00|edge_zoom=0.930|bounds
348,1271.6,601.7,interp,0.50,1104.4,540.0,776.5,0.0,655.7,1165.7,1,136.8,0,1,shot_pb=1.00|flight_commit=1.00|keepin_prop=0.05|keepin_zoom=1.350|edge_zoom=0.919|bounds
349,1261.4,600.1,interp,0.50,1097.1,540.0,769.3,0.0,655.6,1165.5,1,139.7,0,0,shot_pb=1.00|flight_commit=1.00|edge_zoom=0.931|bounds
350,1251.5,598.7,interp,0.50,1090.0,540.0,762.2,0.0,655.4,1165.2,1,142.5,0,1,shot_pb=1.00|flight_commit=1.00|keepin_prop=0.05|keepin_zoom=1.350|edge_zoom=0.919|bounds
351,1241.7,597.2,interp,0.50,1083.1,540.0,755.4,0.0,655.3,1165.0,1,145.4,0,0,shot_pb=1.00|flight_commit=1.00|edge_zoom=0.932|bounds
352,1232.2,595.8,interp,0.50,1076.3,540.0,748.7,0.0,655.2,1164.8,1,148.1,0,1,shot_pb=1.00|flight_commit=1.00|keepin_prop=0.06|keepin_zoom=1.350|edge_zoom=0.920|bounds
353,1222.9,594.4,interp,0.50,1069.7,540.0,742.2,0.0,655.1,1164.5,1,150.8,0,1,shot_pb=1.00|flight_commit=1.00|keepin_prop=0.00|keepin_zoom=1.350|edge_zoom=0.928|bounds
354,1213.8,593.1,interp,0.50,1063.3,540.0,735.8,0.0,654.9,1164.3,1,153.5,0,0,shot_pb=1.00|flight_commit=1.00|edge_zoom=0.933|bounds
355,1205.0,591.7,interp,0.50,1056.9,540.0,729.5,0.0,654.8,1164.2,1,155.9,0,1,shot_pb=1.00|flight_commit=1.00|keepin_prop=0.02|keepin_zoom=1.350|edge_zoom=0.927|bounds
356,1196.3,590.5,interp,0.50,1050.7,540.0,723.4,0.0,654.7,1164.0,1,158.4,0,0,shot_pb=1.00|flight_commit=1.00|edge_zoom=0.934|bounds
357,1187.9,589.2,interp,0.50,1044.6,540.0,717.3,0.0,654.6,1163.8,1,160.7,0,1,shot_pb=1.00|flight_commit=1.00|keepin_prop=0.04|keepin_zoom=1.350|edge_zoom=0.925|bounds
358,1179.7,588.0,interp,0.50,1038.7,540.0,711.4,0.0,654.5,1163.6,1,163.0,0,0,shot_pb=1.00|flight_commit=1.00|edge_zoom=0.934|bounds
359,1171.8,586.8,interp,0.50,1032.8,540.0,705.6,0.0,654.5,1163.5,1,165.0,0,1,shot_pb=1.00|flight_commit=1.00|keepin_prop=0.06|keepin_zoom=1.350|edge_zoom=0.923|bounds
360,1164.1,585.7,interp,0.50,1027.2,540.0,700.0,0.0,654.4,1163.4,1,167.1,0,1,shot_pb=1.00|flight_commit=1.00|keepin_prop=0.00|keepin_zoom=1.350|edge_zoom=0.931|bounds
361,1156.6,584.6,interp,0.50,1021.6,540.0,694.5,0.0,654.3,1163.2,1,169.0,0,0,shot_pb=1.00|flight_commit=1.00|edge_zoom=0.935|bounds
362,1149.3,583.6,interp,0.50,1016.2,540.0,689.1,0.0,654.2,1163.1,1,170.9,0,1,shot_pb=1.00|flight_commit=1.00|keepin_prop=0.02|keepin_zoom=1.350|edge_zoom=0.929|bounds
363,1142.3,582.6,interp,0.50,1011.0,540.0,683.9,0.0,654.2,1163.0,1,172.7,0,0,shot_pb=1.00|flight_commit=1.00|edge_zoom=0.936|bounds
364,1135.5,581.6,interp,0.50,1005.9,540.0,678.8,0.0,654.1,1162.9,1,174.4,0,1,shot_pb=1.00|flight_commit=1.00|keepin_prop=0.05|keepin_zoom=1.350|edge_zoom=0.925|bounds
365,1129.0,580.6,interp,0.50,1001.0,540.0,673.9,0.0,654.1,1162.8,1,176.0,0,1,shot_pb=1.00|flight_commit=1.00|keepin_prop=0.00|keepin_zoom=1.350|edge_zoom=0.933|bounds
366,1122.7,579.7,interp,0.50,996.2,540.0,669.2,0.0,654.0,1162.8,1,177.5,0,0,shot_pb=1.00|flight_commit=1.00|edge_zoom=0.937|bounds
367,1116.5,578.9,interp,0.50,991.6,540.0,664.6,0.0,654.0,1162.7,1,179.1,0,1,shot_pb=1.00|flight_commit=1.00|keepin_prop=0.03|keepin_zoom=1.350|edge_zoom=0.930|bounds
368,1110.7,578.1,interp,0.50,987.1,540.0,660.1,0.0,654.0,1162.6,1,180.4,0,0,shot_pb=1.00|flight_commit=1.00|edge_zoom=0.937|bounds
369,1105.0,577.3,interp,0.50,982.8,540.0,655.8,0.0,654.0,1162.6,1,181.8,0,1,shot_pb=1.00|flight_commit=1.00|keepin_prop=0.06|keepin_zoom=1.350|edge_zoom=0.926|bounds
370,1099.6,576.5,interp,0.50,978.6,540.0,651.7,0.0,653.9,1162.6,1,183.0,0,1,shot_pb=1.00|flight_commit=1.00|keepin_prop=0.00|keepin_zoom=1.350|edge_zoom=0.934|bounds
371,1094.3,575.8,interp,0.50,974.6,540.0,647.6,0.0,653.9,1162.5,1,184.3,0,0,shot_pb=1.00|flight_commit=1.00|edge_zoom=0.938|bounds
372,1089.3,575.2,interp,0.50,970.7,540.0,643.7,0.0,653.9,1162.5,1,185.4,0,1,shot_pb=1.00|flight_commit=1.00|keepin_prop=0.03|keepin_zoom=1.350|edge_zoom=0.930|bounds
373,1084.5,574.6,interp,0.50,966.9,540.0,640.0,0.0,653.9,1162.5,1,186.4,0,1,shot_pb=1.00|flight_commit=1.00|keepin_prop=0.00|keepin_zoom=1.350|edge_zoom=0.935|bounds
374,1079.9,574.0,interp,0.50,963.3,540.0,636.4,0.0,653.9,1162.5,1,187.4,0,0,shot_pb=1.00|flight_commit=1.00|edge_zoom=0.938|bounds
375,1075.4,573.5,interp,0.50,959.9,540.0,632.9,0.0,654.0,1162.6,1,188.5,0,1,shot_pb=1.00|flight_commit=1.00|keepin_prop=0.03|keepin_zoom=1.350|edge_zoom=0.931|bounds
376,1071.2,573.0,interp,0.50,956.5,540.0,629.5,0.0,654.0,1162.7,1,189.3,0,0,shot_pb=1.00|flight_commit=1.00|edge_zoom=0.938|bounds
377,1067.1,572.6,interp,0.50,953.4,540.0,626.4,0.0,654.0,1162.7,1,190.3,0,1,shot_pb=1.00|flight_commit=1.00|keepin_prop=0.08|keepin_zoom=1.350|edge_zoom=0.925|bounds
378,1063.2,572.2,interp,0.50,950.4,540.0,623.3,0.0,654.1,1162.8,1,191.2,0,1,shot_pb=1.00|flight_commit=1.00|keepin_prop=0.00|keepin_zoom=1.350|edge_zoom=0.935|bounds
379,1059.4,571.9,interp,0.50,947.5,540.0,620.4,0.0,654.1,1162.9,1,192.1,0,0,shot_pb=1.00|flight_commit=1.00|edge_zoom=0.938|bounds
380,1055.8,571.6,interp,0.50,944.7,540.0,617.6,0.0,654.2,1163.0,1,192.9,0,1,shot_pb=1.00|flight_commit=1.00|keepin_prop=0.05|keepin_zoom=1.350|edge_zoom=0.929|bounds
381,1052.3,571.4,interp,0.50,942.1,540.0,615.0,0.0,654.2,1163.0,1,193.8,0,1,shot_pb=1.00|flight_commit=1.00|keepin_prop=0.00|keepin_zoom=1.350|edge_zoom=0.935|bounds
382,1048.9,571.2,interp,0.50,939.5,540.0,612.4,0.0,654.2,1163.0,1,194.6,0,0,shot_pb=1.00|flight_commit=1.00|edge_zoom=0.937|bounds
383,1045.5,571.1,interp,0.50,937.1,540.0,610.0,0.0,654.1,1162.9,1,195.6,0,1,shot_pb=1.00|flight_commit=1.00|keepin_prop=0.04|keepin_zoom=1.350|edge_zoom=0.930|bounds
384,1042.3,571.0,interp,0.50,934.8,540.0,607.7,0.0,654.0,1162.8,1,196.5,0,1,shot_pb=1.00|flight_commit=1.00|keepin_prop=0.00|keepin_zoom=1.350|edge_zoom=0.936|bounds
385,1039.0,571.0,interp,0.50,932.5,540.0,605.6,0.0,653.9,1162.5,1,197.5,0,0,shot_pb=1.00|flight_commit=1.00|edge_zoom=0.936|bounds
386,1035.8,571.1,interp,0.50,930.4,540.0,603.5,0.0,653.7,1162.1,1,198.6,0,1,shot_pb=1.00|flight_commit=1.00|keepin_prop=0.04|keepin_zoom=1.350|edge_zoom=0.930|bounds
387,1032.5,571.3,interp,0.50,928.3,540.0,601.6,0.0,653.4,1161.6,1,199.8,0,1,shot_pb=1.00|flight_commit=1.00|keepin_prop=0.00|keepin_zoom=1.350|edge_zoom=0.935|bounds
388,1029.1,571.5,interp,0.50,926.3,540.0,599.8,0.0,653.1,1161.1,1,201.2,0,0,shot_pb=1.00|flight_commit=1.00|edge_zoom=0.934|bounds
389,1025.7,571.8,interp,0.50,924.4,540.0,598.0,0.0,652.8,1160.5,1,202.7,0,1,shot_pb=1.00|flight_commit=1.00|keepin_prop=0.04|keepin_zoom=1.350|edge_zoom=0.930|bounds
390,1015.2,574.5,blended,0.70,922.5,540.0,596.3,0.0,652.5,1160.0,1,211.3,0,0,shot_pb=1.00|flight_commit=1.00|edge_zoom=0.927|bounds
391,1013.2,574.3,blended,0.70,920.7,540.0,594.6,0.0,652.2,1159.5,1,211.5,0,1,shot_pb=1.00|flight_commit=1.00|keepin_prop=0.07|keepin_zoom=1.350|edge_zoom=0.926|bounds
392,1019.2,571.5,interp,0.38,918.8,540.0,592.8,0.0,652.0,1159.1,1,203.6,0,0,shot_pb=1.00|flight_commit=1.00|edge_zoom=0.947|bounds
393,1018.2,571.0,interp,0.38,916.9,540.0,591.0,0.0,651.9,1159.0,1,202.7,0,0,shot_pb=1.00|flight_commit=1.00|edge_zoom=0.948|bounds
394,1016.9,570.6,interp,0.38,914.9,540.0,589.0,0.0,651.9,1159.0,1,202.0,0,0,shot_pb=1.00|flight_commit=1.00|edge_zoom=0.945|bounds
395,1015.3,570.2,interp,0.38,912.9,540.0,586.9,0.0,652.0,1159.2,1,201.6,0,1,shot_pb=1.00|flight_commit=1.00|keepin_prop=0.05|keepin_zoom=1.350|edge_zoom=0.930|bounds
396,1013.3,569.9,interp,0.38,910.7,540.0,584.6,0.0,652.2,1159.5,1,201.4,0,1,shot_pb=1.00|flight_commit=1.00|keepin_prop=0.00|keepin_zoom=1.350|edge_zoom=0.936|bounds
397,1011.1,569.6,interp,0.38,908.4,540.0,582.1,0.0,652.5,1159.9,1,201.3,0,0,shot_pb=1.00|flight_commit=1.00|edge_zoom=0.939|bounds
398,1008.5,569.4,interp,0.38,905.9,540.0,579.5,0.0,652.8,1160.5,1,201.4,0,1,shot_pb=1.00|flight_commit=1.00|keepin_prop=0.05|keepin_zoom=1.350|edge_zoom=0.930|bounds
399,1005.6,569.2,interp,0.38,903.2,540.0,576.7,0.0,653.0,1161.0,1,201.6,0,1,shot_pb=1.00|flight_commit=1.00|keepin_prop=0.00|keepin_zoom=1.350|edge_zoom=0.936|bounds
400,1002.4,569.1,interp,0.38,900.3,540.0,573.7,0.0,653.3,1161.5,1,201.9,0,0,shot_pb=1.00|flight_commit=1.00|edge_zoom=0.937|bounds
401,998.9,569.0,interp,0.38,897.3,540.0,570.5,0.0,653.6,1161.9,1,202.4,0,1,shot_pb=1.00|flight_commit=1.00|keepin_prop=0.05|keepin_zoom=1.350|edge_zoom=0.931|bounds
402,995.1,569.0,interp,0.38,894.0,540.0,567.1,0.0,653.8,1162.3,1,202.9,0,1,shot_pb=1.00|flight_commit=1.00|keepin_prop=0.00|keepin_zoom=1.350|edge_zoom=0.936|bounds
403,991.1,568.9,interp,0.38,890.5,540.0,563.6,0.0,653.9,1162.5,1,203.4,0,0,shot_pb=1.00|flight_commit=1.00|edge_zoom=0.937|bounds
404,986.7,568.9,interp,0.38,886.9,540.0,559.8,0.0,654.0,1162.7,1,204.2,0,1,shot_pb=1.00|flight_commit=1.00|keepin_prop=0.04|keepin_zoom=1.350|edge_zoom=0.932|bounds
405,982.1,568.9,interp,0.38,883.0,540.0,555.9,0.0,654.1,1162.9,1,204.9,0,1,shot_pb=1.00|flight_commit=1.00|keepin_prop=0.00|keepin_zoom=1.350|edge_zoom=0.936|bounds
406,977.3,569.0,interp,0.38,878.9,540.0,551.8,0.0,654.2,1163.0,1,205.6,0,0,shot_pb=1.00|flight_commit=1.00|edge_zoom=0.936|bounds
407,972.1,569.0,interp,0.38,874.6,540.0,547.5,0.0,654.2,1163.0,1,206.5,0,1,shot_pb=1.00|flight_commit=1.00|keepin_prop=0.03|keepin_zoom=1.350|edge_zoom=0.932|bounds
408,966.8,569.1,interp,0.38,870.2,540.0,543.1,0.0,654.2,1163.0,1,207.4,0,0,shot_pb=1.00|flight_commit=1.00|edge_zoom=0.936|bounds
409,961.2,569.2,interp,0.38,865.7,540.0,538.6,0.0,654.2,1163.1,1,208.5,0,1,shot_pb=1.00|flight_commit=1.00|keepin_prop=0.07|keepin_zoom=1.350|edge_zoom=0.927|bounds
410,955.4,569.3,interp,0.38,861.0,540.0,533.9,0.0,654.2,1163.1,1,209.6,0,1,shot_pb=1.00|flight_commit=1.00|keepin_prop=0.00|keepin_zoom=1.350|edge_zoom=0.936|bounds
411,949.4,569.4,interp,0.38,856.3,540.0,529.2,0.0,654.2,1163.1,1,210.9,0,0,shot_pb=1.00|flight_commit=1.00|edge_zoom=0.936|bounds
412,943.2,569.5,interp,0.38,851.5,540.0,524.3,0.0,654.3,1163.1,1,212.3,0,1,shot_pb=1.00|flight_commit=1.00|keepin_prop=0.03|keepin_zoom=1.350|edge_zoom=0.932|bounds
413,936.8,569.7,interp,0.38,846.5,540.0,519.4,0.0,654.3,1163.1,1,213.7,0,0,shot_pb=1.00|flight_commit=1.00|edge_zoom=0.935|bounds
414,930.2,569.8,interp,0.38,841.6,540.0,514.4,0.0,654.3,1163.2,1,215.4,0,1,shot_pb=1.00|flight_commit=1.00|keepin_prop=0.07|keepin_zoom=1.350|edge_zoom=0.928|bounds
415,923.5,570.0,interp,0.38,836.5,540.0,509.4,0.0,654.3,1163.2,1,217.0,0,1,shot_pb=1.00|flight_commit=1.00|keepin_prop=0.00|keepin_zoom=1.350|edge_zoom=0.936|bounds
416,916.6,570.1,interp,0.38,831.4,540.0,504.2,0.0,654.3,1163.2,1,218.8,0,0,shot_pb=1.00|flight_commit=1.00|edge_zoom=0.935|bounds
417,909.6,570.3,interp,0.38,826.2,540.0,499.0,0.0,654.3,1163.3,1,220.6,0,1,shot_pb=1.00|flight_commit=1.00|keepin_prop=0.03|keepin_zoom=1.350|edge_zoom=0.932|bounds
418,902.5,570.5,interp,0.38,821.0,540.0,493.8,0.0,654.4,1163.3,1,222.5,0,0,shot_pb=1.00|flight_commit=1.00|edge_zoom=0.935|bounds
419,895.2,570.6,interp,0.38,815.6,540.0,488.4,0.0,654.4,1163.3,1,224.4,0,1,shot_pb=1.00|flight_commit=1.00|keepin_prop=0.06|keepin_zoom=1.350|edge_zoom=0.928|bounds
420,887.9,570.8,interp,0.38,810.2,540.0,483.0,0.0,654.4,1163.4,1,226.3,0,1,shot_pb=1.00|flight_commit=1.00|keepin_prop=0.00|keepin_zoom=1.350|edge_zoom=0.936|bounds
421,880.4,571.0,interp,0.38,804.8,540.0,477.6,0.0,654.4,1163.4,1,228.4,0,0,shot_pb=1.00|flight_commit=1.00|edge_zoom=0.935|bounds
422,872.9,571.2,interp,0.38,799.3,540.0,472.0,0.0,654.4,1163.4,1,230.4,0,1,shot_pb=1.00|flight_commit=1.00|keepin_prop=0.02|keepin_zoom=1.350|edge_zoom=0.933|bounds
423,865.3,571.4,interp,0.38,793.7,540.0,466.5,0.0,654.5,1163.5,1,232.4,0,0,shot_pb=1.00|flight_commit=1.00|edge_zoom=0.935|bounds
424,857.7,571.6,interp,0.38,788.1,540.0,460.8,0.0,654.5,1163.5,1,234.4,0,1,shot_pb=1.00|flight_commit=1.00|keepin_prop=0.05|keepin_zoom=1.350|edge_zoom=0.929|bounds
425,850.1,571.8,interp,0.38,782.4,540.0,455.1,0.0,654.5,1163.5,1,236.3,0,1,shot_pb=1.00|flight_commit=1.00|keepin_prop=0.00|keepin_zoom=1.350|edge_zoom=0.935|bounds
426,842.4,572.0,interp,0.38,776.7,540.0,449.4,0.0,654.5,1163.6,1,238.3,0,0,shot_pb=1.00|flight_commit=1.00|edge_zoom=0.935|bounds
427,834.7,572.2,interp,0.38,770.9,540.0,443.6,0.0,654.5,1163.6,1,240.2,0,1,shot_pb=1.00|flight_commit=1.00|keepin_prop=0.02|keepin_zoom=1.350|edge_zoom=0.932|bounds
428,826.9,572.5,interp,0.38,765.1,540.0,437.9,0.0,654.6,1163.6,1,242.2,0,0,shot_pb=1.00|flight_commit=1.00|edge_zoom=0.934|bounds
429,819.3,572.7,interp,0.38,759.4,540.0,432.1,0.0,654.6,1163.7,1,244.1,0,1,shot_pb=1.00|flight_commit=1.00|keepin_prop=0.05|keepin_zoom=1.350|edge_zoom=0.929|bounds
430,811.6,572.9,interp,0.38,753.6,540.0,426.3,0.0,654.6,1163.7,1,246.0,0,1,shot_pb=1.00|flight_commit=1.00|keepin_prop=0.00|keepin_zoom=1.350|edge_zoom=0.935|bounds
431,803.9,573.1,interp,0.38,747.8,540.0,420.5,0.0,654.6,1163.7,1,247.9,0,0,shot_pb=1.00|flight_commit=1.00|edge_zoom=0.934|bounds
432,796.3,573.3,interp,0.38,742.0,540.0,414.7,0.0,654.6,1163.8,1,249.7,0,1,shot_pb=1.00|flight_commit=1.00|keepin_prop=0.02|keepin_zoom=1.350|edge_zoom=0.932|bounds
433,788.8,573.5,interp,0.38,736.3,540.0,408.9,0.0,654.6,1163.8,1,251.5,0,0,shot_pb=1.00|flight_commit=1.00|edge_zoom=0.934|bounds
434,781.4,573.7,interp,0.38,730.5,540.0,403.2,0.0,654.7,1163.9,1,253.1,0,1,shot_pb=1.00|flight_commit=1.00|keepin_prop=0.05|keepin_zoom=1.350|edge_zoom=0.928|bounds
435,774.0,573.9,interp,0.38,724.9,540.0,397.5,0.0,654.7,1163.9,1,254.9,0,1,shot_pb=1.00|flight_commit=1.00|keepin_prop=0.00|keepin_zoom=1.350|edge_zoom=0.935|bounds
436,766.7,574.1,interp,0.38,719.3,540.0,391.9,0.0,654.7,1163.9,1,256.6,0,0,shot_pb=1.00|flight_commit=1.00|edge_zoom=0.934|bounds
437,759.5,574.3,interp,0.38,713.7,540.0,386.3,0.0,654.7,1163.9,1,258.2,0,1,shot_pb=1.00|flight_commit=1.00|keepin_prop=0.02|keepin_zoom=1.350|edge_zoom=0.932|bounds
438,752.5,574.5,interp,0.38,708.2,540.0,380.9,0.0,654.7,1164.0,1,259.7,0,0,shot_pb=1.00|flight_commit=1.00|edge_zoom=0.934|bounds
439,745.5,574.7,interp,0.38,702.9,540.0,375.5,0.0,654.8,1164.0,1,261.4,0,1,shot_pb=1.00|flight_commit=1.00|keepin_prop=0.06|keepin_zoom=1.350|edge_zoom=0.927|bounds
440,738.7,574.9,interp,0.38,697.6,540.0,370.2,0.0,654.8,1164.0,1,262.9,0,1,shot_pb=1.00|flight_commit=1.00|keepin_prop=0.00|keepin_zoom=1.350|edge_zoom=0.934|bounds
441,732.1,575.1,interp,0.38,692.5,540.0,365.1,0.0,654.8,1164.1,1,264.4,0,0,shot_pb=1.00|flight_commit=1.00|edge_zoom=0.934|bounds
442,725.6,575.2,interp,0.38,687.5,540.0,360.1,0.0,654.8,1164.1,1,265.9,0,1,shot_pb=1.00|flight_commit=1.00|keepin_prop=0.03|keepin_zoom=1.350|edge_zoom=0.931|bounds
443,719.3,575.4,interp,0.38,682.6,540.0,355.2,0.0,654.9,1164.2,1,267.3,0,0,shot_pb=1.00|flight_commit=1.00|edge_zoom=0.933|bounds
444,713.2,575.6,interp,0.38,678.0,540.0,350.6,0.0,654.9,1164.2,1,268.8,0,1,shot_pb=1.00|flight_commit=1.00|keepin_prop=0.06|keepin_zoom=1.350|edge_zoom=0.926|bounds
445,707.3,575.7,interp,0.38,673.6,540.0,346.1,0.0,654.9,1164.3,1,270.3,0,1,shot_pb=1.00|flight_commit=1.00|keepin_prop=0.00|keepin_zoom=1.350|edge_zoom=0.934|bounds
446,701.6,575.9,interp,0.38,669.4,540.0,341.9,0.0,655.0,1164.4,1,271.8,0,0,shot_pb=1.00|flight_commit=1.00|edge_zoom=0.933|bounds
447,696.1,576.1,interp,0.38,665.4,540.0,337.9,0.0,655.0,1164.4,1,273.3,0,1,shot_pb=1.00|flight_commit=1.00|keepin_prop=0.03|keepin_zoom=1.350|edge_zoom=0.930|bounds
448,690.8,576.2,interp,0.38,661.6,540.0,334.1,0.0,655.0,1164.5,1,274.8,0,0,shot_pb=1.00|flight_commit=1.00|edge_zoom=0.933|bounds
449,685.7,576.3,interp,0.38,658.1,540.0,330.5,0.0,655.1,1164.6,1,276.4,0,1,shot_pb=1.00|flight_commit=1.00|keepin_prop=0.08|keepin_zoom=1.350|edge_zoom=0.924|bounds
450,680.8,576.5,interp,0.38,654.7,540.0,327.2,0.0,655.1,1164.7,1,277.9,0,1,shot_pb=1.00|flight_commit=1.00|keepin_prop=0.00|keepin_zoom=1.350|edge_zoom=0.934|bounds
451,676.2,576.6,interp,0.38,651.6,540.0,324.0,0.0,655.2,1164.8,1,279.4,0,0,shot_pb=1.00|flight_commit=1.00|edge_zoom=0.933|bounds
452,671.9,576.7,interp,0.38,648.6,540.0,321.0,0.0,655.2,1164.9,1,280.7,0,1,shot_pb=1.00|flight_commit=1.00|keepin_prop=0.04|keepin_zoom=1.350|edge_zoom=0.928|bounds
453,667.7,576.8,interp,0.38,645.8,540.0,318.1,0.0,655.3,1164.9,1,282.1,0,1,shot_pb=1.00|flight_commit=1.00|keepin_prop=0.00|keepin_zoom=1.350|edge_zoom=0.934|bounds
454,663.9,576.9,interp,0.38,643.1,540.0,315.4,0.0,655.3,1165.0,1,283.2,0,0,shot_pb=1.00|flight_commit=1.00|edge_zoom=0.933|bounds
455,660.2,577.0,interp,0.38,640.5,540.0,312.9,0.0,655.3,1165.0,1,284.3,0,1,shot_pb=1.00|flight_commit=1.00|keepin_prop=0.04|keepin_zoom=1.350|edge_zoom=0.929|bounds
456,656.8,577.1,interp,0.38,638.0,540.0,310.4,0.0,655.4,1165.1,1,285.2,0,1,shot_pb=1.00|flight_commit=1.00|keepin_prop=0.00|keepin_zoom=1.350|edge_zoom=0.934|bounds
457,653.7,577.2,interp,0.38,635.7,540.0,308.0,0.0,655.4,1165.1,1,286.0,0,0,shot_pb=1.00|flight_commit=1.00|edge_zoom=0.933|bounds
458,650.8,577.3,interp,0.38,633.4,540.0,305.7,0.0,655.4,1165.1,1,286.6,0,1,shot_pb=1.00|flight_commit=1.00|keepin_prop=0.04|keepin_zoom=1.350|edge_zoom=0.928|bounds
459,648.1,577.4,interp,0.38,631.1,540.0,303.4,0.0,655.4,1165.2,1,287.0,0,1,shot_pb=1.00|flight_commit=1.00|keepin_prop=0.00|keepin_zoom=1.350|edge_zoom=0.934|bounds
460,645.6,577.4,interp,0.38,629.0,540.0,301.3,0.0,655.4,1165.2,1,287.4,0,0,shot_pb=1.00|flight_commit=1.00|edge_zoom=0.933|bounds
461,643.4,577.5,interp,0.38,626.9,540.0,299.2,0.0,655.4,1165.2,1,287.5,0,1,shot_pb=1.00|flight_commit=1.00|keepin_prop=0.05|keepin_zoom=1.350|edge_zoom=0.928|bounds
462,641.3,577.6,interp,0.38,624.9,540.0,297.2,0.0,655.4,1165.2,1,287.6,0,1,shot_pb=1.00|flight_commit=1.00|keepin_prop=0.00|keepin_zoom=1.350|edge_zoom=0.933|bounds
463,639.4,577.6,yolo,0.42,623.0,540.0,295.2,0.0,655.4,1165.2,1,287.6,0,0,shot_pb=1.00|flight_commit=1.00|edge_zoom=0.933|bounds
464,637.6,577.6,hold,0.25,621.1,540.0,293.4,0.0,655.5,1165.3,1,287.5,0,1,shot_pb=1.00|flight_commit=1.00|keepin_prop=0.05|keepin_zoom=1.350|edge_zoom=0.927|bounds
465,635.9,577.7,hold,0.25,619.3,540.0,291.5,0.0,655.5,1165.3,1,287.4,0,1,shot_pb=1.00|flight_commit=1.00|keepin_prop=0.00|keepin_zoom=1.350|edge_zoom=0.933|bounds
466,634.2,577.7,hold,0.25,617.5,540.0,289.8,0.0,655.5,1165.4,1,287.3,0,0,shot_pb=1.00|flight_commit=1.00|edge_zoom=0.933|bounds
467,632.6,577.8,hold,0.25,615.8,540.0,288.0,0.0,655.6,1165.4,1,287.2,0,1,shot_pb=1.00|flight_commit=1.00|keepin_prop=0.06|keepin_zoom=1.350|edge_zoom=0.926|bounds
468,630.9,577.8,hold,0.25,614.1,540.0,286.3,0.0,655.6,1165.5,1,287.2,0,1,shot_pb=1.00|flight_commit=1.00|keepin_prop=0.00|keepin_zoom=1.350|edge_zoom=0.933|bounds
469,629.2,577.8,hold,0.25,612.4,540.0,284.6,0.0,655.7,1165.6,1,287.2,0,0,shot_pb=1.00|flight_commit=1.00|edge_zoom=0.933|bounds
470,627.5,577.9,hold,0.25,610.7,540.0,282.9,0.0,655.7,1165.7,1,287.2,0,1,shot_pb=1.00|flight_commit=1.00|keepin_prop=0.06|keepin_zoom=1.350|edge_zoom=0.926|bounds
471,625.7,577.9,hold,0.25,609.0,540.0,281.2,0.0,655.8,1165.8,1,287.3,0,1,shot_pb=1.00|flight_commit=1.00|keepin_prop=0.00|keepin_zoom=1.350|edge_zoom=0.933|bounds
472,623.7,578.0,hold,0.25,607.3,540.0,279.4,0.0,655.9,1166.0,1,287.6,0,0,shot_pb=1.00|flight_commit=1.00|edge_zoom=0.933|bounds
473,621.7,578.0,hold,0.25,605.5,540.0,277.6,0.0,655.9,1166.1,1,287.8,0,1,shot_pb=1.00|flight_commit=1.00|keepin_prop=0.06|keepin_zoom=1.350|edge_zoom=0.926|bounds
474,619.4,578.1,hold,0.25,603.7,540.0,275.7,0.0,656.0,1166.2,1,288.3,0,1,shot_pb=1.00|flight_commit=1.00|keepin_prop=0.00|keepin_zoom=1.350|edge_zoom=0.933|bounds
475,616.9,578.1,hold,0.25,601.8,540.0,273.8,0.0,656.0,1166.3,1,288.9,1,0,shot_pb=1.00|conf_zoom=0.70|conf_speed=0.83|speed|edge_zoom=0.935|bounds
476,614.2,578.2,hold,0.25,599.9,540.0,271.8,0.0,656.1,1166.3,1,289.7,0,1,shot_pb=1.00|conf_zoom=0.70|keepin_prop=0.04|keepin_zoom=1.350|edge_zoom=0.928|bounds
477,611.1,578.2,hold,0.26,597.8,540.0,269.8,0.0,656.1,1166.4,1,290.7,1,1,shot_pb=1.00|conf_zoom=0.69|keepin_prop=0.00|keepin_zoom=1.350|conf_speed=0.83|speed|edge_zoom=0.935|bounds
478,605.2,578.1,interp,0.32,595.7,540.0,267.7,0.0,656.2,1166.5,1,294.5,0,0,shot_pb=1.00|flight_commit=1.00|edge_zoom=0.934|bounds
479,602.0,578.2,interp,0.32,593.6,540.0,265.5,0.0,656.2,1166.6,1,295.6,0,1,shot_pb=1.00|flight_commit=1.00|keepin_prop=0.04|keepin_zoom=1.350|edge_zoom=0.928|bounds
480,598.9,578.4,interp,0.32,591.3,540.0,263.2,0.0,656.3,1166.7,1,296.4,0,1,shot_pb=1.00|flight_commit=1.00|keepin_prop=0.00|keepin_zoom=1.350|edge_zoom=0.933|bounds
481,596.1,578.7,interp,0.32,589.0,540.0,260.8,0.0,656.4,1166.9,1,296.9,0,0,shot_pb=1.00|flight_commit=1.00|edge_zoom=0.931|bounds
482,593.4,579.0,interp,0.32,586.6,540.0,258.4,0.0,656.5,1167.1,1,297.2,0,1,shot_pb=1.00|flight_commit=1.00|keepin_prop=0.04|keepin_zoom=1.350|edge_zoom=0.928|bounds
483,590.8,579.4,interp,0.32,584.1,540.0,255.9,0.0,656.6,1167.3,1,297.3,0,1,shot_pb=1.00|flight_commit=1.00|keepin_prop=0.00|keepin_zoom=1.350|edge_zoom=0.933|bounds
484,588.3,579.9,interp,0.32,581.6,540.0,253.3,0.0,656.7,1167.5,1,297.3,0,0,shot_pb=1.00|flight_commit=1.00|edge_zoom=0.927|bounds
485,585.9,580.5,interp,0.32,579.0,540.0,250.6,0.0,656.8,1167.7,1,297.1,0,1,shot_pb=1.00|flight_commit=1.00|keepin_prop=0.04|keepin_zoom=1.350|edge_zoom=0.928|bounds
486,583.6,581.2,interp,0.32,576.4,540.0,247.9,0.0,656.9,1167.9,1,296.8,0,1,shot_pb=1.00|flight_commit=1.00|keepin_prop=0.00|keepin_zoom=1.350|edge_zoom=0.932|bounds
487,581.2,582.0,interp,0.32,573.7,540.0,245.2,0.0,657.1,1168.1,1,296.5,0,0,shot_pb=1.00|flight_commit=1.00|edge_zoom=0.923|bounds
488,578.9,582.9,interp,0.32,571.0,540.0,242.4,0.0,657.2,1168.3,1,296.1,0,1,shot_pb=1.00|flight_commit=1.00|keepin_prop=0.03|keepin_zoom=1.350|edge_zoom=0.928|bounds
489,576.5,584.1,interp,0.32,568.2,540.0,239.5,0.0,657.3,1168.5,1,295.7,1,0,shot_pb=1.00|flight_commit=1.00|speed|edge_zoom=0.922|bounds
490,574.1,585.3,interp,0.32,565.3,540.0,236.6,0.0,657.3,1168.6,1,295.2,0,1,shot_pb=1.00|flight_commit=1.00|keepin_prop=0.05|keepin_zoom=1.350|edge_zoom=0.925|bounds
491,571.6,586.8,interp,0.32,562.4,540.0,233.7,0.0,657.4,1168.7,1,294.8,0,1,shot_pb=1.00|flight_commit=1.00|keepin_prop=0.00|keepin_zoom=1.350|edge_zoom=0.931|bounds
492,568.9,588.5,interp,0.32,559.4,540.0,230.7,0.0,657.4,1168.8,1,294.5,1,0,shot_pb=1.00|flight_commit=1.00|speed|edge_zoom=0.922|bounds
493,566.1,590.4,interp,0.32,556.3,540.0,227.6,0.0,657.5,1168.8,1,294.2,0,1,shot_pb=1.00|flight_commit=1.00|keepin_prop=0.01|keepin_zoom=1.350|edge_zoom=0.928|bounds
494,563.0,592.6,interp,0.32,553.2,540.0,224.5,0.0,657.5,1168.9,1,294.2,1,0,shot_pb=1.00|flight_commit=1.00|speed|edge_zoom=0.922|bounds
495,559.7,595.1,interp,0.32,550.1,540.0,221.3,0.0,657.5,1168.9,1,294.4,0,1,shot_pb=1.00|flight_commit=1.00|keepin_prop=0.01|keepin_zoom=1.350|edge_zoom=0.926|bounds
496,556.2,598.0,interp,0.32,546.9,540.0,218.1,0.0,657.5,1168.9,1,294.7,1,0,shot_pb=1.00|flight_commit=1.00|speed|edge_zoom=0.922|bounds
497,552.2,601.2,interp,0.32,543.7,540.0,214.9,0.0,657.5,1168.9,1,295.5,0,1,shot_pb=1.00|flight_commit=1.00|keepin_prop=0.01|keepin_zoom=1.350|edge_zoom=0.925|bounds
498,547.9,605.0,interp,0.32,540.5,540.0,211.8,0.0,657.5,1168.9,1,296.6,1,0,shot_pb=1.00|flight_commit=1.00|speed|edge_zoom=0.922|bounds
499,543.1,609.2,interp,0.32,537.4,540.0,208.6,0.0,657.5,1168.9,1,298.3,0,1,shot_pb=1.00|flight_commit=1.00|keepin_prop=0.01|keepin_zoom=1.350|edge_zoom=0.923|bounds
500,537.7,614.0,interp,0.32,534.3,540.0,205.6,0.0,657.5,1168.9,1,300.6,1,0,shot_pb=1.00|flight_commit=1.00|speed|edge_zoom=0.922|bounds
501,531.7,619.5,interp,0.32,531.4,540.0,202.6,0.0,657.5,1168.9,1,303.7,1,1,shot_pb=1.00|flight_commit=1.00|keepin_prop=0.00|keepin_zoom=1.350|speed|edge_zoom=0.922|bounds
502,525.0,625.8,interp,0.32,528.6,540.0,199.8,0.0,657.5,1168.9,1,300.4,1,0,shot_pb=1.00|flight_commit=1.00|speed|edge_zoom=0.922|bounds
503,517.4,632.9,interp,0.32,525.9,540.0,197.2,0.0,657.5,1168.9,1,295.5,1,1,shot_pb=1.00|flight_commit=1.00|keepin_prop=0.00|keepin_zoom=1.350|speed|edge_zoom=0.922|bounds
504,508.8,641.0,interp,0.32,523.4,540.0,194.6,0.0,657.5,1168.9,1,289.4,1,0,shot_pb=1.00|flight_commit=1.00|speed|edge_zoom=0.922|bounds
505,499.2,650.1,interp,0.32,521.0,540.0,192.2,0.0,657.5,1168.9,1,282.2,1,0,shot_pb=1.00|flight_commit=1.00|speed|edge_zoom=0.922|bounds
506,488.3,660.6,interp,0.32,518.6,540.0,189.8,0.0,657.5,1168.9,1,273.7,1,1,shot_pb=1.00|flight_commit=1.00|keepin_prop=0.00|keepin_zoom=1.350|speed|edge_zoom=0.921|bounds
507,476.0,672.5,interp,0.32,516.2,540.0,187.4,0.0,657.5,1168.9,1,263.8,1,1,shot_pb=1.00|flight_commit=1.00|keepin_prop=0.01|keepin_zoom=1.350|speed|edge_zoom=0.921|bounds
508,462.1,686.0,interp,0.32,513.7,540.0,184.9,0.0,657.5,1168.9,1,252.4,1,1,shot_pb=1.00|flight_commit=1.00|person_ctx=4|keepin_prop=0.02|keepin_zoom=1.350|speed|edge_zoom=0.918|bounds
509,432.0,717.1,centroid,0.30,511.0,540.0,182.2,0.0,657.5,1168.9,1,225.0,1,1,shot_pb=1.00|flight_commit=1.00|person_ctx=4|keepin_prop=0.06|keepin_zoom=1.350|speed|edge_zoom=0.907|bounds
510,417.6,730.4,centroid,0.30,508.0,540.0,179.3,0.0,657.5,1168.9,1,213.6,1,1,shot_pb=1.00|flight_commit=1.00|person_ctx=4|keepin_prop=0.09|keepin_zoom=1.350|speed|edge_zoom=0.899|bounds
511,404.6,742.0,centroid,0.30,504.7,540.0,176.0,0.0,657.5,1168.9,1,203.9,1,1,shot_pb=1.00|flight_commit=1.00|person_ctx=4|keepin_prop=0.11|keepin_zoom=1.350|speed|edge_zoom=0.891|bounds
512,392.8,752.0,centroid,0.30,501.1,540.0,172.3,0.0,657.5,1168.9,1,195.7,1,1,shot_pb=1.00|flight_commit=1.00|person_ctx=3|keepin_prop=0.14|keepin_zoom=1.350|speed|edge_zoom=0.884|bounds
513,382.1,760.8,centroid,0.30,497.0,540.0,168.3,0.0,657.5,1168.9,1,189.1,1,1,shot_pb=1.00|flight_commit=1.00|person_ctx=3|keepin_prop=0.17|keepin_zoom=1.350|speed|edge_zoom=0.877|bounds
514,372.3,768.4,centroid,0.30,492.6,540.0,163.8,0.0,657.5,1168.9,1,183.7,1,1,shot_pb=1.00|flight_commit=1.00|person_ctx=3|keepin_prop=0.19|keepin_zoom=1.350|speed|edge_zoom=0.870|bounds
515,363.3,775.1,centroid,0.30,487.8,540.0,159.1,0.0,657.5,1168.9,1,179.5,1,1,shot_pb=1.00|flight_commit=1.00|pb_zfit|keepin_prop=0.22|keepin_zoom=1.350|speed|edge_zoom=0.863|bounds
516,355.0,780.8,centroid,0.30,482.8,540.0,154.0,0.0,657.5,1168.9,1,176.2,1,1,shot_pb=1.00|flight_commit=1.00|pb_zfit|keepin_prop=0.24|keepin_zoom=1.350|speed|edge_zoom=0.857|bounds
517,347.4,785.9,centroid,0.30,477.5,540.0,148.8,0.0,657.5,1168.9,1,173.9,1,1,shot_pb=1.00|flight_commit=1.00|pb_zfit|keepin_prop=0.26|keepin_zoom=1.350|speed|edge_zoom=0.851|bounds
518,340.3,790.3,centroid,0.30,472.2,540.0,143.4,0.0,657.5,1168.9,1,172.1,1,1,shot_pb=1.00|flight_commit=1.00|pb_zfit|keepin_prop=0.28|keepin_zoom=1.350|speed|edge_zoom=0.846|bounds
519,333.6,794.2,centroid,0.30,466.7,540.0,138.0,0.0,657.5,1168.9,1,170.9,1,1,shot_pb=1.00|flight_commit=1.00|pb_zfit|keepin_prop=0.30|keepin_zoom=1.350|speed|edge_zoom=0.841|bounds
520,327.4,797.7,centroid,0.30,461.3,540.0,132.5,0.0,657.5,1168.9,1,170.1,1,1,shot_pb=1.00|flight_commit=1.00|pb_zfit|keepin_prop=0.31|keepin_zoom=1.350|speed|edge_zoom=0.837|bounds
521,321.5,800.8,centroid,0.30,455.9,540.0,127.2,0.0,657.5,1168.9,1,169.6,1,1,shot_pb=1.00|flight_commit=1.00|pb_zfit|keepin_prop=0.33|keepin_zoom=1.350|speed|edge_zoom=0.832|bounds
522,315.8,803.6,centroid,0.30,450.7,540.0,121.9,0.0,657.5,1168.9,1,169.1,1,1,shot_pb=1.00|flight_commit=1.00|pb_zfit|keepin_prop=0.34|keepin_zoom=1.350|speed|edge_zoom=0.829|bounds
523,310.4,806.1,centroid,0.30,445.5,540.0,116.8,0.0,657.5,1168.9,1,168.9,1,1,shot_pb=1.00|flight_commit=1.00|pb_zfit|keepin_prop=0.36|keepin_zoom=1.350|speed|edge_zoom=0.825|bounds
524,305.2,808.5,centroid,0.30,440.5,540.0,111.7,0.0,657.5,1168.9,1,168.7,1,1,shot_pb=1.00|flight_commit=1.00|pb_zfit|keepin_prop=0.37|keepin_zoom=1.350|speed|edge_zoom=0.822|bounds
525,300.1,810.8,centroid,0.30,435.7,540.0,106.9,0.0,657.5,1168.9,1,168.4,1,1,shot_pb=1.00|flight_commit=1.00|pb_zfit|keepin_prop=0.38|keepin_zoom=1.350|speed|edge_zoom=0.819|bounds
526,295.1,813.0,centroid,0.30,430.9,540.0,102.2,0.0,657.5,1168.9,1,168.2,1,1,shot_pb=1.00|flight_commit=1.00|pb_zfit|keepin_prop=0.39|keepin_zoom=1.350|speed|edge_zoom=0.816|bounds
527,290.2,815.1,centroid,0.30,426.3,540.0,97.6,0.0,657.5,1168.9,1,167.9,1,1,shot_pb=1.00|flight_commit=1.00|pb_zfit|keepin_prop=0.40|keepin_zoom=1.350|speed|edge_zoom=0.813|bounds
528,285.3,817.3,centroid,0.30,421.9,540.0,93.1,0.0,657.5,1168.9,1,167.4,1,1,shot_pb=1.00|flight_commit=1.00|pb_zfit|keepin_prop=0.41|keepin_zoom=1.350|speed|edge_zoom=0.810|bounds
529,280.4,819.4,centroid,0.30,417.5,540.0,88.7,0.0,657.5,1168.9,1,166.9,1,1,shot_pb=1.00|flight_commit=1.00|pb_zfit|keepin_prop=0.42|keepin_zoom=1.350|speed|edge_zoom=0.807|bounds
530,275.5,821.6,centroid,0.30,413.1,540.0,84.4,0.0,657.5,1168.9,1,166.4,1,1,shot_pb=1.00|flight_commit=1.00|pb_zfit|keepin_prop=0.43|keepin_zoom=1.350|speed|edge_zoom=0.805|bounds
531,270.6,823.9,centroid,0.30,408.9,540.0,80.1,0.0,657.5,1168.9,1,165.7,1,1,shot_pb=1.00|flight_commit=1.00|pb_zfit|keepin_prop=0.44|keepin_zoom=1.350|speed|edge_zoom=0.802|bounds
532,265.6,826.2,centroid,0.30,404.7,540.0,75.9,0.0,657.5,1168.9,1,164.9,1,1,shot_pb=1.00|flight_commit=1.00|pb_zfit|keepin_prop=0.45|keepin_zoom=1.350|speed|edge_zoom=0.799|bounds
533,260.6,828.7,centroid,0.30,400.4,540.0,71.7,0.0,657.5,1168.9,1,164.2,1,1,shot_pb=1.00|flight_commit=1.00|pb_zfit|keepin_prop=0.46|keepin_zoom=1.350|speed|edge_zoom=0.796|bounds
534,255.4,831.1,centroid,0.30,396.2,540.0,67.5,0.0,657.5,1168.9,1,163.2,1,1,shot_pb=1.00|flight_commit=1.00|pb_zfit|keepin_prop=0.48|keepin_zoom=1.350|speed|edge_zoom=0.792|bounds
535,250.2,833.7,centroid,0.30,392.0,540.0,63.3,0.0,657.5,1168.9,1,162.2,1,1,shot_pb=1.00|flight_commit=1.00|pb_zfit|keepin_prop=0.49|keepin_zoom=1.350|speed|edge_zoom=0.789|bounds
536,244.9,836.3,centroid,0.30,387.8,540.0,59.1,0.0,657.5,1168.9,1,161.1,1,1,shot_pb=1.00|flight_commit=1.00|pb_zfit|keepin_prop=0.50|keepin_zoom=1.350|speed|edge_zoom=0.785|bounds
537,239.5,839.0,centroid,0.30,383.6,540.0,54.9,0.0,657.5,1168.9,1,159.9,1,1,shot_pb=1.00|flight_commit=1.00|pb_zfit|keepin_prop=0.52|keepin_zoom=1.350|speed|edge_zoom=0.781|bounds
538,234.0,841.7,centroid,0.30,379.4,540.0,50.6,0.0,657.5,1168.9,1,158.6,1,1,shot_pb=1.00|flight_commit=1.00|pb_zfit|keepin_prop=0.53|keepin_zoom=1.350|speed|edge_zoom=0.777|bounds
539,228.5,844.5,centroid,0.30,375.2,540.0,46.4,0.0,657.5,1168.9,1,157.3,1,1,shot_pb=1.00|flight_commit=1.00|pb_zfit|keepin_prop=0.55|keepin_zoom=1.350|speed|edge_zoom=0.773|bounds
540,222.9,847.2,centroid,0.30,371.0,540.0,42.3,0.0,657.5,1168.9,1,155.9,1,1,shot_pb=1.00|flight_commit=1.00|pb_zfit|keepin_prop=0.56|keepin_zoom=1.350|speed|edge_zoom=0.769|bounds
541,217.2,849.9,centroid,0.30,366.9,540.0,38.1,0.0,657.5,1168.9,1,154.3,1,1,shot_pb=1.00|flight_commit=1.00|pb_zfit|keepin_prop=0.58|keepin_zoom=1.350|speed|edge_zoom=0.765|bounds
542,211.5,852.5,centroid,0.30,362.9,540.0,34.1,0.0,657.5,1168.9,1,152.6,1,1,shot_pb=1.00|flight_commit=1.00|pb_zfit|keepin_prop=0.60|keepin_zoom=1.350|speed|edge_zoom=0.760|bounds
543,205.8,855.0,centroid,0.30,358.9,540.0,30.2,0.0,657.5,1168.9,1,150.9,1,1,shot_pb=1.00|flight_commit=1.00|pb_zfit|keepin_prop=0.61|keepin_zoom=1.350|speed|edge_zoom=0.755|bounds
544,200.0,857.4,centroid,0.30,355.1,540.0,26.4,0.0,657.5,1168.9,1,148.9,1,1,shot_pb=1.00|flight_commit=1.00|pb_zfit|keepin_prop=0.63|keepin_zoom=1.350|speed|edge_zoom=0.751|bounds
545,194.3,859.7,centroid,0.30,351.5,540.0,22.8,0.0,657.5,1168.9,1,146.8,1,1,shot_pb=1.00|flight_commit=1.00|pb_zfit|keepin_prop=0.65|keepin_zoom=1.350|speed|edge_zoom=0.750|bounds
546,188.7,861.7,centroid,0.30,348.2,540.0,19.4,0.0,657.5,1168.9,1,144.5,1,1,shot_pb=1.00|flight_commit=1.00|pb_zfit|keepin_prop=0.66|keepin_zoom=1.350|speed|edge_zoom=0.750|bounds
547,183.0,863.5,centroid,0.30,345.0,540.0,16.3,0.0,657.5,1168.9,1,142.0,1,1,shot_pb=1.00|flight_commit=1.00|pb_zfit|keepin_prop=0.68|keepin_zoom=1.350|speed|edge_zoom=0.750|bounds
548,177.5,865.1,centroid,0.30,342.2,540.0,13.4,0.0,657.5,1168.9,1,139.3,1,1,shot_pb=1.00|flight_commit=1.00|pb_zfit|keepin_prop=0.69|keepin_zoom=1.350|speed|edge_zoom=0.750|bounds
549,172.0,866.5,centroid,0.30,339.7,540.0,10.9,0.0,657.5,1168.9,1,136.3,1,1,shot_pb=1.00|flight_commit=1.00|pb_zfit|keepin_prop=0.71|keepin_zoom=1.350|speed|edge_zoom=0.750|bounds
550,166.5,867.6,centroid,0.30,337.4,540.0,8.7,0.0,657.5,1168.9,1,133.1,1,1,shot_pb=1.00|flight_commit=1.00|pb_zfit|keepin_prop=0.72|keepin_zoom=1.350|speed|edge_zoom=0.750|bounds
551,161.2,868.4,centroid,0.30,335.6,540.0,6.8,0.0,657.5,1168.9,1,129.6,1,1,shot_pb=1.00|flight_commit=1.00|pb_zfit|keepin_prop=0.73|keepin_zoom=1.350|speed|edge_zoom=0.750|bounds
552,156.0,868.9,centroid,0.30,334.0,540.0,5.2,0.0,657.5,1168.9,1,126.0,1,1,shot_pb=1.00|flight_commit=1.00|pb_zfit|keepin_prop=0.74|keepin_zoom=1.350|speed|edge_zoom=0.750|bounds
553,150.9,869.1,centroid,0.30,332.7,540.0,3.9,0.0,657.5,1168.9,1,122.2,1,1,shot_pb=1.00|flight_commit=1.00|pb_zfit|keepin_prop=0.76|keepin_zoom=1.350|speed|edge_zoom=0.750|bounds
554,145.9,869.0,centroid,0.30,331.6,540.0,2.9,0.0,657.5,1168.9,1,118.3,1,1,shot_pb=1.00|flight_commit=1.00|pb_zfit|keepin_prop=0.76|keepin_zoom=1.350|speed|edge_zoom=0.750|bounds
555,141.0,868.6,centroid,0.30,330.8,540.0,2.0,0.0,657.5,1168.9,1,114.2,1,1,shot_pb=1.00|flight_commit=1.00|pb_zfit|keepin_prop=0.77|keepin_zoom=1.350|speed|edge_zoom=0.750|bounds
556,136.3,867.9,centroid,0.30,330.2,540.0,1.4,0.0,657.5,1168.9,1,110.1,1,1,shot_pb=1.00|flight_commit=1.00|pb_zfit|keepin_prop=0.78|keepin_zoom=1.350|speed|edge_zoom=0.750|bounds
557,131.7,866.9,centroid,0.30,329.7,540.0,1.0,0.0,657.5,1168.9,1,106.0,1,1,shot_pb=1.00|flight_commit=1.00|pb_zfit|keepin_prop=0.78|keepin_zoom=1.350|speed|edge_zoom=0.750|bounds
558,127.2,865.6,centroid,0.30,329.4,540.0,0.6,0.0,657.5,1168.9,1,101.8,1,1,shot_pb=1.00|flight_commit=1.00|pb_zfit|keepin_prop=0.79|keepin_zoom=1.350|speed|edge_zoom=0.750|bounds
559,122.9,864.1,centroid,0.30,329.2,540.0,0.4,0.0,657.5,1168.9,1,97.7,1,1,shot_pb=1.00|flight_commit=1.00|pb_zfit|keepin_prop=0.79|keepin_zoom=1.350|speed|edge_zoom=0.750|bounds
560,118.8,862.2,centroid,0.30,329.0,540.0,0.3,0.0,657.5,1168.9,1,93.8,1,1,shot_pb=1.00|flight_commit=1.00|pb_zfit|keepin_prop=0.78|keepin_zoom=1.350|speed|edge_zoom=0.750|bounds
561,114.8,860.1,centroid,0.30,328.9,540.0,0.2,0.0,657.5,1168.9,1,89.9,1,1,shot_pb=1.00|flight_commit=1.00|pb_zfit|keepin_prop=0.78|keepin_zoom=1.350|speed|edge_zoom=0.750|bounds
562,110.9,857.8,centroid,0.30,328.9,540.0,0.1,0.0,657.5,1168.9,1,86.0,1,1,shot_pb=1.00|flight_commit=1.00|pb_zfit|keepin_prop=0.77|keepin_zoom=1.350|speed|edge_zoom=0.750|bounds
563,107.2,855.2,centroid,0.30,328.8,540.0,0.0,0.0,657.5,1168.9,1,82.4,1,1,shot_pb=1.00|flight_commit=1.00|pb_zfit|keepin_prop=0.77|keepin_zoom=1.350|speed|edge_zoom=0.750|bounds
564,103.7,852.4,centroid,0.30,328.8,540.0,0.0,0.0,657.5,1168.9,1,78.9,1,1,shot_pb=1.00|flight_commit=1.00|pb_zfit|keepin_prop=0.75|keepin_zoom=1.350|speed|edge_zoom=0.750|bounds
565,100.3,849.5,centroid,0.30,328.8,540.0,0.0,0.0,657.5,1168.9,1,75.5,1,1,shot_pb=1.00|flight_commit=1.00|pb_zfit|keepin_prop=0.74|keepin_zoom=1.350|speed|edge_zoom=0.750|bounds
566,97.0,846.3,centroid,0.30,328.8,540.0,0.0,0.0,657.5,1168.9,1,72.2,1,1,shot_pb=1.00|flight_commit=1.00|pb_zfit|keepin_prop=0.73|keepin_zoom=1.350|speed|edge_zoom=0.750|bounds
567,93.9,843.0,centroid,0.30,328.8,540.0,0.0,0.0,657.5,1168.9,1,69.1,1,1,shot_pb=1.00|flight_commit=1.00|pb_zfit|keepin_prop=0.71|keepin_zoom=1.350|speed|edge_zoom=0.750|bounds
568,90.9,839.6,centroid,0.30,328.8,540.0,0.0,0.0,657.5,1168.9,1,66.1,1,1,shot_pb=1.00|flight_commit=1.00|pb_zfit|keepin_prop=0.70|keepin_zoom=1.350|speed|edge_zoom=0.750|bounds
569,88.1,836.1,centroid,0.30,328.8,540.0,0.0,0.0,657.5,1168.9,1,63.3,1,1,shot_pb=1.00|flight_commit=1.00|pb_zfit|keepin_prop=0.68|keepin_zoom=1.350|speed|edge_zoom=0.750|bounds
570,85.4,832.5,centroid,0.30,328.8,540.0,0.0,0.0,657.5,1168.9,1,60.6,1,1,shot_pb=1.00|flight_commit=1.00|pb_zfit|keepin_prop=0.66|keepin_zoom=1.350|speed|edge_zoom=0.750|bounds
571,82.8,828.8,centroid,0.30,328.8,540.0,0.0,0.0,657.5,1168.9,1,58.0,1,1,shot_pb=1.00|flight_commit=1.00|pb_zfit|keepin_prop=0.64|keepin_zoom=1.350|speed|edge_zoom=0.750|bounds
572,80.4,825.1,centroid,0.30,328.8,540.0,0.0,0.0,657.5,1168.9,1,55.6,1,1,shot_pb=1.00|flight_commit=1.00|pb_zfit|keepin_prop=0.62|keepin_zoom=1.350|speed|edge_zoom=0.753|bounds
573,78.1,821.4,centroid,0.30,328.8,540.0,0.0,0.0,657.5,1168.9,1,53.3,1,1,shot_pb=1.00|flight_commit=1.00|pb_zfit|keepin_prop=0.60|keepin_zoom=1.350|speed|edge_zoom=0.759|bounds
574,75.9,817.8,centroid,0.30,328.8,540.0,0.0,0.0,657.5,1168.9,1,51.1,1,1,shot_pb=1.00|flight_commit=1.00|pb_zfit|keepin_prop=0.58|keepin_zoom=1.350|speed|edge_zoom=0.764|bounds
575,73.9,814.2,centroid,0.30,328.8,540.0,0.0,0.0,657.5,1168.9,1,49.1,1,1,shot_pb=1.00|flight_commit=1.00|pb_zfit|keepin_prop=0.56|keepin_zoom=1.350|speed|edge_zoom=0.769|bounds
576,71.9,810.6,centroid,0.30,328.8,540.0,0.0,0.0,657.5,1168.9,1,47.1,1,1,shot_pb=1.00|flight_commit=1.00|pb_zfit|keepin_prop=0.54|keepin_zoom=1.350|speed|edge_zoom=0.774|bounds
577,70.1,807.2,centroid,0.30,328.8,540.0,0.0,0.0,657.5,1168.9,1,45.3,1,1,shot_pb=1.00|flight_commit=1.00|pb_zfit|keepin_prop=0.53|keepin_zoom=1.350|speed|edge_zoom=0.779|bounds
578,68.3,804.0,centroid,0.30,328.8,540.0,0.0,0.0,657.5,1168.9,1,43.5,1,1,shot_pb=1.00|flight_commit=1.00|pb_zfit|keepin_prop=0.51|keepin_zoom=1.350|speed|edge_zoom=0.784|bounds
579,66.7,800.8,centroid,0.30,328.8,540.0,0.0,0.0,657.5,1168.9,1,41.9,1,1,shot_pb=1.00|flight_commit=1.00|person_ctx=3|pb_zfit|keepin_prop=0.49|keepin_zoom=1.350|speed|edge_zoom=0.788|bounds
580,65.2,797.9,centroid,0.30,328.8,540.0,0.0,0.0,657.5,1168.9,1,40.4,1,1,shot_pb=1.00|flight_commit=1.00|person_ctx=3|pb_zfit|keepin_prop=0.48|keepin_zoom=1.350|speed|edge_zoom=0.792|bounds
581,63.7,795.2,centroid,0.30,328.8,540.0,0.0,0.0,657.5,1168.9,1,38.9,1,1,shot_pb=1.00|flight_commit=1.00|person_ctx=3|pb_zfit|keepin_prop=0.46|keepin_zoom=1.350|speed|edge_zoom=0.796|bounds
582,62.4,792.6,centroid,0.30,328.8,540.0,0.0,0.0,657.5,1168.9,1,37.6,1,1,shot_pb=1.00|flight_commit=1.00|person_ctx=3|pb_zfit|keepin_prop=0.45|keepin_zoom=1.350|speed|edge_zoom=0.800|bounds
583,61.1,790.3,centroid,0.30,328.8,540.0,0.0,0.0,657.5,1168.9,1,36.3,1,1,shot_pb=1.00|flight_commit=1.00|person_ctx=3|pb_zfit|keepin_prop=0.44|keepin_zoom=1.350|speed|edge_zoom=0.803|bounds
584,59.9,788.3,centroid,0.30,328.8,540.0,0.0,0.0,657.5,1168.9,1,35.1,1,1,shot_pb=1.00|flight_commit=1.00|pb_zfit|keepin_prop=0.43|keepin_zoom=1.350|speed|edge_zoom=0.806|bounds
585,58.9,786.5,centroid,0.30,328.8,540.0,0.0,0.0,657.5,1168.9,1,34.1,1,1,shot_pb=1.00|flight_commit=1.00|pb_zfit|keepin_prop=0.42|keepin_zoom=1.350|speed|edge_zoom=0.809|bounds
586,57.9,784.9,centroid,0.30,328.8,540.0,0.0,0.0,657.5,1168.9,1,33.1,1,1,shot_pb=1.00|flight_commit=1.00|pb_zfit|keepin_prop=0.41|keepin_zoom=1.350|speed|edge_zoom=0.812|bounds
587,56.9,783.6,centroid,0.30,328.8,540.0,0.0,0.0,657.5,1168.9,1,32.1,1,1,shot_pb=1.00|flight_commit=1.00|pb_zfit|keepin_prop=0.40|keepin_zoom=1.350|speed|edge_zoom=0.814|bounds
588,56.1,782.6,centroid,0.30,328.8,540.0,0.0,0.0,657.5,1168.9,1,31.3,1,1,shot_pb=1.00|flight_commit=1.00|pb_zfit|keepin_prop=0.39|keepin_zoom=1.350|speed|edge_zoom=0.817|bounds
589,55.3,781.7,centroid,0.30,328.8,540.0,0.0,0.0,657.5,1168.9,1,30.5,1,1,shot_pb=1.00|flight_commit=1.00|pb_zfit|keepin_prop=0.38|keepin_zoom=1.350|speed|edge_zoom=0.819|bounds
590,54.6,781.2,centroid,0.30,328.8,540.0,0.0,0.0,657.5,1168.9,1,29.8,1,1,shot_pb=1.00|flight_commit=1.00|person_ctx=4|pb_zfit|keepin_prop=0.37|keepin_zoom=1.350|speed|edge_zoom=0.823|bounds
591,53.9,780.8,centroid,0.30,328.8,540.0,0.0,0.0,657.5,1168.9,1,29.1,1,1,shot_pb=1.00|flight_commit=1.00|person_ctx=4|pb_zfit|keepin_prop=0.35|keepin_zoom=1.350|speed|edge_zoom=0.827|bounds
592,53.4,780.6,centroid,0.30,328.8,540.0,0.0,0.0,657.5,1168.9,1,28.6,1,1,shot_pb=1.00|flight_commit=1.00|person_ctx=4|pb_zfit|keepin_prop=0.32|keepin_zoom=1.350|speed|edge_zoom=0.834|bounds
593,52.9,780.6,centroid,0.30,328.8,540.0,0.0,0.0,657.5,1168.9,1,28.1,1,1,shot_pb=1.00|flight_commit=1.00|person_ctx=4|pb_zfit|keepin_prop=0.29|keepin_zoom=1.350|speed|edge_zoom=0.843|bounds
594,52.4,780.8,centroid,0.30,328.8,540.0,0.0,0.0,657.5,1168.9,1,27.6,1,1,shot_pb=1.00|flight_commit=1.00|person_ctx=4|pb_zfit|keepin_prop=0.26|keepin_zoom=1.350|speed|edge_zoom=0.851|bounds
595,52.0,781.1,centroid,0.30,328.8,540.0,0.0,0.0,657.5,1168.9,1,27.2,1,1,shot_pb=1.00|flight_commit=1.00|person_ctx=3|pb_zfit|keepin_prop=0.24|keepin_zoom=1.350|speed|edge_zoom=0.857|bounds
596,51.7,781.4,centroid,0.30,328.8,540.0,0.0,0.0,657.5,1168.9,1,26.9,1,1,shot_pb=1.00|flight_commit=1.00|person_ctx=3|pb_zfit|keepin_prop=0.23|keepin_zoom=1.350|speed|edge_zoom=0.860|bounds
597,51.4,781.8,centroid,0.30,328.8,540.0,0.0,0.0,657.5,1168.9,1,26.6,1,1,shot_pb=1.00|flight_commit=1.00|person_ctx=3|pb_zfit|keepin_prop=0.22|keepin_zoom=1.350|speed|edge_zoom=0.861|bounds
