frame,ball_x,ball_y,source,confidence,cam_cx,cam_cy,crop_x0,crop_y0,crop_w,crop_h,ball_in_crop,dist_to_edge,speed_limited,keepinview,clamp_flags
0,1191.7,531.0,hold,0.30,1183.6,540.0,878.5,0.0,610.2,1084.7,1,295.9,0,0,accel_zoom=0.852|flight_commit=1.00|person_ctx=4|edge_zoom=0.992|bounds
1,1189.4,531.0,hold,0.30,1182.2,540.0,880.1,2.9,604.2,1074.2,1,296.8,0,0,flight_commit=0.74|edge_zoom=0.994|bounds
2,1186.8,531.0,hold,0.30,1180.4,540.0,881.2,8.1,598.4,1063.8,1,297.6,0,0,flight_commit=0.43|edge_zoom=0.996|bounds
3,1183.8,530.9,hold,0.30,1178.1,540.0,881.6,13.0,592.9,1054.1,1,298.3,0,0,flight_commit=0.22|conf_zoom=0.97|conf_speed=0.98|edge_zoom=0.997|bounds
4,1180.4,530.8,hold,0.30,1175.2,540.0,881.2,17.3,588.0,1045.3,1,298.8,0,0,flight_commit=0.09|conf_zoom=0.93|conf_speed=0.96|edge_zoom=0.999|bounds
5,1176.5,530.8,hold,0.30,1171.8,540.0,879.9,21.0,583.8,1037.9,1,299.3,0,0,flight_commit=0.01|conf_zoom=0.91|conf_speed=0.95|bounds
6,1172.2,530.7,hold,0.30,1167.8,540.0,877.5,24.0,580.5,1032.1,1,299.6,0,0,conf_zoom=0.73|conf_speed=0.85|bounds
7,1167.2,530.6,hold,0.30,1163.3,540.0,874.1,25.9,578.3,1028.2,1,300.1,0,0,conf_zoom=0.73|conf_speed=0.85|edge_zoom=0.999|bounds
8,1161.5,530.5,hold,0.30,1158.1,540.0,869.5,26.8,577.3,1026.3,1,300.6,0,0,flight_commit=0.02|conf_zoom=0.91|conf_speed=0.95|edge_zoom=0.997|bounds
9,1155.1,530.4,hold,0.30,1152.5,540.0,863.7,26.6,577.5,1026.7,1,301.4,0,0,flight_commit=0.09|conf_zoom=0.93|conf_speed=0.96|edge_zoom=0.996|bounds
10,1147.8,530.2,hold,0.30,1146.4,540.0,856.9,25.3,579.1,1029.5,1,302.6,0,0,shot_pb=0.00|flight_commit=0.18|conf_zoom=0.96|conf_speed=0.98|edge_zoom=0.994|bounds
11,1139.5,530.1,hold,0.30,1140.1,540.0,849.1,22.7,581.9,1034.5,1,303.4,0,0,flight_commit=0.30|conf_zoom=0.99|conf_speed=0.99|edge_zoom=0.993|bounds
12,1130.1,529.9,hold,0.30,1133.6,540.0,840.6,19.1,586.0,1041.7,1,300.5,0,0,flight_commit=0.45|edge_zoom=0.992|bounds
13,1119.3,529.7,hold,0.30,1127.3,540.0,831.8,14.6,591.0,1050.7,1,296.0,0,0,flight_commit=0.62|edge_zoom=0.991|bounds
14,1089.8,531.3,centroid,0.30,1121.3,540.0,822.9,9.5,596.8,1061.0,1,272.5,0,0,accel_zoom=0.926|shot_pb=0.20|flight_commit=1.00|edge_zoom=0.985|bounds
15,1081.3,530.2,centroid,0.30,1115.8,540.0,814.4,4.0,603.0,1071.9,1,269.5,0,0,shot_pb=0.40|flight_commit=1.00|edge_zoom=0.991|bounds
16,1075.2,528.6,centroid,0.30,1111.2,540.0,806.6,0.0,609.1,1082.9,1,268.0,0,0,shot_pb=0.60|flight_commit=1.00|edge_zoom=0.996|bounds
17,1071.1,526.8,centroid,0.30,1107.4,540.0,799.9,0.0,615.0,1093.2,1,267.7,0,0,shot_pb=0.80|flight_commit=1.00|person_ctx=4|bounds
18,1068.8,524.7,centroid,0.30,1104.7,540.0,794.6,0.0,620.2,1102.6,1,268.1,0,0,shot_pb=1.00|flight_commit=1.00|edge_zoom=0.999|bounds
19,1067.9,522.5,centroid,0.30,1103.1,540.0,790.7,0.0,624.7,1110.6,1,268.8,0,0,shot_pb=1.00|flight_commit=1.00|bounds
20,1068.2,520.2,centroid,0.30,1102.5,540.0,788.3,0.0,628.3,1117.0,1,269.7,0,0,shot_pb=1.00|flight_commit=1.00|bounds
21,1069.6,518.0,centroid,0.30,1102.9,540.0,787.3,0.0,631.1,1121.9,1,270.7,0,0,shot_pb=1.00|flight_commit=1.00|bounds
22,1071.7,515.7,centroid,0.30,1104.1,540.0,787.5,0.0,633.1,1125.5,1,271.6,0,0,shot_pb=1.00|flight_commit=1.00|bounds
23,1074.4,513.5,centroid,0.30,1106.0,540.0,788.7,0.0,634.6,1128.2,1,272.4,0,0,shot_pb=1.00|flight_commit=1.00|bounds
24,1077.6,511.5,centroid,0.30,1108.5,540.0,790.7,0.0,635.6,1130.0,1,273.1,0,0,shot_pb=1.00|flight_commit=1.00|bounds
25,1081.2,509.6,centroid,0.30,1111.3,540.0,793.2,0.0,636.2,1131.1,1,273.9,0,0,shot_pb=1.00|flight_commit=1.00|bounds
26,1085.0,507.9,centroid,0.30,1114.2,540.0,796.0,0.0,636.5,1131.5,1,274.8,0,0,shot_pb=1.00|flight_commit=1.00|bounds
27,1088.9,506.3,centroid,0.30,1117.2,540.0,799.1,0.0,636.2,1131.1,1,275.7,0,0,shot_pb=1.00|flight_commit=1.00|person_ctx=4|bounds
28,1092.9,505.0,centroid,0.30,1120.0,540.0,802.2,0.0,635.5,1129.8,1,276.9,0,0,shot_pb=1.00|flight_commit=1.00|person_ctx=4|bounds
29,1096.8,503.9,centroid,0.30,1122.6,540.0,805.5,0.0,634.3,1127.6,1,278.2,0,0,shot_pb=1.00|flight_commit=1.00|person_ctx=4|bounds
30,1100.7,503.1,centroid,0.30,1124.9,540.0,808.7,0.0,632.4,1124.3,1,279.8,0,0,shot_pb=1.00|flight_commit=1.00|person_ctx=4|bounds
31,1104.5,502.5,centroid,0.30,1127.0,540.0,811.9,0.0,630.1,1120.2,1,281.5,0,0,shot_pb=1.00|flight_commit=1.00|person_ctx=4|bounds
32,1108.1,502.1,centroid,0.30,1128.6,540.0,815.0,0.0,627.4,1115.3,1,283.5,0,0,shot_pb=1.00|flight_commit=0.89|person_ctx=3|bounds
33,1111.6,502.0,centroid,0.30,1130.0,540.0,817.9,0.0,624.3,1109.9,1,285.6,0,0,flight_commit=0.79|person_ctx=4|bounds
34,1114.8,502.2,centroid,0.30,1131.1,540.0,820.6,0.0,621.0,1104.0,1,287.7,0,0,flight_commit=0.50|person_ctx=4|bounds
35,1117.8,502.5,centroid,0.30,1131.9,540.0,823.1,0.0,617.7,1098.0,1,289.9,0,0,flight_commit=0.28|conf_zoom=0.99|conf_speed=0.99|bounds
36,1120.6,503.1,centroid,0.30,1132.6,540.0,825.4,0.0,614.3,1092.1,1,292.0,0,0,flight_commit=0.10|conf_zoom=0.94|conf_speed=0.97|bounds
37,1123.2,504.0,centroid,0.30,1133.0,540.0,827.5,0.0,611.1,1086.4,1,294.2,0,0,conf_zoom=0.73|conf_speed=0.85|bounds
38,1125.5,505.1,centroid,0.30,1133.3,540.0,829.3,0.0,608.1,1081.0,1,296.2,0,0,conf_zoom=0.73|conf_speed=0.85|bounds
39,1127.7,506.3,centroid,0.30,1133.5,540.0,830.9,2.0,605.3,1076.1,1,298.2,0,0,conf_zoom=0.73|conf_speed=0.85|bounds
40,1129.5,507.9,centroid,0.30,1133.7,540.0,832.3,4.2,602.8,1071.6,1,299.8,0,0,conf_zoom=0.73|conf_speed=0.85|bounds
41,1131.2,509.6,centroid,0.30,1133.7,540.0,833.5,6.2,600.5,1067.6,1,301.5,0,0,conf_zoom=0.73|conf_speed=0.85|bounds
42,1132.7,511.5,centroid,0.30,1133.8,540.0,834.5,8.0,598.5,1064.1,1,302.9,0,0,conf_zoom=0.73|conf_speed=0.85|bounds
43,1133.9,513.6,centroid,0.30,1133.8,540.0,835.4,9.5,596.9,1061.1,1,303.9,0,0,conf_zoom=0.73|conf_speed=0.85|bounds
44,1135.0,515.9,centroid,0.30,1133.8,540.0,836.0,10.7,595.5,1058.7,1,302.8,0,0,conf_zoom=0.73|conf_speed=0.85|bounds
45,1135.9,518.4,centroid,0.30,1133.8,540.0,836.5,11.6,594.5,1056.9,1,301.9,0,0,conf_zoom=0.73|conf_speed=0.85|bounds
46,1136.5,521.1,centroid,0.30,1133.7,540.0,836.8,12.2,593.8,1055.6,1,301.2,0,0,conf_zoom=0.73|conf_speed=0.85|bounds
47,1137.0,523.9,centroid,0.30,1133.7,540.0,837.0,12.6,593.3,1054.8,1,300.7,0,0,conf_zoom=0.73|conf_speed=0.85|bounds
48,1137.2,526.8,centroid,0.30,1133.5,540.0,836.9,12.7,593.2,1054.6,1,300.3,0,0,conf_zoom=0.73|conf_speed=0.85|bounds
49,1137.3,530.0,centroid,0.30,1133.4,540.0,836.8,12.7,593.2,1054.5,1,300.1,0,0,conf_zoom=0.73|conf_speed=0.85|bounds
50,1137.1,533.2,centroid,0.30,1133.1,540.0,836.4,12.6,593.3,1054.8,1,300.0,0,0,conf_zoom=0.73|conf_speed=0.85|bounds
51,1136.8,536.6,centroid,0.30,1132.7,540.0,836.0,12.5,593.5,1055.1,1,299.9,0,0,conf_zoom=0.73|conf_speed=0.85|bounds
52,1136.2,540.1,centroid,0.30,1132.2,540.0,835.4,12.4,593.6,1055.3,1,300.0,0,0,conf_zoom=0.73|conf_speed=0.85|bounds
53,1135.4,543.7,centroid,0.30,1131.5,540.0,834.8,12.4,593.5,1055.2,1,300.1,0,0,conf_zoom=0.73|conf_speed=0.85|bounds
54,1134.4,547.4,centroid,0.30,1130.7,540.0,834.0,12.7,593.2,1054.6,1,300.3,0,0,conf_zoom=0.73|conf_speed=0.85|bounds
55,1133.2,551.1,centroid,0.30,1129.5,540.0,833.3,13.3,592.5,1053.3,1,300.3,0,0,conf_zoom=0.73|conf_speed=0.85|bounds
56,1131.7,555.0,centroid,0.30,1128.1,540.0,832.4,14.4,591.3,1051.2,1,300.4,0,0,conf_zoom=0.73|conf_speed=0.85|edge_zoom=0.998|bounds
57,1132.9,557.7,blended,0.67,1126.3,540.0,831.5,15.9,589.6,1048.2,1,297.4,0,0,conf_zoom=0.78|conf_speed=0.88|bounds
58,1127.2,563.1,centroid,0.30,1124.1,540.0,830.5,17.9,587.3,1044.1,1,300.9,0,0,conf_zoom=0.77|conf_speed=0.87|edge_zoom=0.988|bounds
59,1124.3,567.3,centroid,0.30,1121.6,540.0,829.3,20.4,584.5,1039.2,1,301.3,0,0,shot_pb=0.00|conf_zoom=0.76|conf_speed=0.87|edge_zoom=0.985|bounds
60,1121.1,571.5,centroid,0.30,1118.6,540.0,828.0,23.3,581.3,1033.4,1,301.5,0,0,shot_pb=0.00|conf_zoom=0.76|conf_speed=0.87|edge_zoom=0.982|bounds
61,1117.7,575.8,centroid,0.30,1115.2,540.0,826.3,26.4,577.8,1027.3,1,301.5,0,0,shot_pb=0.00|flight_commit=0.00|conf_zoom=0.91|conf_speed=0.95|edge_zoom=0.979|bounds
62,1114.1,580.0,centroid,0.30,1111.3,540.0,824.1,29.5,574.3,1020.9,1,301.2,0,0,shot_pb=0.00|flight_commit=0.03|conf_zoom=0.92|conf_speed=0.95|edge_zoom=0.975|bounds
63,1110.2,584.1,centroid,0.30,1106.9,540.0,821.5,32.6,570.8,1014.8,1,300.7,0,0,shot_pb=0.00|flight_commit=0.06|conf_zoom=0.92|conf_speed=0.96|edge_zoom=0.971|bounds
64,1106.2,588.2,centroid,0.30,1102.0,540.0,818.1,35.4,567.7,1009.2,1,299.8,0,0,shot_pb=0.00|flight_commit=0.08|conf_zoom=0.93|conf_speed=0.96|edge_zoom=0.968|bounds
65,1102.0,592.2,centroid,0.30,1096.5,540.0,814.0,37.7,565.1,1004.7,1,298.5,0,0,shot_pb=0.00|flight_commit=0.10|conf_zoom=0.94|conf_speed=0.96|edge_zoom=0.964|bounds
66,1097.6,596.1,centroid,0.30,1090.5,540.0,808.9,39.3,563.3,1001.4,1,296.9,0,0,shot_pb=0.00|flight_commit=0.12|conf_zoom=0.94|conf_speed=0.97|edge_zoom=0.961|bounds
67,1093.1,599.9,centroid,0.30,1084.0,540.0,802.8,40.1,562.3,999.7,1,294.9,0,0,shot_pb=0.00|flight_commit=0.13|conf_zoom=0.94|conf_speed=0.97|edge_zoom=0.957|bounds
68,1090.8,601.8,centroid,0.25,1076.9,540.0,795.7,40.1,562.4,999.8,1,290.1,0,0,shot_pb=0.00|conf_zoom=0.73|conf_speed=0.85|edge_zoom=0.959|bounds
69,1085.5,605.7,centroid,0.25,1069.1,540.0,787.3,39.0,563.6,1001.9,1,287.6,0,0,shot_pb=0.00|flight_commit=0.08|conf_zoom=0.93|conf_speed=0.96|edge_zoom=0.954|bounds
70,1079.4,609.8,centroid,0.25,1060.7,540.0,777.8,36.9,566.0,1006.1,1,285.3,0,0,shot_pb=0.00|flight_commit=0.18|conf_zoom=0.96|conf_speed=0.98|edge_zoom=0.951|bounds
71,1072.6,614.2,centroid,0.26,1051.7,540.0,767.0,33.8,569.5,1012.5,1,283.1,0,0,flight_commit=0.29|conf_zoom=0.99|person_ctx=3|conf_speed=0.99|edge_zoom=0.949|bounds
72,1065.2,618.9,centroid,0.26,1042.1,540.0,754.9,29.5,574.3,1020.9,1,280.9,0,0,flight_commit=0.41|edge_zoom=0.947|bounds
73,1057.0,623.8,centroid,0.26,1031.8,540.0,741.7,24.3,580.1,1031.4,1,278.8,0,0,flight_commit=0.53|edge_zoom=0.945|bounds
74,1048.2,628.8,centroid,0.27,1020.9,540.0,727.4,18.2,587.0,1043.5,1,276.7,0,0,flight_commit=0.65|edge_zoom=0.942|bounds
75,1038.8,634.1,centroid,0.27,1009.5,540.0,712.2,11.5,594.6,1057.0,1,274.7,0,0,flight_commit=0.78|edge_zoom=0.940|bounds
76,1028.8,639.6,centroid,0.27,997.6,540.0,696.3,4.3,602.6,1071.4,1,272.8,0,0,shot_pb=0.60|flight_commit=0.91|person_ctx=4|edge_zoom=0.939|bounds
77,1018.1,645.2,centroid,0.27,985.4,540.0,680.0,0.0,610.9,1086.0,1,271.3,0,0,shot_pb=0.80|flight_commit=1.00|edge_zoom=0.937|bounds
78,1006.9,650.9,centroid,0.28,972.9,540.0,663.4,0.0,619.0,1100.4,1,270.0,0,0,shot_pb=1.00|flight_commit=1.00|edge_zoom=0.935|bounds
79,995.1,656.8,centroid,0.28,960.3,540.0,647.0,0.0,626.6,1113.9,1,269.2,0,0,shot_pb=1.00|flight_commit=1.00|edge_zoom=0.931|bounds
80,982.8,662.7,centroid,0.28,947.6,540.0,630.9,0.0,633.4,1126.0,1,268.8,0,0,shot_pb=1.00|flight_commit=1.00|edge_zoom=0.928|bounds
81,970.1,668.8,centroid,0.28,935.1,540.0,615.4,0.0,639.3,1136.6,1,269.0,0,0,shot_pb=1.00|flight_commit=1.00|edge_zoom=0.925|bounds
82,956.9,674.8,centroid,0.29,922.7,540.0,600.6,0.0,644.2,1145.3,1,269.8,0,1,shot_pb=1.00|flight_commit=1.00|keepin_prop=0.00|keepin_zoom=1.350|edge_zoom=0.933|bounds
83,943.4,680.9,centroid,0.29,910.8,540.0,586.7,0.0,648.1,1152.2,1,271.4,1,0,shot_pb=1.00|flight_commit=1.00|speed|edge_zoom=0.922|bounds
84,929.6,687.0,centroid,0.29,899.2,540.0,573.7,0.0,651.1,1157.5,1,273.6,0,1,shot_pb=1.00|flight_commit=1.00|keepin_prop=0.00|keepin_zoom=1.350|edge_zoom=0.929|bounds
85,915.6,693.0,centroid,0.29,888.1,540.0,561.5,0.0,653.3,1161.3,1,276.5,1,0,shot_pb=1.00|flight_commit=1.00|speed|edge_zoom=0.922|bounds
86,901.4,698.9,centroid,0.30,877.7,540.0,550.3,0.0,654.8,1164.1,1,280.3,0,1,shot_pb=1.00|flight_commit=1.00|keepin_prop=0.00|keepin_zoom=1.350|edge_zoom=0.925|bounds
87,887.2,704.7,centroid,0.30,867.8,540.0,539.9,0.0,655.9,1166.0,1,284.6,1,0,shot_pb=1.00|flight_commit=1.00|speed|edge_zoom=0.922|bounds
88,873.4,710.1,centroid,0.30,858.7,540.0,530.4,0.0,656.6,1167.2,1,289.3,0,1,shot_pb=1.00|flight_commit=1.00|keepin_prop=0.00|keepin_zoom=1.350|edge_zoom=0.921|bounds
89,859.8,715.3,centroid,0.30,850.4,540.0,521.8,0.0,657.0,1168.0,1,294.6,1,0,shot_pb=1.00|flight_commit=1.00|speed|edge_zoom=0.922|bounds
90,846.2,720.4,centroid,0.30,842.8,540.0,514.1,0.0,657.3,1168.5,1,300.6,1,1,shot_pb=1.00|flight_commit=1.00|keepin_prop=0.01|keepin_zoom=1.350|speed|edge_zoom=0.921|bounds
91,832.8,725.2,centroid,0.30,836.0,540.0,507.3,0.0,657.4,1168.8,1,300.8,1,0,shot_pb=1.00|flight_commit=1.00|speed|edge_zoom=0.922|bounds
92,819.6,730.0,centroid,0.30,830.0,540.0,501.2,0.0,657.5,1168.8,1,293.6,1,1,shot_pb=1.00|flight_commit=1.00|keepin_prop=0.01|keepin_zoom=1.350|speed|edge_zoom=0.920|bounds
93,806.4,734.6,centroid,0.30,824.6,540.0,495.9,0.0,657.5,1168.9,1,285.8,1,0,shot_pb=1.00|flight_commit=1.00|speed|edge_zoom=0.922|bounds
94,793.4,739.0,centroid,0.30,819.9,540.0,491.1,0.0,657.5,1168.9,1,277.5,1,1,shot_pb=1.00|flight_commit=1.00|keepin_prop=0.01|keepin_zoom=1.350|speed|edge_zoom=0.920|bounds
95,780.5,743.4,centroid,0.30,815.6,540.0,486.9,0.0,657.5,1168.9,1,268.9,1,1,shot_pb=1.00|flight_commit=1.00|keepin_prop=0.00|keepin_zoom=1.350|speed|edge_zoom=0.922|bounds
96,767.7,747.7,centroid,0.30,811.7,540.0,482.9,0.0,657.5,1168.9,1,260.0,1,1,shot_pb=1.00|flight_commit=1.00|keepin_prop=0.00|keepin_zoom=1.350|speed|edge_zoom=0.922|bounds
97,755.0,751.9,centroid,0.30,807.8,540.0,479.1,0.0,657.5,1168.9,1,251.2,1,1,shot_pb=1.00|flight_commit=1.00|keepin_prop=0.00|keepin_zoom=1.350|speed|edge_zoom=0.922|bounds
98,742.2,756.0,centroid,0.30,803.9,540.0,475.2,0.0,657.5,1168.9,1,242.3,1,1,shot_pb=1.00|flight_commit=1.00|keepin_prop=0.00|keepin_zoom=1.350|speed|edge_zoom=0.921|bounds
99,729.4,760.1,centroid,0.30,799.8,540.0,471.1,0.0,657.5,1168.9,1,233.6,1,1,shot_pb=1.00|flight_commit=1.00|keepin_prop=0.01|keepin_zoom=1.350|speed|edge_zoom=0.920|bounds
100,716.6,764.2,centroid,0.30,795.3,540.0,466.6,0.0,657.5,1168.9,1,225.3,1,1,shot_pb=1.00|flight_commit=1.00|keepin_prop=0.01|keepin_zoom=1.350|speed|edge_zoom=0.920|bounds
101,703.6,768.3,centroid,0.30,790.3,540.0,461.6,0.0,657.5,1168.9,1,217.3,1,1,shot_pb=1.00|flight_commit=1.00|keepin_prop=0.01|keepin_zoom=1.350|speed|edge_zoom=0.919|bounds
102,690.5,772.5,centroid,0.30,784.8,540.0,456.0,0.0,657.5,1168.9,1,209.7,1,1,shot_pb=1.00|flight_commit=1.00|keepin_prop=0.02|keepin_zoom=1.350|speed|edge_zoom=0.918|bounds
103,677.2,776.6,centroid,0.30,778.5,540.0,449.8,0.0,657.5,1168.9,1,202.7,1,1,shot_pb=1.00|flight_commit=1.00|keepin_prop=0.02|keepin_zoom=1.350|speed|edge_zoom=0.917|bounds
104,663.8,780.8,centroid,0.30,771.6,540.0,442.9,0.0,657.5,1168.9,1,196.2,1,1,shot_pb=1.00|flight_commit=1.00|keepin_prop=0.03|keepin_zoom=1.350|speed|edge_zoom=0.915|bounds
105,650.0,785.1,centroid,0.30,764.1,540.0,435.3,0.0,657.5,1168.9,1,189.9,1,1,shot_pb=1.00|flight_commit=1.00|keepin_prop=0.03|keepin_zoom=1.350|speed|edge_zoom=0.914|bounds
106,636.1,789.4,centroid,0.30,755.9,540.0,427.1,0.0,657.5,1168.9,1,184.2,1,1,shot_pb=1.00|flight_commit=1.00|keepin_prop=0.04|keepin_zoom=1.350|speed|edge_zoom=0.912|bounds
107,621.9,793.8,centroid,0.30,747.1,540.0,418.3,0.0,657.5,1168.9,1,178.8,1,1,shot_pb=1.00|flight_commit=1.00|keepin_prop=0.04|keepin_zoom=1.350|speed|edge_zoom=0.910|bounds
108,607.4,798.3,centroid,0.30,737.7,540.0,409.0,0.0,657.5,1168.9,1,173.7,1,1,shot_pb=1.00|flight_commit=1.00|keepin_prop=0.05|keepin_zoom=1.350|speed|edge_zoom=0.908|bounds
109,592.7,802.8,centroid,0.30,727.9,540.0,399.1,0.0,657.5,1168.9,1,168.8,1,1,shot_pb=1.00|flight_commit=1.00|pb_zfit|keepin_prop=0.06|keepin_zoom=1.350|speed|edge_zoom=0.906|bounds
110,577.8,807.4,centroid,0.30,717.7,540.0,388.9,0.0,657.5,1168.9,1,164.1,1,1,shot_pb=1.00|flight_commit=1.00|pb_zfit|keepin_prop=0.07|keepin_zoom=1.350|speed|edge_zoom=0.904|bounds
111,562.8,812.0,centroid,0.30,707.1,540.0,378.3,0.0,657.5,1168.9,1,159.7,1,1,shot_pb=1.00|flight_commit=1.00|pb_zfit|keepin_prop=0.08|keepin_zoom=1.350|speed|edge_zoom=0.902|bounds
112,547.5,816.6,centroid,0.30,696.2,540.0,367.5,0.0,657.5,1168.9,1,155.3,1,1,shot_pb=1.00|flight_commit=1.00|pb_zfit|keepin_prop=0.09|keepin_zoom=1.350|speed|edge_zoom=0.899|bounds
113,532.2,821.2,centroid,0.30,685.2,540.0,356.4,0.0,657.5,1168.9,1,151.0,1,1,shot_pb=1.00|flight_commit=1.00|pb_zfit|keepin_prop=0.10|keepin_zoom=1.350|speed|edge_zoom=0.896|bounds
114,517.0,825.8,centroid,0.30,673.9,540.0,345.2,0.0,657.5,1168.9,1,147.1,1,1,shot_pb=1.00|flight_commit=1.00|pb_zfit|keepin_prop=0.11|keepin_zoom=1.350|speed|edge_zoom=0.893|bounds
115,501.7,830.3,centroid,0.30,662.6,540.0,333.9,0.0,657.5,1168.9,1,143.1,1,1,shot_pb=1.00|flight_commit=1.00|pb_zfit|keepin_prop=0.12|keepin_zoom=1.350|speed|edge_zoom=0.890|bounds
116,486.6,834.8,centroid,0.30,651.3,540.0,322.5,0.0,657.5,1168.9,1,139.3,1,1,shot_pb=1.00|flight_commit=1.00|pb_zfit|keepin_prop=0.13|keepin_zoom=1.350|speed|edge_zoom=0.887|bounds
117,471.8,839.1,centroid,0.30,640.0,540.0,311.2,0.0,657.5,1168.9,1,135.8,1,1,shot_pb=1.00|flight_commit=1.00|pb_zfit|keepin_prop=0.14|keepin_zoom=1.350|speed|edge_zoom=0.883|bounds
118,457.3,843.3,centroid,0.30,628.8,540.0,300.1,0.0,657.5,1168.9,1,132.5,1,1,shot_pb=1.00|flight_commit=1.00|pb_zfit|keepin_prop=0.16|keepin_zoom=1.350|speed|edge_zoom=0.880|bounds
119,443.1,847.3,centroid,0.30,617.8,540.0,289.1,0.0,657.5,1168.9,1,129.3,1,1,shot_pb=1.00|flight_commit=1.00|pb_zfit|keepin_prop=0.17|keepin_zoom=1.350|speed|edge_zoom=0.877|bounds
120,429.5,851.1,centroid,0.30,607.1,540.0,278.3,0.0,657.5,1168.9,1,126.4,1,1,shot_pb=1.00|flight_commit=1.00|pb_zfit|keepin_prop=0.18|keepin_zoom=1.350|speed|edge_zoom=0.873|bounds
121,416.4,854.6,centroid,0.30,596.6,540.0,267.8,0.0,657.5,1168.9,1,123.8,1,1,shot_pb=1.00|flight_commit=1.00|pb_zfit|keepin_prop=0.19|keepin_zoom=1.350|speed|edge_zoom=0.870|bounds
122,404.0,857.8,centroid,0.30,586.5,540.0,257.8,0.0,657.5,1168.9,1,121.5,1,1,shot_pb=1.00|flight_commit=1.00|pb_zfit|keepin_prop=0.20|keepin_zoom=1.350|speed|edge_zoom=0.867|bounds
123,392.4,860.8,centroid,0.30,576.9,540.0,248.1,0.0,657.5,1168.9,1,119.5,1,1,shot_pb=1.00|flight_commit=1.00|pb_zfit|keepin_prop=0.21|keepin_zoom=1.350|speed|edge_zoom=0.864|bounds
124,381.5,863.4,centroid,0.30,567.7,540.0,238.9,0.0,657.5,1168.9,1,117.8,1,1,shot_pb=1.00|flight_commit=1.00|pb_zfit|keepin_prop=0.22|keepin_zoom=1.350|speed|edge_zoom=0.861|bounds
125,371.5,865.7,centroid,0.30,559.0,540.0,230.3,0.0,657.5,1168.9,1,116.5,1,1,shot_pb=1.00|flight_commit=1.00|pb_zfit|keepin_prop=0.23|keepin_zoom=1.350|speed|edge_zoom=0.859|bounds
126,362.5,867.5,centroid,0.30,551.0,540.0,222.2,0.0,657.5,1168.9,1,115.5,1,1,shot_pb=1.00|flight_commit=1.00|pb_zfit|keepin_prop=0.24|keepin_zoom=1.350|speed|edge_zoom=0.856|bounds
127,354.4,869.0,centroid,0.30,543.5,540.0,214.8,0.0,657.5,1168.9,1,114.9,1,1,shot_pb=1.00|flight_commit=1.00|pb_zfit|keepin_prop=0.25|keepin_zoom=1.350|speed|edge_zoom=0.854|bounds
128,347.3,870.1,centroid,0.30,536.8,540.0,208.0,0.0,657.5,1168.9,1,114.5,1,1,shot_pb=1.00|flight_commit=1.00|pb_zfit|keepin_prop=0.26|keepin_zoom=1.350|speed|edge_zoom=0.853|bounds
129,341.2,870.8,centroid,0.30,530.7,540.0,202.0,0.0,657.5,1168.9,1,114.5,1,1,shot_pb=1.00|flight_commit=1.00|pb_zfit|keepin_prop=0.26|keepin_zoom=1.350|speed|edge_zoom=0.851|bounds
130,336.3,871.1,centroid,0.30,525.4,540.0,196.7,0.0,657.5,1168.9,1,114.9,1,1,shot_pb=1.00|flight_commit=1.00|pb_zfit|keepin_prop=0.27|keepin_zoom=1.350|speed|edge_zoom=0.849|bounds
131,332.4,870.9,centroid,0.30,520.9,540.0,192.1,0.0,657.5,1168.9,1,115.5,1,1,shot_pb=1.00|flight_commit=1.00|pb_zfit|keepin_prop=0.28|keepin_zoom=1.350|speed|edge_zoom=0.847|bounds
132,329.6,870.3,centroid,0.30,517.1,540.0,188.3,0.0,657.5,1168.9,1,116.5,1,1,shot_pb=1.00|flight_commit=1.00|pb_zfit|keepin_prop=0.29|keepin_zoom=1.350|speed|edge_zoom=0.843|bounds
133,327.9,869.3,centroid,0.30,514.1,540.0,185.3,0.0,657.5,1168.9,1,117.8,1,1,shot_pb=1.00|flight_commit=1.00|pb_zfit|keepin_prop=0.32|keepin_zoom=1.350|speed|edge_zoom=0.835|bounds
134,327.3,867.8,centroid,0.30,511.9,540.0,183.1,0.0,657.5,1168.9,1,119.4,1,1,shot_pb=1.00|flight_commit=1.00|pb_zfit|keepin_prop=0.36|keepin_zoom=1.350|speed|edge_zoom=0.825|bounds
135,327.8,865.9,centroid,0.30,510.4,540.0,181.7,0.0,657.5,1168.9,1,121.4,1,1,shot_pb=1.00|flight_commit=1.00|pb_zfit|keepin_prop=0.35|keepin_zoom=1.350|speed|edge_zoom=0.826|bounds
136,329.4,863.5,centroid,0.30,509.8,540.0,181.1,0.0,657.5,1168.9,1,123.6,1,1,shot_pb=1.00|flight_commit=1.00|pb_zfit|keepin_prop=0.33|keepin_zoom=1.350|speed|edge_zoom=0.833|bounds
137,332.1,860.8,centroid,0.30,510.0,540.0,181.2,0.0,657.5,1168.9,1,126.1,1,1,shot_pb=1.00|flight_commit=1.00|pb_zfit|keepin_prop=0.31|keepin_zoom=1.350|speed|edge_zoom=0.839|bounds
138,335.9,857.6,centroid,0.30,510.9,540.0,182.1,0.0,657.5,1168.9,1,129.0,1,1,shot_pb=1.00|flight_commit=1.00|pb_zfit|keepin_prop=0.29|keepin_zoom=1.350|speed|edge_zoom=0.844|bounds
139,340.6,854.0,centroid,0.30,512.6,540.0,183.8,0.0,657.5,1168.9,1,132.0,1,1,shot_pb=1.00|flight_commit=1.00|pb_zfit|keepin_prop=0.27|keepin_zoom=1.350|speed|edge_zoom=0.850|bounds
140,346.4,850.0,centroid,0.30,515.0,540.0,186.2,0.0,657.5,1168.9,1,135.4,1,1,shot_pb=1.00|flight_commit=1.00|pb_zfit|keepin_prop=0.25|keepin_zoom=1.350|speed|edge_zoom=0.855|bounds
141,353.2,845.6,centroid,0.30,518.1,540.0,189.3,0.0,657.5,1168.9,1,139.1,1,1,shot_pb=1.00|flight_commit=1.00|pb_zfit|keepin_prop=0.23|keepin_zoom=1.350|speed|edge_zoom=0.860|bounds
142,360.9,840.8,centroid,0.30,522.0,540.0,193.2,0.0,657.5,1168.9,1,142.9,1,1,shot_pb=1.00|flight_commit=1.00|pb_zfit|keepin_prop=0.21|keepin_zoom=1.350|speed|edge_zoom=0.865|bounds
143,369.6,835.7,centroid,0.30,526.5,540.0,197.8,0.0,657.5,1168.9,1,147.1,1,1,shot_pb=1.00|flight_commit=1.00|pb_zfit|keepin_prop=0.19|keepin_zoom=1.350|speed|edge_zoom=0.870|bounds
144,379.2,830.1,centroid,0.30,531.8,540.0,203.1,0.0,657.5,1168.9,1,151.4,1,1,shot_pb=1.00|flight_commit=1.00|pb_zfit|keepin_prop=0.17|keepin_zoom=1.350|speed|edge_zoom=0.875|bounds
145,389.6,824.1,centroid,0.30,537.9,540.0,209.1,0.0,657.5,1168.9,1,155.7,1,1,shot_pb=1.00|flight_commit=1.00|pb_zfit|keepin_prop=0.16|keepin_zoom=1.350|speed|edge_zoom=0.880|bounds
146,400.9,817.8,centroid,0.30,544.7,540.0,216.0,0.0,657.5,1168.9,1,160.2,1,1,shot_pb=1.00|flight_commit=1.00|pb_zfit|keepin_prop=0.14|keepin_zoom=1.350|speed|edge_zoom=0.885|bounds
147,413.0,811.1,centroid,0.30,552.4,540.0,223.6,0.0,657.5,1168.9,1,164.6,1,1,shot_pb=1.00|flight_commit=1.00|pb_zfit|keepin_prop=0.12|keepin_zoom=1.350|speed|edge_zoom=0.890|bounds
148,425.8,804.0,centroid,0.30,561.0,540.0,232.2,0.0,657.5,1168.9,1,168.8,1,1,shot_pb=1.00|flight_commit=1.00|pb_zfit|keepin_prop=0.10|keepin_zoom=1.350|speed|edge_zoom=0.895|bounds
149,439.4,796.5,centroid,0.30,570.5,540.0,241.8,0.0,657.5,1168.9,1,172.9,1,1,shot_pb=1.00|flight_commit=1.00|pb_zfit|keepin_prop=0.08|keepin_zoom=1.350|speed|edge_zoom=0.899|bounds
150,453.6,788.5,centroid,0.30,581.2,540.0,252.4,0.0,657.5,1168.9,1,176.4,1,1,shot_pb=1.00|flight_commit=1.00|pb_zfit|keepin_prop=0.07|keepin_zoom=1.350|speed|edge_zoom=0.904|bounds
151,468.5,780.2,centroid,0.30,593.0,540.0,264.3,0.0,657.5,1168.9,1,179.5,1,1,shot_pb=1.00|flight_commit=1.00|pb_zfit|keepin_prop=0.05|keepin_zoom=1.350|speed|edge_zoom=0.908|bounds
152,483.9,771.4,centroid,0.30,606.1,540.0,277.4,0.0,657.5,1168.8,1,181.8,1,1,shot_pb=1.00|flight_commit=1.00|pb_zfit|keepin_prop=0.04|keepin_zoom=1.350|speed|edge_zoom=0.912|bounds
153,499.9,762.0,centroid,0.30,620.5,540.0,291.7,0.0,657.4,1168.7,1,183.4,1,1,accel_zoom=0.944|shot_pb=1.00|flight_commit=1.00|pb_zfit|keepin_prop=0.03|keepin_zoom=1.350|speed|edge_zoom=0.915|bounds
154,516.3,752.2,centroid,0.30,636.1,540.0,307.4,0.0,657.4,1168.7,1,184.2,1,1,accel_zoom=0.942|shot_pb=1.00|flight_commit=1.00|pb_zfit|keepin_prop=0.02|keepin_zoom=1.350|speed|edge_zoom=0.918|bounds
155,533.2,741.8,centroid,0.30,653.1,540.0,324.4,0.0,657.3,1168.6,1,184.1,1,1,accel_zoom=0.941|shot_pb=1.00|flight_commit=1.00|person_ctx=4|pb_zfit|keepin_prop=0.01|keepin_zoom=1.350|speed|edge_zoom=0.919|bounds
156,550.5,730.7,centroid,0.30,671.2,540.0,342.6,0.0,657.3,1168.5,1,183.3,1,1,accel_zoom=0.940|shot_pb=1.00|flight_commit=1.00|pb_zfit|keepin_prop=0.00|keepin_zoom=1.350|speed|edge_zoom=0.918|bounds
157,568.0,718.9,centroid,0.30,690.3,540.0,361.7,0.0,657.2,1168.3,1,181.7,0,1,accel_zoom=0.939|shot_pb=1.00|flight_commit=1.00|keepin_prop=0.00|keepin_zoom=1.350|edge_zoom=0.919|bounds
158,585.8,706.3,centroid,0.30,710.2,540.0,381.6,0.0,657.1,1168.2,1,179.6,0,0,accel_zoom=0.938|shot_pb=1.00|flight_commit=1.00|person_ctx=4|edge_zoom=0.939|bounds
159,603.7,692.8,centroid,0.30,730.6,540.0,402.1,0.0,657.1,1168.1,1,177.1,0,0,accel_zoom=0.938|shot_pb=1.00|flight_commit=1.00|person_ctx=4|edge_zoom=0.944|bounds
160,621.8,678.2,centroid,0.30,751.3,540.0,422.8,0.0,657.0,1168.0,1,174.5,0,0,accel_zoom=0.938|shot_pb=1.00|flight_commit=1.00|edge_zoom=0.950|bounds
161,639.8,662.5,centroid,0.30,772.0,540.0,443.5,0.0,657.0,1168.0,1,171.8,0,0,accel_zoom=0.938|shot_pb=1.00|flight_commit=1.00|edge_zoom=0.955|bounds
162,655.7,626.7,yolo,0.28,792.4,540.0,463.9,0.0,657.0,1168.0,1,167.3,0,0,shot_pb=1.00|flight_commit=1.00|edge_zoom=0.990|bounds
163,674.2,613.9,interp,0.50,812.4,540.0,483.9,0.0,657.0,1168.0,1,165.8,0,0,accel_zoom=0.939|shot_pb=1.00|flight_commit=1.00|edge_zoom=0.968|bounds
164,693.0,603.9,interp,0.50,831.8,540.0,503.3,0.0,657.0,1168.0,1,165.2,0,0,accel_zoom=0.939|shot_pb=1.00|flight_commit=1.00|edge_zoom=0.969|bounds
165,712.1,596.4,interp,0.50,850.7,540.0,522.1,0.0,657.1,1168.1,1,165.4,0,1,accel_zoom=0.939|shot_pb=1.00|flight_commit=1.00|keepin_prop=0.01|keepin_zoom=1.350|edge_zoom=0.957|bounds
166,731.3,591.1,interp,0.50,868.8,540.0,540.3,0.0,657.1,1168.2,1,166.5,0,0,accel_zoom=0.939|shot_pb=1.00|flight_commit=1.00|edge_zoom=0.967|bounds
167,750.7,587.6,interp,0.50,886.4,540.0,557.8,0.0,657.2,1168.3,1,168.3,0,1,accel_zoom=0.939|shot_pb=1.00|flight_commit=1.00|keepin_prop=0.00|keepin_zoom=1.350|edge_zoom=0.960|bounds
168,770.1,585.8,interp,0.50,903.5,540.0,574.9,0.0,657.3,1168.5,1,170.6,0,0,accel_zoom=0.938|shot_pb=1.00|flight_commit=1.00|edge_zoom=0.964|bounds
169,789.6,585.4,interp,0.50,920.2,540.0,591.6,0.0,657.3,1168.6,1,173.4,0,1,accel_zoom=0.938|shot_pb=1.00|flight_commit=1.00|keepin_prop=0.00|keepin_zoom=1.350|edge_zoom=0.961|bounds
170,809.0,586.2,interp,0.50,936.6,540.0,607.9,0.0,657.4,1168.7,1,176.4,0,0,accel_zoom=0.938|shot_pb=1.00|flight_commit=1.00|edge_zoom=0.960|bounds
171,828.5,588.1,interp,0.50,952.8,540.0,624.1,0.0,657.4,1168.7,1,179.7,0,1,accel_zoom=0.938|shot_pb=1.00|flight_commit=1.00|keepin_prop=0.00|keepin_zoom=1.350|edge_zoom=0.960|bounds
172,847.8,591.0,interp,0.50,968.8,540.0,640.1,0.0,657.5,1168.8,1,183.0,0,0,accel_zoom=0.938|shot_pb=1.00|flight_commit=1.00|edge_zoom=0.955|bounds
173,867.1,594.6,interp,0.50,984.7,540.0,655.9,0.0,657.5,1168.9,1,186.4,0,1,accel_zoom=0.938|shot_pb=1.00|flight_commit=1.00|keepin_prop=0.00|keepin_zoom=1.350|edge_zoom=0.958|bounds
174,886.2,598.9,interp,0.50,1000.4,540.0,671.7,0.0,657.5,1168.9,1,189.8,0,0,accel_zoom=0.938|shot_pb=1.00|flight_commit=1.00|edge_zoom=0.951|bounds
175,905.2,603.8,interp,0.50,1016.0,540.0,687.2,0.0,657.5,1168.9,1,193.2,0,0,accel_zoom=0.938|shot_pb=1.00|flight_commit=1.00|edge_zoom=0.948|bounds
176,924.1,609.2,interp,0.50,1031.4,540.0,702.6,0.0,657.5,1168.9,1,196.7,0,1,accel_zoom=0.938|shot_pb=1.00|flight_commit=1.00|person_ctx=4|keepin_prop=0.02|keepin_zoom=1.350|edge_zoom=0.952|bounds
177,942.8,615.0,interp,0.50,1046.5,540.0,717.7,0.0,657.5,1168.9,1,200.3,0,0,accel_zoom=0.938|shot_pb=1.00|flight_commit=1.00|edge_zoom=0.944|bounds
178,961.3,621.2,interp,0.50,1061.3,540.0,732.6,0.0,657.5,1168.9,1,204.0,0,0,shot_pb=1.00|flight_commit=1.00|edge_zoom=0.943|bounds
179,979.6,627.6,interp,0.50,1075.8,540.0,747.0,0.0,657.5,1168.9,1,207.8,0,0,shot_pb=1.00|flight_commit=1.00|edge_zoom=0.942|bounds
180,997.6,634.3,interp,0.50,1089.8,540.0,761.0,0.0,657.5,1168.9,1,211.8,0,0,shot_pb=1.00|flight_commit=1.00|person_ctx=4|edge_zoom=0.940|bounds
181,1015.5,641.2,interp,0.50,1103.4,540.0,774.6,0.0,657.5,1168.9,1,216.1,0,0,shot_pb=1.00|flight_commit=1.00|edge_zoom=0.938|bounds
182,1033.2,648.3,interp,0.50,1116.5,540.0,787.7,0.0,657.5,1168.9,1,220.7,0,0,shot_pb=1.00|flight_commit=1.00|person_ctx=4|edge_zoom=0.936|bounds
183,1050.6,655.4,interp,0.50,1129.0,540.0,800.3,0.0,657.5,1168.9,1,225.6,0,0,shot_pb=1.00|flight_commit=1.00|person_ctx=4|edge_zoom=0.934|bounds
184,1067.7,662.7,interp,0.50,1141.0,540.0,812.3,0.0,657.5,1168.9,1,230.7,0,0,shot_pb=1.00|flight_commit=1.00|person_ctx=4|edge_zoom=0.931|bounds
185,1084.7,670.0,interp,0.50,1152.4,540.0,823.7,0.0,657.5,1168.9,1,236.3,0,0,shot_pb=1.00|flight_commit=1.00|person_ctx=4|edge_zoom=0.928|bounds
186,1101.3,677.3,interp,0.50,1163.2,540.0,834.4,0.0,657.5,1168.9,1,242.1,0,0,shot_pb=1.00|flight_commit=1.00|person_ctx=3|edge_zoom=0.924|bounds
187,1117.8,684.6,interp,0.50,1173.3,540.0,844.5,0.0,657.5,1168.9,1,248.5,0,0,shot_pb=1.00|flight_commit=1.00|person_ctx=3|edge_zoom=0.921|bounds
188,1133.9,692.0,interp,0.50,1182.7,540.0,853.9,0.0,657.5,1168.9,1,255.2,0,1,shot_pb=1.00|flight_commit=1.00|person_ctx=3|keepin_prop=0.00|keepin_zoom=1.350|edge_zoom=0.928|bounds
189,1149.8,699.3,interp,0.50,1191.3,540.0,862.6,0.0,657.5,1168.9,1,262.5,1,0,shot_pb=1.00|flight_commit=1.00|person_ctx=3|speed|edge_zoom=0.921|bounds
190,1165.5,706.5,interp,0.50,1199.2,540.0,870.4,0.0,657.5,1168.9,1,270.3,0,1,shot_pb=1.00|flight_commit=1.00|person_ctx=3|keepin_prop=0.00|keepin_zoom=1.350|edge_zoom=0.923|bounds
191,1180.8,713.8,interp,0.50,1206.3,540.0,877.6,0.0,657.5,1168.9,1,278.5,1,0,shot_pb=1.00|flight_commit=1.00|person_ctx=3|speed|edge_zoom=0.921|bounds
192,1195.9,720.9,interp,0.50,1212.7,540.0,883.9,0.0,657.5,1168.9,1,287.2,1,1,shot_pb=1.00|flight_commit=1.00|keepin_prop=0.00|keepin_zoom=1.350|speed|edge_zoom=0.921|bounds
193,1210.7,728.0,interp,0.50,1218.4,540.0,889.7,0.0,657.5,1168.9,1,296.3,1,0,shot_pb=1.00|flight_commit=1.00|speed|edge_zoom=0.921|bounds
194,1225.3,735.0,interp,0.50,1223.6,540.0,894.8,0.0,657.5,1168.9,1,302.3,1,1,shot_pb=1.00|flight_commit=1.00|keepin_prop=0.00|keepin_zoom=1.350|speed|edge_zoom=0.921|bounds
195,1239.5,741.9,interp,0.50,1228.3,540.0,899.5,0.0,657.5,1168.9,1,292.8,1,1,shot_pb=1.00|flight_commit=1.00|keepin_prop=0.00|keepin_zoom=1.350|speed|edge_zoom=0.921|bounds
196,1253.5,748.7,interp,0.50,1232.7,540.0,903.9,0.0,657.5,1168.9,1,283.2,1,1,shot_pb=1.00|flight_commit=1.00|keepin_prop=0.00|keepin_zoom=1.350|speed|edge_zoom=0.921|bounds
197,1267.2,755.4,interp,0.50,1237.0,540.0,908.2,0.0,657.5,1168.9,1,273.8,1,1,shot_pb=1.00|flight_commit=1.00|keepin_prop=0.00|keepin_zoom=1.350|speed|edge_zoom=0.921|bounds
198,1280.6,762.0,interp,0.50,1241.2,540.0,912.4,0.0,657.5,1168.9,1,264.6,1,1,shot_pb=1.00|flight_commit=1.00|keepin_prop=0.01|keepin_zoom=1.350|speed|edge_zoom=0.921|bounds
199,1293.7,768.5,interp,0.50,1245.6,540.0,916.8,0.0,657.5,1168.9,1,255.9,1,1,shot_pb=1.00|flight_commit=1.00|keepin_prop=0.01|keepin_zoom=1.350|speed|edge_zoom=0.920|bounds
200,1306.6,774.9,interp,0.50,1250.3,540.0,921.5,0.0,657.5,1168.9,1,247.7,1,1,shot_pb=1.00|flight_commit=1.00|keepin_prop=0.02|keepin_zoom=1.350|speed|edge_zoom=0.918|bounds
201,1319.1,781.1,interp,0.50,1255.3,540.0,926.5,0.0,657.5,1168.9,1,240.2,1,1,shot_pb=1.00|flight_commit=1.00|keepin_prop=0.02|keepin_zoom=1.350|speed|edge_zoom=0.916|bounds
202,1331.4,787.2,interp,0.50,1260.7,540.0,931.9,0.0,657.5,1168.9,1,233.3,1,1,shot_pb=1.00|flight_commit=1.00|keepin_prop=0.03|keepin_zoom=1.350|speed|edge_zoom=0.914|bounds
203,1343.3,793.2,interp,0.50,1266.5,540.0,937.7,0.0,657.5,1168.9,1,227.2,1,1,shot_pb=1.00|flight_commit=1.00|keepin_prop=0.04|keepin_zoom=1.350|speed|edge_zoom=0.912|bounds
204,1355.0,799.1,interp,0.50,1272.7,540.0,944.0,0.0,657.5,1168.9,1,221.7,1,1,shot_pb=1.00|flight_commit=1.00|keepin_prop=0.05|keepin_zoom=1.350|speed|edge_zoom=0.910|bounds
205,1366.4,804.8,interp,0.50,1279.3,540.0,950.6,0.0,657.5,1168.9,1,216.9,1,1,shot_pb=1.00|flight_commit=1.00|keepin_prop=0.05|keepin_zoom=1.350|speed|edge_zoom=0.907|bounds
206,1377.4,810.3,interp,0.50,1286.3,540.0,957.5,0.0,657.5,1168.9,1,212.9,1,1,shot_pb=1.00|flight_commit=1.00|keepin_prop=0.06|keepin_zoom=1.350|speed|edge_zoom=0.905|bounds
207,1388.1,815.8,interp,0.50,1293.5,540.0,964.7,0.0,657.5,1168.9,1,209.4,1,1,shot_pb=1.00|flight_commit=1.00|keepin_prop=0.08|keepin_zoom=1.350|speed|edge_zoom=0.902|bounds
208,1398.6,821.1,interp,0.50,1300.9,540.0,972.2,0.0,657.5,1168.9,1,206.3,1,1,shot_pb=1.00|flight_commit=1.00|keepin_prop=0.09|keepin_zoom=1.350|speed|edge_zoom=0.899|bounds
209,1408.7,826.2,interp,0.50,1308.5,540.0,979.7,0.0,657.5,1168.9,1,203.8,1,1,shot_pb=1.00|flight_commit=1.00|keepin_prop=0.10|keepin_zoom=1.350|speed|edge_zoom=0.895|bounds
210,1418.5,831.2,interp,0.50,1316.0,540.0,987.3,0.0,657.5,1168.9,1,201.5,1,1,shot_pb=1.00|flight_commit=1.00|keepin_prop=0.11|keepin_zoom=1.350|speed|edge_zoom=0.892|bounds
211,1428.0,836.0,interp,0.50,1323.6,540.0,994.9,0.0,657.5,1168.9,1,199.6,1,1,shot_pb=1.00|flight_commit=1.00|keepin_prop=0.12|keepin_zoom=1.350|speed|edge_zoom=0.889|bounds
212,1437.1,840.7,interp,0.50,1331.2,540.0,1002.4,0.0,657.5,1168.9,1,198.1,1,1,shot_pb=1.00|flight_commit=1.00|keepin_prop=0.14|keepin_zoom=1.350|speed|edge_zoom=0.885|bounds
213,1445.9,845.2,interp,0.50,1338.6,540.0,1009.8,0.0,657.5,1168.9,1,196.7,1,1,shot_pb=1.00|flight_commit=1.00|keepin_prop=0.15|keepin_zoom=1.350|speed|edge_zoom=0.882|bounds
214,1454.4,849.6,interp,0.50,1345.8,540.0,1017.0,0.0,657.5,1168.9,1,195.4,1,1,shot_pb=1.00|flight_commit=1.00|keepin_prop=0.16|keepin_zoom=1.350|speed|edge_zoom=0.879|bounds
215,1462.5,853.8,interp,0.50,1352.8,540.0,1024.1,0.0,657.5,1168.9,1,194.3,1,1,shot_pb=1.00|flight_commit=1.00|keepin_prop=0.17|keepin_zoom=1.350|speed|edge_zoom=0.875|bounds
216,1470.2,857.8,interp,0.50,1359.6,540.0,1030.8,0.0,657.5,1168.9,1,193.4,1,1,shot_pb=1.00|flight_commit=1.00|keepin_prop=0.19|keepin_zoom=1.350|speed|edge_zoom=0.872|bounds
217,1477.6,861.7,interp,0.50,1366.1,540.0,1037.4,0.0,657.5,1168.9,1,192.5,1,1,shot_pb=1.00|flight_commit=1.00|keepin_prop=0.20|keepin_zoom=1.350|speed|edge_zoom=0.868|bounds
218,1484.6,865.3,interp,0.50,1372.4,540.0,1043.6,0.0,657.5,1168.9,1,191.8,1,1,shot_pb=1.00|flight_commit=1.00|keepin_prop=0.21|keepin_zoom=1.350|speed|edge_zoom=0.865|bounds
219,1491.1,868.8,interp,0.50,1378.3,540.0,1049.5,0.0,657.5,1168.9,1,191.2,1,1,shot_pb=1.00|flight_commit=1.00|keepin_prop=0.22|keepin_zoom=1.350|speed|edge_zoom=0.862|bounds
220,1497.3,872.1,interp,0.50,1383.8,540.0,1055.0,0.0,657.5,1168.9,1,190.5,1,1,shot_pb=1.00|flight_commit=1.00|keepin_prop=0.23|keepin_zoom=1.350|speed|edge_zoom=0.859|bounds
221,1503.0,875.2,interp,0.50,1389.0,540.0,1060.2,0.0,657.5,1168.9,1,190.0,1,1,shot_pb=1.00|flight_commit=1.00|keepin_prop=0.24|keepin_zoom=1.350|speed|edge_zoom=0.856|bounds
222,1508.3,878.1,interp,0.50,1393.8,540.0,1065.0,0.0,657.5,1168.9,1,189.5,1,1,shot_pb=1.00|flight_commit=1.00|keepin_prop=0.25|keepin_zoom=1.350|speed|edge_zoom=0.853|bounds
223,1513.1,880.8,interp,0.50,1398.2,540.0,1069.4,0.0,657.5,1168.9,1,189.1,1,1,shot_pb=1.00|flight_commit=1.00|keepin_prop=0.26|keepin_zoom=1.350|speed|edge_zoom=0.850|bounds
224,1517.4,883.3,interp,0.50,1402.1,540.0,1073.4,0.0,657.5,1168.9,1,188.7,1,1,shot_pb=1.00|flight_commit=1.00|keepin_prop=0.27|keepin_zoom=1.350|speed|edge_zoom=0.848|bounds
225,1521.2,885.5,interp,0.50,1405.6,540.0,1076.9,0.0,657.5,1168.9,1,188.4,1,1,shot_pb=1.00|flight_commit=1.00|keepin_prop=0.28|keepin_zoom=1.350|speed|edge_zoom=0.846|bounds
226,1524.3,887.5,interp,0.50,1408.7,540.0,1079.9,0.0,657.5,1168.9,1,188.4,1,1,shot_pb=1.00|flight_commit=1.00|keepin_prop=0.29|keepin_zoom=1.350|speed|edge_zoom=0.844|bounds
227,1526.9,889.2,interp,0.50,1411.1,540.0,1082.4,0.0,657.5,1168.9,1,188.2,1,1,shot_pb=1.00|flight_commit=1.00|keepin_prop=0.29|keepin_zoom=1.350|speed|edge_zoom=0.843|bounds
228,1528.9,890.7,interp,0.50,1413.1,540.0,1084.3,0.0,657.5,1168.9,1,188.2,1,1,shot_pb=1.00|flight_commit=1.00|keepin_prop=0.29|keepin_zoom=1.350|speed|edge_zoom=0.843|bounds
229,1530.1,891.8,interp,0.50,1414.4,540.0,1085.7,0.0,657.5,1168.9,1,188.3,1,1,shot_pb=1.00|flight_commit=1.00|keepin_prop=0.29|keepin_zoom=1.350|speed|edge_zoom=0.844|bounds
230,1530.6,892.7,interp,0.50,1415.2,540.0,1086.4,0.0,657.5,1168.9,1,188.6,1,1,shot_pb=1.00|flight_commit=1.00|keepin_prop=0.27|keepin_zoom=1.350|speed|edge_zoom=0.848|bounds
231,1530.2,893.2,interp,0.50,1415.2,540.0,1086.5,0.0,657.5,1168.9,1,189.0,1,1,shot_pb=1.00|flight_commit=1.00|keepin_prop=0.28|keepin_zoom=1.350|speed|edge_zoom=0.846|bounds
232,1528.9,893.3,interp,0.50,1414.6,540.0,1085.8,0.0,657.5,1168.9,1,189.7,1,1,shot_pb=1.00|flight_commit=1.00|keepin_prop=0.36|keepin_zoom=1.350|speed|edge_zoom=0.826|bounds
233,1526.7,893.1,interp,0.50,1413.1,540.0,1084.4,0.0,657.5,1168.9,1,190.4,1,1,shot_pb=1.00|flight_commit=1.00|keepin_prop=0.38|keepin_zoom=1.350|speed|edge_zoom=0.819|bounds
234,1523.4,892.4,interp,0.50,1410.8,540.0,1082.1,0.0,657.5,1168.9,1,191.4,1,1,shot_pb=1.00|flight_commit=1.00|keepin_prop=0.39|keepin_zoom=1.350|speed|edge_zoom=0.817|bounds
235,1518.9,891.3,interp,0.50,1407.6,540.0,1078.9,0.0,657.5,1168.9,1,192.7,1,1,shot_pb=1.00|flight_commit=1.00|keepin_prop=0.39|keepin_zoom=1.350|speed|edge_zoom=0.817|bounds
236,1513.1,889.6,interp,0.50,1403.5,540.0,1074.7,0.0,657.5,1168.9,1,194.4,1,1,shot_pb=1.00|flight_commit=1.00|keepin_prop=0.38|keepin_zoom=1.350|speed|edge_zoom=0.818|bounds
237,1505.9,887.4,interp,0.50,1398.2,540.0,1069.4,0.0,657.5,1168.9,1,196.3,1,1,shot_pb=1.00|flight_commit=1.00|keepin_prop=0.37|keepin_zoom=1.350|speed|edge_zoom=0.820|bounds
238,1497.1,884.6,interp,0.50,1391.7,540.0,1063.0,0.0,657.5,1168.9,1,198.6,1,1,shot_pb=1.00|flight_commit=1.00|keepin_prop=0.36|keepin_zoom=1.350|speed|edge_zoom=0.823|bounds
239,1486.4,881.1,interp,0.50,1383.9,540.0,1055.2,0.0,657.5,1168.9,1,201.5,1,1,shot_pb=1.00|flight_commit=1.00|keepin_prop=0.35|keepin_zoom=1.350|speed|edge_zoom=0.827|bounds
240,1473.8,876.9,interp,0.50,1374.7,540.0,1046.0,0.0,657.5,1168.9,1,204.9,1,1,shot_pb=1.00|flight_commit=1.00|keepin_prop=0.33|keepin_zoom=1.350|speed|edge_zoom=0.832|bounds
241,1459.0,871.8,interp,0.50,1363.9,540.0,1035.1,0.0,657.5,1168.9,1,208.9,1,1,shot_pb=1.00|flight_commit=1.00|keepin_prop=0.31|keepin_zoom=1.350|speed|edge_zoom=0.838|bounds
242,1441.7,865.8,interp,0.50,1351.2,540.0,1022.4,0.0,657.5,1168.9,1,213.5,1,1,accel_zoom=0.943|shot_pb=1.00|flight_commit=1.00|keepin_prop=0.29|keepin_zoom=1.350|speed|edge_zoom=0.844|bounds
243,1421.6,858.8,interp,0.50,1336.5,540.0,1007.8,0.0,657.5,1168.9,1,218.9,1,1,accel_zoom=0.934|shot_pb=1.00|flight_commit=1.00|keepin_prop=0.26|keepin_zoom=1.350|speed|edge_zoom=0.852|bounds
244,1398.4,850.6,interp,0.50,1319.6,540.0,990.9,0.0,657.5,1168.9,1,225.2,1,1,accel_zoom=0.924|shot_pb=1.00|flight_commit=1.00|keepin_prop=0.23|keepin_zoom=1.350|speed|edge_zoom=0.860|bounds
245,1368.9,841.3,blended,0.76,1300.3,540.0,971.5,0.0,657.5,1168.9,1,235.4,1,1,accel_zoom=0.907|shot_pb=1.00|flight_commit=1.00|keepin_prop=0.19|keepin_zoom=1.350|speed|edge_zoom=0.869|bounds
246,1338.8,829.0,interp,0.38,1278.2,540.0,949.4,0.0,657.5,1168.9,1,243.4,1,1,accel_zoom=0.900|shot_pb=1.00|flight_commit=1.00|keepin_prop=0.16|keepin_zoom=1.350|speed|edge_zoom=0.878|bounds
247,1302.2,815.6,interp,0.38,1253.3,540.0,924.5,0.0,657.5,1168.9,1,255.1,1,1,accel_zoom=0.886|shot_pb=1.00|flight_commit=1.00|keepin_prop=0.12|keepin_zoom=1.350|speed|edge_zoom=0.889|bounds
248,1262.2,800.9,interp,0.38,1225.3,540.0,896.5,0.0,657.5,1168.9,1,267.1,1,1,accel_zoom=0.883|shot_pb=1.00|flight_commit=1.00|keepin_prop=0.09|keepin_zoom=1.350|flight_boost=1.00|speed|edge_zoom=0.899|bounds
249,1218.9,785.1,interp,0.38,1194.3,540.0,865.5,0.0,657.5,1168.9,1,279.4,1,1,accel_zoom=0.883|shot_pb=1.00|flight_commit=1.00|keepin_prop=0.06|keepin_zoom=1.350|flight_boost=1.08|speed|edge_zoom=0.907|bounds
250,1172.4,768.2,interp,0.38,1160.2,540.0,831.4,0.0,657.5,1168.9,1,291.8,1,1,accel_zoom=0.883|shot_pb=1.00|flight_commit=1.00|keepin_prop=0.03|keepin_zoom=1.350|flight_boost=1.16|speed|edge_zoom=0.902|bounds
251,1122.7,750.2,interp,0.38,1123.2,540.0,794.4,0.0,657.5,1168.9,1,303.5,0,1,shot_pb=1.00|flight_commit=1.00|keepin_prop=0.01|keepin_zoom=1.350|flight_boost=1.25|edge_zoom=0.907|bounds
252,1069.5,731.4,blended,0.79,1083.6,540.0,754.8,0.0,657.5,1168.9,1,289.9,0,1,shot_pb=1.00|flight_commit=1.00|keepin_prop=0.00|keepin_zoom=1.350|flight_boost=1.32|edge_zoom=0.915|bounds
253,1003.0,706.9,blended,0.80,1041.8,540.0,713.1,0.0,657.5,1168.9,1,265.2,0,0,accel_zoom=0.901|shot_pb=1.00|flight_commit=1.00|flight_boost=1.43|edge_zoom=0.933|bounds
254,939.9,684.2,yolo,0.28,998.4,540.0,669.7,0.0,657.5,1168.9,1,245.5,0,0,accel_zoom=0.894|shot_pb=1.00|flight_commit=1.00|flight_boost=1.51|edge_zoom=0.940|bounds
255,880.5,663.2,yolo,0.35,954.0,540.0,625.2,0.0,657.5,1168.9,1,230.5,0,0,accel_zoom=0.884|shot_pb=1.00|flight_commit=1.00|flight_boost=1.57|edge_zoom=0.946|bounds
256,824.9,644.0,yolo,0.33,909.2,540.0,580.4,0.0,657.5,1168.9,1,219.7,0,0,accel_zoom=0.880|shot_pb=1.00|flight_commit=1.00|flight_boost=1.61|edge_zoom=0.952|bounds
257,773.2,626.5,yolo,0.30,864.8,540.0,536.0,0.0,657.5,1168.9,1,212.4,0,0,accel_zoom=0.879|shot_pb=1.00|flight_commit=1.00|flight_boost=1.62|edge_zoom=0.957|bounds
258,725.2,610.6,yolo,0.32,821.5,540.0,492.7,0.0,657.5,1168.9,1,207.7,0,0,accel_zoom=0.879|shot_pb=1.00|flight_commit=1.00|flight_boost=1.61|edge_zoom=0.962|bounds
259,680.9,596.2,yolo,0.33,780.0,540.0,451.2,0.0,657.5,1168.9,1,204.9,0,0,accel_zoom=0.879|shot_pb=1.00|flight_commit=1.00|flight_boost=1.59|edge_zoom=0.967|bounds
260,639.0,582.8,interp,0.32,740.8,540.0,412.0,0.0,657.5,1168.9,1,202.2,0,0,accel_zoom=0.879|shot_pb=1.00|flight_commit=1.00|flight_boost=1.51|edge_zoom=0.971|bounds
261,600.2,570.5,interp,0.32,704.5,540.0,375.8,0.0,657.5,1168.9,1,199.7,0,0,accel_zoom=0.879|shot_pb=1.00|flight_commit=1.00|flight_boost=1.43|edge_zoom=0.975|bounds
262,564.4,559.2,interp,0.32,671.6,540.0,342.8,0.0,657.5,1168.9,1,196.8,0,0,accel_zoom=0.879|shot_pb=1.00|flight_commit=1.00|flight_boost=1.36|edge_zoom=0.978|bounds
263,531.7,549.0,interp,0.32,642.3,540.0,313.5,0.0,657.5,1168.9,1,193.4,0,0,accel_zoom=0.879|shot_pb=1.00|flight_commit=1.00|pb_zfit|flight_boost=1.29|edge_zoom=0.981|bounds
264,502.1,539.8,interp,0.32,616.9,540.0,288.1,0.0,657.5,1168.9,1,189.2,0,1,accel_zoom=0.879|shot_pb=1.00|flight_commit=1.00|pb_zfit|keepin_prop=0.00|keepin_zoom=1.350|flight_boost=1.22|edge_zoom=0.976|bounds
265,475.6,531.5,interp,0.32,595.6,540.0,266.9,0.0,657.5,1168.9,1,184.0,0,0,accel_zoom=0.879|shot_pb=1.00|flight_commit=1.00|pb_zfit|flight_boost=1.15|edge_zoom=0.987|bounds
266,452.3,524.3,interp,0.32,578.5,540.0,249.8,0.0,657.5,1168.9,1,177.8,0,0,accel_zoom=0.879|shot_pb=1.00|flight_commit=1.00|pb_zfit|flight_boost=1.09|edge_zoom=0.989|bounds
267,432.2,518.0,interp,0.32,565.7,540.0,237.0,0.0,657.5,1168.9,1,170.5,0,1,accel_zoom=0.879|shot_pb=1.00|flight_commit=1.00|pb_zfit|keepin_prop=0.01|keepin_zoom=1.350|flight_boost=1.02|edge_zoom=0.982|bounds
268,415.4,512.7,interp,0.32,557.1,540.0,228.4,0.0,657.5,1168.9,1,162.3,0,0,shot_pb=1.00|flight_commit=1.00|pb_zfit|edge_zoom=0.993|bounds
269,401.9,508.4,interp,0.32,552.6,540.0,223.8,0.0,657.5,1168.9,1,153.3,0,1,shot_pb=1.00|flight_commit=1.00|pb_zfit|keepin_prop=0.01|keepin_zoom=1.350|edge_zoom=0.985|bounds
270,392.0,505.0,interp,0.32,551.9,540.0,223.1,0.0,657.5,1168.9,1,144.1,0,0,shot_pb=1.00|flight_commit=1.00|pb_zfit|edge_zoom=0.996|bounds
271,385.7,502.7,interp,0.32,554.7,540.0,226.0,0.0,657.5,1168.9,1,135.0,0,1,shot_pb=1.00|flight_commit=1.00|pb_zfit|keepin_prop=0.02|keepin_zoom=1.350|edge_zoom=0.987|bounds
272,383.2,501.4,interp,0.32,560.6,540.0,231.9,0.0,657.5,1168.9,1,126.6,0,0,shot_pb=1.00|flight_commit=1.00|pb_zfit|bounds
273,384.7,501.2,interp,0.32,569.1,540.0,240.3,0.0,657.5,1168.9,1,119.6,1,0,shot_pb=1.00|flight_commit=1.00|pb_zfit|speed|edge_zoom=0.992|bounds
274,390.5,502.1,interp,0.32,579.5,540.0,250.8,0.0,657.5,1168.9,1,115.0,0,0,shot_pb=1.00|flight_commit=1.00|pb_zfit|edge_zoom=0.983|bounds
275,424.5,510.1,yolo,0.46,591.3,540.0,262.6,0.0,657.5,1168.9,1,137.2,0,0,accel_zoom=0.878|shot_pb=1.00|flight_commit=1.00|pb_zfit|edge_zoom=0.979|bounds
276,434.7,512.3,yolo,0.43,603.9,540.0,275.1,0.0,657.5,1168.9,1,134.8,0,0,shot_pb=1.00|flight_commit=1.00|pb_zfit|edge_zoom=0.979|bounds
277,444.0,514.2,interp,0.38,616.7,540.0,287.9,0.0,657.5,1168.9,1,131.3,0,1,shot_pb=1.00|flight_commit=1.00|pb_zfit|keepin_prop=0.01|keepin_zoom=1.350|edge_zoom=0.983|bounds
278,452.5,516.1,interp,0.38,629.1,540.0,300.4,0.0,657.5,1168.9,1,127.4,0,0,shot_pb=1.00|flight_commit=1.00|pb_zfit|edge_zoom=0.977|bounds
279,460.2,517.8,interp,0.38,641.0,540.0,312.2,0.0,657.5,1168.9,1,123.2,0,1,shot_pb=1.00|flight_commit=1.00|pb_zfit|keepin_prop=0.03|keepin_zoom=1.350|edge_zoom=0.982|bounds
280,467.3,519.3,yolo,0.38,652.0,540.0,323.2,0.0,657.5,1168.9,1,119.3,0,0,shot_pb=1.00|flight_commit=1.00|person_ctx=4|pb_zfit|edge_zoom=0.976|bounds
281,474.2,520.9,yolo,0.35,661.9,540.0,333.1,0.0,657.5,1168.9,1,116.3,0,1,shot_pb=1.00|flight_commit=1.00|pb_zfit|keepin_prop=0.04|keepin_zoom=1.350|edge_zoom=0.980|bounds
282,480.1,522.3,interp,0.38,670.7,540.0,341.9,0.0,657.5,1168.9,1,113.4,0,1,shot_pb=1.00|flight_commit=1.00|pb_zfit|keepin_prop=0.00|keepin_zoom=1.350|edge_zoom=0.981|bounds
283,485.5,523.6,interp,0.38,678.5,540.0,349.7,0.0,657.5,1168.9,1,111.0,0,0,shot_pb=1.00|flight_commit=1.00|pb_zfit|edge_zoom=0.974|bounds
284,490.4,524.9,interp,0.38,685.3,540.0,356.5,0.0,657.5,1168.9,1,109.1,0,1,shot_pb=1.00|flight_commit=1.00|pb_zfit|keepin_prop=0.02|keepin_zoom=1.350|edge_zoom=0.980|bounds
285,494.9,526.1,interp,0.38,691.2,540.0,362.5,0.0,657.5,1168.9,1,107.7,0,0,shot_pb=1.00|flight_commit=1.00|person_ctx=4|pb_zfit|edge_zoom=0.973|bounds
286,499.0,527.3,interp,0.38,696.5,540.0,367.7,0.0,657.5,1168.9,1,106.5,0,1,shot_pb=1.00|flight_commit=1.00|pb_zfit|keepin_prop=0.05|keepin_zoom=1.350|edge_zoom=0.978|bounds
287,502.8,528.5,interp,0.38,701.0,540.0,372.3,0.0,657.5,1168.9,1,105.8,0,1,shot_pb=1.00|flight_commit=1.00|pb_zfit|keepin_prop=0.00|keepin_zoom=1.350|edge_zoom=0.979|bounds
288,506.2,529.8,yolo,0.31,705.1,540.0,376.3,0.0,657.5,1168.9,1,105.1,0,0,shot_pb=1.00|flight_commit=1.00|person_ctx=4|pb_zfit|edge_zoom=0.969|bounds
289,509.7,531.1,yolo,0.29,708.7,540.0,379.9,0.0,657.5,1168.9,1,105.0,0,1,shot_pb=1.00|flight_commit=1.00|person_ctx=4|pb_zfit|keepin_prop=0.02|keepin_zoom=1.350|edge_zoom=0.978|bounds
290,512.5,532.4,interp,0.38,711.8,540.0,383.1,0.0,657.5,1168.9,1,104.7,0,0,shot_pb=1.00|flight_commit=1.00|person_ctx=4|pb_zfit|edge_zoom=0.966|bounds
291,515.0,533.8,yolo,0.31,714.7,540.0,385.9,0.0,657.5,1168.9,1,104.3,0,1,shot_pb=1.00|flight_commit=1.00|person_ctx=4|pb_zfit|keepin_prop=0.03|keepin_zoom=1.350|edge_zoom=0.976|bounds
292,517.2,535.3,yolo,0.31,717.1,540.0,388.4,0.0,657.5,1168.9,1,104.1,0,0,shot_pb=1.00|flight_commit=1.00|person_ctx=4|pb_zfit|edge_zoom=0.961|bounds
293,518.9,536.9,yolo,0.32,719.3,540.0,390.6,0.0,657.5,1168.9,1,103.6,0,1,shot_pb=1.00|flight_commit=1.00|person_ctx=4|pb_zfit|keepin_prop=0.02|keepin_zoom=1.350|edge_zoom=0.976|bounds
294,520.3,538.4,yolo,0.33,721.3,540.0,392.5,0.0,657.5,1168.9,1,103.0,0,0,shot_pb=1.00|flight_commit=1.00|person_ctx=4|pb_zfit|edge_zoom=0.956|bounds
295,521.5,539.9,interp,0.38,723.0,540.0,394.2,0.0,657.5,1168.9,1,102.5,0,1,shot_pb=1.00|flight_commit=1.00|pb_zfit|keepin_prop=0.00|keepin_zoom=1.350|edge_zoom=0.976|bounds
296,522.5,541.4,yolo,0.40,724.5,540.0,395.7,0.0,657.5,1168.9,1,102.0,0,0,shot_pb=1.00|flight_commit=1.00|person_ctx=4|pb_zfit|edge_zoom=0.952|bounds
297,523.3,542.9,yolo,0.37,725.8,540.0,397.0,0.0,657.5,1168.9,1,101.5,0,0,shot_pb=1.00|flight_commit=1.00|pb_zfit|edge_zoom=0.951|bounds
298,523.8,544.5,yolo,0.34,727.0,540.0,398.3,0.0,657.5,1168.9,1,100.8,0,0,shot_pb=1.00|flight_commit=1.00|pb_zfit|edge_zoom=0.947|bounds
299,524.3,546.2,yolo,0.32,728.2,540.0,399.5,0.0,657.5,1168.9,1,100.1,0,0,shot_pb=1.00|flight_commit=1.00|pb_zfit|edge_zoom=0.947|bounds
300,524.9,547.9,yolo,0.35,729.4,540.0,400.7,0.0,657.5,1168.9,1,99.5,0,0,shot_pb=1.00|flight_commit=1.00|pb_zfit|edge_zoom=0.947|bounds
301,525.6,549.5,yolo,0.33,730.7,540.0,402.0,0.0,657.5,1168.8,1,98.9,0,0,shot_pb=1.00|flight_commit=1.00|pb_zfit|edge_zoom=0.947|bounds
302,526.5,551.2,yolo,0.32,732.1,540.0,403.4,0.0,657.4,1168.8,1,98.4,0,0,shot_pb=1.00|flight_commit=1.00|pb_zfit|edge_zoom=0.947|bounds
303,527.9,552.9,interp,0.38,733.7,540.0,405.0,0.0,657.4,1168.7,1,98.2,0,1,shot_pb=1.00|flight_commit=1.00|pb_zfit|keepin_prop=0.00|keepin_zoom=1.350|edge_zoom=0.972|bounds
304,529.7,554.6,interp,0.38,735.6,540.0,407.0,0.0,657.3,1168.5,1,98.1,0,0,shot_pb=1.00|flight_commit=1.00|pb_zfit|edge_zoom=0.951|bounds
305,531.9,556.4,yolo,0.31,737.9,540.0,409.3,0.0,657.2,1168.3,1,98.0,0,1,shot_pb=1.00|flight_commit=1.00|pb_zfit|keepin_prop=0.01|keepin_zoom=1.350|edge_zoom=0.970|bounds
306,534.4,558.4,yolo,0.36,740.6,540.0,412.1,0.0,657.0,1168.0,1,97.8,0,0,shot_pb=1.00|flight_commit=1.00|pb_zfit|edge_zoom=0.952|bounds
307,537.6,560.5,yolo,0.35,743.9,540.0,415.5,0.0,656.8,1167.7,1,97.7,0,1,shot_pb=1.00|flight_commit=1.00|pb_zfit|keepin_prop=0.02|keepin_zoom=1.350|edge_zoom=0.968|bounds
308,542.8,562.5,interp,0.38,747.8,540.0,419.5,0.0,656.6,1167.3,1,99.0,0,0,shot_pb=1.00|flight_commit=1.00|pb_zfit|edge_zoom=0.958|bounds
309,548.8,564.8,interp,0.38,752.4,540.0,424.3,0.0,656.3,1166.8,1,100.4,0,1,shot_pb=1.00|flight_commit=1.00|pb_zfit|keepin_prop=0.05|keepin_zoom=1.350|edge_zoom=0.965|bounds
310,555.8,567.3,interp,0.38,757.9,540.0,429.9,0.0,656.0,1166.3,1,101.9,0,1,shot_pb=1.00|flight_commit=1.00|pb_zfit|keepin_prop=0.00|keepin_zoom=1.350|edge_zoom=0.967|bounds
311,563.6,570.2,yolo,0.34,764.4,540.0,436.5,0.0,655.8,1165.8,1,103.2,0,0,shot_pb=1.00|flight_commit=1.00|pb_zfit|edge_zoom=0.956|bounds
312,574.5,573.1,yolo,0.34,771.9,540.0,444.2,0.0,655.5,1165.3,1,106.6,0,1,shot_pb=1.00|flight_commit=1.00|pb_zfit|keepin_prop=0.01|keepin_zoom=1.350|edge_zoom=0.964|bounds
313,582.4,577.1,yolo,0.34,780.6,540.0,453.0,0.0,655.3,1164.9,1,105.8,0,0,shot_pb=1.00|flight_commit=1.00|pb_zfit|edge_zoom=0.951|bounds
314,589.2,582.0,yolo,0.35,790.6,540.0,463.1,0.0,655.1,1164.6,1,102.6,0,1,shot_pb=1.00|flight_commit=1.00|pb_zfit|keepin_prop=0.01|keepin_zoom=1.350|edge_zoom=0.962|bounds
315,597.9,587.3,yolo,0.33,802.1,540.0,474.5,0.0,655.0,1164.5,1,99.8,0,0,shot_pb=1.00|flight_commit=1.00|edge_zoom=0.946|bounds
316,609.4,593.1,yolo,0.38,814.9,540.0,487.4,0.0,655.0,1164.5,1,98.5,0,1,shot_pb=1.00|flight_commit=1.00|keepin_prop=0.01|keepin_zoom=1.350|edge_zoom=0.958|bounds
317,624.0,599.3,yolo,0.35,829.2,540.0,501.7,0.0,655.1,1164.7,1,98.8,0,0,shot_pb=1.00|flight_commit=1.00|edge_zoom=0.946|bounds
318,641.9,606.1,yolo,0.42,845.0,540.0,517.3,0.0,655.3,1165.0,1,100.9,0,1,accel_zoom=0.942|shot_pb=1.00|flight_commit=1.00|keepin_prop=0.00|keepin_zoom=1.350|edge_zoom=0.954|bounds
319,663.4,613.6,yolo,0.48,862.0,540.0,534.3,0.0,655.5,1165.4,1,105.4,0,0,accel_zoom=0.931|shot_pb=1.00|flight_commit=1.00|edge_zoom=0.943|bounds
320,688.8,621.9,yolo,0.46,880.3,540.0,552.4,0.0,655.8,1165.9,1,112.5,0,0,accel_zoom=0.919|shot_pb=1.00|flight_commit=1.00|edge_zoom=0.941|bounds
321,718.6,631.2,yolo,0.43,899.6,540.0,571.6,0.0,656.1,1166.4,1,123.0,0,1,accel_zoom=0.906|shot_pb=1.00|flight_commit=1.00|keepin_prop=0.00|keepin_zoom=1.350|edge_zoom=0.947|bounds
322,781.4,648.7,centroid,0.22,919.6,540.0,591.4,0.0,656.4,1166.9,1,165.8,0,0,accel_zoom=0.825|shot_pb=1.00|flight_commit=1.00|edge_zoom=0.934|bounds
323,815.3,658.6,centroid,0.23,940.1,540.0,611.8,0.0,656.7,1167.4,1,179.2,0,0,accel_zoom=0.825|shot_pb=1.00|flight_commit=1.00|flight_boost=1.02|edge_zoom=0.930|bounds
324,847.3,667.9,centroid,0.23,960.7,540.0,632.3,0.0,656.9,1167.8,1,190.6,0,0,accel_zoom=0.825|shot_pb=1.00|flight_commit=1.00|flight_boost=1.07|edge_zoom=0.927|bounds
325,877.8,676.8,centroid,0.23,981.1,540.0,652.6,0.0,657.1,1168.1,1,200.7,0,0,accel_zoom=0.825|shot_pb=1.00|flight_commit=1.00|flight_boost=1.11|edge_zoom=0.925|bounds
326,906.8,685.3,centroid,0.23,1001.0,540.0,672.3,0.0,657.2,1168.4,1,209.8,0,1,accel_zoom=0.825|shot_pb=1.00|flight_commit=1.00|keepin_prop=0.01|keepin_zoom=1.350|flight_boost=1.13|edge_zoom=0.929|bounds
327,934.4,693.4,centroid,0.24,1020.0,540.0,691.3,0.0,657.3,1168.6,1,218.4,0,0,shot_pb=1.00|flight_commit=1.00|flight_boost=1.14|edge_zoom=0.919|bounds
328,960.8,701.3,centroid,0.24,1037.9,540.0,709.2,0.0,657.4,1168.7,1,226.9,0,0,shot_pb=1.00|flight_commit=1.00|flight_boost=1.13|edge_zoom=0.917|bounds
329,986.1,708.9,centroid,0.24,1054.6,540.0,725.8,0.0,657.5,1168.8,1,235.5,0,1,shot_pb=1.00|flight_commit=1.00|keepin_prop=0.00|keepin_zoom=1.350|flight_boost=1.02|edge_zoom=0.922|bounds
330,1010.3,716.2,centroid,0.24,1069.8,540.0,741.0,0.0,657.5,1168.9,1,244.5,1,0,shot_pb=1.00|flight_commit=1.00|speed|edge_zoom=0.914|bounds
331,1033.5,723.4,centroid,0.25,1083.5,540.0,754.7,0.0,657.5,1168.9,1,254.0,1,0,shot_pb=1.00|conf_zoom=0.70|conf_speed=0.83|speed|edge_zoom=0.929|bounds
332,1055.7,730.3,centroid,0.25,1095.7,540.0,766.9,0.0,657.5,1168.9,1,264.0,1,1,shot_pb=1.00|conf_zoom=0.69|keepin_prop=0.01|keepin_zoom=1.350|conf_speed=0.83|speed|edge_zoom=0.930|bounds
333,1076.9,737.1,centroid,0.25,1106.4,540.0,777.7,0.0,657.5,1168.9,1,274.5,1,0,shot_pb=1.00|conf_zoom=0.69|conf_speed=0.83|speed|edge_zoom=0.930|bounds
334,1097.1,743.6,centroid,0.25,1115.9,540.0,787.1,0.0,657.5,1168.9,1,285.2,1,1,shot_pb=1.00|conf_zoom=0.69|keepin_prop=0.00|keepin_zoom=1.350|conf_speed=0.83|speed|edge_zoom=0.931|bounds
335,1116.4,750.0,centroid,0.26,1124.2,540.0,795.4,0.0,657.5,1168.9,1,296.2,1,1,shot_pb=1.00|conf_zoom=0.69|keepin_prop=0.00|keepin_zoom=1.350|conf_speed=0.83|speed|edge_zoom=0.931|bounds
336,1134.8,756.1,centroid,0.26,1131.5,540.0,802.7,0.0,657.5,1168.9,1,300.7,1,1,shot_pb=1.00|conf_zoom=0.69|keepin_prop=0.00|keepin_zoom=1.350|conf_speed=0.83|speed|edge_zoom=0.931|bounds
337,1152.1,762.0,centroid,0.26,1138.1,540.0,809.3,0.0,657.5,1168.9,1,290.0,1,1,shot_pb=1.00|conf_zoom=0.69|keepin_prop=0.01|keepin_zoom=1.350|conf_speed=0.83|speed|edge_zoom=0.932|bounds
338,1168.5,767.7,centroid,0.27,1144.2,540.0,815.4,0.0,657.5,1168.9,1,279.7,1,1,shot_pb=1.00|conf_zoom=0.69|person_ctx=4|keepin_prop=0.01|keepin_zoom=1.350|conf_speed=0.83|speed|edge_zoom=0.932|bounds
339,1183.8,773.0,centroid,0.27,1149.8,540.0,821.1,0.0,657.5,1168.9,1,270.0,1,1,shot_pb=1.00|conf_zoom=0.69|person_ctx=4|keepin_prop=0.02|keepin_zoom=1.350|conf_speed=0.83|speed|edge_zoom=0.932|bounds
340,1197.9,778.1,centroid,0.27,1155.2,540.0,826.5,0.0,657.5,1168.9,1,261.3,1,1,shot_pb=1.00|conf_zoom=0.69|keepin_prop=0.02|keepin_zoom=1.350|speed|edge_zoom=0.916|bounds
341,1211.0,782.8,centroid,0.27,1160.5,540.0,831.7,0.0,657.5,1168.9,1,253.5,1,1,shot_pb=1.00|conf_zoom=0.69|keepin_prop=0.03|keepin_zoom=1.350|speed|edge_zoom=0.915|bounds
342,1222.8,787.2,centroid,0.28,1165.6,540.0,836.8,0.0,657.5,1168.9,1,246.8,1,1,shot_pb=1.00|conf_zoom=0.70|keepin_prop=0.03|keepin_zoom=1.350|speed|edge_zoom=0.914|bounds
343,1233.3,791.1,centroid,0.28,1170.6,540.0,841.8,0.0,657.5,1168.9,1,241.3,1,1,shot_pb=1.00|conf_zoom=0.70|keepin_prop=0.04|keepin_zoom=1.350|speed|edge_zoom=0.912|bounds
344,1242.4,794.6,centroid,0.28,1175.3,540.0,846.5,0.0,657.5,1168.9,1,236.9,1,1,shot_pb=1.00|flight_commit=1.00|keepin_prop=0.04|keepin_zoom=1.350|speed|edge_zoom=0.911|bounds
345,1250.1,797.6,centroid,0.28,1179.8,540.0,851.0,0.0,657.5,1168.9,1,233.7,1,1,shot_pb=1.00|flight_commit=1.00|keepin_prop=0.05|keepin_zoom=1.350|speed|edge_zoom=0.910|bounds
346,1256.3,800.0,centroid,0.29,1183.8,540.0,855.0,0.0,657.5,1168.9,1,231.5,1,1,shot_pb=1.00|flight_commit=1.00|keepin_prop=0.05|keepin_zoom=1.350|speed|edge_zoom=0.909|bounds
347,1260.8,801.9,centroid,0.29,1187.3,540.0,858.5,0.0,657.5,1168.9,1,230.5,1,1,shot_pb=1.00|flight_commit=1.00|keepin_prop=0.05|keepin_zoom=1.350|speed|edge_zoom=0.908|bounds
348,1263.5,803.1,centroid,0.29,1190.1,540.0,861.4,0.0,657.5,1168.9,1,230.6,1,1,shot_pb=1.00|flight_commit=1.00|keepin_prop=0.05|keepin_zoom=1.350|speed|edge_zoom=0.908|bounds
349,1264.4,803.7,centroid,0.29,1192.1,540.0,863.4,0.0,657.5,1168.9,1,231.7,1,1,shot_pb=1.00|flight_commit=1.00|keepin_prop=0.05|keepin_zoom=1.350|speed|edge_zoom=0.909|bounds
350,1263.4,803.5,centroid,0.30,1193.2,540.0,864.4,0.0,657.5,1168.9,1,233.8,1,1,shot_pb=1.00|flight_commit=1.00|keepin_prop=0.08|keepin_zoom=1.350|speed|edge_zoom=0.900|bounds
351,1260.2,802.7,centroid,0.30,1193.2,540.0,864.4,0.0,657.5,1168.9,1,237.0,1,1,shot_pb=1.00|flight_commit=1.00|keepin_prop=0.09|keepin_zoom=1.350|speed|edge_zoom=0.899|bounds
352,1253.8,800.8,centroid,0.30,1192.0,540.0,863.2,0.0,657.5,1168.9,1,242.2,1,1,shot_pb=1.00|flight_commit=1.00|keepin_prop=0.08|keepin_zoom=1.350|speed|edge_zoom=0.900|bounds
353,1245.4,798.1,centroid,0.30,1189.4,540.0,860.7,0.0,657.5,1168.9,1,248.0,1,1,shot_pb=1.00|flight_commit=1.00|keepin_prop=0.08|keepin_zoom=1.350|speed|edge_zoom=0.901|bounds
354,1235.0,794.8,centroid,0.30,1185.4,540.0,856.7,0.0,657.5,1168.9,1,254.4,1,1,shot_pb=1.00|flight_commit=1.00|keepin_prop=0.07|keepin_zoom=1.350|speed|edge_zoom=0.903|bounds
355,1222.8,790.8,centroid,0.30,1179.8,540.0,851.0,0.0,657.5,1168.9,1,261.0,1,1,shot_pb=1.00|flight_commit=1.00|keepin_prop=0.06|keepin_zoom=1.350|speed|edge_zoom=0.905|bounds
356,1208.8,786.3,centroid,0.30,1172.4,540.0,843.7,0.0,657.5,1168.9,1,267.6,1,1,shot_pb=1.00|flight_commit=1.00|person_ctx=4|keepin_prop=0.06|keepin_zoom=1.350|speed|edge_zoom=0.907|bounds
357,1193.1,781.2,centroid,0.30,1163.1,540.0,834.3,0.0,657.5,1168.9,1,274.0,1,1,shot_pb=1.00|flight_commit=1.00|person_ctx=4|keepin_prop=0.05|keepin_zoom=1.350|speed|edge_zoom=0.909|bounds
358,1175.7,775.6,centroid,0.30,1151.7,540.0,822.9,0.0,657.5,1168.9,1,280.0,1,1,shot_pb=1.00|flight_commit=1.00|person_ctx=4|keepin_prop=0.04|keepin_zoom=1.350|speed|edge_zoom=0.912|bounds
359,1156.7,769.5,centroid,0.30,1138.0,540.0,809.3,0.0,657.5,1168.9,1,285.3,1,1,shot_pb=1.00|flight_commit=1.00|person_ctx=4|keepin_prop=0.03|keepin_zoom=1.350|speed|edge_zoom=0.914|bounds
360,1136.1,763.0,centroid,0.30,1122.0,540.0,793.2,0.0,657.5,1168.9,1,289.9,1,1,shot_pb=1.00|flight_commit=1.00|person_ctx=4|keepin_prop=0.02|keepin_zoom=1.350|speed|edge_zoom=0.916|bounds
361,1114.0,756.1,centroid,0.30,1103.3,540.0,774.6,0.0,657.5,1168.9,1,293.3,1,1,shot_pb=1.00|flight_commit=1.00|person_ctx=4|keepin_prop=0.02|keepin_zoom=1.350|speed|edge_zoom=0.918|bounds
362,1090.2,748.9,centroid,0.30,1082.1,540.0,753.3,0.0,657.5,1168.9,1,295.9,1,1,shot_pb=1.00|flight_commit=1.00|person_ctx=4|keepin_prop=0.01|keepin_zoom=1.350|speed|edge_zoom=0.920|bounds
363,1064.9,741.3,centroid,0.30,1058.2,540.0,729.4,0.0,657.5,1168.9,1,297.3,1,1,shot_pb=1.00|flight_commit=1.00|person_ctx=4|keepin_prop=0.00|keepin_zoom=1.350|speed|edge_zoom=0.921|bounds
364,1037.8,733.5,centroid,0.30,1031.8,540.0,703.0,0.0,657.5,1168.9,1,298.0,1,1,shot_pb=1.00|flight_commit=1.00|person_ctx=4|keepin_prop=0.00|keepin_zoom=1.350|speed|edge_zoom=0.922|bounds
365,1008.9,725.4,centroid,0.30,1003.1,540.0,674.3,0.0,657.5,1168.9,1,298.2,1,1,shot_pb=1.00|flight_commit=1.00|person_ctx=3|keepin_prop=0.00|keepin_zoom=1.350|speed|edge_zoom=0.922|bounds
366,978.0,717.1,centroid,0.30,972.4,540.0,643.6,0.0,657.5,1168.9,1,298.4,1,0,shot_pb=1.00|flight_commit=1.00|person_ctx=4|speed|edge_zoom=0.927|bounds
367,945.1,708.6,centroid,0.30,940.0,540.0,611.3,0.0,657.5,1168.9,1,298.9,0,0,accel_zoom=0.939|shot_pb=1.00|flight_commit=1.00|person_ctx=4|edge_zoom=0.929|bounds
368,909.9,699.8,centroid,0.30,906.6,540.0,577.8,0.0,657.5,1168.9,1,300.7,0,0,accel_zoom=0.924|shot_pb=1.00|flight_commit=1.00|flight_boost=1.01|edge_zoom=0.932|bounds
369,872.0,690.9,centroid,0.30,872.5,540.0,543.8,0.0,657.5,1168.9,1,303.5,0,0,accel_zoom=0.908|shot_pb=1.00|flight_commit=1.00|flight_boost=1.05|edge_zoom=0.934|bounds
370,831.3,681.8,centroid,0.30,838.4,540.0,509.7,0.0,657.5,1168.9,1,296.9,0,0,accel_zoom=0.893|shot_pb=1.00|flight_commit=1.00|flight_boost=1.10|edge_zoom=0.937|bounds
371,762.0,667.6,blended,0.66,804.8,540.0,476.1,0.0,657.5,1168.9,1,261.2,0,0,accel_zoom=0.791|shot_pb=1.00|flight_commit=1.00|flight_boost=1.22|edge_zoom=0.941|bounds
372,711.8,657.9,interp,0.38,772.2,540.0,443.4,0.0,657.5,1168.9,1,243.6,0,0,accel_zoom=0.791|shot_pb=1.00|flight_commit=1.00|flight_boost=1.28|edge_zoom=0.944|bounds
373,682.6,652.5,blended,0.70,740.9,540.0,412.1,0.0,657.5,1168.9,1,245.7,0,0,accel_zoom=0.791|shot_pb=1.00|flight_commit=1.00|flight_boost=1.27|edge_zoom=0.945|bounds
374,647.0,646.6,blended,0.73,711.3,540.0,382.5,0.0,657.5,1168.9,1,239.7,0,0,accel_zoom=0.791|shot_pb=1.00|flight_commit=1.00|flight_boost=1.28|edge_zoom=0.947|bounds
375,611.7,641.3,yolo,0.33,683.5,540.0,354.8,0.0,657.5,1168.9,1,232.2,0,1,accel_zoom=0.791|shot_pb=1.00|flight_commit=1.00|keepin_prop=0.00|keepin_zoom=1.350|flight_boost=1.28|edge_zoom=0.943|bounds
376,583.5,637.3,interp,0.38,657.8,540.0,329.0,0.0,657.5,1168.9,1,229.7,0,0,accel_zoom=0.791|shot_pb=1.00|flight_commit=1.00|flight_boost=1.25|edge_zoom=0.949|bounds
377,557.9,634.1,interp,0.38,634.0,540.0,305.2,0.0,657.5,1168.9,1,227.9,0,0,accel_zoom=0.791|shot_pb=1.00|flight_commit=1.00|flight_boost=1.20|edge_zoom=0.949|bounds
378,534.6,631.6,yolo,0.39,612.1,540.0,283.4,0.0,657.5,1168.9,1,226.5,0,1,accel_zoom=0.791|shot_pb=1.00|flight_commit=1.00|pb_zfit|keepin_prop=0.01|keepin_zoom=1.350|flight_boost=1.06|edge_zoom=0.946|bounds
379,512.8,629.9,yolo,0.44,592.1,540.0,263.3,0.0,657.5,1168.9,1,224.7,0,0,accel_zoom=0.791|shot_pb=1.00|flight_commit=1.00|pb_zfit|edge_zoom=0.949|bounds
380,492.8,628.5,yolo,0.47,573.7,540.0,245.0,0.0,657.5,1168.9,1,223.1,0,1,accel_zoom=0.791|shot_pb=1.00|flight_commit=1.00|pb_zfit|keepin_prop=0.00|keepin_zoom=1.350|edge_zoom=0.947|bounds
381,474.2,627.6,yolo,0.49,556.9,540.0,228.1,0.0,657.5,1168.9,1,221.3,0,0,shot_pb=1.00|flight_commit=1.00|pb_zfit|edge_zoom=0.949|bounds
382,457.0,627.0,yolo,0.47,541.4,540.0,212.7,0.0,657.5,1168.9,1,219.6,0,1,shot_pb=1.00|flight_commit=1.00|pb_zfit|keepin_prop=0.00|keepin_zoom=1.350|edge_zoom=0.948|bounds
383,441.0,626.8,yolo,0.46,527.2,540.0,198.4,0.0,657.5,1168.9,1,217.8,0,0,shot_pb=1.00|flight_commit=1.00|pb_zfit|edge_zoom=0.949|bounds
384,426.3,626.8,yolo,0.46,514.1,540.0,185.3,0.0,657.5,1168.9,1,216.2,0,1,shot_pb=1.00|flight_commit=1.00|pb_zfit|keepin_prop=0.00|keepin_zoom=1.350|edge_zoom=0.948|bounds
385,412.6,626.9,yolo,0.50,501.9,540.0,173.1,0.0,657.5,1168.9,1,214.7,0,0,shot_pb=1.00|flight_commit=1.00|pb_zfit|edge_zoom=0.948|bounds
386,399.9,627.3,yolo,0.44,490.7,540.0,161.9,0.0,657.5,1168.9,1,213.2,0,1,shot_pb=1.00|flight_commit=1.00|pb_zfit|keepin_prop=0.01|keepin_zoom=1.350|edge_zoom=0.947|bounds
387,388.0,627.8,yolo,0.51,480.3,540.0,151.5,0.0,657.5,1168.9,1,211.7,0,0,shot_pb=1.00|flight_commit=1.00|pb_zfit|edge_zoom=0.947|bounds
388,376.9,628.4,yolo,0.55,470.6,540.0,141.9,0.0,657.5,1168.9,1,210.3,0,1,shot_pb=1.00|flight_commit=1.00|pb_zfit|keepin_prop=0.02|keepin_zoom=1.350|edge_zoom=0.945|bounds
389,366.7,629.1,yolo,0.57,461.8,540.0,133.0,0.0,657.5,1168.9,1,208.9,0,0,shot_pb=1.00|flight_commit=1.00|pb_zfit|edge_zoom=0.946|bounds
390,357.2,629.8,yolo,0.51,453.5,540.0,124.8,0.0,657.5,1168.9,1,207.7,0,1,shot_pb=1.00|flight_commit=1.00|pb_zfit|keepin_prop=0.03|keepin_zoom=1.350|edge_zoom=0.944|bounds
391,348.4,630.5,interp,0.38,446.0,540.0,117.2,0.0,657.5,1168.9,1,206.4,0,0,shot_pb=1.00|flight_commit=1.00|pb_zfit|edge_zoom=0.945|bounds
392,340.2,631.2,yolo,0.45,438.9,540.0,110.2,0.0,657.5,1168.9,1,205.3,0,1,shot_pb=1.00|flight_commit=1.00|pb_zfit|keepin_prop=0.05|keepin_zoom=1.350|edge_zoom=0.942|bounds
393,332.3,632.0,yolo,0.45,432.4,540.0,103.6,0.0,657.5,1168.9,1,203.9,0,1,shot_pb=1.00|flight_commit=1.00|pb_zfit|keepin_prop=0.00|keepin_zoom=1.350|edge_zoom=0.947|bounds
394,324.9,632.8,yolo,0.46,426.3,540.0,97.5,0.0,657.5,1168.9,1,202.6,0,0,shot_pb=1.00|flight_commit=1.00|pb_zfit|edge_zoom=0.943|bounds
395,318.5,633.4,interp,0.38,420.6,540.0,91.8,0.0,657.5,1168.9,1,201.9,0,1,shot_pb=1.00|flight_commit=1.00|pb_zfit|keepin_prop=0.02|keepin_zoom=1.350|edge_zoom=0.944|bounds
396,312.6,634.1,interp,0.38,415.2,540.0,86.5,0.0,657.5,1168.9,1,201.4,0,0,shot_pb=1.00|flight_commit=1.00|pb_zfit|edge_zoom=0.943|bounds
397,307.0,634.7,interp,0.38,410.2,540.0,81.4,0.0,657.5,1168.9,1,200.8,0,1,shot_pb=1.00|flight_commit=1.00|pb_zfit|keepin_prop=0.05|keepin_zoom=1.350|edge_zoom=0.940|bounds
398,301.6,635.4,interp,0.38,405.3,540.0,76.6,0.0,657.5,1168.9,1,200.3,0,1,shot_pb=1.00|flight_commit=1.00|pb_zfit|keepin_prop=0.00|keepin_zoom=1.350|edge_zoom=0.945|bounds
399,296.5,636.1,interp,0.38,400.7,540.0,72.0,0.0,657.5,1168.9,1,199.8,0,0,shot_pb=1.00|flight_commit=1.00|pb_zfit|edge_zoom=0.941|bounds
400,291.5,636.9,yolo,0.42,396.3,540.0,67.5,0.0,657.5,1168.9,1,199.2,0,1,shot_pb=1.00|flight_commit=1.00|person_ctx=4|pb_zfit|keepin_prop=0.02|keepin_zoom=1.350|edge_zoom=0.942|bounds
401,286.3,637.9,interp,0.38,392.1,540.0,63.3,0.0,657.5,1168.9,1,198.2,0,0,shot_pb=1.00|flight_commit=1.00|pb_zfit|edge_zoom=0.940|bounds
402,281.2,638.9,interp,0.38,388.1,540.0,59.3,0.0,657.5,1168.9,1,197.1,0,1,shot_pb=1.00|flight_commit=1.00|pb_zfit|keepin_prop=0.05|keepin_zoom=1.350|edge_zoom=0.939|bounds
403,276.1,640.0,yolo,0.40,384.3,540.0,55.5,0.0,657.5,1168.9,1,195.8,0,1,shot_pb=1.00|flight_commit=1.00|pb_zfit|keepin_prop=0.00|keepin_zoom=1.350|edge_zoom=0.944|bounds
404,270.4,641.5,yolo,0.38,380.7,540.0,52.0,0.0,657.5,1168.9,1,193.7,0,0,shot_pb=1.00|flight_commit=1.00|pb_zfit|edge_zoom=0.937|bounds
405,265.0,642.9,yolo,0.42,377.4,540.0,48.7,0.0,657.5,1168.9,1,191.6,0,1,shot_pb=1.00|flight_commit=1.00|pb_zfit|keepin_prop=0.02|keepin_zoom=1.350|edge_zoom=0.941|bounds
406,260.1,644.3,yolo,0.45,374.4,540.0,45.7,0.0,657.5,1168.9,1,189.7,0,0,shot_pb=1.00|flight_commit=1.00|pb_zfit|edge_zoom=0.935|bounds
407,256.2,645.5,interp,0.38,371.9,540.0,43.1,0.0,657.5,1168.9,1,188.3,0,1,shot_pb=1.00|flight_commit=1.00|pb_zfit|keepin_prop=0.05|keepin_zoom=1.350|edge_zoom=0.937|bounds
408,252.8,646.7,interp,0.38,369.7,540.0,41.0,0.0,657.5,1168.9,1,187.1,0,1,shot_pb=1.00|flight_commit=1.00|pb_zfit|keepin_prop=0.00|keepin_zoom=1.350|edge_zoom=0.942|bounds
409,249.8,647.8,interp,0.38,368.1,540.0,39.4,0.0,657.5,1168.9,1,185.7,0,0,shot_pb=1.00|flight_commit=1.00|pb_zfit|edge_zoom=0.932|bounds
410,247.2,648.8,interp,0.38,367.2,540.0,38.4,0.0,657.5,1168.9,1,184.0,0,1,shot_pb=1.00|flight_commit=1.00|pb_zfit|keepin_prop=0.02|keepin_zoom=1.350|edge_zoom=0.939|bounds
411,244.9,649.9,interp,0.38,367.0,540.0,38.3,0.0,657.5,1168.9,1,181.9,0,0,shot_pb=1.00|flight_commit=1.00|pb_zfit|edge_zoom=0.929|bounds
412,242.9,650.9,interp,0.38,367.7,540.0,39.0,0.0,657.5,1168.9,1,179.2,0,1,shot_pb=1.00|flight_commit=1.00|pb_zfit|keepin_prop=0.04|keepin_zoom=1.350|edge_zoom=0.936|bounds
413,241.2,651.9,interp,0.38,369.4,540.0,40.6,0.0,657.5,1168.9,1,175.8,0,1,shot_pb=1.00|flight_commit=1.00|pb_zfit|keepin_prop=0.00|keepin_zoom=1.350|edge_zoom=0.940|bounds
414,239.8,652.8,interp,0.38,372.0,540.0,43.3,0.0,657.5,1168.9,1,171.8,0,0,shot_pb=1.00|flight_commit=1.00|pb_zfit|edge_zoom=0.924|bounds
415,238.7,653.7,interp,0.38,375.8,540.0,47.0,0.0,657.5,1168.9,1,166.9,0,1,shot_pb=1.00|flight_commit=1.00|pb_zfit|keepin_prop=0.00|keepin_zoom=1.350|edge_zoom=0.939|bounds
416,237.9,654.6,interp,0.38,380.5,540.0,51.8,0.0,657.5,1168.9,1,161.4,1,0,shot_pb=1.00|flight_commit=1.00|pb_zfit|speed|edge_zoom=0.922|bounds
417,237.4,655.5,interp,0.38,386.3,540.0,57.5,0.0,657.5,1168.9,1,155.1,1,0,shot_pb=1.00|flight_commit=1.00|pb_zfit|speed|edge_zoom=0.922|bounds
418,237.3,656.3,interp,0.38,392.8,540.0,64.1,0.0,657.5,1168.9,1,148.5,1,0,shot_pb=1.00|flight_commit=1.00|pb_zfit|speed|edge_zoom=0.922|bounds
419,237.4,657.1,interp,0.38,400.1,540.0,71.4,0.0,657.5,1168.9,1,141.3,1,0,shot_pb=1.00|flight_commit=1.00|pb_zfit|speed|edge_zoom=0.922|bounds
420,239.2,658.1,blended,0.78,407.9,540.0,79.1,0.0,657.5,1168.9,1,135.3,0,0,shot_pb=1.00|flight_commit=1.00|pb_zfit|edge_zoom=0.925|bounds
421,240.4,658.8,blended,0.78,416.0,540.0,87.2,0.0,657.5,1168.9,1,128.4,0,0,shot_pb=1.00|flight_commit=1.00|person_ctx=4|pb_zfit|edge_zoom=0.924|bounds
422,239.3,659.1,interp,0.38,424.2,540.0,95.4,0.0,657.5,1168.9,1,119.1,0,0,shot_pb=1.00|flight_commit=1.00|person_ctx=4|pb_zfit|edge_zoom=0.932|bounds
423,241.8,659.9,blended,0.78,432.3,540.0,103.5,0.0,657.5,1168.9,1,113.5,0,0,shot_pb=1.00|flight_commit=1.00|person_ctx=4|pb_zfit|edge_zoom=0.929|bounds
424,242.7,660.3,blended,0.78,440.3,540.0,111.5,0.0,657.5,1168.9,1,106.4,0,0,shot_pb=1.00|flight_commit=1.00|person_ctx=4|pb_zfit|edge_zoom=0.919|bounds
425,242.5,660.5,interp,0.38,448.0,540.0,119.2,0.0,657.5,1168.9,1,98.5,0,0,shot_pb=1.00|flight_commit=1.00|person_ctx=4|pb_zfit|edge_zoom=0.923|bounds
426,247.6,661.5,blended,0.76,455.5,540.0,126.7,0.0,657.5,1168.9,1,96.1,0,0,shot_pb=1.00|flight_commit=1.00|person_ctx=4|pb_zfit|edge_zoom=0.931|bounds
427,246.2,661.3,blended,0.79,462.6,540.0,133.9,0.0,657.5,1168.9,1,87.6,0,0,shot_pb=1.00|flight_commit=1.00|person_ctx=4|pb_zfit|edge_zoom=0.942|bounds
428,246.7,661.3,yolo,0.29,469.6,540.0,140.8,0.0,657.5,1168.9,1,81.1,0,0,shot_pb=1.00|flight_commit=1.00|person_ctx=4|pb_zfit|edge_zoom=0.935|bounds
429,248.6,661.5,yolo,0.30,476.3,540.0,147.6,0.0,657.5,1168.9,1,76.3,0,0,shot_pb=1.00|flight_commit=1.00|person_ctx=4|pb_zfit|edge_zoom=0.900|bounds
430,251.0,661.8,yolo,0.29,482.9,540.0,154.2,0.0,657.5,1168.9,1,72.1,0,0,shot_pb=1.00|flight_commit=1.00|person_ctx=4|pb_zfit|edge_zoom=0.867|bounds
431,254.1,662.0,blended,0.80,489.4,540.0,160.7,0.0,657.5,1168.9,1,68.7,0,0,shot_pb=1.00|flight_commit=1.00|person_ctx=4|pb_zfit|edge_zoom=0.869|bounds
432,258.2,662.3,blended,0.79,495.9,540.0,167.2,0.0,657.5,1168.9,1,66.3,0,0,shot_pb=1.00|flight_commit=1.00|pb_zfit|edge_zoom=0.872|bounds
433,262.1,662.3,yolo,0.34,502.4,540.0,173.7,0.0,657.5,1168.9,1,63.7,0,0,shot_pb=1.00|flight_commit=1.00|person_ctx=4|pb_zfit|edge_zoom=0.871|bounds
434,267.2,662.5,yolo,0.38,509.0,540.0,180.2,0.0,657.5,1168.9,1,62.2,0,0,shot_pb=1.00|flight_commit=1.00|person_ctx=4|pb_zfit|edge_zoom=0.875|bounds
435,272.7,662.8,yolo,0.38,515.6,540.0,186.9,0.0,657.5,1168.9,1,61.1,0,0,shot_pb=1.00|flight_commit=1.00|person_ctx=4|pb_zfit|edge_zoom=0.877|bounds
436,279.2,663.1,yolo,0.47,522.4,540.0,193.6,0.0,657.5,1168.9,1,60.8,0,0,shot_pb=1.00|flight_commit=1.00|person_ctx=4|pb_zfit|edge_zoom=0.881|bounds
437,286.4,663.4,interp,0.38,529.3,540.0,200.5,0.0,657.5,1168.9,1,61.1,0,0,shot_pb=1.00|flight_commit=1.00|person_ctx=4|pb_zfit|edge_zoom=0.884|bounds
438,294.3,663.8,yolo,0.51,536.4,540.0,207.6,0.0,657.5,1168.9,1,61.9,0,0,shot_pb=1.00|flight_commit=1.00|person_ctx=4|pb_zfit|edge_zoom=0.887|bounds
439,303.1,664.3,yolo,0.55,543.6,540.0,214.8,0.0,657.5,1168.9,1,63.5,0,0,shot_pb=1.00|flight_commit=1.00|person_ctx=4|pb_zfit|edge_zoom=0.891|bounds
440,312.4,665.0,yolo,0.49,551.0,540.0,222.3,0.0,657.5,1168.9,1,65.4,0,0,shot_pb=1.00|flight_commit=1.00|person_ctx=4|pb_zfit|edge_zoom=0.893|bounds
441,322.0,665.8,yolo,0.58,558.7,540.0,229.9,0.0,657.5,1168.9,1,67.3,0,0,shot_pb=1.00|flight_commit=1.00|person_ctx=4|pb_zfit|edge_zoom=0.896|bounds
442,332.0,666.7,yolo,0.64,566.5,540.0,237.7,0.0,657.5,1168.9,1,69.5,0,1,shot_pb=1.00|flight_commit=1.00|person_ctx=4|pb_zfit|keepin_prop=0.00|keepin_zoom=1.350|edge_zoom=0.936|bounds
443,342.2,667.7,yolo,0.63,574.5,540.0,245.7,0.0,657.5,1168.9,1,71.7,0,0,shot_pb=1.00|flight_commit=1.00|person_ctx=4|pb_zfit|edge_zoom=0.932|bounds
444,352.3,668.7,yolo,0.62,582.6,540.0,253.8,0.0,657.5,1168.9,1,73.7,0,1,shot_pb=1.00|flight_commit=1.00|person_ctx=4|pb_zfit|keepin_prop=0.00|keepin_zoom=1.350|edge_zoom=0.935|bounds
445,362.3,669.6,yolo,0.65,590.8,540.0,262.1,0.0,657.5,1168.9,1,75.5,0,0,shot_pb=1.00|flight_commit=1.00|person_ctx=4|pb_zfit|edge_zoom=0.932|bounds
446,372.4,670.5,yolo,0.69,599.1,540.0,270.4,0.0,657.5,1168.9,1,77.3,0,1,shot_pb=1.00|flight_commit=1.00|person_ctx=4|pb_zfit|keepin_prop=0.01|keepin_zoom=1.350|edge_zoom=0.934|bounds
447,382.4,671.4,yolo,0.71,607.5,540.0,278.7,0.0,657.5,1168.9,1,78.9,0,0,shot_pb=1.00|flight_commit=1.00|person_ctx=4|pb_zfit|edge_zoom=0.932|bounds
448,392.4,672.3,yolo,0.72,615.8,540.0,287.0,0.0,657.5,1168.9,1,80.6,0,1,shot_pb=1.00|flight_commit=1.00|pb_zfit|keepin_prop=0.01|keepin_zoom=1.350|edge_zoom=0.932|bounds
449,402.2,673.1,yolo,0.73,624.0,540.0,295.2,0.0,657.5,1168.9,1,82.2,0,0,shot_pb=1.00|flight_commit=1.00|pb_zfit|edge_zoom=0.931|bounds
450,411.7,674.0,yolo,0.76,632.1,540.0,303.3,0.0,657.5,1168.9,1,83.6,0,1,shot_pb=1.00|flight_commit=1.00|pb_zfit|keepin_prop=0.02|keepin_zoom=1.350|edge_zoom=0.930|bounds
451,421.1,674.7,yolo,0.78,640.0,540.0,311.3,0.0,657.5,1168.9,1,85.1,0,0,shot_pb=1.00|flight_commit=1.00|pb_zfit|edge_zoom=0.931|bounds
452,430.4,675.4,yolo,0.81,647.8,540.0,319.0,0.0,657.5,1168.9,1,86.6,0,1,shot_pb=1.00|flight_commit=1.00|pb_zfit|keepin_prop=0.03|keepin_zoom=1.350|edge_zoom=0.928|bounds
453,439.6,676.0,yolo,0.82,655.4,540.0,326.7,0.0,657.5,1168.9,1,88.2,0,0,shot_pb=1.00|flight_commit=1.00|pb_zfit|edge_zoom=0.931|bounds
454,448.5,676.5,yolo,0.82,662.9,540.0,334.1,0.0,657.5,1168.9,1,89.6,0,1,shot_pb=1.00|flight_commit=1.00|pb_zfit|keepin_prop=0.05|keepin_zoom=1.350|edge_zoom=0.926|bounds
455,457.3,677.1,yolo,0.83,670.2,540.0,341.5,0.0,657.5,1168.9,1,91.1,0,0,shot_pb=1.00|flight_commit=1.00|person_ctx=4|pb_zfit|edge_zoom=0.931|bounds
456,466.1,677.6,yolo,0.83,677.5,540.0,348.7,0.0,657.5,1168.9,1,92.6,0,1,shot_pb=1.00|flight_commit=1.00|pb_zfit|keepin_prop=0.05|keepin_zoom=1.350|edge_zoom=0.925|bounds
457,474.9,678.0,yolo,0.80,684.7,540.0,355.9,0.0,657.5,1168.9,1,94.2,0,1,shot_pb=1.00|flight_commit=1.00|pb_zfit|keepin_prop=0.00|keepin_zoom=1.350|edge_zoom=0.932|bounds
458,483.7,678.3,yolo,0.82,691.9,540.0,363.1,0.0,657.5,1168.8,1,95.8,0,0,shot_pb=1.00|flight_commit=1.00|pb_zfit|edge_zoom=0.931|bounds
459,492.5,678.6,yolo,0.83,699.1,540.0,370.4,0.0,657.4,1168.8,1,97.4,0,1,shot_pb=1.00|flight_commit=1.00|pb_zfit|keepin_prop=0.01|keepin_zoom=1.350|edge_zoom=0.930|bounds
460,501.3,678.8,yolo,0.82,706.4,540.0,377.7,0.0,657.4,1168.7,1,98.9,0,0,shot_pb=1.00|flight_commit=1.00|pb_zfit|edge_zoom=0.931|bounds
461,510.3,679.0,yolo,0.81,713.8,540.0,385.1,0.0,657.3,1168.6,1,100.5,0,1,shot_pb=1.00|flight_commit=1.00|pb_zfit|keepin_prop=0.03|keepin_zoom=1.350|edge_zoom=0.927|bounds
462,519.5,679.2,yolo,0.79,721.4,540.0,392.8,0.0,657.2,1168.4,1,102.1,0,0,shot_pb=1.00|flight_commit=1.00|pb_zfit|edge_zoom=0.931|bounds
463,528.9,679.3,yolo,0.81,729.3,540.0,400.7,0.0,657.1,1168.2,1,103.6,0,1,shot_pb=1.00|flight_commit=1.00|pb_zfit|keepin_prop=0.04|keepin_zoom=1.350|edge_zoom=0.926|bounds
464,538.6,679.3,yolo,0.82,737.5,540.0,409.0,0.0,657.0,1168.0,1,105.1,0,0,shot_pb=1.00|flight_commit=1.00|pb_zfit|edge_zoom=0.932|bounds
465,548.6,679.2,yolo,0.82,746.1,540.0,417.7,0.0,656.9,1167.8,1,106.5,0,1,shot_pb=1.00|person_ctx=4|keepin_prop=0.05|keepin_zoom=1.350|edge_zoom=0.925|bounds
466,559.1,679.0,yolo,0.75,755.3,540.0,426.9,0.0,656.8,1167.6,1,107.8,0,1,shot_pb=1.00|flight_commit=1.00|pb_zfit|keepin_prop=0.00|keepin_zoom=1.350|edge_zoom=0.932|bounds
467,569.9,678.6,interp,0.38,765.1,540.0,436.8,0.0,656.7,1167.4,1,108.8,0,0,shot_pb=1.00|flight_commit=1.00|pb_zfit|edge_zoom=0.933|bounds
468,581.4,678.1,interp,0.38,775.6,540.0,447.3,0.0,656.6,1167.2,1,109.8,0,1,shot_pb=1.00|flight_commit=1.00|pb_zfit|keepin_prop=0.01|keepin_zoom=1.350|edge_zoom=0.930|bounds
469,593.6,677.5,interp,0.38,786.9,540.0,458.7,0.0,656.5,1167.1,1,110.7,0,0,shot_pb=1.00|flight_commit=1.00|pb_zfit|edge_zoom=0.934|bounds
470,606.9,676.8,yolo,0.67,799.1,540.0,470.9,0.0,656.5,1167.1,1,111.8,0,1,shot_pb=1.00|flight_commit=1.00|keepin_prop=0.02|keepin_zoom=1.350|edge_zoom=0.930|bounds
471,621.7,675.9,yolo,0.61,812.3,540.0,484.1,0.0,656.5,1167.1,1,113.4,0,0,shot_pb=1.00|flight_commit=1.00|edge_zoom=0.934|bounds
472,637.6,674.7,interp,0.38,826.5,540.0,498.2,0.0,656.6,1167.2,1,115.1,0,1,shot_pb=1.00|flight_commit=1.00|keepin_prop=0.02|keepin_zoom=1.350|edge_zoom=0.931|bounds
473,655.0,673.4,yolo,0.60,841.7,540.0,513.3,0.0,656.6,1167.4,1,117.3,0,0,accel_zoom=0.945|shot_pb=1.00|flight_commit=1.00|edge_zoom=0.936|bounds
474,674.3,671.8,yolo,0.59,857.8,540.0,529.5,0.0,656.7,1167.6,1,120.5,0,1,accel_zoom=0.938|shot_pb=1.00|flight_commit=1.00|keepin_prop=0.01|keepin_zoom=1.350|edge_zoom=0.933|bounds
475,695.7,669.8,yolo,0.65,875.0,540.0,546.5,0.0,656.9,1167.8,1,124.7,0,0,accel_zoom=0.931|shot_pb=1.00|flight_commit=1.00|edge_zoom=0.937|bounds
476,719.6,667.5,yolo,0.64,892.9,540.0,564.4,0.0,657.0,1168.0,1,130.7,0,0,accel_zoom=0.923|shot_pb=1.00|flight_commit=1.00|edge_zoom=0.938|bounds
477,744.9,664.8,interp,0.38,911.6,540.0,583.1,0.0,657.1,1168.2,1,137.3,0,1,accel_zoom=0.919|shot_pb=1.00|flight_commit=1.00|keepin_prop=0.02|keepin_zoom=1.350|edge_zoom=0.934|bounds
478,771.8,661.8,yolo,0.61,931.0,540.0,602.4,0.0,657.2,1168.4,1,144.8,0,0,accel_zoom=0.914|shot_pb=1.00|flight_commit=1.00|edge_zoom=0.940|bounds
479,801.6,658.3,yolo,0.58,950.7,540.0,622.1,0.0,657.3,1168.5,1,154.9,0,0,accel_zoom=0.905|shot_pb=1.00|flight_commit=1.00|edge_zoom=0.941|bounds
480,832.7,654.5,yolo,0.52,970.7,540.0,642.0,0.0,657.4,1168.7,1,166.0,0,1,accel_zoom=0.901|shot_pb=1.00|flight_commit=1.00|keepin_prop=0.01|keepin_zoom=1.350|edge_zoom=0.939|bounds
481,870.3,648.7,yolo,0.46,990.8,540.0,662.1,0.0,657.4,1168.8,1,183.5,0,0,accel_zoom=0.878|shot_pb=1.00|flight_commit=1.00|edge_zoom=0.946|bounds
482,909.8,642.1,yolo,0.42,1010.7,540.0,682.0,0.0,657.5,1168.8,1,203.1,0,0,accel_zoom=0.872|shot_pb=1.00|flight_commit=1.00|flight_boost=1.02|edge_zoom=0.948|bounds
483,939.6,638.3,interp,0.38,1030.4,540.0,701.6,0.0,657.5,1168.9,1,213.2,0,0,accel_zoom=0.872|shot_pb=1.00|flight_commit=1.00|flight_boost=1.04|edge_zoom=0.948|bounds
484,967.5,635.1,interp,0.38,1049.6,540.0,720.9,0.0,657.5,1168.9,1,221.9,0,0,accel_zoom=0.872|shot_pb=1.00|flight_commit=1.00|flight_boost=1.05|edge_zoom=0.948|bounds
485,993.6,632.5,yolo,0.43,1068.3,540.0,739.6,0.0,657.5,1168.9,1,229.3,0,0,accel_zoom=0.872|shot_pb=1.00|flight_commit=1.00|flight_boost=1.05|edge_zoom=0.948|bounds
486,1017.1,631.3,yolo,0.38,1086.5,540.0,757.7,0.0,657.5,1168.9,1,234.6,0,0,shot_pb=1.00|flight_commit=1.00|flight_boost=1.03|edge_zoom=0.947|bounds
487,1038.4,630.2,interp,0.38,1104.0,540.0,775.2,0.0,657.5,1168.9,1,238.4,0,0,flight_commit=1.00|edge_zoom=0.942|bounds
488,1058.3,629.5,interp,0.38,1120.8,540.0,792.1,0.0,657.5,1168.9,1,241.5,0,0,flight_commit=1.00|edge_zoom=0.946|bounds
489,1077.0,629.2,interp,0.38,1137.0,540.0,808.3,0.0,657.5,1168.9,1,244.0,0,0,flight_commit=1.00|edge_zoom=0.946|bounds
490,1094.9,629.1,yolo,0.41,1152.6,540.0,823.9,0.0,657.5,1168.9,1,246.3,0,0,flight_commit=1.00|edge_zoom=0.946|bounds
491,1112.8,629.6,yolo,0.50,1167.6,540.0,838.9,0.0,657.5,1168.9,1,249.2,0,0,shot_pb=1.00|flight_commit=1.00|edge_zoom=0.952|bounds
492,1130.1,630.0,yolo,0.53,1182.0,540.0,853.3,0.0,657.5,1168.9,1,252.1,0,0,shot_pb=1.00|flight_commit=1.00|edge_zoom=0.947|bounds
493,1146.5,630.4,yolo,0.56,1195.9,540.0,867.1,0.0,657.5,1168.9,1,254.6,0,0,shot_pb=1.00|flight_commit=1.00|edge_zoom=0.947|bounds
494,1162.2,630.7,yolo,0.59,1209.1,540.0,880.4,0.0,657.5,1168.9,1,257.1,0,0,shot_pb=1.00|flight_commit=1.00|edge_zoom=0.946|bounds
495,1177.5,630.9,yolo,0.56,1221.8,540.0,893.1,0.0,657.5,1168.9,1,259.7,0,1,shot_pb=1.00|flight_commit=1.00|keepin_prop=0.02|keepin_zoom=1.350|edge_zoom=0.945|bounds
496,1192.2,631.0,yolo,0.54,1234.0,540.0,905.2,0.0,657.5,1168.9,1,262.2,0,0,shot_pb=1.00|flight_commit=1.00|edge_zoom=0.947|bounds
497,1206.5,630.9,yolo,0.55,1245.6,540.0,916.8,0.0,657.5,1168.8,1,264.9,0,1,shot_pb=1.00|flight_commit=1.00|keepin_prop=0.03|keepin_zoom=1.350|edge_zoom=0.944|bounds
498,1220.2,630.7,yolo,0.55,1256.6,540.0,927.9,0.0,657.4,1168.7,1,267.6,0,0,shot_pb=1.00|flight_commit=1.00|edge_zoom=0.947|bounds
499,1233.2,630.6,yolo,0.59,1267.2,540.0,938.5,0.0,657.4,1168.6,1,270.0,0,1,shot_pb=1.00|flight_commit=1.00|keepin_prop=0.03|keepin_zoom=1.350|edge_zoom=0.944|bounds
500,1245.8,630.3,yolo,0.64,1277.3,540.0,948.7,0.0,657.3,1168.5,1,272.5,0,0,shot_pb=1.00|flight_commit=1.00|edge_zoom=0.948|bounds
501,1258.0,630.1,yolo,0.56,1287.0,540.0,958.4,0.0,657.2,1168.3,1,275.0,0,1,shot_pb=1.00|flight_commit=1.00|keepin_prop=0.04|keepin_zoom=1.350|edge_zoom=0.943|bounds
502,1269.7,629.8,yolo,0.57,1296.3,540.0,967.8,0.0,657.0,1168.0,1,277.4,0,0,shot_pb=1.00|flight_commit=1.00|edge_zoom=0.948|bounds
503,1280.9,629.5,yolo,0.57,1305.3,540.0,976.9,0.0,656.8,1167.7,1,279.6,0,1,shot_pb=1.00|flight_commit=1.00|keepin_prop=0.04|keepin_zoom=1.350|edge_zoom=0.943|bounds
504,1291.2,629.2,interp,0.38,1314.0,540.0,985.7,0.0,656.6,1167.3,1,281.2,0,0,shot_pb=1.00|flight_commit=1.00|edge_zoom=0.948|bounds
505,1301.3,629.0,interp,0.38,1322.6,540.0,994.4,0.0,656.4,1166.9,1,282.7,0,1,shot_pb=1.00|flight_commit=1.00|keepin_prop=0.05|keepin_zoom=1.350|edge_zoom=0.942|bounds
506,1311.1,628.7,interp,0.38,1331.0,540.0,1003.0,0.0,656.1,1166.4,1,284.1,0,0,shot_pb=1.00|flight_commit=1.00|edge_zoom=0.948|bounds
507,1320.9,628.5,interp,0.38,1339.4,540.0,1011.5,0.0,655.8,1165.9,1,285.5,0,1,shot_pb=1.00|flight_commit=1.00|keepin_prop=0.06|keepin_zoom=1.350|edge_zoom=0.942|bounds
508,1330.8,628.4,interp,0.38,1347.9,540.0,1020.1,0.0,655.5,1165.3,1,286.9,0,1,shot_pb=1.00|flight_commit=1.00|keepin_prop=0.00|keepin_zoom=1.350|edge_zoom=0.948|bounds
509,1340.7,628.2,interp,0.38,1356.3,540.0,1028.8,0.0,655.2,1164.7,1,288.4,0,0,shot_pb=1.00|flight_commit=1.00|edge_zoom=0.948|bounds
510,1350.9,628.1,interp,0.38,1364.9,540.0,1037.5,0.0,654.8,1164.2,1,290.0,0,1,shot_pb=1.00|flight_commit=1.00|keepin_prop=0.01|keepin_zoom=1.350|edge_zoom=0.946|bounds
511,1361.6,628.0,yolo,0.57,1373.5,540.0,1046.2,0.0,654.5,1163.6,1,292.1,0,0,shot_pb=1.00|flight_commit=1.00|edge_zoom=0.948|bounds
512,1374.0,627.8,yolo,0.57,1382.2,540.0,1055.1,0.0,654.3,1163.2,1,295.8,0,1,shot_pb=1.00|flight_commit=1.00|keepin_prop=0.03|keepin_zoom=1.350|edge_zoom=0.945|bounds
513,1386.6,627.7,yolo,0.57,1390.9,540.0,1063.9,0.0,654.0,1162.7,1,299.7,0,0,shot_pb=1.00|flight_commit=1.00|edge_zoom=0.948|bounds
514,1399.2,627.8,yolo,0.61,1399.5,540.0,1072.6,0.0,653.9,1162.4,1,303.7,0,1,shot_pb=1.00|flight_commit=1.00|keepin_prop=0.03|keepin_zoom=1.350|edge_zoom=0.945|bounds
515,1411.8,628.1,yolo,0.66,1408.0,540.0,1081.2,0.0,653.7,1162.2,1,300.2,0,0,shot_pb=1.00|flight_commit=1.00|edge_zoom=0.947|bounds
516,1424.2,628.6,yolo,0.61,1416.3,540.0,1089.5,0.0,653.6,1162.0,1,296.1,0,1,shot_pb=1.00|flight_commit=1.00|keepin_prop=0.04|keepin_zoom=1.350|edge_zoom=0.944|bounds
517,1436.2,629.5,yolo,0.60,1424.3,540.0,1097.5,0.0,653.6,1162.0,1,292.1,0,0,shot_pb=1.00|flight_commit=1.00|edge_zoom=0.945|bounds
518,1447.7,630.5,yolo,0.59,1431.9,540.0,1105.1,0.0,653.6,1162.0,1,288.2,0,1,shot_pb=1.00|flight_commit=1.00|keepin_prop=0.04|keepin_zoom=1.350|edge_zoom=0.943|bounds
519,1458.5,631.6,yolo,0.62,1439.0,540.0,1112.1,0.0,653.7,1162.1,1,284.5,0,0,shot_pb=1.00|flight_commit=1.00|edge_zoom=0.944|bounds
520,1468.9,633.0,yolo,0.67,1445.5,540.0,1118.6,0.0,653.8,1162.3,1,280.6,0,1,shot_pb=1.00|flight_commit=1.00|keepin_prop=0.05|keepin_zoom=1.350|edge_zoom=0.941|bounds
521,1478.5,634.3,yolo,0.63,1451.3,540.0,1124.3,0.0,653.9,1162.5,1,276.8,0,0,shot_pb=1.00|flight_commit=1.00|edge_zoom=0.942|bounds
522,1487.4,635.5,yolo,0.60,1456.3,540.0,1129.3,0.0,654.1,1162.8,1,272.9,0,1,shot_pb=1.00|flight_commit=1.00|keepin_prop=0.06|keepin_zoom=1.350|edge_zoom=0.939|bounds
523,1495.4,636.7,yolo,0.57,1460.4,540.0,1133.2,0.0,654.2,1163.1,1,269.0,0,1,shot_pb=1.00|flight_commit=1.00|keepin_prop=0.00|keepin_zoom=1.350|edge_zoom=0.945|bounds
524,1502.2,637.8,interp,0.38,1463.4,540.0,1136.1,0.0,654.4,1163.4,1,265.2,0,0,shot_pb=1.00|flight_commit=1.00|edge_zoom=0.940|bounds
525,1508.2,638.9,yolo,0.60,1465.1,540.0,1137.8,0.0,654.6,1163.7,1,260.9,0,1,shot_pb=1.00|flight_commit=1.00|keepin_prop=0.02|keepin_zoom=1.350|edge_zoom=0.942|bounds
526,1513.5,640.0,interp,0.38,1465.5,540.0,1138.2,0.0,654.7,1163.9,1,256.0,0,0,shot_pb=1.00|flight_commit=1.00|edge_zoom=0.938|bounds
527,1518.0,641.0,yolo,0.51,1464.4,540.0,1137.0,0.0,654.8,1164.1,1,250.4,0,1,shot_pb=1.00|flight_commit=1.00|keepin_prop=0.06|keepin_zoom=1.350|edge_zoom=0.937|bounds
528,1522.0,642.2,yolo,0.45,1461.7,540.0,1134.2,0.0,654.9,1164.3,1,243.7,0,1,shot_pb=1.00|flight_commit=1.00|keepin_prop=0.00|keepin_zoom=1.350|edge_zoom=0.943|bounds
529,1524.9,643.2,yolo,0.47,1457.3,540.0,1129.8,0.0,655.0,1164.4,1,236.4,0,0,shot_pb=1.00|flight_commit=1.00|edge_zoom=0.934|bounds
530,1526.9,644.0,yolo,0.52,1451.3,540.0,1123.8,0.0,654.9,1164.3,1,228.4,0,1,shot_pb=1.00|flight_commit=1.00|keepin_prop=0.03|keepin_zoom=1.350|edge_zoom=0.940|bounds
531,1527.9,644.7,yolo,0.57,1443.7,540.0,1116.3,0.0,654.9,1164.2,1,219.8,0,0,shot_pb=1.00|flight_commit=1.00|edge_zoom=0.927|bounds
532,1528.1,645.3,interp,0.38,1434.8,540.0,1107.4,0.0,654.7,1164.0,1,210.7,1,0,shot_pb=1.00|flight_commit=1.00|speed|edge_zoom=0.922|bounds
533,1527.5,645.8,interp,0.38,1424.8,540.0,1097.5,0.0,654.6,1163.7,1,201.3,0,0,shot_pb=1.00|flight_commit=1.00|edge_zoom=0.924|bounds
534,1526.1,646.3,yolo,0.53,1414.0,540.0,1086.8,0.0,654.4,1163.3,1,191.9,0,0,shot_pb=1.00|flight_commit=1.00|edge_zoom=0.933|bounds
535,1523.8,646.7,yolo,0.49,1402.8,540.0,1075.7,0.0,654.2,1163.0,1,183.0,0,0,shot_pb=1.00|flight_commit=1.00|edge_zoom=0.937|bounds
536,1520.6,647.0,yolo,0.52,1391.5,540.0,1064.6,0.0,653.9,1162.6,1,174.9,0,1,shot_pb=1.00|flight_commit=1.00|keepin_prop=0.00|keepin_zoom=1.350|edge_zoom=0.941|bounds
537,1516.3,647.1,yolo,0.57,1380.5,540.0,1053.6,0.0,653.7,1162.2,1,168.2,0,0,shot_pb=1.00|flight_commit=1.00|edge_zoom=0.941|bounds
538,1511.3,647.3,yolo,0.61,1370.0,540.0,1043.2,0.0,653.5,1161.8,1,162.7,0,1,shot_pb=1.00|flight_commit=1.00|keepin_prop=0.04|keepin_zoom=1.350|edge_zoom=0.937|bounds
539,1505.9,647.3,yolo,0.62,1360.1,540.0,1033.5,0.0,653.3,1161.5,1,158.2,0,1,shot_pb=1.00|flight_commit=1.00|keepin_prop=0.00|keepin_zoom=1.350|edge_zoom=0.942|bounds
540,1500.0,647.3,yolo,0.62,1351.1,540.0,1024.6,0.0,653.1,1161.1,1,155.1,0,0,shot_pb=1.00|flight_commit=1.00|edge_zoom=0.942|bounds
541,1494.0,647.2,yolo,0.55,1343.1,540.0,1016.6,0.0,652.9,1160.8,1,153.1,0,1,shot_pb=1.00|flight_commit=1.00|keepin_prop=0.03|keepin_zoom=1.350|edge_zoom=0.939|bounds
542,1487.8,647.0,yolo,0.57,1336.0,540.0,1009.6,0.0,652.7,1160.4,1,152.2,0,0,shot_pb=1.00|flight_commit=1.00|edge_zoom=0.943|bounds
543,1481.6,646.8,yolo,0.59,1329.7,540.0,1003.5,0.0,652.4,1159.9,1,152.1,0,1,shot_pb=1.00|flight_commit=1.00|keepin_prop=0.06|keepin_zoom=1.350|edge_zoom=0.935|bounds
544,1475.5,646.5,yolo,0.51,1324.4,540.0,998.4,0.0,652.1,1159.3,1,152.9,0,1,shot_pb=1.00|flight_commit=1.00|keepin_prop=0.00|keepin_zoom=1.350|edge_zoom=0.942|bounds
545,1469.6,646.2,yolo,0.54,1319.9,540.0,994.1,0.0,651.6,1158.5,1,154.3,0,0,shot_pb=1.00|flight_commit=1.00|edge_zoom=0.943|bounds
546,1464.1,646.0,yolo,0.52,1316.3,540.0,990.8,0.0,651.0,1157.4,1,156.2,0,1,shot_pb=1.00|flight_commit=1.00|keepin_prop=0.03|keepin_zoom=1.350|edge_zoom=0.938|bounds
547,1459.6,645.7,interp,0.38,1313.6,540.0,988.4,0.0,650.2,1156.0,1,158.0,0,1,shot_pb=1.00|flight_commit=1.00|keepin_prop=0.00|keepin_zoom=1.350|edge_zoom=0.942|bounds
548,1455.6,645.3,interp,0.38,1311.8,540.0,987.2,0.0,649.2,1154.2,1,160.2,0,0,shot_pb=1.00|flight_commit=1.00|edge_zoom=0.945|bounds
549,1452.0,644.9,interp,0.38,1311.1,540.0,987.0,0.0,648.0,1152.1,1,163.1,0,1,shot_pb=1.00|flight_commit=1.00|keepin_prop=0.03|keepin_zoom=1.350|edge_zoom=0.939|bounds
550,1448.9,644.4,interp,0.38,1311.6,540.0,988.2,0.0,646.6,1149.6,1,166.7,0,1,shot_pb=1.00|flight_commit=1.00|keepin_prop=0.00|keepin_zoom=1.350|edge_zoom=0.943|bounds
551,1446.2,643.8,interp,0.38,1313.4,540.0,990.9,0.0,645.1,1146.9,1,171.2,0,0,shot_pb=1.00|flight_commit=1.00|edge_zoom=0.949|bounds
552,1444.0,643.1,interp,0.38,1316.8,540.0,995.1,0.0,643.5,1144.0,1,176.8,0,1,shot_pb=1.00|flight_commit=1.00|keepin_prop=0.03|keepin_zoom=1.350|edge_zoom=0.940|bounds
553,1442.3,642.3,interp,0.38,1321.8,540.0,1000.8,0.0,641.9,1141.2,1,183.5,0,0,shot_pb=1.00|flight_commit=1.00|edge_zoom=0.955|bounds
554,1441.0,641.4,interp,0.38,1328.5,540.0,1008.3,0.0,640.4,1138.5,1,191.5,0,1,shot_pb=1.00|flight_commit=1.00|keepin_prop=0.04|keepin_zoom=1.350|edge_zoom=0.940|bounds
555,1440.3,640.4,interp,0.38,1336.8,540.0,1017.2,0.0,639.1,1136.1,1,200.5,0,0,shot_pb=1.00|flight_commit=1.00|edge_zoom=0.975|bounds
556,1440.2,639.2,yolo,0.46,1346.6,540.0,1027.6,0.0,638.1,1134.3,1,210.4,0,0,shot_pb=1.00|flight_commit=1.00|edge_zoom=0.983|bounds
557,1440.6,637.8,interp,0.38,1357.8,540.0,1039.1,0.0,637.4,1133.1,1,221.2,0,0,shot_pb=1.00|flight_commit=1.00|edge_zoom=0.972|bounds
558,1441.8,636.2,interp,0.38,1370.1,540.0,1051.5,0.0,637.1,1132.6,1,232.3,0,0,shot_pb=1.00|flight_commit=1.00|edge_zoom=0.968|bounds
559,1443.8,634.4,interp,0.38,1383.2,540.0,1064.6,0.0,637.2,1132.8,1,243.4,0,0,shot_pb=1.00|flight_commit=1.00|edge_zoom=0.965|bounds
560,1446.6,632.4,interp,0.38,1396.7,540.0,1077.9,0.0,637.7,1133.6,1,254.1,0,0,shot_pb=1.00|flight_commit=1.00|edge_zoom=0.963|bounds
561,1450.5,630.1,yolo,0.46,1410.4,540.0,1091.2,0.0,638.4,1135.0,1,263.9,0,0,shot_pb=1.00|flight_commit=1.00|edge_zoom=0.961|bounds
562,1455.8,627.2,yolo,0.41,1424.0,540.0,1104.3,0.0,639.4,1136.8,1,272.2,0,1,shot_pb=1.00|flight_commit=1.00|keepin_prop=0.03|keepin_zoom=1.350|edge_zoom=0.945|bounds
563,1462.8,624.1,yolo,0.37,1437.3,540.0,1117.0,0.0,640.6,1138.8,1,278.5,0,0,shot_pb=1.00|flight_commit=1.00|edge_zoom=0.960|bounds
564,1471.6,620.8,yolo,0.40,1450.2,540.0,1129.2,0.0,641.9,1141.1,1,282.6,0,1,shot_pb=1.00|flight_commit=1.00|keepin_prop=0.04|keepin_zoom=1.350|edge_zoom=0.946|bounds
565,1481.8,617.6,interp,0.38,1462.5,540.0,1140.9,0.0,643.2,1143.4,1,284.7,0,0,shot_pb=1.00|flight_commit=1.00|edge_zoom=0.959|bounds
566,1493.1,614.4,interp,0.38,1474.2,540.0,1151.9,0.0,644.5,1145.8,1,285.1,0,1,shot_pb=1.00|flight_commit=1.00|keepin_prop=0.04|keepin_zoom=1.350|edge_zoom=0.948|bounds
567,1505.5,611.1,yolo,0.41,1485.3,540.0,1162.4,0.0,645.8,1148.1,1,283.8,0,0,shot_pb=1.00|flight_commit=1.00|edge_zoom=0.960|bounds
568,1520.6,607.4,yolo,0.40,1495.9,540.0,1172.3,0.0,647.1,1150.4,1,279.3,0,1,shot_pb=1.00|flight_commit=1.00|keepin_prop=0.03|keepin_zoom=1.350|edge_zoom=0.952|bounds
569,1536.2,603.9,yolo,0.46,1506.0,540.0,1181.8,0.0,648.4,1152.7,1,273.8,0,0,shot_pb=1.00|flight_commit=1.00|edge_zoom=0.962|bounds
570,1551.2,600.9,interp,0.38,1515.6,540.0,1190.7,0.0,649.6,1154.9,1,268.4,0,1,shot_pb=1.00|flight_commit=1.00|pb_zfit|keepin_prop=0.02|keepin_zoom=1.350|edge_zoom=0.955|bounds
571,1566.3,598.0,yolo,0.46,1524.6,540.0,1199.2,0.0,650.9,1157.1,1,262.3,0,0,shot_pb=1.00|flight_commit=1.00|pb_zfit|edge_zoom=0.963|bounds
572,1581.1,595.4,interp,0.38,1533.2,540.0,1207.2,0.0,652.0,1159.1,1,256.1,0,1,shot_pb=1.00|flight_commit=1.00|pb_zfit|keepin_prop=0.02|keepin_zoom=1.350|edge_zoom=0.957|bounds
573,1595.7,592.9,interp,0.38,1541.2,540.0,1214.7,0.0,653.0,1161.0,1,249.5,0,0,shot_pb=1.00|flight_commit=1.00|pb_zfit|edge_zoom=0.964|bounds
574,1609.9,590.5,yolo,0.42,1548.6,540.0,1221.6,0.0,654.0,1162.6,1,242.7,0,1,shot_pb=1.00|flight_commit=1.00|pb_zfit|keepin_prop=0.01|keepin_zoom=1.350|edge_zoom=0.959|bounds
575,1622.3,588.3,interp,0.38,1555.2,540.0,1227.8,0.0,654.8,1164.1,1,236.9,0,0,shot_pb=1.00|flight_commit=1.00|pb_zfit|edge_zoom=0.965|bounds
576,1634.5,586.2,interp,0.38,1561.2,540.0,1233.4,0.0,655.5,1165.3,1,230.7,0,1,shot_pb=1.00|flight_commit=1.00|pb_zfit|keepin_prop=0.02|keepin_zoom=1.350|edge_zoom=0.960|bounds
577,1646.6,584.1,interp,0.38,1566.2,540.0,1238.2,0.0,656.1,1166.3,1,223.6,0,0,shot_pb=1.00|flight_commit=1.00|pb_zfit|edge_zoom=0.950|bounds
578,1658.8,582.1,interp,0.38,1570.4,540.0,1242.2,0.0,656.5,1167.1,1,215.6,0,1,shot_pb=1.00|flight_commit=1.00|pb_zfit|keepin_prop=0.00|keepin_zoom=1.350|edge_zoom=0.962|bounds
579,1677.3,579.5,interp,0.38,1573.7,540.0,1245.3,0.0,656.8,1167.7,1,200.4,0,0,accel_zoom=0.940|shot_pb=1.00|flight_commit=1.00|pb_zfit|edge_zoom=0.914|bounds
580,1689.7,577.4,interp,0.38,1575.9,540.0,1247.3,0.0,657.1,1168.1,1,190.2,0,0,shot_pb=1.00|flight_commit=1.00|pb_zfit|edge_zoom=0.875|bounds
581,1700.8,575.4,interp,0.38,1577.0,540.0,1248.4,0.0,657.2,1168.4,1,180.2,0,0,shot_pb=1.00|flight_commit=1.00|pb_zfit|edge_zoom=0.869|bounds
582,1710.8,573.6,interp,0.38,1577.0,540.0,1248.4,0.0,657.4,1168.6,1,170.2,0,0,shot_pb=1.00|flight_commit=1.00|pb_zfit|edge_zoom=0.865|bounds
583,1719.4,571.8,interp,0.38,1575.9,540.0,1247.2,0.0,657.4,1168.8,1,160.5,0,0,shot_pb=1.00|flight_commit=1.00|pb_zfit|edge_zoom=0.861|bounds
584,1726.7,570.0,interp,0.38,1573.7,540.0,1245.0,0.0,657.5,1168.8,1,151.0,0,0,shot_pb=1.00|flight_commit=1.00|pb_zfit|edge_zoom=0.858|bounds
585,1732.7,568.4,interp,0.38,1570.4,540.0,1241.6,0.0,657.5,1168.9,1,141.7,0,0,shot_pb=1.00|flight_commit=1.00|pb_zfit|edge_zoom=0.856|bounds
586,1737.1,566.7,interp,0.38,1566.1,540.0,1237.3,0.0,657.5,1168.9,1,133.0,0,0,shot_pb=1.00|flight_commit=1.00|pb_zfit|edge_zoom=0.858|bounds
587,1740.0,565.2,interp,0.38,1560.9,540.0,1232.2,0.0,657.5,1168.9,1,124.9,0,0,shot_pb=1.00|flight_commit=1.00|pb_zfit|edge_zoom=0.866|bounds
588,1741.2,563.6,interp,0.38,1555.1,540.0,1226.4,0.0,657.5,1168.9,1,117.9,0,0,shot_pb=1.00|flight_commit=1.00|pb_zfit|edge_zoom=0.905|bounds
589,1740.7,562.0,interp,0.38,1549.0,540.0,1220.2,0.0,657.5,1168.9,1,112.3,0,0,shot_pb=1.00|flight_commit=1.00|pb_zfit|edge_zoom=0.998|bounds
590,1738.3,560.5,interp,0.38,1542.8,540.0,1214.1,0.0,657.5,1168.9,1,108.5,0,0,shot_pb=1.00|flight_commit=1.00|pb_zfit|edge_zoom=0.984|bounds
591,1721.7,559.1,interp,0.38,1537.0,540.0,1208.2,0.0,657.5,1168.9,1,119.3,0,0,accel_zoom=0.943|shot_pb=1.00|flight_commit=1.00|pb_zfit|edge_zoom=0.972|bounds
592,1718.0,557.3,interp,0.38,1531.9,540.0,1203.1,0.0,657.5,1168.9,1,117.9,0,1,shot_pb=1.00|flight_commit=1.00|pb_zfit|keepin_prop=0.00|keepin_zoom=1.350|edge_zoom=0.970|bounds
593,1715.1,555.5,interp,0.38,1527.8,540.0,1199.0,0.0,657.5,1168.9,1,116.7,0,0,shot_pb=1.00|flight_commit=1.00|pb_zfit|edge_zoom=0.986|bounds
594,1712.9,553.6,interp,0.38,1525.1,540.0,1196.3,0.0,657.5,1168.9,1,116.2,0,0,shot_pb=1.00|flight_commit=1.00|pb_zfit|edge_zoom=0.994|bounds
595,1711.3,551.6,interp,0.38,1523.8,540.0,1195.1,0.0,657.5,1168.9,1,116.5,0,0,shot_pb=1.00|flight_commit=1.00|pb_zfit|bounds
596,1710.4,549.6,interp,0.38,1524.2,540.0,1195.5,0.0,657.5,1168.9,1,117.8,0,0,shot_pb=1.00|flight_commit=1.00|pb_zfit|bounds
597,1709.9,547.5,interp,0.38,1526.2,540.0,1197.4,0.0,657.5,1168.9,1,120.3,0,0,shot_pb=1.00|flight_commit=1.00|pb_zfit|bounds
598,1709.9,545.3,interp,0.38,1529.6,540.0,1200.9,0.0,657.5,1168.9,1,123.7,0,0,shot_pb=1.00|flight_commit=1.00|pb_zfit|edge_zoom=0.999|bounds
599,1710.3,543.1,interp,0.38,1534.3,540.0,1205.5,0.0,657.5,1168.9,1,128.0,0,0,shot_pb=1.00|flight_commit=1.00|pb_zfit|edge_zoom=0.998|bounds
600,1711.0,540.9,interp,0.38,1539.9,540.0,1211.1,0.0,657.5,1168.9,1,132.9,0,0,shot_pb=1.00|flight_commit=1.00|pb_zfit|edge_zoom=0.998|bounds
601,1712.0,538.6,interp,0.38,1546.1,540.0,1217.3,0.0,657.5,1168.9,1,138.1,0,0,shot_pb=1.00|flight_commit=1.00|pb_zfit|edge_zoom=0.998|bounds
602,1713.2,536.3,interp,0.38,1552.5,540.0,1223.7,0.0,657.5,1168.9,1,143.3,0,0,shot_pb=1.00|flight_commit=1.00|pb_zfit|edge_zoom=0.999|bounds
603,1714.7,534.0,interp,0.38,1558.8,540.0,1230.0,0.0,657.5,1168.9,1,148.1,0,0,shot_pb=1.00|flight_commit=1.00|pb_zfit|edge_zoom=0.962|bounds
604,1716.4,531.7,interp,0.38,1564.8,540.0,1236.0,0.0,657.5,1168.9,1,152.4,0,0,shot_pb=1.00|flight_commit=1.00|pb_zfit|edge_zoom=0.936|bounds
605,1718.2,529.4,interp,0.38,1570.2,540.0,1241.4,0.0,657.5,1168.9,1,156.0,0,0,shot_pb=1.00|flight_commit=1.00|pb_zfit|edge_zoom=0.923|bounds
606,1720.1,527.0,interp,0.38,1575.0,540.0,1246.2,0.0,657.5,1168.9,1,158.9,0,0,shot_pb=1.00|flight_commit=1.00|pb_zfit|edge_zoom=0.913|bounds
607,1722.1,524.7,interp,0.38,1579.0,540.0,1250.2,0.0,657.5,1168.9,1,160.9,0,0,shot_pb=1.00|flight_commit=1.00|pb_zfit|edge_zoom=0.909|bounds
608,1724.2,522.4,interp,0.38,1582.2,540.0,1253.5,0.0,657.5,1168.9,1,162.0,0,0,shot_pb=1.00|flight_commit=1.00|pb_zfit|edge_zoom=0.906|bounds
609,1726.4,520.0,interp,0.38,1584.8,540.0,1256.0,0.0,657.5,1168.9,1,162.4,0,0,shot_pb=1.00|flight_commit=1.00|pb_zfit|edge_zoom=0.903|bounds
610,1728.6,517.8,interp,0.38,1586.7,540.0,1257.9,0.0,657.5,1168.9,1,162.1,0,0,shot_pb=1.00|flight_commit=1.00|pb_zfit|edge_zoom=0.901|bounds
611,1730.8,515.5,interp,0.38,1588.0,540.0,1259.3,0.0,657.5,1168.9,1,161.2,0,0,shot_pb=1.00|flight_commit=1.00|pb_zfit|edge_zoom=0.899|bounds
612,1732.9,513.3,interp,0.38,1588.9,540.0,1260.1,0.0,657.5,1168.9,1,160.0,0,0,shot_pb=1.00|flight_commit=1.00|pb_zfit|edge_zoom=0.897|bounds
613,1735.1,511.1,interp,0.38,1589.3,540.0,1260.5,0.0,657.5,1168.9,1,158.2,0,0,shot_pb=1.00|flight_commit=1.00|pb_zfit|edge_zoom=0.896|bounds
614,1737.1,509.0,interp,0.38,1589.3,540.0,1260.6,0.0,657.5,1168.9,1,156.2,0,0,shot_pb=1.00|flight_commit=1.00|pb_zfit|edge_zoom=0.895|bounds
615,1739.1,506.9,interp,0.38,1589.0,540.0,1260.2,0.0,657.5,1168.9,1,153.9,0,0,shot_pb=1.00|flight_commit=1.00|pb_zfit|edge_zoom=0.895|bounds
616,1741.0,504.9,interp,0.38,1588.2,540.0,1259.5,0.0,657.5,1168.9,1,151.2,0,0,shot_pb=1.00|flight_commit=1.00|person_ctx=4|pb_zfit|edge_zoom=0.895|bounds
617,1742.7,502.9,interp,0.38,1587.0,540.0,1258.3,0.0,657.5,1168.9,1,148.3,0,0,shot_pb=1.00|flight_commit=1.00|pb_zfit|edge_zoom=0.896|bounds
618,1744.3,501.1,interp,0.38,1585.4,540.0,1256.6,0.0,657.5,1168.9,1,145.1,0,0,shot_pb=1.00|flight_commit=1.00|pb_zfit|edge_zoom=0.898|bounds
619,1745.7,499.3,interp,0.38,1583.2,540.0,1254.4,0.0,657.5,1168.9,1,141.5,0,0,shot_pb=1.00|flight_commit=1.00|pb_zfit|edge_zoom=0.902|bounds
620,1746.9,497.7,interp,0.38,1580.4,540.0,1251.6,0.0,657.5,1168.9,1,137.5,0,0,shot_pb=1.00|flight_commit=1.00|pb_zfit|edge_zoom=0.907|bounds
621,1747.9,496.1,interp,0.38,1576.9,540.0,1248.2,0.0,657.5,1168.9,1,133.0,0,0,shot_pb=1.00|flight_commit=1.00|pb_zfit|edge_zoom=0.915|bounds
622,1748.6,494.7,interp,0.38,1572.8,540.0,1244.1,0.0,657.5,1168.9,1,128.2,0,0,shot_pb=1.00|flight_commit=1.00|pb_zfit|edge_zoom=0.942|bounds
623,1749.0,493.4,interp,0.38,1568.1,540.0,1239.3,0.0,657.5,1168.9,1,123.1,0,0,shot_pb=1.00|flight_commit=1.00|pb_zfit|edge_zoom=0.977|bounds
624,1749.0,492.3,interp,0.38,1562.7,540.0,1234.0,0.0,657.5,1168.9,1,117.7,0,0,shot_pb=1.00|flight_commit=1.00|pb_zfit|edge_zoom=0.999|bounds
625,1748.7,491.3,interp,0.38,1556.8,540.0,1228.1,0.0,657.5,1168.9,1,112.1,0,0,shot_pb=1.00|flight_commit=1.00|pb_zfit|edge_zoom=0.992|bounds
626,1747.9,490.5,interp,0.38,1550.4,540.0,1221.7,0.0,657.5,1168.9,1,106.5,0,0,shot_pb=1.00|flight_commit=1.00|pb_zfit|edge_zoom=0.988|bounds
627,1746.7,489.9,interp,0.38,1543.6,540.0,1214.9,0.0,657.5,1168.9,1,100.9,0,0,shot_pb=1.00|flight_commit=1.00|pb_zfit|edge_zoom=0.996|bounds
628,1744.9,489.5,interp,0.38,1536.5,540.0,1207.7,0.0,657.5,1168.9,1,95.6,0,1,shot_pb=1.00|flight_commit=1.00|pb_zfit|keepin_prop=0.01|keepin_zoom=1.350|edge_zoom=0.991|bounds
629,1742.5,489.3,interp,0.38,1529.1,540.0,1200.4,0.0,657.5,1168.9,1,90.6,0,0,shot_pb=1.00|flight_commit=1.00|pb_zfit|edge_zoom=0.967|bounds
630,1739.4,489.4,interp,0.38,1521.6,540.0,1192.8,0.0,657.5,1168.9,1,86.2,0,1,shot_pb=1.00|flight_commit=1.00|pb_zfit|keepin_prop=0.04|keepin_zoom=1.350|edge_zoom=0.991|bounds
631,1735.6,489.8,interp,0.38,1513.8,540.0,1185.1,0.0,657.5,1168.9,1,82.2,0,1,shot_pb=1.00|flight_commit=1.00|pb_zfit|keepin_prop=0.00|keepin_zoom=1.350|edge_zoom=0.991|bounds
632,1731.0,490.4,interp,0.38,1505.9,540.0,1177.2,0.0,657.5,1168.9,1,78.9,0,0,shot_pb=1.00|flight_commit=1.00|pb_zfit|edge_zoom=0.987|bounds
633,1725.4,491.4,interp,0.38,1497.8,540.0,1169.0,0.0,657.5,1168.9,1,76.4,0,1,shot_pb=1.00|flight_commit=1.00|pb_zfit|keepin_prop=0.02|keepin_zoom=1.350|edge_zoom=0.991|bounds
634,1718.8,492.8,interp,0.38,1489.4,540.0,1160.7,0.0,657.5,1168.9,1,74.6,0,0,shot_pb=1.00|flight_commit=1.00|pb_zfit|edge_zoom=0.985|bounds
635,1710.9,494.5,interp,0.38,1480.7,540.0,1151.9,0.0,657.5,1168.9,1,73.8,0,1,shot_pb=1.00|flight_commit=1.00|pb_zfit|keepin_prop=0.04|keepin_zoom=1.350|edge_zoom=0.989|bounds
636,1701.8,496.7,interp,0.38,1471.5,540.0,1142.7,0.0,657.5,1168.9,1,73.7,0,0,shot_pb=1.00|flight_commit=1.00|pb_zfit|edge_zoom=0.983|bounds
637,1691.1,499.4,interp,0.38,1461.7,540.0,1133.0,0.0,657.5,1168.9,1,74.6,0,1,shot_pb=1.00|flight_commit=1.00|pb_zfit|keepin_prop=0.04|keepin_zoom=1.350|edge_zoom=0.988|bounds
638,1678.8,502.6,interp,0.38,1451.2,540.0,1122.5,0.0,657.5,1168.9,1,76.4,0,0,shot_pb=1.00|flight_commit=1.00|pb_zfit|edge_zoom=0.980|bounds
639,1638.5,514.3,blended,0.66,1439.8,540.0,1111.1,0.0,657.5,1168.9,1,105.3,0,0,accel_zoom=0.860|shot_pb=1.00|flight_commit=1.00|pb_zfit|edge_zoom=0.976|bounds
640,1655.1,508.8,hold,0.25,1427.3,540.0,1098.6,0.0,657.5,1168.9,1,76.2,1,0,accel_zoom=0.860|shot_pb=1.00|flight_commit=1.00|pb_zfit|speed|edge_zoom=0.994|bounds
641,1643.3,511.9,hold,0.25,1413.5,540.0,1084.8,0.0,657.5,1168.9,1,74.2,0,0,shot_pb=1.00|flight_commit=1.00|pb_zfit|edge_zoom=0.977|bounds
642,1629.0,515.7,hold,0.25,1398.2,540.0,1069.5,0.0,657.5,1168.9,1,73.2,0,0,shot_pb=1.00|flight_commit=1.00|pb_zfit|edge_zoom=0.976|bounds
643,1612.0,520.4,hold,0.25,1381.2,540.0,1052.4,0.0,657.5,1168.9,1,73.2,0,1,accel_zoom=0.881|shot_pb=1.00|flight_commit=1.00|pb_zfit|keepin_prop=0.03|keepin_zoom=1.350|edge_zoom=0.981|bounds
644,1592.1,525.9,hold,0.25,1362.2,540.0,1033.5,0.0,657.5,1168.9,1,74.1,0,0,accel_zoom=0.881|shot_pb=1.00|flight_commit=1.00|edge_zoom=0.973|bounds
645,1568.9,532.4,hold,0.25,1341.2,540.0,1012.4,0.0,657.5,1168.9,1,76.3,0,1,accel_zoom=0.881|shot_pb=1.00|flight_commit=1.00|keepin_prop=0.00|keepin_zoom=1.350|edge_zoom=0.978|bounds
646,1542.0,539.9,hold,0.25,1317.9,540.0,989.1,0.0,657.5,1168.9,1,79.9,0,0,accel_zoom=0.881|shot_pb=1.00|flight_commit=1.00|edge_zoom=0.968|bounds
647,1511.1,548.7,hold,0.25,1292.4,540.0,963.6,0.0,657.5,1168.9,1,85.3,0,0,accel_zoom=0.881|shot_pb=1.00|flight_commit=1.00|edge_zoom=0.965|bounds
648,1475.5,558.7,hold,0.25,1264.6,540.0,935.8,0.0,657.5,1168.9,1,93.1,0,0,accel_zoom=0.881|shot_pb=1.00|flight_commit=1.00|edge_zoom=0.962|bounds
649,1434.7,570.3,hold,0.25,1234.6,540.0,905.9,0.0,657.5,1168.9,1,103.9,0,1,accel_zoom=0.866|shot_pb=1.00|flight_commit=1.00|keepin_prop=0.00|keepin_zoom=1.350|edge_zoom=0.966|bounds
650,1388.1,583.6,hold,0.25,1202.7,540.0,873.9,0.0,657.5,1168.9,1,118.6,0,0,accel_zoom=0.848|shot_pb=1.00|flight_commit=1.00|flight_boost=1.07|edge_zoom=0.954|bounds
651,1334.8,598.8,hold,0.25,1169.0,540.0,840.3,0.0,657.5,1168.9,1,138.2,0,0,accel_zoom=0.833|shot_pb=1.00|flight_commit=1.00|flight_boost=1.17|edge_zoom=0.949|bounds
652,1274.0,616.1,hold,0.25,1134.1,540.0,805.3,0.0,657.5,1168.9,1,164.1,0,0,accel_zoom=0.833|shot_pb=1.00|flight_commit=1.00|flight_boost=1.28|edge_zoom=0.944|bounds
653,1204.8,635.9,hold,0.26,1098.1,540.0,769.3,0.0,657.5,1168.9,1,197.3,0,0,shot_pb=1.00|conf_zoom=0.70|flight_boost=1.41|conf_speed=0.83|edge_zoom=0.938|bounds
654,1058.0,677.8,centroid,0.26,1061.6,540.0,732.8,0.0,657.5,1168.9,1,300.4,0,0,accel_zoom=0.780|shot_pb=1.00|conf_zoom=0.70|flight_boost=1.76|conf_speed=0.83|edge_zoom=0.924|bounds
655,983.8,699.1,centroid,0.26,1025.0,540.0,696.2,0.0,657.5,1168.9,1,262.8,0,0,accel_zoom=0.780|shot_pb=1.00|conf_zoom=0.70|flight_boost=1.87|conf_speed=0.83|edge_zoom=0.918|bounds
656,915.4,718.7,centroid,0.27,988.7,540.0,659.9,0.0,657.5,1168.9,1,230.7,0,0,accel_zoom=0.780|shot_pb=1.00|conf_zoom=0.69|flight_boost=1.96|conf_speed=0.83|edge_zoom=0.911|bounds
657,852.2,736.9,centroid,0.27,952.9,540.0,624.2,0.0,657.5,1168.9,1,203.3,0,0,accel_zoom=0.780|shot_pb=1.00|conf_zoom=0.69|flight_boost=2.00|conf_speed=0.83|edge_zoom=0.906|bounds
658,793.7,753.8,centroid,0.27,918.0,540.0,589.2,0.0,657.5,1168.9,1,179.7,0,1,accel_zoom=0.780|shot_pb=1.00|conf_zoom=0.70|person_ctx=4|keepin_prop=0.00|keepin_zoom=1.350|flight_boost=2.00|conf_speed=0.83|edge_zoom=0.907|bounds
659,739.3,769.5,centroid,0.27,884.1,540.0,555.3,0.0,657.5,1168.9,1,159.2,0,1,accel_zoom=0.780|shot_pb=1.00|conf_zoom=0.70|person_ctx=4|keepin_prop=0.01|keepin_zoom=1.350|flight_boost=2.00|conf_speed=0.83|edge_zoom=0.900|bounds
660,688.8,784.2,centroid,0.28,851.3,540.0,522.5,0.0,657.5,1168.9,1,141.5,0,1,accel_zoom=0.780|shot_pb=1.00|conf_zoom=0.70|person_ctx=4|keepin_prop=0.03|keepin_zoom=1.350|flight_boost=1.95|edge_zoom=0.893|bounds
661,641.7,797.9,centroid,0.28,819.6,540.0,490.8,0.0,657.5,1168.9,1,126.1,0,1,accel_zoom=0.780|shot_pb=1.00|flight_commit=1.00|person_ctx=3|keepin_prop=0.05|keepin_zoom=1.350|flight_boost=1.65|edge_zoom=0.884|bounds
662,597.8,810.7,centroid,0.28,789.0,540.0,460.2,0.0,657.5,1168.9,1,112.8,1,1,accel_zoom=0.780|shot_pb=1.00|flight_commit=1.00|person_ctx=3|keepin_prop=0.07|keepin_zoom=1.350|flight_boost=1.56|speed|edge_zoom=0.879|bounds
663,556.9,822.6,centroid,0.28,759.4,540.0,430.7,0.0,657.5,1168.9,1,101.5,1,1,accel_zoom=0.780|shot_pb=1.00|flight_commit=1.00|keepin_prop=0.10|keepin_zoom=1.350|flight_boost=1.48|speed|edge_zoom=0.885|bounds
664,518.8,833.8,centroid,0.29,730.9,540.0,402.1,0.0,657.5,1168.9,1,91.9,1,1,accel_zoom=0.780|shot_pb=1.00|flight_commit=1.00|pb_zfit|keepin_prop=0.13|keepin_zoom=1.350|flight_boost=1.40|speed|edge_zoom=0.887|bounds
665,483.4,844.3,centroid,0.29,703.4,540.0,374.6,0.0,657.5,1168.9,1,84.0,1,1,accel_zoom=0.780|shot_pb=1.00|flight_commit=1.00|pb_zfit|keepin_prop=0.16|keepin_zoom=1.350|flight_boost=1.33|speed|edge_zoom=0.879|bounds
666,450.5,854.0,centroid,0.29,676.9,540.0,348.2,0.0,657.5,1168.9,1,77.6,1,1,accel_zoom=0.780|shot_pb=1.00|flight_commit=1.00|pb_zfit|keepin_prop=0.19|keepin_zoom=1.350|flight_boost=1.27|speed|edge_zoom=0.871|bounds
667,420.2,862.9,centroid,0.29,651.6,540.0,322.8,0.0,657.5,1168.9,1,72.6,1,1,accel_zoom=0.780|shot_pb=1.00|flight_commit=1.00|pb_zfit|keepin_prop=0.22|keepin_zoom=1.350|flight_boost=1.21|speed|edge_zoom=0.863|bounds
668,392.5,871.1,centroid,0.30,627.4,540.0,298.6,0.0,657.5,1168.9,1,69.1,1,1,accel_zoom=0.780|shot_pb=1.00|flight_commit=1.00|pb_zfit|keepin_prop=0.25|keepin_zoom=1.350|flight_boost=1.15|speed|edge_zoom=0.855|bounds
669,367.4,878.6,centroid,0.30,604.4,540.0,275.6,0.0,657.5,1168.9,1,67.0,1,1,accel_zoom=0.780|shot_pb=1.00|flight_commit=1.00|pb_zfit|keepin_prop=0.28|keepin_zoom=1.350|flight_boost=1.09|speed|edge_zoom=0.847|bounds
670,346.8,884.7,centroid,0.30,582.7,540.0,253.9,0.0,657.5,1168.9,1,68.1,1,1,accel_zoom=0.780|shot_pb=1.00|flight_commit=1.00|pb_zfit|keepin_prop=0.30|keepin_zoom=1.350|flight_boost=1.03|speed|edge_zoom=0.840|bounds
671,328.6,890.1,centroid,0.30,562.4,540.0,233.7,0.0,657.5,1168.9,1,70.2,1,1,shot_pb=1.00|flight_commit=1.00|pb_zfit|keepin_prop=0.32|keepin_zoom=1.350|speed|edge_zoom=0.834|bounds
672,312.4,894.9,centroid,0.30,543.6,540.0,214.8,0.0,657.5,1168.9,1,72.8,1,1,shot_pb=1.00|flight_commit=1.00|pb_zfit|keepin_prop=0.34|keepin_zoom=1.350|speed|edge_zoom=0.829|bounds
673,298.0,899.2,centroid,0.30,526.2,540.0,197.4,0.0,657.5,1168.9,1,75.8,1,1,shot_pb=1.00|flight_commit=1.00|pb_zfit|keepin_prop=0.36|keepin_zoom=1.350|speed|edge_zoom=0.824|bounds
674,285.2,903.0,centroid,0.30,510.2,540.0,181.5,0.0,657.5,1168.9,1,79.0,1,1,shot_pb=1.00|flight_commit=1.00|pb_zfit|keepin_prop=0.38|keepin_zoom=1.350|speed|edge_zoom=0.819|bounds
675,273.7,906.5,centroid,0.30,495.7,540.0,166.9,0.0,657.5,1168.9,1,82.0,1,1,shot_pb=1.00|flight_commit=1.00|pb_zfit|keepin_prop=0.40|keepin_zoom=1.350|speed|edge_zoom=0.815|bounds
676,263.4,909.7,centroid,0.30,482.5,540.0,153.7,0.0,657.5,1168.9,1,84.9,1,1,shot_pb=1.00|flight_commit=1.00|pb_zfit|keepin_prop=0.41|keepin_zoom=1.350|speed|edge_zoom=0.811|bounds
677,254.1,912.5,centroid,0.30,470.6,540.0,141.8,0.0,657.5,1168.9,1,87.5,1,1,shot_pb=1.00|flight_commit=1.00|pb_zfit|keepin_prop=0.42|keepin_zoom=1.350|speed|edge_zoom=0.807|bounds
678,245.6,915.2,centroid,0.30,459.9,540.0,131.1,0.0,657.5,1168.9,1,89.7,1,1,shot_pb=1.00|flight_commit=1.00|pb_zfit|keepin_prop=0.44|keepin_zoom=1.350|speed|edge_zoom=0.804|bounds
679,237.9,917.6,centroid,0.30,450.3,540.0,121.5,0.0,657.5,1168.9,1,91.6,1,1,shot_pb=1.00|flight_commit=1.00|pb_zfit|keepin_prop=0.45|keepin_zoom=1.350|speed|edge_zoom=0.800|bounds
680,230.9,919.9,centroid,0.30,441.6,540.0,112.8,0.0,657.5,1168.9,1,93.3,1,1,shot_pb=1.00|flight_commit=1.00|pb_zfit|keepin_prop=0.46|keepin_zoom=1.350|speed|edge_zoom=0.797|bounds
681,224.4,922.0,centroid,0.30,433.8,540.0,105.0,0.0,657.5,1168.9,1,94.6,1,1,shot_pb=1.00|flight_commit=1.00|pb_zfit|keepin_prop=0.47|keepin_zoom=1.350|speed|edge_zoom=0.795|bounds
682,218.4,924.1,centroid,0.30,426.8,540.0,98.0,0.0,657.5,1168.9,1,95.6,1,1,shot_pb=1.00|flight_commit=1.00|pb_zfit|keepin_prop=0.48|keepin_zoom=1.350|speed|edge_zoom=0.792|bounds
683,212.8,926.0,centroid,0.30,420.4,540.0,91.6,0.0,657.5,1168.9,1,96.4,1,1,shot_pb=1.00|flight_commit=1.00|pb_zfit|keepin_prop=0.49|keepin_zoom=1.350|speed|edge_zoom=0.790|bounds
684,207.5,927.9,centroid,0.30,414.6,540.0,85.8,0.0,657.5,1168.9,1,96.9,1,1,shot_pb=1.00|flight_commit=1.00|pb_zfit|keepin_prop=0.50|keepin_zoom=1.350|speed|edge_zoom=0.787|bounds
685,202.6,929.7,centroid,0.30,409.3,540.0,80.5,0.0,657.5,1168.9,1,97.3,1,1,shot_pb=1.00|flight_commit=1.00|pb_zfit|keepin_prop=0.50|keepin_zoom=1.350|speed|edge_zoom=0.785|bounds
686,197.9,931.5,centroid,0.30,404.4,540.0,75.7,0.0,657.5,1168.9,1,97.5,1,1,shot_pb=1.00|flight_commit=1.00|pb_zfit|keepin_prop=0.51|keepin_zoom=1.350|speed|edge_zoom=0.783|bounds
687,193.4,933.2,centroid,0.30,399.9,540.0,71.2,0.0,657.5,1168.9,1,97.5,1,1,shot_pb=1.00|flight_commit=1.00|pb_zfit|keepin_prop=0.52|keepin_zoom=1.350|speed|edge_zoom=0.780|bounds
688,189.1,934.9,centroid,0.30,395.7,540.0,67.0,0.0,657.5,1168.9,1,97.4,1,1,shot_pb=1.00|flight_commit=1.00|pb_zfit|keepin_prop=0.53|keepin_zoom=1.350|speed|edge_zoom=0.778|bounds
689,185.0,936.5,centroid,0.30,391.8,540.0,63.1,0.0,657.5,1168.9,1,97.2,1,1,shot_pb=1.00|flight_commit=1.00|pb_zfit|keepin_prop=0.54|keepin_zoom=1.350|speed|edge_zoom=0.776|bounds
690,181.1,938.2,centroid,0.30,388.1,540.0,59.4,0.0,657.5,1168.9,1,97.0,1,1,shot_pb=1.00|flight_commit=1.00|pb_zfit|keepin_prop=0.55|keepin_zoom=1.350|speed|edge_zoom=0.774|bounds
691,177.2,939.8,centroid,0.30,384.7,540.0,55.9,0.0,657.5,1168.9,1,96.5,1,1,shot_pb=1.00|flight_commit=1.00|pb_zfit|keepin_prop=0.55|keepin_zoom=1.350|speed|edge_zoom=0.772|bounds
692,173.5,941.4,centroid,0.30,381.4,540.0,52.6,0.0,657.5,1168.9,1,96.1,1,1,shot_pb=1.00|flight_commit=1.00|pb_zfit|keepin_prop=0.56|keepin_zoom=1.350|speed|edge_zoom=0.769|bounds
693,169.9,943.0,centroid,0.30,378.2,540.0,49.4,0.0,657.5,1168.9,1,95.7,1,1,shot_pb=1.00|flight_commit=1.00|pb_zfit|keepin_prop=0.57|keepin_zoom=1.350|speed|edge_zoom=0.767|bounds
694,166.4,944.6,centroid,0.30,375.2,540.0,46.4,0.0,657.5,1168.9,1,95.2,1,1,shot_pb=1.00|flight_commit=1.00|pb_zfit|keepin_prop=0.58|keepin_zoom=1.350|speed|edge_zoom=0.765|bounds
695,163.0,946.1,centroid,0.30,372.3,540.0,43.6,0.0,657.5,1168.9,1,94.7,1,1,shot_pb=1.00|flight_commit=1.00|pb_zfit|keepin_prop=0.58|keepin_zoom=1.350|speed|edge_zoom=0.763|bounds
696,159.7,947.6,centroid,0.30,369.6,540.0,40.8,0.0,657.5,1168.9,1,94.1,1,1,shot_pb=1.00|flight_commit=1.00|pb_zfit|keepin_prop=0.59|keepin_zoom=1.350|speed|edge_zoom=0.761|bounds
697,156.6,949.1,centroid,0.30,366.9,540.0,38.1,0.0,657.5,1168.9,1,93.7,1,1,shot_pb=1.00|flight_commit=1.00|pb_zfit|keepin_prop=0.60|keepin_zoom=1.350|speed|edge_zoom=0.759|bounds
698,153.5,950.6,centroid,0.30,364.4,540.0,35.6,0.0,657.5,1168.9,1,93.1,1,1,shot_pb=1.00|flight_commit=1.00|pb_zfit|keepin_prop=0.61|keepin_zoom=1.350|speed|edge_zoom=0.757|bounds
699,150.5,952.1,centroid,0.30,361.9,540.0,33.1,0.0,657.5,1168.9,1,92.6,1,1,shot_pb=1.00|flight_commit=1.00|pb_zfit|keepin_prop=0.62|keepin_zoom=1.350|speed|edge_zoom=0.754|bounds
700,147.6,953.5,centroid,0.30,359.5,540.0,30.8,0.0,657.5,1168.9,1,92.1,1,1,shot_pb=1.00|flight_commit=1.00|pb_zfit|keepin_prop=0.62|keepin_zoom=1.350|speed|edge_zoom=0.752|bounds
701,144.8,954.9,centroid,0.30,357.3,540.0,28.5,0.0,657.5,1168.9,1,91.5,1,1,shot_pb=1.00|flight_commit=1.00|pb_zfit|keepin_prop=0.63|keepin_zoom=1.350|speed|edge_zoom=0.750|bounds
702,142.1,956.2,centroid,0.30,355.1,540.0,26.4,0.0,657.5,1168.9,1,91.0,1,1,shot_pb=1.00|flight_commit=1.00|pb_zfit|keepin_prop=0.64|keepin_zoom=1.350|speed|edge_zoom=0.750|bounds
703,139.6,957.5,centroid,0.30,353.0,540.0,24.3,0.0,657.5,1168.9,1,90.6,1,1,shot_pb=1.00|flight_commit=1.00|pb_zfit|keepin_prop=0.65|keepin_zoom=1.350|speed|edge_zoom=0.750|bounds
704,137.2,958.8,centroid,0.30,351.1,540.0,22.3,0.0,657.5,1168.9,1,90.1,1,1,shot_pb=1.00|flight_commit=1.00|pb_zfit|keepin_prop=0.65|keepin_zoom=1.350|speed|edge_zoom=0.750|bounds
705,134.8,960.0,centroid,0.30,349.2,540.0,20.4,0.0,657.5,1168.9,1,89.6,1,1,shot_pb=1.00|flight_commit=1.00|pb_zfit|keepin_prop=0.66|keepin_zoom=1.350|speed|edge_zoom=0.750|bounds
706,132.6,961.1,centroid,0.30,347.4,540.0,18.7,0.0,657.5,1168.9,1,89.2,1,1,shot_pb=1.00|flight_commit=1.00|pb_zfit|keepin_prop=0.67|keepin_zoom=1.350|speed|edge_zoom=0.750|bounds
707,130.5,962.3,centroid,0.30,345.8,540.0,17.0,0.0,657.5,1168.9,1,88.7,1,1,shot_pb=1.00|flight_commit=1.00|pb_zfit|keepin_prop=0.67|keepin_zoom=1.350|speed|edge_zoom=0.750|bounds
708,128.6,963.3,centroid,0.30,344.2,540.0,15.4,0.0,657.5,1168.9,1,88.4,1,1,shot_pb=1.00|flight_commit=1.00|pb_zfit|keepin_prop=0.68|keepin_zoom=1.350|speed|edge_zoom=0.750|bounds
709,126.7,964.3,centroid,0.30,342.8,540.0,14.0,0.0,657.5,1168.9,1,87.9,1,1,shot_pb=1.00|flight_commit=1.00|pb_zfit|keepin_prop=0.68|keepin_zoom=1.350|speed|edge_zoom=0.750|bounds
710,125.0,965.3,centroid,0.30,341.4,540.0,12.7,0.0,657.5,1168.9,1,87.6,1,1,shot_pb=1.00|flight_commit=1.00|pb_zfit|keepin_prop=0.69|keepin_zoom=1.350|speed|edge_zoom=0.750|bounds
711,123.4,966.2,centroid,0.30,340.2,540.0,11.5,0.0,657.5,1168.9,1,87.2,1,1,shot_pb=1.00|flight_commit=1.00|pb_zfit|keepin_prop=0.69|keepin_zoom=1.350|speed|edge_zoom=0.750|bounds
712,122.0,967.0,centroid,0.30,339.2,540.0,10.4,0.0,657.5,1168.9,1,86.8,1,1,shot_pb=1.00|flight_commit=1.00|pb_zfit|keepin_prop=0.70|keepin_zoom=1.350|speed|edge_zoom=0.750|bounds
713,120.6,967.8,centroid,0.30,338.3,540.0,9.5,0.0,657.5,1168.9,1,86.3,1,1,shot_pb=1.00|flight_commit=1.00|pb_zfit|keepin_prop=0.70|keepin_zoom=1.350|speed|edge_zoom=0.750|bounds
714,119.4,968.5,centroid,0.30,337.6,540.0,8.8,0.0,657.5,1168.9,1,85.8,1,1,shot_pb=1.00|flight_commit=1.00|pb_zfit|keepin_prop=0.71|keepin_zoom=1.350|speed|edge_zoom=0.750|bounds
715,118.3,969.1,centroid,0.30,337.1,540.0,8.3,0.0,657.5,1168.9,1,85.2,1,1,shot_pb=1.00|flight_commit=1.00|pb_zfit|keepin_prop=0.71|keepin_zoom=1.350|speed|edge_zoom=0.750|bounds
