"base","in_path","bytes","out_exists","out_count","out_sample","telemetry_present","ball_jsonl","red_ball_jsonl","folder"
"001__2025-09-13__TSC_vs_NEOFC__SHOT__t156-t166","C:\Users\scott\soccer-video\out\atomic_clips\2025-09-13__TSC_vs_NEOFC\001__2025-09-13__TSC_vs_NEOFC__SHOT__t156-t166.mp4","16096814","False","0","","False","False","False","C:\Users\scott\soccer-video\out\atomic_clips\2025-09-13__TSC_vs_NEOFC"
"001__2025-09-13__TSC_vs_NEOFC__SHOT__t156-t166.__CINEMATIC","C:\Users\scott\soccer-video\out\atomic_clips\2025-09-13__TSC_vs_NEOFC\001__2025-09-13__TSC_vs_NEOFC__SHOT__t156-t166.__CINEMATIC.mp4","6981570","False","0","","False","False","False","C:\Users\scott\soccer-video\out\atomic_clips\2025-09-13__TSC_vs_NEOFC"
"001__2025-09-13__TSC_vs_NEOFC__SHOT__t156-t166.__CINEMATIC.__CINEMATIC","C:\Users\scott\soccer-video\out\atomic_clips\2025-09-13__TSC_vs_NEOFC\001__2025-09-13__TSC_vs_NEOFC__SHOT__t156-t166.__CINEMATIC.__CINEMATIC.mp4","5518999","False","0","","False","False","False","C:\Users\scott\soccer-video\out\atomic_clips\2025-09-13__TSC_vs_NEOFC"
"001__2025-09-13__TSC_vs_NEOFC__SHOT__t156-t166.__CINEMATIC.__CINEMATIC.__CINEMATIC","C:\Users\scott\soccer-video\out\atomic_clips\2025-09-13__TSC_vs_NEOFC\001__2025-09-13__TSC_vs_NEOFC__SHOT__t156-t166.__CINEMATIC.__CINEMATIC.__CINEMATIC.mp4","4801306","False","0","","False","False","False","C:\Users\scott\soccer-video\out\atomic_clips\2025-09-13__TSC_vs_NEOFC"
"001__2025-09-13__TSC_vs_NEOFC__SHOT__t156-t166.__CINEMATIC.__CINEMATIC.__CINEMATIC.__CINEMATIC","C:\Users\scott\soccer-video\out\atomic_clips\2025-09-13__TSC_vs_NEOFC\001__2025-09-13__TSC_vs_NEOFC__SHOT__t156-t166.__CINEMATIC.__CINEMATIC.__CINEMATIC.__CINEMATIC.mp4","3579645","False","0","","False","False","False","C:\Users\scott\soccer-video\out\atomic_clips\2025-09-13__TSC_vs_NEOFC"
"001__2025-09-13__TSC_vs_NEOFC__SHOT__t156-t166.__CINEMATIC.__CINEMATIC.__CINEMATIC.__CINEMATIC.__CINEMATIC","C:\Users\scott\soccer-video\out\atomic_clips\2025-09-13__TSC_vs_NEOFC\001__2025-09-13__TSC_vs_NEOFC__SHOT__t156-t166.__CINEMATIC.__CINEMATIC.__CINEMATIC.__CINEMATIC.__CINEMATIC.mp4","1531954","False","0","","False","False","False","C:\Users\scott\soccer-video\out\atomic_clips\2025-09-13__TSC_vs_NEOFC"
"001__2025-09-13__TSC_vs_NEOFC__SHOT__t156-t166.__CINEMATIC.__CINEMATIC.__CINEMATIC.__CINEMATIC.__CINEMATIC.__CINEMATIC","C:\Users\scott\soccer-video\out\atomic_clips\2025-09-13__TSC_vs_NEOFC\001__2025-09-13__TSC_vs_NEOFC__SHOT__t156-t166.__CINEMATIC.__CINEMATIC.__CINEMATIC.__CINEMATIC.__CINEMATIC.__CINEMATIC.mp4","791634","False","0","","False","False","False","C:\Users\scott\soccer-video\out\atomic_clips\2025-09-13__TSC_vs_NEOFC"
"001__2025-09-13__TSC_vs_NEOFC__SHOT__t156-t166.__CINEMATIC.__CINEMATIC.__CINEMATIC.__CINEMATIC.__CINEMATIC.__CINEMATIC.__CINEMATIC","C:\Users\scott\soccer-video\out\atomic_clips\2025-09-13__TSC_vs_NEOFC\001__2025-09-13__TSC_vs_NEOFC__SHOT__t156-t166.__CINEMATIC.__CINEMATIC.__CINEMATIC.__CINEMATIC.__CINEMATIC.__CINEMATIC.__CINEMATIC.mp4","706223","False","0","","False","False","False","C:\Users\scott\soccer-video\out\atomic_clips\2025-09-13__TSC_vs_NEOFC"
"001__2025-09-20__TSC_vs_Greenwood__BUILD_UP_PLAY_SHOT__t18900.00-t20340.00","C:\Users\scott\soccer-video\out\atomic_clips\2025-09-20__TSC_vs_Greenwood\001__2025-09-20__TSC_vs_Greenwood__BUILD_UP_PLAY_SHOT__t18900.00-t20340.00.mp4","41531230","False","0","","False","False","False","C:\Users\scott\soccer-video\out\atomic_clips\2025-09-20__TSC_vs_Greenwood"
"001__2025-09-20__TSC_vs_Greenwood__BUILD_UP_PLAY_SHOT__t18900.00-t20340.00","C:\Users\scott\soccer-video\out\atomic_clips\_quarantine\001__2025-09-20__TSC_vs_Greenwood__BUILD_UP_PLAY_SHOT__t18900.00-t20340.00.mp4","3039710","False","0","","False","False","False","C:\Users\scott\soccer-video\out\atomic_clips\_quarantine"
"001__2025-09-20__TSC_vs_Greenwood__BUILD_UP_PLAY_SHOT__t18900.00-t20340.00.__CINEMATIC","C:\Users\scott\soccer-video\out\atomic_clips\_quarantine\001__2025-09-20__TSC_vs_Greenwood__BUILD_UP_PLAY_SHOT__t18900.00-t20340.00.__CINEMATIC.mp4","15436269","False","0","","False","False","False","C:\Users\scott\soccer-video\out\atomic_clips\_quarantine"
"001__2025-09-20__TSC_vs_Greenwood__BUILD_UP_PLAY_SHOT__t18900.00-t20340.00.__CINEMATIC","C:\Users\scott\soccer-video\out\atomic_clips\2025-09-20__TSC_vs_Greenwood\001__2025-09-20__TSC_vs_Greenwood__BUILD_UP_PLAY_SHOT__t18900.00-t20340.00.__CINEMATIC.mp4","15436269","False","0","","False","False","False","C:\Users\scott\soccer-video\out\atomic_clips\2025-09-20__TSC_vs_Greenwood"
"001__2025-09-20__TSC_vs_Greenwood__BUILD_UP_PLAY_SHOT__t18900.00-t20340.00.__CINEMATIC.__CINEMATIC","C:\Users\scott\soccer-video\out\atomic_clips\2025-09-20__TSC_vs_Greenwood\001__2025-09-20__TSC_vs_Greenwood__BUILD_UP_PLAY_SHOT__t18900.00-t20340.00.__CINEMATIC.__CINEMATIC.mp4","11582861","False","0","","False","False","False","C:\Users\scott\soccer-video\out\atomic_clips\2025-09-20__TSC_vs_Greenwood"
"001__2025-09-20__TSC_vs_Greenwood__BUILD_UP_PLAY_SHOT__t18900.00-t20340.00.__CINEMATIC.__CINEMATIC","C:\Users\scott\soccer-video\out\atomic_clips\_quarantine\001__2025-09-20__TSC_vs_Greenwood__BUILD_UP_PLAY_SHOT__t18900.00-t20340.00.__CINEMATIC.__CINEMATIC.mp4","10869490","False","0","","False","False","False","C:\Users\scott\soccer-video\out\atomic_clips\_quarantine"
"001__2025-09-20__TSC_vs_Greenwood__BUILD_UP_PLAY_SHOT__t18900.00-t20340.00.__CINEMATIC.__CINEMATIC.__CINEMATIC","C:\Users\scott\soccer-video\out\atomic_clips\2025-09-20__TSC_vs_Greenwood\001__2025-09-20__TSC_vs_Greenwood__BUILD_UP_PLAY_SHOT__t18900.00-t20340.00.__CINEMATIC.__CINEMATIC.__CINEMATIC.mp4","10869490","False","0","","False","False","False","C:\Users\scott\soccer-video\out\atomic_clips\2025-09-20__TSC_vs_Greenwood"
"001__2025-09-20__TSC_vs_Greenwood__BUILD_UP_PLAY_SHOT__t18900.00-t20340.00.__CINEMATIC.__CINEMATIC.__CINEMATIC","C:\Users\scott\soccer-video\out\atomic_clips\_quarantine\001__2025-09-20__TSC_vs_Greenwood__BUILD_UP_PLAY_SHOT__t18900.00-t20340.00.__CINEMATIC.__CINEMATIC.__CINEMATIC.mp4","9722819","False","0","","False","False","False","C:\Users\scott\soccer-video\out\atomic_clips\_quarantine"
"001__2025-09-20__TSC_vs_Greenwood__BUILD_UP_PLAY_SHOT__t18900.00-t20340.00.__CINEMATIC.__CINEMATIC.__CINEMATIC.__CINEMATIC","C:\Users\scott\soccer-video\out\atomic_clips\2025-09-20__TSC_vs_Greenwood\001__2025-09-20__TSC_vs_Greenwood__BUILD_UP_PLAY_SHOT__t18900.00-t20340.00.__CINEMATIC.__CINEMATIC.__CINEMATIC.__CINEMATIC.mp4","9722819","False","0","","False","False","False","C:\Users\scott\soccer-video\out\atomic_clips\2025-09-20__TSC_vs_Greenwood"
"001__2025-09-20__TSC_vs_Greenwood__BUILD_UP_PLAY_SHOT__t18900.00-t20340.00.__CINEMATIC.__CINEMATIC.__CINEMATIC.__CINEMATIC","C:\Users\scott\soccer-video\out\atomic_clips\_quarantine\001__2025-09-20__TSC_vs_Greenwood__BUILD_UP_PLAY_SHOT__t18900.00-t20340.00.__CINEMATIC.__CINEMATIC.__CINEMATIC.__CINEMATIC.mp4","7537649","False","0","","False","False","False","C:\Users\scott\soccer-video\out\atomic_clips\_quarantine"
"001__2025-09-20__TSC_vs_Greenwood__BUILD_UP_PLAY_SHOT__t18900.00-t20340.00.__CINEMATIC.__CINEMATIC.__CINEMATIC.__CINEMATIC.__CINEMATIC","C:\Users\scott\soccer-video\out\atomic_clips\_quarantine\001__2025-09-20__TSC_vs_Greenwood__BUILD_UP_PLAY_SHOT__t18900.00-t20340.00.__CINEMATIC.__CINEMATIC.__CINEMATIC.__CINEMATIC.__CINEMATIC.mp4","4928228","False","0","","False","False","False","C:\Users\scott\soccer-video\out\atomic_clips\_quarantine"
"001__2025-09-20__TSC_vs_Greenwood__BUILD_UP_PLAY_SHOT__t18900.00-t20340.00.__CINEMATIC.__CINEMATIC.__CINEMATIC.__CINEMATIC.__CINEMATIC","C:\Users\scott\soccer-video\out\atomic_clips\2025-09-20__TSC_vs_Greenwood\001__2025-09-20__TSC_vs_Greenwood__BUILD_UP_PLAY_SHOT__t18900.00-t20340.00.__CINEMATIC.__CINEMATIC.__CINEMATIC.__CINEMATIC.__CINEMATIC.mp4","4928228","False","0","","False","False","False","C:\Users\scott\soccer-video\out\atomic_clips\2025-09-20__TSC_vs_Greenwood"
"001__2025-09-20__TSC_vs_Greenwood__BUILD_UP_PLAY_SHOT__t18900.00-t20340.00.__CINEMATIC.__CINEMATIC.__CINEMATIC.__CINEMATIC.__CINEMATIC.__CINEMATIC","C:\Users\scott\soccer-video\out\atomic_clips\_quarantine\001__2025-09-20__TSC_vs_Greenwood__BUILD_UP_PLAY_SHOT__t18900.00-t20340.00.__CINEMATIC.__CINEMATIC.__CINEMATIC.__CINEMATIC.__CINEMATIC.__CINEMATIC.mp4","1889859","False","0","","False","False","False","C:\Users\scott\soccer-video\out\atomic_clips\_quarantine"
"001__2025-09-20__TSC_vs_Greenwood__BUILD_UP_PLAY_SHOT__t18900.00-t20340.00.__CINEMATIC.__CINEMATIC.__CINEMATIC.__CINEMATIC.__CINEMATIC.__CINEMATIC","C:\Users\scott\soccer-video\out\atomic_clips\2025-09-20__TSC_vs_Greenwood\001__2025-09-20__TSC_vs_Greenwood__BUILD_UP_PLAY_SHOT__t18900.00-t20340.00.__CINEMATIC.__CINEMATIC.__CINEMATIC.__CINEMATIC.__CINEMATIC.__CINEMATIC.mp4","1889859","False","0","","False","False","False","C:\Users\scott\soccer-video\out\atomic_clips\2025-09-20__TSC_vs_Greenwood"
"001__2025-09-20__TSC_vs_Greenwood__BUILD_UP_PLAY_SHOT__t18900.00-t20340.00.__CINEMATIC.__CINEMATIC.__CINEMATIC.__CINEMATIC.__CINEMATIC.__CINEMATIC.__CINEMATIC","C:\Users\scott\soccer-video\out\atomic_clips\2025-09-20__TSC_vs_Greenwood\001__2025-09-20__TSC_vs_Greenwood__BUILD_UP_PLAY_SHOT__t18900.00-t20340.00.__CINEMATIC.__CINEMATIC.__CINEMATIC.__CINEMATIC.__CINEMATIC.__CINEMATIC.__CINEMATIC.mp4","1402425","False","0","","False","False","False","C:\Users\scott\soccer-video\out\atomic_clips\2025-09-20__TSC_vs_Greenwood"
"001__2025-09-20__TSC_vs_RVFC__SHOT__t7320.00-t7860.00","C:\Users\scott\soccer-video\out\atomic_clips\_quarantine\001__2025-09-20__TSC_vs_RVFC__SHOT__t7320.00-t7860.00.mp4","866337","False","0","","False","False","False","C:\Users\scott\soccer-video\out\atomic_clips\_quarantine"
"001__2025-09-20__TSC_vs_RVFC__SHOT__t7320.00-t7860.00","C:\Users\scott\soccer-video\out\atomic_clips\2025-09-20__TSC_vs_RVFC\001__2025-09-20__TSC_vs_RVFC__SHOT__t7320.00-t7860.00.mp4","142712638","False","0","","False","False","False","C:\Users\scott\soccer-video\out\atomic_clips\2025-09-20__TSC_vs_RVFC"
"001__2025-09-20__TSC_vs_RVFC__SHOT__t7320.00-t7860.00.__CINEMATIC","C:\Users\scott\soccer-video\out\atomic_clips\2025-09-20__TSC_vs_RVFC\001__2025-09-20__TSC_vs_RVFC__SHOT__t7320.00-t7860.00.__CINEMATIC.mp4","49735975","False","0","","False","False","False","C:\Users\scott\soccer-video\out\atomic_clips\2025-09-20__TSC_vs_RVFC"
"001__2025-09-20__TSC_vs_RVFC__SHOT__t7320.00-t7860.00.__CINEMATIC","C:\Users\scott\soccer-video\out\atomic_clips\_quarantine\001__2025-09-20__TSC_vs_RVFC__SHOT__t7320.00-t7860.00.__CINEMATIC.mp4","49735975","False","0","","False","False","False","C:\Users\scott\soccer-video\out\atomic_clips\_quarantine"
"001__2025-09-20__TSC_vs_RVFC__SHOT__t7320.00-t7860.00.__CINEMATIC.__CINEMATIC","C:\Users\scott\soccer-video\out\atomic_clips\2025-09-20__TSC_vs_RVFC\001__2025-09-20__TSC_vs_RVFC__SHOT__t7320.00-t7860.00.__CINEMATIC.__CINEMATIC.mp4","32846812","False","0","","False","False","False","C:\Users\scott\soccer-video\out\atomic_clips\2025-09-20__TSC_vs_RVFC"
"001__2025-09-20__TSC_vs_RVFC__SHOT__t7320.00-t7860.00.__CINEMATIC.__CINEMATIC","C:\Users\scott\soccer-video\out\atomic_clips\_quarantine\001__2025-09-20__TSC_vs_RVFC__SHOT__t7320.00-t7860.00.__CINEMATIC.__CINEMATIC.mp4","28116408","False","0","","False","False","False","C:\Users\scott\soccer-video\out\atomic_clips\_quarantine"
"001__2025-09-20__TSC_vs_RVFC__SHOT__t7320.00-t7860.00.__CINEMATIC.__CINEMATIC.__CINEMATIC","C:\Users\scott\soccer-video\out\atomic_clips\2025-09-20__TSC_vs_RVFC\001__2025-09-20__TSC_vs_RVFC__SHOT__t7320.00-t7860.00.__CINEMATIC.__CINEMATIC.__CINEMATIC.mp4","28116408","False","0","","False","False","False","C:\Users\scott\soccer-video\out\atomic_clips\2025-09-20__TSC_vs_RVFC"
"001__2025-09-20__TSC_vs_RVFC__SHOT__t7320.00-t7860.00.__CINEMATIC.__CINEMATIC.__CINEMATIC","C:\Users\scott\soccer-video\out\atomic_clips\_quarantine\001__2025-09-20__TSC_vs_RVFC__SHOT__t7320.00-t7860.00.__CINEMATIC.__CINEMATIC.__CINEMATIC.mp4","28218464","False","0","","False","False","False","C:\Users\scott\soccer-video\out\atomic_clips\_quarantine"
"001__2025-09-20__TSC_vs_RVFC__SHOT__t7320.00-t7860.00.__CINEMATIC.__CINEMATIC.__CINEMATIC.__CINEMATIC","C:\Users\scott\soccer-video\out\atomic_clips\2025-09-20__TSC_vs_RVFC\001__2025-09-20__TSC_vs_RVFC__SHOT__t7320.00-t7860.00.__CINEMATIC.__CINEMATIC.__CINEMATIC.__CINEMATIC.mp4","28218464","False","0","","False","False","False","C:\Users\scott\soccer-video\out\atomic_clips\2025-09-20__TSC_vs_RVFC"
"001__2025-09-20__TSC_vs_RVFC__SHOT__t7320.00-t7860.00.__CINEMATIC.__CINEMATIC.__CINEMATIC.__CINEMATIC","C:\Users\scott\soccer-video\out\atomic_clips\_quarantine\001__2025-09-20__TSC_vs_RVFC__SHOT__t7320.00-t7860.00.__CINEMATIC.__CINEMATIC.__CINEMATIC.__CINEMATIC.mp4","23786628","False","0","","False","False","False","C:\Users\scott\soccer-video\out\atomic_clips\_quarantine"
"001__2025-09-20__TSC_vs_RVFC__SHOT__t7320.00-t7860.00.__CINEMATIC.__CINEMATIC.__CINEMATIC.__CINEMATIC.__CINEMATIC","C:\Users\scott\soccer-video\out\atomic_clips\2025-09-20__TSC_vs_RVFC\001__2025-09-20__TSC_vs_RVFC__SHOT__t7320.00-t7860.00.__CINEMATIC.__CINEMATIC.__CINEMATIC.__CINEMATIC.__CINEMATIC.mp4","16346471","False","0","","False","False","False","C:\Users\scott\soccer-video\out\atomic_clips\2025-09-20__TSC_vs_RVFC"
"001__2025-09-20__TSC_vs_RVFC__SHOT__t7320.00-t7860.00.__CINEMATIC.__CINEMATIC.__CINEMATIC.__CINEMATIC.__CINEMATIC","C:\Users\scott\soccer-video\out\atomic_clips\_quarantine\001__2025-09-20__TSC_vs_RVFC__SHOT__t7320.00-t7860.00.__CINEMATIC.__CINEMATIC.__CINEMATIC.__CINEMATIC.__CINEMATIC.mp4","16346471","False","0","","False","False","False","C:\Users\scott\soccer-video\out\atomic_clips\_quarantine"
"001__2025-09-20__TSC_vs_RVFC__SHOT__t7320.00-t7860.00.__CINEMATIC.__CINEMATIC.__CINEMATIC.__CINEMATIC.__CINEMATIC.__CINEMATIC","C:\Users\scott\soccer-video\out\atomic_clips\2025-09-20__TSC_vs_RVFC\001__2025-09-20__TSC_vs_RVFC__SHOT__t7320.00-t7860.00.__CINEMATIC.__CINEMATIC.__CINEMATIC.__CINEMATIC.__CINEMATIC.__CINEMATIC.mp4","5686055","False","0","","False","False","False","C:\Users\scott\soccer-video\out\atomic_clips\2025-09-20__TSC_vs_RVFC"
"001__2025-09-20__TSC_vs_RVFC__SHOT__t7320.00-t7860.00.__CINEMATIC.__CINEMATIC.__CINEMATIC.__CINEMATIC.__CINEMATIC.__CINEMATIC","C:\Users\scott\soccer-video\out\atomic_clips\_quarantine\001__2025-09-20__TSC_vs_RVFC__SHOT__t7320.00-t7860.00.__CINEMATIC.__CINEMATIC.__CINEMATIC.__CINEMATIC.__CINEMATIC.__CINEMATIC.mp4","5686055","False","0","","False","False","False","C:\Users\scott\soccer-video\out\atomic_clips\_quarantine"
"001__2025-09-20__TSC_vs_RVFC__SHOT__t7320.00-t7860.00.__CINEMATIC.__CINEMATIC.__CINEMATIC.__CINEMATIC.__CINEMATIC.__CINEMATIC.__CINEMATIC","C:\Users\scott\soccer-video\out\atomic_clips\2025-09-20__TSC_vs_RVFC\001__2025-09-20__TSC_vs_RVFC__SHOT__t7320.00-t7860.00.__CINEMATIC.__CINEMATIC.__CINEMATIC.__CINEMATIC.__CINEMATIC.__CINEMATIC.__CINEMATIC.mp4","3963294","False","0","","False","False","False","C:\Users\scott\soccer-video\out\atomic_clips\2025-09-20__TSC_vs_RVFC"
"001__2025-10-04__TSC_vs_FC_Tulsa_Black__DRIBBLING__t23220.00-t24720.00","C:\Users\scott\soccer-video\out\atomic_clips\_quarantine\001__2025-10-04__TSC_vs_FC_Tulsa_Black__DRIBBLING__t23220.00-t24720.00.mp4","2635807","False","0","","False","False","False","C:\Users\scott\soccer-video\out\atomic_clips\_quarantine"
"001__2025-10-04__TSC_vs_FC_Tulsa_Black__DRIBBLING__t387-t412","C:\Users\scott\soccer-video\out\atomic_clips\2025-10-04__TSC_vs_FC_Tulsa_Black\001__2025-10-04__TSC_vs_FC_Tulsa_Black__DRIBBLING__t387-t412.mp4","36907589","False","0","","False","False","False","C:\Users\scott\soccer-video\out\atomic_clips\2025-10-04__TSC_vs_FC_Tulsa_Black"
"001__2025-10-04__TSC_vs_FC_Tulsa_Black__DRIBBLING__t387-t412.__CINEMATIC","C:\Users\scott\soccer-video\out\atomic_clips\2025-10-04__TSC_vs_FC_Tulsa_Black\001__2025-10-04__TSC_vs_FC_Tulsa_Black__DRIBBLING__t387-t412.__CINEMATIC.mp4","13984012","False","0","","False","False","False","C:\Users\scott\soccer-video\out\atomic_clips\2025-10-04__TSC_vs_FC_Tulsa_Black"
"001__2025-10-04__TSC_vs_FC_Tulsa_Black__DRIBBLING__t387-t412.__CINEMATIC.__CINEMATIC","C:\Users\scott\soccer-video\out\atomic_clips\2025-10-04__TSC_vs_FC_Tulsa_Black\001__2025-10-04__TSC_vs_FC_Tulsa_Black__DRIBBLING__t387-t412.__CINEMATIC.__CINEMATIC.mp4","9795520","False","0","","False","False","False","C:\Users\scott\soccer-video\out\atomic_clips\2025-10-04__TSC_vs_FC_Tulsa_Black"
"001__2025-10-04__TSC_vs_FC_Tulsa_Black__DRIBBLING__t387-t412.__CINEMATIC.__CINEMATIC.__CINEMATIC","C:\Users\scott\soccer-video\out\atomic_clips\2025-10-04__TSC_vs_FC_Tulsa_Black\001__2025-10-04__TSC_vs_FC_Tulsa_Black__DRIBBLING__t387-t412.__CINEMATIC.__CINEMATIC.__CINEMATIC.mp4","8653386","False","0","","False","False","False","C:\Users\scott\soccer-video\out\atomic_clips\2025-10-04__TSC_vs_FC_Tulsa_Black"
"001__2025-10-04__TSC_vs_FC_Tulsa_Black__DRIBBLING__t387-t412.__CINEMATIC.__CINEMATIC.__CINEMATIC.__CINEMATIC","C:\Users\scott\soccer-video\out\atomic_clips\2025-10-04__TSC_vs_FC_Tulsa_Black\001__2025-10-04__TSC_vs_FC_Tulsa_Black__DRIBBLING__t387-t412.__CINEMATIC.__CINEMATIC.__CINEMATIC.__CINEMATIC.mp4","7277756","False","0","","False","False","False","C:\Users\scott\soccer-video\out\atomic_clips\2025-10-04__TSC_vs_FC_Tulsa_Black"
"001__2025-10-04__TSC_vs_FC_Tulsa_Black__DRIBBLING__t387-t412.__CINEMATIC.__CINEMATIC.__CINEMATIC.__CINEMATIC.__CINEMATIC","C:\Users\scott\soccer-video\out\atomic_clips\2025-10-04__TSC_vs_FC_Tulsa_Black\001__2025-10-04__TSC_vs_FC_Tulsa_Black__DRIBBLING__t387-t412.__CINEMATIC.__CINEMATIC.__CINEMATIC.__CINEMATIC.__CINEMATIC.mp4","3504823","False","0","","False","False","False","C:\Users\scott\soccer-video\out\atomic_clips\2025-10-04__TSC_vs_FC_Tulsa_Black"
"001__2025-10-04__TSC_vs_FC_Tulsa_Black__DRIBBLING__t387-t412.__CINEMATIC.__CINEMATIC.__CINEMATIC.__CINEMATIC.__CINEMATIC.__CINEMATIC","C:\Users\scott\soccer-video\out\atomic_clips\2025-10-04__TSC_vs_FC_Tulsa_Black\001__2025-10-04__TSC_vs_FC_Tulsa_Black__DRIBBLING__t387-t412.__CINEMATIC.__CINEMATIC.__CINEMATIC.__CINEMATIC.__CINEMATIC.__CINEMATIC.mp4","1733538","False","0","","False","False","False","C:\Users\scott\soccer-video\out\atomic_clips\2025-10-04__TSC_vs_FC_Tulsa_Black"
"001__2025-10-04__TSC_vs_FC_Tulsa_Black__DRIBBLING__t387-t412.__CINEMATIC.__CINEMATIC.__CINEMATIC.__CINEMATIC.__CINEMATIC.__CINEMATIC.__CINEMATIC","C:\Users\scott\soccer-video\out\atomic_clips\2025-10-04__TSC_vs_FC_Tulsa_Black\001__2025-10-04__TSC_vs_FC_Tulsa_Black__DRIBBLING__t387-t412.__CINEMATIC.__CINEMATIC.__CINEMATIC.__CINEMATIC.__CINEMATIC.__CINEMATIC.__CINEMATIC.mp4","1431790","False","0","","False","False","False","C:\Users\scott\soccer-video\out\atomic_clips\2025-10-04__TSC_vs_FC_Tulsa_Black"
"001__Pressure & Build Up with a Great Cross__0_06_37-0_07_10","C:\Users\scott\soccer-video\out\atomic_clips\2025-11-04__TSC_-_Navy_Oct_2025\001__Pressure & Build Up with a Great Cross__0_06_37-0_07_10.mp4","11210607","False","0","","False","False","False","C:\Users\scott\soccer-video\out\atomic_clips\2025-11-04__TSC_-_Navy_Oct_2025"
"001__Pressure & Build Up with a Great Cross__0_06_37-0_07_10.__CINEMATIC","C:\Users\scott\soccer-video\out\atomic_clips\2025-11-04__TSC_-_Navy_Oct_2025\001__Pressure & Build Up with a Great Cross__0_06_37-0_07_10.__CINEMATIC.mp4","15039859","False","0","","False","False","False","C:\Users\scott\soccer-video\out\atomic_clips\2025-11-04__TSC_-_Navy_Oct_2025"
"001__Pressure & Build Up with a Great Cross__0_06_37-0_07_10.__CINEMATIC.__CINEMATIC","C:\Users\scott\soccer-video\out\atomic_clips\2025-11-04__TSC_-_Navy_Oct_2025\001__Pressure & Build Up with a Great Cross__0_06_37-0_07_10.__CINEMATIC.__CINEMATIC.mp4","12284376","False","0","","False","False","False","C:\Users\scott\soccer-video\out\atomic_clips\2025-11-04__TSC_-_Navy_Oct_2025"
"001__Pressure & Build Up with a Great Cross__0_06_37-0_07_10.__CINEMATIC.__CINEMATIC.__CINEMATIC","C:\Users\scott\soccer-video\out\atomic_clips\2025-11-04__TSC_-_Navy_Oct_2025\001__Pressure & Build Up with a Great Cross__0_06_37-0_07_10.__CINEMATIC.__CINEMATIC.__CINEMATIC.mp4","9110415","False","0","","False","False","False","C:\Users\scott\soccer-video\out\atomic_clips\2025-11-04__TSC_-_Navy_Oct_2025"
"001__Pressure & Build Up with a Great Cross__0_06_37-0_07_10.__CINEMATIC.__CINEMATIC.__CINEMATIC.__CINEMATIC","C:\Users\scott\soccer-video\out\atomic_clips\2025-11-04__TSC_-_Navy_Oct_2025\001__Pressure & Build Up with a Great Cross__0_06_37-0_07_10.__CINEMATIC.__CINEMATIC.__CINEMATIC.__CINEMATIC.mp4","6034583","False","0","","False","False","False","C:\Users\scott\soccer-video\out\atomic_clips\2025-11-04__TSC_-_Navy_Oct_2025"
"001__Pressure & Build Up with a Great Cross__0_06_37-0_07_10.__CINEMATIC.__CINEMATIC.__CINEMATIC.__CINEMATIC.__CINEMATIC","C:\Users\scott\soccer-video\out\atomic_clips\2025-11-04__TSC_-_Navy_Oct_2025\001__Pressure & Build Up with a Great Cross__0_06_37-0_07_10.__CINEMATIC.__CINEMATIC.__CINEMATIC.__CINEMATIC.__CINEMATIC.mp4","2667062","False","0","","False","False","False","C:\Users\scott\soccer-video\out\atomic_clips\2025-11-04__TSC_-_Navy_Oct_2025"
"001__Pressure & Build Up with a Great Cross__0_06_37-0_07_10.__CINEMATIC.__CINEMATIC.__CINEMATIC.__CINEMATIC.__CINEMATIC.__CINEMATIC","C:\Users\scott\soccer-video\out\atomic_clips\2025-11-04__TSC_-_Navy_Oct_2025\001__Pressure & Build Up with a Great Cross__0_06_37-0_07_10.__CINEMATIC.__CINEMATIC.__CINEMATIC.__CINEMATIC.__CINEMATIC.__CINEMATIC.mp4","1907080","False","0","","False","False","False","C:\Users\scott\soccer-video\out\atomic_clips\2025-11-04__TSC_-_Navy_Oct_2025"
"001__Pressure & Build Up with a Great Cross__0_06_37-0_07_10.__CINEMATIC.__CINEMATIC.__CINEMATIC.__CINEMATIC.__CINEMATIC.__CINEMATIC.__CINEMATIC","C:\Users\scott\soccer-video\out\atomic_clips\2025-11-04__TSC_-_Navy_Oct_2025\001__Pressure & Build Up with a Great Cross__0_06_37-0_07_10.__CINEMATIC.__CINEMATIC.__CINEMATIC.__CINEMATIC.__CINEMATIC.__CINEMATIC.__CINEMATIC.mp4","1853141","False","0","","False","False","False","C:\Users\scott\soccer-video\out\atomic_clips\2025-11-04__TSC_-_Navy_Oct_2025"
"001__SHOT__t135.00-t145.00","C:\Users\scott\soccer-video\out\atomic_clips\misc\001__SHOT__t135.00-t145.00.mp4","10851604","False","0","","False","False","False","C:\Users\scott\soccer-video\out\atomic_clips\misc"
"001__SHOT__t135.00-t145.00","C:\Users\scott\soccer-video\out\atomic_clips\2025-10-12__TSC_SLSG_FallFestival\001__SHOT__t135.00-t145.00.mp4","13996760","False","0","","False","False","False","C:\Users\scott\soccer-video\out\atomic_clips\2025-10-12__TSC_SLSG_FallFestival"
"001__SHOT__t135.00-t145.00.__CINEMATIC","C:\Users\scott\soccer-video\out\atomic_clips\2025-10-12__TSC_SLSG_FallFestival\001__SHOT__t135.00-t145.00.__CINEMATIC.mp4","8926646","False","0","","False","False","False","C:\Users\scott\soccer-video\out\atomic_clips\2025-10-12__TSC_SLSG_FallFestival"
"001__SHOT__t135.00-t145.00.__CINEMATIC","C:\Users\scott\soccer-video\out\atomic_clips\misc\001__SHOT__t135.00-t145.00.__CINEMATIC.mp4","5108092","False","0","","False","False","False","C:\Users\scott\soccer-video\out\atomic_clips\misc"
"001__SHOT__t135.00-t145.00.__CINEMATIC.__CINEMATIC","C:\Users\scott\soccer-video\out\atomic_clips\2025-10-12__TSC_SLSG_FallFestival\001__SHOT__t135.00-t145.00.__CINEMATIC.__CINEMATIC.mp4","7012507","False","0","","False","False","False","C:\Users\scott\soccer-video\out\atomic_clips\2025-10-12__TSC_SLSG_FallFestival"
"001__SHOT__t135.00-t145.00.__CINEMATIC.__CINEMATIC","C:\Users\scott\soccer-video\out\atomic_clips\misc\001__SHOT__t135.00-t145.00.__CINEMATIC.__CINEMATIC.mp4","3950504","False","0","","False","False","False","C:\Users\scott\soccer-video\out\atomic_clips\misc"
"001__SHOT__t135.00-t145.00.__CINEMATIC.__CINEMATIC.__CINEMATIC","C:\Users\scott\soccer-video\out\atomic_clips\misc\001__SHOT__t135.00-t145.00.__CINEMATIC.__CINEMATIC.__CINEMATIC.mp4","3752168","False","0","","False","False","False","C:\Users\scott\soccer-video\out\atomic_clips\misc"
"001__SHOT__t135.00-t145.00.__CINEMATIC.__CINEMATIC.__CINEMATIC","C:\Users\scott\soccer-video\out\atomic_clips\2025-10-12__TSC_SLSG_FallFestival\001__SHOT__t135.00-t145.00.__CINEMATIC.__CINEMATIC.__CINEMATIC.mp4","5581502","False","0","","False","False","False","C:\Users\scott\soccer-video\out\atomic_clips\2025-10-12__TSC_SLSG_FallFestival"
"001__SHOT__t135.00-t145.00.__CINEMATIC.__CINEMATIC.__CINEMATIC.__CINEMATIC","C:\Users\scott\soccer-video\out\atomic_clips\misc\001__SHOT__t135.00-t145.00.__CINEMATIC.__CINEMATIC.__CINEMATIC.__CINEMATIC.mp4","3479682","False","0","","False","False","False","C:\Users\scott\soccer-video\out\atomic_clips\misc"
"001__SHOT__t135.00-t145.00.__CINEMATIC.__CINEMATIC.__CINEMATIC.__CINEMATIC","C:\Users\scott\soccer-video\out\atomic_clips\2025-10-12__TSC_SLSG_FallFestival\001__SHOT__t135.00-t145.00.__CINEMATIC.__CINEMATIC.__CINEMATIC.__CINEMATIC.mp4","4306334","False","0","","False","False","False","C:\Users\scott\soccer-video\out\atomic_clips\2025-10-12__TSC_SLSG_FallFestival"
"001__SHOT__t135.00-t145.00.__CINEMATIC.__CINEMATIC.__CINEMATIC.__CINEMATIC.__CINEMATIC","C:\Users\scott\soccer-video\out\atomic_clips\misc\001__SHOT__t135.00-t145.00.__CINEMATIC.__CINEMATIC.__CINEMATIC.__CINEMATIC.__CINEMATIC.mp4","1911015","False","0","","False","False","False","C:\Users\scott\soccer-video\out\atomic_clips\misc"
"001__SHOT__t135.00-t145.00.__CINEMATIC.__CINEMATIC.__CINEMATIC.__CINEMATIC.__CINEMATIC","C:\Users\scott\soccer-video\out\atomic_clips\2025-10-12__TSC_SLSG_FallFestival\001__SHOT__t135.00-t145.00.__CINEMATIC.__CINEMATIC.__CINEMATIC.__CINEMATIC.__CINEMATIC.mp4","2161663","False","0","","False","False","False","C:\Users\scott\soccer-video\out\atomic_clips\2025-10-12__TSC_SLSG_FallFestival"
"001__SHOT__t135.00-t145.00.__CINEMATIC.__CINEMATIC.__CINEMATIC.__CINEMATIC.__CINEMATIC.__CINEMATIC","C:\Users\scott\soccer-video\out\atomic_clips\2025-10-12__TSC_SLSG_FallFestival\001__SHOT__t135.00-t145.00.__CINEMATIC.__CINEMATIC.__CINEMATIC.__CINEMATIC.__CINEMATIC.__CINEMATIC.mp4","1165267","False","0","","False","False","False","C:\Users\scott\soccer-video\out\atomic_clips\2025-10-12__TSC_SLSG_FallFestival"
"001__SHOT__t135.00-t145.00.__CINEMATIC.__CINEMATIC.__CINEMATIC.__CINEMATIC.__CINEMATIC.__CINEMATIC","C:\Users\scott\soccer-video\out\atomic_clips\misc\001__SHOT__t135.00-t145.00.__CINEMATIC.__CINEMATIC.__CINEMATIC.__CINEMATIC.__CINEMATIC.__CINEMATIC.mp4","976299","False","0","","False","False","False","C:\Users\scott\soccer-video\out\atomic_clips\misc"
"001__SHOT__t135.00-t145.00.__CINEMATIC.__CINEMATIC.__CINEMATIC.__CINEMATIC.__CINEMATIC.__CINEMATIC.__CINEMATIC","C:\Users\scott\soccer-video\out\atomic_clips\misc\001__SHOT__t135.00-t145.00.__CINEMATIC.__CINEMATIC.__CINEMATIC.__CINEMATIC.__CINEMATIC.__CINEMATIC.__CINEMATIC.mp4","759880","False","0","","False","False","False","C:\Users\scott\soccer-video\out\atomic_clips\misc"
"001__SHOT__t135.00-t145.00.__CINEMATIC.__CINEMATIC.__CINEMATIC.__CINEMATIC.__CINEMATIC.__CINEMATIC.__CINEMATIC","C:\Users\scott\soccer-video\out\atomic_clips\2025-10-12__TSC_SLSG_FallFestival\001__SHOT__t135.00-t145.00.__CINEMATIC.__CINEMATIC.__CINEMATIC.__CINEMATIC.__CINEMATIC.__CINEMATIC.__CINEMATIC.mp4","982940","False","0","","False","False","False","C:\Users\scott\soccer-video\out\atomic_clips\2025-10-12__TSC_SLSG_FallFestival"
"001__SHOT__t155.50-t166.40","C:\Users\scott\soccer-video\out\atomic_clips\_quarantine\001__SHOT__t155.50-t166.40.mp4","16466189","True","6","C:\Users\scott\soccer-video\out\portrait_reels\clean\001__SHOT__t155.50-t166.40__ACTION_follow_portrait.mp4","True","True","True","C:\Users\scott\soccer-video\out\atomic_clips\_quarantine"
"001__SHOT__t155.50-t166.40","C:\Users\scott\soccer-video\out\atomic_clips\misc\001__SHOT__t155.50-t166.40.mp4","18758896","True","6","C:\Users\scott\soccer-video\out\portrait_reels\clean\001__SHOT__t155.50-t166.40__ACTION_follow_portrait.mp4","True","True","True","C:\Users\scott\soccer-video\out\atomic_clips\misc"
"001__SHOT__t155.50-t166.40.__CINEMATIC","C:\Users\scott\soccer-video\out\atomic_clips\misc\001__SHOT__t155.50-t166.40.__CINEMATIC.mp4","7986309","False","0","","False","False","False","C:\Users\scott\soccer-video\out\atomic_clips\misc"
"001__SHOT__t155.50-t166.40.__CINEMATIC","C:\Users\scott\soccer-video\out\atomic_clips\_quarantine\001__SHOT__t155.50-t166.40.__CINEMATIC.mp4","8582504","False","0","","False","False","False","C:\Users\scott\soccer-video\out\atomic_clips\_quarantine"
"001__SHOT__t155.50-t166.40.__CINEMATIC.__CINEMATIC","C:\Users\scott\soccer-video\out\atomic_clips\_quarantine\001__SHOT__t155.50-t166.40.__CINEMATIC.__CINEMATIC.mp4","5793529","False","0","","False","False","False","C:\Users\scott\soccer-video\out\atomic_clips\_quarantine"
"001__SHOT__t155.50-t166.40.__CINEMATIC.__CINEMATIC","C:\Users\scott\soccer-video\out\atomic_clips\misc\001__SHOT__t155.50-t166.40.__CINEMATIC.__CINEMATIC.mp4","5867677","False","0","","False","False","False","C:\Users\scott\soccer-video\out\atomic_clips\misc"
"001__SHOT__t155.50-t166.40.__CINEMATIC.__CINEMATIC.__CINEMATIC","C:\Users\scott\soccer-video\out\atomic_clips\misc\001__SHOT__t155.50-t166.40.__CINEMATIC.__CINEMATIC.__CINEMATIC.mp4","5147845","False","0","","False","False","False","C:\Users\scott\soccer-video\out\atomic_clips\misc"
"001__SHOT__t155.50-t166.40.__CINEMATIC.__CINEMATIC.__CINEMATIC","C:\Users\scott\soccer-video\out\atomic_clips\_quarantine\001__SHOT__t155.50-t166.40.__CINEMATIC.__CINEMATIC.__CINEMATIC.mp4","4378503","False","0","","False","False","False","C:\Users\scott\soccer-video\out\atomic_clips\_quarantine"
"001__SHOT__t155.50-t166.40.__CINEMATIC.__CINEMATIC.__CINEMATIC.__CINEMATIC","C:\Users\scott\soccer-video\out\atomic_clips\misc\001__SHOT__t155.50-t166.40.__CINEMATIC.__CINEMATIC.__CINEMATIC.__CINEMATIC.mp4","5024432","False","0","","False","False","False","C:\Users\scott\soccer-video\out\atomic_clips\misc"
"001__SHOT__t155.50-t166.40.__CINEMATIC.__CINEMATIC.__CINEMATIC.__CINEMATIC","C:\Users\scott\soccer-video\out\atomic_clips\_quarantine\001__SHOT__t155.50-t166.40.__CINEMATIC.__CINEMATIC.__CINEMATIC.__CINEMATIC.mp4","4378503","False","0","","False","False","False","C:\Users\scott\soccer-video\out\atomic_clips\_quarantine"
"001__SHOT__t155.50-t166.40.__CINEMATIC.__CINEMATIC.__CINEMATIC.__CINEMATIC.__CINEMATIC","C:\Users\scott\soccer-video\out\atomic_clips\_quarantine\001__SHOT__t155.50-t166.40.__CINEMATIC.__CINEMATIC.__CINEMATIC.__CINEMATIC.__CINEMATIC.mp4","1806217","False","0","","False","False","False","C:\Users\scott\soccer-video\out\atomic_clips\_quarantine"
"001__SHOT__t155.50-t166.40.__CINEMATIC.__CINEMATIC.__CINEMATIC.__CINEMATIC.__CINEMATIC","C:\Users\scott\soccer-video\out\atomic_clips\misc\001__SHOT__t155.50-t166.40.__CINEMATIC.__CINEMATIC.__CINEMATIC.__CINEMATIC.__CINEMATIC.mp4","2756907","False","0","","False","False","False","C:\Users\scott\soccer-video\out\atomic_clips\misc"
"001__SHOT__t155.50-t166.40.__CINEMATIC.__CINEMATIC.__CINEMATIC.__CINEMATIC.__CINEMATIC.__CINEMATIC","C:\Users\scott\soccer-video\out\atomic_clips\_quarantine\001__SHOT__t155.50-t166.40.__CINEMATIC.__CINEMATIC.__CINEMATIC.__CINEMATIC.__CINEMATIC.__CINEMATIC.mp4","944868","False","0","","False","False","False","C:\Users\scott\soccer-video\out\atomic_clips\_quarantine"
"001__SHOT__t155.50-t166.40.__CINEMATIC.__CINEMATIC.__CINEMATIC.__CINEMATIC.__CINEMATIC.__CINEMATIC","C:\Users\scott\soccer-video\out\atomic_clips\misc\001__SHOT__t155.50-t166.40.__CINEMATIC.__CINEMATIC.__CINEMATIC.__CINEMATIC.__CINEMATIC.__CINEMATIC.mp4","1208747","False","0","","False","False","False","C:\Users\scott\soccer-video\out\atomic_clips\misc"
"001__SHOT__t155.50-t166.40.__CINEMATIC.__CINEMATIC.__CINEMATIC.__CINEMATIC.__CINEMATIC.__CINEMATIC.__CINEMATIC","C:\Users\scott\soccer-video\out\atomic_clips\_quarantine\001__SHOT__t155.50-t166.40.__CINEMATIC.__CINEMATIC.__CINEMATIC.__CINEMATIC.__CINEMATIC.__CINEMATIC.__CINEMATIC.mp4","866719","False","0","","False","False","False","C:\Users\scott\soccer-video\out\atomic_clips\_quarantine"
"001__SHOT__t155.50-t166.40.__CINEMATIC.__CINEMATIC.__CINEMATIC.__CINEMATIC.__CINEMATIC.__CINEMATIC.__CINEMATIC","C:\Users\scott\soccer-video\out\atomic_clips\misc\001__SHOT__t155.50-t166.40.__CINEMATIC.__CINEMATIC.__CINEMATIC.__CINEMATIC.__CINEMATIC.__CINEMATIC.__CINEMATIC.mp4","910085","False","0","","False","False","False","C:\Users\scott\soccer-video\out\atomic_clips\misc"
"001__SHOT__t155.50-t166.40.__CINEMATIC.__CINEMATIC.__CINEMATIC.__CINEMATIC.__CINEMATIC.__CINEMATIC.__CINEMATIC.__CINEMATIC","C:\Users\scott\soccer-video\out\atomic_clips\_quarantine\001__SHOT__t155.50-t166.40.__CINEMATIC.__CINEMATIC.__CINEMATIC.__CINEMATIC.__CINEMATIC.__CINEMATIC.__CINEMATIC.__CINEMATIC.mp4","841779","False","0","","False","False","False","C:\Users\scott\soccer-video\out\atomic_clips\_quarantine"
"001__SHOT__t155.50-t166.40.__WIDEFOLLOW","C:\Users\scott\soccer-video\out\atomic_clips\_quarantine\001__SHOT__t155.50-t166.40.__WIDEFOLLOW.mp4","18328126","False","0","","False","False","False","C:\Users\scott\soccer-video\out\atomic_clips\_quarantine"
"002__2025-09-13__TSC_vs_NEOFC__GOAL__t180.80-t191.20.__DEBUG_FINAL_portrait_FINAL","C:\Users\scott\soccer-video\out\atomic_clips\2025-09-13__TSC_vs_NEOFC\002__2025-09-13__TSC_vs_NEOFC__GOAL__t180.80-t191.20.__DEBUG_FINAL_portrait_FINAL.mp4","16325151","False","0","","False","False","False","C:\Users\scott\soccer-video\out\atomic_clips\2025-09-13__TSC_vs_NEOFC"
"002__2025-09-13__TSC_vs_NEOFC__GOAL__t180.80-t191.20.__DEBUG_FINAL_portrait_FINAL.__CINEMATIC","C:\Users\scott\soccer-video\out\atomic_clips\2025-09-13__TSC_vs_NEOFC\002__2025-09-13__TSC_vs_NEOFC__GOAL__t180.80-t191.20.__DEBUG_FINAL_portrait_FINAL.__CINEMATIC.mp4","6823187","False","0","","False","False","False","C:\Users\scott\soccer-video\out\atomic_clips\2025-09-13__TSC_vs_NEOFC"
"002__2025-09-13__TSC_vs_NEOFC__GOAL__t180.80-t191.20.__DEBUG_FINAL_portrait_FINAL.__CINEMATIC.__CINEMATIC","C:\Users\scott\soccer-video\out\atomic_clips\2025-09-13__TSC_vs_NEOFC\002__2025-09-13__TSC_vs_NEOFC__GOAL__t180.80-t191.20.__DEBUG_FINAL_portrait_FINAL.__CINEMATIC.__CINEMATIC.mp4","5299036","False","0","","False","False","False","C:\Users\scott\soccer-video\out\atomic_clips\2025-09-13__TSC_vs_NEOFC"
"002__2025-09-13__TSC_vs_NEOFC__GOAL__t180.80-t191.20.__DEBUG_FINAL_portrait_FINAL.__CINEMATIC.__CINEMATIC.__CINEMATIC","C:\Users\scott\soccer-video\out\atomic_clips\2025-09-13__TSC_vs_NEOFC\002__2025-09-13__TSC_vs_NEOFC__GOAL__t180.80-t191.20.__DEBUG_FINAL_portrait_FINAL.__CINEMATIC.__CINEMATIC.__CINEMATIC.mp4","4501465","False","0","","False","False","False","C:\Users\scott\soccer-video\out\atomic_clips\2025-09-13__TSC_vs_NEOFC"
"002__2025-09-13__TSC_vs_NEOFC__GOAL__t180.80-t191.20.__DEBUG_FINAL_portrait_FINAL.__CINEMATIC.__CINEMATIC.__CINEMATIC.__CINEMATIC","C:\Users\scott\soccer-video\out\atomic_clips\2025-09-13__TSC_vs_NEOFC\002__2025-09-13__TSC_vs_NEOFC__GOAL__t180.80-t191.20.__DEBUG_FINAL_portrait_FINAL.__CINEMATIC.__CINEMATIC.__CINEMATIC.__CINEMATIC.mp4","3434194","False","0","","False","False","False","C:\Users\scott\soccer-video\out\atomic_clips\2025-09-13__TSC_vs_NEOFC"
"002__2025-09-13__TSC_vs_NEOFC__GOAL__t180.80-t191.20.__DEBUG_FINAL_portrait_FINAL.__CINEMATIC.__CINEMATIC.__CINEMATIC.__CINEMATIC.__CINEMATIC","C:\Users\scott\soccer-video\out\atomic_clips\2025-09-13__TSC_vs_NEOFC\002__2025-09-13__TSC_vs_NEOFC__GOAL__t180.80-t191.20.__DEBUG_FINAL_portrait_FINAL.__CINEMATIC.__CINEMATIC.__CINEMATIC.__CINEMATIC.__CINEMATIC.mp4","1462730","False","0","","False","False","False","C:\Users\scott\soccer-video\out\atomic_clips\2025-09-13__TSC_vs_NEOFC"
"002__2025-09-13__TSC_vs_NEOFC__GOAL__t180.80-t191.20.__DEBUG_FINAL_portrait_FINAL.__CINEMATIC.__CINEMATIC.__CINEMATIC.__CINEMATIC.__CINEMATIC.__CINEMATIC","C:\Users\scott\soccer-video\out\atomic_clips\2025-09-13__TSC_vs_NEOFC\002__2025-09-13__TSC_vs_NEOFC__GOAL__t180.80-t191.20.__DEBUG_FINAL_portrait_FINAL.__CINEMATIC.__CINEMATIC.__CINEMATIC.__CINEMATIC.__CINEMATIC.__CINEMATIC.mp4","791975","False","0","","False","False","False","C:\Users\scott\soccer-video\out\atomic_clips\2025-09-13__TSC_vs_NEOFC"
"002__2025-09-13__TSC_vs_NEOFC__GOAL__t180.80-t191.20.__DEBUG_FINAL_portrait_FINAL.__CINEMATIC.__CINEMATIC.__CINEMATIC.__CINEMATIC.__CINEMATIC.__CINEMATIC.__CINEMATIC","C:\Users\scott\soccer-video\out\atomic_clips\2025-09-13__TSC_vs_NEOFC\002__2025-09-13__TSC_vs_NEOFC__GOAL__t180.80-t191.20.__DEBUG_FINAL_portrait_FINAL.__CINEMATIC.__CINEMATIC.__CINEMATIC.__CINEMATIC.__CINEMATIC.__CINEMATIC.__CINEMATIC.mp4","713254","False","0","","False","False","False","C:\Users\scott\soccer-video\out\atomic_clips\2025-09-13__TSC_vs_NEOFC"
"002__2025-09-20__TSC_vs_Greenwood__GOAL__t20400.00-t21180.00","C:\Users\scott\soccer-video\out\atomic_clips\_quarantine\002__2025-09-20__TSC_vs_Greenwood__GOAL__t20400.00-t21180.00.mp4","3039710","False","0","","False","False","False","C:\Users\scott\soccer-video\out\atomic_clips\_quarantine"
"002__2025-09-20__TSC_vs_Greenwood__GOAL__t20400.00-t21180.00","C:\Users\scott\soccer-video\out\atomic_clips\2025-09-20__TSC_vs_Greenwood\002__2025-09-20__TSC_vs_Greenwood__GOAL__t20400.00-t21180.00.mp4","21945364","False","0","","False","False","False","C:\Users\scott\soccer-video\out\atomic_clips\2025-09-20__TSC_vs_Greenwood"
"002__2025-09-20__TSC_vs_Greenwood__GOAL__t20400.00-t21180.00.__CINEMATIC","C:\Users\scott\soccer-video\out\atomic_clips\2025-09-20__TSC_vs_Greenwood\002__2025-09-20__TSC_vs_Greenwood__GOAL__t20400.00-t21180.00.__CINEMATIC.mp4","7473704","False","0","","False","False","False","C:\Users\scott\soccer-video\out\atomic_clips\2025-09-20__TSC_vs_Greenwood"
"002__2025-09-20__TSC_vs_Greenwood__GOAL__t20400.00-t21180.00.__CINEMATIC","C:\Users\scott\soccer-video\out\atomic_clips\_quarantine\002__2025-09-20__TSC_vs_Greenwood__GOAL__t20400.00-t21180.00.__CINEMATIC.mp4","7473704","False","0","","False","False","False","C:\Users\scott\soccer-video\out\atomic_clips\_quarantine"
"002__2025-09-20__TSC_vs_Greenwood__GOAL__t20400.00-t21180.00.__CINEMATIC.__CINEMATIC","C:\Users\scott\soccer-video\out\atomic_clips\2025-09-20__TSC_vs_Greenwood\002__2025-09-20__TSC_vs_Greenwood__GOAL__t20400.00-t21180.00.__CINEMATIC.__CINEMATIC.mp4","6024328","False","0","","False","False","False","C:\Users\scott\soccer-video\out\atomic_clips\2025-09-20__TSC_vs_Greenwood"
"002__2025-09-20__TSC_vs_Greenwood__GOAL__t20400.00-t21180.00.__CINEMATIC.__CINEMATIC","C:\Users\scott\soccer-video\out\atomic_clips\_quarantine\002__2025-09-20__TSC_vs_Greenwood__GOAL__t20400.00-t21180.00.__CINEMATIC.__CINEMATIC.mp4","5925227","False","0","","False","False","False","C:\Users\scott\soccer-video\out\atomic_clips\_quarantine"
"002__2025-09-20__TSC_vs_Greenwood__GOAL__t20400.00-t21180.00.__CINEMATIC.__CINEMATIC.__CINEMATIC","C:\Users\scott\soccer-video\out\atomic_clips\_quarantine\002__2025-09-20__TSC_vs_Greenwood__GOAL__t20400.00-t21180.00.__CINEMATIC.__CINEMATIC.__CINEMATIC.mp4","5266801","False","0","","False","False","False","C:\Users\scott\soccer-video\out\atomic_clips\_quarantine"
"002__2025-09-20__TSC_vs_Greenwood__GOAL__t20400.00-t21180.00.__CINEMATIC.__CINEMATIC.__CINEMATIC","C:\Users\scott\soccer-video\out\atomic_clips\2025-09-20__TSC_vs_Greenwood\002__2025-09-20__TSC_vs_Greenwood__GOAL__t20400.00-t21180.00.__CINEMATIC.__CINEMATIC.__CINEMATIC.mp4","5925227","False","0","","False","False","False","C:\Users\scott\soccer-video\out\atomic_clips\2025-09-20__TSC_vs_Greenwood"
"002__2025-09-20__TSC_vs_Greenwood__GOAL__t20400.00-t21180.00.__CINEMATIC.__CINEMATIC.__CINEMATIC.__CINEMATIC","C:\Users\scott\soccer-video\out\atomic_clips\2025-09-20__TSC_vs_Greenwood\002__2025-09-20__TSC_vs_Greenwood__GOAL__t20400.00-t21180.00.__CINEMATIC.__CINEMATIC.__CINEMATIC.__CINEMATIC.mp4","5266801","False","0","","False","False","False","C:\Users\scott\soccer-video\out\atomic_clips\2025-09-20__TSC_vs_Greenwood"
"002__2025-09-20__TSC_vs_Greenwood__GOAL__t20400.00-t21180.00.__CINEMATIC.__CINEMATIC.__CINEMATIC.__CINEMATIC","C:\Users\scott\soccer-video\out\atomic_clips\_quarantine\002__2025-09-20__TSC_vs_Greenwood__GOAL__t20400.00-t21180.00.__CINEMATIC.__CINEMATIC.__CINEMATIC.__CINEMATIC.mp4","3702193","False","0","","False","False","False","C:\Users\scott\soccer-video\out\atomic_clips\_quarantine"
"002__2025-09-20__TSC_vs_Greenwood__GOAL__t20400.00-t21180.00.__CINEMATIC.__CINEMATIC.__CINEMATIC.__CINEMATIC.__CINEMATIC","C:\Users\scott\soccer-video\out\atomic_clips\2025-09-20__TSC_vs_Greenwood\002__2025-09-20__TSC_vs_Greenwood__GOAL__t20400.00-t21180.00.__CINEMATIC.__CINEMATIC.__CINEMATIC.__CINEMATIC.__CINEMATIC.mp4","2306366","False","0","","False","False","False","C:\Users\scott\soccer-video\out\atomic_clips\2025-09-20__TSC_vs_Greenwood"
"002__2025-09-20__TSC_vs_Greenwood__GOAL__t20400.00-t21180.00.__CINEMATIC.__CINEMATIC.__CINEMATIC.__CINEMATIC.__CINEMATIC","C:\Users\scott\soccer-video\out\atomic_clips\_quarantine\002__2025-09-20__TSC_vs_Greenwood__GOAL__t20400.00-t21180.00.__CINEMATIC.__CINEMATIC.__CINEMATIC.__CINEMATIC.__CINEMATIC.mp4","2306366","False","0","","False","False","False","C:\Users\scott\soccer-video\out\atomic_clips\_quarantine"
"002__2025-09-20__TSC_vs_Greenwood__GOAL__t20400.00-t21180.00.__CINEMATIC.__CINEMATIC.__CINEMATIC.__CINEMATIC.__CINEMATIC.__CINEMATIC","C:\Users\scott\soccer-video\out\atomic_clips\_quarantine\002__2025-09-20__TSC_vs_Greenwood__GOAL__t20400.00-t21180.00.__CINEMATIC.__CINEMATIC.__CINEMATIC.__CINEMATIC.__CINEMATIC.__CINEMATIC.mp4","1103028","False","0","","False","False","False","C:\Users\scott\soccer-video\out\atomic_clips\_quarantine"
"002__2025-09-20__TSC_vs_Greenwood__GOAL__t20400.00-t21180.00.__CINEMATIC.__CINEMATIC.__CINEMATIC.__CINEMATIC.__CINEMATIC.__CINEMATIC","C:\Users\scott\soccer-video\out\atomic_clips\2025-09-20__TSC_vs_Greenwood\002__2025-09-20__TSC_vs_Greenwood__GOAL__t20400.00-t21180.00.__CINEMATIC.__CINEMATIC.__CINEMATIC.__CINEMATIC.__CINEMATIC.__CINEMATIC.mp4","1103028","False","0","","False","False","False","C:\Users\scott\soccer-video\out\atomic_clips\2025-09-20__TSC_vs_Greenwood"
"002__2025-09-20__TSC_vs_Greenwood__GOAL__t20400.00-t21180.00.__CINEMATIC.__CINEMATIC.__CINEMATIC.__CINEMATIC.__CINEMATIC.__CINEMATIC.__CINEMATIC","C:\Users\scott\soccer-video\out\atomic_clips\2025-09-20__TSC_vs_Greenwood\002__2025-09-20__TSC_vs_Greenwood__GOAL__t20400.00-t21180.00.__CINEMATIC.__CINEMATIC.__CINEMATIC.__CINEMATIC.__CINEMATIC.__CINEMATIC.__CINEMATIC.mp4","915370","False","0","","False","False","False","C:\Users\scott\soccer-video\out\atomic_clips\2025-09-20__TSC_vs_Greenwood"
"002__2025-09-20__TSC_vs_RVFC__PRESSURE_SHOT__t7920.00-t8880.00","C:\Users\scott\soccer-video\out\atomic_clips\_quarantine\002__2025-09-20__TSC_vs_RVFC__PRESSURE_SHOT__t7920.00-t8880.00.mp4","866337","False","0","","False","False","False","C:\Users\scott\soccer-video\out\atomic_clips\_quarantine"
"002__2025-09-20__TSC_vs_RVFC__PRESSURE_SHOT__t7920.00-t8880.00","C:\Users\scott\soccer-video\out\atomic_clips\2025-09-20__TSC_vs_RVFC\002__2025-09-20__TSC_vs_RVFC__PRESSURE_SHOT__t7920.00-t8880.00.mp4","142528376","False","0","","False","False","False","C:\Users\scott\soccer-video\out\atomic_clips\2025-09-20__TSC_vs_RVFC"
"002__2025-09-20__TSC_vs_RVFC__PRESSURE_SHOT__t7920.00-t8880.00.__CINEMATIC","C:\Users\scott\soccer-video\out\atomic_clips\_quarantine\002__2025-09-20__TSC_vs_RVFC__PRESSURE_SHOT__t7920.00-t8880.00.__CINEMATIC.mp4","49765886","False","0","","False","False","False","C:\Users\scott\soccer-video\out\atomic_clips\_quarantine"
"002__2025-09-20__TSC_vs_RVFC__PRESSURE_SHOT__t7920.00-t8880.00.__CINEMATIC","C:\Users\scott\soccer-video\out\atomic_clips\2025-09-20__TSC_vs_RVFC\002__2025-09-20__TSC_vs_RVFC__PRESSURE_SHOT__t7920.00-t8880.00.__CINEMATIC.mp4","49765886","False","0","","False","False","False","C:\Users\scott\soccer-video\out\atomic_clips\2025-09-20__TSC_vs_RVFC"
"002__2025-09-20__TSC_vs_RVFC__PRESSURE_SHOT__t7920.00-t8880.00.__CINEMATIC.__CINEMATIC","C:\Users\scott\soccer-video\out\atomic_clips\_quarantine\002__2025-09-20__TSC_vs_RVFC__PRESSURE_SHOT__t7920.00-t8880.00.__CINEMATIC.__CINEMATIC.mp4","28347892","False","0","","False","False","False","C:\Users\scott\soccer-video\out\atomic_clips\_quarantine"
"002__2025-09-20__TSC_vs_RVFC__PRESSURE_SHOT__t7920.00-t8880.00.__CINEMATIC.__CINEMATIC","C:\Users\scott\soccer-video\out\atomic_clips\2025-09-20__TSC_vs_RVFC\002__2025-09-20__TSC_vs_RVFC__PRESSURE_SHOT__t7920.00-t8880.00.__CINEMATIC.__CINEMATIC.mp4","33391172","False","0","","False","False","False","C:\Users\scott\soccer-video\out\atomic_clips\2025-09-20__TSC_vs_RVFC"
"002__2025-09-20__TSC_vs_RVFC__PRESSURE_SHOT__t7920.00-t8880.00.__CINEMATIC.__CINEMATIC.__CINEMATIC","C:\Users\scott\soccer-video\out\atomic_clips\2025-09-20__TSC_vs_RVFC\002__2025-09-20__TSC_vs_RVFC__PRESSURE_SHOT__t7920.00-t8880.00.__CINEMATIC.__CINEMATIC.__CINEMATIC.mp4","28347892","False","0","","False","False","False","C:\Users\scott\soccer-video\out\atomic_clips\2025-09-20__TSC_vs_RVFC"
"002__2025-09-20__TSC_vs_RVFC__PRESSURE_SHOT__t7920.00-t8880.00.__CINEMATIC.__CINEMATIC.__CINEMATIC","C:\Users\scott\soccer-video\out\atomic_clips\_quarantine\002__2025-09-20__TSC_vs_RVFC__PRESSURE_SHOT__t7920.00-t8880.00.__CINEMATIC.__CINEMATIC.__CINEMATIC.mp4","28496617","False","0","","False","False","False","C:\Users\scott\soccer-video\out\atomic_clips\_quarantine"
"002__2025-09-20__TSC_vs_RVFC__PRESSURE_SHOT__t7920.00-t8880.00.__CINEMATIC.__CINEMATIC.__CINEMATIC.__CINEMATIC","C:\Users\scott\soccer-video\out\atomic_clips\_quarantine\002__2025-09-20__TSC_vs_RVFC__PRESSURE_SHOT__t7920.00-t8880.00.__CINEMATIC.__CINEMATIC.__CINEMATIC.__CINEMATIC.mp4","23966475","False","0","","False","False","False","C:\Users\scott\soccer-video\out\atomic_clips\_quarantine"
"002__2025-09-20__TSC_vs_RVFC__PRESSURE_SHOT__t7920.00-t8880.00.__CINEMATIC.__CINEMATIC.__CINEMATIC.__CINEMATIC","C:\Users\scott\soccer-video\out\atomic_clips\2025-09-20__TSC_vs_RVFC\002__2025-09-20__TSC_vs_RVFC__PRESSURE_SHOT__t7920.00-t8880.00.__CINEMATIC.__CINEMATIC.__CINEMATIC.__CINEMATIC.mp4","28496617","False","0","","False","False","False","C:\Users\scott\soccer-video\out\atomic_clips\2025-09-20__TSC_vs_RVFC"
"002__2025-09-20__TSC_vs_RVFC__PRESSURE_SHOT__t7920.00-t8880.00.__CINEMATIC.__CINEMATIC.__CINEMATIC.__CINEMATIC.__CINEMATIC","C:\Users\scott\soccer-video\out\atomic_clips\_quarantine\002__2025-09-20__TSC_vs_RVFC__PRESSURE_SHOT__t7920.00-t8880.00.__CINEMATIC.__CINEMATIC.__CINEMATIC.__CINEMATIC.__CINEMATIC.mp4","16378000","False","0","","False","False","False","C:\Users\scott\soccer-video\out\atomic_clips\_quarantine"
"002__2025-09-20__TSC_vs_RVFC__PRESSURE_SHOT__t7920.00-t8880.00.__CINEMATIC.__CINEMATIC.__CINEMATIC.__CINEMATIC.__CINEMATIC","C:\Users\scott\soccer-video\out\atomic_clips\2025-09-20__TSC_vs_RVFC\002__2025-09-20__TSC_vs_RVFC__PRESSURE_SHOT__t7920.00-t8880.00.__CINEMATIC.__CINEMATIC.__CINEMATIC.__CINEMATIC.__CINEMATIC.mp4","16378000","False","0","","False","False","False","C:\Users\scott\soccer-video\out\atomic_clips\2025-09-20__TSC_vs_RVFC"
"002__2025-09-20__TSC_vs_RVFC__PRESSURE_SHOT__t7920.00-t8880.00.__CINEMATIC.__CINEMATIC.__CINEMATIC.__CINEMATIC.__CINEMATIC.__CINEMATIC","C:\Users\scott\soccer-video\out\atomic_clips\2025-09-20__TSC_vs_RVFC\002__2025-09-20__TSC_vs_RVFC__PRESSURE_SHOT__t7920.00-t8880.00.__CINEMATIC.__CINEMATIC.__CINEMATIC.__CINEMATIC.__CINEMATIC.__CINEMATIC.mp4","5749593","False","0","","False","False","False","C:\Users\scott\soccer-video\out\atomic_clips\2025-09-20__TSC_vs_RVFC"
"002__2025-09-20__TSC_vs_RVFC__PRESSURE_SHOT__t7920.00-t8880.00.__CINEMATIC.__CINEMATIC.__CINEMATIC.__CINEMATIC.__CINEMATIC.__CINEMATIC","C:\Users\scott\soccer-video\out\atomic_clips\_quarantine\002__2025-09-20__TSC_vs_RVFC__PRESSURE_SHOT__t7920.00-t8880.00.__CINEMATIC.__CINEMATIC.__CINEMATIC.__CINEMATIC.__CINEMATIC.__CINEMATIC.mp4","5749593","False","0","","False","False","False","C:\Users\scott\soccer-video\out\atomic_clips\_quarantine"
"002__2025-09-20__TSC_vs_RVFC__PRESSURE_SHOT__t7920.00-t8880.00.__CINEMATIC.__CINEMATIC.__CINEMATIC.__CINEMATIC.__CINEMATIC.__CINEMATIC.__CINEMATIC","C:\Users\scott\soccer-video\out\atomic_clips\2025-09-20__TSC_vs_RVFC\002__2025-09-20__TSC_vs_RVFC__PRESSURE_SHOT__t7920.00-t8880.00.__CINEMATIC.__CINEMATIC.__CINEMATIC.__CINEMATIC.__CINEMATIC.__CINEMATIC.__CINEMATIC.mp4","3998672","False","0","","False","False","False","C:\Users\scott\soccer-video\out\atomic_clips\2025-09-20__TSC_vs_RVFC"
"002__2025-10-04__TSC_vs_FC_Tulsa_Black__BUILD_UP__t25260.00-t26940.00","C:\Users\scott\soccer-video\out\atomic_clips\2025-10-04__TSC_vs_FC\002__2025-10-04__TSC_vs_FC_Tulsa_Black__BUILD_UP__t25260.00-t26940.00.mp4","43543852","False","0","","False","False","False","C:\Users\scott\soccer-video\out\atomic_clips\2025-10-04__TSC_vs_FC"
"002__2025-10-04__TSC_vs_FC_Tulsa_Black__BUILD_UP__t25260.00-t26940.00","C:\Users\scott\soccer-video\out\atomic_clips\_quarantine\002__2025-10-04__TSC_vs_FC_Tulsa_Black__BUILD_UP__t25260.00-t26940.00.mp4","2635807","False","0","","False","False","False","C:\Users\scott\soccer-video\out\atomic_clips\_quarantine"
"002__2025-10-04__TSC_vs_FC_Tulsa_Black__BUILD_UP__t25260.00-t26940.00.__CINEMATIC","C:\Users\scott\soccer-video\out\atomic_clips\2025-10-04__TSC_vs_FC\002__2025-10-04__TSC_vs_FC_Tulsa_Black__BUILD_UP__t25260.00-t26940.00.__CINEMATIC.mp4","14587941","False","0","","False","False","False","C:\Users\scott\soccer-video\out\atomic_clips\2025-10-04__TSC_vs_FC"
"002__2025-10-04__TSC_vs_FC_Tulsa_Black__BUILD_UP__t25260.00-t26940.00.__CINEMATIC","C:\Users\scott\soccer-video\out\atomic_clips\_quarantine\002__2025-10-04__TSC_vs_FC_Tulsa_Black__BUILD_UP__t25260.00-t26940.00.__CINEMATIC.mp4","14587941","False","0","","False","False","False","C:\Users\scott\soccer-video\out\atomic_clips\_quarantine"
"002__2025-10-04__TSC_vs_FC_Tulsa_Black__BUILD_UP__t25260.00-t26940.00.__CINEMATIC.__CINEMATIC","C:\Users\scott\soccer-video\out\atomic_clips\_quarantine\002__2025-10-04__TSC_vs_FC_Tulsa_Black__BUILD_UP__t25260.00-t26940.00.__CINEMATIC.__CINEMATIC.mp4","10517588","False","0","","False","False","False","C:\Users\scott\soccer-video\out\atomic_clips\_quarantine"
"002__2025-10-04__TSC_vs_FC_Tulsa_Black__BUILD_UP__t25260.00-t26940.00.__CINEMATIC.__CINEMATIC","C:\Users\scott\soccer-video\out\atomic_clips\2025-10-04__TSC_vs_FC\002__2025-10-04__TSC_vs_FC_Tulsa_Black__BUILD_UP__t25260.00-t26940.00.__CINEMATIC.__CINEMATIC.mp4","11328921","False","0","","False","False","False","C:\Users\scott\soccer-video\out\atomic_clips\2025-10-04__TSC_vs_FC"
"002__2025-10-04__TSC_vs_FC_Tulsa_Black__BUILD_UP__t25260.00-t26940.00.__CINEMATIC.__CINEMATIC.__CINEMATIC","C:\Users\scott\soccer-video\out\atomic_clips\2025-10-04__TSC_vs_FC\002__2025-10-04__TSC_vs_FC_Tulsa_Black__BUILD_UP__t25260.00-t26940.00.__CINEMATIC.__CINEMATIC.__CINEMATIC.mp4","10517588","False","0","","False","False","False","C:\Users\scott\soccer-video\out\atomic_clips\2025-10-04__TSC_vs_FC"
"002__2025-10-04__TSC_vs_FC_Tulsa_Black__BUILD_UP__t25260.00-t26940.00.__CINEMATIC.__CINEMATIC.__CINEMATIC","C:\Users\scott\soccer-video\out\atomic_clips\_quarantine\002__2025-10-04__TSC_vs_FC_Tulsa_Black__BUILD_UP__t25260.00-t26940.00.__CINEMATIC.__CINEMATIC.__CINEMATIC.mp4","9399758","False","0","","False","False","False","C:\Users\scott\soccer-video\out\atomic_clips\_quarantine"
"002__2025-10-04__TSC_vs_FC_Tulsa_Black__BUILD_UP__t25260.00-t26940.00.__CINEMATIC.__CINEMATIC.__CINEMATIC.__CINEMATIC","C:\Users\scott\soccer-video\out\atomic_clips\2025-10-04__TSC_vs_FC\002__2025-10-04__TSC_vs_FC_Tulsa_Black__BUILD_UP__t25260.00-t26940.00.__CINEMATIC.__CINEMATIC.__CINEMATIC.__CINEMATIC.mp4","9399758","False","0","","False","False","False","C:\Users\scott\soccer-video\out\atomic_clips\2025-10-04__TSC_vs_FC"
"002__2025-10-04__TSC_vs_FC_Tulsa_Black__BUILD_UP__t25260.00-t26940.00.__CINEMATIC.__CINEMATIC.__CINEMATIC.__CINEMATIC","C:\Users\scott\soccer-video\out\atomic_clips\_quarantine\002__2025-10-04__TSC_vs_FC_Tulsa_Black__BUILD_UP__t25260.00-t26940.00.__CINEMATIC.__CINEMATIC.__CINEMATIC.__CINEMATIC.mp4","6673565","False","0","","False","False","False","C:\Users\scott\soccer-video\out\atomic_clips\_quarantine"
"002__2025-10-04__TSC_vs_FC_Tulsa_Black__BUILD_UP__t25260.00-t26940.00.__CINEMATIC.__CINEMATIC.__CINEMATIC.__CINEMATIC.__CINEMATIC","C:\Users\scott\soccer-video\out\atomic_clips\2025-10-04__TSC_vs_FC\002__2025-10-04__TSC_vs_FC_Tulsa_Black__BUILD_UP__t25260.00-t26940.00.__CINEMATIC.__CINEMATIC.__CINEMATIC.__CINEMATIC.__CINEMATIC.mp4","4061520","False","0","","False","False","False","C:\Users\scott\soccer-video\out\atomic_clips\2025-10-04__TSC_vs_FC"
"002__2025-10-04__TSC_vs_FC_Tulsa_Black__BUILD_UP__t25260.00-t26940.00.__CINEMATIC.__CINEMATIC.__CINEMATIC.__CINEMATIC.__CINEMATIC","C:\Users\scott\soccer-video\out\atomic_clips\_quarantine\002__2025-10-04__TSC_vs_FC_Tulsa_Black__BUILD_UP__t25260.00-t26940.00.__CINEMATIC.__CINEMATIC.__CINEMATIC.__CINEMATIC.__CINEMATIC.mp4","4061520","False","0","","False","False","False","C:\Users\scott\soccer-video\out\atomic_clips\_quarantine"
"002__2025-10-04__TSC_vs_FC_Tulsa_Black__BUILD_UP__t25260.00-t26940.00.__CINEMATIC.__CINEMATIC.__CINEMATIC.__CINEMATIC.__CINEMATIC.__CINEMATIC","C:\Users\scott\soccer-video\out\atomic_clips\_quarantine\002__2025-10-04__TSC_vs_FC_Tulsa_Black__BUILD_UP__t25260.00-t26940.00.__CINEMATIC.__CINEMATIC.__CINEMATIC.__CINEMATIC.__CINEMATIC.__CINEMATIC.mp4","1629877","False","0","","False","False","False","C:\Users\scott\soccer-video\out\atomic_clips\_quarantine"
"002__2025-10-04__TSC_vs_FC_Tulsa_Black__BUILD_UP__t25260.00-t26940.00.__CINEMATIC.__CINEMATIC.__CINEMATIC.__CINEMATIC.__CINEMATIC.__CINEMATIC","C:\Users\scott\soccer-video\out\atomic_clips\2025-10-04__TSC_vs_FC\002__2025-10-04__TSC_vs_FC_Tulsa_Black__BUILD_UP__t25260.00-t26940.00.__CINEMATIC.__CINEMATIC.__CINEMATIC.__CINEMATIC.__CINEMATIC.__CINEMATIC.mp4","1629877","False","0","","False","False","False","C:\Users\scott\soccer-video\out\atomic_clips\2025-10-04__TSC_vs_FC"
"002__2025-10-04__TSC_vs_FC_Tulsa_Black__BUILD_UP__t25260.00-t26940.00.__CINEMATIC.__CINEMATIC.__CINEMATIC.__CINEMATIC.__CINEMATIC.__CINEMATIC.__CINEMATIC","C:\Users\scott\soccer-video\out\atomic_clips\2025-10-04__TSC_vs_FC\002__2025-10-04__TSC_vs_FC_Tulsa_Black__BUILD_UP__t25260.00-t26940.00.__CINEMATIC.__CINEMATIC.__CINEMATIC.__CINEMATIC.__CINEMATIC.__CINEMATIC.__CINEMATIC.mp4","1326555","False","0","","False","False","False","C:\Users\scott\soccer-video\out\atomic_clips\2025-10-04__TSC_vs_FC"
"002__Build Up, Cross and Shot__0_15_37-0_16_04","C:\Users\scott\soccer-video\out\atomic_clips\2025-11-04__TSC_-_Navy_Oct_2025\002__Build Up, Cross and Shot__0_15_37-0_16_04.mp4","9848857","False","0","","False","False","False","C:\Users\scott\soccer-video\out\atomic_clips\2025-11-04__TSC_-_Navy_Oct_2025"
"002__Build Up, Cross and Shot__0_15_37-0_16_04.__CINEMATIC","C:\Users\scott\soccer-video\out\atomic_clips\2025-11-04__TSC_-_Navy_Oct_2025\002__Build Up, Cross and Shot__0_15_37-0_16_04.__CINEMATIC.mp4","13454307","False","0","","False","False","False","C:\Users\scott\soccer-video\out\atomic_clips\2025-11-04__TSC_-_Navy_Oct_2025"
"002__Build Up, Cross and Shot__0_15_37-0_16_04.__CINEMATIC.__CINEMATIC","C:\Users\scott\soccer-video\out\atomic_clips\2025-11-04__TSC_-_Navy_Oct_2025\002__Build Up, Cross and Shot__0_15_37-0_16_04.__CINEMATIC.__CINEMATIC.mp4","9767523","False","0","","False","False","False","C:\Users\scott\soccer-video\out\atomic_clips\2025-11-04__TSC_-_Navy_Oct_2025"
"002__Build Up, Cross and Shot__0_15_37-0_16_04.__CINEMATIC.__CINEMATIC.__CINEMATIC","C:\Users\scott\soccer-video\out\atomic_clips\2025-11-04__TSC_-_Navy_Oct_2025\002__Build Up, Cross and Shot__0_15_37-0_16_04.__CINEMATIC.__CINEMATIC.__CINEMATIC.mp4","7211634","False","0","","False","False","False","C:\Users\scott\soccer-video\out\atomic_clips\2025-11-04__TSC_-_Navy_Oct_2025"
"002__Build Up, Cross and Shot__0_15_37-0_16_04.__CINEMATIC.__CINEMATIC.__CINEMATIC.__CINEMATIC","C:\Users\scott\soccer-video\out\atomic_clips\2025-11-04__TSC_-_Navy_Oct_2025\002__Build Up, Cross and Shot__0_15_37-0_16_04.__CINEMATIC.__CINEMATIC.__CINEMATIC.__CINEMATIC.mp4","4728746","False","0","","False","False","False","C:\Users\scott\soccer-video\out\atomic_clips\2025-11-04__TSC_-_Navy_Oct_2025"
"002__Build Up, Cross and Shot__0_15_37-0_16_04.__CINEMATIC.__CINEMATIC.__CINEMATIC.__CINEMATIC.__CINEMATIC","C:\Users\scott\soccer-video\out\atomic_clips\2025-11-04__TSC_-_Navy_Oct_2025\002__Build Up, Cross and Shot__0_15_37-0_16_04.__CINEMATIC.__CINEMATIC.__CINEMATIC.__CINEMATIC.__CINEMATIC.mp4","1903339","False","0","","False","False","False","C:\Users\scott\soccer-video\out\atomic_clips\2025-11-04__TSC_-_Navy_Oct_2025"
"002__Build Up, Cross and Shot__0_15_37-0_16_04.__CINEMATIC.__CINEMATIC.__CINEMATIC.__CINEMATIC.__CINEMATIC.__CINEMATIC","C:\Users\scott\soccer-video\out\atomic_clips\2025-11-04__TSC_-_Navy_Oct_2025\002__Build Up, Cross and Shot__0_15_37-0_16_04.__CINEMATIC.__CINEMATIC.__CINEMATIC.__CINEMATIC.__CINEMATIC.__CINEMATIC.mp4","1269531","False","0","","False","False","False","C:\Users\scott\soccer-video\out\atomic_clips\2025-11-04__TSC_-_Navy_Oct_2025"
"002__Build Up, Cross and Shot__0_15_37-0_16_04.__CINEMATIC.__CINEMATIC.__CINEMATIC.__CINEMATIC.__CINEMATIC.__CINEMATIC.__CINEMATIC","C:\Users\scott\soccer-video\out\atomic_clips\2025-11-04__TSC_-_Navy_Oct_2025\002__Build Up, Cross and Shot__0_15_37-0_16_04.__CINEMATIC.__CINEMATIC.__CINEMATIC.__CINEMATIC.__CINEMATIC.__CINEMATIC.__CINEMATIC.mp4","1262083","False","0","","False","False","False","C:\Users\scott\soccer-video\out\atomic_clips\2025-11-04__TSC_-_Navy_Oct_2025"
"002__GOAL__t180.80-t191.20","C:\Users\scott\soccer-video\out\atomic_clips\misc\002__GOAL__t180.80-t191.20.mp4","15779971","True","1","C","False","False","False","C:\Users\scott\soccer-video\out\atomic_clips\misc"
"002__GOAL__t180.80-t191.20","C:\Users\scott\soccer-video\out\atomic_clips\_quarantine\002__GOAL__t180.80-t191.20.mp4","14974325","True","1","C","False","False","False","C:\Users\scott\soccer-video\out\atomic_clips\_quarantine"
"002__GOAL__t180.80-t191.20.__CINEMATIC","C:\Users\scott\soccer-video\out\atomic_clips\_quarantine\002__GOAL__t180.80-t191.20.__CINEMATIC.mp4","7661977","True","1","C","False","False","False","C:\Users\scott\soccer-video\out\atomic_clips\_quarantine"
"002__GOAL__t180.80-t191.20.__CINEMATIC","C:\Users\scott\soccer-video\out\atomic_clips\misc\002__GOAL__t180.80-t191.20.__CINEMATIC.mp4","6938770","True","1","C","False","False","False","C:\Users\scott\soccer-video\out\atomic_clips\misc"
"002__GOAL__t180.80-t191.20.__CINEMATIC.__CINEMATIC","C:\Users\scott\soccer-video\out\atomic_clips\misc\002__GOAL__t180.80-t191.20.__CINEMATIC.__CINEMATIC.mp4","5501488","True","1","C","False","False","False","C:\Users\scott\soccer-video\out\atomic_clips\misc"
"002__GOAL__t180.80-t191.20.__CINEMATIC.__CINEMATIC","C:\Users\scott\soccer-video\out\atomic_clips\_quarantine\002__GOAL__t180.80-t191.20.__CINEMATIC.__CINEMATIC.mp4","5967308","True","1","C","False","False","False","C:\Users\scott\soccer-video\out\atomic_clips\_quarantine"
"002__GOAL__t180.80-t191.20.__CINEMATIC.__CINEMATIC.__CINEMATIC","C:\Users\scott\soccer-video\out\atomic_clips\misc\002__GOAL__t180.80-t191.20.__CINEMATIC.__CINEMATIC.__CINEMATIC.mp4","4505448","False","0","","False","False","False","C:\Users\scott\soccer-video\out\atomic_clips\misc"
"002__GOAL__t180.80-t191.20.__CINEMATIC.__CINEMATIC.__CINEMATIC","C:\Users\scott\soccer-video\out\atomic_clips\_quarantine\002__GOAL__t180.80-t191.20.__CINEMATIC.__CINEMATIC.__CINEMATIC.mp4","5047745","False","0","","False","False","False","C:\Users\scott\soccer-video\out\atomic_clips\_quarantine"
"002__GOAL__t180.80-t191.20.__CINEMATIC.__CINEMATIC.__CINEMATIC.__CINEMATIC","C:\Users\scott\soccer-video\out\atomic_clips\_quarantine\002__GOAL__t180.80-t191.20.__CINEMATIC.__CINEMATIC.__CINEMATIC.__CINEMATIC.mp4","3814664","False","0","","False","False","False","C:\Users\scott\soccer-video\out\atomic_clips\_quarantine"
"002__GOAL__t180.80-t191.20.__CINEMATIC.__CINEMATIC.__CINEMATIC.__CINEMATIC","C:\Users\scott\soccer-video\out\atomic_clips\misc\002__GOAL__t180.80-t191.20.__CINEMATIC.__CINEMATIC.__CINEMATIC.__CINEMATIC.mp4","3597401","False","0","","False","False","False","C:\Users\scott\soccer-video\out\atomic_clips\misc"
"002__GOAL__t180.80-t191.20.__CINEMATIC.__CINEMATIC.__CINEMATIC.__CINEMATIC.__CINEMATIC","C:\Users\scott\soccer-video\out\atomic_clips\_quarantine\002__GOAL__t180.80-t191.20.__CINEMATIC.__CINEMATIC.__CINEMATIC.__CINEMATIC.__CINEMATIC.mp4","1587837","False","0","","False","False","False","C:\Users\scott\soccer-video\out\atomic_clips\_quarantine"
"002__GOAL__t180.80-t191.20.__CINEMATIC.__CINEMATIC.__CINEMATIC.__CINEMATIC.__CINEMATIC","C:\Users\scott\soccer-video\out\atomic_clips\misc\002__GOAL__t180.80-t191.20.__CINEMATIC.__CINEMATIC.__CINEMATIC.__CINEMATIC.__CINEMATIC.mp4","1781672","False","0","","False","False","False","C:\Users\scott\soccer-video\out\atomic_clips\misc"
"002__GOAL__t180.80-t191.20.__CINEMATIC.__CINEMATIC.__CINEMATIC.__CINEMATIC.__CINEMATIC.__CINEMATIC","C:\Users\scott\soccer-video\out\atomic_clips\_quarantine\002__GOAL__t180.80-t191.20.__CINEMATIC.__CINEMATIC.__CINEMATIC.__CINEMATIC.__CINEMATIC.__CINEMATIC.mp4","864472","False","0","","False","False","False","C:\Users\scott\soccer-video\out\atomic_clips\_quarantine"
"002__GOAL__t180.80-t191.20.__CINEMATIC.__CINEMATIC.__CINEMATIC.__CINEMATIC.__CINEMATIC.__CINEMATIC","C:\Users\scott\soccer-video\out\atomic_clips\misc\002__GOAL__t180.80-t191.20.__CINEMATIC.__CINEMATIC.__CINEMATIC.__CINEMATIC.__CINEMATIC.__CINEMATIC.mp4","923171","False","0","","False","False","False","C:\Users\scott\soccer-video\out\atomic_clips\misc"
"002__GOAL__t180.80-t191.20.__CINEMATIC.__CINEMATIC.__CINEMATIC.__CINEMATIC.__CINEMATIC.__CINEMATIC.__CINEMATIC","C:\Users\scott\soccer-video\out\atomic_clips\misc\002__GOAL__t180.80-t191.20.__CINEMATIC.__CINEMATIC.__CINEMATIC.__CINEMATIC.__CINEMATIC.__CINEMATIC.__CINEMATIC.mp4","732427","False","0","","False","False","False","C:\Users\scott\soccer-video\out\atomic_clips\misc"
"002__GOAL__t180.80-t191.20.__CINEMATIC.__CINEMATIC.__CINEMATIC.__CINEMATIC.__CINEMATIC.__CINEMATIC.__CINEMATIC","C:\Users\scott\soccer-video\out\atomic_clips\_quarantine\002__GOAL__t180.80-t191.20.__CINEMATIC.__CINEMATIC.__CINEMATIC.__CINEMATIC.__CINEMATIC.__CINEMATIC.__CINEMATIC.mp4","786760","False","0","","False","False","False","C:\Users\scott\soccer-video\out\atomic_clips\_quarantine"
"002__GOAL__t180.80-t191.20.__CINEMATIC.__CINEMATIC.__CINEMATIC.__CINEMATIC.__CINEMATIC.__CINEMATIC.__CINEMATIC.__CINEMATIC","C:\Users\scott\soccer-video\out\atomic_clips\_quarantine\002__GOAL__t180.80-t191.20.__CINEMATIC.__CINEMATIC.__CINEMATIC.__CINEMATIC.__CINEMATIC.__CINEMATIC.__CINEMATIC.__CINEMATIC.mp4","754603","False","0","","False","False","False","C:\Users\scott\soccer-video\out\atomic_clips\_quarantine"
"002__SHOT__t185.00-t206.00","C:\Users\scott\soccer-video\out\atomic_clips\misc\002__SHOT__t185.00-t206.00.mp4","28637089","False","0","","False","False","False","C:\Users\scott\soccer-video\out\atomic_clips\misc"
"002__SHOT__t185.00-t206.00","C:\Users\scott\soccer-video\out\atomic_clips\2025-10-12__TSC_SLSG_FallFestival\002__SHOT__t185.00-t206.00.mp4","29593414","False","0","","False","False","False","C:\Users\scott\soccer-video\out\atomic_clips\2025-10-12__TSC_SLSG_FallFestival"
"002__SHOT__t185.00-t206.00.__CINEMATIC","C:\Users\scott\soccer-video\out\atomic_clips\2025-10-12__TSC_SLSG_FallFestival\002__SHOT__t185.00-t206.00.__CINEMATIC.mp4","17400244","False","0","","False","False","False","C:\Users\scott\soccer-video\out\atomic_clips\2025-10-12__TSC_SLSG_FallFestival"
"002__SHOT__t185.00-t206.00.__CINEMATIC","C:\Users\scott\soccer-video\out\atomic_clips\misc\002__SHOT__t185.00-t206.00.__CINEMATIC.mp4","12734718","False","0","","False","False","False","C:\Users\scott\soccer-video\out\atomic_clips\misc"
"002__SHOT__t185.00-t206.00.__CINEMATIC.__CINEMATIC","C:\Users\scott\soccer-video\out\atomic_clips\2025-10-12__TSC_SLSG_FallFestival\002__SHOT__t185.00-t206.00.__CINEMATIC.__CINEMATIC.mp4","11931577","False","0","","False","False","False","C:\Users\scott\soccer-video\out\atomic_clips\2025-10-12__TSC_SLSG_FallFestival"
"002__SHOT__t185.00-t206.00.__CINEMATIC.__CINEMATIC","C:\Users\scott\soccer-video\out\atomic_clips\misc\002__SHOT__t185.00-t206.00.__CINEMATIC.__CINEMATIC.mp4","9549407","False","0","","False","False","False","C:\Users\scott\soccer-video\out\atomic_clips\misc"
"002__SHOT__t185.00-t206.00.__CINEMATIC.__CINEMATIC.__CINEMATIC","C:\Users\scott\soccer-video\out\atomic_clips\2025-10-12__TSC_SLSG_FallFestival\002__SHOT__t185.00-t206.00.__CINEMATIC.__CINEMATIC.__CINEMATIC.mp4","8716982","False","0","","False","False","False","C:\Users\scott\soccer-video\out\atomic_clips\2025-10-12__TSC_SLSG_FallFestival"
"002__SHOT__t185.00-t206.00.__CINEMATIC.__CINEMATIC.__CINEMATIC","C:\Users\scott\soccer-video\out\atomic_clips\misc\002__SHOT__t185.00-t206.00.__CINEMATIC.__CINEMATIC.__CINEMATIC.mp4","8089322","False","0","","False","False","False","C:\Users\scott\soccer-video\out\atomic_clips\misc"
"002__SHOT__t185.00-t206.00.__CINEMATIC.__CINEMATIC.__CINEMATIC.__CINEMATIC","C:\Users\scott\soccer-video\out\atomic_clips\2025-10-12__TSC_SLSG_FallFestival\002__SHOT__t185.00-t206.00.__CINEMATIC.__CINEMATIC.__CINEMATIC.__CINEMATIC.mp4","6535151","False","0","","False","False","False","C:\Users\scott\soccer-video\out\atomic_clips\2025-10-12__TSC_SLSG_FallFestival"
"002__SHOT__t185.00-t206.00.__CINEMATIC.__CINEMATIC.__CINEMATIC.__CINEMATIC","C:\Users\scott\soccer-video\out\atomic_clips\misc\002__SHOT__t185.00-t206.00.__CINEMATIC.__CINEMATIC.__CINEMATIC.__CINEMATIC.mp4","6864161","False","0","","False","False","False","C:\Users\scott\soccer-video\out\atomic_clips\misc"
"002__SHOT__t185.00-t206.00.__CINEMATIC.__CINEMATIC.__CINEMATIC.__CINEMATIC.__CINEMATIC","C:\Users\scott\soccer-video\out\atomic_clips\misc\002__SHOT__t185.00-t206.00.__CINEMATIC.__CINEMATIC.__CINEMATIC.__CINEMATIC.__CINEMATIC.mp4","3514703","False","0","","False","False","False","C:\Users\scott\soccer-video\out\atomic_clips\misc"
"002__SHOT__t185.00-t206.00.__CINEMATIC.__CINEMATIC.__CINEMATIC.__CINEMATIC.__CINEMATIC","C:\Users\scott\soccer-video\out\atomic_clips\2025-10-12__TSC_SLSG_FallFestival\002__SHOT__t185.00-t206.00.__CINEMATIC.__CINEMATIC.__CINEMATIC.__CINEMATIC.__CINEMATIC.mp4","3189417","False","0","","False","False","False","C:\Users\scott\soccer-video\out\atomic_clips\2025-10-12__TSC_SLSG_FallFestival"
"002__SHOT__t185.00-t206.00.__CINEMATIC.__CINEMATIC.__CINEMATIC.__CINEMATIC.__CINEMATIC.__CINEMATIC","C:\Users\scott\soccer-video\out\atomic_clips\misc\002__SHOT__t185.00-t206.00.__CINEMATIC.__CINEMATIC.__CINEMATIC.__CINEMATIC.__CINEMATIC.__CINEMATIC.mp4","1532022","False","0","","False","False","False","C:\Users\scott\soccer-video\out\atomic_clips\misc"
"002__SHOT__t185.00-t206.00.__CINEMATIC.__CINEMATIC.__CINEMATIC.__CINEMATIC.__CINEMATIC.__CINEMATIC","C:\Users\scott\soccer-video\out\atomic_clips\2025-10-12__TSC_SLSG_FallFestival\002__SHOT__t185.00-t206.00.__CINEMATIC.__CINEMATIC.__CINEMATIC.__CINEMATIC.__CINEMATIC.__CINEMATIC.mp4","1593402","False","0","","False","False","False","C:\Users\scott\soccer-video\out\atomic_clips\2025-10-12__TSC_SLSG_FallFestival"
"002__SHOT__t185.00-t206.00.__CINEMATIC.__CINEMATIC.__CINEMATIC.__CINEMATIC.__CINEMATIC.__CINEMATIC.__CINEMATIC","C:\Users\scott\soccer-video\out\atomic_clips\2025-10-12__TSC_SLSG_FallFestival\002__SHOT__t185.00-t206.00.__CINEMATIC.__CINEMATIC.__CINEMATIC.__CINEMATIC.__CINEMATIC.__CINEMATIC.__CINEMATIC.mp4","1308548","False","0","","False","False","False","C:\Users\scott\soccer-video\out\atomic_clips\2025-10-12__TSC_SLSG_FallFestival"
"002__SHOT__t185.00-t206.00.__CINEMATIC.__CINEMATIC.__CINEMATIC.__CINEMATIC.__CINEMATIC.__CINEMATIC.__CINEMATIC","C:\Users\scott\soccer-video\out\atomic_clips\misc\002__SHOT__t185.00-t206.00.__CINEMATIC.__CINEMATIC.__CINEMATIC.__CINEMATIC.__CINEMATIC.__CINEMATIC.__CINEMATIC.mp4","1241489","False","0","","False","False","False","C:\Users\scott\soccer-video\out\atomic_clips\misc"
"003__2025-09-13__TSC_vs_NEOFC__BUILD_UP__t224.80-t248.70.__DEBUG_FINAL_portrait_FINAL","C:\Users\scott\soccer-video\out\atomic_clips\2025-09-13__TSC_vs_NEOFC\003__2025-09-13__TSC_vs_NEOFC__BUILD_UP__t224.80-t248.70.__DEBUG_FINAL_portrait_FINAL.mp4","41466433","False","0","","False","False","False","C:\Users\scott\soccer-video\out\atomic_clips\2025-09-13__TSC_vs_NEOFC"
"003__2025-09-13__TSC_vs_NEOFC__BUILD_UP__t224.80-t248.70.__DEBUG_FINAL_portrait_FINAL.__CINEMATIC","C:\Users\scott\soccer-video\out\atomic_clips\2025-09-13__TSC_vs_NEOFC\003__2025-09-13__TSC_vs_NEOFC__BUILD_UP__t224.80-t248.70.__DEBUG_FINAL_portrait_FINAL.__CINEMATIC.mp4","14557125","False","0","","False","False","False","C:\Users\scott\soccer-video\out\atomic_clips\2025-09-13__TSC_vs_NEOFC"
"003__2025-09-13__TSC_vs_NEOFC__BUILD_UP__t224.80-t248.70.__DEBUG_FINAL_portrait_FINAL.__CINEMATIC.__CINEMATIC","C:\Users\scott\soccer-video\out\atomic_clips\2025-09-13__TSC_vs_NEOFC\003__2025-09-13__TSC_vs_NEOFC__BUILD_UP__t224.80-t248.70.__DEBUG_FINAL_portrait_FINAL.__CINEMATIC.__CINEMATIC.mp4","11223467","False","0","","False","False","False","C:\Users\scott\soccer-video\out\atomic_clips\2025-09-13__TSC_vs_NEOFC"
"003__2025-09-13__TSC_vs_NEOFC__BUILD_UP__t224.80-t248.70.__DEBUG_FINAL_portrait_FINAL.__CINEMATIC.__CINEMATIC.__CINEMATIC","C:\Users\scott\soccer-video\out\atomic_clips\2025-09-13__TSC_vs_NEOFC\003__2025-09-13__TSC_vs_NEOFC__BUILD_UP__t224.80-t248.70.__DEBUG_FINAL_portrait_FINAL.__CINEMATIC.__CINEMATIC.__CINEMATIC.mp4","9896428","False","0","","False","False","False","C:\Users\scott\soccer-video\out\atomic_clips\2025-09-13__TSC_vs_NEOFC"
"003__2025-09-13__TSC_vs_NEOFC__BUILD_UP__t224.80-t248.70.__DEBUG_FINAL_portrait_FINAL.__CINEMATIC.__CINEMATIC.__CINEMATIC.__CINEMATIC","C:\Users\scott\soccer-video\out\atomic_clips\2025-09-13__TSC_vs_NEOFC\003__2025-09-13__TSC_vs_NEOFC__BUILD_UP__t224.80-t248.70.__DEBUG_FINAL_portrait_FINAL.__CINEMATIC.__CINEMATIC.__CINEMATIC.__CINEMATIC.mp4","7840199","False","0","","False","False","False","C:\Users\scott\soccer-video\out\atomic_clips\2025-09-13__TSC_vs_NEOFC"
"003__2025-09-13__TSC_vs_NEOFC__BUILD_UP__t224.80-t248.70.__DEBUG_FINAL_portrait_FINAL.__CINEMATIC.__CINEMATIC.__CINEMATIC.__CINEMATIC.__CINEMATIC","C:\Users\scott\soccer-video\out\atomic_clips\2025-09-13__TSC_vs_NEOFC\003__2025-09-13__TSC_vs_NEOFC__BUILD_UP__t224.80-t248.70.__DEBUG_FINAL_portrait_FINAL.__CINEMATIC.__CINEMATIC.__CINEMATIC.__CINEMATIC.__CINEMATIC.mp4","3148886","False","0","","False","False","False","C:\Users\scott\soccer-video\out\atomic_clips\2025-09-13__TSC_vs_NEOFC"
"003__2025-09-13__TSC_vs_NEOFC__BUILD_UP__t224.80-t248.70.__DEBUG_FINAL_portrait_FINAL.__CINEMATIC.__CINEMATIC.__CINEMATIC.__CINEMATIC.__CINEMATIC.__CINEMATIC","C:\Users\scott\soccer-video\out\atomic_clips\2025-09-13__TSC_vs_NEOFC\003__2025-09-13__TSC_vs_NEOFC__BUILD_UP__t224.80-t248.70.__DEBUG_FINAL_portrait_FINAL.__CINEMATIC.__CINEMATIC.__CINEMATIC.__CINEMATIC.__CINEMATIC.__CINEMATIC.mp4","1425920","False","0","","False","False","False","C:\Users\scott\soccer-video\out\atomic_clips\2025-09-13__TSC_vs_NEOFC"
"003__2025-09-13__TSC_vs_NEOFC__BUILD_UP__t224.80-t248.70.__DEBUG_FINAL_portrait_FINAL.__CINEMATIC.__CINEMATIC.__CINEMATIC.__CINEMATIC.__CINEMATIC.__CINEMATIC.__CINEMATIC","C:\Users\scott\soccer-video\out\atomic_clips\2025-09-13__TSC_vs_NEOFC\003__2025-09-13__TSC_vs_NEOFC__BUILD_UP__t224.80-t248.70.__DEBUG_FINAL_portrait_FINAL.__CINEMATIC.__CINEMATIC.__CINEMATIC.__CINEMATIC.__CINEMATIC.__CINEMATIC.__CINEMATIC.mp4","1271354","False","0","","False","False","False","C:\Users\scott\soccer-video\out\atomic_clips\2025-09-13__TSC_vs_NEOFC"
"003__2025-09-20__TSC_vs_Greenwood__BUILD_UP_PLAY_SHOT__t25260.00-t26460.00","C:\Users\scott\soccer-video\out\atomic_clips\_quarantine\003__2025-09-20__TSC_vs_Greenwood__BUILD_UP_PLAY_SHOT__t25260.00-t26460.00.mp4","3039710","False","0","","False","False","False","C:\Users\scott\soccer-video\out\atomic_clips\_quarantine"
"003__2025-09-20__TSC_vs_RVFC__PRESSURE_SHOT__t15480.00-t16260.00","C:\Users\scott\soccer-video\out\atomic_clips\_quarantine\003__2025-09-20__TSC_vs_RVFC__PRESSURE_SHOT__t15480.00-t16260.00.mp4","866337","False","0","","False","False","False","C:\Users\scott\soccer-video\out\atomic_clips\_quarantine"
"003__2025-09-20__TSC_vs_RVFC__PRESSURE_SHOT__t15480.00-t16260.00","C:\Users\scott\soccer-video\out\atomic_clips\2025-09-20__TSC_vs_RVFC\003__2025-09-20__TSC_vs_RVFC__PRESSURE_SHOT__t15480.00-t16260.00.mp4","19972243","False","0","","False","False","False","C:\Users\scott\soccer-video\out\atomic_clips\2025-09-20__TSC_vs_RVFC"
"003__2025-09-20__TSC_vs_RVFC__PRESSURE_SHOT__t15480.00-t16260.00.__CINEMATIC","C:\Users\scott\soccer-video\out\atomic_clips\2025-09-20__TSC_vs_RVFC\003__2025-09-20__TSC_vs_RVFC__PRESSURE_SHOT__t15480.00-t16260.00.__CINEMATIC.mp4","8234660","False","0","","False","False","False","C:\Users\scott\soccer-video\out\atomic_clips\2025-09-20__TSC_vs_RVFC"
"003__2025-09-20__TSC_vs_RVFC__PRESSURE_SHOT__t15480.00-t16260.00.__CINEMATIC","C:\Users\scott\soccer-video\out\atomic_clips\_quarantine\003__2025-09-20__TSC_vs_RVFC__PRESSURE_SHOT__t15480.00-t16260.00.__CINEMATIC.mp4","8234660","False","0","","False","False","False","C:\Users\scott\soccer-video\out\atomic_clips\_quarantine"
"003__2025-09-20__TSC_vs_RVFC__PRESSURE_SHOT__t15480.00-t16260.00.__CINEMATIC.__CINEMATIC","C:\Users\scott\soccer-video\out\atomic_clips\_quarantine\003__2025-09-20__TSC_vs_RVFC__PRESSURE_SHOT__t15480.00-t16260.00.__CINEMATIC.__CINEMATIC.mp4","5750134","False","0","","False","False","False","C:\Users\scott\soccer-video\out\atomic_clips\_quarantine"
"003__2025-09-20__TSC_vs_RVFC__PRESSURE_SHOT__t15480.00-t16260.00.__CINEMATIC.__CINEMATIC","C:\Users\scott\soccer-video\out\atomic_clips\2025-09-20__TSC_vs_RVFC\003__2025-09-20__TSC_vs_RVFC__PRESSURE_SHOT__t15480.00-t16260.00.__CINEMATIC.__CINEMATIC.mp4","6405929","False","0","","False","False","False","C:\Users\scott\soccer-video\out\atomic_clips\2025-09-20__TSC_vs_RVFC"
"003__2025-09-20__TSC_vs_RVFC__PRESSURE_SHOT__t15480.00-t16260.00.__CINEMATIC.__CINEMATIC.__CINEMATIC","C:\Users\scott\soccer-video\out\atomic_clips\_quarantine\003__2025-09-20__TSC_vs_RVFC__PRESSURE_SHOT__t15480.00-t16260.00.__CINEMATIC.__CINEMATIC.__CINEMATIC.mp4","4816210","False","0","","False","False","False","C:\Users\scott\soccer-video\out\atomic_clips\_quarantine"
"003__2025-09-20__TSC_vs_RVFC__PRESSURE_SHOT__t15480.00-t16260.00.__CINEMATIC.__CINEMATIC.__CINEMATIC","C:\Users\scott\soccer-video\out\atomic_clips\2025-09-20__TSC_vs_RVFC\003__2025-09-20__TSC_vs_RVFC__PRESSURE_SHOT__t15480.00-t16260.00.__CINEMATIC.__CINEMATIC.__CINEMATIC.mp4","5750134","False","0","","False","False","False","C:\Users\scott\soccer-video\out\atomic_clips\2025-09-20__TSC_vs_RVFC"
"003__2025-09-20__TSC_vs_RVFC__PRESSURE_SHOT__t15480.00-t16260.00.__CINEMATIC.__CINEMATIC.__CINEMATIC.__CINEMATIC","C:\Users\scott\soccer-video\out\atomic_clips\2025-09-20__TSC_vs_RVFC\003__2025-09-20__TSC_vs_RVFC__PRESSURE_SHOT__t15480.00-t16260.00.__CINEMATIC.__CINEMATIC.__CINEMATIC.__CINEMATIC.mp4","4816210","False","0","","False","False","False","C:\Users\scott\soccer-video\out\atomic_clips\2025-09-20__TSC_vs_RVFC"
"003__2025-09-20__TSC_vs_RVFC__PRESSURE_SHOT__t15480.00-t16260.00.__CINEMATIC.__CINEMATIC.__CINEMATIC.__CINEMATIC","C:\Users\scott\soccer-video\out\atomic_clips\_quarantine\003__2025-09-20__TSC_vs_RVFC__PRESSURE_SHOT__t15480.00-t16260.00.__CINEMATIC.__CINEMATIC.__CINEMATIC.__CINEMATIC.mp4","3409158","False","0","","False","False","False","C:\Users\scott\soccer-video\out\atomic_clips\_quarantine"
"003__2025-09-20__TSC_vs_RVFC__PRESSURE_SHOT__t15480.00-t16260.00.__CINEMATIC.__CINEMATIC.__CINEMATIC.__CINEMATIC.__CINEMATIC","C:\Users\scott\soccer-video\out\atomic_clips\_quarantine\003__2025-09-20__TSC_vs_RVFC__PRESSURE_SHOT__t15480.00-t16260.00.__CINEMATIC.__CINEMATIC.__CINEMATIC.__CINEMATIC.__CINEMATIC.mp4","2201593","False","0","","False","False","False","C:\Users\scott\soccer-video\out\atomic_clips\_quarantine"
"003__2025-09-20__TSC_vs_RVFC__PRESSURE_SHOT__t15480.00-t16260.00.__CINEMATIC.__CINEMATIC.__CINEMATIC.__CINEMATIC.__CINEMATIC","C:\Users\scott\soccer-video\out\atomic_clips\2025-09-20__TSC_vs_RVFC\003__2025-09-20__TSC_vs_RVFC__PRESSURE_SHOT__t15480.00-t16260.00.__CINEMATIC.__CINEMATIC.__CINEMATIC.__CINEMATIC.__CINEMATIC.mp4","2201593","False","0","","False","False","False","C:\Users\scott\soccer-video\out\atomic_clips\2025-09-20__TSC_vs_RVFC"
"003__2025-09-20__TSC_vs_RVFC__PRESSURE_SHOT__t15480.00-t16260.00.__CINEMATIC.__CINEMATIC.__CINEMATIC.__CINEMATIC.__CINEMATIC.__CINEMATIC","C:\Users\scott\soccer-video\out\atomic_clips\_quarantine\003__2025-09-20__TSC_vs_RVFC__PRESSURE_SHOT__t15480.00-t16260.00.__CINEMATIC.__CINEMATIC.__CINEMATIC.__CINEMATIC.__CINEMATIC.__CINEMATIC.mp4","985165","False","0","","False","False","False","C:\Users\scott\soccer-video\out\atomic_clips\_quarantine"
"003__2025-09-20__TSC_vs_RVFC__PRESSURE_SHOT__t15480.00-t16260.00.__CINEMATIC.__CINEMATIC.__CINEMATIC.__CINEMATIC.__CINEMATIC.__CINEMATIC","C:\Users\scott\soccer-video\out\atomic_clips\2025-09-20__TSC_vs_RVFC\003__2025-09-20__TSC_vs_RVFC__PRESSURE_SHOT__t15480.00-t16260.00.__CINEMATIC.__CINEMATIC.__CINEMATIC.__CINEMATIC.__CINEMATIC.__CINEMATIC.mp4","985165","False","0","","False","False","False","C:\Users\scott\soccer-video\out\atomic_clips\2025-09-20__TSC_vs_RVFC"
"003__2025-09-20__TSC_vs_RVFC__PRESSURE_SHOT__t15480.00-t16260.00.__CINEMATIC.__CINEMATIC.__CINEMATIC.__CINEMATIC.__CINEMATIC.__CINEMATIC.__CINEMATIC","C:\Users\scott\soccer-video\out\atomic_clips\2025-09-20__TSC_vs_RVFC\003__2025-09-20__TSC_vs_RVFC__PRESSURE_SHOT__t15480.00-t16260.00.__CINEMATIC.__CINEMATIC.__CINEMATIC.__CINEMATIC.__CINEMATIC.__CINEMATIC.__CINEMATIC.mp4","803759","False","0","","False","False","False","C:\Users\scott\soccer-video\out\atomic_clips\2025-09-20__TSC_vs_RVFC"
"003__2025-10-04__TSC_vs_FC_Tulsa_Black__BUILD_UP__t27480.00-t29220.00","C:\Users\scott\soccer-video\out\atomic_clips\2025-10-04__TSC_vs_FC\003__2025-10-04__TSC_vs_FC_Tulsa_Black__BUILD_UP__t27480.00-t29220.00.mp4","48177569","False","0","","False","False","False","C:\Users\scott\soccer-video\out\atomic_clips\2025-10-04__TSC_vs_FC"
"003__2025-10-04__TSC_vs_FC_Tulsa_Black__BUILD_UP__t27480.00-t29220.00","C:\Users\scott\soccer-video\out\atomic_clips\_quarantine\003__2025-10-04__TSC_vs_FC_Tulsa_Black__BUILD_UP__t27480.00-t29220.00.mp4","2635807","False","0","","False","False","False","C:\Users\scott\soccer-video\out\atomic_clips\_quarantine"
"003__2025-10-04__TSC_vs_FC_Tulsa_Black__BUILD_UP__t27480.00-t29220.00.__CINEMATIC","C:\Users\scott\soccer-video\out\atomic_clips\_quarantine\003__2025-10-04__TSC_vs_FC_Tulsa_Black__BUILD_UP__t27480.00-t29220.00.__CINEMATIC.mp4","20420873","False","0","","False","False","False","C:\Users\scott\soccer-video\out\atomic_clips\_quarantine"
"003__2025-10-04__TSC_vs_FC_Tulsa_Black__BUILD_UP__t27480.00-t29220.00.__CINEMATIC","C:\Users\scott\soccer-video\out\atomic_clips\2025-10-04__TSC_vs_FC\003__2025-10-04__TSC_vs_FC_Tulsa_Black__BUILD_UP__t27480.00-t29220.00.__CINEMATIC.mp4","20420873","False","0","","False","False","False","C:\Users\scott\soccer-video\out\atomic_clips\2025-10-04__TSC_vs_FC"
"003__2025-10-04__TSC_vs_FC_Tulsa_Black__BUILD_UP__t27480.00-t29220.00.__CINEMATIC.__CINEMATIC","C:\Users\scott\soccer-video\out\atomic_clips\2025-10-04__TSC_vs_FC\003__2025-10-04__TSC_vs_FC_Tulsa_Black__BUILD_UP__t27480.00-t29220.00.__CINEMATIC.__CINEMATIC.mp4","16441146","False","0","","False","False","False","C:\Users\scott\soccer-video\out\atomic_clips\2025-10-04__TSC_vs_FC"
"003__2025-10-04__TSC_vs_FC_Tulsa_Black__BUILD_UP__t27480.00-t29220.00.__CINEMATIC.__CINEMATIC","C:\Users\scott\soccer-video\out\atomic_clips\_quarantine\003__2025-10-04__TSC_vs_FC_Tulsa_Black__BUILD_UP__t27480.00-t29220.00.__CINEMATIC.__CINEMATIC.mp4","12845744","False","0","","False","False","False","C:\Users\scott\soccer-video\out\atomic_clips\_quarantine"
"003__2025-10-04__TSC_vs_FC_Tulsa_Black__BUILD_UP__t27480.00-t29220.00.__CINEMATIC.__CINEMATIC.__CINEMATIC","C:\Users\scott\soccer-video\out\atomic_clips\_quarantine\003__2025-10-04__TSC_vs_FC_Tulsa_Black__BUILD_UP__t27480.00-t29220.00.__CINEMATIC.__CINEMATIC.__CINEMATIC.mp4","10125073","False","0","","False","False","False","C:\Users\scott\soccer-video\out\atomic_clips\_quarantine"
"003__2025-10-04__TSC_vs_FC_Tulsa_Black__BUILD_UP__t27480.00-t29220.00.__CINEMATIC.__CINEMATIC.__CINEMATIC","C:\Users\scott\soccer-video\out\atomic_clips\2025-10-04__TSC_vs_FC\003__2025-10-04__TSC_vs_FC_Tulsa_Black__BUILD_UP__t27480.00-t29220.00.__CINEMATIC.__CINEMATIC.__CINEMATIC.mp4","12845744","False","0","","False","False","False","C:\Users\scott\soccer-video\out\atomic_clips\2025-10-04__TSC_vs_FC"
"003__2025-10-04__TSC_vs_FC_Tulsa_Black__BUILD_UP__t27480.00-t29220.00.__CINEMATIC.__CINEMATIC.__CINEMATIC.__CINEMATIC","C:\Users\scott\soccer-video\out\atomic_clips\_quarantine\003__2025-10-04__TSC_vs_FC_Tulsa_Black__BUILD_UP__t27480.00-t29220.00.__CINEMATIC.__CINEMATIC.__CINEMATIC.__CINEMATIC.mp4","7271009","False","0","","False","False","False","C:\Users\scott\soccer-video\out\atomic_clips\_quarantine"
"003__2025-10-04__TSC_vs_FC_Tulsa_Black__BUILD_UP__t27480.00-t29220.00.__CINEMATIC.__CINEMATIC.__CINEMATIC.__CINEMATIC","C:\Users\scott\soccer-video\out\atomic_clips\2025-10-04__TSC_vs_FC\003__2025-10-04__TSC_vs_FC_Tulsa_Black__BUILD_UP__t27480.00-t29220.00.__CINEMATIC.__CINEMATIC.__CINEMATIC.__CINEMATIC.mp4","10125073","False","0","","False","False","False","C:\Users\scott\soccer-video\out\atomic_clips\2025-10-04__TSC_vs_FC"
"003__2025-10-04__TSC_vs_FC_Tulsa_Black__BUILD_UP__t27480.00-t29220.00.__CINEMATIC.__CINEMATIC.__CINEMATIC.__CINEMATIC.__CINEMATIC","C:\Users\scott\soccer-video\out\atomic_clips\2025-10-04__TSC_vs_FC\003__2025-10-04__TSC_vs_FC_Tulsa_Black__BUILD_UP__t27480.00-t29220.00.__CINEMATIC.__CINEMATIC.__CINEMATIC.__CINEMATIC.__CINEMATIC.mp4","4953859","False","0","","False","False","False","C:\Users\scott\soccer-video\out\atomic_clips\2025-10-04__TSC_vs_FC"
"003__2025-10-04__TSC_vs_FC_Tulsa_Black__BUILD_UP__t27480.00-t29220.00.__CINEMATIC.__CINEMATIC.__CINEMATIC.__CINEMATIC.__CINEMATIC","C:\Users\scott\soccer-video\out\atomic_clips\_quarantine\003__2025-10-04__TSC_vs_FC_Tulsa_Black__BUILD_UP__t27480.00-t29220.00.__CINEMATIC.__CINEMATIC.__CINEMATIC.__CINEMATIC.__CINEMATIC.mp4","4953859","False","0","","False","False","False","C:\Users\scott\soccer-video\out\atomic_clips\_quarantine"
"003__2025-10-04__TSC_vs_FC_Tulsa_Black__BUILD_UP__t27480.00-t29220.00.__CINEMATIC.__CINEMATIC.__CINEMATIC.__CINEMATIC.__CINEMATIC.__CINEMATIC","C:\Users\scott\soccer-video\out\atomic_clips\2025-10-04__TSC_vs_FC\003__2025-10-04__TSC_vs_FC_Tulsa_Black__BUILD_UP__t27480.00-t29220.00.__CINEMATIC.__CINEMATIC.__CINEMATIC.__CINEMATIC.__CINEMATIC.__CINEMATIC.mp4","2363631","False","0","","False","False","False","C:\Users\scott\soccer-video\out\atomic_clips\2025-10-04__TSC_vs_FC"
"003__2025-10-04__TSC_vs_FC_Tulsa_Black__BUILD_UP__t27480.00-t29220.00.__CINEMATIC.__CINEMATIC.__CINEMATIC.__CINEMATIC.__CINEMATIC.__CINEMATIC","C:\Users\scott\soccer-video\out\atomic_clips\_quarantine\003__2025-10-04__TSC_vs_FC_Tulsa_Black__BUILD_UP__t27480.00-t29220.00.__CINEMATIC.__CINEMATIC.__CINEMATIC.__CINEMATIC.__CINEMATIC.__CINEMATIC.mp4","2363631","False","0","","False","False","False","C:\Users\scott\soccer-video\out\atomic_clips\_quarantine"
"003__2025-10-04__TSC_vs_FC_Tulsa_Black__BUILD_UP__t27480.00-t29220.00.__CINEMATIC.__CINEMATIC.__CINEMATIC.__CINEMATIC.__CINEMATIC.__CINEMATIC.__CINEMATIC","C:\Users\scott\soccer-video\out\atomic_clips\2025-10-04__TSC_vs_FC\003__2025-10-04__TSC_vs_FC_Tulsa_Black__BUILD_UP__t27480.00-t29220.00.__CINEMATIC.__CINEMATIC.__CINEMATIC.__CINEMATIC.__CINEMATIC.__CINEMATIC.__CINEMATIC.mp4","1923892","False","0","","False","False","False","C:\Users\scott\soccer-video\out\atomic_clips\2025-10-04__TSC_vs_FC"
"003__BUILD_UP__t224.80-t248.70","C:\Users\scott\soccer-video\out\atomic_clips\_quarantine\003__BUILD_UP__t224.80-t248.70.mp4","42013732","True","1","C","False","False","False","C:\Users\scott\soccer-video\out\atomic_clips\_quarantine"
"003__BUILD_UP__t224.80-t248.70","C:\Users\scott\soccer-video\out\atomic_clips\misc\003__BUILD_UP__t224.80-t248.70.mp4","33549390","True","1","C","False","False","False","C:\Users\scott\soccer-video\out\atomic_clips\misc"
"003__BUILD_UP__t224.80-t248.70.__CINEMATIC","C:\Users\scott\soccer-video\out\atomic_clips\_quarantine\003__BUILD_UP__t224.80-t248.70.__CINEMATIC.mp4","19025038","True","1","C","False","False","False","C:\Users\scott\soccer-video\out\atomic_clips\_quarantine"
"003__BUILD_UP__t224.80-t248.70.__CINEMATIC","C:\Users\scott\soccer-video\out\atomic_clips\misc\003__BUILD_UP__t224.80-t248.70.__CINEMATIC.mp4","14663067","True","1","C","False","False","False","C:\Users\scott\soccer-video\out\atomic_clips\misc"
"003__BUILD_UP__t224.80-t248.70.__CINEMATIC.__CINEMATIC","C:\Users\scott\soccer-video\out\atomic_clips\_quarantine\003__BUILD_UP__t224.80-t248.70.__CINEMATIC.__CINEMATIC.mp4","14930017","False","0","","False","False","False","C:\Users\scott\soccer-video\out\atomic_clips\_quarantine"
"003__BUILD_UP__t224.80-t248.70.__CINEMATIC.__CINEMATIC","C:\Users\scott\soccer-video\out\atomic_clips\misc\003__BUILD_UP__t224.80-t248.70.__CINEMATIC.__CINEMATIC.mp4","11098280","False","0","","False","False","False","C:\Users\scott\soccer-video\out\atomic_clips\misc"
"003__BUILD_UP__t224.80-t248.70.__CINEMATIC.__CINEMATIC.__CINEMATIC","C:\Users\scott\soccer-video\out\atomic_clips\misc\003__BUILD_UP__t224.80-t248.70.__CINEMATIC.__CINEMATIC.__CINEMATIC.mp4","9564749","False","0","","False","False","False","C:\Users\scott\soccer-video\out\atomic_clips\misc"
"003__BUILD_UP__t224.80-t248.70.__CINEMATIC.__CINEMATIC.__CINEMATIC","C:\Users\scott\soccer-video\out\atomic_clips\_quarantine\003__BUILD_UP__t224.80-t248.70.__CINEMATIC.__CINEMATIC.__CINEMATIC.mp4","13659646","False","0","","False","False","False","C:\Users\scott\soccer-video\out\atomic_clips\_quarantine"
"003__BUILD_UP__t224.80-t248.70.__CINEMATIC.__CINEMATIC.__CINEMATIC.__CINEMATIC","C:\Users\scott\soccer-video\out\atomic_clips\misc\003__BUILD_UP__t224.80-t248.70.__CINEMATIC.__CINEMATIC.__CINEMATIC.__CINEMATIC.mp4","8078037","False","0","","False","False","False","C:\Users\scott\soccer-video\out\atomic_clips\misc"
"003__BUILD_UP__t224.80-t248.70.__CINEMATIC.__CINEMATIC.__CINEMATIC.__CINEMATIC","C:\Users\scott\soccer-video\out\atomic_clips\_quarantine\003__BUILD_UP__t224.80-t248.70.__CINEMATIC.__CINEMATIC.__CINEMATIC.__CINEMATIC.mp4","10687185","False","0","","False","False","False","C:\Users\scott\soccer-video\out\atomic_clips\_quarantine"
"003__BUILD_UP__t224.80-t248.70.__CINEMATIC.__CINEMATIC.__CINEMATIC.__CINEMATIC.__CINEMATIC","C:\Users\scott\soccer-video\out\atomic_clips\misc\003__BUILD_UP__t224.80-t248.70.__CINEMATIC.__CINEMATIC.__CINEMATIC.__CINEMATIC.__CINEMATIC.mp4","3928086","False","0","","False","False","False","C:\Users\scott\soccer-video\out\atomic_clips\misc"
"003__BUILD_UP__t224.80-t248.70.__CINEMATIC.__CINEMATIC.__CINEMATIC.__CINEMATIC.__CINEMATIC","C:\Users\scott\soccer-video\out\atomic_clips\_quarantine\003__BUILD_UP__t224.80-t248.70.__CINEMATIC.__CINEMATIC.__CINEMATIC.__CINEMATIC.__CINEMATIC.mp4","3890416","False","0","","False","False","False","C:\Users\scott\soccer-video\out\atomic_clips\_quarantine"
"003__BUILD_UP__t224.80-t248.70.__CINEMATIC.__CINEMATIC.__CINEMATIC.__CINEMATIC.__CINEMATIC.__CINEMATIC","C:\Users\scott\soccer-video\out\atomic_clips\misc\003__BUILD_UP__t224.80-t248.70.__CINEMATIC.__CINEMATIC.__CINEMATIC.__CINEMATIC.__CINEMATIC.__CINEMATIC.mp4","1744471","False","0","","False","False","False","C:\Users\scott\soccer-video\out\atomic_clips\misc"
"003__BUILD_UP__t224.80-t248.70.__CINEMATIC.__CINEMATIC.__CINEMATIC.__CINEMATIC.__CINEMATIC.__CINEMATIC","C:\Users\scott\soccer-video\out\atomic_clips\_quarantine\003__BUILD_UP__t224.80-t248.70.__CINEMATIC.__CINEMATIC.__CINEMATIC.__CINEMATIC.__CINEMATIC.__CINEMATIC.mp4","1703173","False","0","","False","False","False","C:\Users\scott\soccer-video\out\atomic_clips\_quarantine"
"003__BUILD_UP__t224.80-t248.70.__CINEMATIC.__CINEMATIC.__CINEMATIC.__CINEMATIC.__CINEMATIC.__CINEMATIC.__CINEMATIC","C:\Users\scott\soccer-video\out\atomic_clips\_quarantine\003__BUILD_UP__t224.80-t248.70.__CINEMATIC.__CINEMATIC.__CINEMATIC.__CINEMATIC.__CINEMATIC.__CINEMATIC.__CINEMATIC.mp4","1558532","False","0","","False","False","False","C:\Users\scott\soccer-video\out\atomic_clips\_quarantine"
"003__BUILD_UP__t224.80-t248.70.__CINEMATIC.__CINEMATIC.__CINEMATIC.__CINEMATIC.__CINEMATIC.__CINEMATIC.__CINEMATIC","C:\Users\scott\soccer-video\out\atomic_clips\misc\003__BUILD_UP__t224.80-t248.70.__CINEMATIC.__CINEMATIC.__CINEMATIC.__CINEMATIC.__CINEMATIC.__CINEMATIC.__CINEMATIC.mp4","1435017","False","0","","False","False","False","C:\Users\scott\soccer-video\out\atomic_clips\misc"
"003__BUILD_UP__t224.80-t248.70.__CINEMATIC.__CINEMATIC.__CINEMATIC.__CINEMATIC.__CINEMATIC.__CINEMATIC.__CINEMATIC.__CINEMATIC","C:\Users\scott\soccer-video\out\atomic_clips\_quarantine\003__BUILD_UP__t224.80-t248.70.__CINEMATIC.__CINEMATIC.__CINEMATIC.__CINEMATIC.__CINEMATIC.__CINEMATIC.__CINEMATIC.__CINEMATIC.mp4","1629855","False","0","","False","False","False","C:\Users\scott\soccer-video\out\atomic_clips\_quarantine"
"003__DEFENSE__t310.00-t342.00","C:\Users\scott\soccer-video\out\atomic_clips\2025-10-12__TSC_SLSG_FallFestival\003__DEFENSE__t310.00-t342.00.mp4","54275770","False","0","","False","False","False","C:\Users\scott\soccer-video\out\atomic_clips\2025-10-12__TSC_SLSG_FallFestival"
"003__DEFENSE__t310.00-t342.00","C:\Users\scott\soccer-video\out\atomic_clips\misc\003__DEFENSE__t310.00-t342.00.mp4","48374364","False","0","","False","False","False","C:\Users\scott\soccer-video\out\atomic_clips\misc"
"003__DEFENSE__t310.00-t342.00.__CINEMATIC","C:\Users\scott\soccer-video\out\atomic_clips\misc\003__DEFENSE__t310.00-t342.00.__CINEMATIC.mp4","19476856","False","0","","False","False","False","C:\Users\scott\soccer-video\out\atomic_clips\misc"
"003__DEFENSE__t310.00-t342.00.__CINEMATIC","C:\Users\scott\soccer-video\out\atomic_clips\2025-10-12__TSC_SLSG_FallFestival\003__DEFENSE__t310.00-t342.00.__CINEMATIC.mp4","21813458","False","0","","False","False","False","C:\Users\scott\soccer-video\out\atomic_clips\2025-10-12__TSC_SLSG_FallFestival"
"003__DEFENSE__t310.00-t342.00.__CINEMATIC.__CINEMATIC","C:\Users\scott\soccer-video\out\atomic_clips\2025-10-12__TSC_SLSG_FallFestival\003__DEFENSE__t310.00-t342.00.__CINEMATIC.__CINEMATIC.mp4","14454995","False","0","","False","False","False","C:\Users\scott\soccer-video\out\atomic_clips\2025-10-12__TSC_SLSG_FallFestival"
"003__DEFENSE__t310.00-t342.00.__CINEMATIC.__CINEMATIC","C:\Users\scott\soccer-video\out\atomic_clips\misc\003__DEFENSE__t310.00-t342.00.__CINEMATIC.__CINEMATIC.mp4","15404753","False","0","","False","False","False","C:\Users\scott\soccer-video\out\atomic_clips\misc"
"003__DEFENSE__t310.00-t342.00.__CINEMATIC.__CINEMATIC.__CINEMATIC","C:\Users\scott\soccer-video\out\atomic_clips\misc\003__DEFENSE__t310.00-t342.00.__CINEMATIC.__CINEMATIC.__CINEMATIC.mp4","13683575","False","0","","False","False","False","C:\Users\scott\soccer-video\out\atomic_clips\misc"
"003__DEFENSE__t310.00-t342.00.__CINEMATIC.__CINEMATIC.__CINEMATIC","C:\Users\scott\soccer-video\out\atomic_clips\2025-10-12__TSC_SLSG_FallFestival\003__DEFENSE__t310.00-t342.00.__CINEMATIC.__CINEMATIC.__CINEMATIC.mp4","9883606","False","0","","False","False","False","C:\Users\scott\soccer-video\out\atomic_clips\2025-10-12__TSC_SLSG_FallFestival"
"003__DEFENSE__t310.00-t342.00.__CINEMATIC.__CINEMATIC.__CINEMATIC.__CINEMATIC","C:\Users\scott\soccer-video\out\atomic_clips\misc\003__DEFENSE__t310.00-t342.00.__CINEMATIC.__CINEMATIC.__CINEMATIC.__CINEMATIC.mp4","11465138","False","0","","False","False","False","C:\Users\scott\soccer-video\out\atomic_clips\misc"
"003__DEFENSE__t310.00-t342.00.__CINEMATIC.__CINEMATIC.__CINEMATIC.__CINEMATIC","C:\Users\scott\soccer-video\out\atomic_clips\2025-10-12__TSC_SLSG_FallFestival\003__DEFENSE__t310.00-t342.00.__CINEMATIC.__CINEMATIC.__CINEMATIC.__CINEMATIC.mp4","6858015","False","0","","False","False","False","C:\Users\scott\soccer-video\out\atomic_clips\2025-10-12__TSC_SLSG_FallFestival"
"003__DEFENSE__t310.00-t342.00.__CINEMATIC.__CINEMATIC.__CINEMATIC.__CINEMATIC.__CINEMATIC","C:\Users\scott\soccer-video\out\atomic_clips\2025-10-12__TSC_SLSG_FallFestival\003__DEFENSE__t310.00-t342.00.__CINEMATIC.__CINEMATIC.__CINEMATIC.__CINEMATIC.__CINEMATIC.mp4","3135669","False","0","","False","False","False","C:\Users\scott\soccer-video\out\atomic_clips\2025-10-12__TSC_SLSG_FallFestival"
"003__DEFENSE__t310.00-t342.00.__CINEMATIC.__CINEMATIC.__CINEMATIC.__CINEMATIC.__CINEMATIC","C:\Users\scott\soccer-video\out\atomic_clips\misc\003__DEFENSE__t310.00-t342.00.__CINEMATIC.__CINEMATIC.__CINEMATIC.__CINEMATIC.__CINEMATIC.mp4","4716853","False","0","","False","False","False","C:\Users\scott\soccer-video\out\atomic_clips\misc"
"003__DEFENSE__t310.00-t342.00.__CINEMATIC.__CINEMATIC.__CINEMATIC.__CINEMATIC.__CINEMATIC.__CINEMATIC","C:\Users\scott\soccer-video\out\atomic_clips\2025-10-12__TSC_SLSG_FallFestival\003__DEFENSE__t310.00-t342.00.__CINEMATIC.__CINEMATIC.__CINEMATIC.__CINEMATIC.__CINEMATIC.__CINEMATIC.mp4","1934237","False","0","","False","False","False","C:\Users\scott\soccer-video\out\atomic_clips\2025-10-12__TSC_SLSG_FallFestival"
"003__DEFENSE__t310.00-t342.00.__CINEMATIC.__CINEMATIC.__CINEMATIC.__CINEMATIC.__CINEMATIC.__CINEMATIC","C:\Users\scott\soccer-video\out\atomic_clips\misc\003__DEFENSE__t310.00-t342.00.__CINEMATIC.__CINEMATIC.__CINEMATIC.__CINEMATIC.__CINEMATIC.__CINEMATIC.mp4","2046518","False","0","","False","False","False","C:\Users\scott\soccer-video\out\atomic_clips\misc"
"003__DEFENSE__t310.00-t342.00.__CINEMATIC.__CINEMATIC.__CINEMATIC.__CINEMATIC.__CINEMATIC.__CINEMATIC.__CINEMATIC","C:\Users\scott\soccer-video\out\atomic_clips\misc\003__DEFENSE__t310.00-t342.00.__CINEMATIC.__CINEMATIC.__CINEMATIC.__CINEMATIC.__CINEMATIC.__CINEMATIC.__CINEMATIC.mp4","1737983","False","0","","False","False","False","C:\Users\scott\soccer-video\out\atomic_clips\misc"
"003__DEFENSE__t310.00-t342.00.__CINEMATIC.__CINEMATIC.__CINEMATIC.__CINEMATIC.__CINEMATIC.__CINEMATIC.__CINEMATIC","C:\Users\scott\soccer-video\out\atomic_clips\2025-10-12__TSC_SLSG_FallFestival\003__DEFENSE__t310.00-t342.00.__CINEMATIC.__CINEMATIC.__CINEMATIC.__CINEMATIC.__CINEMATIC.__CINEMATIC.__CINEMATIC.mp4","1678468","False","0","","False","False","False","C:\Users\scott\soccer-video\out\atomic_clips\2025-10-12__TSC_SLSG_FallFestival"
"003__Pressure, Cross and Goal__0_16_09-0_16_33","C:\Users\scott\soccer-video\out\atomic_clips\2025-11-04__TSC_-_Navy_Oct_2025\003__Pressure, Cross and Goal__0_16_09-0_16_33.mp4","8810045","False","0","","False","False","False","C:\Users\scott\soccer-video\out\atomic_clips\2025-11-04__TSC_-_Navy_Oct_2025"
"003__Pressure, Cross and Goal__0_16_09-0_16_33.__CINEMATIC","C:\Users\scott\soccer-video\out\atomic_clips\2025-11-04__TSC_-_Navy_Oct_2025\003__Pressure, Cross and Goal__0_16_09-0_16_33.__CINEMATIC.mp4","10654208","False","0","","False","False","False","C:\Users\scott\soccer-video\out\atomic_clips\2025-11-04__TSC_-_Navy_Oct_2025"
"003__Pressure, Cross and Goal__0_16_09-0_16_33.__CINEMATIC.__CINEMATIC","C:\Users\scott\soccer-video\out\atomic_clips\2025-11-04__TSC_-_Navy_Oct_2025\003__Pressure, Cross and Goal__0_16_09-0_16_33.__CINEMATIC.__CINEMATIC.mp4","8035161","False","0","","False","False","False","C:\Users\scott\soccer-video\out\atomic_clips\2025-11-04__TSC_-_Navy_Oct_2025"
"003__Pressure, Cross and Goal__0_16_09-0_16_33.__CINEMATIC.__CINEMATIC.__CINEMATIC","C:\Users\scott\soccer-video\out\atomic_clips\2025-11-04__TSC_-_Navy_Oct_2025\003__Pressure, Cross and Goal__0_16_09-0_16_33.__CINEMATIC.__CINEMATIC.__CINEMATIC.mp4","6246102","False","0","","False","False","False","C:\Users\scott\soccer-video\out\atomic_clips\2025-11-04__TSC_-_Navy_Oct_2025"
"003__Pressure, Cross and Goal__0_16_09-0_16_33.__CINEMATIC.__CINEMATIC.__CINEMATIC.__CINEMATIC","C:\Users\scott\soccer-video\out\atomic_clips\2025-11-04__TSC_-_Navy_Oct_2025\003__Pressure, Cross and Goal__0_16_09-0_16_33.__CINEMATIC.__CINEMATIC.__CINEMATIC.__CINEMATIC.mp4","4545066","False","0","","False","False","False","C:\Users\scott\soccer-video\out\atomic_clips\2025-11-04__TSC_-_Navy_Oct_2025"
"003__Pressure, Cross and Goal__0_16_09-0_16_33.__CINEMATIC.__CINEMATIC.__CINEMATIC.__CINEMATIC.__CINEMATIC","C:\Users\scott\soccer-video\out\atomic_clips\2025-11-04__TSC_-_Navy_Oct_2025\003__Pressure, Cross and Goal__0_16_09-0_16_33.__CINEMATIC.__CINEMATIC.__CINEMATIC.__CINEMATIC.__CINEMATIC.mp4","1984756","False","0","","False","False","False","C:\Users\scott\soccer-video\out\atomic_clips\2025-11-04__TSC_-_Navy_Oct_2025"
"003__Pressure, Cross and Goal__0_16_09-0_16_33.__CINEMATIC.__CINEMATIC.__CINEMATIC.__CINEMATIC.__CINEMATIC.__CINEMATIC","C:\Users\scott\soccer-video\out\atomic_clips\2025-11-04__TSC_-_Navy_Oct_2025\003__Pressure, Cross and Goal__0_16_09-0_16_33.__CINEMATIC.__CINEMATIC.__CINEMATIC.__CINEMATIC.__CINEMATIC.__CINEMATIC.mp4","1196277","False","0","","False","False","False","C:\Users\scott\soccer-video\out\atomic_clips\2025-11-04__TSC_-_Navy_Oct_2025"
"003__Pressure, Cross and Goal__0_16_09-0_16_33.__CINEMATIC.__CINEMATIC.__CINEMATIC.__CINEMATIC.__CINEMATIC.__CINEMATIC.__CINEMATIC","C:\Users\scott\soccer-video\out\atomic_clips\2025-11-04__TSC_-_Navy_Oct_2025\003__Pressure, Cross and Goal__0_16_09-0_16_33.__CINEMATIC.__CINEMATIC.__CINEMATIC.__CINEMATIC.__CINEMATIC.__CINEMATIC.__CINEMATIC.mp4","1090201","False","0","","False","False","False","C:\Users\scott\soccer-video\out\atomic_clips\2025-11-04__TSC_-_Navy_Oct_2025"
"004__2025-09-13__TSC_vs_NEOFC__GOAL__t266.50-t283.10.__DEBUG_FINAL_portrait_FINAL","C:\Users\scott\soccer-video\out\atomic_clips\2025-09-13__TSC_vs_NEOFC\004__2025-09-13__TSC_vs_NEOFC__GOAL__t266.50-t283.10.__DEBUG_FINAL_portrait_FINAL.mp4","26928414","False","0","","False","False","False","C:\Users\scott\soccer-video\out\atomic_clips\2025-09-13__TSC_vs_NEOFC"
"004__2025-09-13__TSC_vs_NEOFC__GOAL__t266.50-t283.10.__DEBUG_FINAL_portrait_FINAL.__CINEMATIC","C:\Users\scott\soccer-video\out\atomic_clips\2025-09-13__TSC_vs_NEOFC\004__2025-09-13__TSC_vs_NEOFC__GOAL__t266.50-t283.10.__DEBUG_FINAL_portrait_FINAL.__CINEMATIC.mp4","9303392","False","0","","False","False","False","C:\Users\scott\soccer-video\out\atomic_clips\2025-09-13__TSC_vs_NEOFC"
"004__2025-09-13__TSC_vs_NEOFC__GOAL__t266.50-t283.10.__DEBUG_FINAL_portrait_FINAL.__CINEMATIC.__CINEMATIC","C:\Users\scott\soccer-video\out\atomic_clips\2025-09-13__TSC_vs_NEOFC\004__2025-09-13__TSC_vs_NEOFC__GOAL__t266.50-t283.10.__DEBUG_FINAL_portrait_FINAL.__CINEMATIC.__CINEMATIC.mp4","7594916","False","0","","False","False","False","C:\Users\scott\soccer-video\out\atomic_clips\2025-09-13__TSC_vs_NEOFC"
"004__2025-09-13__TSC_vs_NEOFC__GOAL__t266.50-t283.10.__DEBUG_FINAL_portrait_FINAL.__CINEMATIC.__CINEMATIC.__CINEMATIC","C:\Users\scott\soccer-video\out\atomic_clips\2025-09-13__TSC_vs_NEOFC\004__2025-09-13__TSC_vs_NEOFC__GOAL__t266.50-t283.10.__DEBUG_FINAL_portrait_FINAL.__CINEMATIC.__CINEMATIC.__CINEMATIC.mp4","7196765","False","0","","False","False","False","C:\Users\scott\soccer-video\out\atomic_clips\2025-09-13__TSC_vs_NEOFC"
"004__2025-09-13__TSC_vs_NEOFC__GOAL__t266.50-t283.10.__DEBUG_FINAL_portrait_FINAL.__CINEMATIC.__CINEMATIC.__CINEMATIC.__CINEMATIC","C:\Users\scott\soccer-video\out\atomic_clips\2025-09-13__TSC_vs_NEOFC\004__2025-09-13__TSC_vs_NEOFC__GOAL__t266.50-t283.10.__DEBUG_FINAL_portrait_FINAL.__CINEMATIC.__CINEMATIC.__CINEMATIC.__CINEMATIC.mp4","5821987","False","0","","False","False","False","C:\Users\scott\soccer-video\out\atomic_clips\2025-09-13__TSC_vs_NEOFC"
"004__2025-09-13__TSC_vs_NEOFC__GOAL__t266.50-t283.10.__DEBUG_FINAL_portrait_FINAL.__CINEMATIC.__CINEMATIC.__CINEMATIC.__CINEMATIC.__CINEMATIC","C:\Users\scott\soccer-video\out\atomic_clips\2025-09-13__TSC_vs_NEOFC\004__2025-09-13__TSC_vs_NEOFC__GOAL__t266.50-t283.10.__DEBUG_FINAL_portrait_FINAL.__CINEMATIC.__CINEMATIC.__CINEMATIC.__CINEMATIC.__CINEMATIC.mp4","2534477","False","0","","False","False","False","C:\Users\scott\soccer-video\out\atomic_clips\2025-09-13__TSC_vs_NEOFC"
"004__2025-09-13__TSC_vs_NEOFC__GOAL__t266.50-t283.10.__DEBUG_FINAL_portrait_FINAL.__CINEMATIC.__CINEMATIC.__CINEMATIC.__CINEMATIC.__CINEMATIC.__CINEMATIC","C:\Users\scott\soccer-video\out\atomic_clips\2025-09-13__TSC_vs_NEOFC\004__2025-09-13__TSC_vs_NEOFC__GOAL__t266.50-t283.10.__DEBUG_FINAL_portrait_FINAL.__CINEMATIC.__CINEMATIC.__CINEMATIC.__CINEMATIC.__CINEMATIC.__CINEMATIC.mp4","1173008","False","0","","False","False","False","C:\Users\scott\soccer-video\out\atomic_clips\2025-09-13__TSC_vs_NEOFC"
"004__2025-09-13__TSC_vs_NEOFC__GOAL__t266.50-t283.10.__DEBUG_FINAL_portrait_FINAL.__CINEMATIC.__CINEMATIC.__CINEMATIC.__CINEMATIC.__CINEMATIC.__CINEMATIC.__CINEMATIC","C:\Users\scott\soccer-video\out\atomic_clips\2025-09-13__TSC_vs_NEOFC\004__2025-09-13__TSC_vs_NEOFC__GOAL__t266.50-t283.10.__DEBUG_FINAL_portrait_FINAL.__CINEMATIC.__CINEMATIC.__CINEMATIC.__CINEMATIC.__CINEMATIC.__CINEMATIC.__CINEMATIC.mp4","1006058","False","0","","False","False","False","C:\Users\scott\soccer-video\out\atomic_clips\2025-09-13__TSC_vs_NEOFC"
"004__2025-09-20__TSC_vs_Greenwood__PRESSURE_TWO_SHOTS__t26640.00-t27360.00","C:\Users\scott\soccer-video\out\atomic_clips\_quarantine\004__2025-09-20__TSC_vs_Greenwood__PRESSURE_TWO_SHOTS__t26640.00-t27360.00.mp4","3039710","False","0","","False","False","False","C:\Users\scott\soccer-video\out\atomic_clips\_quarantine"
"004__2025-09-20__TSC_vs_RVFC__PRESSURE_GOAL__t17880.00-t18720.00","C:\Users\scott\soccer-video\out\atomic_clips\_quarantine\004__2025-09-20__TSC_vs_RVFC__PRESSURE_GOAL__t17880.00-t18720.00.mp4","866337","False","0","","False","False","False","C:\Users\scott\soccer-video\out\atomic_clips\_quarantine"
"004__2025-09-20__TSC_vs_RVFC__PRESSURE_GOAL__t17880.00-t18720.00","C:\Users\scott\soccer-video\out\atomic_clips\2025-09-20__TSC_vs_RVFC\004__2025-09-20__TSC_vs_RVFC__PRESSURE_GOAL__t17880.00-t18720.00.mp4","22735492","False","0","","False","False","False","C:\Users\scott\soccer-video\out\atomic_clips\2025-09-20__TSC_vs_RVFC"
"004__2025-09-20__TSC_vs_RVFC__PRESSURE_GOAL__t17880.00-t18720.00.__CINEMATIC","C:\Users\scott\soccer-video\out\atomic_clips\_quarantine\004__2025-09-20__TSC_vs_RVFC__PRESSURE_GOAL__t17880.00-t18720.00.__CINEMATIC.mp4","8733591","False","0","","False","False","False","C:\Users\scott\soccer-video\out\atomic_clips\_quarantine"
"004__2025-09-20__TSC_vs_RVFC__PRESSURE_GOAL__t17880.00-t18720.00.__CINEMATIC","C:\Users\scott\soccer-video\out\atomic_clips\2025-09-20__TSC_vs_RVFC\004__2025-09-20__TSC_vs_RVFC__PRESSURE_GOAL__t17880.00-t18720.00.__CINEMATIC.mp4","8733591","False","0","","False","False","False","C:\Users\scott\soccer-video\out\atomic_clips\2025-09-20__TSC_vs_RVFC"
"004__2025-09-20__TSC_vs_RVFC__PRESSURE_GOAL__t17880.00-t18720.00.__CINEMATIC.__CINEMATIC","C:\Users\scott\soccer-video\out\atomic_clips\_quarantine\004__2025-09-20__TSC_vs_RVFC__PRESSURE_GOAL__t17880.00-t18720.00.__CINEMATIC.__CINEMATIC.mp4","5634719","False","0","","False","False","False","C:\Users\scott\soccer-video\out\atomic_clips\_quarantine"
"004__2025-09-20__TSC_vs_RVFC__PRESSURE_GOAL__t17880.00-t18720.00.__CINEMATIC.__CINEMATIC","C:\Users\scott\soccer-video\out\atomic_clips\2025-09-20__TSC_vs_RVFC\004__2025-09-20__TSC_vs_RVFC__PRESSURE_GOAL__t17880.00-t18720.00.__CINEMATIC.__CINEMATIC.mp4","6472287","False","0","","False","False","False","C:\Users\scott\soccer-video\out\atomic_clips\2025-09-20__TSC_vs_RVFC"
"004__2025-09-20__TSC_vs_RVFC__PRESSURE_GOAL__t17880.00-t18720.00.__CINEMATIC.__CINEMATIC.__CINEMATIC","C:\Users\scott\soccer-video\out\atomic_clips\2025-09-20__TSC_vs_RVFC\004__2025-09-20__TSC_vs_RVFC__PRESSURE_GOAL__t17880.00-t18720.00.__CINEMATIC.__CINEMATIC.__CINEMATIC.mp4","5634719","False","0","","False","False","False","C:\Users\scott\soccer-video\out\atomic_clips\2025-09-20__TSC_vs_RVFC"
"004__2025-09-20__TSC_vs_RVFC__PRESSURE_GOAL__t17880.00-t18720.00.__CINEMATIC.__CINEMATIC.__CINEMATIC","C:\Users\scott\soccer-video\out\atomic_clips\_quarantine\004__2025-09-20__TSC_vs_RVFC__PRESSURE_GOAL__t17880.00-t18720.00.__CINEMATIC.__CINEMATIC.__CINEMATIC.mp4","5491673","False","0","","False","False","False","C:\Users\scott\soccer-video\out\atomic_clips\_quarantine"
"004__2025-09-20__TSC_vs_RVFC__PRESSURE_GOAL__t17880.00-t18720.00.__CINEMATIC.__CINEMATIC.__CINEMATIC.__CINEMATIC","C:\Users\scott\soccer-video\out\atomic_clips\_quarantine\004__2025-09-20__TSC_vs_RVFC__PRESSURE_GOAL__t17880.00-t18720.00.__CINEMATIC.__CINEMATIC.__CINEMATIC.__CINEMATIC.mp4","4353879","False","0","","False","False","False","C:\Users\scott\soccer-video\out\atomic_clips\_quarantine"
"004__2025-09-20__TSC_vs_RVFC__PRESSURE_GOAL__t17880.00-t18720.00.__CINEMATIC.__CINEMATIC.__CINEMATIC.__CINEMATIC","C:\Users\scott\soccer-video\out\atomic_clips\2025-09-20__TSC_vs_RVFC\004__2025-09-20__TSC_vs_RVFC__PRESSURE_GOAL__t17880.00-t18720.00.__CINEMATIC.__CINEMATIC.__CINEMATIC.__CINEMATIC.mp4","5491673","False","0","","False","False","False","C:\Users\scott\soccer-video\out\atomic_clips\2025-09-20__TSC_vs_RVFC"
"004__2025-09-20__TSC_vs_RVFC__PRESSURE_GOAL__t17880.00-t18720.00.__CINEMATIC.__CINEMATIC.__CINEMATIC.__CINEMATIC.__CINEMATIC","C:\Users\scott\soccer-video\out\atomic_clips\_quarantine\004__2025-09-20__TSC_vs_RVFC__PRESSURE_GOAL__t17880.00-t18720.00.__CINEMATIC.__CINEMATIC.__CINEMATIC.__CINEMATIC.__CINEMATIC.mp4","2942129","False","0","","False","False","False","C:\Users\scott\soccer-video\out\atomic_clips\_quarantine"
"004__2025-09-20__TSC_vs_RVFC__PRESSURE_GOAL__t17880.00-t18720.00.__CINEMATIC.__CINEMATIC.__CINEMATIC.__CINEMATIC.__CINEMATIC","C:\Users\scott\soccer-video\out\atomic_clips\2025-09-20__TSC_vs_RVFC\004__2025-09-20__TSC_vs_RVFC__PRESSURE_GOAL__t17880.00-t18720.00.__CINEMATIC.__CINEMATIC.__CINEMATIC.__CINEMATIC.__CINEMATIC.mp4","2942129","False","0","","False","False","False","C:\Users\scott\soccer-video\out\atomic_clips\2025-09-20__TSC_vs_RVFC"
"004__2025-09-20__TSC_vs_RVFC__PRESSURE_GOAL__t17880.00-t18720.00.__CINEMATIC.__CINEMATIC.__CINEMATIC.__CINEMATIC.__CINEMATIC.__CINEMATIC","C:\Users\scott\soccer-video\out\atomic_clips\_quarantine\004__2025-09-20__TSC_vs_RVFC__PRESSURE_GOAL__t17880.00-t18720.00.__CINEMATIC.__CINEMATIC.__CINEMATIC.__CINEMATIC.__CINEMATIC.__CINEMATIC.mp4","1331512","False","0","","False","False","False","C:\Users\scott\soccer-video\out\atomic_clips\_quarantine"
"004__2025-09-20__TSC_vs_RVFC__PRESSURE_GOAL__t17880.00-t18720.00.__CINEMATIC.__CINEMATIC.__CINEMATIC.__CINEMATIC.__CINEMATIC.__CINEMATIC","C:\Users\scott\soccer-video\out\atomic_clips\2025-09-20__TSC_vs_RVFC\004__2025-09-20__TSC_vs_RVFC__PRESSURE_GOAL__t17880.00-t18720.00.__CINEMATIC.__CINEMATIC.__CINEMATIC.__CINEMATIC.__CINEMATIC.__CINEMATIC.mp4","1331512","False","0","","False","False","False","C:\Users\scott\soccer-video\out\atomic_clips\2025-09-20__TSC_vs_RVFC"
"004__2025-09-20__TSC_vs_RVFC__PRESSURE_GOAL__t17880.00-t18720.00.__CINEMATIC.__CINEMATIC.__CINEMATIC.__CINEMATIC.__CINEMATIC.__CINEMATIC.__CINEMATIC","C:\Users\scott\soccer-video\out\atomic_clips\2025-09-20__TSC_vs_RVFC\004__2025-09-20__TSC_vs_RVFC__PRESSURE_GOAL__t17880.00-t18720.00.__CINEMATIC.__CINEMATIC.__CINEMATIC.__CINEMATIC.__CINEMATIC.__CINEMATIC.__CINEMATIC.mp4","1029076","False","0","","False","False","False","C:\Users\scott\soccer-video\out\atomic_clips\2025-09-20__TSC_vs_RVFC"
"004__2025-10-04__TSC_vs_FC_Tulsa_Black__BUILD_UP__t29700.00-t30780.00","C:\Users\scott\soccer-video\out\atomic_clips\2025-10-04__TSC_vs_FC\004__2025-10-04__TSC_vs_FC_Tulsa_Black__BUILD_UP__t29700.00-t30780.00.mp4","29393086","False","0","","False","False","False","C:\Users\scott\soccer-video\out\atomic_clips\2025-10-04__TSC_vs_FC"
"004__2025-10-04__TSC_vs_FC_Tulsa_Black__BUILD_UP__t29700.00-t30780.00","C:\Users\scott\soccer-video\out\atomic_clips\_quarantine\004__2025-10-04__TSC_vs_FC_Tulsa_Black__BUILD_UP__t29700.00-t30780.00.mp4","2635807","False","0","","False","False","False","C:\Users\scott\soccer-video\out\atomic_clips\_quarantine"
"004__2025-10-04__TSC_vs_FC_Tulsa_Black__BUILD_UP__t29700.00-t30780.00.__CINEMATIC","C:\Users\scott\soccer-video\out\atomic_clips\_quarantine\004__2025-10-04__TSC_vs_FC_Tulsa_Black__BUILD_UP__t29700.00-t30780.00.__CINEMATIC.mp4","12462732","False","0","","False","False","False","C:\Users\scott\soccer-video\out\atomic_clips\_quarantine"
"004__2025-10-04__TSC_vs_FC_Tulsa_Black__BUILD_UP__t29700.00-t30780.00.__CINEMATIC","C:\Users\scott\soccer-video\out\atomic_clips\2025-10-04__TSC_vs_FC\004__2025-10-04__TSC_vs_FC_Tulsa_Black__BUILD_UP__t29700.00-t30780.00.__CINEMATIC.mp4","12462732","False","0","","False","False","False","C:\Users\scott\soccer-video\out\atomic_clips\2025-10-04__TSC_vs_FC"
"004__2025-10-04__TSC_vs_FC_Tulsa_Black__BUILD_UP__t29700.00-t30780.00.__CINEMATIC.__CINEMATIC","C:\Users\scott\soccer-video\out\atomic_clips\2025-10-04__TSC_vs_FC\004__2025-10-04__TSC_vs_FC_Tulsa_Black__BUILD_UP__t29700.00-t30780.00.__CINEMATIC.__CINEMATIC.mp4","9141617","False","0","","False","False","False","C:\Users\scott\soccer-video\out\atomic_clips\2025-10-04__TSC_vs_FC"
"004__2025-10-04__TSC_vs_FC_Tulsa_Black__BUILD_UP__t29700.00-t30780.00.__CINEMATIC.__CINEMATIC","C:\Users\scott\soccer-video\out\atomic_clips\_quarantine\004__2025-10-04__TSC_vs_FC_Tulsa_Black__BUILD_UP__t29700.00-t30780.00.__CINEMATIC.__CINEMATIC.mp4","6997287","False","0","","False","False","False","C:\Users\scott\soccer-video\out\atomic_clips\_quarantine"
"004__2025-10-04__TSC_vs_FC_Tulsa_Black__BUILD_UP__t29700.00-t30780.00.__CINEMATIC.__CINEMATIC.__CINEMATIC","C:\Users\scott\soccer-video\out\atomic_clips\_quarantine\004__2025-10-04__TSC_vs_FC_Tulsa_Black__BUILD_UP__t29700.00-t30780.00.__CINEMATIC.__CINEMATIC.__CINEMATIC.mp4","4989535","False","0","","False","False","False","C:\Users\scott\soccer-video\out\atomic_clips\_quarantine"
"004__2025-10-04__TSC_vs_FC_Tulsa_Black__BUILD_UP__t29700.00-t30780.00.__CINEMATIC.__CINEMATIC.__CINEMATIC","C:\Users\scott\soccer-video\out\atomic_clips\2025-10-04__TSC_vs_FC\004__2025-10-04__TSC_vs_FC_Tulsa_Black__BUILD_UP__t29700.00-t30780.00.__CINEMATIC.__CINEMATIC.__CINEMATIC.mp4","6997287","False","0","","False","False","False","C:\Users\scott\soccer-video\out\atomic_clips\2025-10-04__TSC_vs_FC"
"004__2025-10-04__TSC_vs_FC_Tulsa_Black__BUILD_UP__t29700.00-t30780.00.__CINEMATIC.__CINEMATIC.__CINEMATIC.__CINEMATIC","C:\Users\scott\soccer-video\out\atomic_clips\_quarantine\004__2025-10-04__TSC_vs_FC_Tulsa_Black__BUILD_UP__t29700.00-t30780.00.__CINEMATIC.__CINEMATIC.__CINEMATIC.__CINEMATIC.mp4","3338526","False","0","","False","False","False","C:\Users\scott\soccer-video\out\atomic_clips\_quarantine"
"004__2025-10-04__TSC_vs_FC_Tulsa_Black__BUILD_UP__t29700.00-t30780.00.__CINEMATIC.__CINEMATIC.__CINEMATIC.__CINEMATIC","C:\Users\scott\soccer-video\out\atomic_clips\2025-10-04__TSC_vs_FC\004__2025-10-04__TSC_vs_FC_Tulsa_Black__BUILD_UP__t29700.00-t30780.00.__CINEMATIC.__CINEMATIC.__CINEMATIC.__CINEMATIC.mp4","4989535","False","0","","False","False","False","C:\Users\scott\soccer-video\out\atomic_clips\2025-10-04__TSC_vs_FC"
"004__2025-10-04__TSC_vs_FC_Tulsa_Black__BUILD_UP__t29700.00-t30780.00.__CINEMATIC.__CINEMATIC.__CINEMATIC.__CINEMATIC.__CINEMATIC","C:\Users\scott\soccer-video\out\atomic_clips\2025-10-04__TSC_vs_FC\004__2025-10-04__TSC_vs_FC_Tulsa_Black__BUILD_UP__t29700.00-t30780.00.__CINEMATIC.__CINEMATIC.__CINEMATIC.__CINEMATIC.__CINEMATIC.mp4","2202532","False","0","","False","False","False","C:\Users\scott\soccer-video\out\atomic_clips\2025-10-04__TSC_vs_FC"
"004__2025-10-04__TSC_vs_FC_Tulsa_Black__BUILD_UP__t29700.00-t30780.00.__CINEMATIC.__CINEMATIC.__CINEMATIC.__CINEMATIC.__CINEMATIC","C:\Users\scott\soccer-video\out\atomic_clips\_quarantine\004__2025-10-04__TSC_vs_FC_Tulsa_Black__BUILD_UP__t29700.00-t30780.00.__CINEMATIC.__CINEMATIC.__CINEMATIC.__CINEMATIC.__CINEMATIC.mp4","2202532","False","0","","False","False","False","C:\Users\scott\soccer-video\out\atomic_clips\_quarantine"
"004__2025-10-04__TSC_vs_FC_Tulsa_Black__BUILD_UP__t29700.00-t30780.00.__CINEMATIC.__CINEMATIC.__CINEMATIC.__CINEMATIC.__CINEMATIC.__CINEMATIC","C:\Users\scott\soccer-video\out\atomic_clips\_quarantine\004__2025-10-04__TSC_vs_FC_Tulsa_Black__BUILD_UP__t29700.00-t30780.00.__CINEMATIC.__CINEMATIC.__CINEMATIC.__CINEMATIC.__CINEMATIC.__CINEMATIC.mp4","1188696","False","0","","False","False","False","C:\Users\scott\soccer-video\out\atomic_clips\_quarantine"
"004__2025-10-04__TSC_vs_FC_Tulsa_Black__BUILD_UP__t29700.00-t30780.00.__CINEMATIC.__CINEMATIC.__CINEMATIC.__CINEMATIC.__CINEMATIC.__CINEMATIC","C:\Users\scott\soccer-video\out\atomic_clips\2025-10-04__TSC_vs_FC\004__2025-10-04__TSC_vs_FC_Tulsa_Black__BUILD_UP__t29700.00-t30780.00.__CINEMATIC.__CINEMATIC.__CINEMATIC.__CINEMATIC.__CINEMATIC.__CINEMATIC.mp4","1188696","False","0","","False","False","False","C:\Users\scott\soccer-video\out\atomic_clips\2025-10-04__TSC_vs_FC"
"004__2025-10-04__TSC_vs_FC_Tulsa_Black__BUILD_UP__t29700.00-t30780.00.__CINEMATIC.__CINEMATIC.__CINEMATIC.__CINEMATIC.__CINEMATIC.__CINEMATIC.__CINEMATIC","C:\Users\scott\soccer-video\out\atomic_clips\2025-10-04__TSC_vs_FC\004__2025-10-04__TSC_vs_FC_Tulsa_Black__BUILD_UP__t29700.00-t30780.00.__CINEMATIC.__CINEMATIC.__CINEMATIC.__CINEMATIC.__CINEMATIC.__CINEMATIC.__CINEMATIC.mp4","1026987","False","0","","False","False","False","C:\Users\scott\soccer-video\out\atomic_clips\2025-10-04__TSC_vs_FC"
"004__GOAL__t266.50-t283.10","C:\Users\scott\soccer-video\out\atomic_clips\misc\004__GOAL__t266.50-t283.10.mp4","23137916","True","1","C","False","False","False","C:\Users\scott\soccer-video\out\atomic_clips\misc"
"004__GOAL__t266.50-t283.10","C:\Users\scott\soccer-video\out\atomic_clips\_quarantine\004__GOAL__t266.50-t283.10.mp4","24745694","True","1","C","False","False","False","C:\Users\scott\soccer-video\out\atomic_clips\_quarantine"
"004__GOAL__t266.50-t283.10.__CINEMATIC","C:\Users\scott\soccer-video\out\atomic_clips\misc\004__GOAL__t266.50-t283.10.__CINEMATIC.mp4","10987549","False","0","","False","False","False","C:\Users\scott\soccer-video\out\atomic_clips\misc"
"004__GOAL__t266.50-t283.10.__CINEMATIC","C:\Users\scott\soccer-video\out\atomic_clips\_quarantine\004__GOAL__t266.50-t283.10.__CINEMATIC.mp4","9979330","False","0","","False","False","False","C:\Users\scott\soccer-video\out\atomic_clips\_quarantine"
"004__GOAL__t266.50-t283.10.__CINEMATIC.__CINEMATIC","C:\Users\scott\soccer-video\out\atomic_clips\_quarantine\004__GOAL__t266.50-t283.10.__CINEMATIC.__CINEMATIC.mp4","8276728","False","0","","False","False","False","C:\Users\scott\soccer-video\out\atomic_clips\_quarantine"
"004__GOAL__t266.50-t283.10.__CINEMATIC.__CINEMATIC","C:\Users\scott\soccer-video\out\atomic_clips\misc\004__GOAL__t266.50-t283.10.__CINEMATIC.__CINEMATIC.mp4","8333487","False","0","","False","False","False","C:\Users\scott\soccer-video\out\atomic_clips\misc"
"004__GOAL__t266.50-t283.10.__CINEMATIC.__CINEMATIC.__CINEMATIC","C:\Users\scott\soccer-video\out\atomic_clips\_quarantine\004__GOAL__t266.50-t283.10.__CINEMATIC.__CINEMATIC.__CINEMATIC.mp4","7890510","False","0","","False","False","False","C:\Users\scott\soccer-video\out\atomic_clips\_quarantine"
"004__GOAL__t266.50-t283.10.__CINEMATIC.__CINEMATIC.__CINEMATIC","C:\Users\scott\soccer-video\out\atomic_clips\misc\004__GOAL__t266.50-t283.10.__CINEMATIC.__CINEMATIC.__CINEMATIC.mp4","7284051","False","0","","False","False","False","C:\Users\scott\soccer-video\out\atomic_clips\misc"
"004__GOAL__t266.50-t283.10.__CINEMATIC.__CINEMATIC.__CINEMATIC.__CINEMATIC","C:\Users\scott\soccer-video\out\atomic_clips\_quarantine\004__GOAL__t266.50-t283.10.__CINEMATIC.__CINEMATIC.__CINEMATIC.__CINEMATIC.mp4","6425422","False","0","","False","False","False","C:\Users\scott\soccer-video\out\atomic_clips\_quarantine"
"004__GOAL__t266.50-t283.10.__CINEMATIC.__CINEMATIC.__CINEMATIC.__CINEMATIC","C:\Users\scott\soccer-video\out\atomic_clips\misc\004__GOAL__t266.50-t283.10.__CINEMATIC.__CINEMATIC.__CINEMATIC.__CINEMATIC.mp4","5981948","False","0","","False","False","False","C:\Users\scott\soccer-video\out\atomic_clips\misc"
"004__GOAL__t266.50-t283.10.__CINEMATIC.__CINEMATIC.__CINEMATIC.__CINEMATIC.__CINEMATIC","C:\Users\scott\soccer-video\out\atomic_clips\misc\004__GOAL__t266.50-t283.10.__CINEMATIC.__CINEMATIC.__CINEMATIC.__CINEMATIC.__CINEMATIC.mp4","2711470","False","0","","False","False","False","C:\Users\scott\soccer-video\out\atomic_clips\misc"
"004__GOAL__t266.50-t283.10.__CINEMATIC.__CINEMATIC.__CINEMATIC.__CINEMATIC.__CINEMATIC","C:\Users\scott\soccer-video\out\atomic_clips\_quarantine\004__GOAL__t266.50-t283.10.__CINEMATIC.__CINEMATIC.__CINEMATIC.__CINEMATIC.__CINEMATIC.mp4","2746664","False","0","","False","False","False","C:\Users\scott\soccer-video\out\atomic_clips\_quarantine"
"004__GOAL__t266.50-t283.10.__CINEMATIC.__CINEMATIC.__CINEMATIC.__CINEMATIC.__CINEMATIC.__CINEMATIC","C:\Users\scott\soccer-video\out\atomic_clips\_quarantine\004__GOAL__t266.50-t283.10.__CINEMATIC.__CINEMATIC.__CINEMATIC.__CINEMATIC.__CINEMATIC.__CINEMATIC.mp4","1227136","False","0","","False","False","False","C:\Users\scott\soccer-video\out\atomic_clips\_quarantine"
"004__GOAL__t266.50-t283.10.__CINEMATIC.__CINEMATIC.__CINEMATIC.__CINEMATIC.__CINEMATIC.__CINEMATIC","C:\Users\scott\soccer-video\out\atomic_clips\misc\004__GOAL__t266.50-t283.10.__CINEMATIC.__CINEMATIC.__CINEMATIC.__CINEMATIC.__CINEMATIC.__CINEMATIC.mp4","1222508","False","0","","False","False","False","C:\Users\scott\soccer-video\out\atomic_clips\misc"
"004__GOAL__t266.50-t283.10.__CINEMATIC.__CINEMATIC.__CINEMATIC.__CINEMATIC.__CINEMATIC.__CINEMATIC.__CINEMATIC","C:\Users\scott\soccer-video\out\atomic_clips\_quarantine\004__GOAL__t266.50-t283.10.__CINEMATIC.__CINEMATIC.__CINEMATIC.__CINEMATIC.__CINEMATIC.__CINEMATIC.__CINEMATIC.mp4","1037442","False","0","","False","False","False","C:\Users\scott\soccer-video\out\atomic_clips\_quarantine"
"004__GOAL__t266.50-t283.10.__CINEMATIC.__CINEMATIC.__CINEMATIC.__CINEMATIC.__CINEMATIC.__CINEMATIC.__CINEMATIC","C:\Users\scott\soccer-video\out\atomic_clips\misc\004__GOAL__t266.50-t283.10.__CINEMATIC.__CINEMATIC.__CINEMATIC.__CINEMATIC.__CINEMATIC.__CINEMATIC.__CINEMATIC.mp4","965219","False","0","","False","False","False","C:\Users\scott\soccer-video\out\atomic_clips\misc"
"004__GOAL__t266.50-t283.10.__CINEMATIC.__CINEMATIC.__CINEMATIC.__CINEMATIC.__CINEMATIC.__CINEMATIC.__CINEMATIC.__CINEMATIC","C:\Users\scott\soccer-video\out\atomic_clips\_quarantine\004__GOAL__t266.50-t283.10.__CINEMATIC.__CINEMATIC.__CINEMATIC.__CINEMATIC.__CINEMATIC.__CINEMATIC.__CINEMATIC.__CINEMATIC.mp4","995935","False","0","","False","False","False","C:\Users\scott\soccer-video\out\atomic_clips\_quarantine"
"004__Pressure & Shot__0_23_24-0_23_53","C:\Users\scott\soccer-video\out\atomic_clips\2025-11-04__TSC_-_Navy_Oct_2025\004__Pressure & Shot__0_23_24-0_23_53.mp4","10591193","False","0","","False","False","False","C:\Users\scott\soccer-video\out\atomic_clips\2025-11-04__TSC_-_Navy_Oct_2025"
"004__Pressure & Shot__0_23_24-0_23_53.__CINEMATIC","C:\Users\scott\soccer-video\out\atomic_clips\2025-11-04__TSC_-_Navy_Oct_2025\004__Pressure & Shot__0_23_24-0_23_53.__CINEMATIC.mp4","13848871","False","0","","False","False","False","C:\Users\scott\soccer-video\out\atomic_clips\2025-11-04__TSC_-_Navy_Oct_2025"
"004__Pressure & Shot__0_23_24-0_23_53.__CINEMATIC.__CINEMATIC","C:\Users\scott\soccer-video\out\atomic_clips\2025-11-04__TSC_-_Navy_Oct_2025\004__Pressure & Shot__0_23_24-0_23_53.__CINEMATIC.__CINEMATIC.mp4","10878371","False","0","","False","False","False","C:\Users\scott\soccer-video\out\atomic_clips\2025-11-04__TSC_-_Navy_Oct_2025"
"004__Pressure & Shot__0_23_24-0_23_53.__CINEMATIC.__CINEMATIC.__CINEMATIC","C:\Users\scott\soccer-video\out\atomic_clips\2025-11-04__TSC_-_Navy_Oct_2025\004__Pressure & Shot__0_23_24-0_23_53.__CINEMATIC.__CINEMATIC.__CINEMATIC.mp4","8102406","False","0","","False","False","False","C:\Users\scott\soccer-video\out\atomic_clips\2025-11-04__TSC_-_Navy_Oct_2025"
"004__Pressure & Shot__0_23_24-0_23_53.__CINEMATIC.__CINEMATIC.__CINEMATIC.__CINEMATIC","C:\Users\scott\soccer-video\out\atomic_clips\2025-11-04__TSC_-_Navy_Oct_2025\004__Pressure & Shot__0_23_24-0_23_53.__CINEMATIC.__CINEMATIC.__CINEMATIC.__CINEMATIC.mp4","5474682","False","0","","False","False","False","C:\Users\scott\soccer-video\out\atomic_clips\2025-11-04__TSC_-_Navy_Oct_2025"
"004__Pressure & Shot__0_23_24-0_23_53.__CINEMATIC.__CINEMATIC.__CINEMATIC.__CINEMATIC.__CINEMATIC","C:\Users\scott\soccer-video\out\atomic_clips\2025-11-04__TSC_-_Navy_Oct_2025\004__Pressure & Shot__0_23_24-0_23_53.__CINEMATIC.__CINEMATIC.__CINEMATIC.__CINEMATIC.__CINEMATIC.mp4","2226384","False","0","","False","False","False","C:\Users\scott\soccer-video\out\atomic_clips\2025-11-04__TSC_-_Navy_Oct_2025"
"004__Pressure & Shot__0_23_24-0_23_53.__CINEMATIC.__CINEMATIC.__CINEMATIC.__CINEMATIC.__CINEMATIC.__CINEMATIC","C:\Users\scott\soccer-video\out\atomic_clips\2025-11-04__TSC_-_Navy_Oct_2025\004__Pressure & Shot__0_23_24-0_23_53.__CINEMATIC.__CINEMATIC.__CINEMATIC.__CINEMATIC.__CINEMATIC.__CINEMATIC.mp4","1435767","False","0","","False","False","False","C:\Users\scott\soccer-video\out\atomic_clips\2025-11-04__TSC_-_Navy_Oct_2025"
"004__Pressure & Shot__0_23_24-0_23_53.__CINEMATIC.__CINEMATIC.__CINEMATIC.__CINEMATIC.__CINEMATIC.__CINEMATIC.__CINEMATIC","C:\Users\scott\soccer-video\out\atomic_clips\2025-11-04__TSC_-_Navy_Oct_2025\004__Pressure & Shot__0_23_24-0_23_53.__CINEMATIC.__CINEMATIC.__CINEMATIC.__CINEMATIC.__CINEMATIC.__CINEMATIC.__CINEMATIC.mp4","1353063","False","0","","False","False","False","C:\Users\scott\soccer-video\out\atomic_clips\2025-11-04__TSC_-_Navy_Oct_2025"
"004__PRESSURE__t640.00-t663.00","C:\Users\scott\soccer-video\out\atomic_clips\misc\004__PRESSURE__t640.00-t663.00.mp4","36434495","False","0","","False","False","False","C:\Users\scott\soccer-video\out\atomic_clips\misc"
"004__PRESSURE__t640.00-t663.00","C:\Users\scott\soccer-video\out\atomic_clips\2025-10-12__TSC_SLSG_FallFestival\004__PRESSURE__t640.00-t663.00.mp4","33770608","False","0","","False","False","False","C:\Users\scott\soccer-video\out\atomic_clips\2025-10-12__TSC_SLSG_FallFestival"
"004__PRESSURE__t640.00-t663.00.__CINEMATIC","C:\Users\scott\soccer-video\out\atomic_clips\misc\004__PRESSURE__t640.00-t663.00.__CINEMATIC.mp4","13767272","False","0","","False","False","False","C:\Users\scott\soccer-video\out\atomic_clips\misc"
"004__PRESSURE__t640.00-t663.00.__CINEMATIC","C:\Users\scott\soccer-video\out\atomic_clips\2025-10-12__TSC_SLSG_FallFestival\004__PRESSURE__t640.00-t663.00.__CINEMATIC.mp4","14791789","False","0","","False","False","False","C:\Users\scott\soccer-video\out\atomic_clips\2025-10-12__TSC_SLSG_FallFestival"
"004__PRESSURE__t640.00-t663.00.__CINEMATIC.__CINEMATIC","C:\Users\scott\soccer-video\out\atomic_clips\misc\004__PRESSURE__t640.00-t663.00.__CINEMATIC.__CINEMATIC.mp4","11023224","False","0","","False","False","False","C:\Users\scott\soccer-video\out\atomic_clips\misc"
"004__PRESSURE__t640.00-t663.00.__CINEMATIC.__CINEMATIC","C:\Users\scott\soccer-video\out\atomic_clips\2025-10-12__TSC_SLSG_FallFestival\004__PRESSURE__t640.00-t663.00.__CINEMATIC.__CINEMATIC.mp4","10938897","False","0","","False","False","False","C:\Users\scott\soccer-video\out\atomic_clips\2025-10-12__TSC_SLSG_FallFestival"
"004__PRESSURE__t640.00-t663.00.__CINEMATIC.__CINEMATIC.__CINEMATIC","C:\Users\scott\soccer-video\out\atomic_clips\2025-10-12__TSC_SLSG_FallFestival\004__PRESSURE__t640.00-t663.00.__CINEMATIC.__CINEMATIC.__CINEMATIC.mp4","8742259","False","0","","False","False","False","C:\Users\scott\soccer-video\out\atomic_clips\2025-10-12__TSC_SLSG_FallFestival"
"004__PRESSURE__t640.00-t663.00.__CINEMATIC.__CINEMATIC.__CINEMATIC","C:\Users\scott\soccer-video\out\atomic_clips\misc\004__PRESSURE__t640.00-t663.00.__CINEMATIC.__CINEMATIC.__CINEMATIC.mp4","10336890","False","0","","False","False","False","C:\Users\scott\soccer-video\out\atomic_clips\misc"
"004__PRESSURE__t640.00-t663.00.__CINEMATIC.__CINEMATIC.__CINEMATIC.__CINEMATIC","C:\Users\scott\soccer-video\out\atomic_clips\misc\004__PRESSURE__t640.00-t663.00.__CINEMATIC.__CINEMATIC.__CINEMATIC.__CINEMATIC.mp4","8376357","False","0","","False","False","False","C:\Users\scott\soccer-video\out\atomic_clips\misc"
"004__PRESSURE__t640.00-t663.00.__CINEMATIC.__CINEMATIC.__CINEMATIC.__CINEMATIC","C:\Users\scott\soccer-video\out\atomic_clips\2025-10-12__TSC_SLSG_FallFestival\004__PRESSURE__t640.00-t663.00.__CINEMATIC.__CINEMATIC.__CINEMATIC.__CINEMATIC.mp4","6364822","False","0","","False","False","False","C:\Users\scott\soccer-video\out\atomic_clips\2025-10-12__TSC_SLSG_FallFestival"
"004__PRESSURE__t640.00-t663.00.__CINEMATIC.__CINEMATIC.__CINEMATIC.__CINEMATIC.__CINEMATIC","C:\Users\scott\soccer-video\out\atomic_clips\misc\004__PRESSURE__t640.00-t663.00.__CINEMATIC.__CINEMATIC.__CINEMATIC.__CINEMATIC.__CINEMATIC.mp4","3396090","False","0","","False","False","False","C:\Users\scott\soccer-video\out\atomic_clips\misc"
"004__PRESSURE__t640.00-t663.00.__CINEMATIC.__CINEMATIC.__CINEMATIC.__CINEMATIC.__CINEMATIC","C:\Users\scott\soccer-video\out\atomic_clips\2025-10-12__TSC_SLSG_FallFestival\004__PRESSURE__t640.00-t663.00.__CINEMATIC.__CINEMATIC.__CINEMATIC.__CINEMATIC.__CINEMATIC.mp4","2766450","False","0","","False","False","False","C:\Users\scott\soccer-video\out\atomic_clips\2025-10-12__TSC_SLSG_FallFestival"
"004__PRESSURE__t640.00-t663.00.__CINEMATIC.__CINEMATIC.__CINEMATIC.__CINEMATIC.__CINEMATIC.__CINEMATIC","C:\Users\scott\soccer-video\out\atomic_clips\misc\004__PRESSURE__t640.00-t663.00.__CINEMATIC.__CINEMATIC.__CINEMATIC.__CINEMATIC.__CINEMATIC.__CINEMATIC.mp4","1417392","False","0","","False","False","False","C:\Users\scott\soccer-video\out\atomic_clips\misc"
"004__PRESSURE__t640.00-t663.00.__CINEMATIC.__CINEMATIC.__CINEMATIC.__CINEMATIC.__CINEMATIC.__CINEMATIC","C:\Users\scott\soccer-video\out\atomic_clips\2025-10-12__TSC_SLSG_FallFestival\004__PRESSURE__t640.00-t663.00.__CINEMATIC.__CINEMATIC.__CINEMATIC.__CINEMATIC.__CINEMATIC.__CINEMATIC.mp4","1263869","False","0","","False","False","False","C:\Users\scott\soccer-video\out\atomic_clips\2025-10-12__TSC_SLSG_FallFestival"
"004__PRESSURE__t640.00-t663.00.__CINEMATIC.__CINEMATIC.__CINEMATIC.__CINEMATIC.__CINEMATIC.__CINEMATIC.__CINEMATIC","C:\Users\scott\soccer-video\out\atomic_clips\misc\004__PRESSURE__t640.00-t663.00.__CINEMATIC.__CINEMATIC.__CINEMATIC.__CINEMATIC.__CINEMATIC.__CINEMATIC.__CINEMATIC.mp4","1233766","False","0","","False","False","False","C:\Users\scott\soccer-video\out\atomic_clips\misc"
"004__PRESSURE__t640.00-t663.00.__CINEMATIC.__CINEMATIC.__CINEMATIC.__CINEMATIC.__CINEMATIC.__CINEMATIC.__CINEMATIC","C:\Users\scott\soccer-video\out\atomic_clips\2025-10-12__TSC_SLSG_FallFestival\004__PRESSURE__t640.00-t663.00.__CINEMATIC.__CINEMATIC.__CINEMATIC.__CINEMATIC.__CINEMATIC.__CINEMATIC.__CINEMATIC.mp4","1084715","False","0","","False","False","False","C:\Users\scott\soccer-video\out\atomic_clips\2025-10-12__TSC_SLSG_FallFestival"
"004__PRESSURE__t640.00-t663.00.__CINEMATIC.__CINEMATIC.__CINEMATIC.__CINEMATIC.__CINEMATIC.__CINEMATIC.__CINEMATIC.__CINEMATIC","C:\Users\scott\soccer-video\out\atomic_clips\misc\004__PRESSURE__t640.00-t663.00.__CINEMATIC.__CINEMATIC.__CINEMATIC.__CINEMATIC.__CINEMATIC.__CINEMATIC.__CINEMATIC.__CINEMATIC.mp4","1212397","False","0","","False","False","False","C:\Users\scott\soccer-video\out\atomic_clips\misc"
"004__PRESSURE__t640.00-t663.00.__OVERLAY_FINAL","C:\Users\scott\soccer-video\out\atomic_clips\2025-10-12__TSC_SLSG_FallFestival\004__PRESSURE__t640.00-t663.00.__OVERLAY_FINAL.mp4","67496775","False","0","","False","False","False","C:\Users\scott\soccer-video\out\atomic_clips\2025-10-12__TSC_SLSG_FallFestival"
"004__PRESSURE__t640.00-t663.00.__OVERLAY_FINAL.__CINEMATIC","C:\Users\scott\soccer-video\out\atomic_clips\2025-10-12__TSC_SLSG_FallFestival\004__PRESSURE__t640.00-t663.00.__OVERLAY_FINAL.__CINEMATIC.mp4","16514775","False","0","","False","False","False","C:\Users\scott\soccer-video\out\atomic_clips\2025-10-12__TSC_SLSG_FallFestival"
"004__PRESSURE__t640.00-t663.00.__OVERLAY_FINAL.__CINEMATIC.__CINEMATIC","C:\Users\scott\soccer-video\out\atomic_clips\2025-10-12__TSC_SLSG_FallFestival\004__PRESSURE__t640.00-t663.00.__OVERLAY_FINAL.__CINEMATIC.__CINEMATIC.mp4","11256759","False","0","","False","False","False","C:\Users\scott\soccer-video\out\atomic_clips\2025-10-12__TSC_SLSG_FallFestival"
"004__PRESSURE__t640.00-t663.00.__OVERLAY_FINAL.__CINEMATIC.__CINEMATIC.__CINEMATIC","C:\Users\scott\soccer-video\out\atomic_clips\2025-10-12__TSC_SLSG_FallFestival\004__PRESSURE__t640.00-t663.00.__OVERLAY_FINAL.__CINEMATIC.__CINEMATIC.__CINEMATIC.mp4","8499044","False","0","","False","False","False","C:\Users\scott\soccer-video\out\atomic_clips\2025-10-12__TSC_SLSG_FallFestival"
"004__PRESSURE__t640.00-t663.00.__OVERLAY_FINAL.__CINEMATIC.__CINEMATIC.__CINEMATIC.__CINEMATIC","C:\Users\scott\soccer-video\out\atomic_clips\2025-10-12__TSC_SLSG_FallFestival\004__PRESSURE__t640.00-t663.00.__OVERLAY_FINAL.__CINEMATIC.__CINEMATIC.__CINEMATIC.__CINEMATIC.mp4","5854859","False","0","","False","False","False","C:\Users\scott\soccer-video\out\atomic_clips\2025-10-12__TSC_SLSG_FallFestival"
"004__PRESSURE__t640.00-t663.00.__OVERLAY_FINAL.__CINEMATIC.__CINEMATIC.__CINEMATIC.__CINEMATIC.__CINEMATIC","C:\Users\scott\soccer-video\out\atomic_clips\2025-10-12__TSC_SLSG_FallFestival\004__PRESSURE__t640.00-t663.00.__OVERLAY_FINAL.__CINEMATIC.__CINEMATIC.__CINEMATIC.__CINEMATIC.__CINEMATIC.mp4","2256487","False","0","","False","False","False","C:\Users\scott\soccer-video\out\atomic_clips\2025-10-12__TSC_SLSG_FallFestival"
"004__PRESSURE__t640.00-t663.00.__OVERLAY_FINAL.__CINEMATIC.__CINEMATIC.__CINEMATIC.__CINEMATIC.__CINEMATIC.__CINEMATIC","C:\Users\scott\soccer-video\out\atomic_clips\2025-10-12__TSC_SLSG_FallFestival\004__PRESSURE__t640.00-t663.00.__OVERLAY_FINAL.__CINEMATIC.__CINEMATIC.__CINEMATIC.__CINEMATIC.__CINEMATIC.__CINEMATIC.mp4","835311","False","0","","False","False","False","C:\Users\scott\soccer-video\out\atomic_clips\2025-10-12__TSC_SLSG_FallFestival"
"004__PRESSURE__t640.00-t663.00.__OVERLAY_FINAL.__CINEMATIC.__CINEMATIC.__CINEMATIC.__CINEMATIC.__CINEMATIC.__CINEMATIC.__CINEMATIC","C:\Users\scott\soccer-video\out\atomic_clips\2025-10-12__TSC_SLSG_FallFestival\004__PRESSURE__t640.00-t663.00.__OVERLAY_FINAL.__CINEMATIC.__CINEMATIC.__CINEMATIC.__CINEMATIC.__CINEMATIC.__CINEMATIC.__CINEMATIC.mp4","632587","False","0","","False","False","False","C:\Users\scott\soccer-video\out\atomic_clips\2025-10-12__TSC_SLSG_FallFestival"
"004__PRESSURE__t640.00-t663.00.__OVERLAY_LOCAL_FINAL","C:\Users\scott\soccer-video\out\atomic_clips\2025-10-12__TSC_SLSG_FallFestival\004__PRESSURE__t640.00-t663.00.__OVERLAY_LOCAL_FINAL.mp4","67496260","False","0","","False","False","False","C:\Users\scott\soccer-video\out\atomic_clips\2025-10-12__TSC_SLSG_FallFestival"
"004__PRESSURE__t640.00-t663.00.__OVERLAY_LOCAL_FINAL.__CINEMATIC","C:\Users\scott\soccer-video\out\atomic_clips\2025-10-12__TSC_SLSG_FallFestival\004__PRESSURE__t640.00-t663.00.__OVERLAY_LOCAL_FINAL.__CINEMATIC.mp4","16518032","False","0","","False","False","False","C:\Users\scott\soccer-video\out\atomic_clips\2025-10-12__TSC_SLSG_FallFestival"
"004__PRESSURE__t640.00-t663.00.__OVERLAY_LOCAL_FINAL.__CINEMATIC.__CINEMATIC","C:\Users\scott\soccer-video\out\atomic_clips\2025-10-12__TSC_SLSG_FallFestival\004__PRESSURE__t640.00-t663.00.__OVERLAY_LOCAL_FINAL.__CINEMATIC.__CINEMATIC.mp4","11256521","False","0","","False","False","False","C:\Users\scott\soccer-video\out\atomic_clips\2025-10-12__TSC_SLSG_FallFestival"
"004__PRESSURE__t640.00-t663.00.__OVERLAY_LOCAL_FINAL.__CINEMATIC.__CINEMATIC.__CINEMATIC","C:\Users\scott\soccer-video\out\atomic_clips\2025-10-12__TSC_SLSG_FallFestival\004__PRESSURE__t640.00-t663.00.__OVERLAY_LOCAL_FINAL.__CINEMATIC.__CINEMATIC.__CINEMATIC.mp4","8495282","False","0","","False","False","False","C:\Users\scott\soccer-video\out\atomic_clips\2025-10-12__TSC_SLSG_FallFestival"
"004__PRESSURE__t640.00-t663.00.__OVERLAY_LOCAL_FINAL.__CINEMATIC.__CINEMATIC.__CINEMATIC.__CINEMATIC","C:\Users\scott\soccer-video\out\atomic_clips\2025-10-12__TSC_SLSG_FallFestival\004__PRESSURE__t640.00-t663.00.__OVERLAY_LOCAL_FINAL.__CINEMATIC.__CINEMATIC.__CINEMATIC.__CINEMATIC.mp4","5852021","False","0","","False","False","False","C:\Users\scott\soccer-video\out\atomic_clips\2025-10-12__TSC_SLSG_FallFestival"
"004__PRESSURE__t640.00-t663.00.__OVERLAY_LOCAL_FINAL.__CINEMATIC.__CINEMATIC.__CINEMATIC.__CINEMATIC.__CINEMATIC","C:\Users\scott\soccer-video\out\atomic_clips\2025-10-12__TSC_SLSG_FallFestival\004__PRESSURE__t640.00-t663.00.__OVERLAY_LOCAL_FINAL.__CINEMATIC.__CINEMATIC.__CINEMATIC.__CINEMATIC.__CINEMATIC.mp4","2255369","False","0","","False","False","False","C:\Users\scott\soccer-video\out\atomic_clips\2025-10-12__TSC_SLSG_FallFestival"
"004__PRESSURE__t640.00-t663.00.__OVERLAY_LOCAL_FINAL.__CINEMATIC.__CINEMATIC.__CINEMATIC.__CINEMATIC.__CINEMATIC.__CINEMATIC","C:\Users\scott\soccer-video\out\atomic_clips\2025-10-12__TSC_SLSG_FallFestival\004__PRESSURE__t640.00-t663.00.__OVERLAY_LOCAL_FINAL.__CINEMATIC.__CINEMATIC.__CINEMATIC.__CINEMATIC.__CINEMATIC.__CINEMATIC.mp4","818925","False","0","","False","False","False","C:\Users\scott\soccer-video\out\atomic_clips\2025-10-12__TSC_SLSG_FallFestival"
"004__PRESSURE__t640.00-t663.00.__OVERLAY_LOCAL_FINAL.__CINEMATIC.__CINEMATIC.__CINEMATIC.__CINEMATIC.__CINEMATIC.__CINEMATIC.__CINEMATIC","C:\Users\scott\soccer-video\out\atomic_clips\2025-10-12__TSC_SLSG_FallFestival\004__PRESSURE__t640.00-t663.00.__OVERLAY_LOCAL_FINAL.__CINEMATIC.__CINEMATIC.__CINEMATIC.__CINEMATIC.__CINEMATIC.__CINEMATIC.__CINEMATIC.mp4","636205","False","0","","False","False","False","C:\Users\scott\soccer-video\out\atomic_clips\2025-10-12__TSC_SLSG_FallFestival"
"004__PRESSURE__t640.00-t663.00.__OVERLAY_plan_sh-1_dx-64_dy-128__localTW_dt-0.02_dx-6_dy-2","C:\Users\scott\soccer-video\out\atomic_clips\2025-10-12__TSC_SLSG_FallFestival\004__PRESSURE__t640.00-t663.00.__OVERLAY_plan_sh-1_dx-64_dy-128__localTW_dt-0.02_dx-6_dy-2.mp4","67496314","False","0","","False","False","False","C:\Users\scott\soccer-video\out\atomic_clips\2025-10-12__TSC_SLSG_FallFestival"
"004__PRESSURE__t640.00-t663.00.__OVERLAY_plan_sh-1_dx-64_dy-128__localTW_dt-0.02_dx-6_dy-2.__CINEMATIC","C:\Users\scott\soccer-video\out\atomic_clips\2025-10-12__TSC_SLSG_FallFestival\004__PRESSURE__t640.00-t663.00.__OVERLAY_plan_sh-1_dx-64_dy-128__localTW_dt-0.02_dx-6_dy-2.__CINEMATIC.mp4","16508827","False","0","","False","False","False","C:\Users\scott\soccer-video\out\atomic_clips\2025-10-12__TSC_SLSG_FallFestival"
"004__PRESSURE__t640.00-t663.00.__OVERLAY_plan_sh-1_dx-64_dy-128__localTW_dt-0.02_dx-6_dy-2.__CINEMATIC.__CINEMATIC","C:\Users\scott\soccer-video\out\atomic_clips\2025-10-12__TSC_SLSG_FallFestival\004__PRESSURE__t640.00-t663.00.__OVERLAY_plan_sh-1_dx-64_dy-128__localTW_dt-0.02_dx-6_dy-2.__CINEMATIC.__CINEMATIC.mp4","11249121","False","0","","False","False","False","C:\Users\scott\soccer-video\out\atomic_clips\2025-10-12__TSC_SLSG_FallFestival"
"004__PRESSURE__t640.00-t663.00.__OVERLAY_plan_sh-1_dx-64_dy-128__localTW_dt-0.02_dx-6_dy-2.__CINEMATIC.__CINEMATIC.__CINEMATIC","C:\Users\scott\soccer-video\out\atomic_clips\2025-10-12__TSC_SLSG_FallFestival\004__PRESSURE__t640.00-t663.00.__OVERLAY_plan_sh-1_dx-64_dy-128__localTW_dt-0.02_dx-6_dy-2.__CINEMATIC.__CINEMATIC.__CINEMATIC.mp4","8480947","False","0","","False","False","False","C:\Users\scott\soccer-video\out\atomic_clips\2025-10-12__TSC_SLSG_FallFestival"
"004__PRESSURE__t640.00-t663.00.__OVERLAY_plan_sh-1_dx-64_dy-128__localTW_dt-0.02_dx-6_dy-2.__CINEMATIC.__CINEMATIC.__CINEMATIC.__CINEMATIC","C:\Users\scott\soccer-video\out\atomic_clips\2025-10-12__TSC_SLSG_FallFestival\004__PRESSURE__t640.00-t663.00.__OVERLAY_plan_sh-1_dx-64_dy-128__localTW_dt-0.02_dx-6_dy-2.__CINEMATIC.__CINEMATIC.__CINEMATIC.__CINEMATIC.mp4","5847131","False","0","","False","False","False","C:\Users\scott\soccer-video\out\atomic_clips\2025-10-12__TSC_SLSG_FallFestival"
"004__PRESSURE__t640.00-t663.00.__OVERLAY_plan_sh-1_dx-64_dy-128__localTW_dt-0.02_dx-6_dy-2.__CINEMATIC.__CINEMATIC.__CINEMATIC.__CINEMATIC.__CINEMATIC","C:\Users\scott\soccer-video\out\atomic_clips\2025-10-12__TSC_SLSG_FallFestival\004__PRESSURE__t640.00-t663.00.__OVERLAY_plan_sh-1_dx-64_dy-128__localTW_dt-0.02_dx-6_dy-2.__CINEMATIC.__CINEMATIC.__CINEMATIC.__CINEMATIC.__CINEMATIC.mp4","2250973","False","0","","False","False","False","C:\Users\scott\soccer-video\out\atomic_clips\2025-10-12__TSC_SLSG_FallFestival"
"004__PRESSURE__t640.00-t663.00.__OVERLAY_plan_sh-1_dx-64_dy-128__localTW_dt-0.02_dx-6_dy-2.__CINEMATIC.__CINEMATIC.__CINEMATIC.__CINEMATIC.__CINEMATIC.__CINEMATIC","C:\Users\scott\soccer-video\out\atomic_clips\2025-10-12__TSC_SLSG_FallFestival\004__PRESSURE__t640.00-t663.00.__OVERLAY_plan_sh-1_dx-64_dy-128__localTW_dt-0.02_dx-6_dy-2.__CINEMATIC.__CINEMATIC.__CINEMATIC.__CINEMATIC.__CINEMATIC.__CINEMATIC.mp4","834720","False","0","","False","False","False","C:\Users\scott\soccer-video\out\atomic_clips\2025-10-12__TSC_SLSG_FallFestival"
"004__PRESSURE__t640.00-t663.00.__OVERLAY_plan_sh-1_dx-64_dy-128__localTW_dt-0.02_dx-6_dy-2.__CINEMATIC.__CINEMATIC.__CINEMATIC.__CINEMATIC.__CINEMATIC.__CINEMATIC.__CINEMATIC","C:\Users\scott\soccer-video\out\atomic_clips\2025-10-12__TSC_SLSG_FallFestival\004__PRESSURE__t640.00-t663.00.__OVERLAY_plan_sh-1_dx-64_dy-128__localTW_dt-0.02_dx-6_dy-2.__CINEMATIC.__CINEMATIC.__CINEMATIC.__CINEMATIC.__CINEMATIC.__CINEMATIC.__CINEMATIC.mp4","635371","False","0","","False","False","False","C:\Users\scott\soccer-video\out\atomic_clips\2025-10-12__TSC_SLSG_FallFestival"
"005__2025-09-13__TSC_vs_NEOFC__CORNER__t417.90-t431.60.__DEBUG_FINAL_portrait_FINAL","C:\Users\scott\soccer-video\out\atomic_clips\2025-09-13__TSC_vs_NEOFC\005__2025-09-13__TSC_vs_NEOFC__CORNER__t417.90-t431.60.__DEBUG_FINAL_portrait_FINAL.mp4","24241050","False","0","","False","False","False","C:\Users\scott\soccer-video\out\atomic_clips\2025-09-13__TSC_vs_NEOFC"
"005__2025-09-13__TSC_vs_NEOFC__CORNER__t417.90-t431.60.__DEBUG_FINAL_portrait_FINAL.__CINEMATIC","C:\Users\scott\soccer-video\out\atomic_clips\2025-09-13__TSC_vs_NEOFC\005__2025-09-13__TSC_vs_NEOFC__CORNER__t417.90-t431.60.__DEBUG_FINAL_portrait_FINAL.__CINEMATIC.mp4","7877763","False","0","","False","False","False","C:\Users\scott\soccer-video\out\atomic_clips\2025-09-13__TSC_vs_NEOFC"
"005__2025-09-13__TSC_vs_NEOFC__CORNER__t417.90-t431.60.__DEBUG_FINAL_portrait_FINAL.__CINEMATIC.__CINEMATIC","C:\Users\scott\soccer-video\out\atomic_clips\2025-09-13__TSC_vs_NEOFC\005__2025-09-13__TSC_vs_NEOFC__CORNER__t417.90-t431.60.__DEBUG_FINAL_portrait_FINAL.__CINEMATIC.__CINEMATIC.mp4","6313653","False","0","","False","False","False","C:\Users\scott\soccer-video\out\atomic_clips\2025-09-13__TSC_vs_NEOFC"
"005__2025-09-13__TSC_vs_NEOFC__CORNER__t417.90-t431.60.__DEBUG_FINAL_portrait_FINAL.__CINEMATIC.__CINEMATIC.__CINEMATIC","C:\Users\scott\soccer-video\out\atomic_clips\2025-09-13__TSC_vs_NEOFC\005__2025-09-13__TSC_vs_NEOFC__CORNER__t417.90-t431.60.__DEBUG_FINAL_portrait_FINAL.__CINEMATIC.__CINEMATIC.__CINEMATIC.mp4","5815398","False","0","","False","False","False","C:\Users\scott\soccer-video\out\atomic_clips\2025-09-13__TSC_vs_NEOFC"
"005__2025-09-13__TSC_vs_NEOFC__CORNER__t417.90-t431.60.__DEBUG_FINAL_portrait_FINAL.__CINEMATIC.__CINEMATIC.__CINEMATIC.__CINEMATIC","C:\Users\scott\soccer-video\out\atomic_clips\2025-09-13__TSC_vs_NEOFC\005__2025-09-13__TSC_vs_NEOFC__CORNER__t417.90-t431.60.__DEBUG_FINAL_portrait_FINAL.__CINEMATIC.__CINEMATIC.__CINEMATIC.__CINEMATIC.mp4","5077286","False","0","","False","False","False","C:\Users\scott\soccer-video\out\atomic_clips\2025-09-13__TSC_vs_NEOFC"
"005__2025-09-13__TSC_vs_NEOFC__CORNER__t417.90-t431.60.__DEBUG_FINAL_portrait_FINAL.__CINEMATIC.__CINEMATIC.__CINEMATIC.__CINEMATIC.__CINEMATIC","C:\Users\scott\soccer-video\out\atomic_clips\2025-09-13__TSC_vs_NEOFC\005__2025-09-13__TSC_vs_NEOFC__CORNER__t417.90-t431.60.__DEBUG_FINAL_portrait_FINAL.__CINEMATIC.__CINEMATIC.__CINEMATIC.__CINEMATIC.__CINEMATIC.mp4","2308756","False","0","","False","False","False","C:\Users\scott\soccer-video\out\atomic_clips\2025-09-13__TSC_vs_NEOFC"
"005__2025-09-13__TSC_vs_NEOFC__CORNER__t417.90-t431.60.__DEBUG_FINAL_portrait_FINAL.__CINEMATIC.__CINEMATIC.__CINEMATIC.__CINEMATIC.__CINEMATIC.__CINEMATIC","C:\Users\scott\soccer-video\out\atomic_clips\2025-09-13__TSC_vs_NEOFC\005__2025-09-13__TSC_vs_NEOFC__CORNER__t417.90-t431.60.__DEBUG_FINAL_portrait_FINAL.__CINEMATIC.__CINEMATIC.__CINEMATIC.__CINEMATIC.__CINEMATIC.__CINEMATIC.mp4","1053711","False","0","","False","False","False","C:\Users\scott\soccer-video\out\atomic_clips\2025-09-13__TSC_vs_NEOFC"
"005__2025-09-13__TSC_vs_NEOFC__CORNER__t417.90-t431.60.__DEBUG_FINAL_portrait_FINAL.__CINEMATIC.__CINEMATIC.__CINEMATIC.__CINEMATIC.__CINEMATIC.__CINEMATIC.__CINEMATIC","C:\Users\scott\soccer-video\out\atomic_clips\2025-09-13__TSC_vs_NEOFC\005__2025-09-13__TSC_vs_NEOFC__CORNER__t417.90-t431.60.__DEBUG_FINAL_portrait_FINAL.__CINEMATIC.__CINEMATIC.__CINEMATIC.__CINEMATIC.__CINEMATIC.__CINEMATIC.__CINEMATIC.mp4","865991","False","0","","False","False","False","C:\Users\scott\soccer-video\out\atomic_clips\2025-09-13__TSC_vs_NEOFC"
"005__2025-09-20__TSC_vs_Greenwood__WIN_FREE_KICK__t32280.00-t33180.00","C:\Users\scott\soccer-video\out\atomic_clips\_quarantine\005__2025-09-20__TSC_vs_Greenwood__WIN_FREE_KICK__t32280.00-t33180.00.mp4","3039710","False","0","","False","False","False","C:\Users\scott\soccer-video\out\atomic_clips\_quarantine"
"005__2025-09-20__TSC_vs_RVFC__BUILD_UP_PLAY_SHOT__t21000.00-t22020.00","C:\Users\scott\soccer-video\out\atomic_clips\_quarantine\005__2025-09-20__TSC_vs_RVFC__BUILD_UP_PLAY_SHOT__t21000.00-t22020.00.mp4","866337","False","0","","False","False","False","C:\Users\scott\soccer-video\out\atomic_clips\_quarantine"
"005__2025-09-20__TSC_vs_RVFC__BUILD_UP_PLAY_SHOT__t21000.00-t22020.00","C:\Users\scott\soccer-video\out\atomic_clips\2025-09-20__TSC_vs_RVFC\005__2025-09-20__TSC_vs_RVFC__BUILD_UP_PLAY_SHOT__t21000.00-t22020.00.mp4","27876203","False","0","","False","False","False","C:\Users\scott\soccer-video\out\atomic_clips\2025-09-20__TSC_vs_RVFC"
"005__2025-09-20__TSC_vs_RVFC__BUILD_UP_PLAY_SHOT__t21000.00-t22020.00.__CINEMATIC","C:\Users\scott\soccer-video\out\atomic_clips\2025-09-20__TSC_vs_RVFC\005__2025-09-20__TSC_vs_RVFC__BUILD_UP_PLAY_SHOT__t21000.00-t22020.00.__CINEMATIC.mp4","11644986","False","0","","False","False","False","C:\Users\scott\soccer-video\out\atomic_clips\2025-09-20__TSC_vs_RVFC"
"005__2025-09-20__TSC_vs_RVFC__BUILD_UP_PLAY_SHOT__t21000.00-t22020.00.__CINEMATIC","C:\Users\scott\soccer-video\out\atomic_clips\_quarantine\005__2025-09-20__TSC_vs_RVFC__BUILD_UP_PLAY_SHOT__t21000.00-t22020.00.__CINEMATIC.mp4","11644986","False","0","","False","False","False","C:\Users\scott\soccer-video\out\atomic_clips\_quarantine"
"005__2025-09-20__TSC_vs_RVFC__BUILD_UP_PLAY_SHOT__t21000.00-t22020.00.__CINEMATIC.__CINEMATIC","C:\Users\scott\soccer-video\out\atomic_clips\_quarantine\005__2025-09-20__TSC_vs_RVFC__BUILD_UP_PLAY_SHOT__t21000.00-t22020.00.__CINEMATIC.__CINEMATIC.mp4","8205174","False","0","","False","False","False","C:\Users\scott\soccer-video\out\atomic_clips\_quarantine"
"005__2025-09-20__TSC_vs_RVFC__BUILD_UP_PLAY_SHOT__t21000.00-t22020.00.__CINEMATIC.__CINEMATIC","C:\Users\scott\soccer-video\out\atomic_clips\2025-09-20__TSC_vs_RVFC\005__2025-09-20__TSC_vs_RVFC__BUILD_UP_PLAY_SHOT__t21000.00-t22020.00.__CINEMATIC.__CINEMATIC.mp4","9069767","False","0","","False","False","False","C:\Users\scott\soccer-video\out\atomic_clips\2025-09-20__TSC_vs_RVFC"
"005__2025-09-20__TSC_vs_RVFC__BUILD_UP_PLAY_SHOT__t21000.00-t22020.00.__CINEMATIC.__CINEMATIC.__CINEMATIC","C:\Users\scott\soccer-video\out\atomic_clips\_quarantine\005__2025-09-20__TSC_vs_RVFC__BUILD_UP_PLAY_SHOT__t21000.00-t22020.00.__CINEMATIC.__CINEMATIC.__CINEMATIC.mp4","6931384","False","0","","False","False","False","C:\Users\scott\soccer-video\out\atomic_clips\_quarantine"
"005__2025-09-20__TSC_vs_RVFC__BUILD_UP_PLAY_SHOT__t21000.00-t22020.00.__CINEMATIC.__CINEMATIC.__CINEMATIC","C:\Users\scott\soccer-video\out\atomic_clips\2025-09-20__TSC_vs_RVFC\005__2025-09-20__TSC_vs_RVFC__BUILD_UP_PLAY_SHOT__t21000.00-t22020.00.__CINEMATIC.__CINEMATIC.__CINEMATIC.mp4","8205174","False","0","","False","False","False","C:\Users\scott\soccer-video\out\atomic_clips\2025-09-20__TSC_vs_RVFC"
"005__2025-09-20__TSC_vs_RVFC__BUILD_UP_PLAY_SHOT__t21000.00-t22020.00.__CINEMATIC.__CINEMATIC.__CINEMATIC.__CINEMATIC","C:\Users\scott\soccer-video\out\atomic_clips\2025-09-20__TSC_vs_RVFC\005__2025-09-20__TSC_vs_RVFC__BUILD_UP_PLAY_SHOT__t21000.00-t22020.00.__CINEMATIC.__CINEMATIC.__CINEMATIC.__CINEMATIC.mp4","6931384","False","0","","False","False","False","C:\Users\scott\soccer-video\out\atomic_clips\2025-09-20__TSC_vs_RVFC"
"005__2025-09-20__TSC_vs_RVFC__BUILD_UP_PLAY_SHOT__t21000.00-t22020.00.__CINEMATIC.__CINEMATIC.__CINEMATIC.__CINEMATIC","C:\Users\scott\soccer-video\out\atomic_clips\_quarantine\005__2025-09-20__TSC_vs_RVFC__BUILD_UP_PLAY_SHOT__t21000.00-t22020.00.__CINEMATIC.__CINEMATIC.__CINEMATIC.__CINEMATIC.mp4","5057438","False","0","","False","False","False","C:\Users\scott\soccer-video\out\atomic_clips\_quarantine"
"005__2025-09-20__TSC_vs_RVFC__BUILD_UP_PLAY_SHOT__t21000.00-t22020.00.__CINEMATIC.__CINEMATIC.__CINEMATIC.__CINEMATIC.__CINEMATIC","C:\Users\scott\soccer-video\out\atomic_clips\_quarantine\005__2025-09-20__TSC_vs_RVFC__BUILD_UP_PLAY_SHOT__t21000.00-t22020.00.__CINEMATIC.__CINEMATIC.__CINEMATIC.__CINEMATIC.__CINEMATIC.mp4","3320295","False","0","","False","False","False","C:\Users\scott\soccer-video\out\atomic_clips\_quarantine"
"005__2025-09-20__TSC_vs_RVFC__BUILD_UP_PLAY_SHOT__t21000.00-t22020.00.__CINEMATIC.__CINEMATIC.__CINEMATIC.__CINEMATIC.__CINEMATIC","C:\Users\scott\soccer-video\out\atomic_clips\2025-09-20__TSC_vs_RVFC\005__2025-09-20__TSC_vs_RVFC__BUILD_UP_PLAY_SHOT__t21000.00-t22020.00.__CINEMATIC.__CINEMATIC.__CINEMATIC.__CINEMATIC.__CINEMATIC.mp4","3320295","False","0","","False","False","False","C:\Users\scott\soccer-video\out\atomic_clips\2025-09-20__TSC_vs_RVFC"
"005__2025-09-20__TSC_vs_RVFC__BUILD_UP_PLAY_SHOT__t21000.00-t22020.00.__CINEMATIC.__CINEMATIC.__CINEMATIC.__CINEMATIC.__CINEMATIC.__CINEMATIC","C:\Users\scott\soccer-video\out\atomic_clips\_quarantine\005__2025-09-20__TSC_vs_RVFC__BUILD_UP_PLAY_SHOT__t21000.00-t22020.00.__CINEMATIC.__CINEMATIC.__CINEMATIC.__CINEMATIC.__CINEMATIC.__CINEMATIC.mp4","1534984","False","0","","False","False","False","C:\Users\scott\soccer-video\out\atomic_clips\_quarantine"
"005__2025-09-20__TSC_vs_RVFC__BUILD_UP_PLAY_SHOT__t21000.00-t22020.00.__CINEMATIC.__CINEMATIC.__CINEMATIC.__CINEMATIC.__CINEMATIC.__CINEMATIC","C:\Users\scott\soccer-video\out\atomic_clips\2025-09-20__TSC_vs_RVFC\005__2025-09-20__TSC_vs_RVFC__BUILD_UP_PLAY_SHOT__t21000.00-t22020.00.__CINEMATIC.__CINEMATIC.__CINEMATIC.__CINEMATIC.__CINEMATIC.__CINEMATIC.mp4","1534984","False","0","","False","False","False","C:\Users\scott\soccer-video\out\atomic_clips\2025-09-20__TSC_vs_RVFC"
"005__2025-09-20__TSC_vs_RVFC__BUILD_UP_PLAY_SHOT__t21000.00-t22020.00.__CINEMATIC.__CINEMATIC.__CINEMATIC.__CINEMATIC.__CINEMATIC.__CINEMATIC.__CINEMATIC","C:\Users\scott\soccer-video\out\atomic_clips\2025-09-20__TSC_vs_RVFC\005__2025-09-20__TSC_vs_RVFC__BUILD_UP_PLAY_SHOT__t21000.00-t22020.00.__CINEMATIC.__CINEMATIC.__CINEMATIC.__CINEMATIC.__CINEMATIC.__CINEMATIC.__CINEMATIC.mp4","1272381","False","0","","False","False","False","C:\Users\scott\soccer-video\out\atomic_clips\2025-09-20__TSC_vs_RVFC"
"005__2025-10-04__TSC_vs_FC_Tulsa_Black__SHOT__t36000.00-t36420.00","C:\Users\scott\soccer-video\out\atomic_clips\_quarantine\005__2025-10-04__TSC_vs_FC_Tulsa_Black__SHOT__t36000.00-t36420.00.mp4","2635807","False","0","","False","False","False","C:\Users\scott\soccer-video\out\atomic_clips\_quarantine"
"005__2025-10-04__TSC_vs_FC_Tulsa_Black__SHOT__t36000.00-t36420.00","C:\Users\scott\soccer-video\out\atomic_clips\2025-10-04__TSC_vs_FC\005__2025-10-04__TSC_vs_FC_Tulsa_Black__SHOT__t36000.00-t36420.00.mp4","12220328","False","0","","False","False","False","C:\Users\scott\soccer-video\out\atomic_clips\2025-10-04__TSC_vs_FC"
"005__2025-10-04__TSC_vs_FC_Tulsa_Black__SHOT__t36000.00-t36420.00.__CINEMATIC","C:\Users\scott\soccer-video\out\atomic_clips\_quarantine\005__2025-10-04__TSC_vs_FC_Tulsa_Black__SHOT__t36000.00-t36420.00.__CINEMATIC.mp4","5077483","False","0","","False","False","False","C:\Users\scott\soccer-video\out\atomic_clips\_quarantine"
"005__2025-10-04__TSC_vs_FC_Tulsa_Black__SHOT__t36000.00-t36420.00.__CINEMATIC","C:\Users\scott\soccer-video\out\atomic_clips\2025-10-04__TSC_vs_FC\005__2025-10-04__TSC_vs_FC_Tulsa_Black__SHOT__t36000.00-t36420.00.__CINEMATIC.mp4","5077483","False","0","","False","False","False","C:\Users\scott\soccer-video\out\atomic_clips\2025-10-04__TSC_vs_FC"
"005__2025-10-04__TSC_vs_FC_Tulsa_Black__SHOT__t36000.00-t36420.00.__CINEMATIC.__CINEMATIC","C:\Users\scott\soccer-video\out\atomic_clips\2025-10-04__TSC_vs_FC\005__2025-10-04__TSC_vs_FC_Tulsa_Black__SHOT__t36000.00-t36420.00.__CINEMATIC.__CINEMATIC.mp4","3886987","False","0","","False","False","False","C:\Users\scott\soccer-video\out\atomic_clips\2025-10-04__TSC_vs_FC"
"005__2025-10-04__TSC_vs_FC_Tulsa_Black__SHOT__t36000.00-t36420.00.__CINEMATIC.__CINEMATIC","C:\Users\scott\soccer-video\out\atomic_clips\_quarantine\005__2025-10-04__TSC_vs_FC_Tulsa_Black__SHOT__t36000.00-t36420.00.__CINEMATIC.__CINEMATIC.mp4","3626742","False","0","","False","False","False","C:\Users\scott\soccer-video\out\atomic_clips\_quarantine"
"005__2025-10-04__TSC_vs_FC_Tulsa_Black__SHOT__t36000.00-t36420.00.__CINEMATIC.__CINEMATIC.__CINEMATIC","C:\Users\scott\soccer-video\out\atomic_clips\2025-10-04__TSC_vs_FC\005__2025-10-04__TSC_vs_FC_Tulsa_Black__SHOT__t36000.00-t36420.00.__CINEMATIC.__CINEMATIC.__CINEMATIC.mp4","3626742","False","0","","False","False","False","C:\Users\scott\soccer-video\out\atomic_clips\2025-10-04__TSC_vs_FC"
"005__2025-10-04__TSC_vs_FC_Tulsa_Black__SHOT__t36000.00-t36420.00.__CINEMATIC.__CINEMATIC.__CINEMATIC","C:\Users\scott\soccer-video\out\atomic_clips\_quarantine\005__2025-10-04__TSC_vs_FC_Tulsa_Black__SHOT__t36000.00-t36420.00.__CINEMATIC.__CINEMATIC.__CINEMATIC.mp4","3137686","False","0","","False","False","False","C:\Users\scott\soccer-video\out\atomic_clips\_quarantine"
"005__2025-10-04__TSC_vs_FC_Tulsa_Black__SHOT__t36000.00-t36420.00.__CINEMATIC.__CINEMATIC.__CINEMATIC.__CINEMATIC","C:\Users\scott\soccer-video\out\atomic_clips\_quarantine\005__2025-10-04__TSC_vs_FC_Tulsa_Black__SHOT__t36000.00-t36420.00.__CINEMATIC.__CINEMATIC.__CINEMATIC.__CINEMATIC.mp4","2440140","False","0","","False","False","False","C:\Users\scott\soccer-video\out\atomic_clips\_quarantine"
"005__2025-10-04__TSC_vs_FC_Tulsa_Black__SHOT__t36000.00-t36420.00.__CINEMATIC.__CINEMATIC.__CINEMATIC.__CINEMATIC","C:\Users\scott\soccer-video\out\atomic_clips\2025-10-04__TSC_vs_FC\005__2025-10-04__TSC_vs_FC_Tulsa_Black__SHOT__t36000.00-t36420.00.__CINEMATIC.__CINEMATIC.__CINEMATIC.__CINEMATIC.mp4","3137686","False","0","","False","False","False","C:\Users\scott\soccer-video\out\atomic_clips\2025-10-04__TSC_vs_FC"
"005__2025-10-04__TSC_vs_FC_Tulsa_Black__SHOT__t36000.00-t36420.00.__CINEMATIC.__CINEMATIC.__CINEMATIC.__CINEMATIC.__CINEMATIC","C:\Users\scott\soccer-video\out\atomic_clips\_quarantine\005__2025-10-04__TSC_vs_FC_Tulsa_Black__SHOT__t36000.00-t36420.00.__CINEMATIC.__CINEMATIC.__CINEMATIC.__CINEMATIC.__CINEMATIC.mp4","1769202","False","0","","False","False","False","C:\Users\scott\soccer-video\out\atomic_clips\_quarantine"
"005__2025-10-04__TSC_vs_FC_Tulsa_Black__SHOT__t36000.00-t36420.00.__CINEMATIC.__CINEMATIC.__CINEMATIC.__CINEMATIC.__CINEMATIC","C:\Users\scott\soccer-video\out\atomic_clips\2025-10-04__TSC_vs_FC\005__2025-10-04__TSC_vs_FC_Tulsa_Black__SHOT__t36000.00-t36420.00.__CINEMATIC.__CINEMATIC.__CINEMATIC.__CINEMATIC.__CINEMATIC.mp4","1769202","False","0","","False","False","False","C:\Users\scott\soccer-video\out\atomic_clips\2025-10-04__TSC_vs_FC"
"005__2025-10-04__TSC_vs_FC_Tulsa_Black__SHOT__t36000.00-t36420.00.__CINEMATIC.__CINEMATIC.__CINEMATIC.__CINEMATIC.__CINEMATIC.__CINEMATIC","C:\Users\scott\soccer-video\out\atomic_clips\2025-10-04__TSC_vs_FC\005__2025-10-04__TSC_vs_FC_Tulsa_Black__SHOT__t36000.00-t36420.00.__CINEMATIC.__CINEMATIC.__CINEMATIC.__CINEMATIC.__CINEMATIC.__CINEMATIC.mp4","910872","False","0","","False","False","False","C:\Users\scott\soccer-video\out\atomic_clips\2025-10-04__TSC_vs_FC"
"005__2025-10-04__TSC_vs_FC_Tulsa_Black__SHOT__t36000.00-t36420.00.__CINEMATIC.__CINEMATIC.__CINEMATIC.__CINEMATIC.__CINEMATIC.__CINEMATIC","C:\Users\scott\soccer-video\out\atomic_clips\_quarantine\005__2025-10-04__TSC_vs_FC_Tulsa_Black__SHOT__t36000.00-t36420.00.__CINEMATIC.__CINEMATIC.__CINEMATIC.__CINEMATIC.__CINEMATIC.__CINEMATIC.mp4","910872","False","0","","False","False","False","C:\Users\scott\soccer-video\out\atomic_clips\_quarantine"
"005__2025-10-04__TSC_vs_FC_Tulsa_Black__SHOT__t36000.00-t36420.00.__CINEMATIC.__CINEMATIC.__CINEMATIC.__CINEMATIC.__CINEMATIC.__CINEMATIC.__CINEMATIC","C:\Users\scott\soccer-video\out\atomic_clips\2025-10-04__TSC_vs_FC\005__2025-10-04__TSC_vs_FC_Tulsa_Black__SHOT__t36000.00-t36420.00.__CINEMATIC.__CINEMATIC.__CINEMATIC.__CINEMATIC.__CINEMATIC.__CINEMATIC.__CINEMATIC.mp4","705346","False","0","","False","False","False","C:\Users\scott\soccer-video\out\atomic_clips\2025-10-04__TSC_vs_FC"
"005__Build Up & Cross__0_28_28-0_28_42","C:\Users\scott\soccer-video\out\atomic_clips\2025-11-04__TSC_-_Navy_Oct_2025\005__Build Up & Cross__0_28_28-0_28_42.mp4","4844985","False","0","","False","False","False","C:\Users\scott\soccer-video\out\atomic_clips\2025-11-04__TSC_-_Navy_Oct_2025"
"005__Build Up & Cross__0_28_28-0_28_42.__CINEMATIC","C:\Users\scott\soccer-video\out\atomic_clips\2025-11-04__TSC_-_Navy_Oct_2025\005__Build Up & Cross__0_28_28-0_28_42.__CINEMATIC.mp4","4943384","False","0","","False","False","False","C:\Users\scott\soccer-video\out\atomic_clips\2025-11-04__TSC_-_Navy_Oct_2025"
"005__Build Up & Cross__0_28_28-0_28_42.__CINEMATIC.__CINEMATIC","C:\Users\scott\soccer-video\out\atomic_clips\2025-11-04__TSC_-_Navy_Oct_2025\005__Build Up & Cross__0_28_28-0_28_42.__CINEMATIC.__CINEMATIC.mp4","4198175","False","0","","False","False","False","C:\Users\scott\soccer-video\out\atomic_clips\2025-11-04__TSC_-_Navy_Oct_2025"
"005__Build Up & Cross__0_28_28-0_28_42.__CINEMATIC.__CINEMATIC.__CINEMATIC","C:\Users\scott\soccer-video\out\atomic_clips\2025-11-04__TSC_-_Navy_Oct_2025\005__Build Up & Cross__0_28_28-0_28_42.__CINEMATIC.__CINEMATIC.__CINEMATIC.mp4","3258536","False","0","","False","False","False","C:\Users\scott\soccer-video\out\atomic_clips\2025-11-04__TSC_-_Navy_Oct_2025"
"005__Build Up & Cross__0_28_28-0_28_42.__CINEMATIC.__CINEMATIC.__CINEMATIC.__CINEMATIC","C:\Users\scott\soccer-video\out\atomic_clips\2025-11-04__TSC_-_Navy_Oct_2025\005__Build Up & Cross__0_28_28-0_28_42.__CINEMATIC.__CINEMATIC.__CINEMATIC.__CINEMATIC.mp4","2333318","False","0","","False","False","False","C:\Users\scott\soccer-video\out\atomic_clips\2025-11-04__TSC_-_Navy_Oct_2025"
"005__Build Up & Cross__0_28_28-0_28_42.__CINEMATIC.__CINEMATIC.__CINEMATIC.__CINEMATIC.__CINEMATIC","C:\Users\scott\soccer-video\out\atomic_clips\2025-11-04__TSC_-_Navy_Oct_2025\005__Build Up & Cross__0_28_28-0_28_42.__CINEMATIC.__CINEMATIC.__CINEMATIC.__CINEMATIC.__CINEMATIC.mp4","1054653","False","0","","False","False","False","C:\Users\scott\soccer-video\out\atomic_clips\2025-11-04__TSC_-_Navy_Oct_2025"
"005__Build Up & Cross__0_28_28-0_28_42.__CINEMATIC.__CINEMATIC.__CINEMATIC.__CINEMATIC.__CINEMATIC.__CINEMATIC","C:\Users\scott\soccer-video\out\atomic_clips\2025-11-04__TSC_-_Navy_Oct_2025\005__Build Up & Cross__0_28_28-0_28_42.__CINEMATIC.__CINEMATIC.__CINEMATIC.__CINEMATIC.__CINEMATIC.__CINEMATIC.mp4","698886","False","0","","False","False","False","C:\Users\scott\soccer-video\out\atomic_clips\2025-11-04__TSC_-_Navy_Oct_2025"
"005__Build Up & Cross__0_28_28-0_28_42.__CINEMATIC.__CINEMATIC.__CINEMATIC.__CINEMATIC.__CINEMATIC.__CINEMATIC.__CINEMATIC","C:\Users\scott\soccer-video\out\atomic_clips\2025-11-04__TSC_-_Navy_Oct_2025\005__Build Up & Cross__0_28_28-0_28_42.__CINEMATIC.__CINEMATIC.__CINEMATIC.__CINEMATIC.__CINEMATIC.__CINEMATIC.__CINEMATIC.mp4","651154","False","0","","False","False","False","C:\Users\scott\soccer-video\out\atomic_clips\2025-11-04__TSC_-_Navy_Oct_2025"
"005__CORNER__t417.90-t431.60","C:\Users\scott\soccer-video\out\atomic_clips\misc\005__CORNER__t417.90-t431.60.mp4","19397581","False","0","","False","False","False","C:\Users\scott\soccer-video\out\atomic_clips\misc"
"005__CORNER__t417.90-t431.60","C:\Users\scott\soccer-video\out\atomic_clips\_quarantine\005__CORNER__t417.90-t431.60.mp4","20315542","False","0","","False","False","False","C:\Users\scott\soccer-video\out\atomic_clips\_quarantine"
"005__CORNER__t417.90-t431.60.__CINEMATIC","C:\Users\scott\soccer-video\out\atomic_clips\_quarantine\005__CORNER__t417.90-t431.60.__CINEMATIC.mp4","8926245","False","0","","False","False","False","C:\Users\scott\soccer-video\out\atomic_clips\_quarantine"
"005__CORNER__t417.90-t431.60.__CINEMATIC","C:\Users\scott\soccer-video\out\atomic_clips\misc\005__CORNER__t417.90-t431.60.__CINEMATIC.mp4","8154908","False","0","","False","False","False","C:\Users\scott\soccer-video\out\atomic_clips\misc"
"005__CORNER__t417.90-t431.60.__CINEMATIC.__CINEMATIC","C:\Users\scott\soccer-video\out\atomic_clips\_quarantine\005__CORNER__t417.90-t431.60.__CINEMATIC.__CINEMATIC.mp4","7109233","False","0","","False","False","False","C:\Users\scott\soccer-video\out\atomic_clips\_quarantine"
"005__CORNER__t417.90-t431.60.__CINEMATIC.__CINEMATIC","C:\Users\scott\soccer-video\out\atomic_clips\misc\005__CORNER__t417.90-t431.60.__CINEMATIC.__CINEMATIC.mp4","6523726","False","0","","False","False","False","C:\Users\scott\soccer-video\out\atomic_clips\misc"
"005__CORNER__t417.90-t431.60.__CINEMATIC.__CINEMATIC.__CINEMATIC","C:\Users\scott\soccer-video\out\atomic_clips\misc\005__CORNER__t417.90-t431.60.__CINEMATIC.__CINEMATIC.__CINEMATIC.mp4","5908054","False","0","","False","False","False","C:\Users\scott\soccer-video\out\atomic_clips\misc"
"005__CORNER__t417.90-t431.60.__CINEMATIC.__CINEMATIC.__CINEMATIC","C:\Users\scott\soccer-video\out\atomic_clips\_quarantine\005__CORNER__t417.90-t431.60.__CINEMATIC.__CINEMATIC.__CINEMATIC.mp4","6661845","False","0","","False","False","False","C:\Users\scott\soccer-video\out\atomic_clips\_quarantine"
"005__CORNER__t417.90-t431.60.__CINEMATIC.__CINEMATIC.__CINEMATIC.__CINEMATIC","C:\Users\scott\soccer-video\out\atomic_clips\_quarantine\005__CORNER__t417.90-t431.60.__CINEMATIC.__CINEMATIC.__CINEMATIC.__CINEMATIC.mp4","5887406","False","0","","False","False","False","C:\Users\scott\soccer-video\out\atomic_clips\_quarantine"
"005__CORNER__t417.90-t431.60.__CINEMATIC.__CINEMATIC.__CINEMATIC.__CINEMATIC","C:\Users\scott\soccer-video\out\atomic_clips\misc\005__CORNER__t417.90-t431.60.__CINEMATIC.__CINEMATIC.__CINEMATIC.__CINEMATIC.mp4","4978694","False","0","","False","False","False","C:\Users\scott\soccer-video\out\atomic_clips\misc"
"005__CORNER__t417.90-t431.60.__CINEMATIC.__CINEMATIC.__CINEMATIC.__CINEMATIC.__CINEMATIC","C:\Users\scott\soccer-video\out\atomic_clips\misc\005__CORNER__t417.90-t431.60.__CINEMATIC.__CINEMATIC.__CINEMATIC.__CINEMATIC.__CINEMATIC.mp4","2268181","False","0","","False","False","False","C:\Users\scott\soccer-video\out\atomic_clips\misc"
"005__CORNER__t417.90-t431.60.__CINEMATIC.__CINEMATIC.__CINEMATIC.__CINEMATIC.__CINEMATIC","C:\Users\scott\soccer-video\out\atomic_clips\_quarantine\005__CORNER__t417.90-t431.60.__CINEMATIC.__CINEMATIC.__CINEMATIC.__CINEMATIC.__CINEMATIC.mp4","2633397","False","0","","False","False","False","C:\Users\scott\soccer-video\out\atomic_clips\_quarantine"
"005__CORNER__t417.90-t431.60.__CINEMATIC.__CINEMATIC.__CINEMATIC.__CINEMATIC.__CINEMATIC.__CINEMATIC","C:\Users\scott\soccer-video\out\atomic_clips\_quarantine\005__CORNER__t417.90-t431.60.__CINEMATIC.__CINEMATIC.__CINEMATIC.__CINEMATIC.__CINEMATIC.__CINEMATIC.mp4","1140554","False","0","","False","False","False","C:\Users\scott\soccer-video\out\atomic_clips\_quarantine"
"005__CORNER__t417.90-t431.60.__CINEMATIC.__CINEMATIC.__CINEMATIC.__CINEMATIC.__CINEMATIC.__CINEMATIC","C:\Users\scott\soccer-video\out\atomic_clips\misc\005__CORNER__t417.90-t431.60.__CINEMATIC.__CINEMATIC.__CINEMATIC.__CINEMATIC.__CINEMATIC.__CINEMATIC.mp4","1105980","False","0","","False","False","False","C:\Users\scott\soccer-video\out\atomic_clips\misc"
"005__CORNER__t417.90-t431.60.__CINEMATIC.__CINEMATIC.__CINEMATIC.__CINEMATIC.__CINEMATIC.__CINEMATIC.__CINEMATIC","C:\Users\scott\soccer-video\out\atomic_clips\_quarantine\005__CORNER__t417.90-t431.60.__CINEMATIC.__CINEMATIC.__CINEMATIC.__CINEMATIC.__CINEMATIC.__CINEMATIC.__CINEMATIC.mp4","958085","False","0","","False","False","False","C:\Users\scott\soccer-video\out\atomic_clips\_quarantine"
"005__CORNER__t417.90-t431.60.__CINEMATIC.__CINEMATIC.__CINEMATIC.__CINEMATIC.__CINEMATIC.__CINEMATIC.__CINEMATIC","C:\Users\scott\soccer-video\out\atomic_clips\misc\005__CORNER__t417.90-t431.60.__CINEMATIC.__CINEMATIC.__CINEMATIC.__CINEMATIC.__CINEMATIC.__CINEMATIC.__CINEMATIC.mp4","936323","False","0","","False","False","False","C:\Users\scott\soccer-video\out\atomic_clips\misc"
"005__CORNER__t417.90-t431.60.__CINEMATIC.__CINEMATIC.__CINEMATIC.__CINEMATIC.__CINEMATIC.__CINEMATIC.__CINEMATIC.__CINEMATIC","C:\Users\scott\soccer-video\out\atomic_clips\_quarantine\005__CORNER__t417.90-t431.60.__CINEMATIC.__CINEMATIC.__CINEMATIC.__CINEMATIC.__CINEMATIC.__CINEMATIC.__CINEMATIC.__CINEMATIC.mp4","868532","False","0","","False","False","False","C:\Users\scott\soccer-video\out\atomic_clips\_quarantine"
"005__GOAL__t1.855.00-t1.870.00","C:\Users\scott\soccer-video\out\atomic_clips\2025-10-12__TSC_SLSG_FallFestival\005__GOAL__t1.855.00-t1.870.00.mp4","26198805","False","0","","False","False","False","C:\Users\scott\soccer-video\out\atomic_clips\2025-10-12__TSC_SLSG_FallFestival"
"005__GOAL__t1.855.00-t1.870.00.__CINEMATIC","C:\Users\scott\soccer-video\out\atomic_clips\2025-10-12__TSC_SLSG_FallFestival\005__GOAL__t1.855.00-t1.870.00.__CINEMATIC.mp4","10149320","False","0","","False","False","False","C:\Users\scott\soccer-video\out\atomic_clips\2025-10-12__TSC_SLSG_FallFestival"
"005__GOAL__t1.855.00-t1.870.00.__CINEMATIC.__CINEMATIC","C:\Users\scott\soccer-video\out\atomic_clips\2025-10-12__TSC_SLSG_FallFestival\005__GOAL__t1.855.00-t1.870.00.__CINEMATIC.__CINEMATIC.mp4","7942708","False","0","","False","False","False","C:\Users\scott\soccer-video\out\atomic_clips\2025-10-12__TSC_SLSG_FallFestival"
"005__GOAL__t1.855.00-t1.870.00.__CINEMATIC.__CINEMATIC.__CINEMATIC","C:\Users\scott\soccer-video\out\atomic_clips\2025-10-12__TSC_SLSG_FallFestival\005__GOAL__t1.855.00-t1.870.00.__CINEMATIC.__CINEMATIC.__CINEMATIC.mp4","6108258","False","0","","False","False","False","C:\Users\scott\soccer-video\out\atomic_clips\2025-10-12__TSC_SLSG_FallFestival"
"005__GOAL__t1.855.00-t1.870.00.__CINEMATIC.__CINEMATIC.__CINEMATIC.__CINEMATIC","C:\Users\scott\soccer-video\out\atomic_clips\2025-10-12__TSC_SLSG_FallFestival\005__GOAL__t1.855.00-t1.870.00.__CINEMATIC.__CINEMATIC.__CINEMATIC.__CINEMATIC.mp4","4467441","False","0","","False","False","False","C:\Users\scott\soccer-video\out\atomic_clips\2025-10-12__TSC_SLSG_FallFestival"
"005__GOAL__t1.855.00-t1.870.00.__CINEMATIC.__CINEMATIC.__CINEMATIC.__CINEMATIC.__CINEMATIC","C:\Users\scott\soccer-video\out\atomic_clips\2025-10-12__TSC_SLSG_FallFestival\005__GOAL__t1.855.00-t1.870.00.__CINEMATIC.__CINEMATIC.__CINEMATIC.__CINEMATIC.__CINEMATIC.mp4","2092829","False","0","","False","False","False","C:\Users\scott\soccer-video\out\atomic_clips\2025-10-12__TSC_SLSG_FallFestival"
"005__GOAL__t1.855.00-t1.870.00.__CINEMATIC.__CINEMATIC.__CINEMATIC.__CINEMATIC.__CINEMATIC.__CINEMATIC","C:\Users\scott\soccer-video\out\atomic_clips\2025-10-12__TSC_SLSG_FallFestival\005__GOAL__t1.855.00-t1.870.00.__CINEMATIC.__CINEMATIC.__CINEMATIC.__CINEMATIC.__CINEMATIC.__CINEMATIC.mp4","1091579","False","0","","False","False","False","C:\Users\scott\soccer-video\out\atomic_clips\2025-10-12__TSC_SLSG_FallFestival"
"005__GOAL__t1.855.00-t1.870.00.__CINEMATIC.__CINEMATIC.__CINEMATIC.__CINEMATIC.__CINEMATIC.__CINEMATIC.__CINEMATIC","C:\Users\scott\soccer-video\out\atomic_clips\2025-10-12__TSC_SLSG_FallFestival\005__GOAL__t1.855.00-t1.870.00.__CINEMATIC.__CINEMATIC.__CINEMATIC.__CINEMATIC.__CINEMATIC.__CINEMATIC.__CINEMATIC.mp4","936988","False","0","","False","False","False","C:\Users\scott\soccer-video\out\atomic_clips\2025-10-12__TSC_SLSG_FallFestival"
"006__2025-09-13__TSC_vs_NEOFC__DEFENSE__t699.30-t711.50.__DEBUG_FINAL_portrait_FINAL","C:\Users\scott\soccer-video\out\atomic_clips\2025-09-13__TSC_vs_NEOFC\006__2025-09-13__TSC_vs_NEOFC__DEFENSE__t699.30-t711.50.__DEBUG_FINAL_portrait_FINAL.mp4","20761474","False","0","","False","False","False","C:\Users\scott\soccer-video\out\atomic_clips\2025-09-13__TSC_vs_NEOFC"
"006__2025-09-13__TSC_vs_NEOFC__DEFENSE__t699.30-t711.50.__DEBUG_FINAL_portrait_FINAL.__CINEMATIC","C:\Users\scott\soccer-video\out\atomic_clips\2025-09-13__TSC_vs_NEOFC\006__2025-09-13__TSC_vs_NEOFC__DEFENSE__t699.30-t711.50.__DEBUG_FINAL_portrait_FINAL.__CINEMATIC.mp4","7168556","False","0","","False","False","False","C:\Users\scott\soccer-video\out\atomic_clips\2025-09-13__TSC_vs_NEOFC"
"006__2025-09-13__TSC_vs_NEOFC__DEFENSE__t699.30-t711.50.__DEBUG_FINAL_portrait_FINAL.__CINEMATIC.__CINEMATIC","C:\Users\scott\soccer-video\out\atomic_clips\2025-09-13__TSC_vs_NEOFC\006__2025-09-13__TSC_vs_NEOFC__DEFENSE__t699.30-t711.50.__DEBUG_FINAL_portrait_FINAL.__CINEMATIC.__CINEMATIC.mp4","5985509","False","0","","False","False","False","C:\Users\scott\soccer-video\out\atomic_clips\2025-09-13__TSC_vs_NEOFC"
"006__2025-09-13__TSC_vs_NEOFC__DEFENSE__t699.30-t711.50.__DEBUG_FINAL_portrait_FINAL.__CINEMATIC.__CINEMATIC.__CINEMATIC","C:\Users\scott\soccer-video\out\atomic_clips\2025-09-13__TSC_vs_NEOFC\006__2025-09-13__TSC_vs_NEOFC__DEFENSE__t699.30-t711.50.__DEBUG_FINAL_portrait_FINAL.__CINEMATIC.__CINEMATIC.__CINEMATIC.mp4","5746771","False","0","","False","False","False","C:\Users\scott\soccer-video\out\atomic_clips\2025-09-13__TSC_vs_NEOFC"
"006__2025-09-13__TSC_vs_NEOFC__DEFENSE__t699.30-t711.50.__DEBUG_FINAL_portrait_FINAL.__CINEMATIC.__CINEMATIC.__CINEMATIC.__CINEMATIC","C:\Users\scott\soccer-video\out\atomic_clips\2025-09-13__TSC_vs_NEOFC\006__2025-09-13__TSC_vs_NEOFC__DEFENSE__t699.30-t711.50.__DEBUG_FINAL_portrait_FINAL.__CINEMATIC.__CINEMATIC.__CINEMATIC.__CINEMATIC.mp4","5005450","False","0","","False","False","False","C:\Users\scott\soccer-video\out\atomic_clips\2025-09-13__TSC_vs_NEOFC"
"006__2025-09-13__TSC_vs_NEOFC__DEFENSE__t699.30-t711.50.__DEBUG_FINAL_portrait_FINAL.__CINEMATIC.__CINEMATIC.__CINEMATIC.__CINEMATIC.__CINEMATIC","C:\Users\scott\soccer-video\out\atomic_clips\2025-09-13__TSC_vs_NEOFC\006__2025-09-13__TSC_vs_NEOFC__DEFENSE__t699.30-t711.50.__DEBUG_FINAL_portrait_FINAL.__CINEMATIC.__CINEMATIC.__CINEMATIC.__CINEMATIC.__CINEMATIC.mp4","2320932","False","0","","False","False","False","C:\Users\scott\soccer-video\out\atomic_clips\2025-09-13__TSC_vs_NEOFC"
"006__2025-09-13__TSC_vs_NEOFC__DEFENSE__t699.30-t711.50.__DEBUG_FINAL_portrait_FINAL.__CINEMATIC.__CINEMATIC.__CINEMATIC.__CINEMATIC.__CINEMATIC.__CINEMATIC","C:\Users\scott\soccer-video\out\atomic_clips\2025-09-13__TSC_vs_NEOFC\006__2025-09-13__TSC_vs_NEOFC__DEFENSE__t699.30-t711.50.__DEBUG_FINAL_portrait_FINAL.__CINEMATIC.__CINEMATIC.__CINEMATIC.__CINEMATIC.__CINEMATIC.__CINEMATIC.mp4","1076390","False","0","","False","False","False","C:\Users\scott\soccer-video\out\atomic_clips\2025-09-13__TSC_vs_NEOFC"
"006__2025-09-13__TSC_vs_NEOFC__DEFENSE__t699.30-t711.50.__DEBUG_FINAL_portrait_FINAL.__CINEMATIC.__CINEMATIC.__CINEMATIC.__CINEMATIC.__CINEMATIC.__CINEMATIC.__CINEMATIC","C:\Users\scott\soccer-video\out\atomic_clips\2025-09-13__TSC_vs_NEOFC\006__2025-09-13__TSC_vs_NEOFC__DEFENSE__t699.30-t711.50.__DEBUG_FINAL_portrait_FINAL.__CINEMATIC.__CINEMATIC.__CINEMATIC.__CINEMATIC.__CINEMATIC.__CINEMATIC.__CINEMATIC.mp4","892187","False","0","","False","False","False","C:\Users\scott\soccer-video\out\atomic_clips\2025-09-13__TSC_vs_NEOFC"
"006__2025-09-20__TSC_vs_Greenwood__BUILD_UP_PLAY_SHOT__t41100.00-t42480.00","C:\Users\scott\soccer-video\out\atomic_clips\_quarantine\006__2025-09-20__TSC_vs_Greenwood__BUILD_UP_PLAY_SHOT__t41100.00-t42480.00.mp4","3039710","False","0","","False","False","False","C:\Users\scott\soccer-video\out\atomic_clips\_quarantine"
"006__2025-09-20__TSC_vs_RVFC__SHOT__t31020.00-t31680.00","C:\Users\scott\soccer-video\out\atomic_clips\_quarantine\006__2025-09-20__TSC_vs_RVFC__SHOT__t31020.00-t31680.00.mp4","866337","False","0","","False","False","False","C:\Users\scott\soccer-video\out\atomic_clips\_quarantine"
"006__2025-10-04__TSC_vs_FC_Tulsa_Black__BUILD_UP_GOAL__t40440.00-t43020.00","C:\Users\scott\soccer-video\out\atomic_clips\_quarantine\006__2025-10-04__TSC_vs_FC_Tulsa_Black__BUILD_UP_GOAL__t40440.00-t43020.00.mp4","2635807","False","0","","False","False","False","C:\Users\scott\soccer-video\out\atomic_clips\_quarantine"
"006__2025-10-04__TSC_vs_FC_Tulsa_Black__BUILD_UP_GOAL__t40440.00-t43020.00.__DEBUG","C:\Users\scott\soccer-video\out\atomic_clips\2025-10-04__TSC_vs_FC\006__2025-10-04__TSC_vs_FC_Tulsa_Black__BUILD_UP_GOAL__t40440.00-t43020.00.__DEBUG.mp4","68044779","False","0","","False","False","False","C:\Users\scott\soccer-video\out\atomic_clips\2025-10-04__TSC_vs_FC"
"006__2025-10-04__TSC_vs_FC_Tulsa_Black__BUILD_UP_GOAL__t40440.00-t43020.00.__DEBUG","C:\Users\scott\soccer-video\out\atomic_clips\_quarantine\006__2025-10-04__TSC_vs_FC_Tulsa_Black__BUILD_UP_GOAL__t40440.00-t43020.00.__DEBUG.mp4","258","False","0","","False","False","False","C:\Users\scott\soccer-video\out\atomic_clips\_quarantine"
"006__2025-10-04__TSC_vs_FC_Tulsa_Black__BUILD_UP_GOAL__t40440.00-t43020.00.__DEBUG.__CINEMATIC","C:\Users\scott\soccer-video\out\atomic_clips\2025-10-04__TSC_vs_FC\006__2025-10-04__TSC_vs_FC_Tulsa_Black__BUILD_UP_GOAL__t40440.00-t43020.00.__DEBUG.__CINEMATIC.mp4","26616088","False","0","","False","False","False","C:\Users\scott\soccer-video\out\atomic_clips\2025-10-04__TSC_vs_FC"
"006__2025-10-04__TSC_vs_FC_Tulsa_Black__BUILD_UP_GOAL__t40440.00-t43020.00.__DEBUG.__CINEMATIC","C:\Users\scott\soccer-video\out\atomic_clips\_quarantine\006__2025-10-04__TSC_vs_FC_Tulsa_Black__BUILD_UP_GOAL__t40440.00-t43020.00.__DEBUG.__CINEMATIC.mp4","26616088","False","0","","False","False","False","C:\Users\scott\soccer-video\out\atomic_clips\_quarantine"
"006__2025-10-04__TSC_vs_FC_Tulsa_Black__BUILD_UP_GOAL__t40440.00-t43020.00.__DEBUG.__CINEMATIC.__CINEMATIC","C:\Users\scott\soccer-video\out\atomic_clips\2025-10-04__TSC_vs_FC\006__2025-10-04__TSC_vs_FC_Tulsa_Black__BUILD_UP_GOAL__t40440.00-t43020.00.__DEBUG.__CINEMATIC.__CINEMATIC.mp4","20699457","False","0","","False","False","False","C:\Users\scott\soccer-video\out\atomic_clips\2025-10-04__TSC_vs_FC"
"006__2025-10-04__TSC_vs_FC_Tulsa_Black__BUILD_UP_GOAL__t40440.00-t43020.00.__DEBUG.__CINEMATIC.__CINEMATIC","C:\Users\scott\soccer-video\out\atomic_clips\_quarantine\006__2025-10-04__TSC_vs_FC_Tulsa_Black__BUILD_UP_GOAL__t40440.00-t43020.00.__DEBUG.__CINEMATIC.__CINEMATIC.mp4","16514988","False","0","","False","False","False","C:\Users\scott\soccer-video\out\atomic_clips\_quarantine"
"006__2025-10-04__TSC_vs_FC_Tulsa_Black__BUILD_UP_GOAL__t40440.00-t43020.00.__DEBUG.__CINEMATIC.__CINEMATIC.__CINEMATIC","C:\Users\scott\soccer-video\out\atomic_clips\2025-10-04__TSC_vs_FC\006__2025-10-04__TSC_vs_FC_Tulsa_Black__BUILD_UP_GOAL__t40440.00-t43020.00.__DEBUG.__CINEMATIC.__CINEMATIC.__CINEMATIC.mp4","16514988","False","0","","False","False","False","C:\Users\scott\soccer-video\out\atomic_clips\2025-10-04__TSC_vs_FC"
"006__2025-10-04__TSC_vs_FC_Tulsa_Black__BUILD_UP_GOAL__t40440.00-t43020.00.__DEBUG.__CINEMATIC.__CINEMATIC.__CINEMATIC","C:\Users\scott\soccer-video\out\atomic_clips\_quarantine\006__2025-10-04__TSC_vs_FC_Tulsa_Black__BUILD_UP_GOAL__t40440.00-t43020.00.__DEBUG.__CINEMATIC.__CINEMATIC.__CINEMATIC.mp4","13196301","False","0","","False","False","False","C:\Users\scott\soccer-video\out\atomic_clips\_quarantine"
"006__2025-10-04__TSC_vs_FC_Tulsa_Black__BUILD_UP_GOAL__t40440.00-t43020.00.__DEBUG.__CINEMATIC.__CINEMATIC.__CINEMATIC.__CINEMATIC","C:\Users\scott\soccer-video\out\atomic_clips\2025-10-04__TSC_vs_FC\006__2025-10-04__TSC_vs_FC_Tulsa_Black__BUILD_UP_GOAL__t40440.00-t43020.00.__DEBUG.__CINEMATIC.__CINEMATIC.__CINEMATIC.__CINEMATIC.mp4","13196301","False","0","","False","False","False","C:\Users\scott\soccer-video\out\atomic_clips\2025-10-04__TSC_vs_FC"
"006__2025-10-04__TSC_vs_FC_Tulsa_Black__BUILD_UP_GOAL__t40440.00-t43020.00.__DEBUG.__CINEMATIC.__CINEMATIC.__CINEMATIC.__CINEMATIC","C:\Users\scott\soccer-video\out\atomic_clips\_quarantine\006__2025-10-04__TSC_vs_FC_Tulsa_Black__BUILD_UP_GOAL__t40440.00-t43020.00.__DEBUG.__CINEMATIC.__CINEMATIC.__CINEMATIC.__CINEMATIC.mp4","9274531","False","0","","False","False","False","C:\Users\scott\soccer-video\out\atomic_clips\_quarantine"
"006__2025-10-04__TSC_vs_FC_Tulsa_Black__BUILD_UP_GOAL__t40440.00-t43020.00.__DEBUG.__CINEMATIC.__CINEMATIC.__CINEMATIC.__CINEMATIC.__CINEMATIC","C:\Users\scott\soccer-video\out\atomic_clips\_quarantine\006__2025-10-04__TSC_vs_FC_Tulsa_Black__BUILD_UP_GOAL__t40440.00-t43020.00.__DEBUG.__CINEMATIC.__CINEMATIC.__CINEMATIC.__CINEMATIC.__CINEMATIC.mp4","5929846","False","0","","False","False","False","C:\Users\scott\soccer-video\out\atomic_clips\_quarantine"
"006__2025-10-04__TSC_vs_FC_Tulsa_Black__BUILD_UP_GOAL__t40440.00-t43020.00.__DEBUG.__CINEMATIC.__CINEMATIC.__CINEMATIC.__CINEMATIC.__CINEMATIC","C:\Users\scott\soccer-video\out\atomic_clips\2025-10-04__TSC_vs_FC\006__2025-10-04__TSC_vs_FC_Tulsa_Black__BUILD_UP_GOAL__t40440.00-t43020.00.__DEBUG.__CINEMATIC.__CINEMATIC.__CINEMATIC.__CINEMATIC.__CINEMATIC.mp4","5929846","False","0","","False","False","False","C:\Users\scott\soccer-video\out\atomic_clips\2025-10-04__TSC_vs_FC"
"006__2025-10-04__TSC_vs_FC_Tulsa_Black__BUILD_UP_GOAL__t40440.00-t43020.00.__DEBUG.__CINEMATIC.__CINEMATIC.__CINEMATIC.__CINEMATIC.__CINEMATIC.__CINEMATIC","C:\Users\scott\soccer-video\out\atomic_clips\_quarantine\006__2025-10-04__TSC_vs_FC_Tulsa_Black__BUILD_UP_GOAL__t40440.00-t43020.00.__DEBUG.__CINEMATIC.__CINEMATIC.__CINEMATIC.__CINEMATIC.__CINEMATIC.__CINEMATIC.mp4","2783011","False","0","","False","False","False","C:\Users\scott\soccer-video\out\atomic_clips\_quarantine"
"006__2025-10-04__TSC_vs_FC_Tulsa_Black__BUILD_UP_GOAL__t40440.00-t43020.00.__DEBUG.__CINEMATIC.__CINEMATIC.__CINEMATIC.__CINEMATIC.__CINEMATIC.__CINEMATIC","C:\Users\scott\soccer-video\out\atomic_clips\2025-10-04__TSC_vs_FC\006__2025-10-04__TSC_vs_FC_Tulsa_Black__BUILD_UP_GOAL__t40440.00-t43020.00.__DEBUG.__CINEMATIC.__CINEMATIC.__CINEMATIC.__CINEMATIC.__CINEMATIC.__CINEMATIC.mp4","2783011","False","0","","False","False","False","C:\Users\scott\soccer-video\out\atomic_clips\2025-10-04__TSC_vs_FC"
"006__2025-10-04__TSC_vs_FC_Tulsa_Black__BUILD_UP_GOAL__t40440.00-t43020.00.__DEBUG.__CINEMATIC.__CINEMATIC.__CINEMATIC.__CINEMATIC.__CINEMATIC.__CINEMATIC.__CINEMATIC","C:\Users\scott\soccer-video\out\atomic_clips\_quarantine\006__2025-10-04__TSC_vs_FC_Tulsa_Black__BUILD_UP_GOAL__t40440.00-t43020.00.__DEBUG.__CINEMATIC.__CINEMATIC.__CINEMATIC.__CINEMATIC.__CINEMATIC.__CINEMATIC.__CINEMATIC.mp4","860110","False","0","","False","False","False","C:\Users\scott\soccer-video\out\atomic_clips\_quarantine"
"006__2025-10-04__TSC_vs_FC_Tulsa_Black__BUILD_UP_GOAL__t40440.00-t43020.00.__DEBUG.__CINEMATIC.__CINEMATIC.__CINEMATIC.__CINEMATIC.__CINEMATIC.__CINEMATIC.__CINEMATIC","C:\Users\scott\soccer-video\out\atomic_clips\2025-10-04__TSC_vs_FC\006__2025-10-04__TSC_vs_FC_Tulsa_Black__BUILD_UP_GOAL__t40440.00-t43020.00.__DEBUG.__CINEMATIC.__CINEMATIC.__CINEMATIC.__CINEMATIC.__CINEMATIC.__CINEMATIC.__CINEMATIC.mp4","2320479","False","0","","False","False","False","C:\Users\scott\soccer-video\out\atomic_clips\2025-10-04__TSC_vs_FC"
"006__Cross__0_30_29-0_30_37","C:\Users\scott\soccer-video\out\atomic_clips\2025-11-04__TSC_-_Navy_Oct_2025\006__Cross__0_30_29-0_30_37.mp4","2916503","False","0","","False","False","False","C:\Users\scott\soccer-video\out\atomic_clips\2025-11-04__TSC_-_Navy_Oct_2025"
"006__Cross__0_30_29-0_30_37.__CINEMATIC","C:\Users\scott\soccer-video\out\atomic_clips\2025-11-04__TSC_-_Navy_Oct_2025\006__Cross__0_30_29-0_30_37.__CINEMATIC.mp4","4317983","False","0","","False","False","False","C:\Users\scott\soccer-video\out\atomic_clips\2025-11-04__TSC_-_Navy_Oct_2025"
"006__Cross__0_30_29-0_30_37.__CINEMATIC.__CINEMATIC","C:\Users\scott\soccer-video\out\atomic_clips\2025-11-04__TSC_-_Navy_Oct_2025\006__Cross__0_30_29-0_30_37.__CINEMATIC.__CINEMATIC.mp4","3612855","False","0","","False","False","False","C:\Users\scott\soccer-video\out\atomic_clips\2025-11-04__TSC_-_Navy_Oct_2025"
"006__Cross__0_30_29-0_30_37.__CINEMATIC.__CINEMATIC.__CINEMATIC","C:\Users\scott\soccer-video\out\atomic_clips\2025-11-04__TSC_-_Navy_Oct_2025\006__Cross__0_30_29-0_30_37.__CINEMATIC.__CINEMATIC.__CINEMATIC.mp4","3047794","False","0","","False","False","False","C:\Users\scott\soccer-video\out\atomic_clips\2025-11-04__TSC_-_Navy_Oct_2025"
"006__Cross__0_30_29-0_30_37.__CINEMATIC.__CINEMATIC.__CINEMATIC.__CINEMATIC","C:\Users\scott\soccer-video\out\atomic_clips\2025-11-04__TSC_-_Navy_Oct_2025\006__Cross__0_30_29-0_30_37.__CINEMATIC.__CINEMATIC.__CINEMATIC.__CINEMATIC.mp4","2384295","False","0","","False","False","False","C:\Users\scott\soccer-video\out\atomic_clips\2025-11-04__TSC_-_Navy_Oct_2025"
"006__Cross__0_30_29-0_30_37.__CINEMATIC.__CINEMATIC.__CINEMATIC.__CINEMATIC.__CINEMATIC","C:\Users\scott\soccer-video\out\atomic_clips\2025-11-04__TSC_-_Navy_Oct_2025\006__Cross__0_30_29-0_30_37.__CINEMATIC.__CINEMATIC.__CINEMATIC.__CINEMATIC.__CINEMATIC.mp4","1233426","False","0","","False","False","False","C:\Users\scott\soccer-video\out\atomic_clips\2025-11-04__TSC_-_Navy_Oct_2025"
"006__Cross__0_30_29-0_30_37.__CINEMATIC.__CINEMATIC.__CINEMATIC.__CINEMATIC.__CINEMATIC.__CINEMATIC","C:\Users\scott\soccer-video\out\atomic_clips\2025-11-04__TSC_-_Navy_Oct_2025\006__Cross__0_30_29-0_30_37.__CINEMATIC.__CINEMATIC.__CINEMATIC.__CINEMATIC.__CINEMATIC.__CINEMATIC.mp4","680446","False","0","","False","False","False","C:\Users\scott\soccer-video\out\atomic_clips\2025-11-04__TSC_-_Navy_Oct_2025"
"006__Cross__0_30_29-0_30_37.__CINEMATIC.__CINEMATIC.__CINEMATIC.__CINEMATIC.__CINEMATIC.__CINEMATIC.__CINEMATIC","C:\Users\scott\soccer-video\out\atomic_clips\2025-11-04__TSC_-_Navy_Oct_2025\006__Cross__0_30_29-0_30_37.__CINEMATIC.__CINEMATIC.__CINEMATIC.__CINEMATIC.__CINEMATIC.__CINEMATIC.__CINEMATIC.mp4","568514","False","0","","False","False","False","C:\Users\scott\soccer-video\out\atomic_clips\2025-11-04__TSC_-_Navy_Oct_2025"
"006__DEFENSE__t699.30-t711.50","C:\Users\scott\soccer-video\out\atomic_clips\_quarantine\006__DEFENSE__t699.30-t711.50.mp4","18432731","False","0","","False","False","False","C:\Users\scott\soccer-video\out\atomic_clips\_quarantine"
"006__DEFENSE__t699.30-t711.50","C:\Users\scott\soccer-video\out\atomic_clips\misc\006__DEFENSE__t699.30-t711.50.mp4","17553281","False","0","","False","False","False","C:\Users\scott\soccer-video\out\atomic_clips\misc"
"006__DEFENSE__t699.30-t711.50.__CINEMATIC","C:\Users\scott\soccer-video\out\atomic_clips\_quarantine\006__DEFENSE__t699.30-t711.50.__CINEMATIC.mp4","8714159","False","0","","False","False","False","C:\Users\scott\soccer-video\out\atomic_clips\_quarantine"
"006__DEFENSE__t699.30-t711.50.__CINEMATIC","C:\Users\scott\soccer-video\out\atomic_clips\misc\006__DEFENSE__t699.30-t711.50.__CINEMATIC.mp4","7429463","False","0","","False","False","False","C:\Users\scott\soccer-video\out\atomic_clips\misc"
"006__DEFENSE__t699.30-t711.50.__CINEMATIC.__CINEMATIC","C:\Users\scott\soccer-video\out\atomic_clips\_quarantine\006__DEFENSE__t699.30-t711.50.__CINEMATIC.__CINEMATIC.mp4","7159307","False","0","","False","False","False","C:\Users\scott\soccer-video\out\atomic_clips\_quarantine"
"006__DEFENSE__t699.30-t711.50.__CINEMATIC.__CINEMATIC","C:\Users\scott\soccer-video\out\atomic_clips\misc\006__DEFENSE__t699.30-t711.50.__CINEMATIC.__CINEMATIC.mp4","5308215","False","0","","False","False","False","C:\Users\scott\soccer-video\out\atomic_clips\misc"
"006__DEFENSE__t699.30-t711.50.__CINEMATIC.__CINEMATIC.__CINEMATIC","C:\Users\scott\soccer-video\out\atomic_clips\_quarantine\006__DEFENSE__t699.30-t711.50.__CINEMATIC.__CINEMATIC.__CINEMATIC.mp4","6912911","False","0","","False","False","False","C:\Users\scott\soccer-video\out\atomic_clips\_quarantine"
"006__DEFENSE__t699.30-t711.50.__CINEMATIC.__CINEMATIC.__CINEMATIC","C:\Users\scott\soccer-video\out\atomic_clips\misc\006__DEFENSE__t699.30-t711.50.__CINEMATIC.__CINEMATIC.__CINEMATIC.mp4","4702895","False","0","","False","False","False","C:\Users\scott\soccer-video\out\atomic_clips\misc"
"006__DEFENSE__t699.30-t711.50.__CINEMATIC.__CINEMATIC.__CINEMATIC.__CINEMATIC","C:\Users\scott\soccer-video\out\atomic_clips\_quarantine\006__DEFENSE__t699.30-t711.50.__CINEMATIC.__CINEMATIC.__CINEMATIC.__CINEMATIC.mp4","6105465","False","0","","False","False","False","C:\Users\scott\soccer-video\out\atomic_clips\_quarantine"
"006__DEFENSE__t699.30-t711.50.__CINEMATIC.__CINEMATIC.__CINEMATIC.__CINEMATIC","C:\Users\scott\soccer-video\out\atomic_clips\misc\006__DEFENSE__t699.30-t711.50.__CINEMATIC.__CINEMATIC.__CINEMATIC.__CINEMATIC.mp4","4329198","False","0","","False","False","False","C:\Users\scott\soccer-video\out\atomic_clips\misc"
"006__DEFENSE__t699.30-t711.50.__CINEMATIC.__CINEMATIC.__CINEMATIC.__CINEMATIC.__CINEMATIC","C:\Users\scott\soccer-video\out\atomic_clips\_quarantine\006__DEFENSE__t699.30-t711.50.__CINEMATIC.__CINEMATIC.__CINEMATIC.__CINEMATIC.__CINEMATIC.mp4","2889926","False","0","","False","False","False","C:\Users\scott\soccer-video\out\atomic_clips\_quarantine"
"006__DEFENSE__t699.30-t711.50.__CINEMATIC.__CINEMATIC.__CINEMATIC.__CINEMATIC.__CINEMATIC","C:\Users\scott\soccer-video\out\atomic_clips\misc\006__DEFENSE__t699.30-t711.50.__CINEMATIC.__CINEMATIC.__CINEMATIC.__CINEMATIC.__CINEMATIC.mp4","2295674","False","0","","False","False","False","C:\Users\scott\soccer-video\out\atomic_clips\misc"
"006__DEFENSE__t699.30-t711.50.__CINEMATIC.__CINEMATIC.__CINEMATIC.__CINEMATIC.__CINEMATIC.__CINEMATIC","C:\Users\scott\soccer-video\out\atomic_clips\misc\006__DEFENSE__t699.30-t711.50.__CINEMATIC.__CINEMATIC.__CINEMATIC.__CINEMATIC.__CINEMATIC.__CINEMATIC.mp4","1099744","False","0","","False","False","False","C:\Users\scott\soccer-video\out\atomic_clips\misc"
"006__DEFENSE__t699.30-t711.50.__CINEMATIC.__CINEMATIC.__CINEMATIC.__CINEMATIC.__CINEMATIC.__CINEMATIC","C:\Users\scott\soccer-video\out\atomic_clips\_quarantine\006__DEFENSE__t699.30-t711.50.__CINEMATIC.__CINEMATIC.__CINEMATIC.__CINEMATIC.__CINEMATIC.__CINEMATIC.mp4","1251082","False","0","","False","False","False","C:\Users\scott\soccer-video\out\atomic_clips\_quarantine"
"006__DEFENSE__t699.30-t711.50.__CINEMATIC.__CINEMATIC.__CINEMATIC.__CINEMATIC.__CINEMATIC.__CINEMATIC.__CINEMATIC","C:\Users\scott\soccer-video\out\atomic_clips\misc\006__DEFENSE__t699.30-t711.50.__CINEMATIC.__CINEMATIC.__CINEMATIC.__CINEMATIC.__CINEMATIC.__CINEMATIC.__CINEMATIC.mp4","872987","False","0","","False","False","False","C:\Users\scott\soccer-video\out\atomic_clips\misc"
"006__DEFENSE__t699.30-t711.50.__CINEMATIC.__CINEMATIC.__CINEMATIC.__CINEMATIC.__CINEMATIC.__CINEMATIC.__CINEMATIC","C:\Users\scott\soccer-video\out\atomic_clips\_quarantine\006__DEFENSE__t699.30-t711.50.__CINEMATIC.__CINEMATIC.__CINEMATIC.__CINEMATIC.__CINEMATIC.__CINEMATIC.__CINEMATIC.mp4","1008689","False","0","","False","False","False","C:\Users\scott\soccer-video\out\atomic_clips\_quarantine"
"006__DEFENSE__t699.30-t711.50.__CINEMATIC.__CINEMATIC.__CINEMATIC.__CINEMATIC.__CINEMATIC.__CINEMATIC.__CINEMATIC.__CINEMATIC","C:\Users\scott\soccer-video\out\atomic_clips\_quarantine\006__DEFENSE__t699.30-t711.50.__CINEMATIC.__CINEMATIC.__CINEMATIC.__CINEMATIC.__CINEMATIC.__CINEMATIC.__CINEMATIC.__CINEMATIC.mp4","952320","False","0","","False","False","False","C:\Users\scott\soccer-video\out\atomic_clips\_quarantine"
"006__GOAL__t2.035.00-t2.054.00","C:\Users\scott\soccer-video\out\atomic_clips\2025-10-12__TSC_SLSG_FallFestival\006__GOAL__t2.035.00-t2.054.00.mp4","35189611","False","0","","False","False","False","C:\Users\scott\soccer-video\out\atomic_clips\2025-10-12__TSC_SLSG_FallFestival"
"006__GOAL__t2.035.00-t2.054.00.__CINEMATIC","C:\Users\scott\soccer-video\out\atomic_clips\2025-10-12__TSC_SLSG_FallFestival\006__GOAL__t2.035.00-t2.054.00.__CINEMATIC.mp4","12980497","False","0","","False","False","False","C:\Users\scott\soccer-video\out\atomic_clips\2025-10-12__TSC_SLSG_FallFestival"
"006__GOAL__t2.035.00-t2.054.00.__CINEMATIC.__CINEMATIC","C:\Users\scott\soccer-video\out\atomic_clips\2025-10-12__TSC_SLSG_FallFestival\006__GOAL__t2.035.00-t2.054.00.__CINEMATIC.__CINEMATIC.mp4","10149082","False","0","","False","False","False","C:\Users\scott\soccer-video\out\atomic_clips\2025-10-12__TSC_SLSG_FallFestival"
"006__GOAL__t2.035.00-t2.054.00.__CINEMATIC.__CINEMATIC.__CINEMATIC","C:\Users\scott\soccer-video\out\atomic_clips\2025-10-12__TSC_SLSG_FallFestival\006__GOAL__t2.035.00-t2.054.00.__CINEMATIC.__CINEMATIC.__CINEMATIC.mp4","8019131","False","0","","False","False","False","C:\Users\scott\soccer-video\out\atomic_clips\2025-10-12__TSC_SLSG_FallFestival"
"006__GOAL__t2.035.00-t2.054.00.__CINEMATIC.__CINEMATIC.__CINEMATIC.__CINEMATIC","C:\Users\scott\soccer-video\out\atomic_clips\2025-10-12__TSC_SLSG_FallFestival\006__GOAL__t2.035.00-t2.054.00.__CINEMATIC.__CINEMATIC.__CINEMATIC.__CINEMATIC.mp4","6044184","False","0","","False","False","False","C:\Users\scott\soccer-video\out\atomic_clips\2025-10-12__TSC_SLSG_FallFestival"
"006__GOAL__t2.035.00-t2.054.00.__CINEMATIC.__CINEMATIC.__CINEMATIC.__CINEMATIC.__CINEMATIC","C:\Users\scott\soccer-video\out\atomic_clips\2025-10-12__TSC_SLSG_FallFestival\006__GOAL__t2.035.00-t2.054.00.__CINEMATIC.__CINEMATIC.__CINEMATIC.__CINEMATIC.__CINEMATIC.mp4","2991626","False","0","","False","False","False","C:\Users\scott\soccer-video\out\atomic_clips\2025-10-12__TSC_SLSG_FallFestival"
"006__GOAL__t2.035.00-t2.054.00.__CINEMATIC.__CINEMATIC.__CINEMATIC.__CINEMATIC.__CINEMATIC.__CINEMATIC","C:\Users\scott\soccer-video\out\atomic_clips\2025-10-12__TSC_SLSG_FallFestival\006__GOAL__t2.035.00-t2.054.00.__CINEMATIC.__CINEMATIC.__CINEMATIC.__CINEMATIC.__CINEMATIC.__CINEMATIC.mp4","1474021","False","0","","False","False","False","C:\Users\scott\soccer-video\out\atomic_clips\2025-10-12__TSC_SLSG_FallFestival"
"006__GOAL__t2.035.00-t2.054.00.__CINEMATIC.__CINEMATIC.__CINEMATIC.__CINEMATIC.__CINEMATIC.__CINEMATIC.__CINEMATIC","C:\Users\scott\soccer-video\out\atomic_clips\2025-10-12__TSC_SLSG_FallFestival\006__GOAL__t2.035.00-t2.054.00.__CINEMATIC.__CINEMATIC.__CINEMATIC.__CINEMATIC.__CINEMATIC.__CINEMATIC.__CINEMATIC.mp4","1193630","False","0","","False","False","False","C:\Users\scott\soccer-video\out\atomic_clips\2025-10-12__TSC_SLSG_FallFestival"
"007__2025-09-13__TSC_vs_NEOFC__DRIBBLING__t982.00-t987.90_portrait_POST","C:\Users\scott\soccer-video\out\atomic_clips\2025-09-13__TSC_vs_NEOFC\007__2025-09-13__TSC_vs_NEOFC__DRIBBLING__t982.00-t987.90_portrait_POST.mp4","9715744","False","0","","False","False","False","C:\Users\scott\soccer-video\out\atomic_clips\2025-09-13__TSC_vs_NEOFC"
"007__2025-09-13__TSC_vs_NEOFC__DRIBBLING__t982.00-t987.90_portrait_POST.__CINEMATIC","C:\Users\scott\soccer-video\out\atomic_clips\2025-09-13__TSC_vs_NEOFC\007__2025-09-13__TSC_vs_NEOFC__DRIBBLING__t982.00-t987.90_portrait_POST.__CINEMATIC.mp4","4198648","False","0","","False","False","False","C:\Users\scott\soccer-video\out\atomic_clips\2025-09-13__TSC_vs_NEOFC"
"007__2025-09-13__TSC_vs_NEOFC__DRIBBLING__t982.00-t987.90_portrait_POST.__CINEMATIC.__CINEMATIC","C:\Users\scott\soccer-video\out\atomic_clips\2025-09-13__TSC_vs_NEOFC\007__2025-09-13__TSC_vs_NEOFC__DRIBBLING__t982.00-t987.90_portrait_POST.__CINEMATIC.__CINEMATIC.mp4","3414552","False","0","","False","False","False","C:\Users\scott\soccer-video\out\atomic_clips\2025-09-13__TSC_vs_NEOFC"
"007__2025-09-13__TSC_vs_NEOFC__DRIBBLING__t982.00-t987.90_portrait_POST.__CINEMATIC.__CINEMATIC.__CINEMATIC","C:\Users\scott\soccer-video\out\atomic_clips\2025-09-13__TSC_vs_NEOFC\007__2025-09-13__TSC_vs_NEOFC__DRIBBLING__t982.00-t987.90_portrait_POST.__CINEMATIC.__CINEMATIC.__CINEMATIC.mp4","2751298","False","0","","False","False","False","C:\Users\scott\soccer-video\out\atomic_clips\2025-09-13__TSC_vs_NEOFC"
"007__2025-09-13__TSC_vs_NEOFC__DRIBBLING__t982.00-t987.90_portrait_POST.__CINEMATIC.__CINEMATIC.__CINEMATIC.__CINEMATIC","C:\Users\scott\soccer-video\out\atomic_clips\2025-09-13__TSC_vs_NEOFC\007__2025-09-13__TSC_vs_NEOFC__DRIBBLING__t982.00-t987.90_portrait_POST.__CINEMATIC.__CINEMATIC.__CINEMATIC.__CINEMATIC.mp4","2186675","False","0","","False","False","False","C:\Users\scott\soccer-video\out\atomic_clips\2025-09-13__TSC_vs_NEOFC"
"007__2025-09-13__TSC_vs_NEOFC__DRIBBLING__t982.00-t987.90_portrait_POST.__CINEMATIC.__CINEMATIC.__CINEMATIC.__CINEMATIC.__CINEMATIC","C:\Users\scott\soccer-video\out\atomic_clips\2025-09-13__TSC_vs_NEOFC\007__2025-09-13__TSC_vs_NEOFC__DRIBBLING__t982.00-t987.90_portrait_POST.__CINEMATIC.__CINEMATIC.__CINEMATIC.__CINEMATIC.__CINEMATIC.mp4","1196168","False","0","","False","False","False","C:\Users\scott\soccer-video\out\atomic_clips\2025-09-13__TSC_vs_NEOFC"
"007__2025-09-13__TSC_vs_NEOFC__DRIBBLING__t982.00-t987.90_portrait_POST.__CINEMATIC.__CINEMATIC.__CINEMATIC.__CINEMATIC.__CINEMATIC.__CINEMATIC","C:\Users\scott\soccer-video\out\atomic_clips\2025-09-13__TSC_vs_NEOFC\007__2025-09-13__TSC_vs_NEOFC__DRIBBLING__t982.00-t987.90_portrait_POST.__CINEMATIC.__CINEMATIC.__CINEMATIC.__CINEMATIC.__CINEMATIC.__CINEMATIC.mp4","762511","False","0","","False","False","False","C:\Users\scott\soccer-video\out\atomic_clips\2025-09-13__TSC_vs_NEOFC"
"007__2025-09-13__TSC_vs_NEOFC__DRIBBLING__t982.00-t987.90_portrait_POST.__CINEMATIC.__CINEMATIC.__CINEMATIC.__CINEMATIC.__CINEMATIC.__CINEMATIC.__CINEMATIC","C:\Users\scott\soccer-video\out\atomic_clips\2025-09-13__TSC_vs_NEOFC\007__2025-09-13__TSC_vs_NEOFC__DRIBBLING__t982.00-t987.90_portrait_POST.__CINEMATIC.__CINEMATIC.__CINEMATIC.__CINEMATIC.__CINEMATIC.__CINEMATIC.__CINEMATIC.mp4","647877","False","0","","False","False","False","C:\Users\scott\soccer-video\out\atomic_clips\2025-09-13__TSC_vs_NEOFC"
"007__2025-09-20__TSC_vs_Greenwood__DRIBBLING_SHOT__t44340.00-t45120.00","C:\Users\scott\soccer-video\out\atomic_clips\_quarantine\007__2025-09-20__TSC_vs_Greenwood__DRIBBLING_SHOT__t44340.00-t45120.00.mp4","3039710","False","0","","False","False","False","C:\Users\scott\soccer-video\out\atomic_clips\_quarantine"
"007__2025-09-20__TSC_vs_RVFC__PRESSURE_GOAL__t31740.00-t32820.00","C:\Users\scott\soccer-video\out\atomic_clips\_quarantine\007__2025-09-20__TSC_vs_RVFC__PRESSURE_GOAL__t31740.00-t32820.00.mp4","866337","False","0","","False","False","False","C:\Users\scott\soccer-video\out\atomic_clips\_quarantine"
"007__2025-10-04__TSC_vs_FC_Tulsa_Black__BUILD_UP_SHOT__t46020.00-t47100.00","C:\Users\scott\soccer-video\out\atomic_clips\2025-10-04__TSC_vs_FC\007__2025-10-04__TSC_vs_FC_Tulsa_Black__BUILD_UP_SHOT__t46020.00-t47100.00.mp4","29552762","False","0","","False","False","False","C:\Users\scott\soccer-video\out\atomic_clips\2025-10-04__TSC_vs_FC"
"007__2025-10-04__TSC_vs_FC_Tulsa_Black__BUILD_UP_SHOT__t46020.00-t47100.00","C:\Users\scott\soccer-video\out\atomic_clips\_quarantine\007__2025-10-04__TSC_vs_FC_Tulsa_Black__BUILD_UP_SHOT__t46020.00-t47100.00.mp4","2635807","False","0","","False","False","False","C:\Users\scott\soccer-video\out\atomic_clips\_quarantine"
"007__2025-10-04__TSC_vs_FC_Tulsa_Black__BUILD_UP_SHOT__t46020.00-t47100.00.__CINEMATIC","C:\Users\scott\soccer-video\out\atomic_clips\_quarantine\007__2025-10-04__TSC_vs_FC_Tulsa_Black__BUILD_UP_SHOT__t46020.00-t47100.00.__CINEMATIC.mp4","13046796","False","0","","False","False","False","C:\Users\scott\soccer-video\out\atomic_clips\_quarantine"
"007__2025-10-04__TSC_vs_FC_Tulsa_Black__BUILD_UP_SHOT__t46020.00-t47100.00.__CINEMATIC","C:\Users\scott\soccer-video\out\atomic_clips\2025-10-04__TSC_vs_FC\007__2025-10-04__TSC_vs_FC_Tulsa_Black__BUILD_UP_SHOT__t46020.00-t47100.00.__CINEMATIC.mp4","13046796","False","0","","False","False","False","C:\Users\scott\soccer-video\out\atomic_clips\2025-10-04__TSC_vs_FC"
"007__2025-10-04__TSC_vs_FC_Tulsa_Black__BUILD_UP_SHOT__t46020.00-t47100.00.__CINEMATIC.__CINEMATIC","C:\Users\scott\soccer-video\out\atomic_clips\_quarantine\007__2025-10-04__TSC_vs_FC_Tulsa_Black__BUILD_UP_SHOT__t46020.00-t47100.00.__CINEMATIC.__CINEMATIC.mp4","7962072","False","0","","False","False","False","C:\Users\scott\soccer-video\out\atomic_clips\_quarantine"
"007__2025-10-04__TSC_vs_FC_Tulsa_Black__BUILD_UP_SHOT__t46020.00-t47100.00.__CINEMATIC.__CINEMATIC","C:\Users\scott\soccer-video\out\atomic_clips\2025-10-04__TSC_vs_FC\007__2025-10-04__TSC_vs_FC_Tulsa_Black__BUILD_UP_SHOT__t46020.00-t47100.00.__CINEMATIC.__CINEMATIC.mp4","9574439","False","0","","False","False","False","C:\Users\scott\soccer-video\out\atomic_clips\2025-10-04__TSC_vs_FC"
"007__2025-10-04__TSC_vs_FC_Tulsa_Black__BUILD_UP_SHOT__t46020.00-t47100.00.__CINEMATIC.__CINEMATIC.__CINEMATIC","C:\Users\scott\soccer-video\out\atomic_clips\_quarantine\007__2025-10-04__TSC_vs_FC_Tulsa_Black__BUILD_UP_SHOT__t46020.00-t47100.00.__CINEMATIC.__CINEMATIC.__CINEMATIC.mp4","7174014","False","0","","False","False","False","C:\Users\scott\soccer-video\out\atomic_clips\_quarantine"
"007__2025-10-04__TSC_vs_FC_Tulsa_Black__BUILD_UP_SHOT__t46020.00-t47100.00.__CINEMATIC.__CINEMATIC.__CINEMATIC","C:\Users\scott\soccer-video\out\atomic_clips\2025-10-04__TSC_vs_FC\007__2025-10-04__TSC_vs_FC_Tulsa_Black__BUILD_UP_SHOT__t46020.00-t47100.00.__CINEMATIC.__CINEMATIC.__CINEMATIC.mp4","7962072","False","0","","False","False","False","C:\Users\scott\soccer-video\out\atomic_clips\2025-10-04__TSC_vs_FC"
"007__2025-10-04__TSC_vs_FC_Tulsa_Black__BUILD_UP_SHOT__t46020.00-t47100.00.__CINEMATIC.__CINEMATIC.__CINEMATIC.__CINEMATIC","C:\Users\scott\soccer-video\out\atomic_clips\_quarantine\007__2025-10-04__TSC_vs_FC_Tulsa_Black__BUILD_UP_SHOT__t46020.00-t47100.00.__CINEMATIC.__CINEMATIC.__CINEMATIC.__CINEMATIC.mp4","5780328","False","0","","False","False","False","C:\Users\scott\soccer-video\out\atomic_clips\_quarantine"
"007__2025-10-04__TSC_vs_FC_Tulsa_Black__BUILD_UP_SHOT__t46020.00-t47100.00.__CINEMATIC.__CINEMATIC.__CINEMATIC.__CINEMATIC","C:\Users\scott\soccer-video\out\atomic_clips\2025-10-04__TSC_vs_FC\007__2025-10-04__TSC_vs_FC_Tulsa_Black__BUILD_UP_SHOT__t46020.00-t47100.00.__CINEMATIC.__CINEMATIC.__CINEMATIC.__CINEMATIC.mp4","7174014","False","0","","False","False","False","C:\Users\scott\soccer-video\out\atomic_clips\2025-10-04__TSC_vs_FC"
"007__2025-10-04__TSC_vs_FC_Tulsa_Black__BUILD_UP_SHOT__t46020.00-t47100.00.__CINEMATIC.__CINEMATIC.__CINEMATIC.__CINEMATIC.__CINEMATIC","C:\Users\scott\soccer-video\out\atomic_clips\2025-10-04__TSC_vs_FC\007__2025-10-04__TSC_vs_FC_Tulsa_Black__BUILD_UP_SHOT__t46020.00-t47100.00.__CINEMATIC.__CINEMATIC.__CINEMATIC.__CINEMATIC.__CINEMATIC.mp4","3918969","False","0","","False","False","False","C:\Users\scott\soccer-video\out\atomic_clips\2025-10-04__TSC_vs_FC"
"007__2025-10-04__TSC_vs_FC_Tulsa_Black__BUILD_UP_SHOT__t46020.00-t47100.00.__CINEMATIC.__CINEMATIC.__CINEMATIC.__CINEMATIC.__CINEMATIC","C:\Users\scott\soccer-video\out\atomic_clips\_quarantine\007__2025-10-04__TSC_vs_FC_Tulsa_Black__BUILD_UP_SHOT__t46020.00-t47100.00.__CINEMATIC.__CINEMATIC.__CINEMATIC.__CINEMATIC.__CINEMATIC.mp4","3918969","False","0","","False","False","False","C:\Users\scott\soccer-video\out\atomic_clips\_quarantine"
"007__2025-10-04__TSC_vs_FC_Tulsa_Black__BUILD_UP_SHOT__t46020.00-t47100.00.__CINEMATIC.__CINEMATIC.__CINEMATIC.__CINEMATIC.__CINEMATIC.__CINEMATIC","C:\Users\scott\soccer-video\out\atomic_clips\2025-10-04__TSC_vs_FC\007__2025-10-04__TSC_vs_FC_Tulsa_Black__BUILD_UP_SHOT__t46020.00-t47100.00.__CINEMATIC.__CINEMATIC.__CINEMATIC.__CINEMATIC.__CINEMATIC.__CINEMATIC.mp4","1552990","False","0","","False","False","False","C:\Users\scott\soccer-video\out\atomic_clips\2025-10-04__TSC_vs_FC"
"007__2025-10-04__TSC_vs_FC_Tulsa_Black__BUILD_UP_SHOT__t46020.00-t47100.00.__CINEMATIC.__CINEMATIC.__CINEMATIC.__CINEMATIC.__CINEMATIC.__CINEMATIC","C:\Users\scott\soccer-video\out\atomic_clips\_quarantine\007__2025-10-04__TSC_vs_FC_Tulsa_Black__BUILD_UP_SHOT__t46020.00-t47100.00.__CINEMATIC.__CINEMATIC.__CINEMATIC.__CINEMATIC.__CINEMATIC.__CINEMATIC.mp4","1552990","False","0","","False","False","False","C:\Users\scott\soccer-video\out\atomic_clips\_quarantine"
"007__2025-10-04__TSC_vs_FC_Tulsa_Black__BUILD_UP_SHOT__t46020.00-t47100.00.__CINEMATIC.__CINEMATIC.__CINEMATIC.__CINEMATIC.__CINEMATIC.__CINEMATIC.__CINEMATIC","C:\Users\scott\soccer-video\out\atomic_clips\2025-10-04__TSC_vs_FC\007__2025-10-04__TSC_vs_FC_Tulsa_Black__BUILD_UP_SHOT__t46020.00-t47100.00.__CINEMATIC.__CINEMATIC.__CINEMATIC.__CINEMATIC.__CINEMATIC.__CINEMATIC.__CINEMATIC.mp4","1149555","False","0","","False","False","False","C:\Users\scott\soccer-video\out\atomic_clips\2025-10-04__TSC_vs_FC"
"007__Cross, Pressure & Shot__0_42_24-0_42_45","C:\Users\scott\soccer-video\out\atomic_clips\2025-11-04__TSC_-_Navy_Oct_2025\007__Cross, Pressure & Shot__0_42_24-0_42_45.mp4","7870668","False","0","","False","False","False","C:\Users\scott\soccer-video\out\atomic_clips\2025-11-04__TSC_-_Navy_Oct_2025"
"007__Cross, Pressure & Shot__0_42_24-0_42_45.__CINEMATIC","C:\Users\scott\soccer-video\out\atomic_clips\2025-11-04__TSC_-_Navy_Oct_2025\007__Cross, Pressure & Shot__0_42_24-0_42_45.__CINEMATIC.mp4","8106076","False","0","","False","False","False","C:\Users\scott\soccer-video\out\atomic_clips\2025-11-04__TSC_-_Navy_Oct_2025"
"007__Cross, Pressure & Shot__0_42_24-0_42_45.__CINEMATIC.__CINEMATIC","C:\Users\scott\soccer-video\out\atomic_clips\2025-11-04__TSC_-_Navy_Oct_2025\007__Cross, Pressure & Shot__0_42_24-0_42_45.__CINEMATIC.__CINEMATIC.mp4","6088702","False","0","","False","False","False","C:\Users\scott\soccer-video\out\atomic_clips\2025-11-04__TSC_-_Navy_Oct_2025"
"007__Cross, Pressure & Shot__0_42_24-0_42_45.__CINEMATIC.__CINEMATIC.__CINEMATIC","C:\Users\scott\soccer-video\out\atomic_clips\2025-11-04__TSC_-_Navy_Oct_2025\007__Cross, Pressure & Shot__0_42_24-0_42_45.__CINEMATIC.__CINEMATIC.__CINEMATIC.mp4","4658888","False","0","","False","False","False","C:\Users\scott\soccer-video\out\atomic_clips\2025-11-04__TSC_-_Navy_Oct_2025"
"007__Cross, Pressure & Shot__0_42_24-0_42_45.__CINEMATIC.__CINEMATIC.__CINEMATIC.__CINEMATIC","C:\Users\scott\soccer-video\out\atomic_clips\2025-11-04__TSC_-_Navy_Oct_2025\007__Cross, Pressure & Shot__0_42_24-0_42_45.__CINEMATIC.__CINEMATIC.__CINEMATIC.__CINEMATIC.mp4","3410834","False","0","","False","False","False","C:\Users\scott\soccer-video\out\atomic_clips\2025-11-04__TSC_-_Navy_Oct_2025"
"007__Cross, Pressure & Shot__0_42_24-0_42_45.__CINEMATIC.__CINEMATIC.__CINEMATIC.__CINEMATIC.__CINEMATIC","C:\Users\scott\soccer-video\out\atomic_clips\2025-11-04__TSC_-_Navy_Oct_2025\007__Cross, Pressure & Shot__0_42_24-0_42_45.__CINEMATIC.__CINEMATIC.__CINEMATIC.__CINEMATIC.__CINEMATIC.mp4","1510309","False","0","","False","False","False","C:\Users\scott\soccer-video\out\atomic_clips\2025-11-04__TSC_-_Navy_Oct_2025"
"007__Cross, Pressure & Shot__0_42_24-0_42_45.__CINEMATIC.__CINEMATIC.__CINEMATIC.__CINEMATIC.__CINEMATIC.__CINEMATIC","C:\Users\scott\soccer-video\out\atomic_clips\2025-11-04__TSC_-_Navy_Oct_2025\007__Cross, Pressure & Shot__0_42_24-0_42_45.__CINEMATIC.__CINEMATIC.__CINEMATIC.__CINEMATIC.__CINEMATIC.__CINEMATIC.mp4","859965","False","0","","False","False","False","C:\Users\scott\soccer-video\out\atomic_clips\2025-11-04__TSC_-_Navy_Oct_2025"
"007__Cross, Pressure & Shot__0_42_24-0_42_45.__CINEMATIC.__CINEMATIC.__CINEMATIC.__CINEMATIC.__CINEMATIC.__CINEMATIC.__CINEMATIC","C:\Users\scott\soccer-video\out\atomic_clips\2025-11-04__TSC_-_Navy_Oct_2025\007__Cross, Pressure & Shot__0_42_24-0_42_45.__CINEMATIC.__CINEMATIC.__CINEMATIC.__CINEMATIC.__CINEMATIC.__CINEMATIC.__CINEMATIC.mp4","759771","False","0","","False","False","False","C:\Users\scott\soccer-video\out\atomic_clips\2025-11-04__TSC_-_Navy_Oct_2025"
"007__CROSS__t2.212.00-t2.228.00","C:\Users\scott\soccer-video\out\atomic_clips\2025-10-12__TSC_SLSG_FallFestival\007__CROSS__t2.212.00-t2.228.00.mp4","28684342","False","0","","False","False","False","C:\Users\scott\soccer-video\out\atomic_clips\2025-10-12__TSC_SLSG_FallFestival"
"007__CROSS__t2.212.00-t2.228.00.__CINEMATIC","C:\Users\scott\soccer-video\out\atomic_clips\2025-10-12__TSC_SLSG_FallFestival\007__CROSS__t2.212.00-t2.228.00.__CINEMATIC.mp4","11004774","False","0","","False","False","False","C:\Users\scott\soccer-video\out\atomic_clips\2025-10-12__TSC_SLSG_FallFestival"
"007__CROSS__t2.212.00-t2.228.00.__CINEMATIC.__CINEMATIC","C:\Users\scott\soccer-video\out\atomic_clips\2025-10-12__TSC_SLSG_FallFestival\007__CROSS__t2.212.00-t2.228.00.__CINEMATIC.__CINEMATIC.mp4","7726338","False","0","","False","False","False","C:\Users\scott\soccer-video\out\atomic_clips\2025-10-12__TSC_SLSG_FallFestival"
"007__CROSS__t2.212.00-t2.228.00.__CINEMATIC.__CINEMATIC.__CINEMATIC","C:\Users\scott\soccer-video\out\atomic_clips\2025-10-12__TSC_SLSG_FallFestival\007__CROSS__t2.212.00-t2.228.00.__CINEMATIC.__CINEMATIC.__CINEMATIC.mp4","6156649","False","0","","False","False","False","C:\Users\scott\soccer-video\out\atomic_clips\2025-10-12__TSC_SLSG_FallFestival"
"007__CROSS__t2.212.00-t2.228.00.__CINEMATIC.__CINEMATIC.__CINEMATIC.__CINEMATIC","C:\Users\scott\soccer-video\out\atomic_clips\2025-10-12__TSC_SLSG_FallFestival\007__CROSS__t2.212.00-t2.228.00.__CINEMATIC.__CINEMATIC.__CINEMATIC.__CINEMATIC.mp4","4467120","False","0","","False","False","False","C:\Users\scott\soccer-video\out\atomic_clips\2025-10-12__TSC_SLSG_FallFestival"
"007__CROSS__t2.212.00-t2.228.00.__CINEMATIC.__CINEMATIC.__CINEMATIC.__CINEMATIC.__CINEMATIC","C:\Users\scott\soccer-video\out\atomic_clips\2025-10-12__TSC_SLSG_FallFestival\007__CROSS__t2.212.00-t2.228.00.__CINEMATIC.__CINEMATIC.__CINEMATIC.__CINEMATIC.__CINEMATIC.mp4","1732287","False","0","","False","False","False","C:\Users\scott\soccer-video\out\atomic_clips\2025-10-12__TSC_SLSG_FallFestival"
"007__CROSS__t2.212.00-t2.228.00.__CINEMATIC.__CINEMATIC.__CINEMATIC.__CINEMATIC.__CINEMATIC.__CINEMATIC","C:\Users\scott\soccer-video\out\atomic_clips\2025-10-12__TSC_SLSG_FallFestival\007__CROSS__t2.212.00-t2.228.00.__CINEMATIC.__CINEMATIC.__CINEMATIC.__CINEMATIC.__CINEMATIC.__CINEMATIC.mp4","949673","False","0","","False","False","False","C:\Users\scott\soccer-video\out\atomic_clips\2025-10-12__TSC_SLSG_FallFestival"
"007__CROSS__t2.212.00-t2.228.00.__CINEMATIC.__CINEMATIC.__CINEMATIC.__CINEMATIC.__CINEMATIC.__CINEMATIC.__CINEMATIC","C:\Users\scott\soccer-video\out\atomic_clips\2025-10-12__TSC_SLSG_FallFestival\007__CROSS__t2.212.00-t2.228.00.__CINEMATIC.__CINEMATIC.__CINEMATIC.__CINEMATIC.__CINEMATIC.__CINEMATIC.__CINEMATIC.mp4","904692","False","0","","False","False","False","C:\Users\scott\soccer-video\out\atomic_clips\2025-10-12__TSC_SLSG_FallFestival"
"007__DRIBBLING__t982.00-t987.90","C:\Users\scott\soccer-video\out\atomic_clips\_quarantine\007__DRIBBLING__t982.00-t987.90.mp4","10607729","False","0","","False","False","False","C:\Users\scott\soccer-video\out\atomic_clips\_quarantine"
"007__DRIBBLING__t982.00-t987.90","C:\Users\scott\soccer-video\out\atomic_clips\misc\007__DRIBBLING__t982.00-t987.90.mp4","9096247","False","0","","False","False","False","C:\Users\scott\soccer-video\out\atomic_clips\misc"
"007__DRIBBLING__t982.00-t987.90.__CINEMATIC","C:\Users\scott\soccer-video\out\atomic_clips\misc\007__DRIBBLING__t982.00-t987.90.__CINEMATIC.mp4","4717512","False","0","","False","False","False","C:\Users\scott\soccer-video\out\atomic_clips\misc"
"007__DRIBBLING__t982.00-t987.90.__CINEMATIC","C:\Users\scott\soccer-video\out\atomic_clips\_quarantine\007__DRIBBLING__t982.00-t987.90.__CINEMATIC.mp4","5170361","False","0","","False","False","False","C:\Users\scott\soccer-video\out\atomic_clips\_quarantine"
"007__DRIBBLING__t982.00-t987.90.__CINEMATIC.__CINEMATIC","C:\Users\scott\soccer-video\out\atomic_clips\_quarantine\007__DRIBBLING__t982.00-t987.90.__CINEMATIC.__CINEMATIC.mp4","4132023","False","0","","False","False","False","C:\Users\scott\soccer-video\out\atomic_clips\_quarantine"
"007__DRIBBLING__t982.00-t987.90.__CINEMATIC.__CINEMATIC","C:\Users\scott\soccer-video\out\atomic_clips\misc\007__DRIBBLING__t982.00-t987.90.__CINEMATIC.__CINEMATIC.mp4","3697170","False","0","","False","False","False","C:\Users\scott\soccer-video\out\atomic_clips\misc"
"007__DRIBBLING__t982.00-t987.90.__CINEMATIC.__CINEMATIC.__CINEMATIC","C:\Users\scott\soccer-video\out\atomic_clips\misc\007__DRIBBLING__t982.00-t987.90.__CINEMATIC.__CINEMATIC.__CINEMATIC.mp4","3131422","False","0","","False","False","False","C:\Users\scott\soccer-video\out\atomic_clips\misc"
"007__DRIBBLING__t982.00-t987.90.__CINEMATIC.__CINEMATIC.__CINEMATIC","C:\Users\scott\soccer-video\out\atomic_clips\_quarantine\007__DRIBBLING__t982.00-t987.90.__CINEMATIC.__CINEMATIC.__CINEMATIC.mp4","3377284","False","0","","False","False","False","C:\Users\scott\soccer-video\out\atomic_clips\_quarantine"
"007__DRIBBLING__t982.00-t987.90.__CINEMATIC.__CINEMATIC.__CINEMATIC.__CINEMATIC","C:\Users\scott\soccer-video\out\atomic_clips\_quarantine\007__DRIBBLING__t982.00-t987.90.__CINEMATIC.__CINEMATIC.__CINEMATIC.__CINEMATIC.mp4","2750663","False","0","","False","False","False","C:\Users\scott\soccer-video\out\atomic_clips\_quarantine"
"007__DRIBBLING__t982.00-t987.90.__CINEMATIC.__CINEMATIC.__CINEMATIC.__CINEMATIC","C:\Users\scott\soccer-video\out\atomic_clips\misc\007__DRIBBLING__t982.00-t987.90.__CINEMATIC.__CINEMATIC.__CINEMATIC.__CINEMATIC.mp4","2766449","False","0","","False","False","False","C:\Users\scott\soccer-video\out\atomic_clips\misc"
"007__DRIBBLING__t982.00-t987.90.__CINEMATIC.__CINEMATIC.__CINEMATIC.__CINEMATIC.__CINEMATIC","C:\Users\scott\soccer-video\out\atomic_clips\misc\007__DRIBBLING__t982.00-t987.90.__CINEMATIC.__CINEMATIC.__CINEMATIC.__CINEMATIC.__CINEMATIC.mp4","1554069","False","0","","False","False","False","C:\Users\scott\soccer-video\out\atomic_clips\misc"
"007__DRIBBLING__t982.00-t987.90.__CINEMATIC.__CINEMATIC.__CINEMATIC.__CINEMATIC.__CINEMATIC","C:\Users\scott\soccer-video\out\atomic_clips\_quarantine\007__DRIBBLING__t982.00-t987.90.__CINEMATIC.__CINEMATIC.__CINEMATIC.__CINEMATIC.__CINEMATIC.mp4","1277773","False","0","","False","False","False","C:\Users\scott\soccer-video\out\atomic_clips\_quarantine"
"007__DRIBBLING__t982.00-t987.90.__CINEMATIC.__CINEMATIC.__CINEMATIC.__CINEMATIC.__CINEMATIC.__CINEMATIC","C:\Users\scott\soccer-video\out\atomic_clips\_quarantine\007__DRIBBLING__t982.00-t987.90.__CINEMATIC.__CINEMATIC.__CINEMATIC.__CINEMATIC.__CINEMATIC.__CINEMATIC.mp4","662453","False","0","","False","False","False","C:\Users\scott\soccer-video\out\atomic_clips\_quarantine"
"007__DRIBBLING__t982.00-t987.90.__CINEMATIC.__CINEMATIC.__CINEMATIC.__CINEMATIC.__CINEMATIC.__CINEMATIC","C:\Users\scott\soccer-video\out\atomic_clips\misc\007__DRIBBLING__t982.00-t987.90.__CINEMATIC.__CINEMATIC.__CINEMATIC.__CINEMATIC.__CINEMATIC.__CINEMATIC.mp4","802650","False","0","","False","False","False","C:\Users\scott\soccer-video\out\atomic_clips\misc"
"007__DRIBBLING__t982.00-t987.90.__CINEMATIC.__CINEMATIC.__CINEMATIC.__CINEMATIC.__CINEMATIC.__CINEMATIC.__CINEMATIC","C:\Users\scott\soccer-video\out\atomic_clips\_quarantine\007__DRIBBLING__t982.00-t987.90.__CINEMATIC.__CINEMATIC.__CINEMATIC.__CINEMATIC.__CINEMATIC.__CINEMATIC.__CINEMATIC.mp4","562489","False","0","","False","False","False","C:\Users\scott\soccer-video\out\atomic_clips\_quarantine"
"007__DRIBBLING__t982.00-t987.90.__CINEMATIC.__CINEMATIC.__CINEMATIC.__CINEMATIC.__CINEMATIC.__CINEMATIC.__CINEMATIC","C:\Users\scott\soccer-video\out\atomic_clips\misc\007__DRIBBLING__t982.00-t987.90.__CINEMATIC.__CINEMATIC.__CINEMATIC.__CINEMATIC.__CINEMATIC.__CINEMATIC.__CINEMATIC.mp4","626063","False","0","","False","False","False","C:\Users\scott\soccer-video\out\atomic_clips\misc"
"007__DRIBBLING__t982.00-t987.90.__CINEMATIC.__CINEMATIC.__CINEMATIC.__CINEMATIC.__CINEMATIC.__CINEMATIC.__CINEMATIC.__CINEMATIC","C:\Users\scott\soccer-video\out\atomic_clips\_quarantine\007__DRIBBLING__t982.00-t987.90.__CINEMATIC.__CINEMATIC.__CINEMATIC.__CINEMATIC.__CINEMATIC.__CINEMATIC.__CINEMATIC.__CINEMATIC.mp4","510252","False","0","","False","False","False","C:\Users\scott\soccer-video\out\atomic_clips\_quarantine"
"008__2025-09-13__TSC_vs_NEOFC__SHOT__t1247.80-t1259.20_portrait_POST","C:\Users\scott\soccer-video\out\atomic_clips\2025-09-13__TSC_vs_NEOFC\008__2025-09-13__TSC_vs_NEOFC__SHOT__t1247.80-t1259.20_portrait_POST.mp4","15763698","False","0","","False","False","False","C:\Users\scott\soccer-video\out\atomic_clips\2025-09-13__TSC_vs_NEOFC"
"008__2025-09-13__TSC_vs_NEOFC__SHOT__t1247.80-t1259.20_portrait_POST.__CINEMATIC","C:\Users\scott\soccer-video\out\atomic_clips\2025-09-13__TSC_vs_NEOFC\008__2025-09-13__TSC_vs_NEOFC__SHOT__t1247.80-t1259.20_portrait_POST.__CINEMATIC.mp4","5169809","False","0","","False","False","False","C:\Users\scott\soccer-video\out\atomic_clips\2025-09-13__TSC_vs_NEOFC"
"008__2025-09-13__TSC_vs_NEOFC__SHOT__t1247.80-t1259.20_portrait_POST.__CINEMATIC.__CINEMATIC","C:\Users\scott\soccer-video\out\atomic_clips\2025-09-13__TSC_vs_NEOFC\008__2025-09-13__TSC_vs_NEOFC__SHOT__t1247.80-t1259.20_portrait_POST.__CINEMATIC.__CINEMATIC.mp4","3975391","False","0","","False","False","False","C:\Users\scott\soccer-video\out\atomic_clips\2025-09-13__TSC_vs_NEOFC"
"008__2025-09-13__TSC_vs_NEOFC__SHOT__t1247.80-t1259.20_portrait_POST.__CINEMATIC.__CINEMATIC.__CINEMATIC","C:\Users\scott\soccer-video\out\atomic_clips\2025-09-13__TSC_vs_NEOFC\008__2025-09-13__TSC_vs_NEOFC__SHOT__t1247.80-t1259.20_portrait_POST.__CINEMATIC.__CINEMATIC.__CINEMATIC.mp4","3649992","False","0","","False","False","False","C:\Users\scott\soccer-video\out\atomic_clips\2025-09-13__TSC_vs_NEOFC"
"008__2025-09-13__TSC_vs_NEOFC__SHOT__t1247.80-t1259.20_portrait_POST.__CINEMATIC.__CINEMATIC.__CINEMATIC.__CINEMATIC","C:\Users\scott\soccer-video\out\atomic_clips\2025-09-13__TSC_vs_NEOFC\008__2025-09-13__TSC_vs_NEOFC__SHOT__t1247.80-t1259.20_portrait_POST.__CINEMATIC.__CINEMATIC.__CINEMATIC.__CINEMATIC.mp4","3274918","False","0","","False","False","False","C:\Users\scott\soccer-video\out\atomic_clips\2025-09-13__TSC_vs_NEOFC"
"008__2025-09-13__TSC_vs_NEOFC__SHOT__t1247.80-t1259.20_portrait_POST.__CINEMATIC.__CINEMATIC.__CINEMATIC.__CINEMATIC.__CINEMATIC","C:\Users\scott\soccer-video\out\atomic_clips\2025-09-13__TSC_vs_NEOFC\008__2025-09-13__TSC_vs_NEOFC__SHOT__t1247.80-t1259.20_portrait_POST.__CINEMATIC.__CINEMATIC.__CINEMATIC.__CINEMATIC.__CINEMATIC.mp4","1463660","False","0","","False","False","False","C:\Users\scott\soccer-video\out\atomic_clips\2025-09-13__TSC_vs_NEOFC"
"008__2025-09-13__TSC_vs_NEOFC__SHOT__t1247.80-t1259.20_portrait_POST.__CINEMATIC.__CINEMATIC.__CINEMATIC.__CINEMATIC.__CINEMATIC.__CINEMATIC","C:\Users\scott\soccer-video\out\atomic_clips\2025-09-13__TSC_vs_NEOFC\008__2025-09-13__TSC_vs_NEOFC__SHOT__t1247.80-t1259.20_portrait_POST.__CINEMATIC.__CINEMATIC.__CINEMATIC.__CINEMATIC.__CINEMATIC.__CINEMATIC.mp4","728873","False","0","","False","False","False","C:\Users\scott\soccer-video\out\atomic_clips\2025-09-13__TSC_vs_NEOFC"
"008__2025-09-13__TSC_vs_NEOFC__SHOT__t1247.80-t1259.20_portrait_POST.__CINEMATIC.__CINEMATIC.__CINEMATIC.__CINEMATIC.__CINEMATIC.__CINEMATIC.__CINEMATIC","C:\Users\scott\soccer-video\out\atomic_clips\2025-09-13__TSC_vs_NEOFC\008__2025-09-13__TSC_vs_NEOFC__SHOT__t1247.80-t1259.20_portrait_POST.__CINEMATIC.__CINEMATIC.__CINEMATIC.__CINEMATIC.__CINEMATIC.__CINEMATIC.__CINEMATIC.mp4","620802","False","0","","False","False","False","C:\Users\scott\soccer-video\out\atomic_clips\2025-09-13__TSC_vs_NEOFC"
"008__2025-09-20__TSC_vs_Greenwood__PRESSURE_SHOT__t45240.00-t46980.00","C:\Users\scott\soccer-video\out\atomic_clips\_quarantine\008__2025-09-20__TSC_vs_Greenwood__PRESSURE_SHOT__t45240.00-t46980.00.mp4","3039710","False","0","","False","False","False","C:\Users\scott\soccer-video\out\atomic_clips\_quarantine"
"008__2025-09-20__TSC_vs_RVFC__BUILD_UP_PLAY_SHOT__t33900.00-t36000.00","C:\Users\scott\soccer-video\out\atomic_clips\_quarantine\008__2025-09-20__TSC_vs_RVFC__BUILD_UP_PLAY_SHOT__t33900.00-t36000.00.mp4","866337","False","0","","False","False","False","C:\Users\scott\soccer-video\out\atomic_clips\_quarantine"
"008__2025-10-04__TSC_vs_FC_Tulsa_Black__BUILD_UP_SHOT__t61500.00-t62400.00","C:\Users\scott\soccer-video\out\atomic_clips\2025-10-04__TSC_vs_FC\008__2025-10-04__TSC_vs_FC_Tulsa_Black__BUILD_UP_SHOT__t61500.00-t62400.00.mp4","24110977","False","0","","False","False","False","C:\Users\scott\soccer-video\out\atomic_clips\2025-10-04__TSC_vs_FC"
"008__2025-10-04__TSC_vs_FC_Tulsa_Black__BUILD_UP_SHOT__t61500.00-t62400.00","C:\Users\scott\soccer-video\out\atomic_clips\_quarantine\008__2025-10-04__TSC_vs_FC_Tulsa_Black__BUILD_UP_SHOT__t61500.00-t62400.00.mp4","2635807","False","0","","False","False","False","C:\Users\scott\soccer-video\out\atomic_clips\_quarantine"
"008__2025-10-04__TSC_vs_FC_Tulsa_Black__BUILD_UP_SHOT__t61500.00-t62400.00.__CINEMATIC","C:\Users\scott\soccer-video\out\atomic_clips\_quarantine\008__2025-10-04__TSC_vs_FC_Tulsa_Black__BUILD_UP_SHOT__t61500.00-t62400.00.__CINEMATIC.mp4","10333430","False","0","","False","False","False","C:\Users\scott\soccer-video\out\atomic_clips\_quarantine"
"008__2025-10-04__TSC_vs_FC_Tulsa_Black__BUILD_UP_SHOT__t61500.00-t62400.00.__CINEMATIC","C:\Users\scott\soccer-video\out\atomic_clips\2025-10-04__TSC_vs_FC\008__2025-10-04__TSC_vs_FC_Tulsa_Black__BUILD_UP_SHOT__t61500.00-t62400.00.__CINEMATIC.mp4","10333430","False","0","","False","False","False","C:\Users\scott\soccer-video\out\atomic_clips\2025-10-04__TSC_vs_FC"
"008__2025-10-04__TSC_vs_FC_Tulsa_Black__BUILD_UP_SHOT__t61500.00-t62400.00.__CINEMATIC.__CINEMATIC","C:\Users\scott\soccer-video\out\atomic_clips\2025-10-04__TSC_vs_FC\008__2025-10-04__TSC_vs_FC_Tulsa_Black__BUILD_UP_SHOT__t61500.00-t62400.00.__CINEMATIC.__CINEMATIC.mp4","8181757","False","0","","False","False","False","C:\Users\scott\soccer-video\out\atomic_clips\2025-10-04__TSC_vs_FC"
"008__2025-10-04__TSC_vs_FC_Tulsa_Black__BUILD_UP_SHOT__t61500.00-t62400.00.__CINEMATIC.__CINEMATIC","C:\Users\scott\soccer-video\out\atomic_clips\_quarantine\008__2025-10-04__TSC_vs_FC_Tulsa_Black__BUILD_UP_SHOT__t61500.00-t62400.00.__CINEMATIC.__CINEMATIC.mp4","6350025","False","0","","False","False","False","C:\Users\scott\soccer-video\out\atomic_clips\_quarantine"
"008__2025-10-04__TSC_vs_FC_Tulsa_Black__BUILD_UP_SHOT__t61500.00-t62400.00.__CINEMATIC.__CINEMATIC.__CINEMATIC","C:\Users\scott\soccer-video\out\atomic_clips\_quarantine\008__2025-10-04__TSC_vs_FC_Tulsa_Black__BUILD_UP_SHOT__t61500.00-t62400.00.__CINEMATIC.__CINEMATIC.__CINEMATIC.mp4","4637254","False","0","","False","False","False","C:\Users\scott\soccer-video\out\atomic_clips\_quarantine"
"008__2025-10-04__TSC_vs_FC_Tulsa_Black__BUILD_UP_SHOT__t61500.00-t62400.00.__CINEMATIC.__CINEMATIC.__CINEMATIC","C:\Users\scott\soccer-video\out\atomic_clips\2025-10-04__TSC_vs_FC\008__2025-10-04__TSC_vs_FC_Tulsa_Black__BUILD_UP_SHOT__t61500.00-t62400.00.__CINEMATIC.__CINEMATIC.__CINEMATIC.mp4","6350025","False","0","","False","False","False","C:\Users\scott\soccer-video\out\atomic_clips\2025-10-04__TSC_vs_FC"
"008__2025-10-04__TSC_vs_FC_Tulsa_Black__BUILD_UP_SHOT__t61500.00-t62400.00.__CINEMATIC.__CINEMATIC.__CINEMATIC.__CINEMATIC","C:\Users\scott\soccer-video\out\atomic_clips\_quarantine\008__2025-10-04__TSC_vs_FC_Tulsa_Black__BUILD_UP_SHOT__t61500.00-t62400.00.__CINEMATIC.__CINEMATIC.__CINEMATIC.__CINEMATIC.mp4","3192331","False","0","","False","False","False","C:\Users\scott\soccer-video\out\atomic_clips\_quarantine"
"008__2025-10-04__TSC_vs_FC_Tulsa_Black__BUILD_UP_SHOT__t61500.00-t62400.00.__CINEMATIC.__CINEMATIC.__CINEMATIC.__CINEMATIC","C:\Users\scott\soccer-video\out\atomic_clips\2025-10-04__TSC_vs_FC\008__2025-10-04__TSC_vs_FC_Tulsa_Black__BUILD_UP_SHOT__t61500.00-t62400.00.__CINEMATIC.__CINEMATIC.__CINEMATIC.__CINEMATIC.mp4","4637254","False","0","","False","False","False","C:\Users\scott\soccer-video\out\atomic_clips\2025-10-04__TSC_vs_FC"
"008__2025-10-04__TSC_vs_FC_Tulsa_Black__BUILD_UP_SHOT__t61500.00-t62400.00.__CINEMATIC.__CINEMATIC.__CINEMATIC.__CINEMATIC.__CINEMATIC","C:\Users\scott\soccer-video\out\atomic_clips\2025-10-04__TSC_vs_FC\008__2025-10-04__TSC_vs_FC_Tulsa_Black__BUILD_UP_SHOT__t61500.00-t62400.00.__CINEMATIC.__CINEMATIC.__CINEMATIC.__CINEMATIC.__CINEMATIC.mp4","2220512","False","0","","False","False","False","C:\Users\scott\soccer-video\out\atomic_clips\2025-10-04__TSC_vs_FC"
"008__2025-10-04__TSC_vs_FC_Tulsa_Black__BUILD_UP_SHOT__t61500.00-t62400.00.__CINEMATIC.__CINEMATIC.__CINEMATIC.__CINEMATIC.__CINEMATIC","C:\Users\scott\soccer-video\out\atomic_clips\_quarantine\008__2025-10-04__TSC_vs_FC_Tulsa_Black__BUILD_UP_SHOT__t61500.00-t62400.00.__CINEMATIC.__CINEMATIC.__CINEMATIC.__CINEMATIC.__CINEMATIC.mp4","2220512","False","0","","False","False","False","C:\Users\scott\soccer-video\out\atomic_clips\_quarantine"
"008__2025-10-04__TSC_vs_FC_Tulsa_Black__BUILD_UP_SHOT__t61500.00-t62400.00.__CINEMATIC.__CINEMATIC.__CINEMATIC.__CINEMATIC.__CINEMATIC.__CINEMATIC","C:\Users\scott\soccer-video\out\atomic_clips\_quarantine\008__2025-10-04__TSC_vs_FC_Tulsa_Black__BUILD_UP_SHOT__t61500.00-t62400.00.__CINEMATIC.__CINEMATIC.__CINEMATIC.__CINEMATIC.__CINEMATIC.__CINEMATIC.mp4","1289738","False","0","","False","False","False","C:\Users\scott\soccer-video\out\atomic_clips\_quarantine"
"008__2025-10-04__TSC_vs_FC_Tulsa_Black__BUILD_UP_SHOT__t61500.00-t62400.00.__CINEMATIC.__CINEMATIC.__CINEMATIC.__CINEMATIC.__CINEMATIC.__CINEMATIC","C:\Users\scott\soccer-video\out\atomic_clips\2025-10-04__TSC_vs_FC\008__2025-10-04__TSC_vs_FC_Tulsa_Black__BUILD_UP_SHOT__t61500.00-t62400.00.__CINEMATIC.__CINEMATIC.__CINEMATIC.__CINEMATIC.__CINEMATIC.__CINEMATIC.mp4","1289738","False","0","","False","False","False","C:\Users\scott\soccer-video\out\atomic_clips\2025-10-04__TSC_vs_FC"
"008__2025-10-04__TSC_vs_FC_Tulsa_Black__BUILD_UP_SHOT__t61500.00-t62400.00.__CINEMATIC.__CINEMATIC.__CINEMATIC.__CINEMATIC.__CINEMATIC.__CINEMATIC.__CINEMATIC","C:\Users\scott\soccer-video\out\atomic_clips\2025-10-04__TSC_vs_FC\008__2025-10-04__TSC_vs_FC_Tulsa_Black__BUILD_UP_SHOT__t61500.00-t62400.00.__CINEMATIC.__CINEMATIC.__CINEMATIC.__CINEMATIC.__CINEMATIC.__CINEMATIC.__CINEMATIC.mp4","1116679","False","0","","False","False","False","C:\Users\scott\soccer-video\out\atomic_clips\2025-10-04__TSC_vs_FC"
"008__BUILD_UP__t2.438.00-t2.442.00","C:\Users\scott\soccer-video\out\atomic_clips\2025-10-12__TSC_SLSG_FallFestival\008__BUILD_UP__t2.438.00-t2.442.00.mp4","7151042","False","0","","False","False","False","C:\Users\scott\soccer-video\out\atomic_clips\2025-10-12__TSC_SLSG_FallFestival"
"008__BUILD_UP__t2.438.00-t2.442.00.__CINEMATIC","C:\Users\scott\soccer-video\out\atomic_clips\2025-10-12__TSC_SLSG_FallFestival\008__BUILD_UP__t2.438.00-t2.442.00.__CINEMATIC.mp4","3589975","False","0","","False","False","False","C:\Users\scott\soccer-video\out\atomic_clips\2025-10-12__TSC_SLSG_FallFestival"
"008__BUILD_UP__t2.438.00-t2.442.00.__CINEMATIC.__CINEMATIC","C:\Users\scott\soccer-video\out\atomic_clips\2025-10-12__TSC_SLSG_FallFestival\008__BUILD_UP__t2.438.00-t2.442.00.__CINEMATIC.__CINEMATIC.mp4","2563485","False","0","","False","False","False","C:\Users\scott\soccer-video\out\atomic_clips\2025-10-12__TSC_SLSG_FallFestival"
"008__BUILD_UP__t2.438.00-t2.442.00.__CINEMATIC.__CINEMATIC.__CINEMATIC","C:\Users\scott\soccer-video\out\atomic_clips\2025-10-12__TSC_SLSG_FallFestival\008__BUILD_UP__t2.438.00-t2.442.00.__CINEMATIC.__CINEMATIC.__CINEMATIC.mp4","1888546","False","0","","False","False","False","C:\Users\scott\soccer-video\out\atomic_clips\2025-10-12__TSC_SLSG_FallFestival"
"008__BUILD_UP__t2.438.00-t2.442.00.__CINEMATIC.__CINEMATIC.__CINEMATIC.__CINEMATIC","C:\Users\scott\soccer-video\out\atomic_clips\2025-10-12__TSC_SLSG_FallFestival\008__BUILD_UP__t2.438.00-t2.442.00.__CINEMATIC.__CINEMATIC.__CINEMATIC.__CINEMATIC.mp4","1360577","False","0","","False","False","False","C:\Users\scott\soccer-video\out\atomic_clips\2025-10-12__TSC_SLSG_FallFestival"
"008__BUILD_UP__t2.438.00-t2.442.00.__CINEMATIC.__CINEMATIC.__CINEMATIC.__CINEMATIC.__CINEMATIC","C:\Users\scott\soccer-video\out\atomic_clips\2025-10-12__TSC_SLSG_FallFestival\008__BUILD_UP__t2.438.00-t2.442.00.__CINEMATIC.__CINEMATIC.__CINEMATIC.__CINEMATIC.__CINEMATIC.mp4","698476","False","0","","False","False","False","C:\Users\scott\soccer-video\out\atomic_clips\2025-10-12__TSC_SLSG_FallFestival"
"008__BUILD_UP__t2.438.00-t2.442.00.__CINEMATIC.__CINEMATIC.__CINEMATIC.__CINEMATIC.__CINEMATIC.__CINEMATIC","C:\Users\scott\soccer-video\out\atomic_clips\2025-10-12__TSC_SLSG_FallFestival\008__BUILD_UP__t2.438.00-t2.442.00.__CINEMATIC.__CINEMATIC.__CINEMATIC.__CINEMATIC.__CINEMATIC.__CINEMATIC.mp4","413714","False","0","","False","False","False","C:\Users\scott\soccer-video\out\atomic_clips\2025-10-12__TSC_SLSG_FallFestival"
"008__BUILD_UP__t2.438.00-t2.442.00.__CINEMATIC.__CINEMATIC.__CINEMATIC.__CINEMATIC.__CINEMATIC.__CINEMATIC.__CINEMATIC","C:\Users\scott\soccer-video\out\atomic_clips\2025-10-12__TSC_SLSG_FallFestival\008__BUILD_UP__t2.438.00-t2.442.00.__CINEMATIC.__CINEMATIC.__CINEMATIC.__CINEMATIC.__CINEMATIC.__CINEMATIC.__CINEMATIC.mp4","339649","False","0","","False","False","False","C:\Users\scott\soccer-video\out\atomic_clips\2025-10-12__TSC_SLSG_FallFestival"
"008__Cross__0_47_09-0_47_18","C:\Users\scott\soccer-video\out\atomic_clips\2025-11-04__TSC_-_Navy_Oct_2025\008__Cross__0_47_09-0_47_18.mp4","3334782","False","0","","False","False","False","C:\Users\scott\soccer-video\out\atomic_clips\2025-11-04__TSC_-_Navy_Oct_2025"
"008__Cross__0_47_09-0_47_18.__CINEMATIC","C:\Users\scott\soccer-video\out\atomic_clips\2025-11-04__TSC_-_Navy_Oct_2025\008__Cross__0_47_09-0_47_18.__CINEMATIC.mp4","4638353","False","0","","False","False","False","C:\Users\scott\soccer-video\out\atomic_clips\2025-11-04__TSC_-_Navy_Oct_2025"
"008__Cross__0_47_09-0_47_18.__CINEMATIC.__CINEMATIC","C:\Users\scott\soccer-video\out\atomic_clips\2025-11-04__TSC_-_Navy_Oct_2025\008__Cross__0_47_09-0_47_18.__CINEMATIC.__CINEMATIC.mp4","4160008","False","0","","False","False","False","C:\Users\scott\soccer-video\out\atomic_clips\2025-11-04__TSC_-_Navy_Oct_2025"
"008__Cross__0_47_09-0_47_18.__CINEMATIC.__CINEMATIC.__CINEMATIC","C:\Users\scott\soccer-video\out\atomic_clips\2025-11-04__TSC_-_Navy_Oct_2025\008__Cross__0_47_09-0_47_18.__CINEMATIC.__CINEMATIC.__CINEMATIC.mp4","3146017","False","0","","False","False","False","C:\Users\scott\soccer-video\out\atomic_clips\2025-11-04__TSC_-_Navy_Oct_2025"
"008__Cross__0_47_09-0_47_18.__CINEMATIC.__CINEMATIC.__CINEMATIC.__CINEMATIC","C:\Users\scott\soccer-video\out\atomic_clips\2025-11-04__TSC_-_Navy_Oct_2025\008__Cross__0_47_09-0_47_18.__CINEMATIC.__CINEMATIC.__CINEMATIC.__CINEMATIC.mp4","2248272","False","0","","False","False","False","C:\Users\scott\soccer-video\out\atomic_clips\2025-11-04__TSC_-_Navy_Oct_2025"
"008__Cross__0_47_09-0_47_18.__CINEMATIC.__CINEMATIC.__CINEMATIC.__CINEMATIC.__CINEMATIC","C:\Users\scott\soccer-video\out\atomic_clips\2025-11-04__TSC_-_Navy_Oct_2025\008__Cross__0_47_09-0_47_18.__CINEMATIC.__CINEMATIC.__CINEMATIC.__CINEMATIC.__CINEMATIC.mp4","1087694","False","0","","False","False","False","C:\Users\scott\soccer-video\out\atomic_clips\2025-11-04__TSC_-_Navy_Oct_2025"
"008__Cross__0_47_09-0_47_18.__CINEMATIC.__CINEMATIC.__CINEMATIC.__CINEMATIC.__CINEMATIC.__CINEMATIC","C:\Users\scott\soccer-video\out\atomic_clips\2025-11-04__TSC_-_Navy_Oct_2025\008__Cross__0_47_09-0_47_18.__CINEMATIC.__CINEMATIC.__CINEMATIC.__CINEMATIC.__CINEMATIC.__CINEMATIC.mp4","652833","False","0","","False","False","False","C:\Users\scott\soccer-video\out\atomic_clips\2025-11-04__TSC_-_Navy_Oct_2025"
"008__Cross__0_47_09-0_47_18.__CINEMATIC.__CINEMATIC.__CINEMATIC.__CINEMATIC.__CINEMATIC.__CINEMATIC.__CINEMATIC","C:\Users\scott\soccer-video\out\atomic_clips\2025-11-04__TSC_-_Navy_Oct_2025\008__Cross__0_47_09-0_47_18.__CINEMATIC.__CINEMATIC.__CINEMATIC.__CINEMATIC.__CINEMATIC.__CINEMATIC.__CINEMATIC.mp4","564010","False","0","","False","False","False","C:\Users\scott\soccer-video\out\atomic_clips\2025-11-04__TSC_-_Navy_Oct_2025"
"008__SHOT__t1247.80-t1259.20","C:\Users\scott\soccer-video\out\atomic_clips\_quarantine\008__SHOT__t1247.80-t1259.20.mp4","14080346","False","0","","False","False","False","C:\Users\scott\soccer-video\out\atomic_clips\_quarantine"
"008__SHOT__t1247.80-t1259.20","C:\Users\scott\soccer-video\out\atomic_clips\misc\008__SHOT__t1247.80-t1259.20.mp4","15884091","False","0","","False","False","False","C:\Users\scott\soccer-video\out\atomic_clips\misc"
"008__SHOT__t1247.80-t1259.20.__CINEMATIC","C:\Users\scott\soccer-video\out\atomic_clips\_quarantine\008__SHOT__t1247.80-t1259.20.__CINEMATIC.mp4","6269144","False","0","","False","False","False","C:\Users\scott\soccer-video\out\atomic_clips\_quarantine"
"008__SHOT__t1247.80-t1259.20.__CINEMATIC","C:\Users\scott\soccer-video\out\atomic_clips\misc\008__SHOT__t1247.80-t1259.20.__CINEMATIC.mp4","6898850","False","0","","False","False","False","C:\Users\scott\soccer-video\out\atomic_clips\misc"
"008__SHOT__t1247.80-t1259.20.__CINEMATIC.__CINEMATIC","C:\Users\scott\soccer-video\out\atomic_clips\_quarantine\008__SHOT__t1247.80-t1259.20.__CINEMATIC.__CINEMATIC.mp4","4864032","False","0","","False","False","False","C:\Users\scott\soccer-video\out\atomic_clips\_quarantine"
"008__SHOT__t1247.80-t1259.20.__CINEMATIC.__CINEMATIC","C:\Users\scott\soccer-video\out\atomic_clips\misc\008__SHOT__t1247.80-t1259.20.__CINEMATIC.__CINEMATIC.mp4","4880734","False","0","","False","False","False","C:\Users\scott\soccer-video\out\atomic_clips\misc"
"008__SHOT__t1247.80-t1259.20.__CINEMATIC.__CINEMATIC.__CINEMATIC","C:\Users\scott\soccer-video\out\atomic_clips\_quarantine\008__SHOT__t1247.80-t1259.20.__CINEMATIC.__CINEMATIC.__CINEMATIC.mp4","4427428","False","0","","False","False","False","C:\Users\scott\soccer-video\out\atomic_clips\_quarantine"
"008__SHOT__t1247.80-t1259.20.__CINEMATIC.__CINEMATIC.__CINEMATIC","C:\Users\scott\soccer-video\out\atomic_clips\misc\008__SHOT__t1247.80-t1259.20.__CINEMATIC.__CINEMATIC.__CINEMATIC.mp4","4139375","False","0","","False","False","False","C:\Users\scott\soccer-video\out\atomic_clips\misc"
"008__SHOT__t1247.80-t1259.20.__CINEMATIC.__CINEMATIC.__CINEMATIC.__CINEMATIC","C:\Users\scott\soccer-video\out\atomic_clips\_quarantine\008__SHOT__t1247.80-t1259.20.__CINEMATIC.__CINEMATIC.__CINEMATIC.__CINEMATIC.mp4","3923178","False","0","","False","False","False","C:\Users\scott\soccer-video\out\atomic_clips\_quarantine"
"008__SHOT__t1247.80-t1259.20.__CINEMATIC.__CINEMATIC.__CINEMATIC.__CINEMATIC","C:\Users\scott\soccer-video\out\atomic_clips\misc\008__SHOT__t1247.80-t1259.20.__CINEMATIC.__CINEMATIC.__CINEMATIC.__CINEMATIC.mp4","3951076","False","0","","False","False","False","C:\Users\scott\soccer-video\out\atomic_clips\misc"
"008__SHOT__t1247.80-t1259.20.__CINEMATIC.__CINEMATIC.__CINEMATIC.__CINEMATIC.__CINEMATIC","C:\Users\scott\soccer-video\out\atomic_clips\_quarantine\008__SHOT__t1247.80-t1259.20.__CINEMATIC.__CINEMATIC.__CINEMATIC.__CINEMATIC.__CINEMATIC.mp4","1742733","False","0","","False","False","False","C:\Users\scott\soccer-video\out\atomic_clips\_quarantine"
"008__SHOT__t1247.80-t1259.20.__CINEMATIC.__CINEMATIC.__CINEMATIC.__CINEMATIC.__CINEMATIC","C:\Users\scott\soccer-video\out\atomic_clips\misc\008__SHOT__t1247.80-t1259.20.__CINEMATIC.__CINEMATIC.__CINEMATIC.__CINEMATIC.__CINEMATIC.mp4","2324847","False","0","","False","False","False","C:\Users\scott\soccer-video\out\atomic_clips\misc"
"008__SHOT__t1247.80-t1259.20.__CINEMATIC.__CINEMATIC.__CINEMATIC.__CINEMATIC.__CINEMATIC.__CINEMATIC","C:\Users\scott\soccer-video\out\atomic_clips\_quarantine\008__SHOT__t1247.80-t1259.20.__CINEMATIC.__CINEMATIC.__CINEMATIC.__CINEMATIC.__CINEMATIC.__CINEMATIC.mp4","852996","False","0","","False","False","False","C:\Users\scott\soccer-video\out\atomic_clips\_quarantine"
"008__SHOT__t1247.80-t1259.20.__CINEMATIC.__CINEMATIC.__CINEMATIC.__CINEMATIC.__CINEMATIC.__CINEMATIC","C:\Users\scott\soccer-video\out\atomic_clips\misc\008__SHOT__t1247.80-t1259.20.__CINEMATIC.__CINEMATIC.__CINEMATIC.__CINEMATIC.__CINEMATIC.__CINEMATIC.mp4","1091520","False","0","","False","False","False","C:\Users\scott\soccer-video\out\atomic_clips\misc"
"008__SHOT__t1247.80-t1259.20.__CINEMATIC.__CINEMATIC.__CINEMATIC.__CINEMATIC.__CINEMATIC.__CINEMATIC.__CINEMATIC","C:\Users\scott\soccer-video\out\atomic_clips\_quarantine\008__SHOT__t1247.80-t1259.20.__CINEMATIC.__CINEMATIC.__CINEMATIC.__CINEMATIC.__CINEMATIC.__CINEMATIC.__CINEMATIC.mp4","713024","False","0","","False","False","False","C:\Users\scott\soccer-video\out\atomic_clips\_quarantine"
"008__SHOT__t1247.80-t1259.20.__CINEMATIC.__CINEMATIC.__CINEMATIC.__CINEMATIC.__CINEMATIC.__CINEMATIC.__CINEMATIC","C:\Users\scott\soccer-video\out\atomic_clips\misc\008__SHOT__t1247.80-t1259.20.__CINEMATIC.__CINEMATIC.__CINEMATIC.__CINEMATIC.__CINEMATIC.__CINEMATIC.__CINEMATIC.mp4","823404","False","0","","False","False","False","C:\Users\scott\soccer-video\out\atomic_clips\misc"
"008__SHOT__t1247.80-t1259.20.__CINEMATIC.__CINEMATIC.__CINEMATIC.__CINEMATIC.__CINEMATIC.__CINEMATIC.__CINEMATIC.__CINEMATIC","C:\Users\scott\soccer-video\out\atomic_clips\_quarantine\008__SHOT__t1247.80-t1259.20.__CINEMATIC.__CINEMATIC.__CINEMATIC.__CINEMATIC.__CINEMATIC.__CINEMATIC.__CINEMATIC.__CINEMATIC.mp4","651199","False","0","","False","False","False","C:\Users\scott\soccer-video\out\atomic_clips\_quarantine"
"009__2025-09-13__TSC_vs_NEOFC__SHOT__t1420.40-t1438.20_portrait_POST","C:\Users\scott\soccer-video\out\atomic_clips\2025-09-13__TSC_vs_NEOFC\009__2025-09-13__TSC_vs_NEOFC__SHOT__t1420.40-t1438.20_portrait_POST.mp4","25964160","False","0","","False","False","False","C:\Users\scott\soccer-video\out\atomic_clips\2025-09-13__TSC_vs_NEOFC"
"009__2025-09-13__TSC_vs_NEOFC__SHOT__t1420.40-t1438.20_portrait_POST.__CINEMATIC","C:\Users\scott\soccer-video\out\atomic_clips\2025-09-13__TSC_vs_NEOFC\009__2025-09-13__TSC_vs_NEOFC__SHOT__t1420.40-t1438.20_portrait_POST.__CINEMATIC.mp4","9584709","False","0","","False","False","False","C:\Users\scott\soccer-video\out\atomic_clips\2025-09-13__TSC_vs_NEOFC"
"009__2025-09-13__TSC_vs_NEOFC__SHOT__t1420.40-t1438.20_portrait_POST.__CINEMATIC.__CINEMATIC","C:\Users\scott\soccer-video\out\atomic_clips\2025-09-13__TSC_vs_NEOFC\009__2025-09-13__TSC_vs_NEOFC__SHOT__t1420.40-t1438.20_portrait_POST.__CINEMATIC.__CINEMATIC.mp4","7791742","False","0","","False","False","False","C:\Users\scott\soccer-video\out\atomic_clips\2025-09-13__TSC_vs_NEOFC"
"009__2025-09-13__TSC_vs_NEOFC__SHOT__t1420.40-t1438.20_portrait_POST.__CINEMATIC.__CINEMATIC.__CINEMATIC","C:\Users\scott\soccer-video\out\atomic_clips\2025-09-13__TSC_vs_NEOFC\009__2025-09-13__TSC_vs_NEOFC__SHOT__t1420.40-t1438.20_portrait_POST.__CINEMATIC.__CINEMATIC.__CINEMATIC.mp4","6832232","False","0","","False","False","False","C:\Users\scott\soccer-video\out\atomic_clips\2025-09-13__TSC_vs_NEOFC"
"009__2025-09-13__TSC_vs_NEOFC__SHOT__t1420.40-t1438.20_portrait_POST.__CINEMATIC.__CINEMATIC.__CINEMATIC.__CINEMATIC","C:\Users\scott\soccer-video\out\atomic_clips\2025-09-13__TSC_vs_NEOFC\009__2025-09-13__TSC_vs_NEOFC__SHOT__t1420.40-t1438.20_portrait_POST.__CINEMATIC.__CINEMATIC.__CINEMATIC.__CINEMATIC.mp4","5359309","False","0","","False","False","False","C:\Users\scott\soccer-video\out\atomic_clips\2025-09-13__TSC_vs_NEOFC"
"009__2025-09-13__TSC_vs_NEOFC__SHOT__t1420.40-t1438.20_portrait_POST.__CINEMATIC.__CINEMATIC.__CINEMATIC.__CINEMATIC.__CINEMATIC","C:\Users\scott\soccer-video\out\atomic_clips\2025-09-13__TSC_vs_NEOFC\009__2025-09-13__TSC_vs_NEOFC__SHOT__t1420.40-t1438.20_portrait_POST.__CINEMATIC.__CINEMATIC.__CINEMATIC.__CINEMATIC.__CINEMATIC.mp4","2149149","False","0","","False","False","False","C:\Users\scott\soccer-video\out\atomic_clips\2025-09-13__TSC_vs_NEOFC"
"009__2025-09-13__TSC_vs_NEOFC__SHOT__t1420.40-t1438.20_portrait_POST.__CINEMATIC.__CINEMATIC.__CINEMATIC.__CINEMATIC.__CINEMATIC.__CINEMATIC","C:\Users\scott\soccer-video\out\atomic_clips\2025-09-13__TSC_vs_NEOFC\009__2025-09-13__TSC_vs_NEOFC__SHOT__t1420.40-t1438.20_portrait_POST.__CINEMATIC.__CINEMATIC.__CINEMATIC.__CINEMATIC.__CINEMATIC.__CINEMATIC.mp4","1083674","False","0","","False","False","False","C:\Users\scott\soccer-video\out\atomic_clips\2025-09-13__TSC_vs_NEOFC"
"009__2025-09-13__TSC_vs_NEOFC__SHOT__t1420.40-t1438.20_portrait_POST.__CINEMATIC.__CINEMATIC.__CINEMATIC.__CINEMATIC.__CINEMATIC.__CINEMATIC.__CINEMATIC","C:\Users\scott\soccer-video\out\atomic_clips\2025-09-13__TSC_vs_NEOFC\009__2025-09-13__TSC_vs_NEOFC__SHOT__t1420.40-t1438.20_portrait_POST.__CINEMATIC.__CINEMATIC.__CINEMATIC.__CINEMATIC.__CINEMATIC.__CINEMATIC.__CINEMATIC.mp4","982227","False","0","","False","False","False","C:\Users\scott\soccer-video\out\atomic_clips\2025-09-13__TSC_vs_NEOFC"
"009__2025-09-20__TSC_vs_Greenwood__PRESSURE_SHOT__t48120.00-t49080.00","C:\Users\scott\soccer-video\out\atomic_clips\_quarantine\009__2025-09-20__TSC_vs_Greenwood__PRESSURE_SHOT__t48120.00-t49080.00.mp4","3039710","False","0","","False","False","False","C:\Users\scott\soccer-video\out\atomic_clips\_quarantine"
"009__2025-09-20__TSC_vs_RVFC__PRESSURE_SHOT__t36240.00-t37200.00","C:\Users\scott\soccer-video\out\atomic_clips\_quarantine\009__2025-09-20__TSC_vs_RVFC__PRESSURE_SHOT__t36240.00-t37200.00.mp4","866337","False","0","","False","False","False","C:\Users\scott\soccer-video\out\atomic_clips\_quarantine"
"009__2025-10-04__TSC_vs_FC_Tulsa_Black__PRESSURE_SHOT__t62760.00-t63420.00","C:\Users\scott\soccer-video\out\atomic_clips\2025-10-04__TSC_vs_FC\009__2025-10-04__TSC_vs_FC_Tulsa_Black__PRESSURE_SHOT__t62760.00-t63420.00.mp4","15354042","False","0","","False","False","False","C:\Users\scott\soccer-video\out\atomic_clips\2025-10-04__TSC_vs_FC"
"009__2025-10-04__TSC_vs_FC_Tulsa_Black__PRESSURE_SHOT__t62760.00-t63420.00","C:\Users\scott\soccer-video\out\atomic_clips\_quarantine\009__2025-10-04__TSC_vs_FC_Tulsa_Black__PRESSURE_SHOT__t62760.00-t63420.00.mp4","2635807","False","0","","False","False","False","C:\Users\scott\soccer-video\out\atomic_clips\_quarantine"
"009__2025-10-04__TSC_vs_FC_Tulsa_Black__PRESSURE_SHOT__t62760.00-t63420.00.__CINEMATIC","C:\Users\scott\soccer-video\out\atomic_clips\2025-10-04__TSC_vs_FC\009__2025-10-04__TSC_vs_FC_Tulsa_Black__PRESSURE_SHOT__t62760.00-t63420.00.__CINEMATIC.mp4","6053528","False","0","","False","False","False","C:\Users\scott\soccer-video\out\atomic_clips\2025-10-04__TSC_vs_FC"
"009__2025-10-04__TSC_vs_FC_Tulsa_Black__PRESSURE_SHOT__t62760.00-t63420.00.__CINEMATIC","C:\Users\scott\soccer-video\out\atomic_clips\_quarantine\009__2025-10-04__TSC_vs_FC_Tulsa_Black__PRESSURE_SHOT__t62760.00-t63420.00.__CINEMATIC.mp4","6053528","False","0","","False","False","False","C:\Users\scott\soccer-video\out\atomic_clips\_quarantine"
"009__2025-10-04__TSC_vs_FC_Tulsa_Black__PRESSURE_SHOT__t62760.00-t63420.00.__CINEMATIC.__CINEMATIC","C:\Users\scott\soccer-video\out\atomic_clips\_quarantine\009__2025-10-04__TSC_vs_FC_Tulsa_Black__PRESSURE_SHOT__t62760.00-t63420.00.__CINEMATIC.__CINEMATIC.mp4","4378185","False","0","","False","False","False","C:\Users\scott\soccer-video\out\atomic_clips\_quarantine"
"009__2025-10-04__TSC_vs_FC_Tulsa_Black__PRESSURE_SHOT__t62760.00-t63420.00.__CINEMATIC.__CINEMATIC","C:\Users\scott\soccer-video\out\atomic_clips\2025-10-04__TSC_vs_FC\009__2025-10-04__TSC_vs_FC_Tulsa_Black__PRESSURE_SHOT__t62760.00-t63420.00.__CINEMATIC.__CINEMATIC.mp4","4723973","False","0","","False","False","False","C:\Users\scott\soccer-video\out\atomic_clips\2025-10-04__TSC_vs_FC"
"009__2025-10-04__TSC_vs_FC_Tulsa_Black__PRESSURE_SHOT__t62760.00-t63420.00.__CINEMATIC.__CINEMATIC.__CINEMATIC","C:\Users\scott\soccer-video\out\atomic_clips\2025-10-04__TSC_vs_FC\009__2025-10-04__TSC_vs_FC_Tulsa_Black__PRESSURE_SHOT__t62760.00-t63420.00.__CINEMATIC.__CINEMATIC.__CINEMATIC.mp4","4378185","False","0","","False","False","False","C:\Users\scott\soccer-video\out\atomic_clips\2025-10-04__TSC_vs_FC"
"009__2025-10-04__TSC_vs_FC_Tulsa_Black__PRESSURE_SHOT__t62760.00-t63420.00.__CINEMATIC.__CINEMATIC.__CINEMATIC","C:\Users\scott\soccer-video\out\atomic_clips\_quarantine\009__2025-10-04__TSC_vs_FC_Tulsa_Black__PRESSURE_SHOT__t62760.00-t63420.00.__CINEMATIC.__CINEMATIC.__CINEMATIC.mp4","3706760","False","0","","False","False","False","C:\Users\scott\soccer-video\out\atomic_clips\_quarantine"
"009__2025-10-04__TSC_vs_FC_Tulsa_Black__PRESSURE_SHOT__t62760.00-t63420.00.__CINEMATIC.__CINEMATIC.__CINEMATIC.__CINEMATIC","C:\Users\scott\soccer-video\out\atomic_clips\2025-10-04__TSC_vs_FC\009__2025-10-04__TSC_vs_FC_Tulsa_Black__PRESSURE_SHOT__t62760.00-t63420.00.__CINEMATIC.__CINEMATIC.__CINEMATIC.__CINEMATIC.mp4","3706760","False","0","","False","False","False","C:\Users\scott\soccer-video\out\atomic_clips\2025-10-04__TSC_vs_FC"
"009__2025-10-04__TSC_vs_FC_Tulsa_Black__PRESSURE_SHOT__t62760.00-t63420.00.__CINEMATIC.__CINEMATIC.__CINEMATIC.__CINEMATIC","C:\Users\scott\soccer-video\out\atomic_clips\_quarantine\009__2025-10-04__TSC_vs_FC_Tulsa_Black__PRESSURE_SHOT__t62760.00-t63420.00.__CINEMATIC.__CINEMATIC.__CINEMATIC.__CINEMATIC.mp4","2783191","False","0","","False","False","False","C:\Users\scott\soccer-video\out\atomic_clips\_quarantine"
"009__2025-10-04__TSC_vs_FC_Tulsa_Black__PRESSURE_SHOT__t62760.00-t63420.00.__CINEMATIC.__CINEMATIC.__CINEMATIC.__CINEMATIC.__CINEMATIC","C:\Users\scott\soccer-video\out\atomic_clips\2025-10-04__TSC_vs_FC\009__2025-10-04__TSC_vs_FC_Tulsa_Black__PRESSURE_SHOT__t62760.00-t63420.00.__CINEMATIC.__CINEMATIC.__CINEMATIC.__CINEMATIC.__CINEMATIC.mp4","1920439","False","0","","False","False","False","C:\Users\scott\soccer-video\out\atomic_clips\2025-10-04__TSC_vs_FC"
"009__2025-10-04__TSC_vs_FC_Tulsa_Black__PRESSURE_SHOT__t62760.00-t63420.00.__CINEMATIC.__CINEMATIC.__CINEMATIC.__CINEMATIC.__CINEMATIC","C:\Users\scott\soccer-video\out\atomic_clips\_quarantine\009__2025-10-04__TSC_vs_FC_Tulsa_Black__PRESSURE_SHOT__t62760.00-t63420.00.__CINEMATIC.__CINEMATIC.__CINEMATIC.__CINEMATIC.__CINEMATIC.mp4","1920439","False","0","","False","False","False","C:\Users\scott\soccer-video\out\atomic_clips\_quarantine"
"009__2025-10-04__TSC_vs_FC_Tulsa_Black__PRESSURE_SHOT__t62760.00-t63420.00.__CINEMATIC.__CINEMATIC.__CINEMATIC.__CINEMATIC.__CINEMATIC.__CINEMATIC","C:\Users\scott\soccer-video\out\atomic_clips\_quarantine\009__2025-10-04__TSC_vs_FC_Tulsa_Black__PRESSURE_SHOT__t62760.00-t63420.00.__CINEMATIC.__CINEMATIC.__CINEMATIC.__CINEMATIC.__CINEMATIC.__CINEMATIC.mp4","1035308","False","0","","False","False","False","C:\Users\scott\soccer-video\out\atomic_clips\_quarantine"
"009__2025-10-04__TSC_vs_FC_Tulsa_Black__PRESSURE_SHOT__t62760.00-t63420.00.__CINEMATIC.__CINEMATIC.__CINEMATIC.__CINEMATIC.__CINEMATIC.__CINEMATIC","C:\Users\scott\soccer-video\out\atomic_clips\2025-10-04__TSC_vs_FC\009__2025-10-04__TSC_vs_FC_Tulsa_Black__PRESSURE_SHOT__t62760.00-t63420.00.__CINEMATIC.__CINEMATIC.__CINEMATIC.__CINEMATIC.__CINEMATIC.__CINEMATIC.mp4","1035308","False","0","","False","False","False","C:\Users\scott\soccer-video\out\atomic_clips\2025-10-04__TSC_vs_FC"
"009__2025-10-04__TSC_vs_FC_Tulsa_Black__PRESSURE_SHOT__t62760.00-t63420.00.__CINEMATIC.__CINEMATIC.__CINEMATIC.__CINEMATIC.__CINEMATIC.__CINEMATIC.__CINEMATIC","C:\Users\scott\soccer-video\out\atomic_clips\2025-10-04__TSC_vs_FC\009__2025-10-04__TSC_vs_FC_Tulsa_Black__PRESSURE_SHOT__t62760.00-t63420.00.__CINEMATIC.__CINEMATIC.__CINEMATIC.__CINEMATIC.__CINEMATIC.__CINEMATIC.__CINEMATIC.mp4","849569","False","0","","False","False","False","C:\Users\scott\soccer-video\out\atomic_clips\2025-10-04__TSC_vs_FC"
"009__BUILD_UP__t2.673.00-t2.685.00","C:\Users\scott\soccer-video\out\atomic_clips\2025-10-12__TSC_SLSG_FallFestival\009__BUILD_UP__t2.673.00-t2.685.00.mp4","19204042","False","0","","False","False","False","C:\Users\scott\soccer-video\out\atomic_clips\2025-10-12__TSC_SLSG_FallFestival"
"009__BUILD_UP__t2.673.00-t2.685.00.__CINEMATIC","C:\Users\scott\soccer-video\out\atomic_clips\2025-10-12__TSC_SLSG_FallFestival\009__BUILD_UP__t2.673.00-t2.685.00.__CINEMATIC.mp4","8437151","False","0","","False","False","False","C:\Users\scott\soccer-video\out\atomic_clips\2025-10-12__TSC_SLSG_FallFestival"
"009__BUILD_UP__t2.673.00-t2.685.00.__CINEMATIC.__CINEMATIC","C:\Users\scott\soccer-video\out\atomic_clips\2025-10-12__TSC_SLSG_FallFestival\009__BUILD_UP__t2.673.00-t2.685.00.__CINEMATIC.__CINEMATIC.mp4","5699858","False","0","","False","False","False","C:\Users\scott\soccer-video\out\atomic_clips\2025-10-12__TSC_SLSG_FallFestival"
"009__BUILD_UP__t2.673.00-t2.685.00.__CINEMATIC.__CINEMATIC.__CINEMATIC","C:\Users\scott\soccer-video\out\atomic_clips\2025-10-12__TSC_SLSG_FallFestival\009__BUILD_UP__t2.673.00-t2.685.00.__CINEMATIC.__CINEMATIC.__CINEMATIC.mp4","4321542","False","0","","False","False","False","C:\Users\scott\soccer-video\out\atomic_clips\2025-10-12__TSC_SLSG_FallFestival"
"009__BUILD_UP__t2.673.00-t2.685.00.__CINEMATIC.__CINEMATIC.__CINEMATIC.__CINEMATIC","C:\Users\scott\soccer-video\out\atomic_clips\2025-10-12__TSC_SLSG_FallFestival\009__BUILD_UP__t2.673.00-t2.685.00.__CINEMATIC.__CINEMATIC.__CINEMATIC.__CINEMATIC.mp4","3180182","False","0","","False","False","False","C:\Users\scott\soccer-video\out\atomic_clips\2025-10-12__TSC_SLSG_FallFestival"
"009__BUILD_UP__t2.673.00-t2.685.00.__CINEMATIC.__CINEMATIC.__CINEMATIC.__CINEMATIC.__CINEMATIC","C:\Users\scott\soccer-video\out\atomic_clips\2025-10-12__TSC_SLSG_FallFestival\009__BUILD_UP__t2.673.00-t2.685.00.__CINEMATIC.__CINEMATIC.__CINEMATIC.__CINEMATIC.__CINEMATIC.mp4","1310815","False","0","","False","False","False","C:\Users\scott\soccer-video\out\atomic_clips\2025-10-12__TSC_SLSG_FallFestival"
"009__BUILD_UP__t2.673.00-t2.685.00.__CINEMATIC.__CINEMATIC.__CINEMATIC.__CINEMATIC.__CINEMATIC.__CINEMATIC","C:\Users\scott\soccer-video\out\atomic_clips\2025-10-12__TSC_SLSG_FallFestival\009__BUILD_UP__t2.673.00-t2.685.00.__CINEMATIC.__CINEMATIC.__CINEMATIC.__CINEMATIC.__CINEMATIC.__CINEMATIC.mp4","716059","False","0","","False","False","False","C:\Users\scott\soccer-video\out\atomic_clips\2025-10-12__TSC_SLSG_FallFestival"
"009__BUILD_UP__t2.673.00-t2.685.00.__CINEMATIC.__CINEMATIC.__CINEMATIC.__CINEMATIC.__CINEMATIC.__CINEMATIC.__CINEMATIC","C:\Users\scott\soccer-video\out\atomic_clips\2025-10-12__TSC_SLSG_FallFestival\009__BUILD_UP__t2.673.00-t2.685.00.__CINEMATIC.__CINEMATIC.__CINEMATIC.__CINEMATIC.__CINEMATIC.__CINEMATIC.__CINEMATIC.mp4","638375","False","0","","False","False","False","C:\Users\scott\soccer-video\out\atomic_clips\2025-10-12__TSC_SLSG_FallFestival"
"009__Cross, Shots__0_50_40-0_50_57","C:\Users\scott\soccer-video\out\atomic_clips\2025-11-04__TSC_-_Navy_Oct_2025\009__Cross, Shots__0_50_40-0_50_57.mp4","6265810","False","0","","False","False","False","C:\Users\scott\soccer-video\out\atomic_clips\2025-11-04__TSC_-_Navy_Oct_2025"
"009__Cross, Shots__0_50_40-0_50_57.__CINEMATIC","C:\Users\scott\soccer-video\out\atomic_clips\2025-11-04__TSC_-_Navy_Oct_2025\009__Cross, Shots__0_50_40-0_50_57.__CINEMATIC.mp4","6824041","False","0","","False","False","False","C:\Users\scott\soccer-video\out\atomic_clips\2025-11-04__TSC_-_Navy_Oct_2025"
"009__Cross, Shots__0_50_40-0_50_57.__CINEMATIC.__CINEMATIC","C:\Users\scott\soccer-video\out\atomic_clips\2025-11-04__TSC_-_Navy_Oct_2025\009__Cross, Shots__0_50_40-0_50_57.__CINEMATIC.__CINEMATIC.mp4","5335079","False","0","","False","False","False","C:\Users\scott\soccer-video\out\atomic_clips\2025-11-04__TSC_-_Navy_Oct_2025"
"009__Cross, Shots__0_50_40-0_50_57.__CINEMATIC.__CINEMATIC.__CINEMATIC","C:\Users\scott\soccer-video\out\atomic_clips\2025-11-04__TSC_-_Navy_Oct_2025\009__Cross, Shots__0_50_40-0_50_57.__CINEMATIC.__CINEMATIC.__CINEMATIC.mp4","3982321","False","0","","False","False","False","C:\Users\scott\soccer-video\out\atomic_clips\2025-11-04__TSC_-_Navy_Oct_2025"
"009__Cross, Shots__0_50_40-0_50_57.__CINEMATIC.__CINEMATIC.__CINEMATIC.__CINEMATIC","C:\Users\scott\soccer-video\out\atomic_clips\2025-11-04__TSC_-_Navy_Oct_2025\009__Cross, Shots__0_50_40-0_50_57.__CINEMATIC.__CINEMATIC.__CINEMATIC.__CINEMATIC.mp4","2702883","False","0","","False","False","False","C:\Users\scott\soccer-video\out\atomic_clips\2025-11-04__TSC_-_Navy_Oct_2025"
"009__Cross, Shots__0_50_40-0_50_57.__CINEMATIC.__CINEMATIC.__CINEMATIC.__CINEMATIC.__CINEMATIC","C:\Users\scott\soccer-video\out\atomic_clips\2025-11-04__TSC_-_Navy_Oct_2025\009__Cross, Shots__0_50_40-0_50_57.__CINEMATIC.__CINEMATIC.__CINEMATIC.__CINEMATIC.__CINEMATIC.mp4","1195128","False","0","","False","False","False","C:\Users\scott\soccer-video\out\atomic_clips\2025-11-04__TSC_-_Navy_Oct_2025"
"009__Cross, Shots__0_50_40-0_50_57.__CINEMATIC.__CINEMATIC.__CINEMATIC.__CINEMATIC.__CINEMATIC.__CINEMATIC","C:\Users\scott\soccer-video\out\atomic_clips\2025-11-04__TSC_-_Navy_Oct_2025\009__Cross, Shots__0_50_40-0_50_57.__CINEMATIC.__CINEMATIC.__CINEMATIC.__CINEMATIC.__CINEMATIC.__CINEMATIC.mp4","861272","False","0","","False","False","False","C:\Users\scott\soccer-video\out\atomic_clips\2025-11-04__TSC_-_Navy_Oct_2025"
"009__Cross, Shots__0_50_40-0_50_57.__CINEMATIC.__CINEMATIC.__CINEMATIC.__CINEMATIC.__CINEMATIC.__CINEMATIC.__CINEMATIC","C:\Users\scott\soccer-video\out\atomic_clips\2025-11-04__TSC_-_Navy_Oct_2025\009__Cross, Shots__0_50_40-0_50_57.__CINEMATIC.__CINEMATIC.__CINEMATIC.__CINEMATIC.__CINEMATIC.__CINEMATIC.__CINEMATIC.mp4","862096","False","0","","False","False","False","C:\Users\scott\soccer-video\out\atomic_clips\2025-11-04__TSC_-_Navy_Oct_2025"
"009__SHOT__t1420.40-t1438.20","C:\Users\scott\soccer-video\out\atomic_clips\_quarantine\009__SHOT__t1420.40-t1438.20.mp4","20635801","False","0","","False","False","False","C:\Users\scott\soccer-video\out\atomic_clips\_quarantine"
"009__SHOT__t1420.40-t1438.20","C:\Users\scott\soccer-video\out\atomic_clips\misc\009__SHOT__t1420.40-t1438.20.mp4","28800746","False","0","","False","False","False","C:\Users\scott\soccer-video\out\atomic_clips\misc"
"009__SHOT__t1420.40-t1438.20.__CINEMATIC","C:\Users\scott\soccer-video\out\atomic_clips\misc\009__SHOT__t1420.40-t1438.20.__CINEMATIC.mp4","11941622","False","0","","False","False","False","C:\Users\scott\soccer-video\out\atomic_clips\misc"
"009__SHOT__t1420.40-t1438.20.__CINEMATIC","C:\Users\scott\soccer-video\out\atomic_clips\_quarantine\009__SHOT__t1420.40-t1438.20.__CINEMATIC.mp4","9503459","False","0","","False","False","False","C:\Users\scott\soccer-video\out\atomic_clips\_quarantine"
"009__SHOT__t1420.40-t1438.20.__CINEMATIC.__CINEMATIC","C:\Users\scott\soccer-video\out\atomic_clips\_quarantine\009__SHOT__t1420.40-t1438.20.__CINEMATIC.__CINEMATIC.mp4","7800212","False","0","","False","False","False","C:\Users\scott\soccer-video\out\atomic_clips\_quarantine"
"009__SHOT__t1420.40-t1438.20.__CINEMATIC.__CINEMATIC","C:\Users\scott\soccer-video\out\atomic_clips\misc\009__SHOT__t1420.40-t1438.20.__CINEMATIC.__CINEMATIC.mp4","9313657","False","0","","False","False","False","C:\Users\scott\soccer-video\out\atomic_clips\misc"
"009__SHOT__t1420.40-t1438.20.__CINEMATIC.__CINEMATIC.__CINEMATIC","C:\Users\scott\soccer-video\out\atomic_clips\_quarantine\009__SHOT__t1420.40-t1438.20.__CINEMATIC.__CINEMATIC.__CINEMATIC.mp4","6899453","False","0","","False","False","False","C:\Users\scott\soccer-video\out\atomic_clips\_quarantine"
"009__SHOT__t1420.40-t1438.20.__CINEMATIC.__CINEMATIC.__CINEMATIC","C:\Users\scott\soccer-video\out\atomic_clips\misc\009__SHOT__t1420.40-t1438.20.__CINEMATIC.__CINEMATIC.__CINEMATIC.mp4","8238159","False","0","","False","False","False","C:\Users\scott\soccer-video\out\atomic_clips\misc"
"009__SHOT__t1420.40-t1438.20.__CINEMATIC.__CINEMATIC.__CINEMATIC.__CINEMATIC","C:\Users\scott\soccer-video\out\atomic_clips\_quarantine\009__SHOT__t1420.40-t1438.20.__CINEMATIC.__CINEMATIC.__CINEMATIC.__CINEMATIC.mp4","5357308","False","0","","False","False","False","C:\Users\scott\soccer-video\out\atomic_clips\_quarantine"
"009__SHOT__t1420.40-t1438.20.__CINEMATIC.__CINEMATIC.__CINEMATIC.__CINEMATIC","C:\Users\scott\soccer-video\out\atomic_clips\misc\009__SHOT__t1420.40-t1438.20.__CINEMATIC.__CINEMATIC.__CINEMATIC.__CINEMATIC.mp4","7345063","False","0","","False","False","False","C:\Users\scott\soccer-video\out\atomic_clips\misc"
"009__SHOT__t1420.40-t1438.20.__CINEMATIC.__CINEMATIC.__CINEMATIC.__CINEMATIC.__CINEMATIC","C:\Users\scott\soccer-video\out\atomic_clips\misc\009__SHOT__t1420.40-t1438.20.__CINEMATIC.__CINEMATIC.__CINEMATIC.__CINEMATIC.__CINEMATIC.mp4","4030578","False","0","","False","False","False","C:\Users\scott\soccer-video\out\atomic_clips\misc"
"009__SHOT__t1420.40-t1438.20.__CINEMATIC.__CINEMATIC.__CINEMATIC.__CINEMATIC.__CINEMATIC","C:\Users\scott\soccer-video\out\atomic_clips\_quarantine\009__SHOT__t1420.40-t1438.20.__CINEMATIC.__CINEMATIC.__CINEMATIC.__CINEMATIC.__CINEMATIC.mp4","2139176","False","0","","False","False","False","C:\Users\scott\soccer-video\out\atomic_clips\_quarantine"
"009__SHOT__t1420.40-t1438.20.__CINEMATIC.__CINEMATIC.__CINEMATIC.__CINEMATIC.__CINEMATIC.__CINEMATIC","C:\Users\scott\soccer-video\out\atomic_clips\misc\009__SHOT__t1420.40-t1438.20.__CINEMATIC.__CINEMATIC.__CINEMATIC.__CINEMATIC.__CINEMATIC.__CINEMATIC.mp4","1641875","False","0","","False","False","False","C:\Users\scott\soccer-video\out\atomic_clips\misc"
"009__SHOT__t1420.40-t1438.20.__CINEMATIC.__CINEMATIC.__CINEMATIC.__CINEMATIC.__CINEMATIC.__CINEMATIC","C:\Users\scott\soccer-video\out\atomic_clips\_quarantine\009__SHOT__t1420.40-t1438.20.__CINEMATIC.__CINEMATIC.__CINEMATIC.__CINEMATIC.__CINEMATIC.__CINEMATIC.mp4","1066130","False","0","","False","False","False","C:\Users\scott\soccer-video\out\atomic_clips\_quarantine"
"009__SHOT__t1420.40-t1438.20.__CINEMATIC.__CINEMATIC.__CINEMATIC.__CINEMATIC.__CINEMATIC.__CINEMATIC.__CINEMATIC","C:\Users\scott\soccer-video\out\atomic_clips\_quarantine\009__SHOT__t1420.40-t1438.20.__CINEMATIC.__CINEMATIC.__CINEMATIC.__CINEMATIC.__CINEMATIC.__CINEMATIC.__CINEMATIC.mp4","947863","False","0","","False","False","False","C:\Users\scott\soccer-video\out\atomic_clips\_quarantine"
"009__SHOT__t1420.40-t1438.20.__CINEMATIC.__CINEMATIC.__CINEMATIC.__CINEMATIC.__CINEMATIC.__CINEMATIC.__CINEMATIC","C:\Users\scott\soccer-video\out\atomic_clips\misc\009__SHOT__t1420.40-t1438.20.__CINEMATIC.__CINEMATIC.__CINEMATIC.__CINEMATIC.__CINEMATIC.__CINEMATIC.__CINEMATIC.mp4","1222798","False","0","","False","False","False","C:\Users\scott\soccer-video\out\atomic_clips\misc"
"009__SHOT__t1420.40-t1438.20.__CINEMATIC.__CINEMATIC.__CINEMATIC.__CINEMATIC.__CINEMATIC.__CINEMATIC.__CINEMATIC.__CINEMATIC","C:\Users\scott\soccer-video\out\atomic_clips\_quarantine\009__SHOT__t1420.40-t1438.20.__CINEMATIC.__CINEMATIC.__CINEMATIC.__CINEMATIC.__CINEMATIC.__CINEMATIC.__CINEMATIC.__CINEMATIC.mp4","935870","False","0","","False","False","False","C:\Users\scott\soccer-video\out\atomic_clips\_quarantine"
"010__2025-09-13__TSC_vs_NEOFC__CROSS__t1541.10-t1547.90_portrait_POST","C:\Users\scott\soccer-video\out\atomic_clips\2025-09-13__TSC_vs_NEOFC\010__2025-09-13__TSC_vs_NEOFC__CROSS__t1541.10-t1547.90_portrait_POST.mp4","10486095","False","0","","False","False","False","C:\Users\scott\soccer-video\out\atomic_clips\2025-09-13__TSC_vs_NEOFC"
"010__2025-09-13__TSC_vs_NEOFC__CROSS__t1541.10-t1547.90_portrait_POST.__CINEMATIC","C:\Users\scott\soccer-video\out\atomic_clips\2025-09-13__TSC_vs_NEOFC\010__2025-09-13__TSC_vs_NEOFC__CROSS__t1541.10-t1547.90_portrait_POST.__CINEMATIC.mp4","3804509","False","0","","False","False","False","C:\Users\scott\soccer-video\out\atomic_clips\2025-09-13__TSC_vs_NEOFC"
"010__2025-09-13__TSC_vs_NEOFC__CROSS__t1541.10-t1547.90_portrait_POST.__CINEMATIC.__CINEMATIC","C:\Users\scott\soccer-video\out\atomic_clips\2025-09-13__TSC_vs_NEOFC\010__2025-09-13__TSC_vs_NEOFC__CROSS__t1541.10-t1547.90_portrait_POST.__CINEMATIC.__CINEMATIC.mp4","3160064","False","0","","False","False","False","C:\Users\scott\soccer-video\out\atomic_clips\2025-09-13__TSC_vs_NEOFC"
"010__2025-09-13__TSC_vs_NEOFC__CROSS__t1541.10-t1547.90_portrait_POST.__CINEMATIC.__CINEMATIC.__CINEMATIC","C:\Users\scott\soccer-video\out\atomic_clips\2025-09-13__TSC_vs_NEOFC\010__2025-09-13__TSC_vs_NEOFC__CROSS__t1541.10-t1547.90_portrait_POST.__CINEMATIC.__CINEMATIC.__CINEMATIC.mp4","2624154","False","0","","False","False","False","C:\Users\scott\soccer-video\out\atomic_clips\2025-09-13__TSC_vs_NEOFC"
"010__2025-09-13__TSC_vs_NEOFC__CROSS__t1541.10-t1547.90_portrait_POST.__CINEMATIC.__CINEMATIC.__CINEMATIC.__CINEMATIC","C:\Users\scott\soccer-video\out\atomic_clips\2025-09-13__TSC_vs_NEOFC\010__2025-09-13__TSC_vs_NEOFC__CROSS__t1541.10-t1547.90_portrait_POST.__CINEMATIC.__CINEMATIC.__CINEMATIC.__CINEMATIC.mp4","2028921","False","0","","False","False","False","C:\Users\scott\soccer-video\out\atomic_clips\2025-09-13__TSC_vs_NEOFC"
"010__2025-09-13__TSC_vs_NEOFC__CROSS__t1541.10-t1547.90_portrait_POST.__CINEMATIC.__CINEMATIC.__CINEMATIC.__CINEMATIC.__CINEMATIC","C:\Users\scott\soccer-video\out\atomic_clips\2025-09-13__TSC_vs_NEOFC\010__2025-09-13__TSC_vs_NEOFC__CROSS__t1541.10-t1547.90_portrait_POST.__CINEMATIC.__CINEMATIC.__CINEMATIC.__CINEMATIC.__CINEMATIC.mp4","1008752","False","0","","False","False","False","C:\Users\scott\soccer-video\out\atomic_clips\2025-09-13__TSC_vs_NEOFC"
"010__2025-09-13__TSC_vs_NEOFC__CROSS__t1541.10-t1547.90_portrait_POST.__CINEMATIC.__CINEMATIC.__CINEMATIC.__CINEMATIC.__CINEMATIC.__CINEMATIC","C:\Users\scott\soccer-video\out\atomic_clips\2025-09-13__TSC_vs_NEOFC\010__2025-09-13__TSC_vs_NEOFC__CROSS__t1541.10-t1547.90_portrait_POST.__CINEMATIC.__CINEMATIC.__CINEMATIC.__CINEMATIC.__CINEMATIC.__CINEMATIC.mp4","602220","False","0","","False","False","False","C:\Users\scott\soccer-video\out\atomic_clips\2025-09-13__TSC_vs_NEOFC"
"010__2025-09-13__TSC_vs_NEOFC__CROSS__t1541.10-t1547.90_portrait_POST.__CINEMATIC.__CINEMATIC.__CINEMATIC.__CINEMATIC.__CINEMATIC.__CINEMATIC.__CINEMATIC","C:\Users\scott\soccer-video\out\atomic_clips\2025-09-13__TSC_vs_NEOFC\010__2025-09-13__TSC_vs_NEOFC__CROSS__t1541.10-t1547.90_portrait_POST.__CINEMATIC.__CINEMATIC.__CINEMATIC.__CINEMATIC.__CINEMATIC.__CINEMATIC.__CINEMATIC.mp4","528092","False","0","","False","False","False","C:\Users\scott\soccer-video\out\atomic_clips\2025-09-13__TSC_vs_NEOFC"
"010__2025-09-20__TSC_vs_Greenwood__DEFENSE_BUILD_UP__t49260.00-t50880.00","C:\Users\scott\soccer-video\out\atomic_clips\_quarantine\010__2025-09-20__TSC_vs_Greenwood__DEFENSE_BUILD_UP__t49260.00-t50880.00.mp4","3039710","False","0","","False","False","False","C:\Users\scott\soccer-video\out\atomic_clips\_quarantine"
"010__2025-09-20__TSC_vs_RVFC__PRESSURE_SHOT__t40500.00-t41340.00","C:\Users\scott\soccer-video\out\atomic_clips\_quarantine\010__2025-09-20__TSC_vs_RVFC__PRESSURE_SHOT__t40500.00-t41340.00.mp4","866337","False","0","","False","False","False","C:\Users\scott\soccer-video\out\atomic_clips\_quarantine"
"010__2025-10-04__TSC_vs_FC_Tulsa_Black__BUILD_UP_SHOT__t63480.00-t64800.00","C:\Users\scott\soccer-video\out\atomic_clips\_quarantine\010__2025-10-04__TSC_vs_FC_Tulsa_Black__BUILD_UP_SHOT__t63480.00-t64800.00.mp4","2635807","False","0","","False","False","False","C:\Users\scott\soccer-video\out\atomic_clips\_quarantine"
"010__2025-10-04__TSC_vs_FC_Tulsa_Black__BUILD_UP_SHOT__t63480.00-t64800.00","C:\Users\scott\soccer-video\out\atomic_clips\2025-10-04__TSC_vs_FC\010__2025-10-04__TSC_vs_FC_Tulsa_Black__BUILD_UP_SHOT__t63480.00-t64800.00.mp4","32372316","False","0","","False","False","False","C:\Users\scott\soccer-video\out\atomic_clips\2025-10-04__TSC_vs_FC"
"010__2025-10-04__TSC_vs_FC_Tulsa_Black__BUILD_UP_SHOT__t63480.00-t64800.00.__CINEMATIC","C:\Users\scott\soccer-video\out\atomic_clips\2025-10-04__TSC_vs_FC\010__2025-10-04__TSC_vs_FC_Tulsa_Black__BUILD_UP_SHOT__t63480.00-t64800.00.__CINEMATIC.mp4","13362702","False","0","","False","False","False","C:\Users\scott\soccer-video\out\atomic_clips\2025-10-04__TSC_vs_FC"
"010__2025-10-04__TSC_vs_FC_Tulsa_Black__BUILD_UP_SHOT__t63480.00-t64800.00.__CINEMATIC","C:\Users\scott\soccer-video\out\atomic_clips\_quarantine\010__2025-10-04__TSC_vs_FC_Tulsa_Black__BUILD_UP_SHOT__t63480.00-t64800.00.__CINEMATIC.mp4","13362702","False","0","","False","False","False","C:\Users\scott\soccer-video\out\atomic_clips\_quarantine"
"010__2025-10-04__TSC_vs_FC_Tulsa_Black__BUILD_UP_SHOT__t63480.00-t64800.00.__CINEMATIC.__CINEMATIC","C:\Users\scott\soccer-video\out\atomic_clips\2025-10-04__TSC_vs_FC\010__2025-10-04__TSC_vs_FC_Tulsa_Black__BUILD_UP_SHOT__t63480.00-t64800.00.__CINEMATIC.__CINEMATIC.mp4","10529378","False","0","","False","False","False","C:\Users\scott\soccer-video\out\atomic_clips\2025-10-04__TSC_vs_FC"
"010__2025-10-04__TSC_vs_FC_Tulsa_Black__BUILD_UP_SHOT__t63480.00-t64800.00.__CINEMATIC.__CINEMATIC","C:\Users\scott\soccer-video\out\atomic_clips\_quarantine\010__2025-10-04__TSC_vs_FC_Tulsa_Black__BUILD_UP_SHOT__t63480.00-t64800.00.__CINEMATIC.__CINEMATIC.mp4","8517758","False","0","","False","False","False","C:\Users\scott\soccer-video\out\atomic_clips\_quarantine"
"010__2025-10-04__TSC_vs_FC_Tulsa_Black__BUILD_UP_SHOT__t63480.00-t64800.00.__CINEMATIC.__CINEMATIC.__CINEMATIC","C:\Users\scott\soccer-video\out\atomic_clips\2025-10-04__TSC_vs_FC\010__2025-10-04__TSC_vs_FC_Tulsa_Black__BUILD_UP_SHOT__t63480.00-t64800.00.__CINEMATIC.__CINEMATIC.__CINEMATIC.mp4","8517758","False","0","","False","False","False","C:\Users\scott\soccer-video\out\atomic_clips\2025-10-04__TSC_vs_FC"
"010__2025-10-04__TSC_vs_FC_Tulsa_Black__BUILD_UP_SHOT__t63480.00-t64800.00.__CINEMATIC.__CINEMATIC.__CINEMATIC","C:\Users\scott\soccer-video\out\atomic_clips\_quarantine\010__2025-10-04__TSC_vs_FC_Tulsa_Black__BUILD_UP_SHOT__t63480.00-t64800.00.__CINEMATIC.__CINEMATIC.__CINEMATIC.mp4","7134884","False","0","","False","False","False","C:\Users\scott\soccer-video\out\atomic_clips\_quarantine"
"010__2025-10-04__TSC_vs_FC_Tulsa_Black__BUILD_UP_SHOT__t63480.00-t64800.00.__CINEMATIC.__CINEMATIC.__CINEMATIC.__CINEMATIC","C:\Users\scott\soccer-video\out\atomic_clips\_quarantine\010__2025-10-04__TSC_vs_FC_Tulsa_Black__BUILD_UP_SHOT__t63480.00-t64800.00.__CINEMATIC.__CINEMATIC.__CINEMATIC.__CINEMATIC.mp4","4975911","False","0","","False","False","False","C:\Users\scott\soccer-video\out\atomic_clips\_quarantine"
"010__2025-10-04__TSC_vs_FC_Tulsa_Black__BUILD_UP_SHOT__t63480.00-t64800.00.__CINEMATIC.__CINEMATIC.__CINEMATIC.__CINEMATIC","C:\Users\scott\soccer-video\out\atomic_clips\2025-10-04__TSC_vs_FC\010__2025-10-04__TSC_vs_FC_Tulsa_Black__BUILD_UP_SHOT__t63480.00-t64800.00.__CINEMATIC.__CINEMATIC.__CINEMATIC.__CINEMATIC.mp4","7134884","False","0","","False","False","False","C:\Users\scott\soccer-video\out\atomic_clips\2025-10-04__TSC_vs_FC"
"010__2025-10-04__TSC_vs_FC_Tulsa_Black__BUILD_UP_SHOT__t63480.00-t64800.00.__CINEMATIC.__CINEMATIC.__CINEMATIC.__CINEMATIC.__CINEMATIC","C:\Users\scott\soccer-video\out\atomic_clips\2025-10-04__TSC_vs_FC\010__2025-10-04__TSC_vs_FC_Tulsa_Black__BUILD_UP_SHOT__t63480.00-t64800.00.__CINEMATIC.__CINEMATIC.__CINEMATIC.__CINEMATIC.__CINEMATIC.mp4","3106471","False","0","","False","False","False","C:\Users\scott\soccer-video\out\atomic_clips\2025-10-04__TSC_vs_FC"
"010__2025-10-04__TSC_vs_FC_Tulsa_Black__BUILD_UP_SHOT__t63480.00-t64800.00.__CINEMATIC.__CINEMATIC.__CINEMATIC.__CINEMATIC.__CINEMATIC","C:\Users\scott\soccer-video\out\atomic_clips\_quarantine\010__2025-10-04__TSC_vs_FC_Tulsa_Black__BUILD_UP_SHOT__t63480.00-t64800.00.__CINEMATIC.__CINEMATIC.__CINEMATIC.__CINEMATIC.__CINEMATIC.mp4","3106471","False","0","","False","False","False","C:\Users\scott\soccer-video\out\atomic_clips\_quarantine"
"010__2025-10-04__TSC_vs_FC_Tulsa_Black__BUILD_UP_SHOT__t63480.00-t64800.00.__CINEMATIC.__CINEMATIC.__CINEMATIC.__CINEMATIC.__CINEMATIC.__CINEMATIC","C:\Users\scott\soccer-video\out\atomic_clips\_quarantine\010__2025-10-04__TSC_vs_FC_Tulsa_Black__BUILD_UP_SHOT__t63480.00-t64800.00.__CINEMATIC.__CINEMATIC.__CINEMATIC.__CINEMATIC.__CINEMATIC.__CINEMATIC.mp4","1466544","False","0","","False","False","False","C:\Users\scott\soccer-video\out\atomic_clips\_quarantine"
"010__2025-10-04__TSC_vs_FC_Tulsa_Black__BUILD_UP_SHOT__t63480.00-t64800.00.__CINEMATIC.__CINEMATIC.__CINEMATIC.__CINEMATIC.__CINEMATIC.__CINEMATIC","C:\Users\scott\soccer-video\out\atomic_clips\2025-10-04__TSC_vs_FC\010__2025-10-04__TSC_vs_FC_Tulsa_Black__BUILD_UP_SHOT__t63480.00-t64800.00.__CINEMATIC.__CINEMATIC.__CINEMATIC.__CINEMATIC.__CINEMATIC.__CINEMATIC.mp4","1466544","False","0","","False","False","False","C:\Users\scott\soccer-video\out\atomic_clips\2025-10-04__TSC_vs_FC"
"010__2025-10-04__TSC_vs_FC_Tulsa_Black__BUILD_UP_SHOT__t63480.00-t64800.00.__CINEMATIC.__CINEMATIC.__CINEMATIC.__CINEMATIC.__CINEMATIC.__CINEMATIC.__CINEMATIC","C:\Users\scott\soccer-video\out\atomic_clips\2025-10-04__TSC_vs_FC\010__2025-10-04__TSC_vs_FC_Tulsa_Black__BUILD_UP_SHOT__t63480.00-t64800.00.__CINEMATIC.__CINEMATIC.__CINEMATIC.__CINEMATIC.__CINEMATIC.__CINEMATIC.__CINEMATIC.mp4","1197244","False","0","","False","False","False","C:\Users\scott\soccer-video\out\atomic_clips\2025-10-04__TSC_vs_FC"
"010__Build Up, Cross, Shot & Goal__0_55_26-0_56_02","C:\Users\scott\soccer-video\out\atomic_clips\2025-11-04__TSC_-_Navy_Oct_2025\010__Build Up, Cross, Shot & Goal__0_55_26-0_56_02.mp4","12987040","False","0","","False","False","False","C:\Users\scott\soccer-video\out\atomic_clips\2025-11-04__TSC_-_Navy_Oct_2025"
"010__Build Up, Cross, Shot & Goal__0_55_26-0_56_02.__CINEMATIC","C:\Users\scott\soccer-video\out\atomic_clips\2025-11-04__TSC_-_Navy_Oct_2025\010__Build Up, Cross, Shot & Goal__0_55_26-0_56_02.__CINEMATIC.mp4","18480224","False","0","","False","False","False","C:\Users\scott\soccer-video\out\atomic_clips\2025-11-04__TSC_-_Navy_Oct_2025"
"010__Build Up, Cross, Shot & Goal__0_55_26-0_56_02.__CINEMATIC.__CINEMATIC","C:\Users\scott\soccer-video\out\atomic_clips\2025-11-04__TSC_-_Navy_Oct_2025\010__Build Up, Cross, Shot & Goal__0_55_26-0_56_02.__CINEMATIC.__CINEMATIC.mp4","14675726","False","0","","False","False","False","C:\Users\scott\soccer-video\out\atomic_clips\2025-11-04__TSC_-_Navy_Oct_2025"
"010__Build Up, Cross, Shot & Goal__0_55_26-0_56_02.__CINEMATIC.__CINEMATIC.__CINEMATIC","C:\Users\scott\soccer-video\out\atomic_clips\2025-11-04__TSC_-_Navy_Oct_2025\010__Build Up, Cross, Shot & Goal__0_55_26-0_56_02.__CINEMATIC.__CINEMATIC.__CINEMATIC.mp4","10659377","False","0","","False","False","False","C:\Users\scott\soccer-video\out\atomic_clips\2025-11-04__TSC_-_Navy_Oct_2025"
"010__Build Up, Cross, Shot & Goal__0_55_26-0_56_02.__CINEMATIC.__CINEMATIC.__CINEMATIC.__CINEMATIC","C:\Users\scott\soccer-video\out\atomic_clips\2025-11-04__TSC_-_Navy_Oct_2025\010__Build Up, Cross, Shot & Goal__0_55_26-0_56_02.__CINEMATIC.__CINEMATIC.__CINEMATIC.__CINEMATIC.mp4","7265262","False","0","","False","False","False","C:\Users\scott\soccer-video\out\atomic_clips\2025-11-04__TSC_-_Navy_Oct_2025"
"010__Build Up, Cross, Shot & Goal__0_55_26-0_56_02.__CINEMATIC.__CINEMATIC.__CINEMATIC.__CINEMATIC.__CINEMATIC","C:\Users\scott\soccer-video\out\atomic_clips\2025-11-04__TSC_-_Navy_Oct_2025\010__Build Up, Cross, Shot & Goal__0_55_26-0_56_02.__CINEMATIC.__CINEMATIC.__CINEMATIC.__CINEMATIC.__CINEMATIC.mp4","3017569","False","0","","False","False","False","C:\Users\scott\soccer-video\out\atomic_clips\2025-11-04__TSC_-_Navy_Oct_2025"
"010__Build Up, Cross, Shot & Goal__0_55_26-0_56_02.__CINEMATIC.__CINEMATIC.__CINEMATIC.__CINEMATIC.__CINEMATIC.__CINEMATIC","C:\Users\scott\soccer-video\out\atomic_clips\2025-11-04__TSC_-_Navy_Oct_2025\010__Build Up, Cross, Shot & Goal__0_55_26-0_56_02.__CINEMATIC.__CINEMATIC.__CINEMATIC.__CINEMATIC.__CINEMATIC.__CINEMATIC.mp4","1854316","False","0","","False","False","False","C:\Users\scott\soccer-video\out\atomic_clips\2025-11-04__TSC_-_Navy_Oct_2025"
"010__Build Up, Cross, Shot & Goal__0_55_26-0_56_02.__CINEMATIC.__CINEMATIC.__CINEMATIC.__CINEMATIC.__CINEMATIC.__CINEMATIC.__CINEMATIC","C:\Users\scott\soccer-video\out\atomic_clips\2025-11-04__TSC_-_Navy_Oct_2025\010__Build Up, Cross, Shot & Goal__0_55_26-0_56_02.__CINEMATIC.__CINEMATIC.__CINEMATIC.__CINEMATIC.__CINEMATIC.__CINEMATIC.__CINEMATIC.mp4","1651152","False","0","","False","False","False","C:\Users\scott\soccer-video\out\atomic_clips\2025-11-04__TSC_-_Navy_Oct_2025"
"010__CROSS__t1541.10-t1547.90","C:\Users\scott\soccer-video\out\atomic_clips\misc\010__CROSS__t1541.10-t1547.90.mp4","11045410","False","0","","False","False","False","C:\Users\scott\soccer-video\out\atomic_clips\misc"
"010__CROSS__t1541.10-t1547.90","C:\Users\scott\soccer-video\out\atomic_clips\_quarantine\010__CROSS__t1541.10-t1547.90.mp4","11210867","False","0","","False","False","False","C:\Users\scott\soccer-video\out\atomic_clips\_quarantine"
"010__CROSS__t1541.10-t1547.90.__CINEMATIC","C:\Users\scott\soccer-video\out\atomic_clips\misc\010__CROSS__t1541.10-t1547.90.__CINEMATIC.mp4","6073784","False","0","","False","False","False","C:\Users\scott\soccer-video\out\atomic_clips\misc"
"010__CROSS__t1541.10-t1547.90.__CINEMATIC","C:\Users\scott\soccer-video\out\atomic_clips\_quarantine\010__CROSS__t1541.10-t1547.90.__CINEMATIC.mp4","4955370","False","0","","False","False","False","C:\Users\scott\soccer-video\out\atomic_clips\_quarantine"
"010__CROSS__t1541.10-t1547.90.__CINEMATIC.__CINEMATIC","C:\Users\scott\soccer-video\out\atomic_clips\misc\010__CROSS__t1541.10-t1547.90.__CINEMATIC.__CINEMATIC.mp4","4340556","False","0","","False","False","False","C:\Users\scott\soccer-video\out\atomic_clips\misc"
"010__CROSS__t1541.10-t1547.90.__CINEMATIC.__CINEMATIC","C:\Users\scott\soccer-video\out\atomic_clips\_quarantine\010__CROSS__t1541.10-t1547.90.__CINEMATIC.__CINEMATIC.mp4","4178875","False","0","","False","False","False","C:\Users\scott\soccer-video\out\atomic_clips\_quarantine"
"010__CROSS__t1541.10-t1547.90.__CINEMATIC.__CINEMATIC.__CINEMATIC","C:\Users\scott\soccer-video\out\atomic_clips\misc\010__CROSS__t1541.10-t1547.90.__CINEMATIC.__CINEMATIC.__CINEMATIC.mp4","3593434","False","0","","False","False","False","C:\Users\scott\soccer-video\out\atomic_clips\misc"
"010__CROSS__t1541.10-t1547.90.__CINEMATIC.__CINEMATIC.__CINEMATIC","C:\Users\scott\soccer-video\out\atomic_clips\_quarantine\010__CROSS__t1541.10-t1547.90.__CINEMATIC.__CINEMATIC.__CINEMATIC.mp4","3540639","False","0","","False","False","False","C:\Users\scott\soccer-video\out\atomic_clips\_quarantine"
"010__CROSS__t1541.10-t1547.90.__CINEMATIC.__CINEMATIC.__CINEMATIC.__CINEMATIC","C:\Users\scott\soccer-video\out\atomic_clips\_quarantine\010__CROSS__t1541.10-t1547.90.__CINEMATIC.__CINEMATIC.__CINEMATIC.__CINEMATIC.mp4","2698681","False","0","","False","False","False","C:\Users\scott\soccer-video\out\atomic_clips\_quarantine"
"010__CROSS__t1541.10-t1547.90.__CINEMATIC.__CINEMATIC.__CINEMATIC.__CINEMATIC","C:\Users\scott\soccer-video\out\atomic_clips\misc\010__CROSS__t1541.10-t1547.90.__CINEMATIC.__CINEMATIC.__CINEMATIC.__CINEMATIC.mp4","3273221","False","0","","False","False","False","C:\Users\scott\soccer-video\out\atomic_clips\misc"
"010__CROSS__t1541.10-t1547.90.__CINEMATIC.__CINEMATIC.__CINEMATIC.__CINEMATIC.__CINEMATIC","C:\Users\scott\soccer-video\out\atomic_clips\misc\010__CROSS__t1541.10-t1547.90.__CINEMATIC.__CINEMATIC.__CINEMATIC.__CINEMATIC.__CINEMATIC.mp4","1980216","False","0","","False","False","False","C:\Users\scott\soccer-video\out\atomic_clips\misc"
"010__CROSS__t1541.10-t1547.90.__CINEMATIC.__CINEMATIC.__CINEMATIC.__CINEMATIC.__CINEMATIC","C:\Users\scott\soccer-video\out\atomic_clips\_quarantine\010__CROSS__t1541.10-t1547.90.__CINEMATIC.__CINEMATIC.__CINEMATIC.__CINEMATIC.__CINEMATIC.mp4","1284948","False","0","","False","False","False","C:\Users\scott\soccer-video\out\atomic_clips\_quarantine"
"010__CROSS__t1541.10-t1547.90.__CINEMATIC.__CINEMATIC.__CINEMATIC.__CINEMATIC.__CINEMATIC.__CINEMATIC","C:\Users\scott\soccer-video\out\atomic_clips\_quarantine\010__CROSS__t1541.10-t1547.90.__CINEMATIC.__CINEMATIC.__CINEMATIC.__CINEMATIC.__CINEMATIC.__CINEMATIC.mp4","697833","False","0","","False","False","False","C:\Users\scott\soccer-video\out\atomic_clips\_quarantine"
"010__CROSS__t1541.10-t1547.90.__CINEMATIC.__CINEMATIC.__CINEMATIC.__CINEMATIC.__CINEMATIC.__CINEMATIC","C:\Users\scott\soccer-video\out\atomic_clips\misc\010__CROSS__t1541.10-t1547.90.__CINEMATIC.__CINEMATIC.__CINEMATIC.__CINEMATIC.__CINEMATIC.__CINEMATIC.mp4","1035947","False","0","","False","False","False","C:\Users\scott\soccer-video\out\atomic_clips\misc"
"010__CROSS__t1541.10-t1547.90.__CINEMATIC.__CINEMATIC.__CINEMATIC.__CINEMATIC.__CINEMATIC.__CINEMATIC.__CINEMATIC","C:\Users\scott\soccer-video\out\atomic_clips\misc\010__CROSS__t1541.10-t1547.90.__CINEMATIC.__CINEMATIC.__CINEMATIC.__CINEMATIC.__CINEMATIC.__CINEMATIC.__CINEMATIC.mp4","787577","False","0","","False","False","False","C:\Users\scott\soccer-video\out\atomic_clips\misc"
"010__CROSS__t1541.10-t1547.90.__CINEMATIC.__CINEMATIC.__CINEMATIC.__CINEMATIC.__CINEMATIC.__CINEMATIC.__CINEMATIC","C:\Users\scott\soccer-video\out\atomic_clips\_quarantine\010__CROSS__t1541.10-t1547.90.__CINEMATIC.__CINEMATIC.__CINEMATIC.__CINEMATIC.__CINEMATIC.__CINEMATIC.__CINEMATIC.mp4","622438","False","0","","False","False","False","C:\Users\scott\soccer-video\out\atomic_clips\_quarantine"
"010__CROSS__t1541.10-t1547.90.__CINEMATIC.__CINEMATIC.__CINEMATIC.__CINEMATIC.__CINEMATIC.__CINEMATIC.__CINEMATIC.__CINEMATIC","C:\Users\scott\soccer-video\out\atomic_clips\_quarantine\010__CROSS__t1541.10-t1547.90.__CINEMATIC.__CINEMATIC.__CINEMATIC.__CINEMATIC.__CINEMATIC.__CINEMATIC.__CINEMATIC.__CINEMATIC.mp4","574580","False","0","","False","False","False","C:\Users\scott\soccer-video\out\atomic_clips\_quarantine"
"010__PRESSURE__t2.694.00-t2.706.00","C:\Users\scott\soccer-video\out\atomic_clips\2025-10-12__TSC_SLSG_FallFestival\010__PRESSURE__t2.694.00-t2.706.00.mp4","19385068","False","0","","False","False","False","C:\Users\scott\soccer-video\out\atomic_clips\2025-10-12__TSC_SLSG_FallFestival"
"010__PRESSURE__t2.694.00-t2.706.00.__CINEMATIC","C:\Users\scott\soccer-video\out\atomic_clips\2025-10-12__TSC_SLSG_FallFestival\010__PRESSURE__t2.694.00-t2.706.00.__CINEMATIC.mp4","8556930","False","0","","False","False","False","C:\Users\scott\soccer-video\out\atomic_clips\2025-10-12__TSC_SLSG_FallFestival"
"010__PRESSURE__t2.694.00-t2.706.00.__CINEMATIC.__CINEMATIC","C:\Users\scott\soccer-video\out\atomic_clips\2025-10-12__TSC_SLSG_FallFestival\010__PRESSURE__t2.694.00-t2.706.00.__CINEMATIC.__CINEMATIC.mp4","6311157","False","0","","False","False","False","C:\Users\scott\soccer-video\out\atomic_clips\2025-10-12__TSC_SLSG_FallFestival"
"010__PRESSURE__t2.694.00-t2.706.00.__CINEMATIC.__CINEMATIC.__CINEMATIC","C:\Users\scott\soccer-video\out\atomic_clips\2025-10-12__TSC_SLSG_FallFestival\010__PRESSURE__t2.694.00-t2.706.00.__CINEMATIC.__CINEMATIC.__CINEMATIC.mp4","4496920","False","0","","False","False","False","C:\Users\scott\soccer-video\out\atomic_clips\2025-10-12__TSC_SLSG_FallFestival"
"010__PRESSURE__t2.694.00-t2.706.00.__CINEMATIC.__CINEMATIC.__CINEMATIC.__CINEMATIC","C:\Users\scott\soccer-video\out\atomic_clips\2025-10-12__TSC_SLSG_FallFestival\010__PRESSURE__t2.694.00-t2.706.00.__CINEMATIC.__CINEMATIC.__CINEMATIC.__CINEMATIC.mp4","3167843","False","0","","False","False","False","C:\Users\scott\soccer-video\out\atomic_clips\2025-10-12__TSC_SLSG_FallFestival"
"010__PRESSURE__t2.694.00-t2.706.00.__CINEMATIC.__CINEMATIC.__CINEMATIC.__CINEMATIC.__CINEMATIC","C:\Users\scott\soccer-video\out\atomic_clips\2025-10-12__TSC_SLSG_FallFestival\010__PRESSURE__t2.694.00-t2.706.00.__CINEMATIC.__CINEMATIC.__CINEMATIC.__CINEMATIC.__CINEMATIC.mp4","1508126","False","0","","False","False","False","C:\Users\scott\soccer-video\out\atomic_clips\2025-10-12__TSC_SLSG_FallFestival"
"010__PRESSURE__t2.694.00-t2.706.00.__CINEMATIC.__CINEMATIC.__CINEMATIC.__CINEMATIC.__CINEMATIC.__CINEMATIC","C:\Users\scott\soccer-video\out\atomic_clips\2025-10-12__TSC_SLSG_FallFestival\010__PRESSURE__t2.694.00-t2.706.00.__CINEMATIC.__CINEMATIC.__CINEMATIC.__CINEMATIC.__CINEMATIC.__CINEMATIC.mp4","822678","False","0","","False","False","False","C:\Users\scott\soccer-video\out\atomic_clips\2025-10-12__TSC_SLSG_FallFestival"
"010__PRESSURE__t2.694.00-t2.706.00.__CINEMATIC.__CINEMATIC.__CINEMATIC.__CINEMATIC.__CINEMATIC.__CINEMATIC.__CINEMATIC","C:\Users\scott\soccer-video\out\atomic_clips\2025-10-12__TSC_SLSG_FallFestival\010__PRESSURE__t2.694.00-t2.706.00.__CINEMATIC.__CINEMATIC.__CINEMATIC.__CINEMATIC.__CINEMATIC.__CINEMATIC.__CINEMATIC.mp4","704830","False","0","","False","False","False","C:\Users\scott\soccer-video\out\atomic_clips\2025-10-12__TSC_SLSG_FallFestival"
"011__2025-09-13__TSC_vs_NEOFC__SHOTS__t1655.00-t1670.30_portrait_POST","C:\Users\scott\soccer-video\out\atomic_clips\2025-09-13__TSC_vs_NEOFC\011__2025-09-13__TSC_vs_NEOFC__SHOTS__t1655.00-t1670.30_portrait_POST.mp4","23014341","False","0","","False","False","False","C:\Users\scott\soccer-video\out\atomic_clips\2025-09-13__TSC_vs_NEOFC"
"011__2025-09-13__TSC_vs_NEOFC__SHOTS__t1655.00-t1670.30_portrait_POST.__CINEMATIC","C:\Users\scott\soccer-video\out\atomic_clips\2025-09-13__TSC_vs_NEOFC\011__2025-09-13__TSC_vs_NEOFC__SHOTS__t1655.00-t1670.30_portrait_POST.__CINEMATIC.mp4","8542194","False","0","","False","False","False","C:\Users\scott\soccer-video\out\atomic_clips\2025-09-13__TSC_vs_NEOFC"
"011__2025-09-13__TSC_vs_NEOFC__SHOTS__t1655.00-t1670.30_portrait_POST.__CINEMATIC.__CINEMATIC","C:\Users\scott\soccer-video\out\atomic_clips\2025-09-13__TSC_vs_NEOFC\011__2025-09-13__TSC_vs_NEOFC__SHOTS__t1655.00-t1670.30_portrait_POST.__CINEMATIC.__CINEMATIC.mp4","7345197","False","0","","False","False","False","C:\Users\scott\soccer-video\out\atomic_clips\2025-09-13__TSC_vs_NEOFC"
"011__2025-09-13__TSC_vs_NEOFC__SHOTS__t1655.00-t1670.30_portrait_POST.__CINEMATIC.__CINEMATIC.__CINEMATIC","C:\Users\scott\soccer-video\out\atomic_clips\2025-09-13__TSC_vs_NEOFC\011__2025-09-13__TSC_vs_NEOFC__SHOTS__t1655.00-t1670.30_portrait_POST.__CINEMATIC.__CINEMATIC.__CINEMATIC.mp4","6881146","False","0","","False","False","False","C:\Users\scott\soccer-video\out\atomic_clips\2025-09-13__TSC_vs_NEOFC"
"011__2025-09-13__TSC_vs_NEOFC__SHOTS__t1655.00-t1670.30_portrait_POST.__CINEMATIC.__CINEMATIC.__CINEMATIC.__CINEMATIC","C:\Users\scott\soccer-video\out\atomic_clips\2025-09-13__TSC_vs_NEOFC\011__2025-09-13__TSC_vs_NEOFC__SHOTS__t1655.00-t1670.30_portrait_POST.__CINEMATIC.__CINEMATIC.__CINEMATIC.__CINEMATIC.mp4","5415600","False","0","","False","False","False","C:\Users\scott\soccer-video\out\atomic_clips\2025-09-13__TSC_vs_NEOFC"
"011__2025-09-13__TSC_vs_NEOFC__SHOTS__t1655.00-t1670.30_portrait_POST.__CINEMATIC.__CINEMATIC.__CINEMATIC.__CINEMATIC.__CINEMATIC","C:\Users\scott\soccer-video\out\atomic_clips\2025-09-13__TSC_vs_NEOFC\011__2025-09-13__TSC_vs_NEOFC__SHOTS__t1655.00-t1670.30_portrait_POST.__CINEMATIC.__CINEMATIC.__CINEMATIC.__CINEMATIC.__CINEMATIC.mp4","2235490","False","0","","False","False","False","C:\Users\scott\soccer-video\out\atomic_clips\2025-09-13__TSC_vs_NEOFC"
"011__2025-09-13__TSC_vs_NEOFC__SHOTS__t1655.00-t1670.30_portrait_POST.__CINEMATIC.__CINEMATIC.__CINEMATIC.__CINEMATIC.__CINEMATIC.__CINEMATIC","C:\Users\scott\soccer-video\out\atomic_clips\2025-09-13__TSC_vs_NEOFC\011__2025-09-13__TSC_vs_NEOFC__SHOTS__t1655.00-t1670.30_portrait_POST.__CINEMATIC.__CINEMATIC.__CINEMATIC.__CINEMATIC.__CINEMATIC.__CINEMATIC.mp4","1071495","False","0","","False","False","False","C:\Users\scott\soccer-video\out\atomic_clips\2025-09-13__TSC_vs_NEOFC"
"011__2025-09-13__TSC_vs_NEOFC__SHOTS__t1655.00-t1670.30_portrait_POST.__CINEMATIC.__CINEMATIC.__CINEMATIC.__CINEMATIC.__CINEMATIC.__CINEMATIC.__CINEMATIC","C:\Users\scott\soccer-video\out\atomic_clips\2025-09-13__TSC_vs_NEOFC\011__2025-09-13__TSC_vs_NEOFC__SHOTS__t1655.00-t1670.30_portrait_POST.__CINEMATIC.__CINEMATIC.__CINEMATIC.__CINEMATIC.__CINEMATIC.__CINEMATIC.__CINEMATIC.mp4","913127","False","0","","False","False","False","C:\Users\scott\soccer-video\out\atomic_clips\2025-09-13__TSC_vs_NEOFC"
"011__2025-09-20__TSC_vs_Greenwood__GOAL__t54120.00-t54780.00","C:\Users\scott\soccer-video\out\atomic_clips\_quarantine\011__2025-09-20__TSC_vs_Greenwood__GOAL__t54120.00-t54780.00.mp4","3039710","False","0","","False","False","False","C:\Users\scott\soccer-video\out\atomic_clips\_quarantine"
"011__2025-09-20__TSC_vs_RVFC__PRESSURE_SHOT__t41340.00-t42120.00","C:\Users\scott\soccer-video\out\atomic_clips\_quarantine\011__2025-09-20__TSC_vs_RVFC__PRESSURE_SHOT__t41340.00-t42120.00.mp4","866337","False","0","","False","False","False","C:\Users\scott\soccer-video\out\atomic_clips\_quarantine"
"011__2025-10-04__TSC_vs_FC_Tulsa_Black__BUILD_UP_SHOT__t71880.00-t73320.00","C:\Users\scott\soccer-video\out\atomic_clips\_quarantine\011__2025-10-04__TSC_vs_FC_Tulsa_Black__BUILD_UP_SHOT__t71880.00-t73320.00.mp4","2635807","False","0","","False","False","False","C:\Users\scott\soccer-video\out\atomic_clips\_quarantine"
"011__2025-10-04__TSC_vs_FC_Tulsa_Black__BUILD_UP_SHOT__t71880.00-t73320.00","C:\Users\scott\soccer-video\out\atomic_clips\2025-10-04__TSC_vs_FC\011__2025-10-04__TSC_vs_FC_Tulsa_Black__BUILD_UP_SHOT__t71880.00-t73320.00.mp4","36473946","False","0","","False","False","False","C:\Users\scott\soccer-video\out\atomic_clips\2025-10-04__TSC_vs_FC"
"011__2025-10-04__TSC_vs_FC_Tulsa_Black__BUILD_UP_SHOT__t71880.00-t73320.00.__CINEMATIC","C:\Users\scott\soccer-video\out\atomic_clips\_quarantine\011__2025-10-04__TSC_vs_FC_Tulsa_Black__BUILD_UP_SHOT__t71880.00-t73320.00.__CINEMATIC.mp4","15117468","False","0","","False","False","False","C:\Users\scott\soccer-video\out\atomic_clips\_quarantine"
"011__2025-10-04__TSC_vs_FC_Tulsa_Black__BUILD_UP_SHOT__t71880.00-t73320.00.__CINEMATIC","C:\Users\scott\soccer-video\out\atomic_clips\2025-10-04__TSC_vs_FC\011__2025-10-04__TSC_vs_FC_Tulsa_Black__BUILD_UP_SHOT__t71880.00-t73320.00.__CINEMATIC.mp4","15117468","False","0","","False","False","False","C:\Users\scott\soccer-video\out\atomic_clips\2025-10-04__TSC_vs_FC"
"011__2025-10-04__TSC_vs_FC_Tulsa_Black__BUILD_UP_SHOT__t71880.00-t73320.00.__CINEMATIC.__CINEMATIC","C:\Users\scott\soccer-video\out\atomic_clips\2025-10-04__TSC_vs_FC\011__2025-10-04__TSC_vs_FC_Tulsa_Black__BUILD_UP_SHOT__t71880.00-t73320.00.__CINEMATIC.__CINEMATIC.mp4","11552529","False","0","","False","False","False","C:\Users\scott\soccer-video\out\atomic_clips\2025-10-04__TSC_vs_FC"
"011__2025-10-04__TSC_vs_FC_Tulsa_Black__BUILD_UP_SHOT__t71880.00-t73320.00.__CINEMATIC.__CINEMATIC","C:\Users\scott\soccer-video\out\atomic_clips\_quarantine\011__2025-10-04__TSC_vs_FC_Tulsa_Black__BUILD_UP_SHOT__t71880.00-t73320.00.__CINEMATIC.__CINEMATIC.mp4","9243253","False","0","","False","False","False","C:\Users\scott\soccer-video\out\atomic_clips\_quarantine"
"011__2025-10-04__TSC_vs_FC_Tulsa_Black__BUILD_UP_SHOT__t71880.00-t73320.00.__CINEMATIC.__CINEMATIC.__CINEMATIC","C:\Users\scott\soccer-video\out\atomic_clips\2025-10-04__TSC_vs_FC\011__2025-10-04__TSC_vs_FC_Tulsa_Black__BUILD_UP_SHOT__t71880.00-t73320.00.__CINEMATIC.__CINEMATIC.__CINEMATIC.mp4","9243253","False","0","","False","False","False","C:\Users\scott\soccer-video\out\atomic_clips\2025-10-04__TSC_vs_FC"
"011__2025-10-04__TSC_vs_FC_Tulsa_Black__BUILD_UP_SHOT__t71880.00-t73320.00.__CINEMATIC.__CINEMATIC.__CINEMATIC","C:\Users\scott\soccer-video\out\atomic_clips\_quarantine\011__2025-10-04__TSC_vs_FC_Tulsa_Black__BUILD_UP_SHOT__t71880.00-t73320.00.__CINEMATIC.__CINEMATIC.__CINEMATIC.mp4","6854927","False","0","","False","False","False","C:\Users\scott\soccer-video\out\atomic_clips\_quarantine"
"011__2025-10-04__TSC_vs_FC_Tulsa_Black__BUILD_UP_SHOT__t71880.00-t73320.00.__CINEMATIC.__CINEMATIC.__CINEMATIC.__CINEMATIC","C:\Users\scott\soccer-video\out\atomic_clips\_quarantine\011__2025-10-04__TSC_vs_FC_Tulsa_Black__BUILD_UP_SHOT__t71880.00-t73320.00.__CINEMATIC.__CINEMATIC.__CINEMATIC.__CINEMATIC.mp4","4743500","False","0","","False","False","False","C:\Users\scott\soccer-video\out\atomic_clips\_quarantine"
"011__2025-10-04__TSC_vs_FC_Tulsa_Black__BUILD_UP_SHOT__t71880.00-t73320.00.__CINEMATIC.__CINEMATIC.__CINEMATIC.__CINEMATIC","C:\Users\scott\soccer-video\out\atomic_clips\2025-10-04__TSC_vs_FC\011__2025-10-04__TSC_vs_FC_Tulsa_Black__BUILD_UP_SHOT__t71880.00-t73320.00.__CINEMATIC.__CINEMATIC.__CINEMATIC.__CINEMATIC.mp4","6854927","False","0","","False","False","False","C:\Users\scott\soccer-video\out\atomic_clips\2025-10-04__TSC_vs_FC"
"011__2025-10-04__TSC_vs_FC_Tulsa_Black__BUILD_UP_SHOT__t71880.00-t73320.00.__CINEMATIC.__CINEMATIC.__CINEMATIC.__CINEMATIC.__CINEMATIC","C:\Users\scott\soccer-video\out\atomic_clips\_quarantine\011__2025-10-04__TSC_vs_FC_Tulsa_Black__BUILD_UP_SHOT__t71880.00-t73320.00.__CINEMATIC.__CINEMATIC.__CINEMATIC.__CINEMATIC.__CINEMATIC.mp4","3243684","False","0","","False","False","False","C:\Users\scott\soccer-video\out\atomic_clips\_quarantine"
"011__2025-10-04__TSC_vs_FC_Tulsa_Black__BUILD_UP_SHOT__t71880.00-t73320.00.__CINEMATIC.__CINEMATIC.__CINEMATIC.__CINEMATIC.__CINEMATIC","C:\Users\scott\soccer-video\out\atomic_clips\2025-10-04__TSC_vs_FC\011__2025-10-04__TSC_vs_FC_Tulsa_Black__BUILD_UP_SHOT__t71880.00-t73320.00.__CINEMATIC.__CINEMATIC.__CINEMATIC.__CINEMATIC.__CINEMATIC.mp4","3243684","False","0","","False","False","False","C:\Users\scott\soccer-video\out\atomic_clips\2025-10-04__TSC_vs_FC"
"011__2025-10-04__TSC_vs_FC_Tulsa_Black__BUILD_UP_SHOT__t71880.00-t73320.00.__CINEMATIC.__CINEMATIC.__CINEMATIC.__CINEMATIC.__CINEMATIC.__CINEMATIC","C:\Users\scott\soccer-video\out\atomic_clips\2025-10-04__TSC_vs_FC\011__2025-10-04__TSC_vs_FC_Tulsa_Black__BUILD_UP_SHOT__t71880.00-t73320.00.__CINEMATIC.__CINEMATIC.__CINEMATIC.__CINEMATIC.__CINEMATIC.__CINEMATIC.mp4","1682504","False","0","","False","False","False","C:\Users\scott\soccer-video\out\atomic_clips\2025-10-04__TSC_vs_FC"
"011__2025-10-04__TSC_vs_FC_Tulsa_Black__BUILD_UP_SHOT__t71880.00-t73320.00.__CINEMATIC.__CINEMATIC.__CINEMATIC.__CINEMATIC.__CINEMATIC.__CINEMATIC","C:\Users\scott\soccer-video\out\atomic_clips\_quarantine\011__2025-10-04__TSC_vs_FC_Tulsa_Black__BUILD_UP_SHOT__t71880.00-t73320.00.__CINEMATIC.__CINEMATIC.__CINEMATIC.__CINEMATIC.__CINEMATIC.__CINEMATIC.mp4","1682504","False","0","","False","False","False","C:\Users\scott\soccer-video\out\atomic_clips\_quarantine"
"011__2025-10-04__TSC_vs_FC_Tulsa_Black__BUILD_UP_SHOT__t71880.00-t73320.00.__CINEMATIC.__CINEMATIC.__CINEMATIC.__CINEMATIC.__CINEMATIC.__CINEMATIC.__CINEMATIC","C:\Users\scott\soccer-video\out\atomic_clips\2025-10-04__TSC_vs_FC\011__2025-10-04__TSC_vs_FC_Tulsa_Black__BUILD_UP_SHOT__t71880.00-t73320.00.__CINEMATIC.__CINEMATIC.__CINEMATIC.__CINEMATIC.__CINEMATIC.__CINEMATIC.__CINEMATIC.mp4","1421224","False","0","","False","False","False","C:\Users\scott\soccer-video\out\atomic_clips\2025-10-04__TSC_vs_FC"
"011__Build Up__1_00_43-1_01_22","C:\Users\scott\soccer-video\out\atomic_clips\2025-11-04__TSC_-_Navy_Oct_2025\011__Build Up__1_00_43-1_01_22.mp4","13873332","False","0","","False","False","False","C:\Users\scott\soccer-video\out\atomic_clips\2025-11-04__TSC_-_Navy_Oct_2025"
"011__Build Up__1_00_43-1_01_22.__CINEMATIC","C:\Users\scott\soccer-video\out\atomic_clips\2025-11-04__TSC_-_Navy_Oct_2025\011__Build Up__1_00_43-1_01_22.__CINEMATIC.mp4","16917473","False","0","","False","False","False","C:\Users\scott\soccer-video\out\atomic_clips\2025-11-04__TSC_-_Navy_Oct_2025"
"011__Build Up__1_00_43-1_01_22.__CINEMATIC.__CINEMATIC","C:\Users\scott\soccer-video\out\atomic_clips\2025-11-04__TSC_-_Navy_Oct_2025\011__Build Up__1_00_43-1_01_22.__CINEMATIC.__CINEMATIC.mp4","13492309","False","0","","False","False","False","C:\Users\scott\soccer-video\out\atomic_clips\2025-11-04__TSC_-_Navy_Oct_2025"
"011__Build Up__1_00_43-1_01_22.__CINEMATIC.__CINEMATIC.__CINEMATIC","C:\Users\scott\soccer-video\out\atomic_clips\2025-11-04__TSC_-_Navy_Oct_2025\011__Build Up__1_00_43-1_01_22.__CINEMATIC.__CINEMATIC.__CINEMATIC.mp4","10008385","False","0","","False","False","False","C:\Users\scott\soccer-video\out\atomic_clips\2025-11-04__TSC_-_Navy_Oct_2025"
"011__Build Up__1_00_43-1_01_22.__CINEMATIC.__CINEMATIC.__CINEMATIC.__CINEMATIC","C:\Users\scott\soccer-video\out\atomic_clips\2025-11-04__TSC_-_Navy_Oct_2025\011__Build Up__1_00_43-1_01_22.__CINEMATIC.__CINEMATIC.__CINEMATIC.__CINEMATIC.mp4","6981196","False","0","","False","False","False","C:\Users\scott\soccer-video\out\atomic_clips\2025-11-04__TSC_-_Navy_Oct_2025"
"011__Build Up__1_00_43-1_01_22.__CINEMATIC.__CINEMATIC.__CINEMATIC.__CINEMATIC.__CINEMATIC","C:\Users\scott\soccer-video\out\atomic_clips\2025-11-04__TSC_-_Navy_Oct_2025\011__Build Up__1_00_43-1_01_22.__CINEMATIC.__CINEMATIC.__CINEMATIC.__CINEMATIC.__CINEMATIC.mp4","3114072","False","0","","False","False","False","C:\Users\scott\soccer-video\out\atomic_clips\2025-11-04__TSC_-_Navy_Oct_2025"
"011__Build Up__1_00_43-1_01_22.__CINEMATIC.__CINEMATIC.__CINEMATIC.__CINEMATIC.__CINEMATIC.__CINEMATIC","C:\Users\scott\soccer-video\out\atomic_clips\2025-11-04__TSC_-_Navy_Oct_2025\011__Build Up__1_00_43-1_01_22.__CINEMATIC.__CINEMATIC.__CINEMATIC.__CINEMATIC.__CINEMATIC.__CINEMATIC.mp4","1864321","False","0","","False","False","False","C:\Users\scott\soccer-video\out\atomic_clips\2025-11-04__TSC_-_Navy_Oct_2025"
"011__Build Up__1_00_43-1_01_22.__CINEMATIC.__CINEMATIC.__CINEMATIC.__CINEMATIC.__CINEMATIC.__CINEMATIC.__CINEMATIC","C:\Users\scott\soccer-video\out\atomic_clips\2025-11-04__TSC_-_Navy_Oct_2025\011__Build Up__1_00_43-1_01_22.__CINEMATIC.__CINEMATIC.__CINEMATIC.__CINEMATIC.__CINEMATIC.__CINEMATIC.__CINEMATIC.mp4","1706697","False","0","","False","False","False","C:\Users\scott\soccer-video\out\atomic_clips\2025-11-04__TSC_-_Navy_Oct_2025"
"011__PRESSURE__t2.711.00-t2.736.00","C:\Users\scott\soccer-video\out\atomic_clips\2025-10-12__TSC_SLSG_FallFestival\011__PRESSURE__t2.711.00-t2.736.00.mp4","43203333","False","0","","False","False","False","C:\Users\scott\soccer-video\out\atomic_clips\2025-10-12__TSC_SLSG_FallFestival"
"011__PRESSURE__t2.711.00-t2.736.00.__CINEMATIC","C:\Users\scott\soccer-video\out\atomic_clips\2025-10-12__TSC_SLSG_FallFestival\011__PRESSURE__t2.711.00-t2.736.00.__CINEMATIC.mp4","20257219","False","0","","False","False","False","C:\Users\scott\soccer-video\out\atomic_clips\2025-10-12__TSC_SLSG_FallFestival"
"011__PRESSURE__t2.711.00-t2.736.00.__CINEMATIC.__CINEMATIC","C:\Users\scott\soccer-video\out\atomic_clips\2025-10-12__TSC_SLSG_FallFestival\011__PRESSURE__t2.711.00-t2.736.00.__CINEMATIC.__CINEMATIC.mp4","14348733","False","0","","False","False","False","C:\Users\scott\soccer-video\out\atomic_clips\2025-10-12__TSC_SLSG_FallFestival"
"011__PRESSURE__t2.711.00-t2.736.00.__CINEMATIC.__CINEMATIC.__CINEMATIC","C:\Users\scott\soccer-video\out\atomic_clips\2025-10-12__TSC_SLSG_FallFestival\011__PRESSURE__t2.711.00-t2.736.00.__CINEMATIC.__CINEMATIC.__CINEMATIC.mp4","9981091","False","0","","False","False","False","C:\Users\scott\soccer-video\out\atomic_clips\2025-10-12__TSC_SLSG_FallFestival"
"011__PRESSURE__t2.711.00-t2.736.00.__CINEMATIC.__CINEMATIC.__CINEMATIC.__CINEMATIC","C:\Users\scott\soccer-video\out\atomic_clips\2025-10-12__TSC_SLSG_FallFestival\011__PRESSURE__t2.711.00-t2.736.00.__CINEMATIC.__CINEMATIC.__CINEMATIC.__CINEMATIC.mp4","7024455","False","0","","False","False","False","C:\Users\scott\soccer-video\out\atomic_clips\2025-10-12__TSC_SLSG_FallFestival"
"011__PRESSURE__t2.711.00-t2.736.00.__CINEMATIC.__CINEMATIC.__CINEMATIC.__CINEMATIC.__CINEMATIC","C:\Users\scott\soccer-video\out\atomic_clips\2025-10-12__TSC_SLSG_FallFestival\011__PRESSURE__t2.711.00-t2.736.00.__CINEMATIC.__CINEMATIC.__CINEMATIC.__CINEMATIC.__CINEMATIC.mp4","3158177","False","0","","False","False","False","C:\Users\scott\soccer-video\out\atomic_clips\2025-10-12__TSC_SLSG_FallFestival"
"011__PRESSURE__t2.711.00-t2.736.00.__CINEMATIC.__CINEMATIC.__CINEMATIC.__CINEMATIC.__CINEMATIC.__CINEMATIC","C:\Users\scott\soccer-video\out\atomic_clips\2025-10-12__TSC_SLSG_FallFestival\011__PRESSURE__t2.711.00-t2.736.00.__CINEMATIC.__CINEMATIC.__CINEMATIC.__CINEMATIC.__CINEMATIC.__CINEMATIC.mp4","1627080","False","0","","False","False","False","C:\Users\scott\soccer-video\out\atomic_clips\2025-10-12__TSC_SLSG_FallFestival"
"011__PRESSURE__t2.711.00-t2.736.00.__CINEMATIC.__CINEMATIC.__CINEMATIC.__CINEMATIC.__CINEMATIC.__CINEMATIC.__CINEMATIC","C:\Users\scott\soccer-video\out\atomic_clips\2025-10-12__TSC_SLSG_FallFestival\011__PRESSURE__t2.711.00-t2.736.00.__CINEMATIC.__CINEMATIC.__CINEMATIC.__CINEMATIC.__CINEMATIC.__CINEMATIC.__CINEMATIC.mp4","1381714","False","0","","False","False","False","C:\Users\scott\soccer-video\out\atomic_clips\2025-10-12__TSC_SLSG_FallFestival"
"011__SHOTS__t1655.00-t1670.30","C:\Users\scott\soccer-video\out\atomic_clips\_quarantine\011__SHOTS__t1655.00-t1670.30.mp4","18703147","False","0","","False","False","False","C:\Users\scott\soccer-video\out\atomic_clips\_quarantine"
"011__SHOTS__t1655.00-t1670.30","C:\Users\scott\soccer-video\out\atomic_clips\misc\011__SHOTS__t1655.00-t1670.30.mp4","18469874","False","0","","False","False","False","C:\Users\scott\soccer-video\out\atomic_clips\misc"
"011__SHOTS__t1655.00-t1670.30.__CINEMATIC","C:\Users\scott\soccer-video\out\atomic_clips\_quarantine\011__SHOTS__t1655.00-t1670.30.__CINEMATIC.mp4","8731793","False","0","","False","False","False","C:\Users\scott\soccer-video\out\atomic_clips\_quarantine"
"011__SHOTS__t1655.00-t1670.30.__CINEMATIC","C:\Users\scott\soccer-video\out\atomic_clips\misc\011__SHOTS__t1655.00-t1670.30.__CINEMATIC.mp4","8304433","False","0","","False","False","False","C:\Users\scott\soccer-video\out\atomic_clips\misc"
"011__SHOTS__t1655.00-t1670.30.__CINEMATIC.__CINEMATIC","C:\Users\scott\soccer-video\out\atomic_clips\_quarantine\011__SHOTS__t1655.00-t1670.30.__CINEMATIC.__CINEMATIC.mp4","7523532","False","0","","False","False","False","C:\Users\scott\soccer-video\out\atomic_clips\_quarantine"
"011__SHOTS__t1655.00-t1670.30.__CINEMATIC.__CINEMATIC","C:\Users\scott\soccer-video\out\atomic_clips\misc\011__SHOTS__t1655.00-t1670.30.__CINEMATIC.__CINEMATIC.mp4","6568425","False","0","","False","False","False","C:\Users\scott\soccer-video\out\atomic_clips\misc"
"011__SHOTS__t1655.00-t1670.30.__CINEMATIC.__CINEMATIC.__CINEMATIC","C:\Users\scott\soccer-video\out\atomic_clips\_quarantine\011__SHOTS__t1655.00-t1670.30.__CINEMATIC.__CINEMATIC.__CINEMATIC.mp4","7051411","False","0","","False","False","False","C:\Users\scott\soccer-video\out\atomic_clips\_quarantine"
"011__SHOTS__t1655.00-t1670.30.__CINEMATIC.__CINEMATIC.__CINEMATIC","C:\Users\scott\soccer-video\out\atomic_clips\misc\011__SHOTS__t1655.00-t1670.30.__CINEMATIC.__CINEMATIC.__CINEMATIC.mp4","5770759","False","0","","False","False","False","C:\Users\scott\soccer-video\out\atomic_clips\misc"
"011__SHOTS__t1655.00-t1670.30.__CINEMATIC.__CINEMATIC.__CINEMATIC.__CINEMATIC","C:\Users\scott\soccer-video\out\atomic_clips\_quarantine\011__SHOTS__t1655.00-t1670.30.__CINEMATIC.__CINEMATIC.__CINEMATIC.__CINEMATIC.mp4","5506240","False","0","","False","False","False","C:\Users\scott\soccer-video\out\atomic_clips\_quarantine"
"011__SHOTS__t1655.00-t1670.30.__CINEMATIC.__CINEMATIC.__CINEMATIC.__CINEMATIC","C:\Users\scott\soccer-video\out\atomic_clips\misc\011__SHOTS__t1655.00-t1670.30.__CINEMATIC.__CINEMATIC.__CINEMATIC.__CINEMATIC.mp4","5302104","False","0","","False","False","False","C:\Users\scott\soccer-video\out\atomic_clips\misc"
"011__SHOTS__t1655.00-t1670.30.__CINEMATIC.__CINEMATIC.__CINEMATIC.__CINEMATIC.__CINEMATIC","C:\Users\scott\soccer-video\out\atomic_clips\_quarantine\011__SHOTS__t1655.00-t1670.30.__CINEMATIC.__CINEMATIC.__CINEMATIC.__CINEMATIC.__CINEMATIC.mp4","2298379","False","0","","False","False","False","C:\Users\scott\soccer-video\out\atomic_clips\_quarantine"
"011__SHOTS__t1655.00-t1670.30.__CINEMATIC.__CINEMATIC.__CINEMATIC.__CINEMATIC.__CINEMATIC","C:\Users\scott\soccer-video\out\atomic_clips\misc\011__SHOTS__t1655.00-t1670.30.__CINEMATIC.__CINEMATIC.__CINEMATIC.__CINEMATIC.__CINEMATIC.mp4","2588543","False","0","","False","False","False","C:\Users\scott\soccer-video\out\atomic_clips\misc"
"011__SHOTS__t1655.00-t1670.30.__CINEMATIC.__CINEMATIC.__CINEMATIC.__CINEMATIC.__CINEMATIC.__CINEMATIC","C:\Users\scott\soccer-video\out\atomic_clips\_quarantine\011__SHOTS__t1655.00-t1670.30.__CINEMATIC.__CINEMATIC.__CINEMATIC.__CINEMATIC.__CINEMATIC.__CINEMATIC.mp4","1082968","False","0","","False","False","False","C:\Users\scott\soccer-video\out\atomic_clips\_quarantine"
"011__SHOTS__t1655.00-t1670.30.__CINEMATIC.__CINEMATIC.__CINEMATIC.__CINEMATIC.__CINEMATIC.__CINEMATIC","C:\Users\scott\soccer-video\out\atomic_clips\misc\011__SHOTS__t1655.00-t1670.30.__CINEMATIC.__CINEMATIC.__CINEMATIC.__CINEMATIC.__CINEMATIC.__CINEMATIC.mp4","1190632","False","0","","False","False","False","C:\Users\scott\soccer-video\out\atomic_clips\misc"
"011__SHOTS__t1655.00-t1670.30.__CINEMATIC.__CINEMATIC.__CINEMATIC.__CINEMATIC.__CINEMATIC.__CINEMATIC.__CINEMATIC","C:\Users\scott\soccer-video\out\atomic_clips\_quarantine\011__SHOTS__t1655.00-t1670.30.__CINEMATIC.__CINEMATIC.__CINEMATIC.__CINEMATIC.__CINEMATIC.__CINEMATIC.__CINEMATIC.mp4","955823","False","0","","False","False","False","C:\Users\scott\soccer-video\out\atomic_clips\_quarantine"
"011__SHOTS__t1655.00-t1670.30.__CINEMATIC.__CINEMATIC.__CINEMATIC.__CINEMATIC.__CINEMATIC.__CINEMATIC.__CINEMATIC","C:\Users\scott\soccer-video\out\atomic_clips\misc\011__SHOTS__t1655.00-t1670.30.__CINEMATIC.__CINEMATIC.__CINEMATIC.__CINEMATIC.__CINEMATIC.__CINEMATIC.__CINEMATIC.mp4","958088","False","0","","False","False","False","C:\Users\scott\soccer-video\out\atomic_clips\misc"
"011__SHOTS__t1655.00-t1670.30.__CINEMATIC.__CINEMATIC.__CINEMATIC.__CINEMATIC.__CINEMATIC.__CINEMATIC.__CINEMATIC.__CINEMATIC","C:\Users\scott\soccer-video\out\atomic_clips\_quarantine\011__SHOTS__t1655.00-t1670.30.__CINEMATIC.__CINEMATIC.__CINEMATIC.__CINEMATIC.__CINEMATIC.__CINEMATIC.__CINEMATIC.__CINEMATIC.mp4","950830","False","0","","False","False","False","C:\Users\scott\soccer-video\out\atomic_clips\_quarantine"
"012__2025-09-13__TSC_vs_NEOFC__GOAL__t1705.20-t1708.50_portrait_POST","C:\Users\scott\soccer-video\out\atomic_clips\2025-09-13__TSC_vs_NEOFC\012__2025-09-13__TSC_vs_NEOFC__GOAL__t1705.20-t1708.50_portrait_POST.mp4","5245912","False","0","","False","False","False","C:\Users\scott\soccer-video\out\atomic_clips\2025-09-13__TSC_vs_NEOFC"
"012__2025-09-13__TSC_vs_NEOFC__GOAL__t1705.20-t1708.50_portrait_POST.__CINEMATIC","C:\Users\scott\soccer-video\out\atomic_clips\2025-09-13__TSC_vs_NEOFC\012__2025-09-13__TSC_vs_NEOFC__GOAL__t1705.20-t1708.50_portrait_POST.__CINEMATIC.mp4","2368904","False","0","","False","False","False","C:\Users\scott\soccer-video\out\atomic_clips\2025-09-13__TSC_vs_NEOFC"
"012__2025-09-13__TSC_vs_NEOFC__GOAL__t1705.20-t1708.50_portrait_POST.__CINEMATIC.__CINEMATIC","C:\Users\scott\soccer-video\out\atomic_clips\2025-09-13__TSC_vs_NEOFC\012__2025-09-13__TSC_vs_NEOFC__GOAL__t1705.20-t1708.50_portrait_POST.__CINEMATIC.__CINEMATIC.mp4","2030254","False","0","","False","False","False","C:\Users\scott\soccer-video\out\atomic_clips\2025-09-13__TSC_vs_NEOFC"
"012__2025-09-13__TSC_vs_NEOFC__GOAL__t1705.20-t1708.50_portrait_POST.__CINEMATIC.__CINEMATIC.__CINEMATIC","C:\Users\scott\soccer-video\out\atomic_clips\2025-09-13__TSC_vs_NEOFC\012__2025-09-13__TSC_vs_NEOFC__GOAL__t1705.20-t1708.50_portrait_POST.__CINEMATIC.__CINEMATIC.__CINEMATIC.mp4","1822991","False","0","","False","False","False","C:\Users\scott\soccer-video\out\atomic_clips\2025-09-13__TSC_vs_NEOFC"
"012__2025-09-13__TSC_vs_NEOFC__GOAL__t1705.20-t1708.50_portrait_POST.__CINEMATIC.__CINEMATIC.__CINEMATIC.__CINEMATIC","C:\Users\scott\soccer-video\out\atomic_clips\2025-09-13__TSC_vs_NEOFC\012__2025-09-13__TSC_vs_NEOFC__GOAL__t1705.20-t1708.50_portrait_POST.__CINEMATIC.__CINEMATIC.__CINEMATIC.__CINEMATIC.mp4","1512133","False","0","","False","False","False","C:\Users\scott\soccer-video\out\atomic_clips\2025-09-13__TSC_vs_NEOFC"
"012__2025-09-13__TSC_vs_NEOFC__GOAL__t1705.20-t1708.50_portrait_POST.__CINEMATIC.__CINEMATIC.__CINEMATIC.__CINEMATIC.__CINEMATIC","C:\Users\scott\soccer-video\out\atomic_clips\2025-09-13__TSC_vs_NEOFC\012__2025-09-13__TSC_vs_NEOFC__GOAL__t1705.20-t1708.50_portrait_POST.__CINEMATIC.__CINEMATIC.__CINEMATIC.__CINEMATIC.__CINEMATIC.mp4","894230","False","0","","False","False","False","C:\Users\scott\soccer-video\out\atomic_clips\2025-09-13__TSC_vs_NEOFC"
"012__2025-09-13__TSC_vs_NEOFC__GOAL__t1705.20-t1708.50_portrait_POST.__CINEMATIC.__CINEMATIC.__CINEMATIC.__CINEMATIC.__CINEMATIC.__CINEMATIC","C:\Users\scott\soccer-video\out\atomic_clips\2025-09-13__TSC_vs_NEOFC\012__2025-09-13__TSC_vs_NEOFC__GOAL__t1705.20-t1708.50_portrait_POST.__CINEMATIC.__CINEMATIC.__CINEMATIC.__CINEMATIC.__CINEMATIC.__CINEMATIC.mp4","548375","False","0","","False","False","False","C:\Users\scott\soccer-video\out\atomic_clips\2025-09-13__TSC_vs_NEOFC"
"012__2025-09-13__TSC_vs_NEOFC__GOAL__t1705.20-t1708.50_portrait_POST.__CINEMATIC.__CINEMATIC.__CINEMATIC.__CINEMATIC.__CINEMATIC.__CINEMATIC.__CINEMATIC","C:\Users\scott\soccer-video\out\atomic_clips\2025-09-13__TSC_vs_NEOFC\012__2025-09-13__TSC_vs_NEOFC__GOAL__t1705.20-t1708.50_portrait_POST.__CINEMATIC.__CINEMATIC.__CINEMATIC.__CINEMATIC.__CINEMATIC.__CINEMATIC.__CINEMATIC.mp4","443456","False","0","","False","False","False","C:\Users\scott\soccer-video\out\atomic_clips\2025-09-13__TSC_vs_NEOFC"
"012__2025-09-20__TSC_vs_Greenwood__BUILD_SHOT__t58380.00-t59220.00","C:\Users\scott\soccer-video\out\atomic_clips\_quarantine\012__2025-09-20__TSC_vs_Greenwood__BUILD_SHOT__t58380.00-t59220.00.mp4","3039710","False","0","","False","False","False","C:\Users\scott\soccer-video\out\atomic_clips\_quarantine"
"012__2025-09-20__TSC_vs_RVFC__BUILD_UP_PLAY_SHOT__t44760.00-t45420.00","C:\Users\scott\soccer-video\out\atomic_clips\_quarantine\012__2025-09-20__TSC_vs_RVFC__BUILD_UP_PLAY_SHOT__t44760.00-t45420.00.mp4","866337","False","0","","False","False","False","C:\Users\scott\soccer-video\out\atomic_clips\_quarantine"
"012__2025-10-04__TSC_vs_FC_Tulsa_Black__PRESSURE_GOAL__t74340.00-t75180.00","C:\Users\scott\soccer-video\out\atomic_clips\_quarantine\012__2025-10-04__TSC_vs_FC_Tulsa_Black__PRESSURE_GOAL__t74340.00-t75180.00.mp4","2635807","False","0","","False","False","False","C:\Users\scott\soccer-video\out\atomic_clips\_quarantine"
"012__2025-10-04__TSC_vs_FC_Tulsa_Black__PRESSURE_GOAL__t74340.00-t75180.00","C:\Users\scott\soccer-video\out\atomic_clips\2025-10-04__TSC_vs_FC\012__2025-10-04__TSC_vs_FC_Tulsa_Black__PRESSURE_GOAL__t74340.00-t75180.00.mp4","21220415","False","0","","False","False","False","C:\Users\scott\soccer-video\out\atomic_clips\2025-10-04__TSC_vs_FC"
"012__2025-10-04__TSC_vs_FC_Tulsa_Black__PRESSURE_GOAL__t74340.00-t75180.00.__CINEMATIC","C:\Users\scott\soccer-video\out\atomic_clips\_quarantine\012__2025-10-04__TSC_vs_FC_Tulsa_Black__PRESSURE_GOAL__t74340.00-t75180.00.__CINEMATIC.mp4","9301442","False","0","","False","False","False","C:\Users\scott\soccer-video\out\atomic_clips\_quarantine"
"012__2025-10-04__TSC_vs_FC_Tulsa_Black__PRESSURE_GOAL__t74340.00-t75180.00.__CINEMATIC","C:\Users\scott\soccer-video\out\atomic_clips\2025-10-04__TSC_vs_FC\012__2025-10-04__TSC_vs_FC_Tulsa_Black__PRESSURE_GOAL__t74340.00-t75180.00.__CINEMATIC.mp4","9301442","False","0","","False","False","False","C:\Users\scott\soccer-video\out\atomic_clips\2025-10-04__TSC_vs_FC"
"012__2025-10-04__TSC_vs_FC_Tulsa_Black__PRESSURE_GOAL__t74340.00-t75180.00.__CINEMATIC.__CINEMATIC","C:\Users\scott\soccer-video\out\atomic_clips\2025-10-04__TSC_vs_FC\012__2025-10-04__TSC_vs_FC_Tulsa_Black__PRESSURE_GOAL__t74340.00-t75180.00.__CINEMATIC.__CINEMATIC.mp4","7110162","False","0","","False","False","False","C:\Users\scott\soccer-video\out\atomic_clips\2025-10-04__TSC_vs_FC"
"012__2025-10-04__TSC_vs_FC_Tulsa_Black__PRESSURE_GOAL__t74340.00-t75180.00.__CINEMATIC.__CINEMATIC","C:\Users\scott\soccer-video\out\atomic_clips\_quarantine\012__2025-10-04__TSC_vs_FC_Tulsa_Black__PRESSURE_GOAL__t74340.00-t75180.00.__CINEMATIC.__CINEMATIC.mp4","5609037","False","0","","False","False","False","C:\Users\scott\soccer-video\out\atomic_clips\_quarantine"
"012__2025-10-04__TSC_vs_FC_Tulsa_Black__PRESSURE_GOAL__t74340.00-t75180.00.__CINEMATIC.__CINEMATIC.__CINEMATIC","C:\Users\scott\soccer-video\out\atomic_clips\2025-10-04__TSC_vs_FC\012__2025-10-04__TSC_vs_FC_Tulsa_Black__PRESSURE_GOAL__t74340.00-t75180.00.__CINEMATIC.__CINEMATIC.__CINEMATIC.mp4","5609037","False","0","","False","False","False","C:\Users\scott\soccer-video\out\atomic_clips\2025-10-04__TSC_vs_FC"
"012__2025-10-04__TSC_vs_FC_Tulsa_Black__PRESSURE_GOAL__t74340.00-t75180.00.__CINEMATIC.__CINEMATIC.__CINEMATIC","C:\Users\scott\soccer-video\out\atomic_clips\_quarantine\012__2025-10-04__TSC_vs_FC_Tulsa_Black__PRESSURE_GOAL__t74340.00-t75180.00.__CINEMATIC.__CINEMATIC.__CINEMATIC.mp4","4206697","False","0","","False","False","False","C:\Users\scott\soccer-video\out\atomic_clips\_quarantine"
"012__2025-10-04__TSC_vs_FC_Tulsa_Black__PRESSURE_GOAL__t74340.00-t75180.00.__CINEMATIC.__CINEMATIC.__CINEMATIC.__CINEMATIC","C:\Users\scott\soccer-video\out\atomic_clips\2025-10-04__TSC_vs_FC\012__2025-10-04__TSC_vs_FC_Tulsa_Black__PRESSURE_GOAL__t74340.00-t75180.00.__CINEMATIC.__CINEMATIC.__CINEMATIC.__CINEMATIC.mp4","4206697","False","0","","False","False","False","C:\Users\scott\soccer-video\out\atomic_clips\2025-10-04__TSC_vs_FC"
"012__2025-10-04__TSC_vs_FC_Tulsa_Black__PRESSURE_GOAL__t74340.00-t75180.00.__CINEMATIC.__CINEMATIC.__CINEMATIC.__CINEMATIC","C:\Users\scott\soccer-video\out\atomic_clips\_quarantine\012__2025-10-04__TSC_vs_FC_Tulsa_Black__PRESSURE_GOAL__t74340.00-t75180.00.__CINEMATIC.__CINEMATIC.__CINEMATIC.__CINEMATIC.mp4","2907459","False","0","","False","False","False","C:\Users\scott\soccer-video\out\atomic_clips\_quarantine"
"012__2025-10-04__TSC_vs_FC_Tulsa_Black__PRESSURE_GOAL__t74340.00-t75180.00.__CINEMATIC.__CINEMATIC.__CINEMATIC.__CINEMATIC.__CINEMATIC","C:\Users\scott\soccer-video\out\atomic_clips\_quarantine\012__2025-10-04__TSC_vs_FC_Tulsa_Black__PRESSURE_GOAL__t74340.00-t75180.00.__CINEMATIC.__CINEMATIC.__CINEMATIC.__CINEMATIC.__CINEMATIC.mp4","1930555","False","0","","False","False","False","C:\Users\scott\soccer-video\out\atomic_clips\_quarantine"
"012__2025-10-04__TSC_vs_FC_Tulsa_Black__PRESSURE_GOAL__t74340.00-t75180.00.__CINEMATIC.__CINEMATIC.__CINEMATIC.__CINEMATIC.__CINEMATIC","C:\Users\scott\soccer-video\out\atomic_clips\2025-10-04__TSC_vs_FC\012__2025-10-04__TSC_vs_FC_Tulsa_Black__PRESSURE_GOAL__t74340.00-t75180.00.__CINEMATIC.__CINEMATIC.__CINEMATIC.__CINEMATIC.__CINEMATIC.mp4","1930555","False","0","","False","False","False","C:\Users\scott\soccer-video\out\atomic_clips\2025-10-04__TSC_vs_FC"
"012__2025-10-04__TSC_vs_FC_Tulsa_Black__PRESSURE_GOAL__t74340.00-t75180.00.__CINEMATIC.__CINEMATIC.__CINEMATIC.__CINEMATIC.__CINEMATIC.__CINEMATIC","C:\Users\scott\soccer-video\out\atomic_clips\_quarantine\012__2025-10-04__TSC_vs_FC_Tulsa_Black__PRESSURE_GOAL__t74340.00-t75180.00.__CINEMATIC.__CINEMATIC.__CINEMATIC.__CINEMATIC.__CINEMATIC.__CINEMATIC.mp4","1003848","False","0","","False","False","False","C:\Users\scott\soccer-video\out\atomic_clips\_quarantine"
"012__2025-10-04__TSC_vs_FC_Tulsa_Black__PRESSURE_GOAL__t74340.00-t75180.00.__CINEMATIC.__CINEMATIC.__CINEMATIC.__CINEMATIC.__CINEMATIC.__CINEMATIC","C:\Users\scott\soccer-video\out\atomic_clips\2025-10-04__TSC_vs_FC\012__2025-10-04__TSC_vs_FC_Tulsa_Black__PRESSURE_GOAL__t74340.00-t75180.00.__CINEMATIC.__CINEMATIC.__CINEMATIC.__CINEMATIC.__CINEMATIC.__CINEMATIC.mp4","1003848","False","0","","False","False","False","C:\Users\scott\soccer-video\out\atomic_clips\2025-10-04__TSC_vs_FC"
"012__2025-10-04__TSC_vs_FC_Tulsa_Black__PRESSURE_GOAL__t74340.00-t75180.00.__CINEMATIC.__CINEMATIC.__CINEMATIC.__CINEMATIC.__CINEMATIC.__CINEMATIC.__CINEMATIC","C:\Users\scott\soccer-video\out\atomic_clips\2025-10-04__TSC_vs_FC\012__2025-10-04__TSC_vs_FC_Tulsa_Black__PRESSURE_GOAL__t74340.00-t75180.00.__CINEMATIC.__CINEMATIC.__CINEMATIC.__CINEMATIC.__CINEMATIC.__CINEMATIC.__CINEMATIC.mp4","840743","False","0","","False","False","False","C:\Users\scott\soccer-video\out\atomic_clips\2025-10-04__TSC_vs_FC"
"012__Cross & Goal__1_01_36-1_01_52","C:\Users\scott\soccer-video\out\atomic_clips\2025-11-04__TSC_-_Navy_Oct_2025\012__Cross & Goal__1_01_36-1_01_52.mp4","5587141","False","0","","False","False","False","C:\Users\scott\soccer-video\out\atomic_clips\2025-11-04__TSC_-_Navy_Oct_2025"
"012__Cross & Goal__1_01_36-1_01_52.__CINEMATIC","C:\Users\scott\soccer-video\out\atomic_clips\2025-11-04__TSC_-_Navy_Oct_2025\012__Cross & Goal__1_01_36-1_01_52.__CINEMATIC.mp4","8602969","False","0","","False","False","False","C:\Users\scott\soccer-video\out\atomic_clips\2025-11-04__TSC_-_Navy_Oct_2025"
"012__Cross & Goal__1_01_36-1_01_52.__CINEMATIC.__CINEMATIC","C:\Users\scott\soccer-video\out\atomic_clips\2025-11-04__TSC_-_Navy_Oct_2025\012__Cross & Goal__1_01_36-1_01_52.__CINEMATIC.__CINEMATIC.mp4","7066470","False","0","","False","False","False","C:\Users\scott\soccer-video\out\atomic_clips\2025-11-04__TSC_-_Navy_Oct_2025"
"012__Cross & Goal__1_01_36-1_01_52.__CINEMATIC.__CINEMATIC.__CINEMATIC","C:\Users\scott\soccer-video\out\atomic_clips\2025-11-04__TSC_-_Navy_Oct_2025\012__Cross & Goal__1_01_36-1_01_52.__CINEMATIC.__CINEMATIC.__CINEMATIC.mp4","5351745","False","0","","False","False","False","C:\Users\scott\soccer-video\out\atomic_clips\2025-11-04__TSC_-_Navy_Oct_2025"
"012__Cross & Goal__1_01_36-1_01_52.__CINEMATIC.__CINEMATIC.__CINEMATIC.__CINEMATIC","C:\Users\scott\soccer-video\out\atomic_clips\2025-11-04__TSC_-_Navy_Oct_2025\012__Cross & Goal__1_01_36-1_01_52.__CINEMATIC.__CINEMATIC.__CINEMATIC.__CINEMATIC.mp4","3701165","False","0","","False","False","False","C:\Users\scott\soccer-video\out\atomic_clips\2025-11-04__TSC_-_Navy_Oct_2025"
"012__Cross & Goal__1_01_36-1_01_52.__CINEMATIC.__CINEMATIC.__CINEMATIC.__CINEMATIC.__CINEMATIC","C:\Users\scott\soccer-video\out\atomic_clips\2025-11-04__TSC_-_Navy_Oct_2025\012__Cross & Goal__1_01_36-1_01_52.__CINEMATIC.__CINEMATIC.__CINEMATIC.__CINEMATIC.__CINEMATIC.mp4","1714192","False","0","","False","False","False","C:\Users\scott\soccer-video\out\atomic_clips\2025-11-04__TSC_-_Navy_Oct_2025"
"012__Cross & Goal__1_01_36-1_01_52.__CINEMATIC.__CINEMATIC.__CINEMATIC.__CINEMATIC.__CINEMATIC.__CINEMATIC","C:\Users\scott\soccer-video\out\atomic_clips\2025-11-04__TSC_-_Navy_Oct_2025\012__Cross & Goal__1_01_36-1_01_52.__CINEMATIC.__CINEMATIC.__CINEMATIC.__CINEMATIC.__CINEMATIC.__CINEMATIC.mp4","1032964","False","0","","False","False","False","C:\Users\scott\soccer-video\out\atomic_clips\2025-11-04__TSC_-_Navy_Oct_2025"
"012__Cross & Goal__1_01_36-1_01_52.__CINEMATIC.__CINEMATIC.__CINEMATIC.__CINEMATIC.__CINEMATIC.__CINEMATIC.__CINEMATIC","C:\Users\scott\soccer-video\out\atomic_clips\2025-11-04__TSC_-_Navy_Oct_2025\012__Cross & Goal__1_01_36-1_01_52.__CINEMATIC.__CINEMATIC.__CINEMATIC.__CINEMATIC.__CINEMATIC.__CINEMATIC.__CINEMATIC.mp4","964023","False","0","","False","False","False","C:\Users\scott\soccer-video\out\atomic_clips\2025-11-04__TSC_-_Navy_Oct_2025"
"012__GOAL__t1705.20-t1708.50","C:\Users\scott\soccer-video\out\atomic_clips\_quarantine\012__GOAL__t1705.20-t1708.50.mp4","9744098","False","0","","False","False","False","C:\Users\scott\soccer-video\out\atomic_clips\_quarantine"
"012__GOAL__t1705.20-t1708.50","C:\Users\scott\soccer-video\out\atomic_clips\misc\012__GOAL__t1705.20-t1708.50.mp4","4952874","False","0","","False","False","False","C:\Users\scott\soccer-video\out\atomic_clips\misc"
"012__GOAL__t1705.20-t1708.50.__CINEMATIC","C:\Users\scott\soccer-video\out\atomic_clips\_quarantine\012__GOAL__t1705.20-t1708.50.__CINEMATIC.mp4","5021645","False","0","","False","False","False","C:\Users\scott\soccer-video\out\atomic_clips\_quarantine"
"012__GOAL__t1705.20-t1708.50.__CINEMATIC","C:\Users\scott\soccer-video\out\atomic_clips\misc\012__GOAL__t1705.20-t1708.50.__CINEMATIC.mp4","3392839","False","0","","False","False","False","C:\Users\scott\soccer-video\out\atomic_clips\misc"
"012__GOAL__t1705.20-t1708.50.__CINEMATIC.__CINEMATIC","C:\Users\scott\soccer-video\out\atomic_clips\_quarantine\012__GOAL__t1705.20-t1708.50.__CINEMATIC.__CINEMATIC.mp4","4245709","False","0","","False","False","False","C:\Users\scott\soccer-video\out\atomic_clips\_quarantine"
"012__GOAL__t1705.20-t1708.50.__CINEMATIC.__CINEMATIC","C:\Users\scott\soccer-video\out\atomic_clips\misc\012__GOAL__t1705.20-t1708.50.__CINEMATIC.__CINEMATIC.mp4","2547891","False","0","","False","False","False","C:\Users\scott\soccer-video\out\atomic_clips\misc"
"012__GOAL__t1705.20-t1708.50.__CINEMATIC.__CINEMATIC.__CINEMATIC","C:\Users\scott\soccer-video\out\atomic_clips\_quarantine\012__GOAL__t1705.20-t1708.50.__CINEMATIC.__CINEMATIC.__CINEMATIC.mp4","3965193","False","0","","False","False","False","C:\Users\scott\soccer-video\out\atomic_clips\_quarantine"
"012__GOAL__t1705.20-t1708.50.__CINEMATIC.__CINEMATIC.__CINEMATIC","C:\Users\scott\soccer-video\out\atomic_clips\misc\012__GOAL__t1705.20-t1708.50.__CINEMATIC.__CINEMATIC.__CINEMATIC.mp4","2031681","False","0","","False","False","False","C:\Users\scott\soccer-video\out\atomic_clips\misc"
"012__GOAL__t1705.20-t1708.50.__CINEMATIC.__CINEMATIC.__CINEMATIC.__CINEMATIC","C:\Users\scott\soccer-video\out\atomic_clips\misc\012__GOAL__t1705.20-t1708.50.__CINEMATIC.__CINEMATIC.__CINEMATIC.__CINEMATIC.mp4","1721924","False","0","","False","False","False","C:\Users\scott\soccer-video\out\atomic_clips\misc"
"012__GOAL__t1705.20-t1708.50.__CINEMATIC.__CINEMATIC.__CINEMATIC.__CINEMATIC","C:\Users\scott\soccer-video\out\atomic_clips\_quarantine\012__GOAL__t1705.20-t1708.50.__CINEMATIC.__CINEMATIC.__CINEMATIC.__CINEMATIC.mp4","3402571","False","0","","False","False","False","C:\Users\scott\soccer-video\out\atomic_clips\_quarantine"
"012__GOAL__t1705.20-t1708.50.__CINEMATIC.__CINEMATIC.__CINEMATIC.__CINEMATIC.__CINEMATIC","C:\Users\scott\soccer-video\out\atomic_clips\_quarantine\012__GOAL__t1705.20-t1708.50.__CINEMATIC.__CINEMATIC.__CINEMATIC.__CINEMATIC.__CINEMATIC.mp4","1668460","False","0","","False","False","False","C:\Users\scott\soccer-video\out\atomic_clips\_quarantine"
"012__GOAL__t1705.20-t1708.50.__CINEMATIC.__CINEMATIC.__CINEMATIC.__CINEMATIC.__CINEMATIC","C:\Users\scott\soccer-video\out\atomic_clips\misc\012__GOAL__t1705.20-t1708.50.__CINEMATIC.__CINEMATIC.__CINEMATIC.__CINEMATIC.__CINEMATIC.mp4","1112165","False","0","","False","False","False","C:\Users\scott\soccer-video\out\atomic_clips\misc"
"012__GOAL__t1705.20-t1708.50.__CINEMATIC.__CINEMATIC.__CINEMATIC.__CINEMATIC.__CINEMATIC.__CINEMATIC","C:\Users\scott\soccer-video\out\atomic_clips\misc\012__GOAL__t1705.20-t1708.50.__CINEMATIC.__CINEMATIC.__CINEMATIC.__CINEMATIC.__CINEMATIC.__CINEMATIC.mp4","728577","False","0","","False","False","False","C:\Users\scott\soccer-video\out\atomic_clips\misc"
"012__GOAL__t1705.20-t1708.50.__CINEMATIC.__CINEMATIC.__CINEMATIC.__CINEMATIC.__CINEMATIC.__CINEMATIC","C:\Users\scott\soccer-video\out\atomic_clips\_quarantine\012__GOAL__t1705.20-t1708.50.__CINEMATIC.__CINEMATIC.__CINEMATIC.__CINEMATIC.__CINEMATIC.__CINEMATIC.mp4","872355","False","0","","False","False","False","C:\Users\scott\soccer-video\out\atomic_clips\_quarantine"
"012__GOAL__t1705.20-t1708.50.__CINEMATIC.__CINEMATIC.__CINEMATIC.__CINEMATIC.__CINEMATIC.__CINEMATIC.__CINEMATIC","C:\Users\scott\soccer-video\out\atomic_clips\misc\012__GOAL__t1705.20-t1708.50.__CINEMATIC.__CINEMATIC.__CINEMATIC.__CINEMATIC.__CINEMATIC.__CINEMATIC.__CINEMATIC.mp4","612622","False","0","","False","False","False","C:\Users\scott\soccer-video\out\atomic_clips\misc"
"012__GOAL__t1705.20-t1708.50.__CINEMATIC.__CINEMATIC.__CINEMATIC.__CINEMATIC.__CINEMATIC.__CINEMATIC.__CINEMATIC","C:\Users\scott\soccer-video\out\atomic_clips\_quarantine\012__GOAL__t1705.20-t1708.50.__CINEMATIC.__CINEMATIC.__CINEMATIC.__CINEMATIC.__CINEMATIC.__CINEMATIC.__CINEMATIC.mp4","733306","False","0","","False","False","False","C:\Users\scott\soccer-video\out\atomic_clips\_quarantine"
"012__GOAL__t1705.20-t1708.50.__CINEMATIC.__CINEMATIC.__CINEMATIC.__CINEMATIC.__CINEMATIC.__CINEMATIC.__CINEMATIC.__CINEMATIC","C:\Users\scott\soccer-video\out\atomic_clips\_quarantine\012__GOAL__t1705.20-t1708.50.__CINEMATIC.__CINEMATIC.__CINEMATIC.__CINEMATIC.__CINEMATIC.__CINEMATIC.__CINEMATIC.__CINEMATIC.mp4","667461","False","0","","False","False","False","C:\Users\scott\soccer-video\out\atomic_clips\_quarantine"
"013__2025-09-13__TSC_vs_NEOFC__GOAL__t1767.50-t1772.60_portrait_POST","C:\Users\scott\soccer-video\out\atomic_clips\2025-09-13__TSC_vs_NEOFC\013__2025-09-13__TSC_vs_NEOFC__GOAL__t1767.50-t1772.60_portrait_POST.mp4","7208841","False","0","","False","False","False","C:\Users\scott\soccer-video\out\atomic_clips\2025-09-13__TSC_vs_NEOFC"
"013__2025-09-13__TSC_vs_NEOFC__GOAL__t1767.50-t1772.60_portrait_POST.__CINEMATIC","C:\Users\scott\soccer-video\out\atomic_clips\2025-09-13__TSC_vs_NEOFC\013__2025-09-13__TSC_vs_NEOFC__GOAL__t1767.50-t1772.60_portrait_POST.__CINEMATIC.mp4","3408675","False","0","","False","False","False","C:\Users\scott\soccer-video\out\atomic_clips\2025-09-13__TSC_vs_NEOFC"
"013__2025-09-13__TSC_vs_NEOFC__GOAL__t1767.50-t1772.60_portrait_POST.__CINEMATIC.__CINEMATIC","C:\Users\scott\soccer-video\out\atomic_clips\2025-09-13__TSC_vs_NEOFC\013__2025-09-13__TSC_vs_NEOFC__GOAL__t1767.50-t1772.60_portrait_POST.__CINEMATIC.__CINEMATIC.mp4","2776358","False","0","","False","False","False","C:\Users\scott\soccer-video\out\atomic_clips\2025-09-13__TSC_vs_NEOFC"
"013__2025-09-13__TSC_vs_NEOFC__GOAL__t1767.50-t1772.60_portrait_POST.__CINEMATIC.__CINEMATIC.__CINEMATIC","C:\Users\scott\soccer-video\out\atomic_clips\2025-09-13__TSC_vs_NEOFC\013__2025-09-13__TSC_vs_NEOFC__GOAL__t1767.50-t1772.60_portrait_POST.__CINEMATIC.__CINEMATIC.__CINEMATIC.mp4","2397130","False","0","","False","False","False","C:\Users\scott\soccer-video\out\atomic_clips\2025-09-13__TSC_vs_NEOFC"
"013__2025-09-13__TSC_vs_NEOFC__GOAL__t1767.50-t1772.60_portrait_POST.__CINEMATIC.__CINEMATIC.__CINEMATIC.__CINEMATIC","C:\Users\scott\soccer-video\out\atomic_clips\2025-09-13__TSC_vs_NEOFC\013__2025-09-13__TSC_vs_NEOFC__GOAL__t1767.50-t1772.60_portrait_POST.__CINEMATIC.__CINEMATIC.__CINEMATIC.__CINEMATIC.mp4","1888935","False","0","","False","False","False","C:\Users\scott\soccer-video\out\atomic_clips\2025-09-13__TSC_vs_NEOFC"
"013__2025-09-13__TSC_vs_NEOFC__GOAL__t1767.50-t1772.60_portrait_POST.__CINEMATIC.__CINEMATIC.__CINEMATIC.__CINEMATIC.__CINEMATIC","C:\Users\scott\soccer-video\out\atomic_clips\2025-09-13__TSC_vs_NEOFC\013__2025-09-13__TSC_vs_NEOFC__GOAL__t1767.50-t1772.60_portrait_POST.__CINEMATIC.__CINEMATIC.__CINEMATIC.__CINEMATIC.__CINEMATIC.mp4","964728","False","0","","False","False","False","C:\Users\scott\soccer-video\out\atomic_clips\2025-09-13__TSC_vs_NEOFC"
"013__2025-09-13__TSC_vs_NEOFC__GOAL__t1767.50-t1772.60_portrait_POST.__CINEMATIC.__CINEMATIC.__CINEMATIC.__CINEMATIC.__CINEMATIC.__CINEMATIC","C:\Users\scott\soccer-video\out\atomic_clips\2025-09-13__TSC_vs_NEOFC\013__2025-09-13__TSC_vs_NEOFC__GOAL__t1767.50-t1772.60_portrait_POST.__CINEMATIC.__CINEMATIC.__CINEMATIC.__CINEMATIC.__CINEMATIC.__CINEMATIC.mp4","602369","False","0","","False","False","False","C:\Users\scott\soccer-video\out\atomic_clips\2025-09-13__TSC_vs_NEOFC"
"013__2025-09-13__TSC_vs_NEOFC__GOAL__t1767.50-t1772.60_portrait_POST.__CINEMATIC.__CINEMATIC.__CINEMATIC.__CINEMATIC.__CINEMATIC.__CINEMATIC.__CINEMATIC","C:\Users\scott\soccer-video\out\atomic_clips\2025-09-13__TSC_vs_NEOFC\013__2025-09-13__TSC_vs_NEOFC__GOAL__t1767.50-t1772.60_portrait_POST.__CINEMATIC.__CINEMATIC.__CINEMATIC.__CINEMATIC.__CINEMATIC.__CINEMATIC.__CINEMATIC.mp4","511312","False","0","","False","False","False","C:\Users\scott\soccer-video\out\atomic_clips\2025-09-13__TSC_vs_NEOFC"
"013__2025-09-20__TSC_vs_Greenwood__PRESSURE_SHOT__t59280.00-t60060.00","C:\Users\scott\soccer-video\out\atomic_clips\_quarantine\013__2025-09-20__TSC_vs_Greenwood__PRESSURE_SHOT__t59280.00-t60060.00.mp4","3039710","False","0","","False","False","False","C:\Users\scott\soccer-video\out\atomic_clips\_quarantine"
"013__2025-09-20__TSC_vs_RVFC__BUILD_UP_PLAY_SHOT__t49260.00-t51900.00","C:\Users\scott\soccer-video\out\atomic_clips\_quarantine\013__2025-09-20__TSC_vs_RVFC__BUILD_UP_PLAY_SHOT__t49260.00-t51900.00.mp4","866337","False","0","","False","False","False","C:\Users\scott\soccer-video\out\atomic_clips\_quarantine"
"013__2025-10-04__TSC_vs_FC_Tulsa_Black__BUILD_UP_PLAY__t77400.00-t78360.00","C:\Users\scott\soccer-video\out\atomic_clips\2025-10-04__TSC_vs_FC\013__2025-10-04__TSC_vs_FC_Tulsa_Black__BUILD_UP_PLAY__t77400.00-t78360.00.mp4","24440180","False","0","","False","False","False","C:\Users\scott\soccer-video\out\atomic_clips\2025-10-04__TSC_vs_FC"
"013__2025-10-04__TSC_vs_FC_Tulsa_Black__BUILD_UP_PLAY__t77400.00-t78360.00","C:\Users\scott\soccer-video\out\atomic_clips\_quarantine\013__2025-10-04__TSC_vs_FC_Tulsa_Black__BUILD_UP_PLAY__t77400.00-t78360.00.mp4","2635807","False","0","","False","False","False","C:\Users\scott\soccer-video\out\atomic_clips\_quarantine"
"013__2025-10-04__TSC_vs_FC_Tulsa_Black__BUILD_UP_PLAY__t77400.00-t78360.00.__CINEMATIC","C:\Users\scott\soccer-video\out\atomic_clips\2025-10-04__TSC_vs_FC\013__2025-10-04__TSC_vs_FC_Tulsa_Black__BUILD_UP_PLAY__t77400.00-t78360.00.__CINEMATIC.mp4","8788005","False","0","","False","False","False","C:\Users\scott\soccer-video\out\atomic_clips\2025-10-04__TSC_vs_FC"
"013__2025-10-04__TSC_vs_FC_Tulsa_Black__BUILD_UP_PLAY__t77400.00-t78360.00.__CINEMATIC","C:\Users\scott\soccer-video\out\atomic_clips\_quarantine\013__2025-10-04__TSC_vs_FC_Tulsa_Black__BUILD_UP_PLAY__t77400.00-t78360.00.__CINEMATIC.mp4","8788005","False","0","","False","False","False","C:\Users\scott\soccer-video\out\atomic_clips\_quarantine"
"013__2025-10-04__TSC_vs_FC_Tulsa_Black__BUILD_UP_PLAY__t77400.00-t78360.00.__CINEMATIC.__CINEMATIC","C:\Users\scott\soccer-video\out\atomic_clips\_quarantine\013__2025-10-04__TSC_vs_FC_Tulsa_Black__BUILD_UP_PLAY__t77400.00-t78360.00.__CINEMATIC.__CINEMATIC.mp4","6080037","False","0","","False","False","False","C:\Users\scott\soccer-video\out\atomic_clips\_quarantine"
"013__2025-10-04__TSC_vs_FC_Tulsa_Black__BUILD_UP_PLAY__t77400.00-t78360.00.__CINEMATIC.__CINEMATIC","C:\Users\scott\soccer-video\out\atomic_clips\2025-10-04__TSC_vs_FC\013__2025-10-04__TSC_vs_FC_Tulsa_Black__BUILD_UP_PLAY__t77400.00-t78360.00.__CINEMATIC.__CINEMATIC.mp4","7222689","False","0","","False","False","False","C:\Users\scott\soccer-video\out\atomic_clips\2025-10-04__TSC_vs_FC"
"013__2025-10-04__TSC_vs_FC_Tulsa_Black__BUILD_UP_PLAY__t77400.00-t78360.00.__CINEMATIC.__CINEMATIC.__CINEMATIC","C:\Users\scott\soccer-video\out\atomic_clips\_quarantine\013__2025-10-04__TSC_vs_FC_Tulsa_Black__BUILD_UP_PLAY__t77400.00-t78360.00.__CINEMATIC.__CINEMATIC.__CINEMATIC.mp4","4819365","False","0","","False","False","False","C:\Users\scott\soccer-video\out\atomic_clips\_quarantine"
"013__2025-10-04__TSC_vs_FC_Tulsa_Black__BUILD_UP_PLAY__t77400.00-t78360.00.__CINEMATIC.__CINEMATIC.__CINEMATIC","C:\Users\scott\soccer-video\out\atomic_clips\2025-10-04__TSC_vs_FC\013__2025-10-04__TSC_vs_FC_Tulsa_Black__BUILD_UP_PLAY__t77400.00-t78360.00.__CINEMATIC.__CINEMATIC.__CINEMATIC.mp4","6080037","False","0","","False","False","False","C:\Users\scott\soccer-video\out\atomic_clips\2025-10-04__TSC_vs_FC"
"013__2025-10-04__TSC_vs_FC_Tulsa_Black__BUILD_UP_PLAY__t77400.00-t78360.00.__CINEMATIC.__CINEMATIC.__CINEMATIC.__CINEMATIC","C:\Users\scott\soccer-video\out\atomic_clips\2025-10-04__TSC_vs_FC\013__2025-10-04__TSC_vs_FC_Tulsa_Black__BUILD_UP_PLAY__t77400.00-t78360.00.__CINEMATIC.__CINEMATIC.__CINEMATIC.__CINEMATIC.mp4","4819365","False","0","","False","False","False","C:\Users\scott\soccer-video\out\atomic_clips\2025-10-04__TSC_vs_FC"
"013__2025-10-04__TSC_vs_FC_Tulsa_Black__BUILD_UP_PLAY__t77400.00-t78360.00.__CINEMATIC.__CINEMATIC.__CINEMATIC.__CINEMATIC","C:\Users\scott\soccer-video\out\atomic_clips\_quarantine\013__2025-10-04__TSC_vs_FC_Tulsa_Black__BUILD_UP_PLAY__t77400.00-t78360.00.__CINEMATIC.__CINEMATIC.__CINEMATIC.__CINEMATIC.mp4","3489942","False","0","","False","False","False","C:\Users\scott\soccer-video\out\atomic_clips\_quarantine"
"013__2025-10-04__TSC_vs_FC_Tulsa_Black__BUILD_UP_PLAY__t77400.00-t78360.00.__CINEMATIC.__CINEMATIC.__CINEMATIC.__CINEMATIC.__CINEMATIC","C:\Users\scott\soccer-video\out\atomic_clips\2025-10-04__TSC_vs_FC\013__2025-10-04__TSC_vs_FC_Tulsa_Black__BUILD_UP_PLAY__t77400.00-t78360.00.__CINEMATIC.__CINEMATIC.__CINEMATIC.__CINEMATIC.__CINEMATIC.mp4","2458275","False","0","","False","False","False","C:\Users\scott\soccer-video\out\atomic_clips\2025-10-04__TSC_vs_FC"
"013__2025-10-04__TSC_vs_FC_Tulsa_Black__BUILD_UP_PLAY__t77400.00-t78360.00.__CINEMATIC.__CINEMATIC.__CINEMATIC.__CINEMATIC.__CINEMATIC","C:\Users\scott\soccer-video\out\atomic_clips\_quarantine\013__2025-10-04__TSC_vs_FC_Tulsa_Black__BUILD_UP_PLAY__t77400.00-t78360.00.__CINEMATIC.__CINEMATIC.__CINEMATIC.__CINEMATIC.__CINEMATIC.mp4","2458275","False","0","","False","False","False","C:\Users\scott\soccer-video\out\atomic_clips\_quarantine"
"013__2025-10-04__TSC_vs_FC_Tulsa_Black__BUILD_UP_PLAY__t77400.00-t78360.00.__CINEMATIC.__CINEMATIC.__CINEMATIC.__CINEMATIC.__CINEMATIC.__CINEMATIC","C:\Users\scott\soccer-video\out\atomic_clips\_quarantine\013__2025-10-04__TSC_vs_FC_Tulsa_Black__BUILD_UP_PLAY__t77400.00-t78360.00.__CINEMATIC.__CINEMATIC.__CINEMATIC.__CINEMATIC.__CINEMATIC.__CINEMATIC.mp4","1298458","False","0","","False","False","False","C:\Users\scott\soccer-video\out\atomic_clips\_quarantine"
"013__2025-10-04__TSC_vs_FC_Tulsa_Black__BUILD_UP_PLAY__t77400.00-t78360.00.__CINEMATIC.__CINEMATIC.__CINEMATIC.__CINEMATIC.__CINEMATIC.__CINEMATIC","C:\Users\scott\soccer-video\out\atomic_clips\2025-10-04__TSC_vs_FC\013__2025-10-04__TSC_vs_FC_Tulsa_Black__BUILD_UP_PLAY__t77400.00-t78360.00.__CINEMATIC.__CINEMATIC.__CINEMATIC.__CINEMATIC.__CINEMATIC.__CINEMATIC.mp4","1298458","False","0","","False","False","False","C:\Users\scott\soccer-video\out\atomic_clips\2025-10-04__TSC_vs_FC"
"013__2025-10-04__TSC_vs_FC_Tulsa_Black__BUILD_UP_PLAY__t77400.00-t78360.00.__CINEMATIC.__CINEMATIC.__CINEMATIC.__CINEMATIC.__CINEMATIC.__CINEMATIC.__CINEMATIC","C:\Users\scott\soccer-video\out\atomic_clips\2025-10-04__TSC_vs_FC\013__2025-10-04__TSC_vs_FC_Tulsa_Black__BUILD_UP_PLAY__t77400.00-t78360.00.__CINEMATIC.__CINEMATIC.__CINEMATIC.__CINEMATIC.__CINEMATIC.__CINEMATIC.__CINEMATIC.mp4","1068450","False","0","","False","False","False","C:\Users\scott\soccer-video\out\atomic_clips\2025-10-04__TSC_vs_FC"
"013__Dribbling & Shot__1_02_55-1_03_10","C:\Users\scott\soccer-video\out\atomic_clips\2025-11-04__TSC_-_Navy_Oct_2025\013__Dribbling & Shot__1_02_55-1_03_10.mp4","4971309","False","0","","False","False","False","C:\Users\scott\soccer-video\out\atomic_clips\2025-11-04__TSC_-_Navy_Oct_2025"
"013__Dribbling & Shot__1_02_55-1_03_10.__CINEMATIC","C:\Users\scott\soccer-video\out\atomic_clips\2025-11-04__TSC_-_Navy_Oct_2025\013__Dribbling & Shot__1_02_55-1_03_10.__CINEMATIC.mp4","7573772","False","0","","False","False","False","C:\Users\scott\soccer-video\out\atomic_clips\2025-11-04__TSC_-_Navy_Oct_2025"
"013__Dribbling & Shot__1_02_55-1_03_10.__CINEMATIC.__CINEMATIC","C:\Users\scott\soccer-video\out\atomic_clips\2025-11-04__TSC_-_Navy_Oct_2025\013__Dribbling & Shot__1_02_55-1_03_10.__CINEMATIC.__CINEMATIC.mp4","5823783","False","0","","False","False","False","C:\Users\scott\soccer-video\out\atomic_clips\2025-11-04__TSC_-_Navy_Oct_2025"
"013__Dribbling & Shot__1_02_55-1_03_10.__CINEMATIC.__CINEMATIC.__CINEMATIC","C:\Users\scott\soccer-video\out\atomic_clips\2025-11-04__TSC_-_Navy_Oct_2025\013__Dribbling & Shot__1_02_55-1_03_10.__CINEMATIC.__CINEMATIC.__CINEMATIC.mp4","4535108","False","0","","False","False","False","C:\Users\scott\soccer-video\out\atomic_clips\2025-11-04__TSC_-_Navy_Oct_2025"
"013__Dribbling & Shot__1_02_55-1_03_10.__CINEMATIC.__CINEMATIC.__CINEMATIC.__CINEMATIC","C:\Users\scott\soccer-video\out\atomic_clips\2025-11-04__TSC_-_Navy_Oct_2025\013__Dribbling & Shot__1_02_55-1_03_10.__CINEMATIC.__CINEMATIC.__CINEMATIC.__CINEMATIC.mp4","3261746","False","0","","False","False","False","C:\Users\scott\soccer-video\out\atomic_clips\2025-11-04__TSC_-_Navy_Oct_2025"
"013__Dribbling & Shot__1_02_55-1_03_10.__CINEMATIC.__CINEMATIC.__CINEMATIC.__CINEMATIC.__CINEMATIC","C:\Users\scott\soccer-video\out\atomic_clips\2025-11-04__TSC_-_Navy_Oct_2025\013__Dribbling & Shot__1_02_55-1_03_10.__CINEMATIC.__CINEMATIC.__CINEMATIC.__CINEMATIC.__CINEMATIC.mp4","1519084","False","0","","False","False","False","C:\Users\scott\soccer-video\out\atomic_clips\2025-11-04__TSC_-_Navy_Oct_2025"
"013__Dribbling & Shot__1_02_55-1_03_10.__CINEMATIC.__CINEMATIC.__CINEMATIC.__CINEMATIC.__CINEMATIC.__CINEMATIC","C:\Users\scott\soccer-video\out\atomic_clips\2025-11-04__TSC_-_Navy_Oct_2025\013__Dribbling & Shot__1_02_55-1_03_10.__CINEMATIC.__CINEMATIC.__CINEMATIC.__CINEMATIC.__CINEMATIC.__CINEMATIC.mp4","998416","False","0","","False","False","False","C:\Users\scott\soccer-video\out\atomic_clips\2025-11-04__TSC_-_Navy_Oct_2025"
"013__Dribbling & Shot__1_02_55-1_03_10.__CINEMATIC.__CINEMATIC.__CINEMATIC.__CINEMATIC.__CINEMATIC.__CINEMATIC.__CINEMATIC","C:\Users\scott\soccer-video\out\atomic_clips\2025-11-04__TSC_-_Navy_Oct_2025\013__Dribbling & Shot__1_02_55-1_03_10.__CINEMATIC.__CINEMATIC.__CINEMATIC.__CINEMATIC.__CINEMATIC.__CINEMATIC.__CINEMATIC.mp4","920934","False","0","","False","False","False","C:\Users\scott\soccer-video\out\atomic_clips\2025-11-04__TSC_-_Navy_Oct_2025"
"013__GOAL__t1767.50-t1772.60","C:\Users\scott\soccer-video\out\atomic_clips\misc\013__GOAL__t1767.50-t1772.60.mp4","6880050","False","0","","False","False","False","C:\Users\scott\soccer-video\out\atomic_clips\misc"
"013__GOAL__t1767.50-t1772.60","C:\Users\scott\soccer-video\out\atomic_clips\_quarantine\013__GOAL__t1767.50-t1772.60.mp4","7936081","False","0","","False","False","False","C:\Users\scott\soccer-video\out\atomic_clips\_quarantine"
"013__GOAL__t1767.50-t1772.60.__CINEMATIC","C:\Users\scott\soccer-video\out\atomic_clips\_quarantine\013__GOAL__t1767.50-t1772.60.__CINEMATIC.mp4","3852667","False","0","","False","False","False","C:\Users\scott\soccer-video\out\atomic_clips\_quarantine"
"013__GOAL__t1767.50-t1772.60.__CINEMATIC","C:\Users\scott\soccer-video\out\atomic_clips\misc\013__GOAL__t1767.50-t1772.60.__CINEMATIC.mp4","3766832","False","0","","False","False","False","C:\Users\scott\soccer-video\out\atomic_clips\misc"
"013__GOAL__t1767.50-t1772.60.__CINEMATIC.__CINEMATIC","C:\Users\scott\soccer-video\out\atomic_clips\_quarantine\013__GOAL__t1767.50-t1772.60.__CINEMATIC.__CINEMATIC.mp4","3288999","False","0","","False","False","False","C:\Users\scott\soccer-video\out\atomic_clips\_quarantine"
"013__GOAL__t1767.50-t1772.60.__CINEMATIC.__CINEMATIC","C:\Users\scott\soccer-video\out\atomic_clips\misc\013__GOAL__t1767.50-t1772.60.__CINEMATIC.__CINEMATIC.mp4","2863186","False","0","","False","False","False","C:\Users\scott\soccer-video\out\atomic_clips\misc"
"013__GOAL__t1767.50-t1772.60.__CINEMATIC.__CINEMATIC.__CINEMATIC","C:\Users\scott\soccer-video\out\atomic_clips\misc\013__GOAL__t1767.50-t1772.60.__CINEMATIC.__CINEMATIC.__CINEMATIC.mp4","2523676","False","0","","False","False","False","C:\Users\scott\soccer-video\out\atomic_clips\misc"
"013__GOAL__t1767.50-t1772.60.__CINEMATIC.__CINEMATIC.__CINEMATIC","C:\Users\scott\soccer-video\out\atomic_clips\_quarantine\013__GOAL__t1767.50-t1772.60.__CINEMATIC.__CINEMATIC.__CINEMATIC.mp4","2858431","False","0","","False","False","False","C:\Users\scott\soccer-video\out\atomic_clips\_quarantine"
"013__GOAL__t1767.50-t1772.60.__CINEMATIC.__CINEMATIC.__CINEMATIC.__CINEMATIC","C:\Users\scott\soccer-video\out\atomic_clips\misc\013__GOAL__t1767.50-t1772.60.__CINEMATIC.__CINEMATIC.__CINEMATIC.__CINEMATIC.mp4","2317057","False","0","","False","False","False","C:\Users\scott\soccer-video\out\atomic_clips\misc"
"013__GOAL__t1767.50-t1772.60.__CINEMATIC.__CINEMATIC.__CINEMATIC.__CINEMATIC","C:\Users\scott\soccer-video\out\atomic_clips\_quarantine\013__GOAL__t1767.50-t1772.60.__CINEMATIC.__CINEMATIC.__CINEMATIC.__CINEMATIC.mp4","2171082","False","0","","False","False","False","C:\Users\scott\soccer-video\out\atomic_clips\_quarantine"
"013__GOAL__t1767.50-t1772.60.__CINEMATIC.__CINEMATIC.__CINEMATIC.__CINEMATIC.__CINEMATIC","C:\Users\scott\soccer-video\out\atomic_clips\misc\013__GOAL__t1767.50-t1772.60.__CINEMATIC.__CINEMATIC.__CINEMATIC.__CINEMATIC.__CINEMATIC.mp4","1390558","False","0","","False","False","False","C:\Users\scott\soccer-video\out\atomic_clips\misc"
"013__GOAL__t1767.50-t1772.60.__CINEMATIC.__CINEMATIC.__CINEMATIC.__CINEMATIC.__CINEMATIC","C:\Users\scott\soccer-video\out\atomic_clips\_quarantine\013__GOAL__t1767.50-t1772.60.__CINEMATIC.__CINEMATIC.__CINEMATIC.__CINEMATIC.__CINEMATIC.mp4","953338","False","0","","False","False","False","C:\Users\scott\soccer-video\out\atomic_clips\_quarantine"
"013__GOAL__t1767.50-t1772.60.__CINEMATIC.__CINEMATIC.__CINEMATIC.__CINEMATIC.__CINEMATIC.__CINEMATIC","C:\Users\scott\soccer-video\out\atomic_clips\misc\013__GOAL__t1767.50-t1772.60.__CINEMATIC.__CINEMATIC.__CINEMATIC.__CINEMATIC.__CINEMATIC.__CINEMATIC.mp4","789554","False","0","","False","False","False","C:\Users\scott\soccer-video\out\atomic_clips\misc"
"013__GOAL__t1767.50-t1772.60.__CINEMATIC.__CINEMATIC.__CINEMATIC.__CINEMATIC.__CINEMATIC.__CINEMATIC","C:\Users\scott\soccer-video\out\atomic_clips\_quarantine\013__GOAL__t1767.50-t1772.60.__CINEMATIC.__CINEMATIC.__CINEMATIC.__CINEMATIC.__CINEMATIC.__CINEMATIC.mp4","580668","False","0","","False","False","False","C:\Users\scott\soccer-video\out\atomic_clips\_quarantine"
"013__GOAL__t1767.50-t1772.60.__CINEMATIC.__CINEMATIC.__CINEMATIC.__CINEMATIC.__CINEMATIC.__CINEMATIC.__CINEMATIC","C:\Users\scott\soccer-video\out\atomic_clips\misc\013__GOAL__t1767.50-t1772.60.__CINEMATIC.__CINEMATIC.__CINEMATIC.__CINEMATIC.__CINEMATIC.__CINEMATIC.__CINEMATIC.mp4","645032","False","0","","False","False","False","C:\Users\scott\soccer-video\out\atomic_clips\misc"
"013__GOAL__t1767.50-t1772.60.__CINEMATIC.__CINEMATIC.__CINEMATIC.__CINEMATIC.__CINEMATIC.__CINEMATIC.__CINEMATIC","C:\Users\scott\soccer-video\out\atomic_clips\_quarantine\013__GOAL__t1767.50-t1772.60.__CINEMATIC.__CINEMATIC.__CINEMATIC.__CINEMATIC.__CINEMATIC.__CINEMATIC.__CINEMATIC.mp4","518155","False","0","","False","False","False","C:\Users\scott\soccer-video\out\atomic_clips\_quarantine"
"013__GOAL__t1767.50-t1772.60.__CINEMATIC.__CINEMATIC.__CINEMATIC.__CINEMATIC.__CINEMATIC.__CINEMATIC.__CINEMATIC.__CINEMATIC","C:\Users\scott\soccer-video\out\atomic_clips\_quarantine\013__GOAL__t1767.50-t1772.60.__CINEMATIC.__CINEMATIC.__CINEMATIC.__CINEMATIC.__CINEMATIC.__CINEMATIC.__CINEMATIC.__CINEMATIC.mp4","500672","False","0","","False","False","False","C:\Users\scott\soccer-video\out\atomic_clips\_quarantine"
"014__2025-09-13__TSC_vs_NEOFC__GOAL__t1904.20-t1925.20_portrait_POST","C:\Users\scott\soccer-video\out\atomic_clips\2025-09-13__TSC_vs_NEOFC\014__2025-09-13__TSC_vs_NEOFC__GOAL__t1904.20-t1925.20_portrait_POST.mp4","34452008","False","0","","False","False","False","C:\Users\scott\soccer-video\out\atomic_clips\2025-09-13__TSC_vs_NEOFC"
"014__2025-09-13__TSC_vs_NEOFC__GOAL__t1904.20-t1925.20_portrait_POST.__CINEMATIC","C:\Users\scott\soccer-video\out\atomic_clips\2025-09-13__TSC_vs_NEOFC\014__2025-09-13__TSC_vs_NEOFC__GOAL__t1904.20-t1925.20_portrait_POST.__CINEMATIC.mp4","12064517","False","0","","False","False","False","C:\Users\scott\soccer-video\out\atomic_clips\2025-09-13__TSC_vs_NEOFC"
"014__2025-09-13__TSC_vs_NEOFC__GOAL__t1904.20-t1925.20_portrait_POST.__CINEMATIC.__CINEMATIC","C:\Users\scott\soccer-video\out\atomic_clips\2025-09-13__TSC_vs_NEOFC\014__2025-09-13__TSC_vs_NEOFC__GOAL__t1904.20-t1925.20_portrait_POST.__CINEMATIC.__CINEMATIC.mp4","10072644","False","0","","False","False","False","C:\Users\scott\soccer-video\out\atomic_clips\2025-09-13__TSC_vs_NEOFC"
"014__2025-09-13__TSC_vs_NEOFC__GOAL__t1904.20-t1925.20_portrait_POST.__CINEMATIC.__CINEMATIC.__CINEMATIC","C:\Users\scott\soccer-video\out\atomic_clips\2025-09-13__TSC_vs_NEOFC\014__2025-09-13__TSC_vs_NEOFC__GOAL__t1904.20-t1925.20_portrait_POST.__CINEMATIC.__CINEMATIC.__CINEMATIC.mp4","9439548","False","0","","False","False","False","C:\Users\scott\soccer-video\out\atomic_clips\2025-09-13__TSC_vs_NEOFC"
"014__2025-09-13__TSC_vs_NEOFC__GOAL__t1904.20-t1925.20_portrait_POST.__CINEMATIC.__CINEMATIC.__CINEMATIC.__CINEMATIC","C:\Users\scott\soccer-video\out\atomic_clips\2025-09-13__TSC_vs_NEOFC\014__2025-09-13__TSC_vs_NEOFC__GOAL__t1904.20-t1925.20_portrait_POST.__CINEMATIC.__CINEMATIC.__CINEMATIC.__CINEMATIC.mp4","7385965","False","0","","False","False","False","C:\Users\scott\soccer-video\out\atomic_clips\2025-09-13__TSC_vs_NEOFC"
"014__2025-09-13__TSC_vs_NEOFC__GOAL__t1904.20-t1925.20_portrait_POST.__CINEMATIC.__CINEMATIC.__CINEMATIC.__CINEMATIC.__CINEMATIC","C:\Users\scott\soccer-video\out\atomic_clips\2025-09-13__TSC_vs_NEOFC\014__2025-09-13__TSC_vs_NEOFC__GOAL__t1904.20-t1925.20_portrait_POST.__CINEMATIC.__CINEMATIC.__CINEMATIC.__CINEMATIC.__CINEMATIC.mp4","2804191","False","0","","False","False","False","C:\Users\scott\soccer-video\out\atomic_clips\2025-09-13__TSC_vs_NEOFC"
"014__2025-09-13__TSC_vs_NEOFC__GOAL__t1904.20-t1925.20_portrait_POST.__CINEMATIC.__CINEMATIC.__CINEMATIC.__CINEMATIC.__CINEMATIC.__CINEMATIC","C:\Users\scott\soccer-video\out\atomic_clips\2025-09-13__TSC_vs_NEOFC\014__2025-09-13__TSC_vs_NEOFC__GOAL__t1904.20-t1925.20_portrait_POST.__CINEMATIC.__CINEMATIC.__CINEMATIC.__CINEMATIC.__CINEMATIC.__CINEMATIC.mp4","1242286","False","0","","False","False","False","C:\Users\scott\soccer-video\out\atomic_clips\2025-09-13__TSC_vs_NEOFC"
"014__2025-09-13__TSC_vs_NEOFC__GOAL__t1904.20-t1925.20_portrait_POST.__CINEMATIC.__CINEMATIC.__CINEMATIC.__CINEMATIC.__CINEMATIC.__CINEMATIC.__CINEMATIC","C:\Users\scott\soccer-video\out\atomic_clips\2025-09-13__TSC_vs_NEOFC\014__2025-09-13__TSC_vs_NEOFC__GOAL__t1904.20-t1925.20_portrait_POST.__CINEMATIC.__CINEMATIC.__CINEMATIC.__CINEMATIC.__CINEMATIC.__CINEMATIC.__CINEMATIC.mp4","1089283","False","0","","False","False","False","C:\Users\scott\soccer-video\out\atomic_clips\2025-09-13__TSC_vs_NEOFC"
"014__2025-09-20__TSC_vs_Greenwood__PRESSURE_SHOT__t63780.00-t64380.00","C:\Users\scott\soccer-video\out\atomic_clips\_quarantine\014__2025-09-20__TSC_vs_Greenwood__PRESSURE_SHOT__t63780.00-t64380.00.mp4","3039710","False","0","","False","False","False","C:\Users\scott\soccer-video\out\atomic_clips\_quarantine"
"014__2025-09-20__TSC_vs_RVFC__DEFENSE_BUILD_UP__t52800.00-t53820.00","C:\Users\scott\soccer-video\out\atomic_clips\_quarantine\014__2025-09-20__TSC_vs_RVFC__DEFENSE_BUILD_UP__t52800.00-t53820.00.mp4","866337","False","0","","False","False","False","C:\Users\scott\soccer-video\out\atomic_clips\_quarantine"
"014__2025-10-04__TSC_vs_FC_Tulsa_Black__SHOT__t2354400.00-t2394000.00","C:\Users\scott\soccer-video\out\atomic_clips\_quarantine\014__2025-10-04__TSC_vs_FC_Tulsa_Black__SHOT__t2354400.00-t2394000.00.mp4","2635807","False","0","","False","False","False","C:\Users\scott\soccer-video\out\atomic_clips\_quarantine"
"014__2025-10-04__TSC_vs_FC_Tulsa_Black__SHOT__t2354400.00-t2394000.00","C:\Users\scott\soccer-video\out\atomic_clips\2025-10-04__TSC_vs_FC\014__2025-10-04__TSC_vs_FC_Tulsa_Black__SHOT__t2354400.00-t2394000.00.mp4","382827","False","0","","False","False","False","C:\Users\scott\soccer-video\out\atomic_clips\2025-10-04__TSC_vs_FC"
"014__2025-10-04__TSC_vs_FC_Tulsa_Black__SHOT__t2354400.00-t2394000.00.__CINEMATIC","C:\Users\scott\soccer-video\out\atomic_clips\2025-10-04__TSC_vs_FC\014__2025-10-04__TSC_vs_FC_Tulsa_Black__SHOT__t2354400.00-t2394000.00.__CINEMATIC.mp4","204200","False","0","","False","False","False","C:\Users\scott\soccer-video\out\atomic_clips\2025-10-04__TSC_vs_FC"
"014__2025-10-04__TSC_vs_FC_Tulsa_Black__SHOT__t2354400.00-t2394000.00.__CINEMATIC","C:\Users\scott\soccer-video\out\atomic_clips\_quarantine\014__2025-10-04__TSC_vs_FC_Tulsa_Black__SHOT__t2354400.00-t2394000.00.__CINEMATIC.mp4","204200","False","0","","False","False","False","C:\Users\scott\soccer-video\out\atomic_clips\_quarantine"
"014__2025-10-04__TSC_vs_FC_Tulsa_Black__SHOT__t2354400.00-t2394000.00.__CINEMATIC.__CINEMATIC","C:\Users\scott\soccer-video\out\atomic_clips\2025-10-04__TSC_vs_FC\014__2025-10-04__TSC_vs_FC_Tulsa_Black__SHOT__t2354400.00-t2394000.00.__CINEMATIC.__CINEMATIC.mp4","162501","False","0","","False","False","False","C:\Users\scott\soccer-video\out\atomic_clips\2025-10-04__TSC_vs_FC"
"014__2025-10-04__TSC_vs_FC_Tulsa_Black__SHOT__t2354400.00-t2394000.00.__CINEMATIC.__CINEMATIC","C:\Users\scott\soccer-video\out\atomic_clips\_quarantine\014__2025-10-04__TSC_vs_FC_Tulsa_Black__SHOT__t2354400.00-t2394000.00.__CINEMATIC.__CINEMATIC.mp4","134344","False","0","","False","False","False","C:\Users\scott\soccer-video\out\atomic_clips\_quarantine"
"014__2025-10-04__TSC_vs_FC_Tulsa_Black__SHOT__t2354400.00-t2394000.00.__CINEMATIC.__CINEMATIC.__CINEMATIC","C:\Users\scott\soccer-video\out\atomic_clips\_quarantine\014__2025-10-04__TSC_vs_FC_Tulsa_Black__SHOT__t2354400.00-t2394000.00.__CINEMATIC.__CINEMATIC.__CINEMATIC.mp4","110963","False","0","","False","False","False","C:\Users\scott\soccer-video\out\atomic_clips\_quarantine"
"014__2025-10-04__TSC_vs_FC_Tulsa_Black__SHOT__t2354400.00-t2394000.00.__CINEMATIC.__CINEMATIC.__CINEMATIC","C:\Users\scott\soccer-video\out\atomic_clips\2025-10-04__TSC_vs_FC\014__2025-10-04__TSC_vs_FC_Tulsa_Black__SHOT__t2354400.00-t2394000.00.__CINEMATIC.__CINEMATIC.__CINEMATIC.mp4","134344","False","0","","False","False","False","C:\Users\scott\soccer-video\out\atomic_clips\2025-10-04__TSC_vs_FC"
"014__2025-10-04__TSC_vs_FC_Tulsa_Black__SHOT__t2354400.00-t2394000.00.__CINEMATIC.__CINEMATIC.__CINEMATIC.__CINEMATIC","C:\Users\scott\soccer-video\out\atomic_clips\_quarantine\014__2025-10-04__TSC_vs_FC_Tulsa_Black__SHOT__t2354400.00-t2394000.00.__CINEMATIC.__CINEMATIC.__CINEMATIC.__CINEMATIC.mp4","90612","False","0","","False","False","False","C:\Users\scott\soccer-video\out\atomic_clips\_quarantine"
"014__2025-10-04__TSC_vs_FC_Tulsa_Black__SHOT__t2354400.00-t2394000.00.__CINEMATIC.__CINEMATIC.__CINEMATIC.__CINEMATIC","C:\Users\scott\soccer-video\out\atomic_clips\2025-10-04__TSC_vs_FC\014__2025-10-04__TSC_vs_FC_Tulsa_Black__SHOT__t2354400.00-t2394000.00.__CINEMATIC.__CINEMATIC.__CINEMATIC.__CINEMATIC.mp4","110963","False","0","","False","False","False","C:\Users\scott\soccer-video\out\atomic_clips\2025-10-04__TSC_vs_FC"
"014__2025-10-04__TSC_vs_FC_Tulsa_Black__SHOT__t2354400.00-t2394000.00.__CINEMATIC.__CINEMATIC.__CINEMATIC.__CINEMATIC.__CINEMATIC","C:\Users\scott\soccer-video\out\atomic_clips\_quarantine\014__2025-10-04__TSC_vs_FC_Tulsa_Black__SHOT__t2354400.00-t2394000.00.__CINEMATIC.__CINEMATIC.__CINEMATIC.__CINEMATIC.__CINEMATIC.mp4","73865","False","0","","False","False","False","C:\Users\scott\soccer-video\out\atomic_clips\_quarantine"
"014__2025-10-04__TSC_vs_FC_Tulsa_Black__SHOT__t2354400.00-t2394000.00.__CINEMATIC.__CINEMATIC.__CINEMATIC.__CINEMATIC.__CINEMATIC","C:\Users\scott\soccer-video\out\atomic_clips\2025-10-04__TSC_vs_FC\014__2025-10-04__TSC_vs_FC_Tulsa_Black__SHOT__t2354400.00-t2394000.00.__CINEMATIC.__CINEMATIC.__CINEMATIC.__CINEMATIC.__CINEMATIC.mp4","73865","False","0","","False","False","False","C:\Users\scott\soccer-video\out\atomic_clips\2025-10-04__TSC_vs_FC"
"014__2025-10-04__TSC_vs_FC_Tulsa_Black__SHOT__t2354400.00-t2394000.00.__CINEMATIC.__CINEMATIC.__CINEMATIC.__CINEMATIC.__CINEMATIC.__CINEMATIC","C:\Users\scott\soccer-video\out\atomic_clips\_quarantine\014__2025-10-04__TSC_vs_FC_Tulsa_Black__SHOT__t2354400.00-t2394000.00.__CINEMATIC.__CINEMATIC.__CINEMATIC.__CINEMATIC.__CINEMATIC.__CINEMATIC.mp4","49914","False","0","","False","False","False","C:\Users\scott\soccer-video\out\atomic_clips\_quarantine"
"014__2025-10-04__TSC_vs_FC_Tulsa_Black__SHOT__t2354400.00-t2394000.00.__CINEMATIC.__CINEMATIC.__CINEMATIC.__CINEMATIC.__CINEMATIC.__CINEMATIC","C:\Users\scott\soccer-video\out\atomic_clips\2025-10-04__TSC_vs_FC\014__2025-10-04__TSC_vs_FC_Tulsa_Black__SHOT__t2354400.00-t2394000.00.__CINEMATIC.__CINEMATIC.__CINEMATIC.__CINEMATIC.__CINEMATIC.__CINEMATIC.mp4","49914","False","0","","False","False","False","C:\Users\scott\soccer-video\out\atomic_clips\2025-10-04__TSC_vs_FC"
"014__2025-10-04__TSC_vs_FC_Tulsa_Black__SHOT__t2354400.00-t2394000.00.__CINEMATIC.__CINEMATIC.__CINEMATIC.__CINEMATIC.__CINEMATIC.__CINEMATIC.__CINEMATIC","C:\Users\scott\soccer-video\out\atomic_clips\2025-10-04__TSC_vs_FC\014__2025-10-04__TSC_vs_FC_Tulsa_Black__SHOT__t2354400.00-t2394000.00.__CINEMATIC.__CINEMATIC.__CINEMATIC.__CINEMATIC.__CINEMATIC.__CINEMATIC.__CINEMATIC.mp4","42460","False","0","","False","False","False","C:\Users\scott\soccer-video\out\atomic_clips\2025-10-04__TSC_vs_FC"
"014__GOAL__t1904.20-t1925.20","C:\Users\scott\soccer-video\out\atomic_clips\_quarantine\014__GOAL__t1904.20-t1925.20.mp4","31778614","False","0","","False","False","False","C:\Users\scott\soccer-video\out\atomic_clips\_quarantine"
"014__GOAL__t1904.20-t1925.20","C:\Users\scott\soccer-video\out\atomic_clips\misc\014__GOAL__t1904.20-t1925.20.mp4","32857819","False","0","","False","False","False","C:\Users\scott\soccer-video\out\atomic_clips\misc"
"014__GOAL__t1904.20-t1925.20.__CINEMATIC","C:\Users\scott\soccer-video\out\atomic_clips\_quarantine\014__GOAL__t1904.20-t1925.20.__CINEMATIC.mp4","13814878","False","0","","False","False","False","C:\Users\scott\soccer-video\out\atomic_clips\_quarantine"
"014__GOAL__t1904.20-t1925.20.__CINEMATIC","C:\Users\scott\soccer-video\out\atomic_clips\misc\014__GOAL__t1904.20-t1925.20.__CINEMATIC.mp4","12975977","False","0","","False","False","False","C:\Users\scott\soccer-video\out\atomic_clips\misc"
"014__GOAL__t1904.20-t1925.20.__CINEMATIC.__CINEMATIC","C:\Users\scott\soccer-video\out\atomic_clips\_quarantine\014__GOAL__t1904.20-t1925.20.__CINEMATIC.__CINEMATIC.mp4","11671035","False","0","","False","False","False","C:\Users\scott\soccer-video\out\atomic_clips\_quarantine"
"014__GOAL__t1904.20-t1925.20.__CINEMATIC.__CINEMATIC","C:\Users\scott\soccer-video\out\atomic_clips\misc\014__GOAL__t1904.20-t1925.20.__CINEMATIC.__CINEMATIC.mp4","9135646","False","0","","False","False","False","C:\Users\scott\soccer-video\out\atomic_clips\misc"
"014__GOAL__t1904.20-t1925.20.__CINEMATIC.__CINEMATIC.__CINEMATIC","C:\Users\scott\soccer-video\out\atomic_clips\misc\014__GOAL__t1904.20-t1925.20.__CINEMATIC.__CINEMATIC.__CINEMATIC.mp4","7955063","False","0","","False","False","False","C:\Users\scott\soccer-video\out\atomic_clips\misc"
"014__GOAL__t1904.20-t1925.20.__CINEMATIC.__CINEMATIC.__CINEMATIC","C:\Users\scott\soccer-video\out\atomic_clips\_quarantine\014__GOAL__t1904.20-t1925.20.__CINEMATIC.__CINEMATIC.__CINEMATIC.mp4","10873783","False","0","","False","False","False","C:\Users\scott\soccer-video\out\atomic_clips\_quarantine"
"014__GOAL__t1904.20-t1925.20.__CINEMATIC.__CINEMATIC.__CINEMATIC.__CINEMATIC","C:\Users\scott\soccer-video\out\atomic_clips\misc\014__GOAL__t1904.20-t1925.20.__CINEMATIC.__CINEMATIC.__CINEMATIC.__CINEMATIC.mp4","7347364","False","0","","False","False","False","C:\Users\scott\soccer-video\out\atomic_clips\misc"
"014__GOAL__t1904.20-t1925.20.__CINEMATIC.__CINEMATIC.__CINEMATIC.__CINEMATIC","C:\Users\scott\soccer-video\out\atomic_clips\_quarantine\014__GOAL__t1904.20-t1925.20.__CINEMATIC.__CINEMATIC.__CINEMATIC.__CINEMATIC.mp4","8331118","False","0","","False","False","False","C:\Users\scott\soccer-video\out\atomic_clips\_quarantine"
"014__GOAL__t1904.20-t1925.20.__CINEMATIC.__CINEMATIC.__CINEMATIC.__CINEMATIC.__CINEMATIC","C:\Users\scott\soccer-video\out\atomic_clips\misc\014__GOAL__t1904.20-t1925.20.__CINEMATIC.__CINEMATIC.__CINEMATIC.__CINEMATIC.__CINEMATIC.mp4","4044246","False","0","","False","False","False","C:\Users\scott\soccer-video\out\atomic_clips\misc"
"014__GOAL__t1904.20-t1925.20.__CINEMATIC.__CINEMATIC.__CINEMATIC.__CINEMATIC.__CINEMATIC","C:\Users\scott\soccer-video\out\atomic_clips\_quarantine\014__GOAL__t1904.20-t1925.20.__CINEMATIC.__CINEMATIC.__CINEMATIC.__CINEMATIC.__CINEMATIC.mp4","3225944","False","0","","False","False","False","C:\Users\scott\soccer-video\out\atomic_clips\_quarantine"
"014__GOAL__t1904.20-t1925.20.__CINEMATIC.__CINEMATIC.__CINEMATIC.__CINEMATIC.__CINEMATIC.__CINEMATIC","C:\Users\scott\soccer-video\out\atomic_clips\misc\014__GOAL__t1904.20-t1925.20.__CINEMATIC.__CINEMATIC.__CINEMATIC.__CINEMATIC.__CINEMATIC.__CINEMATIC.mp4","1606649","False","0","","False","False","False","C:\Users\scott\soccer-video\out\atomic_clips\misc"
"014__GOAL__t1904.20-t1925.20.__CINEMATIC.__CINEMATIC.__CINEMATIC.__CINEMATIC.__CINEMATIC.__CINEMATIC","C:\Users\scott\soccer-video\out\atomic_clips\_quarantine\014__GOAL__t1904.20-t1925.20.__CINEMATIC.__CINEMATIC.__CINEMATIC.__CINEMATIC.__CINEMATIC.__CINEMATIC.mp4","1494757","False","0","","False","False","False","C:\Users\scott\soccer-video\out\atomic_clips\_quarantine"
"014__GOAL__t1904.20-t1925.20.__CINEMATIC.__CINEMATIC.__CINEMATIC.__CINEMATIC.__CINEMATIC.__CINEMATIC.__CINEMATIC","C:\Users\scott\soccer-video\out\atomic_clips\_quarantine\014__GOAL__t1904.20-t1925.20.__CINEMATIC.__CINEMATIC.__CINEMATIC.__CINEMATIC.__CINEMATIC.__CINEMATIC.__CINEMATIC.mp4","1325272","False","0","","False","False","False","C:\Users\scott\soccer-video\out\atomic_clips\_quarantine"
"014__GOAL__t1904.20-t1925.20.__CINEMATIC.__CINEMATIC.__CINEMATIC.__CINEMATIC.__CINEMATIC.__CINEMATIC.__CINEMATIC","C:\Users\scott\soccer-video\out\atomic_clips\misc\014__GOAL__t1904.20-t1925.20.__CINEMATIC.__CINEMATIC.__CINEMATIC.__CINEMATIC.__CINEMATIC.__CINEMATIC.__CINEMATIC.mp4","1161552","False","0","","False","False","False","C:\Users\scott\soccer-video\out\atomic_clips\misc"
"014__GOAL__t1904.20-t1925.20.__CINEMATIC.__CINEMATIC.__CINEMATIC.__CINEMATIC.__CINEMATIC.__CINEMATIC.__CINEMATIC.__CINEMATIC","C:\Users\scott\soccer-video\out\atomic_clips\_quarantine\014__GOAL__t1904.20-t1925.20.__CINEMATIC.__CINEMATIC.__CINEMATIC.__CINEMATIC.__CINEMATIC.__CINEMATIC.__CINEMATIC.__CINEMATIC.mp4","1315933","False","0","","False","False","False","C:\Users\scott\soccer-video\out\atomic_clips\_quarantine"
"015__2025-09-13__TSC_vs_NEOFC__DRIBBLING__t1972.50-t1980.70_portrait_POST","C:\Users\scott\soccer-video\out\atomic_clips\2025-09-13__TSC_vs_NEOFC\015__2025-09-13__TSC_vs_NEOFC__DRIBBLING__t1972.50-t1980.70_portrait_POST.mp4","15667717","False","0","","False","False","False","C:\Users\scott\soccer-video\out\atomic_clips\2025-09-13__TSC_vs_NEOFC"
"015__2025-09-13__TSC_vs_NEOFC__DRIBBLING__t1972.50-t1980.70_portrait_POST.__CINEMATIC","C:\Users\scott\soccer-video\out\atomic_clips\2025-09-13__TSC_vs_NEOFC\015__2025-09-13__TSC_vs_NEOFC__DRIBBLING__t1972.50-t1980.70_portrait_POST.__CINEMATIC.mp4","5797126","False","0","","False","False","False","C:\Users\scott\soccer-video\out\atomic_clips\2025-09-13__TSC_vs_NEOFC"
"015__2025-09-13__TSC_vs_NEOFC__DRIBBLING__t1972.50-t1980.70_portrait_POST.__CINEMATIC.__CINEMATIC","C:\Users\scott\soccer-video\out\atomic_clips\2025-09-13__TSC_vs_NEOFC\015__2025-09-13__TSC_vs_NEOFC__DRIBBLING__t1972.50-t1980.70_portrait_POST.__CINEMATIC.__CINEMATIC.mp4","4850051","False","0","","False","False","False","C:\Users\scott\soccer-video\out\atomic_clips\2025-09-13__TSC_vs_NEOFC"
"015__2025-09-13__TSC_vs_NEOFC__DRIBBLING__t1972.50-t1980.70_portrait_POST.__CINEMATIC.__CINEMATIC.__CINEMATIC","C:\Users\scott\soccer-video\out\atomic_clips\2025-09-13__TSC_vs_NEOFC\015__2025-09-13__TSC_vs_NEOFC__DRIBBLING__t1972.50-t1980.70_portrait_POST.__CINEMATIC.__CINEMATIC.__CINEMATIC.mp4","4638315","False","0","","False","False","False","C:\Users\scott\soccer-video\out\atomic_clips\2025-09-13__TSC_vs_NEOFC"
"015__2025-09-13__TSC_vs_NEOFC__DRIBBLING__t1972.50-t1980.70_portrait_POST.__CINEMATIC.__CINEMATIC.__CINEMATIC.__CINEMATIC","C:\Users\scott\soccer-video\out\atomic_clips\2025-09-13__TSC_vs_NEOFC\015__2025-09-13__TSC_vs_NEOFC__DRIBBLING__t1972.50-t1980.70_portrait_POST.__CINEMATIC.__CINEMATIC.__CINEMATIC.__CINEMATIC.mp4","3771898","False","0","","False","False","False","C:\Users\scott\soccer-video\out\atomic_clips\2025-09-13__TSC_vs_NEOFC"
"015__2025-09-13__TSC_vs_NEOFC__DRIBBLING__t1972.50-t1980.70_portrait_POST.__CINEMATIC.__CINEMATIC.__CINEMATIC.__CINEMATIC.__CINEMATIC","C:\Users\scott\soccer-video\out\atomic_clips\2025-09-13__TSC_vs_NEOFC\015__2025-09-13__TSC_vs_NEOFC__DRIBBLING__t1972.50-t1980.70_portrait_POST.__CINEMATIC.__CINEMATIC.__CINEMATIC.__CINEMATIC.__CINEMATIC.mp4","1753232","False","0","","False","False","False","C:\Users\scott\soccer-video\out\atomic_clips\2025-09-13__TSC_vs_NEOFC"
"015__2025-09-13__TSC_vs_NEOFC__DRIBBLING__t1972.50-t1980.70_portrait_POST.__CINEMATIC.__CINEMATIC.__CINEMATIC.__CINEMATIC.__CINEMATIC.__CINEMATIC","C:\Users\scott\soccer-video\out\atomic_clips\2025-09-13__TSC_vs_NEOFC\015__2025-09-13__TSC_vs_NEOFC__DRIBBLING__t1972.50-t1980.70_portrait_POST.__CINEMATIC.__CINEMATIC.__CINEMATIC.__CINEMATIC.__CINEMATIC.__CINEMATIC.mp4","881632","False","0","","False","False","False","C:\Users\scott\soccer-video\out\atomic_clips\2025-09-13__TSC_vs_NEOFC"
"015__2025-09-13__TSC_vs_NEOFC__DRIBBLING__t1972.50-t1980.70_portrait_POST.__CINEMATIC.__CINEMATIC.__CINEMATIC.__CINEMATIC.__CINEMATIC.__CINEMATIC.__CINEMATIC","C:\Users\scott\soccer-video\out\atomic_clips\2025-09-13__TSC_vs_NEOFC\015__2025-09-13__TSC_vs_NEOFC__DRIBBLING__t1972.50-t1980.70_portrait_POST.__CINEMATIC.__CINEMATIC.__CINEMATIC.__CINEMATIC.__CINEMATIC.__CINEMATIC.__CINEMATIC.mp4","748893","False","0","","False","False","False","C:\Users\scott\soccer-video\out\atomic_clips\2025-09-13__TSC_vs_NEOFC"
"015__2025-09-20__TSC_vs_Greenwood__SHOT__t64860.00-t65280.00","C:\Users\scott\soccer-video\out\atomic_clips\_quarantine\015__2025-09-20__TSC_vs_Greenwood__SHOT__t64860.00-t65280.00.mp4","3039710","False","0","","False","False","False","C:\Users\scott\soccer-video\out\atomic_clips\_quarantine"
"015__2025-09-20__TSC_vs_RVFC__SHOT__t55800.00-t56220.00","C:\Users\scott\soccer-video\out\atomic_clips\_quarantine\015__2025-09-20__TSC_vs_RVFC__SHOT__t55800.00-t56220.00.mp4","866337","False","0","","False","False","False","C:\Users\scott\soccer-video\out\atomic_clips\_quarantine"
"015__DRIBBLING__t1972.50-t1980.70","C:\Users\scott\soccer-video\out\atomic_clips\misc\015__DRIBBLING__t1972.50-t1980.70.mp4","13886264","False","0","","False","False","False","C:\Users\scott\soccer-video\out\atomic_clips\misc"
"015__DRIBBLING__t1972.50-t1980.70","C:\Users\scott\soccer-video\out\atomic_clips\_quarantine\015__DRIBBLING__t1972.50-t1980.70.mp4","11895031","False","0","","False","False","False","C:\Users\scott\soccer-video\out\atomic_clips\_quarantine"
"015__DRIBBLING__t1972.50-t1980.70.__CINEMATIC","C:\Users\scott\soccer-video\out\atomic_clips\misc\015__DRIBBLING__t1972.50-t1980.70.__CINEMATIC.mp4","6218402","False","0","","False","False","False","C:\Users\scott\soccer-video\out\atomic_clips\misc"
"015__DRIBBLING__t1972.50-t1980.70.__CINEMATIC","C:\Users\scott\soccer-video\out\atomic_clips\_quarantine\015__DRIBBLING__t1972.50-t1980.70.__CINEMATIC.mp4","5740174","False","0","","False","False","False","C:\Users\scott\soccer-video\out\atomic_clips\_quarantine"
"015__DRIBBLING__t1972.50-t1980.70.__CINEMATIC.__CINEMATIC","C:\Users\scott\soccer-video\out\atomic_clips\misc\015__DRIBBLING__t1972.50-t1980.70.__CINEMATIC.__CINEMATIC.mp4","4753831","False","0","","False","False","False","C:\Users\scott\soccer-video\out\atomic_clips\misc"
"015__DRIBBLING__t1972.50-t1980.70.__CINEMATIC.__CINEMATIC","C:\Users\scott\soccer-video\out\atomic_clips\_quarantine\015__DRIBBLING__t1972.50-t1980.70.__CINEMATIC.__CINEMATIC.mp4","4766307","False","0","","False","False","False","C:\Users\scott\soccer-video\out\atomic_clips\_quarantine"
"015__DRIBBLING__t1972.50-t1980.70.__CINEMATIC.__CINEMATIC.__CINEMATIC","C:\Users\scott\soccer-video\out\atomic_clips\misc\015__DRIBBLING__t1972.50-t1980.70.__CINEMATIC.__CINEMATIC.__CINEMATIC.mp4","4173239","False","0","","False","False","False","C:\Users\scott\soccer-video\out\atomic_clips\misc"
"015__DRIBBLING__t1972.50-t1980.70.__CINEMATIC.__CINEMATIC.__CINEMATIC","C:\Users\scott\soccer-video\out\atomic_clips\_quarantine\015__DRIBBLING__t1972.50-t1980.70.__CINEMATIC.__CINEMATIC.__CINEMATIC.mp4","4588877","False","0","","False","False","False","C:\Users\scott\soccer-video\out\atomic_clips\_quarantine"
"015__DRIBBLING__t1972.50-t1980.70.__CINEMATIC.__CINEMATIC.__CINEMATIC.__CINEMATIC","C:\Users\scott\soccer-video\out\atomic_clips\misc\015__DRIBBLING__t1972.50-t1980.70.__CINEMATIC.__CINEMATIC.__CINEMATIC.__CINEMATIC.mp4","3662189","False","0","","False","False","False","C:\Users\scott\soccer-video\out\atomic_clips\misc"
"015__DRIBBLING__t1972.50-t1980.70.__CINEMATIC.__CINEMATIC.__CINEMATIC.__CINEMATIC","C:\Users\scott\soccer-video\out\atomic_clips\_quarantine\015__DRIBBLING__t1972.50-t1980.70.__CINEMATIC.__CINEMATIC.__CINEMATIC.__CINEMATIC.mp4","3764258","False","0","","False","False","False","C:\Users\scott\soccer-video\out\atomic_clips\_quarantine"
"015__DRIBBLING__t1972.50-t1980.70.__CINEMATIC.__CINEMATIC.__CINEMATIC.__CINEMATIC.__CINEMATIC","C:\Users\scott\soccer-video\out\atomic_clips\_quarantine\015__DRIBBLING__t1972.50-t1980.70.__CINEMATIC.__CINEMATIC.__CINEMATIC.__CINEMATIC.__CINEMATIC.mp4","1738706","False","0","","False","False","False","C:\Users\scott\soccer-video\out\atomic_clips\_quarantine"
"015__DRIBBLING__t1972.50-t1980.70.__CINEMATIC.__CINEMATIC.__CINEMATIC.__CINEMATIC.__CINEMATIC","C:\Users\scott\soccer-video\out\atomic_clips\misc\015__DRIBBLING__t1972.50-t1980.70.__CINEMATIC.__CINEMATIC.__CINEMATIC.__CINEMATIC.__CINEMATIC.mp4","1991187","False","0","","False","False","False","C:\Users\scott\soccer-video\out\atomic_clips\misc"
"015__DRIBBLING__t1972.50-t1980.70.__CINEMATIC.__CINEMATIC.__CINEMATIC.__CINEMATIC.__CINEMATIC.__CINEMATIC","C:\Users\scott\soccer-video\out\atomic_clips\_quarantine\015__DRIBBLING__t1972.50-t1980.70.__CINEMATIC.__CINEMATIC.__CINEMATIC.__CINEMATIC.__CINEMATIC.__CINEMATIC.mp4","866884","False","0","","False","False","False","C:\Users\scott\soccer-video\out\atomic_clips\_quarantine"
"015__DRIBBLING__t1972.50-t1980.70.__CINEMATIC.__CINEMATIC.__CINEMATIC.__CINEMATIC.__CINEMATIC.__CINEMATIC","C:\Users\scott\soccer-video\out\atomic_clips\misc\015__DRIBBLING__t1972.50-t1980.70.__CINEMATIC.__CINEMATIC.__CINEMATIC.__CINEMATIC.__CINEMATIC.__CINEMATIC.mp4","934003","False","0","","False","False","False","C:\Users\scott\soccer-video\out\atomic_clips\misc"
"015__DRIBBLING__t1972.50-t1980.70.__CINEMATIC.__CINEMATIC.__CINEMATIC.__CINEMATIC.__CINEMATIC.__CINEMATIC.__CINEMATIC","C:\Users\scott\soccer-video\out\atomic_clips\misc\015__DRIBBLING__t1972.50-t1980.70.__CINEMATIC.__CINEMATIC.__CINEMATIC.__CINEMATIC.__CINEMATIC.__CINEMATIC.__CINEMATIC.mp4","721435","False","0","","False","False","False","C:\Users\scott\soccer-video\out\atomic_clips\misc"
"015__DRIBBLING__t1972.50-t1980.70.__CINEMATIC.__CINEMATIC.__CINEMATIC.__CINEMATIC.__CINEMATIC.__CINEMATIC.__CINEMATIC","C:\Users\scott\soccer-video\out\atomic_clips\_quarantine\015__DRIBBLING__t1972.50-t1980.70.__CINEMATIC.__CINEMATIC.__CINEMATIC.__CINEMATIC.__CINEMATIC.__CINEMATIC.__CINEMATIC.mp4","718679","False","0","","False","False","False","C:\Users\scott\soccer-video\out\atomic_clips\_quarantine"
"015__DRIBBLING__t1972.50-t1980.70.__CINEMATIC.__CINEMATIC.__CINEMATIC.__CINEMATIC.__CINEMATIC.__CINEMATIC.__CINEMATIC.__CINEMATIC","C:\Users\scott\soccer-video\out\atomic_clips\_quarantine\015__DRIBBLING__t1972.50-t1980.70.__CINEMATIC.__CINEMATIC.__CINEMATIC.__CINEMATIC.__CINEMATIC.__CINEMATIC.__CINEMATIC.__CINEMATIC.mp4","683753","False","0","","False","False","False","C:\Users\scott\soccer-video\out\atomic_clips\_quarantine"
"016__2025-09-13__TSC_vs_NEOFC__SHOT__t2029.90-t2039.50_portrait_POST","C:\Users\scott\soccer-video\out\atomic_clips\2025-09-13__TSC_vs_NEOFC\016__2025-09-13__TSC_vs_NEOFC__SHOT__t2029.90-t2039.50_portrait_POST.mp4","17000438","False","0","","False","False","False","C:\Users\scott\soccer-video\out\atomic_clips\2025-09-13__TSC_vs_NEOFC"
"016__2025-09-13__TSC_vs_NEOFC__SHOT__t2029.90-t2039.50_portrait_POST.__CINEMATIC","C:\Users\scott\soccer-video\out\atomic_clips\2025-09-13__TSC_vs_NEOFC\016__2025-09-13__TSC_vs_NEOFC__SHOT__t2029.90-t2039.50_portrait_POST.__CINEMATIC.mp4","6163864","False","0","","False","False","False","C:\Users\scott\soccer-video\out\atomic_clips\2025-09-13__TSC_vs_NEOFC"
"016__2025-09-13__TSC_vs_NEOFC__SHOT__t2029.90-t2039.50_portrait_POST.__CINEMATIC.__CINEMATIC","C:\Users\scott\soccer-video\out\atomic_clips\2025-09-13__TSC_vs_NEOFC\016__2025-09-13__TSC_vs_NEOFC__SHOT__t2029.90-t2039.50_portrait_POST.__CINEMATIC.__CINEMATIC.mp4","4955096","False","0","","False","False","False","C:\Users\scott\soccer-video\out\atomic_clips\2025-09-13__TSC_vs_NEOFC"
"016__2025-09-13__TSC_vs_NEOFC__SHOT__t2029.90-t2039.50_portrait_POST.__CINEMATIC.__CINEMATIC.__CINEMATIC","C:\Users\scott\soccer-video\out\atomic_clips\2025-09-13__TSC_vs_NEOFC\016__2025-09-13__TSC_vs_NEOFC__SHOT__t2029.90-t2039.50_portrait_POST.__CINEMATIC.__CINEMATIC.__CINEMATIC.mp4","4762085","False","0","","False","False","False","C:\Users\scott\soccer-video\out\atomic_clips\2025-09-13__TSC_vs_NEOFC"
"016__2025-09-13__TSC_vs_NEOFC__SHOT__t2029.90-t2039.50_portrait_POST.__CINEMATIC.__CINEMATIC.__CINEMATIC.__CINEMATIC","C:\Users\scott\soccer-video\out\atomic_clips\2025-09-13__TSC_vs_NEOFC\016__2025-09-13__TSC_vs_NEOFC__SHOT__t2029.90-t2039.50_portrait_POST.__CINEMATIC.__CINEMATIC.__CINEMATIC.__CINEMATIC.mp4","4238519","False","0","","False","False","False","C:\Users\scott\soccer-video\out\atomic_clips\2025-09-13__TSC_vs_NEOFC"
"016__2025-09-13__TSC_vs_NEOFC__SHOT__t2029.90-t2039.50_portrait_POST.__CINEMATIC.__CINEMATIC.__CINEMATIC.__CINEMATIC.__CINEMATIC","C:\Users\scott\soccer-video\out\atomic_clips\2025-09-13__TSC_vs_NEOFC\016__2025-09-13__TSC_vs_NEOFC__SHOT__t2029.90-t2039.50_portrait_POST.__CINEMATIC.__CINEMATIC.__CINEMATIC.__CINEMATIC.__CINEMATIC.mp4","2063313","False","0","","False","False","False","C:\Users\scott\soccer-video\out\atomic_clips\2025-09-13__TSC_vs_NEOFC"
"016__2025-09-13__TSC_vs_NEOFC__SHOT__t2029.90-t2039.50_portrait_POST.__CINEMATIC.__CINEMATIC.__CINEMATIC.__CINEMATIC.__CINEMATIC.__CINEMATIC","C:\Users\scott\soccer-video\out\atomic_clips\2025-09-13__TSC_vs_NEOFC\016__2025-09-13__TSC_vs_NEOFC__SHOT__t2029.90-t2039.50_portrait_POST.__CINEMATIC.__CINEMATIC.__CINEMATIC.__CINEMATIC.__CINEMATIC.__CINEMATIC.mp4","961521","False","0","","False","False","False","C:\Users\scott\soccer-video\out\atomic_clips\2025-09-13__TSC_vs_NEOFC"
"016__2025-09-13__TSC_vs_NEOFC__SHOT__t2029.90-t2039.50_portrait_POST.__CINEMATIC.__CINEMATIC.__CINEMATIC.__CINEMATIC.__CINEMATIC.__CINEMATIC.__CINEMATIC","C:\Users\scott\soccer-video\out\atomic_clips\2025-09-13__TSC_vs_NEOFC\016__2025-09-13__TSC_vs_NEOFC__SHOT__t2029.90-t2039.50_portrait_POST.__CINEMATIC.__CINEMATIC.__CINEMATIC.__CINEMATIC.__CINEMATIC.__CINEMATIC.__CINEMATIC.mp4","775194","False","0","","False","False","False","C:\Users\scott\soccer-video\out\atomic_clips\2025-09-13__TSC_vs_NEOFC"
"016__2025-09-20__TSC_vs_Greenwood__BUILD_UP_PLAY_SHOT__t71700.00-t72540.00","C:\Users\scott\soccer-video\out\atomic_clips\_quarantine\016__2025-09-20__TSC_vs_Greenwood__BUILD_UP_PLAY_SHOT__t71700.00-t72540.00.mp4","3039710","False","0","","False","False","False","C:\Users\scott\soccer-video\out\atomic_clips\_quarantine"
"016__2025-09-20__TSC_vs_RVFC__BUILD_UP_PLAY_SHOT__t59940.00-t61320.00","C:\Users\scott\soccer-video\out\atomic_clips\_quarantine\016__2025-09-20__TSC_vs_RVFC__BUILD_UP_PLAY_SHOT__t59940.00-t61320.00.mp4","866337","False","0","","False","False","False","C:\Users\scott\soccer-video\out\atomic_clips\_quarantine"
"016__SHOT__t2029.90-t2039.50","C:\Users\scott\soccer-video\out\atomic_clips\misc\016__SHOT__t2029.90-t2039.50.mp4","13995886","False","0","","False","False","False","C:\Users\scott\soccer-video\out\atomic_clips\misc"
"016__SHOT__t2029.90-t2039.50","C:\Users\scott\soccer-video\out\atomic_clips\_quarantine\016__SHOT__t2029.90-t2039.50.mp4","18920971","False","0","","False","False","False","C:\Users\scott\soccer-video\out\atomic_clips\_quarantine"
"016__SHOT__t2029.90-t2039.50.__CINEMATIC","C:\Users\scott\soccer-video\out\atomic_clips\misc\016__SHOT__t2029.90-t2039.50.__CINEMATIC.mp4","6754628","False","0","","False","False","False","C:\Users\scott\soccer-video\out\atomic_clips\misc"
"016__SHOT__t2029.90-t2039.50.__CINEMATIC","C:\Users\scott\soccer-video\out\atomic_clips\_quarantine\016__SHOT__t2029.90-t2039.50.__CINEMATIC.mp4","8730380","False","0","","False","False","False","C:\Users\scott\soccer-video\out\atomic_clips\_quarantine"
"016__SHOT__t2029.90-t2039.50.__CINEMATIC.__CINEMATIC","C:\Users\scott\soccer-video\out\atomic_clips\misc\016__SHOT__t2029.90-t2039.50.__CINEMATIC.__CINEMATIC.mp4","5119119","False","0","","False","False","False","C:\Users\scott\soccer-video\out\atomic_clips\misc"
"016__SHOT__t2029.90-t2039.50.__CINEMATIC.__CINEMATIC","C:\Users\scott\soccer-video\out\atomic_clips\_quarantine\016__SHOT__t2029.90-t2039.50.__CINEMATIC.__CINEMATIC.mp4","6844067","False","0","","False","False","False","C:\Users\scott\soccer-video\out\atomic_clips\_quarantine"
"016__SHOT__t2029.90-t2039.50.__CINEMATIC.__CINEMATIC.__CINEMATIC","C:\Users\scott\soccer-video\out\atomic_clips\_quarantine\016__SHOT__t2029.90-t2039.50.__CINEMATIC.__CINEMATIC.__CINEMATIC.mp4","6158557","False","0","","False","False","False","C:\Users\scott\soccer-video\out\atomic_clips\_quarantine"
"016__SHOT__t2029.90-t2039.50.__CINEMATIC.__CINEMATIC.__CINEMATIC","C:\Users\scott\soccer-video\out\atomic_clips\misc\016__SHOT__t2029.90-t2039.50.__CINEMATIC.__CINEMATIC.__CINEMATIC.mp4","4470702","False","0","","False","False","False","C:\Users\scott\soccer-video\out\atomic_clips\misc"
"016__SHOT__t2029.90-t2039.50.__CINEMATIC.__CINEMATIC.__CINEMATIC.__CINEMATIC","C:\Users\scott\soccer-video\out\atomic_clips\_quarantine\016__SHOT__t2029.90-t2039.50.__CINEMATIC.__CINEMATIC.__CINEMATIC.__CINEMATIC.mp4","5173508","False","0","","False","False","False","C:\Users\scott\soccer-video\out\atomic_clips\_quarantine"
"016__SHOT__t2029.90-t2039.50.__CINEMATIC.__CINEMATIC.__CINEMATIC.__CINEMATIC","C:\Users\scott\soccer-video\out\atomic_clips\misc\016__SHOT__t2029.90-t2039.50.__CINEMATIC.__CINEMATIC.__CINEMATIC.__CINEMATIC.mp4","3741230","False","0","","False","False","False","C:\Users\scott\soccer-video\out\atomic_clips\misc"
"016__SHOT__t2029.90-t2039.50.__CINEMATIC.__CINEMATIC.__CINEMATIC.__CINEMATIC.__CINEMATIC","C:\Users\scott\soccer-video\out\atomic_clips\_quarantine\016__SHOT__t2029.90-t2039.50.__CINEMATIC.__CINEMATIC.__CINEMATIC.__CINEMATIC.__CINEMATIC.mp4","2081658","False","0","","False","False","False","C:\Users\scott\soccer-video\out\atomic_clips\_quarantine"
"016__SHOT__t2029.90-t2039.50.__CINEMATIC.__CINEMATIC.__CINEMATIC.__CINEMATIC.__CINEMATIC","C:\Users\scott\soccer-video\out\atomic_clips\misc\016__SHOT__t2029.90-t2039.50.__CINEMATIC.__CINEMATIC.__CINEMATIC.__CINEMATIC.__CINEMATIC.mp4","1897294","False","0","","False","False","False","C:\Users\scott\soccer-video\out\atomic_clips\misc"
"016__SHOT__t2029.90-t2039.50.__CINEMATIC.__CINEMATIC.__CINEMATIC.__CINEMATIC.__CINEMATIC.__CINEMATIC","C:\Users\scott\soccer-video\out\atomic_clips\_quarantine\016__SHOT__t2029.90-t2039.50.__CINEMATIC.__CINEMATIC.__CINEMATIC.__CINEMATIC.__CINEMATIC.__CINEMATIC.mp4","847225","False","0","","False","False","False","C:\Users\scott\soccer-video\out\atomic_clips\_quarantine"
"016__SHOT__t2029.90-t2039.50.__CINEMATIC.__CINEMATIC.__CINEMATIC.__CINEMATIC.__CINEMATIC.__CINEMATIC","C:\Users\scott\soccer-video\out\atomic_clips\misc\016__SHOT__t2029.90-t2039.50.__CINEMATIC.__CINEMATIC.__CINEMATIC.__CINEMATIC.__CINEMATIC.__CINEMATIC.mp4","1010701","False","0","","False","False","False","C:\Users\scott\soccer-video\out\atomic_clips\misc"
"016__SHOT__t2029.90-t2039.50.__CINEMATIC.__CINEMATIC.__CINEMATIC.__CINEMATIC.__CINEMATIC.__CINEMATIC.__CINEMATIC","C:\Users\scott\soccer-video\out\atomic_clips\_quarantine\016__SHOT__t2029.90-t2039.50.__CINEMATIC.__CINEMATIC.__CINEMATIC.__CINEMATIC.__CINEMATIC.__CINEMATIC.__CINEMATIC.mp4","686358","False","0","","False","False","False","C:\Users\scott\soccer-video\out\atomic_clips\_quarantine"
"016__SHOT__t2029.90-t2039.50.__CINEMATIC.__CINEMATIC.__CINEMATIC.__CINEMATIC.__CINEMATIC.__CINEMATIC.__CINEMATIC","C:\Users\scott\soccer-video\out\atomic_clips\misc\016__SHOT__t2029.90-t2039.50.__CINEMATIC.__CINEMATIC.__CINEMATIC.__CINEMATIC.__CINEMATIC.__CINEMATIC.__CINEMATIC.mp4","838064","False","0","","False","False","False","C:\Users\scott\soccer-video\out\atomic_clips\misc"
"016__SHOT__t2029.90-t2039.50.__CINEMATIC.__CINEMATIC.__CINEMATIC.__CINEMATIC.__CINEMATIC.__CINEMATIC.__CINEMATIC.__CINEMATIC","C:\Users\scott\soccer-video\out\atomic_clips\_quarantine\016__SHOT__t2029.90-t2039.50.__CINEMATIC.__CINEMATIC.__CINEMATIC.__CINEMATIC.__CINEMATIC.__CINEMATIC.__CINEMATIC.__CINEMATIC.mp4","687196","False","0","","False","False","False","C:\Users\scott\soccer-video\out\atomic_clips\_quarantine"
"017__2025-09-13__TSC_vs_NEOFC__SHOT__t2284.90-t2298.20_portrait_POST","C:\Users\scott\soccer-video\out\atomic_clips\2025-09-13__TSC_vs_NEOFC\017__2025-09-13__TSC_vs_NEOFC__SHOT__t2284.90-t2298.20_portrait_POST.mp4","21123426","False","0","","False","False","False","C:\Users\scott\soccer-video\out\atomic_clips\2025-09-13__TSC_vs_NEOFC"
"017__2025-09-13__TSC_vs_NEOFC__SHOT__t2284.90-t2298.20_portrait_POST.__CINEMATIC","C:\Users\scott\soccer-video\out\atomic_clips\2025-09-13__TSC_vs_NEOFC\017__2025-09-13__TSC_vs_NEOFC__SHOT__t2284.90-t2298.20_portrait_POST.__CINEMATIC.mp4","8247637","False","0","","False","False","False","C:\Users\scott\soccer-video\out\atomic_clips\2025-09-13__TSC_vs_NEOFC"
"017__2025-09-13__TSC_vs_NEOFC__SHOT__t2284.90-t2298.20_portrait_POST.__CINEMATIC.__CINEMATIC","C:\Users\scott\soccer-video\out\atomic_clips\2025-09-13__TSC_vs_NEOFC\017__2025-09-13__TSC_vs_NEOFC__SHOT__t2284.90-t2298.20_portrait_POST.__CINEMATIC.__CINEMATIC.mp4","6599747","False","0","","False","False","False","C:\Users\scott\soccer-video\out\atomic_clips\2025-09-13__TSC_vs_NEOFC"
"017__2025-09-13__TSC_vs_NEOFC__SHOT__t2284.90-t2298.20_portrait_POST.__CINEMATIC.__CINEMATIC.__CINEMATIC","C:\Users\scott\soccer-video\out\atomic_clips\2025-09-13__TSC_vs_NEOFC\017__2025-09-13__TSC_vs_NEOFC__SHOT__t2284.90-t2298.20_portrait_POST.__CINEMATIC.__CINEMATIC.__CINEMATIC.mp4","5480009","False","0","","False","False","False","C:\Users\scott\soccer-video\out\atomic_clips\2025-09-13__TSC_vs_NEOFC"
"017__2025-09-13__TSC_vs_NEOFC__SHOT__t2284.90-t2298.20_portrait_POST.__CINEMATIC.__CINEMATIC.__CINEMATIC.__CINEMATIC","C:\Users\scott\soccer-video\out\atomic_clips\2025-09-13__TSC_vs_NEOFC\017__2025-09-13__TSC_vs_NEOFC__SHOT__t2284.90-t2298.20_portrait_POST.__CINEMATIC.__CINEMATIC.__CINEMATIC.__CINEMATIC.mp4","4369174","False","0","","False","False","False","C:\Users\scott\soccer-video\out\atomic_clips\2025-09-13__TSC_vs_NEOFC"
"017__2025-09-13__TSC_vs_NEOFC__SHOT__t2284.90-t2298.20_portrait_POST.__CINEMATIC.__CINEMATIC.__CINEMATIC.__CINEMATIC.__CINEMATIC","C:\Users\scott\soccer-video\out\atomic_clips\2025-09-13__TSC_vs_NEOFC\017__2025-09-13__TSC_vs_NEOFC__SHOT__t2284.90-t2298.20_portrait_POST.__CINEMATIC.__CINEMATIC.__CINEMATIC.__CINEMATIC.__CINEMATIC.mp4","1982067","False","0","","False","False","False","C:\Users\scott\soccer-video\out\atomic_clips\2025-09-13__TSC_vs_NEOFC"
"017__2025-09-13__TSC_vs_NEOFC__SHOT__t2284.90-t2298.20_portrait_POST.__CINEMATIC.__CINEMATIC.__CINEMATIC.__CINEMATIC.__CINEMATIC.__CINEMATIC","C:\Users\scott\soccer-video\out\atomic_clips\2025-09-13__TSC_vs_NEOFC\017__2025-09-13__TSC_vs_NEOFC__SHOT__t2284.90-t2298.20_portrait_POST.__CINEMATIC.__CINEMATIC.__CINEMATIC.__CINEMATIC.__CINEMATIC.__CINEMATIC.mp4","988015","False","0","","False","False","False","C:\Users\scott\soccer-video\out\atomic_clips\2025-09-13__TSC_vs_NEOFC"
"017__2025-09-13__TSC_vs_NEOFC__SHOT__t2284.90-t2298.20_portrait_POST.__CINEMATIC.__CINEMATIC.__CINEMATIC.__CINEMATIC.__CINEMATIC.__CINEMATIC.__CINEMATIC","C:\Users\scott\soccer-video\out\atomic_clips\2025-09-13__TSC_vs_NEOFC\017__2025-09-13__TSC_vs_NEOFC__SHOT__t2284.90-t2298.20_portrait_POST.__CINEMATIC.__CINEMATIC.__CINEMATIC.__CINEMATIC.__CINEMATIC.__CINEMATIC.__CINEMATIC.mp4","842349","False","0","","False","False","False","C:\Users\scott\soccer-video\out\atomic_clips\2025-09-13__TSC_vs_NEOFC"
"017__2025-09-20__TSC_vs_Greenwood__PRESSURE_SHOT__t72720.00-t73440.00","C:\Users\scott\soccer-video\out\atomic_clips\_quarantine\017__2025-09-20__TSC_vs_Greenwood__PRESSURE_SHOT__t72720.00-t73440.00.mp4","3039710","False","0","","False","False","False","C:\Users\scott\soccer-video\out\atomic_clips\_quarantine"
"017__2025-09-20__TSC_vs_RVFC__BUILD_UP_PLAY_SHOT__t65280.00-t67440.00","C:\Users\scott\soccer-video\out\atomic_clips\_quarantine\017__2025-09-20__TSC_vs_RVFC__BUILD_UP_PLAY_SHOT__t65280.00-t67440.00.mp4","866337","False","0","","False","False","False","C:\Users\scott\soccer-video\out\atomic_clips\_quarantine"
"017__SHOT__t2284.90-t2298.20","C:\Users\scott\soccer-video\out\atomic_clips\misc\017__SHOT__t2284.90-t2298.20.mp4","18917219","False","0","","False","False","False","C:\Users\scott\soccer-video\out\atomic_clips\misc"
"017__SHOT__t2284.90-t2298.20","C:\Users\scott\soccer-video\out\atomic_clips\_quarantine\017__SHOT__t2284.90-t2298.20.mp4","20659105","False","0","","False","False","False","C:\Users\scott\soccer-video\out\atomic_clips\_quarantine"
"017__SHOT__t2284.90-t2298.20.__CINEMATIC","C:\Users\scott\soccer-video\out\atomic_clips\_quarantine\017__SHOT__t2284.90-t2298.20.__CINEMATIC.mp4","11005241","False","0","","False","False","False","C:\Users\scott\soccer-video\out\atomic_clips\_quarantine"
"017__SHOT__t2284.90-t2298.20.__CINEMATIC","C:\Users\scott\soccer-video\out\atomic_clips\misc\017__SHOT__t2284.90-t2298.20.__CINEMATIC.mp4","8301370","False","0","","False","False","False","C:\Users\scott\soccer-video\out\atomic_clips\misc"
"017__SHOT__t2284.90-t2298.20.__CINEMATIC.__CINEMATIC","C:\Users\scott\soccer-video\out\atomic_clips\_quarantine\017__SHOT__t2284.90-t2298.20.__CINEMATIC.__CINEMATIC.mp4","8611837","False","0","","False","False","False","C:\Users\scott\soccer-video\out\atomic_clips\_quarantine"
"017__SHOT__t2284.90-t2298.20.__CINEMATIC.__CINEMATIC","C:\Users\scott\soccer-video\out\atomic_clips\misc\017__SHOT__t2284.90-t2298.20.__CINEMATIC.__CINEMATIC.mp4","6180759","False","0","","False","False","False","C:\Users\scott\soccer-video\out\atomic_clips\misc"
"017__SHOT__t2284.90-t2298.20.__CINEMATIC.__CINEMATIC.__CINEMATIC","C:\Users\scott\soccer-video\out\atomic_clips\misc\017__SHOT__t2284.90-t2298.20.__CINEMATIC.__CINEMATIC.__CINEMATIC.mp4","5072659","False","0","","False","False","False","C:\Users\scott\soccer-video\out\atomic_clips\misc"
"017__SHOT__t2284.90-t2298.20.__CINEMATIC.__CINEMATIC.__CINEMATIC","C:\Users\scott\soccer-video\out\atomic_clips\_quarantine\017__SHOT__t2284.90-t2298.20.__CINEMATIC.__CINEMATIC.__CINEMATIC.mp4","7067243","False","0","","False","False","False","C:\Users\scott\soccer-video\out\atomic_clips\_quarantine"
"017__SHOT__t2284.90-t2298.20.__CINEMATIC.__CINEMATIC.__CINEMATIC.__CINEMATIC","C:\Users\scott\soccer-video\out\atomic_clips\_quarantine\017__SHOT__t2284.90-t2298.20.__CINEMATIC.__CINEMATIC.__CINEMATIC.__CINEMATIC.mp4","5559288","False","0","","False","False","False","C:\Users\scott\soccer-video\out\atomic_clips\_quarantine"
"017__SHOT__t2284.90-t2298.20.__CINEMATIC.__CINEMATIC.__CINEMATIC.__CINEMATIC","C:\Users\scott\soccer-video\out\atomic_clips\misc\017__SHOT__t2284.90-t2298.20.__CINEMATIC.__CINEMATIC.__CINEMATIC.__CINEMATIC.mp4","4483652","False","0","","False","False","False","C:\Users\scott\soccer-video\out\atomic_clips\misc"
"017__SHOT__t2284.90-t2298.20.__CINEMATIC.__CINEMATIC.__CINEMATIC.__CINEMATIC.__CINEMATIC","C:\Users\scott\soccer-video\out\atomic_clips\_quarantine\017__SHOT__t2284.90-t2298.20.__CINEMATIC.__CINEMATIC.__CINEMATIC.__CINEMATIC.__CINEMATIC.mp4","2552583","False","0","","False","False","False","C:\Users\scott\soccer-video\out\atomic_clips\_quarantine"
"017__SHOT__t2284.90-t2298.20.__CINEMATIC.__CINEMATIC.__CINEMATIC.__CINEMATIC.__CINEMATIC","C:\Users\scott\soccer-video\out\atomic_clips\misc\017__SHOT__t2284.90-t2298.20.__CINEMATIC.__CINEMATIC.__CINEMATIC.__CINEMATIC.__CINEMATIC.mp4","2594302","False","0","","False","False","False","C:\Users\scott\soccer-video\out\atomic_clips\misc"
"017__SHOT__t2284.90-t2298.20.__CINEMATIC.__CINEMATIC.__CINEMATIC.__CINEMATIC.__CINEMATIC.__CINEMATIC","C:\Users\scott\soccer-video\out\atomic_clips\misc\017__SHOT__t2284.90-t2298.20.__CINEMATIC.__CINEMATIC.__CINEMATIC.__CINEMATIC.__CINEMATIC.__CINEMATIC.mp4","1312559","False","0","","False","False","False","C:\Users\scott\soccer-video\out\atomic_clips\misc"
"017__SHOT__t2284.90-t2298.20.__CINEMATIC.__CINEMATIC.__CINEMATIC.__CINEMATIC.__CINEMATIC.__CINEMATIC","C:\Users\scott\soccer-video\out\atomic_clips\_quarantine\017__SHOT__t2284.90-t2298.20.__CINEMATIC.__CINEMATIC.__CINEMATIC.__CINEMATIC.__CINEMATIC.__CINEMATIC.mp4","1277145","False","0","","False","False","False","C:\Users\scott\soccer-video\out\atomic_clips\_quarantine"
"017__SHOT__t2284.90-t2298.20.__CINEMATIC.__CINEMATIC.__CINEMATIC.__CINEMATIC.__CINEMATIC.__CINEMATIC.__CINEMATIC","C:\Users\scott\soccer-video\out\atomic_clips\misc\017__SHOT__t2284.90-t2298.20.__CINEMATIC.__CINEMATIC.__CINEMATIC.__CINEMATIC.__CINEMATIC.__CINEMATIC.__CINEMATIC.mp4","1037495","False","0","","False","False","False","C:\Users\scott\soccer-video\out\atomic_clips\misc"
"017__SHOT__t2284.90-t2298.20.__CINEMATIC.__CINEMATIC.__CINEMATIC.__CINEMATIC.__CINEMATIC.__CINEMATIC.__CINEMATIC","C:\Users\scott\soccer-video\out\atomic_clips\_quarantine\017__SHOT__t2284.90-t2298.20.__CINEMATIC.__CINEMATIC.__CINEMATIC.__CINEMATIC.__CINEMATIC.__CINEMATIC.__CINEMATIC.mp4","1068296","False","0","","False","False","False","C:\Users\scott\soccer-video\out\atomic_clips\_quarantine"
"017__SHOT__t2284.90-t2298.20.__CINEMATIC.__CINEMATIC.__CINEMATIC.__CINEMATIC.__CINEMATIC.__CINEMATIC.__CINEMATIC.__CINEMATIC","C:\Users\scott\soccer-video\out\atomic_clips\_quarantine\017__SHOT__t2284.90-t2298.20.__CINEMATIC.__CINEMATIC.__CINEMATIC.__CINEMATIC.__CINEMATIC.__CINEMATIC.__CINEMATIC.__CINEMATIC.mp4","1047483","False","0","","False","False","False","C:\Users\scott\soccer-video\out\atomic_clips\_quarantine"
"018__2025-09-13__TSC_vs_NEOFC__SHOT__t2419.50-t2425.60_portrait_POST","C:\Users\scott\soccer-video\out\atomic_clips\2025-09-13__TSC_vs_NEOFC\018__2025-09-13__TSC_vs_NEOFC__SHOT__t2419.50-t2425.60_portrait_POST.mp4","9215683","False","0","","False","False","False","C:\Users\scott\soccer-video\out\atomic_clips\2025-09-13__TSC_vs_NEOFC"
"018__2025-09-13__TSC_vs_NEOFC__SHOT__t2419.50-t2425.60_portrait_POST.__CINEMATIC","C:\Users\scott\soccer-video\out\atomic_clips\2025-09-13__TSC_vs_NEOFC\018__2025-09-13__TSC_vs_NEOFC__SHOT__t2419.50-t2425.60_portrait_POST.__CINEMATIC.mp4","3588811","False","0","","False","False","False","C:\Users\scott\soccer-video\out\atomic_clips\2025-09-13__TSC_vs_NEOFC"
"018__2025-09-13__TSC_vs_NEOFC__SHOT__t2419.50-t2425.60_portrait_POST.__CINEMATIC.__CINEMATIC","C:\Users\scott\soccer-video\out\atomic_clips\2025-09-13__TSC_vs_NEOFC\018__2025-09-13__TSC_vs_NEOFC__SHOT__t2419.50-t2425.60_portrait_POST.__CINEMATIC.__CINEMATIC.mp4","2923778","False","0","","False","False","False","C:\Users\scott\soccer-video\out\atomic_clips\2025-09-13__TSC_vs_NEOFC"
"018__2025-09-13__TSC_vs_NEOFC__SHOT__t2419.50-t2425.60_portrait_POST.__CINEMATIC.__CINEMATIC.__CINEMATIC","C:\Users\scott\soccer-video\out\atomic_clips\2025-09-13__TSC_vs_NEOFC\018__2025-09-13__TSC_vs_NEOFC__SHOT__t2419.50-t2425.60_portrait_POST.__CINEMATIC.__CINEMATIC.__CINEMATIC.mp4","2746240","False","0","","False","False","False","C:\Users\scott\soccer-video\out\atomic_clips\2025-09-13__TSC_vs_NEOFC"
"018__2025-09-13__TSC_vs_NEOFC__SHOT__t2419.50-t2425.60_portrait_POST.__CINEMATIC.__CINEMATIC.__CINEMATIC.__CINEMATIC","C:\Users\scott\soccer-video\out\atomic_clips\2025-09-13__TSC_vs_NEOFC\018__2025-09-13__TSC_vs_NEOFC__SHOT__t2419.50-t2425.60_portrait_POST.__CINEMATIC.__CINEMATIC.__CINEMATIC.__CINEMATIC.mp4","2572610","False","0","","False","False","False","C:\Users\scott\soccer-video\out\atomic_clips\2025-09-13__TSC_vs_NEOFC"
"018__2025-09-13__TSC_vs_NEOFC__SHOT__t2419.50-t2425.60_portrait_POST.__CINEMATIC.__CINEMATIC.__CINEMATIC.__CINEMATIC.__CINEMATIC","C:\Users\scott\soccer-video\out\atomic_clips\2025-09-13__TSC_vs_NEOFC\018__2025-09-13__TSC_vs_NEOFC__SHOT__t2419.50-t2425.60_portrait_POST.__CINEMATIC.__CINEMATIC.__CINEMATIC.__CINEMATIC.__CINEMATIC.mp4","1292568","False","0","","False","False","False","C:\Users\scott\soccer-video\out\atomic_clips\2025-09-13__TSC_vs_NEOFC"
"018__2025-09-13__TSC_vs_NEOFC__SHOT__t2419.50-t2425.60_portrait_POST.__CINEMATIC.__CINEMATIC.__CINEMATIC.__CINEMATIC.__CINEMATIC.__CINEMATIC","C:\Users\scott\soccer-video\out\atomic_clips\2025-09-13__TSC_vs_NEOFC\018__2025-09-13__TSC_vs_NEOFC__SHOT__t2419.50-t2425.60_portrait_POST.__CINEMATIC.__CINEMATIC.__CINEMATIC.__CINEMATIC.__CINEMATIC.__CINEMATIC.mp4","663300","False","0","","False","False","False","C:\Users\scott\soccer-video\out\atomic_clips\2025-09-13__TSC_vs_NEOFC"
"018__2025-09-13__TSC_vs_NEOFC__SHOT__t2419.50-t2425.60_portrait_POST.__CINEMATIC.__CINEMATIC.__CINEMATIC.__CINEMATIC.__CINEMATIC.__CINEMATIC.__CINEMATIC","C:\Users\scott\soccer-video\out\atomic_clips\2025-09-13__TSC_vs_NEOFC\018__2025-09-13__TSC_vs_NEOFC__SHOT__t2419.50-t2425.60_portrait_POST.__CINEMATIC.__CINEMATIC.__CINEMATIC.__CINEMATIC.__CINEMATIC.__CINEMATIC.__CINEMATIC.mp4","539270","False","0","","False","False","False","C:\Users\scott\soccer-video\out\atomic_clips\2025-09-13__TSC_vs_NEOFC"
"018__2025-09-20__TSC_vs_Greenwood__BUILD_UP_PLAY_GOAL__t77520.00-t79740.00","C:\Users\scott\soccer-video\out\atomic_clips\_quarantine\018__2025-09-20__TSC_vs_Greenwood__BUILD_UP_PLAY_GOAL__t77520.00-t79740.00.mp4","3039710","False","0","","False","False","False","C:\Users\scott\soccer-video\out\atomic_clips\_quarantine"
"018__2025-09-20__TSC_vs_RVFC__DRIBBLING_SHOT__t68820.00-t69180.00","C:\Users\scott\soccer-video\out\atomic_clips\_quarantine\018__2025-09-20__TSC_vs_RVFC__DRIBBLING_SHOT__t68820.00-t69180.00.mp4","866337","False","0","","False","False","False","C:\Users\scott\soccer-video\out\atomic_clips\_quarantine"
"018__SHOT__t2419.50-t2425.60","C:\Users\scott\soccer-video\out\atomic_clips\misc\018__SHOT__t2419.50-t2425.60.mp4","9948954","False","0","","False","False","False","C:\Users\scott\soccer-video\out\atomic_clips\misc"
"018__SHOT__t2419.50-t2425.60","C:\Users\scott\soccer-video\out\atomic_clips\_quarantine\018__SHOT__t2419.50-t2425.60.mp4","7753953","False","0","","False","False","False","C:\Users\scott\soccer-video\out\atomic_clips\_quarantine"
"018__SHOT__t2419.50-t2425.60.__CINEMATIC","C:\Users\scott\soccer-video\out\atomic_clips\_quarantine\018__SHOT__t2419.50-t2425.60.__CINEMATIC.mp4","3622478","False","0","","False","False","False","C:\Users\scott\soccer-video\out\atomic_clips\_quarantine"
"018__SHOT__t2419.50-t2425.60.__CINEMATIC","C:\Users\scott\soccer-video\out\atomic_clips\misc\018__SHOT__t2419.50-t2425.60.__CINEMATIC.mp4","4578530","False","0","","False","False","False","C:\Users\scott\soccer-video\out\atomic_clips\misc"
"018__SHOT__t2419.50-t2425.60.__CINEMATIC.__CINEMATIC","C:\Users\scott\soccer-video\out\atomic_clips\_quarantine\018__SHOT__t2419.50-t2425.60.__CINEMATIC.__CINEMATIC.mp4","3059679","False","0","","False","False","False","C:\Users\scott\soccer-video\out\atomic_clips\_quarantine"
"018__SHOT__t2419.50-t2425.60.__CINEMATIC.__CINEMATIC","C:\Users\scott\soccer-video\out\atomic_clips\misc\018__SHOT__t2419.50-t2425.60.__CINEMATIC.__CINEMATIC.mp4","3705690","False","0","","False","False","False","C:\Users\scott\soccer-video\out\atomic_clips\misc"
"018__SHOT__t2419.50-t2425.60.__CINEMATIC.__CINEMATIC.__CINEMATIC","C:\Users\scott\soccer-video\out\atomic_clips\_quarantine\018__SHOT__t2419.50-t2425.60.__CINEMATIC.__CINEMATIC.__CINEMATIC.mp4","2839613","False","0","","False","False","False","C:\Users\scott\soccer-video\out\atomic_clips\_quarantine"
"018__SHOT__t2419.50-t2425.60.__CINEMATIC.__CINEMATIC.__CINEMATIC","C:\Users\scott\soccer-video\out\atomic_clips\misc\018__SHOT__t2419.50-t2425.60.__CINEMATIC.__CINEMATIC.__CINEMATIC.mp4","3228236","False","0","","False","False","False","C:\Users\scott\soccer-video\out\atomic_clips\misc"
"018__SHOT__t2419.50-t2425.60.__CINEMATIC.__CINEMATIC.__CINEMATIC.__CINEMATIC","C:\Users\scott\soccer-video\out\atomic_clips\_quarantine\018__SHOT__t2419.50-t2425.60.__CINEMATIC.__CINEMATIC.__CINEMATIC.__CINEMATIC.mp4","2643448","False","0","","False","False","False","C:\Users\scott\soccer-video\out\atomic_clips\_quarantine"
"018__SHOT__t2419.50-t2425.60.__CINEMATIC.__CINEMATIC.__CINEMATIC.__CINEMATIC","C:\Users\scott\soccer-video\out\atomic_clips\misc\018__SHOT__t2419.50-t2425.60.__CINEMATIC.__CINEMATIC.__CINEMATIC.__CINEMATIC.mp4","2643981","False","0","","False","False","False","C:\Users\scott\soccer-video\out\atomic_clips\misc"
"018__SHOT__t2419.50-t2425.60.__CINEMATIC.__CINEMATIC.__CINEMATIC.__CINEMATIC.__CINEMATIC","C:\Users\scott\soccer-video\out\atomic_clips\misc\018__SHOT__t2419.50-t2425.60.__CINEMATIC.__CINEMATIC.__CINEMATIC.__CINEMATIC.__CINEMATIC.mp4","1327013","False","0","","False","False","False","C:\Users\scott\soccer-video\out\atomic_clips\misc"
"018__SHOT__t2419.50-t2425.60.__CINEMATIC.__CINEMATIC.__CINEMATIC.__CINEMATIC.__CINEMATIC","C:\Users\scott\soccer-video\out\atomic_clips\_quarantine\018__SHOT__t2419.50-t2425.60.__CINEMATIC.__CINEMATIC.__CINEMATIC.__CINEMATIC.__CINEMATIC.mp4","1294272","False","0","","False","False","False","C:\Users\scott\soccer-video\out\atomic_clips\_quarantine"
"018__SHOT__t2419.50-t2425.60.__CINEMATIC.__CINEMATIC.__CINEMATIC.__CINEMATIC.__CINEMATIC.__CINEMATIC","C:\Users\scott\soccer-video\out\atomic_clips\_quarantine\018__SHOT__t2419.50-t2425.60.__CINEMATIC.__CINEMATIC.__CINEMATIC.__CINEMATIC.__CINEMATIC.__CINEMATIC.mp4","591247","False","0","","False","False","False","C:\Users\scott\soccer-video\out\atomic_clips\_quarantine"
"018__SHOT__t2419.50-t2425.60.__CINEMATIC.__CINEMATIC.__CINEMATIC.__CINEMATIC.__CINEMATIC.__CINEMATIC","C:\Users\scott\soccer-video\out\atomic_clips\misc\018__SHOT__t2419.50-t2425.60.__CINEMATIC.__CINEMATIC.__CINEMATIC.__CINEMATIC.__CINEMATIC.__CINEMATIC.mp4","715141","False","0","","False","False","False","C:\Users\scott\soccer-video\out\atomic_clips\misc"
"018__SHOT__t2419.50-t2425.60.__CINEMATIC.__CINEMATIC.__CINEMATIC.__CINEMATIC.__CINEMATIC.__CINEMATIC.__CINEMATIC","C:\Users\scott\soccer-video\out\atomic_clips\_quarantine\018__SHOT__t2419.50-t2425.60.__CINEMATIC.__CINEMATIC.__CINEMATIC.__CINEMATIC.__CINEMATIC.__CINEMATIC.__CINEMATIC.mp4","455012","False","0","","False","False","False","C:\Users\scott\soccer-video\out\atomic_clips\_quarantine"
"018__SHOT__t2419.50-t2425.60.__CINEMATIC.__CINEMATIC.__CINEMATIC.__CINEMATIC.__CINEMATIC.__CINEMATIC.__CINEMATIC","C:\Users\scott\soccer-video\out\atomic_clips\misc\018__SHOT__t2419.50-t2425.60.__CINEMATIC.__CINEMATIC.__CINEMATIC.__CINEMATIC.__CINEMATIC.__CINEMATIC.__CINEMATIC.mp4","602642","False","0","","False","False","False","C:\Users\scott\soccer-video\out\atomic_clips\misc"
"018__SHOT__t2419.50-t2425.60.__CINEMATIC.__CINEMATIC.__CINEMATIC.__CINEMATIC.__CINEMATIC.__CINEMATIC.__CINEMATIC.__CINEMATIC","C:\Users\scott\soccer-video\out\atomic_clips\_quarantine\018__SHOT__t2419.50-t2425.60.__CINEMATIC.__CINEMATIC.__CINEMATIC.__CINEMATIC.__CINEMATIC.__CINEMATIC.__CINEMATIC.__CINEMATIC.mp4","402667","False","0","","False","False","False","C:\Users\scott\soccer-video\out\atomic_clips\_quarantine"
"019__2025-09-13__TSC_vs_NEOFC__SHOT__t2633.00-t2638.10_portrait_POST","C:\Users\scott\soccer-video\out\atomic_clips\2025-09-13__TSC_vs_NEOFC\019__2025-09-13__TSC_vs_NEOFC__SHOT__t2633.00-t2638.10_portrait_POST.mp4","7886643","False","0","","False","False","False","C:\Users\scott\soccer-video\out\atomic_clips\2025-09-13__TSC_vs_NEOFC"
"019__2025-09-13__TSC_vs_NEOFC__SHOT__t2633.00-t2638.10_portrait_POST.__CINEMATIC","C:\Users\scott\soccer-video\out\atomic_clips\2025-09-13__TSC_vs_NEOFC\019__2025-09-13__TSC_vs_NEOFC__SHOT__t2633.00-t2638.10_portrait_POST.__CINEMATIC.mp4","3160625","False","0","","False","False","False","C:\Users\scott\soccer-video\out\atomic_clips\2025-09-13__TSC_vs_NEOFC"
"019__2025-09-13__TSC_vs_NEOFC__SHOT__t2633.00-t2638.10_portrait_POST.__CINEMATIC.__CINEMATIC","C:\Users\scott\soccer-video\out\atomic_clips\2025-09-13__TSC_vs_NEOFC\019__2025-09-13__TSC_vs_NEOFC__SHOT__t2633.00-t2638.10_portrait_POST.__CINEMATIC.__CINEMATIC.mp4","2576223","False","0","","False","False","False","C:\Users\scott\soccer-video\out\atomic_clips\2025-09-13__TSC_vs_NEOFC"
"019__2025-09-13__TSC_vs_NEOFC__SHOT__t2633.00-t2638.10_portrait_POST.__CINEMATIC.__CINEMATIC.__CINEMATIC","C:\Users\scott\soccer-video\out\atomic_clips\2025-09-13__TSC_vs_NEOFC\019__2025-09-13__TSC_vs_NEOFC__SHOT__t2633.00-t2638.10_portrait_POST.__CINEMATIC.__CINEMATIC.__CINEMATIC.mp4","2471214","False","0","","False","False","False","C:\Users\scott\soccer-video\out\atomic_clips\2025-09-13__TSC_vs_NEOFC"
"019__2025-09-13__TSC_vs_NEOFC__SHOT__t2633.00-t2638.10_portrait_POST.__CINEMATIC.__CINEMATIC.__CINEMATIC.__CINEMATIC","C:\Users\scott\soccer-video\out\atomic_clips\2025-09-13__TSC_vs_NEOFC\019__2025-09-13__TSC_vs_NEOFC__SHOT__t2633.00-t2638.10_portrait_POST.__CINEMATIC.__CINEMATIC.__CINEMATIC.__CINEMATIC.mp4","2316804","False","0","","False","False","False","C:\Users\scott\soccer-video\out\atomic_clips\2025-09-13__TSC_vs_NEOFC"
"019__2025-09-13__TSC_vs_NEOFC__SHOT__t2633.00-t2638.10_portrait_POST.__CINEMATIC.__CINEMATIC.__CINEMATIC.__CINEMATIC.__CINEMATIC","C:\Users\scott\soccer-video\out\atomic_clips\2025-09-13__TSC_vs_NEOFC\019__2025-09-13__TSC_vs_NEOFC__SHOT__t2633.00-t2638.10_portrait_POST.__CINEMATIC.__CINEMATIC.__CINEMATIC.__CINEMATIC.__CINEMATIC.mp4","1326028","False","0","","False","False","False","C:\Users\scott\soccer-video\out\atomic_clips\2025-09-13__TSC_vs_NEOFC"
"019__2025-09-13__TSC_vs_NEOFC__SHOT__t2633.00-t2638.10_portrait_POST.__CINEMATIC.__CINEMATIC.__CINEMATIC.__CINEMATIC.__CINEMATIC.__CINEMATIC","C:\Users\scott\soccer-video\out\atomic_clips\2025-09-13__TSC_vs_NEOFC\019__2025-09-13__TSC_vs_NEOFC__SHOT__t2633.00-t2638.10_portrait_POST.__CINEMATIC.__CINEMATIC.__CINEMATIC.__CINEMATIC.__CINEMATIC.__CINEMATIC.mp4","673319","False","0","","False","False","False","C:\Users\scott\soccer-video\out\atomic_clips\2025-09-13__TSC_vs_NEOFC"
"019__2025-09-13__TSC_vs_NEOFC__SHOT__t2633.00-t2638.10_portrait_POST.__CINEMATIC.__CINEMATIC.__CINEMATIC.__CINEMATIC.__CINEMATIC.__CINEMATIC.__CINEMATIC","C:\Users\scott\soccer-video\out\atomic_clips\2025-09-13__TSC_vs_NEOFC\019__2025-09-13__TSC_vs_NEOFC__SHOT__t2633.00-t2638.10_portrait_POST.__CINEMATIC.__CINEMATIC.__CINEMATIC.__CINEMATIC.__CINEMATIC.__CINEMATIC.__CINEMATIC.mp4","526970","False","0","","False","False","False","C:\Users\scott\soccer-video\out\atomic_clips\2025-09-13__TSC_vs_NEOFC"
"019__2025-09-20__TSC_vs_Greenwood__PRESSURE_SHOT__t82140.00-t82980.00","C:\Users\scott\soccer-video\out\atomic_clips\_quarantine\019__2025-09-20__TSC_vs_Greenwood__PRESSURE_SHOT__t82140.00-t82980.00.mp4","3039710","False","0","","False","False","False","C:\Users\scott\soccer-video\out\atomic_clips\_quarantine"
"019__2025-09-20__TSC_vs_RVFC__BUILD_UP_PLAY_SHOT__t69480.00-t70920.00","C:\Users\scott\soccer-video\out\atomic_clips\_quarantine\019__2025-09-20__TSC_vs_RVFC__BUILD_UP_PLAY_SHOT__t69480.00-t70920.00.mp4","866337","False","0","","False","False","False","C:\Users\scott\soccer-video\out\atomic_clips\_quarantine"
"019__SHOT__t2633.00-t2638.10","C:\Users\scott\soccer-video\out\atomic_clips\_quarantine\019__SHOT__t2633.00-t2638.10.mp4","8784918","False","0","","False","False","False","C:\Users\scott\soccer-video\out\atomic_clips\_quarantine"
"019__SHOT__t2633.00-t2638.10","C:\Users\scott\soccer-video\out\atomic_clips\misc\019__SHOT__t2633.00-t2638.10.mp4","7893801","False","0","","False","False","False","C:\Users\scott\soccer-video\out\atomic_clips\misc"
"019__SHOT__t2633.00-t2638.10.__CINEMATIC","C:\Users\scott\soccer-video\out\atomic_clips\_quarantine\019__SHOT__t2633.00-t2638.10.__CINEMATIC.mp4","4591469","False","0","","False","False","False","C:\Users\scott\soccer-video\out\atomic_clips\_quarantine"
"019__SHOT__t2633.00-t2638.10.__CINEMATIC","C:\Users\scott\soccer-video\out\atomic_clips\misc\019__SHOT__t2633.00-t2638.10.__CINEMATIC.mp4","4153996","False","0","","False","False","False","C:\Users\scott\soccer-video\out\atomic_clips\misc"
"019__SHOT__t2633.00-t2638.10.__CINEMATIC.__CINEMATIC","C:\Users\scott\soccer-video\out\atomic_clips\misc\019__SHOT__t2633.00-t2638.10.__CINEMATIC.__CINEMATIC.mp4","2936192","False","0","","False","False","False","C:\Users\scott\soccer-video\out\atomic_clips\misc"
"019__SHOT__t2633.00-t2638.10.__CINEMATIC.__CINEMATIC","C:\Users\scott\soccer-video\out\atomic_clips\_quarantine\019__SHOT__t2633.00-t2638.10.__CINEMATIC.__CINEMATIC.mp4","3753968","False","0","","False","False","False","C:\Users\scott\soccer-video\out\atomic_clips\_quarantine"
"019__SHOT__t2633.00-t2638.10.__CINEMATIC.__CINEMATIC.__CINEMATIC","C:\Users\scott\soccer-video\out\atomic_clips\_quarantine\019__SHOT__t2633.00-t2638.10.__CINEMATIC.__CINEMATIC.__CINEMATIC.mp4","3575594","False","0","","False","False","False","C:\Users\scott\soccer-video\out\atomic_clips\_quarantine"
"019__SHOT__t2633.00-t2638.10.__CINEMATIC.__CINEMATIC.__CINEMATIC","C:\Users\scott\soccer-video\out\atomic_clips\misc\019__SHOT__t2633.00-t2638.10.__CINEMATIC.__CINEMATIC.__CINEMATIC.mp4","2715851","False","0","","False","False","False","C:\Users\scott\soccer-video\out\atomic_clips\misc"
"019__SHOT__t2633.00-t2638.10.__CINEMATIC.__CINEMATIC.__CINEMATIC.__CINEMATIC","C:\Users\scott\soccer-video\out\atomic_clips\_quarantine\019__SHOT__t2633.00-t2638.10.__CINEMATIC.__CINEMATIC.__CINEMATIC.__CINEMATIC.mp4","3073908","False","0","","False","False","False","C:\Users\scott\soccer-video\out\atomic_clips\_quarantine"
"019__SHOT__t2633.00-t2638.10.__CINEMATIC.__CINEMATIC.__CINEMATIC.__CINEMATIC","C:\Users\scott\soccer-video\out\atomic_clips\misc\019__SHOT__t2633.00-t2638.10.__CINEMATIC.__CINEMATIC.__CINEMATIC.__CINEMATIC.mp4","2335853","False","0","","False","False","False","C:\Users\scott\soccer-video\out\atomic_clips\misc"
"019__SHOT__t2633.00-t2638.10.__CINEMATIC.__CINEMATIC.__CINEMATIC.__CINEMATIC.__CINEMATIC","C:\Users\scott\soccer-video\out\atomic_clips\misc\019__SHOT__t2633.00-t2638.10.__CINEMATIC.__CINEMATIC.__CINEMATIC.__CINEMATIC.__CINEMATIC.mp4","1311947","False","0","","False","False","False","C:\Users\scott\soccer-video\out\atomic_clips\misc"
"019__SHOT__t2633.00-t2638.10.__CINEMATIC.__CINEMATIC.__CINEMATIC.__CINEMATIC.__CINEMATIC","C:\Users\scott\soccer-video\out\atomic_clips\_quarantine\019__SHOT__t2633.00-t2638.10.__CINEMATIC.__CINEMATIC.__CINEMATIC.__CINEMATIC.__CINEMATIC.mp4","1610156","False","0","","False","False","False","C:\Users\scott\soccer-video\out\atomic_clips\_quarantine"
"019__SHOT__t2633.00-t2638.10.__CINEMATIC.__CINEMATIC.__CINEMATIC.__CINEMATIC.__CINEMATIC.__CINEMATIC","C:\Users\scott\soccer-video\out\atomic_clips\misc\019__SHOT__t2633.00-t2638.10.__CINEMATIC.__CINEMATIC.__CINEMATIC.__CINEMATIC.__CINEMATIC.__CINEMATIC.mp4","733873","False","0","","False","False","False","C:\Users\scott\soccer-video\out\atomic_clips\misc"
"019__SHOT__t2633.00-t2638.10.__CINEMATIC.__CINEMATIC.__CINEMATIC.__CINEMATIC.__CINEMATIC.__CINEMATIC","C:\Users\scott\soccer-video\out\atomic_clips\_quarantine\019__SHOT__t2633.00-t2638.10.__CINEMATIC.__CINEMATIC.__CINEMATIC.__CINEMATIC.__CINEMATIC.__CINEMATIC.mp4","798333","False","0","","False","False","False","C:\Users\scott\soccer-video\out\atomic_clips\_quarantine"
"019__SHOT__t2633.00-t2638.10.__CINEMATIC.__CINEMATIC.__CINEMATIC.__CINEMATIC.__CINEMATIC.__CINEMATIC.__CINEMATIC","C:\Users\scott\soccer-video\out\atomic_clips\misc\019__SHOT__t2633.00-t2638.10.__CINEMATIC.__CINEMATIC.__CINEMATIC.__CINEMATIC.__CINEMATIC.__CINEMATIC.__CINEMATIC.mp4","598490","False","0","","False","False","False","C:\Users\scott\soccer-video\out\atomic_clips\misc"
"019__SHOT__t2633.00-t2638.10.__CINEMATIC.__CINEMATIC.__CINEMATIC.__CINEMATIC.__CINEMATIC.__CINEMATIC.__CINEMATIC","C:\Users\scott\soccer-video\out\atomic_clips\_quarantine\019__SHOT__t2633.00-t2638.10.__CINEMATIC.__CINEMATIC.__CINEMATIC.__CINEMATIC.__CINEMATIC.__CINEMATIC.__CINEMATIC.mp4","630136","False","0","","False","False","False","C:\Users\scott\soccer-video\out\atomic_clips\_quarantine"
"019__SHOT__t2633.00-t2638.10.__CINEMATIC.__CINEMATIC.__CINEMATIC.__CINEMATIC.__CINEMATIC.__CINEMATIC.__CINEMATIC.__CINEMATIC","C:\Users\scott\soccer-video\out\atomic_clips\_quarantine\019__SHOT__t2633.00-t2638.10.__CINEMATIC.__CINEMATIC.__CINEMATIC.__CINEMATIC.__CINEMATIC.__CINEMATIC.__CINEMATIC.__CINEMATIC.mp4","538101","False","0","","False","False","False","C:\Users\scott\soccer-video\out\atomic_clips\_quarantine"
"020__2025-09-13__TSC_vs_NEOFC__GOAL__t2816.60-t2831.80_portrait_POST","C:\Users\scott\soccer-video\out\atomic_clips\2025-09-13__TSC_vs_NEOFC\020__2025-09-13__TSC_vs_NEOFC__GOAL__t2816.60-t2831.80_portrait_POST.mp4","23912719","False","0","","False","False","False","C:\Users\scott\soccer-video\out\atomic_clips\2025-09-13__TSC_vs_NEOFC"
"020__2025-09-13__TSC_vs_NEOFC__GOAL__t2816.60-t2831.80_portrait_POST.__CINEMATIC","C:\Users\scott\soccer-video\out\atomic_clips\2025-09-13__TSC_vs_NEOFC\020__2025-09-13__TSC_vs_NEOFC__GOAL__t2816.60-t2831.80_portrait_POST.__CINEMATIC.mp4","8202770","False","0","","False","False","False","C:\Users\scott\soccer-video\out\atomic_clips\2025-09-13__TSC_vs_NEOFC"
"020__2025-09-13__TSC_vs_NEOFC__GOAL__t2816.60-t2831.80_portrait_POST.__CINEMATIC.__CINEMATIC","C:\Users\scott\soccer-video\out\atomic_clips\2025-09-13__TSC_vs_NEOFC\020__2025-09-13__TSC_vs_NEOFC__GOAL__t2816.60-t2831.80_portrait_POST.__CINEMATIC.__CINEMATIC.mp4","7001369","False","0","","False","False","False","C:\Users\scott\soccer-video\out\atomic_clips\2025-09-13__TSC_vs_NEOFC"
"020__2025-09-13__TSC_vs_NEOFC__GOAL__t2816.60-t2831.80_portrait_POST.__CINEMATIC.__CINEMATIC.__CINEMATIC","C:\Users\scott\soccer-video\out\atomic_clips\2025-09-13__TSC_vs_NEOFC\020__2025-09-13__TSC_vs_NEOFC__GOAL__t2816.60-t2831.80_portrait_POST.__CINEMATIC.__CINEMATIC.__CINEMATIC.mp4","6403721","False","0","","False","False","False","C:\Users\scott\soccer-video\out\atomic_clips\2025-09-13__TSC_vs_NEOFC"
"020__2025-09-13__TSC_vs_NEOFC__GOAL__t2816.60-t2831.80_portrait_POST.__CINEMATIC.__CINEMATIC.__CINEMATIC.__CINEMATIC","C:\Users\scott\soccer-video\out\atomic_clips\2025-09-13__TSC_vs_NEOFC\020__2025-09-13__TSC_vs_NEOFC__GOAL__t2816.60-t2831.80_portrait_POST.__CINEMATIC.__CINEMATIC.__CINEMATIC.__CINEMATIC.mp4","5119734","False","0","","False","False","False","C:\Users\scott\soccer-video\out\atomic_clips\2025-09-13__TSC_vs_NEOFC"
"020__2025-09-13__TSC_vs_NEOFC__GOAL__t2816.60-t2831.80_portrait_POST.__CINEMATIC.__CINEMATIC.__CINEMATIC.__CINEMATIC.__CINEMATIC","C:\Users\scott\soccer-video\out\atomic_clips\2025-09-13__TSC_vs_NEOFC\020__2025-09-13__TSC_vs_NEOFC__GOAL__t2816.60-t2831.80_portrait_POST.__CINEMATIC.__CINEMATIC.__CINEMATIC.__CINEMATIC.__CINEMATIC.mp4","2152167","False","0","","False","False","False","C:\Users\scott\soccer-video\out\atomic_clips\2025-09-13__TSC_vs_NEOFC"
"020__2025-09-13__TSC_vs_NEOFC__GOAL__t2816.60-t2831.80_portrait_POST.__CINEMATIC.__CINEMATIC.__CINEMATIC.__CINEMATIC.__CINEMATIC.__CINEMATIC","C:\Users\scott\soccer-video\out\atomic_clips\2025-09-13__TSC_vs_NEOFC\020__2025-09-13__TSC_vs_NEOFC__GOAL__t2816.60-t2831.80_portrait_POST.__CINEMATIC.__CINEMATIC.__CINEMATIC.__CINEMATIC.__CINEMATIC.__CINEMATIC.mp4","1019785","False","0","","False","False","False","C:\Users\scott\soccer-video\out\atomic_clips\2025-09-13__TSC_vs_NEOFC"
"020__2025-09-13__TSC_vs_NEOFC__GOAL__t2816.60-t2831.80_portrait_POST.__CINEMATIC.__CINEMATIC.__CINEMATIC.__CINEMATIC.__CINEMATIC.__CINEMATIC.__CINEMATIC","C:\Users\scott\soccer-video\out\atomic_clips\2025-09-13__TSC_vs_NEOFC\020__2025-09-13__TSC_vs_NEOFC__GOAL__t2816.60-t2831.80_portrait_POST.__CINEMATIC.__CINEMATIC.__CINEMATIC.__CINEMATIC.__CINEMATIC.__CINEMATIC.__CINEMATIC.mp4","892473","False","0","","False","False","False","C:\Users\scott\soccer-video\out\atomic_clips\2025-09-13__TSC_vs_NEOFC"
"020__2025-09-20__TSC_vs_Greenwood__PRESSURE_SHOT__t83580.00-t84540.00","C:\Users\scott\soccer-video\out\atomic_clips\_quarantine\020__2025-09-20__TSC_vs_Greenwood__PRESSURE_SHOT__t83580.00-t84540.00.mp4","3039710","False","0","","False","False","False","C:\Users\scott\soccer-video\out\atomic_clips\_quarantine"
"020__2025-09-20__TSC_vs_RVFC__SHOT__t74160.00-t74580.00","C:\Users\scott\soccer-video\out\atomic_clips\_quarantine\020__2025-09-20__TSC_vs_RVFC__SHOT__t74160.00-t74580.00.mp4","866337","False","0","","False","False","False","C:\Users\scott\soccer-video\out\atomic_clips\_quarantine"
"020__GOAL__t2816.60-t2831.80","C:\Users\scott\soccer-video\out\atomic_clips\_quarantine\020__GOAL__t2816.60-t2831.80.mp4","19387333","False","0","","False","False","False","C:\Users\scott\soccer-video\out\atomic_clips\_quarantine"
"020__GOAL__t2816.60-t2831.80","C:\Users\scott\soccer-video\out\atomic_clips\misc\020__GOAL__t2816.60-t2831.80.mp4","24215657","False","0","","False","False","False","C:\Users\scott\soccer-video\out\atomic_clips\misc"
"020__GOAL__t2816.60-t2831.80.__CINEMATIC","C:\Users\scott\soccer-video\out\atomic_clips\_quarantine\020__GOAL__t2816.60-t2831.80.__CINEMATIC.mp4","8220566","False","0","","False","False","False","C:\Users\scott\soccer-video\out\atomic_clips\_quarantine"
"020__GOAL__t2816.60-t2831.80.__CINEMATIC","C:\Users\scott\soccer-video\out\atomic_clips\misc\020__GOAL__t2816.60-t2831.80.__CINEMATIC.mp4","9625284","False","0","","False","False","False","C:\Users\scott\soccer-video\out\atomic_clips\misc"
"020__GOAL__t2816.60-t2831.80.__CINEMATIC.__CINEMATIC","C:\Users\scott\soccer-video\out\atomic_clips\_quarantine\020__GOAL__t2816.60-t2831.80.__CINEMATIC.__CINEMATIC.mp4","7043179","False","0","","False","False","False","C:\Users\scott\soccer-video\out\atomic_clips\_quarantine"
"020__GOAL__t2816.60-t2831.80.__CINEMATIC.__CINEMATIC","C:\Users\scott\soccer-video\out\atomic_clips\misc\020__GOAL__t2816.60-t2831.80.__CINEMATIC.__CINEMATIC.mp4","7089066","False","0","","False","False","False","C:\Users\scott\soccer-video\out\atomic_clips\misc"
"020__GOAL__t2816.60-t2831.80.__CINEMATIC.__CINEMATIC.__CINEMATIC","C:\Users\scott\soccer-video\out\atomic_clips\misc\020__GOAL__t2816.60-t2831.80.__CINEMATIC.__CINEMATIC.__CINEMATIC.mp4","6242177","False","0","","False","False","False","C:\Users\scott\soccer-video\out\atomic_clips\misc"
"020__GOAL__t2816.60-t2831.80.__CINEMATIC.__CINEMATIC.__CINEMATIC","C:\Users\scott\soccer-video\out\atomic_clips\_quarantine\020__GOAL__t2816.60-t2831.80.__CINEMATIC.__CINEMATIC.__CINEMATIC.mp4","6590654","False","0","","False","False","False","C:\Users\scott\soccer-video\out\atomic_clips\_quarantine"
"020__GOAL__t2816.60-t2831.80.__CINEMATIC.__CINEMATIC.__CINEMATIC.__CINEMATIC","C:\Users\scott\soccer-video\out\atomic_clips\_quarantine\020__GOAL__t2816.60-t2831.80.__CINEMATIC.__CINEMATIC.__CINEMATIC.__CINEMATIC.mp4","5249358","False","0","","False","False","False","C:\Users\scott\soccer-video\out\atomic_clips\_quarantine"
"020__GOAL__t2816.60-t2831.80.__CINEMATIC.__CINEMATIC.__CINEMATIC.__CINEMATIC","C:\Users\scott\soccer-video\out\atomic_clips\misc\020__GOAL__t2816.60-t2831.80.__CINEMATIC.__CINEMATIC.__CINEMATIC.__CINEMATIC.mp4","5757111","False","0","","False","False","False","C:\Users\scott\soccer-video\out\atomic_clips\misc"
"020__GOAL__t2816.60-t2831.80.__CINEMATIC.__CINEMATIC.__CINEMATIC.__CINEMATIC.__CINEMATIC","C:\Users\scott\soccer-video\out\atomic_clips\_quarantine\020__GOAL__t2816.60-t2831.80.__CINEMATIC.__CINEMATIC.__CINEMATIC.__CINEMATIC.__CINEMATIC.mp4","2123992","False","0","","False","False","False","C:\Users\scott\soccer-video\out\atomic_clips\_quarantine"
"020__GOAL__t2816.60-t2831.80.__CINEMATIC.__CINEMATIC.__CINEMATIC.__CINEMATIC.__CINEMATIC","C:\Users\scott\soccer-video\out\atomic_clips\misc\020__GOAL__t2816.60-t2831.80.__CINEMATIC.__CINEMATIC.__CINEMATIC.__CINEMATIC.__CINEMATIC.mp4","3208943","False","0","","False","False","False","C:\Users\scott\soccer-video\out\atomic_clips\misc"
"020__GOAL__t2816.60-t2831.80.__CINEMATIC.__CINEMATIC.__CINEMATIC.__CINEMATIC.__CINEMATIC.__CINEMATIC","C:\Users\scott\soccer-video\out\atomic_clips\_quarantine\020__GOAL__t2816.60-t2831.80.__CINEMATIC.__CINEMATIC.__CINEMATIC.__CINEMATIC.__CINEMATIC.__CINEMATIC.mp4","1038722","False","0","","False","False","False","C:\Users\scott\soccer-video\out\atomic_clips\_quarantine"
"020__GOAL__t2816.60-t2831.80.__CINEMATIC.__CINEMATIC.__CINEMATIC.__CINEMATIC.__CINEMATIC.__CINEMATIC","C:\Users\scott\soccer-video\out\atomic_clips\misc\020__GOAL__t2816.60-t2831.80.__CINEMATIC.__CINEMATIC.__CINEMATIC.__CINEMATIC.__CINEMATIC.__CINEMATIC.mp4","1360716","False","0","","False","False","False","C:\Users\scott\soccer-video\out\atomic_clips\misc"
"020__GOAL__t2816.60-t2831.80.__CINEMATIC.__CINEMATIC.__CINEMATIC.__CINEMATIC.__CINEMATIC.__CINEMATIC.__CINEMATIC","C:\Users\scott\soccer-video\out\atomic_clips\misc\020__GOAL__t2816.60-t2831.80.__CINEMATIC.__CINEMATIC.__CINEMATIC.__CINEMATIC.__CINEMATIC.__CINEMATIC.__CINEMATIC.mp4","1004460","False","0","","False","False","False","C:\Users\scott\soccer-video\out\atomic_clips\misc"
"020__GOAL__t2816.60-t2831.80.__CINEMATIC.__CINEMATIC.__CINEMATIC.__CINEMATIC.__CINEMATIC.__CINEMATIC.__CINEMATIC","C:\Users\scott\soccer-video\out\atomic_clips\_quarantine\020__GOAL__t2816.60-t2831.80.__CINEMATIC.__CINEMATIC.__CINEMATIC.__CINEMATIC.__CINEMATIC.__CINEMATIC.__CINEMATIC.mp4","933089","False","0","","False","False","False","C:\Users\scott\soccer-video\out\atomic_clips\_quarantine"
"020__GOAL__t2816.60-t2831.80.__CINEMATIC.__CINEMATIC.__CINEMATIC.__CINEMATIC.__CINEMATIC.__CINEMATIC.__CINEMATIC.__CINEMATIC","C:\Users\scott\soccer-video\out\atomic_clips\_quarantine\020__GOAL__t2816.60-t2831.80.__CINEMATIC.__CINEMATIC.__CINEMATIC.__CINEMATIC.__CINEMATIC.__CINEMATIC.__CINEMATIC.__CINEMATIC.mp4","930105","False","0","","False","False","False","C:\Users\scott\soccer-video\out\atomic_clips\_quarantine"
"021__2025-09-13__TSC_vs_NEOFC__SHOT__t2860.70-t2873.00_portrait_POST","C:\Users\scott\soccer-video\out\atomic_clips\2025-09-13__TSC_vs_NEOFC\021__2025-09-13__TSC_vs_NEOFC__SHOT__t2860.70-t2873.00_portrait_POST.mp4","19019603","False","0","","False","False","False","C:\Users\scott\soccer-video\out\atomic_clips\2025-09-13__TSC_vs_NEOFC"
"021__2025-09-13__TSC_vs_NEOFC__SHOT__t2860.70-t2873.00_portrait_POST.__CINEMATIC","C:\Users\scott\soccer-video\out\atomic_clips\2025-09-13__TSC_vs_NEOFC\021__2025-09-13__TSC_vs_NEOFC__SHOT__t2860.70-t2873.00_portrait_POST.__CINEMATIC.mp4","6961357","False","0","","False","False","False","C:\Users\scott\soccer-video\out\atomic_clips\2025-09-13__TSC_vs_NEOFC"
"021__2025-09-13__TSC_vs_NEOFC__SHOT__t2860.70-t2873.00_portrait_POST.__CINEMATIC.__CINEMATIC","C:\Users\scott\soccer-video\out\atomic_clips\2025-09-13__TSC_vs_NEOFC\021__2025-09-13__TSC_vs_NEOFC__SHOT__t2860.70-t2873.00_portrait_POST.__CINEMATIC.__CINEMATIC.mp4","5600083","False","0","","False","False","False","C:\Users\scott\soccer-video\out\atomic_clips\2025-09-13__TSC_vs_NEOFC"
"021__2025-09-13__TSC_vs_NEOFC__SHOT__t2860.70-t2873.00_portrait_POST.__CINEMATIC.__CINEMATIC.__CINEMATIC","C:\Users\scott\soccer-video\out\atomic_clips\2025-09-13__TSC_vs_NEOFC\021__2025-09-13__TSC_vs_NEOFC__SHOT__t2860.70-t2873.00_portrait_POST.__CINEMATIC.__CINEMATIC.__CINEMATIC.mp4","5390237","False","0","","False","False","False","C:\Users\scott\soccer-video\out\atomic_clips\2025-09-13__TSC_vs_NEOFC"
"021__2025-09-13__TSC_vs_NEOFC__SHOT__t2860.70-t2873.00_portrait_POST.__CINEMATIC.__CINEMATIC.__CINEMATIC.__CINEMATIC","C:\Users\scott\soccer-video\out\atomic_clips\2025-09-13__TSC_vs_NEOFC\021__2025-09-13__TSC_vs_NEOFC__SHOT__t2860.70-t2873.00_portrait_POST.__CINEMATIC.__CINEMATIC.__CINEMATIC.__CINEMATIC.mp4","4873180","False","0","","False","False","False","C:\Users\scott\soccer-video\out\atomic_clips\2025-09-13__TSC_vs_NEOFC"
"021__2025-09-13__TSC_vs_NEOFC__SHOT__t2860.70-t2873.00_portrait_POST.__CINEMATIC.__CINEMATIC.__CINEMATIC.__CINEMATIC.__CINEMATIC","C:\Users\scott\soccer-video\out\atomic_clips\2025-09-13__TSC_vs_NEOFC\021__2025-09-13__TSC_vs_NEOFC__SHOT__t2860.70-t2873.00_portrait_POST.__CINEMATIC.__CINEMATIC.__CINEMATIC.__CINEMATIC.__CINEMATIC.mp4","2373129","False","0","","False","False","False","C:\Users\scott\soccer-video\out\atomic_clips\2025-09-13__TSC_vs_NEOFC"
"021__2025-09-13__TSC_vs_NEOFC__SHOT__t2860.70-t2873.00_portrait_POST.__CINEMATIC.__CINEMATIC.__CINEMATIC.__CINEMATIC.__CINEMATIC.__CINEMATIC","C:\Users\scott\soccer-video\out\atomic_clips\2025-09-13__TSC_vs_NEOFC\021__2025-09-13__TSC_vs_NEOFC__SHOT__t2860.70-t2873.00_portrait_POST.__CINEMATIC.__CINEMATIC.__CINEMATIC.__CINEMATIC.__CINEMATIC.__CINEMATIC.mp4","1095897","False","0","","False","False","False","C:\Users\scott\soccer-video\out\atomic_clips\2025-09-13__TSC_vs_NEOFC"
"021__2025-09-13__TSC_vs_NEOFC__SHOT__t2860.70-t2873.00_portrait_POST.__CINEMATIC.__CINEMATIC.__CINEMATIC.__CINEMATIC.__CINEMATIC.__CINEMATIC.__CINEMATIC","C:\Users\scott\soccer-video\out\atomic_clips\2025-09-13__TSC_vs_NEOFC\021__2025-09-13__TSC_vs_NEOFC__SHOT__t2860.70-t2873.00_portrait_POST.__CINEMATIC.__CINEMATIC.__CINEMATIC.__CINEMATIC.__CINEMATIC.__CINEMATIC.__CINEMATIC.mp4","896451","False","0","","False","False","False","C:\Users\scott\soccer-video\out\atomic_clips\2025-09-13__TSC_vs_NEOFC"
"021__2025-09-20__TSC_vs_Greenwood__BUILD_UP_PLAY_SHOT__t1437.00-t1472.00_portrait_POST","C:\Users\scott\soccer-video\out\atomic_clips\2025-09-20__TSC_vs_Greenwood\021__2025-09-20__TSC_vs_Greenwood__BUILD_UP_PLAY_SHOT__t1437.00-t1472.00_portrait_POST.mp4","60274983","False","0","","False","False","False","C:\Users\scott\soccer-video\out\atomic_clips\2025-09-20__TSC_vs_Greenwood"
"021__2025-09-20__TSC_vs_Greenwood__BUILD_UP_PLAY_SHOT__t1437.00-t1472.00_portrait_POST.__CINEMATIC","C:\Users\scott\soccer-video\out\atomic_clips\2025-09-20__TSC_vs_Greenwood\021__2025-09-20__TSC_vs_Greenwood__BUILD_UP_PLAY_SHOT__t1437.00-t1472.00_portrait_POST.__CINEMATIC.mp4","22747435","False","0","","False","False","False","C:\Users\scott\soccer-video\out\atomic_clips\2025-09-20__TSC_vs_Greenwood"
"021__2025-09-20__TSC_vs_Greenwood__BUILD_UP_PLAY_SHOT__t1437.00-t1472.00_portrait_POST.__CINEMATIC.__CINEMATIC","C:\Users\scott\soccer-video\out\atomic_clips\2025-09-20__TSC_vs_Greenwood\021__2025-09-20__TSC_vs_Greenwood__BUILD_UP_PLAY_SHOT__t1437.00-t1472.00_portrait_POST.__CINEMATIC.__CINEMATIC.mp4","18022896","False","0","","False","False","False","C:\Users\scott\soccer-video\out\atomic_clips\2025-09-20__TSC_vs_Greenwood"
"021__2025-09-20__TSC_vs_Greenwood__BUILD_UP_PLAY_SHOT__t1437.00-t1472.00_portrait_POST.__CINEMATIC.__CINEMATIC.__CINEMATIC","C:\Users\scott\soccer-video\out\atomic_clips\2025-09-20__TSC_vs_Greenwood\021__2025-09-20__TSC_vs_Greenwood__BUILD_UP_PLAY_SHOT__t1437.00-t1472.00_portrait_POST.__CINEMATIC.__CINEMATIC.__CINEMATIC.mp4","15784399","False","0","","False","False","False","C:\Users\scott\soccer-video\out\atomic_clips\2025-09-20__TSC_vs_Greenwood"
"021__2025-09-20__TSC_vs_Greenwood__BUILD_UP_PLAY_SHOT__t1437.00-t1472.00_portrait_POST.__CINEMATIC.__CINEMATIC.__CINEMATIC.__CINEMATIC","C:\Users\scott\soccer-video\out\atomic_clips\2025-09-20__TSC_vs_Greenwood\021__2025-09-20__TSC_vs_Greenwood__BUILD_UP_PLAY_SHOT__t1437.00-t1472.00_portrait_POST.__CINEMATIC.__CINEMATIC.__CINEMATIC.__CINEMATIC.mp4","13596016","False","0","","False","False","False","C:\Users\scott\soccer-video\out\atomic_clips\2025-09-20__TSC_vs_Greenwood"
"021__2025-09-20__TSC_vs_Greenwood__BUILD_UP_PLAY_SHOT__t1437.00-t1472.00_portrait_POST.__CINEMATIC.__CINEMATIC.__CINEMATIC.__CINEMATIC.__CINEMATIC","C:\Users\scott\soccer-video\out\atomic_clips\2025-09-20__TSC_vs_Greenwood\021__2025-09-20__TSC_vs_Greenwood__BUILD_UP_PLAY_SHOT__t1437.00-t1472.00_portrait_POST.__CINEMATIC.__CINEMATIC.__CINEMATIC.__CINEMATIC.__CINEMATIC.mp4","6146212","False","0","","False","False","False","C:\Users\scott\soccer-video\out\atomic_clips\2025-09-20__TSC_vs_Greenwood"
"021__2025-09-20__TSC_vs_Greenwood__BUILD_UP_PLAY_SHOT__t1437.00-t1472.00_portrait_POST.__CINEMATIC.__CINEMATIC.__CINEMATIC.__CINEMATIC.__CINEMATIC.__CINEMATIC","C:\Users\scott\soccer-video\out\atomic_clips\2025-09-20__TSC_vs_Greenwood\021__2025-09-20__TSC_vs_Greenwood__BUILD_UP_PLAY_SHOT__t1437.00-t1472.00_portrait_POST.__CINEMATIC.__CINEMATIC.__CINEMATIC.__CINEMATIC.__CINEMATIC.__CINEMATIC.mp4","2277838","False","0","","False","False","False","C:\Users\scott\soccer-video\out\atomic_clips\2025-09-20__TSC_vs_Greenwood"
"021__2025-09-20__TSC_vs_Greenwood__BUILD_UP_PLAY_SHOT__t1437.00-t1472.00_portrait_POST.__CINEMATIC.__CINEMATIC.__CINEMATIC.__CINEMATIC.__CINEMATIC.__CINEMATIC.__CINEMATIC","C:\Users\scott\soccer-video\out\atomic_clips\2025-09-20__TSC_vs_Greenwood\021__2025-09-20__TSC_vs_Greenwood__BUILD_UP_PLAY_SHOT__t1437.00-t1472.00_portrait_POST.__CINEMATIC.__CINEMATIC.__CINEMATIC.__CINEMATIC.__CINEMATIC.__CINEMATIC.__CINEMATIC.mp4","1679785","False","0","","False","False","False","C:\Users\scott\soccer-video\out\atomic_clips\2025-09-20__TSC_vs_Greenwood"
"021__2025-09-20__TSC_vs_RVFC__CROSS__t76500.00-t77580.00","C:\Users\scott\soccer-video\out\atomic_clips\_quarantine\021__2025-09-20__TSC_vs_RVFC__CROSS__t76500.00-t77580.00.mp4","866337","False","0","","False","False","False","C:\Users\scott\soccer-video\out\atomic_clips\_quarantine"
"021__SHOT__t2860.70-t2873.00","C:\Users\scott\soccer-video\out\atomic_clips\misc\021__SHOT__t2860.70-t2873.00.mp4","20428396","False","0","","False","False","False","C:\Users\scott\soccer-video\out\atomic_clips\misc"
"021__SHOT__t2860.70-t2873.00","C:\Users\scott\soccer-video\out\atomic_clips\_quarantine\021__SHOT__t2860.70-t2873.00.mp4","18516194","False","0","","False","False","False","C:\Users\scott\soccer-video\out\atomic_clips\_quarantine"
"021__SHOT__t2860.70-t2873.00.__CINEMATIC","C:\Users\scott\soccer-video\out\atomic_clips\misc\021__SHOT__t2860.70-t2873.00.__CINEMATIC.mp4","8703998","False","0","","False","False","False","C:\Users\scott\soccer-video\out\atomic_clips\misc"
"021__SHOT__t2860.70-t2873.00.__CINEMATIC","C:\Users\scott\soccer-video\out\atomic_clips\_quarantine\021__SHOT__t2860.70-t2873.00.__CINEMATIC.mp4","8249105","False","0","","False","False","False","C:\Users\scott\soccer-video\out\atomic_clips\_quarantine"
"021__SHOT__t2860.70-t2873.00.__CINEMATIC.__CINEMATIC","C:\Users\scott\soccer-video\out\atomic_clips\_quarantine\021__SHOT__t2860.70-t2873.00.__CINEMATIC.__CINEMATIC.mp4","6574647","False","0","","False","False","False","C:\Users\scott\soccer-video\out\atomic_clips\_quarantine"
"021__SHOT__t2860.70-t2873.00.__CINEMATIC.__CINEMATIC","C:\Users\scott\soccer-video\out\atomic_clips\misc\021__SHOT__t2860.70-t2873.00.__CINEMATIC.__CINEMATIC.mp4","6338014","False","0","","False","False","False","C:\Users\scott\soccer-video\out\atomic_clips\misc"
"021__SHOT__t2860.70-t2873.00.__CINEMATIC.__CINEMATIC.__CINEMATIC","C:\Users\scott\soccer-video\out\atomic_clips\_quarantine\021__SHOT__t2860.70-t2873.00.__CINEMATIC.__CINEMATIC.__CINEMATIC.mp4","6404726","False","0","","False","False","False","C:\Users\scott\soccer-video\out\atomic_clips\_quarantine"
"021__SHOT__t2860.70-t2873.00.__CINEMATIC.__CINEMATIC.__CINEMATIC","C:\Users\scott\soccer-video\out\atomic_clips\misc\021__SHOT__t2860.70-t2873.00.__CINEMATIC.__CINEMATIC.__CINEMATIC.mp4","5666537","False","0","","False","False","False","C:\Users\scott\soccer-video\out\atomic_clips\misc"
"021__SHOT__t2860.70-t2873.00.__CINEMATIC.__CINEMATIC.__CINEMATIC.__CINEMATIC","C:\Users\scott\soccer-video\out\atomic_clips\_quarantine\021__SHOT__t2860.70-t2873.00.__CINEMATIC.__CINEMATIC.__CINEMATIC.__CINEMATIC.mp4","5797909","False","0","","False","False","False","C:\Users\scott\soccer-video\out\atomic_clips\_quarantine"
"021__SHOT__t2860.70-t2873.00.__CINEMATIC.__CINEMATIC.__CINEMATIC.__CINEMATIC","C:\Users\scott\soccer-video\out\atomic_clips\misc\021__SHOT__t2860.70-t2873.00.__CINEMATIC.__CINEMATIC.__CINEMATIC.__CINEMATIC.mp4","4793727","False","0","","False","False","False","C:\Users\scott\soccer-video\out\atomic_clips\misc"
"021__SHOT__t2860.70-t2873.00.__CINEMATIC.__CINEMATIC.__CINEMATIC.__CINEMATIC.__CINEMATIC","C:\Users\scott\soccer-video\out\atomic_clips\misc\021__SHOT__t2860.70-t2873.00.__CINEMATIC.__CINEMATIC.__CINEMATIC.__CINEMATIC.__CINEMATIC.mp4","2394572","False","0","","False","False","False","C:\Users\scott\soccer-video\out\atomic_clips\misc"
"021__SHOT__t2860.70-t2873.00.__CINEMATIC.__CINEMATIC.__CINEMATIC.__CINEMATIC.__CINEMATIC","C:\Users\scott\soccer-video\out\atomic_clips\_quarantine\021__SHOT__t2860.70-t2873.00.__CINEMATIC.__CINEMATIC.__CINEMATIC.__CINEMATIC.__CINEMATIC.mp4","2550409","False","0","","False","False","False","C:\Users\scott\soccer-video\out\atomic_clips\_quarantine"
"021__SHOT__t2860.70-t2873.00.__CINEMATIC.__CINEMATIC.__CINEMATIC.__CINEMATIC.__CINEMATIC.__CINEMATIC","C:\Users\scott\soccer-video\out\atomic_clips\_quarantine\021__SHOT__t2860.70-t2873.00.__CINEMATIC.__CINEMATIC.__CINEMATIC.__CINEMATIC.__CINEMATIC.__CINEMATIC.mp4","1050239","False","0","","False","False","False","C:\Users\scott\soccer-video\out\atomic_clips\_quarantine"
"021__SHOT__t2860.70-t2873.00.__CINEMATIC.__CINEMATIC.__CINEMATIC.__CINEMATIC.__CINEMATIC.__CINEMATIC","C:\Users\scott\soccer-video\out\atomic_clips\misc\021__SHOT__t2860.70-t2873.00.__CINEMATIC.__CINEMATIC.__CINEMATIC.__CINEMATIC.__CINEMATIC.__CINEMATIC.mp4","1165698","False","0","","False","False","False","C:\Users\scott\soccer-video\out\atomic_clips\misc"
"021__SHOT__t2860.70-t2873.00.__CINEMATIC.__CINEMATIC.__CINEMATIC.__CINEMATIC.__CINEMATIC.__CINEMATIC.__CINEMATIC","C:\Users\scott\soccer-video\out\atomic_clips\_quarantine\021__SHOT__t2860.70-t2873.00.__CINEMATIC.__CINEMATIC.__CINEMATIC.__CINEMATIC.__CINEMATIC.__CINEMATIC.__CINEMATIC.mp4","835158","False","0","","False","False","False","C:\Users\scott\soccer-video\out\atomic_clips\_quarantine"
"021__SHOT__t2860.70-t2873.00.__CINEMATIC.__CINEMATIC.__CINEMATIC.__CINEMATIC.__CINEMATIC.__CINEMATIC.__CINEMATIC","C:\Users\scott\soccer-video\out\atomic_clips\misc\021__SHOT__t2860.70-t2873.00.__CINEMATIC.__CINEMATIC.__CINEMATIC.__CINEMATIC.__CINEMATIC.__CINEMATIC.__CINEMATIC.mp4","964359","False","0","","False","False","False","C:\Users\scott\soccer-video\out\atomic_clips\misc"
"022__2025-09-20__TSC_vs_Greenwood__GOAL__t1578.00-t1586.00_portrait_POST","C:\Users\scott\soccer-video\out\atomic_clips\2025-09-20__TSC_vs_Greenwood\022__2025-09-20__TSC_vs_Greenwood__GOAL__t1578.00-t1586.00_portrait_POST.mp4","15028467","False","0","","False","False","False","C:\Users\scott\soccer-video\out\atomic_clips\2025-09-20__TSC_vs_Greenwood"
"022__2025-09-20__TSC_vs_Greenwood__GOAL__t1578.00-t1586.00_portrait_POST.__CINEMATIC","C:\Users\scott\soccer-video\out\atomic_clips\2025-09-20__TSC_vs_Greenwood\022__2025-09-20__TSC_vs_Greenwood__GOAL__t1578.00-t1586.00_portrait_POST.__CINEMATIC.mp4","5584638","False","0","","False","False","False","C:\Users\scott\soccer-video\out\atomic_clips\2025-09-20__TSC_vs_Greenwood"
"022__2025-09-20__TSC_vs_Greenwood__GOAL__t1578.00-t1586.00_portrait_POST.__CINEMATIC.__CINEMATIC","C:\Users\scott\soccer-video\out\atomic_clips\2025-09-20__TSC_vs_Greenwood\022__2025-09-20__TSC_vs_Greenwood__GOAL__t1578.00-t1586.00_portrait_POST.__CINEMATIC.__CINEMATIC.mp4","4267010","False","0","","False","False","False","C:\Users\scott\soccer-video\out\atomic_clips\2025-09-20__TSC_vs_Greenwood"
"022__2025-09-20__TSC_vs_Greenwood__GOAL__t1578.00-t1586.00_portrait_POST.__CINEMATIC.__CINEMATIC.__CINEMATIC","C:\Users\scott\soccer-video\out\atomic_clips\2025-09-20__TSC_vs_Greenwood\022__2025-09-20__TSC_vs_Greenwood__GOAL__t1578.00-t1586.00_portrait_POST.__CINEMATIC.__CINEMATIC.__CINEMATIC.mp4","3822604","False","0","","False","False","False","C:\Users\scott\soccer-video\out\atomic_clips\2025-09-20__TSC_vs_Greenwood"
"022__2025-09-20__TSC_vs_Greenwood__GOAL__t1578.00-t1586.00_portrait_POST.__CINEMATIC.__CINEMATIC.__CINEMATIC.__CINEMATIC","C:\Users\scott\soccer-video\out\atomic_clips\2025-09-20__TSC_vs_Greenwood\022__2025-09-20__TSC_vs_Greenwood__GOAL__t1578.00-t1586.00_portrait_POST.__CINEMATIC.__CINEMATIC.__CINEMATIC.__CINEMATIC.mp4","3575021","False","0","","False","False","False","C:\Users\scott\soccer-video\out\atomic_clips\2025-09-20__TSC_vs_Greenwood"
"022__2025-09-20__TSC_vs_Greenwood__GOAL__t1578.00-t1586.00_portrait_POST.__CINEMATIC.__CINEMATIC.__CINEMATIC.__CINEMATIC.__CINEMATIC","C:\Users\scott\soccer-video\out\atomic_clips\2025-09-20__TSC_vs_Greenwood\022__2025-09-20__TSC_vs_Greenwood__GOAL__t1578.00-t1586.00_portrait_POST.__CINEMATIC.__CINEMATIC.__CINEMATIC.__CINEMATIC.__CINEMATIC.mp4","2042265","False","0","","False","False","False","C:\Users\scott\soccer-video\out\atomic_clips\2025-09-20__TSC_vs_Greenwood"
"022__2025-09-20__TSC_vs_Greenwood__GOAL__t1578.00-t1586.00_portrait_POST.__CINEMATIC.__CINEMATIC.__CINEMATIC.__CINEMATIC.__CINEMATIC.__CINEMATIC","C:\Users\scott\soccer-video\out\atomic_clips\2025-09-20__TSC_vs_Greenwood\022__2025-09-20__TSC_vs_Greenwood__GOAL__t1578.00-t1586.00_portrait_POST.__CINEMATIC.__CINEMATIC.__CINEMATIC.__CINEMATIC.__CINEMATIC.__CINEMATIC.mp4","1035360","False","0","","False","False","False","C:\Users\scott\soccer-video\out\atomic_clips\2025-09-20__TSC_vs_Greenwood"
"022__2025-09-20__TSC_vs_Greenwood__GOAL__t1578.00-t1586.00_portrait_POST.__CINEMATIC.__CINEMATIC.__CINEMATIC.__CINEMATIC.__CINEMATIC.__CINEMATIC.__CINEMATIC","C:\Users\scott\soccer-video\out\atomic_clips\2025-09-20__TSC_vs_Greenwood\022__2025-09-20__TSC_vs_Greenwood__GOAL__t1578.00-t1586.00_portrait_POST.__CINEMATIC.__CINEMATIC.__CINEMATIC.__CINEMATIC.__CINEMATIC.__CINEMATIC.__CINEMATIC.mp4","814672","False","0","","False","False","False","C:\Users\scott\soccer-video\out\atomic_clips\2025-09-20__TSC_vs_Greenwood"
"022__2025-09-20__TSC_vs_RVFC__PRESSURE_SHOT__t78000.00-t78600.00","C:\Users\scott\soccer-video\out\atomic_clips\_quarantine\022__2025-09-20__TSC_vs_RVFC__PRESSURE_SHOT__t78000.00-t78600.00.mp4","866337","False","0","","False","False","False","C:\Users\scott\soccer-video\out\atomic_clips\_quarantine"
"023__2025-09-13__TSC_vs_NEOFC__SHOT__t3098.90-t3108.80_portrait_POST","C:\Users\scott\soccer-video\out\atomic_clips\2025-09-13__TSC_vs_NEOFC\023__2025-09-13__TSC_vs_NEOFC__SHOT__t3098.90-t3108.80_portrait_POST.mp4","17551905","False","0","","False","False","False","C:\Users\scott\soccer-video\out\atomic_clips\2025-09-13__TSC_vs_NEOFC"
"023__2025-09-13__TSC_vs_NEOFC__SHOT__t3098.90-t3108.80_portrait_POST.__CINEMATIC","C:\Users\scott\soccer-video\out\atomic_clips\2025-09-13__TSC_vs_NEOFC\023__2025-09-13__TSC_vs_NEOFC__SHOT__t3098.90-t3108.80_portrait_POST.__CINEMATIC.mp4","6554514","False","0","","False","False","False","C:\Users\scott\soccer-video\out\atomic_clips\2025-09-13__TSC_vs_NEOFC"
"023__2025-09-13__TSC_vs_NEOFC__SHOT__t3098.90-t3108.80_portrait_POST.__CINEMATIC.__CINEMATIC","C:\Users\scott\soccer-video\out\atomic_clips\2025-09-13__TSC_vs_NEOFC\023__2025-09-13__TSC_vs_NEOFC__SHOT__t3098.90-t3108.80_portrait_POST.__CINEMATIC.__CINEMATIC.mp4","5567420","False","0","","False","False","False","C:\Users\scott\soccer-video\out\atomic_clips\2025-09-13__TSC_vs_NEOFC"
"023__2025-09-13__TSC_vs_NEOFC__SHOT__t3098.90-t3108.80_portrait_POST.__CINEMATIC.__CINEMATIC.__CINEMATIC","C:\Users\scott\soccer-video\out\atomic_clips\2025-09-13__TSC_vs_NEOFC\023__2025-09-13__TSC_vs_NEOFC__SHOT__t3098.90-t3108.80_portrait_POST.__CINEMATIC.__CINEMATIC.__CINEMATIC.mp4","5474795","False","0","","False","False","False","C:\Users\scott\soccer-video\out\atomic_clips\2025-09-13__TSC_vs_NEOFC"
"023__2025-09-13__TSC_vs_NEOFC__SHOT__t3098.90-t3108.80_portrait_POST.__CINEMATIC.__CINEMATIC.__CINEMATIC.__CINEMATIC","C:\Users\scott\soccer-video\out\atomic_clips\2025-09-13__TSC_vs_NEOFC\023__2025-09-13__TSC_vs_NEOFC__SHOT__t3098.90-t3108.80_portrait_POST.__CINEMATIC.__CINEMATIC.__CINEMATIC.__CINEMATIC.mp4","4297859","False","0","","False","False","False","C:\Users\scott\soccer-video\out\atomic_clips\2025-09-13__TSC_vs_NEOFC"
"023__2025-09-13__TSC_vs_NEOFC__SHOT__t3098.90-t3108.80_portrait_POST.__CINEMATIC.__CINEMATIC.__CINEMATIC.__CINEMATIC.__CINEMATIC","C:\Users\scott\soccer-video\out\atomic_clips\2025-09-13__TSC_vs_NEOFC\023__2025-09-13__TSC_vs_NEOFC__SHOT__t3098.90-t3108.80_portrait_POST.__CINEMATIC.__CINEMATIC.__CINEMATIC.__CINEMATIC.__CINEMATIC.mp4","1907701","False","0","","False","False","False","C:\Users\scott\soccer-video\out\atomic_clips\2025-09-13__TSC_vs_NEOFC"
"023__2025-09-13__TSC_vs_NEOFC__SHOT__t3098.90-t3108.80_portrait_POST.__CINEMATIC.__CINEMATIC.__CINEMATIC.__CINEMATIC.__CINEMATIC.__CINEMATIC","C:\Users\scott\soccer-video\out\atomic_clips\2025-09-13__TSC_vs_NEOFC\023__2025-09-13__TSC_vs_NEOFC__SHOT__t3098.90-t3108.80_portrait_POST.__CINEMATIC.__CINEMATIC.__CINEMATIC.__CINEMATIC.__CINEMATIC.__CINEMATIC.mp4","931157","False","0","","False","False","False","C:\Users\scott\soccer-video\out\atomic_clips\2025-09-13__TSC_vs_NEOFC"
"023__2025-09-13__TSC_vs_NEOFC__SHOT__t3098.90-t3108.80_portrait_POST.__CINEMATIC.__CINEMATIC.__CINEMATIC.__CINEMATIC.__CINEMATIC.__CINEMATIC.__CINEMATIC","C:\Users\scott\soccer-video\out\atomic_clips\2025-09-13__TSC_vs_NEOFC\023__2025-09-13__TSC_vs_NEOFC__SHOT__t3098.90-t3108.80_portrait_POST.__CINEMATIC.__CINEMATIC.__CINEMATIC.__CINEMATIC.__CINEMATIC.__CINEMATIC.__CINEMATIC.mp4","755349","False","0","","False","False","False","C:\Users\scott\soccer-video\out\atomic_clips\2025-09-13__TSC_vs_NEOFC"
"023__2025-09-20__TSC_vs_Greenwood__BUILD_UP_PLAY_SHOT__t1711.00-t1722.00_portrait_POST","C:\Users\scott\soccer-video\out\atomic_clips\2025-09-20__TSC_vs_Greenwood\023__2025-09-20__TSC_vs_Greenwood__BUILD_UP_PLAY_SHOT__t1711.00-t1722.00_portrait_POST.mp4","20471408","False","0","","False","False","False","C:\Users\scott\soccer-video\out\atomic_clips\2025-09-20__TSC_vs_Greenwood"
"023__2025-09-20__TSC_vs_Greenwood__BUILD_UP_PLAY_SHOT__t1711.00-t1722.00_portrait_POST.__CINEMATIC","C:\Users\scott\soccer-video\out\atomic_clips\2025-09-20__TSC_vs_Greenwood\023__2025-09-20__TSC_vs_Greenwood__BUILD_UP_PLAY_SHOT__t1711.00-t1722.00_portrait_POST.__CINEMATIC.mp4","7561665","False","0","","False","False","False","C:\Users\scott\soccer-video\out\atomic_clips\2025-09-20__TSC_vs_Greenwood"
"023__2025-09-20__TSC_vs_Greenwood__BUILD_UP_PLAY_SHOT__t1711.00-t1722.00_portrait_POST.__CINEMATIC.__CINEMATIC","C:\Users\scott\soccer-video\out\atomic_clips\2025-09-20__TSC_vs_Greenwood\023__2025-09-20__TSC_vs_Greenwood__BUILD_UP_PLAY_SHOT__t1711.00-t1722.00_portrait_POST.__CINEMATIC.__CINEMATIC.mp4","5646938","False","0","","False","False","False","C:\Users\scott\soccer-video\out\atomic_clips\2025-09-20__TSC_vs_Greenwood"
"023__2025-09-20__TSC_vs_Greenwood__BUILD_UP_PLAY_SHOT__t1711.00-t1722.00_portrait_POST.__CINEMATIC.__CINEMATIC.__CINEMATIC","C:\Users\scott\soccer-video\out\atomic_clips\2025-09-20__TSC_vs_Greenwood\023__2025-09-20__TSC_vs_Greenwood__BUILD_UP_PLAY_SHOT__t1711.00-t1722.00_portrait_POST.__CINEMATIC.__CINEMATIC.__CINEMATIC.mp4","5168005","False","0","","False","False","False","C:\Users\scott\soccer-video\out\atomic_clips\2025-09-20__TSC_vs_Greenwood"
"023__2025-09-20__TSC_vs_Greenwood__BUILD_UP_PLAY_SHOT__t1711.00-t1722.00_portrait_POST.__CINEMATIC.__CINEMATIC.__CINEMATIC.__CINEMATIC","C:\Users\scott\soccer-video\out\atomic_clips\2025-09-20__TSC_vs_Greenwood\023__2025-09-20__TSC_vs_Greenwood__BUILD_UP_PLAY_SHOT__t1711.00-t1722.00_portrait_POST.__CINEMATIC.__CINEMATIC.__CINEMATIC.__CINEMATIC.mp4","4747427","False","0","","False","False","False","C:\Users\scott\soccer-video\out\atomic_clips\2025-09-20__TSC_vs_Greenwood"
"023__2025-09-20__TSC_vs_Greenwood__BUILD_UP_PLAY_SHOT__t1711.00-t1722.00_portrait_POST.__CINEMATIC.__CINEMATIC.__CINEMATIC.__CINEMATIC.__CINEMATIC","C:\Users\scott\soccer-video\out\atomic_clips\2025-09-20__TSC_vs_Greenwood\023__2025-09-20__TSC_vs_Greenwood__BUILD_UP_PLAY_SHOT__t1711.00-t1722.00_portrait_POST.__CINEMATIC.__CINEMATIC.__CINEMATIC.__CINEMATIC.__CINEMATIC.mp4","2350538","False","0","","False","False","False","C:\Users\scott\soccer-video\out\atomic_clips\2025-09-20__TSC_vs_Greenwood"
"023__2025-09-20__TSC_vs_Greenwood__BUILD_UP_PLAY_SHOT__t1711.00-t1722.00_portrait_POST.__CINEMATIC.__CINEMATIC.__CINEMATIC.__CINEMATIC.__CINEMATIC.__CINEMATIC","C:\Users\scott\soccer-video\out\atomic_clips\2025-09-20__TSC_vs_Greenwood\023__2025-09-20__TSC_vs_Greenwood__BUILD_UP_PLAY_SHOT__t1711.00-t1722.00_portrait_POST.__CINEMATIC.__CINEMATIC.__CINEMATIC.__CINEMATIC.__CINEMATIC.__CINEMATIC.mp4","1101257","False","0","","False","False","False","C:\Users\scott\soccer-video\out\atomic_clips\2025-09-20__TSC_vs_Greenwood"
"023__2025-09-20__TSC_vs_Greenwood__BUILD_UP_PLAY_SHOT__t1711.00-t1722.00_portrait_POST.__CINEMATIC.__CINEMATIC.__CINEMATIC.__CINEMATIC.__CINEMATIC.__CINEMATIC.__CINEMATIC","C:\Users\scott\soccer-video\out\atomic_clips\2025-09-20__TSC_vs_Greenwood\023__2025-09-20__TSC_vs_Greenwood__BUILD_UP_PLAY_SHOT__t1711.00-t1722.00_portrait_POST.__CINEMATIC.__CINEMATIC.__CINEMATIC.__CINEMATIC.__CINEMATIC.__CINEMATIC.__CINEMATIC.mp4","851076","False","0","","False","False","False","C:\Users\scott\soccer-video\out\atomic_clips\2025-09-20__TSC_vs_Greenwood"
"023__2025-09-20__TSC_vs_RVFC__PRESSURE_SHOT__t78960.00-t79740.00","C:\Users\scott\soccer-video\out\atomic_clips\_quarantine\023__2025-09-20__TSC_vs_RVFC__PRESSURE_SHOT__t78960.00-t79740.00.mp4","866337","False","0","","False","False","False","C:\Users\scott\soccer-video\out\atomic_clips\_quarantine"
"023__SHOT__t3098.90-t3108.80","C:\Users\scott\soccer-video\out\atomic_clips\_quarantine\023__SHOT__t3098.90-t3108.80.mp4","15753297","False","0","","False","False","False","C:\Users\scott\soccer-video\out\atomic_clips\_quarantine"
"023__SHOT__t3098.90-t3108.80","C:\Users\scott\soccer-video\out\atomic_clips\misc\023__SHOT__t3098.90-t3108.80.mp4","14291978","False","0","","False","False","False","C:\Users\scott\soccer-video\out\atomic_clips\misc"
"023__SHOT__t3098.90-t3108.80.__CINEMATIC","C:\Users\scott\soccer-video\out\atomic_clips\misc\023__SHOT__t3098.90-t3108.80.__CINEMATIC.mp4","6859332","False","0","","False","False","False","C:\Users\scott\soccer-video\out\atomic_clips\misc"
"023__SHOT__t3098.90-t3108.80.__CINEMATIC","C:\Users\scott\soccer-video\out\atomic_clips\_quarantine\023__SHOT__t3098.90-t3108.80.__CINEMATIC.mp4","7213819","False","0","","False","False","False","C:\Users\scott\soccer-video\out\atomic_clips\_quarantine"
"023__SHOT__t3098.90-t3108.80.__CINEMATIC.__CINEMATIC","C:\Users\scott\soccer-video\out\atomic_clips\misc\023__SHOT__t3098.90-t3108.80.__CINEMATIC.__CINEMATIC.mp4","5186974","False","0","","False","False","False","C:\Users\scott\soccer-video\out\atomic_clips\misc"
"023__SHOT__t3098.90-t3108.80.__CINEMATIC.__CINEMATIC","C:\Users\scott\soccer-video\out\atomic_clips\_quarantine\023__SHOT__t3098.90-t3108.80.__CINEMATIC.__CINEMATIC.mp4","6034740","False","0","","False","False","False","C:\Users\scott\soccer-video\out\atomic_clips\_quarantine"
"023__SHOT__t3098.90-t3108.80.__CINEMATIC.__CINEMATIC.__CINEMATIC","C:\Users\scott\soccer-video\out\atomic_clips\_quarantine\023__SHOT__t3098.90-t3108.80.__CINEMATIC.__CINEMATIC.__CINEMATIC.mp4","6071374","False","0","","False","False","False","C:\Users\scott\soccer-video\out\atomic_clips\_quarantine"
"023__SHOT__t3098.90-t3108.80.__CINEMATIC.__CINEMATIC.__CINEMATIC","C:\Users\scott\soccer-video\out\atomic_clips\misc\023__SHOT__t3098.90-t3108.80.__CINEMATIC.__CINEMATIC.__CINEMATIC.mp4","4190338","False","0","","False","False","False","C:\Users\scott\soccer-video\out\atomic_clips\misc"
"023__SHOT__t3098.90-t3108.80.__CINEMATIC.__CINEMATIC.__CINEMATIC.__CINEMATIC","C:\Users\scott\soccer-video\out\atomic_clips\_quarantine\023__SHOT__t3098.90-t3108.80.__CINEMATIC.__CINEMATIC.__CINEMATIC.__CINEMATIC.mp4","4811167","False","0","","False","False","False","C:\Users\scott\soccer-video\out\atomic_clips\_quarantine"
"023__SHOT__t3098.90-t3108.80.__CINEMATIC.__CINEMATIC.__CINEMATIC.__CINEMATIC","C:\Users\scott\soccer-video\out\atomic_clips\misc\023__SHOT__t3098.90-t3108.80.__CINEMATIC.__CINEMATIC.__CINEMATIC.__CINEMATIC.mp4","3625889","False","0","","False","False","False","C:\Users\scott\soccer-video\out\atomic_clips\misc"
"023__SHOT__t3098.90-t3108.80.__CINEMATIC.__CINEMATIC.__CINEMATIC.__CINEMATIC.__CINEMATIC","C:\Users\scott\soccer-video\out\atomic_clips\misc\023__SHOT__t3098.90-t3108.80.__CINEMATIC.__CINEMATIC.__CINEMATIC.__CINEMATIC.__CINEMATIC.mp4","2166290","False","0","","False","False","False","C:\Users\scott\soccer-video\out\atomic_clips\misc"
"023__SHOT__t3098.90-t3108.80.__CINEMATIC.__CINEMATIC.__CINEMATIC.__CINEMATIC.__CINEMATIC","C:\Users\scott\soccer-video\out\atomic_clips\_quarantine\023__SHOT__t3098.90-t3108.80.__CINEMATIC.__CINEMATIC.__CINEMATIC.__CINEMATIC.__CINEMATIC.mp4","2050120","False","0","","False","False","False","C:\Users\scott\soccer-video\out\atomic_clips\_quarantine"
"023__SHOT__t3098.90-t3108.80.__CINEMATIC.__CINEMATIC.__CINEMATIC.__CINEMATIC.__CINEMATIC.__CINEMATIC","C:\Users\scott\soccer-video\out\atomic_clips\_quarantine\023__SHOT__t3098.90-t3108.80.__CINEMATIC.__CINEMATIC.__CINEMATIC.__CINEMATIC.__CINEMATIC.__CINEMATIC.mp4","884759","False","0","","False","False","False","C:\Users\scott\soccer-video\out\atomic_clips\_quarantine"
"023__SHOT__t3098.90-t3108.80.__CINEMATIC.__CINEMATIC.__CINEMATIC.__CINEMATIC.__CINEMATIC.__CINEMATIC","C:\Users\scott\soccer-video\out\atomic_clips\misc\023__SHOT__t3098.90-t3108.80.__CINEMATIC.__CINEMATIC.__CINEMATIC.__CINEMATIC.__CINEMATIC.__CINEMATIC.mp4","1055037","False","0","","False","False","False","C:\Users\scott\soccer-video\out\atomic_clips\misc"
"023__SHOT__t3098.90-t3108.80.__CINEMATIC.__CINEMATIC.__CINEMATIC.__CINEMATIC.__CINEMATIC.__CINEMATIC.__CINEMATIC","C:\Users\scott\soccer-video\out\atomic_clips\_quarantine\023__SHOT__t3098.90-t3108.80.__CINEMATIC.__CINEMATIC.__CINEMATIC.__CINEMATIC.__CINEMATIC.__CINEMATIC.__CINEMATIC.mp4","682272","False","0","","False","False","False","C:\Users\scott\soccer-video\out\atomic_clips\_quarantine"
"023__SHOT__t3098.90-t3108.80.__CINEMATIC.__CINEMATIC.__CINEMATIC.__CINEMATIC.__CINEMATIC.__CINEMATIC.__CINEMATIC","C:\Users\scott\soccer-video\out\atomic_clips\misc\023__SHOT__t3098.90-t3108.80.__CINEMATIC.__CINEMATIC.__CINEMATIC.__CINEMATIC.__CINEMATIC.__CINEMATIC.__CINEMATIC.mp4","859629","False","0","","False","False","False","C:\Users\scott\soccer-video\out\atomic_clips\misc"
"024__2025-09-20__TSC_vs_Greenwood__PRESSURE_SHOT__t1871.00-t1881.00_portrait_POST","C:\Users\scott\soccer-video\out\atomic_clips\2025-09-20__TSC_vs_Greenwood\024__2025-09-20__TSC_vs_Greenwood__PRESSURE_SHOT__t1871.00-t1881.00_portrait_POST.mp4","17441004","False","0","","False","False","False","C:\Users\scott\soccer-video\out\atomic_clips\2025-09-20__TSC_vs_Greenwood"
"024__2025-09-20__TSC_vs_Greenwood__PRESSURE_SHOT__t1871.00-t1881.00_portrait_POST.__CINEMATIC","C:\Users\scott\soccer-video\out\atomic_clips\2025-09-20__TSC_vs_Greenwood\024__2025-09-20__TSC_vs_Greenwood__PRESSURE_SHOT__t1871.00-t1881.00_portrait_POST.__CINEMATIC.mp4","6738539","False","0","","False","False","False","C:\Users\scott\soccer-video\out\atomic_clips\2025-09-20__TSC_vs_Greenwood"
"024__2025-09-20__TSC_vs_Greenwood__PRESSURE_SHOT__t1871.00-t1881.00_portrait_POST.__CINEMATIC.__CINEMATIC","C:\Users\scott\soccer-video\out\atomic_clips\2025-09-20__TSC_vs_Greenwood\024__2025-09-20__TSC_vs_Greenwood__PRESSURE_SHOT__t1871.00-t1881.00_portrait_POST.__CINEMATIC.__CINEMATIC.mp4","5183260","False","0","","False","False","False","C:\Users\scott\soccer-video\out\atomic_clips\2025-09-20__TSC_vs_Greenwood"
"024__2025-09-20__TSC_vs_Greenwood__PRESSURE_SHOT__t1871.00-t1881.00_portrait_POST.__CINEMATIC.__CINEMATIC.__CINEMATIC","C:\Users\scott\soccer-video\out\atomic_clips\2025-09-20__TSC_vs_Greenwood\024__2025-09-20__TSC_vs_Greenwood__PRESSURE_SHOT__t1871.00-t1881.00_portrait_POST.__CINEMATIC.__CINEMATIC.__CINEMATIC.mp4","4722187","False","0","","False","False","False","C:\Users\scott\soccer-video\out\atomic_clips\2025-09-20__TSC_vs_Greenwood"
"024__2025-09-20__TSC_vs_Greenwood__PRESSURE_SHOT__t1871.00-t1881.00_portrait_POST.__CINEMATIC.__CINEMATIC.__CINEMATIC.__CINEMATIC","C:\Users\scott\soccer-video\out\atomic_clips\2025-09-20__TSC_vs_Greenwood\024__2025-09-20__TSC_vs_Greenwood__PRESSURE_SHOT__t1871.00-t1881.00_portrait_POST.__CINEMATIC.__CINEMATIC.__CINEMATIC.__CINEMATIC.mp4","4326529","False","0","","False","False","False","C:\Users\scott\soccer-video\out\atomic_clips\2025-09-20__TSC_vs_Greenwood"
"024__2025-09-20__TSC_vs_Greenwood__PRESSURE_SHOT__t1871.00-t1881.00_portrait_POST.__CINEMATIC.__CINEMATIC.__CINEMATIC.__CINEMATIC.__CINEMATIC","C:\Users\scott\soccer-video\out\atomic_clips\2025-09-20__TSC_vs_Greenwood\024__2025-09-20__TSC_vs_Greenwood__PRESSURE_SHOT__t1871.00-t1881.00_portrait_POST.__CINEMATIC.__CINEMATIC.__CINEMATIC.__CINEMATIC.__CINEMATIC.mp4","2284813","False","0","","False","False","False","C:\Users\scott\soccer-video\out\atomic_clips\2025-09-20__TSC_vs_Greenwood"
"024__2025-09-20__TSC_vs_Greenwood__PRESSURE_SHOT__t1871.00-t1881.00_portrait_POST.__CINEMATIC.__CINEMATIC.__CINEMATIC.__CINEMATIC.__CINEMATIC.__CINEMATIC","C:\Users\scott\soccer-video\out\atomic_clips\2025-09-20__TSC_vs_Greenwood\024__2025-09-20__TSC_vs_Greenwood__PRESSURE_SHOT__t1871.00-t1881.00_portrait_POST.__CINEMATIC.__CINEMATIC.__CINEMATIC.__CINEMATIC.__CINEMATIC.__CINEMATIC.mp4","1097905","False","0","","False","False","False","C:\Users\scott\soccer-video\out\atomic_clips\2025-09-20__TSC_vs_Greenwood"
"024__2025-09-20__TSC_vs_Greenwood__PRESSURE_SHOT__t1871.00-t1881.00_portrait_POST.__CINEMATIC.__CINEMATIC.__CINEMATIC.__CINEMATIC.__CINEMATIC.__CINEMATIC.__CINEMATIC","C:\Users\scott\soccer-video\out\atomic_clips\2025-09-20__TSC_vs_Greenwood\024__2025-09-20__TSC_vs_Greenwood__PRESSURE_SHOT__t1871.00-t1881.00_portrait_POST.__CINEMATIC.__CINEMATIC.__CINEMATIC.__CINEMATIC.__CINEMATIC.__CINEMATIC.__CINEMATIC.mp4","847928","False","0","","False","False","False","C:\Users\scott\soccer-video\out\atomic_clips\2025-09-20__TSC_vs_Greenwood"
"024__2025-09-20__TSC_vs_Greenwood__PRESSURE_SHOT__t2718000.00-t2754000.00","C:\Users\scott\soccer-video\out\atomic_clips\2025-09-20__TSC_vs_Greenwood\024__2025-09-20__TSC_vs_Greenwood__PRESSURE_SHOT__t2718000.00-t2754000.00.mp4","67624572","False","0","","False","False","False","C:\Users\scott\soccer-video\out\atomic_clips\2025-09-20__TSC_vs_Greenwood"
"024__2025-09-20__TSC_vs_Greenwood__PRESSURE_SHOT__t2718000.00-t2754000.00","C:\Users\scott\soccer-video\out\atomic_clips\_quarantine\024__2025-09-20__TSC_vs_Greenwood__PRESSURE_SHOT__t2718000.00-t2754000.00.mp4","3039710","False","0","","False","False","False","C:\Users\scott\soccer-video\out\atomic_clips\_quarantine"
"024__2025-09-20__TSC_vs_Greenwood__PRESSURE_SHOT__t2718000.00-t2754000.00.__CINEMATIC","C:\Users\scott\soccer-video\out\atomic_clips\2025-09-20__TSC_vs_Greenwood\024__2025-09-20__TSC_vs_Greenwood__PRESSURE_SHOT__t2718000.00-t2754000.00.__CINEMATIC.mp4","24471175","False","0","","False","False","False","C:\Users\scott\soccer-video\out\atomic_clips\2025-09-20__TSC_vs_Greenwood"
"024__2025-09-20__TSC_vs_Greenwood__PRESSURE_SHOT__t2718000.00-t2754000.00.__CINEMATIC","C:\Users\scott\soccer-video\out\atomic_clips\_quarantine\024__2025-09-20__TSC_vs_Greenwood__PRESSURE_SHOT__t2718000.00-t2754000.00.__CINEMATIC.mp4","1502671","False","0","","False","False","False","C:\Users\scott\soccer-video\out\atomic_clips\_quarantine"
"024__2025-09-20__TSC_vs_Greenwood__PRESSURE_SHOT__t2718000.00-t2754000.00.__CINEMATIC.__CINEMATIC","C:\Users\scott\soccer-video\out\atomic_clips\_quarantine\024__2025-09-20__TSC_vs_Greenwood__PRESSURE_SHOT__t2718000.00-t2754000.00.__CINEMATIC.__CINEMATIC.mp4","1155549","False","0","","False","False","False","C:\Users\scott\soccer-video\out\atomic_clips\_quarantine"
"024__2025-09-20__TSC_vs_Greenwood__PRESSURE_SHOT__t2718000.00-t2754000.00.__CINEMATIC.__CINEMATIC","C:\Users\scott\soccer-video\out\atomic_clips\2025-09-20__TSC_vs_Greenwood\024__2025-09-20__TSC_vs_Greenwood__PRESSURE_SHOT__t2718000.00-t2754000.00.__CINEMATIC.__CINEMATIC.mp4","17455568","False","0","","False","False","False","C:\Users\scott\soccer-video\out\atomic_clips\2025-09-20__TSC_vs_Greenwood"
"024__2025-09-20__TSC_vs_Greenwood__PRESSURE_SHOT__t2718000.00-t2754000.00.__CINEMATIC.__CINEMATIC.__CINEMATIC","C:\Users\scott\soccer-video\out\atomic_clips\_quarantine\024__2025-09-20__TSC_vs_Greenwood__PRESSURE_SHOT__t2718000.00-t2754000.00.__CINEMATIC.__CINEMATIC.__CINEMATIC.mp4","888946","False","0","","False","False","False","C:\Users\scott\soccer-video\out\atomic_clips\_quarantine"
"024__2025-09-20__TSC_vs_Greenwood__PRESSURE_SHOT__t2718000.00-t2754000.00.__CINEMATIC.__CINEMATIC.__CINEMATIC","C:\Users\scott\soccer-video\out\atomic_clips\2025-09-20__TSC_vs_Greenwood\024__2025-09-20__TSC_vs_Greenwood__PRESSURE_SHOT__t2718000.00-t2754000.00.__CINEMATIC.__CINEMATIC.__CINEMATIC.mp4","15200873","False","0","","False","False","False","C:\Users\scott\soccer-video\out\atomic_clips\2025-09-20__TSC_vs_Greenwood"
"024__2025-09-20__TSC_vs_Greenwood__PRESSURE_SHOT__t2718000.00-t2754000.00.__CINEMATIC.__CINEMATIC.__CINEMATIC.__CINEMATIC","C:\Users\scott\soccer-video\out\atomic_clips\_quarantine\024__2025-09-20__TSC_vs_Greenwood__PRESSURE_SHOT__t2718000.00-t2754000.00.__CINEMATIC.__CINEMATIC.__CINEMATIC.__CINEMATIC.mp4","734656","False","0","","False","False","False","C:\Users\scott\soccer-video\out\atomic_clips\_quarantine"
"024__2025-09-20__TSC_vs_Greenwood__PRESSURE_SHOT__t2718000.00-t2754000.00.__CINEMATIC.__CINEMATIC.__CINEMATIC.__CINEMATIC","C:\Users\scott\soccer-video\out\atomic_clips\2025-09-20__TSC_vs_Greenwood\024__2025-09-20__TSC_vs_Greenwood__PRESSURE_SHOT__t2718000.00-t2754000.00.__CINEMATIC.__CINEMATIC.__CINEMATIC.__CINEMATIC.mp4","13572664","False","0","","False","False","False","C:\Users\scott\soccer-video\out\atomic_clips\2025-09-20__TSC_vs_Greenwood"
"024__2025-09-20__TSC_vs_Greenwood__PRESSURE_SHOT__t2718000.00-t2754000.00.__CINEMATIC.__CINEMATIC.__CINEMATIC.__CINEMATIC.__CINEMATIC","C:\Users\scott\soccer-video\out\atomic_clips\2025-09-20__TSC_vs_Greenwood\024__2025-09-20__TSC_vs_Greenwood__PRESSURE_SHOT__t2718000.00-t2754000.00.__CINEMATIC.__CINEMATIC.__CINEMATIC.__CINEMATIC.__CINEMATIC.mp4","6626081","False","0","","False","False","False","C:\Users\scott\soccer-video\out\atomic_clips\2025-09-20__TSC_vs_Greenwood"
"024__2025-09-20__TSC_vs_Greenwood__PRESSURE_SHOT__t2718000.00-t2754000.00.__CINEMATIC.__CINEMATIC.__CINEMATIC.__CINEMATIC.__CINEMATIC","C:\Users\scott\soccer-video\out\atomic_clips\_quarantine\024__2025-09-20__TSC_vs_Greenwood__PRESSURE_SHOT__t2718000.00-t2754000.00.__CINEMATIC.__CINEMATIC.__CINEMATIC.__CINEMATIC.__CINEMATIC.mp4","485986","False","0","","False","False","False","C:\Users\scott\soccer-video\out\atomic_clips\_quarantine"
"024__2025-09-20__TSC_vs_Greenwood__PRESSURE_SHOT__t2718000.00-t2754000.00.__CINEMATIC.__CINEMATIC.__CINEMATIC.__CINEMATIC.__CINEMATIC.__CINEMATIC","C:\Users\scott\soccer-video\out\atomic_clips\_quarantine\024__2025-09-20__TSC_vs_Greenwood__PRESSURE_SHOT__t2718000.00-t2754000.00.__CINEMATIC.__CINEMATIC.__CINEMATIC.__CINEMATIC.__CINEMATIC.__CINEMATIC.mp4","326739","False","0","","False","False","False","C:\Users\scott\soccer-video\out\atomic_clips\_quarantine"
"024__2025-09-20__TSC_vs_Greenwood__PRESSURE_SHOT__t2718000.00-t2754000.00.__CINEMATIC.__CINEMATIC.__CINEMATIC.__CINEMATIC.__CINEMATIC.__CINEMATIC","C:\Users\scott\soccer-video\out\atomic_clips\2025-09-20__TSC_vs_Greenwood\024__2025-09-20__TSC_vs_Greenwood__PRESSURE_SHOT__t2718000.00-t2754000.00.__CINEMATIC.__CINEMATIC.__CINEMATIC.__CINEMATIC.__CINEMATIC.__CINEMATIC.mp4","2519798","False","0","","False","False","False","C:\Users\scott\soccer-video\out\atomic_clips\2025-09-20__TSC_vs_Greenwood"
"024__2025-09-20__TSC_vs_Greenwood__PRESSURE_SHOT__t2718000.00-t2754000.00.__CINEMATIC.__CINEMATIC.__CINEMATIC.__CINEMATIC.__CINEMATIC.__CINEMATIC.__CINEMATIC","C:\Users\scott\soccer-video\out\atomic_clips\_quarantine\024__2025-09-20__TSC_vs_Greenwood__PRESSURE_SHOT__t2718000.00-t2754000.00.__CINEMATIC.__CINEMATIC.__CINEMATIC.__CINEMATIC.__CINEMATIC.__CINEMATIC.__CINEMATIC.mp4","252535","False","0","","False","False","False","C:\Users\scott\soccer-video\out\atomic_clips\_quarantine"
"024__2025-09-20__TSC_vs_Greenwood__PRESSURE_SHOT__t2718000.00-t2754000.00.__CINEMATIC.__CINEMATIC.__CINEMATIC.__CINEMATIC.__CINEMATIC.__CINEMATIC.__CINEMATIC","C:\Users\scott\soccer-video\out\atomic_clips\2025-09-20__TSC_vs_Greenwood\024__2025-09-20__TSC_vs_Greenwood__PRESSURE_SHOT__t2718000.00-t2754000.00.__CINEMATIC.__CINEMATIC.__CINEMATIC.__CINEMATIC.__CINEMATIC.__CINEMATIC.__CINEMATIC.mp4","1860075","False","0","","False","False","False","C:\Users\scott\soccer-video\out\atomic_clips\2025-09-20__TSC_vs_Greenwood"
"024__2025-09-20__TSC_vs_RVFC__FREE_KICK__t84120.00-t85260.00","C:\Users\scott\soccer-video\out\atomic_clips\_quarantine\024__2025-09-20__TSC_vs_RVFC__FREE_KICK__t84120.00-t85260.00.mp4","866337","False","0","","False","False","False","C:\Users\scott\soccer-video\out\atomic_clips\_quarantine"
"025__2025-09-20__TSC_vs_Greenwood__GOAL__t1885.00-t1895.00_portrait_POST","C:\Users\scott\soccer-video\out\atomic_clips\2025-09-20__TSC_vs_Greenwood\025__2025-09-20__TSC_vs_Greenwood__GOAL__t1885.00-t1895.00_portrait_POST.mp4","18239610","False","0","","False","False","False","C:\Users\scott\soccer-video\out\atomic_clips\2025-09-20__TSC_vs_Greenwood"
"025__2025-09-20__TSC_vs_Greenwood__GOAL__t1885.00-t1895.00_portrait_POST.__CINEMATIC","C:\Users\scott\soccer-video\out\atomic_clips\2025-09-20__TSC_vs_Greenwood\025__2025-09-20__TSC_vs_Greenwood__GOAL__t1885.00-t1895.00_portrait_POST.__CINEMATIC.mp4","7655810","False","0","","False","False","False","C:\Users\scott\soccer-video\out\atomic_clips\2025-09-20__TSC_vs_Greenwood"
"025__2025-09-20__TSC_vs_Greenwood__GOAL__t1885.00-t1895.00_portrait_POST.__CINEMATIC.__CINEMATIC","C:\Users\scott\soccer-video\out\atomic_clips\2025-09-20__TSC_vs_Greenwood\025__2025-09-20__TSC_vs_Greenwood__GOAL__t1885.00-t1895.00_portrait_POST.__CINEMATIC.__CINEMATIC.mp4","5613757","False","0","","False","False","False","C:\Users\scott\soccer-video\out\atomic_clips\2025-09-20__TSC_vs_Greenwood"
"025__2025-09-20__TSC_vs_Greenwood__GOAL__t1885.00-t1895.00_portrait_POST.__CINEMATIC.__CINEMATIC.__CINEMATIC","C:\Users\scott\soccer-video\out\atomic_clips\2025-09-20__TSC_vs_Greenwood\025__2025-09-20__TSC_vs_Greenwood__GOAL__t1885.00-t1895.00_portrait_POST.__CINEMATIC.__CINEMATIC.__CINEMATIC.mp4","4859063","False","0","","False","False","False","C:\Users\scott\soccer-video\out\atomic_clips\2025-09-20__TSC_vs_Greenwood"
"025__2025-09-20__TSC_vs_Greenwood__GOAL__t1885.00-t1895.00_portrait_POST.__CINEMATIC.__CINEMATIC.__CINEMATIC.__CINEMATIC","C:\Users\scott\soccer-video\out\atomic_clips\2025-09-20__TSC_vs_Greenwood\025__2025-09-20__TSC_vs_Greenwood__GOAL__t1885.00-t1895.00_portrait_POST.__CINEMATIC.__CINEMATIC.__CINEMATIC.__CINEMATIC.mp4","4019841","False","0","","False","False","False","C:\Users\scott\soccer-video\out\atomic_clips\2025-09-20__TSC_vs_Greenwood"
"025__2025-09-20__TSC_vs_Greenwood__GOAL__t1885.00-t1895.00_portrait_POST.__CINEMATIC.__CINEMATIC.__CINEMATIC.__CINEMATIC.__CINEMATIC","C:\Users\scott\soccer-video\out\atomic_clips\2025-09-20__TSC_vs_Greenwood\025__2025-09-20__TSC_vs_Greenwood__GOAL__t1885.00-t1895.00_portrait_POST.__CINEMATIC.__CINEMATIC.__CINEMATIC.__CINEMATIC.__CINEMATIC.mp4","2094289","False","0","","False","False","False","C:\Users\scott\soccer-video\out\atomic_clips\2025-09-20__TSC_vs_Greenwood"
"025__2025-09-20__TSC_vs_Greenwood__GOAL__t1885.00-t1895.00_portrait_POST.__CINEMATIC.__CINEMATIC.__CINEMATIC.__CINEMATIC.__CINEMATIC.__CINEMATIC","C:\Users\scott\soccer-video\out\atomic_clips\2025-09-20__TSC_vs_Greenwood\025__2025-09-20__TSC_vs_Greenwood__GOAL__t1885.00-t1895.00_portrait_POST.__CINEMATIC.__CINEMATIC.__CINEMATIC.__CINEMATIC.__CINEMATIC.__CINEMATIC.mp4","1047357","False","0","","False","False","False","C:\Users\scott\soccer-video\out\atomic_clips\2025-09-20__TSC_vs_Greenwood"
"025__2025-09-20__TSC_vs_Greenwood__GOAL__t1885.00-t1895.00_portrait_POST.__CINEMATIC.__CINEMATIC.__CINEMATIC.__CINEMATIC.__CINEMATIC.__CINEMATIC.__CINEMATIC","C:\Users\scott\soccer-video\out\atomic_clips\2025-09-20__TSC_vs_Greenwood\025__2025-09-20__TSC_vs_Greenwood__GOAL__t1885.00-t1895.00_portrait_POST.__CINEMATIC.__CINEMATIC.__CINEMATIC.__CINEMATIC.__CINEMATIC.__CINEMATIC.__CINEMATIC.mp4","846115","False","0","","False","False","False","C:\Users\scott\soccer-video\out\atomic_clips\2025-09-20__TSC_vs_Greenwood"
"025__2025-09-20__TSC_vs_RVFC__PRESSURE_GOAL__t1512.00-t1520.00_portrait_POST","C:\Users\scott\soccer-video\out\atomic_clips\2025-09-20__TSC_vs_RVFC\025__2025-09-20__TSC_vs_RVFC__PRESSURE_GOAL__t1512.00-t1520.00_portrait_POST.mp4","13866641","False","0","","False","False","False","C:\Users\scott\soccer-video\out\atomic_clips\2025-09-20__TSC_vs_RVFC"
"025__2025-09-20__TSC_vs_RVFC__PRESSURE_GOAL__t1512.00-t1520.00_portrait_POST.__CINEMATIC","C:\Users\scott\soccer-video\out\atomic_clips\2025-09-20__TSC_vs_RVFC\025__2025-09-20__TSC_vs_RVFC__PRESSURE_GOAL__t1512.00-t1520.00_portrait_POST.__CINEMATIC.mp4","6865077","False","0","","False","False","False","C:\Users\scott\soccer-video\out\atomic_clips\2025-09-20__TSC_vs_RVFC"
"025__2025-09-20__TSC_vs_RVFC__PRESSURE_GOAL__t1512.00-t1520.00_portrait_POST.__CINEMATIC.__CINEMATIC","C:\Users\scott\soccer-video\out\atomic_clips\2025-09-20__TSC_vs_RVFC\025__2025-09-20__TSC_vs_RVFC__PRESSURE_GOAL__t1512.00-t1520.00_portrait_POST.__CINEMATIC.__CINEMATIC.mp4","5283206","False","0","","False","False","False","C:\Users\scott\soccer-video\out\atomic_clips\2025-09-20__TSC_vs_RVFC"
"025__2025-09-20__TSC_vs_RVFC__PRESSURE_GOAL__t1512.00-t1520.00_portrait_POST.__CINEMATIC.__CINEMATIC.__CINEMATIC","C:\Users\scott\soccer-video\out\atomic_clips\2025-09-20__TSC_vs_RVFC\025__2025-09-20__TSC_vs_RVFC__PRESSURE_GOAL__t1512.00-t1520.00_portrait_POST.__CINEMATIC.__CINEMATIC.__CINEMATIC.mp4","4554686","False","0","","False","False","False","C:\Users\scott\soccer-video\out\atomic_clips\2025-09-20__TSC_vs_RVFC"
"025__2025-09-20__TSC_vs_RVFC__PRESSURE_GOAL__t1512.00-t1520.00_portrait_POST.__CINEMATIC.__CINEMATIC.__CINEMATIC.__CINEMATIC","C:\Users\scott\soccer-video\out\atomic_clips\2025-09-20__TSC_vs_RVFC\025__2025-09-20__TSC_vs_RVFC__PRESSURE_GOAL__t1512.00-t1520.00_portrait_POST.__CINEMATIC.__CINEMATIC.__CINEMATIC.__CINEMATIC.mp4","3887188","False","0","","False","False","False","C:\Users\scott\soccer-video\out\atomic_clips\2025-09-20__TSC_vs_RVFC"
"025__2025-09-20__TSC_vs_RVFC__PRESSURE_GOAL__t1512.00-t1520.00_portrait_POST.__CINEMATIC.__CINEMATIC.__CINEMATIC.__CINEMATIC.__CINEMATIC","C:\Users\scott\soccer-video\out\atomic_clips\2025-09-20__TSC_vs_RVFC\025__2025-09-20__TSC_vs_RVFC__PRESSURE_GOAL__t1512.00-t1520.00_portrait_POST.__CINEMATIC.__CINEMATIC.__CINEMATIC.__CINEMATIC.__CINEMATIC.mp4","2067658","False","0","","False","False","False","C:\Users\scott\soccer-video\out\atomic_clips\2025-09-20__TSC_vs_RVFC"
"025__2025-09-20__TSC_vs_RVFC__PRESSURE_GOAL__t1512.00-t1520.00_portrait_POST.__CINEMATIC.__CINEMATIC.__CINEMATIC.__CINEMATIC.__CINEMATIC.__CINEMATIC","C:\Users\scott\soccer-video\out\atomic_clips\2025-09-20__TSC_vs_RVFC\025__2025-09-20__TSC_vs_RVFC__PRESSURE_GOAL__t1512.00-t1520.00_portrait_POST.__CINEMATIC.__CINEMATIC.__CINEMATIC.__CINEMATIC.__CINEMATIC.__CINEMATIC.mp4","988445","False","0","","False","False","False","C:\Users\scott\soccer-video\out\atomic_clips\2025-09-20__TSC_vs_RVFC"
"025__2025-09-20__TSC_vs_RVFC__PRESSURE_GOAL__t1512.00-t1520.00_portrait_POST.__CINEMATIC.__CINEMATIC.__CINEMATIC.__CINEMATIC.__CINEMATIC.__CINEMATIC.__CINEMATIC","C:\Users\scott\soccer-video\out\atomic_clips\2025-09-20__TSC_vs_RVFC\025__2025-09-20__TSC_vs_RVFC__PRESSURE_GOAL__t1512.00-t1520.00_portrait_POST.__CINEMATIC.__CINEMATIC.__CINEMATIC.__CINEMATIC.__CINEMATIC.__CINEMATIC.__CINEMATIC.mp4","766434","False","0","","False","False","False","C:\Users\scott\soccer-video\out\atomic_clips\2025-09-20__TSC_vs_RVFC"
"025__2025-09-20__TSC_vs_RVFC__PRESSURE_GOAL__t2203200.00-t2232000.00","C:\Users\scott\soccer-video\out\atomic_clips\_quarantine\025__2025-09-20__TSC_vs_RVFC__PRESSURE_GOAL__t2203200.00-t2232000.00.mp4","866337","False","0","","False","False","False","C:\Users\scott\soccer-video\out\atomic_clips\_quarantine"
"025__2025-09-20__TSC_vs_RVFC__PRESSURE_GOAL__t2203200.00-t2232000.00","C:\Users\scott\soccer-video\out\atomic_clips\2025-09-20__TSC_vs_RVFC\025__2025-09-20__TSC_vs_RVFC__PRESSURE_GOAL__t2203200.00-t2232000.00.mp4","41252944","False","0","","False","False","False","C:\Users\scott\soccer-video\out\atomic_clips\2025-09-20__TSC_vs_RVFC"
"025__2025-09-20__TSC_vs_RVFC__PRESSURE_GOAL__t2203200.00-t2232000.00.__CINEMATIC","C:\Users\scott\soccer-video\out\atomic_clips\2025-09-20__TSC_vs_RVFC\025__2025-09-20__TSC_vs_RVFC__PRESSURE_GOAL__t2203200.00-t2232000.00.__CINEMATIC.mp4","17524171","False","0","","False","False","False","C:\Users\scott\soccer-video\out\atomic_clips\2025-09-20__TSC_vs_RVFC"
"025__2025-09-20__TSC_vs_RVFC__PRESSURE_GOAL__t2203200.00-t2232000.00.__CINEMATIC","C:\Users\scott\soccer-video\out\atomic_clips\_quarantine\025__2025-09-20__TSC_vs_RVFC__PRESSURE_GOAL__t2203200.00-t2232000.00.__CINEMATIC.mp4","1045895","False","0","","False","False","False","C:\Users\scott\soccer-video\out\atomic_clips\_quarantine"
"025__2025-09-20__TSC_vs_RVFC__PRESSURE_GOAL__t2203200.00-t2232000.00.__CINEMATIC.__CINEMATIC","C:\Users\scott\soccer-video\out\atomic_clips\2025-09-20__TSC_vs_RVFC\025__2025-09-20__TSC_vs_RVFC__PRESSURE_GOAL__t2203200.00-t2232000.00.__CINEMATIC.__CINEMATIC.mp4","12597140","False","0","","False","False","False","C:\Users\scott\soccer-video\out\atomic_clips\2025-09-20__TSC_vs_RVFC"
"025__2025-09-20__TSC_vs_RVFC__PRESSURE_GOAL__t2203200.00-t2232000.00.__CINEMATIC.__CINEMATIC","C:\Users\scott\soccer-video\out\atomic_clips\_quarantine\025__2025-09-20__TSC_vs_RVFC__PRESSURE_GOAL__t2203200.00-t2232000.00.__CINEMATIC.__CINEMATIC.mp4","902668","False","0","","False","False","False","C:\Users\scott\soccer-video\out\atomic_clips\_quarantine"
"025__2025-09-20__TSC_vs_RVFC__PRESSURE_GOAL__t2203200.00-t2232000.00.__CINEMATIC.__CINEMATIC.__CINEMATIC","C:\Users\scott\soccer-video\out\atomic_clips\_quarantine\025__2025-09-20__TSC_vs_RVFC__PRESSURE_GOAL__t2203200.00-t2232000.00.__CINEMATIC.__CINEMATIC.__CINEMATIC.mp4","930436","False","0","","False","False","False","C:\Users\scott\soccer-video\out\atomic_clips\_quarantine"
"025__2025-09-20__TSC_vs_RVFC__PRESSURE_GOAL__t2203200.00-t2232000.00.__CINEMATIC.__CINEMATIC.__CINEMATIC","C:\Users\scott\soccer-video\out\atomic_clips\2025-09-20__TSC_vs_RVFC\025__2025-09-20__TSC_vs_RVFC__PRESSURE_GOAL__t2203200.00-t2232000.00.__CINEMATIC.__CINEMATIC.__CINEMATIC.mp4","10479674","False","0","","False","False","False","C:\Users\scott\soccer-video\out\atomic_clips\2025-09-20__TSC_vs_RVFC"
"025__2025-09-20__TSC_vs_RVFC__PRESSURE_GOAL__t2203200.00-t2232000.00.__CINEMATIC.__CINEMATIC.__CINEMATIC.__CINEMATIC","C:\Users\scott\soccer-video\out\atomic_clips\_quarantine\025__2025-09-20__TSC_vs_RVFC__PRESSURE_GOAL__t2203200.00-t2232000.00.__CINEMATIC.__CINEMATIC.__CINEMATIC.__CINEMATIC.mp4","803283","False","0","","False","False","False","C:\Users\scott\soccer-video\out\atomic_clips\_quarantine"
"025__2025-09-20__TSC_vs_RVFC__PRESSURE_GOAL__t2203200.00-t2232000.00.__CINEMATIC.__CINEMATIC.__CINEMATIC.__CINEMATIC","C:\Users\scott\soccer-video\out\atomic_clips\2025-09-20__TSC_vs_RVFC\025__2025-09-20__TSC_vs_RVFC__PRESSURE_GOAL__t2203200.00-t2232000.00.__CINEMATIC.__CINEMATIC.__CINEMATIC.__CINEMATIC.mp4","9147992","False","0","","False","False","False","C:\Users\scott\soccer-video\out\atomic_clips\2025-09-20__TSC_vs_RVFC"
"025__2025-09-20__TSC_vs_RVFC__PRESSURE_GOAL__t2203200.00-t2232000.00.__CINEMATIC.__CINEMATIC.__CINEMATIC.__CINEMATIC.__CINEMATIC","C:\Users\scott\soccer-video\out\atomic_clips\_quarantine\025__2025-09-20__TSC_vs_RVFC__PRESSURE_GOAL__t2203200.00-t2232000.00.__CINEMATIC.__CINEMATIC.__CINEMATIC.__CINEMATIC.__CINEMATIC.mp4","611487","False","0","","False","False","False","C:\Users\scott\soccer-video\out\atomic_clips\_quarantine"
"025__2025-09-20__TSC_vs_RVFC__PRESSURE_GOAL__t2203200.00-t2232000.00.__CINEMATIC.__CINEMATIC.__CINEMATIC.__CINEMATIC.__CINEMATIC","C:\Users\scott\soccer-video\out\atomic_clips\2025-09-20__TSC_vs_RVFC\025__2025-09-20__TSC_vs_RVFC__PRESSURE_GOAL__t2203200.00-t2232000.00.__CINEMATIC.__CINEMATIC.__CINEMATIC.__CINEMATIC.__CINEMATIC.mp4","4812163","False","0","","False","False","False","C:\Users\scott\soccer-video\out\atomic_clips\2025-09-20__TSC_vs_RVFC"
"025__2025-09-20__TSC_vs_RVFC__PRESSURE_GOAL__t2203200.00-t2232000.00.__CINEMATIC.__CINEMATIC.__CINEMATIC.__CINEMATIC.__CINEMATIC.__CINEMATIC","C:\Users\scott\soccer-video\out\atomic_clips\_quarantine\025__2025-09-20__TSC_vs_RVFC__PRESSURE_GOAL__t2203200.00-t2232000.00.__CINEMATIC.__CINEMATIC.__CINEMATIC.__CINEMATIC.__CINEMATIC.__CINEMATIC.mp4","446261","False","0","","False","False","False","C:\Users\scott\soccer-video\out\atomic_clips\_quarantine"
"025__2025-09-20__TSC_vs_RVFC__PRESSURE_GOAL__t2203200.00-t2232000.00.__CINEMATIC.__CINEMATIC.__CINEMATIC.__CINEMATIC.__CINEMATIC.__CINEMATIC","C:\Users\scott\soccer-video\out\atomic_clips\2025-09-20__TSC_vs_RVFC\025__2025-09-20__TSC_vs_RVFC__PRESSURE_GOAL__t2203200.00-t2232000.00.__CINEMATIC.__CINEMATIC.__CINEMATIC.__CINEMATIC.__CINEMATIC.__CINEMATIC.mp4","1963502","False","0","","False","False","False","C:\Users\scott\soccer-video\out\atomic_clips\2025-09-20__TSC_vs_RVFC"
"025__2025-09-20__TSC_vs_RVFC__PRESSURE_GOAL__t2203200.00-t2232000.00.__CINEMATIC.__CINEMATIC.__CINEMATIC.__CINEMATIC.__CINEMATIC.__CINEMATIC.__CINEMATIC","C:\Users\scott\soccer-video\out\atomic_clips\_quarantine\025__2025-09-20__TSC_vs_RVFC__PRESSURE_GOAL__t2203200.00-t2232000.00.__CINEMATIC.__CINEMATIC.__CINEMATIC.__CINEMATIC.__CINEMATIC.__CINEMATIC.__CINEMATIC.mp4","383668","False","0","","False","False","False","C:\Users\scott\soccer-video\out\atomic_clips\_quarantine"
"025__2025-09-20__TSC_vs_RVFC__PRESSURE_GOAL__t2203200.00-t2232000.00.__CINEMATIC.__CINEMATIC.__CINEMATIC.__CINEMATIC.__CINEMATIC.__CINEMATIC.__CINEMATIC","C:\Users\scott\soccer-video\out\atomic_clips\2025-09-20__TSC_vs_RVFC\025__2025-09-20__TSC_vs_RVFC__PRESSURE_GOAL__t2203200.00-t2232000.00.__CINEMATIC.__CINEMATIC.__CINEMATIC.__CINEMATIC.__CINEMATIC.__CINEMATIC.__CINEMATIC.mp4","1524477","False","0","","False","False","False","C:\Users\scott\soccer-video\out\atomic_clips\2025-09-20__TSC_vs_RVFC"
"026__2025-09-20__TSC_vs_Greenwood__PRESSURE_SHOT__t1951.00-t1962.00_portrait_POST","C:\Users\scott\soccer-video\out\atomic_clips\2025-09-20__TSC_vs_Greenwood\026__2025-09-20__TSC_vs_Greenwood__PRESSURE_SHOT__t1951.00-t1962.00_portrait_POST.mp4","17656236","False","0","","False","False","False","C:\Users\scott\soccer-video\out\atomic_clips\2025-09-20__TSC_vs_Greenwood"
"026__2025-09-20__TSC_vs_Greenwood__PRESSURE_SHOT__t1951.00-t1962.00_portrait_POST.__CINEMATIC","C:\Users\scott\soccer-video\out\atomic_clips\2025-09-20__TSC_vs_Greenwood\026__2025-09-20__TSC_vs_Greenwood__PRESSURE_SHOT__t1951.00-t1962.00_portrait_POST.__CINEMATIC.mp4","7515357","False","0","","False","False","False","C:\Users\scott\soccer-video\out\atomic_clips\2025-09-20__TSC_vs_Greenwood"
"026__2025-09-20__TSC_vs_Greenwood__PRESSURE_SHOT__t1951.00-t1962.00_portrait_POST.__CINEMATIC.__CINEMATIC","C:\Users\scott\soccer-video\out\atomic_clips\2025-09-20__TSC_vs_Greenwood\026__2025-09-20__TSC_vs_Greenwood__PRESSURE_SHOT__t1951.00-t1962.00_portrait_POST.__CINEMATIC.__CINEMATIC.mp4","6191912","False","0","","False","False","False","C:\Users\scott\soccer-video\out\atomic_clips\2025-09-20__TSC_vs_Greenwood"
"026__2025-09-20__TSC_vs_Greenwood__PRESSURE_SHOT__t1951.00-t1962.00_portrait_POST.__CINEMATIC.__CINEMATIC.__CINEMATIC","C:\Users\scott\soccer-video\out\atomic_clips\2025-09-20__TSC_vs_Greenwood\026__2025-09-20__TSC_vs_Greenwood__PRESSURE_SHOT__t1951.00-t1962.00_portrait_POST.__CINEMATIC.__CINEMATIC.__CINEMATIC.mp4","5220426","False","0","","False","False","False","C:\Users\scott\soccer-video\out\atomic_clips\2025-09-20__TSC_vs_Greenwood"
"026__2025-09-20__TSC_vs_Greenwood__PRESSURE_SHOT__t1951.00-t1962.00_portrait_POST.__CINEMATIC.__CINEMATIC.__CINEMATIC.__CINEMATIC","C:\Users\scott\soccer-video\out\atomic_clips\2025-09-20__TSC_vs_Greenwood\026__2025-09-20__TSC_vs_Greenwood__PRESSURE_SHOT__t1951.00-t1962.00_portrait_POST.__CINEMATIC.__CINEMATIC.__CINEMATIC.__CINEMATIC.mp4","4310300","False","0","","False","False","False","C:\Users\scott\soccer-video\out\atomic_clips\2025-09-20__TSC_vs_Greenwood"
"026__2025-09-20__TSC_vs_Greenwood__PRESSURE_SHOT__t1951.00-t1962.00_portrait_POST.__CINEMATIC.__CINEMATIC.__CINEMATIC.__CINEMATIC.__CINEMATIC","C:\Users\scott\soccer-video\out\atomic_clips\2025-09-20__TSC_vs_Greenwood\026__2025-09-20__TSC_vs_Greenwood__PRESSURE_SHOT__t1951.00-t1962.00_portrait_POST.__CINEMATIC.__CINEMATIC.__CINEMATIC.__CINEMATIC.__CINEMATIC.mp4","2109154","False","0","","False","False","False","C:\Users\scott\soccer-video\out\atomic_clips\2025-09-20__TSC_vs_Greenwood"
"026__2025-09-20__TSC_vs_Greenwood__PRESSURE_SHOT__t1951.00-t1962.00_portrait_POST.__CINEMATIC.__CINEMATIC.__CINEMATIC.__CINEMATIC.__CINEMATIC.__CINEMATIC","C:\Users\scott\soccer-video\out\atomic_clips\2025-09-20__TSC_vs_Greenwood\026__2025-09-20__TSC_vs_Greenwood__PRESSURE_SHOT__t1951.00-t1962.00_portrait_POST.__CINEMATIC.__CINEMATIC.__CINEMATIC.__CINEMATIC.__CINEMATIC.__CINEMATIC.mp4","950590","False","0","","False","False","False","C:\Users\scott\soccer-video\out\atomic_clips\2025-09-20__TSC_vs_Greenwood"
"026__2025-09-20__TSC_vs_Greenwood__PRESSURE_SHOT__t1951.00-t1962.00_portrait_POST.__CINEMATIC.__CINEMATIC.__CINEMATIC.__CINEMATIC.__CINEMATIC.__CINEMATIC.__CINEMATIC","C:\Users\scott\soccer-video\out\atomic_clips\2025-09-20__TSC_vs_Greenwood\026__2025-09-20__TSC_vs_Greenwood__PRESSURE_SHOT__t1951.00-t1962.00_portrait_POST.__CINEMATIC.__CINEMATIC.__CINEMATIC.__CINEMATIC.__CINEMATIC.__CINEMATIC.__CINEMATIC.mp4","760081","False","0","","False","False","False","C:\Users\scott\soccer-video\out\atomic_clips\2025-09-20__TSC_vs_Greenwood"
"026__2025-09-20__TSC_vs_RVFC__DRIBBLING_SHOT__t1800.00-t1810.00_portrait_POST","C:\Users\scott\soccer-video\out\atomic_clips\2025-09-20__TSC_vs_RVFC\026__2025-09-20__TSC_vs_RVFC__DRIBBLING_SHOT__t1800.00-t1810.00_portrait_POST.mp4","17508150","False","0","","False","False","False","C:\Users\scott\soccer-video\out\atomic_clips\2025-09-20__TSC_vs_RVFC"
"026__2025-09-20__TSC_vs_RVFC__DRIBBLING_SHOT__t1800.00-t1810.00_portrait_POST.__CINEMATIC","C:\Users\scott\soccer-video\out\atomic_clips\2025-09-20__TSC_vs_RVFC\026__2025-09-20__TSC_vs_RVFC__DRIBBLING_SHOT__t1800.00-t1810.00_portrait_POST.__CINEMATIC.mp4","7504035","False","0","","False","False","False","C:\Users\scott\soccer-video\out\atomic_clips\2025-09-20__TSC_vs_RVFC"
"026__2025-09-20__TSC_vs_RVFC__DRIBBLING_SHOT__t1800.00-t1810.00_portrait_POST.__CINEMATIC.__CINEMATIC","C:\Users\scott\soccer-video\out\atomic_clips\2025-09-20__TSC_vs_RVFC\026__2025-09-20__TSC_vs_RVFC__DRIBBLING_SHOT__t1800.00-t1810.00_portrait_POST.__CINEMATIC.__CINEMATIC.mp4","5664630","False","0","","False","False","False","C:\Users\scott\soccer-video\out\atomic_clips\2025-09-20__TSC_vs_RVFC"
"026__2025-09-20__TSC_vs_RVFC__DRIBBLING_SHOT__t1800.00-t1810.00_portrait_POST.__CINEMATIC.__CINEMATIC.__CINEMATIC","C:\Users\scott\soccer-video\out\atomic_clips\2025-09-20__TSC_vs_RVFC\026__2025-09-20__TSC_vs_RVFC__DRIBBLING_SHOT__t1800.00-t1810.00_portrait_POST.__CINEMATIC.__CINEMATIC.__CINEMATIC.mp4","5085659","False","0","","False","False","False","C:\Users\scott\soccer-video\out\atomic_clips\2025-09-20__TSC_vs_RVFC"
"026__2025-09-20__TSC_vs_RVFC__DRIBBLING_SHOT__t1800.00-t1810.00_portrait_POST.__CINEMATIC.__CINEMATIC.__CINEMATIC.__CINEMATIC","C:\Users\scott\soccer-video\out\atomic_clips\2025-09-20__TSC_vs_RVFC\026__2025-09-20__TSC_vs_RVFC__DRIBBLING_SHOT__t1800.00-t1810.00_portrait_POST.__CINEMATIC.__CINEMATIC.__CINEMATIC.__CINEMATIC.mp4","4439116","False","0","","False","False","False","C:\Users\scott\soccer-video\out\atomic_clips\2025-09-20__TSC_vs_RVFC"
"026__2025-09-20__TSC_vs_RVFC__DRIBBLING_SHOT__t1800.00-t1810.00_portrait_POST.__CINEMATIC.__CINEMATIC.__CINEMATIC.__CINEMATIC.__CINEMATIC","C:\Users\scott\soccer-video\out\atomic_clips\2025-09-20__TSC_vs_RVFC\026__2025-09-20__TSC_vs_RVFC__DRIBBLING_SHOT__t1800.00-t1810.00_portrait_POST.__CINEMATIC.__CINEMATIC.__CINEMATIC.__CINEMATIC.__CINEMATIC.mp4","2352415","False","0","","False","False","False","C:\Users\scott\soccer-video\out\atomic_clips\2025-09-20__TSC_vs_RVFC"
"026__2025-09-20__TSC_vs_RVFC__DRIBBLING_SHOT__t1800.00-t1810.00_portrait_POST.__CINEMATIC.__CINEMATIC.__CINEMATIC.__CINEMATIC.__CINEMATIC.__CINEMATIC","C:\Users\scott\soccer-video\out\atomic_clips\2025-09-20__TSC_vs_RVFC\026__2025-09-20__TSC_vs_RVFC__DRIBBLING_SHOT__t1800.00-t1810.00_portrait_POST.__CINEMATIC.__CINEMATIC.__CINEMATIC.__CINEMATIC.__CINEMATIC.__CINEMATIC.mp4","1127195","False","0","","False","False","False","C:\Users\scott\soccer-video\out\atomic_clips\2025-09-20__TSC_vs_RVFC"
"026__2025-09-20__TSC_vs_RVFC__DRIBBLING_SHOT__t1800.00-t1810.00_portrait_POST.__CINEMATIC.__CINEMATIC.__CINEMATIC.__CINEMATIC.__CINEMATIC.__CINEMATIC.__CINEMATIC","C:\Users\scott\soccer-video\out\atomic_clips\2025-09-20__TSC_vs_RVFC\026__2025-09-20__TSC_vs_RVFC__DRIBBLING_SHOT__t1800.00-t1810.00_portrait_POST.__CINEMATIC.__CINEMATIC.__CINEMATIC.__CINEMATIC.__CINEMATIC.__CINEMATIC.__CINEMATIC.mp4","893685","False","0","","False","False","False","C:\Users\scott\soccer-video\out\atomic_clips\2025-09-20__TSC_vs_RVFC"
"026__2025-09-20__TSC_vs_RVFC__DRIBBLING_SHOT__t2592000.00-t2628000.00","C:\Users\scott\soccer-video\out\atomic_clips\_quarantine\026__2025-09-20__TSC_vs_RVFC__DRIBBLING_SHOT__t2592000.00-t2628000.00.mp4","866337","False","0","","False","False","False","C:\Users\scott\soccer-video\out\atomic_clips\_quarantine"
"026__2025-09-20__TSC_vs_RVFC__DRIBBLING_SHOT__t2592000.00-t2628000.00","C:\Users\scott\soccer-video\out\atomic_clips\2025-09-20__TSC_vs_RVFC\026__2025-09-20__TSC_vs_RVFC__DRIBBLING_SHOT__t2592000.00-t2628000.00.mp4","61462910","False","0","","False","False","False","C:\Users\scott\soccer-video\out\atomic_clips\2025-09-20__TSC_vs_RVFC"
"026__2025-09-20__TSC_vs_RVFC__DRIBBLING_SHOT__t2592000.00-t2628000.00.__CINEMATIC","C:\Users\scott\soccer-video\out\atomic_clips\_quarantine\026__2025-09-20__TSC_vs_RVFC__DRIBBLING_SHOT__t2592000.00-t2628000.00.__CINEMATIC.mp4","21622495","False","0","","False","False","False","C:\Users\scott\soccer-video\out\atomic_clips\_quarantine"
"026__2025-09-20__TSC_vs_RVFC__DRIBBLING_SHOT__t2592000.00-t2628000.00.__CINEMATIC","C:\Users\scott\soccer-video\out\atomic_clips\2025-09-20__TSC_vs_RVFC\026__2025-09-20__TSC_vs_RVFC__DRIBBLING_SHOT__t2592000.00-t2628000.00.__CINEMATIC.mp4","21622495","False","0","","False","False","False","C:\Users\scott\soccer-video\out\atomic_clips\2025-09-20__TSC_vs_RVFC"
"026__2025-09-20__TSC_vs_RVFC__DRIBBLING_SHOT__t2592000.00-t2628000.00.__CINEMATIC.__CINEMATIC","C:\Users\scott\soccer-video\out\atomic_clips\2025-09-20__TSC_vs_RVFC\026__2025-09-20__TSC_vs_RVFC__DRIBBLING_SHOT__t2592000.00-t2628000.00.__CINEMATIC.__CINEMATIC.mp4","15881722","False","0","","False","False","False","C:\Users\scott\soccer-video\out\atomic_clips\2025-09-20__TSC_vs_RVFC"
"026__2025-09-20__TSC_vs_RVFC__DRIBBLING_SHOT__t2592000.00-t2628000.00.__CINEMATIC.__CINEMATIC","C:\Users\scott\soccer-video\out\atomic_clips\_quarantine\026__2025-09-20__TSC_vs_RVFC__DRIBBLING_SHOT__t2592000.00-t2628000.00.__CINEMATIC.__CINEMATIC.mp4","14601457","False","0","","False","False","False","C:\Users\scott\soccer-video\out\atomic_clips\_quarantine"
"026__2025-09-20__TSC_vs_RVFC__DRIBBLING_SHOT__t2592000.00-t2628000.00.__CINEMATIC.__CINEMATIC.__CINEMATIC","C:\Users\scott\soccer-video\out\atomic_clips\2025-09-20__TSC_vs_RVFC\026__2025-09-20__TSC_vs_RVFC__DRIBBLING_SHOT__t2592000.00-t2628000.00.__CINEMATIC.__CINEMATIC.__CINEMATIC.mp4","14601457","False","0","","False","False","False","C:\Users\scott\soccer-video\out\atomic_clips\2025-09-20__TSC_vs_RVFC"
"026__2025-09-20__TSC_vs_RVFC__DRIBBLING_SHOT__t2592000.00-t2628000.00.__CINEMATIC.__CINEMATIC.__CINEMATIC","C:\Users\scott\soccer-video\out\atomic_clips\_quarantine\026__2025-09-20__TSC_vs_RVFC__DRIBBLING_SHOT__t2592000.00-t2628000.00.__CINEMATIC.__CINEMATIC.__CINEMATIC.mp4","13331756","False","0","","False","False","False","C:\Users\scott\soccer-video\out\atomic_clips\_quarantine"
"026__2025-09-20__TSC_vs_RVFC__DRIBBLING_SHOT__t2592000.00-t2628000.00.__CINEMATIC.__CINEMATIC.__CINEMATIC.__CINEMATIC","C:\Users\scott\soccer-video\out\atomic_clips\2025-09-20__TSC_vs_RVFC\026__2025-09-20__TSC_vs_RVFC__DRIBBLING_SHOT__t2592000.00-t2628000.00.__CINEMATIC.__CINEMATIC.__CINEMATIC.__CINEMATIC.mp4","13331756","False","0","","False","False","False","C:\Users\scott\soccer-video\out\atomic_clips\2025-09-20__TSC_vs_RVFC"
"026__2025-09-20__TSC_vs_RVFC__DRIBBLING_SHOT__t2592000.00-t2628000.00.__CINEMATIC.__CINEMATIC.__CINEMATIC.__CINEMATIC","C:\Users\scott\soccer-video\out\atomic_clips\_quarantine\026__2025-09-20__TSC_vs_RVFC__DRIBBLING_SHOT__t2592000.00-t2628000.00.__CINEMATIC.__CINEMATIC.__CINEMATIC.__CINEMATIC.mp4","9949965","False","0","","False","False","False","C:\Users\scott\soccer-video\out\atomic_clips\_quarantine"
"026__2025-09-20__TSC_vs_RVFC__DRIBBLING_SHOT__t2592000.00-t2628000.00.__CINEMATIC.__CINEMATIC.__CINEMATIC.__CINEMATIC.__CINEMATIC","C:\Users\scott\soccer-video\out\atomic_clips\2025-09-20__TSC_vs_RVFC\026__2025-09-20__TSC_vs_RVFC__DRIBBLING_SHOT__t2592000.00-t2628000.00.__CINEMATIC.__CINEMATIC.__CINEMATIC.__CINEMATIC.__CINEMATIC.mp4","6267421","False","0","","False","False","False","C:\Users\scott\soccer-video\out\atomic_clips\2025-09-20__TSC_vs_RVFC"
"026__2025-09-20__TSC_vs_RVFC__DRIBBLING_SHOT__t2592000.00-t2628000.00.__CINEMATIC.__CINEMATIC.__CINEMATIC.__CINEMATIC.__CINEMATIC","C:\Users\scott\soccer-video\out\atomic_clips\_quarantine\026__2025-09-20__TSC_vs_RVFC__DRIBBLING_SHOT__t2592000.00-t2628000.00.__CINEMATIC.__CINEMATIC.__CINEMATIC.__CINEMATIC.__CINEMATIC.mp4","6267421","False","0","","False","False","False","C:\Users\scott\soccer-video\out\atomic_clips\_quarantine"
"026__2025-09-20__TSC_vs_RVFC__DRIBBLING_SHOT__t2592000.00-t2628000.00.__CINEMATIC.__CINEMATIC.__CINEMATIC.__CINEMATIC.__CINEMATIC.__CINEMATIC","C:\Users\scott\soccer-video\out\atomic_clips\_quarantine\026__2025-09-20__TSC_vs_RVFC__DRIBBLING_SHOT__t2592000.00-t2628000.00.__CINEMATIC.__CINEMATIC.__CINEMATIC.__CINEMATIC.__CINEMATIC.__CINEMATIC.mp4","2457529","False","0","","False","False","False","C:\Users\scott\soccer-video\out\atomic_clips\_quarantine"
"026__2025-09-20__TSC_vs_RVFC__DRIBBLING_SHOT__t2592000.00-t2628000.00.__CINEMATIC.__CINEMATIC.__CINEMATIC.__CINEMATIC.__CINEMATIC.__CINEMATIC","C:\Users\scott\soccer-video\out\atomic_clips\2025-09-20__TSC_vs_RVFC\026__2025-09-20__TSC_vs_RVFC__DRIBBLING_SHOT__t2592000.00-t2628000.00.__CINEMATIC.__CINEMATIC.__CINEMATIC.__CINEMATIC.__CINEMATIC.__CINEMATIC.mp4","2457529","False","0","","False","False","False","C:\Users\scott\soccer-video\out\atomic_clips\2025-09-20__TSC_vs_RVFC"
"026__2025-09-20__TSC_vs_RVFC__DRIBBLING_SHOT__t2592000.00-t2628000.00.__CINEMATIC.__CINEMATIC.__CINEMATIC.__CINEMATIC.__CINEMATIC.__CINEMATIC.__CINEMATIC","C:\Users\scott\soccer-video\out\atomic_clips\2025-09-20__TSC_vs_RVFC\026__2025-09-20__TSC_vs_RVFC__DRIBBLING_SHOT__t2592000.00-t2628000.00.__CINEMATIC.__CINEMATIC.__CINEMATIC.__CINEMATIC.__CINEMATIC.__CINEMATIC.__CINEMATIC.mp4","1849091","False","0","","False","False","False","C:\Users\scott\soccer-video\out\atomic_clips\2025-09-20__TSC_vs_RVFC"
"027__2025-09-20__TSC_vs_Greenwood__BUILD_UP_PLAY_SHOT__t2040.00-t2058.00_portrait_POST","C:\Users\scott\soccer-video\out\atomic_clips\2025-09-20__TSC_vs_Greenwood\027__2025-09-20__TSC_vs_Greenwood__BUILD_UP_PLAY_SHOT__t2040.00-t2058.00_portrait_POST.mp4","32090907","False","0","","False","False","False","C:\Users\scott\soccer-video\out\atomic_clips\2025-09-20__TSC_vs_Greenwood"
"027__2025-09-20__TSC_vs_Greenwood__BUILD_UP_PLAY_SHOT__t2040.00-t2058.00_portrait_POST.__CINEMATIC","C:\Users\scott\soccer-video\out\atomic_clips\2025-09-20__TSC_vs_Greenwood\027__2025-09-20__TSC_vs_Greenwood__BUILD_UP_PLAY_SHOT__t2040.00-t2058.00_portrait_POST.__CINEMATIC.mp4","12696433","False","0","","False","False","False","C:\Users\scott\soccer-video\out\atomic_clips\2025-09-20__TSC_vs_Greenwood"
"027__2025-09-20__TSC_vs_Greenwood__BUILD_UP_PLAY_SHOT__t2040.00-t2058.00_portrait_POST.__CINEMATIC.__CINEMATIC","C:\Users\scott\soccer-video\out\atomic_clips\2025-09-20__TSC_vs_Greenwood\027__2025-09-20__TSC_vs_Greenwood__BUILD_UP_PLAY_SHOT__t2040.00-t2058.00_portrait_POST.__CINEMATIC.__CINEMATIC.mp4","9669118","False","0","","False","False","False","C:\Users\scott\soccer-video\out\atomic_clips\2025-09-20__TSC_vs_Greenwood"
"027__2025-09-20__TSC_vs_Greenwood__BUILD_UP_PLAY_SHOT__t2040.00-t2058.00_portrait_POST.__CINEMATIC.__CINEMATIC.__CINEMATIC","C:\Users\scott\soccer-video\out\atomic_clips\2025-09-20__TSC_vs_Greenwood\027__2025-09-20__TSC_vs_Greenwood__BUILD_UP_PLAY_SHOT__t2040.00-t2058.00_portrait_POST.__CINEMATIC.__CINEMATIC.__CINEMATIC.mp4","8294119","False","0","","False","False","False","C:\Users\scott\soccer-video\out\atomic_clips\2025-09-20__TSC_vs_Greenwood"
"027__2025-09-20__TSC_vs_Greenwood__BUILD_UP_PLAY_SHOT__t2040.00-t2058.00_portrait_POST.__CINEMATIC.__CINEMATIC.__CINEMATIC.__CINEMATIC","C:\Users\scott\soccer-video\out\atomic_clips\2025-09-20__TSC_vs_Greenwood\027__2025-09-20__TSC_vs_Greenwood__BUILD_UP_PLAY_SHOT__t2040.00-t2058.00_portrait_POST.__CINEMATIC.__CINEMATIC.__CINEMATIC.__CINEMATIC.mp4","7036923","False","0","","False","False","False","C:\Users\scott\soccer-video\out\atomic_clips\2025-09-20__TSC_vs_Greenwood"
"027__2025-09-20__TSC_vs_Greenwood__BUILD_UP_PLAY_SHOT__t2040.00-t2058.00_portrait_POST.__CINEMATIC.__CINEMATIC.__CINEMATIC.__CINEMATIC.__CINEMATIC","C:\Users\scott\soccer-video\out\atomic_clips\2025-09-20__TSC_vs_Greenwood\027__2025-09-20__TSC_vs_Greenwood__BUILD_UP_PLAY_SHOT__t2040.00-t2058.00_portrait_POST.__CINEMATIC.__CINEMATIC.__CINEMATIC.__CINEMATIC.__CINEMATIC.mp4","3339707","False","0","","False","False","False","C:\Users\scott\soccer-video\out\atomic_clips\2025-09-20__TSC_vs_Greenwood"
"027__2025-09-20__TSC_vs_Greenwood__BUILD_UP_PLAY_SHOT__t2040.00-t2058.00_portrait_POST.__CINEMATIC.__CINEMATIC.__CINEMATIC.__CINEMATIC.__CINEMATIC.__CINEMATIC","C:\Users\scott\soccer-video\out\atomic_clips\2025-09-20__TSC_vs_Greenwood\027__2025-09-20__TSC_vs_Greenwood__BUILD_UP_PLAY_SHOT__t2040.00-t2058.00_portrait_POST.__CINEMATIC.__CINEMATIC.__CINEMATIC.__CINEMATIC.__CINEMATIC.__CINEMATIC.mp4","1454589","False","0","","False","False","False","C:\Users\scott\soccer-video\out\atomic_clips\2025-09-20__TSC_vs_Greenwood"
"027__2025-09-20__TSC_vs_Greenwood__BUILD_UP_PLAY_SHOT__t2040.00-t2058.00_portrait_POST.__CINEMATIC.__CINEMATIC.__CINEMATIC.__CINEMATIC.__CINEMATIC.__CINEMATIC.__CINEMATIC","C:\Users\scott\soccer-video\out\atomic_clips\2025-09-20__TSC_vs_Greenwood\027__2025-09-20__TSC_vs_Greenwood__BUILD_UP_PLAY_SHOT__t2040.00-t2058.00_portrait_POST.__CINEMATIC.__CINEMATIC.__CINEMATIC.__CINEMATIC.__CINEMATIC.__CINEMATIC.__CINEMATIC.mp4","1139815","False","0","","False","False","False","C:\Users\scott\soccer-video\out\atomic_clips\2025-09-20__TSC_vs_Greenwood"
"027__2025-09-20__TSC_vs_Greenwood__BUILD_UP_PLAY_SHOT__t2937600.00-t3002400.00","C:\Users\scott\soccer-video\out\atomic_clips\2025-09-20__TSC_vs_Greenwood\027__2025-09-20__TSC_vs_Greenwood__BUILD_UP_PLAY_SHOT__t2937600.00-t3002400.00.mp4","98976601","False","0","","False","False","False","C:\Users\scott\soccer-video\out\atomic_clips\2025-09-20__TSC_vs_Greenwood"
"027__2025-09-20__TSC_vs_Greenwood__BUILD_UP_PLAY_SHOT__t2937600.00-t3002400.00","C:\Users\scott\soccer-video\out\atomic_clips\_quarantine\027__2025-09-20__TSC_vs_Greenwood__BUILD_UP_PLAY_SHOT__t2937600.00-t3002400.00.mp4","3039710","False","0","","False","False","False","C:\Users\scott\soccer-video\out\atomic_clips\_quarantine"
"027__2025-09-20__TSC_vs_Greenwood__BUILD_UP_PLAY_SHOT__t2937600.00-t3002400.00.__CINEMATIC","C:\Users\scott\soccer-video\out\atomic_clips\_quarantine\027__2025-09-20__TSC_vs_Greenwood__BUILD_UP_PLAY_SHOT__t2937600.00-t3002400.00.__CINEMATIC.mp4","34259501","False","0","","False","False","False","C:\Users\scott\soccer-video\out\atomic_clips\_quarantine"
"027__2025-09-20__TSC_vs_Greenwood__BUILD_UP_PLAY_SHOT__t2937600.00-t3002400.00.__CINEMATIC","C:\Users\scott\soccer-video\out\atomic_clips\2025-09-20__TSC_vs_Greenwood\027__2025-09-20__TSC_vs_Greenwood__BUILD_UP_PLAY_SHOT__t2937600.00-t3002400.00.__CINEMATIC.mp4","34259501","False","0","","False","False","False","C:\Users\scott\soccer-video\out\atomic_clips\2025-09-20__TSC_vs_Greenwood"
"027__2025-09-20__TSC_vs_Greenwood__BUILD_UP_PLAY_SHOT__t2937600.00-t3002400.00.__CINEMATIC.__CINEMATIC","C:\Users\scott\soccer-video\out\atomic_clips\_quarantine\027__2025-09-20__TSC_vs_Greenwood__BUILD_UP_PLAY_SHOT__t2937600.00-t3002400.00.__CINEMATIC.__CINEMATIC.mp4","21743180","False","0","","False","False","False","C:\Users\scott\soccer-video\out\atomic_clips\_quarantine"
"027__2025-09-20__TSC_vs_Greenwood__BUILD_UP_PLAY_SHOT__t2937600.00-t3002400.00.__CINEMATIC.__CINEMATIC","C:\Users\scott\soccer-video\out\atomic_clips\2025-09-20__TSC_vs_Greenwood\027__2025-09-20__TSC_vs_Greenwood__BUILD_UP_PLAY_SHOT__t2937600.00-t3002400.00.__CINEMATIC.__CINEMATIC.mp4","24706073","False","0","","False","False","False","C:\Users\scott\soccer-video\out\atomic_clips\2025-09-20__TSC_vs_Greenwood"
"027__2025-09-20__TSC_vs_Greenwood__BUILD_UP_PLAY_SHOT__t2937600.00-t3002400.00.__CINEMATIC.__CINEMATIC.__CINEMATIC","C:\Users\scott\soccer-video\out\atomic_clips\_quarantine\027__2025-09-20__TSC_vs_Greenwood__BUILD_UP_PLAY_SHOT__t2937600.00-t3002400.00.__CINEMATIC.__CINEMATIC.__CINEMATIC.mp4","19245233","False","0","","False","False","False","C:\Users\scott\soccer-video\out\atomic_clips\_quarantine"
"027__2025-09-20__TSC_vs_Greenwood__BUILD_UP_PLAY_SHOT__t2937600.00-t3002400.00.__CINEMATIC.__CINEMATIC.__CINEMATIC","C:\Users\scott\soccer-video\out\atomic_clips\2025-09-20__TSC_vs_Greenwood\027__2025-09-20__TSC_vs_Greenwood__BUILD_UP_PLAY_SHOT__t2937600.00-t3002400.00.__CINEMATIC.__CINEMATIC.__CINEMATIC.mp4","21743180","False","0","","False","False","False","C:\Users\scott\soccer-video\out\atomic_clips\2025-09-20__TSC_vs_Greenwood"
"027__2025-09-20__TSC_vs_Greenwood__BUILD_UP_PLAY_SHOT__t2937600.00-t3002400.00.__CINEMATIC.__CINEMATIC.__CINEMATIC.__CINEMATIC","C:\Users\scott\soccer-video\out\atomic_clips\2025-09-20__TSC_vs_Greenwood\027__2025-09-20__TSC_vs_Greenwood__BUILD_UP_PLAY_SHOT__t2937600.00-t3002400.00.__CINEMATIC.__CINEMATIC.__CINEMATIC.__CINEMATIC.mp4","19245233","False","0","","False","False","False","C:\Users\scott\soccer-video\out\atomic_clips\2025-09-20__TSC_vs_Greenwood"
"027__2025-09-20__TSC_vs_Greenwood__BUILD_UP_PLAY_SHOT__t2937600.00-t3002400.00.__CINEMATIC.__CINEMATIC.__CINEMATIC.__CINEMATIC","C:\Users\scott\soccer-video\out\atomic_clips\_quarantine\027__2025-09-20__TSC_vs_Greenwood__BUILD_UP_PLAY_SHOT__t2937600.00-t3002400.00.__CINEMATIC.__CINEMATIC.__CINEMATIC.__CINEMATIC.mp4","14479233","False","0","","False","False","False","C:\Users\scott\soccer-video\out\atomic_clips\_quarantine"
"027__2025-09-20__TSC_vs_Greenwood__BUILD_UP_PLAY_SHOT__t2937600.00-t3002400.00.__CINEMATIC.__CINEMATIC.__CINEMATIC.__CINEMATIC.__CINEMATIC","C:\Users\scott\soccer-video\out\atomic_clips\_quarantine\027__2025-09-20__TSC_vs_Greenwood__BUILD_UP_PLAY_SHOT__t2937600.00-t3002400.00.__CINEMATIC.__CINEMATIC.__CINEMATIC.__CINEMATIC.__CINEMATIC.mp4","9304045","False","0","","False","False","False","C:\Users\scott\soccer-video\out\atomic_clips\_quarantine"
"027__2025-09-20__TSC_vs_Greenwood__BUILD_UP_PLAY_SHOT__t2937600.00-t3002400.00.__CINEMATIC.__CINEMATIC.__CINEMATIC.__CINEMATIC.__CINEMATIC","C:\Users\scott\soccer-video\out\atomic_clips\2025-09-20__TSC_vs_Greenwood\027__2025-09-20__TSC_vs_Greenwood__BUILD_UP_PLAY_SHOT__t2937600.00-t3002400.00.__CINEMATIC.__CINEMATIC.__CINEMATIC.__CINEMATIC.__CINEMATIC.mp4","9304045","False","0","","False","False","False","C:\Users\scott\soccer-video\out\atomic_clips\2025-09-20__TSC_vs_Greenwood"
"027__2025-09-20__TSC_vs_Greenwood__BUILD_UP_PLAY_SHOT__t2937600.00-t3002400.00.__CINEMATIC.__CINEMATIC.__CINEMATIC.__CINEMATIC.__CINEMATIC.__CINEMATIC","C:\Users\scott\soccer-video\out\atomic_clips\_quarantine\027__2025-09-20__TSC_vs_Greenwood__BUILD_UP_PLAY_SHOT__t2937600.00-t3002400.00.__CINEMATIC.__CINEMATIC.__CINEMATIC.__CINEMATIC.__CINEMATIC.__CINEMATIC.mp4","3582955","False","0","","False","False","False","C:\Users\scott\soccer-video\out\atomic_clips\_quarantine"
"027__2025-09-20__TSC_vs_Greenwood__BUILD_UP_PLAY_SHOT__t2937600.00-t3002400.00.__CINEMATIC.__CINEMATIC.__CINEMATIC.__CINEMATIC.__CINEMATIC.__CINEMATIC","C:\Users\scott\soccer-video\out\atomic_clips\2025-09-20__TSC_vs_Greenwood\027__2025-09-20__TSC_vs_Greenwood__BUILD_UP_PLAY_SHOT__t2937600.00-t3002400.00.__CINEMATIC.__CINEMATIC.__CINEMATIC.__CINEMATIC.__CINEMATIC.__CINEMATIC.mp4","3582955","False","0","","False","False","False","C:\Users\scott\soccer-video\out\atomic_clips\2025-09-20__TSC_vs_Greenwood"
"027__2025-09-20__TSC_vs_Greenwood__BUILD_UP_PLAY_SHOT__t2937600.00-t3002400.00.__CINEMATIC.__CINEMATIC.__CINEMATIC.__CINEMATIC.__CINEMATIC.__CINEMATIC.__CINEMATIC","C:\Users\scott\soccer-video\out\atomic_clips\2025-09-20__TSC_vs_Greenwood\027__2025-09-20__TSC_vs_Greenwood__BUILD_UP_PLAY_SHOT__t2937600.00-t3002400.00.__CINEMATIC.__CINEMATIC.__CINEMATIC.__CINEMATIC.__CINEMATIC.__CINEMATIC.__CINEMATIC.mp4","2733525","False","0","","False","False","False","C:\Users\scott\soccer-video\out\atomic_clips\2025-09-20__TSC_vs_Greenwood"
"027__2025-09-20__TSC_vs_RVFC__SHOT__t1827.00-t1834.00_portrait_POST","C:\Users\scott\soccer-video\out\atomic_clips\2025-09-20__TSC_vs_RVFC\027__2025-09-20__TSC_vs_RVFC__SHOT__t1827.00-t1834.00_portrait_POST.mp4","11262094","False","0","","False","False","False","C:\Users\scott\soccer-video\out\atomic_clips\2025-09-20__TSC_vs_RVFC"
"027__2025-09-20__TSC_vs_RVFC__SHOT__t1827.00-t1834.00_portrait_POST.__CINEMATIC","C:\Users\scott\soccer-video\out\atomic_clips\2025-09-20__TSC_vs_RVFC\027__2025-09-20__TSC_vs_RVFC__SHOT__t1827.00-t1834.00_portrait_POST.__CINEMATIC.mp4","5602709","False","0","","False","False","False","C:\Users\scott\soccer-video\out\atomic_clips\2025-09-20__TSC_vs_RVFC"
"027__2025-09-20__TSC_vs_RVFC__SHOT__t1827.00-t1834.00_portrait_POST.__CINEMATIC.__CINEMATIC","C:\Users\scott\soccer-video\out\atomic_clips\2025-09-20__TSC_vs_RVFC\027__2025-09-20__TSC_vs_RVFC__SHOT__t1827.00-t1834.00_portrait_POST.__CINEMATIC.__CINEMATIC.mp4","4444479","False","0","","False","False","False","C:\Users\scott\soccer-video\out\atomic_clips\2025-09-20__TSC_vs_RVFC"
"027__2025-09-20__TSC_vs_RVFC__SHOT__t1827.00-t1834.00_portrait_POST.__CINEMATIC.__CINEMATIC.__CINEMATIC","C:\Users\scott\soccer-video\out\atomic_clips\2025-09-20__TSC_vs_RVFC\027__2025-09-20__TSC_vs_RVFC__SHOT__t1827.00-t1834.00_portrait_POST.__CINEMATIC.__CINEMATIC.__CINEMATIC.mp4","3656265","False","0","","False","False","False","C:\Users\scott\soccer-video\out\atomic_clips\2025-09-20__TSC_vs_RVFC"
"027__2025-09-20__TSC_vs_RVFC__SHOT__t1827.00-t1834.00_portrait_POST.__CINEMATIC.__CINEMATIC.__CINEMATIC.__CINEMATIC","C:\Users\scott\soccer-video\out\atomic_clips\2025-09-20__TSC_vs_RVFC\027__2025-09-20__TSC_vs_RVFC__SHOT__t1827.00-t1834.00_portrait_POST.__CINEMATIC.__CINEMATIC.__CINEMATIC.__CINEMATIC.mp4","2969875","False","0","","False","False","False","C:\Users\scott\soccer-video\out\atomic_clips\2025-09-20__TSC_vs_RVFC"
"027__2025-09-20__TSC_vs_RVFC__SHOT__t1827.00-t1834.00_portrait_POST.__CINEMATIC.__CINEMATIC.__CINEMATIC.__CINEMATIC.__CINEMATIC","C:\Users\scott\soccer-video\out\atomic_clips\2025-09-20__TSC_vs_RVFC\027__2025-09-20__TSC_vs_RVFC__SHOT__t1827.00-t1834.00_portrait_POST.__CINEMATIC.__CINEMATIC.__CINEMATIC.__CINEMATIC.__CINEMATIC.mp4","1766867","False","0","","False","False","False","C:\Users\scott\soccer-video\out\atomic_clips\2025-09-20__TSC_vs_RVFC"
"027__2025-09-20__TSC_vs_RVFC__SHOT__t1827.00-t1834.00_portrait_POST.__CINEMATIC.__CINEMATIC.__CINEMATIC.__CINEMATIC.__CINEMATIC.__CINEMATIC","C:\Users\scott\soccer-video\out\atomic_clips\2025-09-20__TSC_vs_RVFC\027__2025-09-20__TSC_vs_RVFC__SHOT__t1827.00-t1834.00_portrait_POST.__CINEMATIC.__CINEMATIC.__CINEMATIC.__CINEMATIC.__CINEMATIC.__CINEMATIC.mp4","1013487","False","0","","False","False","False","C:\Users\scott\soccer-video\out\atomic_clips\2025-09-20__TSC_vs_RVFC"
"027__2025-09-20__TSC_vs_RVFC__SHOT__t1827.00-t1834.00_portrait_POST.__CINEMATIC.__CINEMATIC.__CINEMATIC.__CINEMATIC.__CINEMATIC.__CINEMATIC.__CINEMATIC","C:\Users\scott\soccer-video\out\atomic_clips\2025-09-20__TSC_vs_RVFC\027__2025-09-20__TSC_vs_RVFC__SHOT__t1827.00-t1834.00_portrait_POST.__CINEMATIC.__CINEMATIC.__CINEMATIC.__CINEMATIC.__CINEMATIC.__CINEMATIC.__CINEMATIC.mp4","798373","False","0","","False","False","False","C:\Users\scott\soccer-video\out\atomic_clips\2025-09-20__TSC_vs_RVFC"
"028__2025-09-20__TSC_vs_Greenwood__BUILD_UP_PLAY_SHOT__t2092.00-t2105.00_portrait_POST","C:\Users\scott\soccer-video\out\atomic_clips\2025-09-20__TSC_vs_Greenwood\028__2025-09-20__TSC_vs_Greenwood__BUILD_UP_PLAY_SHOT__t2092.00-t2105.00_portrait_POST.mp4","20155949","False","0","","False","False","False","C:\Users\scott\soccer-video\out\atomic_clips\2025-09-20__TSC_vs_Greenwood"
"028__2025-09-20__TSC_vs_Greenwood__BUILD_UP_PLAY_SHOT__t2092.00-t2105.00_portrait_POST.__CINEMATIC","C:\Users\scott\soccer-video\out\atomic_clips\2025-09-20__TSC_vs_Greenwood\028__2025-09-20__TSC_vs_Greenwood__BUILD_UP_PLAY_SHOT__t2092.00-t2105.00_portrait_POST.__CINEMATIC.mp4","8680162","False","0","","False","False","False","C:\Users\scott\soccer-video\out\atomic_clips\2025-09-20__TSC_vs_Greenwood"
"028__2025-09-20__TSC_vs_Greenwood__BUILD_UP_PLAY_SHOT__t2092.00-t2105.00_portrait_POST.__CINEMATIC.__CINEMATIC","C:\Users\scott\soccer-video\out\atomic_clips\2025-09-20__TSC_vs_Greenwood\028__2025-09-20__TSC_vs_Greenwood__BUILD_UP_PLAY_SHOT__t2092.00-t2105.00_portrait_POST.__CINEMATIC.__CINEMATIC.mp4","6525512","False","0","","False","False","False","C:\Users\scott\soccer-video\out\atomic_clips\2025-09-20__TSC_vs_Greenwood"
"028__2025-09-20__TSC_vs_Greenwood__BUILD_UP_PLAY_SHOT__t2092.00-t2105.00_portrait_POST.__CINEMATIC.__CINEMATIC.__CINEMATIC","C:\Users\scott\soccer-video\out\atomic_clips\2025-09-20__TSC_vs_Greenwood\028__2025-09-20__TSC_vs_Greenwood__BUILD_UP_PLAY_SHOT__t2092.00-t2105.00_portrait_POST.__CINEMATIC.__CINEMATIC.__CINEMATIC.mp4","5317812","False","0","","False","False","False","C:\Users\scott\soccer-video\out\atomic_clips\2025-09-20__TSC_vs_Greenwood"
"028__2025-09-20__TSC_vs_Greenwood__BUILD_UP_PLAY_SHOT__t2092.00-t2105.00_portrait_POST.__CINEMATIC.__CINEMATIC.__CINEMATIC.__CINEMATIC","C:\Users\scott\soccer-video\out\atomic_clips\2025-09-20__TSC_vs_Greenwood\028__2025-09-20__TSC_vs_Greenwood__BUILD_UP_PLAY_SHOT__t2092.00-t2105.00_portrait_POST.__CINEMATIC.__CINEMATIC.__CINEMATIC.__CINEMATIC.mp4","4267123","False","0","","False","False","False","C:\Users\scott\soccer-video\out\atomic_clips\2025-09-20__TSC_vs_Greenwood"
"028__2025-09-20__TSC_vs_Greenwood__BUILD_UP_PLAY_SHOT__t2092.00-t2105.00_portrait_POST.__CINEMATIC.__CINEMATIC.__CINEMATIC.__CINEMATIC.__CINEMATIC","C:\Users\scott\soccer-video\out\atomic_clips\2025-09-20__TSC_vs_Greenwood\028__2025-09-20__TSC_vs_Greenwood__BUILD_UP_PLAY_SHOT__t2092.00-t2105.00_portrait_POST.__CINEMATIC.__CINEMATIC.__CINEMATIC.__CINEMATIC.__CINEMATIC.mp4","2048706","False","0","","False","False","False","C:\Users\scott\soccer-video\out\atomic_clips\2025-09-20__TSC_vs_Greenwood"
"028__2025-09-20__TSC_vs_Greenwood__BUILD_UP_PLAY_SHOT__t2092.00-t2105.00_portrait_POST.__CINEMATIC.__CINEMATIC.__CINEMATIC.__CINEMATIC.__CINEMATIC.__CINEMATIC","C:\Users\scott\soccer-video\out\atomic_clips\2025-09-20__TSC_vs_Greenwood\028__2025-09-20__TSC_vs_Greenwood__BUILD_UP_PLAY_SHOT__t2092.00-t2105.00_portrait_POST.__CINEMATIC.__CINEMATIC.__CINEMATIC.__CINEMATIC.__CINEMATIC.__CINEMATIC.mp4","1025590","False","0","","False","False","False","C:\Users\scott\soccer-video\out\atomic_clips\2025-09-20__TSC_vs_Greenwood"
"028__2025-09-20__TSC_vs_Greenwood__BUILD_UP_PLAY_SHOT__t2092.00-t2105.00_portrait_POST.__CINEMATIC.__CINEMATIC.__CINEMATIC.__CINEMATIC.__CINEMATIC.__CINEMATIC.__CINEMATIC","C:\Users\scott\soccer-video\out\atomic_clips\2025-09-20__TSC_vs_Greenwood\028__2025-09-20__TSC_vs_Greenwood__BUILD_UP_PLAY_SHOT__t2092.00-t2105.00_portrait_POST.__CINEMATIC.__CINEMATIC.__CINEMATIC.__CINEMATIC.__CINEMATIC.__CINEMATIC.__CINEMATIC.mp4","842424","False","0","","False","False","False","C:\Users\scott\soccer-video\out\atomic_clips\2025-09-20__TSC_vs_Greenwood"
"028__2025-09-20__TSC_vs_RVFC__CORNER__t1852.00-t1875.00_portrait_POST","C:\Users\scott\soccer-video\out\atomic_clips\2025-09-20__TSC_vs_RVFC\028__2025-09-20__TSC_vs_RVFC__CORNER__t1852.00-t1875.00_portrait_POST.mp4","42061622","False","0","","False","False","False","C:\Users\scott\soccer-video\out\atomic_clips\2025-09-20__TSC_vs_RVFC"
"028__2025-09-20__TSC_vs_RVFC__CORNER__t1852.00-t1875.00_portrait_POST.__CINEMATIC","C:\Users\scott\soccer-video\out\atomic_clips\2025-09-20__TSC_vs_RVFC\028__2025-09-20__TSC_vs_RVFC__CORNER__t1852.00-t1875.00_portrait_POST.__CINEMATIC.mp4","14213787","False","0","","False","False","False","C:\Users\scott\soccer-video\out\atomic_clips\2025-09-20__TSC_vs_RVFC"
"028__2025-09-20__TSC_vs_RVFC__CORNER__t1852.00-t1875.00_portrait_POST.__CINEMATIC.__CINEMATIC","C:\Users\scott\soccer-video\out\atomic_clips\2025-09-20__TSC_vs_RVFC\028__2025-09-20__TSC_vs_RVFC__CORNER__t1852.00-t1875.00_portrait_POST.__CINEMATIC.__CINEMATIC.mp4","10261633","False","0","","False","False","False","C:\Users\scott\soccer-video\out\atomic_clips\2025-09-20__TSC_vs_RVFC"
"028__2025-09-20__TSC_vs_RVFC__CORNER__t1852.00-t1875.00_portrait_POST.__CINEMATIC.__CINEMATIC.__CINEMATIC","C:\Users\scott\soccer-video\out\atomic_clips\2025-09-20__TSC_vs_RVFC\028__2025-09-20__TSC_vs_RVFC__CORNER__t1852.00-t1875.00_portrait_POST.__CINEMATIC.__CINEMATIC.__CINEMATIC.mp4","9001839","False","0","","False","False","False","C:\Users\scott\soccer-video\out\atomic_clips\2025-09-20__TSC_vs_RVFC"
"028__2025-09-20__TSC_vs_RVFC__CORNER__t1852.00-t1875.00_portrait_POST.__CINEMATIC.__CINEMATIC.__CINEMATIC.__CINEMATIC","C:\Users\scott\soccer-video\out\atomic_clips\2025-09-20__TSC_vs_RVFC\028__2025-09-20__TSC_vs_RVFC__CORNER__t1852.00-t1875.00_portrait_POST.__CINEMATIC.__CINEMATIC.__CINEMATIC.__CINEMATIC.mp4","8413502","False","0","","False","False","False","C:\Users\scott\soccer-video\out\atomic_clips\2025-09-20__TSC_vs_RVFC"
"028__2025-09-20__TSC_vs_RVFC__CORNER__t1852.00-t1875.00_portrait_POST.__CINEMATIC.__CINEMATIC.__CINEMATIC.__CINEMATIC.__CINEMATIC","C:\Users\scott\soccer-video\out\atomic_clips\2025-09-20__TSC_vs_RVFC\028__2025-09-20__TSC_vs_RVFC__CORNER__t1852.00-t1875.00_portrait_POST.__CINEMATIC.__CINEMATIC.__CINEMATIC.__CINEMATIC.__CINEMATIC.mp4","4734181","False","0","","False","False","False","C:\Users\scott\soccer-video\out\atomic_clips\2025-09-20__TSC_vs_RVFC"
"028__2025-09-20__TSC_vs_RVFC__CORNER__t1852.00-t1875.00_portrait_POST.__CINEMATIC.__CINEMATIC.__CINEMATIC.__CINEMATIC.__CINEMATIC.__CINEMATIC","C:\Users\scott\soccer-video\out\atomic_clips\2025-09-20__TSC_vs_RVFC\028__2025-09-20__TSC_vs_RVFC__CORNER__t1852.00-t1875.00_portrait_POST.__CINEMATIC.__CINEMATIC.__CINEMATIC.__CINEMATIC.__CINEMATIC.__CINEMATIC.mp4","1979521","False","0","","False","False","False","C:\Users\scott\soccer-video\out\atomic_clips\2025-09-20__TSC_vs_RVFC"
"028__2025-09-20__TSC_vs_RVFC__CORNER__t1852.00-t1875.00_portrait_POST.__CINEMATIC.__CINEMATIC.__CINEMATIC.__CINEMATIC.__CINEMATIC.__CINEMATIC.__CINEMATIC","C:\Users\scott\soccer-video\out\atomic_clips\2025-09-20__TSC_vs_RVFC\028__2025-09-20__TSC_vs_RVFC__CORNER__t1852.00-t1875.00_portrait_POST.__CINEMATIC.__CINEMATIC.__CINEMATIC.__CINEMATIC.__CINEMATIC.__CINEMATIC.__CINEMATIC.mp4","1432974","False","0","","False","False","False","C:\Users\scott\soccer-video\out\atomic_clips\2025-09-20__TSC_vs_RVFC"
"029__2025-09-20__TSC_vs_Greenwood__BUILD_UP_PLAY_SHOT__t2134.00-t2152.00_portrait_POST","C:\Users\scott\soccer-video\out\atomic_clips\2025-09-20__TSC_vs_Greenwood\029__2025-09-20__TSC_vs_Greenwood__BUILD_UP_PLAY_SHOT__t2134.00-t2152.00_portrait_POST.mp4","30664837","False","0","","False","False","False","C:\Users\scott\soccer-video\out\atomic_clips\2025-09-20__TSC_vs_Greenwood"
"029__2025-09-20__TSC_vs_Greenwood__BUILD_UP_PLAY_SHOT__t2134.00-t2152.00_portrait_POST.__CINEMATIC","C:\Users\scott\soccer-video\out\atomic_clips\2025-09-20__TSC_vs_Greenwood\029__2025-09-20__TSC_vs_Greenwood__BUILD_UP_PLAY_SHOT__t2134.00-t2152.00_portrait_POST.__CINEMATIC.mp4","12659974","False","0","","False","False","False","C:\Users\scott\soccer-video\out\atomic_clips\2025-09-20__TSC_vs_Greenwood"
"029__2025-09-20__TSC_vs_Greenwood__BUILD_UP_PLAY_SHOT__t2134.00-t2152.00_portrait_POST.__CINEMATIC.__CINEMATIC","C:\Users\scott\soccer-video\out\atomic_clips\2025-09-20__TSC_vs_Greenwood\029__2025-09-20__TSC_vs_Greenwood__BUILD_UP_PLAY_SHOT__t2134.00-t2152.00_portrait_POST.__CINEMATIC.__CINEMATIC.mp4","9692978","False","0","","False","False","False","C:\Users\scott\soccer-video\out\atomic_clips\2025-09-20__TSC_vs_Greenwood"
"029__2025-09-20__TSC_vs_Greenwood__BUILD_UP_PLAY_SHOT__t2134.00-t2152.00_portrait_POST.__CINEMATIC.__CINEMATIC.__CINEMATIC","C:\Users\scott\soccer-video\out\atomic_clips\2025-09-20__TSC_vs_Greenwood\029__2025-09-20__TSC_vs_Greenwood__BUILD_UP_PLAY_SHOT__t2134.00-t2152.00_portrait_POST.__CINEMATIC.__CINEMATIC.__CINEMATIC.mp4","8100653","False","0","","False","False","False","C:\Users\scott\soccer-video\out\atomic_clips\2025-09-20__TSC_vs_Greenwood"
"029__2025-09-20__TSC_vs_Greenwood__BUILD_UP_PLAY_SHOT__t2134.00-t2152.00_portrait_POST.__CINEMATIC.__CINEMATIC.__CINEMATIC.__CINEMATIC","C:\Users\scott\soccer-video\out\atomic_clips\2025-09-20__TSC_vs_Greenwood\029__2025-09-20__TSC_vs_Greenwood__BUILD_UP_PLAY_SHOT__t2134.00-t2152.00_portrait_POST.__CINEMATIC.__CINEMATIC.__CINEMATIC.__CINEMATIC.mp4","6627192","False","0","","False","False","False","C:\Users\scott\soccer-video\out\atomic_clips\2025-09-20__TSC_vs_Greenwood"
"029__2025-09-20__TSC_vs_Greenwood__BUILD_UP_PLAY_SHOT__t2134.00-t2152.00_portrait_POST.__CINEMATIC.__CINEMATIC.__CINEMATIC.__CINEMATIC.__CINEMATIC","C:\Users\scott\soccer-video\out\atomic_clips\2025-09-20__TSC_vs_Greenwood\029__2025-09-20__TSC_vs_Greenwood__BUILD_UP_PLAY_SHOT__t2134.00-t2152.00_portrait_POST.__CINEMATIC.__CINEMATIC.__CINEMATIC.__CINEMATIC.__CINEMATIC.mp4","3085769","False","0","","False","False","False","C:\Users\scott\soccer-video\out\atomic_clips\2025-09-20__TSC_vs_Greenwood"
"029__2025-09-20__TSC_vs_Greenwood__BUILD_UP_PLAY_SHOT__t2134.00-t2152.00_portrait_POST.__CINEMATIC.__CINEMATIC.__CINEMATIC.__CINEMATIC.__CINEMATIC.__CINEMATIC","C:\Users\scott\soccer-video\out\atomic_clips\2025-09-20__TSC_vs_Greenwood\029__2025-09-20__TSC_vs_Greenwood__BUILD_UP_PLAY_SHOT__t2134.00-t2152.00_portrait_POST.__CINEMATIC.__CINEMATIC.__CINEMATIC.__CINEMATIC.__CINEMATIC.__CINEMATIC.mp4","1388023","False","0","","False","False","False","C:\Users\scott\soccer-video\out\atomic_clips\2025-09-20__TSC_vs_Greenwood"
"029__2025-09-20__TSC_vs_Greenwood__BUILD_UP_PLAY_SHOT__t2134.00-t2152.00_portrait_POST.__CINEMATIC.__CINEMATIC.__CINEMATIC.__CINEMATIC.__CINEMATIC.__CINEMATIC.__CINEMATIC","C:\Users\scott\soccer-video\out\atomic_clips\2025-09-20__TSC_vs_Greenwood\029__2025-09-20__TSC_vs_Greenwood__BUILD_UP_PLAY_SHOT__t2134.00-t2152.00_portrait_POST.__CINEMATIC.__CINEMATIC.__CINEMATIC.__CINEMATIC.__CINEMATIC.__CINEMATIC.__CINEMATIC.mp4","1118652","False","0","","False","False","False","C:\Users\scott\soccer-video\out\atomic_clips\2025-09-20__TSC_vs_Greenwood"
"029__2025-09-20__TSC_vs_RVFC__PRESSURE_SHOT__t1883.00-t1893.00_portrait_POST","C:\Users\scott\soccer-video\out\atomic_clips\2025-09-20__TSC_vs_RVFC\029__2025-09-20__TSC_vs_RVFC__PRESSURE_SHOT__t1883.00-t1893.00_portrait_POST.mp4","18323410","False","0","","False","False","False","C:\Users\scott\soccer-video\out\atomic_clips\2025-09-20__TSC_vs_RVFC"
"029__2025-09-20__TSC_vs_RVFC__PRESSURE_SHOT__t1883.00-t1893.00_portrait_POST.__CINEMATIC","C:\Users\scott\soccer-video\out\atomic_clips\2025-09-20__TSC_vs_RVFC\029__2025-09-20__TSC_vs_RVFC__PRESSURE_SHOT__t1883.00-t1893.00_portrait_POST.__CINEMATIC.mp4","7045388","False","0","","False","False","False","C:\Users\scott\soccer-video\out\atomic_clips\2025-09-20__TSC_vs_RVFC"
"029__2025-09-20__TSC_vs_RVFC__PRESSURE_SHOT__t1883.00-t1893.00_portrait_POST.__CINEMATIC.__CINEMATIC","C:\Users\scott\soccer-video\out\atomic_clips\2025-09-20__TSC_vs_RVFC\029__2025-09-20__TSC_vs_RVFC__PRESSURE_SHOT__t1883.00-t1893.00_portrait_POST.__CINEMATIC.__CINEMATIC.mp4","5165829","False","0","","False","False","False","C:\Users\scott\soccer-video\out\atomic_clips\2025-09-20__TSC_vs_RVFC"
"029__2025-09-20__TSC_vs_RVFC__PRESSURE_SHOT__t1883.00-t1893.00_portrait_POST.__CINEMATIC.__CINEMATIC.__CINEMATIC","C:\Users\scott\soccer-video\out\atomic_clips\2025-09-20__TSC_vs_RVFC\029__2025-09-20__TSC_vs_RVFC__PRESSURE_SHOT__t1883.00-t1893.00_portrait_POST.__CINEMATIC.__CINEMATIC.__CINEMATIC.mp4","4481950","False","0","","False","False","False","C:\Users\scott\soccer-video\out\atomic_clips\2025-09-20__TSC_vs_RVFC"
"029__2025-09-20__TSC_vs_RVFC__PRESSURE_SHOT__t1883.00-t1893.00_portrait_POST.__CINEMATIC.__CINEMATIC.__CINEMATIC.__CINEMATIC","C:\Users\scott\soccer-video\out\atomic_clips\2025-09-20__TSC_vs_RVFC\029__2025-09-20__TSC_vs_RVFC__PRESSURE_SHOT__t1883.00-t1893.00_portrait_POST.__CINEMATIC.__CINEMATIC.__CINEMATIC.__CINEMATIC.mp4","4108591","False","0","","False","False","False","C:\Users\scott\soccer-video\out\atomic_clips\2025-09-20__TSC_vs_RVFC"
"029__2025-09-20__TSC_vs_RVFC__PRESSURE_SHOT__t1883.00-t1893.00_portrait_POST.__CINEMATIC.__CINEMATIC.__CINEMATIC.__CINEMATIC.__CINEMATIC","C:\Users\scott\soccer-video\out\atomic_clips\2025-09-20__TSC_vs_RVFC\029__2025-09-20__TSC_vs_RVFC__PRESSURE_SHOT__t1883.00-t1893.00_portrait_POST.__CINEMATIC.__CINEMATIC.__CINEMATIC.__CINEMATIC.__CINEMATIC.mp4","2189644","False","0","","False","False","False","C:\Users\scott\soccer-video\out\atomic_clips\2025-09-20__TSC_vs_RVFC"
"029__2025-09-20__TSC_vs_RVFC__PRESSURE_SHOT__t1883.00-t1893.00_portrait_POST.__CINEMATIC.__CINEMATIC.__CINEMATIC.__CINEMATIC.__CINEMATIC.__CINEMATIC","C:\Users\scott\soccer-video\out\atomic_clips\2025-09-20__TSC_vs_RVFC\029__2025-09-20__TSC_vs_RVFC__PRESSURE_SHOT__t1883.00-t1893.00_portrait_POST.__CINEMATIC.__CINEMATIC.__CINEMATIC.__CINEMATIC.__CINEMATIC.__CINEMATIC.mp4","1068156","False","0","","False","False","False","C:\Users\scott\soccer-video\out\atomic_clips\2025-09-20__TSC_vs_RVFC"
"029__2025-09-20__TSC_vs_RVFC__PRESSURE_SHOT__t1883.00-t1893.00_portrait_POST.__CINEMATIC.__CINEMATIC.__CINEMATIC.__CINEMATIC.__CINEMATIC.__CINEMATIC.__CINEMATIC","C:\Users\scott\soccer-video\out\atomic_clips\2025-09-20__TSC_vs_RVFC\029__2025-09-20__TSC_vs_RVFC__PRESSURE_SHOT__t1883.00-t1893.00_portrait_POST.__CINEMATIC.__CINEMATIC.__CINEMATIC.__CINEMATIC.__CINEMATIC.__CINEMATIC.__CINEMATIC.mp4","837096","False","0","","False","False","False","C:\Users\scott\soccer-video\out\atomic_clips\2025-09-20__TSC_vs_RVFC"
"030__2025-09-13__TSC_vs_NEOFC__2025-10-04__TSC_vs_FC_Tulsa_Black__BUILD_UP_SHOT__t1705-t1721","C:\Users\scott\soccer-video\out\atomic_clips\2025-09-13__TSC_vs_NEOFC\030__2025-09-13__TSC_vs_NEOFC__2025-10-04__TSC_vs_FC_Tulsa_Black__BUILD_UP_SHOT__t1705-t1721.mp4","26513233","False","0","","False","False","False","C:\Users\scott\soccer-video\out\atomic_clips\2025-09-13__TSC_vs_NEOFC"
"030__2025-09-13__TSC_vs_NEOFC__2025-10-04__TSC_vs_FC_Tulsa_Black__BUILD_UP_SHOT__t1705-t1721.__CINEMATIC","C:\Users\scott\soccer-video\out\atomic_clips\2025-09-13__TSC_vs_NEOFC\030__2025-09-13__TSC_vs_NEOFC__2025-10-04__TSC_vs_FC_Tulsa_Black__BUILD_UP_SHOT__t1705-t1721.__CINEMATIC.mp4","9119067","False","0","","False","False","False","C:\Users\scott\soccer-video\out\atomic_clips\2025-09-13__TSC_vs_NEOFC"
"030__2025-09-13__TSC_vs_NEOFC__2025-10-04__TSC_vs_FC_Tulsa_Black__BUILD_UP_SHOT__t1705-t1721.__CINEMATIC.__CINEMATIC","C:\Users\scott\soccer-video\out\atomic_clips\2025-09-13__TSC_vs_NEOFC\030__2025-09-13__TSC_vs_NEOFC__2025-10-04__TSC_vs_FC_Tulsa_Black__BUILD_UP_SHOT__t1705-t1721.__CINEMATIC.__CINEMATIC.mp4","7709056","False","0","","False","False","False","C:\Users\scott\soccer-video\out\atomic_clips\2025-09-13__TSC_vs_NEOFC"
"030__2025-09-13__TSC_vs_NEOFC__2025-10-04__TSC_vs_FC_Tulsa_Black__BUILD_UP_SHOT__t1705-t1721.__CINEMATIC.__CINEMATIC.__CINEMATIC","C:\Users\scott\soccer-video\out\atomic_clips\2025-09-13__TSC_vs_NEOFC\030__2025-09-13__TSC_vs_NEOFC__2025-10-04__TSC_vs_FC_Tulsa_Black__BUILD_UP_SHOT__t1705-t1721.__CINEMATIC.__CINEMATIC.__CINEMATIC.mp4","7185367","False","0","","False","False","False","C:\Users\scott\soccer-video\out\atomic_clips\2025-09-13__TSC_vs_NEOFC"
"030__2025-09-13__TSC_vs_NEOFC__2025-10-04__TSC_vs_FC_Tulsa_Black__BUILD_UP_SHOT__t1705-t1721.__CINEMATIC.__CINEMATIC.__CINEMATIC.__CINEMATIC","C:\Users\scott\soccer-video\out\atomic_clips\2025-09-13__TSC_vs_NEOFC\030__2025-09-13__TSC_vs_NEOFC__2025-10-04__TSC_vs_FC_Tulsa_Black__BUILD_UP_SHOT__t1705-t1721.__CINEMATIC.__CINEMATIC.__CINEMATIC.__CINEMATIC.mp4","5953890","False","0","","False","False","False","C:\Users\scott\soccer-video\out\atomic_clips\2025-09-13__TSC_vs_NEOFC"
"030__2025-09-13__TSC_vs_NEOFC__2025-10-04__TSC_vs_FC_Tulsa_Black__BUILD_UP_SHOT__t1705-t1721.__CINEMATIC.__CINEMATIC.__CINEMATIC.__CINEMATIC.__CINEMATIC","C:\Users\scott\soccer-video\out\atomic_clips\2025-09-13__TSC_vs_NEOFC\030__2025-09-13__TSC_vs_NEOFC__2025-10-04__TSC_vs_FC_Tulsa_Black__BUILD_UP_SHOT__t1705-t1721.__CINEMATIC.__CINEMATIC.__CINEMATIC.__CINEMATIC.__CINEMATIC.mp4","2411108","False","0","","False","False","False","C:\Users\scott\soccer-video\out\atomic_clips\2025-09-13__TSC_vs_NEOFC"
"030__2025-09-13__TSC_vs_NEOFC__2025-10-04__TSC_vs_FC_Tulsa_Black__BUILD_UP_SHOT__t1705-t1721.__CINEMATIC.__CINEMATIC.__CINEMATIC.__CINEMATIC.__CINEMATIC.__CINEMATIC","C:\Users\scott\soccer-video\out\atomic_clips\2025-09-13__TSC_vs_NEOFC\030__2025-09-13__TSC_vs_NEOFC__2025-10-04__TSC_vs_FC_Tulsa_Black__BUILD_UP_SHOT__t1705-t1721.__CINEMATIC.__CINEMATIC.__CINEMATIC.__CINEMATIC.__CINEMATIC.__CINEMATIC.mp4","1093003","False","0","","False","False","False","C:\Users\scott\soccer-video\out\atomic_clips\2025-09-13__TSC_vs_NEOFC"
"030__2025-09-13__TSC_vs_NEOFC__2025-10-04__TSC_vs_FC_Tulsa_Black__BUILD_UP_SHOT__t1705-t1721.__CINEMATIC.__CINEMATIC.__CINEMATIC.__CINEMATIC.__CINEMATIC.__CINEMATIC.__CINEMATIC","C:\Users\scott\soccer-video\out\atomic_clips\2025-09-13__TSC_vs_NEOFC\030__2025-09-13__TSC_vs_NEOFC__2025-10-04__TSC_vs_FC_Tulsa_Black__BUILD_UP_SHOT__t1705-t1721.__CINEMATIC.__CINEMATIC.__CINEMATIC.__CINEMATIC.__CINEMATIC.__CINEMATIC.__CINEMATIC.mp4","939040","False","0","","False","False","False","C:\Users\scott\soccer-video\out\atomic_clips\2025-09-13__TSC_vs_NEOFC"
"030__2025-09-20__TSC_vs_Greenwood__FREE_KICK_WON_GOAL__t2175.00-t2211.00_portrait_POST","C:\Users\scott\soccer-video\out\atomic_clips\2025-09-20__TSC_vs_Greenwood\030__2025-09-20__TSC_vs_Greenwood__FREE_KICK_WON_GOAL__t2175.00-t2211.00_portrait_POST.mp4","67031557","False","0","","False","False","False","C:\Users\scott\soccer-video\out\atomic_clips\2025-09-20__TSC_vs_Greenwood"
"030__2025-09-20__TSC_vs_Greenwood__FREE_KICK_WON_GOAL__t2175.00-t2211.00_portrait_POST.__CINEMATIC","C:\Users\scott\soccer-video\out\atomic_clips\2025-09-20__TSC_vs_Greenwood\030__2025-09-20__TSC_vs_Greenwood__FREE_KICK_WON_GOAL__t2175.00-t2211.00_portrait_POST.__CINEMATIC.mp4","24140476","False","0","","False","False","False","C:\Users\scott\soccer-video\out\atomic_clips\2025-09-20__TSC_vs_Greenwood"
"030__2025-09-20__TSC_vs_Greenwood__FREE_KICK_WON_GOAL__t2175.00-t2211.00_portrait_POST.__CINEMATIC.__CINEMATIC","C:\Users\scott\soccer-video\out\atomic_clips\2025-09-20__TSC_vs_Greenwood\030__2025-09-20__TSC_vs_Greenwood__FREE_KICK_WON_GOAL__t2175.00-t2211.00_portrait_POST.__CINEMATIC.__CINEMATIC.mp4","18501438","False","0","","False","False","False","C:\Users\scott\soccer-video\out\atomic_clips\2025-09-20__TSC_vs_Greenwood"
"030__2025-09-20__TSC_vs_Greenwood__FREE_KICK_WON_GOAL__t2175.00-t2211.00_portrait_POST.__CINEMATIC.__CINEMATIC.__CINEMATIC","C:\Users\scott\soccer-video\out\atomic_clips\2025-09-20__TSC_vs_Greenwood\030__2025-09-20__TSC_vs_Greenwood__FREE_KICK_WON_GOAL__t2175.00-t2211.00_portrait_POST.__CINEMATIC.__CINEMATIC.__CINEMATIC.mp4","16298375","False","0","","False","False","False","C:\Users\scott\soccer-video\out\atomic_clips\2025-09-20__TSC_vs_Greenwood"
"030__2025-09-20__TSC_vs_Greenwood__FREE_KICK_WON_GOAL__t2175.00-t2211.00_portrait_POST.__CINEMATIC.__CINEMATIC.__CINEMATIC.__CINEMATIC","C:\Users\scott\soccer-video\out\atomic_clips\2025-09-20__TSC_vs_Greenwood\030__2025-09-20__TSC_vs_Greenwood__FREE_KICK_WON_GOAL__t2175.00-t2211.00_portrait_POST.__CINEMATIC.__CINEMATIC.__CINEMATIC.__CINEMATIC.mp4","14243289","False","0","","False","False","False","C:\Users\scott\soccer-video\out\atomic_clips\2025-09-20__TSC_vs_Greenwood"
"030__2025-09-20__TSC_vs_Greenwood__FREE_KICK_WON_GOAL__t2175.00-t2211.00_portrait_POST.__CINEMATIC.__CINEMATIC.__CINEMATIC.__CINEMATIC.__CINEMATIC","C:\Users\scott\soccer-video\out\atomic_clips\2025-09-20__TSC_vs_Greenwood\030__2025-09-20__TSC_vs_Greenwood__FREE_KICK_WON_GOAL__t2175.00-t2211.00_portrait_POST.__CINEMATIC.__CINEMATIC.__CINEMATIC.__CINEMATIC.__CINEMATIC.mp4","7189190","False","0","","False","False","False","C:\Users\scott\soccer-video\out\atomic_clips\2025-09-20__TSC_vs_Greenwood"
"030__2025-09-20__TSC_vs_Greenwood__FREE_KICK_WON_GOAL__t2175.00-t2211.00_portrait_POST.__CINEMATIC.__CINEMATIC.__CINEMATIC.__CINEMATIC.__CINEMATIC.__CINEMATIC","C:\Users\scott\soccer-video\out\atomic_clips\2025-09-20__TSC_vs_Greenwood\030__2025-09-20__TSC_vs_Greenwood__FREE_KICK_WON_GOAL__t2175.00-t2211.00_portrait_POST.__CINEMATIC.__CINEMATIC.__CINEMATIC.__CINEMATIC.__CINEMATIC.__CINEMATIC.mp4","2784526","False","0","","False","False","False","C:\Users\scott\soccer-video\out\atomic_clips\2025-09-20__TSC_vs_Greenwood"
"030__2025-09-20__TSC_vs_Greenwood__FREE_KICK_WON_GOAL__t2175.00-t2211.00_portrait_POST.__CINEMATIC.__CINEMATIC.__CINEMATIC.__CINEMATIC.__CINEMATIC.__CINEMATIC.__CINEMATIC","C:\Users\scott\soccer-video\out\atomic_clips\2025-09-20__TSC_vs_Greenwood\030__2025-09-20__TSC_vs_Greenwood__FREE_KICK_WON_GOAL__t2175.00-t2211.00_portrait_POST.__CINEMATIC.__CINEMATIC.__CINEMATIC.__CINEMATIC.__CINEMATIC.__CINEMATIC.__CINEMATIC.mp4","2058669","False","0","","False","False","False","C:\Users\scott\soccer-video\out\atomic_clips\2025-09-20__TSC_vs_Greenwood"
"030__2025-09-20__TSC_vs_RVFC__PRESSURE_SHOT__t1898.00-t1911.00_portrait_POST","C:\Users\scott\soccer-video\out\atomic_clips\2025-09-20__TSC_vs_RVFC\030__2025-09-20__TSC_vs_RVFC__PRESSURE_SHOT__t1898.00-t1911.00_portrait_POST.mp4","20656948","False","0","","False","False","False","C:\Users\scott\soccer-video\out\atomic_clips\2025-09-20__TSC_vs_RVFC"
"030__2025-09-20__TSC_vs_RVFC__PRESSURE_SHOT__t1898.00-t1911.00_portrait_POST.__CINEMATIC","C:\Users\scott\soccer-video\out\atomic_clips\2025-09-20__TSC_vs_RVFC\030__2025-09-20__TSC_vs_RVFC__PRESSURE_SHOT__t1898.00-t1911.00_portrait_POST.__CINEMATIC.mp4","8821780","False","0","","False","False","False","C:\Users\scott\soccer-video\out\atomic_clips\2025-09-20__TSC_vs_RVFC"
"030__2025-09-20__TSC_vs_RVFC__PRESSURE_SHOT__t1898.00-t1911.00_portrait_POST.__CINEMATIC.__CINEMATIC","C:\Users\scott\soccer-video\out\atomic_clips\2025-09-20__TSC_vs_RVFC\030__2025-09-20__TSC_vs_RVFC__PRESSURE_SHOT__t1898.00-t1911.00_portrait_POST.__CINEMATIC.__CINEMATIC.mp4","6407960","False","0","","False","False","False","C:\Users\scott\soccer-video\out\atomic_clips\2025-09-20__TSC_vs_RVFC"
"030__2025-09-20__TSC_vs_RVFC__PRESSURE_SHOT__t1898.00-t1911.00_portrait_POST.__CINEMATIC.__CINEMATIC.__CINEMATIC","C:\Users\scott\soccer-video\out\atomic_clips\2025-09-20__TSC_vs_RVFC\030__2025-09-20__TSC_vs_RVFC__PRESSURE_SHOT__t1898.00-t1911.00_portrait_POST.__CINEMATIC.__CINEMATIC.__CINEMATIC.mp4","5608916","False","0","","False","False","False","C:\Users\scott\soccer-video\out\atomic_clips\2025-09-20__TSC_vs_RVFC"
"030__2025-09-20__TSC_vs_RVFC__PRESSURE_SHOT__t1898.00-t1911.00_portrait_POST.__CINEMATIC.__CINEMATIC.__CINEMATIC.__CINEMATIC","C:\Users\scott\soccer-video\out\atomic_clips\2025-09-20__TSC_vs_RVFC\030__2025-09-20__TSC_vs_RVFC__PRESSURE_SHOT__t1898.00-t1911.00_portrait_POST.__CINEMATIC.__CINEMATIC.__CINEMATIC.__CINEMATIC.mp4","4997592","False","0","","False","False","False","C:\Users\scott\soccer-video\out\atomic_clips\2025-09-20__TSC_vs_RVFC"
"030__2025-09-20__TSC_vs_RVFC__PRESSURE_SHOT__t1898.00-t1911.00_portrait_POST.__CINEMATIC.__CINEMATIC.__CINEMATIC.__CINEMATIC.__CINEMATIC","C:\Users\scott\soccer-video\out\atomic_clips\2025-09-20__TSC_vs_RVFC\030__2025-09-20__TSC_vs_RVFC__PRESSURE_SHOT__t1898.00-t1911.00_portrait_POST.__CINEMATIC.__CINEMATIC.__CINEMATIC.__CINEMATIC.__CINEMATIC.mp4","2633644","False","0","","False","False","False","C:\Users\scott\soccer-video\out\atomic_clips\2025-09-20__TSC_vs_RVFC"
"030__2025-09-20__TSC_vs_RVFC__PRESSURE_SHOT__t1898.00-t1911.00_portrait_POST.__CINEMATIC.__CINEMATIC.__CINEMATIC.__CINEMATIC.__CINEMATIC.__CINEMATIC","C:\Users\scott\soccer-video\out\atomic_clips\2025-09-20__TSC_vs_RVFC\030__2025-09-20__TSC_vs_RVFC__PRESSURE_SHOT__t1898.00-t1911.00_portrait_POST.__CINEMATIC.__CINEMATIC.__CINEMATIC.__CINEMATIC.__CINEMATIC.__CINEMATIC.mp4","1256742","False","0","","False","False","False","C:\Users\scott\soccer-video\out\atomic_clips\2025-09-20__TSC_vs_RVFC"
"030__2025-09-20__TSC_vs_RVFC__PRESSURE_SHOT__t1898.00-t1911.00_portrait_POST.__CINEMATIC.__CINEMATIC.__CINEMATIC.__CINEMATIC.__CINEMATIC.__CINEMATIC.__CINEMATIC","C:\Users\scott\soccer-video\out\atomic_clips\2025-09-20__TSC_vs_RVFC\030__2025-09-20__TSC_vs_RVFC__PRESSURE_SHOT__t1898.00-t1911.00_portrait_POST.__CINEMATIC.__CINEMATIC.__CINEMATIC.__CINEMATIC.__CINEMATIC.__CINEMATIC.__CINEMATIC.mp4","973789","False","0","","False","False","False","C:\Users\scott\soccer-video\out\atomic_clips\2025-09-20__TSC_vs_RVFC"
"031__2025-09-20__TSC_vs_Greenwood__BUILD_UP_PLAY_SHOT__t2245.00-t2266.00_portrait_POST","C:\Users\scott\soccer-video\out\atomic_clips\2025-09-20__TSC_vs_Greenwood\031__2025-09-20__TSC_vs_Greenwood__BUILD_UP_PLAY_SHOT__t2245.00-t2266.00_portrait_POST.mp4","32544405","False","0","","False","False","False","C:\Users\scott\soccer-video\out\atomic_clips\2025-09-20__TSC_vs_Greenwood"
"031__2025-09-20__TSC_vs_Greenwood__BUILD_UP_PLAY_SHOT__t2245.00-t2266.00_portrait_POST.__CINEMATIC","C:\Users\scott\soccer-video\out\atomic_clips\2025-09-20__TSC_vs_Greenwood\031__2025-09-20__TSC_vs_Greenwood__BUILD_UP_PLAY_SHOT__t2245.00-t2266.00_portrait_POST.__CINEMATIC.mp4","14462071","False","0","","False","False","False","C:\Users\scott\soccer-video\out\atomic_clips\2025-09-20__TSC_vs_Greenwood"
"031__2025-09-20__TSC_vs_Greenwood__BUILD_UP_PLAY_SHOT__t2245.00-t2266.00_portrait_POST.__CINEMATIC.__CINEMATIC","C:\Users\scott\soccer-video\out\atomic_clips\2025-09-20__TSC_vs_Greenwood\031__2025-09-20__TSC_vs_Greenwood__BUILD_UP_PLAY_SHOT__t2245.00-t2266.00_portrait_POST.__CINEMATIC.__CINEMATIC.mp4","10777984","False","0","","False","False","False","C:\Users\scott\soccer-video\out\atomic_clips\2025-09-20__TSC_vs_Greenwood"
"031__2025-09-20__TSC_vs_Greenwood__BUILD_UP_PLAY_SHOT__t2245.00-t2266.00_portrait_POST.__CINEMATIC.__CINEMATIC.__CINEMATIC","C:\Users\scott\soccer-video\out\atomic_clips\2025-09-20__TSC_vs_Greenwood\031__2025-09-20__TSC_vs_Greenwood__BUILD_UP_PLAY_SHOT__t2245.00-t2266.00_portrait_POST.__CINEMATIC.__CINEMATIC.__CINEMATIC.mp4","8670506","False","0","","False","False","False","C:\Users\scott\soccer-video\out\atomic_clips\2025-09-20__TSC_vs_Greenwood"
"031__2025-09-20__TSC_vs_Greenwood__BUILD_UP_PLAY_SHOT__t2245.00-t2266.00_portrait_POST.__CINEMATIC.__CINEMATIC.__CINEMATIC.__CINEMATIC","C:\Users\scott\soccer-video\out\atomic_clips\2025-09-20__TSC_vs_Greenwood\031__2025-09-20__TSC_vs_Greenwood__BUILD_UP_PLAY_SHOT__t2245.00-t2266.00_portrait_POST.__CINEMATIC.__CINEMATIC.__CINEMATIC.__CINEMATIC.mp4","6680473","False","0","","False","False","False","C:\Users\scott\soccer-video\out\atomic_clips\2025-09-20__TSC_vs_Greenwood"
"031__2025-09-20__TSC_vs_Greenwood__BUILD_UP_PLAY_SHOT__t2245.00-t2266.00_portrait_POST.__CINEMATIC.__CINEMATIC.__CINEMATIC.__CINEMATIC.__CINEMATIC","C:\Users\scott\soccer-video\out\atomic_clips\2025-09-20__TSC_vs_Greenwood\031__2025-09-20__TSC_vs_Greenwood__BUILD_UP_PLAY_SHOT__t2245.00-t2266.00_portrait_POST.__CINEMATIC.__CINEMATIC.__CINEMATIC.__CINEMATIC.__CINEMATIC.mp4","3106517","False","0","","False","False","False","C:\Users\scott\soccer-video\out\atomic_clips\2025-09-20__TSC_vs_Greenwood"
"031__2025-09-20__TSC_vs_Greenwood__BUILD_UP_PLAY_SHOT__t2245.00-t2266.00_portrait_POST.__CINEMATIC.__CINEMATIC.__CINEMATIC.__CINEMATIC.__CINEMATIC.__CINEMATIC","C:\Users\scott\soccer-video\out\atomic_clips\2025-09-20__TSC_vs_Greenwood\031__2025-09-20__TSC_vs_Greenwood__BUILD_UP_PLAY_SHOT__t2245.00-t2266.00_portrait_POST.__CINEMATIC.__CINEMATIC.__CINEMATIC.__CINEMATIC.__CINEMATIC.__CINEMATIC.mp4","1496209","False","0","","False","False","False","C:\Users\scott\soccer-video\out\atomic_clips\2025-09-20__TSC_vs_Greenwood"
"031__2025-09-20__TSC_vs_Greenwood__BUILD_UP_PLAY_SHOT__t2245.00-t2266.00_portrait_POST.__CINEMATIC.__CINEMATIC.__CINEMATIC.__CINEMATIC.__CINEMATIC.__CINEMATIC.__CINEMATIC","C:\Users\scott\soccer-video\out\atomic_clips\2025-09-20__TSC_vs_Greenwood\031__2025-09-20__TSC_vs_Greenwood__BUILD_UP_PLAY_SHOT__t2245.00-t2266.00_portrait_POST.__CINEMATIC.__CINEMATIC.__CINEMATIC.__CINEMATIC.__CINEMATIC.__CINEMATIC.__CINEMATIC.mp4","1278171","False","0","","False","False","False","C:\Users\scott\soccer-video\out\atomic_clips\2025-09-20__TSC_vs_Greenwood"
"031__2025-09-20__TSC_vs_RVFC__PRESSURE_SHOT__t1964.00-t1975.00_portrait_POST","C:\Users\scott\soccer-video\out\atomic_clips\2025-09-20__TSC_vs_RVFC\031__2025-09-20__TSC_vs_RVFC__PRESSURE_SHOT__t1964.00-t1975.00_portrait_POST.mp4","18619902","False","0","","False","False","False","C:\Users\scott\soccer-video\out\atomic_clips\2025-09-20__TSC_vs_RVFC"
"031__2025-09-20__TSC_vs_RVFC__PRESSURE_SHOT__t1964.00-t1975.00_portrait_POST.__CINEMATIC","C:\Users\scott\soccer-video\out\atomic_clips\2025-09-20__TSC_vs_RVFC\031__2025-09-20__TSC_vs_RVFC__PRESSURE_SHOT__t1964.00-t1975.00_portrait_POST.__CINEMATIC.mp4","7782232","False","0","","False","False","False","C:\Users\scott\soccer-video\out\atomic_clips\2025-09-20__TSC_vs_RVFC"
"031__2025-09-20__TSC_vs_RVFC__PRESSURE_SHOT__t1964.00-t1975.00_portrait_POST.__CINEMATIC.__CINEMATIC","C:\Users\scott\soccer-video\out\atomic_clips\2025-09-20__TSC_vs_RVFC\031__2025-09-20__TSC_vs_RVFC__PRESSURE_SHOT__t1964.00-t1975.00_portrait_POST.__CINEMATIC.__CINEMATIC.mp4","5866796","False","0","","False","False","False","C:\Users\scott\soccer-video\out\atomic_clips\2025-09-20__TSC_vs_RVFC"
"031__2025-09-20__TSC_vs_RVFC__PRESSURE_SHOT__t1964.00-t1975.00_portrait_POST.__CINEMATIC.__CINEMATIC.__CINEMATIC","C:\Users\scott\soccer-video\out\atomic_clips\2025-09-20__TSC_vs_RVFC\031__2025-09-20__TSC_vs_RVFC__PRESSURE_SHOT__t1964.00-t1975.00_portrait_POST.__CINEMATIC.__CINEMATIC.__CINEMATIC.mp4","5113653","False","0","","False","False","False","C:\Users\scott\soccer-video\out\atomic_clips\2025-09-20__TSC_vs_RVFC"
"031__2025-09-20__TSC_vs_RVFC__PRESSURE_SHOT__t1964.00-t1975.00_portrait_POST.__CINEMATIC.__CINEMATIC.__CINEMATIC.__CINEMATIC","C:\Users\scott\soccer-video\out\atomic_clips\2025-09-20__TSC_vs_RVFC\031__2025-09-20__TSC_vs_RVFC__PRESSURE_SHOT__t1964.00-t1975.00_portrait_POST.__CINEMATIC.__CINEMATIC.__CINEMATIC.__CINEMATIC.mp4","4394158","False","0","","False","False","False","C:\Users\scott\soccer-video\out\atomic_clips\2025-09-20__TSC_vs_RVFC"
"031__2025-09-20__TSC_vs_RVFC__PRESSURE_SHOT__t1964.00-t1975.00_portrait_POST.__CINEMATIC.__CINEMATIC.__CINEMATIC.__CINEMATIC.__CINEMATIC","C:\Users\scott\soccer-video\out\atomic_clips\2025-09-20__TSC_vs_RVFC\031__2025-09-20__TSC_vs_RVFC__PRESSURE_SHOT__t1964.00-t1975.00_portrait_POST.__CINEMATIC.__CINEMATIC.__CINEMATIC.__CINEMATIC.__CINEMATIC.mp4","2314058","False","0","","False","False","False","C:\Users\scott\soccer-video\out\atomic_clips\2025-09-20__TSC_vs_RVFC"
"031__2025-09-20__TSC_vs_RVFC__PRESSURE_SHOT__t1964.00-t1975.00_portrait_POST.__CINEMATIC.__CINEMATIC.__CINEMATIC.__CINEMATIC.__CINEMATIC.__CINEMATIC","C:\Users\scott\soccer-video\out\atomic_clips\2025-09-20__TSC_vs_RVFC\031__2025-09-20__TSC_vs_RVFC__PRESSURE_SHOT__t1964.00-t1975.00_portrait_POST.__CINEMATIC.__CINEMATIC.__CINEMATIC.__CINEMATIC.__CINEMATIC.__CINEMATIC.mp4","1231051","False","0","","False","False","False","C:\Users\scott\soccer-video\out\atomic_clips\2025-09-20__TSC_vs_RVFC"
"031__2025-09-20__TSC_vs_RVFC__PRESSURE_SHOT__t1964.00-t1975.00_portrait_POST.__CINEMATIC.__CINEMATIC.__CINEMATIC.__CINEMATIC.__CINEMATIC.__CINEMATIC.__CINEMATIC","C:\Users\scott\soccer-video\out\atomic_clips\2025-09-20__TSC_vs_RVFC\031__2025-09-20__TSC_vs_RVFC__PRESSURE_SHOT__t1964.00-t1975.00_portrait_POST.__CINEMATIC.__CINEMATIC.__CINEMATIC.__CINEMATIC.__CINEMATIC.__CINEMATIC.__CINEMATIC.mp4","1013677","False","0","","False","False","False","C:\Users\scott\soccer-video\out\atomic_clips\2025-09-20__TSC_vs_RVFC"
"032__2025-09-20__TSC_vs_Greenwood__BUILD_UP_PLAY_SHOT__t2544.00-t2561.00_portrait_POST","C:\Users\scott\soccer-video\out\atomic_clips\2025-09-20__TSC_vs_Greenwood\032__2025-09-20__TSC_vs_Greenwood__BUILD_UP_PLAY_SHOT__t2544.00-t2561.00_portrait_POST.mp4","30590924","False","0","","False","False","False","C:\Users\scott\soccer-video\out\atomic_clips\2025-09-20__TSC_vs_Greenwood"
"032__2025-09-20__TSC_vs_Greenwood__BUILD_UP_PLAY_SHOT__t2544.00-t2561.00_portrait_POST.__CINEMATIC","C:\Users\scott\soccer-video\out\atomic_clips\2025-09-20__TSC_vs_Greenwood\032__2025-09-20__TSC_vs_Greenwood__BUILD_UP_PLAY_SHOT__t2544.00-t2561.00_portrait_POST.__CINEMATIC.mp4","11799572","False","0","","False","False","False","C:\Users\scott\soccer-video\out\atomic_clips\2025-09-20__TSC_vs_Greenwood"
"032__2025-09-20__TSC_vs_Greenwood__BUILD_UP_PLAY_SHOT__t2544.00-t2561.00_portrait_POST.__CINEMATIC.__CINEMATIC","C:\Users\scott\soccer-video\out\atomic_clips\2025-09-20__TSC_vs_Greenwood\032__2025-09-20__TSC_vs_Greenwood__BUILD_UP_PLAY_SHOT__t2544.00-t2561.00_portrait_POST.__CINEMATIC.__CINEMATIC.mp4","8946776","False","0","","False","False","False","C:\Users\scott\soccer-video\out\atomic_clips\2025-09-20__TSC_vs_Greenwood"
"032__2025-09-20__TSC_vs_Greenwood__BUILD_UP_PLAY_SHOT__t2544.00-t2561.00_portrait_POST.__CINEMATIC.__CINEMATIC.__CINEMATIC","C:\Users\scott\soccer-video\out\atomic_clips\2025-09-20__TSC_vs_Greenwood\032__2025-09-20__TSC_vs_Greenwood__BUILD_UP_PLAY_SHOT__t2544.00-t2561.00_portrait_POST.__CINEMATIC.__CINEMATIC.__CINEMATIC.mp4","8023140","False","0","","False","False","False","C:\Users\scott\soccer-video\out\atomic_clips\2025-09-20__TSC_vs_Greenwood"
"032__2025-09-20__TSC_vs_Greenwood__BUILD_UP_PLAY_SHOT__t2544.00-t2561.00_portrait_POST.__CINEMATIC.__CINEMATIC.__CINEMATIC.__CINEMATIC","C:\Users\scott\soccer-video\out\atomic_clips\2025-09-20__TSC_vs_Greenwood\032__2025-09-20__TSC_vs_Greenwood__BUILD_UP_PLAY_SHOT__t2544.00-t2561.00_portrait_POST.__CINEMATIC.__CINEMATIC.__CINEMATIC.__CINEMATIC.mp4","6790757","False","0","","False","False","False","C:\Users\scott\soccer-video\out\atomic_clips\2025-09-20__TSC_vs_Greenwood"
"032__2025-09-20__TSC_vs_Greenwood__BUILD_UP_PLAY_SHOT__t2544.00-t2561.00_portrait_POST.__CINEMATIC.__CINEMATIC.__CINEMATIC.__CINEMATIC.__CINEMATIC","C:\Users\scott\soccer-video\out\atomic_clips\2025-09-20__TSC_vs_Greenwood\032__2025-09-20__TSC_vs_Greenwood__BUILD_UP_PLAY_SHOT__t2544.00-t2561.00_portrait_POST.__CINEMATIC.__CINEMATIC.__CINEMATIC.__CINEMATIC.__CINEMATIC.mp4","3466346","False","0","","False","False","False","C:\Users\scott\soccer-video\out\atomic_clips\2025-09-20__TSC_vs_Greenwood"
"032__2025-09-20__TSC_vs_Greenwood__BUILD_UP_PLAY_SHOT__t2544.00-t2561.00_portrait_POST.__CINEMATIC.__CINEMATIC.__CINEMATIC.__CINEMATIC.__CINEMATIC.__CINEMATIC","C:\Users\scott\soccer-video\out\atomic_clips\2025-09-20__TSC_vs_Greenwood\032__2025-09-20__TSC_vs_Greenwood__BUILD_UP_PLAY_SHOT__t2544.00-t2561.00_portrait_POST.__CINEMATIC.__CINEMATIC.__CINEMATIC.__CINEMATIC.__CINEMATIC.__CINEMATIC.mp4","1497188","False","0","","False","False","False","C:\Users\scott\soccer-video\out\atomic_clips\2025-09-20__TSC_vs_Greenwood"
"032__2025-09-20__TSC_vs_Greenwood__BUILD_UP_PLAY_SHOT__t2544.00-t2561.00_portrait_POST.__CINEMATIC.__CINEMATIC.__CINEMATIC.__CINEMATIC.__CINEMATIC.__CINEMATIC.__CINEMATIC","C:\Users\scott\soccer-video\out\atomic_clips\2025-09-20__TSC_vs_Greenwood\032__2025-09-20__TSC_vs_Greenwood__BUILD_UP_PLAY_SHOT__t2544.00-t2561.00_portrait_POST.__CINEMATIC.__CINEMATIC.__CINEMATIC.__CINEMATIC.__CINEMATIC.__CINEMATIC.__CINEMATIC.mp4","1146817","False","0","","False","False","False","C:\Users\scott\soccer-video\out\atomic_clips\2025-09-20__TSC_vs_Greenwood"
"032__2025-09-20__TSC_vs_RVFC__BUILD_UP_PLAY_SHOT__t2034.00-t2057.00_portrait_POST","C:\Users\scott\soccer-video\out\atomic_clips\2025-09-20__TSC_vs_RVFC\032__2025-09-20__TSC_vs_RVFC__BUILD_UP_PLAY_SHOT__t2034.00-t2057.00_portrait_POST.mp4","33807722","False","0","","False","False","False","C:\Users\scott\soccer-video\out\atomic_clips\2025-09-20__TSC_vs_RVFC"
"032__2025-09-20__TSC_vs_RVFC__BUILD_UP_PLAY_SHOT__t2034.00-t2057.00_portrait_POST.__CINEMATIC","C:\Users\scott\soccer-video\out\atomic_clips\2025-09-20__TSC_vs_RVFC\032__2025-09-20__TSC_vs_RVFC__BUILD_UP_PLAY_SHOT__t2034.00-t2057.00_portrait_POST.__CINEMATIC.mp4","13768913","False","0","","False","False","False","C:\Users\scott\soccer-video\out\atomic_clips\2025-09-20__TSC_vs_RVFC"
"032__2025-09-20__TSC_vs_RVFC__BUILD_UP_PLAY_SHOT__t2034.00-t2057.00_portrait_POST.__CINEMATIC.__CINEMATIC","C:\Users\scott\soccer-video\out\atomic_clips\2025-09-20__TSC_vs_RVFC\032__2025-09-20__TSC_vs_RVFC__BUILD_UP_PLAY_SHOT__t2034.00-t2057.00_portrait_POST.__CINEMATIC.__CINEMATIC.mp4","10503386","False","0","","False","False","False","C:\Users\scott\soccer-video\out\atomic_clips\2025-09-20__TSC_vs_RVFC"
"032__2025-09-20__TSC_vs_RVFC__BUILD_UP_PLAY_SHOT__t2034.00-t2057.00_portrait_POST.__CINEMATIC.__CINEMATIC.__CINEMATIC","C:\Users\scott\soccer-video\out\atomic_clips\2025-09-20__TSC_vs_RVFC\032__2025-09-20__TSC_vs_RVFC__BUILD_UP_PLAY_SHOT__t2034.00-t2057.00_portrait_POST.__CINEMATIC.__CINEMATIC.__CINEMATIC.mp4","8680352","False","0","","False","False","False","C:\Users\scott\soccer-video\out\atomic_clips\2025-09-20__TSC_vs_RVFC"
"032__2025-09-20__TSC_vs_RVFC__BUILD_UP_PLAY_SHOT__t2034.00-t2057.00_portrait_POST.__CINEMATIC.__CINEMATIC.__CINEMATIC.__CINEMATIC","C:\Users\scott\soccer-video\out\atomic_clips\2025-09-20__TSC_vs_RVFC\032__2025-09-20__TSC_vs_RVFC__BUILD_UP_PLAY_SHOT__t2034.00-t2057.00_portrait_POST.__CINEMATIC.__CINEMATIC.__CINEMATIC.__CINEMATIC.mp4","6848428","False","0","","False","False","False","C:\Users\scott\soccer-video\out\atomic_clips\2025-09-20__TSC_vs_RVFC"
"032__2025-09-20__TSC_vs_RVFC__BUILD_UP_PLAY_SHOT__t2034.00-t2057.00_portrait_POST.__CINEMATIC.__CINEMATIC.__CINEMATIC.__CINEMATIC.__CINEMATIC","C:\Users\scott\soccer-video\out\atomic_clips\2025-09-20__TSC_vs_RVFC\032__2025-09-20__TSC_vs_RVFC__BUILD_UP_PLAY_SHOT__t2034.00-t2057.00_portrait_POST.__CINEMATIC.__CINEMATIC.__CINEMATIC.__CINEMATIC.__CINEMATIC.mp4","3047227","False","0","","False","False","False","C:\Users\scott\soccer-video\out\atomic_clips\2025-09-20__TSC_vs_RVFC"
"032__2025-09-20__TSC_vs_RVFC__BUILD_UP_PLAY_SHOT__t2034.00-t2057.00_portrait_POST.__CINEMATIC.__CINEMATIC.__CINEMATIC.__CINEMATIC.__CINEMATIC.__CINEMATIC","C:\Users\scott\soccer-video\out\atomic_clips\2025-09-20__TSC_vs_RVFC\032__2025-09-20__TSC_vs_RVFC__BUILD_UP_PLAY_SHOT__t2034.00-t2057.00_portrait_POST.__CINEMATIC.__CINEMATIC.__CINEMATIC.__CINEMATIC.__CINEMATIC.__CINEMATIC.mp4","1457226","False","0","","False","False","False","C:\Users\scott\soccer-video\out\atomic_clips\2025-09-20__TSC_vs_RVFC"
"032__2025-09-20__TSC_vs_RVFC__BUILD_UP_PLAY_SHOT__t2034.00-t2057.00_portrait_POST.__CINEMATIC.__CINEMATIC.__CINEMATIC.__CINEMATIC.__CINEMATIC.__CINEMATIC.__CINEMATIC","C:\Users\scott\soccer-video\out\atomic_clips\2025-09-20__TSC_vs_RVFC\032__2025-09-20__TSC_vs_RVFC__BUILD_UP_PLAY_SHOT__t2034.00-t2057.00_portrait_POST.__CINEMATIC.__CINEMATIC.__CINEMATIC.__CINEMATIC.__CINEMATIC.__CINEMATIC.__CINEMATIC.mp4","1228313","False","0","","False","False","False","C:\Users\scott\soccer-video\out\atomic_clips\2025-09-20__TSC_vs_RVFC"
"033__2025-09-20__TSC_vs_Greenwood__GOAL__t2562.00-t2582.00_portrait_POST","C:\Users\scott\soccer-video\out\atomic_clips\2025-09-20__TSC_vs_Greenwood\033__2025-09-20__TSC_vs_Greenwood__GOAL__t2562.00-t2582.00_portrait_POST.mp4","34049523","False","0","","False","False","False","C:\Users\scott\soccer-video\out\atomic_clips\2025-09-20__TSC_vs_Greenwood"
"033__2025-09-20__TSC_vs_Greenwood__GOAL__t2562.00-t2582.00_portrait_POST.__CINEMATIC","C:\Users\scott\soccer-video\out\atomic_clips\2025-09-20__TSC_vs_Greenwood\033__2025-09-20__TSC_vs_Greenwood__GOAL__t2562.00-t2582.00_portrait_POST.__CINEMATIC.mp4","13538741","False","0","","False","False","False","C:\Users\scott\soccer-video\out\atomic_clips\2025-09-20__TSC_vs_Greenwood"
"033__2025-09-20__TSC_vs_Greenwood__GOAL__t2562.00-t2582.00_portrait_POST.__CINEMATIC.__CINEMATIC","C:\Users\scott\soccer-video\out\atomic_clips\2025-09-20__TSC_vs_Greenwood\033__2025-09-20__TSC_vs_Greenwood__GOAL__t2562.00-t2582.00_portrait_POST.__CINEMATIC.__CINEMATIC.mp4","10203633","False","0","","False","False","False","C:\Users\scott\soccer-video\out\atomic_clips\2025-09-20__TSC_vs_Greenwood"
"033__2025-09-20__TSC_vs_Greenwood__GOAL__t2562.00-t2582.00_portrait_POST.__CINEMATIC.__CINEMATIC.__CINEMATIC","C:\Users\scott\soccer-video\out\atomic_clips\2025-09-20__TSC_vs_Greenwood\033__2025-09-20__TSC_vs_Greenwood__GOAL__t2562.00-t2582.00_portrait_POST.__CINEMATIC.__CINEMATIC.__CINEMATIC.mp4","8499625","False","0","","False","False","False","C:\Users\scott\soccer-video\out\atomic_clips\2025-09-20__TSC_vs_Greenwood"
"033__2025-09-20__TSC_vs_Greenwood__GOAL__t2562.00-t2582.00_portrait_POST.__CINEMATIC.__CINEMATIC.__CINEMATIC.__CINEMATIC","C:\Users\scott\soccer-video\out\atomic_clips\2025-09-20__TSC_vs_Greenwood\033__2025-09-20__TSC_vs_Greenwood__GOAL__t2562.00-t2582.00_portrait_POST.__CINEMATIC.__CINEMATIC.__CINEMATIC.__CINEMATIC.mp4","6804764","False","0","","False","False","False","C:\Users\scott\soccer-video\out\atomic_clips\2025-09-20__TSC_vs_Greenwood"
"033__2025-09-20__TSC_vs_Greenwood__GOAL__t2562.00-t2582.00_portrait_POST.__CINEMATIC.__CINEMATIC.__CINEMATIC.__CINEMATIC.__CINEMATIC","C:\Users\scott\soccer-video\out\atomic_clips\2025-09-20__TSC_vs_Greenwood\033__2025-09-20__TSC_vs_Greenwood__GOAL__t2562.00-t2582.00_portrait_POST.__CINEMATIC.__CINEMATIC.__CINEMATIC.__CINEMATIC.__CINEMATIC.mp4","3085792","False","0","","False","False","False","C:\Users\scott\soccer-video\out\atomic_clips\2025-09-20__TSC_vs_Greenwood"
"033__2025-09-20__TSC_vs_Greenwood__GOAL__t2562.00-t2582.00_portrait_POST.__CINEMATIC.__CINEMATIC.__CINEMATIC.__CINEMATIC.__CINEMATIC.__CINEMATIC","C:\Users\scott\soccer-video\out\atomic_clips\2025-09-20__TSC_vs_Greenwood\033__2025-09-20__TSC_vs_Greenwood__GOAL__t2562.00-t2582.00_portrait_POST.__CINEMATIC.__CINEMATIC.__CINEMATIC.__CINEMATIC.__CINEMATIC.__CINEMATIC.mp4","1483242","False","0","","False","False","False","C:\Users\scott\soccer-video\out\atomic_clips\2025-09-20__TSC_vs_Greenwood"
"033__2025-09-20__TSC_vs_Greenwood__GOAL__t2562.00-t2582.00_portrait_POST.__CINEMATIC.__CINEMATIC.__CINEMATIC.__CINEMATIC.__CINEMATIC.__CINEMATIC.__CINEMATIC","C:\Users\scott\soccer-video\out\atomic_clips\2025-09-20__TSC_vs_Greenwood\033__2025-09-20__TSC_vs_Greenwood__GOAL__t2562.00-t2582.00_portrait_POST.__CINEMATIC.__CINEMATIC.__CINEMATIC.__CINEMATIC.__CINEMATIC.__CINEMATIC.__CINEMATIC.mp4","1222497","False","0","","False","False","False","C:\Users\scott\soccer-video\out\atomic_clips\2025-09-20__TSC_vs_Greenwood"
"033__2025-09-20__TSC_vs_RVFC__BUILD_UP_PLAY_SHOT__t2131.00-t2150.00_portrait_POST","C:\Users\scott\soccer-video\out\atomic_clips\2025-09-20__TSC_vs_RVFC\033__2025-09-20__TSC_vs_RVFC__BUILD_UP_PLAY_SHOT__t2131.00-t2150.00_portrait_POST.mp4","27605501","False","0","","False","False","False","C:\Users\scott\soccer-video\out\atomic_clips\2025-09-20__TSC_vs_RVFC"
"033__2025-09-20__TSC_vs_RVFC__BUILD_UP_PLAY_SHOT__t2131.00-t2150.00_portrait_POST.__CINEMATIC","C:\Users\scott\soccer-video\out\atomic_clips\2025-09-20__TSC_vs_RVFC\033__2025-09-20__TSC_vs_RVFC__BUILD_UP_PLAY_SHOT__t2131.00-t2150.00_portrait_POST.__CINEMATIC.mp4","11987563","False","0","","False","False","False","C:\Users\scott\soccer-video\out\atomic_clips\2025-09-20__TSC_vs_RVFC"
"033__2025-09-20__TSC_vs_RVFC__BUILD_UP_PLAY_SHOT__t2131.00-t2150.00_portrait_POST.__CINEMATIC.__CINEMATIC","C:\Users\scott\soccer-video\out\atomic_clips\2025-09-20__TSC_vs_RVFC\033__2025-09-20__TSC_vs_RVFC__BUILD_UP_PLAY_SHOT__t2131.00-t2150.00_portrait_POST.__CINEMATIC.__CINEMATIC.mp4","9095433","False","0","","False","False","False","C:\Users\scott\soccer-video\out\atomic_clips\2025-09-20__TSC_vs_RVFC"
"033__2025-09-20__TSC_vs_RVFC__BUILD_UP_PLAY_SHOT__t2131.00-t2150.00_portrait_POST.__CINEMATIC.__CINEMATIC.__CINEMATIC","C:\Users\scott\soccer-video\out\atomic_clips\2025-09-20__TSC_vs_RVFC\033__2025-09-20__TSC_vs_RVFC__BUILD_UP_PLAY_SHOT__t2131.00-t2150.00_portrait_POST.__CINEMATIC.__CINEMATIC.__CINEMATIC.mp4","7226526","False","0","","False","False","False","C:\Users\scott\soccer-video\out\atomic_clips\2025-09-20__TSC_vs_RVFC"
"033__2025-09-20__TSC_vs_RVFC__BUILD_UP_PLAY_SHOT__t2131.00-t2150.00_portrait_POST.__CINEMATIC.__CINEMATIC.__CINEMATIC.__CINEMATIC","C:\Users\scott\soccer-video\out\atomic_clips\2025-09-20__TSC_vs_RVFC\033__2025-09-20__TSC_vs_RVFC__BUILD_UP_PLAY_SHOT__t2131.00-t2150.00_portrait_POST.__CINEMATIC.__CINEMATIC.__CINEMATIC.__CINEMATIC.mp4","5653165","False","0","","False","False","False","C:\Users\scott\soccer-video\out\atomic_clips\2025-09-20__TSC_vs_RVFC"
"033__2025-09-20__TSC_vs_RVFC__BUILD_UP_PLAY_SHOT__t2131.00-t2150.00_portrait_POST.__CINEMATIC.__CINEMATIC.__CINEMATIC.__CINEMATIC.__CINEMATIC","C:\Users\scott\soccer-video\out\atomic_clips\2025-09-20__TSC_vs_RVFC\033__2025-09-20__TSC_vs_RVFC__BUILD_UP_PLAY_SHOT__t2131.00-t2150.00_portrait_POST.__CINEMATIC.__CINEMATIC.__CINEMATIC.__CINEMATIC.__CINEMATIC.mp4","2645457","False","0","","False","False","False","C:\Users\scott\soccer-video\out\atomic_clips\2025-09-20__TSC_vs_RVFC"
"033__2025-09-20__TSC_vs_RVFC__BUILD_UP_PLAY_SHOT__t2131.00-t2150.00_portrait_POST.__CINEMATIC.__CINEMATIC.__CINEMATIC.__CINEMATIC.__CINEMATIC.__CINEMATIC","C:\Users\scott\soccer-video\out\atomic_clips\2025-09-20__TSC_vs_RVFC\033__2025-09-20__TSC_vs_RVFC__BUILD_UP_PLAY_SHOT__t2131.00-t2150.00_portrait_POST.__CINEMATIC.__CINEMATIC.__CINEMATIC.__CINEMATIC.__CINEMATIC.__CINEMATIC.mp4","1357308","False","0","","False","False","False","C:\Users\scott\soccer-video\out\atomic_clips\2025-09-20__TSC_vs_RVFC"
"033__2025-09-20__TSC_vs_RVFC__BUILD_UP_PLAY_SHOT__t2131.00-t2150.00_portrait_POST.__CINEMATIC.__CINEMATIC.__CINEMATIC.__CINEMATIC.__CINEMATIC.__CINEMATIC.__CINEMATIC","C:\Users\scott\soccer-video\out\atomic_clips\2025-09-20__TSC_vs_RVFC\033__2025-09-20__TSC_vs_RVFC__BUILD_UP_PLAY_SHOT__t2131.00-t2150.00_portrait_POST.__CINEMATIC.__CINEMATIC.__CINEMATIC.__CINEMATIC.__CINEMATIC.__CINEMATIC.__CINEMATIC.mp4","1155654","False","0","","False","False","False","C:\Users\scott\soccer-video\out\atomic_clips\2025-09-20__TSC_vs_RVFC"
"034__2025-09-20__TSC_vs_Greenwood__PRESSURE_SHOT__t2646.00-t2665.00_portrait_POST","C:\Users\scott\soccer-video\out\atomic_clips\2025-09-20__TSC_vs_Greenwood\034__2025-09-20__TSC_vs_Greenwood__PRESSURE_SHOT__t2646.00-t2665.00_portrait_POST.mp4","33969754","False","0","","False","False","False","C:\Users\scott\soccer-video\out\atomic_clips\2025-09-20__TSC_vs_Greenwood"
"034__2025-09-20__TSC_vs_Greenwood__PRESSURE_SHOT__t2646.00-t2665.00_portrait_POST.__CINEMATIC","C:\Users\scott\soccer-video\out\atomic_clips\2025-09-20__TSC_vs_Greenwood\034__2025-09-20__TSC_vs_Greenwood__PRESSURE_SHOT__t2646.00-t2665.00_portrait_POST.__CINEMATIC.mp4","12350672","False","0","","False","False","False","C:\Users\scott\soccer-video\out\atomic_clips\2025-09-20__TSC_vs_Greenwood"
"034__2025-09-20__TSC_vs_Greenwood__PRESSURE_SHOT__t2646.00-t2665.00_portrait_POST.__CINEMATIC.__CINEMATIC","C:\Users\scott\soccer-video\out\atomic_clips\2025-09-20__TSC_vs_Greenwood\034__2025-09-20__TSC_vs_Greenwood__PRESSURE_SHOT__t2646.00-t2665.00_portrait_POST.__CINEMATIC.__CINEMATIC.mp4","9217658","False","0","","False","False","False","C:\Users\scott\soccer-video\out\atomic_clips\2025-09-20__TSC_vs_Greenwood"
"034__2025-09-20__TSC_vs_Greenwood__PRESSURE_SHOT__t2646.00-t2665.00_portrait_POST.__CINEMATIC.__CINEMATIC.__CINEMATIC","C:\Users\scott\soccer-video\out\atomic_clips\2025-09-20__TSC_vs_Greenwood\034__2025-09-20__TSC_vs_Greenwood__PRESSURE_SHOT__t2646.00-t2665.00_portrait_POST.__CINEMATIC.__CINEMATIC.__CINEMATIC.mp4","8294275","False","0","","False","False","False","C:\Users\scott\soccer-video\out\atomic_clips\2025-09-20__TSC_vs_Greenwood"
"034__2025-09-20__TSC_vs_Greenwood__PRESSURE_SHOT__t2646.00-t2665.00_portrait_POST.__CINEMATIC.__CINEMATIC.__CINEMATIC.__CINEMATIC","C:\Users\scott\soccer-video\out\atomic_clips\2025-09-20__TSC_vs_Greenwood\034__2025-09-20__TSC_vs_Greenwood__PRESSURE_SHOT__t2646.00-t2665.00_portrait_POST.__CINEMATIC.__CINEMATIC.__CINEMATIC.__CINEMATIC.mp4","7414406","False","0","","False","False","False","C:\Users\scott\soccer-video\out\atomic_clips\2025-09-20__TSC_vs_Greenwood"
"034__2025-09-20__TSC_vs_Greenwood__PRESSURE_SHOT__t2646.00-t2665.00_portrait_POST.__CINEMATIC.__CINEMATIC.__CINEMATIC.__CINEMATIC.__CINEMATIC","C:\Users\scott\soccer-video\out\atomic_clips\2025-09-20__TSC_vs_Greenwood\034__2025-09-20__TSC_vs_Greenwood__PRESSURE_SHOT__t2646.00-t2665.00_portrait_POST.__CINEMATIC.__CINEMATIC.__CINEMATIC.__CINEMATIC.__CINEMATIC.mp4","3475628","False","0","","False","False","False","C:\Users\scott\soccer-video\out\atomic_clips\2025-09-20__TSC_vs_Greenwood"
"034__2025-09-20__TSC_vs_Greenwood__PRESSURE_SHOT__t2646.00-t2665.00_portrait_POST.__CINEMATIC.__CINEMATIC.__CINEMATIC.__CINEMATIC.__CINEMATIC.__CINEMATIC","C:\Users\scott\soccer-video\out\atomic_clips\2025-09-20__TSC_vs_Greenwood\034__2025-09-20__TSC_vs_Greenwood__PRESSURE_SHOT__t2646.00-t2665.00_portrait_POST.__CINEMATIC.__CINEMATIC.__CINEMATIC.__CINEMATIC.__CINEMATIC.__CINEMATIC.mp4","1488995","False","0","","False","False","False","C:\Users\scott\soccer-video\out\atomic_clips\2025-09-20__TSC_vs_Greenwood"
"034__2025-09-20__TSC_vs_Greenwood__PRESSURE_SHOT__t2646.00-t2665.00_portrait_POST.__CINEMATIC.__CINEMATIC.__CINEMATIC.__CINEMATIC.__CINEMATIC.__CINEMATIC.__CINEMATIC","C:\Users\scott\soccer-video\out\atomic_clips\2025-09-20__TSC_vs_Greenwood\034__2025-09-20__TSC_vs_Greenwood__PRESSURE_SHOT__t2646.00-t2665.00_portrait_POST.__CINEMATIC.__CINEMATIC.__CINEMATIC.__CINEMATIC.__CINEMATIC.__CINEMATIC.__CINEMATIC.mp4","1130916","False","0","","False","False","False","C:\Users\scott\soccer-video\out\atomic_clips\2025-09-20__TSC_vs_Greenwood"
"034__2025-09-20__TSC_vs_RVFC__PRESSURE_GOAL__t2158.00-t2169.00_portrait_POST","C:\Users\scott\soccer-video\out\atomic_clips\2025-09-20__TSC_vs_RVFC\034__2025-09-20__TSC_vs_RVFC__PRESSURE_GOAL__t2158.00-t2169.00_portrait_POST.mp4","19582763","False","0","","False","False","False","C:\Users\scott\soccer-video\out\atomic_clips\2025-09-20__TSC_vs_RVFC"
"034__2025-09-20__TSC_vs_RVFC__PRESSURE_GOAL__t2158.00-t2169.00_portrait_POST.__CINEMATIC","C:\Users\scott\soccer-video\out\atomic_clips\2025-09-20__TSC_vs_RVFC\034__2025-09-20__TSC_vs_RVFC__PRESSURE_GOAL__t2158.00-t2169.00_portrait_POST.__CINEMATIC.mp4","7830420","False","0","","False","False","False","C:\Users\scott\soccer-video\out\atomic_clips\2025-09-20__TSC_vs_RVFC"
"034__2025-09-20__TSC_vs_RVFC__PRESSURE_GOAL__t2158.00-t2169.00_portrait_POST.__CINEMATIC.__CINEMATIC","C:\Users\scott\soccer-video\out\atomic_clips\2025-09-20__TSC_vs_RVFC\034__2025-09-20__TSC_vs_RVFC__PRESSURE_GOAL__t2158.00-t2169.00_portrait_POST.__CINEMATIC.__CINEMATIC.mp4","5829599","False","0","","False","False","False","C:\Users\scott\soccer-video\out\atomic_clips\2025-09-20__TSC_vs_RVFC"
"034__2025-09-20__TSC_vs_RVFC__PRESSURE_GOAL__t2158.00-t2169.00_portrait_POST.__CINEMATIC.__CINEMATIC.__CINEMATIC","C:\Users\scott\soccer-video\out\atomic_clips\2025-09-20__TSC_vs_RVFC\034__2025-09-20__TSC_vs_RVFC__PRESSURE_GOAL__t2158.00-t2169.00_portrait_POST.__CINEMATIC.__CINEMATIC.__CINEMATIC.mp4","5057670","False","0","","False","False","False","C:\Users\scott\soccer-video\out\atomic_clips\2025-09-20__TSC_vs_RVFC"
"034__2025-09-20__TSC_vs_RVFC__PRESSURE_GOAL__t2158.00-t2169.00_portrait_POST.__CINEMATIC.__CINEMATIC.__CINEMATIC.__CINEMATIC","C:\Users\scott\soccer-video\out\atomic_clips\2025-09-20__TSC_vs_RVFC\034__2025-09-20__TSC_vs_RVFC__PRESSURE_GOAL__t2158.00-t2169.00_portrait_POST.__CINEMATIC.__CINEMATIC.__CINEMATIC.__CINEMATIC.mp4","4633875","False","0","","False","False","False","C:\Users\scott\soccer-video\out\atomic_clips\2025-09-20__TSC_vs_RVFC"
"034__2025-09-20__TSC_vs_RVFC__PRESSURE_GOAL__t2158.00-t2169.00_portrait_POST.__CINEMATIC.__CINEMATIC.__CINEMATIC.__CINEMATIC.__CINEMATIC","C:\Users\scott\soccer-video\out\atomic_clips\2025-09-20__TSC_vs_RVFC\034__2025-09-20__TSC_vs_RVFC__PRESSURE_GOAL__t2158.00-t2169.00_portrait_POST.__CINEMATIC.__CINEMATIC.__CINEMATIC.__CINEMATIC.__CINEMATIC.mp4","2910278","False","0","","False","False","False","C:\Users\scott\soccer-video\out\atomic_clips\2025-09-20__TSC_vs_RVFC"
"034__2025-09-20__TSC_vs_RVFC__PRESSURE_GOAL__t2158.00-t2169.00_portrait_POST.__CINEMATIC.__CINEMATIC.__CINEMATIC.__CINEMATIC.__CINEMATIC.__CINEMATIC","C:\Users\scott\soccer-video\out\atomic_clips\2025-09-20__TSC_vs_RVFC\034__2025-09-20__TSC_vs_RVFC__PRESSURE_GOAL__t2158.00-t2169.00_portrait_POST.__CINEMATIC.__CINEMATIC.__CINEMATIC.__CINEMATIC.__CINEMATIC.__CINEMATIC.mp4","1305262","False","0","","False","False","False","C:\Users\scott\soccer-video\out\atomic_clips\2025-09-20__TSC_vs_RVFC"
"034__2025-09-20__TSC_vs_RVFC__PRESSURE_GOAL__t2158.00-t2169.00_portrait_POST.__CINEMATIC.__CINEMATIC.__CINEMATIC.__CINEMATIC.__CINEMATIC.__CINEMATIC.__CINEMATIC","C:\Users\scott\soccer-video\out\atomic_clips\2025-09-20__TSC_vs_RVFC\034__2025-09-20__TSC_vs_RVFC__PRESSURE_GOAL__t2158.00-t2169.00_portrait_POST.__CINEMATIC.__CINEMATIC.__CINEMATIC.__CINEMATIC.__CINEMATIC.__CINEMATIC.__CINEMATIC.mp4","967961","False","0","","False","False","False","C:\Users\scott\soccer-video\out\atomic_clips\2025-09-20__TSC_vs_RVFC"
"035__2025-09-20__TSC_vs_Greenwood__CORNER__t2687.00-t2701.00_portrait_POST","C:\Users\scott\soccer-video\out\atomic_clips\2025-09-20__TSC_vs_Greenwood\035__2025-09-20__TSC_vs_Greenwood__CORNER__t2687.00-t2701.00_portrait_POST.mp4","24187728","False","0","","False","False","False","C:\Users\scott\soccer-video\out\atomic_clips\2025-09-20__TSC_vs_Greenwood"
"035__2025-09-20__TSC_vs_Greenwood__CORNER__t2687.00-t2701.00_portrait_POST.__CINEMATIC","C:\Users\scott\soccer-video\out\atomic_clips\2025-09-20__TSC_vs_Greenwood\035__2025-09-20__TSC_vs_Greenwood__CORNER__t2687.00-t2701.00_portrait_POST.__CINEMATIC.mp4","9426676","False","0","","False","False","False","C:\Users\scott\soccer-video\out\atomic_clips\2025-09-20__TSC_vs_Greenwood"
"035__2025-09-20__TSC_vs_Greenwood__CORNER__t2687.00-t2701.00_portrait_POST.__CINEMATIC.__CINEMATIC","C:\Users\scott\soccer-video\out\atomic_clips\2025-09-20__TSC_vs_Greenwood\035__2025-09-20__TSC_vs_Greenwood__CORNER__t2687.00-t2701.00_portrait_POST.__CINEMATIC.__CINEMATIC.mp4","7049640","False","0","","False","False","False","C:\Users\scott\soccer-video\out\atomic_clips\2025-09-20__TSC_vs_Greenwood"
"035__2025-09-20__TSC_vs_Greenwood__CORNER__t2687.00-t2701.00_portrait_POST.__CINEMATIC.__CINEMATIC.__CINEMATIC","C:\Users\scott\soccer-video\out\atomic_clips\2025-09-20__TSC_vs_Greenwood\035__2025-09-20__TSC_vs_Greenwood__CORNER__t2687.00-t2701.00_portrait_POST.__CINEMATIC.__CINEMATIC.__CINEMATIC.mp4","6273791","False","0","","False","False","False","C:\Users\scott\soccer-video\out\atomic_clips\2025-09-20__TSC_vs_Greenwood"
"035__2025-09-20__TSC_vs_Greenwood__CORNER__t2687.00-t2701.00_portrait_POST.__CINEMATIC.__CINEMATIC.__CINEMATIC.__CINEMATIC","C:\Users\scott\soccer-video\out\atomic_clips\2025-09-20__TSC_vs_Greenwood\035__2025-09-20__TSC_vs_Greenwood__CORNER__t2687.00-t2701.00_portrait_POST.__CINEMATIC.__CINEMATIC.__CINEMATIC.__CINEMATIC.mp4","5372261","False","0","","False","False","False","C:\Users\scott\soccer-video\out\atomic_clips\2025-09-20__TSC_vs_Greenwood"
"035__2025-09-20__TSC_vs_Greenwood__CORNER__t2687.00-t2701.00_portrait_POST.__CINEMATIC.__CINEMATIC.__CINEMATIC.__CINEMATIC.__CINEMATIC","C:\Users\scott\soccer-video\out\atomic_clips\2025-09-20__TSC_vs_Greenwood\035__2025-09-20__TSC_vs_Greenwood__CORNER__t2687.00-t2701.00_portrait_POST.__CINEMATIC.__CINEMATIC.__CINEMATIC.__CINEMATIC.__CINEMATIC.mp4","2594493","False","0","","False","False","False","C:\Users\scott\soccer-video\out\atomic_clips\2025-09-20__TSC_vs_Greenwood"
"035__2025-09-20__TSC_vs_Greenwood__CORNER__t2687.00-t2701.00_portrait_POST.__CINEMATIC.__CINEMATIC.__CINEMATIC.__CINEMATIC.__CINEMATIC.__CINEMATIC","C:\Users\scott\soccer-video\out\atomic_clips\2025-09-20__TSC_vs_Greenwood\035__2025-09-20__TSC_vs_Greenwood__CORNER__t2687.00-t2701.00_portrait_POST.__CINEMATIC.__CINEMATIC.__CINEMATIC.__CINEMATIC.__CINEMATIC.__CINEMATIC.mp4","1173142","False","0","","False","False","False","C:\Users\scott\soccer-video\out\atomic_clips\2025-09-20__TSC_vs_Greenwood"
"035__2025-09-20__TSC_vs_Greenwood__CORNER__t2687.00-t2701.00_portrait_POST.__CINEMATIC.__CINEMATIC.__CINEMATIC.__CINEMATIC.__CINEMATIC.__CINEMATIC.__CINEMATIC","C:\Users\scott\soccer-video\out\atomic_clips\2025-09-20__TSC_vs_Greenwood\035__2025-09-20__TSC_vs_Greenwood__CORNER__t2687.00-t2701.00_portrait_POST.__CINEMATIC.__CINEMATIC.__CINEMATIC.__CINEMATIC.__CINEMATIC.__CINEMATIC.__CINEMATIC.mp4","939790","False","0","","False","False","False","C:\Users\scott\soccer-video\out\atomic_clips\2025-09-20__TSC_vs_Greenwood"
"035__2025-09-20__TSC_vs_RVFC__BUILD_UP_PLAY_SHOT__t2297.00-t2312.00_portrait_POST","C:\Users\scott\soccer-video\out\atomic_clips\2025-09-20__TSC_vs_RVFC\035__2025-09-20__TSC_vs_RVFC__BUILD_UP_PLAY_SHOT__t2297.00-t2312.00_portrait_POST.mp4","23325776","False","0","","False","False","False","C:\Users\scott\soccer-video\out\atomic_clips\2025-09-20__TSC_vs_RVFC"
"035__2025-09-20__TSC_vs_RVFC__BUILD_UP_PLAY_SHOT__t2297.00-t2312.00_portrait_POST.__CINEMATIC","C:\Users\scott\soccer-video\out\atomic_clips\2025-09-20__TSC_vs_RVFC\035__2025-09-20__TSC_vs_RVFC__BUILD_UP_PLAY_SHOT__t2297.00-t2312.00_portrait_POST.__CINEMATIC.mp4","8423072","False","0","","False","False","False","C:\Users\scott\soccer-video\out\atomic_clips\2025-09-20__TSC_vs_RVFC"
"035__2025-09-20__TSC_vs_RVFC__BUILD_UP_PLAY_SHOT__t2297.00-t2312.00_portrait_POST.__CINEMATIC.__CINEMATIC","C:\Users\scott\soccer-video\out\atomic_clips\2025-09-20__TSC_vs_RVFC\035__2025-09-20__TSC_vs_RVFC__BUILD_UP_PLAY_SHOT__t2297.00-t2312.00_portrait_POST.__CINEMATIC.__CINEMATIC.mp4","6506770","False","0","","False","False","False","C:\Users\scott\soccer-video\out\atomic_clips\2025-09-20__TSC_vs_RVFC"
"035__2025-09-20__TSC_vs_RVFC__BUILD_UP_PLAY_SHOT__t2297.00-t2312.00_portrait_POST.__CINEMATIC.__CINEMATIC.__CINEMATIC","C:\Users\scott\soccer-video\out\atomic_clips\2025-09-20__TSC_vs_RVFC\035__2025-09-20__TSC_vs_RVFC__BUILD_UP_PLAY_SHOT__t2297.00-t2312.00_portrait_POST.__CINEMATIC.__CINEMATIC.__CINEMATIC.mp4","5478947","False","0","","False","False","False","C:\Users\scott\soccer-video\out\atomic_clips\2025-09-20__TSC_vs_RVFC"
"035__2025-09-20__TSC_vs_RVFC__BUILD_UP_PLAY_SHOT__t2297.00-t2312.00_portrait_POST.__CINEMATIC.__CINEMATIC.__CINEMATIC.__CINEMATIC","C:\Users\scott\soccer-video\out\atomic_clips\2025-09-20__TSC_vs_RVFC\035__2025-09-20__TSC_vs_RVFC__BUILD_UP_PLAY_SHOT__t2297.00-t2312.00_portrait_POST.__CINEMATIC.__CINEMATIC.__CINEMATIC.__CINEMATIC.mp4","4675643","False","0","","False","False","False","C:\Users\scott\soccer-video\out\atomic_clips\2025-09-20__TSC_vs_RVFC"
"035__2025-09-20__TSC_vs_RVFC__BUILD_UP_PLAY_SHOT__t2297.00-t2312.00_portrait_POST.__CINEMATIC.__CINEMATIC.__CINEMATIC.__CINEMATIC.__CINEMATIC","C:\Users\scott\soccer-video\out\atomic_clips\2025-09-20__TSC_vs_RVFC\035__2025-09-20__TSC_vs_RVFC__BUILD_UP_PLAY_SHOT__t2297.00-t2312.00_portrait_POST.__CINEMATIC.__CINEMATIC.__CINEMATIC.__CINEMATIC.__CINEMATIC.mp4","2492439","False","0","","False","False","False","C:\Users\scott\soccer-video\out\atomic_clips\2025-09-20__TSC_vs_RVFC"
"035__2025-09-20__TSC_vs_RVFC__BUILD_UP_PLAY_SHOT__t2297.00-t2312.00_portrait_POST.__CINEMATIC.__CINEMATIC.__CINEMATIC.__CINEMATIC.__CINEMATIC.__CINEMATIC","C:\Users\scott\soccer-video\out\atomic_clips\2025-09-20__TSC_vs_RVFC\035__2025-09-20__TSC_vs_RVFC__BUILD_UP_PLAY_SHOT__t2297.00-t2312.00_portrait_POST.__CINEMATIC.__CINEMATIC.__CINEMATIC.__CINEMATIC.__CINEMATIC.__CINEMATIC.mp4","1351154","False","0","","False","False","False","C:\Users\scott\soccer-video\out\atomic_clips\2025-09-20__TSC_vs_RVFC"
"035__2025-09-20__TSC_vs_RVFC__BUILD_UP_PLAY_SHOT__t2297.00-t2312.00_portrait_POST.__CINEMATIC.__CINEMATIC.__CINEMATIC.__CINEMATIC.__CINEMATIC.__CINEMATIC.__CINEMATIC","C:\Users\scott\soccer-video\out\atomic_clips\2025-09-20__TSC_vs_RVFC\035__2025-09-20__TSC_vs_RVFC__BUILD_UP_PLAY_SHOT__t2297.00-t2312.00_portrait_POST.__CINEMATIC.__CINEMATIC.__CINEMATIC.__CINEMATIC.__CINEMATIC.__CINEMATIC.__CINEMATIC.mp4","1069211","False","0","","False","False","False","C:\Users\scott\soccer-video\out\atomic_clips\2025-09-20__TSC_vs_RVFC"
"036__2025-09-20__TSC_vs_Greenwood__PRESSURE_SHOT__t2705.00-t2715.00_portrait_POST","C:\Users\scott\soccer-video\out\atomic_clips\2025-09-20__TSC_vs_Greenwood\036__2025-09-20__TSC_vs_Greenwood__PRESSURE_SHOT__t2705.00-t2715.00_portrait_POST.mp4","18286651","False","0","","False","False","False","C:\Users\scott\soccer-video\out\atomic_clips\2025-09-20__TSC_vs_Greenwood"
"036__2025-09-20__TSC_vs_Greenwood__PRESSURE_SHOT__t2705.00-t2715.00_portrait_POST.__CINEMATIC","C:\Users\scott\soccer-video\out\atomic_clips\2025-09-20__TSC_vs_Greenwood\036__2025-09-20__TSC_vs_Greenwood__PRESSURE_SHOT__t2705.00-t2715.00_portrait_POST.__CINEMATIC.mp4","7479634","False","0","","False","False","False","C:\Users\scott\soccer-video\out\atomic_clips\2025-09-20__TSC_vs_Greenwood"
"036__2025-09-20__TSC_vs_Greenwood__PRESSURE_SHOT__t2705.00-t2715.00_portrait_POST.__CINEMATIC.__CINEMATIC","C:\Users\scott\soccer-video\out\atomic_clips\2025-09-20__TSC_vs_Greenwood\036__2025-09-20__TSC_vs_Greenwood__PRESSURE_SHOT__t2705.00-t2715.00_portrait_POST.__CINEMATIC.__CINEMATIC.mp4","5752679","False","0","","False","False","False","C:\Users\scott\soccer-video\out\atomic_clips\2025-09-20__TSC_vs_Greenwood"
"036__2025-09-20__TSC_vs_Greenwood__PRESSURE_SHOT__t2705.00-t2715.00_portrait_POST.__CINEMATIC.__CINEMATIC.__CINEMATIC","C:\Users\scott\soccer-video\out\atomic_clips\2025-09-20__TSC_vs_Greenwood\036__2025-09-20__TSC_vs_Greenwood__PRESSURE_SHOT__t2705.00-t2715.00_portrait_POST.__CINEMATIC.__CINEMATIC.__CINEMATIC.mp4","4850986","False","0","","False","False","False","C:\Users\scott\soccer-video\out\atomic_clips\2025-09-20__TSC_vs_Greenwood"
"036__2025-09-20__TSC_vs_Greenwood__PRESSURE_SHOT__t2705.00-t2715.00_portrait_POST.__CINEMATIC.__CINEMATIC.__CINEMATIC.__CINEMATIC","C:\Users\scott\soccer-video\out\atomic_clips\2025-09-20__TSC_vs_Greenwood\036__2025-09-20__TSC_vs_Greenwood__PRESSURE_SHOT__t2705.00-t2715.00_portrait_POST.__CINEMATIC.__CINEMATIC.__CINEMATIC.__CINEMATIC.mp4","4002864","False","0","","False","False","False","C:\Users\scott\soccer-video\out\atomic_clips\2025-09-20__TSC_vs_Greenwood"
"036__2025-09-20__TSC_vs_Greenwood__PRESSURE_SHOT__t2705.00-t2715.00_portrait_POST.__CINEMATIC.__CINEMATIC.__CINEMATIC.__CINEMATIC.__CINEMATIC","C:\Users\scott\soccer-video\out\atomic_clips\2025-09-20__TSC_vs_Greenwood\036__2025-09-20__TSC_vs_Greenwood__PRESSURE_SHOT__t2705.00-t2715.00_portrait_POST.__CINEMATIC.__CINEMATIC.__CINEMATIC.__CINEMATIC.__CINEMATIC.mp4","2094825","False","0","","False","False","False","C:\Users\scott\soccer-video\out\atomic_clips\2025-09-20__TSC_vs_Greenwood"
"036__2025-09-20__TSC_vs_Greenwood__PRESSURE_SHOT__t2705.00-t2715.00_portrait_POST.__CINEMATIC.__CINEMATIC.__CINEMATIC.__CINEMATIC.__CINEMATIC.__CINEMATIC","C:\Users\scott\soccer-video\out\atomic_clips\2025-09-20__TSC_vs_Greenwood\036__2025-09-20__TSC_vs_Greenwood__PRESSURE_SHOT__t2705.00-t2715.00_portrait_POST.__CINEMATIC.__CINEMATIC.__CINEMATIC.__CINEMATIC.__CINEMATIC.__CINEMATIC.mp4","1026833","False","0","","False","False","False","C:\Users\scott\soccer-video\out\atomic_clips\2025-09-20__TSC_vs_Greenwood"
"036__2025-09-20__TSC_vs_Greenwood__PRESSURE_SHOT__t2705.00-t2715.00_portrait_POST.__CINEMATIC.__CINEMATIC.__CINEMATIC.__CINEMATIC.__CINEMATIC.__CINEMATIC.__CINEMATIC","C:\Users\scott\soccer-video\out\atomic_clips\2025-09-20__TSC_vs_Greenwood\036__2025-09-20__TSC_vs_Greenwood__PRESSURE_SHOT__t2705.00-t2715.00_portrait_POST.__CINEMATIC.__CINEMATIC.__CINEMATIC.__CINEMATIC.__CINEMATIC.__CINEMATIC.__CINEMATIC.mp4","807867","False","0","","False","False","False","C:\Users\scott\soccer-video\out\atomic_clips\2025-09-20__TSC_vs_Greenwood"
"036__2025-09-20__TSC_vs_Greenwood__PRESSURE_SHOT__t3906000.00-t3942000.00","C:\Users\scott\soccer-video\out\atomic_clips\_quarantine\036__2025-09-20__TSC_vs_Greenwood__PRESSURE_SHOT__t3906000.00-t3942000.00.mp4","3039710","False","0","","False","False","False","C:\Users\scott\soccer-video\out\atomic_clips\_quarantine"
"036__2025-09-20__TSC_vs_Greenwood__PRESSURE_SHOT__t3906000.00-t3942000.00.__CINEMATIC","C:\Users\scott\soccer-video\out\atomic_clips\_quarantine\036__2025-09-20__TSC_vs_Greenwood__PRESSURE_SHOT__t3906000.00-t3942000.00.__CINEMATIC.mp4","1480254","False","0","","False","False","False","C:\Users\scott\soccer-video\out\atomic_clips\_quarantine"
"036__2025-09-20__TSC_vs_Greenwood__PRESSURE_SHOT__t3906000.00-t3942000.00.__CINEMATIC.__CINEMATIC","C:\Users\scott\soccer-video\out\atomic_clips\_quarantine\036__2025-09-20__TSC_vs_Greenwood__PRESSURE_SHOT__t3906000.00-t3942000.00.__CINEMATIC.__CINEMATIC.mp4","1132846","False","0","","False","False","False","C:\Users\scott\soccer-video\out\atomic_clips\_quarantine"
"036__2025-09-20__TSC_vs_Greenwood__PRESSURE_SHOT__t3906000.00-t3942000.00.__CINEMATIC.__CINEMATIC.__CINEMATIC","C:\Users\scott\soccer-video\out\atomic_clips\_quarantine\036__2025-09-20__TSC_vs_Greenwood__PRESSURE_SHOT__t3906000.00-t3942000.00.__CINEMATIC.__CINEMATIC.__CINEMATIC.mp4","866344","False","0","","False","False","False","C:\Users\scott\soccer-video\out\atomic_clips\_quarantine"
"036__2025-09-20__TSC_vs_Greenwood__PRESSURE_SHOT__t3906000.00-t3942000.00.__CINEMATIC.__CINEMATIC.__CINEMATIC.__CINEMATIC","C:\Users\scott\soccer-video\out\atomic_clips\_quarantine\036__2025-09-20__TSC_vs_Greenwood__PRESSURE_SHOT__t3906000.00-t3942000.00.__CINEMATIC.__CINEMATIC.__CINEMATIC.__CINEMATIC.mp4","712771","False","0","","False","False","False","C:\Users\scott\soccer-video\out\atomic_clips\_quarantine"
"036__2025-09-20__TSC_vs_Greenwood__PRESSURE_SHOT__t3906000.00-t3942000.00.__CINEMATIC.__CINEMATIC.__CINEMATIC.__CINEMATIC.__CINEMATIC","C:\Users\scott\soccer-video\out\atomic_clips\_quarantine\036__2025-09-20__TSC_vs_Greenwood__PRESSURE_SHOT__t3906000.00-t3942000.00.__CINEMATIC.__CINEMATIC.__CINEMATIC.__CINEMATIC.__CINEMATIC.mp4","464019","False","0","","False","False","False","C:\Users\scott\soccer-video\out\atomic_clips\_quarantine"
"036__2025-09-20__TSC_vs_Greenwood__PRESSURE_SHOT__t3906000.00-t3942000.00.__CINEMATIC.__CINEMATIC.__CINEMATIC.__CINEMATIC.__CINEMATIC.__CINEMATIC","C:\Users\scott\soccer-video\out\atomic_clips\_quarantine\036__2025-09-20__TSC_vs_Greenwood__PRESSURE_SHOT__t3906000.00-t3942000.00.__CINEMATIC.__CINEMATIC.__CINEMATIC.__CINEMATIC.__CINEMATIC.__CINEMATIC.mp4","304708","False","0","","False","False","False","C:\Users\scott\soccer-video\out\atomic_clips\_quarantine"
"036__2025-09-20__TSC_vs_Greenwood__PRESSURE_SHOT__t3906000.00-t3942000.00.__CINEMATIC.__CINEMATIC.__CINEMATIC.__CINEMATIC.__CINEMATIC.__CINEMATIC.__CINEMATIC","C:\Users\scott\soccer-video\out\atomic_clips\_quarantine\036__2025-09-20__TSC_vs_Greenwood__PRESSURE_SHOT__t3906000.00-t3942000.00.__CINEMATIC.__CINEMATIC.__CINEMATIC.__CINEMATIC.__CINEMATIC.__CINEMATIC.__CINEMATIC.mp4","230532","False","0","","False","False","False","C:\Users\scott\soccer-video\out\atomic_clips\_quarantine"
"036__2025-09-20__TSC_vs_RVFC__PRESSURE_GOAL__t2348.00-t2367.00_portrait_POST","C:\Users\scott\soccer-video\out\atomic_clips\2025-09-20__TSC_vs_RVFC\036__2025-09-20__TSC_vs_RVFC__PRESSURE_GOAL__t2348.00-t2367.00_portrait_POST.mp4","36245811","False","0","","False","False","False","C:\Users\scott\soccer-video\out\atomic_clips\2025-09-20__TSC_vs_RVFC"
"036__2025-09-20__TSC_vs_RVFC__PRESSURE_GOAL__t2348.00-t2367.00_portrait_POST.__CINEMATIC","C:\Users\scott\soccer-video\out\atomic_clips\2025-09-20__TSC_vs_RVFC\036__2025-09-20__TSC_vs_RVFC__PRESSURE_GOAL__t2348.00-t2367.00_portrait_POST.__CINEMATIC.mp4","13075213","False","0","","False","False","False","C:\Users\scott\soccer-video\out\atomic_clips\2025-09-20__TSC_vs_RVFC"
"036__2025-09-20__TSC_vs_RVFC__PRESSURE_GOAL__t2348.00-t2367.00_portrait_POST.__CINEMATIC.__CINEMATIC","C:\Users\scott\soccer-video\out\atomic_clips\2025-09-20__TSC_vs_RVFC\036__2025-09-20__TSC_vs_RVFC__PRESSURE_GOAL__t2348.00-t2367.00_portrait_POST.__CINEMATIC.__CINEMATIC.mp4","9339808","False","0","","False","False","False","C:\Users\scott\soccer-video\out\atomic_clips\2025-09-20__TSC_vs_RVFC"
"036__2025-09-20__TSC_vs_RVFC__PRESSURE_GOAL__t2348.00-t2367.00_portrait_POST.__CINEMATIC.__CINEMATIC.__CINEMATIC","C:\Users\scott\soccer-video\out\atomic_clips\2025-09-20__TSC_vs_RVFC\036__2025-09-20__TSC_vs_RVFC__PRESSURE_GOAL__t2348.00-t2367.00_portrait_POST.__CINEMATIC.__CINEMATIC.__CINEMATIC.mp4","8195857","False","0","","False","False","False","C:\Users\scott\soccer-video\out\atomic_clips\2025-09-20__TSC_vs_RVFC"
"036__2025-09-20__TSC_vs_RVFC__PRESSURE_GOAL__t2348.00-t2367.00_portrait_POST.__CINEMATIC.__CINEMATIC.__CINEMATIC.__CINEMATIC","C:\Users\scott\soccer-video\out\atomic_clips\2025-09-20__TSC_vs_RVFC\036__2025-09-20__TSC_vs_RVFC__PRESSURE_GOAL__t2348.00-t2367.00_portrait_POST.__CINEMATIC.__CINEMATIC.__CINEMATIC.__CINEMATIC.mp4","7763772","False","0","","False","False","False","C:\Users\scott\soccer-video\out\atomic_clips\2025-09-20__TSC_vs_RVFC"
"036__2025-09-20__TSC_vs_RVFC__PRESSURE_GOAL__t2348.00-t2367.00_portrait_POST.__CINEMATIC.__CINEMATIC.__CINEMATIC.__CINEMATIC.__CINEMATIC","C:\Users\scott\soccer-video\out\atomic_clips\2025-09-20__TSC_vs_RVFC\036__2025-09-20__TSC_vs_RVFC__PRESSURE_GOAL__t2348.00-t2367.00_portrait_POST.__CINEMATIC.__CINEMATIC.__CINEMATIC.__CINEMATIC.__CINEMATIC.mp4","4145541","False","0","","False","False","False","C:\Users\scott\soccer-video\out\atomic_clips\2025-09-20__TSC_vs_RVFC"
"036__2025-09-20__TSC_vs_RVFC__PRESSURE_GOAL__t2348.00-t2367.00_portrait_POST.__CINEMATIC.__CINEMATIC.__CINEMATIC.__CINEMATIC.__CINEMATIC.__CINEMATIC","C:\Users\scott\soccer-video\out\atomic_clips\2025-09-20__TSC_vs_RVFC\036__2025-09-20__TSC_vs_RVFC__PRESSURE_GOAL__t2348.00-t2367.00_portrait_POST.__CINEMATIC.__CINEMATIC.__CINEMATIC.__CINEMATIC.__CINEMATIC.__CINEMATIC.mp4","1708343","False","0","","False","False","False","C:\Users\scott\soccer-video\out\atomic_clips\2025-09-20__TSC_vs_RVFC"
"036__2025-09-20__TSC_vs_RVFC__PRESSURE_GOAL__t2348.00-t2367.00_portrait_POST.__CINEMATIC.__CINEMATIC.__CINEMATIC.__CINEMATIC.__CINEMATIC.__CINEMATIC.__CINEMATIC","C:\Users\scott\soccer-video\out\atomic_clips\2025-09-20__TSC_vs_RVFC\036__2025-09-20__TSC_vs_RVFC__PRESSURE_GOAL__t2348.00-t2367.00_portrait_POST.__CINEMATIC.__CINEMATIC.__CINEMATIC.__CINEMATIC.__CINEMATIC.__CINEMATIC.__CINEMATIC.mp4","1307721","False","0","","False","False","False","C:\Users\scott\soccer-video\out\atomic_clips\2025-09-20__TSC_vs_RVFC"
"037__2025-09-20__TSC_vs_Greenwood__PRESSURE_GOAL__t2729.00-t2749.00_portrait_POST","C:\Users\scott\soccer-video\out\atomic_clips\2025-09-20__TSC_vs_Greenwood\037__2025-09-20__TSC_vs_Greenwood__PRESSURE_GOAL__t2729.00-t2749.00_portrait_POST.mp4","36446978","False","0","","False","False","False","C:\Users\scott\soccer-video\out\atomic_clips\2025-09-20__TSC_vs_Greenwood"
"037__2025-09-20__TSC_vs_Greenwood__PRESSURE_GOAL__t2729.00-t2749.00_portrait_POST.__CINEMATIC","C:\Users\scott\soccer-video\out\atomic_clips\2025-09-20__TSC_vs_Greenwood\037__2025-09-20__TSC_vs_Greenwood__PRESSURE_GOAL__t2729.00-t2749.00_portrait_POST.__CINEMATIC.mp4","13921219","False","0","","False","False","False","C:\Users\scott\soccer-video\out\atomic_clips\2025-09-20__TSC_vs_Greenwood"
"037__2025-09-20__TSC_vs_Greenwood__PRESSURE_GOAL__t2729.00-t2749.00_portrait_POST.__CINEMATIC.__CINEMATIC","C:\Users\scott\soccer-video\out\atomic_clips\2025-09-20__TSC_vs_Greenwood\037__2025-09-20__TSC_vs_Greenwood__PRESSURE_GOAL__t2729.00-t2749.00_portrait_POST.__CINEMATIC.__CINEMATIC.mp4","9769204","False","0","","False","False","False","C:\Users\scott\soccer-video\out\atomic_clips\2025-09-20__TSC_vs_Greenwood"
"037__2025-09-20__TSC_vs_Greenwood__PRESSURE_GOAL__t2729.00-t2749.00_portrait_POST.__CINEMATIC.__CINEMATIC.__CINEMATIC","C:\Users\scott\soccer-video\out\atomic_clips\2025-09-20__TSC_vs_Greenwood\037__2025-09-20__TSC_vs_Greenwood__PRESSURE_GOAL__t2729.00-t2749.00_portrait_POST.__CINEMATIC.__CINEMATIC.__CINEMATIC.mp4","8524933","False","0","","False","False","False","C:\Users\scott\soccer-video\out\atomic_clips\2025-09-20__TSC_vs_Greenwood"
"037__2025-09-20__TSC_vs_Greenwood__PRESSURE_GOAL__t2729.00-t2749.00_portrait_POST.__CINEMATIC.__CINEMATIC.__CINEMATIC.__CINEMATIC","C:\Users\scott\soccer-video\out\atomic_clips\2025-09-20__TSC_vs_Greenwood\037__2025-09-20__TSC_vs_Greenwood__PRESSURE_GOAL__t2729.00-t2749.00_portrait_POST.__CINEMATIC.__CINEMATIC.__CINEMATIC.__CINEMATIC.mp4","7748012","False","0","","False","False","False","C:\Users\scott\soccer-video\out\atomic_clips\2025-09-20__TSC_vs_Greenwood"
"037__2025-09-20__TSC_vs_Greenwood__PRESSURE_GOAL__t2729.00-t2749.00_portrait_POST.__CINEMATIC.__CINEMATIC.__CINEMATIC.__CINEMATIC.__CINEMATIC","C:\Users\scott\soccer-video\out\atomic_clips\2025-09-20__TSC_vs_Greenwood\037__2025-09-20__TSC_vs_Greenwood__PRESSURE_GOAL__t2729.00-t2749.00_portrait_POST.__CINEMATIC.__CINEMATIC.__CINEMATIC.__CINEMATIC.__CINEMATIC.mp4","3991682","False","0","","False","False","False","C:\Users\scott\soccer-video\out\atomic_clips\2025-09-20__TSC_vs_Greenwood"
"037__2025-09-20__TSC_vs_Greenwood__PRESSURE_GOAL__t2729.00-t2749.00_portrait_POST.__CINEMATIC.__CINEMATIC.__CINEMATIC.__CINEMATIC.__CINEMATIC.__CINEMATIC","C:\Users\scott\soccer-video\out\atomic_clips\2025-09-20__TSC_vs_Greenwood\037__2025-09-20__TSC_vs_Greenwood__PRESSURE_GOAL__t2729.00-t2749.00_portrait_POST.__CINEMATIC.__CINEMATIC.__CINEMATIC.__CINEMATIC.__CINEMATIC.__CINEMATIC.mp4","1648822","False","0","","False","False","False","C:\Users\scott\soccer-video\out\atomic_clips\2025-09-20__TSC_vs_Greenwood"
"037__2025-09-20__TSC_vs_Greenwood__PRESSURE_GOAL__t2729.00-t2749.00_portrait_POST.__CINEMATIC.__CINEMATIC.__CINEMATIC.__CINEMATIC.__CINEMATIC.__CINEMATIC.__CINEMATIC","C:\Users\scott\soccer-video\out\atomic_clips\2025-09-20__TSC_vs_Greenwood\037__2025-09-20__TSC_vs_Greenwood__PRESSURE_GOAL__t2729.00-t2749.00_portrait_POST.__CINEMATIC.__CINEMATIC.__CINEMATIC.__CINEMATIC.__CINEMATIC.__CINEMATIC.__CINEMATIC.mp4","1255833","False","0","","False","False","False","C:\Users\scott\soccer-video\out\atomic_clips\2025-09-20__TSC_vs_Greenwood"
"037__2025-09-20__TSC_vs_RVFC__PRESSURE_SHOT__t2388.00-t2397.00_portrait_POST","C:\Users\scott\soccer-video\out\atomic_clips\2025-09-20__TSC_vs_RVFC\037__2025-09-20__TSC_vs_RVFC__PRESSURE_SHOT__t2388.00-t2397.00_portrait_POST.mp4","15692328","False","0","","False","False","False","C:\Users\scott\soccer-video\out\atomic_clips\2025-09-20__TSC_vs_RVFC"
"037__2025-09-20__TSC_vs_RVFC__PRESSURE_SHOT__t2388.00-t2397.00_portrait_POST.__CINEMATIC","C:\Users\scott\soccer-video\out\atomic_clips\2025-09-20__TSC_vs_RVFC\037__2025-09-20__TSC_vs_RVFC__PRESSURE_SHOT__t2388.00-t2397.00_portrait_POST.__CINEMATIC.mp4","6273460","False","0","","False","False","False","C:\Users\scott\soccer-video\out\atomic_clips\2025-09-20__TSC_vs_RVFC"
"037__2025-09-20__TSC_vs_RVFC__PRESSURE_SHOT__t2388.00-t2397.00_portrait_POST.__CINEMATIC.__CINEMATIC","C:\Users\scott\soccer-video\out\atomic_clips\2025-09-20__TSC_vs_RVFC\037__2025-09-20__TSC_vs_RVFC__PRESSURE_SHOT__t2388.00-t2397.00_portrait_POST.__CINEMATIC.__CINEMATIC.mp4","4675257","False","0","","False","False","False","C:\Users\scott\soccer-video\out\atomic_clips\2025-09-20__TSC_vs_RVFC"
"037__2025-09-20__TSC_vs_RVFC__PRESSURE_SHOT__t2388.00-t2397.00_portrait_POST.__CINEMATIC.__CINEMATIC.__CINEMATIC","C:\Users\scott\soccer-video\out\atomic_clips\2025-09-20__TSC_vs_RVFC\037__2025-09-20__TSC_vs_RVFC__PRESSURE_SHOT__t2388.00-t2397.00_portrait_POST.__CINEMATIC.__CINEMATIC.__CINEMATIC.mp4","4161140","False","0","","False","False","False","C:\Users\scott\soccer-video\out\atomic_clips\2025-09-20__TSC_vs_RVFC"
"037__2025-09-20__TSC_vs_RVFC__PRESSURE_SHOT__t2388.00-t2397.00_portrait_POST.__CINEMATIC.__CINEMATIC.__CINEMATIC.__CINEMATIC","C:\Users\scott\soccer-video\out\atomic_clips\2025-09-20__TSC_vs_RVFC\037__2025-09-20__TSC_vs_RVFC__PRESSURE_SHOT__t2388.00-t2397.00_portrait_POST.__CINEMATIC.__CINEMATIC.__CINEMATIC.__CINEMATIC.mp4","3552125","False","0","","False","False","False","C:\Users\scott\soccer-video\out\atomic_clips\2025-09-20__TSC_vs_RVFC"
"037__2025-09-20__TSC_vs_RVFC__PRESSURE_SHOT__t2388.00-t2397.00_portrait_POST.__CINEMATIC.__CINEMATIC.__CINEMATIC.__CINEMATIC.__CINEMATIC","C:\Users\scott\soccer-video\out\atomic_clips\2025-09-20__TSC_vs_RVFC\037__2025-09-20__TSC_vs_RVFC__PRESSURE_SHOT__t2388.00-t2397.00_portrait_POST.__CINEMATIC.__CINEMATIC.__CINEMATIC.__CINEMATIC.__CINEMATIC.mp4","1920728","False","0","","False","False","False","C:\Users\scott\soccer-video\out\atomic_clips\2025-09-20__TSC_vs_RVFC"
"037__2025-09-20__TSC_vs_RVFC__PRESSURE_SHOT__t2388.00-t2397.00_portrait_POST.__CINEMATIC.__CINEMATIC.__CINEMATIC.__CINEMATIC.__CINEMATIC.__CINEMATIC","C:\Users\scott\soccer-video\out\atomic_clips\2025-09-20__TSC_vs_RVFC\037__2025-09-20__TSC_vs_RVFC__PRESSURE_SHOT__t2388.00-t2397.00_portrait_POST.__CINEMATIC.__CINEMATIC.__CINEMATIC.__CINEMATIC.__CINEMATIC.__CINEMATIC.mp4","1008351","False","0","","False","False","False","C:\Users\scott\soccer-video\out\atomic_clips\2025-09-20__TSC_vs_RVFC"
"037__2025-09-20__TSC_vs_RVFC__PRESSURE_SHOT__t2388.00-t2397.00_portrait_POST.__CINEMATIC.__CINEMATIC.__CINEMATIC.__CINEMATIC.__CINEMATIC.__CINEMATIC.__CINEMATIC","C:\Users\scott\soccer-video\out\atomic_clips\2025-09-20__TSC_vs_RVFC\037__2025-09-20__TSC_vs_RVFC__PRESSURE_SHOT__t2388.00-t2397.00_portrait_POST.__CINEMATIC.__CINEMATIC.__CINEMATIC.__CINEMATIC.__CINEMATIC.__CINEMATIC.__CINEMATIC.mp4","835511","False","0","","False","False","False","C:\Users\scott\soccer-video\out\atomic_clips\2025-09-20__TSC_vs_RVFC"
"038__2025-09-20__TSC_vs_Greenwood__PRESSURE_SHOT__t2770.00-t2827.00_portrait_POST","C:\Users\scott\soccer-video\out\atomic_clips\2025-09-20__TSC_vs_Greenwood\038__2025-09-20__TSC_vs_Greenwood__PRESSURE_SHOT__t2770.00-t2827.00_portrait_POST.mp4","99364680","False","0","","False","False","False","C:\Users\scott\soccer-video\out\atomic_clips\2025-09-20__TSC_vs_Greenwood"
"038__2025-09-20__TSC_vs_Greenwood__PRESSURE_SHOT__t2770.00-t2827.00_portrait_POST.__CINEMATIC","C:\Users\scott\soccer-video\out\atomic_clips\2025-09-20__TSC_vs_Greenwood\038__2025-09-20__TSC_vs_Greenwood__PRESSURE_SHOT__t2770.00-t2827.00_portrait_POST.__CINEMATIC.mp4","36790234","False","0","","False","False","False","C:\Users\scott\soccer-video\out\atomic_clips\2025-09-20__TSC_vs_Greenwood"
"038__2025-09-20__TSC_vs_Greenwood__PRESSURE_SHOT__t2770.00-t2827.00_portrait_POST.__CINEMATIC.__CINEMATIC","C:\Users\scott\soccer-video\out\atomic_clips\2025-09-20__TSC_vs_Greenwood\038__2025-09-20__TSC_vs_Greenwood__PRESSURE_SHOT__t2770.00-t2827.00_portrait_POST.__CINEMATIC.__CINEMATIC.mp4","26695560","False","0","","False","False","False","C:\Users\scott\soccer-video\out\atomic_clips\2025-09-20__TSC_vs_Greenwood"
"038__2025-09-20__TSC_vs_Greenwood__PRESSURE_SHOT__t2770.00-t2827.00_portrait_POST.__CINEMATIC.__CINEMATIC.__CINEMATIC","C:\Users\scott\soccer-video\out\atomic_clips\2025-09-20__TSC_vs_Greenwood\038__2025-09-20__TSC_vs_Greenwood__PRESSURE_SHOT__t2770.00-t2827.00_portrait_POST.__CINEMATIC.__CINEMATIC.__CINEMATIC.mp4","22945364","False","0","","False","False","False","C:\Users\scott\soccer-video\out\atomic_clips\2025-09-20__TSC_vs_Greenwood"
"038__2025-09-20__TSC_vs_Greenwood__PRESSURE_SHOT__t2770.00-t2827.00_portrait_POST.__CINEMATIC.__CINEMATIC.__CINEMATIC.__CINEMATIC","C:\Users\scott\soccer-video\out\atomic_clips\2025-09-20__TSC_vs_Greenwood\038__2025-09-20__TSC_vs_Greenwood__PRESSURE_SHOT__t2770.00-t2827.00_portrait_POST.__CINEMATIC.__CINEMATIC.__CINEMATIC.__CINEMATIC.mp4","20214481","False","0","","False","False","False","C:\Users\scott\soccer-video\out\atomic_clips\2025-09-20__TSC_vs_Greenwood"
"038__2025-09-20__TSC_vs_Greenwood__PRESSURE_SHOT__t2770.00-t2827.00_portrait_POST.__CINEMATIC.__CINEMATIC.__CINEMATIC.__CINEMATIC.__CINEMATIC","C:\Users\scott\soccer-video\out\atomic_clips\2025-09-20__TSC_vs_Greenwood\038__2025-09-20__TSC_vs_Greenwood__PRESSURE_SHOT__t2770.00-t2827.00_portrait_POST.__CINEMATIC.__CINEMATIC.__CINEMATIC.__CINEMATIC.__CINEMATIC.mp4","9543313","False","0","","False","False","False","C:\Users\scott\soccer-video\out\atomic_clips\2025-09-20__TSC_vs_Greenwood"
"038__2025-09-20__TSC_vs_Greenwood__PRESSURE_SHOT__t2770.00-t2827.00_portrait_POST.__CINEMATIC.__CINEMATIC.__CINEMATIC.__CINEMATIC.__CINEMATIC.__CINEMATIC","C:\Users\scott\soccer-video\out\atomic_clips\2025-09-20__TSC_vs_Greenwood\038__2025-09-20__TSC_vs_Greenwood__PRESSURE_SHOT__t2770.00-t2827.00_portrait_POST.__CINEMATIC.__CINEMATIC.__CINEMATIC.__CINEMATIC.__CINEMATIC.__CINEMATIC.mp4","3442587","False","0","","False","False","False","C:\Users\scott\soccer-video\out\atomic_clips\2025-09-20__TSC_vs_Greenwood"
"038__2025-09-20__TSC_vs_Greenwood__PRESSURE_SHOT__t2770.00-t2827.00_portrait_POST.__CINEMATIC.__CINEMATIC.__CINEMATIC.__CINEMATIC.__CINEMATIC.__CINEMATIC.__CINEMATIC","C:\Users\scott\soccer-video\out\atomic_clips\2025-09-20__TSC_vs_Greenwood\038__2025-09-20__TSC_vs_Greenwood__PRESSURE_SHOT__t2770.00-t2827.00_portrait_POST.__CINEMATIC.__CINEMATIC.__CINEMATIC.__CINEMATIC.__CINEMATIC.__CINEMATIC.__CINEMATIC.mp4","2566477","False","0","","False","False","False","C:\Users\scott\soccer-video\out\atomic_clips\2025-09-20__TSC_vs_Greenwood"
"038__2025-09-20__TSC_vs_Greenwood__PRESSURE_SHOT__t4010400.00-t4086000.00","C:\Users\scott\soccer-video\out\atomic_clips\_quarantine\038__2025-09-20__TSC_vs_Greenwood__PRESSURE_SHOT__t4010400.00-t4086000.00.mp4","3039710","False","0","","False","False","False","C:\Users\scott\soccer-video\out\atomic_clips\_quarantine"
"038__2025-09-20__TSC_vs_RVFC__PRESSURE_GOAL__t2411.00-t2431.00_portrait_POST","C:\Users\scott\soccer-video\out\atomic_clips\2025-09-20__TSC_vs_RVFC\038__2025-09-20__TSC_vs_RVFC__PRESSURE_GOAL__t2411.00-t2431.00_portrait_POST.mp4","34087046","False","0","","False","False","False","C:\Users\scott\soccer-video\out\atomic_clips\2025-09-20__TSC_vs_RVFC"
"038__2025-09-20__TSC_vs_RVFC__PRESSURE_GOAL__t2411.00-t2431.00_portrait_POST.__CINEMATIC","C:\Users\scott\soccer-video\out\atomic_clips\2025-09-20__TSC_vs_RVFC\038__2025-09-20__TSC_vs_RVFC__PRESSURE_GOAL__t2411.00-t2431.00_portrait_POST.__CINEMATIC.mp4","13345182","False","0","","False","False","False","C:\Users\scott\soccer-video\out\atomic_clips\2025-09-20__TSC_vs_RVFC"
"038__2025-09-20__TSC_vs_RVFC__PRESSURE_GOAL__t2411.00-t2431.00_portrait_POST.__CINEMATIC.__CINEMATIC","C:\Users\scott\soccer-video\out\atomic_clips\2025-09-20__TSC_vs_RVFC\038__2025-09-20__TSC_vs_RVFC__PRESSURE_GOAL__t2411.00-t2431.00_portrait_POST.__CINEMATIC.__CINEMATIC.mp4","9830864","False","0","","False","False","False","C:\Users\scott\soccer-video\out\atomic_clips\2025-09-20__TSC_vs_RVFC"
"038__2025-09-20__TSC_vs_RVFC__PRESSURE_GOAL__t2411.00-t2431.00_portrait_POST.__CINEMATIC.__CINEMATIC.__CINEMATIC","C:\Users\scott\soccer-video\out\atomic_clips\2025-09-20__TSC_vs_RVFC\038__2025-09-20__TSC_vs_RVFC__PRESSURE_GOAL__t2411.00-t2431.00_portrait_POST.__CINEMATIC.__CINEMATIC.__CINEMATIC.mp4","8655703","False","0","","False","False","False","C:\Users\scott\soccer-video\out\atomic_clips\2025-09-20__TSC_vs_RVFC"
"038__2025-09-20__TSC_vs_RVFC__PRESSURE_GOAL__t2411.00-t2431.00_portrait_POST.__CINEMATIC.__CINEMATIC.__CINEMATIC.__CINEMATIC","C:\Users\scott\soccer-video\out\atomic_clips\2025-09-20__TSC_vs_RVFC\038__2025-09-20__TSC_vs_RVFC__PRESSURE_GOAL__t2411.00-t2431.00_portrait_POST.__CINEMATIC.__CINEMATIC.__CINEMATIC.__CINEMATIC.mp4","7422569","False","0","","False","False","False","C:\Users\scott\soccer-video\out\atomic_clips\2025-09-20__TSC_vs_RVFC"
"038__2025-09-20__TSC_vs_RVFC__PRESSURE_GOAL__t2411.00-t2431.00_portrait_POST.__CINEMATIC.__CINEMATIC.__CINEMATIC.__CINEMATIC.__CINEMATIC","C:\Users\scott\soccer-video\out\atomic_clips\2025-09-20__TSC_vs_RVFC\038__2025-09-20__TSC_vs_RVFC__PRESSURE_GOAL__t2411.00-t2431.00_portrait_POST.__CINEMATIC.__CINEMATIC.__CINEMATIC.__CINEMATIC.__CINEMATIC.mp4","3566812","False","0","","False","False","False","C:\Users\scott\soccer-video\out\atomic_clips\2025-09-20__TSC_vs_RVFC"
"038__2025-09-20__TSC_vs_RVFC__PRESSURE_GOAL__t2411.00-t2431.00_portrait_POST.__CINEMATIC.__CINEMATIC.__CINEMATIC.__CINEMATIC.__CINEMATIC.__CINEMATIC","C:\Users\scott\soccer-video\out\atomic_clips\2025-09-20__TSC_vs_RVFC\038__2025-09-20__TSC_vs_RVFC__PRESSURE_GOAL__t2411.00-t2431.00_portrait_POST.__CINEMATIC.__CINEMATIC.__CINEMATIC.__CINEMATIC.__CINEMATIC.__CINEMATIC.mp4","1590383","False","0","","False","False","False","C:\Users\scott\soccer-video\out\atomic_clips\2025-09-20__TSC_vs_RVFC"
"038__2025-09-20__TSC_vs_RVFC__PRESSURE_GOAL__t2411.00-t2431.00_portrait_POST.__CINEMATIC.__CINEMATIC.__CINEMATIC.__CINEMATIC.__CINEMATIC.__CINEMATIC.__CINEMATIC","C:\Users\scott\soccer-video\out\atomic_clips\2025-09-20__TSC_vs_RVFC\038__2025-09-20__TSC_vs_RVFC__PRESSURE_GOAL__t2411.00-t2431.00_portrait_POST.__CINEMATIC.__CINEMATIC.__CINEMATIC.__CINEMATIC.__CINEMATIC.__CINEMATIC.__CINEMATIC.mp4","1259648","False","0","","False","False","False","C:\Users\scott\soccer-video\out\atomic_clips\2025-09-20__TSC_vs_RVFC"
"039__2025-09-20__TSC_vs_Greenwood__BUILD_UP_PLAY_SHOT__t2894.00-t2914.00_portrait_POST","C:\Users\scott\soccer-video\out\atomic_clips\2025-09-20__TSC_vs_Greenwood\039__2025-09-20__TSC_vs_Greenwood__BUILD_UP_PLAY_SHOT__t2894.00-t2914.00_portrait_POST.mp4","35265152","False","0","","False","False","False","C:\Users\scott\soccer-video\out\atomic_clips\2025-09-20__TSC_vs_Greenwood"
"039__2025-09-20__TSC_vs_Greenwood__BUILD_UP_PLAY_SHOT__t2894.00-t2914.00_portrait_POST.__CINEMATIC","C:\Users\scott\soccer-video\out\atomic_clips\2025-09-20__TSC_vs_Greenwood\039__2025-09-20__TSC_vs_Greenwood__BUILD_UP_PLAY_SHOT__t2894.00-t2914.00_portrait_POST.__CINEMATIC.mp4","13257163","False","0","","False","False","False","C:\Users\scott\soccer-video\out\atomic_clips\2025-09-20__TSC_vs_Greenwood"
"039__2025-09-20__TSC_vs_Greenwood__BUILD_UP_PLAY_SHOT__t2894.00-t2914.00_portrait_POST.__CINEMATIC.__CINEMATIC","C:\Users\scott\soccer-video\out\atomic_clips\2025-09-20__TSC_vs_Greenwood\039__2025-09-20__TSC_vs_Greenwood__BUILD_UP_PLAY_SHOT__t2894.00-t2914.00_portrait_POST.__CINEMATIC.__CINEMATIC.mp4","9746044","False","0","","False","False","False","C:\Users\scott\soccer-video\out\atomic_clips\2025-09-20__TSC_vs_Greenwood"
"039__2025-09-20__TSC_vs_Greenwood__BUILD_UP_PLAY_SHOT__t2894.00-t2914.00_portrait_POST.__CINEMATIC.__CINEMATIC.__CINEMATIC","C:\Users\scott\soccer-video\out\atomic_clips\2025-09-20__TSC_vs_Greenwood\039__2025-09-20__TSC_vs_Greenwood__BUILD_UP_PLAY_SHOT__t2894.00-t2914.00_portrait_POST.__CINEMATIC.__CINEMATIC.__CINEMATIC.mp4","8679327","False","0","","False","False","False","C:\Users\scott\soccer-video\out\atomic_clips\2025-09-20__TSC_vs_Greenwood"
"039__2025-09-20__TSC_vs_Greenwood__BUILD_UP_PLAY_SHOT__t2894.00-t2914.00_portrait_POST.__CINEMATIC.__CINEMATIC.__CINEMATIC.__CINEMATIC","C:\Users\scott\soccer-video\out\atomic_clips\2025-09-20__TSC_vs_Greenwood\039__2025-09-20__TSC_vs_Greenwood__BUILD_UP_PLAY_SHOT__t2894.00-t2914.00_portrait_POST.__CINEMATIC.__CINEMATIC.__CINEMATIC.__CINEMATIC.mp4","7771658","False","0","","False","False","False","C:\Users\scott\soccer-video\out\atomic_clips\2025-09-20__TSC_vs_Greenwood"
"039__2025-09-20__TSC_vs_Greenwood__BUILD_UP_PLAY_SHOT__t2894.00-t2914.00_portrait_POST.__CINEMATIC.__CINEMATIC.__CINEMATIC.__CINEMATIC.__CINEMATIC","C:\Users\scott\soccer-video\out\atomic_clips\2025-09-20__TSC_vs_Greenwood\039__2025-09-20__TSC_vs_Greenwood__BUILD_UP_PLAY_SHOT__t2894.00-t2914.00_portrait_POST.__CINEMATIC.__CINEMATIC.__CINEMATIC.__CINEMATIC.__CINEMATIC.mp4","3723005","False","0","","False","False","False","C:\Users\scott\soccer-video\out\atomic_clips\2025-09-20__TSC_vs_Greenwood"
"039__2025-09-20__TSC_vs_Greenwood__BUILD_UP_PLAY_SHOT__t2894.00-t2914.00_portrait_POST.__CINEMATIC.__CINEMATIC.__CINEMATIC.__CINEMATIC.__CINEMATIC.__CINEMATIC","C:\Users\scott\soccer-video\out\atomic_clips\2025-09-20__TSC_vs_Greenwood\039__2025-09-20__TSC_vs_Greenwood__BUILD_UP_PLAY_SHOT__t2894.00-t2914.00_portrait_POST.__CINEMATIC.__CINEMATIC.__CINEMATIC.__CINEMATIC.__CINEMATIC.__CINEMATIC.mp4","1585955","False","0","","False","False","False","C:\Users\scott\soccer-video\out\atomic_clips\2025-09-20__TSC_vs_Greenwood"
"039__2025-09-20__TSC_vs_Greenwood__BUILD_UP_PLAY_SHOT__t2894.00-t2914.00_portrait_POST.__CINEMATIC.__CINEMATIC.__CINEMATIC.__CINEMATIC.__CINEMATIC.__CINEMATIC.__CINEMATIC","C:\Users\scott\soccer-video\out\atomic_clips\2025-09-20__TSC_vs_Greenwood\039__2025-09-20__TSC_vs_Greenwood__BUILD_UP_PLAY_SHOT__t2894.00-t2914.00_portrait_POST.__CINEMATIC.__CINEMATIC.__CINEMATIC.__CINEMATIC.__CINEMATIC.__CINEMATIC.__CINEMATIC.mp4","1190321","False","0","","False","False","False","C:\Users\scott\soccer-video\out\atomic_clips\2025-09-20__TSC_vs_Greenwood"
"039__2025-09-20__TSC_vs_RVFC__PRESSURE_GOAL__t2485.00-t2506.00_portrait_POST","C:\Users\scott\soccer-video\out\atomic_clips\2025-09-20__TSC_vs_RVFC\039__2025-09-20__TSC_vs_RVFC__PRESSURE_GOAL__t2485.00-t2506.00_portrait_POST.mp4","37500834","False","0","","False","False","False","C:\Users\scott\soccer-video\out\atomic_clips\2025-09-20__TSC_vs_RVFC"
"039__2025-09-20__TSC_vs_RVFC__PRESSURE_GOAL__t2485.00-t2506.00_portrait_POST.__CINEMATIC","C:\Users\scott\soccer-video\out\atomic_clips\2025-09-20__TSC_vs_RVFC\039__2025-09-20__TSC_vs_RVFC__PRESSURE_GOAL__t2485.00-t2506.00_portrait_POST.__CINEMATIC.mp4","13054215","False","0","","False","False","False","C:\Users\scott\soccer-video\out\atomic_clips\2025-09-20__TSC_vs_RVFC"
"039__2025-09-20__TSC_vs_RVFC__PRESSURE_GOAL__t2485.00-t2506.00_portrait_POST.__CINEMATIC.__CINEMATIC","C:\Users\scott\soccer-video\out\atomic_clips\2025-09-20__TSC_vs_RVFC\039__2025-09-20__TSC_vs_RVFC__PRESSURE_GOAL__t2485.00-t2506.00_portrait_POST.__CINEMATIC.__CINEMATIC.mp4","9443946","False","0","","False","False","False","C:\Users\scott\soccer-video\out\atomic_clips\2025-09-20__TSC_vs_RVFC"
"039__2025-09-20__TSC_vs_RVFC__PRESSURE_GOAL__t2485.00-t2506.00_portrait_POST.__CINEMATIC.__CINEMATIC.__CINEMATIC","C:\Users\scott\soccer-video\out\atomic_clips\2025-09-20__TSC_vs_RVFC\039__2025-09-20__TSC_vs_RVFC__PRESSURE_GOAL__t2485.00-t2506.00_portrait_POST.__CINEMATIC.__CINEMATIC.__CINEMATIC.mp4","8864777","False","0","","False","False","False","C:\Users\scott\soccer-video\out\atomic_clips\2025-09-20__TSC_vs_RVFC"
"039__2025-09-20__TSC_vs_RVFC__PRESSURE_GOAL__t2485.00-t2506.00_portrait_POST.__CINEMATIC.__CINEMATIC.__CINEMATIC.__CINEMATIC","C:\Users\scott\soccer-video\out\atomic_clips\2025-09-20__TSC_vs_RVFC\039__2025-09-20__TSC_vs_RVFC__PRESSURE_GOAL__t2485.00-t2506.00_portrait_POST.__CINEMATIC.__CINEMATIC.__CINEMATIC.__CINEMATIC.mp4","8176121","False","0","","False","False","False","C:\Users\scott\soccer-video\out\atomic_clips\2025-09-20__TSC_vs_RVFC"
"039__2025-09-20__TSC_vs_RVFC__PRESSURE_GOAL__t2485.00-t2506.00_portrait_POST.__CINEMATIC.__CINEMATIC.__CINEMATIC.__CINEMATIC.__CINEMATIC","C:\Users\scott\soccer-video\out\atomic_clips\2025-09-20__TSC_vs_RVFC\039__2025-09-20__TSC_vs_RVFC__PRESSURE_GOAL__t2485.00-t2506.00_portrait_POST.__CINEMATIC.__CINEMATIC.__CINEMATIC.__CINEMATIC.__CINEMATIC.mp4","4100620","False","0","","False","False","False","C:\Users\scott\soccer-video\out\atomic_clips\2025-09-20__TSC_vs_RVFC"
"039__2025-09-20__TSC_vs_RVFC__PRESSURE_GOAL__t2485.00-t2506.00_portrait_POST.__CINEMATIC.__CINEMATIC.__CINEMATIC.__CINEMATIC.__CINEMATIC.__CINEMATIC","C:\Users\scott\soccer-video\out\atomic_clips\2025-09-20__TSC_vs_RVFC\039__2025-09-20__TSC_vs_RVFC__PRESSURE_GOAL__t2485.00-t2506.00_portrait_POST.__CINEMATIC.__CINEMATIC.__CINEMATIC.__CINEMATIC.__CINEMATIC.__CINEMATIC.mp4","1608566","False","0","","False","False","False","C:\Users\scott\soccer-video\out\atomic_clips\2025-09-20__TSC_vs_RVFC"
"039__2025-09-20__TSC_vs_RVFC__PRESSURE_GOAL__t2485.00-t2506.00_portrait_POST.__CINEMATIC.__CINEMATIC.__CINEMATIC.__CINEMATIC.__CINEMATIC.__CINEMATIC.__CINEMATIC","C:\Users\scott\soccer-video\out\atomic_clips\2025-09-20__TSC_vs_RVFC\039__2025-09-20__TSC_vs_RVFC__PRESSURE_GOAL__t2485.00-t2506.00_portrait_POST.__CINEMATIC.__CINEMATIC.__CINEMATIC.__CINEMATIC.__CINEMATIC.__CINEMATIC.__CINEMATIC.mp4","1200097","False","0","","False","False","False","C:\Users\scott\soccer-video\out\atomic_clips\2025-09-20__TSC_vs_RVFC"
"040__2025-09-20__TSC_vs_RVFC__BUILD_UP_PLAY_SHOT__t2571.00-t2599.00_portrait_POST","C:\Users\scott\soccer-video\out\atomic_clips\2025-09-20__TSC_vs_RVFC\040__2025-09-20__TSC_vs_RVFC__BUILD_UP_PLAY_SHOT__t2571.00-t2599.00_portrait_POST.mp4","49640102","False","0","","False","False","False","C:\Users\scott\soccer-video\out\atomic_clips\2025-09-20__TSC_vs_RVFC"
"040__2025-09-20__TSC_vs_RVFC__BUILD_UP_PLAY_SHOT__t2571.00-t2599.00_portrait_POST.__CINEMATIC","C:\Users\scott\soccer-video\out\atomic_clips\2025-09-20__TSC_vs_RVFC\040__2025-09-20__TSC_vs_RVFC__BUILD_UP_PLAY_SHOT__t2571.00-t2599.00_portrait_POST.__CINEMATIC.mp4","17811806","False","0","","False","False","False","C:\Users\scott\soccer-video\out\atomic_clips\2025-09-20__TSC_vs_RVFC"
"040__2025-09-20__TSC_vs_RVFC__BUILD_UP_PLAY_SHOT__t2571.00-t2599.00_portrait_POST.__CINEMATIC.__CINEMATIC","C:\Users\scott\soccer-video\out\atomic_clips\2025-09-20__TSC_vs_RVFC\040__2025-09-20__TSC_vs_RVFC__BUILD_UP_PLAY_SHOT__t2571.00-t2599.00_portrait_POST.__CINEMATIC.__CINEMATIC.mp4","12822552","False","0","","False","False","False","C:\Users\scott\soccer-video\out\atomic_clips\2025-09-20__TSC_vs_RVFC"
"040__2025-09-20__TSC_vs_RVFC__BUILD_UP_PLAY_SHOT__t2571.00-t2599.00_portrait_POST.__CINEMATIC.__CINEMATIC.__CINEMATIC","C:\Users\scott\soccer-video\out\atomic_clips\2025-09-20__TSC_vs_RVFC\040__2025-09-20__TSC_vs_RVFC__BUILD_UP_PLAY_SHOT__t2571.00-t2599.00_portrait_POST.__CINEMATIC.__CINEMATIC.__CINEMATIC.mp4","11556103","False","0","","False","False","False","C:\Users\scott\soccer-video\out\atomic_clips\2025-09-20__TSC_vs_RVFC"
"040__2025-09-20__TSC_vs_RVFC__BUILD_UP_PLAY_SHOT__t2571.00-t2599.00_portrait_POST.__CINEMATIC.__CINEMATIC.__CINEMATIC.__CINEMATIC","C:\Users\scott\soccer-video\out\atomic_clips\2025-09-20__TSC_vs_RVFC\040__2025-09-20__TSC_vs_RVFC__BUILD_UP_PLAY_SHOT__t2571.00-t2599.00_portrait_POST.__CINEMATIC.__CINEMATIC.__CINEMATIC.__CINEMATIC.mp4","10622382","False","0","","False","False","False","C:\Users\scott\soccer-video\out\atomic_clips\2025-09-20__TSC_vs_RVFC"
"040__2025-09-20__TSC_vs_RVFC__BUILD_UP_PLAY_SHOT__t2571.00-t2599.00_portrait_POST.__CINEMATIC.__CINEMATIC.__CINEMATIC.__CINEMATIC.__CINEMATIC","C:\Users\scott\soccer-video\out\atomic_clips\2025-09-20__TSC_vs_RVFC\040__2025-09-20__TSC_vs_RVFC__BUILD_UP_PLAY_SHOT__t2571.00-t2599.00_portrait_POST.__CINEMATIC.__CINEMATIC.__CINEMATIC.__CINEMATIC.__CINEMATIC.mp4","5248137","False","0","","False","False","False","C:\Users\scott\soccer-video\out\atomic_clips\2025-09-20__TSC_vs_RVFC"
"040__2025-09-20__TSC_vs_RVFC__BUILD_UP_PLAY_SHOT__t2571.00-t2599.00_portrait_POST.__CINEMATIC.__CINEMATIC.__CINEMATIC.__CINEMATIC.__CINEMATIC.__CINEMATIC","C:\Users\scott\soccer-video\out\atomic_clips\2025-09-20__TSC_vs_RVFC\040__2025-09-20__TSC_vs_RVFC__BUILD_UP_PLAY_SHOT__t2571.00-t2599.00_portrait_POST.__CINEMATIC.__CINEMATIC.__CINEMATIC.__CINEMATIC.__CINEMATIC.__CINEMATIC.mp4","2151318","False","0","","False","False","False","C:\Users\scott\soccer-video\out\atomic_clips\2025-09-20__TSC_vs_RVFC"
"040__2025-09-20__TSC_vs_RVFC__BUILD_UP_PLAY_SHOT__t2571.00-t2599.00_portrait_POST.__CINEMATIC.__CINEMATIC.__CINEMATIC.__CINEMATIC.__CINEMATIC.__CINEMATIC.__CINEMATIC","C:\Users\scott\soccer-video\out\atomic_clips\2025-09-20__TSC_vs_RVFC\040__2025-09-20__TSC_vs_RVFC__BUILD_UP_PLAY_SHOT__t2571.00-t2599.00_portrait_POST.__CINEMATIC.__CINEMATIC.__CINEMATIC.__CINEMATIC.__CINEMATIC.__CINEMATIC.__CINEMATIC.mp4","1626379","False","0","","False","False","False","C:\Users\scott\soccer-video\out\atomic_clips\2025-09-20__TSC_vs_RVFC"
"041__2025-09-20__TSC_vs_RVFC__CORNER__t2712.00-t2722.00_portrait_POST","C:\Users\scott\soccer-video\out\atomic_clips\2025-09-20__TSC_vs_RVFC\041__2025-09-20__TSC_vs_RVFC__CORNER__t2712.00-t2722.00_portrait_POST.mp4","18789334","False","0","","False","False","False","C:\Users\scott\soccer-video\out\atomic_clips\2025-09-20__TSC_vs_RVFC"
"041__2025-09-20__TSC_vs_RVFC__CORNER__t2712.00-t2722.00_portrait_POST.__CINEMATIC","C:\Users\scott\soccer-video\out\atomic_clips\2025-09-20__TSC_vs_RVFC\041__2025-09-20__TSC_vs_RVFC__CORNER__t2712.00-t2722.00_portrait_POST.__CINEMATIC.mp4","7088339","False","0","","False","False","False","C:\Users\scott\soccer-video\out\atomic_clips\2025-09-20__TSC_vs_RVFC"
"041__2025-09-20__TSC_vs_RVFC__CORNER__t2712.00-t2722.00_portrait_POST.__CINEMATIC.__CINEMATIC","C:\Users\scott\soccer-video\out\atomic_clips\2025-09-20__TSC_vs_RVFC\041__2025-09-20__TSC_vs_RVFC__CORNER__t2712.00-t2722.00_portrait_POST.__CINEMATIC.__CINEMATIC.mp4","5388116","False","0","","False","False","False","C:\Users\scott\soccer-video\out\atomic_clips\2025-09-20__TSC_vs_RVFC"
"041__2025-09-20__TSC_vs_RVFC__CORNER__t2712.00-t2722.00_portrait_POST.__CINEMATIC.__CINEMATIC.__CINEMATIC","C:\Users\scott\soccer-video\out\atomic_clips\2025-09-20__TSC_vs_RVFC\041__2025-09-20__TSC_vs_RVFC__CORNER__t2712.00-t2722.00_portrait_POST.__CINEMATIC.__CINEMATIC.__CINEMATIC.mp4","4752109","False","0","","False","False","False","C:\Users\scott\soccer-video\out\atomic_clips\2025-09-20__TSC_vs_RVFC"
"041__2025-09-20__TSC_vs_RVFC__CORNER__t2712.00-t2722.00_portrait_POST.__CINEMATIC.__CINEMATIC.__CINEMATIC.__CINEMATIC","C:\Users\scott\soccer-video\out\atomic_clips\2025-09-20__TSC_vs_RVFC\041__2025-09-20__TSC_vs_RVFC__CORNER__t2712.00-t2722.00_portrait_POST.__CINEMATIC.__CINEMATIC.__CINEMATIC.__CINEMATIC.mp4","4394424","False","0","","False","False","False","C:\Users\scott\soccer-video\out\atomic_clips\2025-09-20__TSC_vs_RVFC"
"041__2025-09-20__TSC_vs_RVFC__CORNER__t2712.00-t2722.00_portrait_POST.__CINEMATIC.__CINEMATIC.__CINEMATIC.__CINEMATIC.__CINEMATIC","C:\Users\scott\soccer-video\out\atomic_clips\2025-09-20__TSC_vs_RVFC\041__2025-09-20__TSC_vs_RVFC__CORNER__t2712.00-t2722.00_portrait_POST.__CINEMATIC.__CINEMATIC.__CINEMATIC.__CINEMATIC.__CINEMATIC.mp4","2497442","False","0","","False","False","False","C:\Users\scott\soccer-video\out\atomic_clips\2025-09-20__TSC_vs_RVFC"
"041__2025-09-20__TSC_vs_RVFC__CORNER__t2712.00-t2722.00_portrait_POST.__CINEMATIC.__CINEMATIC.__CINEMATIC.__CINEMATIC.__CINEMATIC.__CINEMATIC","C:\Users\scott\soccer-video\out\atomic_clips\2025-09-20__TSC_vs_RVFC\041__2025-09-20__TSC_vs_RVFC__CORNER__t2712.00-t2722.00_portrait_POST.__CINEMATIC.__CINEMATIC.__CINEMATIC.__CINEMATIC.__CINEMATIC.__CINEMATIC.mp4","1196166","False","0","","False","False","False","C:\Users\scott\soccer-video\out\atomic_clips\2025-09-20__TSC_vs_RVFC"
"041__2025-09-20__TSC_vs_RVFC__CORNER__t2712.00-t2722.00_portrait_POST.__CINEMATIC.__CINEMATIC.__CINEMATIC.__CINEMATIC.__CINEMATIC.__CINEMATIC.__CINEMATIC","C:\Users\scott\soccer-video\out\atomic_clips\2025-09-20__TSC_vs_RVFC\041__2025-09-20__TSC_vs_RVFC__CORNER__t2712.00-t2722.00_portrait_POST.__CINEMATIC.__CINEMATIC.__CINEMATIC.__CINEMATIC.__CINEMATIC.__CINEMATIC.__CINEMATIC.mp4","923086","False","0","","False","False","False","C:\Users\scott\soccer-video\out\atomic_clips\2025-09-20__TSC_vs_RVFC"
"041__2025-09-20__TSC_vs_RVFC__CORNER__t3931200.00-t3967200.00","C:\Users\scott\soccer-video\out\atomic_clips\_quarantine\041__2025-09-20__TSC_vs_RVFC__CORNER__t3931200.00-t3967200.00.mp4","866337","False","0","","False","False","False","C:\Users\scott\soccer-video\out\atomic_clips\_quarantine"
"042__2025-09-20__TSC_vs_RVFC__CORNER__t2765.00-t2783.00_portrait_POST","C:\Users\scott\soccer-video\out\atomic_clips\2025-09-20__TSC_vs_RVFC\042__2025-09-20__TSC_vs_RVFC__CORNER__t2765.00-t2783.00_portrait_POST.mp4","34788641","False","0","","False","False","False","C:\Users\scott\soccer-video\out\atomic_clips\2025-09-20__TSC_vs_RVFC"
"042__2025-09-20__TSC_vs_RVFC__CORNER__t2765.00-t2783.00_portrait_POST.__CINEMATIC","C:\Users\scott\soccer-video\out\atomic_clips\2025-09-20__TSC_vs_RVFC\042__2025-09-20__TSC_vs_RVFC__CORNER__t2765.00-t2783.00_portrait_POST.__CINEMATIC.mp4","12491759","False","0","","False","False","False","C:\Users\scott\soccer-video\out\atomic_clips\2025-09-20__TSC_vs_RVFC"
"042__2025-09-20__TSC_vs_RVFC__CORNER__t2765.00-t2783.00_portrait_POST.__CINEMATIC.__CINEMATIC","C:\Users\scott\soccer-video\out\atomic_clips\2025-09-20__TSC_vs_RVFC\042__2025-09-20__TSC_vs_RVFC__CORNER__t2765.00-t2783.00_portrait_POST.__CINEMATIC.__CINEMATIC.mp4","9258720","False","0","","False","False","False","C:\Users\scott\soccer-video\out\atomic_clips\2025-09-20__TSC_vs_RVFC"
"042__2025-09-20__TSC_vs_RVFC__CORNER__t2765.00-t2783.00_portrait_POST.__CINEMATIC.__CINEMATIC.__CINEMATIC","C:\Users\scott\soccer-video\out\atomic_clips\2025-09-20__TSC_vs_RVFC\042__2025-09-20__TSC_vs_RVFC__CORNER__t2765.00-t2783.00_portrait_POST.__CINEMATIC.__CINEMATIC.__CINEMATIC.mp4","8151288","False","0","","False","False","False","C:\Users\scott\soccer-video\out\atomic_clips\2025-09-20__TSC_vs_RVFC"
"042__2025-09-20__TSC_vs_RVFC__CORNER__t2765.00-t2783.00_portrait_POST.__CINEMATIC.__CINEMATIC.__CINEMATIC.__CINEMATIC","C:\Users\scott\soccer-video\out\atomic_clips\2025-09-20__TSC_vs_RVFC\042__2025-09-20__TSC_vs_RVFC__CORNER__t2765.00-t2783.00_portrait_POST.__CINEMATIC.__CINEMATIC.__CINEMATIC.__CINEMATIC.mp4","7499603","False","0","","False","False","False","C:\Users\scott\soccer-video\out\atomic_clips\2025-09-20__TSC_vs_RVFC"
"042__2025-09-20__TSC_vs_RVFC__CORNER__t2765.00-t2783.00_portrait_POST.__CINEMATIC.__CINEMATIC.__CINEMATIC.__CINEMATIC.__CINEMATIC","C:\Users\scott\soccer-video\out\atomic_clips\2025-09-20__TSC_vs_RVFC\042__2025-09-20__TSC_vs_RVFC__CORNER__t2765.00-t2783.00_portrait_POST.__CINEMATIC.__CINEMATIC.__CINEMATIC.__CINEMATIC.__CINEMATIC.mp4","3800317","False","0","","False","False","False","C:\Users\scott\soccer-video\out\atomic_clips\2025-09-20__TSC_vs_RVFC"
"042__2025-09-20__TSC_vs_RVFC__CORNER__t2765.00-t2783.00_portrait_POST.__CINEMATIC.__CINEMATIC.__CINEMATIC.__CINEMATIC.__CINEMATIC.__CINEMATIC","C:\Users\scott\soccer-video\out\atomic_clips\2025-09-20__TSC_vs_RVFC\042__2025-09-20__TSC_vs_RVFC__CORNER__t2765.00-t2783.00_portrait_POST.__CINEMATIC.__CINEMATIC.__CINEMATIC.__CINEMATIC.__CINEMATIC.__CINEMATIC.mp4","1608598","False","0","","False","False","False","C:\Users\scott\soccer-video\out\atomic_clips\2025-09-20__TSC_vs_RVFC"
"042__2025-09-20__TSC_vs_RVFC__CORNER__t2765.00-t2783.00_portrait_POST.__CINEMATIC.__CINEMATIC.__CINEMATIC.__CINEMATIC.__CINEMATIC.__CINEMATIC.__CINEMATIC","C:\Users\scott\soccer-video\out\atomic_clips\2025-09-20__TSC_vs_RVFC\042__2025-09-20__TSC_vs_RVFC__CORNER__t2765.00-t2783.00_portrait_POST.__CINEMATIC.__CINEMATIC.__CINEMATIC.__CINEMATIC.__CINEMATIC.__CINEMATIC.__CINEMATIC.mp4","1218680","False","0","","False","False","False","C:\Users\scott\soccer-video\out\atomic_clips\2025-09-20__TSC_vs_RVFC"
"042__2025-09-20__TSC_vs_RVFC__CORNER__t3992400.00-t4057200.00","C:\Users\scott\soccer-video\out\atomic_clips\_quarantine\042__2025-09-20__TSC_vs_RVFC__CORNER__t3992400.00-t4057200.00.mp4","866337","False","0","","False","False","False","C:\Users\scott\soccer-video\out\atomic_clips\_quarantine"
"043__2025-09-20__TSC_vs_RVFC__GOAL__t3010.00-t3028.00_portrait_POST","C:\Users\scott\soccer-video\out\atomic_clips\2025-09-20__TSC_vs_RVFC\043__2025-09-20__TSC_vs_RVFC__GOAL__t3010.00-t3028.00_portrait_POST.mp4","32416932","False","0","","False","False","False","C:\Users\scott\soccer-video\out\atomic_clips\2025-09-20__TSC_vs_RVFC"
"043__2025-09-20__TSC_vs_RVFC__GOAL__t3010.00-t3028.00_portrait_POST.__CINEMATIC","C:\Users\scott\soccer-video\out\atomic_clips\2025-09-20__TSC_vs_RVFC\043__2025-09-20__TSC_vs_RVFC__GOAL__t3010.00-t3028.00_portrait_POST.__CINEMATIC.mp4","11942653","False","0","","False","False","False","C:\Users\scott\soccer-video\out\atomic_clips\2025-09-20__TSC_vs_RVFC"
"043__2025-09-20__TSC_vs_RVFC__GOAL__t3010.00-t3028.00_portrait_POST.__CINEMATIC.__CINEMATIC","C:\Users\scott\soccer-video\out\atomic_clips\2025-09-20__TSC_vs_RVFC\043__2025-09-20__TSC_vs_RVFC__GOAL__t3010.00-t3028.00_portrait_POST.__CINEMATIC.__CINEMATIC.mp4","8919053","False","0","","False","False","False","C:\Users\scott\soccer-video\out\atomic_clips\2025-09-20__TSC_vs_RVFC"
"043__2025-09-20__TSC_vs_RVFC__GOAL__t3010.00-t3028.00_portrait_POST.__CINEMATIC.__CINEMATIC.__CINEMATIC","C:\Users\scott\soccer-video\out\atomic_clips\2025-09-20__TSC_vs_RVFC\043__2025-09-20__TSC_vs_RVFC__GOAL__t3010.00-t3028.00_portrait_POST.__CINEMATIC.__CINEMATIC.__CINEMATIC.mp4","8110857","False","0","","False","False","False","C:\Users\scott\soccer-video\out\atomic_clips\2025-09-20__TSC_vs_RVFC"
"043__2025-09-20__TSC_vs_RVFC__GOAL__t3010.00-t3028.00_portrait_POST.__CINEMATIC.__CINEMATIC.__CINEMATIC.__CINEMATIC","C:\Users\scott\soccer-video\out\atomic_clips\2025-09-20__TSC_vs_RVFC\043__2025-09-20__TSC_vs_RVFC__GOAL__t3010.00-t3028.00_portrait_POST.__CINEMATIC.__CINEMATIC.__CINEMATIC.__CINEMATIC.mp4","7311134","False","0","","False","False","False","C:\Users\scott\soccer-video\out\atomic_clips\2025-09-20__TSC_vs_RVFC"
"043__2025-09-20__TSC_vs_RVFC__GOAL__t3010.00-t3028.00_portrait_POST.__CINEMATIC.__CINEMATIC.__CINEMATIC.__CINEMATIC.__CINEMATIC","C:\Users\scott\soccer-video\out\atomic_clips\2025-09-20__TSC_vs_RVFC\043__2025-09-20__TSC_vs_RVFC__GOAL__t3010.00-t3028.00_portrait_POST.__CINEMATIC.__CINEMATIC.__CINEMATIC.__CINEMATIC.__CINEMATIC.mp4","3535848","False","0","","False","False","False","C:\Users\scott\soccer-video\out\atomic_clips\2025-09-20__TSC_vs_RVFC"
"043__2025-09-20__TSC_vs_RVFC__GOAL__t3010.00-t3028.00_portrait_POST.__CINEMATIC.__CINEMATIC.__CINEMATIC.__CINEMATIC.__CINEMATIC.__CINEMATIC","C:\Users\scott\soccer-video\out\atomic_clips\2025-09-20__TSC_vs_RVFC\043__2025-09-20__TSC_vs_RVFC__GOAL__t3010.00-t3028.00_portrait_POST.__CINEMATIC.__CINEMATIC.__CINEMATIC.__CINEMATIC.__CINEMATIC.__CINEMATIC.mp4","1522589","False","0","","False","False","False","C:\Users\scott\soccer-video\out\atomic_clips\2025-09-20__TSC_vs_RVFC"
"043__2025-09-20__TSC_vs_RVFC__GOAL__t3010.00-t3028.00_portrait_POST.__CINEMATIC.__CINEMATIC.__CINEMATIC.__CINEMATIC.__CINEMATIC.__CINEMATIC.__CINEMATIC","C:\Users\scott\soccer-video\out\atomic_clips\2025-09-20__TSC_vs_RVFC\043__2025-09-20__TSC_vs_RVFC__GOAL__t3010.00-t3028.00_portrait_POST.__CINEMATIC.__CINEMATIC.__CINEMATIC.__CINEMATIC.__CINEMATIC.__CINEMATIC.__CINEMATIC.mp4","1187294","False","0","","False","False","False","C:\Users\scott\soccer-video\out\atomic_clips\2025-09-20__TSC_vs_RVFC"
"044__2025-09-20__TSC_vs_RVFC__GOAL__t3051.00-t3066.00_portrait_POST","C:\Users\scott\soccer-video\out\atomic_clips\2025-09-20__TSC_vs_RVFC\044__2025-09-20__TSC_vs_RVFC__GOAL__t3051.00-t3066.00_portrait_POST.mp4","23114106","False","0","","False","False","False","C:\Users\scott\soccer-video\out\atomic_clips\2025-09-20__TSC_vs_RVFC"
"044__2025-09-20__TSC_vs_RVFC__GOAL__t3051.00-t3066.00_portrait_POST.__CINEMATIC","C:\Users\scott\soccer-video\out\atomic_clips\2025-09-20__TSC_vs_RVFC\044__2025-09-20__TSC_vs_RVFC__GOAL__t3051.00-t3066.00_portrait_POST.__CINEMATIC.mp4","9957540","False","0","","False","False","False","C:\Users\scott\soccer-video\out\atomic_clips\2025-09-20__TSC_vs_RVFC"
"044__2025-09-20__TSC_vs_RVFC__GOAL__t3051.00-t3066.00_portrait_POST.__CINEMATIC.__CINEMATIC","C:\Users\scott\soccer-video\out\atomic_clips\2025-09-20__TSC_vs_RVFC\044__2025-09-20__TSC_vs_RVFC__GOAL__t3051.00-t3066.00_portrait_POST.__CINEMATIC.__CINEMATIC.mp4","7119246","False","0","","False","False","False","C:\Users\scott\soccer-video\out\atomic_clips\2025-09-20__TSC_vs_RVFC"
"044__2025-09-20__TSC_vs_RVFC__GOAL__t3051.00-t3066.00_portrait_POST.__CINEMATIC.__CINEMATIC.__CINEMATIC","C:\Users\scott\soccer-video\out\atomic_clips\2025-09-20__TSC_vs_RVFC\044__2025-09-20__TSC_vs_RVFC__GOAL__t3051.00-t3066.00_portrait_POST.__CINEMATIC.__CINEMATIC.__CINEMATIC.mp4","6019344","False","0","","False","False","False","C:\Users\scott\soccer-video\out\atomic_clips\2025-09-20__TSC_vs_RVFC"
"044__2025-09-20__TSC_vs_RVFC__GOAL__t3051.00-t3066.00_portrait_POST.__CINEMATIC.__CINEMATIC.__CINEMATIC.__CINEMATIC","C:\Users\scott\soccer-video\out\atomic_clips\2025-09-20__TSC_vs_RVFC\044__2025-09-20__TSC_vs_RVFC__GOAL__t3051.00-t3066.00_portrait_POST.__CINEMATIC.__CINEMATIC.__CINEMATIC.__CINEMATIC.mp4","5083878","False","0","","False","False","False","C:\Users\scott\soccer-video\out\atomic_clips\2025-09-20__TSC_vs_RVFC"
"044__2025-09-20__TSC_vs_RVFC__GOAL__t3051.00-t3066.00_portrait_POST.__CINEMATIC.__CINEMATIC.__CINEMATIC.__CINEMATIC.__CINEMATIC","C:\Users\scott\soccer-video\out\atomic_clips\2025-09-20__TSC_vs_RVFC\044__2025-09-20__TSC_vs_RVFC__GOAL__t3051.00-t3066.00_portrait_POST.__CINEMATIC.__CINEMATIC.__CINEMATIC.__CINEMATIC.__CINEMATIC.mp4","2589358","False","0","","False","False","False","C:\Users\scott\soccer-video\out\atomic_clips\2025-09-20__TSC_vs_RVFC"
"044__2025-09-20__TSC_vs_RVFC__GOAL__t3051.00-t3066.00_portrait_POST.__CINEMATIC.__CINEMATIC.__CINEMATIC.__CINEMATIC.__CINEMATIC.__CINEMATIC","C:\Users\scott\soccer-video\out\atomic_clips\2025-09-20__TSC_vs_RVFC\044__2025-09-20__TSC_vs_RVFC__GOAL__t3051.00-t3066.00_portrait_POST.__CINEMATIC.__CINEMATIC.__CINEMATIC.__CINEMATIC.__CINEMATIC.__CINEMATIC.mp4","1235387","False","0","","False","False","False","C:\Users\scott\soccer-video\out\atomic_clips\2025-09-20__TSC_vs_RVFC"
"044__2025-09-20__TSC_vs_RVFC__GOAL__t3051.00-t3066.00_portrait_POST.__CINEMATIC.__CINEMATIC.__CINEMATIC.__CINEMATIC.__CINEMATIC.__CINEMATIC.__CINEMATIC","C:\Users\scott\soccer-video\out\atomic_clips\2025-09-20__TSC_vs_RVFC\044__2025-09-20__TSC_vs_RVFC__GOAL__t3051.00-t3066.00_portrait_POST.__CINEMATIC.__CINEMATIC.__CINEMATIC.__CINEMATIC.__CINEMATIC.__CINEMATIC.__CINEMATIC.mp4","988092","False","0","","False","False","False","C:\Users\scott\soccer-video\out\atomic_clips\2025-09-20__TSC_vs_RVFC"
"115__2025-09-13__TSC_vs_NEOFC__SHOT__t155.5-t166.4","C:\Users\scott\soccer-video\out\atomic_clips\2025-09-13__TSC_vs_NEOFC\115__2025-09-13__TSC_vs_NEOFC__SHOT__t155.5-t166.4.mp4","17448124","False","0","","False","False","False","C:\Users\scott\soccer-video\out\atomic_clips\2025-09-13__TSC_vs_NEOFC"
"115__2025-09-13__TSC_vs_NEOFC__SHOT__t155.5-t166.4.__CINEMATIC","C:\Users\scott\soccer-video\out\atomic_clips\2025-09-13__TSC_vs_NEOFC\115__2025-09-13__TSC_vs_NEOFC__SHOT__t155.5-t166.4.__CINEMATIC.mp4","7077655","False","0","","False","False","False","C:\Users\scott\soccer-video\out\atomic_clips\2025-09-13__TSC_vs_NEOFC"
"115__2025-09-13__TSC_vs_NEOFC__SHOT__t155.5-t166.4.__CINEMATIC.__CINEMATIC","C:\Users\scott\soccer-video\out\atomic_clips\2025-09-13__TSC_vs_NEOFC\115__2025-09-13__TSC_vs_NEOFC__SHOT__t155.5-t166.4.__CINEMATIC.__CINEMATIC.mp4","5553754","False","0","","False","False","False","C:\Users\scott\soccer-video\out\atomic_clips\2025-09-13__TSC_vs_NEOFC"
"115__2025-09-13__TSC_vs_NEOFC__SHOT__t155.5-t166.4.__CINEMATIC.__CINEMATIC.__CINEMATIC","C:\Users\scott\soccer-video\out\atomic_clips\2025-09-13__TSC_vs_NEOFC\115__2025-09-13__TSC_vs_NEOFC__SHOT__t155.5-t166.4.__CINEMATIC.__CINEMATIC.__CINEMATIC.mp4","4800752","False","0","","False","False","False","C:\Users\scott\soccer-video\out\atomic_clips\2025-09-13__TSC_vs_NEOFC"
"115__2025-09-13__TSC_vs_NEOFC__SHOT__t155.5-t166.4.__CINEMATIC.__CINEMATIC.__CINEMATIC.__CINEMATIC","C:\Users\scott\soccer-video\out\atomic_clips\2025-09-13__TSC_vs_NEOFC\115__2025-09-13__TSC_vs_NEOFC__SHOT__t155.5-t166.4.__CINEMATIC.__CINEMATIC.__CINEMATIC.__CINEMATIC.mp4","3597857","False","0","","False","False","False","C:\Users\scott\soccer-video\out\atomic_clips\2025-09-13__TSC_vs_NEOFC"
"115__2025-09-13__TSC_vs_NEOFC__SHOT__t155.5-t166.4.__CINEMATIC.__CINEMATIC.__CINEMATIC.__CINEMATIC.__CINEMATIC","C:\Users\scott\soccer-video\out\atomic_clips\2025-09-13__TSC_vs_NEOFC\115__2025-09-13__TSC_vs_NEOFC__SHOT__t155.5-t166.4.__CINEMATIC.__CINEMATIC.__CINEMATIC.__CINEMATIC.__CINEMATIC.mp4","1534104","False","0","","False","False","False","C:\Users\scott\soccer-video\out\atomic_clips\2025-09-13__TSC_vs_NEOFC"
"115__2025-09-13__TSC_vs_NEOFC__SHOT__t155.5-t166.4.__CINEMATIC.__CINEMATIC.__CINEMATIC.__CINEMATIC.__CINEMATIC.__CINEMATIC","C:\Users\scott\soccer-video\out\atomic_clips\2025-09-13__TSC_vs_NEOFC\115__2025-09-13__TSC_vs_NEOFC__SHOT__t155.5-t166.4.__CINEMATIC.__CINEMATIC.__CINEMATIC.__CINEMATIC.__CINEMATIC.__CINEMATIC.mp4","796881","False","0","","False","False","False","C:\Users\scott\soccer-video\out\atomic_clips\2025-09-13__TSC_vs_NEOFC"
"115__2025-09-13__TSC_vs_NEOFC__SHOT__t155.5-t166.4.__CINEMATIC.__CINEMATIC.__CINEMATIC.__CINEMATIC.__CINEMATIC.__CINEMATIC.__CINEMATIC","C:\Users\scott\soccer-video\out\atomic_clips\2025-09-13__TSC_vs_NEOFC\115__2025-09-13__TSC_vs_NEOFC__SHOT__t155.5-t166.4.__CINEMATIC.__CINEMATIC.__CINEMATIC.__CINEMATIC.__CINEMATIC.__CINEMATIC.__CINEMATIC.mp4","698870","False","0","","False","False","False","C:\Users\scott\soccer-video\out\atomic_clips\2025-09-13__TSC_vs_NEOFC"
"116__2025-10-04__TSC_vs_FC_Tulsa_Black__DRIBBLING__t387-t412","C:\Users\scott\soccer-video\out\atomic_clips\2025-10-04__TSC_vs_FC_Tulsa_Black\116__2025-10-04__TSC_vs_FC_Tulsa_Black__DRIBBLING__t387-t412.mp4","173759565","False","0","","False","False","False","C:\Users\scott\soccer-video\out\atomic_clips\2025-10-04__TSC_vs_FC_Tulsa_Black"
"116__2025-10-04__TSC_vs_FC_Tulsa_Black__DRIBBLING__t387-t412","C:\Users\scott\soccer-video\out\atomic_clips\2025-10-04__TSC_vs_FC\116__2025-10-04__TSC_vs_FC_Tulsa_Black__DRIBBLING__t387-t412.mp4","36907589","False","0","","False","False","False","C:\Users\scott\soccer-video\out\atomic_clips\2025-10-04__TSC_vs_FC"
"116__2025-10-04__TSC_vs_FC_Tulsa_Black__DRIBBLING__t387-t412.__CINEMATIC","C:\Users\scott\soccer-video\out\atomic_clips\2025-10-04__TSC_vs_FC\116__2025-10-04__TSC_vs_FC_Tulsa_Black__DRIBBLING__t387-t412.__CINEMATIC.mp4","13984012","False","0","","False","False","False","C:\Users\scott\soccer-video\out\atomic_clips\2025-10-04__TSC_vs_FC"
"116__2025-10-04__TSC_vs_FC_Tulsa_Black__DRIBBLING__t387-t412.__CINEMATIC","C:\Users\scott\soccer-video\out\atomic_clips\2025-10-04__TSC_vs_FC_Tulsa_Black\116__2025-10-04__TSC_vs_FC_Tulsa_Black__DRIBBLING__t387-t412.__CINEMATIC.mp4","18476505","False","0","","False","False","False","C:\Users\scott\soccer-video\out\atomic_clips\2025-10-04__TSC_vs_FC_Tulsa_Black"
"116__2025-10-04__TSC_vs_FC_Tulsa_Black__DRIBBLING__t387-t412.__CINEMATIC.__CINEMATIC","C:\Users\scott\soccer-video\out\atomic_clips\2025-10-04__TSC_vs_FC_Tulsa_Black\116__2025-10-04__TSC_vs_FC_Tulsa_Black__DRIBBLING__t387-t412.__CINEMATIC.__CINEMATIC.mp4","11890304","False","0","","False","False","False","C:\Users\scott\soccer-video\out\atomic_clips\2025-10-04__TSC_vs_FC_Tulsa_Black"
"116__2025-10-04__TSC_vs_FC_Tulsa_Black__DRIBBLING__t387-t412.__CINEMATIC.__CINEMATIC","C:\Users\scott\soccer-video\out\atomic_clips\2025-10-04__TSC_vs_FC\116__2025-10-04__TSC_vs_FC_Tulsa_Black__DRIBBLING__t387-t412.__CINEMATIC.__CINEMATIC.mp4","9795520","False","0","","False","False","False","C:\Users\scott\soccer-video\out\atomic_clips\2025-10-04__TSC_vs_FC"
"116__2025-10-04__TSC_vs_FC_Tulsa_Black__DRIBBLING__t387-t412.__CINEMATIC.__CINEMATIC.__CINEMATIC","C:\Users\scott\soccer-video\out\atomic_clips\2025-10-04__TSC_vs_FC_Tulsa_Black\116__2025-10-04__TSC_vs_FC_Tulsa_Black__DRIBBLING__t387-t412.__CINEMATIC.__CINEMATIC.__CINEMATIC.mp4","7880238","False","0","","False","False","False","C:\Users\scott\soccer-video\out\atomic_clips\2025-10-04__TSC_vs_FC_Tulsa_Black"
"116__2025-10-04__TSC_vs_FC_Tulsa_Black__DRIBBLING__t387-t412.__CINEMATIC.__CINEMATIC.__CINEMATIC","C:\Users\scott\soccer-video\out\atomic_clips\2025-10-04__TSC_vs_FC\116__2025-10-04__TSC_vs_FC_Tulsa_Black__DRIBBLING__t387-t412.__CINEMATIC.__CINEMATIC.__CINEMATIC.mp4","8653386","False","0","","False","False","False","C:\Users\scott\soccer-video\out\atomic_clips\2025-10-04__TSC_vs_FC"
"116__2025-10-04__TSC_vs_FC_Tulsa_Black__DRIBBLING__t387-t412.__CINEMATIC.__CINEMATIC.__CINEMATIC.__CINEMATIC","C:\Users\scott\soccer-video\out\atomic_clips\2025-10-04__TSC_vs_FC_Tulsa_Black\116__2025-10-04__TSC_vs_FC_Tulsa_Black__DRIBBLING__t387-t412.__CINEMATIC.__CINEMATIC.__CINEMATIC.__CINEMATIC.mp4","4854268","False","0","","False","False","False","C:\Users\scott\soccer-video\out\atomic_clips\2025-10-04__TSC_vs_FC_Tulsa_Black"
"116__2025-10-04__TSC_vs_FC_Tulsa_Black__DRIBBLING__t387-t412.__CINEMATIC.__CINEMATIC.__CINEMATIC.__CINEMATIC","C:\Users\scott\soccer-video\out\atomic_clips\2025-10-04__TSC_vs_FC\116__2025-10-04__TSC_vs_FC_Tulsa_Black__DRIBBLING__t387-t412.__CINEMATIC.__CINEMATIC.__CINEMATIC.__CINEMATIC.mp4","7277756","False","0","","False","False","False","C:\Users\scott\soccer-video\out\atomic_clips\2025-10-04__TSC_vs_FC"
"116__2025-10-04__TSC_vs_FC_Tulsa_Black__DRIBBLING__t387-t412.__CINEMATIC.__CINEMATIC.__CINEMATIC.__CINEMATIC.__CINEMATIC","C:\Users\scott\soccer-video\out\atomic_clips\2025-10-04__TSC_vs_FC_Tulsa_Black\116__2025-10-04__TSC_vs_FC_Tulsa_Black__DRIBBLING__t387-t412.__CINEMATIC.__CINEMATIC.__CINEMATIC.__CINEMATIC.__CINEMATIC.mp4","2082599","False","0","","False","False","False","C:\Users\scott\soccer-video\out\atomic_clips\2025-10-04__TSC_vs_FC_Tulsa_Black"
"116__2025-10-04__TSC_vs_FC_Tulsa_Black__DRIBBLING__t387-t412.__CINEMATIC.__CINEMATIC.__CINEMATIC.__CINEMATIC.__CINEMATIC","C:\Users\scott\soccer-video\out\atomic_clips\2025-10-04__TSC_vs_FC\116__2025-10-04__TSC_vs_FC_Tulsa_Black__DRIBBLING__t387-t412.__CINEMATIC.__CINEMATIC.__CINEMATIC.__CINEMATIC.__CINEMATIC.mp4","3504823","False","0","","False","False","False","C:\Users\scott\soccer-video\out\atomic_clips\2025-10-04__TSC_vs_FC"
"116__2025-10-04__TSC_vs_FC_Tulsa_Black__DRIBBLING__t387-t412.__CINEMATIC.__CINEMATIC.__CINEMATIC.__CINEMATIC.__CINEMATIC.__CINEMATIC","C:\Users\scott\soccer-video\out\atomic_clips\2025-10-04__TSC_vs_FC\116__2025-10-04__TSC_vs_FC_Tulsa_Black__DRIBBLING__t387-t412.__CINEMATIC.__CINEMATIC.__CINEMATIC.__CINEMATIC.__CINEMATIC.__CINEMATIC.mp4","1733538","False","0","","False","False","False","C:\Users\scott\soccer-video\out\atomic_clips\2025-10-04__TSC_vs_FC"
"116__2025-10-04__TSC_vs_FC_Tulsa_Black__DRIBBLING__t387-t412.__CINEMATIC.__CINEMATIC.__CINEMATIC.__CINEMATIC.__CINEMATIC.__CINEMATIC","C:\Users\scott\soccer-video\out\atomic_clips\2025-10-04__TSC_vs_FC_Tulsa_Black\116__2025-10-04__TSC_vs_FC_Tulsa_Black__DRIBBLING__t387-t412.__CINEMATIC.__CINEMATIC.__CINEMATIC.__CINEMATIC.__CINEMATIC.__CINEMATIC.mp4","1009640","False","0","","False","False","False","C:\Users\scott\soccer-video\out\atomic_clips\2025-10-04__TSC_vs_FC_Tulsa_Black"
"116__2025-10-04__TSC_vs_FC_Tulsa_Black__DRIBBLING__t387-t412.__CINEMATIC.__CINEMATIC.__CINEMATIC.__CINEMATIC.__CINEMATIC.__CINEMATIC.__CINEMATIC","C:\Users\scott\soccer-video\out\atomic_clips\2025-10-04__TSC_vs_FC_Tulsa_Black\116__2025-10-04__TSC_vs_FC_Tulsa_Black__DRIBBLING__t387-t412.__CINEMATIC.__CINEMATIC.__CINEMATIC.__CINEMATIC.__CINEMATIC.__CINEMATIC.__CINEMATIC.mp4","827712","False","0","","False","False","False","C:\Users\scott\soccer-video\out\atomic_clips\2025-10-04__TSC_vs_FC_Tulsa_Black"
"116__2025-10-04__TSC_vs_FC_Tulsa_Black__DRIBBLING__t387-t412.__CINEMATIC.__CINEMATIC.__CINEMATIC.__CINEMATIC.__CINEMATIC.__CINEMATIC.__CINEMATIC","C:\Users\scott\soccer-video\out\atomic_clips\2025-10-04__TSC_vs_FC\116__2025-10-04__TSC_vs_FC_Tulsa_Black__DRIBBLING__t387-t412.__CINEMATIC.__CINEMATIC.__CINEMATIC.__CINEMATIC.__CINEMATIC.__CINEMATIC.__CINEMATIC.mp4","1431790","False","0","","False","False","False","C:\Users\scott\soccer-video\out\atomic_clips\2025-10-04__TSC_vs_FC"
