"Key","KeeperPath","KeeperBytes","CandidatePath","CandidateBytes","SizeDeltaPct"
"1080x1920@19.9s","out\reels\portrait_1080x1920\_quarantine\004__GOAL__t266.50-t283.10.mp4","33056889","out\portrait_reels\reels\004__GOAL__t266.50-t283.10_portrait.mp4","24195629","26.81"
"1080x1920@19.9s","out\reels\portrait_1080x1920\_quarantine\004__GOAL__t266.50-t283.10.mp4","33056889","out\portrait_reels\branded\004__2025-09-13__TSC_vs_NEOFC__GOAL__t266.50-t283.10_portrait_POST.mp4","21678991","34.42"
"1080x1920@19.9s","out\reels\portrait_1080x1920\_quarantine\004__GOAL__t266.50-t283.10.mp4","33056889","out\reels\first_game\vertical\004__GOAL__t266.50-t283.10__VERT.mp4","13994085","57.67"
"1080x1920@19.9s","out\reels\portrait_1080x1920\_quarantine\004__GOAL__t266.50-t283.10.mp4","33056889","out\reels\portrait_1080x1920\004__GOAL__t266.50-t283.10.mp4","11526343","65.13"
"1080x1920@10s","out\reels\portrait_1080x1920\2025-09-20__TSC_vs_Greenwood\036__2025-09-20__TSC_vs_Greenwood__PRESSURE_SHOT__t2705.00-t2715.00_portrait_POST.mp4","41702544","out\reels\portrait_1080x1920\2025-09-20__TSC_vs_Greenwood\014__2025-09-20__TSC_vs_Greenwood__PRESSURE_SHOT__t1063.00-t1073.00_portrait_POST.mp4","39214083","5.97"
"1080x1920@10s","out\reels\portrait_1080x1920\2025-09-20__TSC_vs_Greenwood\036__2025-09-20__TSC_vs_Greenwood__PRESSURE_SHOT__t2705.00-t2715.00_portrait_POST.mp4","41702544","out\reels\portrait_1080x1920\2025-09-20__TSC_vs_RVFC\026__2025-09-20__TSC_vs_RVFC__DRIBBLING_SHOT__t1800.00-t1810.00_portrait_POST.mp4","37198841","10.8"
"1080x1920@10s","out\reels\portrait_1080x1920\2025-09-20__TSC_vs_Greenwood\036__2025-09-20__TSC_vs_Greenwood__PRESSURE_SHOT__t2705.00-t2715.00_portrait_POST.mp4","41702544","out\reels\portrait_1080x1920\2025-09-20__TSC_vs_Greenwood\025__2025-09-20__TSC_vs_Greenwood__GOAL__t1885.00-t1895.00_portrait_POST.mp4","36435815","12.63"
"1080x1920@10s","out\reels\portrait_1080x1920\2025-09-20__TSC_vs_Greenwood\036__2025-09-20__TSC_vs_Greenwood__PRESSURE_SHOT__t2705.00-t2715.00_portrait_POST.mp4","41702544","out\reels\portrait_1080x1920\2025-09-20__TSC_vs_RVFC\041__2025-09-20__TSC_vs_RVFC__CORNER__t2712.00-t2722.00_portrait_POST.mp4","34277098","17.81"
"1080x1920@10s","out\reels\portrait_1080x1920\2025-09-20__TSC_vs_Greenwood\036__2025-09-20__TSC_vs_Greenwood__PRESSURE_SHOT__t2705.00-t2715.00_portrait_POST.mp4","41702544","out\reels\portrait_1080x1920\2025-09-20__TSC_vs_RVFC\029__2025-09-20__TSC_vs_RVFC__PRESSURE_SHOT__t1883.00-t1893.00_portrait_POST.mp4","34260675","17.85"
"1080x1920@10s","out\reels\portrait_1080x1920\2025-09-20__TSC_vs_Greenwood\036__2025-09-20__TSC_vs_Greenwood__PRESSURE_SHOT__t2705.00-t2715.00_portrait_POST.mp4","41702544","out\reels\portrait_1080x1920\2025-09-20__TSC_vs_Greenwood\024__2025-09-20__TSC_vs_Greenwood__PRESSURE_SHOT__t1871.00-t1881.00_portrait_POST.mp4","32721570","21.54"
"1080x1920@10s","out\reels\portrait_1080x1920\2025-09-20__TSC_vs_Greenwood\036__2025-09-20__TSC_vs_Greenwood__PRESSURE_SHOT__t2705.00-t2715.00_portrait_POST.mp4","41702544","out\reels\portrait_1080x1920\misc\001__SHOT__t135.00-t145.00.__DEBUG_FINAL.mp4","28318806","32.09"
"1080x1920@10s","out\reels\portrait_1080x1920\2025-09-20__TSC_vs_Greenwood\036__2025-09-20__TSC_vs_Greenwood__PRESSURE_SHOT__t2705.00-t2715.00_portrait_POST.mp4","41702544","out\reels\portrait_1080x1920\2025-09-20__TSC_vs_RVFC\022__2025-09-20__TSC_vs_RVFC__PRESSURE_SHOT__t1300.00-t1310.00_portrait_POST.mp4","27857422","33.2"
"1080x1920@10s","out\reels\portrait_1080x1920\2025-09-20__TSC_vs_Greenwood\036__2025-09-20__TSC_vs_Greenwood__PRESSURE_SHOT__t2705.00-t2715.00_portrait_POST.mp4","41702544","out\reels\portrait_1080x1920\2025-10-12__TSC_SLSG_FallFestival\001__SHOT__t135.00-t145.00.__DEBUG_FINAL.mp4","20151252","51.68"
"1080x1920@10s","out\reels\portrait_1080x1920\2025-09-20__TSC_vs_Greenwood\036__2025-09-20__TSC_vs_Greenwood__PRESSURE_SHOT__t2705.00-t2715.00_portrait_POST.mp4","41702544","out\reels\portrait_1080x1920\2025-10-12__TSC_SLSG_FallFestival\001__SHOT__t135.00-t145.00.mp4","19167681","54.04"
"1080x1920@10s","out\reels\portrait_1080x1920\2025-09-20__TSC_vs_Greenwood\036__2025-09-20__TSC_vs_Greenwood__PRESSURE_SHOT__t2705.00-t2715.00_portrait_POST.mp4","41702544","out\branded_clips\REELS\2025-09-20__TSC_vs_RVFC\029__2025-09-20__TSC_vs_RVFC__PRESSURE_SHOT__t1883.00-t1893.00_portrait_POST__REEL.mp4","18890206","54.7"
"1080x1920@10s","out\reels\portrait_1080x1920\2025-09-20__TSC_vs_Greenwood\036__2025-09-20__TSC_vs_Greenwood__PRESSURE_SHOT__t2705.00-t2715.00_portrait_POST.mp4","41702544","out\reels\portrait_1080x1920\2025-09-13__TSC_vs_NEOFC\001__2025-09-13__TSC_vs_NEOFC__SHOT__t156-t166.mp4","18860998","54.77"
"1080x1920@10s","out\reels\portrait_1080x1920\2025-09-20__TSC_vs_Greenwood\036__2025-09-20__TSC_vs_Greenwood__PRESSURE_SHOT__t2705.00-t2715.00_portrait_POST.mp4","41702544","out\branded_clips\REELS\2025-09-20__TSC_vs_RVFC\026__2025-09-20__TSC_vs_RVFC__DRIBBLING_SHOT__t1800.00-t1810.00_portrait_POST__REEL.mp4","18855672","54.79"
"1080x1920@10s","out\reels\portrait_1080x1920\2025-09-20__TSC_vs_Greenwood\036__2025-09-20__TSC_vs_Greenwood__PRESSURE_SHOT__t2705.00-t2715.00_portrait_POST.mp4","41702544","out\branded_clips\REELS\2025-09-20__TSC_vs_Greenwood\024__2025-09-20__TSC_vs_Greenwood__PRESSURE_SHOT__t1871.00-t1881.00_portrait_POST__REEL.mp4","18807342","54.9"
"1080x1920@10s","out\reels\portrait_1080x1920\2025-09-20__TSC_vs_Greenwood\036__2025-09-20__TSC_vs_Greenwood__PRESSURE_SHOT__t2705.00-t2715.00_portrait_POST.mp4","41702544","out\branded_clips\REELS\2025-09-20__TSC_vs_Greenwood\036__2025-09-20__TSC_vs_Greenwood__PRESSURE_SHOT__t2705.00-t2715.00_portrait_POST__REEL.mp4","18730110","55.09"
"1080x1920@10s","out\reels\portrait_1080x1920\2025-09-20__TSC_vs_Greenwood\036__2025-09-20__TSC_vs_Greenwood__PRESSURE_SHOT__t2705.00-t2715.00_portrait_POST.mp4","41702544","out\branded_clips\REELS\2025-09-20__TSC_vs_Greenwood\025__2025-09-20__TSC_vs_Greenwood__GOAL__t1885.00-t1895.00_portrait_POST__REEL.mp4","18729936","55.09"
"1080x1920@10s","out\reels\portrait_1080x1920\2025-09-20__TSC_vs_Greenwood\036__2025-09-20__TSC_vs_Greenwood__PRESSURE_SHOT__t2705.00-t2715.00_portrait_POST.mp4","41702544","out\branded_clips\REELS\2025-09-20__TSC_vs_RVFC\041__2025-09-20__TSC_vs_RVFC__CORNER__t2712.00-t2722.00_portrait_POST__REEL.mp4","18508037","55.62"
"1080x1920@10s","out\reels\portrait_1080x1920\2025-09-20__TSC_vs_Greenwood\036__2025-09-20__TSC_vs_Greenwood__PRESSURE_SHOT__t2705.00-t2715.00_portrait_POST.mp4","41702544","out\branded_clips\REELS\2025-09-20__TSC_vs_Greenwood\014__2025-09-20__TSC_vs_Greenwood__PRESSURE_SHOT__t63780.00-t64380.00__REEL.mp4","18250683","56.24"
"1080x1920@10s","out\reels\portrait_1080x1920\2025-09-20__TSC_vs_Greenwood\036__2025-09-20__TSC_vs_Greenwood__PRESSURE_SHOT__t2705.00-t2715.00_portrait_POST.mp4","41702544","out\branded_clips\REELS\2025-09-20__TSC_vs_Greenwood\014__2025-09-20__TSC_vs_Greenwood__PRESSURE_SHOT__t1063.00-t1073.00_portrait_POST__REEL.mp4","18248383","56.24"
"1080x1920@10s","out\reels\portrait_1080x1920\2025-09-20__TSC_vs_Greenwood\036__2025-09-20__TSC_vs_Greenwood__PRESSURE_SHOT__t2705.00-t2715.00_portrait_POST.mp4","41702544","out\branded_clips\REELS\2025-09-20__TSC_vs_RVFC\022__2025-09-20__TSC_vs_RVFC__PRESSURE_SHOT__t78000.00-t78600.00__REEL.mp4","16998239","59.24"
"1080x1920@10s","out\reels\portrait_1080x1920\2025-09-20__TSC_vs_Greenwood\036__2025-09-20__TSC_vs_Greenwood__PRESSURE_SHOT__t2705.00-t2715.00_portrait_POST.mp4","41702544","out\branded_clips\REELS\2025-09-20__TSC_vs_RVFC\022__2025-09-20__TSC_vs_RVFC__PRESSURE_SHOT__t1300.00-t1310.00_portrait_POST__REEL.mp4","16851843","59.59"
"1080x1920@10s","out\reels\portrait_1080x1920\2025-09-20__TSC_vs_Greenwood\036__2025-09-20__TSC_vs_Greenwood__PRESSURE_SHOT__t2705.00-t2715.00_portrait_POST.mp4","41702544","out\upscaled\001__SHOT__t135.00-t145.00__x2.__CINEMATIC.mp4","12282876","70.55"
"1080x1920@10s","out\reels\portrait_1080x1920\2025-09-20__TSC_vs_Greenwood\036__2025-09-20__TSC_vs_Greenwood__PRESSURE_SHOT__t2705.00-t2715.00_portrait_POST.mp4","41702544","out\reels\portrait_1080x1920\misc\001__SHOT__t135.00-t145.00.mp4","12006497","71.21"
"1080x1920@10s","out\reels\portrait_1080x1920\2025-09-20__TSC_vs_Greenwood\036__2025-09-20__TSC_vs_Greenwood__PRESSURE_SHOT__t2705.00-t2715.00_portrait_POST.mp4","41702544","out\portrait_reels\clean\001__SHOT__t135.00-t145.00_portrait_FINAL.mp4","10437318","74.97"
"1080x1920@10s","out\reels\portrait_1080x1920\2025-09-20__TSC_vs_Greenwood\036__2025-09-20__TSC_vs_Greenwood__PRESSURE_SHOT__t2705.00-t2715.00_portrait_POST.mp4","41702544","out\reels\portrait_1080x1920\025__2025-09-20__TSC_vs_Greenwood__GOAL__t1885.00-t1895.00_portrait_POST.mp4","8351393","79.97"
"1080x1920@10s","out\reels\portrait_1080x1920\2025-09-20__TSC_vs_Greenwood\036__2025-09-20__TSC_vs_Greenwood__PRESSURE_SHOT__t2705.00-t2715.00_portrait_POST.mp4","41702544","out\reels\portrait_1080x1920\036__2025-09-20__TSC_vs_Greenwood__PRESSURE_SHOT__t2705.00-t2715.00_portrait_POST.mp4","8302494","80.09"
"1080x1920@10s","out\reels\portrait_1080x1920\2025-09-20__TSC_vs_Greenwood\036__2025-09-20__TSC_vs_Greenwood__PRESSURE_SHOT__t2705.00-t2715.00_portrait_POST.mp4","41702544","out\reels\portrait_1080x1920\029__2025-09-20__TSC_vs_RVFC__PRESSURE_SHOT__t1883.00-t1893.00_portrait_POST.mp4","8205785","80.32"
"1080x1920@10s","out\reels\portrait_1080x1920\2025-09-20__TSC_vs_Greenwood\036__2025-09-20__TSC_vs_Greenwood__PRESSURE_SHOT__t2705.00-t2715.00_portrait_POST.mp4","41702544","out\reels\portrait_1080x1920\041__2025-09-20__TSC_vs_RVFC__CORNER__t2712.00-t2722.00_portrait_POST.mp4","8161092","80.43"
"1080x1920@10s","out\reels\portrait_1080x1920\2025-09-20__TSC_vs_Greenwood\036__2025-09-20__TSC_vs_Greenwood__PRESSURE_SHOT__t2705.00-t2715.00_portrait_POST.mp4","41702544","out\reels\portrait_1080x1920\026__2025-09-20__TSC_vs_RVFC__DRIBBLING_SHOT__t1800.00-t1810.00_portrait_POST.mp4","7774841","81.36"
"1080x1920@10s","out\reels\portrait_1080x1920\2025-09-20__TSC_vs_Greenwood\036__2025-09-20__TSC_vs_Greenwood__PRESSURE_SHOT__t2705.00-t2715.00_portrait_POST.mp4","41702544","out\reels\portrait_1080x1920\001__SHOT__t135.00-t145.00.__DEBUG_FINAL.mp4","7578798","81.83"
"1080x1920@10s","out\reels\portrait_1080x1920\2025-09-20__TSC_vs_Greenwood\036__2025-09-20__TSC_vs_Greenwood__PRESSURE_SHOT__t2705.00-t2715.00_portrait_POST.mp4","41702544","out\reels\portrait_1080x1920\024__2025-09-20__TSC_vs_Greenwood__PRESSURE_SHOT__t1871.00-t1881.00_portrait_POST.mp4","7508182","82"
"1080x1920@10s","out\reels\portrait_1080x1920\2025-09-20__TSC_vs_Greenwood\036__2025-09-20__TSC_vs_Greenwood__PRESSURE_SHOT__t2705.00-t2715.00_portrait_POST.mp4","41702544","out\reels\portrait_1080x1920\022__2025-09-20__TSC_vs_RVFC__PRESSURE_SHOT__t1300.00-t1310.00_portrait_POST.mp4","7314192","82.46"
"1080x1920@10s","out\reels\portrait_1080x1920\2025-09-20__TSC_vs_Greenwood\036__2025-09-20__TSC_vs_Greenwood__PRESSURE_SHOT__t2705.00-t2715.00_portrait_POST.mp4","41702544","out\reels\portrait_1080x1920\014__2025-09-20__TSC_vs_Greenwood__PRESSURE_SHOT__t1063.00-t1073.00_portrait_POST.mp4","7266633","82.58"
"1080x1920@10s","out\reels\portrait_1080x1920\2025-09-20__TSC_vs_Greenwood\036__2025-09-20__TSC_vs_Greenwood__PRESSURE_SHOT__t2705.00-t2715.00_portrait_POST.mp4","41702544","out\reels\portrait_1080x1920\001__2025-09-13__TSC_vs_NEOFC__SHOT__t156-t166.mp4","6287354","84.92"
"1080x1920@10s","out\reels\portrait_1080x1920\2025-09-20__TSC_vs_Greenwood\036__2025-09-20__TSC_vs_Greenwood__PRESSURE_SHOT__t2705.00-t2715.00_portrait_POST.mp4","41702544","out\reels\portrait_1080x1920\001__SHOT__t135.00-t145.00.mp4","5082592","87.81"
"1080x1920@25s","out\reels\portrait_1080x1920\2025-10-12__TSC_SLSG_FallFestival\004__PRESSURE__t640.00-t663.00.__DEBUG_FINAL.mp4","78568106","out\reels\portrait_1080x1920\2025-10-12__TSC_SLSG_FallFestival\011__PRESSURE__t2.711.00-t2.736.00.mp4","76709483","2.37"
"1080x1920@25s","out\reels\portrait_1080x1920\2025-10-12__TSC_SLSG_FallFestival\004__PRESSURE__t640.00-t663.00.__DEBUG_FINAL.mp4","78568106","out\reels\portrait_1080x1920\2025-10-04__TSC_vs_FC_Tulsa_Black\116__2025-10-04__TSC_vs_FC_Tulsa_Black__DRIBBLING__t387-t412.mp4","63966804","18.58"
"1080x1920@25s","out\reels\portrait_1080x1920\2025-10-12__TSC_SLSG_FallFestival\004__PRESSURE__t640.00-t663.00.__DEBUG_FINAL.mp4","78568106","out\branded_clips\REELS\2025-10-04__TSC_vs_FC_Tulsa_Black\001__2025-10-04__TSC_vs_FC_Tulsa_Black__DRIBBLING__t387-t412__REEL.mp4","55257206","29.67"
"1080x1920@25s","out\reels\portrait_1080x1920\2025-10-12__TSC_SLSG_FallFestival\004__PRESSURE__t640.00-t663.00.__DEBUG_FINAL.mp4","78568106","out\branded_clips\REELS\2025-10-04__TSC_vs_FC_Tulsa_Black\001__2025-10-04__TSC_vs_FC_Tulsa_Black__DRIBBLING__t23220.00-t24720.00__REEL.mp4","55080548","29.89"
"1080x1920@25s","out\reels\portrait_1080x1920\2025-10-12__TSC_SLSG_FallFestival\004__PRESSURE__t640.00-t663.00.__DEBUG_FINAL.mp4","78568106","out\branded_clips\REELS\2025-10-04__TSC_vs_FC\001__2025-10-04__TSC_vs_FC_Tulsa_Black__DRIBBLING__t387-t412__REEL.mp4","45123439","42.57"
"1080x1920@25s","out\reels\portrait_1080x1920\2025-10-12__TSC_SLSG_FallFestival\004__PRESSURE__t640.00-t663.00.__DEBUG_FINAL.mp4","78568106","out\branded_clips\REELS\2025-10-04__TSC_vs_FC\001__2025-10-04__TSC_vs_FC_Tulsa_Black__DRIBBLING__t23220.00-t24720.00__REEL.mp4","45116450","42.58"
"1080x1920@25s","out\reels\portrait_1080x1920\2025-10-12__TSC_SLSG_FallFestival\004__PRESSURE__t640.00-t663.00.__DEBUG_FINAL.mp4","78568106","out\portrait_reels\clean\011__PRESSURE__t2.711.00-t2.736.00_portrait_FINAL.mp4","36503530","53.54"
"1080x1920@25s","out\reels\portrait_1080x1920\2025-10-12__TSC_SLSG_FallFestival\004__PRESSURE__t640.00-t663.00.__DEBUG_FINAL.mp4","78568106","out\reels\portrait_1080x1920\001__2025-10-04__TSC_vs_FC_Tulsa_Black__DRIBBLING__t387-t412.mp4","18468270","76.49"
"1080x1920@25s","out\reels\portrait_1080x1920\2025-10-12__TSC_SLSG_FallFestival\004__PRESSURE__t640.00-t663.00.__DEBUG_FINAL.mp4","78568106","out\reels\portrait_1080x1920\004__PRESSURE__t640.00-t663.00.__DEBUG_FINAL.mp4","17863350","77.26"
"1080x1920@25s","out\reels\portrait_1080x1920\2025-10-12__TSC_SLSG_FallFestival\004__PRESSURE__t640.00-t663.00.__DEBUG_FINAL.mp4","78568106","out\reels\portrait_1080x1920\011__PRESSURE__t2.711.00-t2.736.00.mp4","17516526","77.71"
"1080x1920@25s","out\reels\portrait_1080x1920\2025-10-12__TSC_SLSG_FallFestival\004__PRESSURE__t640.00-t663.00.__DEBUG_FINAL.mp4","78568106","out\reels\portrait_1080x1920\116__2025-10-04__TSC_vs_FC_Tulsa_Black__DRIBBLING__t387-t412.mp4","15872777","79.8"
"1080x1920@1618.9s","out\reels\portrait_1080x1920\2025-10-12__TSC_SLSG_FallFestival\001__RAW__t0.00-t0.00.__DEBUG_FINAL.mp4","4800649176","out\reels\portrait_1080x1920\2025-10-12__TSC_SLSG_FallFestival\001__RAW__t0.00-t0.00.mp4","4706267095","1.97"
"1080x1920@1618.9s","out\reels\portrait_1080x1920\2025-10-12__TSC_SLSG_FallFestival\001__RAW__t0.00-t0.00.__DEBUG_FINAL.mp4","4800649176","out\upscaled\001__RAW__t0.00-t0.00__x2.__CINEMATIC.mp4","2040155931","57.5"
"1080x1920@1618.9s","out\reels\portrait_1080x1920\2025-10-12__TSC_SLSG_FallFestival\001__RAW__t0.00-t0.00.__DEBUG_FINAL.mp4","4800649176","out\portrait_reels\clean\001__RAW__t0.00-t0.00_portrait_FINAL.mp4","1952324400","59.33"
"1080x1920@1618.9s","out\reels\portrait_1080x1920\2025-10-12__TSC_SLSG_FallFestival\001__RAW__t0.00-t0.00.__DEBUG_FINAL.mp4","4800649176","out\reels\portrait_1080x1920\001__RAW__t0.00-t0.00.__DEBUG_FINAL.mp4","1105028605","76.98"
"1080x1920@12.5s","out\portrait_reels\reels\001__SHOT__t155.50-t166.40_portrait.mp4","30212544","out\reels\portrait_1080x1920\_quarantine\001__SHOT__t155.50-t166.40.mp4","24512471","18.87"
"1080x1920@12.5s","out\portrait_reels\reels\001__SHOT__t155.50-t166.40_portrait.mp4","30212544","out\portrait_reels\reels\001__SHOT__t155.50-t166.40_portrait_POLISHED.mp4","13299805","55.98"
"1080x1920@12.5s","out\portrait_reels\reels\001__SHOT__t155.50-t166.40_portrait.mp4","30212544","out\portrait_reels\reels\001__SHOT__t155.50-t166.40_portrait_POST.mp4","12154437","59.77"
"1080x1920@12.5s","out\portrait_reels\reels\001__SHOT__t155.50-t166.40_portrait.mp4","30212544","out\portrait_reels\reels\001__SHOT__t155.50-t166.40_portrait_BRAND.mp4","11977860","60.35"
"1080x1920@12.5s","out\portrait_reels\reels\001__SHOT__t155.50-t166.40_portrait.mp4","30212544","out\reels\portrait_1080x1920\001__SHOT__t155.50-t166.40.mp4","7789784","74.22"
"1080x1920@12.5s","out\portrait_reels\reels\001__SHOT__t155.50-t166.40_portrait.mp4","30212544","out\reels\tiktok\001__GOAL__t155.50-t166.40__BASE__tiktok.mp4","7533187","75.07"
"1080x1920@10.4s","out\reels\portrait_1080x1920\misc\002__GOAL__t180.80-t191.20.mp4","40122232","out\reels\portrait_1080x1920\2025-09-13__TSC_vs_NEOFC\002__2025-09-13__TSC_vs_NEOFC__GOAL__t180.80-t191.20.__DEBUG_FINAL_portrait_FINAL.mp4","19656257","51.01"
"1080x1920@10.4s","out\reels\portrait_1080x1920\misc\002__GOAL__t180.80-t191.20.mp4","40122232","out\branded_clips\REELS\2025-09-13__TSC_vs_NEOFC\002__2025-09-13__TSC_vs_NEOFC__GOAL__t180.80-t191.20.__DEBUG_FINAL_portrait_FINAL__REEL.mp4","19114286","52.36"
"1080x1920@10.4s","out\reels\portrait_1080x1920\misc\002__GOAL__t180.80-t191.20.mp4","40122232","out\portrait_reels\branded\005__2025-10-04__TSC_vs_FC_Tulsa_Black__SHOT__t600.00-t607.00_portrait_POST.mp4","11526269","71.27"
"1080x1920@10.4s","out\reels\portrait_1080x1920\misc\002__GOAL__t180.80-t191.20.mp4","40122232","out\portrait_reels\branded\027__2025-09-20__TSC_vs_RVFC__SHOT__t1827.00-t1834.00_portrait_POST.mp4","11377765","71.64"
"1080x1920@10.4s","out\reels\portrait_1080x1920\misc\002__GOAL__t180.80-t191.20.mp4","40122232","out\portrait_reels\branded\020__2025-09-20__TSC_vs_RVFC__SHOT__t1236.00-t1243.00_portrait_POST.mp4","11248198","71.97"
"1080x1920@10.4s","out\reels\portrait_1080x1920\misc\002__GOAL__t180.80-t191.20.mp4","40122232","out\portrait_reels\branded\015__2025-09-20__TSC_vs_RVFC__SHOT__t930.00-t937.00_portrait_POST.mp4","10568223","73.66"
"1080x1920@10.4s","out\reels\portrait_1080x1920\misc\002__GOAL__t180.80-t191.20.mp4","40122232","out\portrait_reels\branded\015__2025-09-20__TSC_vs_Greenwood__SHOT__t1081.00-t1088.00_portrait_POST.mp4","9892125","75.35"
"1080x1920@10.4s","out\reels\portrait_1080x1920\misc\002__GOAL__t180.80-t191.20.mp4","40122232","out\reels\portrait_1080x1920\002__2025-09-13__TSC_vs_NEOFC__GOAL__t180.80-t191.20.__DEBUG_FINAL_portrait_FINAL.mp4","6449413","83.93"
"1080x1920@11.5s","out\reels\portrait_1080x1920\_quarantine\002__GOAL__t180.80-t191.20.mp4","21365347","out\portrait_reels\reels\002__GOAL__t180.80-t191.20_portrait.mp4","15619095","26.9"
"1080x1920@11.5s","out\reels\portrait_1080x1920\_quarantine\002__GOAL__t180.80-t191.20.mp4","21365347","out\portrait_reels\branded\025__2025-09-20__TSC_vs_RVFC__PRESSURE_GOAL__t1512.00-t1520.00_portrait_POST.mp4","13865267","35.1"
"1080x1920@11.5s","out\reels\portrait_1080x1920\_quarantine\002__GOAL__t180.80-t191.20.mp4","21365347","out\portrait_reels\branded\022__2025-09-20__TSC_vs_Greenwood__GOAL__t1578.00-t1586.00_portrait_POST.mp4","13196137","38.24"
"1080x1920@11.5s","out\reels\portrait_1080x1920\_quarantine\002__GOAL__t180.80-t191.20.mp4","21365347","out\portrait_reels\branded\015__DRIBBLING__t1972.50-t1980.70_portrait_POST.mp4","9749046","54.37"
"1080x1920@11.5s","out\reels\portrait_1080x1920\_quarantine\002__GOAL__t180.80-t191.20.mp4","21365347","out\reels\tiktok\002__SHOT__t180.80-t191.20__ZOOM__tiktok.mp4","9093444","57.44"
"1080x1920@11.5s","out\reels\portrait_1080x1920\_quarantine\002__GOAL__t180.80-t191.20.mp4","21365347","out\portrait_reels\branded\015__DRIBBLING__t1972.50-t1980.70_portrait_BRAND.mp4","9084403","57.48"
"1080x1920@11.5s","out\reels\portrait_1080x1920\_quarantine\002__GOAL__t180.80-t191.20.mp4","21365347","out\reels\tiktok\test_fix.mp4","8888999","58.4"
"1080x1920@11.5s","out\reels\portrait_1080x1920\_quarantine\002__GOAL__t180.80-t191.20.mp4","21365347","out\portrait_reels\branded\007__DRIBBLING__t982.00-t987.90_portrait_BRAND.mp4","8755506","59.02"
"1080x1920@11.5s","out\reels\portrait_1080x1920\_quarantine\002__GOAL__t180.80-t191.20.mp4","21365347","out\reels\portrait_1080x1920\002__GOAL__t180.80-t191.20.mp4","7038194","67.06"
"1080x1920@11.5s","out\reels\portrait_1080x1920\_quarantine\002__GOAL__t180.80-t191.20.mp4","21365347","out\reels\tiktok\002__SHOT__t180.80-t191.20__BASE__tiktok.mp4","6872443","67.83"
"1080x1920@696.9s","out\reels\portrait_1080x1920\2025-10-12__TSC_SLSG_FallFestival\002__RAW__t0.00-t0.00.__DEBUG_FINAL.mp4","1640522175","out\reels\portrait_1080x1920\2025-10-12__TSC_SLSG_FallFestival\002__RAW__t0.00-t0.00.mp4","1583902830","3.45"
"1080x1920@696.9s","out\reels\portrait_1080x1920\2025-10-12__TSC_SLSG_FallFestival\002__RAW__t0.00-t0.00.__DEBUG_FINAL.mp4","1640522175","out\upscaled\002__RAW__t0.00-t0.00__x2.__CINEMATIC.mp4","805420171","50.9"
"1080x1920@696.9s","out\reels\portrait_1080x1920\2025-10-12__TSC_SLSG_FallFestival\002__RAW__t0.00-t0.00.__DEBUG_FINAL.mp4","1640522175","out\portrait_reels\clean\002__RAW__t0.00-t0.00_portrait_FINAL.mp4","763542152","53.46"
"1080x1920@696.9s","out\reels\portrait_1080x1920\2025-10-12__TSC_SLSG_FallFestival\002__RAW__t0.00-t0.00.__DEBUG_FINAL.mp4","1640522175","out\reels\portrait_1080x1920\002__RAW__t0.00-t0.00.__DEBUG_FINAL.mp4","418294459","74.5"
"1080x1920@21s","out\reels\portrait_1080x1920\2025-09-20__TSC_vs_Greenwood\031__2025-09-20__TSC_vs_Greenwood__BUILD_UP_PLAY_SHOT__t2245.00-t2266.00_portrait_POST.mp4","80080047","out\reels\portrait_1080x1920\misc\002__SHOT__t185.00-t206.00.__DEBUG_FINAL.mp4","72837661","9.04"
"1080x1920@21s","out\reels\portrait_1080x1920\2025-09-20__TSC_vs_Greenwood\031__2025-09-20__TSC_vs_Greenwood__BUILD_UP_PLAY_SHOT__t2245.00-t2266.00_portrait_POST.mp4","80080047","out\reels\portrait_1080x1920\2025-09-20__TSC_vs_RVFC\039__2025-09-20__TSC_vs_RVFC__PRESSURE_GOAL__t2485.00-t2506.00_portrait_POST.mp4","68502417","14.46"
"1080x1920@21s","out\reels\portrait_1080x1920\2025-09-20__TSC_vs_Greenwood\031__2025-09-20__TSC_vs_Greenwood__BUILD_UP_PLAY_SHOT__t2245.00-t2266.00_portrait_POST.mp4","80080047","out\reels\portrait_1080x1920\misc\014__GOAL__t1904.20-t1925.20.mp4","60639057","24.28"
"1080x1920@21s","out\reels\portrait_1080x1920\2025-09-20__TSC_vs_Greenwood\031__2025-09-20__TSC_vs_Greenwood__BUILD_UP_PLAY_SHOT__t2245.00-t2266.00_portrait_POST.mp4","80080047","out\reels\portrait_1080x1920\2025-10-12__TSC_SLSG_FallFestival\002__SHOT__t185.00-t206.00.__DEBUG_FINAL.mp4","43241557","46"
"1080x1920@21s","out\reels\portrait_1080x1920\2025-09-20__TSC_vs_Greenwood\031__2025-09-20__TSC_vs_Greenwood__BUILD_UP_PLAY_SHOT__t2245.00-t2266.00_portrait_POST.mp4","80080047","out\reels\portrait_1080x1920\2025-10-12__TSC_SLSG_FallFestival\002__SHOT__t185.00-t206.00.mp4","41450734","48.24"
"1080x1920@21s","out\reels\portrait_1080x1920\2025-09-20__TSC_vs_Greenwood\031__2025-09-20__TSC_vs_Greenwood__BUILD_UP_PLAY_SHOT__t2245.00-t2266.00_portrait_POST.mp4","80080047","out\reels\portrait_1080x1920\2025-09-13__TSC_vs_NEOFC\014__2025-09-13__TSC_vs_NEOFC__GOAL__t1904.20-t1925.20_portrait_POST.mp4","41407045","48.29"
"1080x1920@21s","out\reels\portrait_1080x1920\2025-09-20__TSC_vs_Greenwood\031__2025-09-20__TSC_vs_Greenwood__BUILD_UP_PLAY_SHOT__t2245.00-t2266.00_portrait_POST.mp4","80080047","out\branded_clips\REELS\2025-09-20__TSC_vs_RVFC\039__2025-09-20__TSC_vs_RVFC__PRESSURE_GOAL__t2485.00-t2506.00_portrait_POST__REEL.mp4","38122726","52.39"
"1080x1920@21s","out\reels\portrait_1080x1920\2025-09-20__TSC_vs_Greenwood\031__2025-09-20__TSC_vs_Greenwood__BUILD_UP_PLAY_SHOT__t2245.00-t2266.00_portrait_POST.mp4","80080047","out\branded_clips\REELS\2025-09-20__TSC_vs_Greenwood\031__2025-09-20__TSC_vs_Greenwood__BUILD_UP_PLAY_SHOT__t2245.00-t2266.00_portrait_POST__REEL.mp4","38106058","52.42"
"1080x1920@21s","out\reels\portrait_1080x1920\2025-09-20__TSC_vs_Greenwood\031__2025-09-20__TSC_vs_Greenwood__BUILD_UP_PLAY_SHOT__t2245.00-t2266.00_portrait_POST.mp4","80080047","out\branded_clips\REELS\2025-09-13__TSC_vs_NEOFC\014__2025-09-13__TSC_vs_NEOFC__GOAL__t1904.20-t1925.20_portrait_POST__REEL.mp4","37454390","53.23"
"1080x1920@21s","out\reels\portrait_1080x1920\2025-09-20__TSC_vs_Greenwood\031__2025-09-20__TSC_vs_Greenwood__BUILD_UP_PLAY_SHOT__t2245.00-t2266.00_portrait_POST.mp4","80080047","out\reels\portrait_1080x1920\misc\002__SHOT__t185.00-t206.00.mp4","34232876","57.25"
"1080x1920@21s","out\reels\portrait_1080x1920\2025-09-20__TSC_vs_Greenwood\031__2025-09-20__TSC_vs_Greenwood__BUILD_UP_PLAY_SHOT__t2245.00-t2266.00_portrait_POST.mp4","80080047","out\portrait_reels\clean\002__SHOT__t185.00-t206.00_portrait_FINAL.mp4","26849023","66.47"
"1080x1920@21s","out\reels\portrait_1080x1920\2025-09-20__TSC_vs_Greenwood\031__2025-09-20__TSC_vs_Greenwood__BUILD_UP_PLAY_SHOT__t2245.00-t2266.00_portrait_POST.mp4","80080047","out\upscaled\002__SHOT__t185.00-t206.00__x2.__CINEMATIC.mp4","25992641","67.54"
"1080x1920@21s","out\reels\portrait_1080x1920\2025-09-20__TSC_vs_Greenwood\031__2025-09-20__TSC_vs_Greenwood__BUILD_UP_PLAY_SHOT__t2245.00-t2266.00_portrait_POST.mp4","80080047","out\reels\portrait_1080x1920\002__SHOT__t185.00-t206.00.__DEBUG_FINAL.mp4","17394495","78.28"
"1080x1920@21s","out\reels\portrait_1080x1920\2025-09-20__TSC_vs_Greenwood\031__2025-09-20__TSC_vs_Greenwood__BUILD_UP_PLAY_SHOT__t2245.00-t2266.00_portrait_POST.mp4","80080047","out\reels\portrait_1080x1920\039__2025-09-20__TSC_vs_RVFC__PRESSURE_GOAL__t2485.00-t2506.00_portrait_POST.mp4","16348242","79.59"
"1080x1920@21s","out\reels\portrait_1080x1920\2025-09-20__TSC_vs_Greenwood\031__2025-09-20__TSC_vs_Greenwood__BUILD_UP_PLAY_SHOT__t2245.00-t2266.00_portrait_POST.mp4","80080047","out\reels\portrait_1080x1920\031__2025-09-20__TSC_vs_Greenwood__BUILD_UP_PLAY_SHOT__t2245.00-t2266.00_portrait_POST.mp4","15646896","80.46"
"1080x1920@21s","out\reels\portrait_1080x1920\2025-09-20__TSC_vs_Greenwood\031__2025-09-20__TSC_vs_Greenwood__BUILD_UP_PLAY_SHOT__t2245.00-t2266.00_portrait_POST.mp4","80080047","out\reels\portrait_1080x1920\014__2025-09-13__TSC_vs_NEOFC__GOAL__t1904.20-t1925.20_portrait_POST.mp4","12780374","84.04"
"1080x1920@21s","out\reels\portrait_1080x1920\2025-09-20__TSC_vs_Greenwood\031__2025-09-20__TSC_vs_Greenwood__BUILD_UP_PLAY_SHOT__t2245.00-t2266.00_portrait_POST.mp4","80080047","out\reels\portrait_1080x1920\002__SHOT__t185.00-t206.00.mp4","12483664","84.41"
"1080x1920@23.9s","out\reels\portrait_1080x1920\misc\003__BUILD_UP__t224.80-t248.70.mp4","69247721","out\reels\portrait_1080x1920\2025-09-13__TSC_vs_NEOFC\003__2025-09-13__TSC_vs_NEOFC__BUILD_UP__t224.80-t248.70.__DEBUG_FINAL_portrait_FINAL.mp4","45568767","34.19"
"1080x1920@23.9s","out\reels\portrait_1080x1920\misc\003__BUILD_UP__t224.80-t248.70.mp4","69247721","out\branded_clips\REELS\2025-09-13__TSC_vs_NEOFC\003__2025-09-13__TSC_vs_NEOFC__BUILD_UP__t224.80-t248.70.__DEBUG_FINAL_portrait_FINAL__REEL.mp4","42638757","38.43"
"1080x1920@23.9s","out\reels\portrait_1080x1920\misc\003__BUILD_UP__t224.80-t248.70.mp4","69247721","out\reels\portrait_1080x1920\003__2025-09-13__TSC_vs_NEOFC__BUILD_UP__t224.80-t248.70.__DEBUG_FINAL_portrait_FINAL.mp4","14867389","78.53"
"1080x1920@20s","out\reels\portrait_1080x1920\2025-09-20__TSC_vs_Greenwood\003__2025-09-20__TSC_vs_Greenwood__BUILD_UP_PLAY_SHOT__t421.00-t441.00_portrait_POST.mp4","81481909","out\reels\portrait_1080x1920\2025-09-20__TSC_vs_Greenwood\033__2025-09-20__TSC_vs_Greenwood__GOAL__t2562.00-t2582.00_portrait_POST.mp4","78668744","3.45"
"1080x1920@20s","out\reels\portrait_1080x1920\2025-09-20__TSC_vs_Greenwood\003__2025-09-20__TSC_vs_Greenwood__BUILD_UP_PLAY_SHOT__t421.00-t441.00_portrait_POST.mp4","81481909","out\reels\portrait_1080x1920\2025-09-20__TSC_vs_Greenwood\039__2025-09-20__TSC_vs_Greenwood__BUILD_UP_PLAY_SHOT__t2894.00-t2914.00_portrait_POST.mp4","78077481","4.18"
"1080x1920@20s","out\reels\portrait_1080x1920\2025-09-20__TSC_vs_Greenwood\003__2025-09-20__TSC_vs_Greenwood__BUILD_UP_PLAY_SHOT__t421.00-t441.00_portrait_POST.mp4","81481909","out\reels\portrait_1080x1920\2025-09-20__TSC_vs_Greenwood\037__2025-09-20__TSC_vs_Greenwood__PRESSURE_GOAL__t2729.00-t2749.00_portrait_POST.mp4","73284606","10.06"
"1080x1920@20s","out\reels\portrait_1080x1920\2025-09-20__TSC_vs_Greenwood\003__2025-09-20__TSC_vs_Greenwood__BUILD_UP_PLAY_SHOT__t421.00-t441.00_portrait_POST.mp4","81481909","out\reels\portrait_1080x1920\2025-09-20__TSC_vs_RVFC\038__2025-09-20__TSC_vs_RVFC__PRESSURE_GOAL__t2411.00-t2431.00_portrait_POST.mp4","66680430","18.17"
"1080x1920@20s","out\reels\portrait_1080x1920\2025-09-20__TSC_vs_Greenwood\003__2025-09-20__TSC_vs_Greenwood__BUILD_UP_PLAY_SHOT__t421.00-t441.00_portrait_POST.mp4","81481909","out\branded_clips\REELS\2025-09-20__TSC_vs_Greenwood\033__2025-09-20__TSC_vs_Greenwood__GOAL__t2562.00-t2582.00_portrait_POST__REEL.mp4","36571284","55.12"
"1080x1920@20s","out\reels\portrait_1080x1920\2025-09-20__TSC_vs_Greenwood\003__2025-09-20__TSC_vs_Greenwood__BUILD_UP_PLAY_SHOT__t421.00-t441.00_portrait_POST.mp4","81481909","out\branded_clips\REELS\2025-09-20__TSC_vs_RVFC\038__2025-09-20__TSC_vs_RVFC__PRESSURE_GOAL__t2411.00-t2431.00_portrait_POST__REEL.mp4","36570526","55.12"
"1080x1920@20s","out\reels\portrait_1080x1920\2025-09-20__TSC_vs_Greenwood\003__2025-09-20__TSC_vs_Greenwood__BUILD_UP_PLAY_SHOT__t421.00-t441.00_portrait_POST.mp4","81481909","out\branded_clips\REELS\2025-09-20__TSC_vs_Greenwood\037__2025-09-20__TSC_vs_Greenwood__PRESSURE_GOAL__t2729.00-t2749.00_portrait_POST__REEL.mp4","36523315","55.18"
"1080x1920@20s","out\reels\portrait_1080x1920\2025-09-20__TSC_vs_Greenwood\003__2025-09-20__TSC_vs_Greenwood__BUILD_UP_PLAY_SHOT__t421.00-t441.00_portrait_POST.mp4","81481909","out\branded_clips\REELS\2025-09-20__TSC_vs_Greenwood\039__2025-09-20__TSC_vs_Greenwood__BUILD_UP_PLAY_SHOT__t2894.00-t2914.00_portrait_POST__REEL.mp4","36451818","55.26"
"1080x1920@20s","out\reels\portrait_1080x1920\2025-09-20__TSC_vs_Greenwood\003__2025-09-20__TSC_vs_Greenwood__BUILD_UP_PLAY_SHOT__t421.00-t441.00_portrait_POST.mp4","81481909","out\branded_clips\REELS\2025-09-20__TSC_vs_Greenwood\003__2025-09-20__TSC_vs_Greenwood__BUILD_UP_PLAY_SHOT__t25260.00-t26460.00__REEL.mp4","36440480","55.28"
"1080x1920@20s","out\reels\portrait_1080x1920\2025-09-20__TSC_vs_Greenwood\003__2025-09-20__TSC_vs_Greenwood__BUILD_UP_PLAY_SHOT__t421.00-t441.00_portrait_POST.mp4","81481909","out\branded_clips\REELS\2025-09-20__TSC_vs_Greenwood\003__2025-09-20__TSC_vs_Greenwood__BUILD_UP_PLAY_SHOT__t421.00-t441.00_portrait_POST__REEL.mp4","36400497","55.33"
"1080x1920@20s","out\reels\portrait_1080x1920\2025-09-20__TSC_vs_Greenwood\003__2025-09-20__TSC_vs_Greenwood__BUILD_UP_PLAY_SHOT__t421.00-t441.00_portrait_POST.mp4","81481909","out\reels\portrait_1080x1920\033__2025-09-20__TSC_vs_Greenwood__GOAL__t2562.00-t2582.00_portrait_POST.mp4","16730605","79.47"
"1080x1920@20s","out\reels\portrait_1080x1920\2025-09-20__TSC_vs_Greenwood\003__2025-09-20__TSC_vs_Greenwood__BUILD_UP_PLAY_SHOT__t421.00-t441.00_portrait_POST.mp4","81481909","out\reels\portrait_1080x1920\003__2025-09-20__TSC_vs_Greenwood__BUILD_UP_PLAY_SHOT__t421.00-t441.00_portrait_POST.mp4","16358782","79.92"
"1080x1920@20s","out\reels\portrait_1080x1920\2025-09-20__TSC_vs_Greenwood\003__2025-09-20__TSC_vs_Greenwood__BUILD_UP_PLAY_SHOT__t421.00-t441.00_portrait_POST.mp4","81481909","out\reels\portrait_1080x1920\039__2025-09-20__TSC_vs_Greenwood__BUILD_UP_PLAY_SHOT__t2894.00-t2914.00_portrait_POST.mp4","16230622","80.08"
"1080x1920@20s","out\reels\portrait_1080x1920\2025-09-20__TSC_vs_Greenwood\003__2025-09-20__TSC_vs_Greenwood__BUILD_UP_PLAY_SHOT__t421.00-t441.00_portrait_POST.mp4","81481909","out\reels\portrait_1080x1920\037__2025-09-20__TSC_vs_Greenwood__PRESSURE_GOAL__t2729.00-t2749.00_portrait_POST.mp4","16138787","80.19"
"1080x1920@20s","out\reels\portrait_1080x1920\2025-09-20__TSC_vs_Greenwood\003__2025-09-20__TSC_vs_Greenwood__BUILD_UP_PLAY_SHOT__t421.00-t441.00_portrait_POST.mp4","81481909","out\reels\portrait_1080x1920\038__2025-09-20__TSC_vs_RVFC__PRESSURE_GOAL__t2411.00-t2431.00_portrait_POST.mp4","14704988","81.95"
"1080x1920@33.9s","out\reels\portrait_1080x1920\_quarantine\003__BUILD_UP__t224.80-t248.70.mp4","62886206","out\portrait_reels\reels\003__BUILD_UP__t224.80-t248.70_portrait.mp4","37487047","40.39"
"1080x1920@33.9s","out\reels\portrait_1080x1920\_quarantine\003__BUILD_UP__t224.80-t248.70.mp4","62886206","out\reels\portrait_1080x1920\003__BUILD_UP__t224.80-t248.70.mp4","20063965","68.09"
"1080x1920@32s","out\reels\portrait_1080x1920\misc\003__DEFENSE__t310.00-t342.00.__DEBUG_FINAL.mp4","98453991","out\reels\portrait_1080x1920\2025-10-12__TSC_SLSG_FallFestival\003__DEFENSE__t310.00-t342.00.__DEBUG_FINAL.mp4","78876360","19.89"
"1080x1920@32s","out\reels\portrait_1080x1920\misc\003__DEFENSE__t310.00-t342.00.__DEBUG_FINAL.mp4","98453991","out\reels\portrait_1080x1920\2025-10-12__TSC_SLSG_FallFestival\003__DEFENSE__t310.00-t342.00.mp4","75840897","22.97"
"1080x1920@32s","out\reels\portrait_1080x1920\misc\003__DEFENSE__t310.00-t342.00.__DEBUG_FINAL.mp4","98453991","out\reels\portrait_1080x1920\misc\003__DEFENSE__t310.00-t342.00.mp4","60510241","38.54"
"1080x1920@32s","out\reels\portrait_1080x1920\misc\003__DEFENSE__t310.00-t342.00.__DEBUG_FINAL.mp4","98453991","out\portrait_reels\clean\003__DEFENSE__t310.00-t342.00_portrait_FINAL.mp4","48054513","51.19"
"1080x1920@32s","out\reels\portrait_1080x1920\misc\003__DEFENSE__t310.00-t342.00.__DEBUG_FINAL.mp4","98453991","out\upscaled\003__DEFENSE__t310.00-t342.00__x2.__CINEMATIC.mp4","37970582","61.43"
"1080x1920@32s","out\reels\portrait_1080x1920\misc\003__DEFENSE__t310.00-t342.00.__DEBUG_FINAL.mp4","98453991","out\reels\portrait_1080x1920\003__DEFENSE__t310.00-t342.00.__DEBUG_FINAL.mp4","24418225","75.2"
"1080x1920@32s","out\reels\portrait_1080x1920\misc\003__DEFENSE__t310.00-t342.00.__DEBUG_FINAL.mp4","98453991","out\reels\portrait_1080x1920\003__DEFENSE__t310.00-t342.00.mp4","21069562","78.6"
"1080x1920@834.7s","out\reels\portrait_1080x1920\2025-10-12__TSC_SLSG_FallFestival\003__RAW__t0.00-t0.00.__DEBUG_FINAL.mp4","2589727157","out\reels\portrait_1080x1920\2025-10-12__TSC_SLSG_FallFestival\003__RAW__t0.00-t0.00.mp4","2566586232","0.89"
"1080x1920@834.7s","out\reels\portrait_1080x1920\2025-10-12__TSC_SLSG_FallFestival\003__RAW__t0.00-t0.00.__DEBUG_FINAL.mp4","2589727157","out\upscaled\003__RAW__t0.00-t0.00__x2.__CINEMATIC.mp4","1058656409","59.12"
"1080x1920@834.7s","out\reels\portrait_1080x1920\2025-10-12__TSC_SLSG_FallFestival\003__RAW__t0.00-t0.00.__DEBUG_FINAL.mp4","2589727157","out\portrait_reels\clean\003__RAW__t0.00-t0.00_portrait_FINAL.mp4","1020977828","60.58"
"1080x1920@834.7s","out\reels\portrait_1080x1920\2025-10-12__TSC_SLSG_FallFestival\003__RAW__t0.00-t0.00.__DEBUG_FINAL.mp4","2589727157","out\reels\portrait_1080x1920\003__RAW__t0.00-t0.00.__DEBUG_FINAL.mp4","563076441","78.26"
"1080x1920@16.6s","out\reels\portrait_1080x1920\misc\004__GOAL__t266.50-t283.10.mp4","54903460","out\branded_clips\REELS\2025-09-13__TSC_vs_NEOFC\004__2025-09-13__TSC_vs_NEOFC__GOAL__t266.50-t283.10.__DEBUG_FINAL_portrait_FINAL__REEL.mp4","29703657","45.9"
"1080x1920@16.6s","out\reels\portrait_1080x1920\misc\004__GOAL__t266.50-t283.10.mp4","54903460","out\reels\portrait_1080x1920\2025-09-13__TSC_vs_NEOFC\004__2025-09-13__TSC_vs_NEOFC__GOAL__t266.50-t283.10.__DEBUG_FINAL_portrait_FINAL.mp4","29147020","46.91"
"1080x1920@16.6s","out\reels\portrait_1080x1920\misc\004__GOAL__t266.50-t283.10.mp4","54903460","out\reels\portrait_1080x1920\004__2025-09-13__TSC_vs_NEOFC__GOAL__t266.50-t283.10.__DEBUG_FINAL_portrait_FINAL.mp4","9966673","81.85"
"1080x1920@12s","out\reels\portrait_1080x1920\2025-09-20__TSC_vs_Greenwood\017__2025-09-20__TSC_vs_Greenwood__PRESSURE_SHOT__t1212.00-t1224.00_portrait_POST.mp4","42417443","out\reels\portrait_1080x1920\2025-09-20__TSC_vs_Greenwood\004__2025-09-20__TSC_vs_Greenwood__PRESSURE_TWO_SHOTS__t444.00-t456.00_portrait_POST.mp4","41200244","2.87"
"1080x1920@12s","out\reels\portrait_1080x1920\2025-09-20__TSC_vs_Greenwood\017__2025-09-20__TSC_vs_Greenwood__PRESSURE_SHOT__t1212.00-t1224.00_portrait_POST.mp4","42417443","out\reels\portrait_1080x1920\2025-10-12__TSC_SLSG_FallFestival\010__PRESSURE__t2.694.00-t2.706.00.mp4","37163951","12.39"
"1080x1920@12s","out\reels\portrait_1080x1920\2025-09-20__TSC_vs_Greenwood\017__2025-09-20__TSC_vs_Greenwood__PRESSURE_SHOT__t1212.00-t1224.00_portrait_POST.mp4","42417443","out\reels\portrait_1080x1920\2025-10-12__TSC_SLSG_FallFestival\009__BUILD_UP__t2.673.00-t2.685.00.mp4","33522698","20.97"
"1080x1920@12s","out\reels\portrait_1080x1920\2025-09-20__TSC_vs_Greenwood\017__2025-09-20__TSC_vs_Greenwood__PRESSURE_SHOT__t1212.00-t1224.00_portrait_POST.mp4","42417443","out\branded_clips\REELS\2025-09-20__TSC_vs_Greenwood\004__2025-09-20__TSC_vs_Greenwood__PRESSURE_TWO_SHOTS__t444.00-t456.00_portrait_POST__REEL.mp4","22165094","47.75"
"1080x1920@12s","out\reels\portrait_1080x1920\2025-09-20__TSC_vs_Greenwood\017__2025-09-20__TSC_vs_Greenwood__PRESSURE_SHOT__t1212.00-t1224.00_portrait_POST.mp4","42417443","out\branded_clips\REELS\2025-09-20__TSC_vs_Greenwood\017__2025-09-20__TSC_vs_Greenwood__PRESSURE_SHOT__t1212.00-t1224.00_portrait_POST__REEL.mp4","22144196","47.79"
"1080x1920@12s","out\reels\portrait_1080x1920\2025-09-20__TSC_vs_Greenwood\017__2025-09-20__TSC_vs_Greenwood__PRESSURE_SHOT__t1212.00-t1224.00_portrait_POST.mp4","42417443","out\branded_clips\REELS\2025-09-20__TSC_vs_Greenwood\017__2025-09-20__TSC_vs_Greenwood__PRESSURE_SHOT__t72720.00-t73440.00__REEL.mp4","22138706","47.81"
"1080x1920@12s","out\reels\portrait_1080x1920\2025-09-20__TSC_vs_Greenwood\017__2025-09-20__TSC_vs_Greenwood__PRESSURE_SHOT__t1212.00-t1224.00_portrait_POST.mp4","42417443","out\branded_clips\REELS\2025-09-20__TSC_vs_Greenwood\004__2025-09-20__TSC_vs_Greenwood__PRESSURE_TWO_SHOTS__t26640.00-t27360.00__REEL.mp4","22118479","47.86"
"1080x1920@12s","out\reels\portrait_1080x1920\2025-09-20__TSC_vs_Greenwood\017__2025-09-20__TSC_vs_Greenwood__PRESSURE_SHOT__t1212.00-t1224.00_portrait_POST.mp4","42417443","out\portrait_reels\clean\010__PRESSURE__t2.694.00-t2.706.00_portrait_FINAL.mp4","16143354","61.94"
"1080x1920@12s","out\reels\portrait_1080x1920\2025-09-20__TSC_vs_Greenwood\017__2025-09-20__TSC_vs_Greenwood__PRESSURE_SHOT__t1212.00-t1224.00_portrait_POST.mp4","42417443","out\portrait_reels\clean\009__BUILD_UP__t2.673.00-t2.685.00_portrait_FINAL.mp4","16016273","62.24"
"1080x1920@12s","out\reels\portrait_1080x1920\2025-09-20__TSC_vs_Greenwood\017__2025-09-20__TSC_vs_Greenwood__PRESSURE_SHOT__t1212.00-t1224.00_portrait_POST.mp4","42417443","out\reels\portrait_1080x1920\004__2025-09-20__TSC_vs_Greenwood__PRESSURE_TWO_SHOTS__t444.00-t456.00_portrait_POST.mp4","9971052","76.49"
"1080x1920@12s","out\reels\portrait_1080x1920\2025-09-20__TSC_vs_Greenwood\017__2025-09-20__TSC_vs_Greenwood__PRESSURE_SHOT__t1212.00-t1224.00_portrait_POST.mp4","42417443","out\reels\portrait_1080x1920\017__2025-09-20__TSC_vs_Greenwood__PRESSURE_SHOT__t1212.00-t1224.00_portrait_POST.mp4","9190902","78.33"
"1080x1920@12s","out\reels\portrait_1080x1920\2025-09-20__TSC_vs_Greenwood\017__2025-09-20__TSC_vs_Greenwood__PRESSURE_SHOT__t1212.00-t1224.00_portrait_POST.mp4","42417443","out\reels\portrait_1080x1920\009__BUILD_UP__t2.673.00-t2.685.00.mp4","8144653","80.8"
"1080x1920@12s","out\reels\portrait_1080x1920\2025-09-20__TSC_vs_Greenwood\017__2025-09-20__TSC_vs_Greenwood__PRESSURE_SHOT__t1212.00-t1224.00_portrait_POST.mp4","42417443","out\reels\portrait_1080x1920\010__PRESSURE__t2.694.00-t2.706.00.mp4","7868113","81.45"
"1080x1920@23s","out\reels\portrait_1080x1920\2025-09-20__TSC_vs_Greenwood\006__2025-09-20__TSC_vs_Greenwood__BUILD_UP_PLAY_SHOT__t685.00-t708.00_portrait_POST.mp4","96061391","out\reels\portrait_1080x1920\2025-09-20__TSC_vs_RVFC\016__2025-09-20__TSC_vs_RVFC__BUILD_UP_PLAY_SHOT__t999.00-t1022.00_portrait_POST.mp4","77724766","19.09"
"1080x1920@23s","out\reels\portrait_1080x1920\2025-09-20__TSC_vs_Greenwood\006__2025-09-20__TSC_vs_Greenwood__BUILD_UP_PLAY_SHOT__t685.00-t708.00_portrait_POST.mp4","96061391","out\reels\portrait_1080x1920\misc\004__PRESSURE__t640.00-t663.00.__CINEMATIC.mp4","76831383","20.02"
"1080x1920@23s","out\reels\portrait_1080x1920\2025-09-20__TSC_vs_Greenwood\006__2025-09-20__TSC_vs_Greenwood__BUILD_UP_PLAY_SHOT__t685.00-t708.00_portrait_POST.mp4","96061391","out\reels\portrait_1080x1920\2025-09-20__TSC_vs_RVFC\032__2025-09-20__TSC_vs_RVFC__BUILD_UP_PLAY_SHOT__t2034.00-t2057.00_portrait_POST.mp4","74992241","21.93"
"1080x1920@23s","out\reels\portrait_1080x1920\2025-09-20__TSC_vs_Greenwood\006__2025-09-20__TSC_vs_Greenwood__BUILD_UP_PLAY_SHOT__t685.00-t708.00_portrait_POST.mp4","96061391","out\reels\portrait_1080x1920\2025-09-20__TSC_vs_RVFC\028__2025-09-20__TSC_vs_RVFC__CORNER__t1852.00-t1875.00_portrait_POST.mp4","74464313","22.48"
"1080x1920@23s","out\reels\portrait_1080x1920\2025-09-20__TSC_vs_Greenwood\006__2025-09-20__TSC_vs_Greenwood__BUILD_UP_PLAY_SHOT__t685.00-t708.00_portrait_POST.mp4","96061391","out\reels\portrait_1080x1920\2025-10-12__TSC_SLSG_FallFestival\004__PRESSURE__t640.00-t663.00.__OVERLAY_shift.mp4","50279382","47.66"
"1080x1920@23s","out\reels\portrait_1080x1920\2025-09-20__TSC_vs_Greenwood\006__2025-09-20__TSC_vs_Greenwood__BUILD_UP_PLAY_SHOT__t685.00-t708.00_portrait_POST.mp4","96061391","out\reels\portrait_1080x1920\2025-10-12__TSC_SLSG_FallFestival\004__PRESSURE__t640.00-t663.00.__OVERLAY_shift-2.mp4","50269647","47.67"
"1080x1920@23s","out\reels\portrait_1080x1920\2025-09-20__TSC_vs_Greenwood\006__2025-09-20__TSC_vs_Greenwood__BUILD_UP_PLAY_SHOT__t685.00-t708.00_portrait_POST.mp4","96061391","out\reels\portrait_1080x1920\2025-10-12__TSC_SLSG_FallFestival\004__PRESSURE__t640.00-t663.00.__OVERLAY_auto_sh0_dx-60_dy-48.mp4","50261437","47.68"
"1080x1920@23s","out\reels\portrait_1080x1920\2025-09-20__TSC_vs_Greenwood\006__2025-09-20__TSC_vs_Greenwood__BUILD_UP_PLAY_SHOT__t685.00-t708.00_portrait_POST.mp4","96061391","out\reels\portrait_1080x1920\2025-10-12__TSC_SLSG_FallFestival\004__PRESSURE__t640.00-t663.00.__OVERLAY_DEBUG.mp4","50259518","47.68"
"1080x1920@23s","out\reels\portrait_1080x1920\2025-09-20__TSC_vs_Greenwood\006__2025-09-20__TSC_vs_Greenwood__BUILD_UP_PLAY_SHOT__t685.00-t708.00_portrait_POST.mp4","96061391","out\reels\portrait_1080x1920\2025-10-12__TSC_SLSG_FallFestival\004__PRESSURE__t640.00-t663.00.__DEBUG_LOCK_REFINED.mp4","50259393","47.68"
"1080x1920@23s","out\reels\portrait_1080x1920\2025-09-20__TSC_vs_Greenwood\006__2025-09-20__TSC_vs_Greenwood__BUILD_UP_PLAY_SHOT__t685.00-t708.00_portrait_POST.mp4","96061391","out\reels\portrait_1080x1920\2025-10-12__TSC_SLSG_FallFestival\004__PRESSURE__t640.00-t663.00.__OVERLAY__BIAS.mp4","50258264","47.68"
"1080x1920@23s","out\reels\portrait_1080x1920\2025-09-20__TSC_vs_Greenwood\006__2025-09-20__TSC_vs_Greenwood__BUILD_UP_PLAY_SHOT__t685.00-t708.00_portrait_POST.mp4","96061391","out\reels\portrait_1080x1920\2025-10-12__TSC_SLSG_FallFestival\004__PRESSURE__t640.00-t663.00.__OVERLAY_auto_sh-2_dx-48_dy-120.mp4","50252456","47.69"
"1080x1920@23s","out\reels\portrait_1080x1920\2025-09-20__TSC_vs_Greenwood\006__2025-09-20__TSC_vs_Greenwood__BUILD_UP_PLAY_SHOT__t685.00-t708.00_portrait_POST.mp4","96061391","out\reels\portrait_1080x1920\2025-10-12__TSC_SLSG_FallFestival\004__PRESSURE__t640.00-t663.00.__OVERLAY_plan_sh-1_dx-64_dy-128__localTW_dt-0.02_dx-6_dy-2.mp4","50247395","47.69"
"1080x1920@23s","out\reels\portrait_1080x1920\2025-09-20__TSC_vs_Greenwood\006__2025-09-20__TSC_vs_Greenwood__BUILD_UP_PLAY_SHOT__t685.00-t708.00_portrait_POST.mp4","96061391","out\reels\portrait_1080x1920\2025-10-12__TSC_SLSG_FallFestival\004__PRESSURE__t640.00-t663.00.__OVERLAY_plan_sh-1_dx-64_dy-132.mp4","50246359","47.69"
"1080x1920@23s","out\reels\portrait_1080x1920\2025-09-20__TSC_vs_Greenwood\006__2025-09-20__TSC_vs_Greenwood__BUILD_UP_PLAY_SHOT__t685.00-t708.00_portrait_POST.mp4","96061391","out\reels\portrait_1080x1920\2025-10-12__TSC_SLSG_FallFestival\004__PRESSURE__t640.00-t663.00.__OVERLAY_LOCAL_FINAL.mp4","50245831","47.69"
"1080x1920@23s","out\reels\portrait_1080x1920\2025-09-20__TSC_vs_Greenwood\006__2025-09-20__TSC_vs_Greenwood__BUILD_UP_PLAY_SHOT__t685.00-t708.00_portrait_POST.mp4","96061391","out\reels\portrait_1080x1920\2025-10-12__TSC_SLSG_FallFestival\004__PRESSURE__t640.00-t663.00.__OVERLAY_FINAL.mp4","50245815","47.69"
"1080x1920@23s","out\reels\portrait_1080x1920\2025-09-20__TSC_vs_Greenwood\006__2025-09-20__TSC_vs_Greenwood__BUILD_UP_PLAY_SHOT__t685.00-t708.00_portrait_POST.mp4","96061391","out\reels\portrait_1080x1920\2025-10-12__TSC_SLSG_FallFestival\004__PRESSURE__t640.00-t663.00.__OVERLAY_plan_sh-1_dx-64_dy-128__c3620ms_dt-50ms_dx4_dy2.mp4","50245133","47.69"
"1080x1920@23s","out\reels\portrait_1080x1920\2025-09-20__TSC_vs_Greenwood\006__2025-09-20__TSC_vs_Greenwood__BUILD_UP_PLAY_SHOT__t685.00-t708.00_portrait_POST.mp4","96061391","out\reels\portrait_1080x1920\2025-10-12__TSC_SLSG_FallFestival\004__PRESSURE__t640.00-t663.00.__OVERLAY_plan_sh-1_dx-64_dy-128.mp4","50245125","47.69"
"1080x1920@23s","out\reels\portrait_1080x1920\2025-09-20__TSC_vs_Greenwood\006__2025-09-20__TSC_vs_Greenwood__BUILD_UP_PLAY_SHOT__t685.00-t708.00_portrait_POST.mp4","96061391","out\reels\portrait_1080x1920\2025-10-12__TSC_SLSG_FallFestival\004__PRESSURE__t640.00-t663.00.__OVERLAY_auto_sh-2_dx-48_dy-108.mp4","50244772","47.7"
"1080x1920@23s","out\reels\portrait_1080x1920\2025-09-20__TSC_vs_Greenwood\006__2025-09-20__TSC_vs_Greenwood__BUILD_UP_PLAY_SHOT__t685.00-t708.00_portrait_POST.mp4","96061391","out\reels\portrait_1080x1920\2025-10-12__TSC_SLSG_FallFestival\004__PRESSURE__t640.00-t663.00.__OVERLAY_plan_sh-1_dx-64_dy-128__local_dx4_dy4.mp4","50243304","47.7"
"1080x1920@23s","out\reels\portrait_1080x1920\2025-09-20__TSC_vs_Greenwood\006__2025-09-20__TSC_vs_Greenwood__BUILD_UP_PLAY_SHOT__t685.00-t708.00_portrait_POST.mp4","96061391","out\reels\portrait_1080x1920\2025-10-12__TSC_SLSG_FallFestival\004__PRESSURE__t640.00-t663.00.__OVERLAY_plan_sh-2_dx-32_dy-84.mp4","50242647","47.7"
"1080x1920@23s","out\reels\portrait_1080x1920\2025-09-20__TSC_vs_Greenwood\006__2025-09-20__TSC_vs_Greenwood__BUILD_UP_PLAY_SHOT__t685.00-t708.00_portrait_POST.mp4","96061391","out\reels\portrait_1080x1920\2025-10-12__TSC_SLSG_FallFestival\004__PRESSURE__t640.00-t663.00.__DEBUG_LOCK_BIAS.mp4","50206483","47.74"
"1080x1920@23s","out\reels\portrait_1080x1920\2025-09-20__TSC_vs_Greenwood\006__2025-09-20__TSC_vs_Greenwood__BUILD_UP_PLAY_SHOT__t685.00-t708.00_portrait_POST.mp4","96061391","out\reels\portrait_1080x1920\2025-10-12__TSC_SLSG_FallFestival\004__PRESSURE__t640.00-t663.00.__DEBUG_LOCK.mp4","50197651","47.74"
"1080x1920@23s","out\reels\portrait_1080x1920\2025-09-20__TSC_vs_Greenwood\006__2025-09-20__TSC_vs_Greenwood__BUILD_UP_PLAY_SHOT__t685.00-t708.00_portrait_POST.mp4","96061391","out\reels\portrait_1080x1920\2025-10-12__TSC_SLSG_FallFestival\004__PRESSURE__t640.00-t663.00.__DEBUG_OVERLAY.mp4","50195723","47.75"
"1080x1920@23s","out\reels\portrait_1080x1920\2025-09-20__TSC_vs_Greenwood\006__2025-09-20__TSC_vs_Greenwood__BUILD_UP_PLAY_SHOT__t685.00-t708.00_portrait_POST.mp4","96061391","out\reels\portrait_1080x1920\2025-10-12__TSC_SLSG_FallFestival\004__PRESSURE__t640.00-t663.00.__OVERLAY_LOCKED.mp4","50168537","47.77"
"1080x1920@23s","out\reels\portrait_1080x1920\2025-09-20__TSC_vs_Greenwood\006__2025-09-20__TSC_vs_Greenwood__BUILD_UP_PLAY_SHOT__t685.00-t708.00_portrait_POST.mp4","96061391","out\reels\portrait_1080x1920\2025-10-12__TSC_SLSG_FallFestival\004__PRESSURE__t640.00-t663.00.__OVERLAY_BEST_sr260_r5-22.mp4","50166644","47.78"
"1080x1920@23s","out\reels\portrait_1080x1920\2025-09-20__TSC_vs_Greenwood\006__2025-09-20__TSC_vs_Greenwood__BUILD_UP_PLAY_SHOT__t685.00-t708.00_portrait_POST.mp4","96061391","out\reels\portrait_1080x1920\2025-10-12__TSC_SLSG_FallFestival\004__PRESSURE__t640.00-t663.00.__OVERLAY_shift_p1__BIAS.mp4","50142922","47.8"
"1080x1920@23s","out\reels\portrait_1080x1920\2025-09-20__TSC_vs_Greenwood\006__2025-09-20__TSC_vs_Greenwood__BUILD_UP_PLAY_SHOT__t685.00-t708.00_portrait_POST.mp4","96061391","out\reels\portrait_1080x1920\2025-10-12__TSC_SLSG_FallFestival\004__PRESSURE__t640.00-t663.00.__SMOOTH_AUTO.mp4","49807295","48.15"
"1080x1920@23s","out\reels\portrait_1080x1920\2025-09-20__TSC_vs_Greenwood\006__2025-09-20__TSC_vs_Greenwood__BUILD_UP_PLAY_SHOT__t685.00-t708.00_portrait_POST.mp4","96061391","out\reels\portrait_1080x1920\2025-10-12__TSC_SLSG_FallFestival\004__PRESSURE__t640.00-t663.00.__SMOOTH_AUTOFIX.mp4","49706357","48.26"
"1080x1920@23s","out\reels\portrait_1080x1920\2025-09-20__TSC_vs_Greenwood\006__2025-09-20__TSC_vs_Greenwood__BUILD_UP_PLAY_SHOT__t685.00-t708.00_portrait_POST.mp4","96061391","out\reels\portrait_1080x1920\2025-10-12__TSC_SLSG_FallFestival\004__PRESSURE__t640.00-t663.00.mp4","48694570","49.31"
"1080x1920@23s","out\reels\portrait_1080x1920\2025-09-20__TSC_vs_Greenwood\006__2025-09-20__TSC_vs_Greenwood__BUILD_UP_PLAY_SHOT__t685.00-t708.00_portrait_POST.mp4","96061391","out\reels\portrait_1080x1920\misc\004__PRESSURE__t640.00-t663.00.mp4","46372133","51.73"
"1080x1920@23s","out\reels\portrait_1080x1920\2025-09-20__TSC_vs_Greenwood\006__2025-09-20__TSC_vs_Greenwood__BUILD_UP_PLAY_SHOT__t685.00-t708.00_portrait_POST.mp4","96061391","out\reels\portrait_1080x1920\2025-10-12__TSC_SLSG_FallFestival\004__PRESSURE__t640.00-t663.00.__SMOOTH_LOSTMOTION.__DEBUG_states.mp4","44776566","53.39"
"1080x1920@23s","out\reels\portrait_1080x1920\2025-09-20__TSC_vs_Greenwood\006__2025-09-20__TSC_vs_Greenwood__BUILD_UP_PLAY_SHOT__t685.00-t708.00_portrait_POST.mp4","96061391","out\reels\portrait_1080x1920\2025-10-12__TSC_SLSG_FallFestival\004__PRESSURE__t640.00-t663.00.__SMOOTH_AUTO.__DEBUG_states.mp4","44735922","53.43"
"1080x1920@23s","out\reels\portrait_1080x1920\2025-09-20__TSC_vs_Greenwood\006__2025-09-20__TSC_vs_Greenwood__BUILD_UP_PLAY_SHOT__t685.00-t708.00_portrait_POST.mp4","96061391","out\branded_clips\REELS\2025-09-20__TSC_vs_Greenwood\006__2025-09-20__TSC_vs_Greenwood__BUILD_UP_PLAY_SHOT__t685.00-t708.00_portrait_POST__REEL.mp4","41881683","56.4"
"1080x1920@23s","out\reels\portrait_1080x1920\2025-09-20__TSC_vs_Greenwood\006__2025-09-20__TSC_vs_Greenwood__BUILD_UP_PLAY_SHOT__t685.00-t708.00_portrait_POST.mp4","96061391","out\branded_clips\REELS\2025-09-20__TSC_vs_Greenwood\006__2025-09-20__TSC_vs_Greenwood__BUILD_UP_PLAY_SHOT__t41100.00-t42480.00__REEL.mp4","41857654","56.43"
"1080x1920@23s","out\reels\portrait_1080x1920\2025-09-20__TSC_vs_Greenwood\006__2025-09-20__TSC_vs_Greenwood__BUILD_UP_PLAY_SHOT__t685.00-t708.00_portrait_POST.mp4","96061391","out\branded_clips\REELS\2025-09-20__TSC_vs_RVFC\028__2025-09-20__TSC_vs_RVFC__CORNER__t1852.00-t1875.00_portrait_POST__REEL.mp4","41683534","56.61"
"1080x1920@23s","out\reels\portrait_1080x1920\2025-09-20__TSC_vs_Greenwood\006__2025-09-20__TSC_vs_Greenwood__BUILD_UP_PLAY_SHOT__t685.00-t708.00_portrait_POST.mp4","96061391","out\branded_clips\REELS\2025-09-20__TSC_vs_RVFC\032__2025-09-20__TSC_vs_RVFC__BUILD_UP_PLAY_SHOT__t2034.00-t2057.00_portrait_POST__REEL.mp4","40834319","57.49"
"1080x1920@23s","out\reels\portrait_1080x1920\2025-09-20__TSC_vs_Greenwood\006__2025-09-20__TSC_vs_Greenwood__BUILD_UP_PLAY_SHOT__t685.00-t708.00_portrait_POST.mp4","96061391","out\branded_clips\REELS\2025-09-20__TSC_vs_RVFC\016__2025-09-20__TSC_vs_RVFC__BUILD_UP_PLAY_SHOT__t59940.00-t61320.00__REEL.mp4","37825902","60.62"
"1080x1920@23s","out\reels\portrait_1080x1920\2025-09-20__TSC_vs_Greenwood\006__2025-09-20__TSC_vs_Greenwood__BUILD_UP_PLAY_SHOT__t685.00-t708.00_portrait_POST.mp4","96061391","out\branded_clips\REELS\2025-09-20__TSC_vs_RVFC\016__2025-09-20__TSC_vs_RVFC__BUILD_UP_PLAY_SHOT__t999.00-t1022.00_portrait_POST__REEL.mp4","37815787","60.63"
"1080x1920@23s","out\reels\portrait_1080x1920\2025-09-20__TSC_vs_Greenwood\006__2025-09-20__TSC_vs_Greenwood__BUILD_UP_PLAY_SHOT__t685.00-t708.00_portrait_POST.mp4","96061391","out\reels\portrait_1080x1920\_quarantine\004__PRESSURE__t640.00-t663.00.__SMOOTH_AUTOFIX.mp4","31747806","66.95"
"1080x1920@23s","out\reels\portrait_1080x1920\2025-09-20__TSC_vs_Greenwood\006__2025-09-20__TSC_vs_Greenwood__BUILD_UP_PLAY_SHOT__t685.00-t708.00_portrait_POST.mp4","96061391","out\portrait_reels\clean\004__PRESSURE__t640.00-t663.00.__DEBUG_OVERLAY.mp4","29860490","68.92"
"1080x1920@23s","out\reels\portrait_1080x1920\2025-09-20__TSC_vs_Greenwood\006__2025-09-20__TSC_vs_Greenwood__BUILD_UP_PLAY_SHOT__t685.00-t708.00_portrait_POST.mp4","96061391","out\upscaled\004__PRESSURE__t640.00-t663.00__x2.__CINEMATIC.mp4","29294599","69.5"
"1080x1920@23s","out\reels\portrait_1080x1920\2025-09-20__TSC_vs_Greenwood\006__2025-09-20__TSC_vs_Greenwood__BUILD_UP_PLAY_SHOT__t685.00-t708.00_portrait_POST.mp4","96061391","out\reels\portrait_1080x1920\2025-10-12__TSC_SLSG_FallFestival\004__PRESSURE__t640.00-t663.00.__CINEMATIC.mp4","28328927","70.51"
"1080x1920@23s","out\reels\portrait_1080x1920\2025-09-20__TSC_vs_Greenwood\006__2025-09-20__TSC_vs_Greenwood__BUILD_UP_PLAY_SHOT__t685.00-t708.00_portrait_POST.mp4","96061391","out\reels\portrait_1080x1920\004__PRESSURE__t640.00-t663.00.__SMOOTH_AUTO.__DEBUG_states.mp4","27291299","71.59"
"1080x1920@23s","out\reels\portrait_1080x1920\2025-09-20__TSC_vs_Greenwood\006__2025-09-20__TSC_vs_Greenwood__BUILD_UP_PLAY_SHOT__t685.00-t708.00_portrait_POST.mp4","96061391","out\reels\portrait_1080x1920\004__PRESSURE__t640.00-t663.00.__SMOOTH_LOSTMOTION.__DEBUG_states.mp4","27250893","71.63"
"1080x1920@23s","out\reels\portrait_1080x1920\2025-09-20__TSC_vs_Greenwood\006__2025-09-20__TSC_vs_Greenwood__BUILD_UP_PLAY_SHOT__t685.00-t708.00_portrait_POST.mp4","96061391","out\reels\portrait_1080x1920\004__PRESSURE__t640.00-t663.00.__SMOOTH_AUTOFIX.mp4","26089339","72.84"
"1080x1920@23s","out\reels\portrait_1080x1920\2025-09-20__TSC_vs_Greenwood\006__2025-09-20__TSC_vs_Greenwood__BUILD_UP_PLAY_SHOT__t685.00-t708.00_portrait_POST.mp4","96061391","out\reels\portrait_1080x1920\004__PRESSURE__t640.00-t663.00.__SMOOTH_AUTO.mp4","26040406","72.89"
"1080x1920@23s","out\reels\portrait_1080x1920\2025-09-20__TSC_vs_Greenwood\006__2025-09-20__TSC_vs_Greenwood__BUILD_UP_PLAY_SHOT__t685.00-t708.00_portrait_POST.mp4","96061391","out\reels\portrait_1080x1920\_quarantine\004__PRESSURE__t640.00-t663.00.__CINEMATIC.mp4","23763855","75.26"
"1080x1920@23s","out\reels\portrait_1080x1920\2025-09-20__TSC_vs_Greenwood\006__2025-09-20__TSC_vs_Greenwood__BUILD_UP_PLAY_SHOT__t685.00-t708.00_portrait_POST.mp4","96061391","out\reels\portrait_1080x1920\004__PRESSURE__t640.00-t663.00.__CINEMATIC.mp4","19005494","80.22"
"1080x1920@23s","out\reels\portrait_1080x1920\2025-09-20__TSC_vs_Greenwood\006__2025-09-20__TSC_vs_Greenwood__BUILD_UP_PLAY_SHOT__t685.00-t708.00_portrait_POST.mp4","96061391","out\reels\portrait_1080x1920\028__2025-09-20__TSC_vs_RVFC__CORNER__t1852.00-t1875.00_portrait_POST.mp4","18677018","80.56"
"1080x1920@23s","out\reels\portrait_1080x1920\2025-09-20__TSC_vs_Greenwood\006__2025-09-20__TSC_vs_Greenwood__BUILD_UP_PLAY_SHOT__t685.00-t708.00_portrait_POST.mp4","96061391","out\reels\portrait_1080x1920\016__2025-09-20__TSC_vs_RVFC__BUILD_UP_PLAY_SHOT__t999.00-t1022.00_portrait_POST.mp4","17563884","81.72"
"1080x1920@23s","out\reels\portrait_1080x1920\2025-09-20__TSC_vs_Greenwood\006__2025-09-20__TSC_vs_Greenwood__BUILD_UP_PLAY_SHOT__t685.00-t708.00_portrait_POST.mp4","96061391","out\reels\portrait_1080x1920\006__2025-09-20__TSC_vs_Greenwood__BUILD_UP_PLAY_SHOT__t685.00-t708.00_portrait_POST.mp4","17496786","81.79"
"1080x1920@23s","out\reels\portrait_1080x1920\2025-09-20__TSC_vs_Greenwood\006__2025-09-20__TSC_vs_Greenwood__BUILD_UP_PLAY_SHOT__t685.00-t708.00_portrait_POST.mp4","96061391","out\reels\portrait_1080x1920\032__2025-09-20__TSC_vs_RVFC__BUILD_UP_PLAY_SHOT__t2034.00-t2057.00_portrait_POST.mp4","16392873","82.94"
"1080x1920@23s","out\reels\portrait_1080x1920\2025-09-20__TSC_vs_Greenwood\006__2025-09-20__TSC_vs_Greenwood__BUILD_UP_PLAY_SHOT__t685.00-t708.00_portrait_POST.mp4","96061391","out\reels\portrait_1080x1920\004__PRESSURE__t640.00-t663.00.mp4","15305310","84.07"
"1080x1920@23s","out\reels\portrait_1080x1920\2025-09-20__TSC_vs_Greenwood\006__2025-09-20__TSC_vs_Greenwood__BUILD_UP_PLAY_SHOT__t685.00-t708.00_portrait_POST.mp4","96061391","out\reels\portrait_1080x1920\004__PRESSURE__t640.00-t663.00.__OVERLAY_shift.mp4","12891120","86.58"
"1080x1920@23s","out\reels\portrait_1080x1920\2025-09-20__TSC_vs_Greenwood\006__2025-09-20__TSC_vs_Greenwood__BUILD_UP_PLAY_SHOT__t685.00-t708.00_portrait_POST.mp4","96061391","out\reels\portrait_1080x1920\004__PRESSURE__t640.00-t663.00.__DEBUG_LOCK_REFINED.mp4","12889273","86.58"
"1080x1920@23s","out\reels\portrait_1080x1920\2025-09-20__TSC_vs_Greenwood\006__2025-09-20__TSC_vs_Greenwood__BUILD_UP_PLAY_SHOT__t685.00-t708.00_portrait_POST.mp4","96061391","out\reels\portrait_1080x1920\004__PRESSURE__t640.00-t663.00.__OVERLAY__BIAS.mp4","12887772","86.58"
"1080x1920@23s","out\reels\portrait_1080x1920\2025-09-20__TSC_vs_Greenwood\006__2025-09-20__TSC_vs_Greenwood__BUILD_UP_PLAY_SHOT__t685.00-t708.00_portrait_POST.mp4","96061391","out\reels\portrait_1080x1920\004__PRESSURE__t640.00-t663.00.__DEBUG_LOCK.mp4","12883851","86.59"
"1080x1920@23s","out\reels\portrait_1080x1920\2025-09-20__TSC_vs_Greenwood\006__2025-09-20__TSC_vs_Greenwood__BUILD_UP_PLAY_SHOT__t685.00-t708.00_portrait_POST.mp4","96061391","out\reels\portrait_1080x1920\004__PRESSURE__t640.00-t663.00.__OVERLAY_FINAL.mp4","12883542","86.59"
"1080x1920@23s","out\reels\portrait_1080x1920\2025-09-20__TSC_vs_Greenwood\006__2025-09-20__TSC_vs_Greenwood__BUILD_UP_PLAY_SHOT__t685.00-t708.00_portrait_POST.mp4","96061391","out\reels\portrait_1080x1920\004__PRESSURE__t640.00-t663.00.__OVERLAY_LOCAL_FINAL.mp4","12882874","86.59"
"1080x1920@23s","out\reels\portrait_1080x1920\2025-09-20__TSC_vs_Greenwood\006__2025-09-20__TSC_vs_Greenwood__BUILD_UP_PLAY_SHOT__t685.00-t708.00_portrait_POST.mp4","96061391","out\reels\portrait_1080x1920\004__PRESSURE__t640.00-t663.00.__OVERLAY_plan_sh-1_dx-64_dy-128.mp4","12882543","86.59"
"1080x1920@23s","out\reels\portrait_1080x1920\2025-09-20__TSC_vs_Greenwood\006__2025-09-20__TSC_vs_Greenwood__BUILD_UP_PLAY_SHOT__t685.00-t708.00_portrait_POST.mp4","96061391","out\reels\portrait_1080x1920\004__PRESSURE__t640.00-t663.00.__OVERLAY_plan_sh-1_dx-64_dy-128__local_dx4_dy4.mp4","12882464","86.59"
"1080x1920@23s","out\reels\portrait_1080x1920\2025-09-20__TSC_vs_Greenwood\006__2025-09-20__TSC_vs_Greenwood__BUILD_UP_PLAY_SHOT__t685.00-t708.00_portrait_POST.mp4","96061391","out\reels\portrait_1080x1920\004__PRESSURE__t640.00-t663.00.__OVERLAY_plan_sh-1_dx-64_dy-128__localTW_dt-0.02_dx-6_dy-2.mp4","12880805","86.59"
"1080x1920@23s","out\reels\portrait_1080x1920\2025-09-20__TSC_vs_Greenwood\006__2025-09-20__TSC_vs_Greenwood__BUILD_UP_PLAY_SHOT__t685.00-t708.00_portrait_POST.mp4","96061391","out\reels\portrait_1080x1920\004__PRESSURE__t640.00-t663.00.__DEBUG_OVERLAY.mp4","12880635","86.59"
"1080x1920@23s","out\reels\portrait_1080x1920\2025-09-20__TSC_vs_Greenwood\006__2025-09-20__TSC_vs_Greenwood__BUILD_UP_PLAY_SHOT__t685.00-t708.00_portrait_POST.mp4","96061391","out\reels\portrait_1080x1920\004__PRESSURE__t640.00-t663.00.__OVERLAY_plan_sh-1_dx-64_dy-128__c3620ms_dt-50ms_dx4_dy2.mp4","12880154","86.59"
"1080x1920@23s","out\reels\portrait_1080x1920\2025-09-20__TSC_vs_Greenwood\006__2025-09-20__TSC_vs_Greenwood__BUILD_UP_PLAY_SHOT__t685.00-t708.00_portrait_POST.mp4","96061391","out\reels\portrait_1080x1920\004__PRESSURE__t640.00-t663.00.__OVERLAY_auto_sh-2_dx-48_dy-120.mp4","12880117","86.59"
"1080x1920@23s","out\reels\portrait_1080x1920\2025-09-20__TSC_vs_Greenwood\006__2025-09-20__TSC_vs_Greenwood__BUILD_UP_PLAY_SHOT__t685.00-t708.00_portrait_POST.mp4","96061391","out\reels\portrait_1080x1920\004__PRESSURE__t640.00-t663.00.__OVERLAY_LOCKED.mp4","12879912","86.59"
"1080x1920@23s","out\reels\portrait_1080x1920\2025-09-20__TSC_vs_Greenwood\006__2025-09-20__TSC_vs_Greenwood__BUILD_UP_PLAY_SHOT__t685.00-t708.00_portrait_POST.mp4","96061391","out\reels\portrait_1080x1920\004__PRESSURE__t640.00-t663.00.__OVERLAY_auto_sh0_dx-60_dy-48.mp4","12879702","86.59"
"1080x1920@23s","out\reels\portrait_1080x1920\2025-09-20__TSC_vs_Greenwood\006__2025-09-20__TSC_vs_Greenwood__BUILD_UP_PLAY_SHOT__t685.00-t708.00_portrait_POST.mp4","96061391","out\reels\portrait_1080x1920\004__PRESSURE__t640.00-t663.00.__OVERLAY_auto_sh-2_dx-48_dy-108.mp4","12879100","86.59"
"1080x1920@23s","out\reels\portrait_1080x1920\2025-09-20__TSC_vs_Greenwood\006__2025-09-20__TSC_vs_Greenwood__BUILD_UP_PLAY_SHOT__t685.00-t708.00_portrait_POST.mp4","96061391","out\reels\portrait_1080x1920\004__PRESSURE__t640.00-t663.00.__OVERLAY_BEST_sr260_r5-22.mp4","12877401","86.59"
"1080x1920@23s","out\reels\portrait_1080x1920\2025-09-20__TSC_vs_Greenwood\006__2025-09-20__TSC_vs_Greenwood__BUILD_UP_PLAY_SHOT__t685.00-t708.00_portrait_POST.mp4","96061391","out\reels\portrait_1080x1920\004__PRESSURE__t640.00-t663.00.__OVERLAY_DEBUG.mp4","12875756","86.6"
"1080x1920@23s","out\reels\portrait_1080x1920\2025-09-20__TSC_vs_Greenwood\006__2025-09-20__TSC_vs_Greenwood__BUILD_UP_PLAY_SHOT__t685.00-t708.00_portrait_POST.mp4","96061391","out\reels\portrait_1080x1920\004__PRESSURE__t640.00-t663.00.__OVERLAY_shift_p1__BIAS.mp4","12866888","86.61"
"1080x1920@23s","out\reels\portrait_1080x1920\2025-09-20__TSC_vs_Greenwood\006__2025-09-20__TSC_vs_Greenwood__BUILD_UP_PLAY_SHOT__t685.00-t708.00_portrait_POST.mp4","96061391","out\reels\portrait_1080x1920\004__PRESSURE__t640.00-t663.00.__OVERLAY_shift-2.mp4","12862886","86.61"
"1080x1920@23s","out\reels\portrait_1080x1920\2025-09-20__TSC_vs_Greenwood\006__2025-09-20__TSC_vs_Greenwood__BUILD_UP_PLAY_SHOT__t685.00-t708.00_portrait_POST.mp4","96061391","out\reels\portrait_1080x1920\004__PRESSURE__t640.00-t663.00.__DEBUG_LOCK_BIAS.mp4","12830980","86.64"
"1080x1920@23s","out\reels\portrait_1080x1920\2025-09-20__TSC_vs_Greenwood\006__2025-09-20__TSC_vs_Greenwood__BUILD_UP_PLAY_SHOT__t685.00-t708.00_portrait_POST.mp4","96061391","out\reels\portrait_1080x1920\004__PRESSURE__t640.00-t663.00.__OVERLAY_plan_sh-1_dx-64_dy-132.mp4","12821706","86.65"
"1080x1920@23s","out\reels\portrait_1080x1920\2025-09-20__TSC_vs_Greenwood\006__2025-09-20__TSC_vs_Greenwood__BUILD_UP_PLAY_SHOT__t685.00-t708.00_portrait_POST.mp4","96061391","out\reels\portrait_1080x1920\004__PRESSURE__t640.00-t663.00.__OVERLAY_plan_sh-2_dx-32_dy-84.mp4","12815081","86.66"
"1080x1920@13.7s","out\reels\portrait_1080x1920\misc\005__CORNER__t417.90-t431.60.mp4","45560745","out\reels\portrait_1080x1920\2025-09-13__TSC_vs_NEOFC\005__2025-09-13__TSC_vs_NEOFC__CORNER__t417.90-t431.60.__DEBUG_FINAL_portrait_FINAL.mp4","24735364","45.71"
"1080x1920@13.7s","out\reels\portrait_1080x1920\misc\005__CORNER__t417.90-t431.60.mp4","45560745","out\branded_clips\REELS\2025-09-13__TSC_vs_NEOFC\005__2025-09-13__TSC_vs_NEOFC__CORNER__t417.90-t431.60.__DEBUG_FINAL_portrait_FINAL__REEL.mp4","24133240","47.03"
"1080x1920@13.7s","out\reels\portrait_1080x1920\misc\005__CORNER__t417.90-t431.60.mp4","45560745","out\portrait_reels\branded\025__2025-09-20__TSC_vs_Greenwood__GOAL__t1885.00-t1895.00_portrait_POST.mp4","18149649","60.16"
"1080x1920@13.7s","out\reels\portrait_1080x1920\misc\005__CORNER__t417.90-t431.60.mp4","45560745","out\portrait_reels\branded\036__2025-09-20__TSC_vs_Greenwood__PRESSURE_SHOT__t2705.00-t2715.00_portrait_POST.mp4","17225686","62.19"
"1080x1920@13.7s","out\reels\portrait_1080x1920\misc\005__CORNER__t417.90-t431.60.mp4","45560745","out\portrait_reels\branded\026__2025-09-20__TSC_vs_RVFC__DRIBBLING_SHOT__t1800.00-t1810.00_portrait_POST.mp4","16723010","63.3"
"1080x1920@13.7s","out\reels\portrait_1080x1920\misc\005__CORNER__t417.90-t431.60.mp4","45560745","out\portrait_reels\branded\014__2025-09-20__TSC_vs_Greenwood__PRESSURE_SHOT__t1063.00-t1073.00_portrait_POST.mp4","16482359","63.82"
"1080x1920@13.7s","out\reels\portrait_1080x1920\misc\005__CORNER__t417.90-t431.60.mp4","45560745","out\portrait_reels\branded\024__2025-09-20__TSC_vs_Greenwood__PRESSURE_SHOT__t1871.00-t1881.00_portrait_POST.mp4","16210814","64.42"
"1080x1920@13.7s","out\reels\portrait_1080x1920\misc\005__CORNER__t417.90-t431.60.mp4","45560745","out\portrait_reels\branded\041__2025-09-20__TSC_vs_RVFC__CORNER__t2712.00-t2722.00_portrait_POST.mp4","16195425","64.45"
"1080x1920@13.7s","out\reels\portrait_1080x1920\misc\005__CORNER__t417.90-t431.60.mp4","45560745","out\portrait_reels\branded\029__2025-09-20__TSC_vs_RVFC__PRESSURE_SHOT__t1883.00-t1893.00_portrait_POST.mp4","15574135","65.82"
"1080x1920@13.7s","out\reels\portrait_1080x1920\misc\005__CORNER__t417.90-t431.60.mp4","45560745","out\portrait_reels\branded\022__2025-09-20__TSC_vs_RVFC__PRESSURE_SHOT__t1300.00-t1310.00_portrait_POST.mp4","15201522","66.63"
"1080x1920@13.7s","out\reels\portrait_1080x1920\misc\005__CORNER__t417.90-t431.60.mp4","45560745","out\reels\portrait_1080x1920\005__2025-09-13__TSC_vs_NEOFC__CORNER__t417.90-t431.60.__DEBUG_FINAL_portrait_FINAL.mp4","8721298","80.86"
"1080x1920@15s","out\reels\portrait_1080x1920\2025-10-12__TSC_SLSG_FallFestival\005__GOAL__t1.855.00-t1.870.00.mp4","49199005","out\reels\portrait_1080x1920\2025-09-20__TSC_vs_Greenwood\005__2025-09-20__TSC_vs_Greenwood__WIN_FREE_KICK__t538.00-t553.00_portrait_POST.mp4","48915569","0.58"
"1080x1920@15s","out\reels\portrait_1080x1920\2025-10-12__TSC_SLSG_FallFestival\005__GOAL__t1.855.00-t1.870.00.mp4","49199005","out\reels\portrait_1080x1920\2025-09-20__TSC_vs_RVFC\044__2025-09-20__TSC_vs_RVFC__GOAL__t3051.00-t3066.00_portrait_POST.mp4","47447519","3.56"
"1080x1920@15s","out\reels\portrait_1080x1920\2025-10-12__TSC_SLSG_FallFestival\005__GOAL__t1.855.00-t1.870.00.mp4","49199005","out\reels\portrait_1080x1920\2025-09-20__TSC_vs_RVFC\035__2025-09-20__TSC_vs_RVFC__BUILD_UP_PLAY_SHOT__t2297.00-t2312.00_portrait_POST.mp4","44749538","9.04"
"1080x1920@15s","out\reels\portrait_1080x1920\2025-10-12__TSC_SLSG_FallFestival\005__GOAL__t1.855.00-t1.870.00.mp4","49199005","out\branded_clips\REELS\2025-10-04__TSC_vs_FC_Tulsa_Black\008__2025-10-04__TSC_vs_FC_Tulsa_Black__BUILD_UP_SHOT__t61500.00-t62400.00__REEL.mp4","38471334","21.8"
"1080x1920@15s","out\reels\portrait_1080x1920\2025-10-12__TSC_SLSG_FallFestival\005__GOAL__t1.855.00-t1.870.00.mp4","49199005","out\branded_clips\REELS\2025-09-20__TSC_vs_Greenwood\005__2025-09-20__TSC_vs_Greenwood__WIN_FREE_KICK__t538.00-t553.00_portrait_POST__REEL.mp4","27591969","43.92"
"1080x1920@15s","out\reels\portrait_1080x1920\2025-10-12__TSC_SLSG_FallFestival\005__GOAL__t1.855.00-t1.870.00.mp4","49199005","out\branded_clips\REELS\2025-09-20__TSC_vs_Greenwood\005__2025-09-20__TSC_vs_Greenwood__WIN_FREE_KICK__t32280.00-t33180.00__REEL.mp4","27588809","43.92"
"1080x1920@15s","out\reels\portrait_1080x1920\2025-10-12__TSC_SLSG_FallFestival\005__GOAL__t1.855.00-t1.870.00.mp4","49199005","out\branded_clips\REELS\2025-10-04__TSC_vs_FC\008__2025-10-04__TSC_vs_FC_Tulsa_Black__BUILD_UP_SHOT__t61500.00-t62400.00__REEL.mp4","27580577","43.94"
"1080x1920@15s","out\reels\portrait_1080x1920\2025-10-12__TSC_SLSG_FallFestival\005__GOAL__t1.855.00-t1.870.00.mp4","49199005","out\branded_clips\REELS\2025-09-20__TSC_vs_RVFC\044__2025-09-20__TSC_vs_RVFC__GOAL__t3051.00-t3066.00_portrait_POST__REEL.mp4","27445857","44.21"
"1080x1920@15s","out\reels\portrait_1080x1920\2025-10-12__TSC_SLSG_FallFestival\005__GOAL__t1.855.00-t1.870.00.mp4","49199005","out\branded_clips\REELS\2025-09-20__TSC_vs_RVFC\035__2025-09-20__TSC_vs_RVFC__BUILD_UP_PLAY_SHOT__t2297.00-t2312.00_portrait_POST__REEL.mp4","27360577","44.39"
"1080x1920@15s","out\reels\portrait_1080x1920\2025-10-12__TSC_SLSG_FallFestival\005__GOAL__t1.855.00-t1.870.00.mp4","49199005","out\portrait_reels\clean\005__GOAL__t1.855.00-t1.870.00_portrait_FINAL.mp4","20961501","57.39"
"1080x1920@15s","out\reels\portrait_1080x1920\2025-10-12__TSC_SLSG_FallFestival\005__GOAL__t1.855.00-t1.870.00.mp4","49199005","out\reels\portrait_1080x1920\035__2025-09-20__TSC_vs_RVFC__BUILD_UP_PLAY_SHOT__t2297.00-t2312.00_portrait_POST.mp4","11177942","77.28"
"1080x1920@15s","out\reels\portrait_1080x1920\2025-10-12__TSC_SLSG_FallFestival\005__GOAL__t1.855.00-t1.870.00.mp4","49199005","out\reels\portrait_1080x1920\044__2025-09-20__TSC_vs_RVFC__GOAL__t3051.00-t3066.00_portrait_POST.mp4","10892266","77.86"
"1080x1920@15s","out\reels\portrait_1080x1920\2025-10-12__TSC_SLSG_FallFestival\005__GOAL__t1.855.00-t1.870.00.mp4","49199005","out\reels\portrait_1080x1920\005__GOAL__t1.855.00-t1.870.00.mp4","10718229","78.21"
"1080x1920@15s","out\reels\portrait_1080x1920\2025-10-12__TSC_SLSG_FallFestival\005__GOAL__t1.855.00-t1.870.00.mp4","49199005","out\reels\portrait_1080x1920\005__2025-09-20__TSC_vs_Greenwood__WIN_FREE_KICK__t538.00-t553.00_portrait_POST.mp4","10392959","78.88"
"1080x1920@16.7s","out\reels\portrait_1080x1920\_quarantine\005__CORNER__t417.90-t431.60.mp4","29671421","out\reels\portrait_1080x1920\_quarantine\006__DEFENSE__t699.30-t711.50.mp4","24959795","15.88"
"1080x1920@16.7s","out\reels\portrait_1080x1920\_quarantine\005__CORNER__t417.90-t431.60.mp4","29671421","out\portrait_reels\reels\005__CORNER__t417.90-t431.60_portrait.mp4","20294540","31.6"
"1080x1920@16.7s","out\reels\portrait_1080x1920\_quarantine\005__CORNER__t417.90-t431.60.mp4","29671421","out\portrait_reels\reels\006__DEFENSE__t699.30-t711.50_portrait.mp4","18465979","37.77"
"1080x1920@16.7s","out\reels\portrait_1080x1920\_quarantine\005__CORNER__t417.90-t431.60.mp4","29671421","out\reels\portrait_1080x1920\005__CORNER__t417.90-t431.60.mp4","10332217","65.18"
"1080x1920@16.7s","out\reels\portrait_1080x1920\_quarantine\005__CORNER__t417.90-t431.60.mp4","29671421","out\reels\tiktok\006__GOAL__t699.30-t711.50__ZOOM__tiktok.mp4","10163713","65.75"
"1080x1920@16.7s","out\reels\portrait_1080x1920\_quarantine\005__CORNER__t417.90-t431.60.mp4","29671421","out\reels\tiktok\005__GOAL__t417.90-t431.60__BASE__tiktok.mp4","9515268","67.93"
"1080x1920@16.7s","out\reels\portrait_1080x1920\_quarantine\005__CORNER__t417.90-t431.60.mp4","29671421","out\reels\portrait_1080x1920\006__DEFENSE__t699.30-t711.50.mp4","9240146","68.86"
"1080x1920@16.7s","out\reels\portrait_1080x1920\_quarantine\005__CORNER__t417.90-t431.60.mp4","29671421","out\reels\tiktok\006__GOAL__t699.30-t711.50__BASE__tiktok.mp4","8516261","71.3"
"1080x1920@12.2s","out\reels\portrait_1080x1920\misc\006__DEFENSE__t699.30-t711.50.mp4","33759278","out\branded_clips\REELS\2025-09-13__TSC_vs_NEOFC\006__2025-09-13__TSC_vs_NEOFC__DEFENSE__t699.30-t711.50.__DEBUG_FINAL_portrait_FINAL__REEL.mp4","20137067","40.35"
"1080x1920@12.2s","out\reels\portrait_1080x1920\misc\006__DEFENSE__t699.30-t711.50.mp4","33759278","out\reels\portrait_1080x1920\2025-09-13__TSC_vs_NEOFC\006__2025-09-13__TSC_vs_NEOFC__DEFENSE__t699.30-t711.50.__DEBUG_FINAL_portrait_FINAL.mp4","18886521","44.06"
"1080x1920@12.2s","out\reels\portrait_1080x1920\misc\006__DEFENSE__t699.30-t711.50.mp4","33759278","out\reels\portrait_1080x1920\006__2025-09-13__TSC_vs_NEOFC__DEFENSE__t699.30-t711.50.__DEBUG_FINAL_portrait_FINAL.mp4","6832987","79.76"
"1080x1920@11s","out\reels\portrait_1080x1920\2025-09-20__TSC_vs_Greenwood\026__2025-09-20__TSC_vs_Greenwood__PRESSURE_SHOT__t1951.00-t1962.00_portrait_POST.mp4","44179742","out\reels\portrait_1080x1920\2025-09-20__TSC_vs_Greenwood\023__2025-09-20__TSC_vs_Greenwood__BUILD_UP_PLAY_SHOT__t1711.00-t1722.00_portrait_POST.mp4","40921083","7.38"
"1080x1920@11s","out\reels\portrait_1080x1920\2025-09-20__TSC_vs_Greenwood\026__2025-09-20__TSC_vs_Greenwood__PRESSURE_SHOT__t1951.00-t1962.00_portrait_POST.mp4","44179742","out\reels\portrait_1080x1920\2025-09-20__TSC_vs_RVFC\031__2025-09-20__TSC_vs_RVFC__PRESSURE_SHOT__t1964.00-t1975.00_portrait_POST.mp4","40154077","9.11"
"1080x1920@11s","out\reels\portrait_1080x1920\2025-09-20__TSC_vs_Greenwood\026__2025-09-20__TSC_vs_Greenwood__PRESSURE_SHOT__t1951.00-t1962.00_portrait_POST.mp4","44179742","out\reels\portrait_1080x1920\2025-09-20__TSC_vs_Greenwood\011__2025-09-20__TSC_vs_Greenwood__GOAL__t902.00-t913.00_portrait_POST.mp4","39929012","9.62"
"1080x1920@11s","out\reels\portrait_1080x1920\2025-09-20__TSC_vs_Greenwood\026__2025-09-20__TSC_vs_Greenwood__PRESSURE_SHOT__t1951.00-t1962.00_portrait_POST.mp4","44179742","out\reels\portrait_1080x1920\2025-09-20__TSC_vs_RVFC\034__2025-09-20__TSC_vs_RVFC__PRESSURE_GOAL__t2158.00-t2169.00_portrait_POST.mp4","39505616","10.58"
"1080x1920@11s","out\reels\portrait_1080x1920\2025-09-20__TSC_vs_Greenwood\026__2025-09-20__TSC_vs_Greenwood__PRESSURE_SHOT__t1951.00-t1962.00_portrait_POST.mp4","44179742","out\reels\portrait_1080x1920\2025-09-20__TSC_vs_RVFC\012__2025-09-20__TSC_vs_RVFC__BUILD_UP_PLAY_SHOT__t746.00-t757.00_portrait_POST.mp4","37745076","14.56"
"1080x1920@11s","out\reels\portrait_1080x1920\2025-09-20__TSC_vs_Greenwood\026__2025-09-20__TSC_vs_Greenwood__PRESSURE_SHOT__t1951.00-t1962.00_portrait_POST.mp4","44179742","out\reels\portrait_1080x1920\2025-09-20__TSC_vs_RVFC\006__2025-09-20__TSC_vs_RVFC__SHOT__t517.00-t528.00_portrait_POST.mp4","36648780","17.05"
"1080x1920@11s","out\reels\portrait_1080x1920\2025-09-20__TSC_vs_Greenwood\026__2025-09-20__TSC_vs_Greenwood__PRESSURE_SHOT__t1951.00-t1962.00_portrait_POST.mp4","44179742","out\branded_clips\REELS\2025-10-04__TSC_vs_FC_Tulsa_Black\009__2025-10-04__TSC_vs_FC_Tulsa_Black__PRESSURE_SHOT__t62760.00-t63420.00__REEL.mp4","21732304","50.81"
"1080x1920@11s","out\reels\portrait_1080x1920\2025-09-20__TSC_vs_Greenwood\026__2025-09-20__TSC_vs_Greenwood__PRESSURE_SHOT__t1951.00-t1962.00_portrait_POST.mp4","44179742","out\branded_clips\REELS\2025-09-20__TSC_vs_RVFC\006__2025-09-20__TSC_vs_RVFC__SHOT__t517.00-t528.00_portrait_POST__REEL.mp4","20755651","53.02"
"1080x1920@11s","out\reels\portrait_1080x1920\2025-09-20__TSC_vs_Greenwood\026__2025-09-20__TSC_vs_Greenwood__PRESSURE_SHOT__t1951.00-t1962.00_portrait_POST.mp4","44179742","out\branded_clips\REELS\2025-09-20__TSC_vs_RVFC\006__2025-09-20__TSC_vs_RVFC__SHOT__t31020.00-t31680.00__REEL.mp4","20735601","53.07"
"1080x1920@11s","out\reels\portrait_1080x1920\2025-09-20__TSC_vs_Greenwood\026__2025-09-20__TSC_vs_Greenwood__PRESSURE_SHOT__t1951.00-t1962.00_portrait_POST.mp4","44179742","out\branded_clips\REELS\2025-09-20__TSC_vs_Greenwood\026__2025-09-20__TSC_vs_Greenwood__PRESSURE_SHOT__t1951.00-t1962.00_portrait_POST__REEL.mp4","20569910","53.44"
"1080x1920@11s","out\reels\portrait_1080x1920\2025-09-20__TSC_vs_Greenwood\026__2025-09-20__TSC_vs_Greenwood__PRESSURE_SHOT__t1951.00-t1962.00_portrait_POST.mp4","44179742","out\branded_clips\REELS\2025-09-20__TSC_vs_RVFC\031__2025-09-20__TSC_vs_RVFC__PRESSURE_SHOT__t1964.00-t1975.00_portrait_POST__REEL.mp4","20561581","53.46"
"1080x1920@11s","out\reels\portrait_1080x1920\2025-09-20__TSC_vs_Greenwood\026__2025-09-20__TSC_vs_Greenwood__PRESSURE_SHOT__t1951.00-t1962.00_portrait_POST.mp4","44179742","out\branded_clips\REELS\2025-09-20__TSC_vs_RVFC\012__2025-09-20__TSC_vs_RVFC__BUILD_UP_PLAY_SHOT__t44760.00-t45420.00__REEL.mp4","20510406","53.58"
"1080x1920@11s","out\reels\portrait_1080x1920\2025-09-20__TSC_vs_Greenwood\026__2025-09-20__TSC_vs_Greenwood__PRESSURE_SHOT__t1951.00-t1962.00_portrait_POST.mp4","44179742","out\branded_clips\REELS\2025-09-20__TSC_vs_RVFC\012__2025-09-20__TSC_vs_RVFC__BUILD_UP_PLAY_SHOT__t746.00-t757.00_portrait_POST__REEL.mp4","20495992","53.61"
"1080x1920@11s","out\reels\portrait_1080x1920\2025-09-20__TSC_vs_Greenwood\026__2025-09-20__TSC_vs_Greenwood__PRESSURE_SHOT__t1951.00-t1962.00_portrait_POST.mp4","44179742","out\branded_clips\REELS\2025-09-20__TSC_vs_Greenwood\023__2025-09-20__TSC_vs_Greenwood__BUILD_UP_PLAY_SHOT__t1711.00-t1722.00_portrait_POST__REEL.mp4","20430674","53.76"
"1080x1920@11s","out\reels\portrait_1080x1920\2025-09-20__TSC_vs_Greenwood\026__2025-09-20__TSC_vs_Greenwood__PRESSURE_SHOT__t1951.00-t1962.00_portrait_POST.mp4","44179742","out\branded_clips\REELS\2025-09-20__TSC_vs_RVFC\034__2025-09-20__TSC_vs_RVFC__PRESSURE_GOAL__t2158.00-t2169.00_portrait_POST__REEL.mp4","20356426","53.92"
"1080x1920@11s","out\reels\portrait_1080x1920\2025-09-20__TSC_vs_Greenwood\026__2025-09-20__TSC_vs_Greenwood__PRESSURE_SHOT__t1951.00-t1962.00_portrait_POST.mp4","44179742","out\branded_clips\REELS\2025-09-20__TSC_vs_Greenwood\011__2025-09-20__TSC_vs_Greenwood__GOAL__t902.00-t913.00_portrait_POST__REEL.mp4","20320624","54"
"1080x1920@11s","out\reels\portrait_1080x1920\2025-09-20__TSC_vs_Greenwood\026__2025-09-20__TSC_vs_Greenwood__PRESSURE_SHOT__t1951.00-t1962.00_portrait_POST.mp4","44179742","out\branded_clips\REELS\2025-09-20__TSC_vs_Greenwood\011__2025-09-20__TSC_vs_Greenwood__GOAL__t54120.00-t54780.00__REEL.mp4","20286211","54.08"
"1080x1920@11s","out\reels\portrait_1080x1920\2025-09-20__TSC_vs_Greenwood\026__2025-09-20__TSC_vs_Greenwood__PRESSURE_SHOT__t1951.00-t1962.00_portrait_POST.mp4","44179742","out\branded_clips\REELS\2025-10-04__TSC_vs_FC\009__2025-10-04__TSC_vs_FC_Tulsa_Black__PRESSURE_SHOT__t62760.00-t63420.00__REEL.mp4","19198969","56.54"
"1080x1920@11s","out\reels\portrait_1080x1920\2025-09-20__TSC_vs_Greenwood\026__2025-09-20__TSC_vs_Greenwood__PRESSURE_SHOT__t1951.00-t1962.00_portrait_POST.mp4","44179742","out\reels\portrait_1080x1920\012__2025-09-20__TSC_vs_RVFC__BUILD_UP_PLAY_SHOT__t746.00-t757.00_portrait_POST.mp4","9349542","78.84"
"1080x1920@11s","out\reels\portrait_1080x1920\2025-09-20__TSC_vs_Greenwood\026__2025-09-20__TSC_vs_Greenwood__PRESSURE_SHOT__t1951.00-t1962.00_portrait_POST.mp4","44179742","out\reels\portrait_1080x1920\006__2025-09-20__TSC_vs_RVFC__SHOT__t517.00-t528.00_portrait_POST.mp4","8997049","79.64"
"1080x1920@11s","out\reels\portrait_1080x1920\2025-09-20__TSC_vs_Greenwood\026__2025-09-20__TSC_vs_Greenwood__PRESSURE_SHOT__t1951.00-t1962.00_portrait_POST.mp4","44179742","out\reels\portrait_1080x1920\034__2025-09-20__TSC_vs_RVFC__PRESSURE_GOAL__t2158.00-t2169.00_portrait_POST.mp4","8996713","79.64"
"1080x1920@11s","out\reels\portrait_1080x1920\2025-09-20__TSC_vs_Greenwood\026__2025-09-20__TSC_vs_Greenwood__PRESSURE_SHOT__t1951.00-t1962.00_portrait_POST.mp4","44179742","out\reels\portrait_1080x1920\026__2025-09-20__TSC_vs_Greenwood__PRESSURE_SHOT__t1951.00-t1962.00_portrait_POST.mp4","8715985","80.27"
"1080x1920@11s","out\reels\portrait_1080x1920\2025-09-20__TSC_vs_Greenwood\026__2025-09-20__TSC_vs_Greenwood__PRESSURE_SHOT__t1951.00-t1962.00_portrait_POST.mp4","44179742","out\reels\portrait_1080x1920\023__2025-09-20__TSC_vs_Greenwood__BUILD_UP_PLAY_SHOT__t1711.00-t1722.00_portrait_POST.mp4","8626046","80.48"
"1080x1920@11s","out\reels\portrait_1080x1920\2025-09-20__TSC_vs_Greenwood\026__2025-09-20__TSC_vs_Greenwood__PRESSURE_SHOT__t1951.00-t1962.00_portrait_POST.mp4","44179742","out\reels\portrait_1080x1920\031__2025-09-20__TSC_vs_RVFC__PRESSURE_SHOT__t1964.00-t1975.00_portrait_POST.mp4","8480988","80.8"
"1080x1920@11s","out\reels\portrait_1080x1920\2025-09-20__TSC_vs_Greenwood\026__2025-09-20__TSC_vs_Greenwood__PRESSURE_SHOT__t1951.00-t1962.00_portrait_POST.mp4","44179742","out\reels\portrait_1080x1920\011__2025-09-20__TSC_vs_Greenwood__GOAL__t902.00-t913.00_portrait_POST.mp4","8010979","81.87"
"1080x1920@19s","out\reels\portrait_1080x1920\2025-09-20__TSC_vs_Greenwood\034__2025-09-20__TSC_vs_Greenwood__PRESSURE_SHOT__t2646.00-t2665.00_portrait_POST.mp4","71895449","out\reels\portrait_1080x1920\2025-09-20__TSC_vs_RVFC\036__2025-09-20__TSC_vs_RVFC__PRESSURE_GOAL__t2348.00-t2367.00_portrait_POST.mp4","70099000","2.5"
"1080x1920@19s","out\reels\portrait_1080x1920\2025-09-20__TSC_vs_Greenwood\034__2025-09-20__TSC_vs_Greenwood__PRESSURE_SHOT__t2646.00-t2665.00_portrait_POST.mp4","71895449","out\reels\portrait_1080x1920\2025-09-20__TSC_vs_RVFC\033__2025-09-20__TSC_vs_RVFC__BUILD_UP_PLAY_SHOT__t2131.00-t2150.00_portrait_POST.mp4","62409534","13.19"
"1080x1920@19s","out\reels\portrait_1080x1920\2025-09-20__TSC_vs_Greenwood\034__2025-09-20__TSC_vs_Greenwood__PRESSURE_SHOT__t2646.00-t2665.00_portrait_POST.mp4","71895449","out\reels\portrait_1080x1920\2025-10-12__TSC_SLSG_FallFestival\006__GOAL__t2.035.00-t2.054.00.mp4","60722532","15.54"
"1080x1920@19s","out\reels\portrait_1080x1920\2025-09-20__TSC_vs_Greenwood\034__2025-09-20__TSC_vs_Greenwood__PRESSURE_SHOT__t2646.00-t2665.00_portrait_POST.mp4","71895449","out\reels\portrait_1080x1920\2025-09-20__TSC_vs_RVFC\024__2025-09-20__TSC_vs_RVFC__FREE_KICK__t1402.00-t1421.00_portrait_POST.mp4","58151843","19.12"
"1080x1920@19s","out\reels\portrait_1080x1920\2025-09-20__TSC_vs_Greenwood\034__2025-09-20__TSC_vs_Greenwood__PRESSURE_SHOT__t2646.00-t2665.00_portrait_POST.mp4","71895449","out\branded_clips\REELS\2025-09-20__TSC_vs_RVFC\033__2025-09-20__TSC_vs_RVFC__BUILD_UP_PLAY_SHOT__t2131.00-t2150.00_portrait_POST__REEL.mp4","34716227","51.71"
"1080x1920@19s","out\reels\portrait_1080x1920\2025-09-20__TSC_vs_Greenwood\034__2025-09-20__TSC_vs_Greenwood__PRESSURE_SHOT__t2646.00-t2665.00_portrait_POST.mp4","71895449","out\branded_clips\REELS\2025-09-20__TSC_vs_RVFC\036__2025-09-20__TSC_vs_RVFC__PRESSURE_GOAL__t2348.00-t2367.00_portrait_POST__REEL.mp4","34715235","51.71"
"1080x1920@19s","out\reels\portrait_1080x1920\2025-09-20__TSC_vs_Greenwood\034__2025-09-20__TSC_vs_Greenwood__PRESSURE_SHOT__t2646.00-t2665.00_portrait_POST.mp4","71895449","out\branded_clips\REELS\2025-09-20__TSC_vs_Greenwood\034__2025-09-20__TSC_vs_Greenwood__PRESSURE_SHOT__t2646.00-t2665.00_portrait_POST__REEL.mp4","34545544","51.95"
"1080x1920@19s","out\reels\portrait_1080x1920\2025-09-20__TSC_vs_Greenwood\034__2025-09-20__TSC_vs_Greenwood__PRESSURE_SHOT__t2646.00-t2665.00_portrait_POST.mp4","71895449","out\branded_clips\REELS\2025-09-20__TSC_vs_RVFC\024__2025-09-20__TSC_vs_RVFC__FREE_KICK__t1402.00-t1421.00_portrait_POST__REEL.mp4","33705285","53.12"
"1080x1920@19s","out\reels\portrait_1080x1920\2025-09-20__TSC_vs_Greenwood\034__2025-09-20__TSC_vs_Greenwood__PRESSURE_SHOT__t2646.00-t2665.00_portrait_POST.mp4","71895449","out\branded_clips\REELS\2025-09-20__TSC_vs_RVFC\024__2025-09-20__TSC_vs_RVFC__FREE_KICK__t84120.00-t85260.00__REEL.mp4","33670556","53.17"
"1080x1920@19s","out\reels\portrait_1080x1920\2025-09-20__TSC_vs_Greenwood\034__2025-09-20__TSC_vs_Greenwood__PRESSURE_SHOT__t2646.00-t2665.00_portrait_POST.mp4","71895449","out\portrait_reels\clean\006__GOAL__t2.035.00-t2.054.00_portrait_FINAL.mp4","27783438","61.36"
"1080x1920@19s","out\reels\portrait_1080x1920\2025-09-20__TSC_vs_Greenwood\034__2025-09-20__TSC_vs_Greenwood__PRESSURE_SHOT__t2646.00-t2665.00_portrait_POST.mp4","71895449","out\portrait_reels\branded\017__SHOT__t2284.90-t2298.20_portrait_POST.mp4","17191026","76.09"
"1080x1920@19s","out\reels\portrait_1080x1920\2025-09-20__TSC_vs_Greenwood\034__2025-09-20__TSC_vs_Greenwood__PRESSURE_SHOT__t2646.00-t2665.00_portrait_POST.mp4","71895449","out\portrait_reels\branded\017__SHOT__t2284.90-t2298.20_portrait_BRAND.mp4","15968341","77.79"
"1080x1920@19s","out\reels\portrait_1080x1920\2025-09-20__TSC_vs_Greenwood\034__2025-09-20__TSC_vs_Greenwood__PRESSURE_SHOT__t2646.00-t2665.00_portrait_POST.mp4","71895449","out\reels\portrait_1080x1920\036__2025-09-20__TSC_vs_RVFC__PRESSURE_GOAL__t2348.00-t2367.00_portrait_POST.mp4","15568111","78.35"
"1080x1920@19s","out\reels\portrait_1080x1920\2025-09-20__TSC_vs_Greenwood\034__2025-09-20__TSC_vs_Greenwood__PRESSURE_SHOT__t2646.00-t2665.00_portrait_POST.mp4","71895449","out\reels\portrait_1080x1920\034__2025-09-20__TSC_vs_Greenwood__PRESSURE_SHOT__t2646.00-t2665.00_portrait_POST.mp4","14936424","79.22"
"1080x1920@19s","out\reels\portrait_1080x1920\2025-09-20__TSC_vs_Greenwood\034__2025-09-20__TSC_vs_Greenwood__PRESSURE_SHOT__t2646.00-t2665.00_portrait_POST.mp4","71895449","out\reels\portrait_1080x1920\024__2025-09-20__TSC_vs_RVFC__FREE_KICK__t1402.00-t1421.00_portrait_POST.mp4","14872672","79.31"
"1080x1920@19s","out\reels\portrait_1080x1920\2025-09-20__TSC_vs_Greenwood\034__2025-09-20__TSC_vs_Greenwood__PRESSURE_SHOT__t2646.00-t2665.00_portrait_POST.mp4","71895449","out\reels\portrait_1080x1920\033__2025-09-20__TSC_vs_RVFC__BUILD_UP_PLAY_SHOT__t2131.00-t2150.00_portrait_POST.mp4","14320091","80.08"
"1080x1920@19s","out\reels\portrait_1080x1920\2025-09-20__TSC_vs_Greenwood\034__2025-09-20__TSC_vs_Greenwood__PRESSURE_SHOT__t2646.00-t2665.00_portrait_POST.mp4","71895449","out\reels\portrait_1080x1920\006__GOAL__t2.035.00-t2.054.00.mp4","13776251","80.84"
"1080x1920@5.9s","out\reels\portrait_1080x1920\misc\007__DRIBBLING__t982.00-t987.90.mp4","22370980","out\branded_clips\REELS\2025-09-13__TSC_vs_NEOFC\007__2025-09-13__TSC_vs_NEOFC__DRIBBLING__t982.00-t987.90_portrait_POST__REEL.mp4","10109447","54.81"
"1080x1920@5.9s","out\reels\portrait_1080x1920\misc\007__DRIBBLING__t982.00-t987.90.mp4","22370980","out\reels\portrait_1080x1920\2025-09-13__TSC_vs_NEOFC\007__2025-09-13__TSC_vs_NEOFC__DRIBBLING__t982.00-t987.90_portrait_POST.mp4","9788527","56.24"
"1080x1920@5.9s","out\reels\portrait_1080x1920\misc\007__DRIBBLING__t982.00-t987.90.mp4","22370980","out\reels\portrait_1080x1920\007__2025-09-13__TSC_vs_NEOFC__DRIBBLING__t982.00-t987.90_portrait_POST.mp4","3699581","83.46"
"1080x1920@13s","out\reels\portrait_1080x1920\2025-09-20__TSC_vs_Greenwood\007__2025-09-20__TSC_vs_Greenwood__DRIBBLING_SHOT__t739.00-t752.00_portrait_POST.mp4","59200577","out\reels\portrait_1080x1920\2025-09-20__TSC_vs_Greenwood\013__2025-09-20__TSC_vs_Greenwood__PRESSURE_SHOT__t988.00-t1001.00_portrait_POST.mp4","53367011","9.85"
"1080x1920@13s","out\reels\portrait_1080x1920\2025-09-20__TSC_vs_Greenwood\007__2025-09-20__TSC_vs_Greenwood__DRIBBLING_SHOT__t739.00-t752.00_portrait_POST.mp4","59200577","out\reels\portrait_1080x1920\2025-09-20__TSC_vs_Greenwood\028__2025-09-20__TSC_vs_Greenwood__BUILD_UP_PLAY_SHOT__t2092.00-t2105.00_portrait_POST.mp4","50255343","15.11"
"1080x1920@13s","out\reels\portrait_1080x1920\2025-09-20__TSC_vs_Greenwood\007__2025-09-20__TSC_vs_Greenwood__DRIBBLING_SHOT__t739.00-t752.00_portrait_POST.mp4","59200577","out\reels\portrait_1080x1920\2025-09-20__TSC_vs_RVFC\030__2025-09-20__TSC_vs_RVFC__PRESSURE_SHOT__t1898.00-t1911.00_portrait_POST.mp4","44907517","24.14"
"1080x1920@13s","out\reels\portrait_1080x1920\2025-09-20__TSC_vs_Greenwood\007__2025-09-20__TSC_vs_Greenwood__DRIBBLING_SHOT__t739.00-t752.00_portrait_POST.mp4","59200577","out\reels\portrait_1080x1920\2025-09-20__TSC_vs_RVFC\011__2025-09-20__TSC_vs_RVFC__PRESSURE_SHOT__t689.00-t702.00_portrait_POST.mp4","41525238","29.86"
"1080x1920@13s","out\reels\portrait_1080x1920\2025-09-20__TSC_vs_Greenwood\007__2025-09-20__TSC_vs_Greenwood__DRIBBLING_SHOT__t739.00-t752.00_portrait_POST.mp4","59200577","out\reels\portrait_1080x1920\2025-09-20__TSC_vs_RVFC\023__2025-09-20__TSC_vs_RVFC__PRESSURE_SHOT__t1316.00-t1329.00_portrait_POST.mp4","40202211","32.09"
"1080x1920@13s","out\reels\portrait_1080x1920\2025-09-20__TSC_vs_Greenwood\007__2025-09-20__TSC_vs_Greenwood__DRIBBLING_SHOT__t739.00-t752.00_portrait_POST.mp4","59200577","out\branded_clips\REELS\2025-09-20__TSC_vs_Greenwood\028__2025-09-20__TSC_vs_Greenwood__BUILD_UP_PLAY_SHOT__t2092.00-t2105.00_portrait_POST__REEL.mp4","24144604","59.22"
"1080x1920@13s","out\reels\portrait_1080x1920\2025-09-20__TSC_vs_Greenwood\007__2025-09-20__TSC_vs_Greenwood__DRIBBLING_SHOT__t739.00-t752.00_portrait_POST.mp4","59200577","out\branded_clips\REELS\2025-09-20__TSC_vs_RVFC\030__2025-09-20__TSC_vs_RVFC__PRESSURE_SHOT__t1898.00-t1911.00_portrait_POST__REEL.mp4","24135147","59.23"
"1080x1920@13s","out\reels\portrait_1080x1920\2025-09-20__TSC_vs_Greenwood\007__2025-09-20__TSC_vs_Greenwood__DRIBBLING_SHOT__t739.00-t752.00_portrait_POST.mp4","59200577","out\branded_clips\REELS\2025-09-20__TSC_vs_Greenwood\013__2025-09-20__TSC_vs_Greenwood__PRESSURE_SHOT__t988.00-t1001.00_portrait_POST__REEL.mp4","24072093","59.34"
"1080x1920@13s","out\reels\portrait_1080x1920\2025-09-20__TSC_vs_Greenwood\007__2025-09-20__TSC_vs_Greenwood__DRIBBLING_SHOT__t739.00-t752.00_portrait_POST.mp4","59200577","out\branded_clips\REELS\2025-09-20__TSC_vs_Greenwood\013__2025-09-20__TSC_vs_Greenwood__PRESSURE_SHOT__t59280.00-t60060.00__REEL.mp4","24054615","59.37"
"1080x1920@13s","out\reels\portrait_1080x1920\2025-09-20__TSC_vs_Greenwood\007__2025-09-20__TSC_vs_Greenwood__DRIBBLING_SHOT__t739.00-t752.00_portrait_POST.mp4","59200577","out\branded_clips\REELS\2025-09-20__TSC_vs_RVFC\003__2025-09-20__TSC_vs_RVFC__PRESSURE_SHOT__t15480.00-t16260.00__REEL.mp4","24044196","59.39"
"1080x1920@13s","out\reels\portrait_1080x1920\2025-09-20__TSC_vs_Greenwood\007__2025-09-20__TSC_vs_Greenwood__DRIBBLING_SHOT__t739.00-t752.00_portrait_POST.mp4","59200577","out\branded_clips\REELS\2025-09-20__TSC_vs_Greenwood\002__2025-09-20__TSC_vs_Greenwood__GOAL__t20400.00-t21180.00__REEL.mp4","24029191","59.41"
"1080x1920@13s","out\reels\portrait_1080x1920\2025-09-20__TSC_vs_Greenwood\007__2025-09-20__TSC_vs_Greenwood__DRIBBLING_SHOT__t739.00-t752.00_portrait_POST.mp4","59200577","out\branded_clips\REELS\2025-09-20__TSC_vs_Greenwood\007__2025-09-20__TSC_vs_Greenwood__DRIBBLING_SHOT__t44340.00-t45120.00__REEL.mp4","23968329","59.51"
"1080x1920@13s","out\reels\portrait_1080x1920\2025-09-20__TSC_vs_Greenwood\007__2025-09-20__TSC_vs_Greenwood__DRIBBLING_SHOT__t739.00-t752.00_portrait_POST.mp4","59200577","out\branded_clips\REELS\2025-09-20__TSC_vs_Greenwood\007__2025-09-20__TSC_vs_Greenwood__DRIBBLING_SHOT__t739.00-t752.00_portrait_POST__REEL.mp4","23967628","59.51"
"1080x1920@13s","out\reels\portrait_1080x1920\2025-09-20__TSC_vs_Greenwood\007__2025-09-20__TSC_vs_Greenwood__DRIBBLING_SHOT__t739.00-t752.00_portrait_POST.mp4","59200577","out\branded_clips\REELS\2025-09-20__TSC_vs_RVFC\023__2025-09-20__TSC_vs_RVFC__PRESSURE_SHOT__t78960.00-t79740.00__REEL.mp4","23941207","59.56"
"1080x1920@13s","out\reels\portrait_1080x1920\2025-09-20__TSC_vs_Greenwood\007__2025-09-20__TSC_vs_Greenwood__DRIBBLING_SHOT__t739.00-t752.00_portrait_POST.mp4","59200577","out\branded_clips\REELS\2025-09-20__TSC_vs_RVFC\023__2025-09-20__TSC_vs_RVFC__PRESSURE_SHOT__t1316.00-t1329.00_portrait_POST__REEL.mp4","23924575","59.59"
"1080x1920@13s","out\reels\portrait_1080x1920\2025-09-20__TSC_vs_Greenwood\007__2025-09-20__TSC_vs_Greenwood__DRIBBLING_SHOT__t739.00-t752.00_portrait_POST.mp4","59200577","out\branded_clips\REELS\2025-09-20__TSC_vs_RVFC\011__2025-09-20__TSC_vs_RVFC__PRESSURE_SHOT__t41340.00-t42120.00__REEL.mp4","22933054","61.26"
"1080x1920@13s","out\reels\portrait_1080x1920\2025-09-20__TSC_vs_Greenwood\007__2025-09-20__TSC_vs_Greenwood__DRIBBLING_SHOT__t739.00-t752.00_portrait_POST.mp4","59200577","out\branded_clips\REELS\2025-09-20__TSC_vs_RVFC\011__2025-09-20__TSC_vs_RVFC__PRESSURE_SHOT__t689.00-t702.00_portrait_POST__REEL.mp4","22921676","61.28"
"1080x1920@13s","out\reels\portrait_1080x1920\2025-09-20__TSC_vs_Greenwood\007__2025-09-20__TSC_vs_Greenwood__DRIBBLING_SHOT__t739.00-t752.00_portrait_POST.mp4","59200577","out\reels\portrait_1080x1920\023__2025-09-20__TSC_vs_RVFC__PRESSURE_SHOT__t1316.00-t1329.00_portrait_POST.mp4","11141622","81.18"
"1080x1920@13s","out\reels\portrait_1080x1920\2025-09-20__TSC_vs_Greenwood\007__2025-09-20__TSC_vs_Greenwood__DRIBBLING_SHOT__t739.00-t752.00_portrait_POST.mp4","59200577","out\reels\portrait_1080x1920\007__2025-09-20__TSC_vs_Greenwood__DRIBBLING_SHOT__t739.00-t752.00_portrait_POST.mp4","10792779","81.77"
"1080x1920@13s","out\reels\portrait_1080x1920\2025-09-20__TSC_vs_Greenwood\007__2025-09-20__TSC_vs_Greenwood__DRIBBLING_SHOT__t739.00-t752.00_portrait_POST.mp4","59200577","out\reels\portrait_1080x1920\030__2025-09-20__TSC_vs_RVFC__PRESSURE_SHOT__t1898.00-t1911.00_portrait_POST.mp4","10477621","82.3"
"1080x1920@13s","out\reels\portrait_1080x1920\2025-09-20__TSC_vs_Greenwood\007__2025-09-20__TSC_vs_Greenwood__DRIBBLING_SHOT__t739.00-t752.00_portrait_POST.mp4","59200577","out\reels\portrait_1080x1920\011__2025-09-20__TSC_vs_RVFC__PRESSURE_SHOT__t689.00-t702.00_portrait_POST.mp4","9749417","83.53"
"1080x1920@13s","out\reels\portrait_1080x1920\2025-09-20__TSC_vs_Greenwood\007__2025-09-20__TSC_vs_Greenwood__DRIBBLING_SHOT__t739.00-t752.00_portrait_POST.mp4","59200577","out\reels\portrait_1080x1920\013__2025-09-20__TSC_vs_Greenwood__PRESSURE_SHOT__t988.00-t1001.00_portrait_POST.mp4","9678260","83.65"
"1080x1920@13s","out\reels\portrait_1080x1920\2025-09-20__TSC_vs_Greenwood\007__2025-09-20__TSC_vs_Greenwood__DRIBBLING_SHOT__t739.00-t752.00_portrait_POST.mp4","59200577","out\reels\portrait_1080x1920\028__2025-09-20__TSC_vs_Greenwood__BUILD_UP_PLAY_SHOT__t2092.00-t2105.00_portrait_POST.mp4","9646941","83.7"
"1080x1920@18s","out\reels\portrait_1080x1920\2025-09-20__TSC_vs_Greenwood\029__2025-09-20__TSC_vs_Greenwood__BUILD_UP_PLAY_SHOT__t2134.00-t2152.00_portrait_POST.mp4","76583639","out\reels\portrait_1080x1920\2025-09-20__TSC_vs_Greenwood\027__2025-09-20__TSC_vs_Greenwood__BUILD_UP_PLAY_SHOT__t2040.00-t2058.00_portrait_POST.mp4","73806976","3.63"
"1080x1920@18s","out\reels\portrait_1080x1920\2025-09-20__TSC_vs_Greenwood\029__2025-09-20__TSC_vs_Greenwood__BUILD_UP_PLAY_SHOT__t2134.00-t2152.00_portrait_POST.mp4","76583639","out\reels\portrait_1080x1920\2025-09-20__TSC_vs_RVFC\043__2025-09-20__TSC_vs_RVFC__GOAL__t3010.00-t3028.00_portrait_POST.mp4","62006584","19.03"
"1080x1920@18s","out\reels\portrait_1080x1920\2025-09-20__TSC_vs_Greenwood\029__2025-09-20__TSC_vs_Greenwood__BUILD_UP_PLAY_SHOT__t2134.00-t2152.00_portrait_POST.mp4","76583639","out\reels\portrait_1080x1920\2025-09-20__TSC_vs_RVFC\042__2025-09-20__TSC_vs_RVFC__CORNER__t2765.00-t2783.00_portrait_POST.mp4","60307910","21.25"
"1080x1920@18s","out\reels\portrait_1080x1920\2025-09-20__TSC_vs_Greenwood\029__2025-09-20__TSC_vs_Greenwood__BUILD_UP_PLAY_SHOT__t2134.00-t2152.00_portrait_POST.mp4","76583639","out\reels\portrait_1080x1920\2025-09-20__TSC_vs_RVFC\021__2025-09-20__TSC_vs_RVFC__CROSS__t1275.00-t1293.00_portrait_POST.mp4","53003338","30.79"
"1080x1920@18s","out\reels\portrait_1080x1920\2025-09-20__TSC_vs_Greenwood\029__2025-09-20__TSC_vs_Greenwood__BUILD_UP_PLAY_SHOT__t2134.00-t2152.00_portrait_POST.mp4","76583639","out\reels\portrait_1080x1920\2025-09-20__TSC_vs_RVFC\007__2025-09-20__TSC_vs_RVFC__PRESSURE_GOAL__t529.00-t547.00_portrait_POST.mp4","51144558","33.22"
"1080x1920@18s","out\reels\portrait_1080x1920\2025-09-20__TSC_vs_Greenwood\029__2025-09-20__TSC_vs_Greenwood__BUILD_UP_PLAY_SHOT__t2134.00-t2152.00_portrait_POST.mp4","76583639","out\branded_clips\REELS\2025-09-20__TSC_vs_RVFC\007__2025-10-04__TSC_vs_FC_Tulsa_Black__BUILD_UP_SHOT__t46020.00-t47100.00__REEL.mp4","48340838","36.88"
"1080x1920@18s","out\reels\portrait_1080x1920\2025-09-20__TSC_vs_Greenwood\029__2025-09-20__TSC_vs_Greenwood__BUILD_UP_PLAY_SHOT__t2134.00-t2152.00_portrait_POST.mp4","76583639","out\branded_clips\REELS\2025-10-04__TSC_vs_FC_Tulsa_Black\004__2025-10-04__TSC_vs_FC_Tulsa_Black__BUILD_UP__t29700.00-t30780.00__REEL.mp4","42776648","44.14"
"1080x1920@18s","out\reels\portrait_1080x1920\2025-09-20__TSC_vs_Greenwood\029__2025-09-20__TSC_vs_Greenwood__BUILD_UP_PLAY_SHOT__t2134.00-t2152.00_portrait_POST.mp4","76583639","out\branded_clips\REELS\2025-09-20__TSC_vs_RVFC\043__2025-09-20__TSC_vs_RVFC__GOAL__t3010.00-t3028.00_portrait_POST__REEL.mp4","33114062","56.76"
"1080x1920@18s","out\reels\portrait_1080x1920\2025-09-20__TSC_vs_Greenwood\029__2025-09-20__TSC_vs_Greenwood__BUILD_UP_PLAY_SHOT__t2134.00-t2152.00_portrait_POST.mp4","76583639","out\branded_clips\REELS\2025-09-20__TSC_vs_Greenwood\029__2025-09-20__TSC_vs_Greenwood__BUILD_UP_PLAY_SHOT__t2134.00-t2152.00_portrait_POST__REEL.mp4","33002466","56.91"
"1080x1920@18s","out\reels\portrait_1080x1920\2025-09-20__TSC_vs_Greenwood\029__2025-09-20__TSC_vs_Greenwood__BUILD_UP_PLAY_SHOT__t2134.00-t2152.00_portrait_POST.mp4","76583639","out\branded_clips\REELS\2025-09-20__TSC_vs_Greenwood\027__2025-09-20__TSC_vs_Greenwood__BUILD_UP_PLAY_SHOT__t2040.00-t2058.00_portrait_POST__REEL.mp4","32979839","56.94"
"1080x1920@18s","out\reels\portrait_1080x1920\2025-09-20__TSC_vs_Greenwood\029__2025-09-20__TSC_vs_Greenwood__BUILD_UP_PLAY_SHOT__t2134.00-t2152.00_portrait_POST.mp4","76583639","out\branded_clips\REELS\2025-10-04__TSC_vs_FC\007__2025-10-04__TSC_vs_FC_Tulsa_Black__BUILD_UP_SHOT__t46020.00-t47100.00__REEL.mp4","32920710","57.01"
"1080x1920@18s","out\reels\portrait_1080x1920\2025-09-20__TSC_vs_Greenwood\029__2025-09-20__TSC_vs_Greenwood__BUILD_UP_PLAY_SHOT__t2134.00-t2152.00_portrait_POST.mp4","76583639","out\branded_clips\REELS\2025-09-20__TSC_vs_RVFC\042__2025-09-20__TSC_vs_RVFC__CORNER__t2765.00-t2783.00_portrait_POST__REEL.mp4","32750227","57.24"
"1080x1920@18s","out\reels\portrait_1080x1920\2025-09-20__TSC_vs_Greenwood\029__2025-09-20__TSC_vs_Greenwood__BUILD_UP_PLAY_SHOT__t2134.00-t2152.00_portrait_POST.mp4","76583639","out\branded_clips\REELS\2025-10-04__TSC_vs_FC\004__2025-10-04__TSC_vs_FC_Tulsa_Black__BUILD_UP__t29700.00-t30780.00__REEL.mp4","32690453","57.31"
"1080x1920@18s","out\reels\portrait_1080x1920\2025-09-20__TSC_vs_Greenwood\029__2025-09-20__TSC_vs_Greenwood__BUILD_UP_PLAY_SHOT__t2134.00-t2152.00_portrait_POST.mp4","76583639","out\branded_clips\REELS\2025-09-20__TSC_vs_RVFC\007__2025-09-20__TSC_vs_RVFC__PRESSURE_GOAL__t529.00-t547.00_portrait_POST__REEL.mp4","29109391","61.99"
"1080x1920@18s","out\reels\portrait_1080x1920\2025-09-20__TSC_vs_Greenwood\029__2025-09-20__TSC_vs_Greenwood__BUILD_UP_PLAY_SHOT__t2134.00-t2152.00_portrait_POST.mp4","76583639","out\branded_clips\REELS\2025-09-20__TSC_vs_RVFC\007__2025-09-20__TSC_vs_RVFC__PRESSURE_GOAL__t31740.00-t32820.00__REEL.mp4","29096589","62.01"
"1080x1920@18s","out\reels\portrait_1080x1920\2025-09-20__TSC_vs_Greenwood\029__2025-09-20__TSC_vs_Greenwood__BUILD_UP_PLAY_SHOT__t2134.00-t2152.00_portrait_POST.mp4","76583639","out\branded_clips\REELS\2025-09-20__TSC_vs_RVFC\021__2025-09-20__TSC_vs_RVFC__CROSS__t76500.00-t77580.00__REEL.mp4","28834449","62.35"
"1080x1920@18s","out\reels\portrait_1080x1920\2025-09-20__TSC_vs_Greenwood\029__2025-09-20__TSC_vs_Greenwood__BUILD_UP_PLAY_SHOT__t2134.00-t2152.00_portrait_POST.mp4","76583639","out\branded_clips\REELS\2025-09-20__TSC_vs_RVFC\021__2025-09-20__TSC_vs_RVFC__CROSS__t1275.00-t1293.00_portrait_POST__REEL.mp4","28827697","62.36"
"1080x1920@18s","out\reels\portrait_1080x1920\2025-09-20__TSC_vs_Greenwood\029__2025-09-20__TSC_vs_Greenwood__BUILD_UP_PLAY_SHOT__t2134.00-t2152.00_portrait_POST.mp4","76583639","out\reels\portrait_1080x1920\029__2025-09-20__TSC_vs_Greenwood__BUILD_UP_PLAY_SHOT__t2134.00-t2152.00_portrait_POST.mp4","15028114","80.38"
"1080x1920@18s","out\reels\portrait_1080x1920\2025-09-20__TSC_vs_Greenwood\029__2025-09-20__TSC_vs_Greenwood__BUILD_UP_PLAY_SHOT__t2134.00-t2152.00_portrait_POST.mp4","76583639","out\reels\portrait_1080x1920\027__2025-09-20__TSC_vs_Greenwood__BUILD_UP_PLAY_SHOT__t2040.00-t2058.00_portrait_POST.mp4","14796373","80.68"
"1080x1920@18s","out\reels\portrait_1080x1920\2025-09-20__TSC_vs_Greenwood\029__2025-09-20__TSC_vs_Greenwood__BUILD_UP_PLAY_SHOT__t2134.00-t2152.00_portrait_POST.mp4","76583639","out\reels\portrait_1080x1920\042__2025-09-20__TSC_vs_RVFC__CORNER__t2765.00-t2783.00_portrait_POST.mp4","14783801","80.7"
"1080x1920@18s","out\reels\portrait_1080x1920\2025-09-20__TSC_vs_Greenwood\029__2025-09-20__TSC_vs_Greenwood__BUILD_UP_PLAY_SHOT__t2134.00-t2152.00_portrait_POST.mp4","76583639","out\reels\portrait_1080x1920\043__2025-09-20__TSC_vs_RVFC__GOAL__t3010.00-t3028.00_portrait_POST.mp4","13756559","82.04"
"1080x1920@18s","out\reels\portrait_1080x1920\2025-09-20__TSC_vs_Greenwood\029__2025-09-20__TSC_vs_Greenwood__BUILD_UP_PLAY_SHOT__t2134.00-t2152.00_portrait_POST.mp4","76583639","out\reels\portrait_1080x1920\021__2025-09-20__TSC_vs_RVFC__CROSS__t1275.00-t1293.00_portrait_POST.mp4","13088035","82.91"
"1080x1920@18s","out\reels\portrait_1080x1920\2025-09-20__TSC_vs_Greenwood\029__2025-09-20__TSC_vs_Greenwood__BUILD_UP_PLAY_SHOT__t2134.00-t2152.00_portrait_POST.mp4","76583639","out\reels\portrait_1080x1920\007__2025-09-20__TSC_vs_RVFC__PRESSURE_GOAL__t529.00-t547.00_portrait_POST.mp4","11954062","84.39"
"1080x1920@16s","out\reels\portrait_1080x1920\2025-09-20__TSC_vs_Greenwood\020__2025-09-20__TSC_vs_Greenwood__PRESSURE_SHOT__t1393.00-t1409.00_portrait_POST.mp4","66276502","out\reels\portrait_1080x1920\2025-09-20__TSC_vs_RVFC\009__2025-09-20__TSC_vs_RVFC__PRESSURE_SHOT__t604.00-t620.00_portrait_POST.mp4","62217418","6.12"
"1080x1920@16s","out\reels\portrait_1080x1920\2025-09-20__TSC_vs_Greenwood\020__2025-09-20__TSC_vs_Greenwood__PRESSURE_SHOT__t1393.00-t1409.00_portrait_POST.mp4","66276502","out\reels\portrait_1080x1920\2025-09-20__TSC_vs_Greenwood\009__2025-09-20__TSC_vs_Greenwood__PRESSURE_SHOT__t802.00-t818.00_portrait_POST.mp4","59905294","9.61"
"1080x1920@16s","out\reels\portrait_1080x1920\2025-09-20__TSC_vs_Greenwood\020__2025-09-20__TSC_vs_Greenwood__PRESSURE_SHOT__t1393.00-t1409.00_portrait_POST.mp4","66276502","out\reels\portrait_1080x1920\2025-10-12__TSC_SLSG_FallFestival\007__CROSS__t2.212.00-t2.228.00.mp4","52058842","21.45"
"1080x1920@16s","out\reels\portrait_1080x1920\2025-09-20__TSC_vs_Greenwood\020__2025-09-20__TSC_vs_Greenwood__PRESSURE_SHOT__t1393.00-t1409.00_portrait_POST.mp4","66276502","out\reels\portrait_1080x1920\2025-09-13__TSC_vs_NEOFC\030__2025-09-13__TSC_vs_NEOFC__2025-10-04__TSC_vs_FC_Tulsa_Black__BUILD_UP_SHOT__t1705-t1721.mp4","31001481","53.22"
"1080x1920@16s","out\reels\portrait_1080x1920\2025-09-20__TSC_vs_Greenwood\020__2025-09-20__TSC_vs_Greenwood__PRESSURE_SHOT__t1393.00-t1409.00_portrait_POST.mp4","66276502","out\branded_clips\REELS\2025-09-20__TSC_vs_RVFC\009__2025-09-20__TSC_vs_RVFC__PRESSURE_SHOT__t36240.00-t37200.00__REEL.mp4","29504805","55.48"
"1080x1920@16s","out\reels\portrait_1080x1920\2025-09-20__TSC_vs_Greenwood\020__2025-09-20__TSC_vs_Greenwood__PRESSURE_SHOT__t1393.00-t1409.00_portrait_POST.mp4","66276502","out\branded_clips\REELS\2025-09-20__TSC_vs_RVFC\009__2025-09-20__TSC_vs_RVFC__PRESSURE_SHOT__t604.00-t620.00_portrait_POST__REEL.mp4","29499944","55.49"
"1080x1920@16s","out\reels\portrait_1080x1920\2025-09-20__TSC_vs_Greenwood\020__2025-09-20__TSC_vs_Greenwood__PRESSURE_SHOT__t1393.00-t1409.00_portrait_POST.mp4","66276502","out\branded_clips\REELS\2025-09-20__TSC_vs_Greenwood\009__2025-09-20__TSC_vs_Greenwood__PRESSURE_SHOT__t802.00-t818.00_portrait_POST__REEL.mp4","29350086","55.72"
"1080x1920@16s","out\reels\portrait_1080x1920\2025-09-20__TSC_vs_Greenwood\020__2025-09-20__TSC_vs_Greenwood__PRESSURE_SHOT__t1393.00-t1409.00_portrait_POST.mp4","66276502","out\branded_clips\REELS\2025-10-04__TSC_vs_FC\013__2025-10-04__TSC_vs_FC_Tulsa_Black__BUILD_UP_PLAY__t77400.00-t78360.00__REEL.mp4","29349661","55.72"
"1080x1920@16s","out\reels\portrait_1080x1920\2025-09-20__TSC_vs_Greenwood\020__2025-09-20__TSC_vs_Greenwood__PRESSURE_SHOT__t1393.00-t1409.00_portrait_POST.mp4","66276502","out\branded_clips\REELS\2025-09-20__TSC_vs_Greenwood\020__2025-09-20__TSC_vs_Greenwood__PRESSURE_SHOT__t83580.00-t84540.00__REEL.mp4","29282881","55.82"
"1080x1920@16s","out\reels\portrait_1080x1920\2025-09-20__TSC_vs_Greenwood\020__2025-09-20__TSC_vs_Greenwood__PRESSURE_SHOT__t1393.00-t1409.00_portrait_POST.mp4","66276502","out\branded_clips\REELS\2025-09-20__TSC_vs_Greenwood\020__2025-09-20__TSC_vs_Greenwood__PRESSURE_SHOT__t1393.00-t1409.00_portrait_POST__REEL.mp4","29280821","55.82"
"1080x1920@16s","out\reels\portrait_1080x1920\2025-09-20__TSC_vs_Greenwood\020__2025-09-20__TSC_vs_Greenwood__PRESSURE_SHOT__t1393.00-t1409.00_portrait_POST.mp4","66276502","out\branded_clips\REELS\2025-09-20__TSC_vs_Greenwood\009__2025-09-20__TSC_vs_Greenwood__PRESSURE_SHOT__t48120.00-t49080.00__REEL.mp4","29272519","55.83"
"1080x1920@16s","out\reels\portrait_1080x1920\2025-09-20__TSC_vs_Greenwood\020__2025-09-20__TSC_vs_Greenwood__PRESSURE_SHOT__t1393.00-t1409.00_portrait_POST.mp4","66276502","out\branded_clips\REELS\2025-10-04__TSC_vs_FC_Tulsa_Black\013__2025-10-04__TSC_vs_FC_Tulsa_Black__BUILD_UP_PLAY__t77400.00-t78360.00__REEL.mp4","29061744","56.15"
"1080x1920@16s","out\reels\portrait_1080x1920\2025-09-20__TSC_vs_Greenwood\020__2025-09-20__TSC_vs_Greenwood__PRESSURE_SHOT__t1393.00-t1409.00_portrait_POST.mp4","66276502","out\branded_clips\REELS\2025-09-13__TSC_vs_NEOFC\030__2025-09-13__TSC_vs_NEOFC__2025-10-04__TSC_vs_FC_Tulsa_Black__BUILD_UP_SHOT__t1705-t1721__REEL.mp4","27855092","57.97"
"1080x1920@16s","out\reels\portrait_1080x1920\2025-09-20__TSC_vs_Greenwood\020__2025-09-20__TSC_vs_Greenwood__PRESSURE_SHOT__t1393.00-t1409.00_portrait_POST.mp4","66276502","out\reels\portrait_1080x1920\_quarantine\020__GOAL__t2816.60-t2831.80.mp4","26579617","59.9"
"1080x1920@16s","out\reels\portrait_1080x1920\2025-09-20__TSC_vs_Greenwood\020__2025-09-20__TSC_vs_Greenwood__PRESSURE_SHOT__t1393.00-t1409.00_portrait_POST.mp4","66276502","out\portrait_reels\clean\007__CROSS__t2.212.00-t2.228.00_portrait_FINAL.mp4","20556993","68.98"
"1080x1920@16s","out\reels\portrait_1080x1920\2025-09-20__TSC_vs_Greenwood\020__2025-09-20__TSC_vs_Greenwood__PRESSURE_SHOT__t1393.00-t1409.00_portrait_POST.mp4","66276502","out\portrait_reels\reels\020__GOAL__t2816.60-t2831.80_portrait.mp4","18280426","72.42"
"1080x1920@16s","out\reels\portrait_1080x1920\2025-09-20__TSC_vs_Greenwood\020__2025-09-20__TSC_vs_Greenwood__PRESSURE_SHOT__t1393.00-t1409.00_portrait_POST.mp4","66276502","out\reels\portrait_1080x1920\009__2025-09-20__TSC_vs_RVFC__PRESSURE_SHOT__t604.00-t620.00_portrait_POST.mp4","13766751","79.23"
"1080x1920@16s","out\reels\portrait_1080x1920\2025-09-20__TSC_vs_Greenwood\020__2025-09-20__TSC_vs_Greenwood__PRESSURE_SHOT__t1393.00-t1409.00_portrait_POST.mp4","66276502","out\reels\portrait_1080x1920\020__2025-09-20__TSC_vs_Greenwood__PRESSURE_SHOT__t1393.00-t1409.00_portrait_POST.mp4","11530655","82.6"
"1080x1920@16s","out\reels\portrait_1080x1920\2025-09-20__TSC_vs_Greenwood\020__2025-09-20__TSC_vs_Greenwood__PRESSURE_SHOT__t1393.00-t1409.00_portrait_POST.mp4","66276502","out\reels\portrait_1080x1920\007__CROSS__t2.212.00-t2.228.00.mp4","11471725","82.69"
"1080x1920@16s","out\reels\portrait_1080x1920\2025-09-20__TSC_vs_Greenwood\020__2025-09-20__TSC_vs_Greenwood__PRESSURE_SHOT__t1393.00-t1409.00_portrait_POST.mp4","66276502","out\reels\portrait_1080x1920\009__2025-09-20__TSC_vs_Greenwood__PRESSURE_SHOT__t802.00-t818.00_portrait_POST.mp4","11241108","83.04"
"1080x1920@16s","out\reels\portrait_1080x1920\2025-09-20__TSC_vs_Greenwood\020__2025-09-20__TSC_vs_Greenwood__PRESSURE_SHOT__t1393.00-t1409.00_portrait_POST.mp4","66276502","out\reels\tiktok\020__GOAL__t2816.60-t2831.80__ZOOM__tiktok.mp4","10297060","84.46"
"1080x1920@16s","out\reels\portrait_1080x1920\2025-09-20__TSC_vs_Greenwood\020__2025-09-20__TSC_vs_Greenwood__PRESSURE_SHOT__t1393.00-t1409.00_portrait_POST.mp4","66276502","out\reels\portrait_1080x1920\030__2025-09-13__TSC_vs_NEOFC__2025-10-04__TSC_vs_FC_Tulsa_Black__BUILD_UP_SHOT__t1705-t1721.mp4","9860097","85.12"
"1080x1920@16s","out\reels\portrait_1080x1920\2025-09-20__TSC_vs_Greenwood\020__2025-09-20__TSC_vs_Greenwood__PRESSURE_SHOT__t1393.00-t1409.00_portrait_POST.mp4","66276502","out\reels\portrait_1080x1920\020__GOAL__t2816.60-t2831.80.mp4","9241743","86.06"
"1080x1920@16s","out\reels\portrait_1080x1920\2025-09-20__TSC_vs_Greenwood\020__2025-09-20__TSC_vs_Greenwood__PRESSURE_SHOT__t1393.00-t1409.00_portrait_POST.mp4","66276502","out\reels\tiktok\020__GOAL__t2816.60-t2831.80__BASE__tiktok.mp4","8871524","86.61"
"1080x1920@8.9s","out\reels\portrait_1080x1920\_quarantine\007__DRIBBLING__t982.00-t987.90.mp4","13683213","out\portrait_reels\reels\007__DRIBBLING__t982.00-t987.90_portrait.mp4","10189262","25.53"
"1080x1920@8.9s","out\reels\portrait_1080x1920\_quarantine\007__DRIBBLING__t982.00-t987.90.mp4","13683213","out\reels\tiktok\007__GOAL__t982.00-t987.90__ZOOM__tiktok.mp4","5664772","58.6"
"1080x1920@8.9s","out\reels\portrait_1080x1920\_quarantine\007__DRIBBLING__t982.00-t987.90.mp4","13683213","out\reels\portrait_1080x1920\007__DRIBBLING__t982.00-t987.90.mp4","5168886","62.22"
"1080x1920@8.9s","out\reels\portrait_1080x1920\_quarantine\007__DRIBBLING__t982.00-t987.90.mp4","13683213","out\reels\tiktok\007__GOAL__t982.00-t987.90__BASE__tiktok.mp4","5013810","63.36"
"1080x1920@11.4s","out\reels\portrait_1080x1920\misc\008__SHOT__t1247.80-t1259.20.mp4","31758749","out\branded_clips\REELS\2025-09-13__TSC_vs_NEOFC\008__2025-09-13__TSC_vs_NEOFC__SHOT__t1247.80-t1259.20_portrait_POST__REEL.mp4","15465862","51.3"
"1080x1920@11.4s","out\reels\portrait_1080x1920\misc\008__SHOT__t1247.80-t1259.20.mp4","31758749","out\reels\portrait_1080x1920\2025-09-13__TSC_vs_NEOFC\008__2025-09-13__TSC_vs_NEOFC__SHOT__t1247.80-t1259.20_portrait_POST.mp4","14699269","53.72"
"1080x1920@11.4s","out\reels\portrait_1080x1920\misc\008__SHOT__t1247.80-t1259.20.mp4","31758749","out\portrait_reels\branded\007__DRIBBLING__t982.00-t987.90_portrait_POST.mp4","9254270","70.86"
"1080x1920@11.4s","out\reels\portrait_1080x1920\misc\008__SHOT__t1247.80-t1259.20.mp4","31758749","out\reels\portrait_1080x1920\008__2025-09-13__TSC_vs_NEOFC__SHOT__t1247.80-t1259.20_portrait_POST.mp4","5709793","82.02"
"1080x1920@29s","out\reels\portrait_1080x1920\2025-09-20__TSC_vs_Greenwood\008__2025-09-20__TSC_vs_Greenwood__PRESSURE_SHOT__t754.00-t783.00_portrait_POST.mp4","115786795","out\branded_clips\REELS\2025-10-04__TSC_vs_FC_Tulsa_Black\003__2025-10-04__TSC_vs_FC_Tulsa_Black__BUILD_UP__t27480.00-t29220.00__REEL.mp4","64812955","44.02"
"1080x1920@29s","out\reels\portrait_1080x1920\2025-09-20__TSC_vs_Greenwood\008__2025-09-20__TSC_vs_Greenwood__PRESSURE_SHOT__t754.00-t783.00_portrait_POST.mp4","115786795","out\branded_clips\REELS\2025-10-04__TSC_vs_FC\003__2025-10-04__TSC_vs_FC_Tulsa_Black__BUILD_UP__t27480.00-t29220.00__REEL.mp4","52154119","54.96"
"1080x1920@29s","out\reels\portrait_1080x1920\2025-09-20__TSC_vs_Greenwood\008__2025-09-20__TSC_vs_Greenwood__PRESSURE_SHOT__t754.00-t783.00_portrait_POST.mp4","115786795","out\branded_clips\REELS\2025-09-20__TSC_vs_Greenwood\008__2025-09-20__TSC_vs_Greenwood__PRESSURE_SHOT__t754.00-t783.00_portrait_POST__REEL.mp4","52065110","55.03"
"1080x1920@29s","out\reels\portrait_1080x1920\2025-09-20__TSC_vs_Greenwood\008__2025-09-20__TSC_vs_Greenwood__PRESSURE_SHOT__t754.00-t783.00_portrait_POST.mp4","115786795","out\branded_clips\REELS\2025-09-20__TSC_vs_Greenwood\008__2025-09-20__TSC_vs_Greenwood__PRESSURE_SHOT__t45240.00-t46980.00__REEL.mp4","52063684","55.03"
"1080x1920@29s","out\reels\portrait_1080x1920\2025-09-20__TSC_vs_Greenwood\008__2025-09-20__TSC_vs_Greenwood__PRESSURE_SHOT__t754.00-t783.00_portrait_POST.mp4","115786795","out\reels\portrait_1080x1920\008__2025-09-20__TSC_vs_Greenwood__PRESSURE_SHOT__t754.00-t783.00_portrait_POST.mp4","23602374","79.62"
"1080x1920@35s","out\reels\portrait_1080x1920\2025-09-20__TSC_vs_Greenwood\021__2025-09-20__TSC_vs_Greenwood__BUILD_UP_PLAY_SHOT__t1437.00-t1472.00_portrait_POST.mp4","152799648","out\reels\portrait_1080x1920\2025-09-20__TSC_vs_RVFC\008__2025-09-20__TSC_vs_RVFC__BUILD_UP_PLAY_SHOT__t565.00-t600.00_portrait_POST.mp4","114915175","24.79"
"1080x1920@35s","out\reels\portrait_1080x1920\2025-09-20__TSC_vs_Greenwood\021__2025-09-20__TSC_vs_Greenwood__BUILD_UP_PLAY_SHOT__t1437.00-t1472.00_portrait_POST.mp4","152799648","out\branded_clips\REELS\2025-09-20__TSC_vs_RVFC\008__2025-09-20__TSC_vs_RVFC__BUILD_UP_PLAY_SHOT__t33900.00-t36000.00__REEL.mp4","62857963","58.86"
"1080x1920@35s","out\reels\portrait_1080x1920\2025-09-20__TSC_vs_Greenwood\021__2025-09-20__TSC_vs_Greenwood__BUILD_UP_PLAY_SHOT__t1437.00-t1472.00_portrait_POST.mp4","152799648","out\branded_clips\REELS\2025-09-20__TSC_vs_RVFC\008__2025-09-20__TSC_vs_RVFC__BUILD_UP_PLAY_SHOT__t565.00-t600.00_portrait_POST__REEL.mp4","62852764","58.87"
"1080x1920@35s","out\reels\portrait_1080x1920\2025-09-20__TSC_vs_Greenwood\021__2025-09-20__TSC_vs_Greenwood__BUILD_UP_PLAY_SHOT__t1437.00-t1472.00_portrait_POST.mp4","152799648","out\branded_clips\REELS\2025-09-20__TSC_vs_Greenwood\021__2025-09-20__TSC_vs_Greenwood__BUILD_UP_PLAY_SHOT__t1437.00-t1472.00_portrait_POST__REEL.mp4","62735450","58.94"
"1080x1920@35s","out\reels\portrait_1080x1920\2025-09-20__TSC_vs_Greenwood\021__2025-09-20__TSC_vs_Greenwood__BUILD_UP_PLAY_SHOT__t1437.00-t1472.00_portrait_POST.mp4","152799648","out\reels\portrait_1080x1920\008__2025-09-20__TSC_vs_RVFC__BUILD_UP_PLAY_SHOT__t565.00-t600.00_portrait_POST.mp4","28943330","81.06"
"1080x1920@35s","out\reels\portrait_1080x1920\2025-09-20__TSC_vs_Greenwood\021__2025-09-20__TSC_vs_Greenwood__BUILD_UP_PLAY_SHOT__t1437.00-t1472.00_portrait_POST.mp4","152799648","out\reels\portrait_1080x1920\021__2025-09-20__TSC_vs_Greenwood__BUILD_UP_PLAY_SHOT__t1437.00-t1472.00_portrait_POST.mp4","26302180","82.79"
"1080x1920@4s","out\reels\portrait_1080x1920\2025-10-12__TSC_SLSG_FallFestival\008__BUILD_UP__t2.438.00-t2.442.00.mp4","15365702","out\portrait_reels\clean\008__BUILD_UP__t2.438.00-t2.442.00_portrait_FINAL.mp4","5858608","61.87"
"1080x1920@4s","out\reels\portrait_1080x1920\2025-10-12__TSC_SLSG_FallFestival\008__BUILD_UP__t2.438.00-t2.442.00.mp4","15365702","out\reels\portrait_1080x1920\008__BUILD_UP__t2.438.00-t2.442.00.mp4","3084642","79.93"
"1080x1920@14.3s","out\reels\portrait_1080x1920\_quarantine\008__SHOT__t1247.80-t1259.20.mp4","18410821","out\portrait_reels\reels\008__SHOT__t1247.80-t1259.20_portrait.mp4","14439045","21.57"
"1080x1920@14.3s","out\reels\portrait_1080x1920\_quarantine\008__SHOT__t1247.80-t1259.20.mp4","18410821","out\reels\tiktok\008__GOAL__t1247.80-t1259.20__ZOOM__tiktok.mp4","7629247","58.56"
"1080x1920@14.3s","out\reels\portrait_1080x1920\_quarantine\008__SHOT__t1247.80-t1259.20.mp4","18410821","out\reels\portrait_1080x1920\008__SHOT__t1247.80-t1259.20.mp4","7080267","61.54"
"1080x1920@14.3s","out\reels\portrait_1080x1920\_quarantine\008__SHOT__t1247.80-t1259.20.mp4","18410821","out\reels\tiktok\008__GOAL__t1247.80-t1259.20__BASE__tiktok.mp4","6205007","66.3"
"1080x1920@17.8s","out\reels\portrait_1080x1920\misc\009__SHOT__t1420.40-t1438.20.mp4","61823326","out\reels\portrait_1080x1920\2025-09-13__TSC_vs_NEOFC\009__2025-09-13__TSC_vs_NEOFC__SHOT__t1420.40-t1438.20_portrait_POST.mp4","29908799","51.62"
"1080x1920@17.8s","out\reels\portrait_1080x1920\misc\009__SHOT__t1420.40-t1438.20.mp4","61823326","out\branded_clips\REELS\2025-09-13__TSC_vs_NEOFC\009__2025-09-13__TSC_vs_NEOFC__SHOT__t1420.40-t1438.20_portrait_POST__REEL.mp4","28980042","53.12"
"1080x1920@17.8s","out\reels\portrait_1080x1920\misc\009__SHOT__t1420.40-t1438.20.mp4","61823326","out\reels\portrait_1080x1920\009__2025-09-13__TSC_vs_NEOFC__SHOT__t1420.40-t1438.20_portrait_POST.mp4","10080230","83.7"
"1080x1920@18.2s","out\reels\portrait_1080x1920\_quarantine\009__SHOT__t1420.40-t1438.20.mp4","30375341","out\portrait_reels\reels\009__SHOT__t1420.40-t1438.20_portrait.mp4","20468337","32.62"
"1080x1920@18.2s","out\reels\portrait_1080x1920\_quarantine\009__SHOT__t1420.40-t1438.20.mp4","30375341","out\portrait_reels\branded\011__SHOTS__t1655.00-t1670.30_portrait_POST.mp4","16247879","46.51"
"1080x1920@18.2s","out\reels\portrait_1080x1920\_quarantine\009__SHOT__t1420.40-t1438.20.mp4","30375341","out\portrait_reels\branded\011__SHOTS__t1655.00-t1670.30_portrait_BRAND.mp4","15392015","49.33"
"1080x1920@18.2s","out\reels\portrait_1080x1920\_quarantine\009__SHOT__t1420.40-t1438.20.mp4","30375341","out\reels\portrait_1080x1920\009__SHOT__t1420.40-t1438.20.mp4","10308876","66.06"
"1080x1920@18.2s","out\reels\portrait_1080x1920\_quarantine\009__SHOT__t1420.40-t1438.20.mp4","30375341","out\reels\tiktok\009__GOAL__t1420.40-t1438.20__BASE__tiktok.mp4","9897033","67.42"
"1080x1920@6.8s","out\reels\portrait_1080x1920\misc\010__CROSS__t1541.10-t1547.90.mp4","24616070","out\branded_clips\REELS\2025-09-13__TSC_vs_NEOFC\010__2025-09-13__TSC_vs_NEOFC__CROSS__t1541.10-t1547.90_portrait_POST__REEL.mp4","11437861","53.53"
"1080x1920@6.8s","out\reels\portrait_1080x1920\misc\010__CROSS__t1541.10-t1547.90.mp4","24616070","out\reels\portrait_1080x1920\2025-09-13__TSC_vs_NEOFC\010__2025-09-13__TSC_vs_NEOFC__CROSS__t1541.10-t1547.90_portrait_POST.mp4","9967006","59.51"
"1080x1920@6.8s","out\reels\portrait_1080x1920\misc\010__CROSS__t1541.10-t1547.90.mp4","24616070","out\reels\portrait_1080x1920\010__2025-09-13__TSC_vs_NEOFC__CROSS__t1541.10-t1547.90_portrait_POST.mp4","3735501","84.82"
"1080x1920@27s","out\reels\portrait_1080x1920\2025-09-20__TSC_vs_Greenwood\010__2025-09-20__TSC_vs_Greenwood__DEFENSE_BUILD_UP__t821.00-t848.00_portrait_POST.mp4","125067047","out\branded_clips\REELS\2025-09-20__TSC_vs_Greenwood\010__2025-09-20__TSC_vs_Greenwood__DEFENSE_BUILD_UP__t49260.00-t50880.00__REEL.mp4","48733609","61.03"
"1080x1920@27s","out\reels\portrait_1080x1920\2025-09-20__TSC_vs_Greenwood\010__2025-09-20__TSC_vs_Greenwood__DEFENSE_BUILD_UP__t821.00-t848.00_portrait_POST.mp4","125067047","out\branded_clips\REELS\2025-09-20__TSC_vs_Greenwood\010__2025-09-20__TSC_vs_Greenwood__DEFENSE_BUILD_UP__t821.00-t848.00_portrait_POST__REEL.mp4","48731947","61.04"
"1080x1920@27s","out\reels\portrait_1080x1920\2025-09-20__TSC_vs_Greenwood\010__2025-09-20__TSC_vs_Greenwood__DEFENSE_BUILD_UP__t821.00-t848.00_portrait_POST.mp4","125067047","out\reels\portrait_1080x1920\010__2025-09-20__TSC_vs_Greenwood__DEFENSE_BUILD_UP__t821.00-t848.00_portrait_POST.mp4","22378572","82.11"
"1080x1920@14s","out\reels\portrait_1080x1920\2025-09-20__TSC_vs_Greenwood\016__2025-09-20__TSC_vs_Greenwood__BUILD_UP_PLAY_SHOT__t1195.00-t1209.00_portrait_POST.mp4","60405131","out\reels\portrait_1080x1920\2025-09-20__TSC_vs_Greenwood\019__2025-09-20__TSC_vs_Greenwood__PRESSURE_SHOT__t1369.00-t1383.00_portrait_POST.mp4","57559551","4.71"
"1080x1920@14s","out\reels\portrait_1080x1920\2025-09-20__TSC_vs_Greenwood\016__2025-09-20__TSC_vs_Greenwood__BUILD_UP_PLAY_SHOT__t1195.00-t1209.00_portrait_POST.mp4","60405131","out\reels\portrait_1080x1920\2025-09-20__TSC_vs_Greenwood\012__2025-09-20__TSC_vs_Greenwood__BUILD_SHOT__t973.00-t987.00_portrait_POST.mp4","54145360","10.36"
"1080x1920@14s","out\reels\portrait_1080x1920\2025-09-20__TSC_vs_Greenwood\016__2025-09-20__TSC_vs_Greenwood__BUILD_UP_PLAY_SHOT__t1195.00-t1209.00_portrait_POST.mp4","60405131","out\reels\portrait_1080x1920\2025-09-20__TSC_vs_Greenwood\035__2025-09-20__TSC_vs_Greenwood__CORNER__t2687.00-t2701.00_portrait_POST.mp4","53429839","11.55"
"1080x1920@14s","out\reels\portrait_1080x1920\2025-09-20__TSC_vs_Greenwood\016__2025-09-20__TSC_vs_Greenwood__BUILD_UP_PLAY_SHOT__t1195.00-t1209.00_portrait_POST.mp4","60405131","out\reels\portrait_1080x1920\2025-09-20__TSC_vs_RVFC\010__2025-09-20__TSC_vs_RVFC__PRESSURE_SHOT__t675.00-t689.00_portrait_POST.mp4","45735084","24.29"
"1080x1920@14s","out\reels\portrait_1080x1920\2025-09-20__TSC_vs_Greenwood\016__2025-09-20__TSC_vs_Greenwood__BUILD_UP_PLAY_SHOT__t1195.00-t1209.00_portrait_POST.mp4","60405131","out\branded_clips\REELS\2025-10-04__TSC_vs_FC_Tulsa_Black\012__2025-10-04__TSC_vs_FC_Tulsa_Black__PRESSURE_GOAL__t74340.00-t75180.00__REEL.mp4","27547025","54.4"
"1080x1920@14s","out\reels\portrait_1080x1920\2025-09-20__TSC_vs_Greenwood\016__2025-09-20__TSC_vs_Greenwood__BUILD_UP_PLAY_SHOT__t1195.00-t1209.00_portrait_POST.mp4","60405131","out\branded_clips\REELS\2025-09-20__TSC_vs_Greenwood\019__2025-09-20__TSC_vs_Greenwood__PRESSURE_SHOT__t1369.00-t1383.00_portrait_POST__REEL.mp4","25908126","57.11"
"1080x1920@14s","out\reels\portrait_1080x1920\2025-09-20__TSC_vs_Greenwood\016__2025-09-20__TSC_vs_Greenwood__BUILD_UP_PLAY_SHOT__t1195.00-t1209.00_portrait_POST.mp4","60405131","out\branded_clips\REELS\2025-09-20__TSC_vs_Greenwood\019__2025-09-20__TSC_vs_Greenwood__PRESSURE_SHOT__t82140.00-t82980.00__REEL.mp4","25882796","57.15"
"1080x1920@14s","out\reels\portrait_1080x1920\2025-09-20__TSC_vs_Greenwood\016__2025-09-20__TSC_vs_Greenwood__BUILD_UP_PLAY_SHOT__t1195.00-t1209.00_portrait_POST.mp4","60405131","out\branded_clips\REELS\2025-09-20__TSC_vs_Greenwood\012__2025-09-20__TSC_vs_Greenwood__BUILD_SHOT__t973.00-t987.00_portrait_POST__REEL.mp4","25791441","57.3"
"1080x1920@14s","out\reels\portrait_1080x1920\2025-09-20__TSC_vs_Greenwood\016__2025-09-20__TSC_vs_Greenwood__BUILD_UP_PLAY_SHOT__t1195.00-t1209.00_portrait_POST.mp4","60405131","out\branded_clips\REELS\2025-09-20__TSC_vs_Greenwood\012__2025-09-20__TSC_vs_Greenwood__BUILD_SHOT__t58380.00-t59220.00__REEL.mp4","25737141","57.39"
"1080x1920@14s","out\reels\portrait_1080x1920\2025-09-20__TSC_vs_Greenwood\016__2025-09-20__TSC_vs_Greenwood__BUILD_UP_PLAY_SHOT__t1195.00-t1209.00_portrait_POST.mp4","60405131","out\branded_clips\REELS\2025-10-04__TSC_vs_FC\012__2025-10-04__TSC_vs_FC_Tulsa_Black__PRESSURE_GOAL__t74340.00-t75180.00__REEL.mp4","25680019","57.49"
"1080x1920@14s","out\reels\portrait_1080x1920\2025-09-20__TSC_vs_Greenwood\016__2025-09-20__TSC_vs_Greenwood__BUILD_UP_PLAY_SHOT__t1195.00-t1209.00_portrait_POST.mp4","60405131","out\branded_clips\REELS\2025-09-20__TSC_vs_RVFC\004__2025-09-20__TSC_vs_RVFC__PRESSURE_GOAL__t17880.00-t18720.00__REEL.mp4","25673909","57.5"
"1080x1920@14s","out\reels\portrait_1080x1920\2025-09-20__TSC_vs_Greenwood\016__2025-09-20__TSC_vs_Greenwood__BUILD_UP_PLAY_SHOT__t1195.00-t1209.00_portrait_POST.mp4","60405131","out\branded_clips\REELS\2025-09-20__TSC_vs_Greenwood\035__2025-09-20__TSC_vs_Greenwood__CORNER__t2687.00-t2701.00_portrait_POST__REEL.mp4","25670825","57.5"
"1080x1920@14s","out\reels\portrait_1080x1920\2025-09-20__TSC_vs_Greenwood\016__2025-09-20__TSC_vs_Greenwood__BUILD_UP_PLAY_SHOT__t1195.00-t1209.00_portrait_POST.mp4","60405131","out\branded_clips\REELS\2025-09-20__TSC_vs_Greenwood\016__2025-09-20__TSC_vs_Greenwood__BUILD_UP_PLAY_SHOT__t71700.00-t72540.00__REEL.mp4","25644481","57.55"
"1080x1920@14s","out\reels\portrait_1080x1920\2025-09-20__TSC_vs_Greenwood\016__2025-09-20__TSC_vs_Greenwood__BUILD_UP_PLAY_SHOT__t1195.00-t1209.00_portrait_POST.mp4","60405131","out\branded_clips\REELS\2025-09-20__TSC_vs_Greenwood\016__2025-09-20__TSC_vs_Greenwood__BUILD_UP_PLAY_SHOT__t1195.00-t1209.00_portrait_POST__REEL.mp4","25623301","57.58"
"1080x1920@14s","out\reels\portrait_1080x1920\2025-09-20__TSC_vs_Greenwood\016__2025-09-20__TSC_vs_Greenwood__BUILD_UP_PLAY_SHOT__t1195.00-t1209.00_portrait_POST.mp4","60405131","out\branded_clips\REELS\2025-09-20__TSC_vs_RVFC\010__2025-09-20__TSC_vs_RVFC__PRESSURE_SHOT__t675.00-t689.00_portrait_POST__REEL.mp4","25582620","57.65"
"1080x1920@14s","out\reels\portrait_1080x1920\2025-09-20__TSC_vs_Greenwood\016__2025-09-20__TSC_vs_Greenwood__BUILD_UP_PLAY_SHOT__t1195.00-t1209.00_portrait_POST.mp4","60405131","out\branded_clips\REELS\2025-09-20__TSC_vs_RVFC\010__2025-09-20__TSC_vs_RVFC__PRESSURE_SHOT__t40500.00-t41340.00__REEL.mp4","25579925","57.65"
"1080x1920@14s","out\reels\portrait_1080x1920\2025-09-20__TSC_vs_Greenwood\016__2025-09-20__TSC_vs_Greenwood__BUILD_UP_PLAY_SHOT__t1195.00-t1209.00_portrait_POST.mp4","60405131","out\portrait_reels\branded\002__GOAL__t180.80-t191.20_portrait_BRAND.mp4","20692875","65.74"
"1080x1920@14s","out\reels\portrait_1080x1920\2025-09-20__TSC_vs_Greenwood\016__2025-09-20__TSC_vs_Greenwood__BUILD_UP_PLAY_SHOT__t1195.00-t1209.00_portrait_POST.mp4","60405131","out\portrait_reels\reels\001__2025-09-13__TSC_vs_NEOFC__SHOT__t155.50-t166.40_portrait_POST.mp4","12309313","79.62"
"1080x1920@14s","out\reels\portrait_1080x1920\2025-09-20__TSC_vs_Greenwood\016__2025-09-20__TSC_vs_Greenwood__BUILD_UP_PLAY_SHOT__t1195.00-t1209.00_portrait_POST.mp4","60405131","out\reels\portrait_1080x1920\010__2025-09-20__TSC_vs_RVFC__PRESSURE_SHOT__t675.00-t689.00_portrait_POST.mp4","12011168","80.12"
"1080x1920@14s","out\reels\portrait_1080x1920\2025-09-20__TSC_vs_Greenwood\016__2025-09-20__TSC_vs_Greenwood__BUILD_UP_PLAY_SHOT__t1195.00-t1209.00_portrait_POST.mp4","60405131","out\reels\portrait_1080x1920\016__2025-09-20__TSC_vs_Greenwood__BUILD_UP_PLAY_SHOT__t1195.00-t1209.00_portrait_POST.mp4","11433085","81.07"
"1080x1920@14s","out\reels\portrait_1080x1920\2025-09-20__TSC_vs_Greenwood\016__2025-09-20__TSC_vs_Greenwood__BUILD_UP_PLAY_SHOT__t1195.00-t1209.00_portrait_POST.mp4","60405131","out\reels\portrait_1080x1920\035__2025-09-20__TSC_vs_Greenwood__CORNER__t2687.00-t2701.00_portrait_POST.mp4","11233716","81.4"
"1080x1920@14s","out\reels\portrait_1080x1920\2025-09-20__TSC_vs_Greenwood\016__2025-09-20__TSC_vs_Greenwood__BUILD_UP_PLAY_SHOT__t1195.00-t1209.00_portrait_POST.mp4","60405131","out\reels\portrait_1080x1920\019__2025-09-20__TSC_vs_Greenwood__PRESSURE_SHOT__t1369.00-t1383.00_portrait_POST.mp4","11212315","81.44"
"1080x1920@14s","out\reels\portrait_1080x1920\2025-09-20__TSC_vs_Greenwood\016__2025-09-20__TSC_vs_Greenwood__BUILD_UP_PLAY_SHOT__t1195.00-t1209.00_portrait_POST.mp4","60405131","out\reels\portrait_1080x1920\012__2025-09-20__TSC_vs_Greenwood__BUILD_SHOT__t973.00-t987.00_portrait_POST.mp4","10071093","83.33"
"1080x1920@14s","out\reels\portrait_1080x1920\2025-09-20__TSC_vs_Greenwood\016__2025-09-20__TSC_vs_Greenwood__BUILD_UP_PLAY_SHOT__t1195.00-t1209.00_portrait_POST.mp4","60405131","out\portrait_reels\branded\002__GOAL__t180.80-t191.20_portrait_POST.mp4","9730379","83.89"
"1080x1920@9.9s","out\reels\portrait_1080x1920\misc\023__SHOT__t3098.90-t3108.80.mp4","31547615","out\reels\portrait_1080x1920\2025-09-13__TSC_vs_NEOFC\023__2025-09-13__TSC_vs_NEOFC__SHOT__t3098.90-t3108.80_portrait_POST.mp4","20425235","35.26"
"1080x1920@9.9s","out\reels\portrait_1080x1920\misc\023__SHOT__t3098.90-t3108.80.mp4","31547615","out\branded_clips\REELS\2025-09-13__TSC_vs_NEOFC\023__2025-09-13__TSC_vs_NEOFC__SHOT__t3098.90-t3108.80_portrait_POST__REEL.mp4","18699015","40.73"
"1080x1920@9.9s","out\reels\portrait_1080x1920\misc\023__SHOT__t3098.90-t3108.80.mp4","31547615","out\reels\portrait_1080x1920\_quarantine\010__CROSS__t1541.10-t1547.90.mp4","15165622","51.93"
"1080x1920@9.9s","out\reels\portrait_1080x1920\misc\023__SHOT__t3098.90-t3108.80.mp4","31547615","out\portrait_reels\reels\010__CROSS__t1541.10-t1547.90_portrait.mp4","10683632","66.13"
"1080x1920@9.9s","out\reels\portrait_1080x1920\misc\023__SHOT__t3098.90-t3108.80.mp4","31547615","out\portrait_reels\branded\019__SHOT__t2633.00-t2638.10_portrait_POST.mp4","7505153","76.21"
"1080x1920@9.9s","out\reels\portrait_1080x1920\misc\023__SHOT__t3098.90-t3108.80.mp4","31547615","out\portrait_reels\branded\019__SHOT__t2633.00-t2638.10_portrait_BRAND.mp4","6970316","77.91"
"1080x1920@9.9s","out\reels\portrait_1080x1920\misc\023__SHOT__t3098.90-t3108.80.mp4","31547615","out\reels\portrait_1080x1920\023__2025-09-13__TSC_vs_NEOFC__SHOT__t3098.90-t3108.80_portrait_POST.mp4","6218282","80.29"
"1080x1920@9.9s","out\reels\portrait_1080x1920\misc\023__SHOT__t3098.90-t3108.80.mp4","31547615","out\reels\tiktok\010__GOAL__t1541.10-t1547.90__ZOOM__tiktok.mp4","5636130","82.13"
"1080x1920@9.9s","out\reels\portrait_1080x1920\misc\023__SHOT__t3098.90-t3108.80.mp4","31547615","out\reels\portrait_1080x1920\010__CROSS__t1541.10-t1547.90.mp4","5239501","83.39"
"1080x1920@9.9s","out\reels\portrait_1080x1920\misc\023__SHOT__t3098.90-t3108.80.mp4","31547615","out\reels\tiktok\010__GOAL__t1541.10-t1547.90__BASE__tiktok.mp4","4961212","84.27"
"1080x1920@15.3s","out\reels\portrait_1080x1920\misc\011__SHOTS__t1655.00-t1670.30.mp4","33158238","out\reels\portrait_1080x1920\2025-09-13__TSC_vs_NEOFC\011__2025-09-13__TSC_vs_NEOFC__SHOTS__t1655.00-t1670.30_portrait_POST.mp4","28121747","15.19"
"1080x1920@15.3s","out\reels\portrait_1080x1920\misc\011__SHOTS__t1655.00-t1670.30.mp4","33158238","out\branded_clips\REELS\2025-09-13__TSC_vs_NEOFC\011__2025-09-13__TSC_vs_NEOFC__SHOTS__t1655.00-t1670.30_portrait_POST__REEL.mp4","27355540","17.5"
"1080x1920@15.3s","out\reels\portrait_1080x1920\misc\011__SHOTS__t1655.00-t1670.30.mp4","33158238","out\portrait_reels\branded\006__2025-09-13__TSC_vs_NEOFC__DEFENSE__t699.30-t711.50_portrait_POST.mp4","13472764","59.37"
"1080x1920@15.3s","out\reels\portrait_1080x1920\misc\011__SHOTS__t1655.00-t1670.30.mp4","33158238","out\reels\portrait_1080x1920\011__2025-09-13__TSC_vs_NEOFC__SHOTS__t1655.00-t1670.30_portrait_POST.mp4","8809337","73.43"
"1080x1920@15.7s","out\reels\portrait_1080x1920\_quarantine\011__SHOTS__t1655.00-t1670.30.mp4","29006379","out\portrait_reels\reels\011__SHOTS__t1655.00-t1670.30_portrait.mp4","19003902","34.48"
"1080x1920@15.7s","out\reels\portrait_1080x1920\_quarantine\011__SHOTS__t1655.00-t1670.30.mp4","29006379","out\reels\portrait_1080x1920\011__SHOTS__t1655.00-t1670.30.mp4","8905669","69.3"
"1080x1920@15.7s","out\reels\portrait_1080x1920\_quarantine\011__SHOTS__t1655.00-t1670.30.mp4","29006379","out\reels\tiktok\011__GOAL__t1655.00-t1670.30__BASE__tiktok.mp4","8533264","70.58"
"1080x1920@3.3s","out\reels\portrait_1080x1920\misc\012__GOAL__t1705.20-t1708.50.mp4","9612186","out\reels\portrait_1080x1920\2025-09-13__TSC_vs_NEOFC\012__2025-09-13__TSC_vs_NEOFC__GOAL__t1705.20-t1708.50_portrait_POST.mp4","6773022","29.54"
"1080x1920@3.3s","out\reels\portrait_1080x1920\misc\012__GOAL__t1705.20-t1708.50.mp4","9612186","out\branded_clips\REELS\2025-09-13__TSC_vs_NEOFC\012__2025-09-13__TSC_vs_NEOFC__GOAL__t1705.20-t1708.50_portrait_POST__REEL.mp4","6179084","35.72"
"1080x1920@3.3s","out\reels\portrait_1080x1920\misc\012__GOAL__t1705.20-t1708.50.mp4","9612186","out\reels\portrait_1080x1920\012__2025-09-13__TSC_vs_NEOFC__GOAL__t1705.20-t1708.50_portrait_POST.mp4","2166447","77.46"
"1080x1920@8s","out\reels\portrait_1080x1920\2025-09-20__TSC_vs_RVFC\025__2025-09-20__TSC_vs_RVFC__PRESSURE_GOAL__t1512.00-t1520.00_portrait_POST.mp4","31434439","out\reels\portrait_1080x1920\2025-09-20__TSC_vs_Greenwood\022__2025-09-20__TSC_vs_Greenwood__GOAL__t1578.00-t1586.00_portrait_POST.mp4","26064541","17.08"
"1080x1920@8s","out\reels\portrait_1080x1920\2025-09-20__TSC_vs_RVFC\025__2025-09-20__TSC_vs_RVFC__PRESSURE_GOAL__t1512.00-t1520.00_portrait_POST.mp4","31434439","out\branded_clips\REELS\2025-09-20__TSC_vs_Greenwood\022__2025-09-20__TSC_vs_Greenwood__GOAL__t1578.00-t1586.00_portrait_POST__REEL.mp4","15200207","51.64"
"1080x1920@8s","out\reels\portrait_1080x1920\2025-09-20__TSC_vs_RVFC\025__2025-09-20__TSC_vs_RVFC__PRESSURE_GOAL__t1512.00-t1520.00_portrait_POST.mp4","31434439","out\branded_clips\REELS\2025-09-20__TSC_vs_RVFC\025__2025-09-20__TSC_vs_RVFC__PRESSURE_GOAL__t1512.00-t1520.00_portrait_POST__REEL.mp4","15011196","52.25"
"1080x1920@8s","out\reels\portrait_1080x1920\2025-09-20__TSC_vs_RVFC\025__2025-09-20__TSC_vs_RVFC__PRESSURE_GOAL__t1512.00-t1520.00_portrait_POST.mp4","31434439","out\reels\portrait_1080x1920\_quarantine\012__GOAL__t1705.20-t1708.50.mp4","14641214","53.42"
"1080x1920@8s","out\reels\portrait_1080x1920\2025-09-20__TSC_vs_RVFC\025__2025-09-20__TSC_vs_RVFC__PRESSURE_GOAL__t1512.00-t1520.00_portrait_POST.mp4","31434439","out\portrait_reels\clean\001__SHOT__t135.00-t145.00.__DEBUG_FINAL_portrait_FINAL.mp4","13899535","55.78"
"1080x1920@8s","out\reels\portrait_1080x1920\2025-09-20__TSC_vs_RVFC\025__2025-09-20__TSC_vs_RVFC__PRESSURE_GOAL__t1512.00-t1520.00_portrait_POST.mp4","31434439","out\reels\portrait_1080x1920\025__2025-09-20__TSC_vs_RVFC__PRESSURE_GOAL__t1512.00-t1520.00_portrait_POST.mp4","7139607","77.29"
"1080x1920@8s","out\reels\portrait_1080x1920\2025-09-20__TSC_vs_RVFC\025__2025-09-20__TSC_vs_RVFC__PRESSURE_GOAL__t1512.00-t1520.00_portrait_POST.mp4","31434439","out\reels\portrait_1080x1920\022__2025-09-20__TSC_vs_Greenwood__GOAL__t1578.00-t1586.00_portrait_POST.mp4","6517537","79.27"
"1080x1920@8s","out\reels\portrait_1080x1920\2025-09-20__TSC_vs_RVFC\025__2025-09-20__TSC_vs_RVFC__PRESSURE_GOAL__t1512.00-t1520.00_portrait_POST.mp4","31434439","out\reels\tiktok\012__GOAL__t1705.20-t1708.50__ZOOM__tiktok.mp4","6210841","80.24"
"1080x1920@8s","out\reels\portrait_1080x1920\2025-09-20__TSC_vs_RVFC\025__2025-09-20__TSC_vs_RVFC__PRESSURE_GOAL__t1512.00-t1520.00_portrait_POST.mp4","31434439","out\reels\portrait_1080x1920\012__GOAL__t1705.20-t1708.50.mp4","4647383","85.22"
"1080x1920@8s","out\reels\portrait_1080x1920\2025-09-20__TSC_vs_RVFC\025__2025-09-20__TSC_vs_RVFC__PRESSURE_GOAL__t1512.00-t1520.00_portrait_POST.mp4","31434439","out\reels\tiktok\012__GOAL__t1705.20-t1708.50__BASE__tiktok.mp4","4422314","85.93"
"1080x1920@5.1s","out\reels\portrait_1080x1920\misc\019__SHOT__t2633.00-t2638.10.mp4","18156778","out\reels\portrait_1080x1920\misc\013__GOAL__t1767.50-t1772.60.mp4","10666285","41.25"
"1080x1920@5.1s","out\reels\portrait_1080x1920\misc\019__SHOT__t2633.00-t2638.10.mp4","18156778","out\branded_clips\REELS\2025-09-13__TSC_vs_NEOFC\019__2025-09-13__TSC_vs_NEOFC__SHOT__t2633.00-t2638.10_portrait_POST__REEL.mp4","8980981","50.54"
"1080x1920@5.1s","out\reels\portrait_1080x1920\misc\019__SHOT__t2633.00-t2638.10.mp4","18156778","out\reels\portrait_1080x1920\2025-09-13__TSC_vs_NEOFC\013__2025-09-13__TSC_vs_NEOFC__GOAL__t1767.50-t1772.60_portrait_POST.mp4","8911831","50.92"
"1080x1920@5.1s","out\reels\portrait_1080x1920\misc\019__SHOT__t2633.00-t2638.10.mp4","18156778","out\reels\portrait_1080x1920\2025-09-13__TSC_vs_NEOFC\019__2025-09-13__TSC_vs_NEOFC__SHOT__t2633.00-t2638.10_portrait_POST.mp4","8739827","51.86"
"1080x1920@5.1s","out\reels\portrait_1080x1920\misc\019__SHOT__t2633.00-t2638.10.mp4","18156778","out\branded_clips\REELS\2025-09-13__TSC_vs_NEOFC\013__2025-09-13__TSC_vs_NEOFC__GOAL__t1767.50-t1772.60_portrait_POST__REEL.mp4","8282157","54.39"
"1080x1920@5.1s","out\reels\portrait_1080x1920\misc\019__SHOT__t2633.00-t2638.10.mp4","18156778","out\reels\portrait_1080x1920\019__2025-09-13__TSC_vs_NEOFC__SHOT__t2633.00-t2638.10_portrait_POST.mp4","2935251","83.83"
"1080x1920@5.1s","out\reels\portrait_1080x1920\misc\019__SHOT__t2633.00-t2638.10.mp4","18156778","out\reels\portrait_1080x1920\013__2025-09-13__TSC_vs_NEOFC__GOAL__t1767.50-t1772.60_portrait_POST.mp4","2716150","85.04"
"1080x1920@44s","out\reels\portrait_1080x1920\2025-09-20__TSC_vs_RVFC\013__2025-09-20__TSC_vs_RVFC__BUILD_UP_PLAY_SHOT__t821.00-t865.00_portrait_POST.mp4","173200947","out\branded_clips\REELS\2025-09-20__TSC_vs_RVFC\013__2025-09-20__TSC_vs_RVFC__BUILD_UP_PLAY_SHOT__t49260.00-t51900.00__REEL.mp4","78963734","54.41"
"1080x1920@44s","out\reels\portrait_1080x1920\2025-09-20__TSC_vs_RVFC\013__2025-09-20__TSC_vs_RVFC__BUILD_UP_PLAY_SHOT__t821.00-t865.00_portrait_POST.mp4","173200947","out\branded_clips\REELS\2025-09-20__TSC_vs_RVFC\013__2025-09-20__TSC_vs_RVFC__BUILD_UP_PLAY_SHOT__t821.00-t865.00_portrait_POST__REEL.mp4","78940178","54.42"
"1080x1920@44s","out\reels\portrait_1080x1920\2025-09-20__TSC_vs_RVFC\013__2025-09-20__TSC_vs_RVFC__BUILD_UP_PLAY_SHOT__t821.00-t865.00_portrait_POST.mp4","173200947","out\reels\portrait_1080x1920\013__2025-09-20__TSC_vs_RVFC__BUILD_UP_PLAY_SHOT__t821.00-t865.00_portrait_POST.mp4","36472036","78.94"
"1080x1920@6.9s","out\reels\portrait_1080x1920\_quarantine\013__GOAL__t1767.50-t1772.60.mp4","11879139","out\reels\portrait_1080x1920\_quarantine\018__SHOT__t2419.50-t2425.60.mp4","9431259","20.61"
"1080x1920@6.9s","out\reels\portrait_1080x1920\_quarantine\013__GOAL__t1767.50-t1772.60.mp4","11879139","out\portrait_reels\reels\018__SHOT__t2419.50-t2425.60_portrait.mp4","7440826","37.36"
"1080x1920@6.9s","out\reels\portrait_1080x1920\_quarantine\013__GOAL__t1767.50-t1772.60.mp4","11879139","out\reels\tiktok\013__GOAL__t1767.50-t1772.60__ZOOM__tiktok.mp4","4538203","61.8"
"1080x1920@6.9s","out\reels\portrait_1080x1920\_quarantine\013__GOAL__t1767.50-t1772.60.mp4","11879139","out\reels\tiktok\018__SHOT__t2419.50-t2425.60__ZOOM__tiktok.mp4","4042171","65.97"
"1080x1920@6.9s","out\reels\portrait_1080x1920\_quarantine\013__GOAL__t1767.50-t1772.60.mp4","11879139","out\reels\portrait_1080x1920\018__SHOT__t2419.50-t2425.60.mp4","3725975","68.63"
"1080x1920@6.9s","out\reels\portrait_1080x1920\_quarantine\013__GOAL__t1767.50-t1772.60.mp4","11879139","out\reels\portrait_1080x1920\013__GOAL__t1767.50-t1772.60.mp4","3712936","68.74"
"1080x1920@6.9s","out\reels\portrait_1080x1920\_quarantine\013__GOAL__t1767.50-t1772.60.mp4","11879139","out\reels\tiktok\013__GOAL__t1767.50-t1772.60__BASE__tiktok.mp4","3595743","69.73"
"1080x1920@6.9s","out\reels\portrait_1080x1920\_quarantine\013__GOAL__t1767.50-t1772.60.mp4","11879139","out\reels\tiktok\018__SHOT__t2419.50-t2425.60__BASE__tiktok.mp4","3483664","70.67"
"1080x1920@17s","out\reels\portrait_1080x1920\2025-09-20__TSC_vs_RVFC\014__2025-09-20__TSC_vs_RVFC__DEFENSE_BUILD_UP__t880.00-t897.00_portrait_POST.mp4","66932117","out\reels\portrait_1080x1920\2025-09-20__TSC_vs_Greenwood\032__2025-09-20__TSC_vs_Greenwood__BUILD_UP_PLAY_SHOT__t2544.00-t2561.00_portrait_POST.mp4","66198514","1.1"
"1080x1920@17s","out\reels\portrait_1080x1920\2025-09-20__TSC_vs_RVFC\014__2025-09-20__TSC_vs_RVFC__DEFENSE_BUILD_UP__t880.00-t897.00_portrait_POST.mp4","66932117","out\branded_clips\REELS\2025-09-20__TSC_vs_RVFC\014__2025-09-20__TSC_vs_RVFC__DEFENSE_BUILD_UP__t52800.00-t53820.00__REEL.mp4","31196450","53.39"
"1080x1920@17s","out\reels\portrait_1080x1920\2025-09-20__TSC_vs_RVFC\014__2025-09-20__TSC_vs_RVFC__DEFENSE_BUILD_UP__t880.00-t897.00_portrait_POST.mp4","66932117","out\branded_clips\REELS\2025-09-20__TSC_vs_Greenwood\032__2025-09-20__TSC_vs_Greenwood__BUILD_UP_PLAY_SHOT__t2544.00-t2561.00_portrait_POST__REEL.mp4","31188806","53.4"
"1080x1920@17s","out\reels\portrait_1080x1920\2025-09-20__TSC_vs_RVFC\014__2025-09-20__TSC_vs_RVFC__DEFENSE_BUILD_UP__t880.00-t897.00_portrait_POST.mp4","66932117","out\branded_clips\REELS\2025-09-20__TSC_vs_RVFC\014__2025-09-20__TSC_vs_RVFC__DEFENSE_BUILD_UP__t880.00-t897.00_portrait_POST__REEL.mp4","31159378","53.45"
"1080x1920@17s","out\reels\portrait_1080x1920\2025-09-20__TSC_vs_RVFC\014__2025-09-20__TSC_vs_RVFC__DEFENSE_BUILD_UP__t880.00-t897.00_portrait_POST.mp4","66932117","out\branded_clips\REELS\2025-09-20__TSC_vs_RVFC\005__2025-09-20__TSC_vs_RVFC__BUILD_UP_PLAY_SHOT__t21000.00-t22020.00__REEL.mp4","31036134","53.63"
"1080x1920@17s","out\reels\portrait_1080x1920\2025-09-20__TSC_vs_RVFC\014__2025-09-20__TSC_vs_RVFC__DEFENSE_BUILD_UP__t880.00-t897.00_portrait_POST.mp4","66932117","out\portrait_reels\branded\007__2025-09-20__TSC_vs_Greenwood__DRIBBLING_SHOT__t739.00-t752.00_portrait_POST.mp4","22509421","66.37"
"1080x1920@17s","out\reels\portrait_1080x1920\2025-09-20__TSC_vs_RVFC\014__2025-09-20__TSC_vs_RVFC__DEFENSE_BUILD_UP__t880.00-t897.00_portrait_POST.mp4","66932117","out\portrait_reels\branded\023__2025-09-20__TSC_vs_RVFC__PRESSURE_SHOT__t1316.00-t1329.00_portrait_POST.mp4","21615870","67.7"
"1080x1920@17s","out\reels\portrait_1080x1920\2025-09-20__TSC_vs_RVFC\014__2025-09-20__TSC_vs_RVFC__DEFENSE_BUILD_UP__t880.00-t897.00_portrait_POST.mp4","66932117","out\portrait_reels\branded\013__2025-09-20__TSC_vs_Greenwood__PRESSURE_SHOT__t988.00-t1001.00_portrait_POST.mp4","21315595","68.15"
"1080x1920@17s","out\reels\portrait_1080x1920\2025-09-20__TSC_vs_RVFC\014__2025-09-20__TSC_vs_RVFC__DEFENSE_BUILD_UP__t880.00-t897.00_portrait_POST.mp4","66932117","out\portrait_reels\branded\030__2025-09-20__TSC_vs_RVFC__PRESSURE_SHOT__t1898.00-t1911.00_portrait_POST.mp4","20911917","68.76"
"1080x1920@17s","out\reels\portrait_1080x1920\2025-09-20__TSC_vs_RVFC\014__2025-09-20__TSC_vs_RVFC__DEFENSE_BUILD_UP__t880.00-t897.00_portrait_POST.mp4","66932117","out\portrait_reels\branded\028__2025-09-20__TSC_vs_Greenwood__BUILD_UP_PLAY_SHOT__t2092.00-t2105.00_portrait_POST.mp4","20718106","69.05"
"1080x1920@17s","out\reels\portrait_1080x1920\2025-09-20__TSC_vs_RVFC\014__2025-09-20__TSC_vs_RVFC__DEFENSE_BUILD_UP__t880.00-t897.00_portrait_POST.mp4","66932117","out\portrait_reels\branded\011__2025-09-20__TSC_vs_RVFC__PRESSURE_SHOT__t689.00-t702.00_portrait_POST.mp4","20657442","69.14"
"1080x1920@17s","out\reels\portrait_1080x1920\2025-09-20__TSC_vs_RVFC\014__2025-09-20__TSC_vs_RVFC__DEFENSE_BUILD_UP__t880.00-t897.00_portrait_POST.mp4","66932117","out\reels\portrait_1080x1920\014__2025-09-20__TSC_vs_RVFC__DEFENSE_BUILD_UP__t880.00-t897.00_portrait_POST.mp4","14963981","77.64"
"1080x1920@17s","out\reels\portrait_1080x1920\2025-09-20__TSC_vs_RVFC\014__2025-09-20__TSC_vs_RVFC__DEFENSE_BUILD_UP__t880.00-t897.00_portrait_POST.mp4","66932117","out\reels\portrait_1080x1920\032__2025-09-20__TSC_vs_Greenwood__BUILD_UP_PLAY_SHOT__t2544.00-t2561.00_portrait_POST.mp4","13550605","79.75"
"1080x1920@24.6s","out\reels\portrait_1080x1920\_quarantine\014__GOAL__t1904.20-t1925.20.mp4","49470325","out\portrait_reels\branded\037__2025-09-20__TSC_vs_Greenwood__PRESSURE_GOAL__t2729.00-t2749.00_portrait_POST.mp4","34886563","29.48"
"1080x1920@24.6s","out\reels\portrait_1080x1920\_quarantine\014__GOAL__t1904.20-t1925.20.mp4","49470325","out\portrait_reels\branded\039__2025-09-20__TSC_vs_Greenwood__BUILD_UP_PLAY_SHOT__t2894.00-t2914.00_portrait_POST.mp4","33672737","31.93"
"1080x1920@24.6s","out\reels\portrait_1080x1920\_quarantine\014__GOAL__t1904.20-t1925.20.mp4","49470325","out\portrait_reels\branded\033__2025-09-20__TSC_vs_Greenwood__GOAL__t2562.00-t2582.00_portrait_POST.mp4","32606081","34.09"
"1080x1920@24.6s","out\reels\portrait_1080x1920\_quarantine\014__GOAL__t1904.20-t1925.20.mp4","49470325","out\portrait_reels\branded\003__2025-09-20__TSC_vs_Greenwood__BUILD_UP_PLAY_SHOT__t421.00-t441.00_portrait_POST.mp4","32277309","34.75"
"1080x1920@24.6s","out\reels\portrait_1080x1920\_quarantine\014__GOAL__t1904.20-t1925.20.mp4","49470325","out\portrait_reels\branded\038__2025-09-20__TSC_vs_RVFC__PRESSURE_GOAL__t2411.00-t2431.00_portrait_POST.mp4","31335829","36.66"
"1080x1920@24.6s","out\reels\portrait_1080x1920\_quarantine\014__GOAL__t1904.20-t1925.20.mp4","49470325","out\portrait_reels\reels\014__GOAL__t1904.20-t1925.20_portrait.mp4","30310484","38.73"
"1080x1920@24.6s","out\reels\portrait_1080x1920\_quarantine\014__GOAL__t1904.20-t1925.20.mp4","49470325","out\reels\portrait_1080x1920\014__GOAL__t1904.20-t1925.20.mp4","15226800","69.22"
"1080x1920@8.2s","out\reels\portrait_1080x1920\misc\015__DRIBBLING__t1972.50-t1980.70.mp4","35029387","out\reels\portrait_1080x1920\2025-09-13__TSC_vs_NEOFC\015__2025-09-13__TSC_vs_NEOFC__DRIBBLING__t1972.50-t1980.70_portrait_POST.mp4","16397224","53.19"
"1080x1920@8.2s","out\reels\portrait_1080x1920\misc\015__DRIBBLING__t1972.50-t1980.70.mp4","35029387","out\branded_clips\REELS\2025-09-13__TSC_vs_NEOFC\015__2025-09-13__TSC_vs_NEOFC__DRIBBLING__t1972.50-t1980.70_portrait_POST__REEL.mp4","15525283","55.68"
"1080x1920@8.2s","out\reels\portrait_1080x1920\misc\015__DRIBBLING__t1972.50-t1980.70.mp4","35029387","out\reels\portrait_1080x1920\015__2025-09-13__TSC_vs_NEOFC__DRIBBLING__t1972.50-t1980.70_portrait_POST.mp4","5228489","85.07"
"1080x1920@7s","out\reels\portrait_1080x1920\2025-09-20__TSC_vs_RVFC\027__2025-09-20__TSC_vs_RVFC__SHOT__t1827.00-t1834.00_portrait_POST.mp4","24758108","out\reels\portrait_1080x1920\2025-09-20__TSC_vs_RVFC\020__2025-09-20__TSC_vs_RVFC__SHOT__t1236.00-t1243.00_portrait_POST.mp4","23742726","4.1"
"1080x1920@7s","out\reels\portrait_1080x1920\2025-09-20__TSC_vs_RVFC\027__2025-09-20__TSC_vs_RVFC__SHOT__t1827.00-t1834.00_portrait_POST.mp4","24758108","out\reels\portrait_1080x1920\2025-09-20__TSC_vs_Greenwood\015__2025-09-20__TSC_vs_Greenwood__SHOT__t1081.00-t1088.00_portrait_POST.mp4","19102500","22.84"
"1080x1920@7s","out\reels\portrait_1080x1920\2025-09-20__TSC_vs_RVFC\027__2025-09-20__TSC_vs_RVFC__SHOT__t1827.00-t1834.00_portrait_POST.mp4","24758108","out\branded_clips\REELS\2025-09-20__TSC_vs_RVFC\005__2025-10-04__TSC_vs_FC_Tulsa_Black__SHOT__t36000.00-t36420.00__REEL.mp4","19024251","23.16"
"1080x1920@7s","out\reels\portrait_1080x1920\2025-09-20__TSC_vs_RVFC\027__2025-09-20__TSC_vs_RVFC__SHOT__t1827.00-t1834.00_portrait_POST.mp4","24758108","out\reels\portrait_1080x1920\2025-09-20__TSC_vs_RVFC\015__2025-09-20__TSC_vs_RVFC__SHOT__t930.00-t937.00_portrait_POST.mp4","17408033","29.69"
"1080x1920@7s","out\reels\portrait_1080x1920\2025-09-20__TSC_vs_RVFC\027__2025-09-20__TSC_vs_RVFC__SHOT__t1827.00-t1834.00_portrait_POST.mp4","24758108","out\branded_clips\REELS\2025-10-04__TSC_vs_FC\005__2025-10-04__TSC_vs_FC_Tulsa_Black__SHOT__t36000.00-t36420.00__REEL.mp4","13461454","45.63"
"1080x1920@7s","out\reels\portrait_1080x1920\2025-09-20__TSC_vs_RVFC\027__2025-09-20__TSC_vs_RVFC__SHOT__t1827.00-t1834.00_portrait_POST.mp4","24758108","out\branded_clips\REELS\2025-09-20__TSC_vs_RVFC\020__2025-09-20__TSC_vs_RVFC__SHOT__t74160.00-t74580.00__REEL.mp4","13325580","46.18"
"1080x1920@7s","out\reels\portrait_1080x1920\2025-09-20__TSC_vs_RVFC\027__2025-09-20__TSC_vs_RVFC__SHOT__t1827.00-t1834.00_portrait_POST.mp4","24758108","out\branded_clips\REELS\2025-09-20__TSC_vs_RVFC\020__2025-09-20__TSC_vs_RVFC__SHOT__t1236.00-t1243.00_portrait_POST__REEL.mp4","13325468","46.18"
"1080x1920@7s","out\reels\portrait_1080x1920\2025-09-20__TSC_vs_RVFC\027__2025-09-20__TSC_vs_RVFC__SHOT__t1827.00-t1834.00_portrait_POST.mp4","24758108","out\branded_clips\REELS\2025-09-20__TSC_vs_RVFC\027__2025-09-20__TSC_vs_RVFC__SHOT__t1827.00-t1834.00_portrait_POST__REEL.mp4","13210066","46.64"
"1080x1920@7s","out\reels\portrait_1080x1920\2025-09-20__TSC_vs_RVFC\027__2025-09-20__TSC_vs_RVFC__SHOT__t1827.00-t1834.00_portrait_POST.mp4","24758108","out\branded_clips\REELS\2025-09-20__TSC_vs_RVFC\015__2025-09-20__TSC_vs_RVFC__SHOT__t930.00-t937.00_portrait_POST__REEL.mp4","13076498","47.18"
"1080x1920@7s","out\reels\portrait_1080x1920\2025-09-20__TSC_vs_RVFC\027__2025-09-20__TSC_vs_RVFC__SHOT__t1827.00-t1834.00_portrait_POST.mp4","24758108","out\branded_clips\REELS\2025-09-20__TSC_vs_RVFC\015__2025-09-20__TSC_vs_RVFC__SHOT__t55800.00-t56220.00__REEL.mp4","13055651","47.27"
"1080x1920@7s","out\reels\portrait_1080x1920\2025-09-20__TSC_vs_RVFC\027__2025-09-20__TSC_vs_RVFC__SHOT__t1827.00-t1834.00_portrait_POST.mp4","24758108","out\reels\portrait_1080x1920\015__2025-09-20__TSC_vs_RVFC__SHOT__t930.00-t937.00_portrait_POST.mp4","5509274","77.75"
"1080x1920@7s","out\reels\portrait_1080x1920\2025-09-20__TSC_vs_RVFC\027__2025-09-20__TSC_vs_RVFC__SHOT__t1827.00-t1834.00_portrait_POST.mp4","24758108","out\reels\portrait_1080x1920\020__2025-09-20__TSC_vs_RVFC__SHOT__t1236.00-t1243.00_portrait_POST.mp4","5384141","78.25"
"1080x1920@7s","out\reels\portrait_1080x1920\2025-09-20__TSC_vs_RVFC\027__2025-09-20__TSC_vs_RVFC__SHOT__t1827.00-t1834.00_portrait_POST.mp4","24758108","out\reels\portrait_1080x1920\027__2025-09-20__TSC_vs_RVFC__SHOT__t1827.00-t1834.00_portrait_POST.mp4","5286893","78.65"
"1080x1920@7s","out\reels\portrait_1080x1920\2025-09-20__TSC_vs_RVFC\027__2025-09-20__TSC_vs_RVFC__SHOT__t1827.00-t1834.00_portrait_POST.mp4","24758108","out\reels\portrait_1080x1920\015__2025-09-20__TSC_vs_Greenwood__SHOT__t1081.00-t1088.00_portrait_POST.mp4","4378083","82.32"
"1080x1920@9s","out\reels\portrait_1080x1920\2025-09-20__TSC_vs_RVFC\037__2025-09-20__TSC_vs_RVFC__PRESSURE_SHOT__t2388.00-t2397.00_portrait_POST.mp4","29360645","out\reels\portrait_1080x1920\_quarantine\015__DRIBBLING__t1972.50-t1980.70.mp4","17651083","39.88"
"1080x1920@9s","out\reels\portrait_1080x1920\2025-09-20__TSC_vs_RVFC\037__2025-09-20__TSC_vs_RVFC__PRESSURE_SHOT__t2388.00-t2397.00_portrait_POST.mp4","29360645","out\branded_clips\REELS\2025-09-20__TSC_vs_RVFC\037__2025-09-20__TSC_vs_RVFC__PRESSURE_SHOT__t2388.00-t2397.00_portrait_POST__REEL.mp4","17033608","41.98"
"1080x1920@9s","out\reels\portrait_1080x1920\2025-09-20__TSC_vs_RVFC\037__2025-09-20__TSC_vs_RVFC__PRESSURE_SHOT__t2388.00-t2397.00_portrait_POST.mp4","29360645","out\portrait_reels\reels\015__DRIBBLING__t1972.50-t1980.70_portrait.mp4","12002343","59.12"
"1080x1920@9s","out\reels\portrait_1080x1920\2025-09-20__TSC_vs_RVFC\037__2025-09-20__TSC_vs_RVFC__PRESSURE_SHOT__t2388.00-t2397.00_portrait_POST.mp4","29360645","out\reels\portrait_1080x1920\037__2025-09-20__TSC_vs_RVFC__PRESSURE_SHOT__t2388.00-t2397.00_portrait_POST.mp4","6738007","77.05"
"1080x1920@9s","out\reels\portrait_1080x1920\2025-09-20__TSC_vs_RVFC\037__2025-09-20__TSC_vs_RVFC__PRESSURE_SHOT__t2388.00-t2397.00_portrait_POST.mp4","29360645","out\reels\tiktok\015__DRIBBLING__t1972.50-t1980.70__ZOOM__tiktok.mp4","6688733","77.22"
"1080x1920@9s","out\reels\portrait_1080x1920\2025-09-20__TSC_vs_RVFC\037__2025-09-20__TSC_vs_RVFC__PRESSURE_SHOT__t2388.00-t2397.00_portrait_POST.mp4","29360645","out\portrait_reels\branded\018__2025-09-13__TSC_vs_NEOFC__SHOT__t2419.50-t2425.60_portrait_POST.mp4","6437056","78.08"
"1080x1920@9s","out\reels\portrait_1080x1920\2025-09-20__TSC_vs_RVFC\037__2025-09-20__TSC_vs_RVFC__PRESSURE_SHOT__t2388.00-t2397.00_portrait_POST.mp4","29360645","out\reels\portrait_1080x1920\015__DRIBBLING__t1972.50-t1980.70.mp4","5548162","81.1"
"1080x1920@9s","out\reels\portrait_1080x1920\2025-09-20__TSC_vs_RVFC\037__2025-09-20__TSC_vs_RVFC__PRESSURE_SHOT__t2388.00-t2397.00_portrait_POST.mp4","29360645","out\reels\tiktok\015__DRIBBLING__t1972.50-t1980.70__BASE__tiktok.mp4","5428853","81.51"
"1080x1920@9.6s","out\reels\portrait_1080x1920\misc\016__SHOT__t2029.90-t2039.50.mp4","32831464","out\branded_clips\REELS\2025-09-13__TSC_vs_NEOFC\016__2025-09-13__TSC_vs_NEOFC__SHOT__t2029.90-t2039.50_portrait_POST__REEL.mp4","17847301","45.64"
"1080x1920@9.6s","out\reels\portrait_1080x1920\misc\016__SHOT__t2029.90-t2039.50.mp4","32831464","out\reels\portrait_1080x1920\2025-09-13__TSC_vs_NEOFC\016__2025-09-13__TSC_vs_NEOFC__SHOT__t2029.90-t2039.50_portrait_POST.mp4","17474357","46.78"
"1080x1920@9.6s","out\reels\portrait_1080x1920\misc\016__SHOT__t2029.90-t2039.50.mp4","32831464","out\reels\portrait_1080x1920\016__2025-09-13__TSC_vs_NEOFC__SHOT__t2029.90-t2039.50_portrait_POST.mp4","5798772","82.34"
"1080x1920@14.8s","out\reels\portrait_1080x1920\_quarantine\016__SHOT__t2029.90-t2039.50.mp4","27398696","out\portrait_reels\branded\023__2025-09-20__TSC_vs_Greenwood__BUILD_UP_PLAY_SHOT__t1711.00-t1722.00_portrait_POST.mp4","18704455","31.73"
"1080x1920@14.8s","out\reels\portrait_1080x1920\_quarantine\016__SHOT__t2029.90-t2039.50.mp4","27398696","out\portrait_reels\branded\012__2025-09-20__TSC_vs_RVFC__BUILD_UP_PLAY_SHOT__t746.00-t757.00_portrait_POST.mp4","18658560","31.9"
"1080x1920@14.8s","out\reels\portrait_1080x1920\_quarantine\016__SHOT__t2029.90-t2039.50.mp4","27398696","out\portrait_reels\branded\006__2025-09-20__TSC_vs_RVFC__SHOT__t517.00-t528.00_portrait_POST.mp4","18514832","32.42"
"1080x1920@14.8s","out\reels\portrait_1080x1920\_quarantine\016__SHOT__t2029.90-t2039.50.mp4","27398696","out\portrait_reels\reels\016__SHOT__t2029.90-t2039.50_portrait.mp4","18297256","33.22"
"1080x1920@14.8s","out\reels\portrait_1080x1920\_quarantine\016__SHOT__t2029.90-t2039.50.mp4","27398696","out\portrait_reels\branded\011__2025-09-20__TSC_vs_Greenwood__GOAL__t902.00-t913.00_portrait_POST.mp4","18001016","34.3"
"1080x1920@14.8s","out\reels\portrait_1080x1920\_quarantine\016__SHOT__t2029.90-t2039.50.mp4","27398696","out\portrait_reels\branded\026__2025-09-20__TSC_vs_Greenwood__PRESSURE_SHOT__t1951.00-t1962.00_portrait_POST.mp4","17765616","35.16"
"1080x1920@14.8s","out\reels\portrait_1080x1920\_quarantine\016__SHOT__t2029.90-t2039.50.mp4","27398696","out\portrait_reels\branded\034__2025-09-20__TSC_vs_RVFC__PRESSURE_GOAL__t2158.00-t2169.00_portrait_POST.mp4","17737921","35.26"
"1080x1920@14.8s","out\reels\portrait_1080x1920\_quarantine\016__SHOT__t2029.90-t2039.50.mp4","27398696","out\portrait_reels\branded\031__2025-09-20__TSC_vs_RVFC__PRESSURE_SHOT__t1964.00-t1975.00_portrait_POST.mp4","17432077","36.38"
"1080x1920@14.8s","out\reels\portrait_1080x1920\_quarantine\016__SHOT__t2029.90-t2039.50.mp4","27398696","out\portrait_reels\branded\014__2025-10-04__TSC_vs_FC_Tulsa_Black__SHOT__t1626.00-t1637.00_portrait_POST.mp4","16876385","38.4"
"1080x1920@14.8s","out\reels\portrait_1080x1920\_quarantine\016__SHOT__t2029.90-t2039.50.mp4","27398696","out\portrait_reels\branded\009__2025-10-04__TSC_vs_FC_Tulsa_Black__PRESSURE_SHOT__t1046.00-t1057.00_portrait_POST.mp4","15182016","44.59"
"1080x1920@14.8s","out\reels\portrait_1080x1920\_quarantine\016__SHOT__t2029.90-t2039.50.mp4","27398696","out\reels\portrait_1080x1920\016__SHOT__t2029.90-t2039.50.mp4","9140308","66.64"
"1080x1920@14.8s","out\reels\portrait_1080x1920\_quarantine\016__SHOT__t2029.90-t2039.50.mp4","27398696","out\reels\tiktok\016__SHOT__t2029.90-t2039.50__BASE__tiktok.mp4","8737876","68.11"
"1080x1920@13.3s","out\reels\portrait_1080x1920\misc\017__SHOT__t2284.90-t2298.20.mp4","31477919","out\branded_clips\REELS\2025-09-13__TSC_vs_NEOFC\017__2025-09-13__TSC_vs_NEOFC__SHOT__t2284.90-t2298.20_portrait_POST__REEL.mp4","24461065","22.29"
"1080x1920@13.3s","out\reels\portrait_1080x1920\misc\017__SHOT__t2284.90-t2298.20.mp4","31477919","out\reels\portrait_1080x1920\2025-09-13__TSC_vs_NEOFC\017__2025-09-13__TSC_vs_NEOFC__SHOT__t2284.90-t2298.20_portrait_POST.mp4","24264540","22.92"
"1080x1920@13.3s","out\reels\portrait_1080x1920\misc\017__SHOT__t2284.90-t2298.20.mp4","31477919","out\reels\portrait_1080x1920\017__2025-09-13__TSC_vs_NEOFC__SHOT__t2284.90-t2298.20_portrait_POST.mp4","8091295","74.3"
"1080x1920@36s","out\reels\portrait_1080x1920\2025-09-20__TSC_vs_Greenwood\030__2025-09-20__TSC_vs_Greenwood__FREE_KICK_WON_GOAL__t2175.00-t2211.00_portrait_POST.mp4","141997507","out\reels\portrait_1080x1920\2025-09-20__TSC_vs_RVFC\017__2025-09-20__TSC_vs_RVFC__BUILD_UP_PLAY_SHOT__t1088.00-t1124.00_portrait_POST.mp4","93782939","33.95"
"1080x1920@36s","out\reels\portrait_1080x1920\2025-09-20__TSC_vs_Greenwood\030__2025-09-20__TSC_vs_Greenwood__FREE_KICK_WON_GOAL__t2175.00-t2211.00_portrait_POST.mp4","141997507","out\branded_clips\REELS\2025-09-20__TSC_vs_Greenwood\030__2025-09-20__TSC_vs_Greenwood__FREE_KICK_WON_GOAL__t2175.00-t2211.00_portrait_POST__REEL.mp4","65094802","54.16"
"1080x1920@36s","out\reels\portrait_1080x1920\2025-09-20__TSC_vs_Greenwood\030__2025-09-20__TSC_vs_Greenwood__FREE_KICK_WON_GOAL__t2175.00-t2211.00_portrait_POST.mp4","141997507","out\branded_clips\REELS\2025-09-20__TSC_vs_RVFC\026__2025-09-20__TSC_vs_RVFC__DRIBBLING_SHOT__t2592000.00-t2628000.00__REEL.mp4","64962953","54.25"
"1080x1920@36s","out\reels\portrait_1080x1920\2025-09-20__TSC_vs_Greenwood\030__2025-09-20__TSC_vs_Greenwood__FREE_KICK_WON_GOAL__t2175.00-t2211.00_portrait_POST.mp4","141997507","out\branded_clips\REELS\2025-09-20__TSC_vs_RVFC\017__2025-09-20__TSC_vs_RVFC__BUILD_UP_PLAY_SHOT__t65280.00-t67440.00__REEL.mp4","64622324","54.49"
"1080x1920@36s","out\reels\portrait_1080x1920\2025-09-20__TSC_vs_Greenwood\030__2025-09-20__TSC_vs_Greenwood__FREE_KICK_WON_GOAL__t2175.00-t2211.00_portrait_POST.mp4","141997507","out\branded_clips\REELS\2025-09-20__TSC_vs_RVFC\017__2025-09-20__TSC_vs_RVFC__BUILD_UP_PLAY_SHOT__t1088.00-t1124.00_portrait_POST__REEL.mp4","64621022","54.49"
"1080x1920@36s","out\reels\portrait_1080x1920\2025-09-20__TSC_vs_Greenwood\030__2025-09-20__TSC_vs_Greenwood__FREE_KICK_WON_GOAL__t2175.00-t2211.00_portrait_POST.mp4","141997507","out\branded_clips\REELS\2025-09-20__TSC_vs_Greenwood\024__2025-09-20__TSC_vs_Greenwood__PRESSURE_SHOT__t2718000.00-t2754000.00__REEL.mp4","64241487","54.76"
"1080x1920@36s","out\reels\portrait_1080x1920\2025-09-20__TSC_vs_Greenwood\030__2025-09-20__TSC_vs_Greenwood__FREE_KICK_WON_GOAL__t2175.00-t2211.00_portrait_POST.mp4","141997507","out\reels\portrait_1080x1920\030__2025-09-20__TSC_vs_Greenwood__FREE_KICK_WON_GOAL__t2175.00-t2211.00_portrait_POST.mp4","30152844","78.77"
"1080x1920@36s","out\reels\portrait_1080x1920\2025-09-20__TSC_vs_Greenwood\030__2025-09-20__TSC_vs_Greenwood__FREE_KICK_WON_GOAL__t2175.00-t2211.00_portrait_POST.mp4","141997507","out\reels\portrait_1080x1920\017__2025-09-20__TSC_vs_RVFC__BUILD_UP_PLAY_SHOT__t1088.00-t1124.00_portrait_POST.mp4","26365016","81.43"
"1080x1920@16.5s","out\reels\portrait_1080x1920\_quarantine\017__SHOT__t2284.90-t2298.20.mp4","30909403","out\portrait_reels\reels\017__SHOT__t2284.90-t2298.20_portrait.mp4","20783311","32.76"
"1080x1920@16.5s","out\reels\portrait_1080x1920\_quarantine\017__SHOT__t2284.90-t2298.20.mp4","30909403","out\portrait_reels\branded\017__2025-09-13__TSC_vs_NEOFC__SHOT__t2284.90-t2298.20_portrait_POST.mp4","16941627","45.19"
"1080x1920@16.5s","out\reels\portrait_1080x1920\_quarantine\017__SHOT__t2284.90-t2298.20.mp4","30909403","out\reels\portrait_1080x1920\017__SHOT__t2284.90-t2298.20.mp4","9735413","68.5"
"1080x1920@16.5s","out\reels\portrait_1080x1920\_quarantine\017__SHOT__t2284.90-t2298.20.mp4","30909403","out\reels\tiktok\017__SHOT__t2284.90-t2298.20__BASE__tiktok.mp4","9491710","69.29"
"1080x1920@6.1s","out\reels\portrait_1080x1920\misc\018__SHOT__t2419.50-t2425.60.mp4","20612935","out\branded_clips\REELS\2025-09-13__TSC_vs_NEOFC\018__2025-09-13__TSC_vs_NEOFC__SHOT__t2419.50-t2425.60_portrait_POST__REEL.mp4","9547384","53.68"
"1080x1920@6.1s","out\reels\portrait_1080x1920\misc\018__SHOT__t2419.50-t2425.60.mp4","20612935","out\reels\portrait_1080x1920\2025-09-13__TSC_vs_NEOFC\018__2025-09-13__TSC_vs_NEOFC__SHOT__t2419.50-t2425.60_portrait_POST.mp4","8440673","59.05"
"1080x1920@6.1s","out\reels\portrait_1080x1920\misc\018__SHOT__t2419.50-t2425.60.mp4","20612935","out\portrait_reels\branded\012__2025-09-13__TSC_vs_NEOFC__GOAL__t1705.20-t1708.50_portrait_POST.mp4","4935893","76.05"
"1080x1920@6.1s","out\reels\portrait_1080x1920\misc\018__SHOT__t2419.50-t2425.60.mp4","20612935","out\reels\portrait_1080x1920\018__2025-09-13__TSC_vs_NEOFC__SHOT__t2419.50-t2425.60_portrait_POST.mp4","3389907","83.55"
"1080x1920@37s","out\reels\portrait_1080x1920\2025-09-20__TSC_vs_Greenwood\018__2025-09-20__TSC_vs_Greenwood__BUILD_UP_PLAY_GOAL__t1292.00-t1329.00_portrait_POST.mp4","146519170","out\branded_clips\REELS\2025-09-20__TSC_vs_Greenwood\018__2025-09-20__TSC_vs_Greenwood__BUILD_UP_PLAY_GOAL__t77520.00-t79740.00__REEL.mp4","66350119","54.72"
"1080x1920@37s","out\reels\portrait_1080x1920\2025-09-20__TSC_vs_Greenwood\018__2025-09-20__TSC_vs_Greenwood__BUILD_UP_PLAY_GOAL__t1292.00-t1329.00_portrait_POST.mp4","146519170","out\branded_clips\REELS\2025-09-20__TSC_vs_Greenwood\018__2025-09-20__TSC_vs_Greenwood__BUILD_UP_PLAY_GOAL__t1292.00-t1329.00_portrait_POST__REEL.mp4","66314673","54.74"
"1080x1920@37s","out\reels\portrait_1080x1920\2025-09-20__TSC_vs_Greenwood\018__2025-09-20__TSC_vs_Greenwood__BUILD_UP_PLAY_GOAL__t1292.00-t1329.00_portrait_POST.mp4","146519170","out\reels\portrait_1080x1920\018__2025-09-20__TSC_vs_Greenwood__BUILD_UP_PLAY_GOAL__t1292.00-t1329.00_portrait_POST.mp4","26761943","81.73"
"1080x1920@6s","out\reels\portrait_1080x1920\2025-09-20__TSC_vs_RVFC\018__2025-09-20__TSC_vs_RVFC__DRIBBLING_SHOT__t1147.00-t1153.00_portrait_POST.mp4","19402922","out\branded_clips\REELS\2025-09-20__TSC_vs_RVFC\018__2025-09-20__TSC_vs_RVFC__DRIBBLING_SHOT__t68820.00-t69180.00__REEL.mp4","11127405","42.65"
"1080x1920@6s","out\reels\portrait_1080x1920\2025-09-20__TSC_vs_RVFC\018__2025-09-20__TSC_vs_RVFC__DRIBBLING_SHOT__t1147.00-t1153.00_portrait_POST.mp4","19402922","out\branded_clips\REELS\2025-09-20__TSC_vs_RVFC\018__2025-09-20__TSC_vs_RVFC__DRIBBLING_SHOT__t1147.00-t1153.00_portrait_POST__REEL.mp4","11116366","42.71"
"1080x1920@6s","out\reels\portrait_1080x1920\2025-09-20__TSC_vs_RVFC\018__2025-09-20__TSC_vs_RVFC__DRIBBLING_SHOT__t1147.00-t1153.00_portrait_POST.mp4","19402922","out\reels\portrait_1080x1920\018__2025-09-20__TSC_vs_RVFC__DRIBBLING_SHOT__t1147.00-t1153.00_portrait_POST.mp4","4734442","75.6"
"1080x1920@24s","out\reels\portrait_1080x1920\2025-09-20__TSC_vs_RVFC\019__2025-09-20__TSC_vs_RVFC__BUILD_UP_PLAY_SHOT__t1158.00-t1182.00_portrait_POST.mp4","76900628","out\branded_clips\REELS\2025-10-04__TSC_vs_FC_Tulsa_Black\011__2025-10-04__TSC_vs_FC_Tulsa_Black__BUILD_UP_SHOT__t71880.00-t73320.00__REEL.mp4","56937510","25.96"
"1080x1920@24s","out\reels\portrait_1080x1920\2025-09-20__TSC_vs_RVFC\019__2025-09-20__TSC_vs_RVFC__BUILD_UP_PLAY_SHOT__t1158.00-t1182.00_portrait_POST.mp4","76900628","out\branded_clips\REELS\2025-09-20__TSC_vs_Greenwood\001__2025-09-20__TSC_vs_Greenwood__BUILD_UP_PLAY_SHOT__t18900.00-t20340.00__REEL.mp4","43567508","43.35"
"1080x1920@24s","out\reels\portrait_1080x1920\2025-09-20__TSC_vs_RVFC\019__2025-09-20__TSC_vs_RVFC__BUILD_UP_PLAY_SHOT__t1158.00-t1182.00_portrait_POST.mp4","76900628","out\branded_clips\REELS\2025-10-04__TSC_vs_FC\011__2025-10-04__TSC_vs_FC_Tulsa_Black__BUILD_UP_SHOT__t71880.00-t73320.00__REEL.mp4","43019528","44.06"
"1080x1920@24s","out\reels\portrait_1080x1920\2025-09-20__TSC_vs_RVFC\019__2025-09-20__TSC_vs_RVFC__BUILD_UP_PLAY_SHOT__t1158.00-t1182.00_portrait_POST.mp4","76900628","out\branded_clips\REELS\2025-09-20__TSC_vs_RVFC\019__2025-09-20__TSC_vs_RVFC__BUILD_UP_PLAY_SHOT__t69480.00-t70920.00__REEL.mp4","41472538","46.07"
"1080x1920@24s","out\reels\portrait_1080x1920\2025-09-20__TSC_vs_RVFC\019__2025-09-20__TSC_vs_RVFC__BUILD_UP_PLAY_SHOT__t1158.00-t1182.00_portrait_POST.mp4","76900628","out\branded_clips\REELS\2025-09-20__TSC_vs_RVFC\019__2025-09-20__TSC_vs_RVFC__BUILD_UP_PLAY_SHOT__t1158.00-t1182.00_portrait_POST__REEL.mp4","41457258","46.09"
"1080x1920@24s","out\reels\portrait_1080x1920\2025-09-20__TSC_vs_RVFC\019__2025-09-20__TSC_vs_RVFC__BUILD_UP_PLAY_SHOT__t1158.00-t1182.00_portrait_POST.mp4","76900628","out\reels\portrait_1080x1920\019__2025-09-20__TSC_vs_RVFC__BUILD_UP_PLAY_SHOT__t1158.00-t1182.00_portrait_POST.mp4","18232120","76.29"
"1080x1920@7.3s","out\reels\portrait_1080x1920\_quarantine\019__SHOT__t2633.00-t2638.10.mp4","12687352","out\portrait_reels\reels\019__SHOT__t2633.00-t2638.10_portrait.mp4","8936679","29.56"
"1080x1920@7.3s","out\reels\portrait_1080x1920\_quarantine\019__SHOT__t2633.00-t2638.10.mp4","12687352","out\reels\tiktok\019__SHOT__t2633.00-t2638.10__ZOOM__tiktok.mp4","5316233","58.1"
"1080x1920@7.3s","out\reels\portrait_1080x1920\_quarantine\019__SHOT__t2633.00-t2638.10.mp4","12687352","out\reels\portrait_1080x1920\019__SHOT__t2633.00-t2638.10.mp4","4141035","67.36"
"1080x1920@7.3s","out\reels\portrait_1080x1920\_quarantine\019__SHOT__t2633.00-t2638.10.mp4","12687352","out\reels\tiktok\019__SHOT__t2633.00-t2638.10__BASE__tiktok.mp4","3963770","68.76"
"1080x1920@15.2s","out\reels\portrait_1080x1920\misc\020__GOAL__t2816.60-t2831.80.mp4","47208849","out\reels\portrait_1080x1920\_quarantine\021__SHOT__t2860.70-t2873.00.mp4","26612324","43.63"
"1080x1920@15.2s","out\reels\portrait_1080x1920\misc\020__GOAL__t2816.60-t2831.80.mp4","47208849","out\branded_clips\REELS\2025-09-13__TSC_vs_NEOFC\020__2025-09-13__TSC_vs_NEOFC__GOAL__t2816.60-t2831.80_portrait_POST__REEL.mp4","25810551","45.33"
"1080x1920@15.2s","out\reels\portrait_1080x1920\misc\020__GOAL__t2816.60-t2831.80.mp4","47208849","out\reels\portrait_1080x1920\2025-09-13__TSC_vs_NEOFC\020__2025-09-13__TSC_vs_NEOFC__GOAL__t2816.60-t2831.80_portrait_POST.mp4","25377390","46.24"
"1080x1920@15.2s","out\reels\portrait_1080x1920\misc\020__GOAL__t2816.60-t2831.80.mp4","47208849","out\portrait_reels\reels\021__SHOT__t2860.70-t2873.00_portrait.mp4","19414590","58.88"
"1080x1920@15.2s","out\reels\portrait_1080x1920\misc\020__GOAL__t2816.60-t2831.80.mp4","47208849","out\reels\portrait_1080x1920\021__SHOT__t2860.70-t2873.00.mp4","9237498","80.43"
"1080x1920@15.2s","out\reels\portrait_1080x1920\misc\020__GOAL__t2816.60-t2831.80.mp4","47208849","out\reels\portrait_1080x1920\020__2025-09-13__TSC_vs_NEOFC__GOAL__t2816.60-t2831.80_portrait_POST.mp4","9002193","80.93"
"1080x1920@15.2s","out\reels\portrait_1080x1920\misc\020__GOAL__t2816.60-t2831.80.mp4","47208849","out\reels\tiktok\021__SHOT__t2860.70-t2873.00__BASE__tiktok.mp4","8677667","81.62"
"1080x1920@12.3s","out\reels\portrait_1080x1920\misc\021__SHOT__t2860.70-t2873.00.mp4","47391244","out\branded_clips\REELS\2025-09-13__TSC_vs_NEOFC\021__2025-09-13__TSC_vs_NEOFC__SHOT__t2860.70-t2873.00_portrait_POST__REEL.mp4","22235293","53.08"
"1080x1920@12.3s","out\reels\portrait_1080x1920\misc\021__SHOT__t2860.70-t2873.00.mp4","47391244","out\reels\portrait_1080x1920\2025-09-13__TSC_vs_NEOFC\021__2025-09-13__TSC_vs_NEOFC__SHOT__t2860.70-t2873.00_portrait_POST.mp4","20909468","55.88"
"1080x1920@12.3s","out\reels\portrait_1080x1920\misc\021__SHOT__t2860.70-t2873.00.mp4","47391244","out\reels\portrait_1080x1920\021__2025-09-13__TSC_vs_NEOFC__SHOT__t2860.70-t2873.00_portrait_POST.mp4","7541502","84.09"
"1080x1920@11.9s","out\reels\portrait_1080x1920\_quarantine\023__SHOT__t3098.90-t3108.80.mp4","23741661","out\portrait_reels\reels\023__SHOT__t3098.90-t3108.80_portrait.mp4","16911029","28.77"
"1080x1920@11.9s","out\reels\portrait_1080x1920\_quarantine\023__SHOT__t3098.90-t3108.80.mp4","23741661","out\reels\tiktok\023__SHOT__t3098.90-t3108.80__ZOOM__tiktok.mp4","9064193","61.82"
"1080x1920@11.9s","out\reels\portrait_1080x1920\_quarantine\023__SHOT__t3098.90-t3108.80.mp4","23741661","out\reels\portrait_1080x1920\023__SHOT__t3098.90-t3108.80.mp4","7451588","68.61"
"1080x1920@11.9s","out\reels\portrait_1080x1920\_quarantine\023__SHOT__t3098.90-t3108.80.mp4","23741661","out\reels\tiktok\023__SHOT__t3098.90-t3108.80__BASE__tiktok.mp4","7150164","69.88"
"1080x1920@57s","out\reels\portrait_1080x1920\2025-09-20__TSC_vs_Greenwood\038__2025-09-20__TSC_vs_Greenwood__PRESSURE_SHOT__t2770.00-t2827.00_portrait_POST.mp4","218375756","out\branded_clips\REELS\2025-09-20__TSC_vs_Greenwood\038__2025-09-20__TSC_vs_Greenwood__PRESSURE_SHOT__t2770.00-t2827.00_portrait_POST__REEL.mp4","102036599","53.27"
"1080x1920@57s","out\reels\portrait_1080x1920\2025-09-20__TSC_vs_Greenwood\038__2025-09-20__TSC_vs_Greenwood__PRESSURE_SHOT__t2770.00-t2827.00_portrait_POST.mp4","218375756","out\reels\portrait_1080x1920\038__2025-09-20__TSC_vs_Greenwood__PRESSURE_SHOT__t2770.00-t2827.00_portrait_POST.mp4","46682007","78.62"
"1080x1920@28s","out\reels\portrait_1080x1920\2025-09-20__TSC_vs_RVFC\040__2025-09-20__TSC_vs_RVFC__BUILD_UP_PLAY_SHOT__t2571.00-t2599.00_portrait_POST.mp4","95926384","out\branded_clips\REELS\2025-09-20__TSC_vs_RVFC\002__2025-10-04__TSC_vs_FC_Tulsa_Black__BUILD_UP__t25260.00-t26940.00__REEL.mp4","62047822","35.32"
"1080x1920@28s","out\reels\portrait_1080x1920\2025-09-20__TSC_vs_RVFC\040__2025-09-20__TSC_vs_RVFC__BUILD_UP_PLAY_SHOT__t2571.00-t2599.00_portrait_POST.mp4","95926384","out\branded_clips\REELS\2025-10-04__TSC_vs_FC\002__2025-10-04__TSC_vs_FC_Tulsa_Black__BUILD_UP__t25260.00-t26940.00__REEL.mp4","50554351","47.3"
"1080x1920@28s","out\reels\portrait_1080x1920\2025-09-20__TSC_vs_RVFC\040__2025-09-20__TSC_vs_RVFC__BUILD_UP_PLAY_SHOT__t2571.00-t2599.00_portrait_POST.mp4","95926384","out\branded_clips\REELS\2025-09-20__TSC_vs_RVFC\040__2025-09-20__TSC_vs_RVFC__BUILD_UP_PLAY_SHOT__t2571.00-t2599.00_portrait_POST__REEL.mp4","50500089","47.36"
"1080x1920@28s","out\reels\portrait_1080x1920\2025-09-20__TSC_vs_RVFC\040__2025-09-20__TSC_vs_RVFC__BUILD_UP_PLAY_SHOT__t2571.00-t2599.00_portrait_POST.mp4","95926384","out\reels\portrait_1080x1920\040__2025-09-20__TSC_vs_RVFC__BUILD_UP_PLAY_SHOT__t2571.00-t2599.00_portrait_POST.mp4","21018563","78.09"
"1080x1920@10.9s","out\reels\portrait_1080x1920\misc\001__SHOT__t155.50-t166.40.mp4","37675152","out\portrait_reels\reels\001__2025-09-13__TSC_vs_NEOFC__SHOT__t155.50-t166.40_portrait.mp4","29453910","21.82"
"1080x1920@10.9s","out\reels\portrait_1080x1920\misc\001__SHOT__t155.50-t166.40.mp4","37675152","out\reels\portrait_1080x1920\2025-09-13__TSC_vs_NEOFC\115__2025-09-13__TSC_vs_NEOFC__SHOT__t155.5-t166.4.mp4","20803384","44.78"
"1080x1920@10.9s","out\reels\portrait_1080x1920\misc\001__SHOT__t155.50-t166.40.mp4","37675152","out\branded_clips\REELS\2025-09-13__TSC_vs_NEOFC\115__2025-09-13__TSC_vs_NEOFC__SHOT__t155.5-t166.4__REEL.mp4","19786084","47.48"
"1080x1920@10.9s","out\reels\portrait_1080x1920\misc\001__SHOT__t155.50-t166.40.mp4","37675152","out\portrait_reels\reels\001__2025-09-13__TSC_vs_NEOFC__SHOT__t155.50-t166.40_portrait_POLISHED.mp4","13612889","63.87"
"1080x1920@10.9s","out\reels\portrait_1080x1920\misc\001__SHOT__t155.50-t166.40.mp4","37675152","out\portrait_reels\reels\001__2025-09-13__TSC_vs_NEOFC__SHOT__t155.50-t166.40_portrait_BRAND.mp4","12132280","67.8"
"1080x1920@10.9s","out\reels\portrait_1080x1920\misc\001__SHOT__t155.50-t166.40.mp4","37675152","out\reels\portrait_1080x1920\115__2025-09-13__TSC_vs_NEOFC__SHOT__t155.5-t166.4.mp4","6958986","81.53"
"1920x1080@10.4s","out\branded_clips\WIDE\2025-09-13__TSC_vs_NEOFC\002__2025-09-13__TSC_vs_NEOFC__GOAL__t180.80-t191.20.__DEBUG_FINAL_portrait_FINAL__WIDE.mp4","18690291","out\reels\portrait_1080x1920\_quarantine\002__2025-09-13__TSC_vs_NEOFC__GOAL__t180.80-t191.20.__DEBUG_FINAL_portrait_FINAL.mp4","16962269","9.25"
"1920x1080@23.9s","out\branded_clips\WIDE\2025-09-13__TSC_vs_NEOFC\003__2025-09-13__TSC_vs_NEOFC__BUILD_UP__t224.80-t248.70.__DEBUG_FINAL_portrait_FINAL__WIDE.mp4","42863398","out\reels\portrait_1080x1920\_quarantine\003__2025-09-13__TSC_vs_NEOFC__BUILD_UP__t224.80-t248.70.__DEBUG_FINAL_portrait_FINAL.mp4","39065941","8.86"
"1920x1080@20s","out\branded_clips\WIDE\2025-09-20__TSC_vs_RVFC\038__2025-09-20__TSC_vs_RVFC__PRESSURE_GOAL__t2411.00-t2431.00_portrait_POST__WIDE.mp4","36009528","out\branded_clips\WIDE\2025-09-20__TSC_vs_Greenwood\003__2025-09-20__TSC_vs_Greenwood__BUILD_UP_PLAY_SHOT__t25260.00-t26460.00__WIDE.mp4","35962311","0.13"
"1920x1080@20s","out\branded_clips\WIDE\2025-09-20__TSC_vs_RVFC\038__2025-09-20__TSC_vs_RVFC__PRESSURE_GOAL__t2411.00-t2431.00_portrait_POST__WIDE.mp4","36009528","out\branded_clips\WIDE\2025-09-20__TSC_vs_Greenwood\033__2025-09-20__TSC_vs_Greenwood__GOAL__t2562.00-t2582.00_portrait_POST__WIDE.mp4","35932602","0.21"
"1920x1080@20s","out\branded_clips\WIDE\2025-09-20__TSC_vs_RVFC\038__2025-09-20__TSC_vs_RVFC__PRESSURE_GOAL__t2411.00-t2431.00_portrait_POST__WIDE.mp4","36009528","out\branded_clips\WIDE\2025-09-20__TSC_vs_Greenwood\003__2025-09-20__TSC_vs_Greenwood__BUILD_UP_PLAY_SHOT__t421.00-t441.00_portrait_POST__WIDE.mp4","35929799","0.22"
"1920x1080@20s","out\branded_clips\WIDE\2025-09-20__TSC_vs_RVFC\038__2025-09-20__TSC_vs_RVFC__PRESSURE_GOAL__t2411.00-t2431.00_portrait_POST__WIDE.mp4","36009528","out\branded_clips\WIDE\2025-09-20__TSC_vs_Greenwood\039__2025-09-20__TSC_vs_Greenwood__BUILD_UP_PLAY_SHOT__t2894.00-t2914.00_portrait_POST__WIDE.mp4","35708742","0.84"
"1920x1080@20s","out\branded_clips\WIDE\2025-09-20__TSC_vs_RVFC\038__2025-09-20__TSC_vs_RVFC__PRESSURE_GOAL__t2411.00-t2431.00_portrait_POST__WIDE.mp4","36009528","out\branded_clips\WIDE\2025-09-20__TSC_vs_Greenwood\037__2025-09-20__TSC_vs_Greenwood__PRESSURE_GOAL__t2729.00-t2749.00_portrait_POST__WIDE.mp4","35390844","1.72"
"1920x1080@20s","out\branded_clips\WIDE\2025-09-20__TSC_vs_RVFC\038__2025-09-20__TSC_vs_RVFC__PRESSURE_GOAL__t2411.00-t2431.00_portrait_POST__WIDE.mp4","36009528","out\reels\portrait_1080x1920\_quarantine\037__2025-09-20__TSC_vs_Greenwood__PRESSURE_GOAL__t2729.00-t2749.00_portrait_POST.mp4","34000384","5.58"
"1920x1080@20s","out\branded_clips\WIDE\2025-09-20__TSC_vs_RVFC\038__2025-09-20__TSC_vs_RVFC__PRESSURE_GOAL__t2411.00-t2431.00_portrait_POST__WIDE.mp4","36009528","out\reels\portrait_1080x1920\_quarantine\039__2025-09-20__TSC_vs_Greenwood__BUILD_UP_PLAY_SHOT__t2894.00-t2914.00_portrait_POST.mp4","32683458","9.24"
"1920x1080@20s","out\branded_clips\WIDE\2025-09-20__TSC_vs_RVFC\038__2025-09-20__TSC_vs_RVFC__PRESSURE_GOAL__t2411.00-t2431.00_portrait_POST__WIDE.mp4","36009528","out\reels\portrait_1080x1920\_quarantine\033__2025-09-20__TSC_vs_Greenwood__GOAL__t2562.00-t2582.00_portrait_POST.mp4","32419342","9.97"
"1920x1080@20s","out\branded_clips\WIDE\2025-09-20__TSC_vs_RVFC\038__2025-09-20__TSC_vs_RVFC__PRESSURE_GOAL__t2411.00-t2431.00_portrait_POST__WIDE.mp4","36009528","out\reels\portrait_1080x1920\_quarantine\003__2025-09-20__TSC_vs_Greenwood__BUILD_UP_PLAY_SHOT__t421.00-t441.00_portrait_POST.mp4","32233633","10.49"
"1920x1080@20s","out\branded_clips\WIDE\2025-09-20__TSC_vs_RVFC\038__2025-09-20__TSC_vs_RVFC__PRESSURE_GOAL__t2411.00-t2431.00_portrait_POST__WIDE.mp4","36009528","out\reels\portrait_1080x1920\_quarantine\038__2025-09-20__TSC_vs_RVFC__PRESSURE_GOAL__t2411.00-t2431.00_portrait_POST.mp4","30655722","14.87"
"1920x1080@16.6s","out\branded_clips\WIDE\2025-09-13__TSC_vs_NEOFC\004__2025-09-13__TSC_vs_NEOFC__GOAL__t266.50-t283.10.__DEBUG_FINAL_portrait_FINAL__WIDE.mp4","30099765","out\reels\portrait_1080x1920\_quarantine\004__2025-09-13__TSC_vs_NEOFC__GOAL__t266.50-t283.10.__DEBUG_FINAL_portrait_FINAL.mp4","26764694","11.08"
"1920x1080@12s","out\branded_clips\WIDE\2025-09-20__TSC_vs_Greenwood\017__2025-09-20__TSC_vs_Greenwood__PRESSURE_SHOT__t1212.00-t1224.00_portrait_POST__WIDE.mp4","21646759","out\branded_clips\WIDE\2025-09-20__TSC_vs_Greenwood\017__2025-09-20__TSC_vs_Greenwood__PRESSURE_SHOT__t72720.00-t73440.00__WIDE.mp4","21623105","0.11"
"1920x1080@12s","out\branded_clips\WIDE\2025-09-20__TSC_vs_Greenwood\017__2025-09-20__TSC_vs_Greenwood__PRESSURE_SHOT__t1212.00-t1224.00_portrait_POST__WIDE.mp4","21646759","out\branded_clips\WIDE\2025-09-20__TSC_vs_Greenwood\004__2025-09-20__TSC_vs_Greenwood__PRESSURE_TWO_SHOTS__t26640.00-t27360.00__WIDE.mp4","21429663","1"
"1920x1080@12s","out\branded_clips\WIDE\2025-09-20__TSC_vs_Greenwood\017__2025-09-20__TSC_vs_Greenwood__PRESSURE_SHOT__t1212.00-t1224.00_portrait_POST__WIDE.mp4","21646759","out\branded_clips\WIDE\2025-09-20__TSC_vs_Greenwood\004__2025-09-20__TSC_vs_Greenwood__PRESSURE_TWO_SHOTS__t444.00-t456.00_portrait_POST__WIDE.mp4","21427863","1.01"
"1920x1080@12s","out\branded_clips\WIDE\2025-09-20__TSC_vs_Greenwood\017__2025-09-20__TSC_vs_Greenwood__PRESSURE_SHOT__t1212.00-t1224.00_portrait_POST__WIDE.mp4","21646759","out\reels\portrait_1080x1920\_quarantine\004__2025-09-20__TSC_vs_Greenwood__PRESSURE_TWO_SHOTS__t444.00-t456.00_portrait_POST.mp4","20877812","3.55"
"1920x1080@12s","out\branded_clips\WIDE\2025-09-20__TSC_vs_Greenwood\017__2025-09-20__TSC_vs_Greenwood__PRESSURE_SHOT__t1212.00-t1224.00_portrait_POST__WIDE.mp4","21646759","out\reels\portrait_1080x1920\_quarantine\017__2025-09-20__TSC_vs_Greenwood__PRESSURE_SHOT__t1212.00-t1224.00_portrait_POST.mp4","19592091","9.49"
"1920x1080@13.7s","out\branded_clips\WIDE\2025-09-13__TSC_vs_NEOFC\005__2025-09-13__TSC_vs_NEOFC__CORNER__t417.90-t431.60.__DEBUG_FINAL_portrait_FINAL__WIDE.mp4","25035238","out\reels\portrait_1080x1920\_quarantine\005__2025-09-13__TSC_vs_NEOFC__CORNER__t417.90-t431.60.__DEBUG_FINAL_portrait_FINAL.mp4","21731262","13.2"
"1920x1080@15s","out\branded_clips\WIDE\2025-10-04__TSC_vs_FC_Tulsa_Black\008__2025-10-04__TSC_vs_FC_Tulsa_Black__BUILD_UP_SHOT__t61500.00-t62400.00__WIDE.mp4","57974106","out\branded_clips\WIDE\2025-09-20__TSC_vs_RVFC\035__2025-09-20__TSC_vs_RVFC__BUILD_UP_PLAY_SHOT__t2297.00-t2312.00_portrait_POST__WIDE.mp4","26321991","54.6"
"1920x1080@15s","out\branded_clips\WIDE\2025-10-04__TSC_vs_FC_Tulsa_Black\008__2025-10-04__TSC_vs_FC_Tulsa_Black__BUILD_UP_SHOT__t61500.00-t62400.00__WIDE.mp4","57974106","out\branded_clips\WIDE\2025-09-20__TSC_vs_Greenwood\005__2025-09-20__TSC_vs_Greenwood__WIN_FREE_KICK__t538.00-t553.00_portrait_POST__WIDE.mp4","26238257","54.74"
"1920x1080@15s","out\branded_clips\WIDE\2025-10-04__TSC_vs_FC_Tulsa_Black\008__2025-10-04__TSC_vs_FC_Tulsa_Black__BUILD_UP_SHOT__t61500.00-t62400.00__WIDE.mp4","57974106","out\branded_clips\WIDE\2025-09-20__TSC_vs_Greenwood\005__2025-09-20__TSC_vs_Greenwood__WIN_FREE_KICK__t32280.00-t33180.00__WIDE.mp4","26225195","54.76"
"1920x1080@15s","out\branded_clips\WIDE\2025-10-04__TSC_vs_FC_Tulsa_Black\008__2025-10-04__TSC_vs_FC_Tulsa_Black__BUILD_UP_SHOT__t61500.00-t62400.00__WIDE.mp4","57974106","out\branded_clips\WIDE\2025-10-04__TSC_vs_FC\008__2025-10-04__TSC_vs_FC_Tulsa_Black__BUILD_UP_SHOT__t61500.00-t62400.00__WIDE.mp4","26197805","54.81"
"1920x1080@15s","out\branded_clips\WIDE\2025-10-04__TSC_vs_FC_Tulsa_Black\008__2025-10-04__TSC_vs_FC_Tulsa_Black__BUILD_UP_SHOT__t61500.00-t62400.00__WIDE.mp4","57974106","out\branded_clips\WIDE\2025-09-20__TSC_vs_RVFC\044__2025-09-20__TSC_vs_RVFC__GOAL__t3051.00-t3066.00_portrait_POST__WIDE.mp4","25837869","55.43"
"1920x1080@15s","out\branded_clips\WIDE\2025-10-04__TSC_vs_FC_Tulsa_Black\008__2025-10-04__TSC_vs_FC_Tulsa_Black__BUILD_UP_SHOT__t61500.00-t62400.00__WIDE.mp4","57974106","out\reels\portrait_1080x1920\_quarantine\044__2025-09-20__TSC_vs_RVFC__GOAL__t3051.00-t3066.00_portrait_POST.mp4","21884961","62.25"
"1920x1080@15s","out\branded_clips\WIDE\2025-10-04__TSC_vs_FC_Tulsa_Black\008__2025-10-04__TSC_vs_FC_Tulsa_Black__BUILD_UP_SHOT__t61500.00-t62400.00__WIDE.mp4","57974106","out\reels\portrait_1080x1920\_quarantine\035__2025-09-20__TSC_vs_RVFC__BUILD_UP_PLAY_SHOT__t2297.00-t2312.00_portrait_POST.mp4","21727853","62.52"
"1920x1080@15s","out\branded_clips\WIDE\2025-10-04__TSC_vs_FC_Tulsa_Black\008__2025-10-04__TSC_vs_FC_Tulsa_Black__BUILD_UP_SHOT__t61500.00-t62400.00__WIDE.mp4","57974106","out\reels\portrait_1080x1920\_quarantine\005__2025-09-20__TSC_vs_Greenwood__WIN_FREE_KICK__t538.00-t553.00_portrait_POST.mp4","21564950","62.8"
"1920x1080@12.2s","out\branded_clips\WIDE\2025-09-13__TSC_vs_NEOFC\006__2025-09-13__TSC_vs_NEOFC__DEFENSE__t699.30-t711.50.__DEBUG_FINAL_portrait_FINAL__WIDE.mp4","21938587","out\reels\portrait_1080x1920\_quarantine\006__2025-09-13__TSC_vs_NEOFC__DEFENSE__t699.30-t711.50.__DEBUG_FINAL_portrait_FINAL.mp4","18143016","17.3"
"1920x1080@23s","out\branded_clips\WIDE\2025-09-20__TSC_vs_RVFC\028__2025-09-20__TSC_vs_RVFC__CORNER__t1852.00-t1875.00_portrait_POST__WIDE.mp4","41262340","out\branded_clips\WIDE\2025-09-20__TSC_vs_RVFC\016__2025-09-20__TSC_vs_RVFC__BUILD_UP_PLAY_SHOT__t999.00-t1022.00_portrait_POST__WIDE.mp4","40974476","0.7"
"1920x1080@23s","out\branded_clips\WIDE\2025-09-20__TSC_vs_RVFC\028__2025-09-20__TSC_vs_RVFC__CORNER__t1852.00-t1875.00_portrait_POST__WIDE.mp4","41262340","out\branded_clips\WIDE\2025-09-20__TSC_vs_RVFC\016__2025-09-20__TSC_vs_RVFC__BUILD_UP_PLAY_SHOT__t59940.00-t61320.00__WIDE.mp4","40942215","0.78"
"1920x1080@23s","out\branded_clips\WIDE\2025-09-20__TSC_vs_RVFC\028__2025-09-20__TSC_vs_RVFC__CORNER__t1852.00-t1875.00_portrait_POST__WIDE.mp4","41262340","out\branded_clips\WIDE\2025-09-20__TSC_vs_Greenwood\006__2025-09-20__TSC_vs_Greenwood__BUILD_UP_PLAY_SHOT__t685.00-t708.00_portrait_POST__WIDE.mp4","39433091","4.43"
"1920x1080@23s","out\branded_clips\WIDE\2025-09-20__TSC_vs_RVFC\028__2025-09-20__TSC_vs_RVFC__CORNER__t1852.00-t1875.00_portrait_POST__WIDE.mp4","41262340","out\branded_clips\WIDE\2025-09-20__TSC_vs_Greenwood\006__2025-09-20__TSC_vs_Greenwood__BUILD_UP_PLAY_SHOT__t41100.00-t42480.00__WIDE.mp4","39356573","4.62"
"1920x1080@23s","out\branded_clips\WIDE\2025-09-20__TSC_vs_RVFC\028__2025-09-20__TSC_vs_RVFC__CORNER__t1852.00-t1875.00_portrait_POST__WIDE.mp4","41262340","out\branded_clips\WIDE\2025-09-20__TSC_vs_RVFC\032__2025-09-20__TSC_vs_RVFC__BUILD_UP_PLAY_SHOT__t2034.00-t2057.00_portrait_POST__WIDE.mp4","39261957","4.85"
"1920x1080@23s","out\branded_clips\WIDE\2025-09-20__TSC_vs_RVFC\028__2025-09-20__TSC_vs_RVFC__CORNER__t1852.00-t1875.00_portrait_POST__WIDE.mp4","41262340","out\reels\portrait_1080x1920\_quarantine\028__2025-09-20__TSC_vs_RVFC__CORNER__t1852.00-t1875.00_portrait_POST.mp4","38208069","7.4"
"1920x1080@23s","out\branded_clips\WIDE\2025-09-20__TSC_vs_RVFC\028__2025-09-20__TSC_vs_RVFC__CORNER__t1852.00-t1875.00_portrait_POST__WIDE.mp4","41262340","out\reels\portrait_1080x1920\_quarantine\016__2025-09-20__TSC_vs_RVFC__BUILD_UP_PLAY_SHOT__t999.00-t1022.00_portrait_POST.mp4","33472800","18.88"
"1920x1080@23s","out\branded_clips\WIDE\2025-09-20__TSC_vs_RVFC\028__2025-09-20__TSC_vs_RVFC__CORNER__t1852.00-t1875.00_portrait_POST__WIDE.mp4","41262340","out\reels\portrait_1080x1920\_quarantine\006__2025-09-20__TSC_vs_Greenwood__BUILD_UP_PLAY_SHOT__t685.00-t708.00_portrait_POST.mp4","33307187","19.28"
"1920x1080@23s","out\branded_clips\WIDE\2025-09-20__TSC_vs_RVFC\028__2025-09-20__TSC_vs_RVFC__CORNER__t1852.00-t1875.00_portrait_POST__WIDE.mp4","41262340","out\reels\portrait_1080x1920\_quarantine\032__2025-09-20__TSC_vs_RVFC__BUILD_UP_PLAY_SHOT__t2034.00-t2057.00_portrait_POST.mp4","31583931","23.46"
"1920x1080@11s","out\branded_clips\WIDE\2025-10-04__TSC_vs_FC_Tulsa_Black\009__2025-10-04__TSC_vs_FC_Tulsa_Black__PRESSURE_SHOT__t62760.00-t63420.00__WIDE.mp4","34187777","out\branded_clips\WIDE\2025-09-20__TSC_vs_Greenwood\023__2025-09-20__TSC_vs_Greenwood__BUILD_UP_PLAY_SHOT__t1711.00-t1722.00_portrait_POST__WIDE.mp4","20060306","41.32"
"1920x1080@11s","out\branded_clips\WIDE\2025-10-04__TSC_vs_FC_Tulsa_Black\009__2025-10-04__TSC_vs_FC_Tulsa_Black__PRESSURE_SHOT__t62760.00-t63420.00__WIDE.mp4","34187777","out\branded_clips\WIDE\2025-09-20__TSC_vs_RVFC\012__2025-09-20__TSC_vs_RVFC__BUILD_UP_PLAY_SHOT__t44760.00-t45420.00__WIDE.mp4","19945977","41.66"
"1920x1080@11s","out\branded_clips\WIDE\2025-10-04__TSC_vs_FC_Tulsa_Black\009__2025-10-04__TSC_vs_FC_Tulsa_Black__PRESSURE_SHOT__t62760.00-t63420.00__WIDE.mp4","34187777","out\branded_clips\WIDE\2025-09-20__TSC_vs_RVFC\012__2025-09-20__TSC_vs_RVFC__BUILD_UP_PLAY_SHOT__t746.00-t757.00_portrait_POST__WIDE.mp4","19941781","41.67"
"1920x1080@11s","out\branded_clips\WIDE\2025-10-04__TSC_vs_FC_Tulsa_Black\009__2025-10-04__TSC_vs_FC_Tulsa_Black__PRESSURE_SHOT__t62760.00-t63420.00__WIDE.mp4","34187777","out\branded_clips\WIDE\2025-09-20__TSC_vs_RVFC\031__2025-09-20__TSC_vs_RVFC__PRESSURE_SHOT__t1964.00-t1975.00_portrait_POST__WIDE.mp4","19936152","41.69"
"1920x1080@11s","out\branded_clips\WIDE\2025-10-04__TSC_vs_FC_Tulsa_Black\009__2025-10-04__TSC_vs_FC_Tulsa_Black__PRESSURE_SHOT__t62760.00-t63420.00__WIDE.mp4","34187777","out\branded_clips\WIDE\2025-09-20__TSC_vs_Greenwood\011__2025-09-20__TSC_vs_Greenwood__GOAL__t902.00-t913.00_portrait_POST__WIDE.mp4","19920283","41.73"
"1920x1080@11s","out\branded_clips\WIDE\2025-10-04__TSC_vs_FC_Tulsa_Black\009__2025-10-04__TSC_vs_FC_Tulsa_Black__PRESSURE_SHOT__t62760.00-t63420.00__WIDE.mp4","34187777","out\branded_clips\WIDE\2025-09-20__TSC_vs_Greenwood\011__2025-09-20__TSC_vs_Greenwood__GOAL__t54120.00-t54780.00__WIDE.mp4","19900482","41.79"
"1920x1080@11s","out\branded_clips\WIDE\2025-10-04__TSC_vs_FC_Tulsa_Black\009__2025-10-04__TSC_vs_FC_Tulsa_Black__PRESSURE_SHOT__t62760.00-t63420.00__WIDE.mp4","34187777","out\branded_clips\WIDE\2025-10-04__TSC_vs_FC\009__2025-10-04__TSC_vs_FC_Tulsa_Black__PRESSURE_SHOT__t62760.00-t63420.00__WIDE.mp4","19486977","43"
"1920x1080@11s","out\branded_clips\WIDE\2025-10-04__TSC_vs_FC_Tulsa_Black\009__2025-10-04__TSC_vs_FC_Tulsa_Black__PRESSURE_SHOT__t62760.00-t63420.00__WIDE.mp4","34187777","out\branded_clips\WIDE\2025-09-20__TSC_vs_RVFC\034__2025-09-20__TSC_vs_RVFC__PRESSURE_GOAL__t2158.00-t2169.00_portrait_POST__WIDE.mp4","19480658","43.02"
"1920x1080@11s","out\branded_clips\WIDE\2025-10-04__TSC_vs_FC_Tulsa_Black\009__2025-10-04__TSC_vs_FC_Tulsa_Black__PRESSURE_SHOT__t62760.00-t63420.00__WIDE.mp4","34187777","out\branded_clips\WIDE\2025-09-20__TSC_vs_Greenwood\026__2025-09-20__TSC_vs_Greenwood__PRESSURE_SHOT__t1951.00-t1962.00_portrait_POST__WIDE.mp4","19390974","43.28"
"1920x1080@11s","out\branded_clips\WIDE\2025-10-04__TSC_vs_FC_Tulsa_Black\009__2025-10-04__TSC_vs_FC_Tulsa_Black__PRESSURE_SHOT__t62760.00-t63420.00__WIDE.mp4","34187777","out\reels\portrait_1080x1920\_quarantine\012__2025-09-20__TSC_vs_RVFC__BUILD_UP_PLAY_SHOT__t746.00-t757.00_portrait_POST.mp4","19201471","43.84"
"1920x1080@11s","out\branded_clips\WIDE\2025-10-04__TSC_vs_FC_Tulsa_Black\009__2025-10-04__TSC_vs_FC_Tulsa_Black__PRESSURE_SHOT__t62760.00-t63420.00__WIDE.mp4","34187777","out\reels\portrait_1080x1920\_quarantine\023__2025-09-20__TSC_vs_Greenwood__BUILD_UP_PLAY_SHOT__t1711.00-t1722.00_portrait_POST.mp4","18944832","44.59"
"1920x1080@11s","out\branded_clips\WIDE\2025-10-04__TSC_vs_FC_Tulsa_Black\009__2025-10-04__TSC_vs_FC_Tulsa_Black__PRESSURE_SHOT__t62760.00-t63420.00__WIDE.mp4","34187777","out\reels\portrait_1080x1920\_quarantine\011__2025-09-20__TSC_vs_Greenwood__GOAL__t902.00-t913.00_portrait_POST.mp4","18589268","45.63"
"1920x1080@11s","out\branded_clips\WIDE\2025-10-04__TSC_vs_FC_Tulsa_Black\009__2025-10-04__TSC_vs_FC_Tulsa_Black__PRESSURE_SHOT__t62760.00-t63420.00__WIDE.mp4","34187777","out\branded_clips\WIDE\2025-09-20__TSC_vs_RVFC\006__2025-09-20__TSC_vs_RVFC__SHOT__t517.00-t528.00_portrait_POST__WIDE.mp4","18440397","46.06"
"1920x1080@11s","out\branded_clips\WIDE\2025-10-04__TSC_vs_FC_Tulsa_Black\009__2025-10-04__TSC_vs_FC_Tulsa_Black__PRESSURE_SHOT__t62760.00-t63420.00__WIDE.mp4","34187777","out\branded_clips\WIDE\2025-09-20__TSC_vs_RVFC\006__2025-09-20__TSC_vs_RVFC__SHOT__t31020.00-t31680.00__WIDE.mp4","18439787","46.06"
"1920x1080@11s","out\branded_clips\WIDE\2025-10-04__TSC_vs_FC_Tulsa_Black\009__2025-10-04__TSC_vs_FC_Tulsa_Black__PRESSURE_SHOT__t62760.00-t63420.00__WIDE.mp4","34187777","out\reels\portrait_1080x1920\_quarantine\034__2025-09-20__TSC_vs_RVFC__PRESSURE_GOAL__t2158.00-t2169.00_portrait_POST.mp4","18256593","46.6"
"1920x1080@11s","out\branded_clips\WIDE\2025-10-04__TSC_vs_FC_Tulsa_Black\009__2025-10-04__TSC_vs_FC_Tulsa_Black__PRESSURE_SHOT__t62760.00-t63420.00__WIDE.mp4","34187777","out\reels\portrait_1080x1920\_quarantine\006__2025-09-20__TSC_vs_RVFC__SHOT__t517.00-t528.00_portrait_POST.mp4","17228421","49.61"
"1920x1080@11s","out\branded_clips\WIDE\2025-10-04__TSC_vs_FC_Tulsa_Black\009__2025-10-04__TSC_vs_FC_Tulsa_Black__PRESSURE_SHOT__t62760.00-t63420.00__WIDE.mp4","34187777","out\reels\portrait_1080x1920\_quarantine\031__2025-09-20__TSC_vs_RVFC__PRESSURE_SHOT__t1964.00-t1975.00_portrait_POST.mp4","17204994","49.68"
"1920x1080@11s","out\branded_clips\WIDE\2025-10-04__TSC_vs_FC_Tulsa_Black\009__2025-10-04__TSC_vs_FC_Tulsa_Black__PRESSURE_SHOT__t62760.00-t63420.00__WIDE.mp4","34187777","out\reels\portrait_1080x1920\_quarantine\026__2025-09-20__TSC_vs_Greenwood__PRESSURE_SHOT__t1951.00-t1962.00_portrait_POST.mp4","16424796","51.96"
"1920x1080@5.9s","out\branded_clips\WIDE\2025-09-13__TSC_vs_NEOFC\007__2025-09-13__TSC_vs_NEOFC__DRIBBLING__t982.00-t987.90_portrait_POST__WIDE.mp4","10620447","out\reels\portrait_1080x1920\_quarantine\007__2025-09-13__TSC_vs_NEOFC__DRIBBLING__t982.00-t987.90_portrait_POST.mp4","9349134","11.97"
"1920x1080@13s","out\branded_clips\WIDE\2025-09-20__TSC_vs_Greenwood\002__2025-09-20__TSC_vs_Greenwood__GOAL__t20400.00-t21180.00__WIDE.mp4","23657947","out\branded_clips\WIDE\2025-09-20__TSC_vs_Greenwood\013__2025-09-20__TSC_vs_Greenwood__PRESSURE_SHOT__t59280.00-t60060.00__WIDE.mp4","23619551","0.16"
"1920x1080@13s","out\branded_clips\WIDE\2025-09-20__TSC_vs_Greenwood\002__2025-09-20__TSC_vs_Greenwood__GOAL__t20400.00-t21180.00__WIDE.mp4","23657947","out\branded_clips\WIDE\2025-09-20__TSC_vs_Greenwood\013__2025-09-20__TSC_vs_Greenwood__PRESSURE_SHOT__t988.00-t1001.00_portrait_POST__WIDE.mp4","23590664","0.28"
"1920x1080@13s","out\branded_clips\WIDE\2025-09-20__TSC_vs_Greenwood\002__2025-09-20__TSC_vs_Greenwood__GOAL__t20400.00-t21180.00__WIDE.mp4","23657947","out\branded_clips\WIDE\2025-09-20__TSC_vs_Greenwood\028__2025-09-20__TSC_vs_Greenwood__BUILD_UP_PLAY_SHOT__t2092.00-t2105.00_portrait_POST__WIDE.mp4","23432311","0.95"
"1920x1080@13s","out\branded_clips\WIDE\2025-09-20__TSC_vs_Greenwood\002__2025-09-20__TSC_vs_Greenwood__GOAL__t20400.00-t21180.00__WIDE.mp4","23657947","out\branded_clips\WIDE\2025-09-20__TSC_vs_RVFC\023__2025-09-20__TSC_vs_RVFC__PRESSURE_SHOT__t78960.00-t79740.00__WIDE.mp4","22954645","2.97"
"1920x1080@13s","out\branded_clips\WIDE\2025-09-20__TSC_vs_Greenwood\002__2025-09-20__TSC_vs_Greenwood__GOAL__t20400.00-t21180.00__WIDE.mp4","23657947","out\branded_clips\WIDE\2025-09-20__TSC_vs_RVFC\023__2025-09-20__TSC_vs_RVFC__PRESSURE_SHOT__t1316.00-t1329.00_portrait_POST__WIDE.mp4","22932972","3.06"
"1920x1080@13s","out\branded_clips\WIDE\2025-09-20__TSC_vs_Greenwood\002__2025-09-20__TSC_vs_Greenwood__GOAL__t20400.00-t21180.00__WIDE.mp4","23657947","out\branded_clips\WIDE\2025-09-20__TSC_vs_RVFC\011__2025-09-20__TSC_vs_RVFC__PRESSURE_SHOT__t689.00-t702.00_portrait_POST__WIDE.mp4","22614183","4.41"
"1920x1080@13s","out\branded_clips\WIDE\2025-09-20__TSC_vs_Greenwood\002__2025-09-20__TSC_vs_Greenwood__GOAL__t20400.00-t21180.00__WIDE.mp4","23657947","out\branded_clips\WIDE\2025-09-20__TSC_vs_RVFC\011__2025-09-20__TSC_vs_RVFC__PRESSURE_SHOT__t41340.00-t42120.00__WIDE.mp4","22608438","4.44"
"1920x1080@13s","out\branded_clips\WIDE\2025-09-20__TSC_vs_Greenwood\002__2025-09-20__TSC_vs_Greenwood__GOAL__t20400.00-t21180.00__WIDE.mp4","23657947","out\branded_clips\WIDE\2025-09-20__TSC_vs_Greenwood\007__2025-09-20__TSC_vs_Greenwood__DRIBBLING_SHOT__t739.00-t752.00_portrait_POST__WIDE.mp4","22469459","5.02"
"1920x1080@13s","out\branded_clips\WIDE\2025-09-20__TSC_vs_Greenwood\002__2025-09-20__TSC_vs_Greenwood__GOAL__t20400.00-t21180.00__WIDE.mp4","23657947","out\branded_clips\WIDE\2025-09-20__TSC_vs_Greenwood\007__2025-09-20__TSC_vs_Greenwood__DRIBBLING_SHOT__t44340.00-t45120.00__WIDE.mp4","22469382","5.02"
"1920x1080@13s","out\branded_clips\WIDE\2025-09-20__TSC_vs_Greenwood\002__2025-09-20__TSC_vs_Greenwood__GOAL__t20400.00-t21180.00__WIDE.mp4","23657947","out\branded_clips\WIDE\2025-09-20__TSC_vs_RVFC\030__2025-09-20__TSC_vs_RVFC__PRESSURE_SHOT__t1898.00-t1911.00_portrait_POST__WIDE.mp4","22410521","5.27"
"1920x1080@13s","out\branded_clips\WIDE\2025-09-20__TSC_vs_Greenwood\002__2025-09-20__TSC_vs_Greenwood__GOAL__t20400.00-t21180.00__WIDE.mp4","23657947","out\branded_clips\WIDE\2025-09-20__TSC_vs_RVFC\003__2025-09-20__TSC_vs_RVFC__PRESSURE_SHOT__t15480.00-t16260.00__WIDE.mp4","22135804","6.43"
"1920x1080@13s","out\branded_clips\WIDE\2025-09-20__TSC_vs_Greenwood\002__2025-09-20__TSC_vs_Greenwood__GOAL__t20400.00-t21180.00__WIDE.mp4","23657947","out\reels\portrait_1080x1920\_quarantine\007__2025-09-20__TSC_vs_Greenwood__DRIBBLING_SHOT__t739.00-t752.00_portrait_POST.mp4","22080871","6.67"
"1920x1080@13s","out\branded_clips\WIDE\2025-09-20__TSC_vs_Greenwood\002__2025-09-20__TSC_vs_Greenwood__GOAL__t20400.00-t21180.00__WIDE.mp4","23657947","out\reels\portrait_1080x1920\_quarantine\023__2025-09-20__TSC_vs_RVFC__PRESSURE_SHOT__t1316.00-t1329.00_portrait_POST.mp4","21158650","10.56"
"1920x1080@13s","out\branded_clips\WIDE\2025-09-20__TSC_vs_Greenwood\002__2025-09-20__TSC_vs_Greenwood__GOAL__t20400.00-t21180.00__WIDE.mp4","23657947","out\reels\portrait_1080x1920\_quarantine\013__2025-09-20__TSC_vs_Greenwood__PRESSURE_SHOT__t988.00-t1001.00_portrait_POST.mp4","20952901","11.43"
"1920x1080@13s","out\branded_clips\WIDE\2025-09-20__TSC_vs_Greenwood\002__2025-09-20__TSC_vs_Greenwood__GOAL__t20400.00-t21180.00__WIDE.mp4","23657947","out\reels\portrait_1080x1920\_quarantine\011__2025-09-20__TSC_vs_RVFC__PRESSURE_SHOT__t689.00-t702.00_portrait_POST.mp4","20563182","13.08"
"1920x1080@13s","out\branded_clips\WIDE\2025-09-20__TSC_vs_Greenwood\002__2025-09-20__TSC_vs_Greenwood__GOAL__t20400.00-t21180.00__WIDE.mp4","23657947","out\reels\portrait_1080x1920\_quarantine\028__2025-09-20__TSC_vs_Greenwood__BUILD_UP_PLAY_SHOT__t2092.00-t2105.00_portrait_POST.mp4","19448875","17.79"
"1920x1080@13s","out\branded_clips\WIDE\2025-09-20__TSC_vs_Greenwood\002__2025-09-20__TSC_vs_Greenwood__GOAL__t20400.00-t21180.00__WIDE.mp4","23657947","out\reels\portrait_1080x1920\_quarantine\030__2025-09-20__TSC_vs_RVFC__PRESSURE_SHOT__t1898.00-t1911.00_portrait_POST.mp4","19395013","18.02"
"1920x1080@18s","out\branded_clips\WIDE\2025-09-20__TSC_vs_RVFC\007__2025-10-04__TSC_vs_FC_Tulsa_Black__BUILD_UP_SHOT__t46020.00-t47100.00__WIDE.mp4","70388168","out\branded_clips\WIDE\2025-10-04__TSC_vs_FC_Tulsa_Black\004__2025-10-04__TSC_vs_FC_Tulsa_Black__BUILD_UP__t29700.00-t30780.00__WIDE.mp4","65628876","6.76"
"1920x1080@18s","out\branded_clips\WIDE\2025-09-20__TSC_vs_RVFC\007__2025-10-04__TSC_vs_FC_Tulsa_Black__BUILD_UP_SHOT__t46020.00-t47100.00__WIDE.mp4","70388168","out\branded_clips\WIDE\2025-10-04__TSC_vs_FC\004__2025-10-04__TSC_vs_FC_Tulsa_Black__BUILD_UP__t29700.00-t30780.00__WIDE.mp4","32472594","53.87"
"1920x1080@18s","out\branded_clips\WIDE\2025-09-20__TSC_vs_RVFC\007__2025-10-04__TSC_vs_FC_Tulsa_Black__BUILD_UP_SHOT__t46020.00-t47100.00__WIDE.mp4","70388168","out\branded_clips\WIDE\2025-09-20__TSC_vs_RVFC\042__2025-09-20__TSC_vs_RVFC__CORNER__t2765.00-t2783.00_portrait_POST__WIDE.mp4","32423981","53.94"
"1920x1080@18s","out\branded_clips\WIDE\2025-09-20__TSC_vs_RVFC\007__2025-10-04__TSC_vs_FC_Tulsa_Black__BUILD_UP_SHOT__t46020.00-t47100.00__WIDE.mp4","70388168","out\branded_clips\WIDE\2025-09-20__TSC_vs_RVFC\043__2025-09-20__TSC_vs_RVFC__GOAL__t3010.00-t3028.00_portrait_POST__WIDE.mp4","32395121","53.98"
"1920x1080@18s","out\branded_clips\WIDE\2025-09-20__TSC_vs_RVFC\007__2025-10-04__TSC_vs_FC_Tulsa_Black__BUILD_UP_SHOT__t46020.00-t47100.00__WIDE.mp4","70388168","out\branded_clips\WIDE\2025-09-20__TSC_vs_RVFC\021__2025-09-20__TSC_vs_RVFC__CROSS__t1275.00-t1293.00_portrait_POST__WIDE.mp4","32378023","54"
"1920x1080@18s","out\branded_clips\WIDE\2025-09-20__TSC_vs_RVFC\007__2025-10-04__TSC_vs_FC_Tulsa_Black__BUILD_UP_SHOT__t46020.00-t47100.00__WIDE.mp4","70388168","out\branded_clips\WIDE\2025-09-20__TSC_vs_RVFC\021__2025-09-20__TSC_vs_RVFC__CROSS__t76500.00-t77580.00__WIDE.mp4","32285029","54.13"
"1920x1080@18s","out\branded_clips\WIDE\2025-09-20__TSC_vs_RVFC\007__2025-10-04__TSC_vs_FC_Tulsa_Black__BUILD_UP_SHOT__t46020.00-t47100.00__WIDE.mp4","70388168","out\branded_clips\WIDE\2025-09-20__TSC_vs_Greenwood\027__2025-09-20__TSC_vs_Greenwood__BUILD_UP_PLAY_SHOT__t2040.00-t2058.00_portrait_POST__WIDE.mp4","32274485","54.15"
"1920x1080@18s","out\branded_clips\WIDE\2025-09-20__TSC_vs_RVFC\007__2025-10-04__TSC_vs_FC_Tulsa_Black__BUILD_UP_SHOT__t46020.00-t47100.00__WIDE.mp4","70388168","out\branded_clips\WIDE\2025-09-20__TSC_vs_RVFC\007__2025-09-20__TSC_vs_RVFC__PRESSURE_GOAL__t529.00-t547.00_portrait_POST__WIDE.mp4","32148316","54.33"
"1920x1080@18s","out\branded_clips\WIDE\2025-09-20__TSC_vs_RVFC\007__2025-10-04__TSC_vs_FC_Tulsa_Black__BUILD_UP_SHOT__t46020.00-t47100.00__WIDE.mp4","70388168","out\branded_clips\WIDE\2025-09-20__TSC_vs_RVFC\007__2025-09-20__TSC_vs_RVFC__PRESSURE_GOAL__t31740.00-t32820.00__WIDE.mp4","32130411","54.35"
"1920x1080@18s","out\branded_clips\WIDE\2025-09-20__TSC_vs_RVFC\007__2025-10-04__TSC_vs_FC_Tulsa_Black__BUILD_UP_SHOT__t46020.00-t47100.00__WIDE.mp4","70388168","out\reels\portrait_1080x1920\_quarantine\042__2025-09-20__TSC_vs_RVFC__CORNER__t2765.00-t2783.00_portrait_POST.mp4","31761168","54.88"
"1920x1080@18s","out\branded_clips\WIDE\2025-09-20__TSC_vs_RVFC\007__2025-10-04__TSC_vs_FC_Tulsa_Black__BUILD_UP_SHOT__t46020.00-t47100.00__WIDE.mp4","70388168","out\branded_clips\WIDE\2025-10-04__TSC_vs_FC\007__2025-10-04__TSC_vs_FC_Tulsa_Black__BUILD_UP_SHOT__t46020.00-t47100.00__WIDE.mp4","31516664","55.22"
"1920x1080@18s","out\branded_clips\WIDE\2025-09-20__TSC_vs_RVFC\007__2025-10-04__TSC_vs_FC_Tulsa_Black__BUILD_UP_SHOT__t46020.00-t47100.00__WIDE.mp4","70388168","out\branded_clips\WIDE\2025-09-20__TSC_vs_Greenwood\029__2025-09-20__TSC_vs_Greenwood__BUILD_UP_PLAY_SHOT__t2134.00-t2152.00_portrait_POST__WIDE.mp4","31236178","55.62"
"1920x1080@18s","out\branded_clips\WIDE\2025-09-20__TSC_vs_RVFC\007__2025-10-04__TSC_vs_FC_Tulsa_Black__BUILD_UP_SHOT__t46020.00-t47100.00__WIDE.mp4","70388168","out\reels\portrait_1080x1920\_quarantine\027__2025-09-20__TSC_vs_Greenwood__BUILD_UP_PLAY_SHOT__t2040.00-t2058.00_portrait_POST.mp4","30054625","57.3"
"1920x1080@18s","out\branded_clips\WIDE\2025-09-20__TSC_vs_RVFC\007__2025-10-04__TSC_vs_FC_Tulsa_Black__BUILD_UP_SHOT__t46020.00-t47100.00__WIDE.mp4","70388168","out\reels\portrait_1080x1920\_quarantine\043__2025-09-20__TSC_vs_RVFC__GOAL__t3010.00-t3028.00_portrait_POST.mp4","29190690","58.53"
"1920x1080@18s","out\branded_clips\WIDE\2025-09-20__TSC_vs_RVFC\007__2025-10-04__TSC_vs_FC_Tulsa_Black__BUILD_UP_SHOT__t46020.00-t47100.00__WIDE.mp4","70388168","out\reels\portrait_1080x1920\_quarantine\029__2025-09-20__TSC_vs_Greenwood__BUILD_UP_PLAY_SHOT__t2134.00-t2152.00_portrait_POST.mp4","29130751","58.61"
"1920x1080@18s","out\branded_clips\WIDE\2025-09-20__TSC_vs_RVFC\007__2025-10-04__TSC_vs_FC_Tulsa_Black__BUILD_UP_SHOT__t46020.00-t47100.00__WIDE.mp4","70388168","out\reels\portrait_1080x1920\_quarantine\021__2025-09-20__TSC_vs_RVFC__CROSS__t1275.00-t1293.00_portrait_POST.mp4","24782093","64.79"
"1920x1080@18s","out\branded_clips\WIDE\2025-09-20__TSC_vs_RVFC\007__2025-10-04__TSC_vs_FC_Tulsa_Black__BUILD_UP_SHOT__t46020.00-t47100.00__WIDE.mp4","70388168","out\reels\portrait_1080x1920\_quarantine\007__2025-09-20__TSC_vs_RVFC__PRESSURE_GOAL__t529.00-t547.00_portrait_POST.mp4","24471032","65.23"
"1920x1080@11.4s","out\branded_clips\WIDE\2025-09-13__TSC_vs_NEOFC\008__2025-09-13__TSC_vs_NEOFC__SHOT__t1247.80-t1259.20_portrait_POST__WIDE.mp4","20376343","out\reels\portrait_1080x1920\_quarantine\008__2025-09-13__TSC_vs_NEOFC__SHOT__t1247.80-t1259.20_portrait_POST.mp4","14663331","28.04"
"1920x1080@29s","out\branded_clips\WIDE\2025-10-04__TSC_vs_FC_Tulsa_Black\003__2025-10-04__TSC_vs_FC_Tulsa_Black__BUILD_UP__t27480.00-t29220.00__WIDE.mp4","98538607","out\branded_clips\WIDE\2025-10-04__TSC_vs_FC\003__2025-10-04__TSC_vs_FC_Tulsa_Black__BUILD_UP__t27480.00-t29220.00__WIDE.mp4","51661818","47.57"
"1920x1080@29s","out\branded_clips\WIDE\2025-10-04__TSC_vs_FC_Tulsa_Black\003__2025-10-04__TSC_vs_FC_Tulsa_Black__BUILD_UP__t27480.00-t29220.00__WIDE.mp4","98538607","out\branded_clips\WIDE\2025-09-20__TSC_vs_Greenwood\008__2025-09-20__TSC_vs_Greenwood__PRESSURE_SHOT__t754.00-t783.00_portrait_POST__WIDE.mp4","50812094","48.43"
"1920x1080@29s","out\branded_clips\WIDE\2025-10-04__TSC_vs_FC_Tulsa_Black\003__2025-10-04__TSC_vs_FC_Tulsa_Black__BUILD_UP__t27480.00-t29220.00__WIDE.mp4","98538607","out\branded_clips\WIDE\2025-09-20__TSC_vs_Greenwood\008__2025-09-20__TSC_vs_Greenwood__PRESSURE_SHOT__t45240.00-t46980.00__WIDE.mp4","50801299","48.45"
"1920x1080@29s","out\branded_clips\WIDE\2025-10-04__TSC_vs_FC_Tulsa_Black\003__2025-10-04__TSC_vs_FC_Tulsa_Black__BUILD_UP__t27480.00-t29220.00__WIDE.mp4","98538607","out\reels\portrait_1080x1920\_quarantine\008__2025-09-20__TSC_vs_Greenwood__PRESSURE_SHOT__t754.00-t783.00_portrait_POST.mp4","47897441","51.39"
"1920x1080@35s","out\branded_clips\WIDE\2025-09-20__TSC_vs_Greenwood\021__2025-09-20__TSC_vs_Greenwood__BUILD_UP_PLAY_SHOT__t1437.00-t1472.00_portrait_POST__WIDE.mp4","61377285","out\branded_clips\WIDE\2025-09-20__TSC_vs_RVFC\008__2025-09-20__TSC_vs_RVFC__BUILD_UP_PLAY_SHOT__t565.00-t600.00_portrait_POST__WIDE.mp4","60597350","1.27"
"1920x1080@35s","out\branded_clips\WIDE\2025-09-20__TSC_vs_Greenwood\021__2025-09-20__TSC_vs_Greenwood__BUILD_UP_PLAY_SHOT__t1437.00-t1472.00_portrait_POST__WIDE.mp4","61377285","out\branded_clips\WIDE\2025-09-20__TSC_vs_RVFC\008__2025-09-20__TSC_vs_RVFC__BUILD_UP_PLAY_SHOT__t33900.00-t36000.00__WIDE.mp4","60574796","1.31"
"1920x1080@35s","out\branded_clips\WIDE\2025-09-20__TSC_vs_Greenwood\021__2025-09-20__TSC_vs_Greenwood__BUILD_UP_PLAY_SHOT__t1437.00-t1472.00_portrait_POST__WIDE.mp4","61377285","out\reels\portrait_1080x1920\_quarantine\021__2025-09-20__TSC_vs_Greenwood__BUILD_UP_PLAY_SHOT__t1437.00-t1472.00_portrait_POST.mp4","55888148","8.94"
"1920x1080@35s","out\branded_clips\WIDE\2025-09-20__TSC_vs_Greenwood\021__2025-09-20__TSC_vs_Greenwood__BUILD_UP_PLAY_SHOT__t1437.00-t1472.00_portrait_POST__WIDE.mp4","61377285","out\reels\portrait_1080x1920\_quarantine\008__2025-09-20__TSC_vs_RVFC__BUILD_UP_PLAY_SHOT__t565.00-t600.00_portrait_POST.mp4","53537430","12.77"
"1920x1080@17.8s","out\branded_clips\WIDE\2025-09-13__TSC_vs_NEOFC\009__2025-09-13__TSC_vs_NEOFC__SHOT__t1420.40-t1438.20_portrait_POST__WIDE.mp4","32058475","out\reels\portrait_1080x1920\_quarantine\009__2025-09-13__TSC_vs_NEOFC__SHOT__t1420.40-t1438.20_portrait_POST.mp4","24656589","23.09"
"1920x1080@16s","out\portrait_reels\previews\020__GOAL__t2816.60-t2831.80_preview.mp4","176346707","out\branded_clips\WIDE\2025-09-20__TSC_vs_Greenwood\020__2025-09-20__TSC_vs_Greenwood__PRESSURE_SHOT__t83580.00-t84540.00__WIDE.mp4","29000469","83.55"
"1920x1080@16s","out\portrait_reels\previews\020__GOAL__t2816.60-t2831.80_preview.mp4","176346707","out\branded_clips\WIDE\2025-09-20__TSC_vs_Greenwood\020__2025-09-20__TSC_vs_Greenwood__PRESSURE_SHOT__t1393.00-t1409.00_portrait_POST__WIDE.mp4","28968203","83.57"
"1920x1080@16s","out\portrait_reels\previews\020__GOAL__t2816.60-t2831.80_preview.mp4","176346707","out\branded_clips\WIDE\2025-09-20__TSC_vs_Greenwood\009__2025-09-20__TSC_vs_Greenwood__PRESSURE_SHOT__t802.00-t818.00_portrait_POST__WIDE.mp4","28935725","83.59"
"1920x1080@16s","out\portrait_reels\previews\020__GOAL__t2816.60-t2831.80_preview.mp4","176346707","out\branded_clips\WIDE\2025-09-20__TSC_vs_Greenwood\009__2025-09-20__TSC_vs_Greenwood__PRESSURE_SHOT__t48120.00-t49080.00__WIDE.mp4","28929141","83.6"
"1920x1080@16s","out\portrait_reels\previews\020__GOAL__t2816.60-t2831.80_preview.mp4","176346707","out\branded_clips\WIDE\2025-09-13__TSC_vs_NEOFC\030__2025-09-13__TSC_vs_NEOFC__2025-10-04__TSC_vs_FC_Tulsa_Black__BUILD_UP_SHOT__t1705-t1721__WIDE.mp4","28245714","83.98"
"1920x1080@16s","out\portrait_reels\previews\020__GOAL__t2816.60-t2831.80_preview.mp4","176346707","out\branded_clips\WIDE\2025-09-20__TSC_vs_RVFC\009__2025-09-20__TSC_vs_RVFC__PRESSURE_SHOT__t36240.00-t37200.00__WIDE.mp4","28204554","84.01"
"1920x1080@16s","out\portrait_reels\previews\020__GOAL__t2816.60-t2831.80_preview.mp4","176346707","out\branded_clips\WIDE\2025-09-20__TSC_vs_RVFC\009__2025-09-20__TSC_vs_RVFC__PRESSURE_SHOT__t604.00-t620.00_portrait_POST__WIDE.mp4","28199740","84.01"
"1920x1080@16s","out\portrait_reels\previews\020__GOAL__t2816.60-t2831.80_preview.mp4","176346707","out\branded_clips\WIDE\2025-10-04__TSC_vs_FC\013__2025-10-04__TSC_vs_FC_Tulsa_Black__BUILD_UP_PLAY__t77400.00-t78360.00__WIDE.mp4","28164113","84.03"
"1920x1080@16s","out\portrait_reels\previews\020__GOAL__t2816.60-t2831.80_preview.mp4","176346707","out\branded_clips\WIDE\2025-10-04__TSC_vs_FC_Tulsa_Black\013__2025-10-04__TSC_vs_FC_Tulsa_Black__BUILD_UP_PLAY__t77400.00-t78360.00__WIDE.mp4","27504794","84.4"
"1920x1080@16s","out\portrait_reels\previews\020__GOAL__t2816.60-t2831.80_preview.mp4","176346707","out\reels\portrait_1080x1920\_quarantine\009__2025-09-20__TSC_vs_RVFC__PRESSURE_SHOT__t604.00-t620.00_portrait_POST.mp4","26418074","85.02"
"1920x1080@16s","out\portrait_reels\previews\020__GOAL__t2816.60-t2831.80_preview.mp4","176346707","out\reels\portrait_1080x1920\_quarantine\020__2025-09-20__TSC_vs_Greenwood__PRESSURE_SHOT__t1393.00-t1409.00_portrait_POST.mp4","24979818","85.83"
"1920x1080@16s","out\portrait_reels\previews\020__GOAL__t2816.60-t2831.80_preview.mp4","176346707","out\reels\portrait_1080x1920\_quarantine\009__2025-09-20__TSC_vs_Greenwood__PRESSURE_SHOT__t802.00-t818.00_portrait_POST.mp4","24542458","86.08"
"1920x1080@16s","out\portrait_reels\previews\020__GOAL__t2816.60-t2831.80_preview.mp4","176346707","out\portrait_reels\previews\020__GOAL__t2816.60-t2831.80_STABLE.mp4","20689808","88.27"
"1920x1080@6.8s","out\branded_clips\WIDE\2025-09-13__TSC_vs_NEOFC\010__2025-09-13__TSC_vs_NEOFC__CROSS__t1541.10-t1547.90_portrait_POST__WIDE.mp4","11484820","out\reels\portrait_1080x1920\_quarantine\010__2025-09-13__TSC_vs_NEOFC__CROSS__t1541.10-t1547.90_portrait_POST.mp4","9563963","16.73"
"1920x1080@27s","out\branded_clips\WIDE\2025-09-20__TSC_vs_Greenwood\010__2025-09-20__TSC_vs_Greenwood__DEFENSE_BUILD_UP__t49260.00-t50880.00__WIDE.mp4","47713085","out\branded_clips\WIDE\2025-09-20__TSC_vs_Greenwood\010__2025-09-20__TSC_vs_Greenwood__DEFENSE_BUILD_UP__t821.00-t848.00_portrait_POST__WIDE.mp4","47685076","0.06"
"1920x1080@27s","out\branded_clips\WIDE\2025-09-20__TSC_vs_Greenwood\010__2025-09-20__TSC_vs_Greenwood__DEFENSE_BUILD_UP__t49260.00-t50880.00__WIDE.mp4","47713085","out\reels\portrait_1080x1920\_quarantine\010__2025-09-20__TSC_vs_Greenwood__DEFENSE_BUILD_UP__t821.00-t848.00_portrait_POST.mp4","43623521","8.57"
"1920x1080@14s","out\branded_clips\WIDE\2025-10-04__TSC_vs_FC_Tulsa_Black\012__2025-10-04__TSC_vs_FC_Tulsa_Black__PRESSURE_GOAL__t74340.00-t75180.00__WIDE.mp4","42797321","out\branded_clips\WIDE\2025-10-04__TSC_vs_FC\012__2025-10-04__TSC_vs_FC_Tulsa_Black__PRESSURE_GOAL__t74340.00-t75180.00__WIDE.mp4","25400748","40.65"
"1920x1080@14s","out\branded_clips\WIDE\2025-10-04__TSC_vs_FC_Tulsa_Black\012__2025-10-04__TSC_vs_FC_Tulsa_Black__PRESSURE_GOAL__t74340.00-t75180.00__WIDE.mp4","42797321","out\branded_clips\WIDE\2025-09-20__TSC_vs_Greenwood\019__2025-09-20__TSC_vs_Greenwood__PRESSURE_SHOT__t1369.00-t1383.00_portrait_POST__WIDE.mp4","25074582","41.41"
"1920x1080@14s","out\branded_clips\WIDE\2025-10-04__TSC_vs_FC_Tulsa_Black\012__2025-10-04__TSC_vs_FC_Tulsa_Black__PRESSURE_GOAL__t74340.00-t75180.00__WIDE.mp4","42797321","out\branded_clips\WIDE\2025-09-20__TSC_vs_Greenwood\019__2025-09-20__TSC_vs_Greenwood__PRESSURE_SHOT__t82140.00-t82980.00__WIDE.mp4","25057379","41.45"
"1920x1080@14s","out\branded_clips\WIDE\2025-10-04__TSC_vs_FC_Tulsa_Black\012__2025-10-04__TSC_vs_FC_Tulsa_Black__PRESSURE_GOAL__t74340.00-t75180.00__WIDE.mp4","42797321","out\branded_clips\WIDE\2025-09-20__TSC_vs_RVFC\004__2025-09-20__TSC_vs_RVFC__PRESSURE_GOAL__t17880.00-t18720.00__WIDE.mp4","24786152","42.08"
"1920x1080@14s","out\branded_clips\WIDE\2025-10-04__TSC_vs_FC_Tulsa_Black\012__2025-10-04__TSC_vs_FC_Tulsa_Black__PRESSURE_GOAL__t74340.00-t75180.00__WIDE.mp4","42797321","out\branded_clips\WIDE\2025-09-20__TSC_vs_Greenwood\016__2025-09-20__TSC_vs_Greenwood__BUILD_UP_PLAY_SHOT__t1195.00-t1209.00_portrait_POST__WIDE.mp4","24737661","42.2"
"1920x1080@14s","out\branded_clips\WIDE\2025-10-04__TSC_vs_FC_Tulsa_Black\012__2025-10-04__TSC_vs_FC_Tulsa_Black__PRESSURE_GOAL__t74340.00-t75180.00__WIDE.mp4","42797321","out\branded_clips\WIDE\2025-09-20__TSC_vs_Greenwood\016__2025-09-20__TSC_vs_Greenwood__BUILD_UP_PLAY_SHOT__t71700.00-t72540.00__WIDE.mp4","24720434","42.24"
"1920x1080@14s","out\branded_clips\WIDE\2025-10-04__TSC_vs_FC_Tulsa_Black\012__2025-10-04__TSC_vs_FC_Tulsa_Black__PRESSURE_GOAL__t74340.00-t75180.00__WIDE.mp4","42797321","out\branded_clips\WIDE\2025-09-20__TSC_vs_Greenwood\012__2025-09-20__TSC_vs_Greenwood__BUILD_SHOT__t58380.00-t59220.00__WIDE.mp4","24676020","42.34"
"1920x1080@14s","out\branded_clips\WIDE\2025-10-04__TSC_vs_FC_Tulsa_Black\012__2025-10-04__TSC_vs_FC_Tulsa_Black__PRESSURE_GOAL__t74340.00-t75180.00__WIDE.mp4","42797321","out\branded_clips\WIDE\2025-09-20__TSC_vs_Greenwood\012__2025-09-20__TSC_vs_Greenwood__BUILD_SHOT__t973.00-t987.00_portrait_POST__WIDE.mp4","24610172","42.5"
"1920x1080@14s","out\branded_clips\WIDE\2025-10-04__TSC_vs_FC_Tulsa_Black\012__2025-10-04__TSC_vs_FC_Tulsa_Black__PRESSURE_GOAL__t74340.00-t75180.00__WIDE.mp4","42797321","out\branded_clips\WIDE\2025-09-20__TSC_vs_Greenwood\035__2025-09-20__TSC_vs_Greenwood__CORNER__t2687.00-t2701.00_portrait_POST__WIDE.mp4","24210970","43.43"
"1920x1080@14s","out\branded_clips\WIDE\2025-10-04__TSC_vs_FC_Tulsa_Black\012__2025-10-04__TSC_vs_FC_Tulsa_Black__PRESSURE_GOAL__t74340.00-t75180.00__WIDE.mp4","42797321","out\branded_clips\WIDE\2025-09-20__TSC_vs_RVFC\010__2025-09-20__TSC_vs_RVFC__PRESSURE_SHOT__t40500.00-t41340.00__WIDE.mp4","23842589","44.29"
"1920x1080@14s","out\branded_clips\WIDE\2025-10-04__TSC_vs_FC_Tulsa_Black\012__2025-10-04__TSC_vs_FC_Tulsa_Black__PRESSURE_GOAL__t74340.00-t75180.00__WIDE.mp4","42797321","out\branded_clips\WIDE\2025-09-20__TSC_vs_RVFC\010__2025-09-20__TSC_vs_RVFC__PRESSURE_SHOT__t675.00-t689.00_portrait_POST__WIDE.mp4","23808709","44.37"
"1920x1080@14s","out\branded_clips\WIDE\2025-10-04__TSC_vs_FC_Tulsa_Black\012__2025-10-04__TSC_vs_FC_Tulsa_Black__PRESSURE_GOAL__t74340.00-t75180.00__WIDE.mp4","42797321","out\reels\portrait_1080x1920\_quarantine\019__2025-09-20__TSC_vs_Greenwood__PRESSURE_SHOT__t1369.00-t1383.00_portrait_POST.mp4","23113068","45.99"
"1920x1080@14s","out\branded_clips\WIDE\2025-10-04__TSC_vs_FC_Tulsa_Black\012__2025-10-04__TSC_vs_FC_Tulsa_Black__PRESSURE_GOAL__t74340.00-t75180.00__WIDE.mp4","42797321","out\reels\portrait_1080x1920\_quarantine\035__2025-09-20__TSC_vs_Greenwood__CORNER__t2687.00-t2701.00_portrait_POST.mp4","22916888","46.45"
"1920x1080@14s","out\branded_clips\WIDE\2025-10-04__TSC_vs_FC_Tulsa_Black\012__2025-10-04__TSC_vs_FC_Tulsa_Black__PRESSURE_GOAL__t74340.00-t75180.00__WIDE.mp4","42797321","out\reels\portrait_1080x1920\_quarantine\016__2025-09-20__TSC_vs_Greenwood__BUILD_UP_PLAY_SHOT__t1195.00-t1209.00_portrait_POST.mp4","22507595","47.41"
"1920x1080@14s","out\branded_clips\WIDE\2025-10-04__TSC_vs_FC_Tulsa_Black\012__2025-10-04__TSC_vs_FC_Tulsa_Black__PRESSURE_GOAL__t74340.00-t75180.00__WIDE.mp4","42797321","out\reels\portrait_1080x1920\_quarantine\010__2025-09-20__TSC_vs_RVFC__PRESSURE_SHOT__t675.00-t689.00_portrait_POST.mp4","21433263","49.92"
"1920x1080@14s","out\branded_clips\WIDE\2025-10-04__TSC_vs_FC_Tulsa_Black\012__2025-10-04__TSC_vs_FC_Tulsa_Black__PRESSURE_GOAL__t74340.00-t75180.00__WIDE.mp4","42797321","out\reels\portrait_1080x1920\_quarantine\012__2025-09-20__TSC_vs_Greenwood__BUILD_SHOT__t973.00-t987.00_portrait_POST.mp4","20672332","51.7"
"1920x1080@15.3s","out\branded_clips\WIDE\2025-09-13__TSC_vs_NEOFC\011__2025-09-13__TSC_vs_NEOFC__SHOTS__t1655.00-t1670.30_portrait_POST__WIDE.mp4","27737265","out\reels\portrait_1080x1920\_quarantine\011__2025-09-13__TSC_vs_NEOFC__SHOTS__t1655.00-t1670.30_portrait_POST.mp4","22448027","19.07"
"1920x1080@3.3s","out\branded_clips\WIDE\2025-09-13__TSC_vs_NEOFC\012__2025-09-13__TSC_vs_NEOFC__GOAL__t1705.20-t1708.50_portrait_POST__WIDE.mp4","6377733","out\reels\portrait_1080x1920\_quarantine\012__2025-09-13__TSC_vs_NEOFC__GOAL__t1705.20-t1708.50_portrait_POST.mp4","5555591","12.89"
"1920x1080@5.1s","out\branded_clips\WIDE\2025-09-13__TSC_vs_NEOFC\019__2025-09-13__TSC_vs_NEOFC__SHOT__t2633.00-t2638.10_portrait_POST__WIDE.mp4","9778293","out\branded_clips\WIDE\2025-09-13__TSC_vs_NEOFC\013__2025-09-13__TSC_vs_NEOFC__GOAL__t1767.50-t1772.60_portrait_POST__WIDE.mp4","9052957","7.42"
"1920x1080@5.1s","out\branded_clips\WIDE\2025-09-13__TSC_vs_NEOFC\019__2025-09-13__TSC_vs_NEOFC__SHOT__t2633.00-t2638.10_portrait_POST__WIDE.mp4","9778293","out\reels\portrait_1080x1920\_quarantine\019__2025-09-13__TSC_vs_NEOFC__SHOT__t2633.00-t2638.10_portrait_POST.mp4","7935232","18.85"
"1920x1080@5.1s","out\branded_clips\WIDE\2025-09-13__TSC_vs_NEOFC\019__2025-09-13__TSC_vs_NEOFC__SHOT__t2633.00-t2638.10_portrait_POST__WIDE.mp4","9778293","out\reels\portrait_1080x1920\_quarantine\013__2025-09-13__TSC_vs_NEOFC__GOAL__t1767.50-t1772.60_portrait_POST.mp4","7080991","27.58"
"1920x1080@44s","out\branded_clips\WIDE\2025-09-20__TSC_vs_RVFC\013__2025-09-20__TSC_vs_RVFC__BUILD_UP_PLAY_SHOT__t821.00-t865.00_portrait_POST__WIDE.mp4","76925012","out\branded_clips\WIDE\2025-09-20__TSC_vs_RVFC\013__2025-09-20__TSC_vs_RVFC__BUILD_UP_PLAY_SHOT__t49260.00-t51900.00__WIDE.mp4","76907421","0.02"
"1920x1080@44s","out\branded_clips\WIDE\2025-09-20__TSC_vs_RVFC\013__2025-09-20__TSC_vs_RVFC__BUILD_UP_PLAY_SHOT__t821.00-t865.00_portrait_POST__WIDE.mp4","76925012","out\reels\portrait_1080x1920\_quarantine\013__2025-09-20__TSC_vs_RVFC__BUILD_UP_PLAY_SHOT__t821.00-t865.00_portrait_POST.mp4","72789304","5.38"
"1920x1080@21s","out\branded_clips\WIDE\2025-09-13__TSC_vs_NEOFC\014__2025-09-13__TSC_vs_NEOFC__GOAL__t1904.20-t1925.20_portrait_POST__WIDE.mp4","37982186","out\branded_clips\WIDE\2025-09-20__TSC_vs_RVFC\039__2025-09-20__TSC_vs_RVFC__PRESSURE_GOAL__t2485.00-t2506.00_portrait_POST__WIDE.mp4","37745415","0.62"
"1920x1080@21s","out\branded_clips\WIDE\2025-09-13__TSC_vs_NEOFC\014__2025-09-13__TSC_vs_NEOFC__GOAL__t1904.20-t1925.20_portrait_POST__WIDE.mp4","37982186","out\branded_clips\WIDE\2025-09-20__TSC_vs_Greenwood\031__2025-09-20__TSC_vs_Greenwood__BUILD_UP_PLAY_SHOT__t2245.00-t2266.00_portrait_POST__WIDE.mp4","37494655","1.28"
"1920x1080@21s","out\branded_clips\WIDE\2025-09-13__TSC_vs_NEOFC\014__2025-09-13__TSC_vs_NEOFC__GOAL__t1904.20-t1925.20_portrait_POST__WIDE.mp4","37982186","out\reels\portrait_1080x1920\_quarantine\039__2025-09-20__TSC_vs_RVFC__PRESSURE_GOAL__t2485.00-t2506.00_portrait_POST.mp4","34593639","8.92"
"1920x1080@21s","out\branded_clips\WIDE\2025-09-13__TSC_vs_NEOFC\014__2025-09-13__TSC_vs_NEOFC__GOAL__t1904.20-t1925.20_portrait_POST__WIDE.mp4","37982186","out\reels\portrait_1080x1920\_quarantine\014__2025-09-13__TSC_vs_NEOFC__GOAL__t1904.20-t1925.20_portrait_POST.mp4","32468719","14.52"
"1920x1080@21s","out\branded_clips\WIDE\2025-09-13__TSC_vs_NEOFC\014__2025-09-13__TSC_vs_NEOFC__GOAL__t1904.20-t1925.20_portrait_POST__WIDE.mp4","37982186","out\reels\portrait_1080x1920\_quarantine\031__2025-09-20__TSC_vs_Greenwood__BUILD_UP_PLAY_SHOT__t2245.00-t2266.00_portrait_POST.mp4","31030879","18.3"
"1920x1080@10s","out\branded_clips\WIDE\2025-09-20__TSC_vs_Greenwood\025__2025-09-20__TSC_vs_Greenwood__GOAL__t1885.00-t1895.00_portrait_POST__WIDE.mp4","18359220","out\branded_clips\WIDE\2025-09-20__TSC_vs_RVFC\041__2025-09-20__TSC_vs_RVFC__CORNER__t2712.00-t2722.00_portrait_POST__WIDE.mp4","18154891","1.11"
"1920x1080@10s","out\branded_clips\WIDE\2025-09-20__TSC_vs_Greenwood\025__2025-09-20__TSC_vs_Greenwood__GOAL__t1885.00-t1895.00_portrait_POST__WIDE.mp4","18359220","out\branded_clips\WIDE\2025-09-20__TSC_vs_RVFC\029__2025-09-20__TSC_vs_RVFC__PRESSURE_SHOT__t1883.00-t1893.00_portrait_POST__WIDE.mp4","18140332","1.19"
"1920x1080@10s","out\branded_clips\WIDE\2025-09-20__TSC_vs_Greenwood\025__2025-09-20__TSC_vs_Greenwood__GOAL__t1885.00-t1895.00_portrait_POST__WIDE.mp4","18359220","out\branded_clips\WIDE\2025-09-20__TSC_vs_RVFC\022__2025-09-20__TSC_vs_RVFC__PRESSURE_SHOT__t1300.00-t1310.00_portrait_POST__WIDE.mp4","18075483","1.55"
"1920x1080@10s","out\branded_clips\WIDE\2025-09-20__TSC_vs_Greenwood\025__2025-09-20__TSC_vs_Greenwood__GOAL__t1885.00-t1895.00_portrait_POST__WIDE.mp4","18359220","out\branded_clips\WIDE\2025-09-20__TSC_vs_RVFC\022__2025-09-20__TSC_vs_RVFC__PRESSURE_SHOT__t78000.00-t78600.00__WIDE.mp4","18064674","1.6"
"1920x1080@10s","out\branded_clips\WIDE\2025-09-20__TSC_vs_Greenwood\025__2025-09-20__TSC_vs_Greenwood__GOAL__t1885.00-t1895.00_portrait_POST__WIDE.mp4","18359220","out\branded_clips\WIDE\2025-09-20__TSC_vs_Greenwood\036__2025-09-20__TSC_vs_Greenwood__PRESSURE_SHOT__t2705.00-t2715.00_portrait_POST__WIDE.mp4","17810225","2.99"
"1920x1080@10s","out\branded_clips\WIDE\2025-09-20__TSC_vs_Greenwood\025__2025-09-20__TSC_vs_Greenwood__GOAL__t1885.00-t1895.00_portrait_POST__WIDE.mp4","18359220","out\branded_clips\WIDE\2025-09-20__TSC_vs_Greenwood\024__2025-09-20__TSC_vs_Greenwood__PRESSURE_SHOT__t1871.00-t1881.00_portrait_POST__WIDE.mp4","17791829","3.09"
"1920x1080@10s","out\branded_clips\WIDE\2025-09-20__TSC_vs_Greenwood\025__2025-09-20__TSC_vs_Greenwood__GOAL__t1885.00-t1895.00_portrait_POST__WIDE.mp4","18359220","out\branded_clips\WIDE\2025-09-20__TSC_vs_RVFC\026__2025-09-20__TSC_vs_RVFC__DRIBBLING_SHOT__t1800.00-t1810.00_portrait_POST__WIDE.mp4","17680170","3.7"
"1920x1080@10s","out\branded_clips\WIDE\2025-09-20__TSC_vs_Greenwood\025__2025-09-20__TSC_vs_Greenwood__GOAL__t1885.00-t1895.00_portrait_POST__WIDE.mp4","18359220","out\reels\portrait_1080x1920\_quarantine\041__2025-09-20__TSC_vs_RVFC__CORNER__t2712.00-t2722.00_portrait_POST.mp4","17581991","4.23"
"1920x1080@10s","out\branded_clips\WIDE\2025-09-20__TSC_vs_Greenwood\025__2025-09-20__TSC_vs_Greenwood__GOAL__t1885.00-t1895.00_portrait_POST__WIDE.mp4","18359220","out\reels\portrait_1080x1920\_quarantine\025__2025-09-20__TSC_vs_Greenwood__GOAL__t1885.00-t1895.00_portrait_POST.mp4","17355048","5.47"
"1920x1080@10s","out\branded_clips\WIDE\2025-09-20__TSC_vs_Greenwood\025__2025-09-20__TSC_vs_Greenwood__GOAL__t1885.00-t1895.00_portrait_POST__WIDE.mp4","18359220","out\branded_clips\WIDE\2025-09-20__TSC_vs_Greenwood\014__2025-09-20__TSC_vs_Greenwood__PRESSURE_SHOT__t1063.00-t1073.00_portrait_POST__WIDE.mp4","17197660","6.33"
"1920x1080@10s","out\branded_clips\WIDE\2025-09-20__TSC_vs_Greenwood\025__2025-09-20__TSC_vs_Greenwood__GOAL__t1885.00-t1895.00_portrait_POST__WIDE.mp4","18359220","out\branded_clips\WIDE\2025-09-20__TSC_vs_Greenwood\014__2025-09-20__TSC_vs_Greenwood__PRESSURE_SHOT__t63780.00-t64380.00__WIDE.mp4","17190839","6.36"
"1920x1080@10s","out\branded_clips\WIDE\2025-09-20__TSC_vs_Greenwood\025__2025-09-20__TSC_vs_Greenwood__GOAL__t1885.00-t1895.00_portrait_POST__WIDE.mp4","18359220","out\reels\portrait_1080x1920\_quarantine\029__2025-09-20__TSC_vs_RVFC__PRESSURE_SHOT__t1883.00-t1893.00_portrait_POST.mp4","17027556","7.25"
"1920x1080@10s","out\branded_clips\WIDE\2025-09-20__TSC_vs_Greenwood\025__2025-09-20__TSC_vs_Greenwood__GOAL__t1885.00-t1895.00_portrait_POST__WIDE.mp4","18359220","out\reels\portrait_1080x1920\_quarantine\036__2025-09-20__TSC_vs_Greenwood__PRESSURE_SHOT__t2705.00-t2715.00_portrait_POST.mp4","16506067","10.09"
"1920x1080@10s","out\branded_clips\WIDE\2025-09-20__TSC_vs_Greenwood\025__2025-09-20__TSC_vs_Greenwood__GOAL__t1885.00-t1895.00_portrait_POST__WIDE.mp4","18359220","out\reels\portrait_1080x1920\_quarantine\026__2025-09-20__TSC_vs_RVFC__DRIBBLING_SHOT__t1800.00-t1810.00_portrait_POST.mp4","16172626","11.91"
"1920x1080@10s","out\branded_clips\WIDE\2025-09-20__TSC_vs_Greenwood\025__2025-09-20__TSC_vs_Greenwood__GOAL__t1885.00-t1895.00_portrait_POST__WIDE.mp4","18359220","out\reels\portrait_1080x1920\_quarantine\024__2025-09-20__TSC_vs_Greenwood__PRESSURE_SHOT__t1871.00-t1881.00_portrait_POST.mp4","16046485","12.6"
"1920x1080@10s","out\branded_clips\WIDE\2025-09-20__TSC_vs_Greenwood\025__2025-09-20__TSC_vs_Greenwood__GOAL__t1885.00-t1895.00_portrait_POST__WIDE.mp4","18359220","out\reels\portrait_1080x1920\_quarantine\014__2025-09-20__TSC_vs_Greenwood__PRESSURE_SHOT__t1063.00-t1073.00_portrait_POST.mp4","15382743","16.21"
"1920x1080@10s","out\branded_clips\WIDE\2025-09-20__TSC_vs_Greenwood\025__2025-09-20__TSC_vs_Greenwood__GOAL__t1885.00-t1895.00_portrait_POST__WIDE.mp4","18359220","out\reels\portrait_1080x1920\_quarantine\022__2025-09-20__TSC_vs_RVFC__PRESSURE_SHOT__t1300.00-t1310.00_portrait_POST.mp4","14657852","20.16"
"1920x1080@17s","out\branded_clips\WIDE\2025-09-20__TSC_vs_Greenwood\032__2025-09-20__TSC_vs_Greenwood__BUILD_UP_PLAY_SHOT__t2544.00-t2561.00_portrait_POST__WIDE.mp4","30750658","out\branded_clips\WIDE\2025-09-20__TSC_vs_RVFC\014__2025-09-20__TSC_vs_RVFC__DEFENSE_BUILD_UP__t880.00-t897.00_portrait_POST__WIDE.mp4","30027694","2.35"
"1920x1080@17s","out\branded_clips\WIDE\2025-09-20__TSC_vs_Greenwood\032__2025-09-20__TSC_vs_Greenwood__BUILD_UP_PLAY_SHOT__t2544.00-t2561.00_portrait_POST__WIDE.mp4","30750658","out\branded_clips\WIDE\2025-09-20__TSC_vs_RVFC\014__2025-09-20__TSC_vs_RVFC__DEFENSE_BUILD_UP__t52800.00-t53820.00__WIDE.mp4","30013478","2.4"
"1920x1080@17s","out\branded_clips\WIDE\2025-09-20__TSC_vs_Greenwood\032__2025-09-20__TSC_vs_Greenwood__BUILD_UP_PLAY_SHOT__t2544.00-t2561.00_portrait_POST__WIDE.mp4","30750658","out\branded_clips\WIDE\2025-09-20__TSC_vs_RVFC\005__2025-09-20__TSC_vs_RVFC__BUILD_UP_PLAY_SHOT__t21000.00-t22020.00__WIDE.mp4","29597657","3.75"
"1920x1080@17s","out\branded_clips\WIDE\2025-09-20__TSC_vs_Greenwood\032__2025-09-20__TSC_vs_Greenwood__BUILD_UP_PLAY_SHOT__t2544.00-t2561.00_portrait_POST__WIDE.mp4","30750658","out\reels\portrait_1080x1920\_quarantine\032__2025-09-20__TSC_vs_Greenwood__BUILD_UP_PLAY_SHOT__t2544.00-t2561.00_portrait_POST.mp4","28959748","5.82"
"1920x1080@17s","out\branded_clips\WIDE\2025-09-20__TSC_vs_Greenwood\032__2025-09-20__TSC_vs_Greenwood__BUILD_UP_PLAY_SHOT__t2544.00-t2561.00_portrait_POST__WIDE.mp4","30750658","out\reels\portrait_1080x1920\_quarantine\014__2025-09-20__TSC_vs_RVFC__DEFENSE_BUILD_UP__t880.00-t897.00_portrait_POST.mp4","26338915","14.35"
"1920x1080@8.2s","out\branded_clips\WIDE\2025-09-13__TSC_vs_NEOFC\015__2025-09-13__TSC_vs_NEOFC__DRIBBLING__t1972.50-t1980.70_portrait_POST__WIDE.mp4","15377538","out\reels\portrait_1080x1920\_quarantine\015__2025-09-13__TSC_vs_NEOFC__DRIBBLING__t1972.50-t1980.70_portrait_POST.mp4","13761348","10.51"
"1920x1080@7s","out\branded_clips\WIDE\2025-09-20__TSC_vs_RVFC\005__2025-10-04__TSC_vs_FC_Tulsa_Black__SHOT__t36000.00-t36420.00__WIDE.mp4","30485903","out\branded_clips\WIDE\2025-09-20__TSC_vs_Greenwood\015__2025-09-20__TSC_vs_Greenwood__SHOT__t1081.00-t1088.00_portrait_POST__WIDE.mp4","12768255","58.12"
"1920x1080@7s","out\branded_clips\WIDE\2025-09-20__TSC_vs_RVFC\005__2025-10-04__TSC_vs_FC_Tulsa_Black__SHOT__t36000.00-t36420.00__WIDE.mp4","30485903","out\branded_clips\WIDE\2025-09-20__TSC_vs_Greenwood\015__2025-09-20__TSC_vs_Greenwood__SHOT__t64860.00-t65280.00__WIDE.mp4","12764437","58.13"
"1920x1080@7s","out\branded_clips\WIDE\2025-09-20__TSC_vs_RVFC\005__2025-10-04__TSC_vs_FC_Tulsa_Black__SHOT__t36000.00-t36420.00__WIDE.mp4","30485903","out\branded_clips\WIDE\2025-09-20__TSC_vs_RVFC\027__2025-09-20__TSC_vs_RVFC__SHOT__t1827.00-t1834.00_portrait_POST__WIDE.mp4","12683637","58.4"
"1920x1080@7s","out\branded_clips\WIDE\2025-09-20__TSC_vs_RVFC\005__2025-10-04__TSC_vs_FC_Tulsa_Black__SHOT__t36000.00-t36420.00__WIDE.mp4","30485903","out\branded_clips\WIDE\2025-09-20__TSC_vs_RVFC\015__2025-09-20__TSC_vs_RVFC__SHOT__t55800.00-t56220.00__WIDE.mp4","12578691","58.74"
"1920x1080@7s","out\branded_clips\WIDE\2025-09-20__TSC_vs_RVFC\005__2025-10-04__TSC_vs_FC_Tulsa_Black__SHOT__t36000.00-t36420.00__WIDE.mp4","30485903","out\branded_clips\WIDE\2025-10-04__TSC_vs_FC\005__2025-10-04__TSC_vs_FC_Tulsa_Black__SHOT__t36000.00-t36420.00__WIDE.mp4","12574477","58.75"
"1920x1080@7s","out\branded_clips\WIDE\2025-09-20__TSC_vs_RVFC\005__2025-10-04__TSC_vs_FC_Tulsa_Black__SHOT__t36000.00-t36420.00__WIDE.mp4","30485903","out\branded_clips\WIDE\2025-09-20__TSC_vs_RVFC\015__2025-09-20__TSC_vs_RVFC__SHOT__t930.00-t937.00_portrait_POST__WIDE.mp4","12563590","58.79"
"1920x1080@7s","out\branded_clips\WIDE\2025-09-20__TSC_vs_RVFC\005__2025-10-04__TSC_vs_FC_Tulsa_Black__SHOT__t36000.00-t36420.00__WIDE.mp4","30485903","out\branded_clips\WIDE\2025-09-20__TSC_vs_RVFC\020__2025-09-20__TSC_vs_RVFC__SHOT__t1236.00-t1243.00_portrait_POST__WIDE.mp4","11324758","62.85"
"1920x1080@7s","out\branded_clips\WIDE\2025-09-20__TSC_vs_RVFC\005__2025-10-04__TSC_vs_FC_Tulsa_Black__SHOT__t36000.00-t36420.00__WIDE.mp4","30485903","out\branded_clips\WIDE\2025-09-20__TSC_vs_RVFC\020__2025-09-20__TSC_vs_RVFC__SHOT__t74160.00-t74580.00__WIDE.mp4","11235784","63.14"
"1920x1080@7s","out\branded_clips\WIDE\2025-09-20__TSC_vs_RVFC\005__2025-10-04__TSC_vs_FC_Tulsa_Black__SHOT__t36000.00-t36420.00__WIDE.mp4","30485903","out\reels\portrait_1080x1920\_quarantine\015__2025-09-20__TSC_vs_RVFC__SHOT__t930.00-t937.00_portrait_POST.mp4","10823530","64.5"
"1920x1080@7s","out\branded_clips\WIDE\2025-09-20__TSC_vs_RVFC\005__2025-10-04__TSC_vs_FC_Tulsa_Black__SHOT__t36000.00-t36420.00__WIDE.mp4","30485903","out\reels\portrait_1080x1920\_quarantine\027__2025-09-20__TSC_vs_RVFC__SHOT__t1827.00-t1834.00_portrait_POST.mp4","10478252","65.63"
"1920x1080@7s","out\branded_clips\WIDE\2025-09-20__TSC_vs_RVFC\005__2025-10-04__TSC_vs_FC_Tulsa_Black__SHOT__t36000.00-t36420.00__WIDE.mp4","30485903","out\reels\portrait_1080x1920\_quarantine\015__2025-09-20__TSC_vs_Greenwood__SHOT__t1081.00-t1088.00_portrait_POST.mp4","10163346","66.66"
"1920x1080@7s","out\branded_clips\WIDE\2025-09-20__TSC_vs_RVFC\005__2025-10-04__TSC_vs_FC_Tulsa_Black__SHOT__t36000.00-t36420.00__WIDE.mp4","30485903","out\reels\portrait_1080x1920\_quarantine\020__2025-09-20__TSC_vs_RVFC__SHOT__t1236.00-t1243.00_portrait_POST.mp4","10083880","66.92"
"1920x1080@9.6s","out\branded_clips\WIDE\2025-09-13__TSC_vs_NEOFC\016__2025-09-13__TSC_vs_NEOFC__SHOT__t2029.90-t2039.50_portrait_POST__WIDE.mp4","17801271","out\reels\portrait_1080x1920\_quarantine\016__2025-09-13__TSC_vs_NEOFC__SHOT__t2029.90-t2039.50_portrait_POST.mp4","14961232","15.95"
"1920x1080@13.3s","out\branded_clips\WIDE\2025-09-13__TSC_vs_NEOFC\017__2025-09-13__TSC_vs_NEOFC__SHOT__t2284.90-t2298.20_portrait_POST__WIDE.mp4","24482832","out\reels\portrait_1080x1920\_quarantine\017__2025-09-13__TSC_vs_NEOFC__SHOT__t2284.90-t2298.20_portrait_POST.mp4","20704650","15.43"
"1920x1080@36s","out\branded_clips\WIDE\2025-09-20__TSC_vs_Greenwood\030__2025-09-20__TSC_vs_Greenwood__FREE_KICK_WON_GOAL__t2175.00-t2211.00_portrait_POST__WIDE.mp4","63705075","out\branded_clips\WIDE\2025-09-20__TSC_vs_Greenwood\024__2025-09-20__TSC_vs_Greenwood__PRESSURE_SHOT__t2718000.00-t2754000.00__WIDE.mp4","63670068","0.05"
"1920x1080@36s","out\branded_clips\WIDE\2025-09-20__TSC_vs_Greenwood\030__2025-09-20__TSC_vs_Greenwood__FREE_KICK_WON_GOAL__t2175.00-t2211.00_portrait_POST__WIDE.mp4","63705075","out\branded_clips\WIDE\2025-09-20__TSC_vs_RVFC\026__2025-09-20__TSC_vs_RVFC__DRIBBLING_SHOT__t2592000.00-t2628000.00__WIDE.mp4","63637673","0.11"
"1920x1080@36s","out\branded_clips\WIDE\2025-09-20__TSC_vs_Greenwood\030__2025-09-20__TSC_vs_Greenwood__FREE_KICK_WON_GOAL__t2175.00-t2211.00_portrait_POST__WIDE.mp4","63705075","out\branded_clips\WIDE\2025-09-20__TSC_vs_RVFC\017__2025-09-20__TSC_vs_RVFC__BUILD_UP_PLAY_SHOT__t1088.00-t1124.00_portrait_POST__WIDE.mp4","62890099","1.28"
"1920x1080@36s","out\branded_clips\WIDE\2025-09-20__TSC_vs_Greenwood\030__2025-09-20__TSC_vs_Greenwood__FREE_KICK_WON_GOAL__t2175.00-t2211.00_portrait_POST__WIDE.mp4","63705075","out\branded_clips\WIDE\2025-09-20__TSC_vs_RVFC\017__2025-09-20__TSC_vs_RVFC__BUILD_UP_PLAY_SHOT__t65280.00-t67440.00__WIDE.mp4","62853680","1.34"
"1920x1080@36s","out\branded_clips\WIDE\2025-09-20__TSC_vs_Greenwood\030__2025-09-20__TSC_vs_Greenwood__FREE_KICK_WON_GOAL__t2175.00-t2211.00_portrait_POST__WIDE.mp4","63705075","out\reels\portrait_1080x1920\_quarantine\030__2025-09-20__TSC_vs_Greenwood__FREE_KICK_WON_GOAL__t2175.00-t2211.00_portrait_POST.mp4","61956379","2.74"
"1920x1080@36s","out\branded_clips\WIDE\2025-09-20__TSC_vs_Greenwood\030__2025-09-20__TSC_vs_Greenwood__FREE_KICK_WON_GOAL__t2175.00-t2211.00_portrait_POST__WIDE.mp4","63705075","out\reels\portrait_1080x1920\_quarantine\017__2025-09-20__TSC_vs_RVFC__BUILD_UP_PLAY_SHOT__t1088.00-t1124.00_portrait_POST.mp4","48876374","23.28"
"1920x1080@6.1s","out\branded_clips\WIDE\2025-09-13__TSC_vs_NEOFC\018__2025-09-13__TSC_vs_NEOFC__SHOT__t2419.50-t2425.60_portrait_POST__WIDE.mp4","11213104","out\reels\portrait_1080x1920\_quarantine\018__2025-09-13__TSC_vs_NEOFC__SHOT__t2419.50-t2425.60_portrait_POST.mp4","8830401","21.25"
"1920x1080@37s","out\branded_clips\WIDE\2025-09-20__TSC_vs_Greenwood\018__2025-09-20__TSC_vs_Greenwood__BUILD_UP_PLAY_GOAL__t1292.00-t1329.00_portrait_POST__WIDE.mp4","65798485","out\branded_clips\WIDE\2025-09-20__TSC_vs_Greenwood\018__2025-09-20__TSC_vs_Greenwood__BUILD_UP_PLAY_GOAL__t77520.00-t79740.00__WIDE.mp4","65771274","0.04"
"1920x1080@37s","out\branded_clips\WIDE\2025-09-20__TSC_vs_Greenwood\018__2025-09-20__TSC_vs_Greenwood__BUILD_UP_PLAY_GOAL__t1292.00-t1329.00_portrait_POST__WIDE.mp4","65798485","out\reels\portrait_1080x1920\_quarantine\018__2025-09-20__TSC_vs_Greenwood__BUILD_UP_PLAY_GOAL__t1292.00-t1329.00_portrait_POST.mp4","57091259","13.23"
"1920x1080@6s","out\branded_clips\WIDE\2025-09-20__TSC_vs_RVFC\018__2025-09-20__TSC_vs_RVFC__DRIBBLING_SHOT__t1147.00-t1153.00_portrait_POST__WIDE.mp4","11091087","out\branded_clips\WIDE\2025-09-20__TSC_vs_RVFC\018__2025-09-20__TSC_vs_RVFC__DRIBBLING_SHOT__t68820.00-t69180.00__WIDE.mp4","11026079","0.59"
"1920x1080@6s","out\branded_clips\WIDE\2025-09-20__TSC_vs_RVFC\018__2025-09-20__TSC_vs_RVFC__DRIBBLING_SHOT__t1147.00-t1153.00_portrait_POST__WIDE.mp4","11091087","out\reels\portrait_1080x1920\_quarantine\018__2025-09-20__TSC_vs_RVFC__DRIBBLING_SHOT__t1147.00-t1153.00_portrait_POST.mp4","9229732","16.78"
"1920x1080@24s","out\branded_clips\WIDE\2025-10-04__TSC_vs_FC_Tulsa_Black\011__2025-10-04__TSC_vs_FC_Tulsa_Black__BUILD_UP_SHOT__t71880.00-t73320.00__WIDE.mp4","88860384","out\branded_clips\WIDE\2025-09-20__TSC_vs_Greenwood\001__2025-09-20__TSC_vs_Greenwood__BUILD_UP_PLAY_SHOT__t18900.00-t20340.00__WIDE.mp4","42119566","52.6"
"1920x1080@24s","out\branded_clips\WIDE\2025-10-04__TSC_vs_FC_Tulsa_Black\011__2025-10-04__TSC_vs_FC_Tulsa_Black__BUILD_UP_SHOT__t71880.00-t73320.00__WIDE.mp4","88860384","out\branded_clips\WIDE\2025-10-04__TSC_vs_FC\011__2025-10-04__TSC_vs_FC_Tulsa_Black__BUILD_UP_SHOT__t71880.00-t73320.00__WIDE.mp4","42054478","52.67"
"1920x1080@24s","out\branded_clips\WIDE\2025-10-04__TSC_vs_FC_Tulsa_Black\011__2025-10-04__TSC_vs_FC_Tulsa_Black__BUILD_UP_SHOT__t71880.00-t73320.00__WIDE.mp4","88860384","out\branded_clips\WIDE\2025-09-20__TSC_vs_RVFC\019__2025-09-20__TSC_vs_RVFC__BUILD_UP_PLAY_SHOT__t1158.00-t1182.00_portrait_POST__WIDE.mp4","41170890","53.67"
"1920x1080@24s","out\branded_clips\WIDE\2025-10-04__TSC_vs_FC_Tulsa_Black\011__2025-10-04__TSC_vs_FC_Tulsa_Black__BUILD_UP_SHOT__t71880.00-t73320.00__WIDE.mp4","88860384","out\branded_clips\WIDE\2025-09-20__TSC_vs_RVFC\019__2025-09-20__TSC_vs_RVFC__BUILD_UP_PLAY_SHOT__t69480.00-t70920.00__WIDE.mp4","41127645","53.72"
"1920x1080@24s","out\branded_clips\WIDE\2025-10-04__TSC_vs_FC_Tulsa_Black\011__2025-10-04__TSC_vs_FC_Tulsa_Black__BUILD_UP_SHOT__t71880.00-t73320.00__WIDE.mp4","88860384","out\reels\portrait_1080x1920\_quarantine\019__2025-09-20__TSC_vs_RVFC__BUILD_UP_PLAY_SHOT__t1158.00-t1182.00_portrait_POST.mp4","33034339","62.82"
"1920x1080@15.2s","out\portrait_reels\previews\021__SHOT__t2860.70-t2873.00_preview.mp4","132690714","out\branded_clips\WIDE\2025-09-13__TSC_vs_NEOFC\020__2025-09-13__TSC_vs_NEOFC__GOAL__t2816.60-t2831.80_portrait_POST__WIDE.mp4","27344952","79.39"
"1920x1080@15.2s","out\portrait_reels\previews\021__SHOT__t2860.70-t2873.00_preview.mp4","132690714","out\reels\portrait_1080x1920\_quarantine\020__2025-09-13__TSC_vs_NEOFC__GOAL__t2816.60-t2831.80_portrait_POST.mp4","22861960","82.77"
"1920x1080@15.2s","out\portrait_reels\previews\021__SHOT__t2860.70-t2873.00_preview.mp4","132690714","out\portrait_reels\previews\021__SHOT__t2860.70-t2873.00_STABLE.mp4","20138015","84.82"
"1920x1080@12.3s","out\branded_clips\WIDE\2025-09-13__TSC_vs_NEOFC\021__2025-09-13__TSC_vs_NEOFC__SHOT__t2860.70-t2873.00_portrait_POST__WIDE.mp4","22352253","out\reels\portrait_1080x1920\_quarantine\021__2025-09-13__TSC_vs_NEOFC__SHOT__t2860.70-t2873.00_portrait_POST.mp4","18430274","17.55"
"1920x1080@8s","out\branded_clips\WIDE\2025-09-20__TSC_vs_Greenwood\022__2025-09-20__TSC_vs_Greenwood__GOAL__t1578.00-t1586.00_portrait_POST__WIDE.mp4","14942776","out\branded_clips\WIDE\2025-09-20__TSC_vs_RVFC\025__2025-09-20__TSC_vs_RVFC__PRESSURE_GOAL__t1512.00-t1520.00_portrait_POST__WIDE.mp4","14292170","4.35"
"1920x1080@8s","out\branded_clips\WIDE\2025-09-20__TSC_vs_Greenwood\022__2025-09-20__TSC_vs_Greenwood__GOAL__t1578.00-t1586.00_portrait_POST__WIDE.mp4","14942776","out\reels\portrait_1080x1920\_quarantine\022__2025-09-20__TSC_vs_Greenwood__GOAL__t1578.00-t1586.00_portrait_POST.mp4","14102177","5.63"
"1920x1080@8s","out\branded_clips\WIDE\2025-09-20__TSC_vs_Greenwood\022__2025-09-20__TSC_vs_Greenwood__GOAL__t1578.00-t1586.00_portrait_POST__WIDE.mp4","14942776","out\reels\portrait_1080x1920\_quarantine\025__2025-09-20__TSC_vs_RVFC__PRESSURE_GOAL__t1512.00-t1520.00_portrait_POST.mp4","13125241","12.16"
"1920x1080@8s","out\branded_clips\WIDE\2025-09-20__TSC_vs_Greenwood\022__2025-09-20__TSC_vs_Greenwood__GOAL__t1578.00-t1586.00_portrait_POST__WIDE.mp4","14942776","out\portrait_reels\previews\012__GOAL__t1705.20-t1708.50_STABLE.mp4","10472259","29.92"
"1920x1080@9.9s","out\portrait_reels\previews\010__CROSS__t1541.10-t1547.90_preview.mp4","97234281","out\branded_clips\WIDE\2025-09-13__TSC_vs_NEOFC\023__2025-09-13__TSC_vs_NEOFC__SHOT__t3098.90-t3108.80_portrait_POST__WIDE.mp4","18285775","81.19"
"1920x1080@9.9s","out\portrait_reels\previews\010__CROSS__t1541.10-t1547.90_preview.mp4","97234281","out\reels\portrait_1080x1920\_quarantine\023__2025-09-13__TSC_vs_NEOFC__SHOT__t3098.90-t3108.80_portrait_POST.mp4","16965156","82.55"
"1920x1080@9.9s","out\portrait_reels\previews\010__CROSS__t1541.10-t1547.90_preview.mp4","97234281","out\portrait_reels\previews\010__CROSS__t1541.10-t1547.90_STABLE.mp4","12190904","87.46"
"1920x1080@19s","out\branded_clips\WIDE\2025-09-20__TSC_vs_Greenwood\034__2025-09-20__TSC_vs_Greenwood__PRESSURE_SHOT__t2646.00-t2665.00_portrait_POST__WIDE.mp4","34225677","out\branded_clips\WIDE\2025-09-20__TSC_vs_RVFC\036__2025-09-20__TSC_vs_RVFC__PRESSURE_GOAL__t2348.00-t2367.00_portrait_POST__WIDE.mp4","33766250","1.34"
"1920x1080@19s","out\branded_clips\WIDE\2025-09-20__TSC_vs_Greenwood\034__2025-09-20__TSC_vs_Greenwood__PRESSURE_SHOT__t2646.00-t2665.00_portrait_POST__WIDE.mp4","34225677","out\branded_clips\WIDE\2025-09-20__TSC_vs_RVFC\024__2025-09-20__TSC_vs_RVFC__FREE_KICK__t84120.00-t85260.00__WIDE.mp4","33665991","1.64"
"1920x1080@19s","out\branded_clips\WIDE\2025-09-20__TSC_vs_Greenwood\034__2025-09-20__TSC_vs_Greenwood__PRESSURE_SHOT__t2646.00-t2665.00_portrait_POST__WIDE.mp4","34225677","out\branded_clips\WIDE\2025-09-20__TSC_vs_RVFC\024__2025-09-20__TSC_vs_RVFC__FREE_KICK__t1402.00-t1421.00_portrait_POST__WIDE.mp4","33626929","1.75"
"1920x1080@19s","out\branded_clips\WIDE\2025-09-20__TSC_vs_Greenwood\034__2025-09-20__TSC_vs_Greenwood__PRESSURE_SHOT__t2646.00-t2665.00_portrait_POST__WIDE.mp4","34225677","out\reels\portrait_1080x1920\_quarantine\036__2025-09-20__TSC_vs_RVFC__PRESSURE_GOAL__t2348.00-t2367.00_portrait_POST.mp4","33210179","2.97"
"1920x1080@19s","out\branded_clips\WIDE\2025-09-20__TSC_vs_Greenwood\034__2025-09-20__TSC_vs_Greenwood__PRESSURE_SHOT__t2646.00-t2665.00_portrait_POST__WIDE.mp4","34225677","out\branded_clips\WIDE\2025-09-20__TSC_vs_RVFC\033__2025-09-20__TSC_vs_RVFC__BUILD_UP_PLAY_SHOT__t2131.00-t2150.00_portrait_POST__WIDE.mp4","31950831","6.65"
"1920x1080@19s","out\branded_clips\WIDE\2025-09-20__TSC_vs_Greenwood\034__2025-09-20__TSC_vs_Greenwood__PRESSURE_SHOT__t2646.00-t2665.00_portrait_POST__WIDE.mp4","34225677","out\reels\portrait_1080x1920\_quarantine\034__2025-09-20__TSC_vs_Greenwood__PRESSURE_SHOT__t2646.00-t2665.00_portrait_POST.mp4","30989456","9.46"
"1920x1080@19s","out\branded_clips\WIDE\2025-09-20__TSC_vs_Greenwood\034__2025-09-20__TSC_vs_Greenwood__PRESSURE_SHOT__t2646.00-t2665.00_portrait_POST__WIDE.mp4","34225677","out\reels\portrait_1080x1920\_quarantine\024__2025-09-20__TSC_vs_RVFC__FREE_KICK__t1402.00-t1421.00_portrait_POST.mp4","28584233","16.48"
"1920x1080@19s","out\branded_clips\WIDE\2025-09-20__TSC_vs_Greenwood\034__2025-09-20__TSC_vs_Greenwood__PRESSURE_SHOT__t2646.00-t2665.00_portrait_POST__WIDE.mp4","34225677","out\reels\portrait_1080x1920\_quarantine\033__2025-09-20__TSC_vs_RVFC__BUILD_UP_PLAY_SHOT__t2131.00-t2150.00_portrait_POST.mp4","26241258","23.33"
"1920x1080@9s","out\portrait_reels\previews\015__DRIBBLING__t1972.50-t1980.70_preview.mp4","112625600","out\branded_clips\WIDE\2025-09-20__TSC_vs_RVFC\037__2025-09-20__TSC_vs_RVFC__PRESSURE_SHOT__t2388.00-t2397.00_portrait_POST__WIDE.mp4","16780128","85.1"
"1920x1080@9s","out\portrait_reels\previews\015__DRIBBLING__t1972.50-t1980.70_preview.mp4","112625600","out\reels\portrait_1080x1920\_quarantine\037__2025-09-20__TSC_vs_RVFC__PRESSURE_SHOT__t2388.00-t2397.00_portrait_POST.mp4","14693039","86.95"
"1920x1080@9s","out\portrait_reels\previews\015__DRIBBLING__t1972.50-t1980.70_preview.mp4","112625600","out\portrait_reels\previews\015__DRIBBLING__t1972.50-t1980.70_STABLE.mp4","13146156","88.33"
"1920x1080@57s","out\branded_clips\WIDE\2025-09-20__TSC_vs_Greenwood\038__2025-09-20__TSC_vs_Greenwood__PRESSURE_SHOT__t2770.00-t2827.00_portrait_POST__WIDE.mp4","100214598","out\reels\portrait_1080x1920\_quarantine\038__2025-09-20__TSC_vs_Greenwood__PRESSURE_SHOT__t2770.00-t2827.00_portrait_POST.mp4","92458605","7.74"
"1920x1080@28s","out\branded_clips\WIDE\2025-09-20__TSC_vs_RVFC\002__2025-10-04__TSC_vs_FC_Tulsa_Black__BUILD_UP__t25260.00-t26940.00__WIDE.mp4","97063626","out\branded_clips\WIDE\2025-09-20__TSC_vs_RVFC\040__2025-09-20__TSC_vs_RVFC__BUILD_UP_PLAY_SHOT__t2571.00-t2599.00_portrait_POST__WIDE.mp4","50120418","48.36"
"1920x1080@28s","out\branded_clips\WIDE\2025-09-20__TSC_vs_RVFC\002__2025-10-04__TSC_vs_FC_Tulsa_Black__BUILD_UP__t25260.00-t26940.00__WIDE.mp4","97063626","out\branded_clips\WIDE\2025-10-04__TSC_vs_FC\002__2025-10-04__TSC_vs_FC_Tulsa_Black__BUILD_UP__t25260.00-t26940.00__WIDE.mp4","48079590","50.47"
"1920x1080@28s","out\branded_clips\WIDE\2025-09-20__TSC_vs_RVFC\002__2025-10-04__TSC_vs_FC_Tulsa_Black__BUILD_UP__t25260.00-t26940.00__WIDE.mp4","97063626","out\reels\portrait_1080x1920\_quarantine\040__2025-09-20__TSC_vs_RVFC__BUILD_UP_PLAY_SHOT__t2571.00-t2599.00_portrait_POST.mp4","45152014","53.48"
"608x1080@19.9s","out\reels\tiktok\004__directed_AUTO_fix.mp4","10871340","out\reels\tiktok\004__directed_SINGLECHAIN_slowest4.mp4","10848721","0.21"
"608x1080@19.9s","out\reels\tiktok\004__directed_AUTO_fix.mp4","10871340","out\reels\tiktok\004__directed_SINGLECHAIN_slowest.mp4","10838338","0.3"
"608x1080@19.9s","out\reels\tiktok\004__directed_AUTO_fix.mp4","10871340","out\reels\tiktok\004__directed_NOFADE.mp4","10832146","0.36"
"608x1080@19.9s","out\reels\tiktok\004__directed_AUTO_fix.mp4","10871340","out\reels\tiktok\004__directed_SINGLECHAIN_slowest2.mp4","10774603","0.89"
"608x1080@19.9s","out\reels\tiktok\004__directed_AUTO_fix.mp4","10871340","out\reels\tiktok\004__directed_SINGLECHAIN_slowest3.mp4","10759062","1.03"
"608x1080@19.9s","out\reels\tiktok\004__directed_AUTO_fix.mp4","10871340","out\reels\tiktok\004__directed_SINGLECHAIN_crossSplit_longTail.mp4","10649035","2.04"
"608x1080@19.9s","out\reels\tiktok\004__directed_AUTO_fix.mp4","10871340","out\reels\tiktok\004__directed_SINGLECHAIN_crossStrike_lockScorer.mp4","10647912","2.06"
"608x1080@19.9s","out\reels\tiktok\004__directed_AUTO_fix.mp4","10871340","out\reels\tiktok\004__directed_SINGLECHAIN_throwin_cross_receive_cele_tail.mp4","10642534","2.1"
"608x1080@19.9s","out\reels\tiktok\004__directed_AUTO_fix.mp4","10871340","out\reels\tiktok\004__directed_SINGLECHAIN_throwin_cross_cele_tail.mp4","10628827","2.23"
"608x1080@19.9s","out\reels\tiktok\004__directed_AUTO_fix.mp4","10871340","out\reels\tiktok\004__directed_SINGLECHAIN_smoother.mp4","10615499","2.35"
"608x1080@19.9s","out\reels\tiktok\004__directed_AUTO_fix.mp4","10871340","out\reels\tiktok\004__directed_SINGLECHAIN_moreCrossGoal.mp4","10605024","2.45"
"608x1080@19.9s","out\reels\tiktok\004__directed_AUTO_fix.mp4","10871340","out\reels\tiktok\004__directed_SINGLECHAIN_crossTail.mp4","10580352","2.68"
"608x1080@19.9s","out\reels\tiktok\004__directed_AUTO_fix.mp4","10871340","out\reels\tiktok\004__directed_SINGLECHAIN_crossLongTail.mp4","10577717","2.7"
"608x1080@19.9s","out\reels\tiktok\004__directed_AUTO_fix.mp4","10871340","out\reels\tiktok\004__directed_SINGLECHAIN_final.mp4","10522203","3.21"
"608x1080@19.9s","out\reels\tiktok\004__directed_AUTO_fix.mp4","10871340","out\reels\tiktok\004__directed_SINGLECHAIN_smooth.mp4","10320589","5.07"
"608x1080@19.9s","out\reels\tiktok\004__directed_AUTO_fix.mp4","10871340","out\reels\tiktok\004__directed_NOFADE_const916.mp4","9792594","9.92"
"608x1080@19.9s","out\reels\tiktok\004__directed_AUTO_fix.mp4","10871340","out\reels\tiktok\004__directed_AUTO.mp4","9716181","10.63"
"608x1080@19.9s","out\reels\tiktok\004__directed_AUTO_fix.mp4","10871340","out\reels\tiktok\004__directed_SINGLECHAIN_ballBias_receiveEarly_crossDwell_tail__BALL_LOCK_CENTERED_SLEW.mp4","9671651","11.04"
"608x1080@19.9s","out\reels\tiktok\004__directed_AUTO_fix.mp4","10871340","out\reels\tiktok\004__directed_SINGLECHAIN.mp4","9661506","11.13"
"608x1080@19.9s","out\reels\tiktok\004__directed_AUTO_fix.mp4","10871340","out\reels\tiktok\004__directed_NOFADE_auto.mp4","9605905","11.64"
"608x1080@19.9s","out\reels\tiktok\004__directed_AUTO_fix.mp4","10871340","out\reels\tiktok\004__directed_NOFADE_fix.mp4","8766252","19.36"
"608x1080@19.9s","out\reels\tiktok\004__directed_AUTO_fix.mp4","10871340","out\reels\tiktok\COMPARE__004__motion_vars.mp4","7386089","32.06"
"608x1080@19.9s","out\reels\tiktok\004__directed_AUTO_fix.mp4","10871340","out\reels\tiktok\COMPARE__004__pipeline_apply.mp4","7385788","32.06"
"608x1080@19.9s","out\reels\tiktok\004__directed_AUTO_fix.mp4","10871340","out\reels\tiktok\COMPARE__004__finish.mp4","7377222","32.14"
"608x1080@19.9s","out\reels\tiktok\004__directed_AUTO_fix.mp4","10871340","out\reels\tiktok\COMPARE__004__phase_director.mp4","7248096","33.33"
"608x1080@19.9s","out\reels\tiktok\004__directed_AUTO_fix.mp4","10871340","out\reels\tiktok\COMPARE__004__buildup.mp4","7225831","33.53"
"608x1080@19.8s","out\reels\tiktok\004__directed_SINGLECHAIN_BALLTRACK_AUTOZ_REAL.mp4","13254527","out\reels\tiktok\004__directed_SINGLECHAIN_BALLTRACK_AUTOZ_CINEMATIC.mp4","13109719","1.09"
"608x1080@19.8s","out\reels\tiktok\004__directed_SINGLECHAIN_BALLTRACK_AUTOZ_REAL.mp4","13254527","out\reels\tiktok\004__directed_SINGLECHAIN_BALLTRACK.mp4","12822873","3.26"
"608x1080@19.8s","out\reels\tiktok\004__directed_SINGLECHAIN_BALLTRACK_AUTOZ_REAL.mp4","13254527","out\reels\tiktok\004__directed_SINGLECHAIN_BALLTRACK_AUTOZ_CINEMATIC_v3.mp4","12703706","4.16"
"608x1080@19.8s","out\reels\tiktok\004__directed_SINGLECHAIN_BALLTRACK_AUTOZ_REAL.mp4","13254527","out\reels\tiktok\004__directed_SINGLECHAIN_BALLTRACK_AUTOZ_GENTLE.mp4","12516243","5.57"
"608x1080@19.8s","out\reels\tiktok\004__directed_SINGLECHAIN_BALLTRACK_AUTOZ_REAL.mp4","13254527","out\reels\tiktok\004__directed_SINGLECHAIN_BALLTRACK_AUTOZ.mp4","12426265","6.25"
"608x1080@19.8s","out\reels\tiktok\004__directed_SINGLECHAIN_BALLTRACK_AUTOZ_REAL.mp4","13254527","out\reels\tiktok\final\FINAL__004__GOAL__t266.50-t283.10.mp4","8537400","35.59"
"608x1080@17.6s","out\reels\tiktok\005__CORNER__t417.90-t431.60__BALLTRACK.mp4","13863504","out\reels\tiktok\006__DEFENSE__t699.30-t711.50__BALLTRACK.mp4","11761498","15.16"
"608x1080@17.6s","out\reels\tiktok\005__CORNER__t417.90-t431.60__BALLTRACK.mp4","13863504","out\reels\tiktok\017__SHOT__t2284.90-t2298.20__BALLTRACK.mp4","10845491","21.77"
"608x1080@8.8s","out\reels\tiktok\007__DRIBBLING__t982.00-t987.90__BALLTRACK.mp4","5830293","out\reels\tiktok\final\FINAL__007__GOAL__t982.00-t987.90.mp4","3767673","35.38"
"608x1080@9.7s","out\reels\tiktok\010__CROSS__t1541.10-t1547.90__BALLTRACK.mp4","5769178","out\reels\tiktok\final\FINAL__010__GOAL__t1541.10-t1547.90.mp4","3621442","37.23"
"608x1080@16.8s","out\reels\tiktok\020__GOAL__t2816.60-t2831.80__BALLTRACK.mp4","10807417","out\reels\tiktok\011__SHOTS__t1655.00-t1670.30__BALLTRACK.mp4","10708483","0.92"
"608x1080@8.9s","out\reels\tiktok\015__DRIBBLING__t1972.50-t1980.70__BALLTRACK.mp4","5826697","out\reels\tiktok\final\FINAL__015__DRIBBLING__t1972.50-t1980.70.mp4","4310874","26.02"
"608x1080@8.9s","out\reels\tiktok\015__DRIBBLING__t1972.50-t1980.70__BALLTRACK.mp4","5826697","out\reels\tiktok\COMPARE__007__GOAL__t982.00-t987.90.mp4","3490238","40.1"
"608x1080@15.6s","out\reels\tiktok\016__SHOT__t2029.90-t2039.50__BALLTRACK.mp4","10169248","out\reels\tiktok\final\FINAL__011__GOAL__t1655.00-t1670.30.mp4","7375469","27.47"
"608x1080@6.7s","out\reels\tiktok\018__SHOT__t2419.50-t2425.60__BALLTRACK.mp4","4453346","out\reels\tiktok\final\FINAL__018__SHOT__t2419.50-t2425.60.mp4","2367714","46.83"
"608x1080@7.2s","out\reels\tiktok\019__SHOT__t2633.00-t2638.10__BALLTRACK.mp4","5092223","out\reels\tiktok\final\FINAL__019__SHOT__t2633.00-t2638.10.mp4","3067997","39.75"
"608x1080@16.3s","out\reels\tiktok\021__SHOT__t2860.70-t2873.00__BALLTRACK.mp4","10827434","out\reels\tiktok\final\FINAL__017__SHOT__t2284.90-t2298.20.mp4","7940667","26.66"
"608x1080@16.6s","out\reels\tiktok\COMPARE__004__direct_from_ps1vars.mp4","9429909","out\reels\tiktok\COMPARE__004__GOAL__t266.50-t283.10.mp4","9394202","0.38"
"608x1080@16.6s","out\reels\tiktok\COMPARE__004__direct_from_ps1vars.mp4","9429909","out\reels\tiktok\final\FINAL__005__GOAL__t417.90-t431.60.mp4","5967342","36.72"
"606x1080@16.7s","out\reels\tiktok\COMPARE__006__GOAL__t699.30-t711.50.mp4","6103068","out\reels\tiktok\COMPARE__005__GOAL__t417.90-t431.60.mp4","6056863","0.76"
"608x1080@6.9s","out\reels\tiktok\COMPARE__013__GOAL__t1767.50-t1772.60.mp4","2868975","out\reels\tiktok\COMPARE__018__SHOT__t2419.50-t2425.60.mp4","2288210","20.24"
"608x1080@16.5s","out\reels\tiktok\COMPARE__017__SHOT__t2284.90-t2298.20.mp4","7524986","out\reels\tiktok\final\FINAL__006__GOAL__t699.30-t711.50.mp4","6425641","14.61"
"1080x1920@33.3s","out\portrait_reels\branded\002__2025-10-04__TSC_vs_FC_Tulsa_Black__BUILD_UP__t421.00-t449.00_portrait_POST.mp4","46021873","out\portrait_reels\branded\040__2025-09-20__TSC_vs_RVFC__BUILD_UP_PLAY_SHOT__t2571.00-t2599.00_portrait_POST.mp4","43909770","4.59"
"1080x1920@34.4s","out\portrait_reels\branded\008__2025-09-20__TSC_vs_Greenwood__PRESSURE_SHOT__t754.00-t783.00_portrait_POST.mp4","47498352","out\portrait_reels\branded\003__2025-10-04__TSC_vs_FC_Tulsa_Black__BUILD_UP__t458.00-t487.00_portrait_POST.mp4","44502879","6.31"
"1080x1920@36.4s","out\portrait_reels\branded\003__BUILD_UP__t224.80-t248.70_portrait_POST.mp4","34719589","out\portrait_reels\branded\003__BUILD_UP__t224.80-t248.70_portrait_BRAND.mp4","32855782","5.37"
"1080x1920@15.9s","out\portrait_reels\branded\004__2025-09-20__TSC_vs_Greenwood__PRESSURE_TWO_SHOTS__t444.00-t456.00_portrait_POST.mp4","20008479","out\portrait_reels\branded\017__2025-09-20__TSC_vs_Greenwood__PRESSURE_SHOT__t1212.00-t1224.00_portrait_POST.mp4","19360275","3.24"
"1080x1920@22.4s","out\portrait_reels\branded\027__2025-09-20__TSC_vs_Greenwood__BUILD_UP_PLAY_SHOT__t2040.00-t2058.00_portrait_POST.mp4","31569263","out\portrait_reels\branded\029__2025-09-20__TSC_vs_Greenwood__BUILD_UP_PLAY_SHOT__t2134.00-t2152.00_portrait_POST.mp4","31412173","0.5"
"1080x1920@22.4s","out\portrait_reels\branded\027__2025-09-20__TSC_vs_Greenwood__BUILD_UP_PLAY_SHOT__t2040.00-t2058.00_portrait_POST.mp4","31569263","out\portrait_reels\branded\007__2025-10-04__TSC_vs_FC_Tulsa_Black__BUILD_UP_SHOT__t767.00-t785.00_portrait_POST.mp4","29736477","5.81"
"1080x1920@22.4s","out\portrait_reels\branded\027__2025-09-20__TSC_vs_Greenwood__BUILD_UP_PLAY_SHOT__t2040.00-t2058.00_portrait_POST.mp4","31569263","out\portrait_reels\branded\042__2025-09-20__TSC_vs_RVFC__CORNER__t2765.00-t2783.00_portrait_POST.mp4","29150499","7.66"
"1080x1920@22.4s","out\portrait_reels\branded\027__2025-09-20__TSC_vs_Greenwood__BUILD_UP_PLAY_SHOT__t2040.00-t2058.00_portrait_POST.mp4","31569263","out\portrait_reels\branded\043__2025-09-20__TSC_vs_RVFC__GOAL__t3010.00-t3028.00_portrait_POST.mp4","28185587","10.72"
"1080x1920@22.4s","out\portrait_reels\branded\027__2025-09-20__TSC_vs_Greenwood__BUILD_UP_PLAY_SHOT__t2040.00-t2058.00_portrait_POST.mp4","31569263","out\portrait_reels\branded\004__2025-10-04__TSC_vs_FC_Tulsa_Black__BUILD_UP__t495.00-t513.00_portrait_POST.mp4","28114016","10.94"
"1080x1920@22.4s","out\portrait_reels\branded\027__2025-09-20__TSC_vs_Greenwood__BUILD_UP_PLAY_SHOT__t2040.00-t2058.00_portrait_POST.mp4","31569263","out\portrait_reels\branded\021__2025-09-20__TSC_vs_RVFC__CROSS__t1275.00-t1293.00_portrait_POST.mp4","27515527","12.84"
"1080x1920@22.4s","out\portrait_reels\branded\027__2025-09-20__TSC_vs_Greenwood__BUILD_UP_PLAY_SHOT__t2040.00-t2058.00_portrait_POST.mp4","31569263","out\portrait_reels\branded\007__2025-09-20__TSC_vs_RVFC__PRESSURE_GOAL__t529.00-t547.00_portrait_POST.mp4","25738245","18.47"
"1080x1920@22.4s","out\portrait_reels\branded\027__2025-09-20__TSC_vs_Greenwood__BUILD_UP_PLAY_SHOT__t2040.00-t2058.00_portrait_POST.mp4","31569263","out\portrait_reels\branded\004__GOAL__t266.50-t283.10_portrait_POST.mp4","19740672","37.47"
"1080x1920@22.4s","out\portrait_reels\branded\027__2025-09-20__TSC_vs_Greenwood__BUILD_UP_PLAY_SHOT__t2040.00-t2058.00_portrait_POST.mp4","31569263","out\portrait_reels\branded\004__GOAL__t266.50-t283.10_portrait_BRAND.mp4","18887757","40.17"
"1080x1920@19.1s","out\portrait_reels\branded\008__2025-10-04__TSC_vs_FC_Tulsa_Black__BUILD_UP_SHOT__t1025.00-t1040.00_portrait_POST.mp4","25537531","out\portrait_reels\branded\005__2025-09-20__TSC_vs_Greenwood__WIN_FREE_KICK__t538.00-t553.00_portrait_POST.mp4","23680319","7.27"
"1080x1920@19.1s","out\portrait_reels\branded\008__2025-10-04__TSC_vs_FC_Tulsa_Black__BUILD_UP_SHOT__t1025.00-t1040.00_portrait_POST.mp4","25537531","out\portrait_reels\branded\044__2025-09-20__TSC_vs_RVFC__GOAL__t3051.00-t3066.00_portrait_POST.mp4","22509213","11.86"
"1080x1920@19.1s","out\portrait_reels\branded\008__2025-10-04__TSC_vs_FC_Tulsa_Black__BUILD_UP_SHOT__t1025.00-t1040.00_portrait_POST.mp4","25537531","out\portrait_reels\branded\035__2025-09-20__TSC_vs_RVFC__BUILD_UP_PLAY_SHOT__t2297.00-t2312.00_portrait_POST.mp4","22151619","13.26"
"1080x1920@19.2s","out\portrait_reels\branded\005__CORNER__t417.90-t431.60_portrait_POST.mp4","16414950","out\portrait_reels\branded\005__CORNER__t417.90-t431.60_portrait_BRAND.mp4","15385244","6.27"
"1080x1920@19.2s","out\portrait_reels\branded\005__CORNER__t417.90-t431.60_portrait_POST.mp4","16414950","out\portrait_reels\branded\006__DEFENSE__t699.30-t711.50_portrait_POST.mp4","13121454","20.06"
"1080x1920@19.2s","out\portrait_reels\branded\005__CORNER__t417.90-t431.60_portrait_POST.mp4","16414950","out\portrait_reels\branded\006__DEFENSE__t699.30-t711.50_portrait_BRAND.mp4","12323246","24.93"
"1080x1920@27.9s","out\portrait_reels\branded\028__2025-09-20__TSC_vs_RVFC__CORNER__t1852.00-t1875.00_portrait_POST.mp4","37027563","out\portrait_reels\branded\006__2025-09-20__TSC_vs_Greenwood__BUILD_UP_PLAY_SHOT__t685.00-t708.00_portrait_POST.mp4","36774085","0.68"
"1080x1920@27.9s","out\portrait_reels\branded\028__2025-09-20__TSC_vs_RVFC__CORNER__t1852.00-t1875.00_portrait_POST.mp4","37027563","out\portrait_reels\branded\016__2025-09-20__TSC_vs_RVFC__BUILD_UP_PLAY_SHOT__t999.00-t1022.00_portrait_POST.mp4","35786405","3.35"
"1080x1920@27.9s","out\portrait_reels\branded\028__2025-09-20__TSC_vs_RVFC__CORNER__t1852.00-t1875.00_portrait_POST.mp4","37027563","out\portrait_reels\branded\032__2025-09-20__TSC_vs_RVFC__BUILD_UP_PLAY_SHOT__t2034.00-t2057.00_portrait_POST.mp4","34666271","6.38"
"1080x1920@40.9s","out\portrait_reels\branded\008__2025-09-20__TSC_vs_RVFC__BUILD_UP_PLAY_SHOT__t565.00-t600.00_portrait_POST.mp4","57490282","out\portrait_reels\branded\021__2025-09-20__TSC_vs_Greenwood__BUILD_UP_PLAY_SHOT__t1437.00-t1472.00_portrait_POST.mp4","57370647","0.21"
"1080x1920@16.8s","out\portrait_reels\clean\002__SHOT__t185.00-t206.00.__DEBUG_FINAL_portrait_FINAL.mp4","29063923","out\portrait_reels\branded\008__SHOT__t1247.80-t1259.20_portrait_POST.mp4","9862515","66.07"
"1080x1920@16.8s","out\portrait_reels\clean\002__SHOT__t185.00-t206.00.__DEBUG_FINAL_portrait_FINAL.mp4","29063923","out\portrait_reels\branded\008__SHOT__t1247.80-t1259.20_portrait_BRAND.mp4","9130251","68.59"
"1080x1920@20.2s","out\portrait_reels\branded\009__2025-09-20__TSC_vs_RVFC__PRESSURE_SHOT__t604.00-t620.00_portrait_POST.mp4","27433260","out\portrait_reels\branded\013__2025-10-04__TSC_vs_FC_Tulsa_Black__BUILD_UP_PLAY__t1290.00-t1306.00_portrait_POST.mp4","26277569","4.21"
"1080x1920@20.2s","out\portrait_reels\branded\009__2025-09-20__TSC_vs_RVFC__PRESSURE_SHOT__t604.00-t620.00_portrait_POST.mp4","27433260","out\portrait_reels\branded\020__2025-09-20__TSC_vs_Greenwood__PRESSURE_SHOT__t1393.00-t1409.00_portrait_POST.mp4","25022122","8.79"
"1080x1920@20.2s","out\portrait_reels\branded\009__2025-09-20__TSC_vs_RVFC__PRESSURE_SHOT__t604.00-t620.00_portrait_POST.mp4","27433260","out\portrait_reels\branded\015__2025-10-04__TSC_vs_FC_Tulsa_Black__BUILD_UP_SHOT__t1705.00-t1721.00_portrait_POST.mp4","24275957","11.51"
"1080x1920@20.2s","out\portrait_reels\branded\009__2025-09-20__TSC_vs_RVFC__PRESSURE_SHOT__t604.00-t620.00_portrait_POST.mp4","27433260","out\portrait_reels\branded\009__2025-09-20__TSC_vs_Greenwood__PRESSURE_SHOT__t802.00-t818.00_portrait_POST.mp4","23869724","12.99"
"1080x1920@20.7s","out\portrait_reels\branded\009__SHOT__t1420.40-t1438.20_portrait_POST.mp4","16875953","out\portrait_reels\branded\009__SHOT__t1420.40-t1438.20_portrait_BRAND.mp4","15804044","6.35"
"1080x1920@18.1s","out\portrait_reels\branded\016__2025-09-20__TSC_vs_Greenwood__BUILD_UP_PLAY_SHOT__t1195.00-t1209.00_portrait_POST.mp4","23956431","out\portrait_reels\branded\035__2025-09-20__TSC_vs_Greenwood__CORNER__t2687.00-t2701.00_portrait_POST.mp4","23511052","1.86"
"1080x1920@18.1s","out\portrait_reels\branded\016__2025-09-20__TSC_vs_Greenwood__BUILD_UP_PLAY_SHOT__t1195.00-t1209.00_portrait_POST.mp4","23956431","out\portrait_reels\branded\019__2025-09-20__TSC_vs_Greenwood__PRESSURE_SHOT__t1369.00-t1383.00_portrait_POST.mp4","23424953","2.22"
"1080x1920@18.1s","out\portrait_reels\branded\016__2025-09-20__TSC_vs_Greenwood__BUILD_UP_PLAY_SHOT__t1195.00-t1209.00_portrait_POST.mp4","23956431","out\portrait_reels\branded\010__2025-09-20__TSC_vs_RVFC__PRESSURE_SHOT__t675.00-t689.00_portrait_POST.mp4","22971691","4.11"
"1080x1920@18.1s","out\portrait_reels\branded\016__2025-09-20__TSC_vs_Greenwood__BUILD_UP_PLAY_SHOT__t1195.00-t1209.00_portrait_POST.mp4","23956431","out\portrait_reels\branded\012__2025-09-20__TSC_vs_Greenwood__BUILD_SHOT__t973.00-t987.00_portrait_POST.mp4","22707574","5.21"
"1080x1920@18.1s","out\portrait_reels\branded\016__2025-09-20__TSC_vs_Greenwood__BUILD_UP_PLAY_SHOT__t1195.00-t1209.00_portrait_POST.mp4","23956431","out\portrait_reels\branded\012__2025-10-04__TSC_vs_FC_Tulsa_Black__PRESSURE_GOAL__t1239.00-t1253.00_portrait_POST.mp4","19629838","18.06"
"1080x1920@12.4s","out\portrait_reels\branded\010__CROSS__t1541.10-t1547.90_portrait_POST.mp4","9590020","out\portrait_reels\branded\010__CROSS__t1541.10-t1547.90_portrait_BRAND.mp4","9077723","5.34"
"1080x1920@28.9s","out\portrait_reels\branded\011__2025-10-04__TSC_vs_FC_Tulsa_Black__BUILD_UP_SHOT__t1198.00-t1222.00_portrait_POST.mp4","38083813","out\portrait_reels\branded\019__2025-09-20__TSC_vs_RVFC__BUILD_UP_PLAY_SHOT__t1158.00-t1182.00_portrait_POST.mp4","37108782","2.56"
"1080x1920@10.5s","out\portrait_reels\branded\012__GOAL__t1705.20-t1708.50_portrait_POST.mp4","7766398","out\portrait_reels\branded\012__GOAL__t1705.20-t1708.50_portrait_BRAND.mp4","7210502","7.16"
"1080x1920@7.9s","out\portrait_reels\branded\013__2025-09-13__TSC_vs_NEOFC__GOAL__t1767.50-t1772.60_portrait_POST.mp4","6245339","out\portrait_reels\branded\019__2025-09-13__TSC_vs_NEOFC__SHOT__t2633.00-t2638.10_portrait_POST.mp4","5991169","4.07"
"1080x1920@9.4s","out\portrait_reels\branded\013__GOAL__t1767.50-t1772.60_portrait_POST.mp4","6289374","out\portrait_reels\branded\018__SHOT__t2419.50-t2425.60_portrait_POST.mp4","6053338","3.75"
"1080x1920@9.4s","out\portrait_reels\branded\013__GOAL__t1767.50-t1772.60_portrait_POST.mp4","6289374","out\portrait_reels\branded\018__SHOT__t2419.50-t2425.60_portrait_BRAND.mp4","5594255","11.05"
"1080x1920@21.3s","out\portrait_reels\branded\032__2025-09-20__TSC_vs_Greenwood__BUILD_UP_PLAY_SHOT__t2544.00-t2561.00_portrait_POST.mp4","29088321","out\portrait_reels\branded\014__2025-09-20__TSC_vs_RVFC__DEFENSE_BUILD_UP__t880.00-t897.00_portrait_POST.mp4","28420384","2.3"
"1080x1920@27.2s","out\portrait_reels\branded\014__GOAL__t1904.20-t1925.20_portrait_POST.mp4","24331478","out\portrait_reels\branded\014__GOAL__t1904.20-t1925.20_portrait_BRAND.mp4","23021267","5.38"
"1080x1920@12.6s","out\portrait_reels\branded\037__2025-09-20__TSC_vs_RVFC__PRESSURE_SHOT__t2388.00-t2397.00_portrait_POST.mp4","13886004","out\portrait_reels\branded\016__2025-09-13__TSC_vs_NEOFC__SHOT__t2029.90-t2039.50_portrait_POST.mp4","12058500","13.16"
"1080x1920@17.3s","out\portrait_reels\branded\016__SHOT__t2029.90-t2039.50_portrait_POST.mp4","14558905","out\portrait_reels\branded\016__SHOT__t2029.90-t2039.50_portrait_BRAND.mp4","13592163","6.64"
"1080x1920@42s","out\portrait_reels\branded\030__2025-09-20__TSC_vs_Greenwood__FREE_KICK_WON_GOAL__t2175.00-t2211.00_portrait_POST.mp4","62057588","out\portrait_reels\branded\017__2025-09-20__TSC_vs_RVFC__BUILD_UP_PLAY_SHOT__t1088.00-t1124.00_portrait_POST.mp4","54543440","12.11"
"1080x1920@18.4s","out\portrait_reels\clean\004__PRESSURE__t640.00-t663.00.__DEBUG_FINAL_portrait_FINAL.mp4","32683026","out\portrait_reels\branded\020__2025-09-13__TSC_vs_NEOFC__GOAL__t2816.60-t2831.80_portrait_POST.mp4","18148508","44.47"
"1080x1920@18.5s","out\portrait_reels\branded\020__GOAL__t2816.60-t2831.80_portrait_POST.mp4","16491053","out\portrait_reels\branded\020__GOAL__t2816.60-t2831.80_portrait_BRAND.mp4","15444367","6.35"
"1080x1920@17.7s","out\portrait_reels\branded\021__SHOT__t2860.70-t2873.00_portrait_POST.mp4","15254241","out\portrait_reels\branded\021__SHOT__t2860.70-t2873.00_portrait_BRAND.mp4","14196937","6.93"
"1080x1920@23.5s","out\portrait_reels\branded\034__2025-09-20__TSC_vs_Greenwood__PRESSURE_SHOT__t2646.00-t2665.00_portrait_POST.mp4","31799198","out\portrait_reels\branded\036__2025-09-20__TSC_vs_RVFC__PRESSURE_GOAL__t2348.00-t2367.00_portrait_POST.mp4","31625274","0.55"
"1080x1920@23.5s","out\portrait_reels\branded\034__2025-09-20__TSC_vs_Greenwood__PRESSURE_SHOT__t2646.00-t2665.00_portrait_POST.mp4","31799198","out\portrait_reels\branded\024__2025-09-20__TSC_vs_RVFC__FREE_KICK__t1402.00-t1421.00_portrait_POST.mp4","30430849","4.3"
"1080x1920@23.5s","out\portrait_reels\branded\034__2025-09-20__TSC_vs_Greenwood__PRESSURE_SHOT__t2646.00-t2665.00_portrait_POST.mp4","31799198","out\portrait_reels\branded\033__2025-09-20__TSC_vs_RVFC__BUILD_UP_PLAY_SHOT__t2131.00-t2150.00_portrait_POST.mp4","29097301","8.5"
"1080x1920@25.7s","out\portrait_reels\branded\031__2025-09-20__TSC_vs_Greenwood__BUILD_UP_PLAY_SHOT__t2245.00-t2266.00_portrait_POST.mp4","33270350","out\portrait_reels\branded\039__2025-09-20__TSC_vs_RVFC__PRESSURE_GOAL__t2485.00-t2506.00_portrait_POST.mp4","33149361","0.36"
"1920x1080@10.9s","out\portrait_reels\previews\001__2025-09-13__TSC_vs_NEOFC__SHOT__t155.50-t166.40_STABLE.mp4","21686258","out\branded_clips\WIDE\2025-09-13__TSC_vs_NEOFC\115__2025-09-13__TSC_vs_NEOFC__SHOT__t155.5-t166.4__WIDE.mp4","20410461","5.88"
"1920x1080@10.9s","out\portrait_reels\previews\001__2025-09-13__TSC_vs_NEOFC__SHOT__t155.50-t166.40_STABLE.mp4","21686258","out\portrait_reels\previews\dboxes\_viz.mp4","10931337","49.59"
"1920x1080@10.9s","out\portrait_reels\previews\001__2025-09-13__TSC_vs_NEOFC__SHOT__t155.50-t166.40_STABLE.mp4","21686258","out\portrait_reels\previews\001__2025-09-13__TSC_vs_NEOFC__SHOT__t155.50-t166.40_DEBUG_OVERLAY.mp4","10827595","50.07"
"1920x1080@12.5s","out\portrait_reels\previews\001__SHOT__t155.50-t166.40_preview.mp4","160085763","out\portrait_reels\previews\001__SHOT__t155.50-t166.40_STABLE.mp4","25149445","84.29"
"1920x1080@11.5s","out\portrait_reels\previews\002__GOAL__t180.80-t191.20_preview.mp4","145043063","out\portrait_reels\previews\002__GOAL__t180.80-t191.20_STABLE.mp4","16800136","88.42"
"1920x1080@33.9s","out\portrait_reels\previews\003__BUILD_UP__t224.80-t248.70_preview.mp4","390813685","out\portrait_reels\previews\003__BUILD_UP__t224.80-t248.70_STABLE.mp4","45866200","88.26"
"1920x1080@19.9s","out\portrait_reels\previews\004__GOAL__t266.50-t283.10_preview.mp4","199630419","out\portrait_reels\previews\004__GOAL__t266.50-t283.10_STABLE.mp4","26508705","86.72"
"1920x1080@16.7s","out\portrait_reels\previews\005__CORNER__t417.90-t431.60_preview.mp4","154667405","out\portrait_reels\previews\006__DEFENSE__t699.30-t711.50_preview.mp4","110902354","28.3"
"1920x1080@16.7s","out\portrait_reels\previews\005__CORNER__t417.90-t431.60_preview.mp4","154667405","out\portrait_reels\previews\005__CORNER__t417.90-t431.60_STABLE.mp4","21409126","86.16"
"1920x1080@16.7s","out\portrait_reels\previews\005__CORNER__t417.90-t431.60_preview.mp4","154667405","out\portrait_reels\previews\006__DEFENSE__t699.30-t711.50_STABLE.mp4","19362757","87.48"
"1920x1080@8.9s","out\portrait_reels\previews\007__DRIBBLING__t982.00-t987.90_preview.mp4","75590403","out\portrait_reels\previews\007__DRIBBLING__t982.00-t987.90_STABLE.mp4","11392025","84.93"
"1920x1080@14.3s","out\portrait_reels\previews\008__SHOT__t1247.80-t1259.20_preview.mp4","55683830","out\portrait_reels\previews\008__SHOT__t1247.80-t1259.20_STABLE.mp4","15876120","71.49"
"1920x1080@18.2s","out\portrait_reels\previews\009__SHOT__t1420.40-t1438.20_preview.mp4","192555064","out\portrait_reels\previews\009__SHOT__t1420.40-t1438.20_STABLE.mp4","23802196","87.64"
"1920x1080@15.7s","out\portrait_reels\previews\011__SHOTS__t1655.00-t1670.30_preview.mp4","176235635","out\portrait_reels\previews\011__SHOTS__t1655.00-t1670.30_STABLE.mp4","20276376","88.49"
"1920x1080@6.9s","out\portrait_reels\previews\018__SHOT__t2419.50-t2425.60_preview.mp4","38916458","out\portrait_reels\previews\013__GOAL__t1767.50-t1772.60_STABLE.mp4","9094470","76.63"
"1920x1080@6.9s","out\portrait_reels\previews\018__SHOT__t2419.50-t2425.60_preview.mp4","38916458","out\portrait_reels\previews\018__SHOT__t2419.50-t2425.60_STABLE.mp4","8267498","78.76"
"1920x1080@24.6s","out\portrait_reels\previews\014__GOAL__t1904.20-t1925.20_preview.mp4","293199773","out\portrait_reels\previews\014__GOAL__t1904.20-t1925.20_STABLE.mp4","34606499","88.2"
"1920x1080@14.8s","out\portrait_reels\previews\016__SHOT__t2029.90-t2039.50_preview.mp4","152664567","out\portrait_reels\previews\016__SHOT__t2029.90-t2039.50_STABLE.mp4","20481007","86.58"
"1920x1080@16.5s","out\portrait_reels\previews\017__SHOT__t2284.90-t2298.20_preview.mp4","175068959","out\portrait_reels\previews\017__SHOT__t2284.90-t2298.20_STABLE.mp4","22476260","87.16"
"1920x1080@7.3s","out\portrait_reels\previews\019__SHOT__t2633.00-t2638.10_preview.mp4","61619625","out\portrait_reels\previews\019__SHOT__t2633.00-t2638.10_STABLE.mp4","9239977","85"
"1920x1080@31.8s","out\portrait_reels\previews\022__SHOT__t3028.10-t3059.70_preview.mp4","351357476","out\portrait_reels\previews\022__SHOT__t3028.10-t3059.70_STABLE.mp4","41961607","88.06"
"1080x1920@43s","out\branded_clips\REELS\2025-10-04__TSC_vs_FC_Tulsa_Black\006__2025-10-04__TSC_vs_FC_Tulsa_Black__BUILD_UP_GOAL__t40440.00-t43020.00.__DEBUG__REEL.mp4","98727923","out\branded_clips\REELS\2025-10-04__TSC_vs_FC\006__2025-10-04__TSC_vs_FC_Tulsa_Black__BUILD_UP_GOAL__t40440.00-t43020.00.__DEBUG__REEL.mp4","77040119","21.97"
"1080x1920@22s","out\branded_clips\REELS\2025-10-04__TSC_vs_FC_Tulsa_Black\010__2025-10-04__TSC_vs_FC_Tulsa_Black__BUILD_UP_SHOT__t63480.00-t64800.00__REEL.mp4","44150739","out\branded_clips\REELS\2025-10-04__TSC_vs_FC\010__2025-10-04__TSC_vs_FC_Tulsa_Black__BUILD_UP_SHOT__t63480.00-t64800.00__REEL.mp4","39667054","10.16"
"1920x1080@25s","out\branded_clips\WIDE\2025-10-04__TSC_vs_FC_Tulsa_Black\001__2025-10-04__TSC_vs_FC_Tulsa_Black__DRIBBLING__t23220.00-t24720.00__WIDE.mp4","86759003","out\branded_clips\WIDE\2025-10-04__TSC_vs_FC_Tulsa_Black\001__2025-10-04__TSC_vs_FC_Tulsa_Black__DRIBBLING__t387-t412__WIDE.mp4","86269051","0.56"
"1920x1080@25s","out\branded_clips\WIDE\2025-10-04__TSC_vs_FC_Tulsa_Black\001__2025-10-04__TSC_vs_FC_Tulsa_Black__DRIBBLING__t23220.00-t24720.00__WIDE.mp4","86759003","out\branded_clips\WIDE\2025-10-04__TSC_vs_FC\001__2025-10-04__TSC_vs_FC_Tulsa_Black__DRIBBLING__t387-t412__WIDE.mp4","44505985","48.7"
"1920x1080@25s","out\branded_clips\WIDE\2025-10-04__TSC_vs_FC_Tulsa_Black\001__2025-10-04__TSC_vs_FC_Tulsa_Black__DRIBBLING__t23220.00-t24720.00__WIDE.mp4","86759003","out\branded_clips\WIDE\2025-10-04__TSC_vs_FC\001__2025-10-04__TSC_vs_FC_Tulsa_Black__DRIBBLING__t23220.00-t24720.00__WIDE.mp4","44490593","48.72"
"1920x1080@43s","out\branded_clips\WIDE\2025-10-04__TSC_vs_FC_Tulsa_Black\006__2025-10-04__TSC_vs_FC_Tulsa_Black__BUILD_UP_GOAL__t40440.00-t43020.00.__DEBUG__WIDE.mp4","154999969","out\branded_clips\WIDE\2025-10-04__TSC_vs_FC\006__2025-10-04__TSC_vs_FC_Tulsa_Black__BUILD_UP_GOAL__t40440.00-t43020.00.__DEBUG__WIDE.mp4","75226796","51.47"
"1920x1080@22s","out\branded_clips\WIDE\2025-10-04__TSC_vs_FC_Tulsa_Black\010__2025-10-04__TSC_vs_FC_Tulsa_Black__BUILD_UP_SHOT__t63480.00-t64800.00__WIDE.mp4","67207659","out\branded_clips\WIDE\2025-10-04__TSC_vs_FC\010__2025-10-04__TSC_vs_FC_Tulsa_Black__BUILD_UP_SHOT__t63480.00-t64800.00__WIDE.mp4","38930516","42.07"
"3840x2160@25s","out\upscaled\011__PRESSURE__t2.711.00-t2.736.00__x2.mp4","165133486","out\upscaled\001__2025-10-04__TSC_vs_FC_Tulsa_Black__DRIBBLING__t387.00-t412.00__x2.mp4","161893451","1.96"
"3840x2160@1618.9s","out\upscaled\001__RAW__t0.00-t0.00.__DEBUG_FINAL__x2.mp4","13986787076","out\upscaled\001__RAW__t0.00-t0.00__x2.mp4","11875797680","15.09"
"3840x2160@10s","out\upscaled\001__SHOT__t135.00-t145.00.__DEBUG_FINAL__x2.mp4","62641291","out\upscaled\001__SHOT__t135.00-t145.00__x2.mp4","49867242","20.39"
"3840x2160@696.9s","out\upscaled\002__RAW__t0.00-t0.00.__DEBUG_FINAL__x2.mp4","5096374810","out\upscaled\002__RAW__t0.00-t0.00__x2.mp4","4432727226","13.02"
"3840x2160@21s","out\upscaled\002__SHOT__t185.00-t206.00.__DEBUG_FINAL__x2.mp4","130082299","out\upscaled\002__SHOT__t185.00-t206.00__x2.mp4","104958458","19.31"
"3840x2160@32s","out\upscaled\003__DEFENSE__t310.00-t342.00.__DEBUG_FINAL__x2.mp4","244930936","out\upscaled\003__DEFENSE__t310.00-t342.00__x2.mp4","195868292","20.03"
"3840x2160@834.7s","out\upscaled\003__RAW__t0.00-t0.00.__DEBUG_FINAL__x2.mp4","7143554544","out\upscaled\003__RAW__t0.00-t0.00__x2.mp4","6077793602","14.92"
"3840x2160@18s","out\upscaled\007__2025-10-04__TSC_vs_FC_Tulsa_Black__BUILD_UP_SHOT__t767.00-t785.00__x2.mp4","121544068","out\upscaled\004__2025-10-04__TSC_vs_FC_Tulsa_Black__BUILD_UP__t495.00-t513.00__x2.mp4","118328507","2.65"
"3840x2160@23s","out\upscaled\004__PRESSURE__t640.00-t663.00.__DEBUG_FINAL__x2.mp4","146370243","out\upscaled\004__PRESSURE__t640.00-t663.00__x2.mp4","120021047","18"
"3840x2160@15s","out\upscaled\005__GOAL__t1.855.00-t1.870.00__x2.mp4","103874443","out\upscaled\008__2025-10-04__TSC_vs_FC_Tulsa_Black__BUILD_UP_SHOT__t1025.00-t1040.00__x2.mp4","103194223","0.65"
"3840x2160@16s","out\upscaled\007__CROSS__t2.212.00-t2.228.00__x2.mp4","111260420","out\upscaled\013__2025-10-04__TSC_vs_FC_Tulsa_Black__BUILD_UP_PLAY__t1290.00-t1306.00__x2.mp4","107684379","3.21"
"3840x2160@16s","out\upscaled\007__CROSS__t2.212.00-t2.228.00__x2.mp4","111260420","out\upscaled\015__2025-10-04__TSC_vs_FC_Tulsa_Black__BUILD_UP_SHOT__t1705.00-t1721.00__x2.mp4","101490852","8.78"
"3840x2160@11s","out\upscaled\014__2025-10-04__TSC_vs_FC_Tulsa_Black__SHOT__t1626.00-t1637.00__x2.mp4","68731289","out\upscaled\009__2025-10-04__TSC_vs_FC_Tulsa_Black__PRESSURE_SHOT__t1046.00-t1057.00__x2.mp4","60537705","11.92"
"3840x2160@12s","out\upscaled\009__BUILD_UP__t2.673.00-t2.685.00__x2.mp4","78335691","out\upscaled\010__PRESSURE__t2.694.00-t2.706.00__x2.mp4","74899026","4.39"
"3840x2160@31.8s","out\upscaled\022__SHOT__t3028.10-t3059.70.__DEBUG__x2.mp4","205892347","out\upscaled\022__SHOT__t3028.10-t3059.70.__DEBUG_FINAL__x2.mp4","203605270","1.11"
