"OldFullPath","NewFullPath","RelativePath","Hash","SizeBytes","MovedAt"
"C:\Users\scott\soccer-video\out\atomic_clips\2025-09-20__TSC_vs_Greenwood\003__2025-09-20__TSC_vs_Greenwood__BUILD_UP_PLAY_SHOT__t421.00-t441.00_portrait_POST.mp4","C:\Users\scott\soccer-video\out\_trash\dedupe_exact\20251103_125328\out\atomic_clips\2025-09-20__TSC_vs_Greenwood\003__2025-09-20__TSC_vs_Greenwood__BUILD_UP_PLAY_SHOT__t421.00-t441.00_portrait_POST.mp4","out\atomic_clips\2025-09-20__TSC_vs_Greenwood\003__2025-09-20__TSC_vs_Greenwood__BUILD_UP_PLAY_SHOT__t421.00-t441.00_portrait_POST.mp4","1038925E5DE5C71AF18E43E541378093C39DB6921A1A18A84F3185DDC0732738","34780476","11/3/2025 12:53:29 PM"
"C:\Users\scott\soccer-video\out\atomic_clips\2025-09-20__TSC_vs_Greenwood\004__2025-09-20__TSC_vs_Greenwood__PRESSURE_TWO_SHOTS__t444.00-t456.00_portrait_POST.mp4","C:\Users\scott\soccer-video\out\_trash\dedupe_exact\20251103_125328\out\atomic_clips\2025-09-20__TSC_vs_Greenwood\004__2025-09-20__TSC_vs_Greenwood__PRESSURE_TWO_SHOTS__t444.00-t456.00_portrait_POST.mp4","out\atomic_clips\2025-09-20__TSC_vs_Greenwood\004__2025-09-20__TSC_vs_Greenwood__PRESSURE_TWO_SHOTS__t444.00-t456.00_portrait_POST.mp4","E175A3F61A09A0C210A245AE082D796973DC856AA089C7F58B2D5D5FB7571ADD","22934519","11/3/2025 12:53:29 PM"
"C:\Users\scott\soccer-video\out\atomic_clips\2025-09-20__TSC_vs_Greenwood\005__2025-09-20__TSC_vs_Greenwood__WIN_FREE_KICK__t538.00-t553.00_portrait_POST.mp4","C:\Users\scott\soccer-video\out\_trash\dedupe_exact\20251103_125328\out\atomic_clips\2025-09-20__TSC_vs_Greenwood\005__2025-09-20__TSC_vs_Greenwood__WIN_FREE_KICK__t538.00-t553.00_portrait_POST.mp4","out\atomic_clips\2025-09-20__TSC_vs_Greenwood\005__2025-09-20__TSC_vs_Greenwood__WIN_FREE_KICK__t538.00-t553.00_portrait_POST.mp4","185925319A3E971129E25D2149E8F7F5512BE86003A1EB9D985F84D9DC0590A8","23051882","11/3/2025 12:53:29 PM"
"C:\Users\scott\soccer-video\out\atomic_clips\2025-09-20__TSC_vs_Greenwood\006__2025-09-20__TSC_vs_Greenwood__BUILD_UP_PLAY_SHOT__t685.00-t708.00_portrait_POST.mp4","C:\Users\scott\soccer-video\out\_trash\dedupe_exact\20251103_125328\out\atomic_clips\2025-09-20__TSC_vs_Greenwood\006__2025-09-20__TSC_vs_Greenwood__BUILD_UP_PLAY_SHOT__t685.00-t708.00_portrait_POST.mp4","out\atomic_clips\2025-09-20__TSC_vs_Greenwood\006__2025-09-20__TSC_vs_Greenwood__BUILD_UP_PLAY_SHOT__t685.00-t708.00_portrait_POST.mp4","0E51501AE97C44D3382D8710F8F770E730D70F2759503F64F35ABAA68DB047C5","34500795","11/3/2025 12:53:29 PM"
"C:\Users\scott\soccer-video\out\atomic_clips\2025-09-20__TSC_vs_Greenwood\007__2025-09-20__TSC_vs_Greenwood__DRIBBLING_SHOT__t739.00-t752.00_portrait_POST.mp4","C:\Users\scott\soccer-video\out\_trash\dedupe_exact\20251103_125328\out\atomic_clips\2025-09-20__TSC_vs_Greenwood\007__2025-09-20__TSC_vs_Greenwood__DRIBBLING_SHOT__t739.00-t752.00_portrait_POST.mp4","out\atomic_clips\2025-09-20__TSC_vs_Greenwood\007__2025-09-20__TSC_vs_Greenwood__DRIBBLING_SHOT__t739.00-t752.00_portrait_POST.mp4","C7A7E53324EA7A662C86F475754E0750411C46AFA111BE92DA2194B8A47A4CD4","23485482","11/3/2025 12:53:29 PM"
"C:\Users\scott\soccer-video\out\atomic_clips\2025-09-20__TSC_vs_Greenwood\008__2025-09-20__TSC_vs_Greenwood__PRESSURE_SHOT__t754.00-t783.00_portrait_POST.mp4","C:\Users\scott\soccer-video\out\_trash\dedupe_exact\20251103_125328\out\atomic_clips\2025-09-20__TSC_vs_Greenwood\008__2025-09-20__TSC_vs_Greenwood__PRESSURE_SHOT__t754.00-t783.00_portrait_POST.mp4","out\atomic_clips\2025-09-20__TSC_vs_Greenwood\008__2025-09-20__TSC_vs_Greenwood__PRESSURE_SHOT__t754.00-t783.00_portrait_POST.mp4","69A6EA03CA82656B34515A4887636534CDE0A261744E77F41EB9F0A6473FC22F","52505866","11/3/2025 12:53:29 PM"
"C:\Users\scott\soccer-video\out\atomic_clips\2025-09-20__TSC_vs_Greenwood\009__2025-09-20__TSC_vs_Greenwood__PRESSURE_SHOT__t802.00-t818.00_portrait_POST.mp4","C:\Users\scott\soccer-video\out\_trash\dedupe_exact\20251103_125328\out\atomic_clips\2025-09-20__TSC_vs_Greenwood\009__2025-09-20__TSC_vs_Greenwood__PRESSURE_SHOT__t802.00-t818.00_portrait_POST.mp4","out\atomic_clips\2025-09-20__TSC_vs_Greenwood\009__2025-09-20__TSC_vs_Greenwood__PRESSURE_SHOT__t802.00-t818.00_portrait_POST.mp4","987D6A823FD5E08196A811838D231FBBAA0FB52C3E961B81194DC31879C9382B","26297732","11/3/2025 12:53:29 PM"
"C:\Users\scott\soccer-video\out\atomic_clips\2025-09-20__TSC_vs_Greenwood\010__2025-09-20__TSC_vs_Greenwood__DEFENSE_BUILD_UP__t821.00-t848.00_portrait_POST.mp4","C:\Users\scott\soccer-video\out\_trash\dedupe_exact\20251103_125328\out\atomic_clips\2025-09-20__TSC_vs_Greenwood\010__2025-09-20__TSC_vs_Greenwood__DEFENSE_BUILD_UP__t821.00-t848.00_portrait_POST.mp4","out\atomic_clips\2025-09-20__TSC_vs_Greenwood\010__2025-09-20__TSC_vs_Greenwood__DEFENSE_BUILD_UP__t821.00-t848.00_portrait_POST.mp4","6B6BBDA6DB1973C9079494C55B1466B7573C150EB269A0BA7B38B64879501F7A","46438681","11/3/2025 12:53:29 PM"
"C:\Users\scott\soccer-video\out\atomic_clips\2025-09-20__TSC_vs_Greenwood\011__2025-09-20__TSC_vs_Greenwood__GOAL__t902.00-t913.00_portrait_POST.mp4","C:\Users\scott\soccer-video\out\_trash\dedupe_exact\20251103_125328\out\atomic_clips\2025-09-20__TSC_vs_Greenwood\011__2025-09-20__TSC_vs_Greenwood__GOAL__t902.00-t913.00_portrait_POST.mp4","out\atomic_clips\2025-09-20__TSC_vs_Greenwood\011__2025-09-20__TSC_vs_Greenwood__GOAL__t902.00-t913.00_portrait_POST.mp4","6CE4AB514C5E56F1712B5F5320867D831DF1EA26063101836B408E57B84FD39C","20234155","11/3/2025 12:53:29 PM"
"C:\Users\scott\soccer-video\out\atomic_clips\2025-09-20__TSC_vs_Greenwood\012__2025-09-20__TSC_vs_Greenwood__BUILD_SHOT__t973.00-t987.00_portrait_POST.mp4","C:\Users\scott\soccer-video\out\_trash\dedupe_exact\20251103_125328\out\atomic_clips\2025-09-20__TSC_vs_Greenwood\012__2025-09-20__TSC_vs_Greenwood__BUILD_SHOT__t973.00-t987.00_portrait_POST.mp4","out\atomic_clips\2025-09-20__TSC_vs_Greenwood\012__2025-09-20__TSC_vs_Greenwood__BUILD_SHOT__t973.00-t987.00_portrait_POST.mp4","D4BF478CFCEFB5007A2965342EE8701831A447796B2461F78AF92236E87C44E0","22470661","11/3/2025 12:53:29 PM"
"C:\Users\scott\soccer-video\out\atomic_clips\2025-09-20__TSC_vs_Greenwood\013__2025-09-20__TSC_vs_Greenwood__PRESSURE_SHOT__t988.00-t1001.00_portrait_POST.mp4","C:\Users\scott\soccer-video\out\_trash\dedupe_exact\20251103_125328\out\atomic_clips\2025-09-20__TSC_vs_Greenwood\013__2025-09-20__TSC_vs_Greenwood__PRESSURE_SHOT__t988.00-t1001.00_portrait_POST.mp4","out\atomic_clips\2025-09-20__TSC_vs_Greenwood\013__2025-09-20__TSC_vs_Greenwood__PRESSURE_SHOT__t988.00-t1001.00_portrait_POST.mp4","3F10C963D7C28FE58AD411D88306C04341046BA67C65EF37868FAF1753AC371A","22967378","11/3/2025 12:53:29 PM"
"C:\Users\scott\soccer-video\out\atomic_clips\2025-09-20__TSC_vs_Greenwood\014__2025-09-20__TSC_vs_Greenwood__PRESSURE_SHOT__t1063.00-t1073.00_portrait_POST.mp4","C:\Users\scott\soccer-video\out\_trash\dedupe_exact\20251103_125328\out\atomic_clips\2025-09-20__TSC_vs_Greenwood\014__2025-09-20__TSC_vs_Greenwood__PRESSURE_SHOT__t1063.00-t1073.00_portrait_POST.mp4","out\atomic_clips\2025-09-20__TSC_vs_Greenwood\014__2025-09-20__TSC_vs_Greenwood__PRESSURE_SHOT__t1063.00-t1073.00_portrait_POST.mp4","E61813C5183417C71F80B8558101DBE2D5ED0435C9D2F4E2F207337955034BE2","16538173","11/3/2025 12:53:29 PM"
"C:\Users\scott\soccer-video\out\atomic_clips\2025-09-20__TSC_vs_Greenwood\015__2025-09-20__TSC_vs_Greenwood__SHOT__t1081.00-t1088.00_portrait_POST.mp4","C:\Users\scott\soccer-video\out\_trash\dedupe_exact\20251103_125328\out\atomic_clips\2025-09-20__TSC_vs_Greenwood\015__2025-09-20__TSC_vs_Greenwood__SHOT__t1081.00-t1088.00_portrait_POST.mp4","out\atomic_clips\2025-09-20__TSC_vs_Greenwood\015__2025-09-20__TSC_vs_Greenwood__SHOT__t1081.00-t1088.00_portrait_POST.mp4","3D6F06BC857F3BF84C6C8BFED39A102D4151DEBF66E481237BE4289FA9370FB1","11250602","11/3/2025 12:53:29 PM"
"C:\Users\scott\soccer-video\out\atomic_clips\2025-09-20__TSC_vs_Greenwood\016__2025-09-20__TSC_vs_Greenwood__BUILD_UP_PLAY_SHOT__t1195.00-t1209.00_portrait_POST.mp4","C:\Users\scott\soccer-video\out\_trash\dedupe_exact\20251103_125328\out\atomic_clips\2025-09-20__TSC_vs_Greenwood\016__2025-09-20__TSC_vs_Greenwood__BUILD_UP_PLAY_SHOT__t1195.00-t1209.00_portrait_POST.mp4","out\atomic_clips\2025-09-20__TSC_vs_Greenwood\016__2025-09-20__TSC_vs_Greenwood__BUILD_UP_PLAY_SHOT__t1195.00-t1209.00_portrait_POST.mp4","DC038E98F4CD90F28DDC2B9B72FC82A0AD6407407666C299F171C9705D2E22A0","24053850","11/3/2025 12:53:29 PM"
"C:\Users\scott\soccer-video\out\atomic_clips\2025-09-20__TSC_vs_Greenwood\017__2025-09-20__TSC_vs_Greenwood__PRESSURE_SHOT__t1212.00-t1224.00_portrait_POST.mp4","C:\Users\scott\soccer-video\out\_trash\dedupe_exact\20251103_125328\out\atomic_clips\2025-09-20__TSC_vs_Greenwood\017__2025-09-20__TSC_vs_Greenwood__PRESSURE_SHOT__t1212.00-t1224.00_portrait_POST.mp4","out\atomic_clips\2025-09-20__TSC_vs_Greenwood\017__2025-09-20__TSC_vs_Greenwood__PRESSURE_SHOT__t1212.00-t1224.00_portrait_POST.mp4","8D8847AF61C6E139CA51C10220A3FA6DA35DA5E7A8E7D5005AE5A29ECB743DFB","21381629","11/3/2025 12:53:29 PM"
"C:\Users\scott\soccer-video\out\atomic_clips\2025-09-20__TSC_vs_Greenwood\018__2025-09-20__TSC_vs_Greenwood__BUILD_UP_PLAY_GOAL__t1292.00-t1329.00_portrait_POST.mp4","C:\Users\scott\soccer-video\out\_trash\dedupe_exact\20251103_125328\out\atomic_clips\2025-09-20__TSC_vs_Greenwood\018__2025-09-20__TSC_vs_Greenwood__BUILD_UP_PLAY_GOAL__t1292.00-t1329.00_portrait_POST.mp4","out\atomic_clips\2025-09-20__TSC_vs_Greenwood\018__2025-09-20__TSC_vs_Greenwood__BUILD_UP_PLAY_GOAL__t1292.00-t1329.00_portrait_POST.mp4","43AA5467CCCF5AA692312DA63C16D63C8E8302677E7D52FBD19812F4528AC314","61907669","11/3/2025 12:53:29 PM"
"C:\Users\scott\soccer-video\out\atomic_clips\2025-09-20__TSC_vs_Greenwood\019__2025-09-20__TSC_vs_Greenwood__PRESSURE_SHOT__t1369.00-t1383.00_portrait_POST.mp4","C:\Users\scott\soccer-video\out\_trash\dedupe_exact\20251103_125328\out\atomic_clips\2025-09-20__TSC_vs_Greenwood\019__2025-09-20__TSC_vs_Greenwood__PRESSURE_SHOT__t1369.00-t1383.00_portrait_POST.mp4","out\atomic_clips\2025-09-20__TSC_vs_Greenwood\019__2025-09-20__TSC_vs_Greenwood__PRESSURE_SHOT__t1369.00-t1383.00_portrait_POST.mp4","F4F7690444F7807D60AE0F36F9B5FEF50B05E6C0645CB29DF47B4E575CD15D5C","24648514","11/3/2025 12:53:29 PM"
"C:\Users\scott\soccer-video\out\atomic_clips\2025-09-20__TSC_vs_Greenwood\020__2025-09-20__TSC_vs_Greenwood__PRESSURE_SHOT__t1393.00-t1409.00_portrait_POST.mp4","C:\Users\scott\soccer-video\out\_trash\dedupe_exact\20251103_125328\out\atomic_clips\2025-09-20__TSC_vs_Greenwood\020__2025-09-20__TSC_vs_Greenwood__PRESSURE_SHOT__t1393.00-t1409.00_portrait_POST.mp4","out\atomic_clips\2025-09-20__TSC_vs_Greenwood\020__2025-09-20__TSC_vs_Greenwood__PRESSURE_SHOT__t1393.00-t1409.00_portrait_POST.mp4","E33F4CAD877F25BFF8A9297A36920851B4E19D040D0B970EBDF2ADB692593B26","26289255","11/3/2025 12:53:29 PM"
"C:\Users\scott\soccer-video\out\atomic_clips\2025-09-20__TSC_vs_Greenwood\036__2025-09-20__TSC_vs_Greenwood__PRESSURE_SHOT__t3906000.00-t3942000.00.mp4","C:\Users\scott\soccer-video\out\_trash\dedupe_exact\20251103_125328\out\atomic_clips\2025-09-20__TSC_vs_Greenwood\036__2025-09-20__TSC_vs_Greenwood__PRESSURE_SHOT__t3906000.00-t3942000.00.mp4","out\atomic_clips\2025-09-20__TSC_vs_Greenwood\036__2025-09-20__TSC_vs_Greenwood__PRESSURE_SHOT__t3906000.00-t3942000.00.mp4","3A4E6EF8B54EE0DED61103C66016051F979C87A664E59324F7EB89DF5FD8AD57","644889","11/3/2025 12:53:29 PM"
"C:\Users\scott\soccer-video\out\atomic_clips\2025-09-20__TSC_vs_RVFC\006__2025-09-20__TSC_vs_RVFC__SHOT__t517.00-t528.00_portrait_POST.mp4","C:\Users\scott\soccer-video\out\_trash\dedupe_exact\20251103_125328\out\atomic_clips\2025-09-20__TSC_vs_RVFC\006__2025-09-20__TSC_vs_RVFC__SHOT__t517.00-t528.00_portrait_POST.mp4","out\atomic_clips\2025-09-20__TSC_vs_RVFC\006__2025-09-20__TSC_vs_RVFC__SHOT__t517.00-t528.00_portrait_POST.mp4","FD8F77F359F9625AE0AED7D6A443541E6277A8553160FBEBEB01773A80B3A51A","19100240","11/3/2025 12:53:29 PM"
"C:\Users\scott\soccer-video\out\atomic_clips\2025-09-20__TSC_vs_RVFC\007__2025-09-20__TSC_vs_RVFC__PRESSURE_GOAL__t529.00-t547.00_portrait_POST.mp4","C:\Users\scott\soccer-video\out\_trash\dedupe_exact\20251103_125328\out\atomic_clips\2025-09-20__TSC_vs_RVFC\007__2025-09-20__TSC_vs_RVFC__PRESSURE_GOAL__t529.00-t547.00_portrait_POST.mp4","out\atomic_clips\2025-09-20__TSC_vs_RVFC\007__2025-09-20__TSC_vs_RVFC__PRESSURE_GOAL__t529.00-t547.00_portrait_POST.mp4","A237CA4CEC3B664F95CB32A728498FA285C9B5CFC70F7803FE34B8DD32021BAF","26707547","11/3/2025 12:53:29 PM"
"C:\Users\scott\soccer-video\out\atomic_clips\2025-09-20__TSC_vs_RVFC\008__2025-09-20__TSC_vs_RVFC__BUILD_UP_PLAY_SHOT__t565.00-t600.00_portrait_POST.mp4","C:\Users\scott\soccer-video\out\_trash\dedupe_exact\20251103_125328\out\atomic_clips\2025-09-20__TSC_vs_RVFC\008__2025-09-20__TSC_vs_RVFC__BUILD_UP_PLAY_SHOT__t565.00-t600.00_portrait_POST.mp4","out\atomic_clips\2025-09-20__TSC_vs_RVFC\008__2025-09-20__TSC_vs_RVFC__BUILD_UP_PLAY_SHOT__t565.00-t600.00_portrait_POST.mp4","3B41F66773376B3DD532B2DC769CD306E5AF1A88C2B251542EAD87B3014FBDA4","57578989","11/3/2025 12:53:29 PM"
"C:\Users\scott\soccer-video\out\atomic_clips\2025-09-20__TSC_vs_RVFC\009__2025-09-20__TSC_vs_RVFC__PRESSURE_SHOT__t604.00-t620.00_portrait_POST.mp4","C:\Users\scott\soccer-video\out\_trash\dedupe_exact\20251103_125328\out\atomic_clips\2025-09-20__TSC_vs_RVFC\009__2025-09-20__TSC_vs_RVFC__PRESSURE_SHOT__t604.00-t620.00_portrait_POST.mp4","out\atomic_clips\2025-09-20__TSC_vs_RVFC\009__2025-09-20__TSC_vs_RVFC__PRESSURE_SHOT__t604.00-t620.00_portrait_POST.mp4","1A498BE9377DC6632D1A920C33641EE6169C2B4BD7BB2D6FED6F597443AEF4BB","29053450","11/3/2025 12:53:29 PM"
"C:\Users\scott\soccer-video\out\atomic_clips\2025-09-20__TSC_vs_RVFC\010__2025-09-20__TSC_vs_RVFC__PRESSURE_SHOT__t675.00-t689.00_portrait_POST.mp4","C:\Users\scott\soccer-video\out\_trash\dedupe_exact\20251103_125328\out\atomic_clips\2025-09-20__TSC_vs_RVFC\010__2025-09-20__TSC_vs_RVFC__PRESSURE_SHOT__t675.00-t689.00_portrait_POST.mp4","out\atomic_clips\2025-09-20__TSC_vs_RVFC\010__2025-09-20__TSC_vs_RVFC__PRESSURE_SHOT__t675.00-t689.00_portrait_POST.mp4","5144EF3C8D244A3719B9BB38766B8B5CBD6D168A985823A03D379A7713E3A592","22561871","11/3/2025 12:53:29 PM"
"C:\Users\scott\soccer-video\out\atomic_clips\2025-09-20__TSC_vs_RVFC\011__2025-09-20__TSC_vs_RVFC__PRESSURE_SHOT__t689.00-t702.00_portrait_POST.mp4","C:\Users\scott\soccer-video\out\_trash\dedupe_exact\20251103_125328\out\atomic_clips\2025-09-20__TSC_vs_RVFC\011__2025-09-20__TSC_vs_RVFC__PRESSURE_SHOT__t689.00-t702.00_portrait_POST.mp4","out\atomic_clips\2025-09-20__TSC_vs_RVFC\011__2025-09-20__TSC_vs_RVFC__PRESSURE_SHOT__t689.00-t702.00_portrait_POST.mp4","B7F6A891800D01D268F3F1A93EDD9F4751E2AAC8A12DD163AF863292472A8430","22453184","11/3/2025 12:53:29 PM"
"C:\Users\scott\soccer-video\out\atomic_clips\2025-09-20__TSC_vs_RVFC\012__2025-09-20__TSC_vs_RVFC__BUILD_UP_PLAY_SHOT__t746.00-t757.00_portrait_POST.mp4","C:\Users\scott\soccer-video\out\_trash\dedupe_exact\20251103_125328\out\atomic_clips\2025-09-20__TSC_vs_RVFC\012__2025-09-20__TSC_vs_RVFC__BUILD_UP_PLAY_SHOT__t746.00-t757.00_portrait_POST.mp4","out\atomic_clips\2025-09-20__TSC_vs_RVFC\012__2025-09-20__TSC_vs_RVFC__BUILD_UP_PLAY_SHOT__t746.00-t757.00_portrait_POST.mp4","1010B0D5BD3FD28E08145E0DD9039EA1C4C32B268ECEA3BFE3064DA43E29E994","20627529","11/3/2025 12:53:29 PM"
"C:\Users\scott\soccer-video\out\atomic_clips\2025-09-20__TSC_vs_RVFC\013__2025-09-20__TSC_vs_RVFC__BUILD_UP_PLAY_SHOT__t821.00-t865.00_portrait_POST.mp4","C:\Users\scott\soccer-video\out\_trash\dedupe_exact\20251103_125328\out\atomic_clips\2025-09-20__TSC_vs_RVFC\013__2025-09-20__TSC_vs_RVFC__BUILD_UP_PLAY_SHOT__t821.00-t865.00_portrait_POST.mp4","out\atomic_clips\2025-09-20__TSC_vs_RVFC\013__2025-09-20__TSC_vs_RVFC__BUILD_UP_PLAY_SHOT__t821.00-t865.00_portrait_POST.mp4","A1EF7EA1814A59E8EF8992DD39745266825369EE898326F15424328A6101A092","76926071","11/3/2025 12:53:29 PM"
"C:\Users\scott\soccer-video\out\atomic_clips\2025-09-20__TSC_vs_RVFC\014__2025-09-20__TSC_vs_RVFC__DEFENSE_BUILD_UP__t880.00-t897.00_portrait_POST.mp4","C:\Users\scott\soccer-video\out\_trash\dedupe_exact\20251103_125328\out\atomic_clips\2025-09-20__TSC_vs_RVFC\014__2025-09-20__TSC_vs_RVFC__DEFENSE_BUILD_UP__t880.00-t897.00_portrait_POST.mp4","out\atomic_clips\2025-09-20__TSC_vs_RVFC\014__2025-09-20__TSC_vs_RVFC__DEFENSE_BUILD_UP__t880.00-t897.00_portrait_POST.mp4","D634E2039C1DB4E60CBE0E78CAF1B813796B5B9EB5322352227DAE313459E0FE","27013008","11/3/2025 12:53:29 PM"
"C:\Users\scott\soccer-video\out\atomic_clips\2025-09-20__TSC_vs_RVFC\015__2025-09-20__TSC_vs_RVFC__SHOT__t930.00-t937.00_portrait_POST.mp4","C:\Users\scott\soccer-video\out\_trash\dedupe_exact\20251103_125328\out\atomic_clips\2025-09-20__TSC_vs_RVFC\015__2025-09-20__TSC_vs_RVFC__SHOT__t930.00-t937.00_portrait_POST.mp4","out\atomic_clips\2025-09-20__TSC_vs_RVFC\015__2025-09-20__TSC_vs_RVFC__SHOT__t930.00-t937.00_portrait_POST.mp4","483AB4424BD4B180080415AEB2BB7F9216CFAF4997B035E1DFCA77BAAF13AF34","11726340","11/3/2025 12:53:29 PM"
"C:\Users\scott\soccer-video\out\atomic_clips\2025-09-20__TSC_vs_RVFC\016__2025-09-20__TSC_vs_RVFC__BUILD_UP_PLAY_SHOT__t999.00-t1022.00_portrait_POST.mp4","C:\Users\scott\soccer-video\out\_trash\dedupe_exact\20251103_125328\out\atomic_clips\2025-09-20__TSC_vs_RVFC\016__2025-09-20__TSC_vs_RVFC__BUILD_UP_PLAY_SHOT__t999.00-t1022.00_portrait_POST.mp4","out\atomic_clips\2025-09-20__TSC_vs_RVFC\016__2025-09-20__TSC_vs_RVFC__BUILD_UP_PLAY_SHOT__t999.00-t1022.00_portrait_POST.mp4","4E017C7D60A3D4503D4639CF91A73887A26F27172C5D85151AA7B51D2396EA18","35594922","11/3/2025 12:53:29 PM"
"C:\Users\scott\soccer-video\out\atomic_clips\2025-09-20__TSC_vs_RVFC\017__2025-09-20__TSC_vs_RVFC__BUILD_UP_PLAY_SHOT__t1088.00-t1124.00_portrait_POST.mp4","C:\Users\scott\soccer-video\out\_trash\dedupe_exact\20251103_125328\out\atomic_clips\2025-09-20__TSC_vs_RVFC\017__2025-09-20__TSC_vs_RVFC__BUILD_UP_PLAY_SHOT__t1088.00-t1124.00_portrait_POST.mp4","out\atomic_clips\2025-09-20__TSC_vs_RVFC\017__2025-09-20__TSC_vs_RVFC__BUILD_UP_PLAY_SHOT__t1088.00-t1124.00_portrait_POST.mp4","BBA9142D7257F0EF11B613CD93C55E13AD4D5E81EBC9FE9C5C1847CB3E01BBB2","52901681","11/3/2025 12:53:29 PM"
"C:\Users\scott\soccer-video\out\atomic_clips\2025-09-20__TSC_vs_RVFC\018__2025-09-20__TSC_vs_RVFC__DRIBBLING_SHOT__t1147.00-t1153.00_portrait_POST.mp4","C:\Users\scott\soccer-video\out\_trash\dedupe_exact\20251103_125328\out\atomic_clips\2025-09-20__TSC_vs_RVFC\018__2025-09-20__TSC_vs_RVFC__DRIBBLING_SHOT__t1147.00-t1153.00_portrait_POST.mp4","out\atomic_clips\2025-09-20__TSC_vs_RVFC\018__2025-09-20__TSC_vs_RVFC__DRIBBLING_SHOT__t1147.00-t1153.00_portrait_POST.mp4","6A9F8BF439BA3FBDD4F972AFDCEEF2AB5D61EFB3115F304F2A1648140F487BB9","9827658","11/3/2025 12:53:29 PM"
"C:\Users\scott\soccer-video\out\atomic_clips\2025-09-20__TSC_vs_RVFC\019__2025-09-20__TSC_vs_RVFC__BUILD_UP_PLAY_SHOT__t1158.00-t1182.00_portrait_POST.mp4","C:\Users\scott\soccer-video\out\_trash\dedupe_exact\20251103_125328\out\atomic_clips\2025-09-20__TSC_vs_RVFC\019__2025-09-20__TSC_vs_RVFC__BUILD_UP_PLAY_SHOT__t1158.00-t1182.00_portrait_POST.mp4","out\atomic_clips\2025-09-20__TSC_vs_RVFC\019__2025-09-20__TSC_vs_RVFC__BUILD_UP_PLAY_SHOT__t1158.00-t1182.00_portrait_POST.mp4","AD44A6269E40C5FB598D3E699DD7776A990301505BB1B61B3F759F4BCE720B3A","35353987","11/3/2025 12:53:29 PM"
"C:\Users\scott\soccer-video\out\atomic_clips\2025-09-20__TSC_vs_RVFC\020__2025-09-20__TSC_vs_RVFC__SHOT__t1236.00-t1243.00_portrait_POST.mp4","C:\Users\scott\soccer-video\out\_trash\dedupe_exact\20251103_125328\out\atomic_clips\2025-09-20__TSC_vs_RVFC\020__2025-09-20__TSC_vs_RVFC__SHOT__t1236.00-t1243.00_portrait_POST.mp4","out\atomic_clips\2025-09-20__TSC_vs_RVFC\020__2025-09-20__TSC_vs_RVFC__SHOT__t1236.00-t1243.00_portrait_POST.mp4","286104BBF4A08CFBEA7B4C3F20D2173182AABAB5D325FBB160B9471E8A9AC9F5","10663493","11/3/2025 12:53:29 PM"
"C:\Users\scott\soccer-video\out\atomic_clips\2025-09-20__TSC_vs_RVFC\021__2025-09-20__TSC_vs_RVFC__CROSS__t1275.00-t1293.00_portrait_POST.mp4","C:\Users\scott\soccer-video\out\_trash\dedupe_exact\20251103_125328\out\atomic_clips\2025-09-20__TSC_vs_RVFC\021__2025-09-20__TSC_vs_RVFC__CROSS__t1275.00-t1293.00_portrait_POST.mp4","out\atomic_clips\2025-09-20__TSC_vs_RVFC\021__2025-09-20__TSC_vs_RVFC__CROSS__t1275.00-t1293.00_portrait_POST.mp4","5DF4F553AAFF896E616062ED6F4EB78DED9E913F6A4CD269EAE38091CC377F44","26527338","11/3/2025 12:53:29 PM"
"C:\Users\scott\soccer-video\out\atomic_clips\2025-09-20__TSC_vs_RVFC\022__2025-09-20__TSC_vs_RVFC__PRESSURE_SHOT__t1300.00-t1310.00_portrait_POST.mp4","C:\Users\scott\soccer-video\out\_trash\dedupe_exact\20251103_125328\out\atomic_clips\2025-09-20__TSC_vs_RVFC\022__2025-09-20__TSC_vs_RVFC__PRESSURE_SHOT__t1300.00-t1310.00_portrait_POST.mp4","out\atomic_clips\2025-09-20__TSC_vs_RVFC\022__2025-09-20__TSC_vs_RVFC__PRESSURE_SHOT__t1300.00-t1310.00_portrait_POST.mp4","6716E449C45C0E215E4A4B457D17084FD4906B5C994F012EFEB9F61913982978","15486106","11/3/2025 12:53:29 PM"
"C:\Users\scott\soccer-video\out\atomic_clips\2025-09-20__TSC_vs_RVFC\023__2025-09-20__TSC_vs_RVFC__PRESSURE_SHOT__t1316.00-t1329.00_portrait_POST.mp4","C:\Users\scott\soccer-video\out\_trash\dedupe_exact\20251103_125328\out\atomic_clips\2025-09-20__TSC_vs_RVFC\023__2025-09-20__TSC_vs_RVFC__PRESSURE_SHOT__t1316.00-t1329.00_portrait_POST.mp4","out\atomic_clips\2025-09-20__TSC_vs_RVFC\023__2025-09-20__TSC_vs_RVFC__PRESSURE_SHOT__t1316.00-t1329.00_portrait_POST.mp4","6C783CB465C934BA830A9E0C87C34BE261FF2465099537BA16AEF601A24D2821","23449084","11/3/2025 12:53:29 PM"
"C:\Users\scott\soccer-video\out\atomic_clips\2025-09-20__TSC_vs_RVFC\024__2025-09-20__TSC_vs_RVFC__FREE_KICK__t1402.00-t1421.00_portrait_POST.mp4","C:\Users\scott\soccer-video\out\_trash\dedupe_exact\20251103_125328\out\atomic_clips\2025-09-20__TSC_vs_RVFC\024__2025-09-20__TSC_vs_RVFC__FREE_KICK__t1402.00-t1421.00_portrait_POST.mp4","out\atomic_clips\2025-09-20__TSC_vs_RVFC\024__2025-09-20__TSC_vs_RVFC__FREE_KICK__t1402.00-t1421.00_portrait_POST.mp4","470433646FB4E65888A733ED591E6729B8733ECE6D302EFBBD38887B8E952880","31602242","11/3/2025 12:53:29 PM"
"C:\Users\scott\soccer-video\out\reels\portrait_1080x1920\006__2025-09-20__TSC_vs_RVFC__SHOT__t31020.00-t31680.00.mp4","C:\Users\scott\soccer-video\out\_trash\dedupe_exact\20251103_125328\out\reels\portrait_1080x1920\006__2025-09-20__TSC_vs_RVFC__SHOT__t31020.00-t31680.00.mp4","out\reels\portrait_1080x1920\006__2025-09-20__TSC_vs_RVFC__SHOT__t31020.00-t31680.00.mp4","697A80B4D2F36FC9D90D54317F0AFEC380B196F21A6056F9933DB06683FBC62E","261","11/3/2025 12:53:29 PM"
"C:\Users\scott\soccer-video\out\reels\portrait_1080x1920\002__2025-09-20__TSC_vs_Greenwood__GOAL__t20400.00-t21180.00.mp4","C:\Users\scott\soccer-video\out\_trash\dedupe_exact\20251103_125328\out\reels\portrait_1080x1920\002__2025-09-20__TSC_vs_Greenwood__GOAL__t20400.00-t21180.00.mp4","out\reels\portrait_1080x1920\002__2025-09-20__TSC_vs_Greenwood__GOAL__t20400.00-t21180.00.mp4","697A80B4D2F36FC9D90D54317F0AFEC380B196F21A6056F9933DB06683FBC62E","261","11/3/2025 12:53:29 PM"
"C:\Users\scott\soccer-video\out\reels\portrait_1080x1920\002__2025-09-20__TSC_vs_RVFC__PRESSURE_SHOT__t7920.00-t8880.00.mp4","C:\Users\scott\soccer-video\out\_trash\dedupe_exact\20251103_125328\out\reels\portrait_1080x1920\002__2025-09-20__TSC_vs_RVFC__PRESSURE_SHOT__t7920.00-t8880.00.mp4","out\reels\portrait_1080x1920\002__2025-09-20__TSC_vs_RVFC__PRESSURE_SHOT__t7920.00-t8880.00.mp4","697A80B4D2F36FC9D90D54317F0AFEC380B196F21A6056F9933DB06683FBC62E","261","11/3/2025 12:53:29 PM"
"C:\Users\scott\soccer-video\out\reels\portrait_1080x1920\003__2025-09-20__TSC_vs_RVFC__PRESSURE_SHOT__t15480.00-t16260.00.mp4","C:\Users\scott\soccer-video\out\_trash\dedupe_exact\20251103_125328\out\reels\portrait_1080x1920\003__2025-09-20__TSC_vs_RVFC__PRESSURE_SHOT__t15480.00-t16260.00.mp4","out\reels\portrait_1080x1920\003__2025-09-20__TSC_vs_RVFC__PRESSURE_SHOT__t15480.00-t16260.00.mp4","697A80B4D2F36FC9D90D54317F0AFEC380B196F21A6056F9933DB06683FBC62E","261","11/3/2025 12:53:29 PM"
"C:\Users\scott\soccer-video\out\reels\portrait_1080x1920\011__2025-09-20__TSC_vs_RVFC__PRESSURE_SHOT__t41340.00-t42120.00.mp4","C:\Users\scott\soccer-video\out\_trash\dedupe_exact\20251103_125328\out\reels\portrait_1080x1920\011__2025-09-20__TSC_vs_RVFC__PRESSURE_SHOT__t41340.00-t42120.00.mp4","out\reels\portrait_1080x1920\011__2025-09-20__TSC_vs_RVFC__PRESSURE_SHOT__t41340.00-t42120.00.mp4","697A80B4D2F36FC9D90D54317F0AFEC380B196F21A6056F9933DB06683FBC62E","261","11/3/2025 12:53:29 PM"
"C:\Users\scott\soccer-video\out\reels\portrait_1080x1920\004__2025-09-20__TSC_vs_RVFC__PRESSURE_GOAL__t17880.00-t18720.00.mp4","C:\Users\scott\soccer-video\out\_trash\dedupe_exact\20251103_125328\out\reels\portrait_1080x1920\004__2025-09-20__TSC_vs_RVFC__PRESSURE_GOAL__t17880.00-t18720.00.mp4","out\reels\portrait_1080x1920\004__2025-09-20__TSC_vs_RVFC__PRESSURE_GOAL__t17880.00-t18720.00.mp4","697A80B4D2F36FC9D90D54317F0AFEC380B196F21A6056F9933DB06683FBC62E","261","11/3/2025 12:53:29 PM"
"C:\Users\scott\soccer-video\out\reels\portrait_1080x1920\009__2025-09-20__TSC_vs_RVFC__PRESSURE_SHOT__t36240.00-t37200.00.mp4","C:\Users\scott\soccer-video\out\_trash\dedupe_exact\20251103_125328\out\reels\portrait_1080x1920\009__2025-09-20__TSC_vs_RVFC__PRESSURE_SHOT__t36240.00-t37200.00.mp4","out\reels\portrait_1080x1920\009__2025-09-20__TSC_vs_RVFC__PRESSURE_SHOT__t36240.00-t37200.00.mp4","697A80B4D2F36FC9D90D54317F0AFEC380B196F21A6056F9933DB06683FBC62E","261","11/3/2025 12:53:29 PM"
"C:\Users\scott\soccer-video\out\reels\portrait_1080x1920\007__2025-09-20__TSC_vs_RVFC__PRESSURE_GOAL__t31740.00-t32820.00.mp4","C:\Users\scott\soccer-video\out\_trash\dedupe_exact\20251103_125328\out\reels\portrait_1080x1920\007__2025-09-20__TSC_vs_RVFC__PRESSURE_GOAL__t31740.00-t32820.00.mp4","out\reels\portrait_1080x1920\007__2025-09-20__TSC_vs_RVFC__PRESSURE_GOAL__t31740.00-t32820.00.mp4","697A80B4D2F36FC9D90D54317F0AFEC380B196F21A6056F9933DB06683FBC62E","261","11/3/2025 12:53:29 PM"
"C:\Users\scott\soccer-video\out\reels\portrait_1080x1920\010__2025-09-20__TSC_vs_RVFC__PRESSURE_SHOT__t40500.00-t41340.00.mp4","C:\Users\scott\soccer-video\out\_trash\dedupe_exact\20251103_125328\out\reels\portrait_1080x1920\010__2025-09-20__TSC_vs_RVFC__PRESSURE_SHOT__t40500.00-t41340.00.mp4","out\reels\portrait_1080x1920\010__2025-09-20__TSC_vs_RVFC__PRESSURE_SHOT__t40500.00-t41340.00.mp4","697A80B4D2F36FC9D90D54317F0AFEC380B196F21A6056F9933DB06683FBC62E","261","11/3/2025 12:53:29 PM"
"C:\Users\scott\soccer-video\out\reels\portrait_1080x1920\005__2025-10-04__TSC_vs_FC_Tulsa_Black__SHOT__t36000.00-t36420.00.mp4","C:\Users\scott\soccer-video\out\_trash\dedupe_exact\20251103_125328\out\reels\portrait_1080x1920\005__2025-10-04__TSC_vs_FC_Tulsa_Black__SHOT__t36000.00-t36420.00.mp4","out\reels\portrait_1080x1920\005__2025-10-04__TSC_vs_FC_Tulsa_Black__SHOT__t36000.00-t36420.00.mp4","697A80B4D2F36FC9D90D54317F0AFEC380B196F21A6056F9933DB06683FBC62E","261","11/3/2025 12:53:29 PM"
"C:\Users\scott\soccer-video\out\reels\portrait_1080x1920\_quarantine\001__2025-09-20__TSC_vs_RVFC__SHOT__t7320.00-t7860.00.mp4","C:\Users\scott\soccer-video\out\_trash\dedupe_exact\20251103_125328\out\reels\portrait_1080x1920\_quarantine\001__2025-09-20__TSC_vs_RVFC__SHOT__t7320.00-t7860.00.mp4","out\reels\portrait_1080x1920\_quarantine\001__2025-09-20__TSC_vs_RVFC__SHOT__t7320.00-t7860.00.mp4","697A80B4D2F36FC9D90D54317F0AFEC380B196F21A6056F9933DB06683FBC62E","261","11/3/2025 12:53:29 PM"
"C:\Users\scott\soccer-video\out\reels\portrait_1080x1920\_quarantine\006__2025-09-20__TSC_vs_RVFC__SHOT__t31020.00-t31680.00.mp4","C:\Users\scott\soccer-video\out\_trash\dedupe_exact\20251103_125328\out\reels\portrait_1080x1920\_quarantine\006__2025-09-20__TSC_vs_RVFC__SHOT__t31020.00-t31680.00.mp4","out\reels\portrait_1080x1920\_quarantine\006__2025-09-20__TSC_vs_RVFC__SHOT__t31020.00-t31680.00.mp4","697A80B4D2F36FC9D90D54317F0AFEC380B196F21A6056F9933DB06683FBC62E","261","11/3/2025 12:53:29 PM"
"C:\Users\scott\soccer-video\out\reels\portrait_1080x1920\008__2025-09-20__TSC_vs_Greenwood__PRESSURE_SHOT__t45240.00-t46980.00.mp4","C:\Users\scott\soccer-video\out\_trash\dedupe_exact\20251103_125328\out\reels\portrait_1080x1920\008__2025-09-20__TSC_vs_Greenwood__PRESSURE_SHOT__t45240.00-t46980.00.mp4","out\reels\portrait_1080x1920\008__2025-09-20__TSC_vs_Greenwood__PRESSURE_SHOT__t45240.00-t46980.00.mp4","697A80B4D2F36FC9D90D54317F0AFEC380B196F21A6056F9933DB06683FBC62E","261","11/3/2025 12:53:29 PM"
"C:\Users\scott\soccer-video\out\reels\portrait_1080x1920\013__2025-09-20__TSC_vs_RVFC__BUILD_UP_PLAY_SHOT__t49260.00-t51900.00.mp4","C:\Users\scott\soccer-video\out\_trash\dedupe_exact\20251103_125328\out\reels\portrait_1080x1920\013__2025-09-20__TSC_vs_RVFC__BUILD_UP_PLAY_SHOT__t49260.00-t51900.00.mp4","out\reels\portrait_1080x1920\013__2025-09-20__TSC_vs_RVFC__BUILD_UP_PLAY_SHOT__t49260.00-t51900.00.mp4","697A80B4D2F36FC9D90D54317F0AFEC380B196F21A6056F9933DB06683FBC62E","261","11/3/2025 12:53:29 PM"
"C:\Users\scott\soccer-video\out\reels\portrait_1080x1920\008__2025-09-20__TSC_vs_RVFC__BUILD_UP_PLAY_SHOT__t33900.00-t36000.00.mp4","C:\Users\scott\soccer-video\out\_trash\dedupe_exact\20251103_125328\out\reels\portrait_1080x1920\008__2025-09-20__TSC_vs_RVFC__BUILD_UP_PLAY_SHOT__t33900.00-t36000.00.mp4","out\reels\portrait_1080x1920\008__2025-09-20__TSC_vs_RVFC__BUILD_UP_PLAY_SHOT__t33900.00-t36000.00.mp4","697A80B4D2F36FC9D90D54317F0AFEC380B196F21A6056F9933DB06683FBC62E","261","11/3/2025 12:53:29 PM"
"C:\Users\scott\soccer-video\out\reels\portrait_1080x1920\009__2025-09-20__TSC_vs_Greenwood__PRESSURE_SHOT__t48120.00-t49080.00.mp4","C:\Users\scott\soccer-video\out\_trash\dedupe_exact\20251103_125328\out\reels\portrait_1080x1920\009__2025-09-20__TSC_vs_Greenwood__PRESSURE_SHOT__t48120.00-t49080.00.mp4","out\reels\portrait_1080x1920\009__2025-09-20__TSC_vs_Greenwood__PRESSURE_SHOT__t48120.00-t49080.00.mp4","697A80B4D2F36FC9D90D54317F0AFEC380B196F21A6056F9933DB06683FBC62E","261","11/3/2025 12:53:29 PM"
"C:\Users\scott\soccer-video\out\reels\portrait_1080x1920\012__2025-09-20__TSC_vs_RVFC__BUILD_UP_PLAY_SHOT__t44760.00-t45420.00.mp4","C:\Users\scott\soccer-video\out\_trash\dedupe_exact\20251103_125328\out\reels\portrait_1080x1920\012__2025-09-20__TSC_vs_RVFC__BUILD_UP_PLAY_SHOT__t44760.00-t45420.00.mp4","out\reels\portrait_1080x1920\012__2025-09-20__TSC_vs_RVFC__BUILD_UP_PLAY_SHOT__t44760.00-t45420.00.mp4","697A80B4D2F36FC9D90D54317F0AFEC380B196F21A6056F9933DB06683FBC62E","261","11/3/2025 12:53:29 PM"
"C:\Users\scott\soccer-video\out\reels\portrait_1080x1920\003__2025-10-04__TSC_vs_FC_Tulsa_Black__BUILD_UP__t27480.00-t29220.00.mp4","C:\Users\scott\soccer-video\out\_trash\dedupe_exact\20251103_125328\out\reels\portrait_1080x1920\003__2025-10-04__TSC_vs_FC_Tulsa_Black__BUILD_UP__t27480.00-t29220.00.mp4","out\reels\portrait_1080x1920\003__2025-10-04__TSC_vs_FC_Tulsa_Black__BUILD_UP__t27480.00-t29220.00.mp4","697A80B4D2F36FC9D90D54317F0AFEC380B196F21A6056F9933DB06683FBC62E","261","11/3/2025 12:53:29 PM"
"C:\Users\scott\soccer-video\out\reels\portrait_1080x1920\002__2025-10-04__TSC_vs_FC_Tulsa_Black__BUILD_UP__t25260.00-t26940.00.mp4","C:\Users\scott\soccer-video\out\_trash\dedupe_exact\20251103_125328\out\reels\portrait_1080x1920\002__2025-10-04__TSC_vs_FC_Tulsa_Black__BUILD_UP__t25260.00-t26940.00.mp4","out\reels\portrait_1080x1920\002__2025-10-04__TSC_vs_FC_Tulsa_Black__BUILD_UP__t25260.00-t26940.00.mp4","697A80B4D2F36FC9D90D54317F0AFEC380B196F21A6056F9933DB06683FBC62E","261","11/3/2025 12:53:29 PM"
"C:\Users\scott\soccer-video\out\reels\portrait_1080x1920\004__2025-10-04__TSC_vs_FC_Tulsa_Black__BUILD_UP__t29700.00-t30780.00.mp4","C:\Users\scott\soccer-video\out\_trash\dedupe_exact\20251103_125328\out\reels\portrait_1080x1920\004__2025-10-04__TSC_vs_FC_Tulsa_Black__BUILD_UP__t29700.00-t30780.00.mp4","out\reels\portrait_1080x1920\004__2025-10-04__TSC_vs_FC_Tulsa_Black__BUILD_UP__t29700.00-t30780.00.mp4","697A80B4D2F36FC9D90D54317F0AFEC380B196F21A6056F9933DB06683FBC62E","261","11/3/2025 12:53:29 PM"
"C:\Users\scott\soccer-video\out\reels\portrait_1080x1920\005__2025-09-20__TSC_vs_Greenwood__WIN_FREE_KICK__t32280.00-t33180.00.mp4","C:\Users\scott\soccer-video\out\_trash\dedupe_exact\20251103_125328\out\reels\portrait_1080x1920\005__2025-09-20__TSC_vs_Greenwood__WIN_FREE_KICK__t32280.00-t33180.00.mp4","out\reels\portrait_1080x1920\005__2025-09-20__TSC_vs_Greenwood__WIN_FREE_KICK__t32280.00-t33180.00.mp4","697A80B4D2F36FC9D90D54317F0AFEC380B196F21A6056F9933DB06683FBC62E","261","11/3/2025 12:53:29 PM"
"C:\Users\scott\soccer-video\out\reels\portrait_1080x1920\005__2025-09-20__TSC_vs_RVFC__BUILD_UP_PLAY_SHOT__t21000.00-t22020.00.mp4","C:\Users\scott\soccer-video\out\_trash\dedupe_exact\20251103_125328\out\reels\portrait_1080x1920\005__2025-09-20__TSC_vs_RVFC__BUILD_UP_PLAY_SHOT__t21000.00-t22020.00.mp4","out\reels\portrait_1080x1920\005__2025-09-20__TSC_vs_RVFC__BUILD_UP_PLAY_SHOT__t21000.00-t22020.00.mp4","697A80B4D2F36FC9D90D54317F0AFEC380B196F21A6056F9933DB06683FBC62E","261","11/3/2025 12:53:29 PM"
"C:\Users\scott\soccer-video\out\reels\portrait_1080x1920\001__2025-10-04__TSC_vs_FC_Tulsa_Black__DRIBBLING__t23220.00-t24720.00.mp4","C:\Users\scott\soccer-video\out\_trash\dedupe_exact\20251103_125328\out\reels\portrait_1080x1920\001__2025-10-04__TSC_vs_FC_Tulsa_Black__DRIBBLING__t23220.00-t24720.00.mp4","out\reels\portrait_1080x1920\001__2025-10-04__TSC_vs_FC_Tulsa_Black__DRIBBLING__t23220.00-t24720.00.mp4","697A80B4D2F36FC9D90D54317F0AFEC380B196F21A6056F9933DB06683FBC62E","261","11/3/2025 12:53:29 PM"
"C:\Users\scott\soccer-video\out\reels\portrait_1080x1920\007__2025-09-20__TSC_vs_Greenwood__DRIBBLING_SHOT__t44340.00-t45120.00.mp4","C:\Users\scott\soccer-video\out\_trash\dedupe_exact\20251103_125328\out\reels\portrait_1080x1920\007__2025-09-20__TSC_vs_Greenwood__DRIBBLING_SHOT__t44340.00-t45120.00.mp4","out\reels\portrait_1080x1920\007__2025-09-20__TSC_vs_Greenwood__DRIBBLING_SHOT__t44340.00-t45120.00.mp4","697A80B4D2F36FC9D90D54317F0AFEC380B196F21A6056F9933DB06683FBC62E","261","11/3/2025 12:53:29 PM"
"C:\Users\scott\soccer-video\out\reels\portrait_1080x1920\010__2025-09-20__TSC_vs_Greenwood__DEFENSE_BUILD_UP__t49260.00-t50880.00.mp4","C:\Users\scott\soccer-video\out\_trash\dedupe_exact\20251103_125328\out\reels\portrait_1080x1920\010__2025-09-20__TSC_vs_Greenwood__DEFENSE_BUILD_UP__t49260.00-t50880.00.mp4","out\reels\portrait_1080x1920\010__2025-09-20__TSC_vs_Greenwood__DEFENSE_BUILD_UP__t49260.00-t50880.00.mp4","697A80B4D2F36FC9D90D54317F0AFEC380B196F21A6056F9933DB06683FBC62E","261","11/3/2025 12:53:29 PM"
"C:\Users\scott\soccer-video\out\reels\portrait_1080x1920\_quarantine\002__2025-09-20__TSC_vs_Greenwood__GOAL__t20400.00-t21180.00.mp4","C:\Users\scott\soccer-video\out\_trash\dedupe_exact\20251103_125328\out\reels\portrait_1080x1920\_quarantine\002__2025-09-20__TSC_vs_Greenwood__GOAL__t20400.00-t21180.00.mp4","out\reels\portrait_1080x1920\_quarantine\002__2025-09-20__TSC_vs_Greenwood__GOAL__t20400.00-t21180.00.mp4","697A80B4D2F36FC9D90D54317F0AFEC380B196F21A6056F9933DB06683FBC62E","261","11/3/2025 12:53:29 PM"
"C:\Users\scott\soccer-video\out\atomic_clips\2025-09-20__TSC_vs_RVFC\042__2025-09-20__TSC_vs_RVFC__CORNER__t3992400.00-t4057200.00.mp4","C:\Users\scott\soccer-video\out\_trash\dedupe_exact\20251103_125328\out\atomic_clips\2025-09-20__TSC_vs_RVFC\042__2025-09-20__TSC_vs_RVFC__CORNER__t3992400.00-t4057200.00.mp4","out\atomic_clips\2025-09-20__TSC_vs_RVFC\042__2025-09-20__TSC_vs_RVFC__CORNER__t3992400.00-t4057200.00.mp4","697A80B4D2F36FC9D90D54317F0AFEC380B196F21A6056F9933DB06683FBC62E","261","11/3/2025 12:53:29 PM"
"C:\Users\scott\soccer-video\out\atomic_clips\2025-09-20__TSC_vs_RVFC\041__2025-09-20__TSC_vs_RVFC__CORNER__t3931200.00-t3967200.00.mp4","C:\Users\scott\soccer-video\out\_trash\dedupe_exact\20251103_125328\out\atomic_clips\2025-09-20__TSC_vs_RVFC\041__2025-09-20__TSC_vs_RVFC__CORNER__t3931200.00-t3967200.00.mp4","out\atomic_clips\2025-09-20__TSC_vs_RVFC\041__2025-09-20__TSC_vs_RVFC__CORNER__t3931200.00-t3967200.00.mp4","697A80B4D2F36FC9D90D54317F0AFEC380B196F21A6056F9933DB06683FBC62E","261","11/3/2025 12:53:29 PM"
"C:\Users\scott\soccer-video\out\reels\portrait_1080x1920\_quarantine\041__2025-09-20__TSC_vs_RVFC__CORNER__t3931200.00-t3967200.00.mp4","C:\Users\scott\soccer-video\out\_trash\dedupe_exact\20251103_125328\out\reels\portrait_1080x1920\_quarantine\041__2025-09-20__TSC_vs_RVFC__CORNER__t3931200.00-t3967200.00.mp4","out\reels\portrait_1080x1920\_quarantine\041__2025-09-20__TSC_vs_RVFC__CORNER__t3931200.00-t3967200.00.mp4","697A80B4D2F36FC9D90D54317F0AFEC380B196F21A6056F9933DB06683FBC62E","261","11/3/2025 12:53:29 PM"
"C:\Users\scott\soccer-video\out\reels\portrait_1080x1920\004__2025-09-20__TSC_vs_Greenwood__PRESSURE_TWO_SHOTS__t26640.00-t27360.00.mp4","C:\Users\scott\soccer-video\out\_trash\dedupe_exact\20251103_125328\out\reels\portrait_1080x1920\004__2025-09-20__TSC_vs_Greenwood__PRESSURE_TWO_SHOTS__t26640.00-t27360.00.mp4","out\reels\portrait_1080x1920\004__2025-09-20__TSC_vs_Greenwood__PRESSURE_TWO_SHOTS__t26640.00-t27360.00.mp4","697A80B4D2F36FC9D90D54317F0AFEC380B196F21A6056F9933DB06683FBC62E","261","11/3/2025 12:53:29 PM"
"C:\Users\scott\soccer-video\out\reels\portrait_1080x1920\003__2025-09-20__TSC_vs_Greenwood__BUILD_UP_PLAY_SHOT__t25260.00-t26460.00.mp4","C:\Users\scott\soccer-video\out\_trash\dedupe_exact\20251103_125328\out\reels\portrait_1080x1920\003__2025-09-20__TSC_vs_Greenwood__BUILD_UP_PLAY_SHOT__t25260.00-t26460.00.mp4","out\reels\portrait_1080x1920\003__2025-09-20__TSC_vs_Greenwood__BUILD_UP_PLAY_SHOT__t25260.00-t26460.00.mp4","697A80B4D2F36FC9D90D54317F0AFEC380B196F21A6056F9933DB06683FBC62E","261","11/3/2025 12:53:29 PM"
"C:\Users\scott\soccer-video\out\reels\portrait_1080x1920\001__2025-09-20__TSC_vs_Greenwood__BUILD_UP_PLAY_SHOT__t18900.00-t20340.00.mp4","C:\Users\scott\soccer-video\out\_trash\dedupe_exact\20251103_125328\out\reels\portrait_1080x1920\001__2025-09-20__TSC_vs_Greenwood__BUILD_UP_PLAY_SHOT__t18900.00-t20340.00.mp4","out\reels\portrait_1080x1920\001__2025-09-20__TSC_vs_Greenwood__BUILD_UP_PLAY_SHOT__t18900.00-t20340.00.mp4","697A80B4D2F36FC9D90D54317F0AFEC380B196F21A6056F9933DB06683FBC62E","261","11/3/2025 12:53:29 PM"
"C:\Users\scott\soccer-video\out\reels\portrait_1080x1920\007__2025-10-04__TSC_vs_FC_Tulsa_Black__BUILD_UP_SHOT__t46020.00-t47100.00.mp4","C:\Users\scott\soccer-video\out\_trash\dedupe_exact\20251103_125328\out\reels\portrait_1080x1920\007__2025-10-04__TSC_vs_FC_Tulsa_Black__BUILD_UP_SHOT__t46020.00-t47100.00.mp4","out\reels\portrait_1080x1920\007__2025-10-04__TSC_vs_FC_Tulsa_Black__BUILD_UP_SHOT__t46020.00-t47100.00.mp4","697A80B4D2F36FC9D90D54317F0AFEC380B196F21A6056F9933DB06683FBC62E","261","11/3/2025 12:53:29 PM"
"C:\Users\scott\soccer-video\out\reels\portrait_1080x1920\006__2025-10-04__TSC_vs_FC_Tulsa_Black__BUILD_UP_GOAL__t40440.00-t43020.00.mp4","C:\Users\scott\soccer-video\out\_trash\dedupe_exact\20251103_125328\out\reels\portrait_1080x1920\006__2025-10-04__TSC_vs_FC_Tulsa_Black__BUILD_UP_GOAL__t40440.00-t43020.00.mp4","out\reels\portrait_1080x1920\006__2025-10-04__TSC_vs_FC_Tulsa_Black__BUILD_UP_GOAL__t40440.00-t43020.00.mp4","697A80B4D2F36FC9D90D54317F0AFEC380B196F21A6056F9933DB06683FBC62E","261","11/3/2025 12:53:29 PM"
"C:\Users\scott\soccer-video\out\reels\portrait_1080x1920\006__2025-09-20__TSC_vs_Greenwood__BUILD_UP_PLAY_SHOT__t41100.00-t42480.00.mp4","C:\Users\scott\soccer-video\out\_trash\dedupe_exact\20251103_125328\out\reels\portrait_1080x1920\006__2025-09-20__TSC_vs_Greenwood__BUILD_UP_PLAY_SHOT__t41100.00-t42480.00.mp4","out\reels\portrait_1080x1920\006__2025-09-20__TSC_vs_Greenwood__BUILD_UP_PLAY_SHOT__t41100.00-t42480.00.mp4","697A80B4D2F36FC9D90D54317F0AFEC380B196F21A6056F9933DB06683FBC62E","261","11/3/2025 12:53:29 PM"
"C:\Users\scott\soccer-video\out\reels\portrait_1080x1920\_quarantine\002__2025-09-20__TSC_vs_RVFC__PRESSURE_SHOT__t7920.00-t8880.00.mp4","C:\Users\scott\soccer-video\out\_trash\dedupe_exact\20251103_125328\out\reels\portrait_1080x1920\_quarantine\002__2025-09-20__TSC_vs_RVFC__PRESSURE_SHOT__t7920.00-t8880.00.mp4","out\reels\portrait_1080x1920\_quarantine\002__2025-09-20__TSC_vs_RVFC__PRESSURE_SHOT__t7920.00-t8880.00.mp4","697A80B4D2F36FC9D90D54317F0AFEC380B196F21A6056F9933DB06683FBC62E","261","11/3/2025 12:53:29 PM"
"C:\Users\scott\soccer-video\out\reels\portrait_1080x1920\_quarantine\010__2025-09-20__TSC_vs_RVFC__PRESSURE_SHOT__t40500.00-t41340.00.mp4","C:\Users\scott\soccer-video\out\_trash\dedupe_exact\20251103_125328\out\reels\portrait_1080x1920\_quarantine\010__2025-09-20__TSC_vs_RVFC__PRESSURE_SHOT__t40500.00-t41340.00.mp4","out\reels\portrait_1080x1920\_quarantine\010__2025-09-20__TSC_vs_RVFC__PRESSURE_SHOT__t40500.00-t41340.00.mp4","697A80B4D2F36FC9D90D54317F0AFEC380B196F21A6056F9933DB06683FBC62E","261","11/3/2025 12:53:29 PM"
"C:\Users\scott\soccer-video\out\reels\portrait_1080x1920\_quarantine\004__2025-09-20__TSC_vs_RVFC__PRESSURE_GOAL__t17880.00-t18720.00.mp4","C:\Users\scott\soccer-video\out\_trash\dedupe_exact\20251103_125328\out\reels\portrait_1080x1920\_quarantine\004__2025-09-20__TSC_vs_RVFC__PRESSURE_GOAL__t17880.00-t18720.00.mp4","out\reels\portrait_1080x1920\_quarantine\004__2025-09-20__TSC_vs_RVFC__PRESSURE_GOAL__t17880.00-t18720.00.mp4","697A80B4D2F36FC9D90D54317F0AFEC380B196F21A6056F9933DB06683FBC62E","261","11/3/2025 12:53:29 PM"
"C:\Users\scott\soccer-video\out\reels\portrait_1080x1920\_quarantine\007__2025-09-20__TSC_vs_RVFC__PRESSURE_GOAL__t31740.00-t32820.00.mp4","C:\Users\scott\soccer-video\out\_trash\dedupe_exact\20251103_125328\out\reels\portrait_1080x1920\_quarantine\007__2025-09-20__TSC_vs_RVFC__PRESSURE_GOAL__t31740.00-t32820.00.mp4","out\reels\portrait_1080x1920\_quarantine\007__2025-09-20__TSC_vs_RVFC__PRESSURE_GOAL__t31740.00-t32820.00.mp4","697A80B4D2F36FC9D90D54317F0AFEC380B196F21A6056F9933DB06683FBC62E","261","11/3/2025 12:53:29 PM"
"C:\Users\scott\soccer-video\out\reels\portrait_1080x1920\_quarantine\009__2025-09-20__TSC_vs_RVFC__PRESSURE_SHOT__t36240.00-t37200.00.mp4","C:\Users\scott\soccer-video\out\_trash\dedupe_exact\20251103_125328\out\reels\portrait_1080x1920\_quarantine\009__2025-09-20__TSC_vs_RVFC__PRESSURE_SHOT__t36240.00-t37200.00.mp4","out\reels\portrait_1080x1920\_quarantine\009__2025-09-20__TSC_vs_RVFC__PRESSURE_SHOT__t36240.00-t37200.00.mp4","697A80B4D2F36FC9D90D54317F0AFEC380B196F21A6056F9933DB06683FBC62E","261","11/3/2025 12:53:29 PM"
"C:\Users\scott\soccer-video\out\reels\portrait_1080x1920\_quarantine\011__2025-09-20__TSC_vs_RVFC__PRESSURE_SHOT__t41340.00-t42120.00.mp4","C:\Users\scott\soccer-video\out\_trash\dedupe_exact\20251103_125328\out\reels\portrait_1080x1920\_quarantine\011__2025-09-20__TSC_vs_RVFC__PRESSURE_SHOT__t41340.00-t42120.00.mp4","out\reels\portrait_1080x1920\_quarantine\011__2025-09-20__TSC_vs_RVFC__PRESSURE_SHOT__t41340.00-t42120.00.mp4","697A80B4D2F36FC9D90D54317F0AFEC380B196F21A6056F9933DB06683FBC62E","261","11/3/2025 12:53:29 PM"
"C:\Users\scott\soccer-video\out\reels\portrait_1080x1920\_quarantine\003__2025-09-20__TSC_vs_RVFC__PRESSURE_SHOT__t15480.00-t16260.00.mp4","C:\Users\scott\soccer-video\out\_trash\dedupe_exact\20251103_125328\out\reels\portrait_1080x1920\_quarantine\003__2025-09-20__TSC_vs_RVFC__PRESSURE_SHOT__t15480.00-t16260.00.mp4","out\reels\portrait_1080x1920\_quarantine\003__2025-09-20__TSC_vs_RVFC__PRESSURE_SHOT__t15480.00-t16260.00.mp4","697A80B4D2F36FC9D90D54317F0AFEC380B196F21A6056F9933DB06683FBC62E","261","11/3/2025 12:53:29 PM"
"C:\Users\scott\soccer-video\out\reels\portrait_1080x1920\_quarantine\005__2025-10-04__TSC_vs_FC_Tulsa_Black__SHOT__t36000.00-t36420.00.mp4","C:\Users\scott\soccer-video\out\_trash\dedupe_exact\20251103_125328\out\reels\portrait_1080x1920\_quarantine\005__2025-10-04__TSC_vs_FC_Tulsa_Black__SHOT__t36000.00-t36420.00.mp4","out\reels\portrait_1080x1920\_quarantine\005__2025-10-04__TSC_vs_FC_Tulsa_Black__SHOT__t36000.00-t36420.00.mp4","697A80B4D2F36FC9D90D54317F0AFEC380B196F21A6056F9933DB06683FBC62E","261","11/3/2025 12:53:29 PM"
"C:\Users\scott\soccer-video\out\reels\portrait_1080x1920\_quarantine\013__2025-09-20__TSC_vs_RVFC__BUILD_UP_PLAY_SHOT__t49260.00-t51900.00.mp4","C:\Users\scott\soccer-video\out\_trash\dedupe_exact\20251103_125328\out\reels\portrait_1080x1920\_quarantine\013__2025-09-20__TSC_vs_RVFC__BUILD_UP_PLAY_SHOT__t49260.00-t51900.00.mp4","out\reels\portrait_1080x1920\_quarantine\013__2025-09-20__TSC_vs_RVFC__BUILD_UP_PLAY_SHOT__t49260.00-t51900.00.mp4","697A80B4D2F36FC9D90D54317F0AFEC380B196F21A6056F9933DB06683FBC62E","261","11/3/2025 12:53:29 PM"
"C:\Users\scott\soccer-video\out\reels\portrait_1080x1920\_quarantine\005__2025-09-20__TSC_vs_Greenwood__WIN_FREE_KICK__t32280.00-t33180.00.mp4","C:\Users\scott\soccer-video\out\_trash\dedupe_exact\20251103_125328\out\reels\portrait_1080x1920\_quarantine\005__2025-09-20__TSC_vs_Greenwood__WIN_FREE_KICK__t32280.00-t33180.00.mp4","out\reels\portrait_1080x1920\_quarantine\005__2025-09-20__TSC_vs_Greenwood__WIN_FREE_KICK__t32280.00-t33180.00.mp4","697A80B4D2F36FC9D90D54317F0AFEC380B196F21A6056F9933DB06683FBC62E","261","11/3/2025 12:53:29 PM"
"C:\Users\scott\soccer-video\out\reels\portrait_1080x1920\_quarantine\002__2025-10-04__TSC_vs_FC_Tulsa_Black__BUILD_UP__t25260.00-t26940.00.mp4","C:\Users\scott\soccer-video\out\_trash\dedupe_exact\20251103_125328\out\reels\portrait_1080x1920\_quarantine\002__2025-10-04__TSC_vs_FC_Tulsa_Black__BUILD_UP__t25260.00-t26940.00.mp4","out\reels\portrait_1080x1920\_quarantine\002__2025-10-04__TSC_vs_FC_Tulsa_Black__BUILD_UP__t25260.00-t26940.00.mp4","697A80B4D2F36FC9D90D54317F0AFEC380B196F21A6056F9933DB06683FBC62E","261","11/3/2025 12:53:29 PM"
"C:\Users\scott\soccer-video\out\reels\portrait_1080x1920\_quarantine\008__2025-09-20__TSC_vs_RVFC__BUILD_UP_PLAY_SHOT__t33900.00-t36000.00.mp4","C:\Users\scott\soccer-video\out\_trash\dedupe_exact\20251103_125328\out\reels\portrait_1080x1920\_quarantine\008__2025-09-20__TSC_vs_RVFC__BUILD_UP_PLAY_SHOT__t33900.00-t36000.00.mp4","out\reels\portrait_1080x1920\_quarantine\008__2025-09-20__TSC_vs_RVFC__BUILD_UP_PLAY_SHOT__t33900.00-t36000.00.mp4","697A80B4D2F36FC9D90D54317F0AFEC380B196F21A6056F9933DB06683FBC62E","261","11/3/2025 12:53:29 PM"
"C:\Users\scott\soccer-video\out\reels\portrait_1080x1920\_quarantine\008__2025-09-20__TSC_vs_Greenwood__PRESSURE_SHOT__t45240.00-t46980.00.mp4","C:\Users\scott\soccer-video\out\_trash\dedupe_exact\20251103_125328\out\reels\portrait_1080x1920\_quarantine\008__2025-09-20__TSC_vs_Greenwood__PRESSURE_SHOT__t45240.00-t46980.00.mp4","out\reels\portrait_1080x1920\_quarantine\008__2025-09-20__TSC_vs_Greenwood__PRESSURE_SHOT__t45240.00-t46980.00.mp4","697A80B4D2F36FC9D90D54317F0AFEC380B196F21A6056F9933DB06683FBC62E","261","11/3/2025 12:53:29 PM"
"C:\Users\scott\soccer-video\out\reels\portrait_1080x1920\_quarantine\009__2025-09-20__TSC_vs_Greenwood__PRESSURE_SHOT__t48120.00-t49080.00.mp4","C:\Users\scott\soccer-video\out\_trash\dedupe_exact\20251103_125328\out\reels\portrait_1080x1920\_quarantine\009__2025-09-20__TSC_vs_Greenwood__PRESSURE_SHOT__t48120.00-t49080.00.mp4","out\reels\portrait_1080x1920\_quarantine\009__2025-09-20__TSC_vs_Greenwood__PRESSURE_SHOT__t48120.00-t49080.00.mp4","697A80B4D2F36FC9D90D54317F0AFEC380B196F21A6056F9933DB06683FBC62E","261","11/3/2025 12:53:29 PM"
"C:\Users\scott\soccer-video\out\reels\portrait_1080x1920\_quarantine\012__2025-09-20__TSC_vs_RVFC__BUILD_UP_PLAY_SHOT__t44760.00-t45420.00.mp4","C:\Users\scott\soccer-video\out\_trash\dedupe_exact\20251103_125328\out\reels\portrait_1080x1920\_quarantine\012__2025-09-20__TSC_vs_RVFC__BUILD_UP_PLAY_SHOT__t44760.00-t45420.00.mp4","out\reels\portrait_1080x1920\_quarantine\012__2025-09-20__TSC_vs_RVFC__BUILD_UP_PLAY_SHOT__t44760.00-t45420.00.mp4","697A80B4D2F36FC9D90D54317F0AFEC380B196F21A6056F9933DB06683FBC62E","261","11/3/2025 12:53:29 PM"
"C:\Users\scott\soccer-video\out\reels\portrait_1080x1920\_quarantine\005__2025-09-20__TSC_vs_RVFC__BUILD_UP_PLAY_SHOT__t21000.00-t22020.00.mp4","C:\Users\scott\soccer-video\out\_trash\dedupe_exact\20251103_125328\out\reels\portrait_1080x1920\_quarantine\005__2025-09-20__TSC_vs_RVFC__BUILD_UP_PLAY_SHOT__t21000.00-t22020.00.mp4","out\reels\portrait_1080x1920\_quarantine\005__2025-09-20__TSC_vs_RVFC__BUILD_UP_PLAY_SHOT__t21000.00-t22020.00.mp4","697A80B4D2F36FC9D90D54317F0AFEC380B196F21A6056F9933DB06683FBC62E","261","11/3/2025 12:53:29 PM"
"C:\Users\scott\soccer-video\out\reels\portrait_1080x1920\_quarantine\003__2025-10-04__TSC_vs_FC_Tulsa_Black__BUILD_UP__t27480.00-t29220.00.mp4","C:\Users\scott\soccer-video\out\_trash\dedupe_exact\20251103_125328\out\reels\portrait_1080x1920\_quarantine\003__2025-10-04__TSC_vs_FC_Tulsa_Black__BUILD_UP__t27480.00-t29220.00.mp4","out\reels\portrait_1080x1920\_quarantine\003__2025-10-04__TSC_vs_FC_Tulsa_Black__BUILD_UP__t27480.00-t29220.00.mp4","697A80B4D2F36FC9D90D54317F0AFEC380B196F21A6056F9933DB06683FBC62E","261","11/3/2025 12:53:29 PM"
"C:\Users\scott\soccer-video\out\reels\portrait_1080x1920\_quarantine\014__2025-10-04__TSC_vs_FC_Tulsa_Black__SHOT__t2354400.00-t2394000.00.mp4","C:\Users\scott\soccer-video\out\_trash\dedupe_exact\20251103_125328\out\reels\portrait_1080x1920\_quarantine\014__2025-10-04__TSC_vs_FC_Tulsa_Black__SHOT__t2354400.00-t2394000.00.mp4","out\reels\portrait_1080x1920\_quarantine\014__2025-10-04__TSC_vs_FC_Tulsa_Black__SHOT__t2354400.00-t2394000.00.mp4","697A80B4D2F36FC9D90D54317F0AFEC380B196F21A6056F9933DB06683FBC62E","261","11/3/2025 12:53:29 PM"
"C:\Users\scott\soccer-video\out\reels\portrait_1080x1920\_quarantine\004__2025-10-04__TSC_vs_FC_Tulsa_Black__BUILD_UP__t29700.00-t30780.00.mp4","C:\Users\scott\soccer-video\out\_trash\dedupe_exact\20251103_125328\out\reels\portrait_1080x1920\_quarantine\004__2025-10-04__TSC_vs_FC_Tulsa_Black__BUILD_UP__t29700.00-t30780.00.mp4","out\reels\portrait_1080x1920\_quarantine\004__2025-10-04__TSC_vs_FC_Tulsa_Black__BUILD_UP__t29700.00-t30780.00.mp4","697A80B4D2F36FC9D90D54317F0AFEC380B196F21A6056F9933DB06683FBC62E","261","11/3/2025 12:53:29 PM"
"C:\Users\scott\soccer-video\out\reels\portrait_1080x1920\_quarantine\001__2025-10-04__TSC_vs_FC_Tulsa_Black__DRIBBLING__t23220.00-t24720.00.mp4","C:\Users\scott\soccer-video\out\_trash\dedupe_exact\20251103_125328\out\reels\portrait_1080x1920\_quarantine\001__2025-10-04__TSC_vs_FC_Tulsa_Black__DRIBBLING__t23220.00-t24720.00.mp4","out\reels\portrait_1080x1920\_quarantine\001__2025-10-04__TSC_vs_FC_Tulsa_Black__DRIBBLING__t23220.00-t24720.00.mp4","697A80B4D2F36FC9D90D54317F0AFEC380B196F21A6056F9933DB06683FBC62E","261","11/3/2025 12:53:29 PM"
"C:\Users\scott\soccer-video\out\reels\portrait_1080x1920\_quarantine\007__2025-09-20__TSC_vs_Greenwood__DRIBBLING_SHOT__t44340.00-t45120.00.mp4","C:\Users\scott\soccer-video\out\_trash\dedupe_exact\20251103_125328\out\reels\portrait_1080x1920\_quarantine\007__2025-09-20__TSC_vs_Greenwood__DRIBBLING_SHOT__t44340.00-t45120.00.mp4","out\reels\portrait_1080x1920\_quarantine\007__2025-09-20__TSC_vs_Greenwood__DRIBBLING_SHOT__t44340.00-t45120.00.mp4","697A80B4D2F36FC9D90D54317F0AFEC380B196F21A6056F9933DB06683FBC62E","261","11/3/2025 12:53:29 PM"
"C:\Users\scott\soccer-video\out\reels\portrait_1080x1920\_quarantine\010__2025-09-20__TSC_vs_Greenwood__DEFENSE_BUILD_UP__t49260.00-t50880.00.mp4","C:\Users\scott\soccer-video\out\_trash\dedupe_exact\20251103_125328\out\reels\portrait_1080x1920\_quarantine\010__2025-09-20__TSC_vs_Greenwood__DEFENSE_BUILD_UP__t49260.00-t50880.00.mp4","out\reels\portrait_1080x1920\_quarantine\010__2025-09-20__TSC_vs_Greenwood__DEFENSE_BUILD_UP__t49260.00-t50880.00.mp4","697A80B4D2F36FC9D90D54317F0AFEC380B196F21A6056F9933DB06683FBC62E","261","11/3/2025 12:53:29 PM"
"C:\Users\scott\soccer-video\out\atomic_clips\2025-10-04__TSC_vs_FC\006__2025-10-04__TSC_vs_FC_Tulsa_Black__BUILD_UP_GOAL__t40440.00-t43020.00.mp4","C:\Users\scott\soccer-video\out\_trash\dedupe_exact\20251103_125328\out\atomic_clips\2025-10-04__TSC_vs_FC\006__2025-10-04__TSC_vs_FC_Tulsa_Black__BUILD_UP_GOAL__t40440.00-t43020.00.mp4","out\atomic_clips\2025-10-04__TSC_vs_FC\006__2025-10-04__TSC_vs_FC_Tulsa_Black__BUILD_UP_GOAL__t40440.00-t43020.00.mp4","697A80B4D2F36FC9D90D54317F0AFEC380B196F21A6056F9933DB06683FBC62E","261","11/3/2025 12:53:29 PM"
"C:\Users\scott\soccer-video\out\reels\portrait_1080x1920\_quarantine\038__2025-09-20__TSC_vs_Greenwood__PRESSURE_SHOT__t4010400.00-t4086000.00.mp4","C:\Users\scott\soccer-video\out\_trash\dedupe_exact\20251103_125328\out\reels\portrait_1080x1920\_quarantine\038__2025-09-20__TSC_vs_Greenwood__PRESSURE_SHOT__t4010400.00-t4086000.00.mp4","out\reels\portrait_1080x1920\_quarantine\038__2025-09-20__TSC_vs_Greenwood__PRESSURE_SHOT__t4010400.00-t4086000.00.mp4","697A80B4D2F36FC9D90D54317F0AFEC380B196F21A6056F9933DB06683FBC62E","261","11/3/2025 12:53:29 PM"
"C:\Users\scott\soccer-video\out\reels\portrait_1080x1920\_quarantine\001__2025-09-20__TSC_vs_Greenwood__BUILD_UP_PLAY_SHOT__t18900.00-t20340.00.mp4","C:\Users\scott\soccer-video\out\_trash\dedupe_exact\20251103_125328\out\reels\portrait_1080x1920\_quarantine\001__2025-09-20__TSC_vs_Greenwood__BUILD_UP_PLAY_SHOT__t18900.00-t20340.00.mp4","out\reels\portrait_1080x1920\_quarantine\001__2025-09-20__TSC_vs_Greenwood__BUILD_UP_PLAY_SHOT__t18900.00-t20340.00.mp4","697A80B4D2F36FC9D90D54317F0AFEC380B196F21A6056F9933DB06683FBC62E","261","11/3/2025 12:53:29 PM"
"C:\Users\scott\soccer-video\out\reels\portrait_1080x1920\_quarantine\006__2025-09-20__TSC_vs_Greenwood__BUILD_UP_PLAY_SHOT__t41100.00-t42480.00.mp4","C:\Users\scott\soccer-video\out\_trash\dedupe_exact\20251103_125328\out\reels\portrait_1080x1920\_quarantine\006__2025-09-20__TSC_vs_Greenwood__BUILD_UP_PLAY_SHOT__t41100.00-t42480.00.mp4","out\reels\portrait_1080x1920\_quarantine\006__2025-09-20__TSC_vs_Greenwood__BUILD_UP_PLAY_SHOT__t41100.00-t42480.00.mp4","697A80B4D2F36FC9D90D54317F0AFEC380B196F21A6056F9933DB06683FBC62E","261","11/3/2025 12:53:29 PM"
"C:\Users\scott\soccer-video\out\reels\portrait_1080x1920\_quarantine\004__2025-09-20__TSC_vs_Greenwood__PRESSURE_TWO_SHOTS__t26640.00-t27360.00.mp4","C:\Users\scott\soccer-video\out\_trash\dedupe_exact\20251103_125328\out\reels\portrait_1080x1920\_quarantine\004__2025-09-20__TSC_vs_Greenwood__PRESSURE_TWO_SHOTS__t26640.00-t27360.00.mp4","out\reels\portrait_1080x1920\_quarantine\004__2025-09-20__TSC_vs_Greenwood__PRESSURE_TWO_SHOTS__t26640.00-t27360.00.mp4","697A80B4D2F36FC9D90D54317F0AFEC380B196F21A6056F9933DB06683FBC62E","261","11/3/2025 12:53:29 PM"
"C:\Users\scott\soccer-video\out\reels\portrait_1080x1920\_quarantine\003__2025-09-20__TSC_vs_Greenwood__BUILD_UP_PLAY_SHOT__t25260.00-t26460.00.mp4","C:\Users\scott\soccer-video\out\_trash\dedupe_exact\20251103_125328\out\reels\portrait_1080x1920\_quarantine\003__2025-09-20__TSC_vs_Greenwood__BUILD_UP_PLAY_SHOT__t25260.00-t26460.00.mp4","out\reels\portrait_1080x1920\_quarantine\003__2025-09-20__TSC_vs_Greenwood__BUILD_UP_PLAY_SHOT__t25260.00-t26460.00.mp4","697A80B4D2F36FC9D90D54317F0AFEC380B196F21A6056F9933DB06683FBC62E","261","11/3/2025 12:53:29 PM"
"C:\Users\scott\soccer-video\out\reels\portrait_1080x1920\_quarantine\007__2025-10-04__TSC_vs_FC_Tulsa_Black__BUILD_UP_SHOT__t46020.00-t47100.00.mp4","C:\Users\scott\soccer-video\out\_trash\dedupe_exact\20251103_125328\out\reels\portrait_1080x1920\_quarantine\007__2025-10-04__TSC_vs_FC_Tulsa_Black__BUILD_UP_SHOT__t46020.00-t47100.00.mp4","out\reels\portrait_1080x1920\_quarantine\007__2025-10-04__TSC_vs_FC_Tulsa_Black__BUILD_UP_SHOT__t46020.00-t47100.00.mp4","697A80B4D2F36FC9D90D54317F0AFEC380B196F21A6056F9933DB06683FBC62E","261","11/3/2025 12:53:29 PM"
"C:\Users\scott\soccer-video\out\reels\portrait_1080x1920\_quarantine\006__2025-10-04__TSC_vs_FC_Tulsa_Black__BUILD_UP_GOAL__t40440.00-t43020.00.mp4","C:\Users\scott\soccer-video\out\_trash\dedupe_exact\20251103_125328\out\reels\portrait_1080x1920\_quarantine\006__2025-10-04__TSC_vs_FC_Tulsa_Black__BUILD_UP_GOAL__t40440.00-t43020.00.mp4","out\reels\portrait_1080x1920\_quarantine\006__2025-10-04__TSC_vs_FC_Tulsa_Black__BUILD_UP_GOAL__t40440.00-t43020.00.mp4","697A80B4D2F36FC9D90D54317F0AFEC380B196F21A6056F9933DB06683FBC62E","261","11/3/2025 12:53:29 PM"
"C:\Users\scott\soccer-video\out\reels\portrait_1080x1920\_quarantine\027__2025-09-20__TSC_vs_Greenwood__BUILD_UP_PLAY_SHOT__t2937600.00-t3002400.00.mp4","C:\Users\scott\soccer-video\out\_trash\dedupe_exact\20251103_125328\out\reels\portrait_1080x1920\_quarantine\027__2025-09-20__TSC_vs_Greenwood__BUILD_UP_PLAY_SHOT__t2937600.00-t3002400.00.mp4","out\reels\portrait_1080x1920\_quarantine\027__2025-09-20__TSC_vs_Greenwood__BUILD_UP_PLAY_SHOT__t2937600.00-t3002400.00.mp4","697A80B4D2F36FC9D90D54317F0AFEC380B196F21A6056F9933DB06683FBC62E","261","11/3/2025 12:53:29 PM"
"C:\Users\scott\soccer-video\out\reels\portrait_1080x1920\_quarantine\006__2025-10-04__TSC_vs_FC_Tulsa_Black__BUILD_UP_GOAL__t40440.00-t43020.00.__DEBUG.mp4","C:\Users\scott\soccer-video\out\_trash\dedupe_exact\20251103_125328\out\reels\portrait_1080x1920\_quarantine\006__2025-10-04__TSC_vs_FC_Tulsa_Black__BUILD_UP_GOAL__t40440.00-t43020.00.__DEBUG.mp4","out\reels\portrait_1080x1920\_quarantine\006__2025-10-04__TSC_vs_FC_Tulsa_Black__BUILD_UP_GOAL__t40440.00-t43020.00.__DEBUG.mp4","697A80B4D2F36FC9D90D54317F0AFEC380B196F21A6056F9933DB06683FBC62E","261","11/3/2025 12:53:29 PM"
"C:\Users\scott\soccer-video\out\atomic_clips\2025-10-04__TSC_vs_FC\001__2025-10-04__TSC_vs_FC_Tulsa_Black__DRIBBLING__t23220.00-t24720.00.mp4","C:\Users\scott\soccer-video\out\_trash\dedupe_exact\20251103_125328\out\atomic_clips\2025-10-04__TSC_vs_FC\001__2025-10-04__TSC_vs_FC_Tulsa_Black__DRIBBLING__t23220.00-t24720.00.mp4","out\atomic_clips\2025-10-04__TSC_vs_FC\001__2025-10-04__TSC_vs_FC_Tulsa_Black__DRIBBLING__t23220.00-t24720.00.mp4","5CCD6C2392E37DB4414BBF3CAC5B98E89D2FDC839DA498A7239F278531725256","39480964","11/3/2025 12:53:29 PM"
"C:\Users\scott\soccer-video\out\atomic_clips\2025-10-12__TSC_SLSG_FallFestival\001__RAW__t0.00-t0.00.mp4","C:\Users\scott\soccer-video\out\_trash\dedupe_exact\20251103_125328\out\atomic_clips\2025-10-12__TSC_SLSG_FallFestival\001__RAW__t0.00-t0.00.mp4","out\atomic_clips\2025-10-12__TSC_SLSG_FallFestival\001__RAW__t0.00-t0.00.mp4","C3295F5CB95A093E406B79C2BEEFBA7A24F25B51456AAE61EB2AF0E018016D4F","569795779","11/3/2025 12:53:29 PM"
"C:\Users\scott\soccer-video\out\atomic_clips\2025-10-12__TSC_SLSG_FallFestival\001__SHOT__t135.00-t145.00.__DEBUG_FINAL.mp4","C:\Users\scott\soccer-video\out\_trash\dedupe_exact\20251103_125328\out\atomic_clips\2025-10-12__TSC_SLSG_FallFestival\001__SHOT__t135.00-t145.00.__DEBUG_FINAL.mp4","out\atomic_clips\2025-10-12__TSC_SLSG_FallFestival\001__SHOT__t135.00-t145.00.__DEBUG_FINAL.mp4","8DD8DFB5E77F8F76E5724A6A8F51B6640EC24D146C46E8A15AA7CF5B65C49549","29321252","11/3/2025 12:53:29 PM"
"C:\Users\scott\soccer-video\out\atomic_clips\2025-10-12__TSC_SLSG_FallFestival\002__RAW__t0.00-t0.00.mp4","C:\Users\scott\soccer-video\out\_trash\dedupe_exact\20251103_125328\out\atomic_clips\2025-10-12__TSC_SLSG_FallFestival\002__RAW__t0.00-t0.00.mp4","out\atomic_clips\2025-10-12__TSC_SLSG_FallFestival\002__RAW__t0.00-t0.00.mp4","DC6742702D94C977B9F0D70634DF38D17B5AC6AD8DCF4E71C908A8B55327B11A","245033299","11/3/2025 12:53:29 PM"
"C:\Users\scott\soccer-video\out\atomic_clips\2025-10-12__TSC_SLSG_FallFestival\002__RAW__t0.00-t0.00.__DEBUG_FINAL.mp4","C:\Users\scott\soccer-video\out\_trash\dedupe_exact\20251103_125328\out\atomic_clips\2025-10-12__TSC_SLSG_FallFestival\002__RAW__t0.00-t0.00.__DEBUG_FINAL.mp4","out\atomic_clips\2025-10-12__TSC_SLSG_FallFestival\002__RAW__t0.00-t0.00.__DEBUG_FINAL.mp4","DA5059C2E594AA6491D6FFDF9264A8C4E14C63C9C39044FAD3C07FB261358828","2175271693","11/3/2025 12:53:29 PM"
"C:\Users\scott\soccer-video\out\atomic_clips\2025-10-12__TSC_SLSG_FallFestival\002__SHOT__t185.00-t206.00.__DEBUG_FINAL.mp4","C:\Users\scott\soccer-video\out\_trash\dedupe_exact\20251103_125328\out\atomic_clips\2025-10-12__TSC_SLSG_FallFestival\002__SHOT__t185.00-t206.00.__DEBUG_FINAL.mp4","out\atomic_clips\2025-10-12__TSC_SLSG_FallFestival\002__SHOT__t185.00-t206.00.__DEBUG_FINAL.mp4","9FB069B674A7415FC85CD6DF17996D1641686C777F3AF35F3773DA1387766B46","60767940","11/3/2025 12:53:30 PM"
"C:\Users\scott\soccer-video\out\atomic_clips\2025-10-12__TSC_SLSG_FallFestival\003__DEFENSE__t310.00-t342.00.__DEBUG_FINAL.mp4","C:\Users\scott\soccer-video\out\_trash\dedupe_exact\20251103_125328\out\atomic_clips\2025-10-12__TSC_SLSG_FallFestival\003__DEFENSE__t310.00-t342.00.__DEBUG_FINAL.mp4","out\atomic_clips\2025-10-12__TSC_SLSG_FallFestival\003__DEFENSE__t310.00-t342.00.__DEBUG_FINAL.mp4","23698BF116915642F622D2311542073225C4669DB79EA66BB83333E4BD5216F6","125163057","11/3/2025 12:53:30 PM"
"C:\Users\scott\soccer-video\out\atomic_clips\2025-10-12__TSC_SLSG_FallFestival\003__RAW__t0.00-t0.00.mp4","C:\Users\scott\soccer-video\out\_trash\dedupe_exact\20251103_125328\out\atomic_clips\2025-10-12__TSC_SLSG_FallFestival\003__RAW__t0.00-t0.00.mp4","out\atomic_clips\2025-10-12__TSC_SLSG_FallFestival\003__RAW__t0.00-t0.00.mp4","46205479CC063300D7557EBB52DE6E314A84FB2C605ABF8953E9C17FE480999C","293822824","11/3/2025 12:53:30 PM"
"C:\Users\scott\soccer-video\out\atomic_clips\2025-10-12__TSC_SLSG_FallFestival\003__RAW__t0.00-t0.00.__DEBUG_FINAL.mp4","C:\Users\scott\soccer-video\out\_trash\dedupe_exact\20251103_125328\out\atomic_clips\2025-10-12__TSC_SLSG_FallFestival\003__RAW__t0.00-t0.00.__DEBUG_FINAL.mp4","out\atomic_clips\2025-10-12__TSC_SLSG_FallFestival\003__RAW__t0.00-t0.00.__DEBUG_FINAL.mp4","9A4DAB59686289B1BC428501E002D1A987D8207EAFE86ACA50157D14411B0F08","3038210759","11/3/2025 12:53:30 PM"
"C:\Users\scott\soccer-video\out\atomic_clips\2025-10-12__TSC_SLSG_FallFestival\004__PRESSURE__t640.00-t663.00.__CINEMATIC.mp4","C:\Users\scott\soccer-video\out\_trash\dedupe_exact\20251103_125328\out\atomic_clips\2025-10-12__TSC_SLSG_FallFestival\004__PRESSURE__t640.00-t663.00.__CINEMATIC.mp4","out\atomic_clips\2025-10-12__TSC_SLSG_FallFestival\004__PRESSURE__t640.00-t663.00.__CINEMATIC.mp4","53954A283280A020393B24EBC0D6D2D1CB221E7B46BFFD48EAA0F16E5DAFD7B6","23763855","11/3/2025 12:53:30 PM"
"C:\Users\scott\soccer-video\out\atomic_clips\2025-10-12__TSC_SLSG_FallFestival\004__PRESSURE__t640.00-t663.00.__DEBUG_FINAL.mp4","C:\Users\scott\soccer-video\out\_trash\dedupe_exact\20251103_125328\out\atomic_clips\2025-10-12__TSC_SLSG_FallFestival\004__PRESSURE__t640.00-t663.00.__DEBUG_FINAL.mp4","out\atomic_clips\2025-10-12__TSC_SLSG_FallFestival\004__PRESSURE__t640.00-t663.00.__DEBUG_FINAL.mp4","56217E2BF06EB553DD503685304660F3CB230B948C3316714BC3389A14E3C104","106742072","11/3/2025 12:53:30 PM"
"C:\Users\scott\soccer-video\out\atomic_clips\2025-10-12__TSC_SLSG_FallFestival\004__PRESSURE__t640.00-t663.00.__DEBUG_LOCK.mp4","C:\Users\scott\soccer-video\out\_trash\dedupe_exact\20251103_125328\out\atomic_clips\2025-10-12__TSC_SLSG_FallFestival\004__PRESSURE__t640.00-t663.00.__DEBUG_LOCK.mp4","out\atomic_clips\2025-10-12__TSC_SLSG_FallFestival\004__PRESSURE__t640.00-t663.00.__DEBUG_LOCK.mp4","189268BD18BC3135EDB2BCACCAFFB6D70079480C703824B2E415C5928EBBCFE0","67503761","11/3/2025 12:53:30 PM"
"C:\Users\scott\soccer-video\out\atomic_clips\2025-10-12__TSC_SLSG_FallFestival\004__PRESSURE__t640.00-t663.00.__DEBUG_LOCK_BIAS.mp4","C:\Users\scott\soccer-video\out\_trash\dedupe_exact\20251103_125328\out\atomic_clips\2025-10-12__TSC_SLSG_FallFestival\004__PRESSURE__t640.00-t663.00.__DEBUG_LOCK_BIAS.mp4","out\atomic_clips\2025-10-12__TSC_SLSG_FallFestival\004__PRESSURE__t640.00-t663.00.__DEBUG_LOCK_BIAS.mp4","B38F53315104785123FD4C341D22D8F0E54336F7D30FC5A1EB2E3F4B0DEEC900","67414551","11/3/2025 12:53:30 PM"
"C:\Users\scott\soccer-video\out\atomic_clips\2025-10-12__TSC_SLSG_FallFestival\004__PRESSURE__t640.00-t663.00.__DEBUG_LOCK_REFINED.mp4","C:\Users\scott\soccer-video\out\_trash\dedupe_exact\20251103_125328\out\atomic_clips\2025-10-12__TSC_SLSG_FallFestival\004__PRESSURE__t640.00-t663.00.__DEBUG_LOCK_REFINED.mp4","out\atomic_clips\2025-10-12__TSC_SLSG_FallFestival\004__PRESSURE__t640.00-t663.00.__DEBUG_LOCK_REFINED.mp4","783C208CA66AA2BF3C1094BFF84D8802A2F5ECFF3D85E36467D17E9E6A6E4D0D","67467870","11/3/2025 12:53:30 PM"
"C:\Users\scott\soccer-video\out\atomic_clips\2025-10-12__TSC_SLSG_FallFestival\004__PRESSURE__t640.00-t663.00.__DEBUG_OVERLAY.mp4","C:\Users\scott\soccer-video\out\_trash\dedupe_exact\20251103_125328\out\atomic_clips\2025-10-12__TSC_SLSG_FallFestival\004__PRESSURE__t640.00-t663.00.__DEBUG_OVERLAY.mp4","out\atomic_clips\2025-10-12__TSC_SLSG_FallFestival\004__PRESSURE__t640.00-t663.00.__DEBUG_OVERLAY.mp4","D223AD16FE839F826A1CB88DF7001A14B835162C76696F0F3EF5214531562969","67498771","11/3/2025 12:53:30 PM"
"C:\Users\scott\soccer-video\out\atomic_clips\2025-10-12__TSC_SLSG_FallFestival\004__PRESSURE__t640.00-t663.00.__OVERLAY_auto_sh-2_dx-48_dy-108.mp4","C:\Users\scott\soccer-video\out\_trash\dedupe_exact\20251103_125328\out\atomic_clips\2025-10-12__TSC_SLSG_FallFestival\004__PRESSURE__t640.00-t663.00.__OVERLAY_auto_sh-2_dx-48_dy-108.mp4","out\atomic_clips\2025-10-12__TSC_SLSG_FallFestival\004__PRESSURE__t640.00-t663.00.__OVERLAY_auto_sh-2_dx-48_dy-108.mp4","3871F5AAC170B6F9AAA7244736041380BBE2F7BE68B2A710DD5BA0844783868B","67504003","11/3/2025 12:53:30 PM"
"C:\Users\scott\soccer-video\out\atomic_clips\2025-10-12__TSC_SLSG_FallFestival\004__PRESSURE__t640.00-t663.00.__OVERLAY_auto_sh-2_dx-48_dy-120.mp4","C:\Users\scott\soccer-video\out\_trash\dedupe_exact\20251103_125328\out\atomic_clips\2025-10-12__TSC_SLSG_FallFestival\004__PRESSURE__t640.00-t663.00.__OVERLAY_auto_sh-2_dx-48_dy-120.mp4","out\atomic_clips\2025-10-12__TSC_SLSG_FallFestival\004__PRESSURE__t640.00-t663.00.__OVERLAY_auto_sh-2_dx-48_dy-120.mp4","7B1C4EAE792CC790D9EAC4A04DBD6BD8F31AE7C74AC47350F0AE4F892206FC00","67501829","11/3/2025 12:53:30 PM"
"C:\Users\scott\soccer-video\out\atomic_clips\2025-10-12__TSC_SLSG_FallFestival\004__PRESSURE__t640.00-t663.00.__OVERLAY_auto_sh0_dx-60_dy-48.mp4","C:\Users\scott\soccer-video\out\_trash\dedupe_exact\20251103_125328\out\atomic_clips\2025-10-12__TSC_SLSG_FallFestival\004__PRESSURE__t640.00-t663.00.__OVERLAY_auto_sh0_dx-60_dy-48.mp4","out\atomic_clips\2025-10-12__TSC_SLSG_FallFestival\004__PRESSURE__t640.00-t663.00.__OVERLAY_auto_sh0_dx-60_dy-48.mp4","CD7974EA7A42B26A48B347FFB2015501F193B00EA2D4608DFB07AB63FE69E81C","67495157","11/3/2025 12:53:30 PM"
"C:\Users\scott\soccer-video\out\atomic_clips\2025-10-12__TSC_SLSG_FallFestival\004__PRESSURE__t640.00-t663.00.__OVERLAY_BEST_sr260_r5-22.mp4","C:\Users\scott\soccer-video\out\_trash\dedupe_exact\20251103_125328\out\atomic_clips\2025-10-12__TSC_SLSG_FallFestival\004__PRESSURE__t640.00-t663.00.__OVERLAY_BEST_sr260_r5-22.mp4","out\atomic_clips\2025-10-12__TSC_SLSG_FallFestival\004__PRESSURE__t640.00-t663.00.__OVERLAY_BEST_sr260_r5-22.mp4","F939CDA03E14880194F1AAE96F63850F0849BC6A5C24B3BB0062928B67FAFEB8","67499204","11/3/2025 12:53:30 PM"
"C:\Users\scott\soccer-video\out\atomic_clips\2025-10-12__TSC_SLSG_FallFestival\004__PRESSURE__t640.00-t663.00.__OVERLAY_DEBUG.mp4","C:\Users\scott\soccer-video\out\_trash\dedupe_exact\20251103_125328\out\atomic_clips\2025-10-12__TSC_SLSG_FallFestival\004__PRESSURE__t640.00-t663.00.__OVERLAY_DEBUG.mp4","out\atomic_clips\2025-10-12__TSC_SLSG_FallFestival\004__PRESSURE__t640.00-t663.00.__OVERLAY_DEBUG.mp4","FB02073975A039F81CA5CCAE3B9A9409350591F47215EE1FC4F5DAAED65BD882","67499149","11/3/2025 12:53:30 PM"
"C:\Users\scott\soccer-video\out\atomic_clips\2025-10-12__TSC_SLSG_FallFestival\004__PRESSURE__t640.00-t663.00.__OVERLAY_LOCKED.mp4","C:\Users\scott\soccer-video\out\_trash\dedupe_exact\20251103_125328\out\atomic_clips\2025-10-12__TSC_SLSG_FallFestival\004__PRESSURE__t640.00-t663.00.__OVERLAY_LOCKED.mp4","out\atomic_clips\2025-10-12__TSC_SLSG_FallFestival\004__PRESSURE__t640.00-t663.00.__OVERLAY_LOCKED.mp4","68C9AD935FF97452AF5DF1E98EACF658312D223395A8D7B674210833D6724044","67500922","11/3/2025 12:53:30 PM"
"C:\Users\scott\soccer-video\out\atomic_clips\2025-10-12__TSC_SLSG_FallFestival\004__PRESSURE__t640.00-t663.00.__OVERLAY_plan_sh-1_dx-64_dy-128.mp4","C:\Users\scott\soccer-video\out\_trash\dedupe_exact\20251103_125328\out\atomic_clips\2025-10-12__TSC_SLSG_FallFestival\004__PRESSURE__t640.00-t663.00.__OVERLAY_plan_sh-1_dx-64_dy-128.mp4","out\atomic_clips\2025-10-12__TSC_SLSG_FallFestival\004__PRESSURE__t640.00-t663.00.__OVERLAY_plan_sh-1_dx-64_dy-128.mp4","CD804A018A522BD6E7DB43796F5244123342D3262C1A40F3DEA13E4323C2428F","67496428","11/3/2025 12:53:30 PM"
"C:\Users\scott\soccer-video\out\atomic_clips\2025-10-12__TSC_SLSG_FallFestival\004__PRESSURE__t640.00-t663.00.__OVERLAY_plan_sh-1_dx-64_dy-128__c3620ms_dt-50ms_dx4_dy2.mp4","C:\Users\scott\soccer-video\out\_trash\dedupe_exact\20251103_125328\out\atomic_clips\2025-10-12__TSC_SLSG_FallFestival\004__PRESSURE__t640.00-t663.00.__OVERLAY_plan_sh-1_dx-64_dy-128__c3620ms_dt-50ms_dx4_dy2.mp4","out\atomic_clips\2025-10-12__TSC_SLSG_FallFestival\004__PRESSURE__t640.00-t663.00.__OVERLAY_plan_sh-1_dx-64_dy-128__c3620ms_dt-50ms_dx4_dy2.mp4","C426D22E50E0A48D09057FA7F9A9DEE44673139FB613066D537CABB0648FC8A6","67497268","11/3/2025 12:53:30 PM"
"C:\Users\scott\soccer-video\out\atomic_clips\2025-10-12__TSC_SLSG_FallFestival\004__PRESSURE__t640.00-t663.00.__OVERLAY_plan_sh-1_dx-64_dy-128__local_dx4_dy4.mp4","C:\Users\scott\soccer-video\out\_trash\dedupe_exact\20251103_125328\out\atomic_clips\2025-10-12__TSC_SLSG_FallFestival\004__PRESSURE__t640.00-t663.00.__OVERLAY_plan_sh-1_dx-64_dy-128__local_dx4_dy4.mp4","out\atomic_clips\2025-10-12__TSC_SLSG_FallFestival\004__PRESSURE__t640.00-t663.00.__OVERLAY_plan_sh-1_dx-64_dy-128__local_dx4_dy4.mp4","63D4703DA5B08929B690BC8190E83D79C6867AD2CB62035AF964FCB10272F31D","67496422","11/3/2025 12:53:30 PM"
"C:\Users\scott\soccer-video\out\atomic_clips\2025-10-12__TSC_SLSG_FallFestival\004__PRESSURE__t640.00-t663.00.__OVERLAY_plan_sh-1_dx-64_dy-132.mp4","C:\Users\scott\soccer-video\out\_trash\dedupe_exact\20251103_125328\out\atomic_clips\2025-10-12__TSC_SLSG_FallFestival\004__PRESSURE__t640.00-t663.00.__OVERLAY_plan_sh-1_dx-64_dy-132.mp4","out\atomic_clips\2025-10-12__TSC_SLSG_FallFestival\004__PRESSURE__t640.00-t663.00.__OVERLAY_plan_sh-1_dx-64_dy-132.mp4","391B0FB342F7D4A906AADAF5FEC1397C1F7C3AE2C7623D569D3FCAD102747A26","67497159","11/3/2025 12:53:30 PM"
"C:\Users\scott\soccer-video\out\atomic_clips\2025-10-12__TSC_SLSG_FallFestival\004__PRESSURE__t640.00-t663.00.__OVERLAY_plan_sh-2_dx-32_dy-84.mp4","C:\Users\scott\soccer-video\out\_trash\dedupe_exact\20251103_125328\out\atomic_clips\2025-10-12__TSC_SLSG_FallFestival\004__PRESSURE__t640.00-t663.00.__OVERLAY_plan_sh-2_dx-32_dy-84.mp4","out\atomic_clips\2025-10-12__TSC_SLSG_FallFestival\004__PRESSURE__t640.00-t663.00.__OVERLAY_plan_sh-2_dx-32_dy-84.mp4","EE5BA73E29924D3536AE27EB70E683313578B151FFE69C26119639100DFC6208","67503314","11/3/2025 12:53:30 PM"
"C:\Users\scott\soccer-video\out\atomic_clips\2025-10-12__TSC_SLSG_FallFestival\004__PRESSURE__t640.00-t663.00.__OVERLAY_shift-2.mp4","C:\Users\scott\soccer-video\out\_trash\dedupe_exact\20251103_125328\out\atomic_clips\2025-10-12__TSC_SLSG_FallFestival\004__PRESSURE__t640.00-t663.00.__OVERLAY_shift-2.mp4","out\atomic_clips\2025-10-12__TSC_SLSG_FallFestival\004__PRESSURE__t640.00-t663.00.__OVERLAY_shift-2.mp4","1277A422DD1FCE20C6DD5264F4A7541DB4AD4DD508989D0338871D4ECEEC2A80","67539367","11/3/2025 12:53:30 PM"
"C:\Users\scott\soccer-video\out\follow_diag\004__PRESSURE__t640.00-t663.00\shift_sweep\004__PRESSURE__t640.00-t663.00.__OVERLAY_shift3.mp4","C:\Users\scott\soccer-video\out\_trash\dedupe_exact\20251103_125328\out\follow_diag\004__PRESSURE__t640.00-t663.00\shift_sweep\004__PRESSURE__t640.00-t663.00.__OVERLAY_shift3.mp4","out\follow_diag\004__PRESSURE__t640.00-t663.00\shift_sweep\004__PRESSURE__t640.00-t663.00.__OVERLAY_shift3.mp4","1277A422DD1FCE20C6DD5264F4A7541DB4AD4DD508989D0338871D4ECEEC2A80","67539367","11/3/2025 12:53:30 PM"
"C:\Users\scott\soccer-video\out\follow_diag\004__PRESSURE__t640.00-t663.00\shift_sweep\004__PRESSURE__t640.00-t663.00.__OVERLAY_shift4.mp4","C:\Users\scott\soccer-video\out\_trash\dedupe_exact\20251103_125328\out\follow_diag\004__PRESSURE__t640.00-t663.00\shift_sweep\004__PRESSURE__t640.00-t663.00.__OVERLAY_shift4.mp4","out\follow_diag\004__PRESSURE__t640.00-t663.00\shift_sweep\004__PRESSURE__t640.00-t663.00.__OVERLAY_shift4.mp4","1277A422DD1FCE20C6DD5264F4A7541DB4AD4DD508989D0338871D4ECEEC2A80","67539367","11/3/2025 12:53:30 PM"
"C:\Users\scott\soccer-video\out\follow_diag\004__PRESSURE__t640.00-t663.00\shift_sweep\004__PRESSURE__t640.00-t663.00.__OVERLAY_shift0.mp4","C:\Users\scott\soccer-video\out\_trash\dedupe_exact\20251103_125328\out\follow_diag\004__PRESSURE__t640.00-t663.00\shift_sweep\004__PRESSURE__t640.00-t663.00.__OVERLAY_shift0.mp4","out\follow_diag\004__PRESSURE__t640.00-t663.00\shift_sweep\004__PRESSURE__t640.00-t663.00.__OVERLAY_shift0.mp4","1277A422DD1FCE20C6DD5264F4A7541DB4AD4DD508989D0338871D4ECEEC2A80","67539367","11/3/2025 12:53:30 PM"
"C:\Users\scott\soccer-video\out\follow_diag\004__PRESSURE__t640.00-t663.00\shift_sweep\004__PRESSURE__t640.00-t663.00.__OVERLAY_shift2.mp4","C:\Users\scott\soccer-video\out\_trash\dedupe_exact\20251103_125328\out\follow_diag\004__PRESSURE__t640.00-t663.00\shift_sweep\004__PRESSURE__t640.00-t663.00.__OVERLAY_shift2.mp4","out\follow_diag\004__PRESSURE__t640.00-t663.00\shift_sweep\004__PRESSURE__t640.00-t663.00.__OVERLAY_shift2.mp4","1277A422DD1FCE20C6DD5264F4A7541DB4AD4DD508989D0338871D4ECEEC2A80","67539367","11/3/2025 12:53:30 PM"
"C:\Users\scott\soccer-video\out\follow_diag\004__PRESSURE__t640.00-t663.00\shift_sweep\004__PRESSURE__t640.00-t663.00.__OVERLAY_shift7.mp4","C:\Users\scott\soccer-video\out\_trash\dedupe_exact\20251103_125328\out\follow_diag\004__PRESSURE__t640.00-t663.00\shift_sweep\004__PRESSURE__t640.00-t663.00.__OVERLAY_shift7.mp4","out\follow_diag\004__PRESSURE__t640.00-t663.00\shift_sweep\004__PRESSURE__t640.00-t663.00.__OVERLAY_shift7.mp4","1277A422DD1FCE20C6DD5264F4A7541DB4AD4DD508989D0338871D4ECEEC2A80","67539367","11/3/2025 12:53:30 PM"
"C:\Users\scott\soccer-video\out\follow_diag\004__PRESSURE__t640.00-t663.00\shift_sweep\004__PRESSURE__t640.00-t663.00.__OVERLAY_shift8.mp4","C:\Users\scott\soccer-video\out\_trash\dedupe_exact\20251103_125328\out\follow_diag\004__PRESSURE__t640.00-t663.00\shift_sweep\004__PRESSURE__t640.00-t663.00.__OVERLAY_shift8.mp4","out\follow_diag\004__PRESSURE__t640.00-t663.00\shift_sweep\004__PRESSURE__t640.00-t663.00.__OVERLAY_shift8.mp4","1277A422DD1FCE20C6DD5264F4A7541DB4AD4DD508989D0338871D4ECEEC2A80","67539367","11/3/2025 12:53:30 PM"
"C:\Users\scott\soccer-video\out\follow_diag\004__PRESSURE__t640.00-t663.00\shift_sweep\004__PRESSURE__t640.00-t663.00.__OVERLAY_shift5.mp4","C:\Users\scott\soccer-video\out\_trash\dedupe_exact\20251103_125328\out\follow_diag\004__PRESSURE__t640.00-t663.00\shift_sweep\004__PRESSURE__t640.00-t663.00.__OVERLAY_shift5.mp4","out\follow_diag\004__PRESSURE__t640.00-t663.00\shift_sweep\004__PRESSURE__t640.00-t663.00.__OVERLAY_shift5.mp4","1277A422DD1FCE20C6DD5264F4A7541DB4AD4DD508989D0338871D4ECEEC2A80","67539367","11/3/2025 12:53:30 PM"
"C:\Users\scott\soccer-video\out\follow_diag\004__PRESSURE__t640.00-t663.00\shift_sweep\004__PRESSURE__t640.00-t663.00.__OVERLAY_shift6.mp4","C:\Users\scott\soccer-video\out\_trash\dedupe_exact\20251103_125328\out\follow_diag\004__PRESSURE__t640.00-t663.00\shift_sweep\004__PRESSURE__t640.00-t663.00.__OVERLAY_shift6.mp4","out\follow_diag\004__PRESSURE__t640.00-t663.00\shift_sweep\004__PRESSURE__t640.00-t663.00.__OVERLAY_shift6.mp4","1277A422DD1FCE20C6DD5264F4A7541DB4AD4DD508989D0338871D4ECEEC2A80","67539367","11/3/2025 12:53:30 PM"
"C:\Users\scott\soccer-video\out\follow_diag\004__PRESSURE__t640.00-t663.00\shift_sweep\004__PRESSURE__t640.00-t663.00.__OVERLAY_shift1.mp4","C:\Users\scott\soccer-video\out\_trash\dedupe_exact\20251103_125328\out\follow_diag\004__PRESSURE__t640.00-t663.00\shift_sweep\004__PRESSURE__t640.00-t663.00.__OVERLAY_shift1.mp4","out\follow_diag\004__PRESSURE__t640.00-t663.00\shift_sweep\004__PRESSURE__t640.00-t663.00.__OVERLAY_shift1.mp4","1277A422DD1FCE20C6DD5264F4A7541DB4AD4DD508989D0338871D4ECEEC2A80","67539367","11/3/2025 12:53:30 PM"
"C:\Users\scott\soccer-video\out\follow_diag\004__PRESSURE__t640.00-t663.00\shift_sweep\004__PRESSURE__t640.00-t663.00.__OVERLAY_shift-4.mp4","C:\Users\scott\soccer-video\out\_trash\dedupe_exact\20251103_125328\out\follow_diag\004__PRESSURE__t640.00-t663.00\shift_sweep\004__PRESSURE__t640.00-t663.00.__OVERLAY_shift-4.mp4","out\follow_diag\004__PRESSURE__t640.00-t663.00\shift_sweep\004__PRESSURE__t640.00-t663.00.__OVERLAY_shift-4.mp4","1277A422DD1FCE20C6DD5264F4A7541DB4AD4DD508989D0338871D4ECEEC2A80","67539367","11/3/2025 12:53:30 PM"
"C:\Users\scott\soccer-video\out\follow_diag\004__PRESSURE__t640.00-t663.00\shift_sweep\004__PRESSURE__t640.00-t663.00.__OVERLAY_shift-3.mp4","C:\Users\scott\soccer-video\out\_trash\dedupe_exact\20251103_125328\out\follow_diag\004__PRESSURE__t640.00-t663.00\shift_sweep\004__PRESSURE__t640.00-t663.00.__OVERLAY_shift-3.mp4","out\follow_diag\004__PRESSURE__t640.00-t663.00\shift_sweep\004__PRESSURE__t640.00-t663.00.__OVERLAY_shift-3.mp4","1277A422DD1FCE20C6DD5264F4A7541DB4AD4DD508989D0338871D4ECEEC2A80","67539367","11/3/2025 12:53:30 PM"
"C:\Users\scott\soccer-video\out\follow_diag\004__PRESSURE__t640.00-t663.00\shift_sweep\004__PRESSURE__t640.00-t663.00.__OVERLAY_shift-2.mp4","C:\Users\scott\soccer-video\out\_trash\dedupe_exact\20251103_125328\out\follow_diag\004__PRESSURE__t640.00-t663.00\shift_sweep\004__PRESSURE__t640.00-t663.00.__OVERLAY_shift-2.mp4","out\follow_diag\004__PRESSURE__t640.00-t663.00\shift_sweep\004__PRESSURE__t640.00-t663.00.__OVERLAY_shift-2.mp4","1277A422DD1FCE20C6DD5264F4A7541DB4AD4DD508989D0338871D4ECEEC2A80","67539367","11/3/2025 12:53:30 PM"
"C:\Users\scott\soccer-video\out\follow_diag\004__PRESSURE__t640.00-t663.00\shift_sweep\004__PRESSURE__t640.00-t663.00.__OVERLAY_shift-5.mp4","C:\Users\scott\soccer-video\out\_trash\dedupe_exact\20251103_125328\out\follow_diag\004__PRESSURE__t640.00-t663.00\shift_sweep\004__PRESSURE__t640.00-t663.00.__OVERLAY_shift-5.mp4","out\follow_diag\004__PRESSURE__t640.00-t663.00\shift_sweep\004__PRESSURE__t640.00-t663.00.__OVERLAY_shift-5.mp4","1277A422DD1FCE20C6DD5264F4A7541DB4AD4DD508989D0338871D4ECEEC2A80","67539367","11/3/2025 12:53:30 PM"
"C:\Users\scott\soccer-video\out\follow_diag\004__PRESSURE__t640.00-t663.00\shift_sweep\004__PRESSURE__t640.00-t663.00.__OVERLAY_shift-8.mp4","C:\Users\scott\soccer-video\out\_trash\dedupe_exact\20251103_125328\out\follow_diag\004__PRESSURE__t640.00-t663.00\shift_sweep\004__PRESSURE__t640.00-t663.00.__OVERLAY_shift-8.mp4","out\follow_diag\004__PRESSURE__t640.00-t663.00\shift_sweep\004__PRESSURE__t640.00-t663.00.__OVERLAY_shift-8.mp4","1277A422DD1FCE20C6DD5264F4A7541DB4AD4DD508989D0338871D4ECEEC2A80","67539367","11/3/2025 12:53:30 PM"
"C:\Users\scott\soccer-video\out\follow_diag\004__PRESSURE__t640.00-t663.00\shift_sweep\004__PRESSURE__t640.00-t663.00.__OVERLAY_shift-1.mp4","C:\Users\scott\soccer-video\out\_trash\dedupe_exact\20251103_125328\out\follow_diag\004__PRESSURE__t640.00-t663.00\shift_sweep\004__PRESSURE__t640.00-t663.00.__OVERLAY_shift-1.mp4","out\follow_diag\004__PRESSURE__t640.00-t663.00\shift_sweep\004__PRESSURE__t640.00-t663.00.__OVERLAY_shift-1.mp4","1277A422DD1FCE20C6DD5264F4A7541DB4AD4DD508989D0338871D4ECEEC2A80","67539367","11/3/2025 12:53:30 PM"
"C:\Users\scott\soccer-video\out\follow_diag\004__PRESSURE__t640.00-t663.00\shift_sweep\004__PRESSURE__t640.00-t663.00.__OVERLAY_shift-6.mp4","C:\Users\scott\soccer-video\out\_trash\dedupe_exact\20251103_125328\out\follow_diag\004__PRESSURE__t640.00-t663.00\shift_sweep\004__PRESSURE__t640.00-t663.00.__OVERLAY_shift-6.mp4","out\follow_diag\004__PRESSURE__t640.00-t663.00\shift_sweep\004__PRESSURE__t640.00-t663.00.__OVERLAY_shift-6.mp4","1277A422DD1FCE20C6DD5264F4A7541DB4AD4DD508989D0338871D4ECEEC2A80","67539367","11/3/2025 12:53:30 PM"
"C:\Users\scott\soccer-video\out\follow_diag\004__PRESSURE__t640.00-t663.00\shift_sweep\004__PRESSURE__t640.00-t663.00.__OVERLAY_shift-7.mp4","C:\Users\scott\soccer-video\out\_trash\dedupe_exact\20251103_125328\out\follow_diag\004__PRESSURE__t640.00-t663.00\shift_sweep\004__PRESSURE__t640.00-t663.00.__OVERLAY_shift-7.mp4","out\follow_diag\004__PRESSURE__t640.00-t663.00\shift_sweep\004__PRESSURE__t640.00-t663.00.__OVERLAY_shift-7.mp4","1277A422DD1FCE20C6DD5264F4A7541DB4AD4DD508989D0338871D4ECEEC2A80","67539367","11/3/2025 12:53:30 PM"
"C:\Users\scott\soccer-video\out\atomic_clips\2025-10-12__TSC_SLSG_FallFestival\004__PRESSURE__t640.00-t663.00.__OVERLAY_shift.mp4","C:\Users\scott\soccer-video\out\_trash\dedupe_exact\20251103_125328\out\atomic_clips\2025-10-12__TSC_SLSG_FallFestival\004__PRESSURE__t640.00-t663.00.__OVERLAY_shift.mp4","out\atomic_clips\2025-10-12__TSC_SLSG_FallFestival\004__PRESSURE__t640.00-t663.00.__OVERLAY_shift.mp4","DDED8ACEB5ED62FB7D89554A5ACFF3713551548B5341188FB50D39661A1C2F78","67505619","11/3/2025 12:53:30 PM"
"C:\Users\scott\soccer-video\out\atomic_clips\2025-10-12__TSC_SLSG_FallFestival\004__PRESSURE__t640.00-t663.00.__OVERLAY_shift_p1__BIAS.mp4","C:\Users\scott\soccer-video\out\_trash\dedupe_exact\20251103_125328\out\atomic_clips\2025-10-12__TSC_SLSG_FallFestival\004__PRESSURE__t640.00-t663.00.__OVERLAY_shift_p1__BIAS.mp4","out\atomic_clips\2025-10-12__TSC_SLSG_FallFestival\004__PRESSURE__t640.00-t663.00.__OVERLAY_shift_p1__BIAS.mp4","8B9A83651D16985DD2FB09338DA689AC79C0E964C547CDDB244A1D5EB9CD44B5","67350591","11/3/2025 12:53:30 PM"
"C:\Users\scott\soccer-video\out\atomic_clips\2025-10-12__TSC_SLSG_FallFestival\004__PRESSURE__t640.00-t663.00.__OVERLAY__BIAS.mp4","C:\Users\scott\soccer-video\out\_trash\dedupe_exact\20251103_125328\out\atomic_clips\2025-10-12__TSC_SLSG_FallFestival\004__PRESSURE__t640.00-t663.00.__OVERLAY__BIAS.mp4","out\atomic_clips\2025-10-12__TSC_SLSG_FallFestival\004__PRESSURE__t640.00-t663.00.__OVERLAY__BIAS.mp4","8D40601AF1EC872A3EBD6C694DC08EDB390220643230DF2E286D9DF92FE11320","67525142","11/3/2025 12:53:30 PM"
"C:\Users\scott\soccer-video\out\reels\portrait_1080x1920\_quarantine\004__PRESSURE__t640.00-t663.00.__SMOOTH_AUTO.mp4","C:\Users\scott\soccer-video\out\_trash\dedupe_exact\20251103_125328\out\reels\portrait_1080x1920\_quarantine\004__PRESSURE__t640.00-t663.00.__SMOOTH_AUTO.mp4","out\reels\portrait_1080x1920\_quarantine\004__PRESSURE__t640.00-t663.00.__SMOOTH_AUTO.mp4","A2FAA10DD6E7F9A2CFE59F457278983F5CAA678826C87BB543870041C9F980E5","31750681","11/3/2025 12:53:30 PM"
"C:\Users\scott\soccer-video\out\atomic_clips\2025-10-12__TSC_SLSG_FallFestival\004__PRESSURE__t640.00-t663.00.__SMOOTH_AUTO.mp4","C:\Users\scott\soccer-video\out\_trash\dedupe_exact\20251103_125328\out\atomic_clips\2025-10-12__TSC_SLSG_FallFestival\004__PRESSURE__t640.00-t663.00.__SMOOTH_AUTO.mp4","out\atomic_clips\2025-10-12__TSC_SLSG_FallFestival\004__PRESSURE__t640.00-t663.00.__SMOOTH_AUTO.mp4","A2FAA10DD6E7F9A2CFE59F457278983F5CAA678826C87BB543870041C9F980E5","31750681","11/3/2025 12:53:30 PM"
"C:\Users\scott\soccer-video\out\atomic_clips\2025-10-12__TSC_SLSG_FallFestival\004__PRESSURE__t640.00-t663.00.__SMOOTH_AUTO.__DEBUG_states.mp4","C:\Users\scott\soccer-video\out\_trash\dedupe_exact\20251103_125328\out\atomic_clips\2025-10-12__TSC_SLSG_FallFestival\004__PRESSURE__t640.00-t663.00.__SMOOTH_AUTO.__DEBUG_states.mp4","out\atomic_clips\2025-10-12__TSC_SLSG_FallFestival\004__PRESSURE__t640.00-t663.00.__SMOOTH_AUTO.__DEBUG_states.mp4","BA5E196A244300E16DCCFBD5B9E978347A6C70A35691B82E6F9E5965B8286724","39669342","11/3/2025 12:53:30 PM"
"C:\Users\scott\soccer-video\out\atomic_clips\2025-10-12__TSC_SLSG_FallFestival\004__PRESSURE__t640.00-t663.00.__SMOOTH_AUTOFIX.mp4","C:\Users\scott\soccer-video\out\_trash\dedupe_exact\20251103_125328\out\atomic_clips\2025-10-12__TSC_SLSG_FallFestival\004__PRESSURE__t640.00-t663.00.__SMOOTH_AUTOFIX.mp4","out\atomic_clips\2025-10-12__TSC_SLSG_FallFestival\004__PRESSURE__t640.00-t663.00.__SMOOTH_AUTOFIX.mp4","FF4E2206AE577AA38FE29242C3CB1F823FA5D4FAC3C1D912E2BB1A937A050E40","31747806","11/3/2025 12:53:30 PM"
"C:\Users\scott\soccer-video\out\atomic_clips\2025-10-12__TSC_SLSG_FallFestival\004__PRESSURE__t640.00-t663.00.__SMOOTH_LOSTMOTION.__DEBUG_states.mp4","C:\Users\scott\soccer-video\out\_trash\dedupe_exact\20251103_125328\out\atomic_clips\2025-10-12__TSC_SLSG_FallFestival\004__PRESSURE__t640.00-t663.00.__SMOOTH_LOSTMOTION.__DEBUG_states.mp4","out\atomic_clips\2025-10-12__TSC_SLSG_FallFestival\004__PRESSURE__t640.00-t663.00.__SMOOTH_LOSTMOTION.__DEBUG_states.mp4","374B7850191F7EECCF911F800B878E3FE74C48EB4CC201FD8DD877ECF1F2654F","39637969","11/3/2025 12:53:30 PM"
"C:\Users\scott\soccer-video\out\reels\portrait_1080x1920\_quarantine\001__RAW__t0.00-t0.00.__DEBUG_FINAL.mp4","C:\Users\scott\soccer-video\out\_trash\dedupe_exact\20251103_125328\out\reels\portrait_1080x1920\_quarantine\001__RAW__t0.00-t0.00.__DEBUG_FINAL.mp4","out\reels\portrait_1080x1920\_quarantine\001__RAW__t0.00-t0.00.__DEBUG_FINAL.mp4","2AA13EDBA56D9B1FABC96F80A7352F30390120FA991A2B4A626272AFE6CD1C39","871","11/3/2025 12:53:30 PM"
"C:\Users\scott\soccer-video\out\autoframe_work\cinematic\SHOT__t0.00-t0.00\f_048607.jpg","C:\Users\scott\soccer-video\out\_trash\dedupe_exact\20251103_125328\out\autoframe_work\cinematic\SHOT__t0.00-t0.00\f_048607.jpg","out\autoframe_work\cinematic\SHOT__t0.00-t0.00\f_048607.jpg","B27D966B78A6ECE0A036CAFBFC41A73A284CD6D64C11CE05633A34710C2E93C0","338745","11/3/2025 12:53:30 PM"
"C:\Users\scott\soccer-video\out\autoframe_work\cinematic\SHOT__t0.00-t0.00\f_048606.jpg","C:\Users\scott\soccer-video\out\_trash\dedupe_exact\20251103_125328\out\autoframe_work\cinematic\SHOT__t0.00-t0.00\f_048606.jpg","out\autoframe_work\cinematic\SHOT__t0.00-t0.00\f_048606.jpg","B27D966B78A6ECE0A036CAFBFC41A73A284CD6D64C11CE05633A34710C2E93C0","338745","11/3/2025 12:53:30 PM"
"C:\Users\scott\soccer-video\out\autoframe_work\cinematic\SHOT__t0.00-t0.00\f_048609.jpg","C:\Users\scott\soccer-video\out\_trash\dedupe_exact\20251103_125328\out\autoframe_work\cinematic\SHOT__t0.00-t0.00\f_048609.jpg","out\autoframe_work\cinematic\SHOT__t0.00-t0.00\f_048609.jpg","B27D966B78A6ECE0A036CAFBFC41A73A284CD6D64C11CE05633A34710C2E93C0","338745","11/3/2025 12:53:30 PM"
"C:\Users\scott\soccer-video\out\autoframe_work\cinematic\SHOT__t0.00-t0.00\f_048612.jpg","C:\Users\scott\soccer-video\out\_trash\dedupe_exact\20251103_125328\out\autoframe_work\cinematic\SHOT__t0.00-t0.00\f_048612.jpg","out\autoframe_work\cinematic\SHOT__t0.00-t0.00\f_048612.jpg","B27D966B78A6ECE0A036CAFBFC41A73A284CD6D64C11CE05633A34710C2E93C0","338745","11/3/2025 12:53:30 PM"
"C:\Users\scott\soccer-video\out\autoframe_work\cinematic\SHOT__t0.00-t0.00\f_048611.jpg","C:\Users\scott\soccer-video\out\_trash\dedupe_exact\20251103_125328\out\autoframe_work\cinematic\SHOT__t0.00-t0.00\f_048611.jpg","out\autoframe_work\cinematic\SHOT__t0.00-t0.00\f_048611.jpg","B27D966B78A6ECE0A036CAFBFC41A73A284CD6D64C11CE05633A34710C2E93C0","338745","11/3/2025 12:53:30 PM"
"C:\Users\scott\soccer-video\out\autoframe_work\cinematic\SHOT__t0.00-t0.00\f_048610.jpg","C:\Users\scott\soccer-video\out\_trash\dedupe_exact\20251103_125328\out\autoframe_work\cinematic\SHOT__t0.00-t0.00\f_048610.jpg","out\autoframe_work\cinematic\SHOT__t0.00-t0.00\f_048610.jpg","B27D966B78A6ECE0A036CAFBFC41A73A284CD6D64C11CE05633A34710C2E93C0","338745","11/3/2025 12:53:30 PM"
"C:\Users\scott\soccer-video\out\autoframe_work\cinematic\SHOT__t0.00-t0.00\f_048605.jpg","C:\Users\scott\soccer-video\out\_trash\dedupe_exact\20251103_125328\out\autoframe_work\cinematic\SHOT__t0.00-t0.00\f_048605.jpg","out\autoframe_work\cinematic\SHOT__t0.00-t0.00\f_048605.jpg","B27D966B78A6ECE0A036CAFBFC41A73A284CD6D64C11CE05633A34710C2E93C0","338745","11/3/2025 12:53:30 PM"
"C:\Users\scott\soccer-video\out\autoframe_work\cinematic\SHOT__t0.00-t0.00\f_048600.jpg","C:\Users\scott\soccer-video\out\_trash\dedupe_exact\20251103_125328\out\autoframe_work\cinematic\SHOT__t0.00-t0.00\f_048600.jpg","out\autoframe_work\cinematic\SHOT__t0.00-t0.00\f_048600.jpg","B27D966B78A6ECE0A036CAFBFC41A73A284CD6D64C11CE05633A34710C2E93C0","338745","11/3/2025 12:53:30 PM"
"C:\Users\scott\soccer-video\out\autoframe_work\cinematic\SHOT__t0.00-t0.00\f_048599.jpg","C:\Users\scott\soccer-video\out\_trash\dedupe_exact\20251103_125328\out\autoframe_work\cinematic\SHOT__t0.00-t0.00\f_048599.jpg","out\autoframe_work\cinematic\SHOT__t0.00-t0.00\f_048599.jpg","B27D966B78A6ECE0A036CAFBFC41A73A284CD6D64C11CE05633A34710C2E93C0","338745","11/3/2025 12:53:30 PM"
"C:\Users\scott\soccer-video\out\autoframe_work\cinematic\SHOT__t0.00-t0.00\f_048598.jpg","C:\Users\scott\soccer-video\out\_trash\dedupe_exact\20251103_125328\out\autoframe_work\cinematic\SHOT__t0.00-t0.00\f_048598.jpg","out\autoframe_work\cinematic\SHOT__t0.00-t0.00\f_048598.jpg","B27D966B78A6ECE0A036CAFBFC41A73A284CD6D64C11CE05633A34710C2E93C0","338745","11/3/2025 12:53:30 PM"
"C:\Users\scott\soccer-video\out\autoframe_work\cinematic\SHOT__t0.00-t0.00\f_048601.jpg","C:\Users\scott\soccer-video\out\_trash\dedupe_exact\20251103_125328\out\autoframe_work\cinematic\SHOT__t0.00-t0.00\f_048601.jpg","out\autoframe_work\cinematic\SHOT__t0.00-t0.00\f_048601.jpg","B27D966B78A6ECE0A036CAFBFC41A73A284CD6D64C11CE05633A34710C2E93C0","338745","11/3/2025 12:53:30 PM"
"C:\Users\scott\soccer-video\out\autoframe_work\cinematic\SHOT__t0.00-t0.00\f_048604.jpg","C:\Users\scott\soccer-video\out\_trash\dedupe_exact\20251103_125328\out\autoframe_work\cinematic\SHOT__t0.00-t0.00\f_048604.jpg","out\autoframe_work\cinematic\SHOT__t0.00-t0.00\f_048604.jpg","B27D966B78A6ECE0A036CAFBFC41A73A284CD6D64C11CE05633A34710C2E93C0","338745","11/3/2025 12:53:30 PM"
"C:\Users\scott\soccer-video\out\autoframe_work\cinematic\SHOT__t0.00-t0.00\f_048603.jpg","C:\Users\scott\soccer-video\out\_trash\dedupe_exact\20251103_125328\out\autoframe_work\cinematic\SHOT__t0.00-t0.00\f_048603.jpg","out\autoframe_work\cinematic\SHOT__t0.00-t0.00\f_048603.jpg","B27D966B78A6ECE0A036CAFBFC41A73A284CD6D64C11CE05633A34710C2E93C0","338745","11/3/2025 12:53:30 PM"
"C:\Users\scott\soccer-video\out\autoframe_work\cinematic\SHOT__t0.00-t0.00\f_048602.jpg","C:\Users\scott\soccer-video\out\_trash\dedupe_exact\20251103_125328\out\autoframe_work\cinematic\SHOT__t0.00-t0.00\f_048602.jpg","out\autoframe_work\cinematic\SHOT__t0.00-t0.00\f_048602.jpg","B27D966B78A6ECE0A036CAFBFC41A73A284CD6D64C11CE05633A34710C2E93C0","338745","11/3/2025 12:53:30 PM"
"C:\Users\scott\soccer-video\out\autoframe_work\cinematic\SHOT__t0.00-t0.00\f_048623.jpg","C:\Users\scott\soccer-video\out\_trash\dedupe_exact\20251103_125328\out\autoframe_work\cinematic\SHOT__t0.00-t0.00\f_048623.jpg","out\autoframe_work\cinematic\SHOT__t0.00-t0.00\f_048623.jpg","B27D966B78A6ECE0A036CAFBFC41A73A284CD6D64C11CE05633A34710C2E93C0","338745","11/3/2025 12:53:30 PM"
"C:\Users\scott\soccer-video\out\autoframe_work\cinematic\SHOT__t0.00-t0.00\f_048622.jpg","C:\Users\scott\soccer-video\out\_trash\dedupe_exact\20251103_125328\out\autoframe_work\cinematic\SHOT__t0.00-t0.00\f_048622.jpg","out\autoframe_work\cinematic\SHOT__t0.00-t0.00\f_048622.jpg","B27D966B78A6ECE0A036CAFBFC41A73A284CD6D64C11CE05633A34710C2E93C0","338745","11/3/2025 12:53:30 PM"
"C:\Users\scott\soccer-video\out\autoframe_work\cinematic\SHOT__t0.00-t0.00\f_048621.jpg","C:\Users\scott\soccer-video\out\_trash\dedupe_exact\20251103_125328\out\autoframe_work\cinematic\SHOT__t0.00-t0.00\f_048621.jpg","out\autoframe_work\cinematic\SHOT__t0.00-t0.00\f_048621.jpg","B27D966B78A6ECE0A036CAFBFC41A73A284CD6D64C11CE05633A34710C2E93C0","338745","11/3/2025 12:53:30 PM"
"C:\Users\scott\soccer-video\out\autoframe_work\cinematic\SHOT__t0.00-t0.00\f_048624.jpg","C:\Users\scott\soccer-video\out\_trash\dedupe_exact\20251103_125328\out\autoframe_work\cinematic\SHOT__t0.00-t0.00\f_048624.jpg","out\autoframe_work\cinematic\SHOT__t0.00-t0.00\f_048624.jpg","B27D966B78A6ECE0A036CAFBFC41A73A284CD6D64C11CE05633A34710C2E93C0","338745","11/3/2025 12:53:30 PM"
"C:\Users\scott\soccer-video\out\autoframe_work\cinematic\SHOT__t0.00-t0.00\f_048627.jpg","C:\Users\scott\soccer-video\out\_trash\dedupe_exact\20251103_125328\out\autoframe_work\cinematic\SHOT__t0.00-t0.00\f_048627.jpg","out\autoframe_work\cinematic\SHOT__t0.00-t0.00\f_048627.jpg","B27D966B78A6ECE0A036CAFBFC41A73A284CD6D64C11CE05633A34710C2E93C0","338745","11/3/2025 12:53:30 PM"
"C:\Users\scott\soccer-video\out\autoframe_work\cinematic\SHOT__t0.00-t0.00\f_048626.jpg","C:\Users\scott\soccer-video\out\_trash\dedupe_exact\20251103_125328\out\autoframe_work\cinematic\SHOT__t0.00-t0.00\f_048626.jpg","out\autoframe_work\cinematic\SHOT__t0.00-t0.00\f_048626.jpg","B27D966B78A6ECE0A036CAFBFC41A73A284CD6D64C11CE05633A34710C2E93C0","338745","11/3/2025 12:53:30 PM"
"C:\Users\scott\soccer-video\out\autoframe_work\cinematic\SHOT__t0.00-t0.00\f_048625.jpg","C:\Users\scott\soccer-video\out\_trash\dedupe_exact\20251103_125328\out\autoframe_work\cinematic\SHOT__t0.00-t0.00\f_048625.jpg","out\autoframe_work\cinematic\SHOT__t0.00-t0.00\f_048625.jpg","B27D966B78A6ECE0A036CAFBFC41A73A284CD6D64C11CE05633A34710C2E93C0","338745","11/3/2025 12:53:30 PM"
"C:\Users\scott\soccer-video\out\autoframe_work\cinematic\SHOT__t0.00-t0.00\f_048620.jpg","C:\Users\scott\soccer-video\out\_trash\dedupe_exact\20251103_125328\out\autoframe_work\cinematic\SHOT__t0.00-t0.00\f_048620.jpg","out\autoframe_work\cinematic\SHOT__t0.00-t0.00\f_048620.jpg","B27D966B78A6ECE0A036CAFBFC41A73A284CD6D64C11CE05633A34710C2E93C0","338745","11/3/2025 12:53:30 PM"
"C:\Users\scott\soccer-video\out\autoframe_work\cinematic\SHOT__t0.00-t0.00\f_048615.jpg","C:\Users\scott\soccer-video\out\_trash\dedupe_exact\20251103_125328\out\autoframe_work\cinematic\SHOT__t0.00-t0.00\f_048615.jpg","out\autoframe_work\cinematic\SHOT__t0.00-t0.00\f_048615.jpg","B27D966B78A6ECE0A036CAFBFC41A73A284CD6D64C11CE05633A34710C2E93C0","338745","11/3/2025 12:53:30 PM"
"C:\Users\scott\soccer-video\out\autoframe_work\cinematic\SHOT__t0.00-t0.00\f_048614.jpg","C:\Users\scott\soccer-video\out\_trash\dedupe_exact\20251103_125328\out\autoframe_work\cinematic\SHOT__t0.00-t0.00\f_048614.jpg","out\autoframe_work\cinematic\SHOT__t0.00-t0.00\f_048614.jpg","B27D966B78A6ECE0A036CAFBFC41A73A284CD6D64C11CE05633A34710C2E93C0","338745","11/3/2025 12:53:30 PM"
"C:\Users\scott\soccer-video\out\autoframe_work\cinematic\SHOT__t0.00-t0.00\f_048613.jpg","C:\Users\scott\soccer-video\out\_trash\dedupe_exact\20251103_125328\out\autoframe_work\cinematic\SHOT__t0.00-t0.00\f_048613.jpg","out\autoframe_work\cinematic\SHOT__t0.00-t0.00\f_048613.jpg","B27D966B78A6ECE0A036CAFBFC41A73A284CD6D64C11CE05633A34710C2E93C0","338745","11/3/2025 12:53:30 PM"
"C:\Users\scott\soccer-video\out\autoframe_work\cinematic\SHOT__t0.00-t0.00\f_048616.jpg","C:\Users\scott\soccer-video\out\_trash\dedupe_exact\20251103_125328\out\autoframe_work\cinematic\SHOT__t0.00-t0.00\f_048616.jpg","out\autoframe_work\cinematic\SHOT__t0.00-t0.00\f_048616.jpg","B27D966B78A6ECE0A036CAFBFC41A73A284CD6D64C11CE05633A34710C2E93C0","338745","11/3/2025 12:53:30 PM"
"C:\Users\scott\soccer-video\out\autoframe_work\cinematic\SHOT__t0.00-t0.00\f_048619.jpg","C:\Users\scott\soccer-video\out\_trash\dedupe_exact\20251103_125328\out\autoframe_work\cinematic\SHOT__t0.00-t0.00\f_048619.jpg","out\autoframe_work\cinematic\SHOT__t0.00-t0.00\f_048619.jpg","B27D966B78A6ECE0A036CAFBFC41A73A284CD6D64C11CE05633A34710C2E93C0","338745","11/3/2025 12:53:30 PM"
"C:\Users\scott\soccer-video\out\autoframe_work\cinematic\SHOT__t0.00-t0.00\f_048618.jpg","C:\Users\scott\soccer-video\out\_trash\dedupe_exact\20251103_125328\out\autoframe_work\cinematic\SHOT__t0.00-t0.00\f_048618.jpg","out\autoframe_work\cinematic\SHOT__t0.00-t0.00\f_048618.jpg","B27D966B78A6ECE0A036CAFBFC41A73A284CD6D64C11CE05633A34710C2E93C0","338745","11/3/2025 12:53:30 PM"
"C:\Users\scott\soccer-video\out\autoframe_work\cinematic\SHOT__t0.00-t0.00\f_048617.jpg","C:\Users\scott\soccer-video\out\_trash\dedupe_exact\20251103_125328\out\autoframe_work\cinematic\SHOT__t0.00-t0.00\f_048617.jpg","out\autoframe_work\cinematic\SHOT__t0.00-t0.00\f_048617.jpg","B27D966B78A6ECE0A036CAFBFC41A73A284CD6D64C11CE05633A34710C2E93C0","338745","11/3/2025 12:53:30 PM"
"C:\Users\scott\soccer-video\out\autoframe_work\cinematic\SHOT__t0.00-t0.00\f_048597.jpg","C:\Users\scott\soccer-video\out\_trash\dedupe_exact\20251103_125328\out\autoframe_work\cinematic\SHOT__t0.00-t0.00\f_048597.jpg","out\autoframe_work\cinematic\SHOT__t0.00-t0.00\f_048597.jpg","B27D966B78A6ECE0A036CAFBFC41A73A284CD6D64C11CE05633A34710C2E93C0","338745","11/3/2025 12:53:30 PM"
"C:\Users\scott\soccer-video\out\autoframe_work\cinematic\SHOT__t0.00-t0.00\f_048577.jpg","C:\Users\scott\soccer-video\out\_trash\dedupe_exact\20251103_125328\out\autoframe_work\cinematic\SHOT__t0.00-t0.00\f_048577.jpg","out\autoframe_work\cinematic\SHOT__t0.00-t0.00\f_048577.jpg","B27D966B78A6ECE0A036CAFBFC41A73A284CD6D64C11CE05633A34710C2E93C0","338745","11/3/2025 12:53:30 PM"
"C:\Users\scott\soccer-video\out\autoframe_work\cinematic\SHOT__t0.00-t0.00\f_048576.jpg","C:\Users\scott\soccer-video\out\_trash\dedupe_exact\20251103_125328\out\autoframe_work\cinematic\SHOT__t0.00-t0.00\f_048576.jpg","out\autoframe_work\cinematic\SHOT__t0.00-t0.00\f_048576.jpg","B27D966B78A6ECE0A036CAFBFC41A73A284CD6D64C11CE05633A34710C2E93C0","338745","11/3/2025 12:53:30 PM"
"C:\Users\scott\soccer-video\out\autoframe_work\cinematic\SHOT__t0.00-t0.00\f_048575.jpg","C:\Users\scott\soccer-video\out\_trash\dedupe_exact\20251103_125328\out\autoframe_work\cinematic\SHOT__t0.00-t0.00\f_048575.jpg","out\autoframe_work\cinematic\SHOT__t0.00-t0.00\f_048575.jpg","B27D966B78A6ECE0A036CAFBFC41A73A284CD6D64C11CE05633A34710C2E93C0","338745","11/3/2025 12:53:30 PM"
"C:\Users\scott\soccer-video\out\autoframe_work\cinematic\SHOT__t0.00-t0.00\f_048578.jpg","C:\Users\scott\soccer-video\out\_trash\dedupe_exact\20251103_125328\out\autoframe_work\cinematic\SHOT__t0.00-t0.00\f_048578.jpg","out\autoframe_work\cinematic\SHOT__t0.00-t0.00\f_048578.jpg","B27D966B78A6ECE0A036CAFBFC41A73A284CD6D64C11CE05633A34710C2E93C0","338745","11/3/2025 12:53:30 PM"
"C:\Users\scott\soccer-video\out\autoframe_work\cinematic\SHOT__t0.00-t0.00\f_048581.jpg","C:\Users\scott\soccer-video\out\_trash\dedupe_exact\20251103_125328\out\autoframe_work\cinematic\SHOT__t0.00-t0.00\f_048581.jpg","out\autoframe_work\cinematic\SHOT__t0.00-t0.00\f_048581.jpg","B27D966B78A6ECE0A036CAFBFC41A73A284CD6D64C11CE05633A34710C2E93C0","338745","11/3/2025 12:53:30 PM"
"C:\Users\scott\soccer-video\out\autoframe_work\cinematic\SHOT__t0.00-t0.00\f_048580.jpg","C:\Users\scott\soccer-video\out\_trash\dedupe_exact\20251103_125328\out\autoframe_work\cinematic\SHOT__t0.00-t0.00\f_048580.jpg","out\autoframe_work\cinematic\SHOT__t0.00-t0.00\f_048580.jpg","B27D966B78A6ECE0A036CAFBFC41A73A284CD6D64C11CE05633A34710C2E93C0","338745","11/3/2025 12:53:30 PM"
"C:\Users\scott\soccer-video\out\autoframe_work\cinematic\SHOT__t0.00-t0.00\f_048579.jpg","C:\Users\scott\soccer-video\out\_trash\dedupe_exact\20251103_125328\out\autoframe_work\cinematic\SHOT__t0.00-t0.00\f_048579.jpg","out\autoframe_work\cinematic\SHOT__t0.00-t0.00\f_048579.jpg","B27D966B78A6ECE0A036CAFBFC41A73A284CD6D64C11CE05633A34710C2E93C0","338745","11/3/2025 12:53:30 PM"
"C:\Users\scott\soccer-video\out\autoframe_work\cinematic\SHOT__t0.00-t0.00\f_048570.jpg","C:\Users\scott\soccer-video\out\_trash\dedupe_exact\20251103_125328\out\autoframe_work\cinematic\SHOT__t0.00-t0.00\f_048570.jpg","out\autoframe_work\cinematic\SHOT__t0.00-t0.00\f_048570.jpg","B27D966B78A6ECE0A036CAFBFC41A73A284CD6D64C11CE05633A34710C2E93C0","338745","11/3/2025 12:53:30 PM"
"C:\Users\scott\soccer-video\out\autoframe_work\cinematic\SHOT__t0.00-t0.00\f_048569.jpg","C:\Users\scott\soccer-video\out\_trash\dedupe_exact\20251103_125328\out\autoframe_work\cinematic\SHOT__t0.00-t0.00\f_048569.jpg","out\autoframe_work\cinematic\SHOT__t0.00-t0.00\f_048569.jpg","B27D966B78A6ECE0A036CAFBFC41A73A284CD6D64C11CE05633A34710C2E93C0","338745","11/3/2025 12:53:30 PM"
"C:\Users\scott\soccer-video\out\autoframe_work\cinematic\SHOT__t0.00-t0.00\f_048568.jpg","C:\Users\scott\soccer-video\out\_trash\dedupe_exact\20251103_125328\out\autoframe_work\cinematic\SHOT__t0.00-t0.00\f_048568.jpg","out\autoframe_work\cinematic\SHOT__t0.00-t0.00\f_048568.jpg","B27D966B78A6ECE0A036CAFBFC41A73A284CD6D64C11CE05633A34710C2E93C0","338745","11/3/2025 12:53:30 PM"
"C:\Users\scott\soccer-video\out\autoframe_work\cinematic\SHOT__t0.00-t0.00\f_048571.jpg","C:\Users\scott\soccer-video\out\_trash\dedupe_exact\20251103_125328\out\autoframe_work\cinematic\SHOT__t0.00-t0.00\f_048571.jpg","out\autoframe_work\cinematic\SHOT__t0.00-t0.00\f_048571.jpg","B27D966B78A6ECE0A036CAFBFC41A73A284CD6D64C11CE05633A34710C2E93C0","338745","11/3/2025 12:53:30 PM"
"C:\Users\scott\soccer-video\out\autoframe_work\cinematic\SHOT__t0.00-t0.00\f_048574.jpg","C:\Users\scott\soccer-video\out\_trash\dedupe_exact\20251103_125328\out\autoframe_work\cinematic\SHOT__t0.00-t0.00\f_048574.jpg","out\autoframe_work\cinematic\SHOT__t0.00-t0.00\f_048574.jpg","B27D966B78A6ECE0A036CAFBFC41A73A284CD6D64C11CE05633A34710C2E93C0","338745","11/3/2025 12:53:30 PM"
"C:\Users\scott\soccer-video\out\autoframe_work\cinematic\SHOT__t0.00-t0.00\f_048573.jpg","C:\Users\scott\soccer-video\out\_trash\dedupe_exact\20251103_125328\out\autoframe_work\cinematic\SHOT__t0.00-t0.00\f_048573.jpg","out\autoframe_work\cinematic\SHOT__t0.00-t0.00\f_048573.jpg","B27D966B78A6ECE0A036CAFBFC41A73A284CD6D64C11CE05633A34710C2E93C0","338745","11/3/2025 12:53:30 PM"
"C:\Users\scott\soccer-video\out\autoframe_work\cinematic\SHOT__t0.00-t0.00\f_048572.jpg","C:\Users\scott\soccer-video\out\_trash\dedupe_exact\20251103_125328\out\autoframe_work\cinematic\SHOT__t0.00-t0.00\f_048572.jpg","out\autoframe_work\cinematic\SHOT__t0.00-t0.00\f_048572.jpg","B27D966B78A6ECE0A036CAFBFC41A73A284CD6D64C11CE05633A34710C2E93C0","338745","11/3/2025 12:53:30 PM"
"C:\Users\scott\soccer-video\out\autoframe_work\cinematic\SHOT__t0.00-t0.00\f_048582.jpg","C:\Users\scott\soccer-video\out\_trash\dedupe_exact\20251103_125328\out\autoframe_work\cinematic\SHOT__t0.00-t0.00\f_048582.jpg","out\autoframe_work\cinematic\SHOT__t0.00-t0.00\f_048582.jpg","B27D966B78A6ECE0A036CAFBFC41A73A284CD6D64C11CE05633A34710C2E93C0","338745","11/3/2025 12:53:30 PM"
"C:\Users\scott\soccer-video\out\autoframe_work\cinematic\SHOT__t0.00-t0.00\f_048592.jpg","C:\Users\scott\soccer-video\out\_trash\dedupe_exact\20251103_125328\out\autoframe_work\cinematic\SHOT__t0.00-t0.00\f_048592.jpg","out\autoframe_work\cinematic\SHOT__t0.00-t0.00\f_048592.jpg","B27D966B78A6ECE0A036CAFBFC41A73A284CD6D64C11CE05633A34710C2E93C0","338745","11/3/2025 12:53:30 PM"
"C:\Users\scott\soccer-video\out\autoframe_work\cinematic\SHOT__t0.00-t0.00\f_048591.jpg","C:\Users\scott\soccer-video\out\_trash\dedupe_exact\20251103_125328\out\autoframe_work\cinematic\SHOT__t0.00-t0.00\f_048591.jpg","out\autoframe_work\cinematic\SHOT__t0.00-t0.00\f_048591.jpg","B27D966B78A6ECE0A036CAFBFC41A73A284CD6D64C11CE05633A34710C2E93C0","338745","11/3/2025 12:53:30 PM"
"C:\Users\scott\soccer-video\out\autoframe_work\cinematic\SHOT__t0.00-t0.00\f_048590.jpg","C:\Users\scott\soccer-video\out\_trash\dedupe_exact\20251103_125328\out\autoframe_work\cinematic\SHOT__t0.00-t0.00\f_048590.jpg","out\autoframe_work\cinematic\SHOT__t0.00-t0.00\f_048590.jpg","B27D966B78A6ECE0A036CAFBFC41A73A284CD6D64C11CE05633A34710C2E93C0","338745","11/3/2025 12:53:30 PM"
"C:\Users\scott\soccer-video\out\autoframe_work\cinematic\SHOT__t0.00-t0.00\f_048593.jpg","C:\Users\scott\soccer-video\out\_trash\dedupe_exact\20251103_125328\out\autoframe_work\cinematic\SHOT__t0.00-t0.00\f_048593.jpg","out\autoframe_work\cinematic\SHOT__t0.00-t0.00\f_048593.jpg","B27D966B78A6ECE0A036CAFBFC41A73A284CD6D64C11CE05633A34710C2E93C0","338745","11/3/2025 12:53:30 PM"
"C:\Users\scott\soccer-video\out\autoframe_work\cinematic\SHOT__t0.00-t0.00\f_048596.jpg","C:\Users\scott\soccer-video\out\_trash\dedupe_exact\20251103_125328\out\autoframe_work\cinematic\SHOT__t0.00-t0.00\f_048596.jpg","out\autoframe_work\cinematic\SHOT__t0.00-t0.00\f_048596.jpg","B27D966B78A6ECE0A036CAFBFC41A73A284CD6D64C11CE05633A34710C2E93C0","338745","11/3/2025 12:53:30 PM"
"C:\Users\scott\soccer-video\out\autoframe_work\cinematic\SHOT__t0.00-t0.00\f_048595.jpg","C:\Users\scott\soccer-video\out\_trash\dedupe_exact\20251103_125328\out\autoframe_work\cinematic\SHOT__t0.00-t0.00\f_048595.jpg","out\autoframe_work\cinematic\SHOT__t0.00-t0.00\f_048595.jpg","B27D966B78A6ECE0A036CAFBFC41A73A284CD6D64C11CE05633A34710C2E93C0","338745","11/3/2025 12:53:30 PM"
"C:\Users\scott\soccer-video\out\autoframe_work\cinematic\SHOT__t0.00-t0.00\f_048594.jpg","C:\Users\scott\soccer-video\out\_trash\dedupe_exact\20251103_125328\out\autoframe_work\cinematic\SHOT__t0.00-t0.00\f_048594.jpg","out\autoframe_work\cinematic\SHOT__t0.00-t0.00\f_048594.jpg","B27D966B78A6ECE0A036CAFBFC41A73A284CD6D64C11CE05633A34710C2E93C0","338745","11/3/2025 12:53:30 PM"
"C:\Users\scott\soccer-video\out\autoframe_work\cinematic\SHOT__t0.00-t0.00\f_048585.jpg","C:\Users\scott\soccer-video\out\_trash\dedupe_exact\20251103_125328\out\autoframe_work\cinematic\SHOT__t0.00-t0.00\f_048585.jpg","out\autoframe_work\cinematic\SHOT__t0.00-t0.00\f_048585.jpg","B27D966B78A6ECE0A036CAFBFC41A73A284CD6D64C11CE05633A34710C2E93C0","338745","11/3/2025 12:53:30 PM"
"C:\Users\scott\soccer-video\out\autoframe_work\cinematic\SHOT__t0.00-t0.00\f_048584.jpg","C:\Users\scott\soccer-video\out\_trash\dedupe_exact\20251103_125328\out\autoframe_work\cinematic\SHOT__t0.00-t0.00\f_048584.jpg","out\autoframe_work\cinematic\SHOT__t0.00-t0.00\f_048584.jpg","B27D966B78A6ECE0A036CAFBFC41A73A284CD6D64C11CE05633A34710C2E93C0","338745","11/3/2025 12:53:30 PM"
"C:\Users\scott\soccer-video\out\autoframe_work\cinematic\SHOT__t0.00-t0.00\f_048583.jpg","C:\Users\scott\soccer-video\out\_trash\dedupe_exact\20251103_125328\out\autoframe_work\cinematic\SHOT__t0.00-t0.00\f_048583.jpg","out\autoframe_work\cinematic\SHOT__t0.00-t0.00\f_048583.jpg","B27D966B78A6ECE0A036CAFBFC41A73A284CD6D64C11CE05633A34710C2E93C0","338745","11/3/2025 12:53:30 PM"
"C:\Users\scott\soccer-video\out\autoframe_work\cinematic\SHOT__t0.00-t0.00\f_048586.jpg","C:\Users\scott\soccer-video\out\_trash\dedupe_exact\20251103_125328\out\autoframe_work\cinematic\SHOT__t0.00-t0.00\f_048586.jpg","out\autoframe_work\cinematic\SHOT__t0.00-t0.00\f_048586.jpg","B27D966B78A6ECE0A036CAFBFC41A73A284CD6D64C11CE05633A34710C2E93C0","338745","11/3/2025 12:53:31 PM"
"C:\Users\scott\soccer-video\out\autoframe_work\cinematic\SHOT__t0.00-t0.00\f_048589.jpg","C:\Users\scott\soccer-video\out\_trash\dedupe_exact\20251103_125328\out\autoframe_work\cinematic\SHOT__t0.00-t0.00\f_048589.jpg","out\autoframe_work\cinematic\SHOT__t0.00-t0.00\f_048589.jpg","B27D966B78A6ECE0A036CAFBFC41A73A284CD6D64C11CE05633A34710C2E93C0","338745","11/3/2025 12:53:31 PM"
"C:\Users\scott\soccer-video\out\autoframe_work\cinematic\SHOT__t0.00-t0.00\f_048588.jpg","C:\Users\scott\soccer-video\out\_trash\dedupe_exact\20251103_125328\out\autoframe_work\cinematic\SHOT__t0.00-t0.00\f_048588.jpg","out\autoframe_work\cinematic\SHOT__t0.00-t0.00\f_048588.jpg","B27D966B78A6ECE0A036CAFBFC41A73A284CD6D64C11CE05633A34710C2E93C0","338745","11/3/2025 12:53:31 PM"
"C:\Users\scott\soccer-video\out\autoframe_work\cinematic\SHOT__t0.00-t0.00\f_048587.jpg","C:\Users\scott\soccer-video\out\_trash\dedupe_exact\20251103_125328\out\autoframe_work\cinematic\SHOT__t0.00-t0.00\f_048587.jpg","out\autoframe_work\cinematic\SHOT__t0.00-t0.00\f_048587.jpg","B27D966B78A6ECE0A036CAFBFC41A73A284CD6D64C11CE05633A34710C2E93C0","338745","11/3/2025 12:53:31 PM"
"C:\Users\scott\soccer-video\out\autoframe_work\cinematic\SHOT__t0.00-t0.00__x2\f_048607.jpg","C:\Users\scott\soccer-video\out\_trash\dedupe_exact\20251103_125328\out\autoframe_work\cinematic\SHOT__t0.00-t0.00__x2\f_048607.jpg","out\autoframe_work\cinematic\SHOT__t0.00-t0.00__x2\f_048607.jpg","B27D966B78A6ECE0A036CAFBFC41A73A284CD6D64C11CE05633A34710C2E93C0","338745","11/3/2025 12:53:31 PM"
"C:\Users\scott\soccer-video\out\autoframe_work\cinematic\SHOT__t0.00-t0.00__x2\f_048606.jpg","C:\Users\scott\soccer-video\out\_trash\dedupe_exact\20251103_125328\out\autoframe_work\cinematic\SHOT__t0.00-t0.00__x2\f_048606.jpg","out\autoframe_work\cinematic\SHOT__t0.00-t0.00__x2\f_048606.jpg","B27D966B78A6ECE0A036CAFBFC41A73A284CD6D64C11CE05633A34710C2E93C0","338745","11/3/2025 12:53:31 PM"
"C:\Users\scott\soccer-video\out\autoframe_work\cinematic\SHOT__t0.00-t0.00__x2\f_048605.jpg","C:\Users\scott\soccer-video\out\_trash\dedupe_exact\20251103_125328\out\autoframe_work\cinematic\SHOT__t0.00-t0.00__x2\f_048605.jpg","out\autoframe_work\cinematic\SHOT__t0.00-t0.00__x2\f_048605.jpg","B27D966B78A6ECE0A036CAFBFC41A73A284CD6D64C11CE05633A34710C2E93C0","338745","11/3/2025 12:53:31 PM"
"C:\Users\scott\soccer-video\out\autoframe_work\cinematic\SHOT__t0.00-t0.00__x2\f_048608.jpg","C:\Users\scott\soccer-video\out\_trash\dedupe_exact\20251103_125328\out\autoframe_work\cinematic\SHOT__t0.00-t0.00__x2\f_048608.jpg","out\autoframe_work\cinematic\SHOT__t0.00-t0.00__x2\f_048608.jpg","B27D966B78A6ECE0A036CAFBFC41A73A284CD6D64C11CE05633A34710C2E93C0","338745","11/3/2025 12:53:31 PM"
"C:\Users\scott\soccer-video\out\autoframe_work\cinematic\SHOT__t0.00-t0.00__x2\f_048611.jpg","C:\Users\scott\soccer-video\out\_trash\dedupe_exact\20251103_125328\out\autoframe_work\cinematic\SHOT__t0.00-t0.00__x2\f_048611.jpg","out\autoframe_work\cinematic\SHOT__t0.00-t0.00__x2\f_048611.jpg","B27D966B78A6ECE0A036CAFBFC41A73A284CD6D64C11CE05633A34710C2E93C0","338745","11/3/2025 12:53:31 PM"
"C:\Users\scott\soccer-video\out\autoframe_work\cinematic\SHOT__t0.00-t0.00__x2\f_048610.jpg","C:\Users\scott\soccer-video\out\_trash\dedupe_exact\20251103_125328\out\autoframe_work\cinematic\SHOT__t0.00-t0.00__x2\f_048610.jpg","out\autoframe_work\cinematic\SHOT__t0.00-t0.00__x2\f_048610.jpg","B27D966B78A6ECE0A036CAFBFC41A73A284CD6D64C11CE05633A34710C2E93C0","338745","11/3/2025 12:53:31 PM"
"C:\Users\scott\soccer-video\out\autoframe_work\cinematic\SHOT__t0.00-t0.00__x2\f_048609.jpg","C:\Users\scott\soccer-video\out\_trash\dedupe_exact\20251103_125328\out\autoframe_work\cinematic\SHOT__t0.00-t0.00__x2\f_048609.jpg","out\autoframe_work\cinematic\SHOT__t0.00-t0.00__x2\f_048609.jpg","B27D966B78A6ECE0A036CAFBFC41A73A284CD6D64C11CE05633A34710C2E93C0","338745","11/3/2025 12:53:31 PM"
"C:\Users\scott\soccer-video\out\autoframe_work\cinematic\SHOT__t0.00-t0.00__x2\f_048604.jpg","C:\Users\scott\soccer-video\out\_trash\dedupe_exact\20251103_125328\out\autoframe_work\cinematic\SHOT__t0.00-t0.00__x2\f_048604.jpg","out\autoframe_work\cinematic\SHOT__t0.00-t0.00__x2\f_048604.jpg","B27D966B78A6ECE0A036CAFBFC41A73A284CD6D64C11CE05633A34710C2E93C0","338745","11/3/2025 12:53:31 PM"
"C:\Users\scott\soccer-video\out\autoframe_work\cinematic\SHOT__t0.00-t0.00__x2\f_048599.jpg","C:\Users\scott\soccer-video\out\_trash\dedupe_exact\20251103_125328\out\autoframe_work\cinematic\SHOT__t0.00-t0.00__x2\f_048599.jpg","out\autoframe_work\cinematic\SHOT__t0.00-t0.00__x2\f_048599.jpg","B27D966B78A6ECE0A036CAFBFC41A73A284CD6D64C11CE05633A34710C2E93C0","338745","11/3/2025 12:53:31 PM"
"C:\Users\scott\soccer-video\out\autoframe_work\cinematic\SHOT__t0.00-t0.00__x2\f_048598.jpg","C:\Users\scott\soccer-video\out\_trash\dedupe_exact\20251103_125328\out\autoframe_work\cinematic\SHOT__t0.00-t0.00__x2\f_048598.jpg","out\autoframe_work\cinematic\SHOT__t0.00-t0.00__x2\f_048598.jpg","B27D966B78A6ECE0A036CAFBFC41A73A284CD6D64C11CE05633A34710C2E93C0","338745","11/3/2025 12:53:31 PM"
"C:\Users\scott\soccer-video\out\autoframe_work\cinematic\SHOT__t0.00-t0.00__x2\f_048597.jpg","C:\Users\scott\soccer-video\out\_trash\dedupe_exact\20251103_125328\out\autoframe_work\cinematic\SHOT__t0.00-t0.00__x2\f_048597.jpg","out\autoframe_work\cinematic\SHOT__t0.00-t0.00__x2\f_048597.jpg","B27D966B78A6ECE0A036CAFBFC41A73A284CD6D64C11CE05633A34710C2E93C0","338745","11/3/2025 12:53:31 PM"
"C:\Users\scott\soccer-video\out\autoframe_work\cinematic\SHOT__t0.00-t0.00__x2\f_048600.jpg","C:\Users\scott\soccer-video\out\_trash\dedupe_exact\20251103_125328\out\autoframe_work\cinematic\SHOT__t0.00-t0.00__x2\f_048600.jpg","out\autoframe_work\cinematic\SHOT__t0.00-t0.00__x2\f_048600.jpg","B27D966B78A6ECE0A036CAFBFC41A73A284CD6D64C11CE05633A34710C2E93C0","338745","11/3/2025 12:53:31 PM"
"C:\Users\scott\soccer-video\out\autoframe_work\cinematic\SHOT__t0.00-t0.00__x2\f_048603.jpg","C:\Users\scott\soccer-video\out\_trash\dedupe_exact\20251103_125328\out\autoframe_work\cinematic\SHOT__t0.00-t0.00__x2\f_048603.jpg","out\autoframe_work\cinematic\SHOT__t0.00-t0.00__x2\f_048603.jpg","B27D966B78A6ECE0A036CAFBFC41A73A284CD6D64C11CE05633A34710C2E93C0","338745","11/3/2025 12:53:31 PM"
"C:\Users\scott\soccer-video\out\autoframe_work\cinematic\SHOT__t0.00-t0.00__x2\f_048602.jpg","C:\Users\scott\soccer-video\out\_trash\dedupe_exact\20251103_125328\out\autoframe_work\cinematic\SHOT__t0.00-t0.00__x2\f_048602.jpg","out\autoframe_work\cinematic\SHOT__t0.00-t0.00__x2\f_048602.jpg","B27D966B78A6ECE0A036CAFBFC41A73A284CD6D64C11CE05633A34710C2E93C0","338745","11/3/2025 12:53:31 PM"
"C:\Users\scott\soccer-video\out\autoframe_work\cinematic\SHOT__t0.00-t0.00__x2\f_048601.jpg","C:\Users\scott\soccer-video\out\_trash\dedupe_exact\20251103_125328\out\autoframe_work\cinematic\SHOT__t0.00-t0.00__x2\f_048601.jpg","out\autoframe_work\cinematic\SHOT__t0.00-t0.00__x2\f_048601.jpg","B27D966B78A6ECE0A036CAFBFC41A73A284CD6D64C11CE05633A34710C2E93C0","338745","11/3/2025 12:53:31 PM"
"C:\Users\scott\soccer-video\out\autoframe_work\cinematic\SHOT__t0.00-t0.00__x2\f_048622.jpg","C:\Users\scott\soccer-video\out\_trash\dedupe_exact\20251103_125328\out\autoframe_work\cinematic\SHOT__t0.00-t0.00__x2\f_048622.jpg","out\autoframe_work\cinematic\SHOT__t0.00-t0.00__x2\f_048622.jpg","B27D966B78A6ECE0A036CAFBFC41A73A284CD6D64C11CE05633A34710C2E93C0","338745","11/3/2025 12:53:31 PM"
"C:\Users\scott\soccer-video\out\autoframe_work\cinematic\SHOT__t0.00-t0.00__x2\f_048621.jpg","C:\Users\scott\soccer-video\out\_trash\dedupe_exact\20251103_125328\out\autoframe_work\cinematic\SHOT__t0.00-t0.00__x2\f_048621.jpg","out\autoframe_work\cinematic\SHOT__t0.00-t0.00__x2\f_048621.jpg","B27D966B78A6ECE0A036CAFBFC41A73A284CD6D64C11CE05633A34710C2E93C0","338745","11/3/2025 12:53:31 PM"
"C:\Users\scott\soccer-video\out\autoframe_work\cinematic\SHOT__t0.00-t0.00__x2\f_048620.jpg","C:\Users\scott\soccer-video\out\_trash\dedupe_exact\20251103_125328\out\autoframe_work\cinematic\SHOT__t0.00-t0.00__x2\f_048620.jpg","out\autoframe_work\cinematic\SHOT__t0.00-t0.00__x2\f_048620.jpg","B27D966B78A6ECE0A036CAFBFC41A73A284CD6D64C11CE05633A34710C2E93C0","338745","11/3/2025 12:53:31 PM"
"C:\Users\scott\soccer-video\out\autoframe_work\cinematic\SHOT__t0.00-t0.00__x2\f_048623.jpg","C:\Users\scott\soccer-video\out\_trash\dedupe_exact\20251103_125328\out\autoframe_work\cinematic\SHOT__t0.00-t0.00__x2\f_048623.jpg","out\autoframe_work\cinematic\SHOT__t0.00-t0.00__x2\f_048623.jpg","B27D966B78A6ECE0A036CAFBFC41A73A284CD6D64C11CE05633A34710C2E93C0","338745","11/3/2025 12:53:31 PM"
"C:\Users\scott\soccer-video\out\autoframe_work\cinematic\SHOT__t0.00-t0.00__x2\f_048626.jpg","C:\Users\scott\soccer-video\out\_trash\dedupe_exact\20251103_125328\out\autoframe_work\cinematic\SHOT__t0.00-t0.00__x2\f_048626.jpg","out\autoframe_work\cinematic\SHOT__t0.00-t0.00__x2\f_048626.jpg","B27D966B78A6ECE0A036CAFBFC41A73A284CD6D64C11CE05633A34710C2E93C0","338745","11/3/2025 12:53:31 PM"
"C:\Users\scott\soccer-video\out\autoframe_work\cinematic\SHOT__t0.00-t0.00__x2\f_048625.jpg","C:\Users\scott\soccer-video\out\_trash\dedupe_exact\20251103_125328\out\autoframe_work\cinematic\SHOT__t0.00-t0.00__x2\f_048625.jpg","out\autoframe_work\cinematic\SHOT__t0.00-t0.00__x2\f_048625.jpg","B27D966B78A6ECE0A036CAFBFC41A73A284CD6D64C11CE05633A34710C2E93C0","338745","11/3/2025 12:53:31 PM"
"C:\Users\scott\soccer-video\out\autoframe_work\cinematic\SHOT__t0.00-t0.00__x2\f_048624.jpg","C:\Users\scott\soccer-video\out\_trash\dedupe_exact\20251103_125328\out\autoframe_work\cinematic\SHOT__t0.00-t0.00__x2\f_048624.jpg","out\autoframe_work\cinematic\SHOT__t0.00-t0.00__x2\f_048624.jpg","B27D966B78A6ECE0A036CAFBFC41A73A284CD6D64C11CE05633A34710C2E93C0","338745","11/3/2025 12:53:31 PM"
"C:\Users\scott\soccer-video\out\autoframe_work\cinematic\SHOT__t0.00-t0.00__x2\f_048619.jpg","C:\Users\scott\soccer-video\out\_trash\dedupe_exact\20251103_125328\out\autoframe_work\cinematic\SHOT__t0.00-t0.00__x2\f_048619.jpg","out\autoframe_work\cinematic\SHOT__t0.00-t0.00__x2\f_048619.jpg","B27D966B78A6ECE0A036CAFBFC41A73A284CD6D64C11CE05633A34710C2E93C0","338745","11/3/2025 12:53:31 PM"
"C:\Users\scott\soccer-video\out\autoframe_work\cinematic\SHOT__t0.00-t0.00__x2\f_048614.jpg","C:\Users\scott\soccer-video\out\_trash\dedupe_exact\20251103_125328\out\autoframe_work\cinematic\SHOT__t0.00-t0.00__x2\f_048614.jpg","out\autoframe_work\cinematic\SHOT__t0.00-t0.00__x2\f_048614.jpg","B27D966B78A6ECE0A036CAFBFC41A73A284CD6D64C11CE05633A34710C2E93C0","338745","11/3/2025 12:53:31 PM"
"C:\Users\scott\soccer-video\out\autoframe_work\cinematic\SHOT__t0.00-t0.00__x2\f_048613.jpg","C:\Users\scott\soccer-video\out\_trash\dedupe_exact\20251103_125328\out\autoframe_work\cinematic\SHOT__t0.00-t0.00__x2\f_048613.jpg","out\autoframe_work\cinematic\SHOT__t0.00-t0.00__x2\f_048613.jpg","B27D966B78A6ECE0A036CAFBFC41A73A284CD6D64C11CE05633A34710C2E93C0","338745","11/3/2025 12:53:31 PM"
"C:\Users\scott\soccer-video\out\autoframe_work\cinematic\SHOT__t0.00-t0.00__x2\f_048612.jpg","C:\Users\scott\soccer-video\out\_trash\dedupe_exact\20251103_125328\out\autoframe_work\cinematic\SHOT__t0.00-t0.00__x2\f_048612.jpg","out\autoframe_work\cinematic\SHOT__t0.00-t0.00__x2\f_048612.jpg","B27D966B78A6ECE0A036CAFBFC41A73A284CD6D64C11CE05633A34710C2E93C0","338745","11/3/2025 12:53:31 PM"
"C:\Users\scott\soccer-video\out\autoframe_work\cinematic\SHOT__t0.00-t0.00__x2\f_048615.jpg","C:\Users\scott\soccer-video\out\_trash\dedupe_exact\20251103_125328\out\autoframe_work\cinematic\SHOT__t0.00-t0.00__x2\f_048615.jpg","out\autoframe_work\cinematic\SHOT__t0.00-t0.00__x2\f_048615.jpg","B27D966B78A6ECE0A036CAFBFC41A73A284CD6D64C11CE05633A34710C2E93C0","338745","11/3/2025 12:53:31 PM"
"C:\Users\scott\soccer-video\out\autoframe_work\cinematic\SHOT__t0.00-t0.00__x2\f_048618.jpg","C:\Users\scott\soccer-video\out\_trash\dedupe_exact\20251103_125328\out\autoframe_work\cinematic\SHOT__t0.00-t0.00__x2\f_048618.jpg","out\autoframe_work\cinematic\SHOT__t0.00-t0.00__x2\f_048618.jpg","B27D966B78A6ECE0A036CAFBFC41A73A284CD6D64C11CE05633A34710C2E93C0","338745","11/3/2025 12:53:31 PM"
"C:\Users\scott\soccer-video\out\autoframe_work\cinematic\SHOT__t0.00-t0.00__x2\f_048617.jpg","C:\Users\scott\soccer-video\out\_trash\dedupe_exact\20251103_125328\out\autoframe_work\cinematic\SHOT__t0.00-t0.00__x2\f_048617.jpg","out\autoframe_work\cinematic\SHOT__t0.00-t0.00__x2\f_048617.jpg","B27D966B78A6ECE0A036CAFBFC41A73A284CD6D64C11CE05633A34710C2E93C0","338745","11/3/2025 12:53:31 PM"
"C:\Users\scott\soccer-video\out\autoframe_work\cinematic\SHOT__t0.00-t0.00__x2\f_048616.jpg","C:\Users\scott\soccer-video\out\_trash\dedupe_exact\20251103_125328\out\autoframe_work\cinematic\SHOT__t0.00-t0.00__x2\f_048616.jpg","out\autoframe_work\cinematic\SHOT__t0.00-t0.00__x2\f_048616.jpg","B27D966B78A6ECE0A036CAFBFC41A73A284CD6D64C11CE05633A34710C2E93C0","338745","11/3/2025 12:53:31 PM"
"C:\Users\scott\soccer-video\out\autoframe_work\cinematic\SHOT__t0.00-t0.00__x2\f_048596.jpg","C:\Users\scott\soccer-video\out\_trash\dedupe_exact\20251103_125328\out\autoframe_work\cinematic\SHOT__t0.00-t0.00__x2\f_048596.jpg","out\autoframe_work\cinematic\SHOT__t0.00-t0.00__x2\f_048596.jpg","B27D966B78A6ECE0A036CAFBFC41A73A284CD6D64C11CE05633A34710C2E93C0","338745","11/3/2025 12:53:31 PM"
"C:\Users\scott\soccer-video\out\autoframe_work\cinematic\SHOT__t0.00-t0.00__x2\f_048576.jpg","C:\Users\scott\soccer-video\out\_trash\dedupe_exact\20251103_125328\out\autoframe_work\cinematic\SHOT__t0.00-t0.00__x2\f_048576.jpg","out\autoframe_work\cinematic\SHOT__t0.00-t0.00__x2\f_048576.jpg","B27D966B78A6ECE0A036CAFBFC41A73A284CD6D64C11CE05633A34710C2E93C0","338745","11/3/2025 12:53:31 PM"
"C:\Users\scott\soccer-video\out\autoframe_work\cinematic\SHOT__t0.00-t0.00__x2\f_048575.jpg","C:\Users\scott\soccer-video\out\_trash\dedupe_exact\20251103_125328\out\autoframe_work\cinematic\SHOT__t0.00-t0.00__x2\f_048575.jpg","out\autoframe_work\cinematic\SHOT__t0.00-t0.00__x2\f_048575.jpg","B27D966B78A6ECE0A036CAFBFC41A73A284CD6D64C11CE05633A34710C2E93C0","338745","11/3/2025 12:53:31 PM"
"C:\Users\scott\soccer-video\out\autoframe_work\cinematic\SHOT__t0.00-t0.00__x2\f_048574.jpg","C:\Users\scott\soccer-video\out\_trash\dedupe_exact\20251103_125328\out\autoframe_work\cinematic\SHOT__t0.00-t0.00__x2\f_048574.jpg","out\autoframe_work\cinematic\SHOT__t0.00-t0.00__x2\f_048574.jpg","B27D966B78A6ECE0A036CAFBFC41A73A284CD6D64C11CE05633A34710C2E93C0","338745","11/3/2025 12:53:31 PM"
"C:\Users\scott\soccer-video\out\autoframe_work\cinematic\SHOT__t0.00-t0.00__x2\f_048577.jpg","C:\Users\scott\soccer-video\out\_trash\dedupe_exact\20251103_125328\out\autoframe_work\cinematic\SHOT__t0.00-t0.00__x2\f_048577.jpg","out\autoframe_work\cinematic\SHOT__t0.00-t0.00__x2\f_048577.jpg","B27D966B78A6ECE0A036CAFBFC41A73A284CD6D64C11CE05633A34710C2E93C0","338745","11/3/2025 12:53:31 PM"
"C:\Users\scott\soccer-video\out\autoframe_work\cinematic\SHOT__t0.00-t0.00__x2\f_048580.jpg","C:\Users\scott\soccer-video\out\_trash\dedupe_exact\20251103_125328\out\autoframe_work\cinematic\SHOT__t0.00-t0.00__x2\f_048580.jpg","out\autoframe_work\cinematic\SHOT__t0.00-t0.00__x2\f_048580.jpg","B27D966B78A6ECE0A036CAFBFC41A73A284CD6D64C11CE05633A34710C2E93C0","338745","11/3/2025 12:53:31 PM"
"C:\Users\scott\soccer-video\out\autoframe_work\cinematic\SHOT__t0.00-t0.00__x2\f_048579.jpg","C:\Users\scott\soccer-video\out\_trash\dedupe_exact\20251103_125328\out\autoframe_work\cinematic\SHOT__t0.00-t0.00__x2\f_048579.jpg","out\autoframe_work\cinematic\SHOT__t0.00-t0.00__x2\f_048579.jpg","B27D966B78A6ECE0A036CAFBFC41A73A284CD6D64C11CE05633A34710C2E93C0","338745","11/3/2025 12:53:31 PM"
"C:\Users\scott\soccer-video\out\autoframe_work\cinematic\SHOT__t0.00-t0.00__x2\f_048578.jpg","C:\Users\scott\soccer-video\out\_trash\dedupe_exact\20251103_125328\out\autoframe_work\cinematic\SHOT__t0.00-t0.00__x2\f_048578.jpg","out\autoframe_work\cinematic\SHOT__t0.00-t0.00__x2\f_048578.jpg","B27D966B78A6ECE0A036CAFBFC41A73A284CD6D64C11CE05633A34710C2E93C0","338745","11/3/2025 12:53:31 PM"
"C:\Users\scott\soccer-video\out\autoframe_work\cinematic\SHOT__t0.00-t0.00__x2\f_048569.jpg","C:\Users\scott\soccer-video\out\_trash\dedupe_exact\20251103_125328\out\autoframe_work\cinematic\SHOT__t0.00-t0.00__x2\f_048569.jpg","out\autoframe_work\cinematic\SHOT__t0.00-t0.00__x2\f_048569.jpg","B27D966B78A6ECE0A036CAFBFC41A73A284CD6D64C11CE05633A34710C2E93C0","338745","11/3/2025 12:53:31 PM"
"C:\Users\scott\soccer-video\out\autoframe_work\cinematic\SHOT__t0.00-t0.00__x2\f_048568.jpg","C:\Users\scott\soccer-video\out\_trash\dedupe_exact\20251103_125328\out\autoframe_work\cinematic\SHOT__t0.00-t0.00__x2\f_048568.jpg","out\autoframe_work\cinematic\SHOT__t0.00-t0.00__x2\f_048568.jpg","B27D966B78A6ECE0A036CAFBFC41A73A284CD6D64C11CE05633A34710C2E93C0","338745","11/3/2025 12:53:31 PM"
"C:\Users\scott\soccer-video\out\autoframe_work\cinematic\SHOT__t0.00-t0.00__x2\f_048567.jpg","C:\Users\scott\soccer-video\out\_trash\dedupe_exact\20251103_125328\out\autoframe_work\cinematic\SHOT__t0.00-t0.00__x2\f_048567.jpg","out\autoframe_work\cinematic\SHOT__t0.00-t0.00__x2\f_048567.jpg","B27D966B78A6ECE0A036CAFBFC41A73A284CD6D64C11CE05633A34710C2E93C0","338745","11/3/2025 12:53:31 PM"
"C:\Users\scott\soccer-video\out\autoframe_work\cinematic\SHOT__t0.00-t0.00__x2\f_048570.jpg","C:\Users\scott\soccer-video\out\_trash\dedupe_exact\20251103_125328\out\autoframe_work\cinematic\SHOT__t0.00-t0.00__x2\f_048570.jpg","out\autoframe_work\cinematic\SHOT__t0.00-t0.00__x2\f_048570.jpg","B27D966B78A6ECE0A036CAFBFC41A73A284CD6D64C11CE05633A34710C2E93C0","338745","11/3/2025 12:53:31 PM"
"C:\Users\scott\soccer-video\out\autoframe_work\cinematic\SHOT__t0.00-t0.00__x2\f_048573.jpg","C:\Users\scott\soccer-video\out\_trash\dedupe_exact\20251103_125328\out\autoframe_work\cinematic\SHOT__t0.00-t0.00__x2\f_048573.jpg","out\autoframe_work\cinematic\SHOT__t0.00-t0.00__x2\f_048573.jpg","B27D966B78A6ECE0A036CAFBFC41A73A284CD6D64C11CE05633A34710C2E93C0","338745","11/3/2025 12:53:31 PM"
"C:\Users\scott\soccer-video\out\autoframe_work\cinematic\SHOT__t0.00-t0.00__x2\f_048572.jpg","C:\Users\scott\soccer-video\out\_trash\dedupe_exact\20251103_125328\out\autoframe_work\cinematic\SHOT__t0.00-t0.00__x2\f_048572.jpg","out\autoframe_work\cinematic\SHOT__t0.00-t0.00__x2\f_048572.jpg","B27D966B78A6ECE0A036CAFBFC41A73A284CD6D64C11CE05633A34710C2E93C0","338745","11/3/2025 12:53:31 PM"
"C:\Users\scott\soccer-video\out\autoframe_work\cinematic\SHOT__t0.00-t0.00__x2\f_048571.jpg","C:\Users\scott\soccer-video\out\_trash\dedupe_exact\20251103_125328\out\autoframe_work\cinematic\SHOT__t0.00-t0.00__x2\f_048571.jpg","out\autoframe_work\cinematic\SHOT__t0.00-t0.00__x2\f_048571.jpg","B27D966B78A6ECE0A036CAFBFC41A73A284CD6D64C11CE05633A34710C2E93C0","338745","11/3/2025 12:53:31 PM"
"C:\Users\scott\soccer-video\out\autoframe_work\cinematic\SHOT__t0.00-t0.00__x2\f_048581.jpg","C:\Users\scott\soccer-video\out\_trash\dedupe_exact\20251103_125328\out\autoframe_work\cinematic\SHOT__t0.00-t0.00__x2\f_048581.jpg","out\autoframe_work\cinematic\SHOT__t0.00-t0.00__x2\f_048581.jpg","B27D966B78A6ECE0A036CAFBFC41A73A284CD6D64C11CE05633A34710C2E93C0","338745","11/3/2025 12:53:31 PM"
"C:\Users\scott\soccer-video\out\autoframe_work\cinematic\SHOT__t0.00-t0.00__x2\f_048591.jpg","C:\Users\scott\soccer-video\out\_trash\dedupe_exact\20251103_125328\out\autoframe_work\cinematic\SHOT__t0.00-t0.00__x2\f_048591.jpg","out\autoframe_work\cinematic\SHOT__t0.00-t0.00__x2\f_048591.jpg","B27D966B78A6ECE0A036CAFBFC41A73A284CD6D64C11CE05633A34710C2E93C0","338745","11/3/2025 12:53:31 PM"
"C:\Users\scott\soccer-video\out\autoframe_work\cinematic\SHOT__t0.00-t0.00__x2\f_048590.jpg","C:\Users\scott\soccer-video\out\_trash\dedupe_exact\20251103_125328\out\autoframe_work\cinematic\SHOT__t0.00-t0.00__x2\f_048590.jpg","out\autoframe_work\cinematic\SHOT__t0.00-t0.00__x2\f_048590.jpg","B27D966B78A6ECE0A036CAFBFC41A73A284CD6D64C11CE05633A34710C2E93C0","338745","11/3/2025 12:53:31 PM"
"C:\Users\scott\soccer-video\out\autoframe_work\cinematic\SHOT__t0.00-t0.00__x2\f_048589.jpg","C:\Users\scott\soccer-video\out\_trash\dedupe_exact\20251103_125328\out\autoframe_work\cinematic\SHOT__t0.00-t0.00__x2\f_048589.jpg","out\autoframe_work\cinematic\SHOT__t0.00-t0.00__x2\f_048589.jpg","B27D966B78A6ECE0A036CAFBFC41A73A284CD6D64C11CE05633A34710C2E93C0","338745","11/3/2025 12:53:31 PM"
"C:\Users\scott\soccer-video\out\autoframe_work\cinematic\SHOT__t0.00-t0.00__x2\f_048592.jpg","C:\Users\scott\soccer-video\out\_trash\dedupe_exact\20251103_125328\out\autoframe_work\cinematic\SHOT__t0.00-t0.00__x2\f_048592.jpg","out\autoframe_work\cinematic\SHOT__t0.00-t0.00__x2\f_048592.jpg","B27D966B78A6ECE0A036CAFBFC41A73A284CD6D64C11CE05633A34710C2E93C0","338745","11/3/2025 12:53:31 PM"
"C:\Users\scott\soccer-video\out\autoframe_work\cinematic\SHOT__t0.00-t0.00__x2\f_048595.jpg","C:\Users\scott\soccer-video\out\_trash\dedupe_exact\20251103_125328\out\autoframe_work\cinematic\SHOT__t0.00-t0.00__x2\f_048595.jpg","out\autoframe_work\cinematic\SHOT__t0.00-t0.00__x2\f_048595.jpg","B27D966B78A6ECE0A036CAFBFC41A73A284CD6D64C11CE05633A34710C2E93C0","338745","11/3/2025 12:53:31 PM"
"C:\Users\scott\soccer-video\out\autoframe_work\cinematic\SHOT__t0.00-t0.00__x2\f_048594.jpg","C:\Users\scott\soccer-video\out\_trash\dedupe_exact\20251103_125328\out\autoframe_work\cinematic\SHOT__t0.00-t0.00__x2\f_048594.jpg","out\autoframe_work\cinematic\SHOT__t0.00-t0.00__x2\f_048594.jpg","B27D966B78A6ECE0A036CAFBFC41A73A284CD6D64C11CE05633A34710C2E93C0","338745","11/3/2025 12:53:31 PM"
"C:\Users\scott\soccer-video\out\autoframe_work\cinematic\SHOT__t0.00-t0.00__x2\f_048593.jpg","C:\Users\scott\soccer-video\out\_trash\dedupe_exact\20251103_125328\out\autoframe_work\cinematic\SHOT__t0.00-t0.00__x2\f_048593.jpg","out\autoframe_work\cinematic\SHOT__t0.00-t0.00__x2\f_048593.jpg","B27D966B78A6ECE0A036CAFBFC41A73A284CD6D64C11CE05633A34710C2E93C0","338745","11/3/2025 12:53:31 PM"
"C:\Users\scott\soccer-video\out\autoframe_work\cinematic\SHOT__t0.00-t0.00__x2\f_048584.jpg","C:\Users\scott\soccer-video\out\_trash\dedupe_exact\20251103_125328\out\autoframe_work\cinematic\SHOT__t0.00-t0.00__x2\f_048584.jpg","out\autoframe_work\cinematic\SHOT__t0.00-t0.00__x2\f_048584.jpg","B27D966B78A6ECE0A036CAFBFC41A73A284CD6D64C11CE05633A34710C2E93C0","338745","11/3/2025 12:53:31 PM"
"C:\Users\scott\soccer-video\out\autoframe_work\cinematic\SHOT__t0.00-t0.00__x2\f_048583.jpg","C:\Users\scott\soccer-video\out\_trash\dedupe_exact\20251103_125328\out\autoframe_work\cinematic\SHOT__t0.00-t0.00__x2\f_048583.jpg","out\autoframe_work\cinematic\SHOT__t0.00-t0.00__x2\f_048583.jpg","B27D966B78A6ECE0A036CAFBFC41A73A284CD6D64C11CE05633A34710C2E93C0","338745","11/3/2025 12:53:31 PM"
"C:\Users\scott\soccer-video\out\autoframe_work\cinematic\SHOT__t0.00-t0.00__x2\f_048582.jpg","C:\Users\scott\soccer-video\out\_trash\dedupe_exact\20251103_125328\out\autoframe_work\cinematic\SHOT__t0.00-t0.00__x2\f_048582.jpg","out\autoframe_work\cinematic\SHOT__t0.00-t0.00__x2\f_048582.jpg","B27D966B78A6ECE0A036CAFBFC41A73A284CD6D64C11CE05633A34710C2E93C0","338745","11/3/2025 12:53:31 PM"
"C:\Users\scott\soccer-video\out\autoframe_work\cinematic\SHOT__t0.00-t0.00__x2\f_048585.jpg","C:\Users\scott\soccer-video\out\_trash\dedupe_exact\20251103_125328\out\autoframe_work\cinematic\SHOT__t0.00-t0.00__x2\f_048585.jpg","out\autoframe_work\cinematic\SHOT__t0.00-t0.00__x2\f_048585.jpg","B27D966B78A6ECE0A036CAFBFC41A73A284CD6D64C11CE05633A34710C2E93C0","338745","11/3/2025 12:53:31 PM"
"C:\Users\scott\soccer-video\out\autoframe_work\cinematic\SHOT__t0.00-t0.00__x2\f_048588.jpg","C:\Users\scott\soccer-video\out\_trash\dedupe_exact\20251103_125328\out\autoframe_work\cinematic\SHOT__t0.00-t0.00__x2\f_048588.jpg","out\autoframe_work\cinematic\SHOT__t0.00-t0.00__x2\f_048588.jpg","B27D966B78A6ECE0A036CAFBFC41A73A284CD6D64C11CE05633A34710C2E93C0","338745","11/3/2025 12:53:31 PM"
"C:\Users\scott\soccer-video\out\autoframe_work\cinematic\SHOT__t0.00-t0.00__x2\f_048587.jpg","C:\Users\scott\soccer-video\out\_trash\dedupe_exact\20251103_125328\out\autoframe_work\cinematic\SHOT__t0.00-t0.00__x2\f_048587.jpg","out\autoframe_work\cinematic\SHOT__t0.00-t0.00__x2\f_048587.jpg","B27D966B78A6ECE0A036CAFBFC41A73A284CD6D64C11CE05633A34710C2E93C0","338745","11/3/2025 12:53:31 PM"
"C:\Users\scott\soccer-video\out\autoframe_work\cinematic\SHOT__t0.00-t0.00__x2\f_048586.jpg","C:\Users\scott\soccer-video\out\_trash\dedupe_exact\20251103_125328\out\autoframe_work\cinematic\SHOT__t0.00-t0.00__x2\f_048586.jpg","out\autoframe_work\cinematic\SHOT__t0.00-t0.00__x2\f_048586.jpg","B27D966B78A6ECE0A036CAFBFC41A73A284CD6D64C11CE05633A34710C2E93C0","338745","11/3/2025 12:53:31 PM"
"C:\Users\scott\soccer-video\out\autoframe_work\cinematic\SHOT__t0.00-t0.00__x2\f_048627.jpg","C:\Users\scott\soccer-video\out\_trash\dedupe_exact\20251103_125328\out\autoframe_work\cinematic\SHOT__t0.00-t0.00__x2\f_048627.jpg","out\autoframe_work\cinematic\SHOT__t0.00-t0.00__x2\f_048627.jpg","B27D966B78A6ECE0A036CAFBFC41A73A284CD6D64C11CE05633A34710C2E93C0","338745","11/3/2025 12:53:31 PM"
"C:\Users\scott\soccer-video\out\autoframe_work\cinematic\003__SHOT__t0.00-t0.00\f_025082.jpg","C:\Users\scott\soccer-video\out\_trash\dedupe_exact\20251103_125328\out\autoframe_work\cinematic\003__SHOT__t0.00-t0.00\f_025082.jpg","out\autoframe_work\cinematic\003__SHOT__t0.00-t0.00\f_025082.jpg","B27D966B78A6ECE0A036CAFBFC41A73A284CD6D64C11CE05633A34710C2E93C0","338745","11/3/2025 12:53:31 PM"
"C:\Users\scott\soccer-video\out\autoframe_work\cinematic\003__SHOT__t0.00-t0.00\f_025081.jpg","C:\Users\scott\soccer-video\out\_trash\dedupe_exact\20251103_125328\out\autoframe_work\cinematic\003__SHOT__t0.00-t0.00\f_025081.jpg","out\autoframe_work\cinematic\003__SHOT__t0.00-t0.00\f_025081.jpg","B27D966B78A6ECE0A036CAFBFC41A73A284CD6D64C11CE05633A34710C2E93C0","338745","11/3/2025 12:53:31 PM"
"C:\Users\scott\soccer-video\out\autoframe_work\cinematic\003__SHOT__t0.00-t0.00\f_025080.jpg","C:\Users\scott\soccer-video\out\_trash\dedupe_exact\20251103_125328\out\autoframe_work\cinematic\003__SHOT__t0.00-t0.00\f_025080.jpg","out\autoframe_work\cinematic\003__SHOT__t0.00-t0.00\f_025080.jpg","B27D966B78A6ECE0A036CAFBFC41A73A284CD6D64C11CE05633A34710C2E93C0","338745","11/3/2025 12:53:31 PM"
"C:\Users\scott\soccer-video\out\autoframe_work\cinematic\003__SHOT__t0.00-t0.00\f_025083.jpg","C:\Users\scott\soccer-video\out\_trash\dedupe_exact\20251103_125328\out\autoframe_work\cinematic\003__SHOT__t0.00-t0.00\f_025083.jpg","out\autoframe_work\cinematic\003__SHOT__t0.00-t0.00\f_025083.jpg","B27D966B78A6ECE0A036CAFBFC41A73A284CD6D64C11CE05633A34710C2E93C0","338745","11/3/2025 12:53:31 PM"
"C:\Users\scott\soccer-video\out\autoframe_work\cinematic\003__SHOT__t0.00-t0.00\f_025086.jpg","C:\Users\scott\soccer-video\out\_trash\dedupe_exact\20251103_125328\out\autoframe_work\cinematic\003__SHOT__t0.00-t0.00\f_025086.jpg","out\autoframe_work\cinematic\003__SHOT__t0.00-t0.00\f_025086.jpg","B27D966B78A6ECE0A036CAFBFC41A73A284CD6D64C11CE05633A34710C2E93C0","338745","11/3/2025 12:53:31 PM"
"C:\Users\scott\soccer-video\out\autoframe_work\cinematic\003__SHOT__t0.00-t0.00\f_025085.jpg","C:\Users\scott\soccer-video\out\_trash\dedupe_exact\20251103_125328\out\autoframe_work\cinematic\003__SHOT__t0.00-t0.00\f_025085.jpg","out\autoframe_work\cinematic\003__SHOT__t0.00-t0.00\f_025085.jpg","B27D966B78A6ECE0A036CAFBFC41A73A284CD6D64C11CE05633A34710C2E93C0","338745","11/3/2025 12:53:31 PM"
"C:\Users\scott\soccer-video\out\autoframe_work\cinematic\003__SHOT__t0.00-t0.00\f_025084.jpg","C:\Users\scott\soccer-video\out\_trash\dedupe_exact\20251103_125328\out\autoframe_work\cinematic\003__SHOT__t0.00-t0.00\f_025084.jpg","out\autoframe_work\cinematic\003__SHOT__t0.00-t0.00\f_025084.jpg","B27D966B78A6ECE0A036CAFBFC41A73A284CD6D64C11CE05633A34710C2E93C0","338745","11/3/2025 12:53:31 PM"
"C:\Users\scott\soccer-video\out\autoframe_work\cinematic\003__SHOT__t0.00-t0.00\f_025079.jpg","C:\Users\scott\soccer-video\out\_trash\dedupe_exact\20251103_125328\out\autoframe_work\cinematic\003__SHOT__t0.00-t0.00\f_025079.jpg","out\autoframe_work\cinematic\003__SHOT__t0.00-t0.00\f_025079.jpg","B27D966B78A6ECE0A036CAFBFC41A73A284CD6D64C11CE05633A34710C2E93C0","338745","11/3/2025 12:53:31 PM"
"C:\Users\scott\soccer-video\out\autoframe_work\cinematic\003__SHOT__t0.00-t0.00\f_025074.jpg","C:\Users\scott\soccer-video\out\_trash\dedupe_exact\20251103_125328\out\autoframe_work\cinematic\003__SHOT__t0.00-t0.00\f_025074.jpg","out\autoframe_work\cinematic\003__SHOT__t0.00-t0.00\f_025074.jpg","B27D966B78A6ECE0A036CAFBFC41A73A284CD6D64C11CE05633A34710C2E93C0","338745","11/3/2025 12:53:31 PM"
"C:\Users\scott\soccer-video\out\autoframe_work\cinematic\003__SHOT__t0.00-t0.00\f_025073.jpg","C:\Users\scott\soccer-video\out\_trash\dedupe_exact\20251103_125328\out\autoframe_work\cinematic\003__SHOT__t0.00-t0.00\f_025073.jpg","out\autoframe_work\cinematic\003__SHOT__t0.00-t0.00\f_025073.jpg","B27D966B78A6ECE0A036CAFBFC41A73A284CD6D64C11CE05633A34710C2E93C0","338745","11/3/2025 12:53:31 PM"
"C:\Users\scott\soccer-video\out\autoframe_work\cinematic\003__SHOT__t0.00-t0.00\f_025072.jpg","C:\Users\scott\soccer-video\out\_trash\dedupe_exact\20251103_125328\out\autoframe_work\cinematic\003__SHOT__t0.00-t0.00\f_025072.jpg","out\autoframe_work\cinematic\003__SHOT__t0.00-t0.00\f_025072.jpg","B27D966B78A6ECE0A036CAFBFC41A73A284CD6D64C11CE05633A34710C2E93C0","338745","11/3/2025 12:53:31 PM"
"C:\Users\scott\soccer-video\out\autoframe_work\cinematic\003__SHOT__t0.00-t0.00\f_025075.jpg","C:\Users\scott\soccer-video\out\_trash\dedupe_exact\20251103_125328\out\autoframe_work\cinematic\003__SHOT__t0.00-t0.00\f_025075.jpg","out\autoframe_work\cinematic\003__SHOT__t0.00-t0.00\f_025075.jpg","B27D966B78A6ECE0A036CAFBFC41A73A284CD6D64C11CE05633A34710C2E93C0","338745","11/3/2025 12:53:31 PM"
"C:\Users\scott\soccer-video\out\autoframe_work\cinematic\003__SHOT__t0.00-t0.00\f_025078.jpg","C:\Users\scott\soccer-video\out\_trash\dedupe_exact\20251103_125328\out\autoframe_work\cinematic\003__SHOT__t0.00-t0.00\f_025078.jpg","out\autoframe_work\cinematic\003__SHOT__t0.00-t0.00\f_025078.jpg","B27D966B78A6ECE0A036CAFBFC41A73A284CD6D64C11CE05633A34710C2E93C0","338745","11/3/2025 12:53:31 PM"
"C:\Users\scott\soccer-video\out\autoframe_work\cinematic\003__SHOT__t0.00-t0.00\f_025077.jpg","C:\Users\scott\soccer-video\out\_trash\dedupe_exact\20251103_125328\out\autoframe_work\cinematic\003__SHOT__t0.00-t0.00\f_025077.jpg","out\autoframe_work\cinematic\003__SHOT__t0.00-t0.00\f_025077.jpg","B27D966B78A6ECE0A036CAFBFC41A73A284CD6D64C11CE05633A34710C2E93C0","338745","11/3/2025 12:53:31 PM"
"C:\Users\scott\soccer-video\out\autoframe_work\cinematic\003__SHOT__t0.00-t0.00\f_025076.jpg","C:\Users\scott\soccer-video\out\_trash\dedupe_exact\20251103_125328\out\autoframe_work\cinematic\003__SHOT__t0.00-t0.00\f_025076.jpg","out\autoframe_work\cinematic\003__SHOT__t0.00-t0.00\f_025076.jpg","B27D966B78A6ECE0A036CAFBFC41A73A284CD6D64C11CE05633A34710C2E93C0","338745","11/3/2025 12:53:31 PM"
"C:\Users\scott\soccer-video\out\autoframe_work\cinematic\003__SHOT__t0.00-t0.00\f_025097.jpg","C:\Users\scott\soccer-video\out\_trash\dedupe_exact\20251103_125328\out\autoframe_work\cinematic\003__SHOT__t0.00-t0.00\f_025097.jpg","out\autoframe_work\cinematic\003__SHOT__t0.00-t0.00\f_025097.jpg","B27D966B78A6ECE0A036CAFBFC41A73A284CD6D64C11CE05633A34710C2E93C0","338745","11/3/2025 12:53:31 PM"
"C:\Users\scott\soccer-video\out\autoframe_work\cinematic\003__SHOT__t0.00-t0.00\f_025096.jpg","C:\Users\scott\soccer-video\out\_trash\dedupe_exact\20251103_125328\out\autoframe_work\cinematic\003__SHOT__t0.00-t0.00\f_025096.jpg","out\autoframe_work\cinematic\003__SHOT__t0.00-t0.00\f_025096.jpg","B27D966B78A6ECE0A036CAFBFC41A73A284CD6D64C11CE05633A34710C2E93C0","338745","11/3/2025 12:53:31 PM"
"C:\Users\scott\soccer-video\out\autoframe_work\cinematic\003__SHOT__t0.00-t0.00\f_025095.jpg","C:\Users\scott\soccer-video\out\_trash\dedupe_exact\20251103_125328\out\autoframe_work\cinematic\003__SHOT__t0.00-t0.00\f_025095.jpg","out\autoframe_work\cinematic\003__SHOT__t0.00-t0.00\f_025095.jpg","B27D966B78A6ECE0A036CAFBFC41A73A284CD6D64C11CE05633A34710C2E93C0","338745","11/3/2025 12:53:31 PM"
"C:\Users\scott\soccer-video\out\autoframe_work\cinematic\003__SHOT__t0.00-t0.00\f_025098.jpg","C:\Users\scott\soccer-video\out\_trash\dedupe_exact\20251103_125328\out\autoframe_work\cinematic\003__SHOT__t0.00-t0.00\f_025098.jpg","out\autoframe_work\cinematic\003__SHOT__t0.00-t0.00\f_025098.jpg","B27D966B78A6ECE0A036CAFBFC41A73A284CD6D64C11CE05633A34710C2E93C0","338745","11/3/2025 12:53:31 PM"
"C:\Users\scott\soccer-video\out\autoframe_work\cinematic\002__SHOT__t0.00-t0.00\f_020908.jpg","C:\Users\scott\soccer-video\out\_trash\dedupe_exact\20251103_125328\out\autoframe_work\cinematic\002__SHOT__t0.00-t0.00\f_020908.jpg","out\autoframe_work\cinematic\002__SHOT__t0.00-t0.00\f_020908.jpg","B27D966B78A6ECE0A036CAFBFC41A73A284CD6D64C11CE05633A34710C2E93C0","338745","11/3/2025 12:53:31 PM"
"C:\Users\scott\soccer-video\out\autoframe_work\cinematic\003__SHOT__t0.00-t0.00\f_025100.jpg","C:\Users\scott\soccer-video\out\_trash\dedupe_exact\20251103_125328\out\autoframe_work\cinematic\003__SHOT__t0.00-t0.00\f_025100.jpg","out\autoframe_work\cinematic\003__SHOT__t0.00-t0.00\f_025100.jpg","B27D966B78A6ECE0A036CAFBFC41A73A284CD6D64C11CE05633A34710C2E93C0","338745","11/3/2025 12:53:31 PM"
"C:\Users\scott\soccer-video\out\autoframe_work\cinematic\003__SHOT__t0.00-t0.00\f_025099.jpg","C:\Users\scott\soccer-video\out\_trash\dedupe_exact\20251103_125328\out\autoframe_work\cinematic\003__SHOT__t0.00-t0.00\f_025099.jpg","out\autoframe_work\cinematic\003__SHOT__t0.00-t0.00\f_025099.jpg","B27D966B78A6ECE0A036CAFBFC41A73A284CD6D64C11CE05633A34710C2E93C0","338745","11/3/2025 12:53:31 PM"
"C:\Users\scott\soccer-video\out\autoframe_work\cinematic\003__SHOT__t0.00-t0.00\f_025094.jpg","C:\Users\scott\soccer-video\out\_trash\dedupe_exact\20251103_125328\out\autoframe_work\cinematic\003__SHOT__t0.00-t0.00\f_025094.jpg","out\autoframe_work\cinematic\003__SHOT__t0.00-t0.00\f_025094.jpg","B27D966B78A6ECE0A036CAFBFC41A73A284CD6D64C11CE05633A34710C2E93C0","338745","11/3/2025 12:53:31 PM"
"C:\Users\scott\soccer-video\out\autoframe_work\cinematic\003__SHOT__t0.00-t0.00\f_025089.jpg","C:\Users\scott\soccer-video\out\_trash\dedupe_exact\20251103_125328\out\autoframe_work\cinematic\003__SHOT__t0.00-t0.00\f_025089.jpg","out\autoframe_work\cinematic\003__SHOT__t0.00-t0.00\f_025089.jpg","B27D966B78A6ECE0A036CAFBFC41A73A284CD6D64C11CE05633A34710C2E93C0","338745","11/3/2025 12:53:31 PM"
"C:\Users\scott\soccer-video\out\autoframe_work\cinematic\003__SHOT__t0.00-t0.00\f_025088.jpg","C:\Users\scott\soccer-video\out\_trash\dedupe_exact\20251103_125328\out\autoframe_work\cinematic\003__SHOT__t0.00-t0.00\f_025088.jpg","out\autoframe_work\cinematic\003__SHOT__t0.00-t0.00\f_025088.jpg","B27D966B78A6ECE0A036CAFBFC41A73A284CD6D64C11CE05633A34710C2E93C0","338745","11/3/2025 12:53:31 PM"
"C:\Users\scott\soccer-video\out\autoframe_work\cinematic\003__SHOT__t0.00-t0.00\f_025087.jpg","C:\Users\scott\soccer-video\out\_trash\dedupe_exact\20251103_125328\out\autoframe_work\cinematic\003__SHOT__t0.00-t0.00\f_025087.jpg","out\autoframe_work\cinematic\003__SHOT__t0.00-t0.00\f_025087.jpg","B27D966B78A6ECE0A036CAFBFC41A73A284CD6D64C11CE05633A34710C2E93C0","338745","11/3/2025 12:53:31 PM"
"C:\Users\scott\soccer-video\out\autoframe_work\cinematic\003__SHOT__t0.00-t0.00\f_025090.jpg","C:\Users\scott\soccer-video\out\_trash\dedupe_exact\20251103_125328\out\autoframe_work\cinematic\003__SHOT__t0.00-t0.00\f_025090.jpg","out\autoframe_work\cinematic\003__SHOT__t0.00-t0.00\f_025090.jpg","B27D966B78A6ECE0A036CAFBFC41A73A284CD6D64C11CE05633A34710C2E93C0","338745","11/3/2025 12:53:31 PM"
"C:\Users\scott\soccer-video\out\autoframe_work\cinematic\003__SHOT__t0.00-t0.00\f_025093.jpg","C:\Users\scott\soccer-video\out\_trash\dedupe_exact\20251103_125328\out\autoframe_work\cinematic\003__SHOT__t0.00-t0.00\f_025093.jpg","out\autoframe_work\cinematic\003__SHOT__t0.00-t0.00\f_025093.jpg","B27D966B78A6ECE0A036CAFBFC41A73A284CD6D64C11CE05633A34710C2E93C0","338745","11/3/2025 12:53:31 PM"
"C:\Users\scott\soccer-video\out\autoframe_work\cinematic\003__SHOT__t0.00-t0.00\f_025092.jpg","C:\Users\scott\soccer-video\out\_trash\dedupe_exact\20251103_125328\out\autoframe_work\cinematic\003__SHOT__t0.00-t0.00\f_025092.jpg","out\autoframe_work\cinematic\003__SHOT__t0.00-t0.00\f_025092.jpg","B27D966B78A6ECE0A036CAFBFC41A73A284CD6D64C11CE05633A34710C2E93C0","338745","11/3/2025 12:53:31 PM"
"C:\Users\scott\soccer-video\out\autoframe_work\cinematic\003__SHOT__t0.00-t0.00\f_025091.jpg","C:\Users\scott\soccer-video\out\_trash\dedupe_exact\20251103_125328\out\autoframe_work\cinematic\003__SHOT__t0.00-t0.00\f_025091.jpg","out\autoframe_work\cinematic\003__SHOT__t0.00-t0.00\f_025091.jpg","B27D966B78A6ECE0A036CAFBFC41A73A284CD6D64C11CE05633A34710C2E93C0","338745","11/3/2025 12:53:31 PM"
"C:\Users\scott\soccer-video\out\autoframe_work\cinematic\003__SHOT__t0.00-t0.00\f_025071.jpg","C:\Users\scott\soccer-video\out\_trash\dedupe_exact\20251103_125328\out\autoframe_work\cinematic\003__SHOT__t0.00-t0.00\f_025071.jpg","out\autoframe_work\cinematic\003__SHOT__t0.00-t0.00\f_025071.jpg","B27D966B78A6ECE0A036CAFBFC41A73A284CD6D64C11CE05633A34710C2E93C0","338745","11/3/2025 12:53:31 PM"
"C:\Users\scott\soccer-video\out\autoframe_work\cinematic\002__SHOT__t0.00-t0.00\f_020950.jpg","C:\Users\scott\soccer-video\out\_trash\dedupe_exact\20251103_125328\out\autoframe_work\cinematic\002__SHOT__t0.00-t0.00\f_020950.jpg","out\autoframe_work\cinematic\002__SHOT__t0.00-t0.00\f_020950.jpg","B27D966B78A6ECE0A036CAFBFC41A73A284CD6D64C11CE05633A34710C2E93C0","338745","11/3/2025 12:53:31 PM"
"C:\Users\scott\soccer-video\out\autoframe_work\cinematic\002__SHOT__t0.00-t0.00\f_020949.jpg","C:\Users\scott\soccer-video\out\_trash\dedupe_exact\20251103_125328\out\autoframe_work\cinematic\002__SHOT__t0.00-t0.00\f_020949.jpg","out\autoframe_work\cinematic\002__SHOT__t0.00-t0.00\f_020949.jpg","B27D966B78A6ECE0A036CAFBFC41A73A284CD6D64C11CE05633A34710C2E93C0","338745","11/3/2025 12:53:31 PM"
"C:\Users\scott\soccer-video\out\autoframe_work\cinematic\002__SHOT__t0.00-t0.00\f_020948.jpg","C:\Users\scott\soccer-video\out\_trash\dedupe_exact\20251103_125328\out\autoframe_work\cinematic\002__SHOT__t0.00-t0.00\f_020948.jpg","out\autoframe_work\cinematic\002__SHOT__t0.00-t0.00\f_020948.jpg","B27D966B78A6ECE0A036CAFBFC41A73A284CD6D64C11CE05633A34710C2E93C0","338745","11/3/2025 12:53:31 PM"
"C:\Users\scott\soccer-video\out\autoframe_work\cinematic\002__SHOT__t0.00-t0.00\f_020951.jpg","C:\Users\scott\soccer-video\out\_trash\dedupe_exact\20251103_125328\out\autoframe_work\cinematic\002__SHOT__t0.00-t0.00\f_020951.jpg","out\autoframe_work\cinematic\002__SHOT__t0.00-t0.00\f_020951.jpg","B27D966B78A6ECE0A036CAFBFC41A73A284CD6D64C11CE05633A34710C2E93C0","338745","11/3/2025 12:53:31 PM"
"C:\Users\scott\soccer-video\out\autoframe_work\cinematic\002__SHOT__t0.00-t0.00\f_020954.jpg","C:\Users\scott\soccer-video\out\_trash\dedupe_exact\20251103_125328\out\autoframe_work\cinematic\002__SHOT__t0.00-t0.00\f_020954.jpg","out\autoframe_work\cinematic\002__SHOT__t0.00-t0.00\f_020954.jpg","B27D966B78A6ECE0A036CAFBFC41A73A284CD6D64C11CE05633A34710C2E93C0","338745","11/3/2025 12:53:31 PM"
"C:\Users\scott\soccer-video\out\autoframe_work\cinematic\002__SHOT__t0.00-t0.00\f_020953.jpg","C:\Users\scott\soccer-video\out\_trash\dedupe_exact\20251103_125328\out\autoframe_work\cinematic\002__SHOT__t0.00-t0.00\f_020953.jpg","out\autoframe_work\cinematic\002__SHOT__t0.00-t0.00\f_020953.jpg","B27D966B78A6ECE0A036CAFBFC41A73A284CD6D64C11CE05633A34710C2E93C0","338745","11/3/2025 12:53:31 PM"
"C:\Users\scott\soccer-video\out\autoframe_work\cinematic\002__SHOT__t0.00-t0.00\f_020952.jpg","C:\Users\scott\soccer-video\out\_trash\dedupe_exact\20251103_125328\out\autoframe_work\cinematic\002__SHOT__t0.00-t0.00\f_020952.jpg","out\autoframe_work\cinematic\002__SHOT__t0.00-t0.00\f_020952.jpg","B27D966B78A6ECE0A036CAFBFC41A73A284CD6D64C11CE05633A34710C2E93C0","338745","11/3/2025 12:53:31 PM"
"C:\Users\scott\soccer-video\out\autoframe_work\cinematic\002__SHOT__t0.00-t0.00\f_020947.jpg","C:\Users\scott\soccer-video\out\_trash\dedupe_exact\20251103_125328\out\autoframe_work\cinematic\002__SHOT__t0.00-t0.00\f_020947.jpg","out\autoframe_work\cinematic\002__SHOT__t0.00-t0.00\f_020947.jpg","B27D966B78A6ECE0A036CAFBFC41A73A284CD6D64C11CE05633A34710C2E93C0","338745","11/3/2025 12:53:31 PM"
"C:\Users\scott\soccer-video\out\autoframe_work\cinematic\002__SHOT__t0.00-t0.00\f_020942.jpg","C:\Users\scott\soccer-video\out\_trash\dedupe_exact\20251103_125328\out\autoframe_work\cinematic\002__SHOT__t0.00-t0.00\f_020942.jpg","out\autoframe_work\cinematic\002__SHOT__t0.00-t0.00\f_020942.jpg","B27D966B78A6ECE0A036CAFBFC41A73A284CD6D64C11CE05633A34710C2E93C0","338745","11/3/2025 12:53:31 PM"
"C:\Users\scott\soccer-video\out\autoframe_work\cinematic\002__SHOT__t0.00-t0.00\f_020941.jpg","C:\Users\scott\soccer-video\out\_trash\dedupe_exact\20251103_125328\out\autoframe_work\cinematic\002__SHOT__t0.00-t0.00\f_020941.jpg","out\autoframe_work\cinematic\002__SHOT__t0.00-t0.00\f_020941.jpg","B27D966B78A6ECE0A036CAFBFC41A73A284CD6D64C11CE05633A34710C2E93C0","338745","11/3/2025 12:53:31 PM"
"C:\Users\scott\soccer-video\out\autoframe_work\cinematic\002__SHOT__t0.00-t0.00\f_020940.jpg","C:\Users\scott\soccer-video\out\_trash\dedupe_exact\20251103_125328\out\autoframe_work\cinematic\002__SHOT__t0.00-t0.00\f_020940.jpg","out\autoframe_work\cinematic\002__SHOT__t0.00-t0.00\f_020940.jpg","B27D966B78A6ECE0A036CAFBFC41A73A284CD6D64C11CE05633A34710C2E93C0","338745","11/3/2025 12:53:31 PM"
"C:\Users\scott\soccer-video\out\autoframe_work\cinematic\002__SHOT__t0.00-t0.00\f_020943.jpg","C:\Users\scott\soccer-video\out\_trash\dedupe_exact\20251103_125328\out\autoframe_work\cinematic\002__SHOT__t0.00-t0.00\f_020943.jpg","out\autoframe_work\cinematic\002__SHOT__t0.00-t0.00\f_020943.jpg","B27D966B78A6ECE0A036CAFBFC41A73A284CD6D64C11CE05633A34710C2E93C0","338745","11/3/2025 12:53:31 PM"
"C:\Users\scott\soccer-video\out\autoframe_work\cinematic\002__SHOT__t0.00-t0.00\f_020946.jpg","C:\Users\scott\soccer-video\out\_trash\dedupe_exact\20251103_125328\out\autoframe_work\cinematic\002__SHOT__t0.00-t0.00\f_020946.jpg","out\autoframe_work\cinematic\002__SHOT__t0.00-t0.00\f_020946.jpg","B27D966B78A6ECE0A036CAFBFC41A73A284CD6D64C11CE05633A34710C2E93C0","338745","11/3/2025 12:53:31 PM"
"C:\Users\scott\soccer-video\out\autoframe_work\cinematic\002__SHOT__t0.00-t0.00\f_020945.jpg","C:\Users\scott\soccer-video\out\_trash\dedupe_exact\20251103_125328\out\autoframe_work\cinematic\002__SHOT__t0.00-t0.00\f_020945.jpg","out\autoframe_work\cinematic\002__SHOT__t0.00-t0.00\f_020945.jpg","B27D966B78A6ECE0A036CAFBFC41A73A284CD6D64C11CE05633A34710C2E93C0","338745","11/3/2025 12:53:31 PM"
"C:\Users\scott\soccer-video\out\autoframe_work\cinematic\002__SHOT__t0.00-t0.00\f_020944.jpg","C:\Users\scott\soccer-video\out\_trash\dedupe_exact\20251103_125328\out\autoframe_work\cinematic\002__SHOT__t0.00-t0.00\f_020944.jpg","out\autoframe_work\cinematic\002__SHOT__t0.00-t0.00\f_020944.jpg","B27D966B78A6ECE0A036CAFBFC41A73A284CD6D64C11CE05633A34710C2E93C0","338745","11/3/2025 12:53:31 PM"
"C:\Users\scott\soccer-video\out\autoframe_work\cinematic\002__SHOT__t0.00-t0.00\f_020965.jpg","C:\Users\scott\soccer-video\out\_trash\dedupe_exact\20251103_125328\out\autoframe_work\cinematic\002__SHOT__t0.00-t0.00\f_020965.jpg","out\autoframe_work\cinematic\002__SHOT__t0.00-t0.00\f_020965.jpg","B27D966B78A6ECE0A036CAFBFC41A73A284CD6D64C11CE05633A34710C2E93C0","338745","11/3/2025 12:53:31 PM"
"C:\Users\scott\soccer-video\out\autoframe_work\cinematic\002__SHOT__t0.00-t0.00\f_020964.jpg","C:\Users\scott\soccer-video\out\_trash\dedupe_exact\20251103_125328\out\autoframe_work\cinematic\002__SHOT__t0.00-t0.00\f_020964.jpg","out\autoframe_work\cinematic\002__SHOT__t0.00-t0.00\f_020964.jpg","B27D966B78A6ECE0A036CAFBFC41A73A284CD6D64C11CE05633A34710C2E93C0","338745","11/3/2025 12:53:31 PM"
"C:\Users\scott\soccer-video\out\autoframe_work\cinematic\002__SHOT__t0.00-t0.00\f_020963.jpg","C:\Users\scott\soccer-video\out\_trash\dedupe_exact\20251103_125328\out\autoframe_work\cinematic\002__SHOT__t0.00-t0.00\f_020963.jpg","out\autoframe_work\cinematic\002__SHOT__t0.00-t0.00\f_020963.jpg","B27D966B78A6ECE0A036CAFBFC41A73A284CD6D64C11CE05633A34710C2E93C0","338745","11/3/2025 12:53:31 PM"
"C:\Users\scott\soccer-video\out\autoframe_work\cinematic\002__SHOT__t0.00-t0.00\f_020966.jpg","C:\Users\scott\soccer-video\out\_trash\dedupe_exact\20251103_125328\out\autoframe_work\cinematic\002__SHOT__t0.00-t0.00\f_020966.jpg","out\autoframe_work\cinematic\002__SHOT__t0.00-t0.00\f_020966.jpg","B27D966B78A6ECE0A036CAFBFC41A73A284CD6D64C11CE05633A34710C2E93C0","338745","11/3/2025 12:53:31 PM"
"C:\Users\scott\soccer-video\out\autoframe_work\cinematic\003__SHOT__t0.00-t0.00\f_025041.jpg","C:\Users\scott\soccer-video\out\_trash\dedupe_exact\20251103_125328\out\autoframe_work\cinematic\003__SHOT__t0.00-t0.00\f_025041.jpg","out\autoframe_work\cinematic\003__SHOT__t0.00-t0.00\f_025041.jpg","B27D966B78A6ECE0A036CAFBFC41A73A284CD6D64C11CE05633A34710C2E93C0","338745","11/3/2025 12:53:31 PM"
"C:\Users\scott\soccer-video\out\autoframe_work\cinematic\002__SHOT__t0.00-t0.00\f_020909.jpg","C:\Users\scott\soccer-video\out\_trash\dedupe_exact\20251103_125328\out\autoframe_work\cinematic\002__SHOT__t0.00-t0.00\f_020909.jpg","out\autoframe_work\cinematic\002__SHOT__t0.00-t0.00\f_020909.jpg","B27D966B78A6ECE0A036CAFBFC41A73A284CD6D64C11CE05633A34710C2E93C0","338745","11/3/2025 12:53:31 PM"
"C:\Users\scott\soccer-video\out\autoframe_work\cinematic\002__SHOT__t0.00-t0.00\f_020967.jpg","C:\Users\scott\soccer-video\out\_trash\dedupe_exact\20251103_125328\out\autoframe_work\cinematic\002__SHOT__t0.00-t0.00\f_020967.jpg","out\autoframe_work\cinematic\002__SHOT__t0.00-t0.00\f_020967.jpg","B27D966B78A6ECE0A036CAFBFC41A73A284CD6D64C11CE05633A34710C2E93C0","338745","11/3/2025 12:53:31 PM"
"C:\Users\scott\soccer-video\out\autoframe_work\cinematic\002__SHOT__t0.00-t0.00\f_020962.jpg","C:\Users\scott\soccer-video\out\_trash\dedupe_exact\20251103_125328\out\autoframe_work\cinematic\002__SHOT__t0.00-t0.00\f_020962.jpg","out\autoframe_work\cinematic\002__SHOT__t0.00-t0.00\f_020962.jpg","B27D966B78A6ECE0A036CAFBFC41A73A284CD6D64C11CE05633A34710C2E93C0","338745","11/3/2025 12:53:31 PM"
"C:\Users\scott\soccer-video\out\autoframe_work\cinematic\002__SHOT__t0.00-t0.00\f_020957.jpg","C:\Users\scott\soccer-video\out\_trash\dedupe_exact\20251103_125328\out\autoframe_work\cinematic\002__SHOT__t0.00-t0.00\f_020957.jpg","out\autoframe_work\cinematic\002__SHOT__t0.00-t0.00\f_020957.jpg","B27D966B78A6ECE0A036CAFBFC41A73A284CD6D64C11CE05633A34710C2E93C0","338745","11/3/2025 12:53:31 PM"
"C:\Users\scott\soccer-video\out\autoframe_work\cinematic\002__SHOT__t0.00-t0.00\f_020956.jpg","C:\Users\scott\soccer-video\out\_trash\dedupe_exact\20251103_125328\out\autoframe_work\cinematic\002__SHOT__t0.00-t0.00\f_020956.jpg","out\autoframe_work\cinematic\002__SHOT__t0.00-t0.00\f_020956.jpg","B27D966B78A6ECE0A036CAFBFC41A73A284CD6D64C11CE05633A34710C2E93C0","338745","11/3/2025 12:53:31 PM"
"C:\Users\scott\soccer-video\out\autoframe_work\cinematic\002__SHOT__t0.00-t0.00\f_020955.jpg","C:\Users\scott\soccer-video\out\_trash\dedupe_exact\20251103_125328\out\autoframe_work\cinematic\002__SHOT__t0.00-t0.00\f_020955.jpg","out\autoframe_work\cinematic\002__SHOT__t0.00-t0.00\f_020955.jpg","B27D966B78A6ECE0A036CAFBFC41A73A284CD6D64C11CE05633A34710C2E93C0","338745","11/3/2025 12:53:31 PM"
"C:\Users\scott\soccer-video\out\autoframe_work\cinematic\002__SHOT__t0.00-t0.00\f_020958.jpg","C:\Users\scott\soccer-video\out\_trash\dedupe_exact\20251103_125328\out\autoframe_work\cinematic\002__SHOT__t0.00-t0.00\f_020958.jpg","out\autoframe_work\cinematic\002__SHOT__t0.00-t0.00\f_020958.jpg","B27D966B78A6ECE0A036CAFBFC41A73A284CD6D64C11CE05633A34710C2E93C0","338745","11/3/2025 12:53:31 PM"
"C:\Users\scott\soccer-video\out\autoframe_work\cinematic\002__SHOT__t0.00-t0.00\f_020961.jpg","C:\Users\scott\soccer-video\out\_trash\dedupe_exact\20251103_125328\out\autoframe_work\cinematic\002__SHOT__t0.00-t0.00\f_020961.jpg","out\autoframe_work\cinematic\002__SHOT__t0.00-t0.00\f_020961.jpg","B27D966B78A6ECE0A036CAFBFC41A73A284CD6D64C11CE05633A34710C2E93C0","338745","11/3/2025 12:53:31 PM"
"C:\Users\scott\soccer-video\out\autoframe_work\cinematic\002__SHOT__t0.00-t0.00\f_020960.jpg","C:\Users\scott\soccer-video\out\_trash\dedupe_exact\20251103_125328\out\autoframe_work\cinematic\002__SHOT__t0.00-t0.00\f_020960.jpg","out\autoframe_work\cinematic\002__SHOT__t0.00-t0.00\f_020960.jpg","B27D966B78A6ECE0A036CAFBFC41A73A284CD6D64C11CE05633A34710C2E93C0","338745","11/3/2025 12:53:31 PM"
"C:\Users\scott\soccer-video\out\autoframe_work\cinematic\002__SHOT__t0.00-t0.00\f_020959.jpg","C:\Users\scott\soccer-video\out\_trash\dedupe_exact\20251103_125328\out\autoframe_work\cinematic\002__SHOT__t0.00-t0.00\f_020959.jpg","out\autoframe_work\cinematic\002__SHOT__t0.00-t0.00\f_020959.jpg","B27D966B78A6ECE0A036CAFBFC41A73A284CD6D64C11CE05633A34710C2E93C0","338745","11/3/2025 12:53:31 PM"
"C:\Users\scott\soccer-video\out\autoframe_work\cinematic\002__SHOT__t0.00-t0.00\f_020920.jpg","C:\Users\scott\soccer-video\out\_trash\dedupe_exact\20251103_125328\out\autoframe_work\cinematic\002__SHOT__t0.00-t0.00\f_020920.jpg","out\autoframe_work\cinematic\002__SHOT__t0.00-t0.00\f_020920.jpg","B27D966B78A6ECE0A036CAFBFC41A73A284CD6D64C11CE05633A34710C2E93C0","338745","11/3/2025 12:53:31 PM"
"C:\Users\scott\soccer-video\out\autoframe_work\cinematic\002__SHOT__t0.00-t0.00\f_020919.jpg","C:\Users\scott\soccer-video\out\_trash\dedupe_exact\20251103_125328\out\autoframe_work\cinematic\002__SHOT__t0.00-t0.00\f_020919.jpg","out\autoframe_work\cinematic\002__SHOT__t0.00-t0.00\f_020919.jpg","B27D966B78A6ECE0A036CAFBFC41A73A284CD6D64C11CE05633A34710C2E93C0","338745","11/3/2025 12:53:31 PM"
"C:\Users\scott\soccer-video\out\autoframe_work\cinematic\002__SHOT__t0.00-t0.00\f_020918.jpg","C:\Users\scott\soccer-video\out\_trash\dedupe_exact\20251103_125328\out\autoframe_work\cinematic\002__SHOT__t0.00-t0.00\f_020918.jpg","out\autoframe_work\cinematic\002__SHOT__t0.00-t0.00\f_020918.jpg","B27D966B78A6ECE0A036CAFBFC41A73A284CD6D64C11CE05633A34710C2E93C0","338745","11/3/2025 12:53:31 PM"
"C:\Users\scott\soccer-video\out\autoframe_work\cinematic\002__SHOT__t0.00-t0.00\f_020921.jpg","C:\Users\scott\soccer-video\out\_trash\dedupe_exact\20251103_125328\out\autoframe_work\cinematic\002__SHOT__t0.00-t0.00\f_020921.jpg","out\autoframe_work\cinematic\002__SHOT__t0.00-t0.00\f_020921.jpg","B27D966B78A6ECE0A036CAFBFC41A73A284CD6D64C11CE05633A34710C2E93C0","338745","11/3/2025 12:53:31 PM"
"C:\Users\scott\soccer-video\out\autoframe_work\cinematic\002__SHOT__t0.00-t0.00\f_020924.jpg","C:\Users\scott\soccer-video\out\_trash\dedupe_exact\20251103_125328\out\autoframe_work\cinematic\002__SHOT__t0.00-t0.00\f_020924.jpg","out\autoframe_work\cinematic\002__SHOT__t0.00-t0.00\f_020924.jpg","B27D966B78A6ECE0A036CAFBFC41A73A284CD6D64C11CE05633A34710C2E93C0","338745","11/3/2025 12:53:31 PM"
"C:\Users\scott\soccer-video\out\autoframe_work\cinematic\002__SHOT__t0.00-t0.00\f_020923.jpg","C:\Users\scott\soccer-video\out\_trash\dedupe_exact\20251103_125328\out\autoframe_work\cinematic\002__SHOT__t0.00-t0.00\f_020923.jpg","out\autoframe_work\cinematic\002__SHOT__t0.00-t0.00\f_020923.jpg","B27D966B78A6ECE0A036CAFBFC41A73A284CD6D64C11CE05633A34710C2E93C0","338745","11/3/2025 12:53:31 PM"
"C:\Users\scott\soccer-video\out\autoframe_work\cinematic\002__SHOT__t0.00-t0.00\f_020922.jpg","C:\Users\scott\soccer-video\out\_trash\dedupe_exact\20251103_125328\out\autoframe_work\cinematic\002__SHOT__t0.00-t0.00\f_020922.jpg","out\autoframe_work\cinematic\002__SHOT__t0.00-t0.00\f_020922.jpg","B27D966B78A6ECE0A036CAFBFC41A73A284CD6D64C11CE05633A34710C2E93C0","338745","11/3/2025 12:53:31 PM"
"C:\Users\scott\soccer-video\out\autoframe_work\cinematic\002__SHOT__t0.00-t0.00\f_020917.jpg","C:\Users\scott\soccer-video\out\_trash\dedupe_exact\20251103_125328\out\autoframe_work\cinematic\002__SHOT__t0.00-t0.00\f_020917.jpg","out\autoframe_work\cinematic\002__SHOT__t0.00-t0.00\f_020917.jpg","B27D966B78A6ECE0A036CAFBFC41A73A284CD6D64C11CE05633A34710C2E93C0","338745","11/3/2025 12:53:31 PM"
"C:\Users\scott\soccer-video\out\autoframe_work\cinematic\002__SHOT__t0.00-t0.00\f_020912.jpg","C:\Users\scott\soccer-video\out\_trash\dedupe_exact\20251103_125328\out\autoframe_work\cinematic\002__SHOT__t0.00-t0.00\f_020912.jpg","out\autoframe_work\cinematic\002__SHOT__t0.00-t0.00\f_020912.jpg","B27D966B78A6ECE0A036CAFBFC41A73A284CD6D64C11CE05633A34710C2E93C0","338745","11/3/2025 12:53:31 PM"
"C:\Users\scott\soccer-video\out\autoframe_work\cinematic\002__SHOT__t0.00-t0.00\f_020911.jpg","C:\Users\scott\soccer-video\out\_trash\dedupe_exact\20251103_125328\out\autoframe_work\cinematic\002__SHOT__t0.00-t0.00\f_020911.jpg","out\autoframe_work\cinematic\002__SHOT__t0.00-t0.00\f_020911.jpg","B27D966B78A6ECE0A036CAFBFC41A73A284CD6D64C11CE05633A34710C2E93C0","338745","11/3/2025 12:53:31 PM"
"C:\Users\scott\soccer-video\out\autoframe_work\cinematic\002__SHOT__t0.00-t0.00\f_020910.jpg","C:\Users\scott\soccer-video\out\_trash\dedupe_exact\20251103_125328\out\autoframe_work\cinematic\002__SHOT__t0.00-t0.00\f_020910.jpg","out\autoframe_work\cinematic\002__SHOT__t0.00-t0.00\f_020910.jpg","B27D966B78A6ECE0A036CAFBFC41A73A284CD6D64C11CE05633A34710C2E93C0","338745","11/3/2025 12:53:31 PM"
"C:\Users\scott\soccer-video\out\autoframe_work\cinematic\002__SHOT__t0.00-t0.00\f_020913.jpg","C:\Users\scott\soccer-video\out\_trash\dedupe_exact\20251103_125328\out\autoframe_work\cinematic\002__SHOT__t0.00-t0.00\f_020913.jpg","out\autoframe_work\cinematic\002__SHOT__t0.00-t0.00\f_020913.jpg","B27D966B78A6ECE0A036CAFBFC41A73A284CD6D64C11CE05633A34710C2E93C0","338745","11/3/2025 12:53:31 PM"
"C:\Users\scott\soccer-video\out\autoframe_work\cinematic\002__SHOT__t0.00-t0.00\f_020916.jpg","C:\Users\scott\soccer-video\out\_trash\dedupe_exact\20251103_125328\out\autoframe_work\cinematic\002__SHOT__t0.00-t0.00\f_020916.jpg","out\autoframe_work\cinematic\002__SHOT__t0.00-t0.00\f_020916.jpg","B27D966B78A6ECE0A036CAFBFC41A73A284CD6D64C11CE05633A34710C2E93C0","338745","11/3/2025 12:53:31 PM"
"C:\Users\scott\soccer-video\out\autoframe_work\cinematic\002__SHOT__t0.00-t0.00\f_020915.jpg","C:\Users\scott\soccer-video\out\_trash\dedupe_exact\20251103_125328\out\autoframe_work\cinematic\002__SHOT__t0.00-t0.00\f_020915.jpg","out\autoframe_work\cinematic\002__SHOT__t0.00-t0.00\f_020915.jpg","B27D966B78A6ECE0A036CAFBFC41A73A284CD6D64C11CE05633A34710C2E93C0","338745","11/3/2025 12:53:31 PM"
"C:\Users\scott\soccer-video\out\autoframe_work\cinematic\002__SHOT__t0.00-t0.00\f_020914.jpg","C:\Users\scott\soccer-video\out\_trash\dedupe_exact\20251103_125328\out\autoframe_work\cinematic\002__SHOT__t0.00-t0.00\f_020914.jpg","out\autoframe_work\cinematic\002__SHOT__t0.00-t0.00\f_020914.jpg","B27D966B78A6ECE0A036CAFBFC41A73A284CD6D64C11CE05633A34710C2E93C0","338745","11/3/2025 12:53:31 PM"
"C:\Users\scott\soccer-video\out\autoframe_work\cinematic\002__SHOT__t0.00-t0.00\f_020935.jpg","C:\Users\scott\soccer-video\out\_trash\dedupe_exact\20251103_125328\out\autoframe_work\cinematic\002__SHOT__t0.00-t0.00\f_020935.jpg","out\autoframe_work\cinematic\002__SHOT__t0.00-t0.00\f_020935.jpg","B27D966B78A6ECE0A036CAFBFC41A73A284CD6D64C11CE05633A34710C2E93C0","338745","11/3/2025 12:53:31 PM"
"C:\Users\scott\soccer-video\out\autoframe_work\cinematic\002__SHOT__t0.00-t0.00\f_020934.jpg","C:\Users\scott\soccer-video\out\_trash\dedupe_exact\20251103_125328\out\autoframe_work\cinematic\002__SHOT__t0.00-t0.00\f_020934.jpg","out\autoframe_work\cinematic\002__SHOT__t0.00-t0.00\f_020934.jpg","B27D966B78A6ECE0A036CAFBFC41A73A284CD6D64C11CE05633A34710C2E93C0","338745","11/3/2025 12:53:31 PM"
"C:\Users\scott\soccer-video\out\autoframe_work\cinematic\002__SHOT__t0.00-t0.00\f_020933.jpg","C:\Users\scott\soccer-video\out\_trash\dedupe_exact\20251103_125328\out\autoframe_work\cinematic\002__SHOT__t0.00-t0.00\f_020933.jpg","out\autoframe_work\cinematic\002__SHOT__t0.00-t0.00\f_020933.jpg","B27D966B78A6ECE0A036CAFBFC41A73A284CD6D64C11CE05633A34710C2E93C0","338745","11/3/2025 12:53:31 PM"
"C:\Users\scott\soccer-video\out\autoframe_work\cinematic\002__SHOT__t0.00-t0.00\f_020936.jpg","C:\Users\scott\soccer-video\out\_trash\dedupe_exact\20251103_125328\out\autoframe_work\cinematic\002__SHOT__t0.00-t0.00\f_020936.jpg","out\autoframe_work\cinematic\002__SHOT__t0.00-t0.00\f_020936.jpg","B27D966B78A6ECE0A036CAFBFC41A73A284CD6D64C11CE05633A34710C2E93C0","338745","11/3/2025 12:53:31 PM"
"C:\Users\scott\soccer-video\out\autoframe_work\cinematic\002__SHOT__t0.00-t0.00\f_020939.jpg","C:\Users\scott\soccer-video\out\_trash\dedupe_exact\20251103_125328\out\autoframe_work\cinematic\002__SHOT__t0.00-t0.00\f_020939.jpg","out\autoframe_work\cinematic\002__SHOT__t0.00-t0.00\f_020939.jpg","B27D966B78A6ECE0A036CAFBFC41A73A284CD6D64C11CE05633A34710C2E93C0","338745","11/3/2025 12:53:31 PM"
"C:\Users\scott\soccer-video\out\autoframe_work\cinematic\002__SHOT__t0.00-t0.00\f_020938.jpg","C:\Users\scott\soccer-video\out\_trash\dedupe_exact\20251103_125328\out\autoframe_work\cinematic\002__SHOT__t0.00-t0.00\f_020938.jpg","out\autoframe_work\cinematic\002__SHOT__t0.00-t0.00\f_020938.jpg","B27D966B78A6ECE0A036CAFBFC41A73A284CD6D64C11CE05633A34710C2E93C0","338745","11/3/2025 12:53:31 PM"
"C:\Users\scott\soccer-video\out\autoframe_work\cinematic\002__SHOT__t0.00-t0.00\f_020937.jpg","C:\Users\scott\soccer-video\out\_trash\dedupe_exact\20251103_125328\out\autoframe_work\cinematic\002__SHOT__t0.00-t0.00\f_020937.jpg","out\autoframe_work\cinematic\002__SHOT__t0.00-t0.00\f_020937.jpg","B27D966B78A6ECE0A036CAFBFC41A73A284CD6D64C11CE05633A34710C2E93C0","338745","11/3/2025 12:53:31 PM"
"C:\Users\scott\soccer-video\out\autoframe_work\cinematic\002__SHOT__t0.00-t0.00\f_020932.jpg","C:\Users\scott\soccer-video\out\_trash\dedupe_exact\20251103_125328\out\autoframe_work\cinematic\002__SHOT__t0.00-t0.00\f_020932.jpg","out\autoframe_work\cinematic\002__SHOT__t0.00-t0.00\f_020932.jpg","B27D966B78A6ECE0A036CAFBFC41A73A284CD6D64C11CE05633A34710C2E93C0","338745","11/3/2025 12:53:31 PM"
"C:\Users\scott\soccer-video\out\autoframe_work\cinematic\002__SHOT__t0.00-t0.00\f_020927.jpg","C:\Users\scott\soccer-video\out\_trash\dedupe_exact\20251103_125328\out\autoframe_work\cinematic\002__SHOT__t0.00-t0.00\f_020927.jpg","out\autoframe_work\cinematic\002__SHOT__t0.00-t0.00\f_020927.jpg","B27D966B78A6ECE0A036CAFBFC41A73A284CD6D64C11CE05633A34710C2E93C0","338745","11/3/2025 12:53:31 PM"
"C:\Users\scott\soccer-video\out\autoframe_work\cinematic\002__SHOT__t0.00-t0.00\f_020926.jpg","C:\Users\scott\soccer-video\out\_trash\dedupe_exact\20251103_125328\out\autoframe_work\cinematic\002__SHOT__t0.00-t0.00\f_020926.jpg","out\autoframe_work\cinematic\002__SHOT__t0.00-t0.00\f_020926.jpg","B27D966B78A6ECE0A036CAFBFC41A73A284CD6D64C11CE05633A34710C2E93C0","338745","11/3/2025 12:53:31 PM"
"C:\Users\scott\soccer-video\out\autoframe_work\cinematic\002__SHOT__t0.00-t0.00\f_020925.jpg","C:\Users\scott\soccer-video\out\_trash\dedupe_exact\20251103_125328\out\autoframe_work\cinematic\002__SHOT__t0.00-t0.00\f_020925.jpg","out\autoframe_work\cinematic\002__SHOT__t0.00-t0.00\f_020925.jpg","B27D966B78A6ECE0A036CAFBFC41A73A284CD6D64C11CE05633A34710C2E93C0","338745","11/3/2025 12:53:31 PM"
"C:\Users\scott\soccer-video\out\autoframe_work\cinematic\002__SHOT__t0.00-t0.00\f_020928.jpg","C:\Users\scott\soccer-video\out\_trash\dedupe_exact\20251103_125328\out\autoframe_work\cinematic\002__SHOT__t0.00-t0.00\f_020928.jpg","out\autoframe_work\cinematic\002__SHOT__t0.00-t0.00\f_020928.jpg","B27D966B78A6ECE0A036CAFBFC41A73A284CD6D64C11CE05633A34710C2E93C0","338745","11/3/2025 12:53:31 PM"
"C:\Users\scott\soccer-video\out\autoframe_work\cinematic\002__SHOT__t0.00-t0.00\f_020931.jpg","C:\Users\scott\soccer-video\out\_trash\dedupe_exact\20251103_125328\out\autoframe_work\cinematic\002__SHOT__t0.00-t0.00\f_020931.jpg","out\autoframe_work\cinematic\002__SHOT__t0.00-t0.00\f_020931.jpg","B27D966B78A6ECE0A036CAFBFC41A73A284CD6D64C11CE05633A34710C2E93C0","338745","11/3/2025 12:53:31 PM"
"C:\Users\scott\soccer-video\out\autoframe_work\cinematic\002__SHOT__t0.00-t0.00\f_020930.jpg","C:\Users\scott\soccer-video\out\_trash\dedupe_exact\20251103_125328\out\autoframe_work\cinematic\002__SHOT__t0.00-t0.00\f_020930.jpg","out\autoframe_work\cinematic\002__SHOT__t0.00-t0.00\f_020930.jpg","B27D966B78A6ECE0A036CAFBFC41A73A284CD6D64C11CE05633A34710C2E93C0","338745","11/3/2025 12:53:31 PM"
"C:\Users\scott\soccer-video\out\autoframe_work\cinematic\002__SHOT__t0.00-t0.00\f_020929.jpg","C:\Users\scott\soccer-video\out\_trash\dedupe_exact\20251103_125328\out\autoframe_work\cinematic\002__SHOT__t0.00-t0.00\f_020929.jpg","out\autoframe_work\cinematic\002__SHOT__t0.00-t0.00\f_020929.jpg","B27D966B78A6ECE0A036CAFBFC41A73A284CD6D64C11CE05633A34710C2E93C0","338745","11/3/2025 12:53:31 PM"
"C:\Users\scott\soccer-video\out\autoframe_work\cinematic\003__SHOT__t0.00-t0.00\f_025052.jpg","C:\Users\scott\soccer-video\out\_trash\dedupe_exact\20251103_125328\out\autoframe_work\cinematic\003__SHOT__t0.00-t0.00\f_025052.jpg","out\autoframe_work\cinematic\003__SHOT__t0.00-t0.00\f_025052.jpg","B27D966B78A6ECE0A036CAFBFC41A73A284CD6D64C11CE05633A34710C2E93C0","338745","11/3/2025 12:53:31 PM"
"C:\Users\scott\soccer-video\out\autoframe_work\cinematic\003__SHOT__t0.00-t0.00\f_025051.jpg","C:\Users\scott\soccer-video\out\_trash\dedupe_exact\20251103_125328\out\autoframe_work\cinematic\003__SHOT__t0.00-t0.00\f_025051.jpg","out\autoframe_work\cinematic\003__SHOT__t0.00-t0.00\f_025051.jpg","B27D966B78A6ECE0A036CAFBFC41A73A284CD6D64C11CE05633A34710C2E93C0","338745","11/3/2025 12:53:31 PM"
"C:\Users\scott\soccer-video\out\autoframe_work\cinematic\003__SHOT__t0.00-t0.00\f_025050.jpg","C:\Users\scott\soccer-video\out\_trash\dedupe_exact\20251103_125328\out\autoframe_work\cinematic\003__SHOT__t0.00-t0.00\f_025050.jpg","out\autoframe_work\cinematic\003__SHOT__t0.00-t0.00\f_025050.jpg","B27D966B78A6ECE0A036CAFBFC41A73A284CD6D64C11CE05633A34710C2E93C0","338745","11/3/2025 12:53:32 PM"
"C:\Users\scott\soccer-video\out\autoframe_work\cinematic\003__SHOT__t0.00-t0.00\f_025053.jpg","C:\Users\scott\soccer-video\out\_trash\dedupe_exact\20251103_125328\out\autoframe_work\cinematic\003__SHOT__t0.00-t0.00\f_025053.jpg","out\autoframe_work\cinematic\003__SHOT__t0.00-t0.00\f_025053.jpg","B27D966B78A6ECE0A036CAFBFC41A73A284CD6D64C11CE05633A34710C2E93C0","338745","11/3/2025 12:53:32 PM"
"C:\Users\scott\soccer-video\out\autoframe_work\cinematic\003__SHOT__t0.00-t0.00\f_025056.jpg","C:\Users\scott\soccer-video\out\_trash\dedupe_exact\20251103_125328\out\autoframe_work\cinematic\003__SHOT__t0.00-t0.00\f_025056.jpg","out\autoframe_work\cinematic\003__SHOT__t0.00-t0.00\f_025056.jpg","B27D966B78A6ECE0A036CAFBFC41A73A284CD6D64C11CE05633A34710C2E93C0","338745","11/3/2025 12:53:32 PM"
"C:\Users\scott\soccer-video\out\autoframe_work\cinematic\003__SHOT__t0.00-t0.00\f_025055.jpg","C:\Users\scott\soccer-video\out\_trash\dedupe_exact\20251103_125328\out\autoframe_work\cinematic\003__SHOT__t0.00-t0.00\f_025055.jpg","out\autoframe_work\cinematic\003__SHOT__t0.00-t0.00\f_025055.jpg","B27D966B78A6ECE0A036CAFBFC41A73A284CD6D64C11CE05633A34710C2E93C0","338745","11/3/2025 12:53:32 PM"
"C:\Users\scott\soccer-video\out\autoframe_work\cinematic\003__SHOT__t0.00-t0.00\f_025054.jpg","C:\Users\scott\soccer-video\out\_trash\dedupe_exact\20251103_125328\out\autoframe_work\cinematic\003__SHOT__t0.00-t0.00\f_025054.jpg","out\autoframe_work\cinematic\003__SHOT__t0.00-t0.00\f_025054.jpg","B27D966B78A6ECE0A036CAFBFC41A73A284CD6D64C11CE05633A34710C2E93C0","338745","11/3/2025 12:53:32 PM"
"C:\Users\scott\soccer-video\out\autoframe_work\cinematic\003__SHOT__t0.00-t0.00\f_025044.jpg","C:\Users\scott\soccer-video\out\_trash\dedupe_exact\20251103_125328\out\autoframe_work\cinematic\003__SHOT__t0.00-t0.00\f_025044.jpg","out\autoframe_work\cinematic\003__SHOT__t0.00-t0.00\f_025044.jpg","B27D966B78A6ECE0A036CAFBFC41A73A284CD6D64C11CE05633A34710C2E93C0","338745","11/3/2025 12:53:32 PM"
"C:\Users\scott\soccer-video\out\autoframe_work\cinematic\003__SHOT__t0.00-t0.00\f_025043.jpg","C:\Users\scott\soccer-video\out\_trash\dedupe_exact\20251103_125328\out\autoframe_work\cinematic\003__SHOT__t0.00-t0.00\f_025043.jpg","out\autoframe_work\cinematic\003__SHOT__t0.00-t0.00\f_025043.jpg","B27D966B78A6ECE0A036CAFBFC41A73A284CD6D64C11CE05633A34710C2E93C0","338745","11/3/2025 12:53:32 PM"
"C:\Users\scott\soccer-video\out\autoframe_work\cinematic\003__SHOT__t0.00-t0.00\f_025042.jpg","C:\Users\scott\soccer-video\out\_trash\dedupe_exact\20251103_125328\out\autoframe_work\cinematic\003__SHOT__t0.00-t0.00\f_025042.jpg","out\autoframe_work\cinematic\003__SHOT__t0.00-t0.00\f_025042.jpg","B27D966B78A6ECE0A036CAFBFC41A73A284CD6D64C11CE05633A34710C2E93C0","338745","11/3/2025 12:53:32 PM"
"C:\Users\scott\soccer-video\out\autoframe_work\cinematic\003__SHOT__t0.00-t0.00\f_025045.jpg","C:\Users\scott\soccer-video\out\_trash\dedupe_exact\20251103_125328\out\autoframe_work\cinematic\003__SHOT__t0.00-t0.00\f_025045.jpg","out\autoframe_work\cinematic\003__SHOT__t0.00-t0.00\f_025045.jpg","B27D966B78A6ECE0A036CAFBFC41A73A284CD6D64C11CE05633A34710C2E93C0","338745","11/3/2025 12:53:32 PM"
"C:\Users\scott\soccer-video\out\autoframe_work\cinematic\003__SHOT__t0.00-t0.00\f_025049.jpg","C:\Users\scott\soccer-video\out\_trash\dedupe_exact\20251103_125328\out\autoframe_work\cinematic\003__SHOT__t0.00-t0.00\f_025049.jpg","out\autoframe_work\cinematic\003__SHOT__t0.00-t0.00\f_025049.jpg","B27D966B78A6ECE0A036CAFBFC41A73A284CD6D64C11CE05633A34710C2E93C0","338745","11/3/2025 12:53:32 PM"
"C:\Users\scott\soccer-video\out\autoframe_work\cinematic\003__SHOT__t0.00-t0.00\f_025048.jpg","C:\Users\scott\soccer-video\out\_trash\dedupe_exact\20251103_125328\out\autoframe_work\cinematic\003__SHOT__t0.00-t0.00\f_025048.jpg","out\autoframe_work\cinematic\003__SHOT__t0.00-t0.00\f_025048.jpg","B27D966B78A6ECE0A036CAFBFC41A73A284CD6D64C11CE05633A34710C2E93C0","338745","11/3/2025 12:53:32 PM"
"C:\Users\scott\soccer-video\out\autoframe_work\cinematic\003__SHOT__t0.00-t0.00\f_025047.jpg","C:\Users\scott\soccer-video\out\_trash\dedupe_exact\20251103_125328\out\autoframe_work\cinematic\003__SHOT__t0.00-t0.00\f_025047.jpg","out\autoframe_work\cinematic\003__SHOT__t0.00-t0.00\f_025047.jpg","B27D966B78A6ECE0A036CAFBFC41A73A284CD6D64C11CE05633A34710C2E93C0","338745","11/3/2025 12:53:32 PM"
"C:\Users\scott\soccer-video\out\autoframe_work\cinematic\003__SHOT__t0.00-t0.00\f_025057.jpg","C:\Users\scott\soccer-video\out\_trash\dedupe_exact\20251103_125328\out\autoframe_work\cinematic\003__SHOT__t0.00-t0.00\f_025057.jpg","out\autoframe_work\cinematic\003__SHOT__t0.00-t0.00\f_025057.jpg","B27D966B78A6ECE0A036CAFBFC41A73A284CD6D64C11CE05633A34710C2E93C0","338745","11/3/2025 12:53:32 PM"
"C:\Users\scott\soccer-video\out\autoframe_work\cinematic\003__SHOT__t0.00-t0.00\f_025067.jpg","C:\Users\scott\soccer-video\out\_trash\dedupe_exact\20251103_125328\out\autoframe_work\cinematic\003__SHOT__t0.00-t0.00\f_025067.jpg","out\autoframe_work\cinematic\003__SHOT__t0.00-t0.00\f_025067.jpg","B27D966B78A6ECE0A036CAFBFC41A73A284CD6D64C11CE05633A34710C2E93C0","338745","11/3/2025 12:53:32 PM"
"C:\Users\scott\soccer-video\out\autoframe_work\cinematic\003__SHOT__t0.00-t0.00\f_025066.jpg","C:\Users\scott\soccer-video\out\_trash\dedupe_exact\20251103_125328\out\autoframe_work\cinematic\003__SHOT__t0.00-t0.00\f_025066.jpg","out\autoframe_work\cinematic\003__SHOT__t0.00-t0.00\f_025066.jpg","B27D966B78A6ECE0A036CAFBFC41A73A284CD6D64C11CE05633A34710C2E93C0","338745","11/3/2025 12:53:32 PM"
"C:\Users\scott\soccer-video\out\autoframe_work\cinematic\003__SHOT__t0.00-t0.00\f_025065.jpg","C:\Users\scott\soccer-video\out\_trash\dedupe_exact\20251103_125328\out\autoframe_work\cinematic\003__SHOT__t0.00-t0.00\f_025065.jpg","out\autoframe_work\cinematic\003__SHOT__t0.00-t0.00\f_025065.jpg","B27D966B78A6ECE0A036CAFBFC41A73A284CD6D64C11CE05633A34710C2E93C0","338745","11/3/2025 12:53:32 PM"
"C:\Users\scott\soccer-video\out\autoframe_work\cinematic\003__SHOT__t0.00-t0.00\f_025068.jpg","C:\Users\scott\soccer-video\out\_trash\dedupe_exact\20251103_125328\out\autoframe_work\cinematic\003__SHOT__t0.00-t0.00\f_025068.jpg","out\autoframe_work\cinematic\003__SHOT__t0.00-t0.00\f_025068.jpg","B27D966B78A6ECE0A036CAFBFC41A73A284CD6D64C11CE05633A34710C2E93C0","338745","11/3/2025 12:53:32 PM"
"C:\Users\scott\soccer-video\out\autoframe_work\cinematic\003__SHOT__t0.00-t0.00\f_025046.jpg","C:\Users\scott\soccer-video\out\_trash\dedupe_exact\20251103_125328\out\autoframe_work\cinematic\003__SHOT__t0.00-t0.00\f_025046.jpg","out\autoframe_work\cinematic\003__SHOT__t0.00-t0.00\f_025046.jpg","B27D966B78A6ECE0A036CAFBFC41A73A284CD6D64C11CE05633A34710C2E93C0","338745","11/3/2025 12:53:32 PM"
"C:\Users\scott\soccer-video\out\autoframe_work\cinematic\003__SHOT__t0.00-t0.00\f_025070.jpg","C:\Users\scott\soccer-video\out\_trash\dedupe_exact\20251103_125328\out\autoframe_work\cinematic\003__SHOT__t0.00-t0.00\f_025070.jpg","out\autoframe_work\cinematic\003__SHOT__t0.00-t0.00\f_025070.jpg","B27D966B78A6ECE0A036CAFBFC41A73A284CD6D64C11CE05633A34710C2E93C0","338745","11/3/2025 12:53:32 PM"
"C:\Users\scott\soccer-video\out\autoframe_work\cinematic\003__SHOT__t0.00-t0.00\f_025069.jpg","C:\Users\scott\soccer-video\out\_trash\dedupe_exact\20251103_125328\out\autoframe_work\cinematic\003__SHOT__t0.00-t0.00\f_025069.jpg","out\autoframe_work\cinematic\003__SHOT__t0.00-t0.00\f_025069.jpg","B27D966B78A6ECE0A036CAFBFC41A73A284CD6D64C11CE05633A34710C2E93C0","338745","11/3/2025 12:53:32 PM"
"C:\Users\scott\soccer-video\out\autoframe_work\cinematic\003__SHOT__t0.00-t0.00\f_025060.jpg","C:\Users\scott\soccer-video\out\_trash\dedupe_exact\20251103_125328\out\autoframe_work\cinematic\003__SHOT__t0.00-t0.00\f_025060.jpg","out\autoframe_work\cinematic\003__SHOT__t0.00-t0.00\f_025060.jpg","B27D966B78A6ECE0A036CAFBFC41A73A284CD6D64C11CE05633A34710C2E93C0","338745","11/3/2025 12:53:32 PM"
"C:\Users\scott\soccer-video\out\autoframe_work\cinematic\003__SHOT__t0.00-t0.00\f_025061.jpg","C:\Users\scott\soccer-video\out\_trash\dedupe_exact\20251103_125328\out\autoframe_work\cinematic\003__SHOT__t0.00-t0.00\f_025061.jpg","out\autoframe_work\cinematic\003__SHOT__t0.00-t0.00\f_025061.jpg","B27D966B78A6ECE0A036CAFBFC41A73A284CD6D64C11CE05633A34710C2E93C0","338745","11/3/2025 12:53:32 PM"
"C:\Users\scott\soccer-video\out\autoframe_work\cinematic\003__SHOT__t0.00-t0.00\f_025058.jpg","C:\Users\scott\soccer-video\out\_trash\dedupe_exact\20251103_125328\out\autoframe_work\cinematic\003__SHOT__t0.00-t0.00\f_025058.jpg","out\autoframe_work\cinematic\003__SHOT__t0.00-t0.00\f_025058.jpg","B27D966B78A6ECE0A036CAFBFC41A73A284CD6D64C11CE05633A34710C2E93C0","338745","11/3/2025 12:53:32 PM"
"C:\Users\scott\soccer-video\out\autoframe_work\cinematic\003__SHOT__t0.00-t0.00\f_025059.jpg","C:\Users\scott\soccer-video\out\_trash\dedupe_exact\20251103_125328\out\autoframe_work\cinematic\003__SHOT__t0.00-t0.00\f_025059.jpg","out\autoframe_work\cinematic\003__SHOT__t0.00-t0.00\f_025059.jpg","B27D966B78A6ECE0A036CAFBFC41A73A284CD6D64C11CE05633A34710C2E93C0","338745","11/3/2025 12:53:32 PM"
"C:\Users\scott\soccer-video\out\autoframe_work\cinematic\003__SHOT__t0.00-t0.00\f_025063.jpg","C:\Users\scott\soccer-video\out\_trash\dedupe_exact\20251103_125328\out\autoframe_work\cinematic\003__SHOT__t0.00-t0.00\f_025063.jpg","out\autoframe_work\cinematic\003__SHOT__t0.00-t0.00\f_025063.jpg","B27D966B78A6ECE0A036CAFBFC41A73A284CD6D64C11CE05633A34710C2E93C0","338745","11/3/2025 12:53:32 PM"
"C:\Users\scott\soccer-video\out\autoframe_work\cinematic\003__SHOT__t0.00-t0.00\f_025062.jpg","C:\Users\scott\soccer-video\out\_trash\dedupe_exact\20251103_125328\out\autoframe_work\cinematic\003__SHOT__t0.00-t0.00\f_025062.jpg","out\autoframe_work\cinematic\003__SHOT__t0.00-t0.00\f_025062.jpg","B27D966B78A6ECE0A036CAFBFC41A73A284CD6D64C11CE05633A34710C2E93C0","338745","11/3/2025 12:53:32 PM"
"C:\Users\scott\soccer-video\out\autoframe_work\cinematic\003__SHOT__t0.00-t0.00\f_025064.jpg","C:\Users\scott\soccer-video\out\_trash\dedupe_exact\20251103_125328\out\autoframe_work\cinematic\003__SHOT__t0.00-t0.00\f_025064.jpg","out\autoframe_work\cinematic\003__SHOT__t0.00-t0.00\f_025064.jpg","B27D966B78A6ECE0A036CAFBFC41A73A284CD6D64C11CE05633A34710C2E93C0","338745","11/3/2025 12:53:32 PM"
"C:\Users\scott\soccer-video\out\autoframe_work\cinematic\SHOT__t185.00-t206.00__x2\f_000688.jpg","C:\Users\scott\soccer-video\out\_trash\dedupe_exact\20251103_125328\out\autoframe_work\cinematic\SHOT__t185.00-t206.00__x2\f_000688.jpg","out\autoframe_work\cinematic\SHOT__t185.00-t206.00__x2\f_000688.jpg","B27D966B78A6ECE0A036CAFBFC41A73A284CD6D64C11CE05633A34710C2E93C0","338745","11/3/2025 12:53:32 PM"
"C:\Users\scott\soccer-video\out\autoframe_work\cinematic\SHOT__t135.00-t145.00__x2\f_000329.jpg","C:\Users\scott\soccer-video\out\_trash\dedupe_exact\20251103_125328\out\autoframe_work\cinematic\SHOT__t135.00-t145.00__x2\f_000329.jpg","out\autoframe_work\cinematic\SHOT__t135.00-t145.00__x2\f_000329.jpg","B27D966B78A6ECE0A036CAFBFC41A73A284CD6D64C11CE05633A34710C2E93C0","338745","11/3/2025 12:53:32 PM"
"C:\Users\scott\soccer-video\out\autoframe_work\cinematic\SHOT__t185.00-t206.00__x2\f_000687.jpg","C:\Users\scott\soccer-video\out\_trash\dedupe_exact\20251103_125328\out\autoframe_work\cinematic\SHOT__t185.00-t206.00__x2\f_000687.jpg","out\autoframe_work\cinematic\SHOT__t185.00-t206.00__x2\f_000687.jpg","B27D966B78A6ECE0A036CAFBFC41A73A284CD6D64C11CE05633A34710C2E93C0","338745","11/3/2025 12:53:32 PM"
"C:\Users\scott\soccer-video\out\autoframe_work\cinematic\SHOT__t185.00-t206.00__x2\f_000685.jpg","C:\Users\scott\soccer-video\out\_trash\dedupe_exact\20251103_125328\out\autoframe_work\cinematic\SHOT__t185.00-t206.00__x2\f_000685.jpg","out\autoframe_work\cinematic\SHOT__t185.00-t206.00__x2\f_000685.jpg","B27D966B78A6ECE0A036CAFBFC41A73A284CD6D64C11CE05633A34710C2E93C0","338745","11/3/2025 12:53:32 PM"
"C:\Users\scott\soccer-video\out\autoframe_work\cinematic\SHOT__t185.00-t206.00__x2\f_000686.jpg","C:\Users\scott\soccer-video\out\_trash\dedupe_exact\20251103_125328\out\autoframe_work\cinematic\SHOT__t185.00-t206.00__x2\f_000686.jpg","out\autoframe_work\cinematic\SHOT__t185.00-t206.00__x2\f_000686.jpg","B27D966B78A6ECE0A036CAFBFC41A73A284CD6D64C11CE05633A34710C2E93C0","338745","11/3/2025 12:53:32 PM"
"C:\Users\scott\soccer-video\out\autoframe_work\cinematic\SHOT__t135.00-t145.00__x2\f_000330.jpg","C:\Users\scott\soccer-video\out\_trash\dedupe_exact\20251103_125328\out\autoframe_work\cinematic\SHOT__t135.00-t145.00__x2\f_000330.jpg","out\autoframe_work\cinematic\SHOT__t135.00-t145.00__x2\f_000330.jpg","B27D966B78A6ECE0A036CAFBFC41A73A284CD6D64C11CE05633A34710C2E93C0","338745","11/3/2025 12:53:32 PM"
"C:\Users\scott\soccer-video\out\autoframe_work\cinematic\SHOT__t135.00-t145.00__x2\f_000334.jpg","C:\Users\scott\soccer-video\out\_trash\dedupe_exact\20251103_125328\out\autoframe_work\cinematic\SHOT__t135.00-t145.00__x2\f_000334.jpg","out\autoframe_work\cinematic\SHOT__t135.00-t145.00__x2\f_000334.jpg","B27D966B78A6ECE0A036CAFBFC41A73A284CD6D64C11CE05633A34710C2E93C0","338745","11/3/2025 12:53:32 PM"
"C:\Users\scott\soccer-video\out\autoframe_work\cinematic\SHOT__t135.00-t145.00__x2\f_000335.jpg","C:\Users\scott\soccer-video\out\_trash\dedupe_exact\20251103_125328\out\autoframe_work\cinematic\SHOT__t135.00-t145.00__x2\f_000335.jpg","out\autoframe_work\cinematic\SHOT__t135.00-t145.00__x2\f_000335.jpg","B27D966B78A6ECE0A036CAFBFC41A73A284CD6D64C11CE05633A34710C2E93C0","338745","11/3/2025 12:53:32 PM"
"C:\Users\scott\soccer-video\out\autoframe_work\cinematic\SHOT__t135.00-t145.00__x2\f_000333.jpg","C:\Users\scott\soccer-video\out\_trash\dedupe_exact\20251103_125328\out\autoframe_work\cinematic\SHOT__t135.00-t145.00__x2\f_000333.jpg","out\autoframe_work\cinematic\SHOT__t135.00-t145.00__x2\f_000333.jpg","B27D966B78A6ECE0A036CAFBFC41A73A284CD6D64C11CE05633A34710C2E93C0","338745","11/3/2025 12:53:32 PM"
"C:\Users\scott\soccer-video\out\autoframe_work\cinematic\SHOT__t135.00-t145.00__x2\f_000331.jpg","C:\Users\scott\soccer-video\out\_trash\dedupe_exact\20251103_125328\out\autoframe_work\cinematic\SHOT__t135.00-t145.00__x2\f_000331.jpg","out\autoframe_work\cinematic\SHOT__t135.00-t145.00__x2\f_000331.jpg","B27D966B78A6ECE0A036CAFBFC41A73A284CD6D64C11CE05633A34710C2E93C0","338745","11/3/2025 12:53:32 PM"
"C:\Users\scott\soccer-video\out\autoframe_work\cinematic\SHOT__t135.00-t145.00__x2\f_000332.jpg","C:\Users\scott\soccer-video\out\_trash\dedupe_exact\20251103_125328\out\autoframe_work\cinematic\SHOT__t135.00-t145.00__x2\f_000332.jpg","out\autoframe_work\cinematic\SHOT__t135.00-t145.00__x2\f_000332.jpg","B27D966B78A6ECE0A036CAFBFC41A73A284CD6D64C11CE05633A34710C2E93C0","338745","11/3/2025 12:53:32 PM"
"C:\Users\scott\soccer-video\out\autoframe_work\cinematic\SHOT__t185.00-t206.00__x2\f_000677.jpg","C:\Users\scott\soccer-video\out\_trash\dedupe_exact\20251103_125328\out\autoframe_work\cinematic\SHOT__t185.00-t206.00__x2\f_000677.jpg","out\autoframe_work\cinematic\SHOT__t185.00-t206.00__x2\f_000677.jpg","B27D966B78A6ECE0A036CAFBFC41A73A284CD6D64C11CE05633A34710C2E93C0","338745","11/3/2025 12:53:32 PM"
"C:\Users\scott\soccer-video\out\autoframe_work\cinematic\SHOT__t185.00-t206.00__x2\f_000678.jpg","C:\Users\scott\soccer-video\out\_trash\dedupe_exact\20251103_125328\out\autoframe_work\cinematic\SHOT__t185.00-t206.00__x2\f_000678.jpg","out\autoframe_work\cinematic\SHOT__t185.00-t206.00__x2\f_000678.jpg","B27D966B78A6ECE0A036CAFBFC41A73A284CD6D64C11CE05633A34710C2E93C0","338745","11/3/2025 12:53:32 PM"
"C:\Users\scott\soccer-video\out\autoframe_work\cinematic\SHOT__t185.00-t206.00__x2\f_000676.jpg","C:\Users\scott\soccer-video\out\_trash\dedupe_exact\20251103_125328\out\autoframe_work\cinematic\SHOT__t185.00-t206.00__x2\f_000676.jpg","out\autoframe_work\cinematic\SHOT__t185.00-t206.00__x2\f_000676.jpg","B27D966B78A6ECE0A036CAFBFC41A73A284CD6D64C11CE05633A34710C2E93C0","338745","11/3/2025 12:53:32 PM"
"C:\Users\scott\soccer-video\out\autoframe_work\cinematic\SHOT__t185.00-t206.00__x2\f_000674.jpg","C:\Users\scott\soccer-video\out\_trash\dedupe_exact\20251103_125328\out\autoframe_work\cinematic\SHOT__t185.00-t206.00__x2\f_000674.jpg","out\autoframe_work\cinematic\SHOT__t185.00-t206.00__x2\f_000674.jpg","B27D966B78A6ECE0A036CAFBFC41A73A284CD6D64C11CE05633A34710C2E93C0","338745","11/3/2025 12:53:32 PM"
"C:\Users\scott\soccer-video\out\autoframe_work\cinematic\SHOT__t185.00-t206.00__x2\f_000675.jpg","C:\Users\scott\soccer-video\out\_trash\dedupe_exact\20251103_125328\out\autoframe_work\cinematic\SHOT__t185.00-t206.00__x2\f_000675.jpg","out\autoframe_work\cinematic\SHOT__t185.00-t206.00__x2\f_000675.jpg","B27D966B78A6ECE0A036CAFBFC41A73A284CD6D64C11CE05633A34710C2E93C0","338745","11/3/2025 12:53:32 PM"
"C:\Users\scott\soccer-video\out\autoframe_work\cinematic\SHOT__t185.00-t206.00__x2\f_000679.jpg","C:\Users\scott\soccer-video\out\_trash\dedupe_exact\20251103_125328\out\autoframe_work\cinematic\SHOT__t185.00-t206.00__x2\f_000679.jpg","out\autoframe_work\cinematic\SHOT__t185.00-t206.00__x2\f_000679.jpg","B27D966B78A6ECE0A036CAFBFC41A73A284CD6D64C11CE05633A34710C2E93C0","338745","11/3/2025 12:53:32 PM"
"C:\Users\scott\soccer-video\out\autoframe_work\cinematic\SHOT__t185.00-t206.00__x2\f_000683.jpg","C:\Users\scott\soccer-video\out\_trash\dedupe_exact\20251103_125328\out\autoframe_work\cinematic\SHOT__t185.00-t206.00__x2\f_000683.jpg","out\autoframe_work\cinematic\SHOT__t185.00-t206.00__x2\f_000683.jpg","B27D966B78A6ECE0A036CAFBFC41A73A284CD6D64C11CE05633A34710C2E93C0","338745","11/3/2025 12:53:32 PM"
"C:\Users\scott\soccer-video\out\autoframe_work\cinematic\SHOT__t185.00-t206.00__x2\f_000684.jpg","C:\Users\scott\soccer-video\out\_trash\dedupe_exact\20251103_125328\out\autoframe_work\cinematic\SHOT__t185.00-t206.00__x2\f_000684.jpg","out\autoframe_work\cinematic\SHOT__t185.00-t206.00__x2\f_000684.jpg","B27D966B78A6ECE0A036CAFBFC41A73A284CD6D64C11CE05633A34710C2E93C0","338745","11/3/2025 12:53:32 PM"
"C:\Users\scott\soccer-video\out\autoframe_work\cinematic\SHOT__t185.00-t206.00__x2\f_000682.jpg","C:\Users\scott\soccer-video\out\_trash\dedupe_exact\20251103_125328\out\autoframe_work\cinematic\SHOT__t185.00-t206.00__x2\f_000682.jpg","out\autoframe_work\cinematic\SHOT__t185.00-t206.00__x2\f_000682.jpg","B27D966B78A6ECE0A036CAFBFC41A73A284CD6D64C11CE05633A34710C2E93C0","338745","11/3/2025 12:53:32 PM"
"C:\Users\scott\soccer-video\out\autoframe_work\cinematic\SHOT__t185.00-t206.00__x2\f_000680.jpg","C:\Users\scott\soccer-video\out\_trash\dedupe_exact\20251103_125328\out\autoframe_work\cinematic\SHOT__t185.00-t206.00__x2\f_000680.jpg","out\autoframe_work\cinematic\SHOT__t185.00-t206.00__x2\f_000680.jpg","B27D966B78A6ECE0A036CAFBFC41A73A284CD6D64C11CE05633A34710C2E93C0","338745","11/3/2025 12:53:32 PM"
"C:\Users\scott\soccer-video\out\autoframe_work\cinematic\SHOT__t185.00-t206.00__x2\f_000681.jpg","C:\Users\scott\soccer-video\out\_trash\dedupe_exact\20251103_125328\out\autoframe_work\cinematic\SHOT__t185.00-t206.00__x2\f_000681.jpg","out\autoframe_work\cinematic\SHOT__t185.00-t206.00__x2\f_000681.jpg","B27D966B78A6ECE0A036CAFBFC41A73A284CD6D64C11CE05633A34710C2E93C0","338745","11/3/2025 12:53:32 PM"
"C:\Users\scott\soccer-video\out\autoframe_work\cinematic\SHOT__t135.00-t145.00__x2\f_000336.jpg","C:\Users\scott\soccer-video\out\_trash\dedupe_exact\20251103_125328\out\autoframe_work\cinematic\SHOT__t135.00-t145.00__x2\f_000336.jpg","out\autoframe_work\cinematic\SHOT__t135.00-t145.00__x2\f_000336.jpg","B27D966B78A6ECE0A036CAFBFC41A73A284CD6D64C11CE05633A34710C2E93C0","338745","11/3/2025 12:53:32 PM"
"C:\Users\scott\soccer-video\out\autoframe_work\cinematic\SHOT__t135.00-t145.00__x2\f_000351.jpg","C:\Users\scott\soccer-video\out\_trash\dedupe_exact\20251103_125328\out\autoframe_work\cinematic\SHOT__t135.00-t145.00__x2\f_000351.jpg","out\autoframe_work\cinematic\SHOT__t135.00-t145.00__x2\f_000351.jpg","B27D966B78A6ECE0A036CAFBFC41A73A284CD6D64C11CE05633A34710C2E93C0","338745","11/3/2025 12:53:32 PM"
"C:\Users\scott\soccer-video\out\autoframe_work\cinematic\SHOT__t135.00-t145.00__x2\f_000352.jpg","C:\Users\scott\soccer-video\out\_trash\dedupe_exact\20251103_125328\out\autoframe_work\cinematic\SHOT__t135.00-t145.00__x2\f_000352.jpg","out\autoframe_work\cinematic\SHOT__t135.00-t145.00__x2\f_000352.jpg","B27D966B78A6ECE0A036CAFBFC41A73A284CD6D64C11CE05633A34710C2E93C0","338745","11/3/2025 12:53:32 PM"
"C:\Users\scott\soccer-video\out\autoframe_work\cinematic\SHOT__t135.00-t145.00__x2\f_000350.jpg","C:\Users\scott\soccer-video\out\_trash\dedupe_exact\20251103_125328\out\autoframe_work\cinematic\SHOT__t135.00-t145.00__x2\f_000350.jpg","out\autoframe_work\cinematic\SHOT__t135.00-t145.00__x2\f_000350.jpg","B27D966B78A6ECE0A036CAFBFC41A73A284CD6D64C11CE05633A34710C2E93C0","338745","11/3/2025 12:53:32 PM"
"C:\Users\scott\soccer-video\out\autoframe_work\cinematic\SHOT__t135.00-t145.00__x2\f_000348.jpg","C:\Users\scott\soccer-video\out\_trash\dedupe_exact\20251103_125328\out\autoframe_work\cinematic\SHOT__t135.00-t145.00__x2\f_000348.jpg","out\autoframe_work\cinematic\SHOT__t135.00-t145.00__x2\f_000348.jpg","B27D966B78A6ECE0A036CAFBFC41A73A284CD6D64C11CE05633A34710C2E93C0","338745","11/3/2025 12:53:32 PM"
"C:\Users\scott\soccer-video\out\autoframe_work\cinematic\SHOT__t135.00-t145.00__x2\f_000349.jpg","C:\Users\scott\soccer-video\out\_trash\dedupe_exact\20251103_125328\out\autoframe_work\cinematic\SHOT__t135.00-t145.00__x2\f_000349.jpg","out\autoframe_work\cinematic\SHOT__t135.00-t145.00__x2\f_000349.jpg","B27D966B78A6ECE0A036CAFBFC41A73A284CD6D64C11CE05633A34710C2E93C0","338745","11/3/2025 12:53:32 PM"
"C:\Users\scott\soccer-video\out\autoframe_work\cinematic\SHOT__t135.00-t145.00__x2\f_000353.jpg","C:\Users\scott\soccer-video\out\_trash\dedupe_exact\20251103_125328\out\autoframe_work\cinematic\SHOT__t135.00-t145.00__x2\f_000353.jpg","out\autoframe_work\cinematic\SHOT__t135.00-t145.00__x2\f_000353.jpg","B27D966B78A6ECE0A036CAFBFC41A73A284CD6D64C11CE05633A34710C2E93C0","338745","11/3/2025 12:53:32 PM"
"C:\Users\scott\soccer-video\out\autoframe_work\cinematic\SHOT__t135.00-t145.00__x2\f_000357.jpg","C:\Users\scott\soccer-video\out\_trash\dedupe_exact\20251103_125328\out\autoframe_work\cinematic\SHOT__t135.00-t145.00__x2\f_000357.jpg","out\autoframe_work\cinematic\SHOT__t135.00-t145.00__x2\f_000357.jpg","B27D966B78A6ECE0A036CAFBFC41A73A284CD6D64C11CE05633A34710C2E93C0","338745","11/3/2025 12:53:32 PM"
"C:\Users\scott\soccer-video\out\autoframe_work\cinematic\SHOT__t185.00-t206.00__x2\f_000643.jpg","C:\Users\scott\soccer-video\out\_trash\dedupe_exact\20251103_125328\out\autoframe_work\cinematic\SHOT__t185.00-t206.00__x2\f_000643.jpg","out\autoframe_work\cinematic\SHOT__t185.00-t206.00__x2\f_000643.jpg","B27D966B78A6ECE0A036CAFBFC41A73A284CD6D64C11CE05633A34710C2E93C0","338745","11/3/2025 12:53:32 PM"
"C:\Users\scott\soccer-video\out\autoframe_work\cinematic\SHOT__t135.00-t145.00__x2\f_000356.jpg","C:\Users\scott\soccer-video\out\_trash\dedupe_exact\20251103_125328\out\autoframe_work\cinematic\SHOT__t135.00-t145.00__x2\f_000356.jpg","out\autoframe_work\cinematic\SHOT__t135.00-t145.00__x2\f_000356.jpg","B27D966B78A6ECE0A036CAFBFC41A73A284CD6D64C11CE05633A34710C2E93C0","338745","11/3/2025 12:53:32 PM"
"C:\Users\scott\soccer-video\out\autoframe_work\cinematic\SHOT__t135.00-t145.00__x2\f_000354.jpg","C:\Users\scott\soccer-video\out\_trash\dedupe_exact\20251103_125328\out\autoframe_work\cinematic\SHOT__t135.00-t145.00__x2\f_000354.jpg","out\autoframe_work\cinematic\SHOT__t135.00-t145.00__x2\f_000354.jpg","B27D966B78A6ECE0A036CAFBFC41A73A284CD6D64C11CE05633A34710C2E93C0","338745","11/3/2025 12:53:32 PM"
"C:\Users\scott\soccer-video\out\autoframe_work\cinematic\SHOT__t135.00-t145.00__x2\f_000355.jpg","C:\Users\scott\soccer-video\out\_trash\dedupe_exact\20251103_125328\out\autoframe_work\cinematic\SHOT__t135.00-t145.00__x2\f_000355.jpg","out\autoframe_work\cinematic\SHOT__t135.00-t145.00__x2\f_000355.jpg","B27D966B78A6ECE0A036CAFBFC41A73A284CD6D64C11CE05633A34710C2E93C0","338745","11/3/2025 12:53:32 PM"
"C:\Users\scott\soccer-video\out\autoframe_work\cinematic\SHOT__t135.00-t145.00__x2\f_000340.jpg","C:\Users\scott\soccer-video\out\_trash\dedupe_exact\20251103_125328\out\autoframe_work\cinematic\SHOT__t135.00-t145.00__x2\f_000340.jpg","out\autoframe_work\cinematic\SHOT__t135.00-t145.00__x2\f_000340.jpg","B27D966B78A6ECE0A036CAFBFC41A73A284CD6D64C11CE05633A34710C2E93C0","338745","11/3/2025 12:53:32 PM"
"C:\Users\scott\soccer-video\out\autoframe_work\cinematic\SHOT__t135.00-t145.00__x2\f_000341.jpg","C:\Users\scott\soccer-video\out\_trash\dedupe_exact\20251103_125328\out\autoframe_work\cinematic\SHOT__t135.00-t145.00__x2\f_000341.jpg","out\autoframe_work\cinematic\SHOT__t135.00-t145.00__x2\f_000341.jpg","B27D966B78A6ECE0A036CAFBFC41A73A284CD6D64C11CE05633A34710C2E93C0","338745","11/3/2025 12:53:32 PM"
"C:\Users\scott\soccer-video\out\autoframe_work\cinematic\SHOT__t135.00-t145.00__x2\f_000339.jpg","C:\Users\scott\soccer-video\out\_trash\dedupe_exact\20251103_125328\out\autoframe_work\cinematic\SHOT__t135.00-t145.00__x2\f_000339.jpg","out\autoframe_work\cinematic\SHOT__t135.00-t145.00__x2\f_000339.jpg","B27D966B78A6ECE0A036CAFBFC41A73A284CD6D64C11CE05633A34710C2E93C0","338745","11/3/2025 12:53:32 PM"
"C:\Users\scott\soccer-video\out\autoframe_work\cinematic\SHOT__t135.00-t145.00__x2\f_000337.jpg","C:\Users\scott\soccer-video\out\_trash\dedupe_exact\20251103_125328\out\autoframe_work\cinematic\SHOT__t135.00-t145.00__x2\f_000337.jpg","out\autoframe_work\cinematic\SHOT__t135.00-t145.00__x2\f_000337.jpg","B27D966B78A6ECE0A036CAFBFC41A73A284CD6D64C11CE05633A34710C2E93C0","338745","11/3/2025 12:53:32 PM"
"C:\Users\scott\soccer-video\out\autoframe_work\cinematic\SHOT__t135.00-t145.00__x2\f_000338.jpg","C:\Users\scott\soccer-video\out\_trash\dedupe_exact\20251103_125328\out\autoframe_work\cinematic\SHOT__t135.00-t145.00__x2\f_000338.jpg","out\autoframe_work\cinematic\SHOT__t135.00-t145.00__x2\f_000338.jpg","B27D966B78A6ECE0A036CAFBFC41A73A284CD6D64C11CE05633A34710C2E93C0","338745","11/3/2025 12:53:32 PM"
"C:\Users\scott\soccer-video\out\autoframe_work\cinematic\SHOT__t135.00-t145.00__x2\f_000342.jpg","C:\Users\scott\soccer-video\out\_trash\dedupe_exact\20251103_125328\out\autoframe_work\cinematic\SHOT__t135.00-t145.00__x2\f_000342.jpg","out\autoframe_work\cinematic\SHOT__t135.00-t145.00__x2\f_000342.jpg","B27D966B78A6ECE0A036CAFBFC41A73A284CD6D64C11CE05633A34710C2E93C0","338745","11/3/2025 12:53:32 PM"
"C:\Users\scott\soccer-video\out\autoframe_work\cinematic\SHOT__t135.00-t145.00__x2\f_000346.jpg","C:\Users\scott\soccer-video\out\_trash\dedupe_exact\20251103_125328\out\autoframe_work\cinematic\SHOT__t135.00-t145.00__x2\f_000346.jpg","out\autoframe_work\cinematic\SHOT__t135.00-t145.00__x2\f_000346.jpg","B27D966B78A6ECE0A036CAFBFC41A73A284CD6D64C11CE05633A34710C2E93C0","338745","11/3/2025 12:53:32 PM"
"C:\Users\scott\soccer-video\out\autoframe_work\cinematic\SHOT__t135.00-t145.00__x2\f_000347.jpg","C:\Users\scott\soccer-video\out\_trash\dedupe_exact\20251103_125328\out\autoframe_work\cinematic\SHOT__t135.00-t145.00__x2\f_000347.jpg","out\autoframe_work\cinematic\SHOT__t135.00-t145.00__x2\f_000347.jpg","B27D966B78A6ECE0A036CAFBFC41A73A284CD6D64C11CE05633A34710C2E93C0","338745","11/3/2025 12:53:32 PM"
"C:\Users\scott\soccer-video\out\autoframe_work\cinematic\SHOT__t135.00-t145.00__x2\f_000345.jpg","C:\Users\scott\soccer-video\out\_trash\dedupe_exact\20251103_125328\out\autoframe_work\cinematic\SHOT__t135.00-t145.00__x2\f_000345.jpg","out\autoframe_work\cinematic\SHOT__t135.00-t145.00__x2\f_000345.jpg","B27D966B78A6ECE0A036CAFBFC41A73A284CD6D64C11CE05633A34710C2E93C0","338745","11/3/2025 12:53:32 PM"
"C:\Users\scott\soccer-video\out\autoframe_work\cinematic\SHOT__t135.00-t145.00__x2\f_000343.jpg","C:\Users\scott\soccer-video\out\_trash\dedupe_exact\20251103_125328\out\autoframe_work\cinematic\SHOT__t135.00-t145.00__x2\f_000343.jpg","out\autoframe_work\cinematic\SHOT__t135.00-t145.00__x2\f_000343.jpg","B27D966B78A6ECE0A036CAFBFC41A73A284CD6D64C11CE05633A34710C2E93C0","338745","11/3/2025 12:53:32 PM"
"C:\Users\scott\soccer-video\out\autoframe_work\cinematic\SHOT__t135.00-t145.00__x2\f_000344.jpg","C:\Users\scott\soccer-video\out\_trash\dedupe_exact\20251103_125328\out\autoframe_work\cinematic\SHOT__t135.00-t145.00__x2\f_000344.jpg","out\autoframe_work\cinematic\SHOT__t135.00-t145.00__x2\f_000344.jpg","B27D966B78A6ECE0A036CAFBFC41A73A284CD6D64C11CE05633A34710C2E93C0","338745","11/3/2025 12:53:32 PM"
"C:\Users\scott\soccer-video\out\autoframe_work\cinematic\SHOT__t135.00-t145.00__x2\f_000301.jpg","C:\Users\scott\soccer-video\out\_trash\dedupe_exact\20251103_125328\out\autoframe_work\cinematic\SHOT__t135.00-t145.00__x2\f_000301.jpg","out\autoframe_work\cinematic\SHOT__t135.00-t145.00__x2\f_000301.jpg","B27D966B78A6ECE0A036CAFBFC41A73A284CD6D64C11CE05633A34710C2E93C0","338745","11/3/2025 12:53:32 PM"
"C:\Users\scott\soccer-video\out\autoframe_work\cinematic\SHOT__t135.00-t145.00__x2\f_000302.jpg","C:\Users\scott\soccer-video\out\_trash\dedupe_exact\20251103_125328\out\autoframe_work\cinematic\SHOT__t135.00-t145.00__x2\f_000302.jpg","out\autoframe_work\cinematic\SHOT__t135.00-t145.00__x2\f_000302.jpg","B27D966B78A6ECE0A036CAFBFC41A73A284CD6D64C11CE05633A34710C2E93C0","338745","11/3/2025 12:53:32 PM"
"C:\Users\scott\soccer-video\out\autoframe_work\cinematic\SHOT__t135.00-t145.00__x2\f_000327.jpg","C:\Users\scott\soccer-video\out\_trash\dedupe_exact\20251103_125328\out\autoframe_work\cinematic\SHOT__t135.00-t145.00__x2\f_000327.jpg","out\autoframe_work\cinematic\SHOT__t135.00-t145.00__x2\f_000327.jpg","B27D966B78A6ECE0A036CAFBFC41A73A284CD6D64C11CE05633A34710C2E93C0","338745","11/3/2025 12:53:32 PM"
"C:\Users\scott\soccer-video\out\autoframe_work\cinematic\SHOT__t135.00-t145.00__x2\f_000300.jpg","C:\Users\scott\soccer-video\out\_trash\dedupe_exact\20251103_125328\out\autoframe_work\cinematic\SHOT__t135.00-t145.00__x2\f_000300.jpg","out\autoframe_work\cinematic\SHOT__t135.00-t145.00__x2\f_000300.jpg","B27D966B78A6ECE0A036CAFBFC41A73A284CD6D64C11CE05633A34710C2E93C0","338745","11/3/2025 12:53:32 PM"
"C:\Users\scott\soccer-video\out\autoframe_work\cinematic\SHOT__t135.00-t145.00__x2\f_000303.jpg","C:\Users\scott\soccer-video\out\_trash\dedupe_exact\20251103_125328\out\autoframe_work\cinematic\SHOT__t135.00-t145.00__x2\f_000303.jpg","out\autoframe_work\cinematic\SHOT__t135.00-t145.00__x2\f_000303.jpg","B27D966B78A6ECE0A036CAFBFC41A73A284CD6D64C11CE05633A34710C2E93C0","338745","11/3/2025 12:53:32 PM"
"C:\Users\scott\soccer-video\out\autoframe_work\cinematic\SHOT__t135.00-t145.00__x2\f_000306.jpg","C:\Users\scott\soccer-video\out\_trash\dedupe_exact\20251103_125328\out\autoframe_work\cinematic\SHOT__t135.00-t145.00__x2\f_000306.jpg","out\autoframe_work\cinematic\SHOT__t135.00-t145.00__x2\f_000306.jpg","B27D966B78A6ECE0A036CAFBFC41A73A284CD6D64C11CE05633A34710C2E93C0","338745","11/3/2025 12:53:32 PM"
"C:\Users\scott\soccer-video\out\autoframe_work\cinematic\SHOT__t135.00-t145.00__x2\f_000307.jpg","C:\Users\scott\soccer-video\out\_trash\dedupe_exact\20251103_125328\out\autoframe_work\cinematic\SHOT__t135.00-t145.00__x2\f_000307.jpg","out\autoframe_work\cinematic\SHOT__t135.00-t145.00__x2\f_000307.jpg","B27D966B78A6ECE0A036CAFBFC41A73A284CD6D64C11CE05633A34710C2E93C0","338745","11/3/2025 12:53:32 PM"
"C:\Users\scott\soccer-video\out\autoframe_work\cinematic\SHOT__t135.00-t145.00__x2\f_000304.jpg","C:\Users\scott\soccer-video\out\_trash\dedupe_exact\20251103_125328\out\autoframe_work\cinematic\SHOT__t135.00-t145.00__x2\f_000304.jpg","out\autoframe_work\cinematic\SHOT__t135.00-t145.00__x2\f_000304.jpg","B27D966B78A6ECE0A036CAFBFC41A73A284CD6D64C11CE05633A34710C2E93C0","338745","11/3/2025 12:53:32 PM"
"C:\Users\scott\soccer-video\out\autoframe_work\cinematic\SHOT__t135.00-t145.00__x2\f_000305.jpg","C:\Users\scott\soccer-video\out\_trash\dedupe_exact\20251103_125328\out\autoframe_work\cinematic\SHOT__t135.00-t145.00__x2\f_000305.jpg","out\autoframe_work\cinematic\SHOT__t135.00-t145.00__x2\f_000305.jpg","B27D966B78A6ECE0A036CAFBFC41A73A284CD6D64C11CE05633A34710C2E93C0","338745","11/3/2025 12:53:32 PM"
"C:\Users\scott\soccer-video\out\autoframe_work\cinematic\SHOT__t185.00-t206.00__x2\f_000634.jpg","C:\Users\scott\soccer-video\out\_trash\dedupe_exact\20251103_125328\out\autoframe_work\cinematic\SHOT__t185.00-t206.00__x2\f_000634.jpg","out\autoframe_work\cinematic\SHOT__t185.00-t206.00__x2\f_000634.jpg","B27D966B78A6ECE0A036CAFBFC41A73A284CD6D64C11CE05633A34710C2E93C0","338745","11/3/2025 12:53:32 PM"
"C:\Users\scott\soccer-video\out\autoframe_work\cinematic\SHOT__t185.00-t206.00__x2\f_000633.jpg","C:\Users\scott\soccer-video\out\_trash\dedupe_exact\20251103_125328\out\autoframe_work\cinematic\SHOT__t185.00-t206.00__x2\f_000633.jpg","out\autoframe_work\cinematic\SHOT__t185.00-t206.00__x2\f_000633.jpg","B27D966B78A6ECE0A036CAFBFC41A73A284CD6D64C11CE05633A34710C2E93C0","338745","11/3/2025 12:53:32 PM"
"C:\Users\scott\soccer-video\out\autoframe_work\cinematic\SHOT__t185.00-t206.00__x2\f_000636.jpg","C:\Users\scott\soccer-video\out\_trash\dedupe_exact\20251103_125328\out\autoframe_work\cinematic\SHOT__t185.00-t206.00__x2\f_000636.jpg","out\autoframe_work\cinematic\SHOT__t185.00-t206.00__x2\f_000636.jpg","B27D966B78A6ECE0A036CAFBFC41A73A284CD6D64C11CE05633A34710C2E93C0","338745","11/3/2025 12:53:32 PM"
"C:\Users\scott\soccer-video\out\autoframe_work\cinematic\SHOT__t185.00-t206.00__x2\f_000635.jpg","C:\Users\scott\soccer-video\out\_trash\dedupe_exact\20251103_125328\out\autoframe_work\cinematic\SHOT__t185.00-t206.00__x2\f_000635.jpg","out\autoframe_work\cinematic\SHOT__t185.00-t206.00__x2\f_000635.jpg","B27D966B78A6ECE0A036CAFBFC41A73A284CD6D64C11CE05633A34710C2E93C0","338745","11/3/2025 12:53:32 PM"
"C:\Users\scott\soccer-video\out\autoframe_work\cinematic\SHOT__t185.00-t206.00__x2\f_000632.jpg","C:\Users\scott\soccer-video\out\_trash\dedupe_exact\20251103_125328\out\autoframe_work\cinematic\SHOT__t185.00-t206.00__x2\f_000632.jpg","out\autoframe_work\cinematic\SHOT__t185.00-t206.00__x2\f_000632.jpg","B27D966B78A6ECE0A036CAFBFC41A73A284CD6D64C11CE05633A34710C2E93C0","338745","11/3/2025 12:53:32 PM"
"C:\Users\scott\soccer-video\out\autoframe_work\cinematic\SHOT__t135.00-t145.00__x2\f_000359.jpg","C:\Users\scott\soccer-video\out\_trash\dedupe_exact\20251103_125328\out\autoframe_work\cinematic\SHOT__t135.00-t145.00__x2\f_000359.jpg","out\autoframe_work\cinematic\SHOT__t135.00-t145.00__x2\f_000359.jpg","B27D966B78A6ECE0A036CAFBFC41A73A284CD6D64C11CE05633A34710C2E93C0","338745","11/3/2025 12:53:32 PM"
"C:\Users\scott\soccer-video\out\autoframe_work\cinematic\SHOT__t135.00-t145.00__x2\f_000358.jpg","C:\Users\scott\soccer-video\out\_trash\dedupe_exact\20251103_125328\out\autoframe_work\cinematic\SHOT__t135.00-t145.00__x2\f_000358.jpg","out\autoframe_work\cinematic\SHOT__t135.00-t145.00__x2\f_000358.jpg","B27D966B78A6ECE0A036CAFBFC41A73A284CD6D64C11CE05633A34710C2E93C0","338745","11/3/2025 12:53:32 PM"
"C:\Users\scott\soccer-video\out\autoframe_work\cinematic\SHOT__t185.00-t206.00__x2\f_000631.jpg","C:\Users\scott\soccer-video\out\_trash\dedupe_exact\20251103_125328\out\autoframe_work\cinematic\SHOT__t185.00-t206.00__x2\f_000631.jpg","out\autoframe_work\cinematic\SHOT__t185.00-t206.00__x2\f_000631.jpg","B27D966B78A6ECE0A036CAFBFC41A73A284CD6D64C11CE05633A34710C2E93C0","338745","11/3/2025 12:53:32 PM"
"C:\Users\scott\soccer-video\out\autoframe_work\cinematic\SHOT__t185.00-t206.00__x2\f_000630.jpg","C:\Users\scott\soccer-video\out\_trash\dedupe_exact\20251103_125328\out\autoframe_work\cinematic\SHOT__t185.00-t206.00__x2\f_000630.jpg","out\autoframe_work\cinematic\SHOT__t185.00-t206.00__x2\f_000630.jpg","B27D966B78A6ECE0A036CAFBFC41A73A284CD6D64C11CE05633A34710C2E93C0","338745","11/3/2025 12:53:32 PM"
"C:\Users\scott\soccer-video\out\autoframe_work\cinematic\SHOT__t135.00-t145.00__x2\f_000308.jpg","C:\Users\scott\soccer-video\out\_trash\dedupe_exact\20251103_125328\out\autoframe_work\cinematic\SHOT__t135.00-t145.00__x2\f_000308.jpg","out\autoframe_work\cinematic\SHOT__t135.00-t145.00__x2\f_000308.jpg","B27D966B78A6ECE0A036CAFBFC41A73A284CD6D64C11CE05633A34710C2E93C0","338745","11/3/2025 12:53:32 PM"
"C:\Users\scott\soccer-video\out\autoframe_work\cinematic\SHOT__t135.00-t145.00__x2\f_000320.jpg","C:\Users\scott\soccer-video\out\_trash\dedupe_exact\20251103_125328\out\autoframe_work\cinematic\SHOT__t135.00-t145.00__x2\f_000320.jpg","out\autoframe_work\cinematic\SHOT__t135.00-t145.00__x2\f_000320.jpg","B27D966B78A6ECE0A036CAFBFC41A73A284CD6D64C11CE05633A34710C2E93C0","338745","11/3/2025 12:53:32 PM"
"C:\Users\scott\soccer-video\out\autoframe_work\cinematic\SHOT__t135.00-t145.00__x2\f_000321.jpg","C:\Users\scott\soccer-video\out\_trash\dedupe_exact\20251103_125328\out\autoframe_work\cinematic\SHOT__t135.00-t145.00__x2\f_000321.jpg","out\autoframe_work\cinematic\SHOT__t135.00-t145.00__x2\f_000321.jpg","B27D966B78A6ECE0A036CAFBFC41A73A284CD6D64C11CE05633A34710C2E93C0","338745","11/3/2025 12:53:32 PM"
"C:\Users\scott\soccer-video\out\autoframe_work\cinematic\SHOT__t135.00-t145.00__x2\f_000318.jpg","C:\Users\scott\soccer-video\out\_trash\dedupe_exact\20251103_125328\out\autoframe_work\cinematic\SHOT__t135.00-t145.00__x2\f_000318.jpg","out\autoframe_work\cinematic\SHOT__t135.00-t145.00__x2\f_000318.jpg","B27D966B78A6ECE0A036CAFBFC41A73A284CD6D64C11CE05633A34710C2E93C0","338745","11/3/2025 12:53:32 PM"
"C:\Users\scott\soccer-video\out\autoframe_work\cinematic\SHOT__t135.00-t145.00__x2\f_000319.jpg","C:\Users\scott\soccer-video\out\_trash\dedupe_exact\20251103_125328\out\autoframe_work\cinematic\SHOT__t135.00-t145.00__x2\f_000319.jpg","out\autoframe_work\cinematic\SHOT__t135.00-t145.00__x2\f_000319.jpg","B27D966B78A6ECE0A036CAFBFC41A73A284CD6D64C11CE05633A34710C2E93C0","338745","11/3/2025 12:53:32 PM"
"C:\Users\scott\soccer-video\out\autoframe_work\cinematic\SHOT__t135.00-t145.00__x2\f_000322.jpg","C:\Users\scott\soccer-video\out\_trash\dedupe_exact\20251103_125328\out\autoframe_work\cinematic\SHOT__t135.00-t145.00__x2\f_000322.jpg","out\autoframe_work\cinematic\SHOT__t135.00-t145.00__x2\f_000322.jpg","B27D966B78A6ECE0A036CAFBFC41A73A284CD6D64C11CE05633A34710C2E93C0","338745","11/3/2025 12:53:32 PM"
"C:\Users\scott\soccer-video\out\autoframe_work\cinematic\SHOT__t135.00-t145.00__x2\f_000325.jpg","C:\Users\scott\soccer-video\out\_trash\dedupe_exact\20251103_125328\out\autoframe_work\cinematic\SHOT__t135.00-t145.00__x2\f_000325.jpg","out\autoframe_work\cinematic\SHOT__t135.00-t145.00__x2\f_000325.jpg","B27D966B78A6ECE0A036CAFBFC41A73A284CD6D64C11CE05633A34710C2E93C0","338745","11/3/2025 12:53:32 PM"
"C:\Users\scott\soccer-video\out\autoframe_work\cinematic\SHOT__t135.00-t145.00__x2\f_000326.jpg","C:\Users\scott\soccer-video\out\_trash\dedupe_exact\20251103_125328\out\autoframe_work\cinematic\SHOT__t135.00-t145.00__x2\f_000326.jpg","out\autoframe_work\cinematic\SHOT__t135.00-t145.00__x2\f_000326.jpg","B27D966B78A6ECE0A036CAFBFC41A73A284CD6D64C11CE05633A34710C2E93C0","338745","11/3/2025 12:53:32 PM"
"C:\Users\scott\soccer-video\out\autoframe_work\cinematic\SHOT__t135.00-t145.00__x2\f_000323.jpg","C:\Users\scott\soccer-video\out\_trash\dedupe_exact\20251103_125328\out\autoframe_work\cinematic\SHOT__t135.00-t145.00__x2\f_000323.jpg","out\autoframe_work\cinematic\SHOT__t135.00-t145.00__x2\f_000323.jpg","B27D966B78A6ECE0A036CAFBFC41A73A284CD6D64C11CE05633A34710C2E93C0","338745","11/3/2025 12:53:32 PM"
"C:\Users\scott\soccer-video\out\autoframe_work\cinematic\SHOT__t135.00-t145.00__x2\f_000324.jpg","C:\Users\scott\soccer-video\out\_trash\dedupe_exact\20251103_125328\out\autoframe_work\cinematic\SHOT__t135.00-t145.00__x2\f_000324.jpg","out\autoframe_work\cinematic\SHOT__t135.00-t145.00__x2\f_000324.jpg","B27D966B78A6ECE0A036CAFBFC41A73A284CD6D64C11CE05633A34710C2E93C0","338745","11/3/2025 12:53:32 PM"
"C:\Users\scott\soccer-video\out\autoframe_work\cinematic\SHOT__t135.00-t145.00__x2\f_000311.jpg","C:\Users\scott\soccer-video\out\_trash\dedupe_exact\20251103_125328\out\autoframe_work\cinematic\SHOT__t135.00-t145.00__x2\f_000311.jpg","out\autoframe_work\cinematic\SHOT__t135.00-t145.00__x2\f_000311.jpg","B27D966B78A6ECE0A036CAFBFC41A73A284CD6D64C11CE05633A34710C2E93C0","338745","11/3/2025 12:53:32 PM"
"C:\Users\scott\soccer-video\out\autoframe_work\cinematic\SHOT__t135.00-t145.00__x2\f_000312.jpg","C:\Users\scott\soccer-video\out\_trash\dedupe_exact\20251103_125328\out\autoframe_work\cinematic\SHOT__t135.00-t145.00__x2\f_000312.jpg","out\autoframe_work\cinematic\SHOT__t135.00-t145.00__x2\f_000312.jpg","B27D966B78A6ECE0A036CAFBFC41A73A284CD6D64C11CE05633A34710C2E93C0","338745","11/3/2025 12:53:32 PM"
"C:\Users\scott\soccer-video\out\autoframe_work\cinematic\SHOT__t135.00-t145.00__x2\f_000309.jpg","C:\Users\scott\soccer-video\out\_trash\dedupe_exact\20251103_125328\out\autoframe_work\cinematic\SHOT__t135.00-t145.00__x2\f_000309.jpg","out\autoframe_work\cinematic\SHOT__t135.00-t145.00__x2\f_000309.jpg","B27D966B78A6ECE0A036CAFBFC41A73A284CD6D64C11CE05633A34710C2E93C0","338745","11/3/2025 12:53:32 PM"
"C:\Users\scott\soccer-video\out\autoframe_work\cinematic\SHOT__t135.00-t145.00__x2\f_000310.jpg","C:\Users\scott\soccer-video\out\_trash\dedupe_exact\20251103_125328\out\autoframe_work\cinematic\SHOT__t135.00-t145.00__x2\f_000310.jpg","out\autoframe_work\cinematic\SHOT__t135.00-t145.00__x2\f_000310.jpg","B27D966B78A6ECE0A036CAFBFC41A73A284CD6D64C11CE05633A34710C2E93C0","338745","11/3/2025 12:53:32 PM"
"C:\Users\scott\soccer-video\out\autoframe_work\cinematic\SHOT__t135.00-t145.00__x2\f_000313.jpg","C:\Users\scott\soccer-video\out\_trash\dedupe_exact\20251103_125328\out\autoframe_work\cinematic\SHOT__t135.00-t145.00__x2\f_000313.jpg","out\autoframe_work\cinematic\SHOT__t135.00-t145.00__x2\f_000313.jpg","B27D966B78A6ECE0A036CAFBFC41A73A284CD6D64C11CE05633A34710C2E93C0","338745","11/3/2025 12:53:32 PM"
"C:\Users\scott\soccer-video\out\autoframe_work\cinematic\SHOT__t135.00-t145.00__x2\f_000316.jpg","C:\Users\scott\soccer-video\out\_trash\dedupe_exact\20251103_125328\out\autoframe_work\cinematic\SHOT__t135.00-t145.00__x2\f_000316.jpg","out\autoframe_work\cinematic\SHOT__t135.00-t145.00__x2\f_000316.jpg","B27D966B78A6ECE0A036CAFBFC41A73A284CD6D64C11CE05633A34710C2E93C0","338745","11/3/2025 12:53:32 PM"
"C:\Users\scott\soccer-video\out\autoframe_work\cinematic\SHOT__t135.00-t145.00__x2\f_000317.jpg","C:\Users\scott\soccer-video\out\_trash\dedupe_exact\20251103_125328\out\autoframe_work\cinematic\SHOT__t135.00-t145.00__x2\f_000317.jpg","out\autoframe_work\cinematic\SHOT__t135.00-t145.00__x2\f_000317.jpg","B27D966B78A6ECE0A036CAFBFC41A73A284CD6D64C11CE05633A34710C2E93C0","338745","11/3/2025 12:53:32 PM"
"C:\Users\scott\soccer-video\out\autoframe_work\cinematic\SHOT__t135.00-t145.00__x2\f_000314.jpg","C:\Users\scott\soccer-video\out\_trash\dedupe_exact\20251103_125328\out\autoframe_work\cinematic\SHOT__t135.00-t145.00__x2\f_000314.jpg","out\autoframe_work\cinematic\SHOT__t135.00-t145.00__x2\f_000314.jpg","B27D966B78A6ECE0A036CAFBFC41A73A284CD6D64C11CE05633A34710C2E93C0","338745","11/3/2025 12:53:32 PM"
"C:\Users\scott\soccer-video\out\autoframe_work\cinematic\SHOT__t135.00-t145.00__x2\f_000315.jpg","C:\Users\scott\soccer-video\out\_trash\dedupe_exact\20251103_125328\out\autoframe_work\cinematic\SHOT__t135.00-t145.00__x2\f_000315.jpg","out\autoframe_work\cinematic\SHOT__t135.00-t145.00__x2\f_000315.jpg","B27D966B78A6ECE0A036CAFBFC41A73A284CD6D64C11CE05633A34710C2E93C0","338745","11/3/2025 12:53:32 PM"
"C:\Users\scott\soccer-video\out\autoframe_work\cinematic\SHOT__t185.00-t206.00__x2\f_000662.jpg","C:\Users\scott\soccer-video\out\_trash\dedupe_exact\20251103_125328\out\autoframe_work\cinematic\SHOT__t185.00-t206.00__x2\f_000662.jpg","out\autoframe_work\cinematic\SHOT__t185.00-t206.00__x2\f_000662.jpg","B27D966B78A6ECE0A036CAFBFC41A73A284CD6D64C11CE05633A34710C2E93C0","338745","11/3/2025 12:53:32 PM"
"C:\Users\scott\soccer-video\out\autoframe_work\cinematic\SHOT__t185.00-t206.00__x2\f_000661.jpg","C:\Users\scott\soccer-video\out\_trash\dedupe_exact\20251103_125328\out\autoframe_work\cinematic\SHOT__t185.00-t206.00__x2\f_000661.jpg","out\autoframe_work\cinematic\SHOT__t185.00-t206.00__x2\f_000661.jpg","B27D966B78A6ECE0A036CAFBFC41A73A284CD6D64C11CE05633A34710C2E93C0","338745","11/3/2025 12:53:32 PM"
"C:\Users\scott\soccer-video\out\autoframe_work\cinematic\SHOT__t185.00-t206.00__x2\f_000664.jpg","C:\Users\scott\soccer-video\out\_trash\dedupe_exact\20251103_125328\out\autoframe_work\cinematic\SHOT__t185.00-t206.00__x2\f_000664.jpg","out\autoframe_work\cinematic\SHOT__t185.00-t206.00__x2\f_000664.jpg","B27D966B78A6ECE0A036CAFBFC41A73A284CD6D64C11CE05633A34710C2E93C0","338745","11/3/2025 12:53:32 PM"
"C:\Users\scott\soccer-video\out\autoframe_work\cinematic\SHOT__t185.00-t206.00__x2\f_000663.jpg","C:\Users\scott\soccer-video\out\_trash\dedupe_exact\20251103_125328\out\autoframe_work\cinematic\SHOT__t185.00-t206.00__x2\f_000663.jpg","out\autoframe_work\cinematic\SHOT__t185.00-t206.00__x2\f_000663.jpg","B27D966B78A6ECE0A036CAFBFC41A73A284CD6D64C11CE05633A34710C2E93C0","338745","11/3/2025 12:53:32 PM"
"C:\Users\scott\soccer-video\out\autoframe_work\cinematic\SHOT__t185.00-t206.00__x2\f_000660.jpg","C:\Users\scott\soccer-video\out\_trash\dedupe_exact\20251103_125328\out\autoframe_work\cinematic\SHOT__t185.00-t206.00__x2\f_000660.jpg","out\autoframe_work\cinematic\SHOT__t185.00-t206.00__x2\f_000660.jpg","B27D966B78A6ECE0A036CAFBFC41A73A284CD6D64C11CE05633A34710C2E93C0","338745","11/3/2025 12:53:32 PM"
"C:\Users\scott\soccer-video\out\autoframe_work\cinematic\SHOT__t185.00-t206.00__x2\f_000657.jpg","C:\Users\scott\soccer-video\out\_trash\dedupe_exact\20251103_125328\out\autoframe_work\cinematic\SHOT__t185.00-t206.00__x2\f_000657.jpg","out\autoframe_work\cinematic\SHOT__t185.00-t206.00__x2\f_000657.jpg","B27D966B78A6ECE0A036CAFBFC41A73A284CD6D64C11CE05633A34710C2E93C0","338745","11/3/2025 12:53:32 PM"
"C:\Users\scott\soccer-video\out\autoframe_work\cinematic\SHOT__t185.00-t206.00__x2\f_000656.jpg","C:\Users\scott\soccer-video\out\_trash\dedupe_exact\20251103_125328\out\autoframe_work\cinematic\SHOT__t185.00-t206.00__x2\f_000656.jpg","out\autoframe_work\cinematic\SHOT__t185.00-t206.00__x2\f_000656.jpg","B27D966B78A6ECE0A036CAFBFC41A73A284CD6D64C11CE05633A34710C2E93C0","338745","11/3/2025 12:53:32 PM"
"C:\Users\scott\soccer-video\out\autoframe_work\cinematic\SHOT__t185.00-t206.00__x2\f_000659.jpg","C:\Users\scott\soccer-video\out\_trash\dedupe_exact\20251103_125328\out\autoframe_work\cinematic\SHOT__t185.00-t206.00__x2\f_000659.jpg","out\autoframe_work\cinematic\SHOT__t185.00-t206.00__x2\f_000659.jpg","B27D966B78A6ECE0A036CAFBFC41A73A284CD6D64C11CE05633A34710C2E93C0","338745","11/3/2025 12:53:32 PM"
"C:\Users\scott\soccer-video\out\autoframe_work\cinematic\SHOT__t185.00-t206.00__x2\f_000658.jpg","C:\Users\scott\soccer-video\out\_trash\dedupe_exact\20251103_125328\out\autoframe_work\cinematic\SHOT__t185.00-t206.00__x2\f_000658.jpg","out\autoframe_work\cinematic\SHOT__t185.00-t206.00__x2\f_000658.jpg","B27D966B78A6ECE0A036CAFBFC41A73A284CD6D64C11CE05633A34710C2E93C0","338745","11/3/2025 12:53:32 PM"
"C:\Users\scott\soccer-video\out\autoframe_work\cinematic\SHOT__t185.00-t206.00__x2\f_000671.jpg","C:\Users\scott\soccer-video\out\_trash\dedupe_exact\20251103_125328\out\autoframe_work\cinematic\SHOT__t185.00-t206.00__x2\f_000671.jpg","out\autoframe_work\cinematic\SHOT__t185.00-t206.00__x2\f_000671.jpg","B27D966B78A6ECE0A036CAFBFC41A73A284CD6D64C11CE05633A34710C2E93C0","338745","11/3/2025 12:53:32 PM"
"C:\Users\scott\soccer-video\out\autoframe_work\cinematic\SHOT__t185.00-t206.00__x2\f_000670.jpg","C:\Users\scott\soccer-video\out\_trash\dedupe_exact\20251103_125328\out\autoframe_work\cinematic\SHOT__t185.00-t206.00__x2\f_000670.jpg","out\autoframe_work\cinematic\SHOT__t185.00-t206.00__x2\f_000670.jpg","B27D966B78A6ECE0A036CAFBFC41A73A284CD6D64C11CE05633A34710C2E93C0","338745","11/3/2025 12:53:32 PM"
"C:\Users\scott\soccer-video\out\autoframe_work\cinematic\SHOT__t185.00-t206.00__x2\f_000673.jpg","C:\Users\scott\soccer-video\out\_trash\dedupe_exact\20251103_125328\out\autoframe_work\cinematic\SHOT__t185.00-t206.00__x2\f_000673.jpg","out\autoframe_work\cinematic\SHOT__t185.00-t206.00__x2\f_000673.jpg","B27D966B78A6ECE0A036CAFBFC41A73A284CD6D64C11CE05633A34710C2E93C0","338745","11/3/2025 12:53:32 PM"
"C:\Users\scott\soccer-video\out\autoframe_work\cinematic\SHOT__t185.00-t206.00__x2\f_000672.jpg","C:\Users\scott\soccer-video\out\_trash\dedupe_exact\20251103_125328\out\autoframe_work\cinematic\SHOT__t185.00-t206.00__x2\f_000672.jpg","out\autoframe_work\cinematic\SHOT__t185.00-t206.00__x2\f_000672.jpg","B27D966B78A6ECE0A036CAFBFC41A73A284CD6D64C11CE05633A34710C2E93C0","338745","11/3/2025 12:53:32 PM"
"C:\Users\scott\soccer-video\out\autoframe_work\cinematic\SHOT__t185.00-t206.00__x2\f_000669.jpg","C:\Users\scott\soccer-video\out\_trash\dedupe_exact\20251103_125328\out\autoframe_work\cinematic\SHOT__t185.00-t206.00__x2\f_000669.jpg","out\autoframe_work\cinematic\SHOT__t185.00-t206.00__x2\f_000669.jpg","B27D966B78A6ECE0A036CAFBFC41A73A284CD6D64C11CE05633A34710C2E93C0","338745","11/3/2025 12:53:32 PM"
"C:\Users\scott\soccer-video\out\autoframe_work\cinematic\SHOT__t185.00-t206.00__x2\f_000666.jpg","C:\Users\scott\soccer-video\out\_trash\dedupe_exact\20251103_125328\out\autoframe_work\cinematic\SHOT__t185.00-t206.00__x2\f_000666.jpg","out\autoframe_work\cinematic\SHOT__t185.00-t206.00__x2\f_000666.jpg","B27D966B78A6ECE0A036CAFBFC41A73A284CD6D64C11CE05633A34710C2E93C0","338745","11/3/2025 12:53:32 PM"
"C:\Users\scott\soccer-video\out\autoframe_work\cinematic\SHOT__t185.00-t206.00__x2\f_000665.jpg","C:\Users\scott\soccer-video\out\_trash\dedupe_exact\20251103_125328\out\autoframe_work\cinematic\SHOT__t185.00-t206.00__x2\f_000665.jpg","out\autoframe_work\cinematic\SHOT__t185.00-t206.00__x2\f_000665.jpg","B27D966B78A6ECE0A036CAFBFC41A73A284CD6D64C11CE05633A34710C2E93C0","338745","11/3/2025 12:53:32 PM"
"C:\Users\scott\soccer-video\out\autoframe_work\cinematic\SHOT__t185.00-t206.00__x2\f_000668.jpg","C:\Users\scott\soccer-video\out\_trash\dedupe_exact\20251103_125328\out\autoframe_work\cinematic\SHOT__t185.00-t206.00__x2\f_000668.jpg","out\autoframe_work\cinematic\SHOT__t185.00-t206.00__x2\f_000668.jpg","B27D966B78A6ECE0A036CAFBFC41A73A284CD6D64C11CE05633A34710C2E93C0","338745","11/3/2025 12:53:32 PM"
"C:\Users\scott\soccer-video\out\autoframe_work\cinematic\SHOT__t185.00-t206.00__x2\f_000667.jpg","C:\Users\scott\soccer-video\out\_trash\dedupe_exact\20251103_125328\out\autoframe_work\cinematic\SHOT__t185.00-t206.00__x2\f_000667.jpg","out\autoframe_work\cinematic\SHOT__t185.00-t206.00__x2\f_000667.jpg","B27D966B78A6ECE0A036CAFBFC41A73A284CD6D64C11CE05633A34710C2E93C0","338745","11/3/2025 12:53:32 PM"
"C:\Users\scott\soccer-video\out\autoframe_work\cinematic\SHOT__t185.00-t206.00__x2\f_000655.jpg","C:\Users\scott\soccer-video\out\_trash\dedupe_exact\20251103_125328\out\autoframe_work\cinematic\SHOT__t185.00-t206.00__x2\f_000655.jpg","out\autoframe_work\cinematic\SHOT__t185.00-t206.00__x2\f_000655.jpg","B27D966B78A6ECE0A036CAFBFC41A73A284CD6D64C11CE05633A34710C2E93C0","338745","11/3/2025 12:53:32 PM"
"C:\Users\scott\soccer-video\out\autoframe_work\cinematic\SHOT__t135.00-t145.00__x2\f_000328.jpg","C:\Users\scott\soccer-video\out\_trash\dedupe_exact\20251103_125328\out\autoframe_work\cinematic\SHOT__t135.00-t145.00__x2\f_000328.jpg","out\autoframe_work\cinematic\SHOT__t135.00-t145.00__x2\f_000328.jpg","B27D966B78A6ECE0A036CAFBFC41A73A284CD6D64C11CE05633A34710C2E93C0","338745","11/3/2025 12:53:32 PM"
"C:\Users\scott\soccer-video\out\autoframe_work\cinematic\SHOT__t185.00-t206.00__x2\f_000642.jpg","C:\Users\scott\soccer-video\out\_trash\dedupe_exact\20251103_125328\out\autoframe_work\cinematic\SHOT__t185.00-t206.00__x2\f_000642.jpg","out\autoframe_work\cinematic\SHOT__t185.00-t206.00__x2\f_000642.jpg","B27D966B78A6ECE0A036CAFBFC41A73A284CD6D64C11CE05633A34710C2E93C0","338745","11/3/2025 12:53:32 PM"
"C:\Users\scott\soccer-video\out\autoframe_work\cinematic\SHOT__t185.00-t206.00__x2\f_000645.jpg","C:\Users\scott\soccer-video\out\_trash\dedupe_exact\20251103_125328\out\autoframe_work\cinematic\SHOT__t185.00-t206.00__x2\f_000645.jpg","out\autoframe_work\cinematic\SHOT__t185.00-t206.00__x2\f_000645.jpg","B27D966B78A6ECE0A036CAFBFC41A73A284CD6D64C11CE05633A34710C2E93C0","338745","11/3/2025 12:53:32 PM"
"C:\Users\scott\soccer-video\out\autoframe_work\cinematic\SHOT__t185.00-t206.00__x2\f_000644.jpg","C:\Users\scott\soccer-video\out\_trash\dedupe_exact\20251103_125328\out\autoframe_work\cinematic\SHOT__t185.00-t206.00__x2\f_000644.jpg","out\autoframe_work\cinematic\SHOT__t185.00-t206.00__x2\f_000644.jpg","B27D966B78A6ECE0A036CAFBFC41A73A284CD6D64C11CE05633A34710C2E93C0","338745","11/3/2025 12:53:32 PM"
"C:\Users\scott\soccer-video\out\autoframe_work\cinematic\SHOT__t185.00-t206.00__x2\f_000641.jpg","C:\Users\scott\soccer-video\out\_trash\dedupe_exact\20251103_125328\out\autoframe_work\cinematic\SHOT__t185.00-t206.00__x2\f_000641.jpg","out\autoframe_work\cinematic\SHOT__t185.00-t206.00__x2\f_000641.jpg","B27D966B78A6ECE0A036CAFBFC41A73A284CD6D64C11CE05633A34710C2E93C0","338745","11/3/2025 12:53:32 PM"
"C:\Users\scott\soccer-video\out\autoframe_work\cinematic\SHOT__t185.00-t206.00__x2\f_000638.jpg","C:\Users\scott\soccer-video\out\_trash\dedupe_exact\20251103_125328\out\autoframe_work\cinematic\SHOT__t185.00-t206.00__x2\f_000638.jpg","out\autoframe_work\cinematic\SHOT__t185.00-t206.00__x2\f_000638.jpg","B27D966B78A6ECE0A036CAFBFC41A73A284CD6D64C11CE05633A34710C2E93C0","338745","11/3/2025 12:53:32 PM"
"C:\Users\scott\soccer-video\out\autoframe_work\cinematic\SHOT__t185.00-t206.00__x2\f_000637.jpg","C:\Users\scott\soccer-video\out\_trash\dedupe_exact\20251103_125328\out\autoframe_work\cinematic\SHOT__t185.00-t206.00__x2\f_000637.jpg","out\autoframe_work\cinematic\SHOT__t185.00-t206.00__x2\f_000637.jpg","B27D966B78A6ECE0A036CAFBFC41A73A284CD6D64C11CE05633A34710C2E93C0","338745","11/3/2025 12:53:32 PM"
"C:\Users\scott\soccer-video\out\autoframe_work\cinematic\SHOT__t185.00-t206.00__x2\f_000640.jpg","C:\Users\scott\soccer-video\out\_trash\dedupe_exact\20251103_125328\out\autoframe_work\cinematic\SHOT__t185.00-t206.00__x2\f_000640.jpg","out\autoframe_work\cinematic\SHOT__t185.00-t206.00__x2\f_000640.jpg","B27D966B78A6ECE0A036CAFBFC41A73A284CD6D64C11CE05633A34710C2E93C0","338745","11/3/2025 12:53:32 PM"
"C:\Users\scott\soccer-video\out\autoframe_work\cinematic\SHOT__t185.00-t206.00__x2\f_000639.jpg","C:\Users\scott\soccer-video\out\_trash\dedupe_exact\20251103_125328\out\autoframe_work\cinematic\SHOT__t185.00-t206.00__x2\f_000639.jpg","out\autoframe_work\cinematic\SHOT__t185.00-t206.00__x2\f_000639.jpg","B27D966B78A6ECE0A036CAFBFC41A73A284CD6D64C11CE05633A34710C2E93C0","338745","11/3/2025 12:53:32 PM"
"C:\Users\scott\soccer-video\out\autoframe_work\cinematic\SHOT__t185.00-t206.00__x2\f_000652.jpg","C:\Users\scott\soccer-video\out\_trash\dedupe_exact\20251103_125328\out\autoframe_work\cinematic\SHOT__t185.00-t206.00__x2\f_000652.jpg","out\autoframe_work\cinematic\SHOT__t185.00-t206.00__x2\f_000652.jpg","B27D966B78A6ECE0A036CAFBFC41A73A284CD6D64C11CE05633A34710C2E93C0","338745","11/3/2025 12:53:32 PM"
"C:\Users\scott\soccer-video\out\autoframe_work\cinematic\SHOT__t185.00-t206.00__x2\f_000651.jpg","C:\Users\scott\soccer-video\out\_trash\dedupe_exact\20251103_125328\out\autoframe_work\cinematic\SHOT__t185.00-t206.00__x2\f_000651.jpg","out\autoframe_work\cinematic\SHOT__t185.00-t206.00__x2\f_000651.jpg","B27D966B78A6ECE0A036CAFBFC41A73A284CD6D64C11CE05633A34710C2E93C0","338745","11/3/2025 12:53:32 PM"
"C:\Users\scott\soccer-video\out\autoframe_work\cinematic\SHOT__t185.00-t206.00__x2\f_000654.jpg","C:\Users\scott\soccer-video\out\_trash\dedupe_exact\20251103_125328\out\autoframe_work\cinematic\SHOT__t185.00-t206.00__x2\f_000654.jpg","out\autoframe_work\cinematic\SHOT__t185.00-t206.00__x2\f_000654.jpg","B27D966B78A6ECE0A036CAFBFC41A73A284CD6D64C11CE05633A34710C2E93C0","338745","11/3/2025 12:53:32 PM"
"C:\Users\scott\soccer-video\out\autoframe_work\cinematic\SHOT__t185.00-t206.00__x2\f_000653.jpg","C:\Users\scott\soccer-video\out\_trash\dedupe_exact\20251103_125328\out\autoframe_work\cinematic\SHOT__t185.00-t206.00__x2\f_000653.jpg","out\autoframe_work\cinematic\SHOT__t185.00-t206.00__x2\f_000653.jpg","B27D966B78A6ECE0A036CAFBFC41A73A284CD6D64C11CE05633A34710C2E93C0","338745","11/3/2025 12:53:32 PM"
"C:\Users\scott\soccer-video\out\autoframe_work\cinematic\SHOT__t185.00-t206.00__x2\f_000650.jpg","C:\Users\scott\soccer-video\out\_trash\dedupe_exact\20251103_125328\out\autoframe_work\cinematic\SHOT__t185.00-t206.00__x2\f_000650.jpg","out\autoframe_work\cinematic\SHOT__t185.00-t206.00__x2\f_000650.jpg","B27D966B78A6ECE0A036CAFBFC41A73A284CD6D64C11CE05633A34710C2E93C0","338745","11/3/2025 12:53:32 PM"
"C:\Users\scott\soccer-video\out\autoframe_work\cinematic\SHOT__t185.00-t206.00__x2\f_000647.jpg","C:\Users\scott\soccer-video\out\_trash\dedupe_exact\20251103_125328\out\autoframe_work\cinematic\SHOT__t185.00-t206.00__x2\f_000647.jpg","out\autoframe_work\cinematic\SHOT__t185.00-t206.00__x2\f_000647.jpg","B27D966B78A6ECE0A036CAFBFC41A73A284CD6D64C11CE05633A34710C2E93C0","338745","11/3/2025 12:53:32 PM"
"C:\Users\scott\soccer-video\out\autoframe_work\cinematic\SHOT__t185.00-t206.00__x2\f_000646.jpg","C:\Users\scott\soccer-video\out\_trash\dedupe_exact\20251103_125328\out\autoframe_work\cinematic\SHOT__t185.00-t206.00__x2\f_000646.jpg","out\autoframe_work\cinematic\SHOT__t185.00-t206.00__x2\f_000646.jpg","B27D966B78A6ECE0A036CAFBFC41A73A284CD6D64C11CE05633A34710C2E93C0","338745","11/3/2025 12:53:32 PM"
"C:\Users\scott\soccer-video\out\autoframe_work\cinematic\SHOT__t185.00-t206.00__x2\f_000649.jpg","C:\Users\scott\soccer-video\out\_trash\dedupe_exact\20251103_125328\out\autoframe_work\cinematic\SHOT__t185.00-t206.00__x2\f_000649.jpg","out\autoframe_work\cinematic\SHOT__t185.00-t206.00__x2\f_000649.jpg","B27D966B78A6ECE0A036CAFBFC41A73A284CD6D64C11CE05633A34710C2E93C0","338745","11/3/2025 12:53:32 PM"
"C:\Users\scott\soccer-video\out\autoframe_work\cinematic\SHOT__t185.00-t206.00__x2\f_000648.jpg","C:\Users\scott\soccer-video\out\_trash\dedupe_exact\20251103_125328\out\autoframe_work\cinematic\SHOT__t185.00-t206.00__x2\f_000648.jpg","out\autoframe_work\cinematic\SHOT__t185.00-t206.00__x2\f_000648.jpg","B27D966B78A6ECE0A036CAFBFC41A73A284CD6D64C11CE05633A34710C2E93C0","338745","11/3/2025 12:53:32 PM"
"C:\Users\scott\soccer-video\out\autoframe_work\cinematic\SHOT__t185.00-t206.00__x2\f_000689.jpg","C:\Users\scott\soccer-video\out\_trash\dedupe_exact\20251103_125328\out\autoframe_work\cinematic\SHOT__t185.00-t206.00__x2\f_000689.jpg","out\autoframe_work\cinematic\SHOT__t185.00-t206.00__x2\f_000689.jpg","B27D966B78A6ECE0A036CAFBFC41A73A284CD6D64C11CE05633A34710C2E93C0","338745","11/3/2025 12:53:32 PM"
"C:\Users\scott\soccer-video\out\autoframe_work\cinematic\003__SHOT__t0.00-t0.00__x2\f_025058.jpg","C:\Users\scott\soccer-video\out\_trash\dedupe_exact\20251103_125328\out\autoframe_work\cinematic\003__SHOT__t0.00-t0.00__x2\f_025058.jpg","out\autoframe_work\cinematic\003__SHOT__t0.00-t0.00__x2\f_025058.jpg","B27D966B78A6ECE0A036CAFBFC41A73A284CD6D64C11CE05633A34710C2E93C0","338745","11/3/2025 12:53:32 PM"
"C:\Users\scott\soccer-video\out\autoframe_work\cinematic\003__SHOT__t0.00-t0.00__x2\f_025059.jpg","C:\Users\scott\soccer-video\out\_trash\dedupe_exact\20251103_125328\out\autoframe_work\cinematic\003__SHOT__t0.00-t0.00__x2\f_025059.jpg","out\autoframe_work\cinematic\003__SHOT__t0.00-t0.00__x2\f_025059.jpg","B27D966B78A6ECE0A036CAFBFC41A73A284CD6D64C11CE05633A34710C2E93C0","338745","11/3/2025 12:53:33 PM"
"C:\Users\scott\soccer-video\out\autoframe_work\cinematic\003__SHOT__t0.00-t0.00__x2\f_025060.jpg","C:\Users\scott\soccer-video\out\_trash\dedupe_exact\20251103_125328\out\autoframe_work\cinematic\003__SHOT__t0.00-t0.00__x2\f_025060.jpg","out\autoframe_work\cinematic\003__SHOT__t0.00-t0.00__x2\f_025060.jpg","B27D966B78A6ECE0A036CAFBFC41A73A284CD6D64C11CE05633A34710C2E93C0","338745","11/3/2025 12:53:33 PM"
"C:\Users\scott\soccer-video\out\autoframe_work\cinematic\003__SHOT__t0.00-t0.00__x2\f_025057.jpg","C:\Users\scott\soccer-video\out\_trash\dedupe_exact\20251103_125328\out\autoframe_work\cinematic\003__SHOT__t0.00-t0.00__x2\f_025057.jpg","out\autoframe_work\cinematic\003__SHOT__t0.00-t0.00__x2\f_025057.jpg","B27D966B78A6ECE0A036CAFBFC41A73A284CD6D64C11CE05633A34710C2E93C0","338745","11/3/2025 12:53:33 PM"
"C:\Users\scott\soccer-video\out\autoframe_work\cinematic\003__SHOT__t0.00-t0.00__x2\f_025054.jpg","C:\Users\scott\soccer-video\out\_trash\dedupe_exact\20251103_125328\out\autoframe_work\cinematic\003__SHOT__t0.00-t0.00__x2\f_025054.jpg","out\autoframe_work\cinematic\003__SHOT__t0.00-t0.00__x2\f_025054.jpg","B27D966B78A6ECE0A036CAFBFC41A73A284CD6D64C11CE05633A34710C2E93C0","338745","11/3/2025 12:53:33 PM"
"C:\Users\scott\soccer-video\out\autoframe_work\cinematic\003__SHOT__t0.00-t0.00__x2\f_025055.jpg","C:\Users\scott\soccer-video\out\_trash\dedupe_exact\20251103_125328\out\autoframe_work\cinematic\003__SHOT__t0.00-t0.00__x2\f_025055.jpg","out\autoframe_work\cinematic\003__SHOT__t0.00-t0.00__x2\f_025055.jpg","B27D966B78A6ECE0A036CAFBFC41A73A284CD6D64C11CE05633A34710C2E93C0","338745","11/3/2025 12:53:33 PM"
"C:\Users\scott\soccer-video\out\autoframe_work\cinematic\003__SHOT__t0.00-t0.00__x2\f_025056.jpg","C:\Users\scott\soccer-video\out\_trash\dedupe_exact\20251103_125328\out\autoframe_work\cinematic\003__SHOT__t0.00-t0.00__x2\f_025056.jpg","out\autoframe_work\cinematic\003__SHOT__t0.00-t0.00__x2\f_025056.jpg","B27D966B78A6ECE0A036CAFBFC41A73A284CD6D64C11CE05633A34710C2E93C0","338745","11/3/2025 12:53:33 PM"
"C:\Users\scott\soccer-video\out\autoframe_work\cinematic\003__SHOT__t0.00-t0.00__x2\f_025061.jpg","C:\Users\scott\soccer-video\out\_trash\dedupe_exact\20251103_125328\out\autoframe_work\cinematic\003__SHOT__t0.00-t0.00__x2\f_025061.jpg","out\autoframe_work\cinematic\003__SHOT__t0.00-t0.00__x2\f_025061.jpg","B27D966B78A6ECE0A036CAFBFC41A73A284CD6D64C11CE05633A34710C2E93C0","338745","11/3/2025 12:53:33 PM"
"C:\Users\scott\soccer-video\out\autoframe_work\cinematic\003__SHOT__t0.00-t0.00__x2\f_025066.jpg","C:\Users\scott\soccer-video\out\_trash\dedupe_exact\20251103_125328\out\autoframe_work\cinematic\003__SHOT__t0.00-t0.00__x2\f_025066.jpg","out\autoframe_work\cinematic\003__SHOT__t0.00-t0.00__x2\f_025066.jpg","B27D966B78A6ECE0A036CAFBFC41A73A284CD6D64C11CE05633A34710C2E93C0","338745","11/3/2025 12:53:33 PM"
"C:\Users\scott\soccer-video\out\autoframe_work\cinematic\003__SHOT__t0.00-t0.00__x2\f_025067.jpg","C:\Users\scott\soccer-video\out\_trash\dedupe_exact\20251103_125328\out\autoframe_work\cinematic\003__SHOT__t0.00-t0.00__x2\f_025067.jpg","out\autoframe_work\cinematic\003__SHOT__t0.00-t0.00__x2\f_025067.jpg","B27D966B78A6ECE0A036CAFBFC41A73A284CD6D64C11CE05633A34710C2E93C0","338745","11/3/2025 12:53:33 PM"
"C:\Users\scott\soccer-video\out\autoframe_work\cinematic\003__SHOT__t0.00-t0.00__x2\f_025068.jpg","C:\Users\scott\soccer-video\out\_trash\dedupe_exact\20251103_125328\out\autoframe_work\cinematic\003__SHOT__t0.00-t0.00__x2\f_025068.jpg","out\autoframe_work\cinematic\003__SHOT__t0.00-t0.00__x2\f_025068.jpg","B27D966B78A6ECE0A036CAFBFC41A73A284CD6D64C11CE05633A34710C2E93C0","338745","11/3/2025 12:53:33 PM"
"C:\Users\scott\soccer-video\out\autoframe_work\cinematic\003__SHOT__t0.00-t0.00__x2\f_025065.jpg","C:\Users\scott\soccer-video\out\_trash\dedupe_exact\20251103_125328\out\autoframe_work\cinematic\003__SHOT__t0.00-t0.00__x2\f_025065.jpg","out\autoframe_work\cinematic\003__SHOT__t0.00-t0.00__x2\f_025065.jpg","B27D966B78A6ECE0A036CAFBFC41A73A284CD6D64C11CE05633A34710C2E93C0","338745","11/3/2025 12:53:33 PM"
"C:\Users\scott\soccer-video\out\autoframe_work\cinematic\003__SHOT__t0.00-t0.00__x2\f_025062.jpg","C:\Users\scott\soccer-video\out\_trash\dedupe_exact\20251103_125328\out\autoframe_work\cinematic\003__SHOT__t0.00-t0.00__x2\f_025062.jpg","out\autoframe_work\cinematic\003__SHOT__t0.00-t0.00__x2\f_025062.jpg","B27D966B78A6ECE0A036CAFBFC41A73A284CD6D64C11CE05633A34710C2E93C0","338745","11/3/2025 12:53:33 PM"
"C:\Users\scott\soccer-video\out\autoframe_work\cinematic\003__SHOT__t0.00-t0.00__x2\f_025063.jpg","C:\Users\scott\soccer-video\out\_trash\dedupe_exact\20251103_125328\out\autoframe_work\cinematic\003__SHOT__t0.00-t0.00__x2\f_025063.jpg","out\autoframe_work\cinematic\003__SHOT__t0.00-t0.00__x2\f_025063.jpg","B27D966B78A6ECE0A036CAFBFC41A73A284CD6D64C11CE05633A34710C2E93C0","338745","11/3/2025 12:53:33 PM"
"C:\Users\scott\soccer-video\out\autoframe_work\cinematic\003__SHOT__t0.00-t0.00__x2\f_025064.jpg","C:\Users\scott\soccer-video\out\_trash\dedupe_exact\20251103_125328\out\autoframe_work\cinematic\003__SHOT__t0.00-t0.00__x2\f_025064.jpg","out\autoframe_work\cinematic\003__SHOT__t0.00-t0.00__x2\f_025064.jpg","B27D966B78A6ECE0A036CAFBFC41A73A284CD6D64C11CE05633A34710C2E93C0","338745","11/3/2025 12:53:33 PM"
"C:\Users\scott\soccer-video\out\autoframe_work\cinematic\003__SHOT__t0.00-t0.00__x2\f_025043.jpg","C:\Users\scott\soccer-video\out\_trash\dedupe_exact\20251103_125328\out\autoframe_work\cinematic\003__SHOT__t0.00-t0.00__x2\f_025043.jpg","out\autoframe_work\cinematic\003__SHOT__t0.00-t0.00__x2\f_025043.jpg","B27D966B78A6ECE0A036CAFBFC41A73A284CD6D64C11CE05633A34710C2E93C0","338745","11/3/2025 12:53:33 PM"
"C:\Users\scott\soccer-video\out\autoframe_work\cinematic\003__SHOT__t0.00-t0.00__x2\f_025044.jpg","C:\Users\scott\soccer-video\out\_trash\dedupe_exact\20251103_125328\out\autoframe_work\cinematic\003__SHOT__t0.00-t0.00__x2\f_025044.jpg","out\autoframe_work\cinematic\003__SHOT__t0.00-t0.00__x2\f_025044.jpg","B27D966B78A6ECE0A036CAFBFC41A73A284CD6D64C11CE05633A34710C2E93C0","338745","11/3/2025 12:53:33 PM"
"C:\Users\scott\soccer-video\out\autoframe_work\cinematic\003__SHOT__t0.00-t0.00__x2\f_025045.jpg","C:\Users\scott\soccer-video\out\_trash\dedupe_exact\20251103_125328\out\autoframe_work\cinematic\003__SHOT__t0.00-t0.00__x2\f_025045.jpg","out\autoframe_work\cinematic\003__SHOT__t0.00-t0.00__x2\f_025045.jpg","B27D966B78A6ECE0A036CAFBFC41A73A284CD6D64C11CE05633A34710C2E93C0","338745","11/3/2025 12:53:33 PM"
"C:\Users\scott\soccer-video\out\autoframe_work\cinematic\003__SHOT__t0.00-t0.00__x2\f_025042.jpg","C:\Users\scott\soccer-video\out\_trash\dedupe_exact\20251103_125328\out\autoframe_work\cinematic\003__SHOT__t0.00-t0.00__x2\f_025042.jpg","out\autoframe_work\cinematic\003__SHOT__t0.00-t0.00__x2\f_025042.jpg","B27D966B78A6ECE0A036CAFBFC41A73A284CD6D64C11CE05633A34710C2E93C0","338745","11/3/2025 12:53:33 PM"
"C:\Users\scott\soccer-video\out\autoframe_work\cinematic\003__SHOT__t0.00-t0.00__x2\f_025099.jpg","C:\Users\scott\soccer-video\out\_trash\dedupe_exact\20251103_125328\out\autoframe_work\cinematic\003__SHOT__t0.00-t0.00__x2\f_025099.jpg","out\autoframe_work\cinematic\003__SHOT__t0.00-t0.00__x2\f_025099.jpg","B27D966B78A6ECE0A036CAFBFC41A73A284CD6D64C11CE05633A34710C2E93C0","338745","11/3/2025 12:53:33 PM"
"C:\Users\scott\soccer-video\out\autoframe_work\cinematic\003__SHOT__t0.00-t0.00__x2\f_025040.jpg","C:\Users\scott\soccer-video\out\_trash\dedupe_exact\20251103_125328\out\autoframe_work\cinematic\003__SHOT__t0.00-t0.00__x2\f_025040.jpg","out\autoframe_work\cinematic\003__SHOT__t0.00-t0.00__x2\f_025040.jpg","B27D966B78A6ECE0A036CAFBFC41A73A284CD6D64C11CE05633A34710C2E93C0","338745","11/3/2025 12:53:33 PM"
"C:\Users\scott\soccer-video\out\autoframe_work\cinematic\003__SHOT__t0.00-t0.00__x2\f_025041.jpg","C:\Users\scott\soccer-video\out\_trash\dedupe_exact\20251103_125328\out\autoframe_work\cinematic\003__SHOT__t0.00-t0.00__x2\f_025041.jpg","out\autoframe_work\cinematic\003__SHOT__t0.00-t0.00__x2\f_025041.jpg","B27D966B78A6ECE0A036CAFBFC41A73A284CD6D64C11CE05633A34710C2E93C0","338745","11/3/2025 12:53:33 PM"
"C:\Users\scott\soccer-video\out\autoframe_work\cinematic\003__SHOT__t0.00-t0.00__x2\f_025046.jpg","C:\Users\scott\soccer-video\out\_trash\dedupe_exact\20251103_125328\out\autoframe_work\cinematic\003__SHOT__t0.00-t0.00__x2\f_025046.jpg","out\autoframe_work\cinematic\003__SHOT__t0.00-t0.00__x2\f_025046.jpg","B27D966B78A6ECE0A036CAFBFC41A73A284CD6D64C11CE05633A34710C2E93C0","338745","11/3/2025 12:53:33 PM"
"C:\Users\scott\soccer-video\out\autoframe_work\cinematic\003__SHOT__t0.00-t0.00__x2\f_025051.jpg","C:\Users\scott\soccer-video\out\_trash\dedupe_exact\20251103_125328\out\autoframe_work\cinematic\003__SHOT__t0.00-t0.00__x2\f_025051.jpg","out\autoframe_work\cinematic\003__SHOT__t0.00-t0.00__x2\f_025051.jpg","B27D966B78A6ECE0A036CAFBFC41A73A284CD6D64C11CE05633A34710C2E93C0","338745","11/3/2025 12:53:33 PM"
"C:\Users\scott\soccer-video\out\autoframe_work\cinematic\003__SHOT__t0.00-t0.00__x2\f_025052.jpg","C:\Users\scott\soccer-video\out\_trash\dedupe_exact\20251103_125328\out\autoframe_work\cinematic\003__SHOT__t0.00-t0.00__x2\f_025052.jpg","out\autoframe_work\cinematic\003__SHOT__t0.00-t0.00__x2\f_025052.jpg","B27D966B78A6ECE0A036CAFBFC41A73A284CD6D64C11CE05633A34710C2E93C0","338745","11/3/2025 12:53:33 PM"
"C:\Users\scott\soccer-video\out\autoframe_work\cinematic\003__SHOT__t0.00-t0.00__x2\f_025053.jpg","C:\Users\scott\soccer-video\out\_trash\dedupe_exact\20251103_125328\out\autoframe_work\cinematic\003__SHOT__t0.00-t0.00__x2\f_025053.jpg","out\autoframe_work\cinematic\003__SHOT__t0.00-t0.00__x2\f_025053.jpg","B27D966B78A6ECE0A036CAFBFC41A73A284CD6D64C11CE05633A34710C2E93C0","338745","11/3/2025 12:53:33 PM"
"C:\Users\scott\soccer-video\out\autoframe_work\cinematic\003__SHOT__t0.00-t0.00__x2\f_025050.jpg","C:\Users\scott\soccer-video\out\_trash\dedupe_exact\20251103_125328\out\autoframe_work\cinematic\003__SHOT__t0.00-t0.00__x2\f_025050.jpg","out\autoframe_work\cinematic\003__SHOT__t0.00-t0.00__x2\f_025050.jpg","B27D966B78A6ECE0A036CAFBFC41A73A284CD6D64C11CE05633A34710C2E93C0","338745","11/3/2025 12:53:33 PM"
"C:\Users\scott\soccer-video\out\autoframe_work\cinematic\003__SHOT__t0.00-t0.00__x2\f_025047.jpg","C:\Users\scott\soccer-video\out\_trash\dedupe_exact\20251103_125328\out\autoframe_work\cinematic\003__SHOT__t0.00-t0.00__x2\f_025047.jpg","out\autoframe_work\cinematic\003__SHOT__t0.00-t0.00__x2\f_025047.jpg","B27D966B78A6ECE0A036CAFBFC41A73A284CD6D64C11CE05633A34710C2E93C0","338745","11/3/2025 12:53:33 PM"
"C:\Users\scott\soccer-video\out\autoframe_work\cinematic\003__SHOT__t0.00-t0.00__x2\f_025048.jpg","C:\Users\scott\soccer-video\out\_trash\dedupe_exact\20251103_125328\out\autoframe_work\cinematic\003__SHOT__t0.00-t0.00__x2\f_025048.jpg","out\autoframe_work\cinematic\003__SHOT__t0.00-t0.00__x2\f_025048.jpg","B27D966B78A6ECE0A036CAFBFC41A73A284CD6D64C11CE05633A34710C2E93C0","338745","11/3/2025 12:53:33 PM"
"C:\Users\scott\soccer-video\out\autoframe_work\cinematic\003__SHOT__t0.00-t0.00__x2\f_025049.jpg","C:\Users\scott\soccer-video\out\_trash\dedupe_exact\20251103_125328\out\autoframe_work\cinematic\003__SHOT__t0.00-t0.00__x2\f_025049.jpg","out\autoframe_work\cinematic\003__SHOT__t0.00-t0.00__x2\f_025049.jpg","B27D966B78A6ECE0A036CAFBFC41A73A284CD6D64C11CE05633A34710C2E93C0","338745","11/3/2025 12:53:33 PM"
"C:\Users\scott\soccer-video\out\autoframe_work\cinematic\003__SHOT__t0.00-t0.00__x2\f_025088.jpg","C:\Users\scott\soccer-video\out\_trash\dedupe_exact\20251103_125328\out\autoframe_work\cinematic\003__SHOT__t0.00-t0.00__x2\f_025088.jpg","out\autoframe_work\cinematic\003__SHOT__t0.00-t0.00__x2\f_025088.jpg","B27D966B78A6ECE0A036CAFBFC41A73A284CD6D64C11CE05633A34710C2E93C0","338745","11/3/2025 12:53:33 PM"
"C:\Users\scott\soccer-video\out\autoframe_work\cinematic\003__SHOT__t0.00-t0.00__x2\f_025089.jpg","C:\Users\scott\soccer-video\out\_trash\dedupe_exact\20251103_125328\out\autoframe_work\cinematic\003__SHOT__t0.00-t0.00__x2\f_025089.jpg","out\autoframe_work\cinematic\003__SHOT__t0.00-t0.00__x2\f_025089.jpg","B27D966B78A6ECE0A036CAFBFC41A73A284CD6D64C11CE05633A34710C2E93C0","338745","11/3/2025 12:53:33 PM"
"C:\Users\scott\soccer-video\out\autoframe_work\cinematic\003__SHOT__t0.00-t0.00__x2\f_025090.jpg","C:\Users\scott\soccer-video\out\_trash\dedupe_exact\20251103_125328\out\autoframe_work\cinematic\003__SHOT__t0.00-t0.00__x2\f_025090.jpg","out\autoframe_work\cinematic\003__SHOT__t0.00-t0.00__x2\f_025090.jpg","B27D966B78A6ECE0A036CAFBFC41A73A284CD6D64C11CE05633A34710C2E93C0","338745","11/3/2025 12:53:33 PM"
"C:\Users\scott\soccer-video\out\autoframe_work\cinematic\003__SHOT__t0.00-t0.00__x2\f_025087.jpg","C:\Users\scott\soccer-video\out\_trash\dedupe_exact\20251103_125328\out\autoframe_work\cinematic\003__SHOT__t0.00-t0.00__x2\f_025087.jpg","out\autoframe_work\cinematic\003__SHOT__t0.00-t0.00__x2\f_025087.jpg","B27D966B78A6ECE0A036CAFBFC41A73A284CD6D64C11CE05633A34710C2E93C0","338745","11/3/2025 12:53:33 PM"
"C:\Users\scott\soccer-video\out\autoframe_work\cinematic\003__SHOT__t0.00-t0.00__x2\f_025084.jpg","C:\Users\scott\soccer-video\out\_trash\dedupe_exact\20251103_125328\out\autoframe_work\cinematic\003__SHOT__t0.00-t0.00__x2\f_025084.jpg","out\autoframe_work\cinematic\003__SHOT__t0.00-t0.00__x2\f_025084.jpg","B27D966B78A6ECE0A036CAFBFC41A73A284CD6D64C11CE05633A34710C2E93C0","338745","11/3/2025 12:53:33 PM"
"C:\Users\scott\soccer-video\out\autoframe_work\cinematic\003__SHOT__t0.00-t0.00__x2\f_025085.jpg","C:\Users\scott\soccer-video\out\_trash\dedupe_exact\20251103_125328\out\autoframe_work\cinematic\003__SHOT__t0.00-t0.00__x2\f_025085.jpg","out\autoframe_work\cinematic\003__SHOT__t0.00-t0.00__x2\f_025085.jpg","B27D966B78A6ECE0A036CAFBFC41A73A284CD6D64C11CE05633A34710C2E93C0","338745","11/3/2025 12:53:33 PM"
"C:\Users\scott\soccer-video\out\autoframe_work\cinematic\003__SHOT__t0.00-t0.00__x2\f_025086.jpg","C:\Users\scott\soccer-video\out\_trash\dedupe_exact\20251103_125328\out\autoframe_work\cinematic\003__SHOT__t0.00-t0.00__x2\f_025086.jpg","out\autoframe_work\cinematic\003__SHOT__t0.00-t0.00__x2\f_025086.jpg","B27D966B78A6ECE0A036CAFBFC41A73A284CD6D64C11CE05633A34710C2E93C0","338745","11/3/2025 12:53:33 PM"
"C:\Users\scott\soccer-video\out\autoframe_work\cinematic\003__SHOT__t0.00-t0.00__x2\f_025091.jpg","C:\Users\scott\soccer-video\out\_trash\dedupe_exact\20251103_125328\out\autoframe_work\cinematic\003__SHOT__t0.00-t0.00__x2\f_025091.jpg","out\autoframe_work\cinematic\003__SHOT__t0.00-t0.00__x2\f_025091.jpg","B27D966B78A6ECE0A036CAFBFC41A73A284CD6D64C11CE05633A34710C2E93C0","338745","11/3/2025 12:53:33 PM"
"C:\Users\scott\soccer-video\out\autoframe_work\cinematic\003__SHOT__t0.00-t0.00__x2\f_025096.jpg","C:\Users\scott\soccer-video\out\_trash\dedupe_exact\20251103_125328\out\autoframe_work\cinematic\003__SHOT__t0.00-t0.00__x2\f_025096.jpg","out\autoframe_work\cinematic\003__SHOT__t0.00-t0.00__x2\f_025096.jpg","B27D966B78A6ECE0A036CAFBFC41A73A284CD6D64C11CE05633A34710C2E93C0","338745","11/3/2025 12:53:33 PM"
"C:\Users\scott\soccer-video\out\autoframe_work\cinematic\003__SHOT__t0.00-t0.00__x2\f_025097.jpg","C:\Users\scott\soccer-video\out\_trash\dedupe_exact\20251103_125328\out\autoframe_work\cinematic\003__SHOT__t0.00-t0.00__x2\f_025097.jpg","out\autoframe_work\cinematic\003__SHOT__t0.00-t0.00__x2\f_025097.jpg","B27D966B78A6ECE0A036CAFBFC41A73A284CD6D64C11CE05633A34710C2E93C0","338745","11/3/2025 12:53:33 PM"
"C:\Users\scott\soccer-video\out\autoframe_work\cinematic\003__SHOT__t0.00-t0.00__x2\f_025098.jpg","C:\Users\scott\soccer-video\out\_trash\dedupe_exact\20251103_125328\out\autoframe_work\cinematic\003__SHOT__t0.00-t0.00__x2\f_025098.jpg","out\autoframe_work\cinematic\003__SHOT__t0.00-t0.00__x2\f_025098.jpg","B27D966B78A6ECE0A036CAFBFC41A73A284CD6D64C11CE05633A34710C2E93C0","338745","11/3/2025 12:53:33 PM"
"C:\Users\scott\soccer-video\out\autoframe_work\cinematic\003__SHOT__t0.00-t0.00__x2\f_025095.jpg","C:\Users\scott\soccer-video\out\_trash\dedupe_exact\20251103_125328\out\autoframe_work\cinematic\003__SHOT__t0.00-t0.00__x2\f_025095.jpg","out\autoframe_work\cinematic\003__SHOT__t0.00-t0.00__x2\f_025095.jpg","B27D966B78A6ECE0A036CAFBFC41A73A284CD6D64C11CE05633A34710C2E93C0","338745","11/3/2025 12:53:33 PM"
"C:\Users\scott\soccer-video\out\autoframe_work\cinematic\003__SHOT__t0.00-t0.00__x2\f_025092.jpg","C:\Users\scott\soccer-video\out\_trash\dedupe_exact\20251103_125328\out\autoframe_work\cinematic\003__SHOT__t0.00-t0.00__x2\f_025092.jpg","out\autoframe_work\cinematic\003__SHOT__t0.00-t0.00__x2\f_025092.jpg","B27D966B78A6ECE0A036CAFBFC41A73A284CD6D64C11CE05633A34710C2E93C0","338745","11/3/2025 12:53:33 PM"
"C:\Users\scott\soccer-video\out\autoframe_work\cinematic\003__SHOT__t0.00-t0.00__x2\f_025093.jpg","C:\Users\scott\soccer-video\out\_trash\dedupe_exact\20251103_125328\out\autoframe_work\cinematic\003__SHOT__t0.00-t0.00__x2\f_025093.jpg","out\autoframe_work\cinematic\003__SHOT__t0.00-t0.00__x2\f_025093.jpg","B27D966B78A6ECE0A036CAFBFC41A73A284CD6D64C11CE05633A34710C2E93C0","338745","11/3/2025 12:53:33 PM"
"C:\Users\scott\soccer-video\out\autoframe_work\cinematic\003__SHOT__t0.00-t0.00__x2\f_025094.jpg","C:\Users\scott\soccer-video\out\_trash\dedupe_exact\20251103_125328\out\autoframe_work\cinematic\003__SHOT__t0.00-t0.00__x2\f_025094.jpg","out\autoframe_work\cinematic\003__SHOT__t0.00-t0.00__x2\f_025094.jpg","B27D966B78A6ECE0A036CAFBFC41A73A284CD6D64C11CE05633A34710C2E93C0","338745","11/3/2025 12:53:33 PM"
"C:\Users\scott\soccer-video\out\autoframe_work\cinematic\003__SHOT__t0.00-t0.00__x2\f_025073.jpg","C:\Users\scott\soccer-video\out\_trash\dedupe_exact\20251103_125328\out\autoframe_work\cinematic\003__SHOT__t0.00-t0.00__x2\f_025073.jpg","out\autoframe_work\cinematic\003__SHOT__t0.00-t0.00__x2\f_025073.jpg","B27D966B78A6ECE0A036CAFBFC41A73A284CD6D64C11CE05633A34710C2E93C0","338745","11/3/2025 12:53:33 PM"
"C:\Users\scott\soccer-video\out\autoframe_work\cinematic\003__SHOT__t0.00-t0.00__x2\f_025074.jpg","C:\Users\scott\soccer-video\out\_trash\dedupe_exact\20251103_125328\out\autoframe_work\cinematic\003__SHOT__t0.00-t0.00__x2\f_025074.jpg","out\autoframe_work\cinematic\003__SHOT__t0.00-t0.00__x2\f_025074.jpg","B27D966B78A6ECE0A036CAFBFC41A73A284CD6D64C11CE05633A34710C2E93C0","338745","11/3/2025 12:53:33 PM"
"C:\Users\scott\soccer-video\out\autoframe_work\cinematic\003__SHOT__t0.00-t0.00__x2\f_025075.jpg","C:\Users\scott\soccer-video\out\_trash\dedupe_exact\20251103_125328\out\autoframe_work\cinematic\003__SHOT__t0.00-t0.00__x2\f_025075.jpg","out\autoframe_work\cinematic\003__SHOT__t0.00-t0.00__x2\f_025075.jpg","B27D966B78A6ECE0A036CAFBFC41A73A284CD6D64C11CE05633A34710C2E93C0","338745","11/3/2025 12:53:33 PM"
"C:\Users\scott\soccer-video\out\autoframe_work\cinematic\003__SHOT__t0.00-t0.00__x2\f_025072.jpg","C:\Users\scott\soccer-video\out\_trash\dedupe_exact\20251103_125328\out\autoframe_work\cinematic\003__SHOT__t0.00-t0.00__x2\f_025072.jpg","out\autoframe_work\cinematic\003__SHOT__t0.00-t0.00__x2\f_025072.jpg","B27D966B78A6ECE0A036CAFBFC41A73A284CD6D64C11CE05633A34710C2E93C0","338745","11/3/2025 12:53:33 PM"
"C:\Users\scott\soccer-video\out\autoframe_work\cinematic\003__SHOT__t0.00-t0.00__x2\f_025069.jpg","C:\Users\scott\soccer-video\out\_trash\dedupe_exact\20251103_125328\out\autoframe_work\cinematic\003__SHOT__t0.00-t0.00__x2\f_025069.jpg","out\autoframe_work\cinematic\003__SHOT__t0.00-t0.00__x2\f_025069.jpg","B27D966B78A6ECE0A036CAFBFC41A73A284CD6D64C11CE05633A34710C2E93C0","338745","11/3/2025 12:53:33 PM"
"C:\Users\scott\soccer-video\out\autoframe_work\cinematic\003__SHOT__t0.00-t0.00__x2\f_025070.jpg","C:\Users\scott\soccer-video\out\_trash\dedupe_exact\20251103_125328\out\autoframe_work\cinematic\003__SHOT__t0.00-t0.00__x2\f_025070.jpg","out\autoframe_work\cinematic\003__SHOT__t0.00-t0.00__x2\f_025070.jpg","B27D966B78A6ECE0A036CAFBFC41A73A284CD6D64C11CE05633A34710C2E93C0","338745","11/3/2025 12:53:33 PM"
"C:\Users\scott\soccer-video\out\autoframe_work\cinematic\003__SHOT__t0.00-t0.00__x2\f_025071.jpg","C:\Users\scott\soccer-video\out\_trash\dedupe_exact\20251103_125328\out\autoframe_work\cinematic\003__SHOT__t0.00-t0.00__x2\f_025071.jpg","out\autoframe_work\cinematic\003__SHOT__t0.00-t0.00__x2\f_025071.jpg","B27D966B78A6ECE0A036CAFBFC41A73A284CD6D64C11CE05633A34710C2E93C0","338745","11/3/2025 12:53:33 PM"
"C:\Users\scott\soccer-video\out\autoframe_work\cinematic\003__SHOT__t0.00-t0.00__x2\f_025076.jpg","C:\Users\scott\soccer-video\out\_trash\dedupe_exact\20251103_125328\out\autoframe_work\cinematic\003__SHOT__t0.00-t0.00__x2\f_025076.jpg","out\autoframe_work\cinematic\003__SHOT__t0.00-t0.00__x2\f_025076.jpg","B27D966B78A6ECE0A036CAFBFC41A73A284CD6D64C11CE05633A34710C2E93C0","338745","11/3/2025 12:53:33 PM"
"C:\Users\scott\soccer-video\out\autoframe_work\cinematic\003__SHOT__t0.00-t0.00__x2\f_025081.jpg","C:\Users\scott\soccer-video\out\_trash\dedupe_exact\20251103_125328\out\autoframe_work\cinematic\003__SHOT__t0.00-t0.00__x2\f_025081.jpg","out\autoframe_work\cinematic\003__SHOT__t0.00-t0.00__x2\f_025081.jpg","B27D966B78A6ECE0A036CAFBFC41A73A284CD6D64C11CE05633A34710C2E93C0","338745","11/3/2025 12:53:33 PM"
"C:\Users\scott\soccer-video\out\autoframe_work\cinematic\003__SHOT__t0.00-t0.00__x2\f_025082.jpg","C:\Users\scott\soccer-video\out\_trash\dedupe_exact\20251103_125328\out\autoframe_work\cinematic\003__SHOT__t0.00-t0.00__x2\f_025082.jpg","out\autoframe_work\cinematic\003__SHOT__t0.00-t0.00__x2\f_025082.jpg","B27D966B78A6ECE0A036CAFBFC41A73A284CD6D64C11CE05633A34710C2E93C0","338745","11/3/2025 12:53:33 PM"
"C:\Users\scott\soccer-video\out\autoframe_work\cinematic\003__SHOT__t0.00-t0.00__x2\f_025083.jpg","C:\Users\scott\soccer-video\out\_trash\dedupe_exact\20251103_125328\out\autoframe_work\cinematic\003__SHOT__t0.00-t0.00__x2\f_025083.jpg","out\autoframe_work\cinematic\003__SHOT__t0.00-t0.00__x2\f_025083.jpg","B27D966B78A6ECE0A036CAFBFC41A73A284CD6D64C11CE05633A34710C2E93C0","338745","11/3/2025 12:53:33 PM"
"C:\Users\scott\soccer-video\out\autoframe_work\cinematic\003__SHOT__t0.00-t0.00__x2\f_025080.jpg","C:\Users\scott\soccer-video\out\_trash\dedupe_exact\20251103_125328\out\autoframe_work\cinematic\003__SHOT__t0.00-t0.00__x2\f_025080.jpg","out\autoframe_work\cinematic\003__SHOT__t0.00-t0.00__x2\f_025080.jpg","B27D966B78A6ECE0A036CAFBFC41A73A284CD6D64C11CE05633A34710C2E93C0","338745","11/3/2025 12:53:33 PM"
"C:\Users\scott\soccer-video\out\autoframe_work\cinematic\003__SHOT__t0.00-t0.00__x2\f_025077.jpg","C:\Users\scott\soccer-video\out\_trash\dedupe_exact\20251103_125328\out\autoframe_work\cinematic\003__SHOT__t0.00-t0.00__x2\f_025077.jpg","out\autoframe_work\cinematic\003__SHOT__t0.00-t0.00__x2\f_025077.jpg","B27D966B78A6ECE0A036CAFBFC41A73A284CD6D64C11CE05633A34710C2E93C0","338745","11/3/2025 12:53:33 PM"
"C:\Users\scott\soccer-video\out\autoframe_work\cinematic\003__SHOT__t0.00-t0.00__x2\f_025078.jpg","C:\Users\scott\soccer-video\out\_trash\dedupe_exact\20251103_125328\out\autoframe_work\cinematic\003__SHOT__t0.00-t0.00__x2\f_025078.jpg","out\autoframe_work\cinematic\003__SHOT__t0.00-t0.00__x2\f_025078.jpg","B27D966B78A6ECE0A036CAFBFC41A73A284CD6D64C11CE05633A34710C2E93C0","338745","11/3/2025 12:53:33 PM"
"C:\Users\scott\soccer-video\out\autoframe_work\cinematic\003__SHOT__t0.00-t0.00__x2\f_025079.jpg","C:\Users\scott\soccer-video\out\_trash\dedupe_exact\20251103_125328\out\autoframe_work\cinematic\003__SHOT__t0.00-t0.00__x2\f_025079.jpg","out\autoframe_work\cinematic\003__SHOT__t0.00-t0.00__x2\f_025079.jpg","B27D966B78A6ECE0A036CAFBFC41A73A284CD6D64C11CE05633A34710C2E93C0","338745","11/3/2025 12:53:33 PM"
"C:\Users\scott\soccer-video\out\autoframe_work\cinematic\002__SHOT__t0.00-t0.00__x2\f_020926.jpg","C:\Users\scott\soccer-video\out\_trash\dedupe_exact\20251103_125328\out\autoframe_work\cinematic\002__SHOT__t0.00-t0.00__x2\f_020926.jpg","out\autoframe_work\cinematic\002__SHOT__t0.00-t0.00__x2\f_020926.jpg","B27D966B78A6ECE0A036CAFBFC41A73A284CD6D64C11CE05633A34710C2E93C0","338745","11/3/2025 12:53:33 PM"
"C:\Users\scott\soccer-video\out\autoframe_work\cinematic\002__SHOT__t0.00-t0.00__x2\f_020927.jpg","C:\Users\scott\soccer-video\out\_trash\dedupe_exact\20251103_125328\out\autoframe_work\cinematic\002__SHOT__t0.00-t0.00__x2\f_020927.jpg","out\autoframe_work\cinematic\002__SHOT__t0.00-t0.00__x2\f_020927.jpg","B27D966B78A6ECE0A036CAFBFC41A73A284CD6D64C11CE05633A34710C2E93C0","338745","11/3/2025 12:53:33 PM"
"C:\Users\scott\soccer-video\out\autoframe_work\cinematic\002__SHOT__t0.00-t0.00__x2\f_020928.jpg","C:\Users\scott\soccer-video\out\_trash\dedupe_exact\20251103_125328\out\autoframe_work\cinematic\002__SHOT__t0.00-t0.00__x2\f_020928.jpg","out\autoframe_work\cinematic\002__SHOT__t0.00-t0.00__x2\f_020928.jpg","B27D966B78A6ECE0A036CAFBFC41A73A284CD6D64C11CE05633A34710C2E93C0","338745","11/3/2025 12:53:33 PM"
"C:\Users\scott\soccer-video\out\autoframe_work\cinematic\002__SHOT__t0.00-t0.00__x2\f_020925.jpg","C:\Users\scott\soccer-video\out\_trash\dedupe_exact\20251103_125328\out\autoframe_work\cinematic\002__SHOT__t0.00-t0.00__x2\f_020925.jpg","out\autoframe_work\cinematic\002__SHOT__t0.00-t0.00__x2\f_020925.jpg","B27D966B78A6ECE0A036CAFBFC41A73A284CD6D64C11CE05633A34710C2E93C0","338745","11/3/2025 12:53:33 PM"
"C:\Users\scott\soccer-video\out\autoframe_work\cinematic\002__SHOT__t0.00-t0.00__x2\f_020922.jpg","C:\Users\scott\soccer-video\out\_trash\dedupe_exact\20251103_125328\out\autoframe_work\cinematic\002__SHOT__t0.00-t0.00__x2\f_020922.jpg","out\autoframe_work\cinematic\002__SHOT__t0.00-t0.00__x2\f_020922.jpg","B27D966B78A6ECE0A036CAFBFC41A73A284CD6D64C11CE05633A34710C2E93C0","338745","11/3/2025 12:53:33 PM"
"C:\Users\scott\soccer-video\out\autoframe_work\cinematic\002__SHOT__t0.00-t0.00__x2\f_020923.jpg","C:\Users\scott\soccer-video\out\_trash\dedupe_exact\20251103_125328\out\autoframe_work\cinematic\002__SHOT__t0.00-t0.00__x2\f_020923.jpg","out\autoframe_work\cinematic\002__SHOT__t0.00-t0.00__x2\f_020923.jpg","B27D966B78A6ECE0A036CAFBFC41A73A284CD6D64C11CE05633A34710C2E93C0","338745","11/3/2025 12:53:33 PM"
"C:\Users\scott\soccer-video\out\autoframe_work\cinematic\002__SHOT__t0.00-t0.00__x2\f_020924.jpg","C:\Users\scott\soccer-video\out\_trash\dedupe_exact\20251103_125328\out\autoframe_work\cinematic\002__SHOT__t0.00-t0.00__x2\f_020924.jpg","out\autoframe_work\cinematic\002__SHOT__t0.00-t0.00__x2\f_020924.jpg","B27D966B78A6ECE0A036CAFBFC41A73A284CD6D64C11CE05633A34710C2E93C0","338745","11/3/2025 12:53:33 PM"
"C:\Users\scott\soccer-video\out\autoframe_work\cinematic\002__SHOT__t0.00-t0.00__x2\f_020929.jpg","C:\Users\scott\soccer-video\out\_trash\dedupe_exact\20251103_125328\out\autoframe_work\cinematic\002__SHOT__t0.00-t0.00__x2\f_020929.jpg","out\autoframe_work\cinematic\002__SHOT__t0.00-t0.00__x2\f_020929.jpg","B27D966B78A6ECE0A036CAFBFC41A73A284CD6D64C11CE05633A34710C2E93C0","338745","11/3/2025 12:53:33 PM"
"C:\Users\scott\soccer-video\out\autoframe_work\cinematic\002__SHOT__t0.00-t0.00__x2\f_020934.jpg","C:\Users\scott\soccer-video\out\_trash\dedupe_exact\20251103_125328\out\autoframe_work\cinematic\002__SHOT__t0.00-t0.00__x2\f_020934.jpg","out\autoframe_work\cinematic\002__SHOT__t0.00-t0.00__x2\f_020934.jpg","B27D966B78A6ECE0A036CAFBFC41A73A284CD6D64C11CE05633A34710C2E93C0","338745","11/3/2025 12:53:33 PM"
"C:\Users\scott\soccer-video\out\autoframe_work\cinematic\002__SHOT__t0.00-t0.00__x2\f_020935.jpg","C:\Users\scott\soccer-video\out\_trash\dedupe_exact\20251103_125328\out\autoframe_work\cinematic\002__SHOT__t0.00-t0.00__x2\f_020935.jpg","out\autoframe_work\cinematic\002__SHOT__t0.00-t0.00__x2\f_020935.jpg","B27D966B78A6ECE0A036CAFBFC41A73A284CD6D64C11CE05633A34710C2E93C0","338745","11/3/2025 12:53:33 PM"
"C:\Users\scott\soccer-video\out\autoframe_work\cinematic\002__SHOT__t0.00-t0.00__x2\f_020936.jpg","C:\Users\scott\soccer-video\out\_trash\dedupe_exact\20251103_125328\out\autoframe_work\cinematic\002__SHOT__t0.00-t0.00__x2\f_020936.jpg","out\autoframe_work\cinematic\002__SHOT__t0.00-t0.00__x2\f_020936.jpg","B27D966B78A6ECE0A036CAFBFC41A73A284CD6D64C11CE05633A34710C2E93C0","338745","11/3/2025 12:53:33 PM"
"C:\Users\scott\soccer-video\out\autoframe_work\cinematic\002__SHOT__t0.00-t0.00__x2\f_020933.jpg","C:\Users\scott\soccer-video\out\_trash\dedupe_exact\20251103_125328\out\autoframe_work\cinematic\002__SHOT__t0.00-t0.00__x2\f_020933.jpg","out\autoframe_work\cinematic\002__SHOT__t0.00-t0.00__x2\f_020933.jpg","B27D966B78A6ECE0A036CAFBFC41A73A284CD6D64C11CE05633A34710C2E93C0","338745","11/3/2025 12:53:33 PM"
"C:\Users\scott\soccer-video\out\autoframe_work\cinematic\002__SHOT__t0.00-t0.00__x2\f_020930.jpg","C:\Users\scott\soccer-video\out\_trash\dedupe_exact\20251103_125328\out\autoframe_work\cinematic\002__SHOT__t0.00-t0.00__x2\f_020930.jpg","out\autoframe_work\cinematic\002__SHOT__t0.00-t0.00__x2\f_020930.jpg","B27D966B78A6ECE0A036CAFBFC41A73A284CD6D64C11CE05633A34710C2E93C0","338745","11/3/2025 12:53:33 PM"
"C:\Users\scott\soccer-video\out\autoframe_work\cinematic\002__SHOT__t0.00-t0.00__x2\f_020931.jpg","C:\Users\scott\soccer-video\out\_trash\dedupe_exact\20251103_125328\out\autoframe_work\cinematic\002__SHOT__t0.00-t0.00__x2\f_020931.jpg","out\autoframe_work\cinematic\002__SHOT__t0.00-t0.00__x2\f_020931.jpg","B27D966B78A6ECE0A036CAFBFC41A73A284CD6D64C11CE05633A34710C2E93C0","338745","11/3/2025 12:53:33 PM"
"C:\Users\scott\soccer-video\out\autoframe_work\cinematic\002__SHOT__t0.00-t0.00__x2\f_020932.jpg","C:\Users\scott\soccer-video\out\_trash\dedupe_exact\20251103_125328\out\autoframe_work\cinematic\002__SHOT__t0.00-t0.00__x2\f_020932.jpg","out\autoframe_work\cinematic\002__SHOT__t0.00-t0.00__x2\f_020932.jpg","B27D966B78A6ECE0A036CAFBFC41A73A284CD6D64C11CE05633A34710C2E93C0","338745","11/3/2025 12:53:33 PM"
"C:\Users\scott\soccer-video\out\autoframe_work\cinematic\002__SHOT__t0.00-t0.00__x2\f_020911.jpg","C:\Users\scott\soccer-video\out\_trash\dedupe_exact\20251103_125328\out\autoframe_work\cinematic\002__SHOT__t0.00-t0.00__x2\f_020911.jpg","out\autoframe_work\cinematic\002__SHOT__t0.00-t0.00__x2\f_020911.jpg","B27D966B78A6ECE0A036CAFBFC41A73A284CD6D64C11CE05633A34710C2E93C0","338745","11/3/2025 12:53:33 PM"
"C:\Users\scott\soccer-video\out\autoframe_work\cinematic\002__SHOT__t0.00-t0.00__x2\f_020912.jpg","C:\Users\scott\soccer-video\out\_trash\dedupe_exact\20251103_125328\out\autoframe_work\cinematic\002__SHOT__t0.00-t0.00__x2\f_020912.jpg","out\autoframe_work\cinematic\002__SHOT__t0.00-t0.00__x2\f_020912.jpg","B27D966B78A6ECE0A036CAFBFC41A73A284CD6D64C11CE05633A34710C2E93C0","338745","11/3/2025 12:53:33 PM"
"C:\Users\scott\soccer-video\out\autoframe_work\cinematic\002__SHOT__t0.00-t0.00__x2\f_020913.jpg","C:\Users\scott\soccer-video\out\_trash\dedupe_exact\20251103_125328\out\autoframe_work\cinematic\002__SHOT__t0.00-t0.00__x2\f_020913.jpg","out\autoframe_work\cinematic\002__SHOT__t0.00-t0.00__x2\f_020913.jpg","B27D966B78A6ECE0A036CAFBFC41A73A284CD6D64C11CE05633A34710C2E93C0","338745","11/3/2025 12:53:33 PM"
"C:\Users\scott\soccer-video\out\autoframe_work\cinematic\002__SHOT__t0.00-t0.00__x2\f_020910.jpg","C:\Users\scott\soccer-video\out\_trash\dedupe_exact\20251103_125328\out\autoframe_work\cinematic\002__SHOT__t0.00-t0.00__x2\f_020910.jpg","out\autoframe_work\cinematic\002__SHOT__t0.00-t0.00__x2\f_020910.jpg","B27D966B78A6ECE0A036CAFBFC41A73A284CD6D64C11CE05633A34710C2E93C0","338745","11/3/2025 12:53:33 PM"
"C:\Users\scott\soccer-video\out\autoframe_work\cinematic\002__SHOT__t0.00-t0.00__x2\f_020907.jpg","C:\Users\scott\soccer-video\out\_trash\dedupe_exact\20251103_125328\out\autoframe_work\cinematic\002__SHOT__t0.00-t0.00__x2\f_020907.jpg","out\autoframe_work\cinematic\002__SHOT__t0.00-t0.00__x2\f_020907.jpg","B27D966B78A6ECE0A036CAFBFC41A73A284CD6D64C11CE05633A34710C2E93C0","338745","11/3/2025 12:53:33 PM"
"C:\Users\scott\soccer-video\out\autoframe_work\cinematic\002__SHOT__t0.00-t0.00__x2\f_020908.jpg","C:\Users\scott\soccer-video\out\_trash\dedupe_exact\20251103_125328\out\autoframe_work\cinematic\002__SHOT__t0.00-t0.00__x2\f_020908.jpg","out\autoframe_work\cinematic\002__SHOT__t0.00-t0.00__x2\f_020908.jpg","B27D966B78A6ECE0A036CAFBFC41A73A284CD6D64C11CE05633A34710C2E93C0","338745","11/3/2025 12:53:33 PM"
"C:\Users\scott\soccer-video\out\autoframe_work\cinematic\002__SHOT__t0.00-t0.00__x2\f_020909.jpg","C:\Users\scott\soccer-video\out\_trash\dedupe_exact\20251103_125328\out\autoframe_work\cinematic\002__SHOT__t0.00-t0.00__x2\f_020909.jpg","out\autoframe_work\cinematic\002__SHOT__t0.00-t0.00__x2\f_020909.jpg","B27D966B78A6ECE0A036CAFBFC41A73A284CD6D64C11CE05633A34710C2E93C0","338745","11/3/2025 12:53:33 PM"
"C:\Users\scott\soccer-video\out\autoframe_work\cinematic\002__SHOT__t0.00-t0.00__x2\f_020914.jpg","C:\Users\scott\soccer-video\out\_trash\dedupe_exact\20251103_125328\out\autoframe_work\cinematic\002__SHOT__t0.00-t0.00__x2\f_020914.jpg","out\autoframe_work\cinematic\002__SHOT__t0.00-t0.00__x2\f_020914.jpg","B27D966B78A6ECE0A036CAFBFC41A73A284CD6D64C11CE05633A34710C2E93C0","338745","11/3/2025 12:53:33 PM"
"C:\Users\scott\soccer-video\out\autoframe_work\cinematic\002__SHOT__t0.00-t0.00__x2\f_020919.jpg","C:\Users\scott\soccer-video\out\_trash\dedupe_exact\20251103_125328\out\autoframe_work\cinematic\002__SHOT__t0.00-t0.00__x2\f_020919.jpg","out\autoframe_work\cinematic\002__SHOT__t0.00-t0.00__x2\f_020919.jpg","B27D966B78A6ECE0A036CAFBFC41A73A284CD6D64C11CE05633A34710C2E93C0","338745","11/3/2025 12:53:33 PM"
"C:\Users\scott\soccer-video\out\autoframe_work\cinematic\002__SHOT__t0.00-t0.00__x2\f_020920.jpg","C:\Users\scott\soccer-video\out\_trash\dedupe_exact\20251103_125328\out\autoframe_work\cinematic\002__SHOT__t0.00-t0.00__x2\f_020920.jpg","out\autoframe_work\cinematic\002__SHOT__t0.00-t0.00__x2\f_020920.jpg","B27D966B78A6ECE0A036CAFBFC41A73A284CD6D64C11CE05633A34710C2E93C0","338745","11/3/2025 12:53:33 PM"
"C:\Users\scott\soccer-video\out\autoframe_work\cinematic\002__SHOT__t0.00-t0.00__x2\f_020921.jpg","C:\Users\scott\soccer-video\out\_trash\dedupe_exact\20251103_125328\out\autoframe_work\cinematic\002__SHOT__t0.00-t0.00__x2\f_020921.jpg","out\autoframe_work\cinematic\002__SHOT__t0.00-t0.00__x2\f_020921.jpg","B27D966B78A6ECE0A036CAFBFC41A73A284CD6D64C11CE05633A34710C2E93C0","338745","11/3/2025 12:53:33 PM"
"C:\Users\scott\soccer-video\out\autoframe_work\cinematic\002__SHOT__t0.00-t0.00__x2\f_020918.jpg","C:\Users\scott\soccer-video\out\_trash\dedupe_exact\20251103_125328\out\autoframe_work\cinematic\002__SHOT__t0.00-t0.00__x2\f_020918.jpg","out\autoframe_work\cinematic\002__SHOT__t0.00-t0.00__x2\f_020918.jpg","B27D966B78A6ECE0A036CAFBFC41A73A284CD6D64C11CE05633A34710C2E93C0","338745","11/3/2025 12:53:34 PM"
"C:\Users\scott\soccer-video\out\autoframe_work\cinematic\002__SHOT__t0.00-t0.00__x2\f_020915.jpg","C:\Users\scott\soccer-video\out\_trash\dedupe_exact\20251103_125328\out\autoframe_work\cinematic\002__SHOT__t0.00-t0.00__x2\f_020915.jpg","out\autoframe_work\cinematic\002__SHOT__t0.00-t0.00__x2\f_020915.jpg","B27D966B78A6ECE0A036CAFBFC41A73A284CD6D64C11CE05633A34710C2E93C0","338745","11/3/2025 12:53:34 PM"
"C:\Users\scott\soccer-video\out\autoframe_work\cinematic\002__SHOT__t0.00-t0.00__x2\f_020916.jpg","C:\Users\scott\soccer-video\out\_trash\dedupe_exact\20251103_125328\out\autoframe_work\cinematic\002__SHOT__t0.00-t0.00__x2\f_020916.jpg","out\autoframe_work\cinematic\002__SHOT__t0.00-t0.00__x2\f_020916.jpg","B27D966B78A6ECE0A036CAFBFC41A73A284CD6D64C11CE05633A34710C2E93C0","338745","11/3/2025 12:53:34 PM"
"C:\Users\scott\soccer-video\out\autoframe_work\cinematic\002__SHOT__t0.00-t0.00__x2\f_020917.jpg","C:\Users\scott\soccer-video\out\_trash\dedupe_exact\20251103_125328\out\autoframe_work\cinematic\002__SHOT__t0.00-t0.00__x2\f_020917.jpg","out\autoframe_work\cinematic\002__SHOT__t0.00-t0.00__x2\f_020917.jpg","B27D966B78A6ECE0A036CAFBFC41A73A284CD6D64C11CE05633A34710C2E93C0","338745","11/3/2025 12:53:34 PM"
"C:\Users\scott\soccer-video\out\autoframe_work\cinematic\002__SHOT__t0.00-t0.00__x2\f_020937.jpg","C:\Users\scott\soccer-video\out\_trash\dedupe_exact\20251103_125328\out\autoframe_work\cinematic\002__SHOT__t0.00-t0.00__x2\f_020937.jpg","out\autoframe_work\cinematic\002__SHOT__t0.00-t0.00__x2\f_020937.jpg","B27D966B78A6ECE0A036CAFBFC41A73A284CD6D64C11CE05633A34710C2E93C0","338745","11/3/2025 12:53:34 PM"
"C:\Users\scott\soccer-video\out\autoframe_work\cinematic\002__SHOT__t0.00-t0.00__x2\f_020957.jpg","C:\Users\scott\soccer-video\out\_trash\dedupe_exact\20251103_125328\out\autoframe_work\cinematic\002__SHOT__t0.00-t0.00__x2\f_020957.jpg","out\autoframe_work\cinematic\002__SHOT__t0.00-t0.00__x2\f_020957.jpg","B27D966B78A6ECE0A036CAFBFC41A73A284CD6D64C11CE05633A34710C2E93C0","338745","11/3/2025 12:53:34 PM"
"C:\Users\scott\soccer-video\out\autoframe_work\cinematic\002__SHOT__t0.00-t0.00__x2\f_020958.jpg","C:\Users\scott\soccer-video\out\_trash\dedupe_exact\20251103_125328\out\autoframe_work\cinematic\002__SHOT__t0.00-t0.00__x2\f_020958.jpg","out\autoframe_work\cinematic\002__SHOT__t0.00-t0.00__x2\f_020958.jpg","B27D966B78A6ECE0A036CAFBFC41A73A284CD6D64C11CE05633A34710C2E93C0","338745","11/3/2025 12:53:34 PM"
"C:\Users\scott\soccer-video\out\autoframe_work\cinematic\002__SHOT__t0.00-t0.00__x2\f_020959.jpg","C:\Users\scott\soccer-video\out\_trash\dedupe_exact\20251103_125328\out\autoframe_work\cinematic\002__SHOT__t0.00-t0.00__x2\f_020959.jpg","out\autoframe_work\cinematic\002__SHOT__t0.00-t0.00__x2\f_020959.jpg","B27D966B78A6ECE0A036CAFBFC41A73A284CD6D64C11CE05633A34710C2E93C0","338745","11/3/2025 12:53:34 PM"
"C:\Users\scott\soccer-video\out\autoframe_work\cinematic\002__SHOT__t0.00-t0.00__x2\f_020956.jpg","C:\Users\scott\soccer-video\out\_trash\dedupe_exact\20251103_125328\out\autoframe_work\cinematic\002__SHOT__t0.00-t0.00__x2\f_020956.jpg","out\autoframe_work\cinematic\002__SHOT__t0.00-t0.00__x2\f_020956.jpg","B27D966B78A6ECE0A036CAFBFC41A73A284CD6D64C11CE05633A34710C2E93C0","338745","11/3/2025 12:53:34 PM"
"C:\Users\scott\soccer-video\out\autoframe_work\cinematic\002__SHOT__t0.00-t0.00__x2\f_020953.jpg","C:\Users\scott\soccer-video\out\_trash\dedupe_exact\20251103_125328\out\autoframe_work\cinematic\002__SHOT__t0.00-t0.00__x2\f_020953.jpg","out\autoframe_work\cinematic\002__SHOT__t0.00-t0.00__x2\f_020953.jpg","B27D966B78A6ECE0A036CAFBFC41A73A284CD6D64C11CE05633A34710C2E93C0","338745","11/3/2025 12:53:34 PM"
"C:\Users\scott\soccer-video\out\autoframe_work\cinematic\002__SHOT__t0.00-t0.00__x2\f_020954.jpg","C:\Users\scott\soccer-video\out\_trash\dedupe_exact\20251103_125328\out\autoframe_work\cinematic\002__SHOT__t0.00-t0.00__x2\f_020954.jpg","out\autoframe_work\cinematic\002__SHOT__t0.00-t0.00__x2\f_020954.jpg","B27D966B78A6ECE0A036CAFBFC41A73A284CD6D64C11CE05633A34710C2E93C0","338745","11/3/2025 12:53:34 PM"
"C:\Users\scott\soccer-video\out\autoframe_work\cinematic\002__SHOT__t0.00-t0.00__x2\f_020955.jpg","C:\Users\scott\soccer-video\out\_trash\dedupe_exact\20251103_125328\out\autoframe_work\cinematic\002__SHOT__t0.00-t0.00__x2\f_020955.jpg","out\autoframe_work\cinematic\002__SHOT__t0.00-t0.00__x2\f_020955.jpg","B27D966B78A6ECE0A036CAFBFC41A73A284CD6D64C11CE05633A34710C2E93C0","338745","11/3/2025 12:53:34 PM"
"C:\Users\scott\soccer-video\out\autoframe_work\cinematic\002__SHOT__t0.00-t0.00__x2\f_020964.jpg","C:\Users\scott\soccer-video\out\_trash\dedupe_exact\20251103_125328\out\autoframe_work\cinematic\002__SHOT__t0.00-t0.00__x2\f_020964.jpg","out\autoframe_work\cinematic\002__SHOT__t0.00-t0.00__x2\f_020964.jpg","B27D966B78A6ECE0A036CAFBFC41A73A284CD6D64C11CE05633A34710C2E93C0","338745","11/3/2025 12:53:34 PM"
"C:\Users\scott\soccer-video\out\autoframe_work\cinematic\002__SHOT__t0.00-t0.00__x2\f_020965.jpg","C:\Users\scott\soccer-video\out\_trash\dedupe_exact\20251103_125328\out\autoframe_work\cinematic\002__SHOT__t0.00-t0.00__x2\f_020965.jpg","out\autoframe_work\cinematic\002__SHOT__t0.00-t0.00__x2\f_020965.jpg","B27D966B78A6ECE0A036CAFBFC41A73A284CD6D64C11CE05633A34710C2E93C0","338745","11/3/2025 12:53:34 PM"
"C:\Users\scott\soccer-video\out\autoframe_work\cinematic\002__SHOT__t0.00-t0.00__x2\f_020966.jpg","C:\Users\scott\soccer-video\out\_trash\dedupe_exact\20251103_125328\out\autoframe_work\cinematic\002__SHOT__t0.00-t0.00__x2\f_020966.jpg","out\autoframe_work\cinematic\002__SHOT__t0.00-t0.00__x2\f_020966.jpg","B27D966B78A6ECE0A036CAFBFC41A73A284CD6D64C11CE05633A34710C2E93C0","338745","11/3/2025 12:53:34 PM"
"C:\Users\scott\soccer-video\out\autoframe_work\cinematic\002__SHOT__t0.00-t0.00__x2\f_020963.jpg","C:\Users\scott\soccer-video\out\_trash\dedupe_exact\20251103_125328\out\autoframe_work\cinematic\002__SHOT__t0.00-t0.00__x2\f_020963.jpg","out\autoframe_work\cinematic\002__SHOT__t0.00-t0.00__x2\f_020963.jpg","B27D966B78A6ECE0A036CAFBFC41A73A284CD6D64C11CE05633A34710C2E93C0","338745","11/3/2025 12:53:34 PM"
"C:\Users\scott\soccer-video\out\autoframe_work\cinematic\002__SHOT__t0.00-t0.00__x2\f_020960.jpg","C:\Users\scott\soccer-video\out\_trash\dedupe_exact\20251103_125328\out\autoframe_work\cinematic\002__SHOT__t0.00-t0.00__x2\f_020960.jpg","out\autoframe_work\cinematic\002__SHOT__t0.00-t0.00__x2\f_020960.jpg","B27D966B78A6ECE0A036CAFBFC41A73A284CD6D64C11CE05633A34710C2E93C0","338745","11/3/2025 12:53:34 PM"
"C:\Users\scott\soccer-video\out\autoframe_work\cinematic\002__SHOT__t0.00-t0.00__x2\f_020961.jpg","C:\Users\scott\soccer-video\out\_trash\dedupe_exact\20251103_125328\out\autoframe_work\cinematic\002__SHOT__t0.00-t0.00__x2\f_020961.jpg","out\autoframe_work\cinematic\002__SHOT__t0.00-t0.00__x2\f_020961.jpg","B27D966B78A6ECE0A036CAFBFC41A73A284CD6D64C11CE05633A34710C2E93C0","338745","11/3/2025 12:53:34 PM"
"C:\Users\scott\soccer-video\out\autoframe_work\cinematic\002__SHOT__t0.00-t0.00__x2\f_020962.jpg","C:\Users\scott\soccer-video\out\_trash\dedupe_exact\20251103_125328\out\autoframe_work\cinematic\002__SHOT__t0.00-t0.00__x2\f_020962.jpg","out\autoframe_work\cinematic\002__SHOT__t0.00-t0.00__x2\f_020962.jpg","B27D966B78A6ECE0A036CAFBFC41A73A284CD6D64C11CE05633A34710C2E93C0","338745","11/3/2025 12:53:34 PM"
"C:\Users\scott\soccer-video\out\autoframe_work\cinematic\002__SHOT__t0.00-t0.00__x2\f_020952.jpg","C:\Users\scott\soccer-video\out\_trash\dedupe_exact\20251103_125328\out\autoframe_work\cinematic\002__SHOT__t0.00-t0.00__x2\f_020952.jpg","out\autoframe_work\cinematic\002__SHOT__t0.00-t0.00__x2\f_020952.jpg","B27D966B78A6ECE0A036CAFBFC41A73A284CD6D64C11CE05633A34710C2E93C0","338745","11/3/2025 12:53:34 PM"
"C:\Users\scott\soccer-video\out\autoframe_work\cinematic\002__SHOT__t0.00-t0.00__x2\f_020942.jpg","C:\Users\scott\soccer-video\out\_trash\dedupe_exact\20251103_125328\out\autoframe_work\cinematic\002__SHOT__t0.00-t0.00__x2\f_020942.jpg","out\autoframe_work\cinematic\002__SHOT__t0.00-t0.00__x2\f_020942.jpg","B27D966B78A6ECE0A036CAFBFC41A73A284CD6D64C11CE05633A34710C2E93C0","338745","11/3/2025 12:53:34 PM"
"C:\Users\scott\soccer-video\out\autoframe_work\cinematic\002__SHOT__t0.00-t0.00__x2\f_020943.jpg","C:\Users\scott\soccer-video\out\_trash\dedupe_exact\20251103_125328\out\autoframe_work\cinematic\002__SHOT__t0.00-t0.00__x2\f_020943.jpg","out\autoframe_work\cinematic\002__SHOT__t0.00-t0.00__x2\f_020943.jpg","B27D966B78A6ECE0A036CAFBFC41A73A284CD6D64C11CE05633A34710C2E93C0","338745","11/3/2025 12:53:34 PM"
"C:\Users\scott\soccer-video\out\autoframe_work\cinematic\002__SHOT__t0.00-t0.00__x2\f_020944.jpg","C:\Users\scott\soccer-video\out\_trash\dedupe_exact\20251103_125328\out\autoframe_work\cinematic\002__SHOT__t0.00-t0.00__x2\f_020944.jpg","out\autoframe_work\cinematic\002__SHOT__t0.00-t0.00__x2\f_020944.jpg","B27D966B78A6ECE0A036CAFBFC41A73A284CD6D64C11CE05633A34710C2E93C0","338745","11/3/2025 12:53:34 PM"
"C:\Users\scott\soccer-video\out\autoframe_work\cinematic\002__SHOT__t0.00-t0.00__x2\f_020941.jpg","C:\Users\scott\soccer-video\out\_trash\dedupe_exact\20251103_125328\out\autoframe_work\cinematic\002__SHOT__t0.00-t0.00__x2\f_020941.jpg","out\autoframe_work\cinematic\002__SHOT__t0.00-t0.00__x2\f_020941.jpg","B27D966B78A6ECE0A036CAFBFC41A73A284CD6D64C11CE05633A34710C2E93C0","338745","11/3/2025 12:53:34 PM"
"C:\Users\scott\soccer-video\out\autoframe_work\cinematic\002__SHOT__t0.00-t0.00__x2\f_020938.jpg","C:\Users\scott\soccer-video\out\_trash\dedupe_exact\20251103_125328\out\autoframe_work\cinematic\002__SHOT__t0.00-t0.00__x2\f_020938.jpg","out\autoframe_work\cinematic\002__SHOT__t0.00-t0.00__x2\f_020938.jpg","B27D966B78A6ECE0A036CAFBFC41A73A284CD6D64C11CE05633A34710C2E93C0","338745","11/3/2025 12:53:34 PM"
"C:\Users\scott\soccer-video\out\autoframe_work\cinematic\002__SHOT__t0.00-t0.00__x2\f_020939.jpg","C:\Users\scott\soccer-video\out\_trash\dedupe_exact\20251103_125328\out\autoframe_work\cinematic\002__SHOT__t0.00-t0.00__x2\f_020939.jpg","out\autoframe_work\cinematic\002__SHOT__t0.00-t0.00__x2\f_020939.jpg","B27D966B78A6ECE0A036CAFBFC41A73A284CD6D64C11CE05633A34710C2E93C0","338745","11/3/2025 12:53:34 PM"
"C:\Users\scott\soccer-video\out\autoframe_work\cinematic\002__SHOT__t0.00-t0.00__x2\f_020940.jpg","C:\Users\scott\soccer-video\out\_trash\dedupe_exact\20251103_125328\out\autoframe_work\cinematic\002__SHOT__t0.00-t0.00__x2\f_020940.jpg","out\autoframe_work\cinematic\002__SHOT__t0.00-t0.00__x2\f_020940.jpg","B27D966B78A6ECE0A036CAFBFC41A73A284CD6D64C11CE05633A34710C2E93C0","338745","11/3/2025 12:53:34 PM"
"C:\Users\scott\soccer-video\out\autoframe_work\cinematic\002__SHOT__t0.00-t0.00__x2\f_020949.jpg","C:\Users\scott\soccer-video\out\_trash\dedupe_exact\20251103_125328\out\autoframe_work\cinematic\002__SHOT__t0.00-t0.00__x2\f_020949.jpg","out\autoframe_work\cinematic\002__SHOT__t0.00-t0.00__x2\f_020949.jpg","B27D966B78A6ECE0A036CAFBFC41A73A284CD6D64C11CE05633A34710C2E93C0","338745","11/3/2025 12:53:34 PM"
"C:\Users\scott\soccer-video\out\autoframe_work\cinematic\002__SHOT__t0.00-t0.00__x2\f_020950.jpg","C:\Users\scott\soccer-video\out\_trash\dedupe_exact\20251103_125328\out\autoframe_work\cinematic\002__SHOT__t0.00-t0.00__x2\f_020950.jpg","out\autoframe_work\cinematic\002__SHOT__t0.00-t0.00__x2\f_020950.jpg","B27D966B78A6ECE0A036CAFBFC41A73A284CD6D64C11CE05633A34710C2E93C0","338745","11/3/2025 12:53:34 PM"
"C:\Users\scott\soccer-video\out\autoframe_work\cinematic\002__SHOT__t0.00-t0.00__x2\f_020951.jpg","C:\Users\scott\soccer-video\out\_trash\dedupe_exact\20251103_125328\out\autoframe_work\cinematic\002__SHOT__t0.00-t0.00__x2\f_020951.jpg","out\autoframe_work\cinematic\002__SHOT__t0.00-t0.00__x2\f_020951.jpg","B27D966B78A6ECE0A036CAFBFC41A73A284CD6D64C11CE05633A34710C2E93C0","338745","11/3/2025 12:53:34 PM"
"C:\Users\scott\soccer-video\out\autoframe_work\cinematic\002__SHOT__t0.00-t0.00__x2\f_020948.jpg","C:\Users\scott\soccer-video\out\_trash\dedupe_exact\20251103_125328\out\autoframe_work\cinematic\002__SHOT__t0.00-t0.00__x2\f_020948.jpg","out\autoframe_work\cinematic\002__SHOT__t0.00-t0.00__x2\f_020948.jpg","B27D966B78A6ECE0A036CAFBFC41A73A284CD6D64C11CE05633A34710C2E93C0","338745","11/3/2025 12:53:34 PM"
"C:\Users\scott\soccer-video\out\autoframe_work\cinematic\002__SHOT__t0.00-t0.00__x2\f_020945.jpg","C:\Users\scott\soccer-video\out\_trash\dedupe_exact\20251103_125328\out\autoframe_work\cinematic\002__SHOT__t0.00-t0.00__x2\f_020945.jpg","out\autoframe_work\cinematic\002__SHOT__t0.00-t0.00__x2\f_020945.jpg","B27D966B78A6ECE0A036CAFBFC41A73A284CD6D64C11CE05633A34710C2E93C0","338745","11/3/2025 12:53:34 PM"
"C:\Users\scott\soccer-video\out\autoframe_work\cinematic\002__SHOT__t0.00-t0.00__x2\f_020946.jpg","C:\Users\scott\soccer-video\out\_trash\dedupe_exact\20251103_125328\out\autoframe_work\cinematic\002__SHOT__t0.00-t0.00__x2\f_020946.jpg","out\autoframe_work\cinematic\002__SHOT__t0.00-t0.00__x2\f_020946.jpg","B27D966B78A6ECE0A036CAFBFC41A73A284CD6D64C11CE05633A34710C2E93C0","338745","11/3/2025 12:53:34 PM"
"C:\Users\scott\soccer-video\out\autoframe_work\cinematic\002__SHOT__t0.00-t0.00__x2\f_020947.jpg","C:\Users\scott\soccer-video\out\_trash\dedupe_exact\20251103_125328\out\autoframe_work\cinematic\002__SHOT__t0.00-t0.00__x2\f_020947.jpg","out\autoframe_work\cinematic\002__SHOT__t0.00-t0.00__x2\f_020947.jpg","B27D966B78A6ECE0A036CAFBFC41A73A284CD6D64C11CE05633A34710C2E93C0","338745","11/3/2025 12:53:34 PM"
"C:\Users\scott\soccer-video\out\autoframe_work\cinematic\003__SHOT__t0.00-t0.00__x2\f_025100.jpg","C:\Users\scott\soccer-video\out\_trash\dedupe_exact\20251103_125328\out\autoframe_work\cinematic\003__SHOT__t0.00-t0.00__x2\f_025100.jpg","out\autoframe_work\cinematic\003__SHOT__t0.00-t0.00__x2\f_025100.jpg","B27D966B78A6ECE0A036CAFBFC41A73A284CD6D64C11CE05633A34710C2E93C0","338745","11/3/2025 12:53:34 PM"
"C:\Users\scott\soccer-video\out\autoframe_work\cinematic\002__SHOT__t0.00-t0.00__x2\f_020967.jpg","C:\Users\scott\soccer-video\out\_trash\dedupe_exact\20251103_125328\out\autoframe_work\cinematic\002__SHOT__t0.00-t0.00__x2\f_020967.jpg","out\autoframe_work\cinematic\002__SHOT__t0.00-t0.00__x2\f_020967.jpg","B27D966B78A6ECE0A036CAFBFC41A73A284CD6D64C11CE05633A34710C2E93C0","338745","11/3/2025 12:53:34 PM"
"C:\Users\scott\soccer-video\out\autoframe_work\cinematic\DEFENSE__t310.00-t342.00__x2\f_000999.jpg","C:\Users\scott\soccer-video\out\_trash\dedupe_exact\20251103_125328\out\autoframe_work\cinematic\DEFENSE__t310.00-t342.00__x2\f_000999.jpg","out\autoframe_work\cinematic\DEFENSE__t310.00-t342.00__x2\f_000999.jpg","B27D966B78A6ECE0A036CAFBFC41A73A284CD6D64C11CE05633A34710C2E93C0","338745","11/3/2025 12:53:34 PM"
"C:\Users\scott\soccer-video\out\autoframe_work\cinematic\DEFENSE__t310.00-t342.00__x2\f_000998.jpg","C:\Users\scott\soccer-video\out\_trash\dedupe_exact\20251103_125328\out\autoframe_work\cinematic\DEFENSE__t310.00-t342.00__x2\f_000998.jpg","out\autoframe_work\cinematic\DEFENSE__t310.00-t342.00__x2\f_000998.jpg","B27D966B78A6ECE0A036CAFBFC41A73A284CD6D64C11CE05633A34710C2E93C0","338745","11/3/2025 12:53:34 PM"
"C:\Users\scott\soccer-video\out\autoframe_work\cinematic\DEFENSE__t310.00-t342.00__x2\f_000997.jpg","C:\Users\scott\soccer-video\out\_trash\dedupe_exact\20251103_125328\out\autoframe_work\cinematic\DEFENSE__t310.00-t342.00__x2\f_000997.jpg","out\autoframe_work\cinematic\DEFENSE__t310.00-t342.00__x2\f_000997.jpg","B27D966B78A6ECE0A036CAFBFC41A73A284CD6D64C11CE05633A34710C2E93C0","338745","11/3/2025 12:53:34 PM"
"C:\Users\scott\soccer-video\out\autoframe_work\cinematic\DEFENSE__t310.00-t342.00__x2\f_001000.jpg","C:\Users\scott\soccer-video\out\_trash\dedupe_exact\20251103_125328\out\autoframe_work\cinematic\DEFENSE__t310.00-t342.00__x2\f_001000.jpg","out\autoframe_work\cinematic\DEFENSE__t310.00-t342.00__x2\f_001000.jpg","B27D966B78A6ECE0A036CAFBFC41A73A284CD6D64C11CE05633A34710C2E93C0","338745","11/3/2025 12:53:34 PM"
"C:\Users\scott\soccer-video\out\autoframe_work\cinematic\DEFENSE__t310.00-t342.00__x2\f_001003.jpg","C:\Users\scott\soccer-video\out\_trash\dedupe_exact\20251103_125328\out\autoframe_work\cinematic\DEFENSE__t310.00-t342.00__x2\f_001003.jpg","out\autoframe_work\cinematic\DEFENSE__t310.00-t342.00__x2\f_001003.jpg","B27D966B78A6ECE0A036CAFBFC41A73A284CD6D64C11CE05633A34710C2E93C0","338745","11/3/2025 12:53:34 PM"
"C:\Users\scott\soccer-video\out\autoframe_work\cinematic\DEFENSE__t310.00-t342.00__x2\f_001002.jpg","C:\Users\scott\soccer-video\out\_trash\dedupe_exact\20251103_125328\out\autoframe_work\cinematic\DEFENSE__t310.00-t342.00__x2\f_001002.jpg","out\autoframe_work\cinematic\DEFENSE__t310.00-t342.00__x2\f_001002.jpg","B27D966B78A6ECE0A036CAFBFC41A73A284CD6D64C11CE05633A34710C2E93C0","338745","11/3/2025 12:53:34 PM"
"C:\Users\scott\soccer-video\out\autoframe_work\cinematic\DEFENSE__t310.00-t342.00__x2\f_001001.jpg","C:\Users\scott\soccer-video\out\_trash\dedupe_exact\20251103_125328\out\autoframe_work\cinematic\DEFENSE__t310.00-t342.00__x2\f_001001.jpg","out\autoframe_work\cinematic\DEFENSE__t310.00-t342.00__x2\f_001001.jpg","B27D966B78A6ECE0A036CAFBFC41A73A284CD6D64C11CE05633A34710C2E93C0","338745","11/3/2025 12:53:34 PM"
"C:\Users\scott\soccer-video\out\autoframe_work\cinematic\DEFENSE__t310.00-t342.00__x2\f_000996.jpg","C:\Users\scott\soccer-video\out\_trash\dedupe_exact\20251103_125328\out\autoframe_work\cinematic\DEFENSE__t310.00-t342.00__x2\f_000996.jpg","out\autoframe_work\cinematic\DEFENSE__t310.00-t342.00__x2\f_000996.jpg","B27D966B78A6ECE0A036CAFBFC41A73A284CD6D64C11CE05633A34710C2E93C0","338745","11/3/2025 12:53:34 PM"
"C:\Users\scott\soccer-video\out\autoframe_work\cinematic\DEFENSE__t310.00-t342.00__x2\f_000991.jpg","C:\Users\scott\soccer-video\out\_trash\dedupe_exact\20251103_125328\out\autoframe_work\cinematic\DEFENSE__t310.00-t342.00__x2\f_000991.jpg","out\autoframe_work\cinematic\DEFENSE__t310.00-t342.00__x2\f_000991.jpg","B27D966B78A6ECE0A036CAFBFC41A73A284CD6D64C11CE05633A34710C2E93C0","338745","11/3/2025 12:53:34 PM"
"C:\Users\scott\soccer-video\out\autoframe_work\cinematic\DEFENSE__t310.00-t342.00__x2\f_000990.jpg","C:\Users\scott\soccer-video\out\_trash\dedupe_exact\20251103_125328\out\autoframe_work\cinematic\DEFENSE__t310.00-t342.00__x2\f_000990.jpg","out\autoframe_work\cinematic\DEFENSE__t310.00-t342.00__x2\f_000990.jpg","B27D966B78A6ECE0A036CAFBFC41A73A284CD6D64C11CE05633A34710C2E93C0","338745","11/3/2025 12:53:34 PM"
"C:\Users\scott\soccer-video\out\autoframe_work\cinematic\DEFENSE__t310.00-t342.00__x2\f_000989.jpg","C:\Users\scott\soccer-video\out\_trash\dedupe_exact\20251103_125328\out\autoframe_work\cinematic\DEFENSE__t310.00-t342.00__x2\f_000989.jpg","out\autoframe_work\cinematic\DEFENSE__t310.00-t342.00__x2\f_000989.jpg","B27D966B78A6ECE0A036CAFBFC41A73A284CD6D64C11CE05633A34710C2E93C0","338745","11/3/2025 12:53:34 PM"
"C:\Users\scott\soccer-video\out\autoframe_work\cinematic\DEFENSE__t310.00-t342.00__x2\f_000992.jpg","C:\Users\scott\soccer-video\out\_trash\dedupe_exact\20251103_125328\out\autoframe_work\cinematic\DEFENSE__t310.00-t342.00__x2\f_000992.jpg","out\autoframe_work\cinematic\DEFENSE__t310.00-t342.00__x2\f_000992.jpg","B27D966B78A6ECE0A036CAFBFC41A73A284CD6D64C11CE05633A34710C2E93C0","338745","11/3/2025 12:53:34 PM"
"C:\Users\scott\soccer-video\out\autoframe_work\cinematic\DEFENSE__t310.00-t342.00__x2\f_000995.jpg","C:\Users\scott\soccer-video\out\_trash\dedupe_exact\20251103_125328\out\autoframe_work\cinematic\DEFENSE__t310.00-t342.00__x2\f_000995.jpg","out\autoframe_work\cinematic\DEFENSE__t310.00-t342.00__x2\f_000995.jpg","B27D966B78A6ECE0A036CAFBFC41A73A284CD6D64C11CE05633A34710C2E93C0","338745","11/3/2025 12:53:34 PM"
"C:\Users\scott\soccer-video\out\autoframe_work\cinematic\DEFENSE__t310.00-t342.00__x2\f_000994.jpg","C:\Users\scott\soccer-video\out\_trash\dedupe_exact\20251103_125328\out\autoframe_work\cinematic\DEFENSE__t310.00-t342.00__x2\f_000994.jpg","out\autoframe_work\cinematic\DEFENSE__t310.00-t342.00__x2\f_000994.jpg","B27D966B78A6ECE0A036CAFBFC41A73A284CD6D64C11CE05633A34710C2E93C0","338745","11/3/2025 12:53:34 PM"
"C:\Users\scott\soccer-video\out\autoframe_work\cinematic\DEFENSE__t310.00-t342.00__x2\f_000993.jpg","C:\Users\scott\soccer-video\out\_trash\dedupe_exact\20251103_125328\out\autoframe_work\cinematic\DEFENSE__t310.00-t342.00__x2\f_000993.jpg","out\autoframe_work\cinematic\DEFENSE__t310.00-t342.00__x2\f_000993.jpg","B27D966B78A6ECE0A036CAFBFC41A73A284CD6D64C11CE05633A34710C2E93C0","338745","11/3/2025 12:53:34 PM"
"C:\Users\scott\soccer-video\out\autoframe_work\cinematic\DEFENSE__t310.00-t342.00__x2\f_001014.jpg","C:\Users\scott\soccer-video\out\_trash\dedupe_exact\20251103_125328\out\autoframe_work\cinematic\DEFENSE__t310.00-t342.00__x2\f_001014.jpg","out\autoframe_work\cinematic\DEFENSE__t310.00-t342.00__x2\f_001014.jpg","B27D966B78A6ECE0A036CAFBFC41A73A284CD6D64C11CE05633A34710C2E93C0","338745","11/3/2025 12:53:34 PM"
"C:\Users\scott\soccer-video\out\autoframe_work\cinematic\DEFENSE__t310.00-t342.00__x2\f_001013.jpg","C:\Users\scott\soccer-video\out\_trash\dedupe_exact\20251103_125328\out\autoframe_work\cinematic\DEFENSE__t310.00-t342.00__x2\f_001013.jpg","out\autoframe_work\cinematic\DEFENSE__t310.00-t342.00__x2\f_001013.jpg","B27D966B78A6ECE0A036CAFBFC41A73A284CD6D64C11CE05633A34710C2E93C0","338745","11/3/2025 12:53:34 PM"
"C:\Users\scott\soccer-video\out\autoframe_work\cinematic\DEFENSE__t310.00-t342.00__x2\f_001012.jpg","C:\Users\scott\soccer-video\out\_trash\dedupe_exact\20251103_125328\out\autoframe_work\cinematic\DEFENSE__t310.00-t342.00__x2\f_001012.jpg","out\autoframe_work\cinematic\DEFENSE__t310.00-t342.00__x2\f_001012.jpg","B27D966B78A6ECE0A036CAFBFC41A73A284CD6D64C11CE05633A34710C2E93C0","338745","11/3/2025 12:53:34 PM"
"C:\Users\scott\soccer-video\out\autoframe_work\cinematic\DEFENSE__t310.00-t342.00__x2\f_001015.jpg","C:\Users\scott\soccer-video\out\_trash\dedupe_exact\20251103_125328\out\autoframe_work\cinematic\DEFENSE__t310.00-t342.00__x2\f_001015.jpg","out\autoframe_work\cinematic\DEFENSE__t310.00-t342.00__x2\f_001015.jpg","B27D966B78A6ECE0A036CAFBFC41A73A284CD6D64C11CE05633A34710C2E93C0","338745","11/3/2025 12:53:34 PM"
"C:\Users\scott\soccer-video\out\autoframe_work\cinematic\DEFENSE__t310.00-t342.00__x2\f_001018.jpg","C:\Users\scott\soccer-video\out\_trash\dedupe_exact\20251103_125328\out\autoframe_work\cinematic\DEFENSE__t310.00-t342.00__x2\f_001018.jpg","out\autoframe_work\cinematic\DEFENSE__t310.00-t342.00__x2\f_001018.jpg","B27D966B78A6ECE0A036CAFBFC41A73A284CD6D64C11CE05633A34710C2E93C0","338745","11/3/2025 12:53:34 PM"
"C:\Users\scott\soccer-video\out\autoframe_work\cinematic\DEFENSE__t310.00-t342.00__x2\f_001017.jpg","C:\Users\scott\soccer-video\out\_trash\dedupe_exact\20251103_125328\out\autoframe_work\cinematic\DEFENSE__t310.00-t342.00__x2\f_001017.jpg","out\autoframe_work\cinematic\DEFENSE__t310.00-t342.00__x2\f_001017.jpg","B27D966B78A6ECE0A036CAFBFC41A73A284CD6D64C11CE05633A34710C2E93C0","338745","11/3/2025 12:53:34 PM"
"C:\Users\scott\soccer-video\out\autoframe_work\cinematic\DEFENSE__t310.00-t342.00__x2\f_001016.jpg","C:\Users\scott\soccer-video\out\_trash\dedupe_exact\20251103_125328\out\autoframe_work\cinematic\DEFENSE__t310.00-t342.00__x2\f_001016.jpg","out\autoframe_work\cinematic\DEFENSE__t310.00-t342.00__x2\f_001016.jpg","B27D966B78A6ECE0A036CAFBFC41A73A284CD6D64C11CE05633A34710C2E93C0","338745","11/3/2025 12:53:34 PM"
"C:\Users\scott\soccer-video\out\autoframe_work\cinematic\DEFENSE__t310.00-t342.00__x2\f_001011.jpg","C:\Users\scott\soccer-video\out\_trash\dedupe_exact\20251103_125328\out\autoframe_work\cinematic\DEFENSE__t310.00-t342.00__x2\f_001011.jpg","out\autoframe_work\cinematic\DEFENSE__t310.00-t342.00__x2\f_001011.jpg","B27D966B78A6ECE0A036CAFBFC41A73A284CD6D64C11CE05633A34710C2E93C0","338745","11/3/2025 12:53:34 PM"
"C:\Users\scott\soccer-video\out\autoframe_work\cinematic\DEFENSE__t310.00-t342.00__x2\f_001006.jpg","C:\Users\scott\soccer-video\out\_trash\dedupe_exact\20251103_125328\out\autoframe_work\cinematic\DEFENSE__t310.00-t342.00__x2\f_001006.jpg","out\autoframe_work\cinematic\DEFENSE__t310.00-t342.00__x2\f_001006.jpg","B27D966B78A6ECE0A036CAFBFC41A73A284CD6D64C11CE05633A34710C2E93C0","338745","11/3/2025 12:53:34 PM"
"C:\Users\scott\soccer-video\out\autoframe_work\cinematic\DEFENSE__t310.00-t342.00__x2\f_001005.jpg","C:\Users\scott\soccer-video\out\_trash\dedupe_exact\20251103_125328\out\autoframe_work\cinematic\DEFENSE__t310.00-t342.00__x2\f_001005.jpg","out\autoframe_work\cinematic\DEFENSE__t310.00-t342.00__x2\f_001005.jpg","B27D966B78A6ECE0A036CAFBFC41A73A284CD6D64C11CE05633A34710C2E93C0","338745","11/3/2025 12:53:34 PM"
"C:\Users\scott\soccer-video\out\autoframe_work\cinematic\DEFENSE__t310.00-t342.00__x2\f_001004.jpg","C:\Users\scott\soccer-video\out\_trash\dedupe_exact\20251103_125328\out\autoframe_work\cinematic\DEFENSE__t310.00-t342.00__x2\f_001004.jpg","out\autoframe_work\cinematic\DEFENSE__t310.00-t342.00__x2\f_001004.jpg","B27D966B78A6ECE0A036CAFBFC41A73A284CD6D64C11CE05633A34710C2E93C0","338745","11/3/2025 12:53:34 PM"
"C:\Users\scott\soccer-video\out\autoframe_work\cinematic\DEFENSE__t310.00-t342.00__x2\f_001007.jpg","C:\Users\scott\soccer-video\out\_trash\dedupe_exact\20251103_125328\out\autoframe_work\cinematic\DEFENSE__t310.00-t342.00__x2\f_001007.jpg","out\autoframe_work\cinematic\DEFENSE__t310.00-t342.00__x2\f_001007.jpg","B27D966B78A6ECE0A036CAFBFC41A73A284CD6D64C11CE05633A34710C2E93C0","338745","11/3/2025 12:53:34 PM"
"C:\Users\scott\soccer-video\out\autoframe_work\cinematic\DEFENSE__t310.00-t342.00__x2\f_001010.jpg","C:\Users\scott\soccer-video\out\_trash\dedupe_exact\20251103_125328\out\autoframe_work\cinematic\DEFENSE__t310.00-t342.00__x2\f_001010.jpg","out\autoframe_work\cinematic\DEFENSE__t310.00-t342.00__x2\f_001010.jpg","B27D966B78A6ECE0A036CAFBFC41A73A284CD6D64C11CE05633A34710C2E93C0","338745","11/3/2025 12:53:34 PM"
"C:\Users\scott\soccer-video\out\autoframe_work\cinematic\DEFENSE__t310.00-t342.00__x2\f_001009.jpg","C:\Users\scott\soccer-video\out\_trash\dedupe_exact\20251103_125328\out\autoframe_work\cinematic\DEFENSE__t310.00-t342.00__x2\f_001009.jpg","out\autoframe_work\cinematic\DEFENSE__t310.00-t342.00__x2\f_001009.jpg","B27D966B78A6ECE0A036CAFBFC41A73A284CD6D64C11CE05633A34710C2E93C0","338745","11/3/2025 12:53:34 PM"
"C:\Users\scott\soccer-video\out\autoframe_work\cinematic\DEFENSE__t310.00-t342.00__x2\f_001008.jpg","C:\Users\scott\soccer-video\out\_trash\dedupe_exact\20251103_125328\out\autoframe_work\cinematic\DEFENSE__t310.00-t342.00__x2\f_001008.jpg","out\autoframe_work\cinematic\DEFENSE__t310.00-t342.00__x2\f_001008.jpg","B27D966B78A6ECE0A036CAFBFC41A73A284CD6D64C11CE05633A34710C2E93C0","338745","11/3/2025 12:53:34 PM"
"C:\Users\scott\soccer-video\out\autoframe_work\cinematic\DEFENSE__t310.00-t342.00__x2\f_000969.jpg","C:\Users\scott\soccer-video\out\_trash\dedupe_exact\20251103_125328\out\autoframe_work\cinematic\DEFENSE__t310.00-t342.00__x2\f_000969.jpg","out\autoframe_work\cinematic\DEFENSE__t310.00-t342.00__x2\f_000969.jpg","B27D966B78A6ECE0A036CAFBFC41A73A284CD6D64C11CE05633A34710C2E93C0","338745","11/3/2025 12:53:34 PM"
"C:\Users\scott\soccer-video\out\autoframe_work\cinematic\DEFENSE__t310.00-t342.00__x2\f_000968.jpg","C:\Users\scott\soccer-video\out\_trash\dedupe_exact\20251103_125328\out\autoframe_work\cinematic\DEFENSE__t310.00-t342.00__x2\f_000968.jpg","out\autoframe_work\cinematic\DEFENSE__t310.00-t342.00__x2\f_000968.jpg","B27D966B78A6ECE0A036CAFBFC41A73A284CD6D64C11CE05633A34710C2E93C0","338745","11/3/2025 12:53:34 PM"
"C:\Users\scott\soccer-video\out\autoframe_work\cinematic\DEFENSE__t310.00-t342.00__x2\f_000967.jpg","C:\Users\scott\soccer-video\out\_trash\dedupe_exact\20251103_125328\out\autoframe_work\cinematic\DEFENSE__t310.00-t342.00__x2\f_000967.jpg","out\autoframe_work\cinematic\DEFENSE__t310.00-t342.00__x2\f_000967.jpg","B27D966B78A6ECE0A036CAFBFC41A73A284CD6D64C11CE05633A34710C2E93C0","338745","11/3/2025 12:53:34 PM"
"C:\Users\scott\soccer-video\out\autoframe_work\cinematic\DEFENSE__t310.00-t342.00__x2\f_000970.jpg","C:\Users\scott\soccer-video\out\_trash\dedupe_exact\20251103_125328\out\autoframe_work\cinematic\DEFENSE__t310.00-t342.00__x2\f_000970.jpg","out\autoframe_work\cinematic\DEFENSE__t310.00-t342.00__x2\f_000970.jpg","B27D966B78A6ECE0A036CAFBFC41A73A284CD6D64C11CE05633A34710C2E93C0","338745","11/3/2025 12:53:34 PM"
"C:\Users\scott\soccer-video\out\autoframe_work\cinematic\DEFENSE__t310.00-t342.00__x2\f_000973.jpg","C:\Users\scott\soccer-video\out\_trash\dedupe_exact\20251103_125328\out\autoframe_work\cinematic\DEFENSE__t310.00-t342.00__x2\f_000973.jpg","out\autoframe_work\cinematic\DEFENSE__t310.00-t342.00__x2\f_000973.jpg","B27D966B78A6ECE0A036CAFBFC41A73A284CD6D64C11CE05633A34710C2E93C0","338745","11/3/2025 12:53:34 PM"
"C:\Users\scott\soccer-video\out\autoframe_work\cinematic\DEFENSE__t310.00-t342.00__x2\f_000972.jpg","C:\Users\scott\soccer-video\out\_trash\dedupe_exact\20251103_125328\out\autoframe_work\cinematic\DEFENSE__t310.00-t342.00__x2\f_000972.jpg","out\autoframe_work\cinematic\DEFENSE__t310.00-t342.00__x2\f_000972.jpg","B27D966B78A6ECE0A036CAFBFC41A73A284CD6D64C11CE05633A34710C2E93C0","338745","11/3/2025 12:53:34 PM"
"C:\Users\scott\soccer-video\out\autoframe_work\cinematic\DEFENSE__t310.00-t342.00__x2\f_000971.jpg","C:\Users\scott\soccer-video\out\_trash\dedupe_exact\20251103_125328\out\autoframe_work\cinematic\DEFENSE__t310.00-t342.00__x2\f_000971.jpg","out\autoframe_work\cinematic\DEFENSE__t310.00-t342.00__x2\f_000971.jpg","B27D966B78A6ECE0A036CAFBFC41A73A284CD6D64C11CE05633A34710C2E93C0","338745","11/3/2025 12:53:34 PM"
"C:\Users\scott\soccer-video\out\autoframe_work\cinematic\DEFENSE__t310.00-t342.00__x2\f_000966.jpg","C:\Users\scott\soccer-video\out\_trash\dedupe_exact\20251103_125328\out\autoframe_work\cinematic\DEFENSE__t310.00-t342.00__x2\f_000966.jpg","out\autoframe_work\cinematic\DEFENSE__t310.00-t342.00__x2\f_000966.jpg","B27D966B78A6ECE0A036CAFBFC41A73A284CD6D64C11CE05633A34710C2E93C0","338745","11/3/2025 12:53:34 PM"
"C:\Users\scott\soccer-video\out\autoframe_work\cinematic\DEFENSE__t310.00-t342.00__x2\f_000961.jpg","C:\Users\scott\soccer-video\out\_trash\dedupe_exact\20251103_125328\out\autoframe_work\cinematic\DEFENSE__t310.00-t342.00__x2\f_000961.jpg","out\autoframe_work\cinematic\DEFENSE__t310.00-t342.00__x2\f_000961.jpg","B27D966B78A6ECE0A036CAFBFC41A73A284CD6D64C11CE05633A34710C2E93C0","338745","11/3/2025 12:53:34 PM"
"C:\Users\scott\soccer-video\out\autoframe_work\cinematic\DEFENSE__t310.00-t342.00__x2\f_000960.jpg","C:\Users\scott\soccer-video\out\_trash\dedupe_exact\20251103_125328\out\autoframe_work\cinematic\DEFENSE__t310.00-t342.00__x2\f_000960.jpg","out\autoframe_work\cinematic\DEFENSE__t310.00-t342.00__x2\f_000960.jpg","B27D966B78A6ECE0A036CAFBFC41A73A284CD6D64C11CE05633A34710C2E93C0","338745","11/3/2025 12:53:34 PM"
"C:\Users\scott\soccer-video\out\autoframe_work\cinematic\DEFENSE__t310.00-t342.00__x2\f_001019.jpg","C:\Users\scott\soccer-video\out\_trash\dedupe_exact\20251103_125328\out\autoframe_work\cinematic\DEFENSE__t310.00-t342.00__x2\f_001019.jpg","out\autoframe_work\cinematic\DEFENSE__t310.00-t342.00__x2\f_001019.jpg","B27D966B78A6ECE0A036CAFBFC41A73A284CD6D64C11CE05633A34710C2E93C0","338745","11/3/2025 12:53:34 PM"
"C:\Users\scott\soccer-video\out\autoframe_work\cinematic\DEFENSE__t310.00-t342.00__x2\f_000962.jpg","C:\Users\scott\soccer-video\out\_trash\dedupe_exact\20251103_125328\out\autoframe_work\cinematic\DEFENSE__t310.00-t342.00__x2\f_000962.jpg","out\autoframe_work\cinematic\DEFENSE__t310.00-t342.00__x2\f_000962.jpg","B27D966B78A6ECE0A036CAFBFC41A73A284CD6D64C11CE05633A34710C2E93C0","338745","11/3/2025 12:53:34 PM"
"C:\Users\scott\soccer-video\out\autoframe_work\cinematic\DEFENSE__t310.00-t342.00__x2\f_000965.jpg","C:\Users\scott\soccer-video\out\_trash\dedupe_exact\20251103_125328\out\autoframe_work\cinematic\DEFENSE__t310.00-t342.00__x2\f_000965.jpg","out\autoframe_work\cinematic\DEFENSE__t310.00-t342.00__x2\f_000965.jpg","B27D966B78A6ECE0A036CAFBFC41A73A284CD6D64C11CE05633A34710C2E93C0","338745","11/3/2025 12:53:34 PM"
"C:\Users\scott\soccer-video\out\autoframe_work\cinematic\DEFENSE__t310.00-t342.00__x2\f_000964.jpg","C:\Users\scott\soccer-video\out\_trash\dedupe_exact\20251103_125328\out\autoframe_work\cinematic\DEFENSE__t310.00-t342.00__x2\f_000964.jpg","out\autoframe_work\cinematic\DEFENSE__t310.00-t342.00__x2\f_000964.jpg","B27D966B78A6ECE0A036CAFBFC41A73A284CD6D64C11CE05633A34710C2E93C0","338745","11/3/2025 12:53:34 PM"
"C:\Users\scott\soccer-video\out\autoframe_work\cinematic\DEFENSE__t310.00-t342.00__x2\f_000963.jpg","C:\Users\scott\soccer-video\out\_trash\dedupe_exact\20251103_125328\out\autoframe_work\cinematic\DEFENSE__t310.00-t342.00__x2\f_000963.jpg","out\autoframe_work\cinematic\DEFENSE__t310.00-t342.00__x2\f_000963.jpg","B27D966B78A6ECE0A036CAFBFC41A73A284CD6D64C11CE05633A34710C2E93C0","338745","11/3/2025 12:53:34 PM"
"C:\Users\scott\soccer-video\out\autoframe_work\cinematic\DEFENSE__t310.00-t342.00__x2\f_000984.jpg","C:\Users\scott\soccer-video\out\_trash\dedupe_exact\20251103_125328\out\autoframe_work\cinematic\DEFENSE__t310.00-t342.00__x2\f_000984.jpg","out\autoframe_work\cinematic\DEFENSE__t310.00-t342.00__x2\f_000984.jpg","B27D966B78A6ECE0A036CAFBFC41A73A284CD6D64C11CE05633A34710C2E93C0","338745","11/3/2025 12:53:34 PM"
"C:\Users\scott\soccer-video\out\autoframe_work\cinematic\DEFENSE__t310.00-t342.00__x2\f_000983.jpg","C:\Users\scott\soccer-video\out\_trash\dedupe_exact\20251103_125328\out\autoframe_work\cinematic\DEFENSE__t310.00-t342.00__x2\f_000983.jpg","out\autoframe_work\cinematic\DEFENSE__t310.00-t342.00__x2\f_000983.jpg","B27D966B78A6ECE0A036CAFBFC41A73A284CD6D64C11CE05633A34710C2E93C0","338745","11/3/2025 12:53:34 PM"
"C:\Users\scott\soccer-video\out\autoframe_work\cinematic\DEFENSE__t310.00-t342.00__x2\f_000982.jpg","C:\Users\scott\soccer-video\out\_trash\dedupe_exact\20251103_125328\out\autoframe_work\cinematic\DEFENSE__t310.00-t342.00__x2\f_000982.jpg","out\autoframe_work\cinematic\DEFENSE__t310.00-t342.00__x2\f_000982.jpg","B27D966B78A6ECE0A036CAFBFC41A73A284CD6D64C11CE05633A34710C2E93C0","338745","11/3/2025 12:53:34 PM"
"C:\Users\scott\soccer-video\out\autoframe_work\cinematic\DEFENSE__t310.00-t342.00__x2\f_000985.jpg","C:\Users\scott\soccer-video\out\_trash\dedupe_exact\20251103_125328\out\autoframe_work\cinematic\DEFENSE__t310.00-t342.00__x2\f_000985.jpg","out\autoframe_work\cinematic\DEFENSE__t310.00-t342.00__x2\f_000985.jpg","B27D966B78A6ECE0A036CAFBFC41A73A284CD6D64C11CE05633A34710C2E93C0","338745","11/3/2025 12:53:34 PM"
"C:\Users\scott\soccer-video\out\autoframe_work\cinematic\DEFENSE__t310.00-t342.00__x2\f_000988.jpg","C:\Users\scott\soccer-video\out\_trash\dedupe_exact\20251103_125328\out\autoframe_work\cinematic\DEFENSE__t310.00-t342.00__x2\f_000988.jpg","out\autoframe_work\cinematic\DEFENSE__t310.00-t342.00__x2\f_000988.jpg","B27D966B78A6ECE0A036CAFBFC41A73A284CD6D64C11CE05633A34710C2E93C0","338745","11/3/2025 12:53:34 PM"
"C:\Users\scott\soccer-video\out\autoframe_work\cinematic\DEFENSE__t310.00-t342.00__x2\f_000987.jpg","C:\Users\scott\soccer-video\out\_trash\dedupe_exact\20251103_125328\out\autoframe_work\cinematic\DEFENSE__t310.00-t342.00__x2\f_000987.jpg","out\autoframe_work\cinematic\DEFENSE__t310.00-t342.00__x2\f_000987.jpg","B27D966B78A6ECE0A036CAFBFC41A73A284CD6D64C11CE05633A34710C2E93C0","338745","11/3/2025 12:53:34 PM"
"C:\Users\scott\soccer-video\out\autoframe_work\cinematic\DEFENSE__t310.00-t342.00__x2\f_000986.jpg","C:\Users\scott\soccer-video\out\_trash\dedupe_exact\20251103_125328\out\autoframe_work\cinematic\DEFENSE__t310.00-t342.00__x2\f_000986.jpg","out\autoframe_work\cinematic\DEFENSE__t310.00-t342.00__x2\f_000986.jpg","B27D966B78A6ECE0A036CAFBFC41A73A284CD6D64C11CE05633A34710C2E93C0","338745","11/3/2025 12:53:34 PM"
"C:\Users\scott\soccer-video\out\autoframe_work\cinematic\DEFENSE__t310.00-t342.00__x2\f_000981.jpg","C:\Users\scott\soccer-video\out\_trash\dedupe_exact\20251103_125328\out\autoframe_work\cinematic\DEFENSE__t310.00-t342.00__x2\f_000981.jpg","out\autoframe_work\cinematic\DEFENSE__t310.00-t342.00__x2\f_000981.jpg","B27D966B78A6ECE0A036CAFBFC41A73A284CD6D64C11CE05633A34710C2E93C0","338745","11/3/2025 12:53:34 PM"
"C:\Users\scott\soccer-video\out\autoframe_work\cinematic\DEFENSE__t310.00-t342.00__x2\f_000976.jpg","C:\Users\scott\soccer-video\out\_trash\dedupe_exact\20251103_125328\out\autoframe_work\cinematic\DEFENSE__t310.00-t342.00__x2\f_000976.jpg","out\autoframe_work\cinematic\DEFENSE__t310.00-t342.00__x2\f_000976.jpg","B27D966B78A6ECE0A036CAFBFC41A73A284CD6D64C11CE05633A34710C2E93C0","338745","11/3/2025 12:53:34 PM"
"C:\Users\scott\soccer-video\out\autoframe_work\cinematic\DEFENSE__t310.00-t342.00__x2\f_000975.jpg","C:\Users\scott\soccer-video\out\_trash\dedupe_exact\20251103_125328\out\autoframe_work\cinematic\DEFENSE__t310.00-t342.00__x2\f_000975.jpg","out\autoframe_work\cinematic\DEFENSE__t310.00-t342.00__x2\f_000975.jpg","B27D966B78A6ECE0A036CAFBFC41A73A284CD6D64C11CE05633A34710C2E93C0","338745","11/3/2025 12:53:34 PM"
"C:\Users\scott\soccer-video\out\autoframe_work\cinematic\DEFENSE__t310.00-t342.00__x2\f_000974.jpg","C:\Users\scott\soccer-video\out\_trash\dedupe_exact\20251103_125328\out\autoframe_work\cinematic\DEFENSE__t310.00-t342.00__x2\f_000974.jpg","out\autoframe_work\cinematic\DEFENSE__t310.00-t342.00__x2\f_000974.jpg","B27D966B78A6ECE0A036CAFBFC41A73A284CD6D64C11CE05633A34710C2E93C0","338745","11/3/2025 12:53:34 PM"
"C:\Users\scott\soccer-video\out\autoframe_work\cinematic\DEFENSE__t310.00-t342.00__x2\f_000977.jpg","C:\Users\scott\soccer-video\out\_trash\dedupe_exact\20251103_125328\out\autoframe_work\cinematic\DEFENSE__t310.00-t342.00__x2\f_000977.jpg","out\autoframe_work\cinematic\DEFENSE__t310.00-t342.00__x2\f_000977.jpg","B27D966B78A6ECE0A036CAFBFC41A73A284CD6D64C11CE05633A34710C2E93C0","338745","11/3/2025 12:53:34 PM"
"C:\Users\scott\soccer-video\out\autoframe_work\cinematic\DEFENSE__t310.00-t342.00__x2\f_000980.jpg","C:\Users\scott\soccer-video\out\_trash\dedupe_exact\20251103_125328\out\autoframe_work\cinematic\DEFENSE__t310.00-t342.00__x2\f_000980.jpg","out\autoframe_work\cinematic\DEFENSE__t310.00-t342.00__x2\f_000980.jpg","B27D966B78A6ECE0A036CAFBFC41A73A284CD6D64C11CE05633A34710C2E93C0","338745","11/3/2025 12:53:34 PM"
"C:\Users\scott\soccer-video\out\autoframe_work\cinematic\DEFENSE__t310.00-t342.00__x2\f_000979.jpg","C:\Users\scott\soccer-video\out\_trash\dedupe_exact\20251103_125328\out\autoframe_work\cinematic\DEFENSE__t310.00-t342.00__x2\f_000979.jpg","out\autoframe_work\cinematic\DEFENSE__t310.00-t342.00__x2\f_000979.jpg","B27D966B78A6ECE0A036CAFBFC41A73A284CD6D64C11CE05633A34710C2E93C0","338745","11/3/2025 12:53:34 PM"
"C:\Users\scott\soccer-video\out\autoframe_work\cinematic\DEFENSE__t310.00-t342.00__x2\f_000978.jpg","C:\Users\scott\soccer-video\out\_trash\dedupe_exact\20251103_125328\out\autoframe_work\cinematic\DEFENSE__t310.00-t342.00__x2\f_000978.jpg","out\autoframe_work\cinematic\DEFENSE__t310.00-t342.00__x2\f_000978.jpg","B27D966B78A6ECE0A036CAFBFC41A73A284CD6D64C11CE05633A34710C2E93C0","338745","11/3/2025 12:53:34 PM"
"C:\Users\scott\soccer-video\out\autoframe_work\cinematic\DEFENSE__t310.00-t342.00__x2\f_001020.jpg","C:\Users\scott\soccer-video\out\_trash\dedupe_exact\20251103_125328\out\autoframe_work\cinematic\DEFENSE__t310.00-t342.00__x2\f_001020.jpg","out\autoframe_work\cinematic\DEFENSE__t310.00-t342.00__x2\f_001020.jpg","B27D966B78A6ECE0A036CAFBFC41A73A284CD6D64C11CE05633A34710C2E93C0","338745","11/3/2025 12:53:34 PM"
"C:\Users\scott\soccer-video\out\autoframe_work\cinematic\PRESSURE__t640.00-t663.00__x2\f_000730.jpg","C:\Users\scott\soccer-video\out\_trash\dedupe_exact\20251103_125328\out\autoframe_work\cinematic\PRESSURE__t640.00-t663.00__x2\f_000730.jpg","out\autoframe_work\cinematic\PRESSURE__t640.00-t663.00__x2\f_000730.jpg","B27D966B78A6ECE0A036CAFBFC41A73A284CD6D64C11CE05633A34710C2E93C0","338745","11/3/2025 12:53:34 PM"
"C:\Users\scott\soccer-video\out\autoframe_work\cinematic\PRESSURE__t640.00-t663.00__x2\f_000729.jpg","C:\Users\scott\soccer-video\out\_trash\dedupe_exact\20251103_125328\out\autoframe_work\cinematic\PRESSURE__t640.00-t663.00__x2\f_000729.jpg","out\autoframe_work\cinematic\PRESSURE__t640.00-t663.00__x2\f_000729.jpg","B27D966B78A6ECE0A036CAFBFC41A73A284CD6D64C11CE05633A34710C2E93C0","338745","11/3/2025 12:53:34 PM"
"C:\Users\scott\soccer-video\out\autoframe_work\cinematic\PRESSURE__t640.00-t663.00__x2\f_000728.jpg","C:\Users\scott\soccer-video\out\_trash\dedupe_exact\20251103_125328\out\autoframe_work\cinematic\PRESSURE__t640.00-t663.00__x2\f_000728.jpg","out\autoframe_work\cinematic\PRESSURE__t640.00-t663.00__x2\f_000728.jpg","B27D966B78A6ECE0A036CAFBFC41A73A284CD6D64C11CE05633A34710C2E93C0","338745","11/3/2025 12:53:34 PM"
"C:\Users\scott\soccer-video\out\autoframe_work\cinematic\PRESSURE__t640.00-t663.00__x2\f_000731.jpg","C:\Users\scott\soccer-video\out\_trash\dedupe_exact\20251103_125328\out\autoframe_work\cinematic\PRESSURE__t640.00-t663.00__x2\f_000731.jpg","out\autoframe_work\cinematic\PRESSURE__t640.00-t663.00__x2\f_000731.jpg","B27D966B78A6ECE0A036CAFBFC41A73A284CD6D64C11CE05633A34710C2E93C0","338745","11/3/2025 12:53:34 PM"
"C:\Users\scott\soccer-video\out\autoframe_work\cinematic\PRESSURE__t640.00-t663.00__x2\f_000734.jpg","C:\Users\scott\soccer-video\out\_trash\dedupe_exact\20251103_125328\out\autoframe_work\cinematic\PRESSURE__t640.00-t663.00__x2\f_000734.jpg","out\autoframe_work\cinematic\PRESSURE__t640.00-t663.00__x2\f_000734.jpg","B27D966B78A6ECE0A036CAFBFC41A73A284CD6D64C11CE05633A34710C2E93C0","338745","11/3/2025 12:53:34 PM"
"C:\Users\scott\soccer-video\out\autoframe_work\cinematic\PRESSURE__t640.00-t663.00__x2\f_000733.jpg","C:\Users\scott\soccer-video\out\_trash\dedupe_exact\20251103_125328\out\autoframe_work\cinematic\PRESSURE__t640.00-t663.00__x2\f_000733.jpg","out\autoframe_work\cinematic\PRESSURE__t640.00-t663.00__x2\f_000733.jpg","B27D966B78A6ECE0A036CAFBFC41A73A284CD6D64C11CE05633A34710C2E93C0","338745","11/3/2025 12:53:34 PM"
"C:\Users\scott\soccer-video\out\autoframe_work\cinematic\PRESSURE__t640.00-t663.00__x2\f_000732.jpg","C:\Users\scott\soccer-video\out\_trash\dedupe_exact\20251103_125328\out\autoframe_work\cinematic\PRESSURE__t640.00-t663.00__x2\f_000732.jpg","out\autoframe_work\cinematic\PRESSURE__t640.00-t663.00__x2\f_000732.jpg","B27D966B78A6ECE0A036CAFBFC41A73A284CD6D64C11CE05633A34710C2E93C0","338745","11/3/2025 12:53:34 PM"
"C:\Users\scott\soccer-video\out\autoframe_work\cinematic\PRESSURE__t640.00-t663.00__x2\f_000727.jpg","C:\Users\scott\soccer-video\out\_trash\dedupe_exact\20251103_125328\out\autoframe_work\cinematic\PRESSURE__t640.00-t663.00__x2\f_000727.jpg","out\autoframe_work\cinematic\PRESSURE__t640.00-t663.00__x2\f_000727.jpg","B27D966B78A6ECE0A036CAFBFC41A73A284CD6D64C11CE05633A34710C2E93C0","338745","11/3/2025 12:53:34 PM"
"C:\Users\scott\soccer-video\out\autoframe_work\cinematic\PRESSURE__t640.00-t663.00__x2\f_000722.jpg","C:\Users\scott\soccer-video\out\_trash\dedupe_exact\20251103_125328\out\autoframe_work\cinematic\PRESSURE__t640.00-t663.00__x2\f_000722.jpg","out\autoframe_work\cinematic\PRESSURE__t640.00-t663.00__x2\f_000722.jpg","B27D966B78A6ECE0A036CAFBFC41A73A284CD6D64C11CE05633A34710C2E93C0","338745","11/3/2025 12:53:34 PM"
"C:\Users\scott\soccer-video\out\autoframe_work\cinematic\PRESSURE__t640.00-t663.00__x2\f_000721.jpg","C:\Users\scott\soccer-video\out\_trash\dedupe_exact\20251103_125328\out\autoframe_work\cinematic\PRESSURE__t640.00-t663.00__x2\f_000721.jpg","out\autoframe_work\cinematic\PRESSURE__t640.00-t663.00__x2\f_000721.jpg","B27D966B78A6ECE0A036CAFBFC41A73A284CD6D64C11CE05633A34710C2E93C0","338745","11/3/2025 12:53:34 PM"
"C:\Users\scott\soccer-video\out\autoframe_work\cinematic\PRESSURE__t640.00-t663.00__x2\f_000720.jpg","C:\Users\scott\soccer-video\out\_trash\dedupe_exact\20251103_125328\out\autoframe_work\cinematic\PRESSURE__t640.00-t663.00__x2\f_000720.jpg","out\autoframe_work\cinematic\PRESSURE__t640.00-t663.00__x2\f_000720.jpg","B27D966B78A6ECE0A036CAFBFC41A73A284CD6D64C11CE05633A34710C2E93C0","338745","11/3/2025 12:53:34 PM"
"C:\Users\scott\soccer-video\out\autoframe_work\cinematic\PRESSURE__t640.00-t663.00__x2\f_000723.jpg","C:\Users\scott\soccer-video\out\_trash\dedupe_exact\20251103_125328\out\autoframe_work\cinematic\PRESSURE__t640.00-t663.00__x2\f_000723.jpg","out\autoframe_work\cinematic\PRESSURE__t640.00-t663.00__x2\f_000723.jpg","B27D966B78A6ECE0A036CAFBFC41A73A284CD6D64C11CE05633A34710C2E93C0","338745","11/3/2025 12:53:34 PM"
"C:\Users\scott\soccer-video\out\autoframe_work\cinematic\PRESSURE__t640.00-t663.00__x2\f_000726.jpg","C:\Users\scott\soccer-video\out\_trash\dedupe_exact\20251103_125328\out\autoframe_work\cinematic\PRESSURE__t640.00-t663.00__x2\f_000726.jpg","out\autoframe_work\cinematic\PRESSURE__t640.00-t663.00__x2\f_000726.jpg","B27D966B78A6ECE0A036CAFBFC41A73A284CD6D64C11CE05633A34710C2E93C0","338745","11/3/2025 12:53:34 PM"
"C:\Users\scott\soccer-video\out\autoframe_work\cinematic\PRESSURE__t640.00-t663.00__x2\f_000725.jpg","C:\Users\scott\soccer-video\out\_trash\dedupe_exact\20251103_125328\out\autoframe_work\cinematic\PRESSURE__t640.00-t663.00__x2\f_000725.jpg","out\autoframe_work\cinematic\PRESSURE__t640.00-t663.00__x2\f_000725.jpg","B27D966B78A6ECE0A036CAFBFC41A73A284CD6D64C11CE05633A34710C2E93C0","338745","11/3/2025 12:53:34 PM"
"C:\Users\scott\soccer-video\out\autoframe_work\cinematic\PRESSURE__t640.00-t663.00__x2\f_000724.jpg","C:\Users\scott\soccer-video\out\_trash\dedupe_exact\20251103_125328\out\autoframe_work\cinematic\PRESSURE__t640.00-t663.00__x2\f_000724.jpg","out\autoframe_work\cinematic\PRESSURE__t640.00-t663.00__x2\f_000724.jpg","B27D966B78A6ECE0A036CAFBFC41A73A284CD6D64C11CE05633A34710C2E93C0","338745","11/3/2025 12:53:34 PM"
"C:\Users\scott\soccer-video\out\autoframe_work\cinematic\PRESSURE__t640.00-t663.00__x2\f_000745.jpg","C:\Users\scott\soccer-video\out\_trash\dedupe_exact\20251103_125328\out\autoframe_work\cinematic\PRESSURE__t640.00-t663.00__x2\f_000745.jpg","out\autoframe_work\cinematic\PRESSURE__t640.00-t663.00__x2\f_000745.jpg","B27D966B78A6ECE0A036CAFBFC41A73A284CD6D64C11CE05633A34710C2E93C0","338745","11/3/2025 12:53:34 PM"
"C:\Users\scott\soccer-video\out\autoframe_work\cinematic\PRESSURE__t640.00-t663.00__x2\f_000744.jpg","C:\Users\scott\soccer-video\out\_trash\dedupe_exact\20251103_125328\out\autoframe_work\cinematic\PRESSURE__t640.00-t663.00__x2\f_000744.jpg","out\autoframe_work\cinematic\PRESSURE__t640.00-t663.00__x2\f_000744.jpg","B27D966B78A6ECE0A036CAFBFC41A73A284CD6D64C11CE05633A34710C2E93C0","338745","11/3/2025 12:53:34 PM"
"C:\Users\scott\soccer-video\out\autoframe_work\cinematic\PRESSURE__t640.00-t663.00__x2\f_000743.jpg","C:\Users\scott\soccer-video\out\_trash\dedupe_exact\20251103_125328\out\autoframe_work\cinematic\PRESSURE__t640.00-t663.00__x2\f_000743.jpg","out\autoframe_work\cinematic\PRESSURE__t640.00-t663.00__x2\f_000743.jpg","B27D966B78A6ECE0A036CAFBFC41A73A284CD6D64C11CE05633A34710C2E93C0","338745","11/3/2025 12:53:34 PM"
"C:\Users\scott\soccer-video\out\autoframe_work\cinematic\PRESSURE__t640.00-t663.00__x2\f_000746.jpg","C:\Users\scott\soccer-video\out\_trash\dedupe_exact\20251103_125328\out\autoframe_work\cinematic\PRESSURE__t640.00-t663.00__x2\f_000746.jpg","out\autoframe_work\cinematic\PRESSURE__t640.00-t663.00__x2\f_000746.jpg","B27D966B78A6ECE0A036CAFBFC41A73A284CD6D64C11CE05633A34710C2E93C0","338745","11/3/2025 12:53:34 PM"
"C:\Users\scott\soccer-video\out\autoframe_work\cinematic\PRESSURE__t640.00-t663.00__x2\f_000747.jpg","C:\Users\scott\soccer-video\out\_trash\dedupe_exact\20251103_125328\out\autoframe_work\cinematic\PRESSURE__t640.00-t663.00__x2\f_000747.jpg","out\autoframe_work\cinematic\PRESSURE__t640.00-t663.00__x2\f_000747.jpg","B27D966B78A6ECE0A036CAFBFC41A73A284CD6D64C11CE05633A34710C2E93C0","338745","11/3/2025 12:53:35 PM"
"C:\Users\scott\soccer-video\out\autoframe_work\cinematic\PRESSURE__t640.00-t663.00__x2\f_000748.jpg","C:\Users\scott\soccer-video\out\_trash\dedupe_exact\20251103_125328\out\autoframe_work\cinematic\PRESSURE__t640.00-t663.00__x2\f_000748.jpg","out\autoframe_work\cinematic\PRESSURE__t640.00-t663.00__x2\f_000748.jpg","B27D966B78A6ECE0A036CAFBFC41A73A284CD6D64C11CE05633A34710C2E93C0","338745","11/3/2025 12:53:35 PM"
"C:\Users\scott\soccer-video\out\autoframe_work\cinematic\PRESSURE__t640.00-t663.00__x2\f_000749.jpg","C:\Users\scott\soccer-video\out\_trash\dedupe_exact\20251103_125328\out\autoframe_work\cinematic\PRESSURE__t640.00-t663.00__x2\f_000749.jpg","out\autoframe_work\cinematic\PRESSURE__t640.00-t663.00__x2\f_000749.jpg","B27D966B78A6ECE0A036CAFBFC41A73A284CD6D64C11CE05633A34710C2E93C0","338745","11/3/2025 12:53:35 PM"
"C:\Users\scott\soccer-video\out\autoframe_work\cinematic\PRESSURE__t640.00-t663.00__x2\f_000742.jpg","C:\Users\scott\soccer-video\out\_trash\dedupe_exact\20251103_125328\out\autoframe_work\cinematic\PRESSURE__t640.00-t663.00__x2\f_000742.jpg","out\autoframe_work\cinematic\PRESSURE__t640.00-t663.00__x2\f_000742.jpg","B27D966B78A6ECE0A036CAFBFC41A73A284CD6D64C11CE05633A34710C2E93C0","338745","11/3/2025 12:53:35 PM"
"C:\Users\scott\soccer-video\out\autoframe_work\cinematic\PRESSURE__t640.00-t663.00__x2\f_000737.jpg","C:\Users\scott\soccer-video\out\_trash\dedupe_exact\20251103_125328\out\autoframe_work\cinematic\PRESSURE__t640.00-t663.00__x2\f_000737.jpg","out\autoframe_work\cinematic\PRESSURE__t640.00-t663.00__x2\f_000737.jpg","B27D966B78A6ECE0A036CAFBFC41A73A284CD6D64C11CE05633A34710C2E93C0","338745","11/3/2025 12:53:35 PM"
"C:\Users\scott\soccer-video\out\autoframe_work\cinematic\PRESSURE__t640.00-t663.00__x2\f_000736.jpg","C:\Users\scott\soccer-video\out\_trash\dedupe_exact\20251103_125328\out\autoframe_work\cinematic\PRESSURE__t640.00-t663.00__x2\f_000736.jpg","out\autoframe_work\cinematic\PRESSURE__t640.00-t663.00__x2\f_000736.jpg","B27D966B78A6ECE0A036CAFBFC41A73A284CD6D64C11CE05633A34710C2E93C0","338745","11/3/2025 12:53:35 PM"
"C:\Users\scott\soccer-video\out\autoframe_work\cinematic\PRESSURE__t640.00-t663.00__x2\f_000735.jpg","C:\Users\scott\soccer-video\out\_trash\dedupe_exact\20251103_125328\out\autoframe_work\cinematic\PRESSURE__t640.00-t663.00__x2\f_000735.jpg","out\autoframe_work\cinematic\PRESSURE__t640.00-t663.00__x2\f_000735.jpg","B27D966B78A6ECE0A036CAFBFC41A73A284CD6D64C11CE05633A34710C2E93C0","338745","11/3/2025 12:53:35 PM"
"C:\Users\scott\soccer-video\out\autoframe_work\cinematic\PRESSURE__t640.00-t663.00__x2\f_000738.jpg","C:\Users\scott\soccer-video\out\_trash\dedupe_exact\20251103_125328\out\autoframe_work\cinematic\PRESSURE__t640.00-t663.00__x2\f_000738.jpg","out\autoframe_work\cinematic\PRESSURE__t640.00-t663.00__x2\f_000738.jpg","B27D966B78A6ECE0A036CAFBFC41A73A284CD6D64C11CE05633A34710C2E93C0","338745","11/3/2025 12:53:35 PM"
"C:\Users\scott\soccer-video\out\autoframe_work\cinematic\PRESSURE__t640.00-t663.00__x2\f_000741.jpg","C:\Users\scott\soccer-video\out\_trash\dedupe_exact\20251103_125328\out\autoframe_work\cinematic\PRESSURE__t640.00-t663.00__x2\f_000741.jpg","out\autoframe_work\cinematic\PRESSURE__t640.00-t663.00__x2\f_000741.jpg","B27D966B78A6ECE0A036CAFBFC41A73A284CD6D64C11CE05633A34710C2E93C0","338745","11/3/2025 12:53:35 PM"
"C:\Users\scott\soccer-video\out\autoframe_work\cinematic\PRESSURE__t640.00-t663.00__x2\f_000740.jpg","C:\Users\scott\soccer-video\out\_trash\dedupe_exact\20251103_125328\out\autoframe_work\cinematic\PRESSURE__t640.00-t663.00__x2\f_000740.jpg","out\autoframe_work\cinematic\PRESSURE__t640.00-t663.00__x2\f_000740.jpg","B27D966B78A6ECE0A036CAFBFC41A73A284CD6D64C11CE05633A34710C2E93C0","338745","11/3/2025 12:53:35 PM"
"C:\Users\scott\soccer-video\out\autoframe_work\cinematic\PRESSURE__t640.00-t663.00__x2\f_000739.jpg","C:\Users\scott\soccer-video\out\_trash\dedupe_exact\20251103_125328\out\autoframe_work\cinematic\PRESSURE__t640.00-t663.00__x2\f_000739.jpg","out\autoframe_work\cinematic\PRESSURE__t640.00-t663.00__x2\f_000739.jpg","B27D966B78A6ECE0A036CAFBFC41A73A284CD6D64C11CE05633A34710C2E93C0","338745","11/3/2025 12:53:35 PM"
"C:\Users\scott\soccer-video\out\autoframe_work\cinematic\PRESSURE__t640.00-t663.00__x2\f_000700.jpg","C:\Users\scott\soccer-video\out\_trash\dedupe_exact\20251103_125328\out\autoframe_work\cinematic\PRESSURE__t640.00-t663.00__x2\f_000700.jpg","out\autoframe_work\cinematic\PRESSURE__t640.00-t663.00__x2\f_000700.jpg","B27D966B78A6ECE0A036CAFBFC41A73A284CD6D64C11CE05633A34710C2E93C0","338745","11/3/2025 12:53:35 PM"
"C:\Users\scott\soccer-video\out\autoframe_work\cinematic\PRESSURE__t640.00-t663.00__x2\f_000699.jpg","C:\Users\scott\soccer-video\out\_trash\dedupe_exact\20251103_125328\out\autoframe_work\cinematic\PRESSURE__t640.00-t663.00__x2\f_000699.jpg","out\autoframe_work\cinematic\PRESSURE__t640.00-t663.00__x2\f_000699.jpg","B27D966B78A6ECE0A036CAFBFC41A73A284CD6D64C11CE05633A34710C2E93C0","338745","11/3/2025 12:53:35 PM"
"C:\Users\scott\soccer-video\out\autoframe_work\cinematic\PRESSURE__t640.00-t663.00__x2\f_000698.jpg","C:\Users\scott\soccer-video\out\_trash\dedupe_exact\20251103_125328\out\autoframe_work\cinematic\PRESSURE__t640.00-t663.00__x2\f_000698.jpg","out\autoframe_work\cinematic\PRESSURE__t640.00-t663.00__x2\f_000698.jpg","B27D966B78A6ECE0A036CAFBFC41A73A284CD6D64C11CE05633A34710C2E93C0","338745","11/3/2025 12:53:35 PM"
"C:\Users\scott\soccer-video\out\autoframe_work\cinematic\PRESSURE__t640.00-t663.00__x2\f_000701.jpg","C:\Users\scott\soccer-video\out\_trash\dedupe_exact\20251103_125328\out\autoframe_work\cinematic\PRESSURE__t640.00-t663.00__x2\f_000701.jpg","out\autoframe_work\cinematic\PRESSURE__t640.00-t663.00__x2\f_000701.jpg","B27D966B78A6ECE0A036CAFBFC41A73A284CD6D64C11CE05633A34710C2E93C0","338745","11/3/2025 12:53:35 PM"
"C:\Users\scott\soccer-video\out\autoframe_work\cinematic\PRESSURE__t640.00-t663.00__x2\f_000704.jpg","C:\Users\scott\soccer-video\out\_trash\dedupe_exact\20251103_125328\out\autoframe_work\cinematic\PRESSURE__t640.00-t663.00__x2\f_000704.jpg","out\autoframe_work\cinematic\PRESSURE__t640.00-t663.00__x2\f_000704.jpg","B27D966B78A6ECE0A036CAFBFC41A73A284CD6D64C11CE05633A34710C2E93C0","338745","11/3/2025 12:53:35 PM"
"C:\Users\scott\soccer-video\out\autoframe_work\cinematic\PRESSURE__t640.00-t663.00__x2\f_000703.jpg","C:\Users\scott\soccer-video\out\_trash\dedupe_exact\20251103_125328\out\autoframe_work\cinematic\PRESSURE__t640.00-t663.00__x2\f_000703.jpg","out\autoframe_work\cinematic\PRESSURE__t640.00-t663.00__x2\f_000703.jpg","B27D966B78A6ECE0A036CAFBFC41A73A284CD6D64C11CE05633A34710C2E93C0","338745","11/3/2025 12:53:35 PM"
"C:\Users\scott\soccer-video\out\autoframe_work\cinematic\PRESSURE__t640.00-t663.00__x2\f_000702.jpg","C:\Users\scott\soccer-video\out\_trash\dedupe_exact\20251103_125328\out\autoframe_work\cinematic\PRESSURE__t640.00-t663.00__x2\f_000702.jpg","out\autoframe_work\cinematic\PRESSURE__t640.00-t663.00__x2\f_000702.jpg","B27D966B78A6ECE0A036CAFBFC41A73A284CD6D64C11CE05633A34710C2E93C0","338745","11/3/2025 12:53:35 PM"
"C:\Users\scott\soccer-video\out\autoframe_work\cinematic\PRESSURE__t640.00-t663.00__x2\f_000697.jpg","C:\Users\scott\soccer-video\out\_trash\dedupe_exact\20251103_125328\out\autoframe_work\cinematic\PRESSURE__t640.00-t663.00__x2\f_000697.jpg","out\autoframe_work\cinematic\PRESSURE__t640.00-t663.00__x2\f_000697.jpg","B27D966B78A6ECE0A036CAFBFC41A73A284CD6D64C11CE05633A34710C2E93C0","338745","11/3/2025 12:53:35 PM"
"C:\Users\scott\soccer-video\out\autoframe_work\cinematic\PRESSURE__t640.00-t663.00__x2\f_000692.jpg","C:\Users\scott\soccer-video\out\_trash\dedupe_exact\20251103_125328\out\autoframe_work\cinematic\PRESSURE__t640.00-t663.00__x2\f_000692.jpg","out\autoframe_work\cinematic\PRESSURE__t640.00-t663.00__x2\f_000692.jpg","B27D966B78A6ECE0A036CAFBFC41A73A284CD6D64C11CE05633A34710C2E93C0","338745","11/3/2025 12:53:35 PM"
"C:\Users\scott\soccer-video\out\autoframe_work\cinematic\PRESSURE__t640.00-t663.00__x2\f_000691.jpg","C:\Users\scott\soccer-video\out\_trash\dedupe_exact\20251103_125328\out\autoframe_work\cinematic\PRESSURE__t640.00-t663.00__x2\f_000691.jpg","out\autoframe_work\cinematic\PRESSURE__t640.00-t663.00__x2\f_000691.jpg","B27D966B78A6ECE0A036CAFBFC41A73A284CD6D64C11CE05633A34710C2E93C0","338745","11/3/2025 12:53:35 PM"
"C:\Users\scott\soccer-video\out\autoframe_work\cinematic\PRESSURE__t640.00-t663.00__x2\f_000690.jpg","C:\Users\scott\soccer-video\out\_trash\dedupe_exact\20251103_125328\out\autoframe_work\cinematic\PRESSURE__t640.00-t663.00__x2\f_000690.jpg","out\autoframe_work\cinematic\PRESSURE__t640.00-t663.00__x2\f_000690.jpg","B27D966B78A6ECE0A036CAFBFC41A73A284CD6D64C11CE05633A34710C2E93C0","338745","11/3/2025 12:53:35 PM"
"C:\Users\scott\soccer-video\out\autoframe_work\cinematic\PRESSURE__t640.00-t663.00__x2\f_000693.jpg","C:\Users\scott\soccer-video\out\_trash\dedupe_exact\20251103_125328\out\autoframe_work\cinematic\PRESSURE__t640.00-t663.00__x2\f_000693.jpg","out\autoframe_work\cinematic\PRESSURE__t640.00-t663.00__x2\f_000693.jpg","B27D966B78A6ECE0A036CAFBFC41A73A284CD6D64C11CE05633A34710C2E93C0","338745","11/3/2025 12:53:35 PM"
"C:\Users\scott\soccer-video\out\autoframe_work\cinematic\PRESSURE__t640.00-t663.00__x2\f_000696.jpg","C:\Users\scott\soccer-video\out\_trash\dedupe_exact\20251103_125328\out\autoframe_work\cinematic\PRESSURE__t640.00-t663.00__x2\f_000696.jpg","out\autoframe_work\cinematic\PRESSURE__t640.00-t663.00__x2\f_000696.jpg","B27D966B78A6ECE0A036CAFBFC41A73A284CD6D64C11CE05633A34710C2E93C0","338745","11/3/2025 12:53:35 PM"
"C:\Users\scott\soccer-video\out\autoframe_work\cinematic\PRESSURE__t640.00-t663.00__x2\f_000695.jpg","C:\Users\scott\soccer-video\out\_trash\dedupe_exact\20251103_125328\out\autoframe_work\cinematic\PRESSURE__t640.00-t663.00__x2\f_000695.jpg","out\autoframe_work\cinematic\PRESSURE__t640.00-t663.00__x2\f_000695.jpg","B27D966B78A6ECE0A036CAFBFC41A73A284CD6D64C11CE05633A34710C2E93C0","338745","11/3/2025 12:53:35 PM"
"C:\Users\scott\soccer-video\out\autoframe_work\cinematic\PRESSURE__t640.00-t663.00__x2\f_000694.jpg","C:\Users\scott\soccer-video\out\_trash\dedupe_exact\20251103_125328\out\autoframe_work\cinematic\PRESSURE__t640.00-t663.00__x2\f_000694.jpg","out\autoframe_work\cinematic\PRESSURE__t640.00-t663.00__x2\f_000694.jpg","B27D966B78A6ECE0A036CAFBFC41A73A284CD6D64C11CE05633A34710C2E93C0","338745","11/3/2025 12:53:35 PM"
"C:\Users\scott\soccer-video\out\autoframe_work\cinematic\PRESSURE__t640.00-t663.00__x2\f_000715.jpg","C:\Users\scott\soccer-video\out\_trash\dedupe_exact\20251103_125328\out\autoframe_work\cinematic\PRESSURE__t640.00-t663.00__x2\f_000715.jpg","out\autoframe_work\cinematic\PRESSURE__t640.00-t663.00__x2\f_000715.jpg","B27D966B78A6ECE0A036CAFBFC41A73A284CD6D64C11CE05633A34710C2E93C0","338745","11/3/2025 12:53:35 PM"
"C:\Users\scott\soccer-video\out\autoframe_work\cinematic\PRESSURE__t640.00-t663.00__x2\f_000714.jpg","C:\Users\scott\soccer-video\out\_trash\dedupe_exact\20251103_125328\out\autoframe_work\cinematic\PRESSURE__t640.00-t663.00__x2\f_000714.jpg","out\autoframe_work\cinematic\PRESSURE__t640.00-t663.00__x2\f_000714.jpg","B27D966B78A6ECE0A036CAFBFC41A73A284CD6D64C11CE05633A34710C2E93C0","338745","11/3/2025 12:53:35 PM"
"C:\Users\scott\soccer-video\out\autoframe_work\cinematic\PRESSURE__t640.00-t663.00__x2\f_000713.jpg","C:\Users\scott\soccer-video\out\_trash\dedupe_exact\20251103_125328\out\autoframe_work\cinematic\PRESSURE__t640.00-t663.00__x2\f_000713.jpg","out\autoframe_work\cinematic\PRESSURE__t640.00-t663.00__x2\f_000713.jpg","B27D966B78A6ECE0A036CAFBFC41A73A284CD6D64C11CE05633A34710C2E93C0","338745","11/3/2025 12:53:35 PM"
"C:\Users\scott\soccer-video\out\autoframe_work\cinematic\PRESSURE__t640.00-t663.00__x2\f_000716.jpg","C:\Users\scott\soccer-video\out\_trash\dedupe_exact\20251103_125328\out\autoframe_work\cinematic\PRESSURE__t640.00-t663.00__x2\f_000716.jpg","out\autoframe_work\cinematic\PRESSURE__t640.00-t663.00__x2\f_000716.jpg","B27D966B78A6ECE0A036CAFBFC41A73A284CD6D64C11CE05633A34710C2E93C0","338745","11/3/2025 12:53:35 PM"
"C:\Users\scott\soccer-video\out\autoframe_work\cinematic\PRESSURE__t640.00-t663.00__x2\f_000719.jpg","C:\Users\scott\soccer-video\out\_trash\dedupe_exact\20251103_125328\out\autoframe_work\cinematic\PRESSURE__t640.00-t663.00__x2\f_000719.jpg","out\autoframe_work\cinematic\PRESSURE__t640.00-t663.00__x2\f_000719.jpg","B27D966B78A6ECE0A036CAFBFC41A73A284CD6D64C11CE05633A34710C2E93C0","338745","11/3/2025 12:53:35 PM"
"C:\Users\scott\soccer-video\out\autoframe_work\cinematic\PRESSURE__t640.00-t663.00__x2\f_000718.jpg","C:\Users\scott\soccer-video\out\_trash\dedupe_exact\20251103_125328\out\autoframe_work\cinematic\PRESSURE__t640.00-t663.00__x2\f_000718.jpg","out\autoframe_work\cinematic\PRESSURE__t640.00-t663.00__x2\f_000718.jpg","B27D966B78A6ECE0A036CAFBFC41A73A284CD6D64C11CE05633A34710C2E93C0","338745","11/3/2025 12:53:35 PM"
"C:\Users\scott\soccer-video\out\autoframe_work\cinematic\PRESSURE__t640.00-t663.00__x2\f_000717.jpg","C:\Users\scott\soccer-video\out\_trash\dedupe_exact\20251103_125328\out\autoframe_work\cinematic\PRESSURE__t640.00-t663.00__x2\f_000717.jpg","out\autoframe_work\cinematic\PRESSURE__t640.00-t663.00__x2\f_000717.jpg","B27D966B78A6ECE0A036CAFBFC41A73A284CD6D64C11CE05633A34710C2E93C0","338745","11/3/2025 12:53:35 PM"
"C:\Users\scott\soccer-video\out\autoframe_work\cinematic\PRESSURE__t640.00-t663.00__x2\f_000712.jpg","C:\Users\scott\soccer-video\out\_trash\dedupe_exact\20251103_125328\out\autoframe_work\cinematic\PRESSURE__t640.00-t663.00__x2\f_000712.jpg","out\autoframe_work\cinematic\PRESSURE__t640.00-t663.00__x2\f_000712.jpg","B27D966B78A6ECE0A036CAFBFC41A73A284CD6D64C11CE05633A34710C2E93C0","338745","11/3/2025 12:53:35 PM"
"C:\Users\scott\soccer-video\out\autoframe_work\cinematic\PRESSURE__t640.00-t663.00__x2\f_000707.jpg","C:\Users\scott\soccer-video\out\_trash\dedupe_exact\20251103_125328\out\autoframe_work\cinematic\PRESSURE__t640.00-t663.00__x2\f_000707.jpg","out\autoframe_work\cinematic\PRESSURE__t640.00-t663.00__x2\f_000707.jpg","B27D966B78A6ECE0A036CAFBFC41A73A284CD6D64C11CE05633A34710C2E93C0","338745","11/3/2025 12:53:35 PM"
"C:\Users\scott\soccer-video\out\autoframe_work\cinematic\PRESSURE__t640.00-t663.00__x2\f_000706.jpg","C:\Users\scott\soccer-video\out\_trash\dedupe_exact\20251103_125328\out\autoframe_work\cinematic\PRESSURE__t640.00-t663.00__x2\f_000706.jpg","out\autoframe_work\cinematic\PRESSURE__t640.00-t663.00__x2\f_000706.jpg","B27D966B78A6ECE0A036CAFBFC41A73A284CD6D64C11CE05633A34710C2E93C0","338745","11/3/2025 12:53:35 PM"
"C:\Users\scott\soccer-video\out\autoframe_work\cinematic\PRESSURE__t640.00-t663.00__x2\f_000705.jpg","C:\Users\scott\soccer-video\out\_trash\dedupe_exact\20251103_125328\out\autoframe_work\cinematic\PRESSURE__t640.00-t663.00__x2\f_000705.jpg","out\autoframe_work\cinematic\PRESSURE__t640.00-t663.00__x2\f_000705.jpg","B27D966B78A6ECE0A036CAFBFC41A73A284CD6D64C11CE05633A34710C2E93C0","338745","11/3/2025 12:53:35 PM"
"C:\Users\scott\soccer-video\out\autoframe_work\cinematic\PRESSURE__t640.00-t663.00__x2\f_000708.jpg","C:\Users\scott\soccer-video\out\_trash\dedupe_exact\20251103_125328\out\autoframe_work\cinematic\PRESSURE__t640.00-t663.00__x2\f_000708.jpg","out\autoframe_work\cinematic\PRESSURE__t640.00-t663.00__x2\f_000708.jpg","B27D966B78A6ECE0A036CAFBFC41A73A284CD6D64C11CE05633A34710C2E93C0","338745","11/3/2025 12:53:35 PM"
"C:\Users\scott\soccer-video\out\autoframe_work\cinematic\PRESSURE__t640.00-t663.00__x2\f_000711.jpg","C:\Users\scott\soccer-video\out\_trash\dedupe_exact\20251103_125328\out\autoframe_work\cinematic\PRESSURE__t640.00-t663.00__x2\f_000711.jpg","out\autoframe_work\cinematic\PRESSURE__t640.00-t663.00__x2\f_000711.jpg","B27D966B78A6ECE0A036CAFBFC41A73A284CD6D64C11CE05633A34710C2E93C0","338745","11/3/2025 12:53:35 PM"
"C:\Users\scott\soccer-video\out\autoframe_work\cinematic\PRESSURE__t640.00-t663.00__x2\f_000710.jpg","C:\Users\scott\soccer-video\out\_trash\dedupe_exact\20251103_125328\out\autoframe_work\cinematic\PRESSURE__t640.00-t663.00__x2\f_000710.jpg","out\autoframe_work\cinematic\PRESSURE__t640.00-t663.00__x2\f_000710.jpg","B27D966B78A6ECE0A036CAFBFC41A73A284CD6D64C11CE05633A34710C2E93C0","338745","11/3/2025 12:53:35 PM"
"C:\Users\scott\soccer-video\out\autoframe_work\cinematic\PRESSURE__t640.00-t663.00__x2\f_000709.jpg","C:\Users\scott\soccer-video\out\_trash\dedupe_exact\20251103_125328\out\autoframe_work\cinematic\PRESSURE__t640.00-t663.00__x2\f_000709.jpg","out\autoframe_work\cinematic\PRESSURE__t640.00-t663.00__x2\f_000709.jpg","B27D966B78A6ECE0A036CAFBFC41A73A284CD6D64C11CE05633A34710C2E93C0","338745","11/3/2025 12:53:35 PM"
"C:\Users\scott\soccer-video\out\autoframe_work\cinematic\004__PRESSURE__t640.00-t663.00\f_000004.jpg","C:\Users\scott\soccer-video\out\_trash\dedupe_exact\20251103_125328\out\autoframe_work\cinematic\004__PRESSURE__t640.00-t663.00\f_000004.jpg","out\autoframe_work\cinematic\004__PRESSURE__t640.00-t663.00\f_000004.jpg","84733FFEF7DC83499E11ABA993BE3FE6B2222BA850AA746DE0BDAD0E9B304756","458801","11/3/2025 12:53:35 PM"
"C:\Users\scott\soccer-video\out\autoframe_work\cinematic\004__PRESSURE__t640.00-t663.00\f_000005.jpg","C:\Users\scott\soccer-video\out\_trash\dedupe_exact\20251103_125328\out\autoframe_work\cinematic\004__PRESSURE__t640.00-t663.00\f_000005.jpg","out\autoframe_work\cinematic\004__PRESSURE__t640.00-t663.00\f_000005.jpg","BC3BB3B417CA4E36252141A887194D669846E997AE744554644859D9BC2484DC","449450","11/3/2025 12:53:35 PM"
"C:\Users\scott\soccer-video\out\autoframe_work\cinematic\004__PRESSURE__t640.00-t663.00\f_000006.jpg","C:\Users\scott\soccer-video\out\_trash\dedupe_exact\20251103_125328\out\autoframe_work\cinematic\004__PRESSURE__t640.00-t663.00\f_000006.jpg","out\autoframe_work\cinematic\004__PRESSURE__t640.00-t663.00\f_000006.jpg","8C47B4613C43A465CBEB0978C4C5D2B6A21A86BD8FC2821E2A2662D702FC7287","446957","11/3/2025 12:53:35 PM"
"C:\Users\scott\soccer-video\out\autoframe_work\cinematic\004__PRESSURE__t640.00-t663.00\f_000007.jpg","C:\Users\scott\soccer-video\out\_trash\dedupe_exact\20251103_125328\out\autoframe_work\cinematic\004__PRESSURE__t640.00-t663.00\f_000007.jpg","out\autoframe_work\cinematic\004__PRESSURE__t640.00-t663.00\f_000007.jpg","F9B8051F13DC4C0128F95A486B5B77E176760DAC0502C0BE88DDA5F8F5BB08E8","439608","11/3/2025 12:53:35 PM"
"C:\Users\scott\soccer-video\out\autoframe_work\cinematic\004__PRESSURE__t640.00-t663.00\f_000073.jpg","C:\Users\scott\soccer-video\out\_trash\dedupe_exact\20251103_125328\out\autoframe_work\cinematic\004__PRESSURE__t640.00-t663.00\f_000073.jpg","out\autoframe_work\cinematic\004__PRESSURE__t640.00-t663.00\f_000073.jpg","57560573D00F102BD378AADEA63BE9A66FB7BC75F8B78B3FAB586B60A1894CFB","316437","11/3/2025 12:53:35 PM"
"C:\Users\scott\soccer-video\out\autoframe_work\cinematic\004__PRESSURE__t640.00-t663.00\f_000074.jpg","C:\Users\scott\soccer-video\out\_trash\dedupe_exact\20251103_125328\out\autoframe_work\cinematic\004__PRESSURE__t640.00-t663.00\f_000074.jpg","out\autoframe_work\cinematic\004__PRESSURE__t640.00-t663.00\f_000074.jpg","C9E161F01CA639D55CF9BE32A5BEFAE27CC981D400C90A635D6043646597B955","319379","11/3/2025 12:53:35 PM"
"C:\Users\scott\soccer-video\out\autoframe_work\cinematic\004__PRESSURE__t640.00-t663.00\f_000075.jpg","C:\Users\scott\soccer-video\out\_trash\dedupe_exact\20251103_125328\out\autoframe_work\cinematic\004__PRESSURE__t640.00-t663.00\f_000075.jpg","out\autoframe_work\cinematic\004__PRESSURE__t640.00-t663.00\f_000075.jpg","6830999420653DCB0E353C1E4CEAF7E466A3EE14061D5FD7BD6F5BC3AAA425B6","380381","11/3/2025 12:53:35 PM"
"C:\Users\scott\soccer-video\out\autoframe_work\cinematic\004__PRESSURE__t640.00-t663.00\f_000076.jpg","C:\Users\scott\soccer-video\out\_trash\dedupe_exact\20251103_125328\out\autoframe_work\cinematic\004__PRESSURE__t640.00-t663.00\f_000076.jpg","out\autoframe_work\cinematic\004__PRESSURE__t640.00-t663.00\f_000076.jpg","C343EB802709618DD866C7BDCE5473DAC471EF3DC915483245DD99283C734F25","365818","11/3/2025 12:53:35 PM"
"C:\Users\scott\soccer-video\out\autoframe_work\cinematic\004__PRESSURE__t640.00-t663.00\f_000077.jpg","C:\Users\scott\soccer-video\out\_trash\dedupe_exact\20251103_125328\out\autoframe_work\cinematic\004__PRESSURE__t640.00-t663.00\f_000077.jpg","out\autoframe_work\cinematic\004__PRESSURE__t640.00-t663.00\f_000077.jpg","256E0A80DADFE00EDFE5D46912CADE673D09AD36288E48C120AFC8036718AF10","358219","11/3/2025 12:53:35 PM"
"C:\Users\scott\soccer-video\out\autoframe_work\cinematic\004__PRESSURE__t640.00-t663.00\f_000078.jpg","C:\Users\scott\soccer-video\out\_trash\dedupe_exact\20251103_125328\out\autoframe_work\cinematic\004__PRESSURE__t640.00-t663.00\f_000078.jpg","out\autoframe_work\cinematic\004__PRESSURE__t640.00-t663.00\f_000078.jpg","3299560692931EBF224AE665F03B0BDAF4BBE6AB58B74BB5A55E33D4956CC6D7","354062","11/3/2025 12:53:35 PM"
"C:\Users\scott\soccer-video\out\autoframe_work\cinematic\004__PRESSURE__t640.00-t663.00\f_000079.jpg","C:\Users\scott\soccer-video\out\_trash\dedupe_exact\20251103_125328\out\autoframe_work\cinematic\004__PRESSURE__t640.00-t663.00\f_000079.jpg","out\autoframe_work\cinematic\004__PRESSURE__t640.00-t663.00\f_000079.jpg","5E84F441DED8F089CD20F8B5704C77702BD24790868BB5F907D06BDD0DBEEBCC","346905","11/3/2025 12:53:35 PM"
"C:\Users\scott\soccer-video\out\autoframe_work\cinematic\004__PRESSURE__t640.00-t663.00\f_000080.jpg","C:\Users\scott\soccer-video\out\_trash\dedupe_exact\20251103_125328\out\autoframe_work\cinematic\004__PRESSURE__t640.00-t663.00\f_000080.jpg","out\autoframe_work\cinematic\004__PRESSURE__t640.00-t663.00\f_000080.jpg","CD13E1C949F240DCF0B9D3F6DD70C4032DCCFE88F328A649EC49AFCD60A87CC8","343553","11/3/2025 12:53:35 PM"
"C:\Users\scott\soccer-video\out\autoframe_work\cinematic\004__PRESSURE__t640.00-t663.00\f_000082.jpg","C:\Users\scott\soccer-video\out\_trash\dedupe_exact\20251103_125328\out\autoframe_work\cinematic\004__PRESSURE__t640.00-t663.00\f_000082.jpg","out\autoframe_work\cinematic\004__PRESSURE__t640.00-t663.00\f_000082.jpg","6AC10225BDC112EADD70981462BB664D6644556B82F92238FDB081F2BC4B7A2C","335771","11/3/2025 12:53:35 PM"
"C:\Users\scott\soccer-video\out\autoframe_work\cinematic\004__PRESSURE__t640.00-t663.00\f_000083.jpg","C:\Users\scott\soccer-video\out\_trash\dedupe_exact\20251103_125328\out\autoframe_work\cinematic\004__PRESSURE__t640.00-t663.00\f_000083.jpg","out\autoframe_work\cinematic\004__PRESSURE__t640.00-t663.00\f_000083.jpg","EBAC617A3D0C41248DC26708D1520B552D9C14B37B982E27B0C7FB65B76E4FEB","330368","11/3/2025 12:53:35 PM"
"C:\Users\scott\soccer-video\out\autoframe_work\cinematic\004__PRESSURE__t640.00-t663.00\f_000084.jpg","C:\Users\scott\soccer-video\out\_trash\dedupe_exact\20251103_125328\out\autoframe_work\cinematic\004__PRESSURE__t640.00-t663.00\f_000084.jpg","out\autoframe_work\cinematic\004__PRESSURE__t640.00-t663.00\f_000084.jpg","582B0189B2B256839680026A9DB1D2D0CD29503AB3901C40E6C1DF514D089BC6","331041","11/3/2025 12:53:35 PM"
"C:\Users\scott\soccer-video\out\autoframe_work\cinematic\004__PRESSURE__t640.00-t663.00\f_000085.jpg","C:\Users\scott\soccer-video\out\_trash\dedupe_exact\20251103_125328\out\autoframe_work\cinematic\004__PRESSURE__t640.00-t663.00\f_000085.jpg","out\autoframe_work\cinematic\004__PRESSURE__t640.00-t663.00\f_000085.jpg","658E2AEFC0B32BD1DF7606602CDA5A9E3EB2A3701F157F2C8148132A1946453C","331524","11/3/2025 12:53:35 PM"
"C:\Users\scott\soccer-video\out\autoframe_work\cinematic\004__PRESSURE__t640.00-t663.00\f_000158.jpg","C:\Users\scott\soccer-video\out\_trash\dedupe_exact\20251103_125328\out\autoframe_work\cinematic\004__PRESSURE__t640.00-t663.00\f_000158.jpg","out\autoframe_work\cinematic\004__PRESSURE__t640.00-t663.00\f_000158.jpg","9C3016477540E4A489E514C4B9E969840B38399547FF438E705F534AF56682A6","392527","11/3/2025 12:53:35 PM"
"C:\Users\scott\soccer-video\out\portrait_reels\branded\follow_portrait_BRAND.mp4","C:\Users\scott\soccer-video\out\_trash\dedupe_exact\20251103_125328\out\portrait_reels\branded\follow_portrait_BRAND.mp4","out\portrait_reels\branded\follow_portrait_BRAND.mp4","E3B0C44298FC1C149AFBF4C8996FB92427AE41E4649B934CA495991B7852B855","0","11/3/2025 12:53:35 PM"
"C:\Users\scott\soccer-video\out\portrait_reels\branded\001__2025-09-13__TSC_vs_NEOFC__SHOT__t155.50-t166.40_portrait_POST.mp4","C:\Users\scott\soccer-video\out\_trash\dedupe_exact\20251103_125328\out\portrait_reels\branded\001__2025-09-13__TSC_vs_NEOFC__SHOT__t155.50-t166.40_portrait_POST.mp4","out\portrait_reels\branded\001__2025-09-13__TSC_vs_NEOFC__SHOT__t155.50-t166.40_portrait_POST.mp4","E3B0C44298FC1C149AFBF4C8996FB92427AE41E4649B934CA495991B7852B855","0","11/3/2025 12:53:35 PM"
"C:\Users\scott\soccer-video\out\portrait_reels\branded\001__2025-09-13__TSC_vs_NEOFC__SHOT__t155.50-t166.40_portrait_BRAND.mp4","C:\Users\scott\soccer-video\out\_trash\dedupe_exact\20251103_125328\out\portrait_reels\branded\001__2025-09-13__TSC_vs_NEOFC__SHOT__t155.50-t166.40_portrait_BRAND.mp4","out\portrait_reels\branded\001__2025-09-13__TSC_vs_NEOFC__SHOT__t155.50-t166.40_portrait_BRAND.mp4","E3B0C44298FC1C149AFBF4C8996FB92427AE41E4649B934CA495991B7852B855","0","11/3/2025 12:53:35 PM"
"C:\Users\scott\soccer-video\out\branded_clips\WIDE\2025-09-20__TSC_vs_RVFC\001__2025-09-20__TSC_vs_RVFC__SHOT__t7320.00-t7860.00__WIDE.mp4","C:\Users\scott\soccer-video\out\_trash\dedupe_exact\20251103_125328\out\branded_clips\WIDE\2025-09-20__TSC_vs_RVFC\001__2025-09-20__TSC_vs_RVFC__SHOT__t7320.00-t7860.00__WIDE.mp4","out\branded_clips\WIDE\2025-09-20__TSC_vs_RVFC\001__2025-09-20__TSC_vs_RVFC__SHOT__t7320.00-t7860.00__WIDE.mp4","E3B0C44298FC1C149AFBF4C8996FB92427AE41E4649B934CA495991B7852B855","0","11/3/2025 12:53:35 PM"
"C:\Users\scott\soccer-video\out\branded_clips\REELS\2025-09-20__TSC_vs_RVFC\001__2025-09-20__TSC_vs_RVFC__SHOT__t7320.00-t7860.00__REEL.mp4","C:\Users\scott\soccer-video\out\_trash\dedupe_exact\20251103_125328\out\branded_clips\REELS\2025-09-20__TSC_vs_RVFC\001__2025-09-20__TSC_vs_RVFC__SHOT__t7320.00-t7860.00__REEL.mp4","out\branded_clips\REELS\2025-09-20__TSC_vs_RVFC\001__2025-09-20__TSC_vs_RVFC__SHOT__t7320.00-t7860.00__REEL.mp4","E3B0C44298FC1C149AFBF4C8996FB92427AE41E4649B934CA495991B7852B855","0","11/3/2025 12:53:35 PM"
"C:\Users\scott\soccer-video\out\portrait_reels\branded\001__2025-10-04__TSC_vs_FC_Tulsa_Black__DRIBBLING__t387.00-t412.00_portrait_POST.mp4","C:\Users\scott\soccer-video\out\_trash\dedupe_exact\20251103_125328\out\portrait_reels\branded\001__2025-10-04__TSC_vs_FC_Tulsa_Black__DRIBBLING__t387.00-t412.00_portrait_POST.mp4","out\portrait_reels\branded\001__2025-10-04__TSC_vs_FC_Tulsa_Black__DRIBBLING__t387.00-t412.00_portrait_POST.mp4","E3B0C44298FC1C149AFBF4C8996FB92427AE41E4649B934CA495991B7852B855","0","11/3/2025 12:53:35 PM"
"C:\Users\scott\soccer-video\out\portrait_reels\branded\001__2025-10-04__TSC_vs_FC_Tulsa_Black__DRIBBLING__t387.00-t412.00_portrait_BRAND.mp4","C:\Users\scott\soccer-video\out\_trash\dedupe_exact\20251103_125328\out\portrait_reels\branded\001__2025-10-04__TSC_vs_FC_Tulsa_Black__DRIBBLING__t387.00-t412.00_portrait_BRAND.mp4","out\portrait_reels\branded\001__2025-10-04__TSC_vs_FC_Tulsa_Black__DRIBBLING__t387.00-t412.00_portrait_BRAND.mp4","E3B0C44298FC1C149AFBF4C8996FB92427AE41E4649B934CA495991B7852B855","0","11/3/2025 12:53:35 PM"
"C:\Users\scott\soccer-video\out\branded_clips\WIDE\2025-09-20__TSC_vs_RVFC\042__2025-09-20__TSC_vs_RVFC__CORNER__t3992400.00-t4057200.00__WIDE.mp4","C:\Users\scott\soccer-video\out\_trash\dedupe_exact\20251103_125328\out\branded_clips\WIDE\2025-09-20__TSC_vs_RVFC\042__2025-09-20__TSC_vs_RVFC__CORNER__t3992400.00-t4057200.00__WIDE.mp4","out\branded_clips\WIDE\2025-09-20__TSC_vs_RVFC\042__2025-09-20__TSC_vs_RVFC__CORNER__t3992400.00-t4057200.00__WIDE.mp4","E3B0C44298FC1C149AFBF4C8996FB92427AE41E4649B934CA495991B7852B855","0","11/3/2025 12:53:35 PM"
"C:\Users\scott\soccer-video\out\branded_clips\WIDE\2025-09-20__TSC_vs_RVFC\041__2025-09-20__TSC_vs_RVFC__CORNER__t3931200.00-t3967200.00__WIDE.mp4","C:\Users\scott\soccer-video\out\_trash\dedupe_exact\20251103_125328\out\branded_clips\WIDE\2025-09-20__TSC_vs_RVFC\041__2025-09-20__TSC_vs_RVFC__CORNER__t3931200.00-t3967200.00__WIDE.mp4","out\branded_clips\WIDE\2025-09-20__TSC_vs_RVFC\041__2025-09-20__TSC_vs_RVFC__CORNER__t3931200.00-t3967200.00__WIDE.mp4","E3B0C44298FC1C149AFBF4C8996FB92427AE41E4649B934CA495991B7852B855","0","11/3/2025 12:53:35 PM"
"C:\Users\scott\soccer-video\out\branded_clips\REELS\2025-09-20__TSC_vs_RVFC\042__2025-09-20__TSC_vs_RVFC__CORNER__t3992400.00-t4057200.00__REEL.mp4","C:\Users\scott\soccer-video\out\_trash\dedupe_exact\20251103_125328\out\branded_clips\REELS\2025-09-20__TSC_vs_RVFC\042__2025-09-20__TSC_vs_RVFC__CORNER__t3992400.00-t4057200.00__REEL.mp4","out\branded_clips\REELS\2025-09-20__TSC_vs_RVFC\042__2025-09-20__TSC_vs_RVFC__CORNER__t3992400.00-t4057200.00__REEL.mp4","E3B0C44298FC1C149AFBF4C8996FB92427AE41E4649B934CA495991B7852B855","0","11/3/2025 12:53:35 PM"
"C:\Users\scott\soccer-video\out\branded_clips\WIDE\2025-09-20__TSC_vs_RVFC\002__2025-09-20__TSC_vs_RVFC__PRESSURE_SHOT__t7920.00-t8880.00__WIDE.mp4","C:\Users\scott\soccer-video\out\_trash\dedupe_exact\20251103_125328\out\branded_clips\WIDE\2025-09-20__TSC_vs_RVFC\002__2025-09-20__TSC_vs_RVFC__PRESSURE_SHOT__t7920.00-t8880.00__WIDE.mp4","out\branded_clips\WIDE\2025-09-20__TSC_vs_RVFC\002__2025-09-20__TSC_vs_RVFC__PRESSURE_SHOT__t7920.00-t8880.00__WIDE.mp4","E3B0C44298FC1C149AFBF4C8996FB92427AE41E4649B934CA495991B7852B855","0","11/3/2025 12:53:35 PM"
"C:\Users\scott\soccer-video\out\branded_clips\REELS\2025-09-20__TSC_vs_RVFC\041__2025-09-20__TSC_vs_RVFC__CORNER__t3931200.00-t3967200.00__REEL.mp4","C:\Users\scott\soccer-video\out\_trash\dedupe_exact\20251103_125328\out\branded_clips\REELS\2025-09-20__TSC_vs_RVFC\041__2025-09-20__TSC_vs_RVFC__CORNER__t3931200.00-t3967200.00__REEL.mp4","out\branded_clips\REELS\2025-09-20__TSC_vs_RVFC\041__2025-09-20__TSC_vs_RVFC__CORNER__t3931200.00-t3967200.00__REEL.mp4","E3B0C44298FC1C149AFBF4C8996FB92427AE41E4649B934CA495991B7852B855","0","11/3/2025 12:53:35 PM"
"C:\Users\scott\soccer-video\out\autoframe_work\cinematic\115__2025-09-13__TSC_vs_NEOFC__SHOT__t155.50-t166.40_portrait_FINAL\follow\stabilized.mp4","C:\Users\scott\soccer-video\out\_trash\dedupe_exact\20251103_125328\out\autoframe_work\cinematic\115__2025-09-13__TSC_vs_NEOFC__SHOT__t155.50-t166.40_portrait_FINAL\follow\stabilized.mp4","out\autoframe_work\cinematic\115__2025-09-13__TSC_vs_NEOFC__SHOT__t155.50-t166.40_portrait_FINAL\follow\stabilized.mp4","E3B0C44298FC1C149AFBF4C8996FB92427AE41E4649B934CA495991B7852B855","0","11/3/2025 12:53:35 PM"
"C:\Users\scott\soccer-video\out\branded_clips\REELS\2025-09-20__TSC_vs_RVFC\002__2025-09-20__TSC_vs_RVFC__PRESSURE_SHOT__t7920.00-t8880.00__REEL.mp4","C:\Users\scott\soccer-video\out\_trash\dedupe_exact\20251103_125328\out\branded_clips\REELS\2025-09-20__TSC_vs_RVFC\002__2025-09-20__TSC_vs_RVFC__PRESSURE_SHOT__t7920.00-t8880.00__REEL.mp4","out\branded_clips\REELS\2025-09-20__TSC_vs_RVFC\002__2025-09-20__TSC_vs_RVFC__PRESSURE_SHOT__t7920.00-t8880.00__REEL.mp4","E3B0C44298FC1C149AFBF4C8996FB92427AE41E4649B934CA495991B7852B855","0","11/3/2025 12:53:35 PM"
"C:\Users\scott\soccer-video\out\autoframe_work\cinematic\116__2025-10-04__TSC_vs_FC_Tulsa_Black__DRIBBLING__t387.00-t412.00_portrait_FINAL\follow\stabilized.mp4","C:\Users\scott\soccer-video\out\_trash\dedupe_exact\20251103_125328\out\autoframe_work\cinematic\116__2025-10-04__TSC_vs_FC_Tulsa_Black__DRIBBLING__t387.00-t412.00_portrait_FINAL\follow\stabilized.mp4","out\autoframe_work\cinematic\116__2025-10-04__TSC_vs_FC_Tulsa_Black__DRIBBLING__t387.00-t412.00_portrait_FINAL\follow\stabilized.mp4","E3B0C44298FC1C149AFBF4C8996FB92427AE41E4649B934CA495991B7852B855","0","11/3/2025 12:53:35 PM"
"C:\Users\scott\soccer-video\out\branded_clips\WIDE\2025-09-20__TSC_vs_Greenwood\038__2025-09-20__TSC_vs_Greenwood__PRESSURE_SHOT__t4010400.00-t4086000.00__WIDE.mp4","C:\Users\scott\soccer-video\out\_trash\dedupe_exact\20251103_125328\out\branded_clips\WIDE\2025-09-20__TSC_vs_Greenwood\038__2025-09-20__TSC_vs_Greenwood__PRESSURE_SHOT__t4010400.00-t4086000.00__WIDE.mp4","out\branded_clips\WIDE\2025-09-20__TSC_vs_Greenwood\038__2025-09-20__TSC_vs_Greenwood__PRESSURE_SHOT__t4010400.00-t4086000.00__WIDE.mp4","E3B0C44298FC1C149AFBF4C8996FB92427AE41E4649B934CA495991B7852B855","0","11/3/2025 12:53:35 PM"
"C:\Users\scott\soccer-video\out\branded_clips\WIDE\2025-09-20__TSC_vs_Greenwood\036__2025-09-20__TSC_vs_Greenwood__PRESSURE_SHOT__t3906000.00-t3942000.00__WIDE.mp4","C:\Users\scott\soccer-video\out\_trash\dedupe_exact\20251103_125328\out\branded_clips\WIDE\2025-09-20__TSC_vs_Greenwood\036__2025-09-20__TSC_vs_Greenwood__PRESSURE_SHOT__t3906000.00-t3942000.00__WIDE.mp4","out\branded_clips\WIDE\2025-09-20__TSC_vs_Greenwood\036__2025-09-20__TSC_vs_Greenwood__PRESSURE_SHOT__t3906000.00-t3942000.00__WIDE.mp4","E3B0C44298FC1C149AFBF4C8996FB92427AE41E4649B934CA495991B7852B855","0","11/3/2025 12:53:35 PM"
"C:\Users\scott\soccer-video\out\branded_clips\REELS\2025-09-20__TSC_vs_Greenwood\036__2025-09-20__TSC_vs_Greenwood__PRESSURE_SHOT__t3906000.00-t3942000.00__REEL.mp4","C:\Users\scott\soccer-video\out\_trash\dedupe_exact\20251103_125328\out\branded_clips\REELS\2025-09-20__TSC_vs_Greenwood\036__2025-09-20__TSC_vs_Greenwood__PRESSURE_SHOT__t3906000.00-t3942000.00__REEL.mp4","out\branded_clips\REELS\2025-09-20__TSC_vs_Greenwood\036__2025-09-20__TSC_vs_Greenwood__PRESSURE_SHOT__t3906000.00-t3942000.00__REEL.mp4","E3B0C44298FC1C149AFBF4C8996FB92427AE41E4649B934CA495991B7852B855","0","11/3/2025 12:53:35 PM"
"C:\Users\scott\soccer-video\out\branded_clips\REELS\2025-09-20__TSC_vs_Greenwood\038__2025-09-20__TSC_vs_Greenwood__PRESSURE_SHOT__t4010400.00-t4086000.00__REEL.mp4","C:\Users\scott\soccer-video\out\_trash\dedupe_exact\20251103_125328\out\branded_clips\REELS\2025-09-20__TSC_vs_Greenwood\038__2025-09-20__TSC_vs_Greenwood__PRESSURE_SHOT__t4010400.00-t4086000.00__REEL.mp4","out\branded_clips\REELS\2025-09-20__TSC_vs_Greenwood\038__2025-09-20__TSC_vs_Greenwood__PRESSURE_SHOT__t4010400.00-t4086000.00__REEL.mp4","E3B0C44298FC1C149AFBF4C8996FB92427AE41E4649B934CA495991B7852B855","0","11/3/2025 12:53:35 PM"
"C:\Users\scott\soccer-video\out\branded_clips\WIDE\2025-10-04__TSC_vs_FC_Tulsa_Black\014__2025-10-04__TSC_vs_FC_Tulsa_Black__SHOT__t2354400.00-t2394000.00__WIDE.mp4","C:\Users\scott\soccer-video\out\_trash\dedupe_exact\20251103_125328\out\branded_clips\WIDE\2025-10-04__TSC_vs_FC_Tulsa_Black\014__2025-10-04__TSC_vs_FC_Tulsa_Black__SHOT__t2354400.00-t2394000.00__WIDE.mp4","out\branded_clips\WIDE\2025-10-04__TSC_vs_FC_Tulsa_Black\014__2025-10-04__TSC_vs_FC_Tulsa_Black__SHOT__t2354400.00-t2394000.00__WIDE.mp4","E3B0C44298FC1C149AFBF4C8996FB92427AE41E4649B934CA495991B7852B855","0","11/3/2025 12:53:35 PM"
"C:\Users\scott\soccer-video\out\branded_clips\REELS\2025-10-04__TSC_vs_FC_Tulsa_Black\014__2025-10-04__TSC_vs_FC_Tulsa_Black__SHOT__t2354400.00-t2394000.00__REEL.mp4","C:\Users\scott\soccer-video\out\_trash\dedupe_exact\20251103_125328\out\branded_clips\REELS\2025-10-04__TSC_vs_FC_Tulsa_Black\014__2025-10-04__TSC_vs_FC_Tulsa_Black__SHOT__t2354400.00-t2394000.00__REEL.mp4","out\branded_clips\REELS\2025-10-04__TSC_vs_FC_Tulsa_Black\014__2025-10-04__TSC_vs_FC_Tulsa_Black__SHOT__t2354400.00-t2394000.00__REEL.mp4","E3B0C44298FC1C149AFBF4C8996FB92427AE41E4649B934CA495991B7852B855","0","11/3/2025 12:53:35 PM"
"C:\Users\scott\soccer-video\out\branded_clips\WIDE\2025-09-20__TSC_vs_Greenwood\027__2025-09-20__TSC_vs_Greenwood__BUILD_UP_PLAY_SHOT__t2937600.00-t3002400.00__WIDE.mp4","C:\Users\scott\soccer-video\out\_trash\dedupe_exact\20251103_125328\out\branded_clips\WIDE\2025-09-20__TSC_vs_Greenwood\027__2025-09-20__TSC_vs_Greenwood__BUILD_UP_PLAY_SHOT__t2937600.00-t3002400.00__WIDE.mp4","out\branded_clips\WIDE\2025-09-20__TSC_vs_Greenwood\027__2025-09-20__TSC_vs_Greenwood__BUILD_UP_PLAY_SHOT__t2937600.00-t3002400.00__WIDE.mp4","E3B0C44298FC1C149AFBF4C8996FB92427AE41E4649B934CA495991B7852B855","0","11/3/2025 12:53:35 PM"
"C:\Users\scott\soccer-video\out\branded_clips\REELS\2025-09-20__TSC_vs_Greenwood\027__2025-09-20__TSC_vs_Greenwood__BUILD_UP_PLAY_SHOT__t2937600.00-t3002400.00__REEL.mp4","C:\Users\scott\soccer-video\out\_trash\dedupe_exact\20251103_125328\out\branded_clips\REELS\2025-09-20__TSC_vs_Greenwood\027__2025-09-20__TSC_vs_Greenwood__BUILD_UP_PLAY_SHOT__t2937600.00-t3002400.00__REEL.mp4","out\branded_clips\REELS\2025-09-20__TSC_vs_Greenwood\027__2025-09-20__TSC_vs_Greenwood__BUILD_UP_PLAY_SHOT__t2937600.00-t3002400.00__REEL.mp4","E3B0C44298FC1C149AFBF4C8996FB92427AE41E4649B934CA495991B7852B855","0","11/3/2025 12:53:35 PM"
"C:\Users\scott\soccer-video\out\autoframe_work\cinematic\117__1970-01-01__HOME_vs_AWAY__GOAL__t180.80-t191.20_portrait_FINAL\follow\stabilized.mp4","C:\Users\scott\soccer-video\out\_trash\dedupe_exact\20251103_125328\out\autoframe_work\cinematic\117__1970-01-01__HOME_vs_AWAY__GOAL__t180.80-t191.20_portrait_FINAL\follow\stabilized.mp4","out\autoframe_work\cinematic\117__1970-01-01__HOME_vs_AWAY__GOAL__t180.80-t191.20_portrait_FINAL\follow\stabilized.mp4","5807F83F8C7C328954A646D8745F438443FCCBEEC9875AC5286E6C1E912174B6","9730379","11/3/2025 12:53:35 PM"
"C:\Users\scott\soccer-video\out\autoframe_work\cinematic\118__2025-10-04__TSC_vs_FC_Tulsa_Black__BUILD_UP__t421.00-t449.00_portrait_FINAL\follow\stabilized.mp4","C:\Users\scott\soccer-video\out\_trash\dedupe_exact\20251103_125328\out\autoframe_work\cinematic\118__2025-10-04__TSC_vs_FC_Tulsa_Black__BUILD_UP__t421.00-t449.00_portrait_FINAL\follow\stabilized.mp4","out\autoframe_work\cinematic\118__2025-10-04__TSC_vs_FC_Tulsa_Black__BUILD_UP__t421.00-t449.00_portrait_FINAL\follow\stabilized.mp4","3E012DFAF3B3F46D5D0F22CE3BE261D939D9B36848E67BFFA397A9E16B00DA46","46021873","11/3/2025 12:53:35 PM"
"C:\Users\scott\soccer-video\out\autoframe_work\cinematic\119__1970-01-01__HOME_vs_AWAY__BUILD_UP__t224.80-t248.70_portrait_FINAL\follow\stabilized.mp4","C:\Users\scott\soccer-video\out\_trash\dedupe_exact\20251103_125328\out\autoframe_work\cinematic\119__1970-01-01__HOME_vs_AWAY__BUILD_UP__t224.80-t248.70_portrait_FINAL\follow\stabilized.mp4","out\autoframe_work\cinematic\119__1970-01-01__HOME_vs_AWAY__BUILD_UP__t224.80-t248.70_portrait_FINAL\follow\stabilized.mp4","4258360D4B1BF67509CC1AA4FBFE7B49DBAF3EF367C80214CD4ED26E579200CE","34719589","11/3/2025 12:53:35 PM"
"C:\Users\scott\soccer-video\out\autoframe_work\cinematic\120__2025-09-20__TSC_vs_Greenwood__BUILD_UP_PLAY_SHOT__t421.00-t441.00_portrait_FINAL\follow\stabilized.mp4","C:\Users\scott\soccer-video\out\_trash\dedupe_exact\20251103_125328\out\autoframe_work\cinematic\120__2025-09-20__TSC_vs_Greenwood__BUILD_UP_PLAY_SHOT__t421.00-t441.00_portrait_FINAL\follow\stabilized.mp4","out\autoframe_work\cinematic\120__2025-09-20__TSC_vs_Greenwood__BUILD_UP_PLAY_SHOT__t421.00-t441.00_portrait_FINAL\follow\stabilized.mp4","43BE1FD006412F358ABD487B98BED7F0EEBCB2D5B8BB9D22129B10711D723396","32277309","11/3/2025 12:53:35 PM"
"C:\Users\scott\soccer-video\out\autoframe_work\cinematic\121__2025-10-04__TSC_vs_FC_Tulsa_Black__BUILD_UP__t458.00-t487.00_portrait_FINAL\follow\stabilized.mp4","C:\Users\scott\soccer-video\out\_trash\dedupe_exact\20251103_125328\out\autoframe_work\cinematic\121__2025-10-04__TSC_vs_FC_Tulsa_Black__BUILD_UP__t458.00-t487.00_portrait_FINAL\follow\stabilized.mp4","out\autoframe_work\cinematic\121__2025-10-04__TSC_vs_FC_Tulsa_Black__BUILD_UP__t458.00-t487.00_portrait_FINAL\follow\stabilized.mp4","C749557357232680CF8EAC03DA5C665433F2C6D70DA0A380854C7F6FFFCC9632","44502879","11/3/2025 12:53:35 PM"
"C:\Users\scott\soccer-video\out\autoframe_work\cinematic\122__1970-01-01__HOME_vs_AWAY__GOAL__t266.50-t283.10_portrait_FINAL\follow\stabilized.mp4","C:\Users\scott\soccer-video\out\_trash\dedupe_exact\20251103_125328\out\autoframe_work\cinematic\122__1970-01-01__HOME_vs_AWAY__GOAL__t266.50-t283.10_portrait_FINAL\follow\stabilized.mp4","out\autoframe_work\cinematic\122__1970-01-01__HOME_vs_AWAY__GOAL__t266.50-t283.10_portrait_FINAL\follow\stabilized.mp4","687CB48711F97C7380AF5DAA63EAE7A9FDB7755457C267E068E1B668A8C42E39","19740672","11/3/2025 12:53:35 PM"
"C:\Users\scott\soccer-video\out\autoframe_work\cinematic\123__2025-09-20__TSC_vs_Greenwood__PRESSURE_TWO_SHOTS__t444.00-t456.00_portrait_FINAL\follow\stabilized.mp4","C:\Users\scott\soccer-video\out\_trash\dedupe_exact\20251103_125328\out\autoframe_work\cinematic\123__2025-09-20__TSC_vs_Greenwood__PRESSURE_TWO_SHOTS__t444.00-t456.00_portrait_FINAL\follow\stabilized.mp4","out\autoframe_work\cinematic\123__2025-09-20__TSC_vs_Greenwood__PRESSURE_TWO_SHOTS__t444.00-t456.00_portrait_FINAL\follow\stabilized.mp4","E33744C4CD8475703E0ED80419F13F4E55D67F5DD380DE5DA65859CFEC3134E9","20008479","11/3/2025 12:53:35 PM"
"C:\Users\scott\soccer-video\out\autoframe_work\cinematic\124__2025-10-04__TSC_vs_FC_Tulsa_Black__BUILD_UP__t495.00-t513.00_portrait_FINAL\follow\stabilized.mp4","C:\Users\scott\soccer-video\out\_trash\dedupe_exact\20251103_125328\out\autoframe_work\cinematic\124__2025-10-04__TSC_vs_FC_Tulsa_Black__BUILD_UP__t495.00-t513.00_portrait_FINAL\follow\stabilized.mp4","out\autoframe_work\cinematic\124__2025-10-04__TSC_vs_FC_Tulsa_Black__BUILD_UP__t495.00-t513.00_portrait_FINAL\follow\stabilized.mp4","80D542F8371248ACFCB7AA1322D9CF430D2825E9ACC78BFBC671DABE6172848B","28114016","11/3/2025 12:53:35 PM"
"C:\Users\scott\soccer-video\out\autoframe_work\cinematic\125__1970-01-01__HOME_vs_AWAY__CORNER__t417.90-t431.60_portrait_FINAL\follow\stabilized.mp4","C:\Users\scott\soccer-video\out\_trash\dedupe_exact\20251103_125328\out\autoframe_work\cinematic\125__1970-01-01__HOME_vs_AWAY__CORNER__t417.90-t431.60_portrait_FINAL\follow\stabilized.mp4","out\autoframe_work\cinematic\125__1970-01-01__HOME_vs_AWAY__CORNER__t417.90-t431.60_portrait_FINAL\follow\stabilized.mp4","CEEBE029AB61B88B43CFF0D39F304DA8430C4B91011156A753BE8185871C8BA2","16414950","11/3/2025 12:53:35 PM"
"C:\Users\scott\soccer-video\out\autoframe_work\cinematic\126__2025-09-20__TSC_vs_Greenwood__WIN_FREE_KICK__t538.00-t553.00_portrait_FINAL\follow\stabilized.mp4","C:\Users\scott\soccer-video\out\_trash\dedupe_exact\20251103_125328\out\autoframe_work\cinematic\126__2025-09-20__TSC_vs_Greenwood__WIN_FREE_KICK__t538.00-t553.00_portrait_FINAL\follow\stabilized.mp4","out\autoframe_work\cinematic\126__2025-09-20__TSC_vs_Greenwood__WIN_FREE_KICK__t538.00-t553.00_portrait_FINAL\follow\stabilized.mp4","273E78A6F478D0F137BDF7D208D01DE11FFC7C1946AA813AD47986115C091755","23680319","11/3/2025 12:53:35 PM"
"C:\Users\scott\soccer-video\out\autoframe_work\cinematic\127__2025-10-04__TSC_vs_FC_Tulsa_Black__SHOT__t600.00-t607.00_portrait_FINAL\follow\stabilized.mp4","C:\Users\scott\soccer-video\out\_trash\dedupe_exact\20251103_125328\out\autoframe_work\cinematic\127__2025-10-04__TSC_vs_FC_Tulsa_Black__SHOT__t600.00-t607.00_portrait_FINAL\follow\stabilized.mp4","out\autoframe_work\cinematic\127__2025-10-04__TSC_vs_FC_Tulsa_Black__SHOT__t600.00-t607.00_portrait_FINAL\follow\stabilized.mp4","3E93A049672C85F352A0EDECC8C99F2F0926CA358F8A5A8D9C63E32E519FF6F7","11526269","11/3/2025 12:53:35 PM"
"C:\Users\scott\soccer-video\out\autoframe_work\cinematic\128__1970-01-01__HOME_vs_AWAY__DEFENSE__t699.30-t711.50_portrait_FINAL\follow\stabilized.mp4","C:\Users\scott\soccer-video\out\_trash\dedupe_exact\20251103_125328\out\autoframe_work\cinematic\128__1970-01-01__HOME_vs_AWAY__DEFENSE__t699.30-t711.50_portrait_FINAL\follow\stabilized.mp4","out\autoframe_work\cinematic\128__1970-01-01__HOME_vs_AWAY__DEFENSE__t699.30-t711.50_portrait_FINAL\follow\stabilized.mp4","DB80BBAFE60FBEA71C8C7F6895BB8C3AB51F3727D57799A771D17A8C8B6F62AF","13121454","11/3/2025 12:53:35 PM"
"C:\Users\scott\soccer-video\out\autoframe_work\cinematic\129__2025-09-20__TSC_vs_Greenwood__BUILD_UP_PLAY_SHOT__t685.00-t708.00_portrait_FINAL\follow\stabilized.mp4","C:\Users\scott\soccer-video\out\_trash\dedupe_exact\20251103_125328\out\autoframe_work\cinematic\129__2025-09-20__TSC_vs_Greenwood__BUILD_UP_PLAY_SHOT__t685.00-t708.00_portrait_FINAL\follow\stabilized.mp4","out\autoframe_work\cinematic\129__2025-09-20__TSC_vs_Greenwood__BUILD_UP_PLAY_SHOT__t685.00-t708.00_portrait_FINAL\follow\stabilized.mp4","B768CDD331FE11CF63BE389A0C73403687AF972FBDDC5B222E1C3E58BE4B13F2","36774085","11/3/2025 12:53:35 PM"
"C:\Users\scott\soccer-video\out\autoframe_work\cinematic\130__2025-09-20__TSC_vs_RVFC__SHOT__t517.00-t528.00_portrait_FINAL\follow\stabilized.mp4","C:\Users\scott\soccer-video\out\_trash\dedupe_exact\20251103_125328\out\autoframe_work\cinematic\130__2025-09-20__TSC_vs_RVFC__SHOT__t517.00-t528.00_portrait_FINAL\follow\stabilized.mp4","out\autoframe_work\cinematic\130__2025-09-20__TSC_vs_RVFC__SHOT__t517.00-t528.00_portrait_FINAL\follow\stabilized.mp4","9C5F0CC4C5CF4794387B5403097B1D825C5A04C9AF86BD337100825745B733A1","18514832","11/3/2025 12:53:35 PM"
"C:\Users\scott\soccer-video\out\autoframe_work\cinematic\131__2025-10-04__TSC_vs_FC_Tulsa_Black__BUILD_UP_GOAL__t674.00-t717.00_portrait_FINAL\follow\stabilized.mp4","C:\Users\scott\soccer-video\out\_trash\dedupe_exact\20251103_125328\out\autoframe_work\cinematic\131__2025-10-04__TSC_vs_FC_Tulsa_Black__BUILD_UP_GOAL__t674.00-t717.00_portrait_FINAL\follow\stabilized.mp4","out\autoframe_work\cinematic\131__2025-10-04__TSC_vs_FC_Tulsa_Black__BUILD_UP_GOAL__t674.00-t717.00_portrait_FINAL\follow\stabilized.mp4","A197C2970C9D33CEEA8B78806AC07A065C38122EE186880CE1CAAF78038DCEB8","66693126","11/3/2025 12:53:35 PM"
"C:\Users\scott\soccer-video\out\autoframe_work\cinematic\132__1970-01-01__HOME_vs_AWAY__DRIBBLING__t982.00-t987.90_portrait_FINAL\follow\stabilized.mp4","C:\Users\scott\soccer-video\out\_trash\dedupe_exact\20251103_125328\out\autoframe_work\cinematic\132__1970-01-01__HOME_vs_AWAY__DRIBBLING__t982.00-t987.90_portrait_FINAL\follow\stabilized.mp4","out\autoframe_work\cinematic\132__1970-01-01__HOME_vs_AWAY__DRIBBLING__t982.00-t987.90_portrait_FINAL\follow\stabilized.mp4","6F5DE93C6C1BAC796DC2962BF4FED492856C7E93A8DAABB23629441683993509","9254270","11/3/2025 12:53:35 PM"
"C:\Users\scott\soccer-video\out\autoframe_work\cinematic\133__2025-09-20__TSC_vs_Greenwood__DRIBBLING_SHOT__t739.00-t752.00_portrait_FINAL\follow\stabilized.mp4","C:\Users\scott\soccer-video\out\_trash\dedupe_exact\20251103_125328\out\autoframe_work\cinematic\133__2025-09-20__TSC_vs_Greenwood__DRIBBLING_SHOT__t739.00-t752.00_portrait_FINAL\follow\stabilized.mp4","out\autoframe_work\cinematic\133__2025-09-20__TSC_vs_Greenwood__DRIBBLING_SHOT__t739.00-t752.00_portrait_FINAL\follow\stabilized.mp4","77710A0415EAE15D803C6C757C8E0008013647FB53F6C660AA97F8C656D05154","22509421","11/3/2025 12:53:35 PM"
"C:\Users\scott\soccer-video\out\autoframe_work\cinematic\134__2025-09-20__TSC_vs_RVFC__PRESSURE_GOAL__t529.00-t547.00_portrait_FINAL\follow\stabilized.mp4","C:\Users\scott\soccer-video\out\_trash\dedupe_exact\20251103_125328\out\autoframe_work\cinematic\134__2025-09-20__TSC_vs_RVFC__PRESSURE_GOAL__t529.00-t547.00_portrait_FINAL\follow\stabilized.mp4","out\autoframe_work\cinematic\134__2025-09-20__TSC_vs_RVFC__PRESSURE_GOAL__t529.00-t547.00_portrait_FINAL\follow\stabilized.mp4","7F0DE44BF14F64AB585ADF5915701C43546AED449B9F87433CCA5AC3472CC1A4","25738245","11/3/2025 12:53:35 PM"
"C:\Users\scott\soccer-video\out\autoframe_work\cinematic\135__2025-10-04__TSC_vs_FC_Tulsa_Black__BUILD_UP_SHOT__t767.00-t785.00_portrait_FINAL\follow\stabilized.mp4","C:\Users\scott\soccer-video\out\_trash\dedupe_exact\20251103_125328\out\autoframe_work\cinematic\135__2025-10-04__TSC_vs_FC_Tulsa_Black__BUILD_UP_SHOT__t767.00-t785.00_portrait_FINAL\follow\stabilized.mp4","out\autoframe_work\cinematic\135__2025-10-04__TSC_vs_FC_Tulsa_Black__BUILD_UP_SHOT__t767.00-t785.00_portrait_FINAL\follow\stabilized.mp4","4EAC471471A086A0B9D87B8AAF3B6BC16C096CA0CF6319615B248C57D8287908","29736477","11/3/2025 12:53:35 PM"
"C:\Users\scott\soccer-video\out\autoframe_work\cinematic\136__1970-01-01__HOME_vs_AWAY__SHOT__t1247.80-t1259.20_portrait_FINAL\follow\stabilized.mp4","C:\Users\scott\soccer-video\out\_trash\dedupe_exact\20251103_125328\out\autoframe_work\cinematic\136__1970-01-01__HOME_vs_AWAY__SHOT__t1247.80-t1259.20_portrait_FINAL\follow\stabilized.mp4","out\autoframe_work\cinematic\136__1970-01-01__HOME_vs_AWAY__SHOT__t1247.80-t1259.20_portrait_FINAL\follow\stabilized.mp4","ABD9A8C42AF2575B30D277C94CEDE8BC56F9689B6532F948383D598DF36C1784","9862515","11/3/2025 12:53:35 PM"
"C:\Users\scott\soccer-video\out\autoframe_work\cinematic\137__2025-09-20__TSC_vs_Greenwood__PRESSURE_SHOT__t754.00-t783.00_portrait_FINAL\follow\stabilized.mp4","C:\Users\scott\soccer-video\out\_trash\dedupe_exact\20251103_125328\out\autoframe_work\cinematic\137__2025-09-20__TSC_vs_Greenwood__PRESSURE_SHOT__t754.00-t783.00_portrait_FINAL\follow\stabilized.mp4","out\autoframe_work\cinematic\137__2025-09-20__TSC_vs_Greenwood__PRESSURE_SHOT__t754.00-t783.00_portrait_FINAL\follow\stabilized.mp4","829EFE8E3A387CBCCF1A01D228D63657DF4387722A7BAE8E5C0E9002B984EA8D","47498352","11/3/2025 12:53:35 PM"
"C:\Users\scott\soccer-video\out\autoframe_work\cinematic\138__2025-09-20__TSC_vs_RVFC__BUILD_UP_PLAY_SHOT__t565.00-t600.00_portrait_FINAL\follow\stabilized.mp4","C:\Users\scott\soccer-video\out\_trash\dedupe_exact\20251103_125328\out\autoframe_work\cinematic\138__2025-09-20__TSC_vs_RVFC__BUILD_UP_PLAY_SHOT__t565.00-t600.00_portrait_FINAL\follow\stabilized.mp4","out\autoframe_work\cinematic\138__2025-09-20__TSC_vs_RVFC__BUILD_UP_PLAY_SHOT__t565.00-t600.00_portrait_FINAL\follow\stabilized.mp4","2962B982FC041EE461108755016B21CDCA1EB207B69E7DD2E9866056913D063B","57490282","11/3/2025 12:53:35 PM"
"C:\Users\scott\soccer-video\out\autoframe_work\cinematic\139__2025-10-04__TSC_vs_FC_Tulsa_Black__BUILD_UP_SHOT__t1025.00-t1040.00_portrait_FINAL\follow\stabilized.mp4","C:\Users\scott\soccer-video\out\_trash\dedupe_exact\20251103_125328\out\autoframe_work\cinematic\139__2025-10-04__TSC_vs_FC_Tulsa_Black__BUILD_UP_SHOT__t1025.00-t1040.00_portrait_FINAL\follow\stabilized.mp4","out\autoframe_work\cinematic\139__2025-10-04__TSC_vs_FC_Tulsa_Black__BUILD_UP_SHOT__t1025.00-t1040.00_portrait_FINAL\follow\stabilized.mp4","44A5FFA7B45C1FB1022580CAD35546207D2CAFA727EE7C5C14FD632374D1A24C","25537531","11/3/2025 12:53:35 PM"
"C:\Users\scott\soccer-video\out\autoframe_work\cinematic\140__1970-01-01__HOME_vs_AWAY__SHOT__t1420.40-t1438.20_portrait_FINAL\follow\stabilized.mp4","C:\Users\scott\soccer-video\out\_trash\dedupe_exact\20251103_125328\out\autoframe_work\cinematic\140__1970-01-01__HOME_vs_AWAY__SHOT__t1420.40-t1438.20_portrait_FINAL\follow\stabilized.mp4","out\autoframe_work\cinematic\140__1970-01-01__HOME_vs_AWAY__SHOT__t1420.40-t1438.20_portrait_FINAL\follow\stabilized.mp4","0674B2FB03F581BD68B4B0A79A3C019028163AD7C736CB6CCF3DEA4B98E02FA3","16875953","11/3/2025 12:53:35 PM"
"C:\Users\scott\soccer-video\out\autoframe_work\cinematic\141__2025-09-20__TSC_vs_Greenwood__PRESSURE_SHOT__t802.00-t818.00_portrait_FINAL\follow\stabilized.mp4","C:\Users\scott\soccer-video\out\_trash\dedupe_exact\20251103_125328\out\autoframe_work\cinematic\141__2025-09-20__TSC_vs_Greenwood__PRESSURE_SHOT__t802.00-t818.00_portrait_FINAL\follow\stabilized.mp4","out\autoframe_work\cinematic\141__2025-09-20__TSC_vs_Greenwood__PRESSURE_SHOT__t802.00-t818.00_portrait_FINAL\follow\stabilized.mp4","CA693C56A305651A443B3362BC38D30D3D472542690DC4CE0F471D3CB107B396","23869724","11/3/2025 12:53:35 PM"
"C:\Users\scott\soccer-video\out\autoframe_work\cinematic\142__2025-09-20__TSC_vs_RVFC__PRESSURE_SHOT__t604.00-t620.00_portrait_FINAL\follow\stabilized.mp4","C:\Users\scott\soccer-video\out\_trash\dedupe_exact\20251103_125328\out\autoframe_work\cinematic\142__2025-09-20__TSC_vs_RVFC__PRESSURE_SHOT__t604.00-t620.00_portrait_FINAL\follow\stabilized.mp4","out\autoframe_work\cinematic\142__2025-09-20__TSC_vs_RVFC__PRESSURE_SHOT__t604.00-t620.00_portrait_FINAL\follow\stabilized.mp4","1ADF86C162F1ADCA03DA7ADFA3DF4B9A1ADF5FF709E3683B43B15BDC2A2CFF67","27433260","11/3/2025 12:53:35 PM"
"C:\Users\scott\soccer-video\out\autoframe_work\cinematic\143__2025-10-04__TSC_vs_FC_Tulsa_Black__PRESSURE_SHOT__t1046.00-t1057.00_portrait_FINAL\follow\stabilized.mp4","C:\Users\scott\soccer-video\out\_trash\dedupe_exact\20251103_125328\out\autoframe_work\cinematic\143__2025-10-04__TSC_vs_FC_Tulsa_Black__PRESSURE_SHOT__t1046.00-t1057.00_portrait_FINAL\follow\stabilized.mp4","out\autoframe_work\cinematic\143__2025-10-04__TSC_vs_FC_Tulsa_Black__PRESSURE_SHOT__t1046.00-t1057.00_portrait_FINAL\follow\stabilized.mp4","B8EAD5CCAD8A31C460299832A2D8351778E497C272E7C5452660B5179605272D","15182016","11/3/2025 12:53:35 PM"
"C:\Users\scott\soccer-video\out\autoframe_work\cinematic\144__1970-01-01__HOME_vs_AWAY__CROSS__t1541.10-t1547.90_portrait_FINAL\follow\stabilized.mp4","C:\Users\scott\soccer-video\out\_trash\dedupe_exact\20251103_125328\out\autoframe_work\cinematic\144__1970-01-01__HOME_vs_AWAY__CROSS__t1541.10-t1547.90_portrait_FINAL\follow\stabilized.mp4","out\autoframe_work\cinematic\144__1970-01-01__HOME_vs_AWAY__CROSS__t1541.10-t1547.90_portrait_FINAL\follow\stabilized.mp4","99AF11F1F8D8F5A9B10353C71CD92057BFF9D2D55F193F6B5AE0231D7E81C91F","9590020","11/3/2025 12:53:35 PM"
"C:\Users\scott\soccer-video\out\autoframe_work\cinematic\145__2025-09-20__TSC_vs_Greenwood__DEFENSE_BUILD_UP__t821.00-t848.00_portrait_FINAL\follow\stabilized.mp4","C:\Users\scott\soccer-video\out\_trash\dedupe_exact\20251103_125328\out\autoframe_work\cinematic\145__2025-09-20__TSC_vs_Greenwood__DEFENSE_BUILD_UP__t821.00-t848.00_portrait_FINAL\follow\stabilized.mp4","out\autoframe_work\cinematic\145__2025-09-20__TSC_vs_Greenwood__DEFENSE_BUILD_UP__t821.00-t848.00_portrait_FINAL\follow\stabilized.mp4","C6B4D4C030344E6C16E2C770830919B95FC98A1BE3A7FD4656E7F4CCEB59E9CA","45952410","11/3/2025 12:53:35 PM"
"C:\Users\scott\soccer-video\out\autoframe_work\cinematic\146__2025-09-20__TSC_vs_RVFC__PRESSURE_SHOT__t675.00-t689.00_portrait_FINAL\follow\stabilized.mp4","C:\Users\scott\soccer-video\out\_trash\dedupe_exact\20251103_125328\out\autoframe_work\cinematic\146__2025-09-20__TSC_vs_RVFC__PRESSURE_SHOT__t675.00-t689.00_portrait_FINAL\follow\stabilized.mp4","out\autoframe_work\cinematic\146__2025-09-20__TSC_vs_RVFC__PRESSURE_SHOT__t675.00-t689.00_portrait_FINAL\follow\stabilized.mp4","3A35816D2859B88E15E6C161476049AE361903692AD0F74A621233DF0175D9B1","22971691","11/3/2025 12:53:35 PM"
"C:\Users\scott\soccer-video\out\autoframe_work\cinematic\147__2025-10-04__TSC_vs_FC_Tulsa_Black__BUILD_UP_SHOT__t1058.00-t1080.00_portrait_FINAL\follow\stabilized.mp4","C:\Users\scott\soccer-video\out\_trash\dedupe_exact\20251103_125328\out\autoframe_work\cinematic\147__2025-10-04__TSC_vs_FC_Tulsa_Black__BUILD_UP_SHOT__t1058.00-t1080.00_portrait_FINAL\follow\stabilized.mp4","out\autoframe_work\cinematic\147__2025-10-04__TSC_vs_FC_Tulsa_Black__BUILD_UP_SHOT__t1058.00-t1080.00_portrait_FINAL\follow\stabilized.mp4","C4196DDF38FC1296FA1BEEB74B95B1FB589DBBE4AB4D537D67083F747F16F409","29663294","11/3/2025 12:53:35 PM"
"C:\Users\scott\soccer-video\out\autoframe_work\cinematic\148__1970-01-01__HOME_vs_AWAY__SHOTS__t1655.00-t1670.30_portrait_FINAL\follow\stabilized.mp4","C:\Users\scott\soccer-video\out\_trash\dedupe_exact\20251103_125328\out\autoframe_work\cinematic\148__1970-01-01__HOME_vs_AWAY__SHOTS__t1655.00-t1670.30_portrait_FINAL\follow\stabilized.mp4","out\autoframe_work\cinematic\148__1970-01-01__HOME_vs_AWAY__SHOTS__t1655.00-t1670.30_portrait_FINAL\follow\stabilized.mp4","3564AE86B40122EF62AA4AAD0B8A2A90959749F63FEA106B219B21F8E7925EA7","16247879","11/3/2025 12:53:36 PM"
"C:\Users\scott\soccer-video\out\autoframe_work\cinematic\149__2025-09-20__TSC_vs_Greenwood__GOAL__t902.00-t913.00_portrait_FINAL\follow\stabilized.mp4","C:\Users\scott\soccer-video\out\_trash\dedupe_exact\20251103_125328\out\autoframe_work\cinematic\149__2025-09-20__TSC_vs_Greenwood__GOAL__t902.00-t913.00_portrait_FINAL\follow\stabilized.mp4","out\autoframe_work\cinematic\149__2025-09-20__TSC_vs_Greenwood__GOAL__t902.00-t913.00_portrait_FINAL\follow\stabilized.mp4","691C53A96F9254BE382C2155EC9DD605A5000EED070D65E15B3860C1F2C2D1D6","18001016","11/3/2025 12:53:36 PM"
"C:\Users\scott\soccer-video\out\autoframe_work\cinematic\150__2025-09-20__TSC_vs_RVFC__PRESSURE_SHOT__t689.00-t702.00_portrait_FINAL\follow\stabilized.mp4","C:\Users\scott\soccer-video\out\_trash\dedupe_exact\20251103_125328\out\autoframe_work\cinematic\150__2025-09-20__TSC_vs_RVFC__PRESSURE_SHOT__t689.00-t702.00_portrait_FINAL\follow\stabilized.mp4","out\autoframe_work\cinematic\150__2025-09-20__TSC_vs_RVFC__PRESSURE_SHOT__t689.00-t702.00_portrait_FINAL\follow\stabilized.mp4","14E2CAD338A98D4C4CDC593C9F031E02E85A1AF5AF306DA76B5B0E81BF13FB63","20657442","11/3/2025 12:53:36 PM"
"C:\Users\scott\soccer-video\out\autoframe_work\cinematic\151__2025-10-04__TSC_vs_FC_Tulsa_Black__BUILD_UP_SHOT__t1198.00-t1222.00_portrait_FINAL\follow\stabilized.mp4","C:\Users\scott\soccer-video\out\_trash\dedupe_exact\20251103_125328\out\autoframe_work\cinematic\151__2025-10-04__TSC_vs_FC_Tulsa_Black__BUILD_UP_SHOT__t1198.00-t1222.00_portrait_FINAL\follow\stabilized.mp4","out\autoframe_work\cinematic\151__2025-10-04__TSC_vs_FC_Tulsa_Black__BUILD_UP_SHOT__t1198.00-t1222.00_portrait_FINAL\follow\stabilized.mp4","B3E748F778C007C8E836375509DF0D7BA689C06A2CDACD6093F89590FC81E285","38083813","11/3/2025 12:53:36 PM"
"C:\Users\scott\soccer-video\out\autoframe_work\cinematic\152__1970-01-01__HOME_vs_AWAY__GOAL__t1705.20-t1708.50_portrait_FINAL\follow\stabilized.mp4","C:\Users\scott\soccer-video\out\_trash\dedupe_exact\20251103_125328\out\autoframe_work\cinematic\152__1970-01-01__HOME_vs_AWAY__GOAL__t1705.20-t1708.50_portrait_FINAL\follow\stabilized.mp4","out\autoframe_work\cinematic\152__1970-01-01__HOME_vs_AWAY__GOAL__t1705.20-t1708.50_portrait_FINAL\follow\stabilized.mp4","7FD454B5B0930E4BB57AF1185DCD849E70F1AD166BDC473D2AA47B65CE000D68","7766398","11/3/2025 12:53:36 PM"
"C:\Users\scott\soccer-video\out\autoframe_work\cinematic\153__2025-09-20__TSC_vs_Greenwood__BUILD_SHOT__t973.00-t987.00_portrait_FINAL\follow\stabilized.mp4","C:\Users\scott\soccer-video\out\_trash\dedupe_exact\20251103_125328\out\autoframe_work\cinematic\153__2025-09-20__TSC_vs_Greenwood__BUILD_SHOT__t973.00-t987.00_portrait_FINAL\follow\stabilized.mp4","out\autoframe_work\cinematic\153__2025-09-20__TSC_vs_Greenwood__BUILD_SHOT__t973.00-t987.00_portrait_FINAL\follow\stabilized.mp4","8CA96EC8D9369F3743E146D0816777EDCBD3EE848A7AA7AE8DC4E398FC48914D","22707574","11/3/2025 12:53:36 PM"
"C:\Users\scott\soccer-video\out\autoframe_work\cinematic\154__2025-09-20__TSC_vs_RVFC__BUILD_UP_PLAY_SHOT__t746.00-t757.00_portrait_FINAL\follow\stabilized.mp4","C:\Users\scott\soccer-video\out\_trash\dedupe_exact\20251103_125328\out\autoframe_work\cinematic\154__2025-09-20__TSC_vs_RVFC__BUILD_UP_PLAY_SHOT__t746.00-t757.00_portrait_FINAL\follow\stabilized.mp4","out\autoframe_work\cinematic\154__2025-09-20__TSC_vs_RVFC__BUILD_UP_PLAY_SHOT__t746.00-t757.00_portrait_FINAL\follow\stabilized.mp4","6225EC6D83C3A34685E135FAF02FB62D3199CF5568A72FDDE37D66E0B5D6D8DA","18658560","11/3/2025 12:53:36 PM"
"C:\Users\scott\soccer-video\out\autoframe_work\cinematic\155__2025-10-04__TSC_vs_FC_Tulsa_Black__PRESSURE_GOAL__t1239.00-t1253.00_portrait_FINAL\follow\stabilized.mp4","C:\Users\scott\soccer-video\out\_trash\dedupe_exact\20251103_125328\out\autoframe_work\cinematic\155__2025-10-04__TSC_vs_FC_Tulsa_Black__PRESSURE_GOAL__t1239.00-t1253.00_portrait_FINAL\follow\stabilized.mp4","out\autoframe_work\cinematic\155__2025-10-04__TSC_vs_FC_Tulsa_Black__PRESSURE_GOAL__t1239.00-t1253.00_portrait_FINAL\follow\stabilized.mp4","B2918F79BA700E735626A0B248DEE29F55F3C570A9465EB84E1E5777CCA357C0","19629838","11/3/2025 12:53:36 PM"
"C:\Users\scott\soccer-video\out\autoframe_work\cinematic\156__1970-01-01__HOME_vs_AWAY__GOAL__t1767.50-t1772.60_portrait_FINAL\follow\stabilized.mp4","C:\Users\scott\soccer-video\out\_trash\dedupe_exact\20251103_125328\out\autoframe_work\cinematic\156__1970-01-01__HOME_vs_AWAY__GOAL__t1767.50-t1772.60_portrait_FINAL\follow\stabilized.mp4","out\autoframe_work\cinematic\156__1970-01-01__HOME_vs_AWAY__GOAL__t1767.50-t1772.60_portrait_FINAL\follow\stabilized.mp4","6283926C3CA6725452EEE9876F012EE24FFFF481B4CF47B013AAC43AAD592306","6289374","11/3/2025 12:53:36 PM"
"C:\Users\scott\soccer-video\out\autoframe_work\cinematic\157__2025-09-20__TSC_vs_Greenwood__PRESSURE_SHOT__t988.00-t1001.00_portrait_FINAL\follow\stabilized.mp4","C:\Users\scott\soccer-video\out\_trash\dedupe_exact\20251103_125328\out\autoframe_work\cinematic\157__2025-09-20__TSC_vs_Greenwood__PRESSURE_SHOT__t988.00-t1001.00_portrait_FINAL\follow\stabilized.mp4","out\autoframe_work\cinematic\157__2025-09-20__TSC_vs_Greenwood__PRESSURE_SHOT__t988.00-t1001.00_portrait_FINAL\follow\stabilized.mp4","54A5EF465F1C56D3508E30E6F3952A2E4C2FEED6367A0566880907CBB387CF03","21315595","11/3/2025 12:53:36 PM"
"C:\Users\scott\soccer-video\out\autoframe_work\cinematic\158__2025-09-20__TSC_vs_RVFC__BUILD_UP_PLAY_SHOT__t821.00-t865.00_portrait_FINAL\follow\stabilized.mp4","C:\Users\scott\soccer-video\out\_trash\dedupe_exact\20251103_125328\out\autoframe_work\cinematic\158__2025-09-20__TSC_vs_RVFC__BUILD_UP_PLAY_SHOT__t821.00-t865.00_portrait_FINAL\follow\stabilized.mp4","out\autoframe_work\cinematic\158__2025-09-20__TSC_vs_RVFC__BUILD_UP_PLAY_SHOT__t821.00-t865.00_portrait_FINAL\follow\stabilized.mp4","0A1BB8AB8B5698DFBE7B3EBF6DF4A47B1A5348F6D40FFF8BBFBE450E6E536FBB","73939452","11/3/2025 12:53:36 PM"
"C:\Users\scott\soccer-video\out\autoframe_work\cinematic\159__2025-10-04__TSC_vs_FC_Tulsa_Black__BUILD_UP_PLAY__t1290.00-t1306.00_portrait_FINAL\follow\stabilized.mp4","C:\Users\scott\soccer-video\out\_trash\dedupe_exact\20251103_125328\out\autoframe_work\cinematic\159__2025-10-04__TSC_vs_FC_Tulsa_Black__BUILD_UP_PLAY__t1290.00-t1306.00_portrait_FINAL\follow\stabilized.mp4","out\autoframe_work\cinematic\159__2025-10-04__TSC_vs_FC_Tulsa_Black__BUILD_UP_PLAY__t1290.00-t1306.00_portrait_FINAL\follow\stabilized.mp4","91C25B14764FB6E90A269815F3E4ACFC2AA7E4269E5630AF1E38396258397F0E","26277569","11/3/2025 12:53:36 PM"
"C:\Users\scott\soccer-video\out\autoframe_work\cinematic\160__1970-01-01__HOME_vs_AWAY__GOAL__t1904.20-t1925.20_portrait_FINAL\follow\stabilized.mp4","C:\Users\scott\soccer-video\out\_trash\dedupe_exact\20251103_125328\out\autoframe_work\cinematic\160__1970-01-01__HOME_vs_AWAY__GOAL__t1904.20-t1925.20_portrait_FINAL\follow\stabilized.mp4","out\autoframe_work\cinematic\160__1970-01-01__HOME_vs_AWAY__GOAL__t1904.20-t1925.20_portrait_FINAL\follow\stabilized.mp4","B801083EFBDB9896C970ED9524CDFAFB422FC555D3D3FCA5C67113B0BA08A7D3","24331478","11/3/2025 12:53:36 PM"
"C:\Users\scott\soccer-video\out\autoframe_work\cinematic\161__2025-09-20__TSC_vs_Greenwood__PRESSURE_SHOT__t1063.00-t1073.00_portrait_FINAL\follow\stabilized.mp4","C:\Users\scott\soccer-video\out\_trash\dedupe_exact\20251103_125328\out\autoframe_work\cinematic\161__2025-09-20__TSC_vs_Greenwood__PRESSURE_SHOT__t1063.00-t1073.00_portrait_FINAL\follow\stabilized.mp4","out\autoframe_work\cinematic\161__2025-09-20__TSC_vs_Greenwood__PRESSURE_SHOT__t1063.00-t1073.00_portrait_FINAL\follow\stabilized.mp4","FF8663CE24E158727BA2881500B1D2DD4694F72E6D8AFB63FA8E3E615F9B10CE","16482359","11/3/2025 12:53:36 PM"
"C:\Users\scott\soccer-video\out\autoframe_work\cinematic\162__2025-09-20__TSC_vs_RVFC__DEFENSE_BUILD_UP__t880.00-t897.00_portrait_FINAL\follow\stabilized.mp4","C:\Users\scott\soccer-video\out\_trash\dedupe_exact\20251103_125328\out\autoframe_work\cinematic\162__2025-09-20__TSC_vs_RVFC__DEFENSE_BUILD_UP__t880.00-t897.00_portrait_FINAL\follow\stabilized.mp4","out\autoframe_work\cinematic\162__2025-09-20__TSC_vs_RVFC__DEFENSE_BUILD_UP__t880.00-t897.00_portrait_FINAL\follow\stabilized.mp4","F5CBD0D59FC3690D50112AD7DF738BE426C76CB44110FBB70E67778BF300380C","28420384","11/3/2025 12:53:36 PM"
"C:\Users\scott\soccer-video\out\autoframe_work\cinematic\163__2025-10-04__TSC_vs_FC_Tulsa_Black__SHOT__t1626.00-t1637.00_portrait_FINAL\follow\stabilized.mp4","C:\Users\scott\soccer-video\out\_trash\dedupe_exact\20251103_125328\out\autoframe_work\cinematic\163__2025-10-04__TSC_vs_FC_Tulsa_Black__SHOT__t1626.00-t1637.00_portrait_FINAL\follow\stabilized.mp4","out\autoframe_work\cinematic\163__2025-10-04__TSC_vs_FC_Tulsa_Black__SHOT__t1626.00-t1637.00_portrait_FINAL\follow\stabilized.mp4","24F65B77E2E417287FEFB7E5B5C562131FB60B67F2EBB5B8B72F7D3E4B293C5A","16876385","11/3/2025 12:53:36 PM"
"C:\Users\scott\soccer-video\out\autoframe_work\cinematic\164__1970-01-01__HOME_vs_AWAY__DRIBBLING__t1972.50-t1980.70_portrait_FINAL\follow\stabilized.mp4","C:\Users\scott\soccer-video\out\_trash\dedupe_exact\20251103_125328\out\autoframe_work\cinematic\164__1970-01-01__HOME_vs_AWAY__DRIBBLING__t1972.50-t1980.70_portrait_FINAL\follow\stabilized.mp4","out\autoframe_work\cinematic\164__1970-01-01__HOME_vs_AWAY__DRIBBLING__t1972.50-t1980.70_portrait_FINAL\follow\stabilized.mp4","7C2547AB434CD39AC5A4452373F589BB95FF14B60AF99EC9EAE85F86C3D7098E","9749046","11/3/2025 12:53:36 PM"
"C:\Users\scott\soccer-video\out\autoframe_work\cinematic\165__2025-09-20__TSC_vs_Greenwood__SHOT__t1081.00-t1088.00_portrait_FINAL\follow\stabilized.mp4","C:\Users\scott\soccer-video\out\_trash\dedupe_exact\20251103_125328\out\autoframe_work\cinematic\165__2025-09-20__TSC_vs_Greenwood__SHOT__t1081.00-t1088.00_portrait_FINAL\follow\stabilized.mp4","out\autoframe_work\cinematic\165__2025-09-20__TSC_vs_Greenwood__SHOT__t1081.00-t1088.00_portrait_FINAL\follow\stabilized.mp4","C0AA6C72683A68262FFAD8A278CB1EE05ADB98A4747709DD8F386676CFDED1E3","9892125","11/3/2025 12:53:36 PM"
"C:\Users\scott\soccer-video\out\autoframe_work\cinematic\166__2025-09-20__TSC_vs_RVFC__SHOT__t930.00-t937.00_portrait_FINAL\follow\stabilized.mp4","C:\Users\scott\soccer-video\out\_trash\dedupe_exact\20251103_125328\out\autoframe_work\cinematic\166__2025-09-20__TSC_vs_RVFC__SHOT__t930.00-t937.00_portrait_FINAL\follow\stabilized.mp4","out\autoframe_work\cinematic\166__2025-09-20__TSC_vs_RVFC__SHOT__t930.00-t937.00_portrait_FINAL\follow\stabilized.mp4","1D9829A1CB0ED69454FDD44C453325F78CBB6E94253F9DDDC77C6C7A8267B8E8","10568223","11/3/2025 12:53:36 PM"
"C:\Users\scott\soccer-video\out\autoframe_work\cinematic\167__2025-10-04__TSC_vs_FC_Tulsa_Black__BUILD_UP_SHOT__t1705.00-t1721.00_portrait_FINAL\follow\stabilized.mp4","C:\Users\scott\soccer-video\out\_trash\dedupe_exact\20251103_125328\out\autoframe_work\cinematic\167__2025-10-04__TSC_vs_FC_Tulsa_Black__BUILD_UP_SHOT__t1705.00-t1721.00_portrait_FINAL\follow\stabilized.mp4","out\autoframe_work\cinematic\167__2025-10-04__TSC_vs_FC_Tulsa_Black__BUILD_UP_SHOT__t1705.00-t1721.00_portrait_FINAL\follow\stabilized.mp4","733A046F9401F282F08C66AA994114D2990D400463C5DDC34549611772618821","24275957","11/3/2025 12:53:36 PM"
"C:\Users\scott\soccer-video\out\autoframe_work\cinematic\168__1970-01-01__HOME_vs_AWAY__SHOT__t2029.90-t2039.50_portrait_FINAL\follow\stabilized.mp4","C:\Users\scott\soccer-video\out\_trash\dedupe_exact\20251103_125328\out\autoframe_work\cinematic\168__1970-01-01__HOME_vs_AWAY__SHOT__t2029.90-t2039.50_portrait_FINAL\follow\stabilized.mp4","out\autoframe_work\cinematic\168__1970-01-01__HOME_vs_AWAY__SHOT__t2029.90-t2039.50_portrait_FINAL\follow\stabilized.mp4","EBD369D901F2C4AABCF1F6404888B3CCFFBB269113D7DAAE00D49D0BE9933550","14558905","11/3/2025 12:53:36 PM"
"C:\Users\scott\soccer-video\out\autoframe_work\cinematic\169__2025-09-20__TSC_vs_Greenwood__BUILD_UP_PLAY_SHOT__t1195.00-t1209.00_portrait_FINAL\follow\stabilized.mp4","C:\Users\scott\soccer-video\out\_trash\dedupe_exact\20251103_125328\out\autoframe_work\cinematic\169__2025-09-20__TSC_vs_Greenwood__BUILD_UP_PLAY_SHOT__t1195.00-t1209.00_portrait_FINAL\follow\stabilized.mp4","out\autoframe_work\cinematic\169__2025-09-20__TSC_vs_Greenwood__BUILD_UP_PLAY_SHOT__t1195.00-t1209.00_portrait_FINAL\follow\stabilized.mp4","2288AE6D9969583094FF90C59F53CA33A1C11A62A40842F8448C454A9C6C64D3","23956431","11/3/2025 12:53:36 PM"
"C:\Users\scott\soccer-video\out\autoframe_work\cinematic\170__2025-09-20__TSC_vs_RVFC__BUILD_UP_PLAY_SHOT__t999.00-t1022.00_portrait_FINAL\follow\stabilized.mp4","C:\Users\scott\soccer-video\out\_trash\dedupe_exact\20251103_125328\out\autoframe_work\cinematic\170__2025-09-20__TSC_vs_RVFC__BUILD_UP_PLAY_SHOT__t999.00-t1022.00_portrait_FINAL\follow\stabilized.mp4","out\autoframe_work\cinematic\170__2025-09-20__TSC_vs_RVFC__BUILD_UP_PLAY_SHOT__t999.00-t1022.00_portrait_FINAL\follow\stabilized.mp4","C555937FAF00B2651B764A00B3BFCDD736D7510184689422C13808A5BCA622D1","35786405","11/3/2025 12:53:36 PM"
"C:\Users\scott\soccer-video\out\autoframe_work\cinematic\171__1970-01-01__HOME_vs_AWAY__SHOT__t2284.90-t2298.20_portrait_FINAL\follow\stabilized.mp4","C:\Users\scott\soccer-video\out\_trash\dedupe_exact\20251103_125328\out\autoframe_work\cinematic\171__1970-01-01__HOME_vs_AWAY__SHOT__t2284.90-t2298.20_portrait_FINAL\follow\stabilized.mp4","out\autoframe_work\cinematic\171__1970-01-01__HOME_vs_AWAY__SHOT__t2284.90-t2298.20_portrait_FINAL\follow\stabilized.mp4","E958AB92849C5C310D5CC3EEFE3B0E112E08BA454210CE1A3D010FF509825343","17191026","11/3/2025 12:53:36 PM"
"C:\Users\scott\soccer-video\out\autoframe_work\cinematic\172__2025-09-20__TSC_vs_Greenwood__PRESSURE_SHOT__t1212.00-t1224.00_portrait_FINAL\follow\stabilized.mp4","C:\Users\scott\soccer-video\out\_trash\dedupe_exact\20251103_125328\out\autoframe_work\cinematic\172__2025-09-20__TSC_vs_Greenwood__PRESSURE_SHOT__t1212.00-t1224.00_portrait_FINAL\follow\stabilized.mp4","out\autoframe_work\cinematic\172__2025-09-20__TSC_vs_Greenwood__PRESSURE_SHOT__t1212.00-t1224.00_portrait_FINAL\follow\stabilized.mp4","336BA81586C933EC559EDC82C96124765C2A214381F2A5617C2CFB28FFBA11AD","19360275","11/3/2025 12:53:36 PM"
"C:\Users\scott\soccer-video\out\autoframe_work\cinematic\173__2025-09-20__TSC_vs_RVFC__BUILD_UP_PLAY_SHOT__t1088.00-t1124.00_portrait_FINAL\follow\stabilized.mp4","C:\Users\scott\soccer-video\out\_trash\dedupe_exact\20251103_125328\out\autoframe_work\cinematic\173__2025-09-20__TSC_vs_RVFC__BUILD_UP_PLAY_SHOT__t1088.00-t1124.00_portrait_FINAL\follow\stabilized.mp4","out\autoframe_work\cinematic\173__2025-09-20__TSC_vs_RVFC__BUILD_UP_PLAY_SHOT__t1088.00-t1124.00_portrait_FINAL\follow\stabilized.mp4","AF34F8B5F76E1222F59A5E41ABD33C6CFC26E054E9C20043475739F536CF67CA","54543440","11/3/2025 12:53:36 PM"
"C:\Users\scott\soccer-video\out\autoframe_work\cinematic\174__1970-01-01__HOME_vs_AWAY__SHOT__t2419.50-t2425.60_portrait_FINAL\follow\stabilized.mp4","C:\Users\scott\soccer-video\out\_trash\dedupe_exact\20251103_125328\out\autoframe_work\cinematic\174__1970-01-01__HOME_vs_AWAY__SHOT__t2419.50-t2425.60_portrait_FINAL\follow\stabilized.mp4","out\autoframe_work\cinematic\174__1970-01-01__HOME_vs_AWAY__SHOT__t2419.50-t2425.60_portrait_FINAL\follow\stabilized.mp4","7A1487D806B36BF01DDA8239E550D06F6F8E0F15A4FF6D21ECE14E190DBCA034","6053338","11/3/2025 12:53:36 PM"
"C:\Users\scott\soccer-video\out\autoframe_work\cinematic\175__2025-09-20__TSC_vs_Greenwood__BUILD_UP_PLAY_GOAL__t1292.00-t1329.00_portrait_FINAL\follow\stabilized.mp4","C:\Users\scott\soccer-video\out\_trash\dedupe_exact\20251103_125328\out\autoframe_work\cinematic\175__2025-09-20__TSC_vs_Greenwood__BUILD_UP_PLAY_GOAL__t1292.00-t1329.00_portrait_FINAL\follow\stabilized.mp4","out\autoframe_work\cinematic\175__2025-09-20__TSC_vs_Greenwood__BUILD_UP_PLAY_GOAL__t1292.00-t1329.00_portrait_FINAL\follow\stabilized.mp4","11801FED8175168D5056B02168837A607742E3A6CB8BF3D384E50E27C4BDB0CE","58137462","11/3/2025 12:53:36 PM"
"C:\Users\scott\soccer-video\out\autoframe_work\cinematic\176__2025-09-20__TSC_vs_RVFC__DRIBBLING_SHOT__t1147.00-t1153.00_portrait_FINAL\follow\stabilized.mp4","C:\Users\scott\soccer-video\out\_trash\dedupe_exact\20251103_125328\out\autoframe_work\cinematic\176__2025-09-20__TSC_vs_RVFC__DRIBBLING_SHOT__t1147.00-t1153.00_portrait_FINAL\follow\stabilized.mp4","out\autoframe_work\cinematic\176__2025-09-20__TSC_vs_RVFC__DRIBBLING_SHOT__t1147.00-t1153.00_portrait_FINAL\follow\stabilized.mp4","892D85B9D8A77863949A3D1A4BE2A8F6B379FC055A5837F3C28DBE3DEC8B7672","10265353","11/3/2025 12:53:36 PM"
"C:\Users\scott\soccer-video\out\autoframe_work\cinematic\177__1970-01-01__HOME_vs_AWAY__SHOT__t2633.00-t2638.10_portrait_FINAL\follow\stabilized.mp4","C:\Users\scott\soccer-video\out\_trash\dedupe_exact\20251103_125328\out\autoframe_work\cinematic\177__1970-01-01__HOME_vs_AWAY__SHOT__t2633.00-t2638.10_portrait_FINAL\follow\stabilized.mp4","out\autoframe_work\cinematic\177__1970-01-01__HOME_vs_AWAY__SHOT__t2633.00-t2638.10_portrait_FINAL\follow\stabilized.mp4","C0721880A72C7A94D25F706DBCC6DA9CC6D012C2411D4D5A9D5CAD6049C02CB5","7505153","11/3/2025 12:53:36 PM"
"C:\Users\scott\soccer-video\out\autoframe_work\cinematic\178__2025-09-20__TSC_vs_Greenwood__PRESSURE_SHOT__t1369.00-t1383.00_portrait_FINAL\follow\stabilized.mp4","C:\Users\scott\soccer-video\out\_trash\dedupe_exact\20251103_125328\out\autoframe_work\cinematic\178__2025-09-20__TSC_vs_Greenwood__PRESSURE_SHOT__t1369.00-t1383.00_portrait_FINAL\follow\stabilized.mp4","out\autoframe_work\cinematic\178__2025-09-20__TSC_vs_Greenwood__PRESSURE_SHOT__t1369.00-t1383.00_portrait_FINAL\follow\stabilized.mp4","47B47223AE34EDCBD9CA1A145510419E2CBFAF6CF85531042A9A7DC8521E231B","23424953","11/3/2025 12:53:36 PM"
"C:\Users\scott\soccer-video\out\autoframe_work\cinematic\179__2025-09-20__TSC_vs_RVFC__BUILD_UP_PLAY_SHOT__t1158.00-t1182.00_portrait_FINAL\follow\stabilized.mp4","C:\Users\scott\soccer-video\out\_trash\dedupe_exact\20251103_125328\out\autoframe_work\cinematic\179__2025-09-20__TSC_vs_RVFC__BUILD_UP_PLAY_SHOT__t1158.00-t1182.00_portrait_FINAL\follow\stabilized.mp4","out\autoframe_work\cinematic\179__2025-09-20__TSC_vs_RVFC__BUILD_UP_PLAY_SHOT__t1158.00-t1182.00_portrait_FINAL\follow\stabilized.mp4","FBBE65B0EAD99738DB7E1C430F0A8214752668B4F8FCB901A57983360325E95F","37108782","11/3/2025 12:53:36 PM"
"C:\Users\scott\soccer-video\out\autoframe_work\cinematic\180__1970-01-01__HOME_vs_AWAY__GOAL__t2816.60-t2831.80_portrait_FINAL\follow\stabilized.mp4","C:\Users\scott\soccer-video\out\_trash\dedupe_exact\20251103_125328\out\autoframe_work\cinematic\180__1970-01-01__HOME_vs_AWAY__GOAL__t2816.60-t2831.80_portrait_FINAL\follow\stabilized.mp4","out\autoframe_work\cinematic\180__1970-01-01__HOME_vs_AWAY__GOAL__t2816.60-t2831.80_portrait_FINAL\follow\stabilized.mp4","E360043510B7CB5E434B0C37ECAD9B85FD20E478B44BD4250DC76F7A7AFFFA84","16491053","11/3/2025 12:53:36 PM"
"C:\Users\scott\soccer-video\out\autoframe_work\cinematic\181__2025-09-20__TSC_vs_Greenwood__PRESSURE_SHOT__t1393.00-t1409.00_portrait_FINAL\follow\stabilized.mp4","C:\Users\scott\soccer-video\out\_trash\dedupe_exact\20251103_125328\out\autoframe_work\cinematic\181__2025-09-20__TSC_vs_Greenwood__PRESSURE_SHOT__t1393.00-t1409.00_portrait_FINAL\follow\stabilized.mp4","out\autoframe_work\cinematic\181__2025-09-20__TSC_vs_Greenwood__PRESSURE_SHOT__t1393.00-t1409.00_portrait_FINAL\follow\stabilized.mp4","41CC4DB21ED662CDDB879E101DB3FDA8E5C721D2F26A87ECE9FCF51A33367820","25022122","11/3/2025 12:53:36 PM"
"C:\Users\scott\soccer-video\out\autoframe_work\cinematic\182__2025-09-20__TSC_vs_RVFC__SHOT__t1236.00-t1243.00_portrait_FINAL\follow\stabilized.mp4","C:\Users\scott\soccer-video\out\_trash\dedupe_exact\20251103_125328\out\autoframe_work\cinematic\182__2025-09-20__TSC_vs_RVFC__SHOT__t1236.00-t1243.00_portrait_FINAL\follow\stabilized.mp4","out\autoframe_work\cinematic\182__2025-09-20__TSC_vs_RVFC__SHOT__t1236.00-t1243.00_portrait_FINAL\follow\stabilized.mp4","7AAB76E19B6634E55B64742C19367E1A6AC86F390D932C0731F58F7958457649","11248198","11/3/2025 12:53:36 PM"
"C:\Users\scott\soccer-video\out\autoframe_work\cinematic\183__1970-01-01__HOME_vs_AWAY__SHOT__t2860.70-t2873.00_portrait_FINAL\follow\stabilized.mp4","C:\Users\scott\soccer-video\out\_trash\dedupe_exact\20251103_125328\out\autoframe_work\cinematic\183__1970-01-01__HOME_vs_AWAY__SHOT__t2860.70-t2873.00_portrait_FINAL\follow\stabilized.mp4","out\autoframe_work\cinematic\183__1970-01-01__HOME_vs_AWAY__SHOT__t2860.70-t2873.00_portrait_FINAL\follow\stabilized.mp4","6BE99E4C54FCAABFD9E5F4B72E3E4620CE5A3A4B7AC57BFB3A64E69DB9ECE06C","15254241","11/3/2025 12:53:36 PM"
"C:\Users\scott\soccer-video\out\autoframe_work\cinematic\184__2025-09-20__TSC_vs_Greenwood__BUILD_UP_PLAY_SHOT__t1437.00-t1472.00_portrait_FINAL\follow\stabilized.mp4","C:\Users\scott\soccer-video\out\_trash\dedupe_exact\20251103_125328\out\autoframe_work\cinematic\184__2025-09-20__TSC_vs_Greenwood__BUILD_UP_PLAY_SHOT__t1437.00-t1472.00_portrait_FINAL\follow\stabilized.mp4","out\autoframe_work\cinematic\184__2025-09-20__TSC_vs_Greenwood__BUILD_UP_PLAY_SHOT__t1437.00-t1472.00_portrait_FINAL\follow\stabilized.mp4","5B1544D2375FCD6ADA7AE41D052D75148C4DF096130E5BB1A01D6BEE9D29F59C","57370647","11/3/2025 12:53:36 PM"
"C:\Users\scott\soccer-video\out\autoframe_work\cinematic\185__2025-09-20__TSC_vs_RVFC__CROSS__t1275.00-t1293.00_portrait_FINAL\follow\stabilized.mp4","C:\Users\scott\soccer-video\out\_trash\dedupe_exact\20251103_125328\out\autoframe_work\cinematic\185__2025-09-20__TSC_vs_RVFC__CROSS__t1275.00-t1293.00_portrait_FINAL\follow\stabilized.mp4","out\autoframe_work\cinematic\185__2025-09-20__TSC_vs_RVFC__CROSS__t1275.00-t1293.00_portrait_FINAL\follow\stabilized.mp4","B38ED80566ABC277AC25F0C366976D64F9FF7B59E3E8AA978B0CDF3259AC0606","27515527","11/3/2025 12:53:36 PM"
"C:\Users\scott\soccer-video\out\autoframe_work\cinematic\186__2025-09-20__TSC_vs_Greenwood__GOAL__t1578.00-t1586.00_portrait_FINAL\follow\stabilized.mp4","C:\Users\scott\soccer-video\out\_trash\dedupe_exact\20251103_125328\out\autoframe_work\cinematic\186__2025-09-20__TSC_vs_Greenwood__GOAL__t1578.00-t1586.00_portrait_FINAL\follow\stabilized.mp4","out\autoframe_work\cinematic\186__2025-09-20__TSC_vs_Greenwood__GOAL__t1578.00-t1586.00_portrait_FINAL\follow\stabilized.mp4","0C158ED7FA0342C80462E7060578A73A0AB0A428B6406E1F06CE08C7E90C1C82","13196137","11/3/2025 12:53:36 PM"
"C:\Users\scott\soccer-video\out\autoframe_work\cinematic\187__2025-09-20__TSC_vs_RVFC__PRESSURE_SHOT__t1300.00-t1310.00_portrait_FINAL\follow\stabilized.mp4","C:\Users\scott\soccer-video\out\_trash\dedupe_exact\20251103_125328\out\autoframe_work\cinematic\187__2025-09-20__TSC_vs_RVFC__PRESSURE_SHOT__t1300.00-t1310.00_portrait_FINAL\follow\stabilized.mp4","out\autoframe_work\cinematic\187__2025-09-20__TSC_vs_RVFC__PRESSURE_SHOT__t1300.00-t1310.00_portrait_FINAL\follow\stabilized.mp4","2BD5B59180F082271E871C60D51F99C3741C72E294BD215C6443F99A0094E2AF","15201522","11/3/2025 12:53:36 PM"
"C:\Users\scott\soccer-video\out\autoframe_work\cinematic\188__1970-01-01__HOME_vs_AWAY__SHOT__t3028.10-t3059.70_portrait_FINAL\follow\stabilized.mp4","C:\Users\scott\soccer-video\out\_trash\dedupe_exact\20251103_125328\out\autoframe_work\cinematic\188__1970-01-01__HOME_vs_AWAY__SHOT__t3028.10-t3059.70_portrait_FINAL\follow\stabilized.mp4","out\autoframe_work\cinematic\188__1970-01-01__HOME_vs_AWAY__SHOT__t3028.10-t3059.70_portrait_FINAL\follow\stabilized.mp4","7BD6926616FEB2BFDD073CBA317898CFF5B18686A804574853B4CF628167192A","37768556","11/3/2025 12:53:36 PM"
"C:\Users\scott\soccer-video\out\autoframe_work\cinematic\189__2025-09-13__TSC_vs_NEOFC__SHOT__t3098.90-t3108.80_portrait_FINAL\follow\stabilized.mp4","C:\Users\scott\soccer-video\out\_trash\dedupe_exact\20251103_125328\out\autoframe_work\cinematic\189__2025-09-13__TSC_vs_NEOFC__SHOT__t3098.90-t3108.80_portrait_FINAL\follow\stabilized.mp4","out\autoframe_work\cinematic\189__2025-09-13__TSC_vs_NEOFC__SHOT__t3098.90-t3108.80_portrait_FINAL\follow\stabilized.mp4","D1C307ED5BBD03AED511ECC99A51DF72713307C23B3B37872810C6AE5C908441","14076507","11/3/2025 12:53:36 PM"
"C:\Users\scott\soccer-video\out\autoframe_work\cinematic\190__2025-09-20__TSC_vs_Greenwood__BUILD_UP_PLAY_SHOT__t1711.00-t1722.00_portrait_FINAL\follow\stabilized.mp4","C:\Users\scott\soccer-video\out\_trash\dedupe_exact\20251103_125328\out\autoframe_work\cinematic\190__2025-09-20__TSC_vs_Greenwood__BUILD_UP_PLAY_SHOT__t1711.00-t1722.00_portrait_FINAL\follow\stabilized.mp4","out\autoframe_work\cinematic\190__2025-09-20__TSC_vs_Greenwood__BUILD_UP_PLAY_SHOT__t1711.00-t1722.00_portrait_FINAL\follow\stabilized.mp4","3D7D65B9964A16BF7A0EBC9277879458B992BB25F1CD844AFD06F83C396647EE","18704455","11/3/2025 12:53:36 PM"
"C:\Users\scott\soccer-video\out\autoframe_work\cinematic\191__2025-09-20__TSC_vs_RVFC__PRESSURE_SHOT__t1316.00-t1329.00_portrait_FINAL\follow\stabilized.mp4","C:\Users\scott\soccer-video\out\_trash\dedupe_exact\20251103_125328\out\autoframe_work\cinematic\191__2025-09-20__TSC_vs_RVFC__PRESSURE_SHOT__t1316.00-t1329.00_portrait_FINAL\follow\stabilized.mp4","out\autoframe_work\cinematic\191__2025-09-20__TSC_vs_RVFC__PRESSURE_SHOT__t1316.00-t1329.00_portrait_FINAL\follow\stabilized.mp4","B31CBD7D992E4CD8A6BDF02C0C9BD0486AA895AA79D8D54C4912AED0579F5DD8","21615870","11/3/2025 12:53:36 PM"
"C:\Users\scott\soccer-video\out\autoframe_work\cinematic\192__2025-09-20__TSC_vs_Greenwood__PRESSURE_SHOT__t1871.00-t1881.00_portrait_FINAL\follow\stabilized.mp4","C:\Users\scott\soccer-video\out\_trash\dedupe_exact\20251103_125328\out\autoframe_work\cinematic\192__2025-09-20__TSC_vs_Greenwood__PRESSURE_SHOT__t1871.00-t1881.00_portrait_FINAL\follow\stabilized.mp4","out\autoframe_work\cinematic\192__2025-09-20__TSC_vs_Greenwood__PRESSURE_SHOT__t1871.00-t1881.00_portrait_FINAL\follow\stabilized.mp4","3C438F1CE1623937059407CE751ACB67BC15464277BCCBB4EC948DD4219C4D1E","16210814","11/3/2025 12:53:36 PM"
"C:\Users\scott\soccer-video\out\autoframe_work\cinematic\193__2025-09-20__TSC_vs_RVFC__FREE_KICK__t1402.00-t1421.00_portrait_FINAL\follow\stabilized.mp4","C:\Users\scott\soccer-video\out\_trash\dedupe_exact\20251103_125328\out\autoframe_work\cinematic\193__2025-09-20__TSC_vs_RVFC__FREE_KICK__t1402.00-t1421.00_portrait_FINAL\follow\stabilized.mp4","out\autoframe_work\cinematic\193__2025-09-20__TSC_vs_RVFC__FREE_KICK__t1402.00-t1421.00_portrait_FINAL\follow\stabilized.mp4","441456DBF53C68BF8FAB768D66CA943118372501BFF803C7C24609043B166086","30430849","11/3/2025 12:53:36 PM"
"C:\Users\scott\soccer-video\out\autoframe_work\cinematic\194__2025-09-20__TSC_vs_Greenwood__GOAL__t1885.00-t1895.00_portrait_FINAL\follow\stabilized.mp4","C:\Users\scott\soccer-video\out\_trash\dedupe_exact\20251103_125328\out\autoframe_work\cinematic\194__2025-09-20__TSC_vs_Greenwood__GOAL__t1885.00-t1895.00_portrait_FINAL\follow\stabilized.mp4","out\autoframe_work\cinematic\194__2025-09-20__TSC_vs_Greenwood__GOAL__t1885.00-t1895.00_portrait_FINAL\follow\stabilized.mp4","BAB2D5E879C8CE33BD6A1AC19A386F40C1DE6DEA45DE95841395CB57925544E4","18149649","11/3/2025 12:53:36 PM"
"C:\Users\scott\soccer-video\out\autoframe_work\cinematic\195__2025-09-20__TSC_vs_RVFC__PRESSURE_GOAL__t1512.00-t1520.00_portrait_FINAL\follow\stabilized.mp4","C:\Users\scott\soccer-video\out\_trash\dedupe_exact\20251103_125328\out\autoframe_work\cinematic\195__2025-09-20__TSC_vs_RVFC__PRESSURE_GOAL__t1512.00-t1520.00_portrait_FINAL\follow\stabilized.mp4","out\autoframe_work\cinematic\195__2025-09-20__TSC_vs_RVFC__PRESSURE_GOAL__t1512.00-t1520.00_portrait_FINAL\follow\stabilized.mp4","48E240E541A0263283DBB050DDC5B727000B3A7D89C58B28196BCCA4CDE7CD47","13865267","11/3/2025 12:53:36 PM"
"C:\Users\scott\soccer-video\out\autoframe_work\cinematic\196__2025-09-20__TSC_vs_Greenwood__PRESSURE_SHOT__t1951.00-t1962.00_portrait_FINAL\follow\stabilized.mp4","C:\Users\scott\soccer-video\out\_trash\dedupe_exact\20251103_125328\out\autoframe_work\cinematic\196__2025-09-20__TSC_vs_Greenwood__PRESSURE_SHOT__t1951.00-t1962.00_portrait_FINAL\follow\stabilized.mp4","out\autoframe_work\cinematic\196__2025-09-20__TSC_vs_Greenwood__PRESSURE_SHOT__t1951.00-t1962.00_portrait_FINAL\follow\stabilized.mp4","76BA5659F34FE876DD151ED6666262BCB64CBD752BA2DB25F26ED75BBB514522","17765616","11/3/2025 12:53:36 PM"
"C:\Users\scott\soccer-video\out\autoframe_work\cinematic\197__2025-09-20__TSC_vs_RVFC__DRIBBLING_SHOT__t1800.00-t1810.00_portrait_FINAL\follow\stabilized.mp4","C:\Users\scott\soccer-video\out\_trash\dedupe_exact\20251103_125328\out\autoframe_work\cinematic\197__2025-09-20__TSC_vs_RVFC__DRIBBLING_SHOT__t1800.00-t1810.00_portrait_FINAL\follow\stabilized.mp4","out\autoframe_work\cinematic\197__2025-09-20__TSC_vs_RVFC__DRIBBLING_SHOT__t1800.00-t1810.00_portrait_FINAL\follow\stabilized.mp4","AF76050C0C156557146E631FB831E442BD41055A3F23A61B45C9C02E885DE3F7","16723010","11/3/2025 12:53:36 PM"
"C:\Users\scott\soccer-video\out\autoframe_work\cinematic\198__2025-09-20__TSC_vs_Greenwood__BUILD_UP_PLAY_SHOT__t2040.00-t2058.00_portrait_FINAL\follow\stabilized.mp4","C:\Users\scott\soccer-video\out\_trash\dedupe_exact\20251103_125328\out\autoframe_work\cinematic\198__2025-09-20__TSC_vs_Greenwood__BUILD_UP_PLAY_SHOT__t2040.00-t2058.00_portrait_FINAL\follow\stabilized.mp4","out\autoframe_work\cinematic\198__2025-09-20__TSC_vs_Greenwood__BUILD_UP_PLAY_SHOT__t2040.00-t2058.00_portrait_FINAL\follow\stabilized.mp4","9BC5C41993DF12F5FD21A3275D4C5676B6F5A1B06E47EFEBA1F8A29545E243D8","31569263","11/3/2025 12:53:36 PM"
"C:\Users\scott\soccer-video\out\autoframe_work\cinematic\199__2025-09-20__TSC_vs_RVFC__SHOT__t1827.00-t1834.00_portrait_FINAL\follow\stabilized.mp4","C:\Users\scott\soccer-video\out\_trash\dedupe_exact\20251103_125328\out\autoframe_work\cinematic\199__2025-09-20__TSC_vs_RVFC__SHOT__t1827.00-t1834.00_portrait_FINAL\follow\stabilized.mp4","out\autoframe_work\cinematic\199__2025-09-20__TSC_vs_RVFC__SHOT__t1827.00-t1834.00_portrait_FINAL\follow\stabilized.mp4","FD3B884D06ED44C040E2877DD469A18B9CB1F3D58E40531DD56995D25B917D3F","11377765","11/3/2025 12:53:36 PM"
"C:\Users\scott\soccer-video\out\autoframe_work\cinematic\200__2025-09-20__TSC_vs_Greenwood__BUILD_UP_PLAY_SHOT__t2092.00-t2105.00_portrait_FINAL\follow\stabilized.mp4","C:\Users\scott\soccer-video\out\_trash\dedupe_exact\20251103_125328\out\autoframe_work\cinematic\200__2025-09-20__TSC_vs_Greenwood__BUILD_UP_PLAY_SHOT__t2092.00-t2105.00_portrait_FINAL\follow\stabilized.mp4","out\autoframe_work\cinematic\200__2025-09-20__TSC_vs_Greenwood__BUILD_UP_PLAY_SHOT__t2092.00-t2105.00_portrait_FINAL\follow\stabilized.mp4","49D0714BA1B5B1E60D47BEF368A836EE8EB90205DEE3CFF78754E55D6FD51E7D","20718106","11/3/2025 12:53:36 PM"
"C:\Users\scott\soccer-video\out\autoframe_work\cinematic\201__2025-09-20__TSC_vs_RVFC__CORNER__t1852.00-t1875.00_portrait_FINAL\follow\stabilized.mp4","C:\Users\scott\soccer-video\out\_trash\dedupe_exact\20251103_125328\out\autoframe_work\cinematic\201__2025-09-20__TSC_vs_RVFC__CORNER__t1852.00-t1875.00_portrait_FINAL\follow\stabilized.mp4","out\autoframe_work\cinematic\201__2025-09-20__TSC_vs_RVFC__CORNER__t1852.00-t1875.00_portrait_FINAL\follow\stabilized.mp4","22B88FD3AE90EDFB4770D78DBCCF01DDCAB571FF2EB5C70B7BDCCF031A833102","37027563","11/3/2025 12:53:36 PM"
"C:\Users\scott\soccer-video\out\autoframe_work\cinematic\202__2025-09-20__TSC_vs_Greenwood__BUILD_UP_PLAY_SHOT__t2134.00-t2152.00_portrait_FINAL\follow\stabilized.mp4","C:\Users\scott\soccer-video\out\_trash\dedupe_exact\20251103_125328\out\autoframe_work\cinematic\202__2025-09-20__TSC_vs_Greenwood__BUILD_UP_PLAY_SHOT__t2134.00-t2152.00_portrait_FINAL\follow\stabilized.mp4","out\autoframe_work\cinematic\202__2025-09-20__TSC_vs_Greenwood__BUILD_UP_PLAY_SHOT__t2134.00-t2152.00_portrait_FINAL\follow\stabilized.mp4","6E8FC34CAB41ECCFC588FCC68CE7A5F362F1AA7C38DE2AED3AB3BD3FA1881011","31412173","11/3/2025 12:53:36 PM"
"C:\Users\scott\soccer-video\out\autoframe_work\cinematic\203__2025-09-20__TSC_vs_RVFC__PRESSURE_SHOT__t1883.00-t1893.00_portrait_FINAL\follow\stabilized.mp4","C:\Users\scott\soccer-video\out\_trash\dedupe_exact\20251103_125328\out\autoframe_work\cinematic\203__2025-09-20__TSC_vs_RVFC__PRESSURE_SHOT__t1883.00-t1893.00_portrait_FINAL\follow\stabilized.mp4","out\autoframe_work\cinematic\203__2025-09-20__TSC_vs_RVFC__PRESSURE_SHOT__t1883.00-t1893.00_portrait_FINAL\follow\stabilized.mp4","1EBF6922183E79BCF5E875E293D6CAD38019F87959B7370301278967C9E1ED1B","15574135","11/3/2025 12:53:36 PM"
"C:\Users\scott\soccer-video\out\autoframe_work\cinematic\204__2025-09-20__TSC_vs_Greenwood__FREE_KICK_WON_GOAL__t2175.00-t2211.00_portrait_FINAL\follow\stabilized.mp4","C:\Users\scott\soccer-video\out\_trash\dedupe_exact\20251103_125328\out\autoframe_work\cinematic\204__2025-09-20__TSC_vs_Greenwood__FREE_KICK_WON_GOAL__t2175.00-t2211.00_portrait_FINAL\follow\stabilized.mp4","out\autoframe_work\cinematic\204__2025-09-20__TSC_vs_Greenwood__FREE_KICK_WON_GOAL__t2175.00-t2211.00_portrait_FINAL\follow\stabilized.mp4","DC5779A3275DAFDE826D759B8B08D2181B9CF21841D8ACF6FE816BA0C976BEA3","62057588","11/3/2025 12:53:36 PM"
"C:\Users\scott\soccer-video\out\autoframe_work\cinematic\205__2025-09-20__TSC_vs_RVFC__PRESSURE_SHOT__t1898.00-t1911.00_portrait_FINAL\follow\stabilized.mp4","C:\Users\scott\soccer-video\out\_trash\dedupe_exact\20251103_125328\out\autoframe_work\cinematic\205__2025-09-20__TSC_vs_RVFC__PRESSURE_SHOT__t1898.00-t1911.00_portrait_FINAL\follow\stabilized.mp4","out\autoframe_work\cinematic\205__2025-09-20__TSC_vs_RVFC__PRESSURE_SHOT__t1898.00-t1911.00_portrait_FINAL\follow\stabilized.mp4","A14064252E7237657399CFBEF270212ED738A206320BD163DC06EFEFE2485BDD","20911917","11/3/2025 12:53:36 PM"
"C:\Users\scott\soccer-video\out\autoframe_work\cinematic\206__2025-09-20__TSC_vs_Greenwood__BUILD_UP_PLAY_SHOT__t2245.00-t2266.00_portrait_FINAL\follow\stabilized.mp4","C:\Users\scott\soccer-video\out\_trash\dedupe_exact\20251103_125328\out\autoframe_work\cinematic\206__2025-09-20__TSC_vs_Greenwood__BUILD_UP_PLAY_SHOT__t2245.00-t2266.00_portrait_FINAL\follow\stabilized.mp4","out\autoframe_work\cinematic\206__2025-09-20__TSC_vs_Greenwood__BUILD_UP_PLAY_SHOT__t2245.00-t2266.00_portrait_FINAL\follow\stabilized.mp4","AA29F0F20C9D3D403D88099D674D91443C445864CE712D3F9661C0FC276016AC","33270350","11/3/2025 12:53:36 PM"
"C:\Users\scott\soccer-video\out\autoframe_work\cinematic\207__2025-09-20__TSC_vs_RVFC__PRESSURE_SHOT__t1964.00-t1975.00_portrait_FINAL\follow\stabilized.mp4","C:\Users\scott\soccer-video\out\_trash\dedupe_exact\20251103_125328\out\autoframe_work\cinematic\207__2025-09-20__TSC_vs_RVFC__PRESSURE_SHOT__t1964.00-t1975.00_portrait_FINAL\follow\stabilized.mp4","out\autoframe_work\cinematic\207__2025-09-20__TSC_vs_RVFC__PRESSURE_SHOT__t1964.00-t1975.00_portrait_FINAL\follow\stabilized.mp4","86406A07B586B155134A937F3890378A14CD1C2BE89208AF8D0B2498E99E727A","17432077","11/3/2025 12:53:36 PM"
"C:\Users\scott\soccer-video\out\autoframe_work\cinematic\208__2025-09-20__TSC_vs_Greenwood__BUILD_UP_PLAY_SHOT__t2544.00-t2561.00_portrait_FINAL\follow\stabilized.mp4","C:\Users\scott\soccer-video\out\_trash\dedupe_exact\20251103_125328\out\autoframe_work\cinematic\208__2025-09-20__TSC_vs_Greenwood__BUILD_UP_PLAY_SHOT__t2544.00-t2561.00_portrait_FINAL\follow\stabilized.mp4","out\autoframe_work\cinematic\208__2025-09-20__TSC_vs_Greenwood__BUILD_UP_PLAY_SHOT__t2544.00-t2561.00_portrait_FINAL\follow\stabilized.mp4","0513FF291EE93F2A6A3A63098CF51C98D24FBDE658F917E483E137C129464687","29088321","11/3/2025 12:53:36 PM"
"C:\Users\scott\soccer-video\out\autoframe_work\cinematic\209__2025-09-20__TSC_vs_RVFC__BUILD_UP_PLAY_SHOT__t2034.00-t2057.00_portrait_FINAL\follow\stabilized.mp4","C:\Users\scott\soccer-video\out\_trash\dedupe_exact\20251103_125328\out\autoframe_work\cinematic\209__2025-09-20__TSC_vs_RVFC__BUILD_UP_PLAY_SHOT__t2034.00-t2057.00_portrait_FINAL\follow\stabilized.mp4","out\autoframe_work\cinematic\209__2025-09-20__TSC_vs_RVFC__BUILD_UP_PLAY_SHOT__t2034.00-t2057.00_portrait_FINAL\follow\stabilized.mp4","6B0168B54C48192E5B26BD3468DCE7737FACD7CEA4C94DC10B6B7895A98DB0A4","34666271","11/3/2025 12:53:36 PM"
"C:\Users\scott\soccer-video\out\autoframe_work\cinematic\210__2025-09-20__TSC_vs_Greenwood__GOAL__t2562.00-t2582.00_portrait_FINAL\follow\stabilized.mp4","C:\Users\scott\soccer-video\out\_trash\dedupe_exact\20251103_125328\out\autoframe_work\cinematic\210__2025-09-20__TSC_vs_Greenwood__GOAL__t2562.00-t2582.00_portrait_FINAL\follow\stabilized.mp4","out\autoframe_work\cinematic\210__2025-09-20__TSC_vs_Greenwood__GOAL__t2562.00-t2582.00_portrait_FINAL\follow\stabilized.mp4","FD5E77D4100054D37892397BA4777A577ADDE2316E863BE3B5AEB1B7B0B792C9","32606081","11/3/2025 12:53:36 PM"
"C:\Users\scott\soccer-video\out\autoframe_work\cinematic\211__2025-09-20__TSC_vs_RVFC__BUILD_UP_PLAY_SHOT__t2131.00-t2150.00_portrait_FINAL\follow\stabilized.mp4","C:\Users\scott\soccer-video\out\_trash\dedupe_exact\20251103_125328\out\autoframe_work\cinematic\211__2025-09-20__TSC_vs_RVFC__BUILD_UP_PLAY_SHOT__t2131.00-t2150.00_portrait_FINAL\follow\stabilized.mp4","out\autoframe_work\cinematic\211__2025-09-20__TSC_vs_RVFC__BUILD_UP_PLAY_SHOT__t2131.00-t2150.00_portrait_FINAL\follow\stabilized.mp4","AFF72D7C9FF4C5A29B8F90FF3DDF2BFBD249BEEA7F6F333B6FB86582C0BE84EC","29097301","11/3/2025 12:53:36 PM"
"C:\Users\scott\soccer-video\out\autoframe_work\cinematic\212__2025-09-20__TSC_vs_Greenwood__PRESSURE_SHOT__t2646.00-t2665.00_portrait_FINAL\follow\stabilized.mp4","C:\Users\scott\soccer-video\out\_trash\dedupe_exact\20251103_125328\out\autoframe_work\cinematic\212__2025-09-20__TSC_vs_Greenwood__PRESSURE_SHOT__t2646.00-t2665.00_portrait_FINAL\follow\stabilized.mp4","out\autoframe_work\cinematic\212__2025-09-20__TSC_vs_Greenwood__PRESSURE_SHOT__t2646.00-t2665.00_portrait_FINAL\follow\stabilized.mp4","0B5560CAB12435EF96E042B160E2F4092791D9E181BD637DEA6B81A265D6ADF3","31799198","11/3/2025 12:53:36 PM"
"C:\Users\scott\soccer-video\out\autoframe_work\cinematic\213__2025-09-20__TSC_vs_RVFC__PRESSURE_GOAL__t2158.00-t2169.00_portrait_FINAL\follow\stabilized.mp4","C:\Users\scott\soccer-video\out\_trash\dedupe_exact\20251103_125328\out\autoframe_work\cinematic\213__2025-09-20__TSC_vs_RVFC__PRESSURE_GOAL__t2158.00-t2169.00_portrait_FINAL\follow\stabilized.mp4","out\autoframe_work\cinematic\213__2025-09-20__TSC_vs_RVFC__PRESSURE_GOAL__t2158.00-t2169.00_portrait_FINAL\follow\stabilized.mp4","4E7D9E0E48133BF75AE4EA6D835F36FA26F3D701823EF20125B9781A5F1D522B","17737921","11/3/2025 12:53:36 PM"
"C:\Users\scott\soccer-video\out\autoframe_work\cinematic\214__2025-09-20__TSC_vs_Greenwood__CORNER__t2687.00-t2701.00_portrait_FINAL\follow\stabilized.mp4","C:\Users\scott\soccer-video\out\_trash\dedupe_exact\20251103_125328\out\autoframe_work\cinematic\214__2025-09-20__TSC_vs_Greenwood__CORNER__t2687.00-t2701.00_portrait_FINAL\follow\stabilized.mp4","out\autoframe_work\cinematic\214__2025-09-20__TSC_vs_Greenwood__CORNER__t2687.00-t2701.00_portrait_FINAL\follow\stabilized.mp4","837F4F27A6CA7C9EF8CFC232CB8EAB24C6057ABB71057DDD879FCC869A9EA38C","23511052","11/3/2025 12:53:36 PM"
"C:\Users\scott\soccer-video\out\autoframe_work\cinematic\215__2025-09-20__TSC_vs_RVFC__BUILD_UP_PLAY_SHOT__t2297.00-t2312.00_portrait_FINAL\follow\stabilized.mp4","C:\Users\scott\soccer-video\out\_trash\dedupe_exact\20251103_125328\out\autoframe_work\cinematic\215__2025-09-20__TSC_vs_RVFC__BUILD_UP_PLAY_SHOT__t2297.00-t2312.00_portrait_FINAL\follow\stabilized.mp4","out\autoframe_work\cinematic\215__2025-09-20__TSC_vs_RVFC__BUILD_UP_PLAY_SHOT__t2297.00-t2312.00_portrait_FINAL\follow\stabilized.mp4","935723670BBAFA3AAD6060AB90B7512A30390007AC8777BB2EFB9F44F68D4565","22151619","11/3/2025 12:53:36 PM"
"C:\Users\scott\soccer-video\out\autoframe_work\cinematic\216__2025-09-20__TSC_vs_Greenwood__PRESSURE_SHOT__t2705.00-t2715.00_portrait_FINAL\follow\stabilized.mp4","C:\Users\scott\soccer-video\out\_trash\dedupe_exact\20251103_125328\out\autoframe_work\cinematic\216__2025-09-20__TSC_vs_Greenwood__PRESSURE_SHOT__t2705.00-t2715.00_portrait_FINAL\follow\stabilized.mp4","out\autoframe_work\cinematic\216__2025-09-20__TSC_vs_Greenwood__PRESSURE_SHOT__t2705.00-t2715.00_portrait_FINAL\follow\stabilized.mp4","F9EF75BAAFECC2F11EDAF8AF80A59F9EBF7C38B43773B48D7AA96114281529DB","17225686","11/3/2025 12:53:36 PM"
"C:\Users\scott\soccer-video\out\autoframe_work\cinematic\217__2025-09-20__TSC_vs_RVFC__PRESSURE_GOAL__t2348.00-t2367.00_portrait_FINAL\follow\stabilized.mp4","C:\Users\scott\soccer-video\out\_trash\dedupe_exact\20251103_125328\out\autoframe_work\cinematic\217__2025-09-20__TSC_vs_RVFC__PRESSURE_GOAL__t2348.00-t2367.00_portrait_FINAL\follow\stabilized.mp4","out\autoframe_work\cinematic\217__2025-09-20__TSC_vs_RVFC__PRESSURE_GOAL__t2348.00-t2367.00_portrait_FINAL\follow\stabilized.mp4","748F0BF37987C1B926E82C641418A3B3D56FCC3371EA72DF061157749BDC26B8","31625274","11/3/2025 12:53:36 PM"
"C:\Users\scott\soccer-video\out\autoframe_work\cinematic\218__2025-09-20__TSC_vs_Greenwood__PRESSURE_GOAL__t2729.00-t2749.00_portrait_FINAL\follow\stabilized.mp4","C:\Users\scott\soccer-video\out\_trash\dedupe_exact\20251103_125328\out\autoframe_work\cinematic\218__2025-09-20__TSC_vs_Greenwood__PRESSURE_GOAL__t2729.00-t2749.00_portrait_FINAL\follow\stabilized.mp4","out\autoframe_work\cinematic\218__2025-09-20__TSC_vs_Greenwood__PRESSURE_GOAL__t2729.00-t2749.00_portrait_FINAL\follow\stabilized.mp4","6BDD17A6D228E7D6A2167EB9029937031534C0F924B72807BCABB8FED75A1FC0","34886563","11/3/2025 12:53:36 PM"
"C:\Users\scott\soccer-video\out\autoframe_work\cinematic\219__2025-09-20__TSC_vs_RVFC__PRESSURE_SHOT__t2388.00-t2397.00_portrait_FINAL\follow\stabilized.mp4","C:\Users\scott\soccer-video\out\_trash\dedupe_exact\20251103_125328\out\autoframe_work\cinematic\219__2025-09-20__TSC_vs_RVFC__PRESSURE_SHOT__t2388.00-t2397.00_portrait_FINAL\follow\stabilized.mp4","out\autoframe_work\cinematic\219__2025-09-20__TSC_vs_RVFC__PRESSURE_SHOT__t2388.00-t2397.00_portrait_FINAL\follow\stabilized.mp4","472D44D6E5435C7B711854A3544E651894490B56E7DDF80679709D97AC5AF38E","13886004","11/3/2025 12:53:36 PM"
"C:\Users\scott\soccer-video\out\autoframe_work\cinematic\220__2025-09-20__TSC_vs_Greenwood__PRESSURE_SHOT__t2770.00-t2827.00_portrait_FINAL\follow\stabilized.mp4","C:\Users\scott\soccer-video\out\_trash\dedupe_exact\20251103_125328\out\autoframe_work\cinematic\220__2025-09-20__TSC_vs_Greenwood__PRESSURE_SHOT__t2770.00-t2827.00_portrait_FINAL\follow\stabilized.mp4","out\autoframe_work\cinematic\220__2025-09-20__TSC_vs_Greenwood__PRESSURE_SHOT__t2770.00-t2827.00_portrait_FINAL\follow\stabilized.mp4","4596D5A75EE1ACB8A852DFD27E5C4937F73F992C3C47720C26A2601546EEA5C0","96478922","11/3/2025 12:53:36 PM"
"C:\Users\scott\soccer-video\out\autoframe_work\cinematic\221__2025-09-20__TSC_vs_RVFC__PRESSURE_GOAL__t2411.00-t2431.00_portrait_FINAL\follow\stabilized.mp4","C:\Users\scott\soccer-video\out\_trash\dedupe_exact\20251103_125328\out\autoframe_work\cinematic\221__2025-09-20__TSC_vs_RVFC__PRESSURE_GOAL__t2411.00-t2431.00_portrait_FINAL\follow\stabilized.mp4","out\autoframe_work\cinematic\221__2025-09-20__TSC_vs_RVFC__PRESSURE_GOAL__t2411.00-t2431.00_portrait_FINAL\follow\stabilized.mp4","0070BE7485FAF4AA20C51ED2A058B3EA86E68C5C6D77FD897CB113D0AFC4BAB2","31335829","11/3/2025 12:53:36 PM"
"C:\Users\scott\soccer-video\out\autoframe_work\cinematic\222__2025-09-20__TSC_vs_Greenwood__BUILD_UP_PLAY_SHOT__t2894.00-t2914.00_portrait_FINAL\follow\stabilized.mp4","C:\Users\scott\soccer-video\out\_trash\dedupe_exact\20251103_125328\out\autoframe_work\cinematic\222__2025-09-20__TSC_vs_Greenwood__BUILD_UP_PLAY_SHOT__t2894.00-t2914.00_portrait_FINAL\follow\stabilized.mp4","out\autoframe_work\cinematic\222__2025-09-20__TSC_vs_Greenwood__BUILD_UP_PLAY_SHOT__t2894.00-t2914.00_portrait_FINAL\follow\stabilized.mp4","932C3E04555C3AAFE29D38D3C582465E6A4D6015B45CF32678F720A765204639","33672737","11/3/2025 12:53:36 PM"
"C:\Users\scott\soccer-video\out\autoframe_work\cinematic\223__2025-09-20__TSC_vs_RVFC__PRESSURE_GOAL__t2485.00-t2506.00_portrait_FINAL\follow\stabilized.mp4","C:\Users\scott\soccer-video\out\_trash\dedupe_exact\20251103_125328\out\autoframe_work\cinematic\223__2025-09-20__TSC_vs_RVFC__PRESSURE_GOAL__t2485.00-t2506.00_portrait_FINAL\follow\stabilized.mp4","out\autoframe_work\cinematic\223__2025-09-20__TSC_vs_RVFC__PRESSURE_GOAL__t2485.00-t2506.00_portrait_FINAL\follow\stabilized.mp4","FE09DDB756324ECE4AA817B56B075A7C1817797858230640840C6C6665F83418","33149361","11/3/2025 12:53:36 PM"
"C:\Users\scott\soccer-video\out\autoframe_work\cinematic\224__2025-09-20__TSC_vs_RVFC__BUILD_UP_PLAY_SHOT__t2571.00-t2599.00_portrait_FINAL\follow\stabilized.mp4","C:\Users\scott\soccer-video\out\_trash\dedupe_exact\20251103_125328\out\autoframe_work\cinematic\224__2025-09-20__TSC_vs_RVFC__BUILD_UP_PLAY_SHOT__t2571.00-t2599.00_portrait_FINAL\follow\stabilized.mp4","out\autoframe_work\cinematic\224__2025-09-20__TSC_vs_RVFC__BUILD_UP_PLAY_SHOT__t2571.00-t2599.00_portrait_FINAL\follow\stabilized.mp4","445D7861DFF86D6F22D898E57CAE521D5A56F0D6C33736493341442E34172F49","43909770","11/3/2025 12:53:36 PM"
"C:\Users\scott\soccer-video\out\autoframe_work\cinematic\225__2025-09-20__TSC_vs_RVFC__CORNER__t2712.00-t2722.00_portrait_FINAL\follow\stabilized.mp4","C:\Users\scott\soccer-video\out\_trash\dedupe_exact\20251103_125328\out\autoframe_work\cinematic\225__2025-09-20__TSC_vs_RVFC__CORNER__t2712.00-t2722.00_portrait_FINAL\follow\stabilized.mp4","out\autoframe_work\cinematic\225__2025-09-20__TSC_vs_RVFC__CORNER__t2712.00-t2722.00_portrait_FINAL\follow\stabilized.mp4","3D59B1E3FCBD476DFBBF553CDD477487A59E3150E93D03E4424B4795B30F8148","16195425","11/3/2025 12:53:36 PM"
"C:\Users\scott\soccer-video\out\autoframe_work\cinematic\226__2025-09-20__TSC_vs_RVFC__CORNER__t2765.00-t2783.00_portrait_FINAL\follow\stabilized.mp4","C:\Users\scott\soccer-video\out\_trash\dedupe_exact\20251103_125328\out\autoframe_work\cinematic\226__2025-09-20__TSC_vs_RVFC__CORNER__t2765.00-t2783.00_portrait_FINAL\follow\stabilized.mp4","out\autoframe_work\cinematic\226__2025-09-20__TSC_vs_RVFC__CORNER__t2765.00-t2783.00_portrait_FINAL\follow\stabilized.mp4","CB54E66F51F1DA24E451D5E222A2D1880804300992EEBF1D2F51498AE6527182","29150499","11/3/2025 12:53:36 PM"
"C:\Users\scott\soccer-video\out\autoframe_work\cinematic\227__2025-09-20__TSC_vs_RVFC__GOAL__t3010.00-t3028.00_portrait_FINAL\follow\stabilized.mp4","C:\Users\scott\soccer-video\out\_trash\dedupe_exact\20251103_125328\out\autoframe_work\cinematic\227__2025-09-20__TSC_vs_RVFC__GOAL__t3010.00-t3028.00_portrait_FINAL\follow\stabilized.mp4","out\autoframe_work\cinematic\227__2025-09-20__TSC_vs_RVFC__GOAL__t3010.00-t3028.00_portrait_FINAL\follow\stabilized.mp4","5EA44345573E00FEFCA302F453F06172ED5B3DA3DB5823349932FF22EE273D1F","28185587","11/3/2025 12:53:36 PM"
"C:\Users\scott\soccer-video\out\autoframe_work\cinematic\228__2025-09-20__TSC_vs_RVFC__GOAL__t3051.00-t3066.00_portrait_FINAL\follow\stabilized.mp4","C:\Users\scott\soccer-video\out\_trash\dedupe_exact\20251103_125328\out\autoframe_work\cinematic\228__2025-09-20__TSC_vs_RVFC__GOAL__t3051.00-t3066.00_portrait_FINAL\follow\stabilized.mp4","out\autoframe_work\cinematic\228__2025-09-20__TSC_vs_RVFC__GOAL__t3051.00-t3066.00_portrait_FINAL\follow\stabilized.mp4","720B3F705D3E6B65E9EF8B821E84F3430E1FF6ECE9C05A108DEE3C5A35892125","22509213","11/3/2025 12:53:36 PM"
"C:\Users\scott\soccer-video\out\branded_clips\REELS\2025-09-20__TSC_vs_Greenwood\015__2025-09-20__TSC_vs_Greenwood__SHOT__t1081.00-t1088.00_portrait_POST__REEL.mp4","C:\Users\scott\soccer-video\out\_trash\dedupe_exact\20251103_125328\out\branded_clips\REELS\2025-09-20__TSC_vs_Greenwood\015__2025-09-20__TSC_vs_Greenwood__SHOT__t1081.00-t1088.00_portrait_POST__REEL.mp4","out\branded_clips\REELS\2025-09-20__TSC_vs_Greenwood\015__2025-09-20__TSC_vs_Greenwood__SHOT__t1081.00-t1088.00_portrait_POST__REEL.mp4","5F9A61F3E3E6EE7F5893928841F77720D4F2FD614AA5CDC98F9AC614F9FF091D","11326468","11/3/2025 12:53:36 PM"
"C:\Users\scott\soccer-video\out\diag_masks\000000_fieldmask.png","C:\Users\scott\soccer-video\out\_trash\dedupe_exact\20251103_125328\out\diag_masks\000000_fieldmask.png","out\diag_masks\000000_fieldmask.png","EA2B52CF94AED99589993D4F44A87DB53B267C1C79BEE7AAA6D2AFC3F254EE92","15492","11/3/2025 12:53:36 PM"
"C:\Users\scott\soccer-video\out\follow_diag\004__PRESSURE__t640.00-t663.00\seg2.mp4","C:\Users\scott\soccer-video\out\_trash\dedupe_exact\20251103_125328\out\follow_diag\004__PRESSURE__t640.00-t663.00\seg2.mp4","out\follow_diag\004__PRESSURE__t640.00-t663.00\seg2.mp4","9446C534413390627EF1D1E8BB1AA59FF60C847A793CA16F03452E4AB424FC06","18954072","11/3/2025 12:53:36 PM"
"C:\Users\scott\soccer-video\out\follow_diag\004__PRESSURE__t640.00-t663.00\seg1.mp4","C:\Users\scott\soccer-video\out\_trash\dedupe_exact\20251103_125328\out\follow_diag\004__PRESSURE__t640.00-t663.00\seg1.mp4","out\follow_diag\004__PRESSURE__t640.00-t663.00\seg1.mp4","9446C534413390627EF1D1E8BB1AA59FF60C847A793CA16F03452E4AB424FC06","18954072","11/3/2025 12:53:36 PM"
"C:\Users\scott\soccer-video\out\follow_diag\004__PRESSURE__t640.00-t663.00\seg2.__OVERLAY.mp4","C:\Users\scott\soccer-video\out\_trash\dedupe_exact\20251103_125328\out\follow_diag\004__PRESSURE__t640.00-t663.00\seg2.__OVERLAY.mp4","out\follow_diag\004__PRESSURE__t640.00-t663.00\seg2.__OVERLAY.mp4","F7D9AC9B1FBAB462204C737B30B5B1D2FFBB434E988AA4D76E49EA07B5C155D2","21678649","11/3/2025 12:53:36 PM"
"C:\Users\scott\soccer-video\out\follow_diag\004__PRESSURE__t640.00-t663.00\seg1.__OVERLAY.mp4","C:\Users\scott\soccer-video\out\_trash\dedupe_exact\20251103_125328\out\follow_diag\004__PRESSURE__t640.00-t663.00\seg1.__OVERLAY.mp4","out\follow_diag\004__PRESSURE__t640.00-t663.00\seg1.__OVERLAY.mp4","F7D9AC9B1FBAB462204C737B30B5B1D2FFBB434E988AA4D76E49EA07B5C155D2","21678649","11/3/2025 12:53:36 PM"
"C:\Users\scott\soccer-video\out\masters\2025-09-13__TSC_vs_NEOFC__MASTER.mp4","C:\Users\scott\soccer-video\out\_trash\dedupe_exact\20251103_125328\out\masters\2025-09-13__TSC_vs_NEOFC__MASTER.mp4","out\masters\2025-09-13__TSC_vs_NEOFC__MASTER.mp4","16CF94944F2F30E371CF30124A47CEE12A2C2DEEB63C09F0512459A38B738D32","3938848268","11/3/2025 12:53:37 PM"
"C:\Users\scott\soccer-video\out\_trash\reels_quarantine\2025-10-24\_quarantine\001__2025-09-13__TSC_vs_NEOFC__SHOT__t155.50-t166.40.__DEBUG_FINAL_portrait_FINAL.mp4","C:\Users\scott\soccer-video\out\_trash\dedupe_exact\20251103_125328\out\_trash\reels_quarantine\2025-10-24\_quarantine\001__2025-09-13__TSC_vs_NEOFC__SHOT__t155.50-t166.40.__DEBUG_FINAL_portrait_FINAL.mp4","out\_trash\reels_quarantine\2025-10-24\_quarantine\001__2025-09-13__TSC_vs_NEOFC__SHOT__t155.50-t166.40.__DEBUG_FINAL_portrait_FINAL.mp4","E6834143D4C9D635FF8D33CCCB36EADDA74ABF8C8C129895EE197B28C399B0AC","13179600","11/3/2025 12:53:37 PM"
"C:\Users\scott\soccer-video\out\_trash\reels_quarantine\2025-10-24\_quarantine\002__2025-09-13__TSC_vs_NEOFC__GOAL__t180.80-t191.20.__DEBUG_FINAL_portrait_FINAL.mp4","C:\Users\scott\soccer-video\out\_trash\dedupe_exact\20251103_125328\out\_trash\reels_quarantine\2025-10-24\_quarantine\002__2025-09-13__TSC_vs_NEOFC__GOAL__t180.80-t191.20.__DEBUG_FINAL_portrait_FINAL.mp4","out\_trash\reels_quarantine\2025-10-24\_quarantine\002__2025-09-13__TSC_vs_NEOFC__GOAL__t180.80-t191.20.__DEBUG_FINAL_portrait_FINAL.mp4","A69C043C3AFFCEF19242D31199E9763F9A587D3DB0CF1BEB6045B17DA854A400","12643147","11/3/2025 12:53:37 PM"
"C:\Users\scott\soccer-video\out\_trash\reels_quarantine\2025-10-24\_quarantine\003__2025-09-13__TSC_vs_NEOFC__BUILD_UP__t224.80-t248.70.__DEBUG_FINAL_portrait_FINAL.mp4","C:\Users\scott\soccer-video\out\_trash\dedupe_exact\20251103_125328\out\_trash\reels_quarantine\2025-10-24\_quarantine\003__2025-09-13__TSC_vs_NEOFC__BUILD_UP__t224.80-t248.70.__DEBUG_FINAL_portrait_FINAL.mp4","out\_trash\reels_quarantine\2025-10-24\_quarantine\003__2025-09-13__TSC_vs_NEOFC__BUILD_UP__t224.80-t248.70.__DEBUG_FINAL_portrait_FINAL.mp4","10BFCCAD2A0957D5FF4C33C73E2A3026A0D03BA05D9555103091791CCADE72B4","27087282","11/3/2025 12:53:37 PM"
"C:\Users\scott\soccer-video\out\_trash\reels_quarantine\2025-10-24\_quarantine\004__2025-09-13__TSC_vs_NEOFC__GOAL__t266.50-t283.10.__DEBUG_FINAL_portrait_FINAL.mp4","C:\Users\scott\soccer-video\out\_trash\dedupe_exact\20251103_125328\out\_trash\reels_quarantine\2025-10-24\_quarantine\004__2025-09-13__TSC_vs_NEOFC__GOAL__t266.50-t283.10.__DEBUG_FINAL_portrait_FINAL.mp4","out\_trash\reels_quarantine\2025-10-24\_quarantine\004__2025-09-13__TSC_vs_NEOFC__GOAL__t266.50-t283.10.__DEBUG_FINAL_portrait_FINAL.mp4","33523FB3A1B5F2DAA7AEDD00159E7F7D952C5F37B0839EC878CEBD0E059B1002","18900462","11/3/2025 12:53:37 PM"
"C:\Users\scott\soccer-video\out\_trash\reels_quarantine\2025-10-24\_quarantine\005__2025-09-13__TSC_vs_NEOFC__CORNER__t417.90-t431.60.__DEBUG_FINAL_portrait_FINAL.mp4","C:\Users\scott\soccer-video\out\_trash\dedupe_exact\20251103_125328\out\_trash\reels_quarantine\2025-10-24\_quarantine\005__2025-09-13__TSC_vs_NEOFC__CORNER__t417.90-t431.60.__DEBUG_FINAL_portrait_FINAL.mp4","out\_trash\reels_quarantine\2025-10-24\_quarantine\005__2025-09-13__TSC_vs_NEOFC__CORNER__t417.90-t431.60.__DEBUG_FINAL_portrait_FINAL.mp4","318ECC1562084EF366A3F19BAF49E1CB63E9A3293CDA3A09532ED60AFB315F86","15488731","11/3/2025 12:53:37 PM"
"C:\Users\scott\soccer-video\out\_trash\reels_quarantine\2025-10-24\_quarantine\006__2025-09-13__TSC_vs_NEOFC__DEFENSE__t699.30-t711.50.__DEBUG_FINAL_portrait_FINAL.mp4","C:\Users\scott\soccer-video\out\_trash\dedupe_exact\20251103_125328\out\_trash\reels_quarantine\2025-10-24\_quarantine\006__2025-09-13__TSC_vs_NEOFC__DEFENSE__t699.30-t711.50.__DEBUG_FINAL_portrait_FINAL.mp4","out\_trash\reels_quarantine\2025-10-24\_quarantine\006__2025-09-13__TSC_vs_NEOFC__DEFENSE__t699.30-t711.50.__DEBUG_FINAL_portrait_FINAL.mp4","EF8C388D5DB321FBEA59B36EC03CD6971BB648DA0A86B31856B9B0F9A74AE6B1","4322012","11/3/2025 12:53:37 PM"
"C:\Users\scott\soccer-video\out\_trash\reels_quarantine\2025-10-24\_quarantine\022__SHOT__t3028.10-t3059.70.__DEBUG_FINAL_portrait_FINAL.mp4","C:\Users\scott\soccer-video\out\_trash\dedupe_exact\20251103_125328\out\_trash\reels_quarantine\2025-10-24\_quarantine\022__SHOT__t3028.10-t3059.70.__DEBUG_FINAL_portrait_FINAL.mp4","out\_trash\reels_quarantine\2025-10-24\_quarantine\022__SHOT__t3028.10-t3059.70.__DEBUG_FINAL_portrait_FINAL.mp4","9127FE2C95A0BFDEB3F1348F8C61E05A17054D759557974C4BE43D5F897A34D4","35992641","11/3/2025 12:53:37 PM"
"C:\Users\scott\soccer-video\out\_trash\reels_quarantine\2025-10-24\_quarantine\022__SHOT__t3028.10-t3059.70.__DEBUG_portrait_FINAL.mp4","C:\Users\scott\soccer-video\out\_trash\dedupe_exact\20251103_125328\out\_trash\reels_quarantine\2025-10-24\_quarantine\022__SHOT__t3028.10-t3059.70.__DEBUG_portrait_FINAL.mp4","out\_trash\reels_quarantine\2025-10-24\_quarantine\022__SHOT__t3028.10-t3059.70.__DEBUG_portrait_FINAL.mp4","B0B1D20FCE61C6CAFE8D6CB42B4B9D31ADE0504D12D7EFBF9461744748756CC7","36945214","11/3/2025 12:53:37 PM"
"C:\Users\scott\soccer-video\out\masters\2025-09-20__TSC_vs_Greenwood__MASTER.mp4","C:\Users\scott\soccer-video\out\_trash\dedupe_exact\20251103_125328\out\masters\2025-09-20__TSC_vs_Greenwood__MASTER.mp4","out\masters\2025-09-20__TSC_vs_Greenwood__MASTER.mp4","CF64BF14D41A8839DA603C712644E2A35156D0291AD8296DEBB489683A438081","5010897397","11/3/2025 12:53:37 PM"
"C:\Users\scott\soccer-video\out\masters\2025-09-20__TSC_vs_RVFC__MASTER.mp4","C:\Users\scott\soccer-video\out\_trash\dedupe_exact\20251103_125328\out\masters\2025-09-20__TSC_vs_RVFC__MASTER.mp4","out\masters\2025-09-20__TSC_vs_RVFC__MASTER.mp4","F325BE29C4226397172AEDB7469D04A9DD13994418AEA4C99E11F56D4ACDC8A2","4919311191","11/3/2025 12:53:37 PM"
"C:\Users\scott\soccer-video\out\masters\2025-10-04__TSC_vs_FC_Tulsa_Black__MASTER.mp4","C:\Users\scott\soccer-video\out\_trash\dedupe_exact\20251103_125328\out\masters\2025-10-04__TSC_vs_FC_Tulsa_Black__MASTER.mp4","out\masters\2025-10-04__TSC_vs_FC_Tulsa_Black__MASTER.mp4","ADBED55E49B7D160FC2072931171AC4BEEC014FA12A1AE01C7F0F031815D487F","3015374216","11/3/2025 12:53:37 PM"
"C:\Users\scott\soccer-video\out\masters\TSC_SLSG_FallFestival_2025__MASTER.mp4","C:\Users\scott\soccer-video\out\_trash\dedupe_exact\20251103_125328\out\masters\TSC_SLSG_FallFestival_2025__MASTER.mp4","out\masters\TSC_SLSG_FallFestival_2025__MASTER.mp4","C3C07D488BA919C484403764DDB69CB3D9B258034CB8CACA425FAAE08F9C47F4","1108737394","11/3/2025 12:53:37 PM"
"C:\Users\scott\soccer-video\out\portrait_reels\branded\_portrait_BRAND.mp4","C:\Users\scott\soccer-video\out\_trash\dedupe_exact\20251103_125328\out\portrait_reels\branded\_portrait_BRAND.mp4","out\portrait_reels\branded\_portrait_BRAND.mp4","A51642127298798F739F147CA1AE6EB2E94E3E5B8515CABAE4D3DF064A7E70F2","7752303","11/3/2025 12:53:37 PM"
"C:\Users\scott\soccer-video\out\reels\portrait_1080x1920\012__2025-10-04__TSC_vs_FC_Tulsa_Black__PRESSURE_GOAL__t74340.00-t75180.00.mp4","C:\Users\scott\soccer-video\out\_trash\dedupe_exact\20251103_125328\out\reels\portrait_1080x1920\012__2025-10-04__TSC_vs_FC_Tulsa_Black__PRESSURE_GOAL__t74340.00-t75180.00.mp4","out\reels\portrait_1080x1920\012__2025-10-04__TSC_vs_FC_Tulsa_Black__PRESSURE_GOAL__t74340.00-t75180.00.mp4","4AB6BBCB05E5D45FFE744A1CBF9FFD539F71E13490FB3EE982C99A28DA609FB3","25280","11/3/2025 12:53:37 PM"
"C:\Users\scott\soccer-video\out\reels\portrait_1080x1920\013__2025-10-04__TSC_vs_FC_Tulsa_Black__BUILD_UP_PLAY__t77400.00-t78360.00.mp4","C:\Users\scott\soccer-video\out\_trash\dedupe_exact\20251103_125328\out\reels\portrait_1080x1920\013__2025-10-04__TSC_vs_FC_Tulsa_Black__BUILD_UP_PLAY__t77400.00-t78360.00.mp4","out\reels\portrait_1080x1920\013__2025-10-04__TSC_vs_FC_Tulsa_Black__BUILD_UP_PLAY__t77400.00-t78360.00.mp4","4AB6BBCB05E5D45FFE744A1CBF9FFD539F71E13490FB3EE982C99A28DA609FB3","25280","11/3/2025 12:53:37 PM"
"C:\Users\scott\soccer-video\out\reels\portrait_1080x1920\008__2025-10-04__TSC_vs_FC_Tulsa_Black__BUILD_UP_SHOT__t61500.00-t62400.00.mp4","C:\Users\scott\soccer-video\out\_trash\dedupe_exact\20251103_125328\out\reels\portrait_1080x1920\008__2025-10-04__TSC_vs_FC_Tulsa_Black__BUILD_UP_SHOT__t61500.00-t62400.00.mp4","out\reels\portrait_1080x1920\008__2025-10-04__TSC_vs_FC_Tulsa_Black__BUILD_UP_SHOT__t61500.00-t62400.00.mp4","4AB6BBCB05E5D45FFE744A1CBF9FFD539F71E13490FB3EE982C99A28DA609FB3","25280","11/3/2025 12:53:37 PM"
"C:\Users\scott\soccer-video\out\reels\portrait_1080x1920\009__2025-10-04__TSC_vs_FC_Tulsa_Black__PRESSURE_SHOT__t62760.00-t63420.00.mp4","C:\Users\scott\soccer-video\out\_trash\dedupe_exact\20251103_125328\out\reels\portrait_1080x1920\009__2025-10-04__TSC_vs_FC_Tulsa_Black__PRESSURE_SHOT__t62760.00-t63420.00.mp4","out\reels\portrait_1080x1920\009__2025-10-04__TSC_vs_FC_Tulsa_Black__PRESSURE_SHOT__t62760.00-t63420.00.mp4","4AB6BBCB05E5D45FFE744A1CBF9FFD539F71E13490FB3EE982C99A28DA609FB3","25280","11/3/2025 12:53:37 PM"
"C:\Users\scott\soccer-video\out\reels\portrait_1080x1920\010__2025-10-04__TSC_vs_FC_Tulsa_Black__BUILD_UP_SHOT__t63480.00-t64800.00.mp4","C:\Users\scott\soccer-video\out\_trash\dedupe_exact\20251103_125328\out\reels\portrait_1080x1920\010__2025-10-04__TSC_vs_FC_Tulsa_Black__BUILD_UP_SHOT__t63480.00-t64800.00.mp4","out\reels\portrait_1080x1920\010__2025-10-04__TSC_vs_FC_Tulsa_Black__BUILD_UP_SHOT__t63480.00-t64800.00.mp4","4AB6BBCB05E5D45FFE744A1CBF9FFD539F71E13490FB3EE982C99A28DA609FB3","25280","11/3/2025 12:53:37 PM"
"C:\Users\scott\soccer-video\out\reels\portrait_1080x1920\_quarantine\011__2025-10-04__TSC_vs_FC_Tulsa_Black__BUILD_UP_SHOT__t71880.00-t73320.00.mp4","C:\Users\scott\soccer-video\out\_trash\dedupe_exact\20251103_125328\out\reels\portrait_1080x1920\_quarantine\011__2025-10-04__TSC_vs_FC_Tulsa_Black__BUILD_UP_SHOT__t71880.00-t73320.00.mp4","out\reels\portrait_1080x1920\_quarantine\011__2025-10-04__TSC_vs_FC_Tulsa_Black__BUILD_UP_SHOT__t71880.00-t73320.00.mp4","4AB6BBCB05E5D45FFE744A1CBF9FFD539F71E13490FB3EE982C99A28DA609FB3","25280","11/3/2025 12:53:37 PM"
"C:\Users\scott\soccer-video\out\reels\portrait_1080x1920\_quarantine\012__2025-10-04__TSC_vs_FC_Tulsa_Black__PRESSURE_GOAL__t74340.00-t75180.00.mp4","C:\Users\scott\soccer-video\out\_trash\dedupe_exact\20251103_125328\out\reels\portrait_1080x1920\_quarantine\012__2025-10-04__TSC_vs_FC_Tulsa_Black__PRESSURE_GOAL__t74340.00-t75180.00.mp4","out\reels\portrait_1080x1920\_quarantine\012__2025-10-04__TSC_vs_FC_Tulsa_Black__PRESSURE_GOAL__t74340.00-t75180.00.mp4","4AB6BBCB05E5D45FFE744A1CBF9FFD539F71E13490FB3EE982C99A28DA609FB3","25280","11/3/2025 12:53:37 PM"
"C:\Users\scott\soccer-video\out\reels\portrait_1080x1920\_quarantine\013__2025-10-04__TSC_vs_FC_Tulsa_Black__BUILD_UP_PLAY__t77400.00-t78360.00.mp4","C:\Users\scott\soccer-video\out\_trash\dedupe_exact\20251103_125328\out\reels\portrait_1080x1920\_quarantine\013__2025-10-04__TSC_vs_FC_Tulsa_Black__BUILD_UP_PLAY__t77400.00-t78360.00.mp4","out\reels\portrait_1080x1920\_quarantine\013__2025-10-04__TSC_vs_FC_Tulsa_Black__BUILD_UP_PLAY__t77400.00-t78360.00.mp4","4AB6BBCB05E5D45FFE744A1CBF9FFD539F71E13490FB3EE982C99A28DA609FB3","25280","11/3/2025 12:53:37 PM"
"C:\Users\scott\soccer-video\out\reels\portrait_1080x1920\_quarantine\008__2025-10-04__TSC_vs_FC_Tulsa_Black__BUILD_UP_SHOT__t61500.00-t62400.00.mp4","C:\Users\scott\soccer-video\out\_trash\dedupe_exact\20251103_125328\out\reels\portrait_1080x1920\_quarantine\008__2025-10-04__TSC_vs_FC_Tulsa_Black__BUILD_UP_SHOT__t61500.00-t62400.00.mp4","out\reels\portrait_1080x1920\_quarantine\008__2025-10-04__TSC_vs_FC_Tulsa_Black__BUILD_UP_SHOT__t61500.00-t62400.00.mp4","4AB6BBCB05E5D45FFE744A1CBF9FFD539F71E13490FB3EE982C99A28DA609FB3","25280","11/3/2025 12:53:37 PM"
"C:\Users\scott\soccer-video\out\reels\portrait_1080x1920\_quarantine\009__2025-10-04__TSC_vs_FC_Tulsa_Black__PRESSURE_SHOT__t62760.00-t63420.00.mp4","C:\Users\scott\soccer-video\out\_trash\dedupe_exact\20251103_125328\out\reels\portrait_1080x1920\_quarantine\009__2025-10-04__TSC_vs_FC_Tulsa_Black__PRESSURE_SHOT__t62760.00-t63420.00.mp4","out\reels\portrait_1080x1920\_quarantine\009__2025-10-04__TSC_vs_FC_Tulsa_Black__PRESSURE_SHOT__t62760.00-t63420.00.mp4","4AB6BBCB05E5D45FFE744A1CBF9FFD539F71E13490FB3EE982C99A28DA609FB3","25280","11/3/2025 12:53:37 PM"
"C:\Users\scott\soccer-video\out\reels\portrait_1080x1920\_quarantine\010__2025-10-04__TSC_vs_FC_Tulsa_Black__BUILD_UP_SHOT__t63480.00-t64800.00.mp4","C:\Users\scott\soccer-video\out\_trash\dedupe_exact\20251103_125328\out\reels\portrait_1080x1920\_quarantine\010__2025-10-04__TSC_vs_FC_Tulsa_Black__BUILD_UP_SHOT__t63480.00-t64800.00.mp4","out\reels\portrait_1080x1920\_quarantine\010__2025-10-04__TSC_vs_FC_Tulsa_Black__BUILD_UP_SHOT__t63480.00-t64800.00.mp4","4AB6BBCB05E5D45FFE744A1CBF9FFD539F71E13490FB3EE982C99A28DA609FB3","25280","11/3/2025 12:53:37 PM"
"C:\Users\scott\soccer-video\out\reels\portrait_1080x1920\011__2025-09-20__TSC_vs_Greenwood__GOAL__t54120.00-t54780.00.mp4","C:\Users\scott\soccer-video\out\_trash\dedupe_exact\20251103_125328\out\reels\portrait_1080x1920\011__2025-09-20__TSC_vs_Greenwood__GOAL__t54120.00-t54780.00.mp4","out\reels\portrait_1080x1920\011__2025-09-20__TSC_vs_Greenwood__GOAL__t54120.00-t54780.00.mp4","215C5E93D9F32B6529064787CEF0CCF33957C9410B3DB4D97607514F1FB0614E","26895","11/3/2025 12:53:37 PM"
"C:\Users\scott\soccer-video\out\reels\portrait_1080x1920\012__2025-09-20__TSC_vs_Greenwood__BUILD_SHOT__t58380.00-t59220.00.mp4","C:\Users\scott\soccer-video\out\_trash\dedupe_exact\20251103_125328\out\reels\portrait_1080x1920\012__2025-09-20__TSC_vs_Greenwood__BUILD_SHOT__t58380.00-t59220.00.mp4","out\reels\portrait_1080x1920\012__2025-09-20__TSC_vs_Greenwood__BUILD_SHOT__t58380.00-t59220.00.mp4","215C5E93D9F32B6529064787CEF0CCF33957C9410B3DB4D97607514F1FB0614E","26895","11/3/2025 12:53:37 PM"
"C:\Users\scott\soccer-video\out\reels\portrait_1080x1920\017__2025-09-20__TSC_vs_Greenwood__PRESSURE_SHOT__t72720.00-t73440.00.mp4","C:\Users\scott\soccer-video\out\_trash\dedupe_exact\20251103_125328\out\reels\portrait_1080x1920\017__2025-09-20__TSC_vs_Greenwood__PRESSURE_SHOT__t72720.00-t73440.00.mp4","out\reels\portrait_1080x1920\017__2025-09-20__TSC_vs_Greenwood__PRESSURE_SHOT__t72720.00-t73440.00.mp4","215C5E93D9F32B6529064787CEF0CCF33957C9410B3DB4D97607514F1FB0614E","26895","11/3/2025 12:53:37 PM"
"C:\Users\scott\soccer-video\out\reels\portrait_1080x1920\020__2025-09-20__TSC_vs_Greenwood__PRESSURE_SHOT__t83580.00-t84540.00.mp4","C:\Users\scott\soccer-video\out\_trash\dedupe_exact\20251103_125328\out\reels\portrait_1080x1920\020__2025-09-20__TSC_vs_Greenwood__PRESSURE_SHOT__t83580.00-t84540.00.mp4","out\reels\portrait_1080x1920\020__2025-09-20__TSC_vs_Greenwood__PRESSURE_SHOT__t83580.00-t84540.00.mp4","215C5E93D9F32B6529064787CEF0CCF33957C9410B3DB4D97607514F1FB0614E","26895","11/3/2025 12:53:37 PM"
"C:\Users\scott\soccer-video\out\reels\portrait_1080x1920\019__2025-09-20__TSC_vs_Greenwood__PRESSURE_SHOT__t82140.00-t82980.00.mp4","C:\Users\scott\soccer-video\out\_trash\dedupe_exact\20251103_125328\out\reels\portrait_1080x1920\019__2025-09-20__TSC_vs_Greenwood__PRESSURE_SHOT__t82140.00-t82980.00.mp4","out\reels\portrait_1080x1920\019__2025-09-20__TSC_vs_Greenwood__PRESSURE_SHOT__t82140.00-t82980.00.mp4","215C5E93D9F32B6529064787CEF0CCF33957C9410B3DB4D97607514F1FB0614E","26895","11/3/2025 12:53:37 PM"
"C:\Users\scott\soccer-video\out\reels\portrait_1080x1920\014__2025-09-20__TSC_vs_Greenwood__PRESSURE_SHOT__t63780.00-t64380.00.mp4","C:\Users\scott\soccer-video\out\_trash\dedupe_exact\20251103_125328\out\reels\portrait_1080x1920\014__2025-09-20__TSC_vs_Greenwood__PRESSURE_SHOT__t63780.00-t64380.00.mp4","out\reels\portrait_1080x1920\014__2025-09-20__TSC_vs_Greenwood__PRESSURE_SHOT__t63780.00-t64380.00.mp4","215C5E93D9F32B6529064787CEF0CCF33957C9410B3DB4D97607514F1FB0614E","26895","11/3/2025 12:53:37 PM"
"C:\Users\scott\soccer-video\out\reels\portrait_1080x1920\013__2025-09-20__TSC_vs_Greenwood__PRESSURE_SHOT__t59280.00-t60060.00.mp4","C:\Users\scott\soccer-video\out\_trash\dedupe_exact\20251103_125328\out\reels\portrait_1080x1920\013__2025-09-20__TSC_vs_Greenwood__PRESSURE_SHOT__t59280.00-t60060.00.mp4","out\reels\portrait_1080x1920\013__2025-09-20__TSC_vs_Greenwood__PRESSURE_SHOT__t59280.00-t60060.00.mp4","215C5E93D9F32B6529064787CEF0CCF33957C9410B3DB4D97607514F1FB0614E","26895","11/3/2025 12:53:37 PM"
"C:\Users\scott\soccer-video\out\reels\portrait_1080x1920\_quarantine\011__2025-09-20__TSC_vs_Greenwood__GOAL__t54120.00-t54780.00.mp4","C:\Users\scott\soccer-video\out\_trash\dedupe_exact\20251103_125328\out\reels\portrait_1080x1920\_quarantine\011__2025-09-20__TSC_vs_Greenwood__GOAL__t54120.00-t54780.00.mp4","out\reels\portrait_1080x1920\_quarantine\011__2025-09-20__TSC_vs_Greenwood__GOAL__t54120.00-t54780.00.mp4","215C5E93D9F32B6529064787CEF0CCF33957C9410B3DB4D97607514F1FB0614E","26895","11/3/2025 12:53:37 PM"
"C:\Users\scott\soccer-video\out\reels\portrait_1080x1920\_quarantine\015__2025-09-20__TSC_vs_Greenwood__SHOT__t64860.00-t65280.00.mp4","C:\Users\scott\soccer-video\out\_trash\dedupe_exact\20251103_125328\out\reels\portrait_1080x1920\_quarantine\015__2025-09-20__TSC_vs_Greenwood__SHOT__t64860.00-t65280.00.mp4","out\reels\portrait_1080x1920\_quarantine\015__2025-09-20__TSC_vs_Greenwood__SHOT__t64860.00-t65280.00.mp4","215C5E93D9F32B6529064787CEF0CCF33957C9410B3DB4D97607514F1FB0614E","26895","11/3/2025 12:53:37 PM"
"C:\Users\scott\soccer-video\out\reels\portrait_1080x1920\016__2025-09-20__TSC_vs_Greenwood__BUILD_UP_PLAY_SHOT__t71700.00-t72540.00.mp4","C:\Users\scott\soccer-video\out\_trash\dedupe_exact\20251103_125328\out\reels\portrait_1080x1920\016__2025-09-20__TSC_vs_Greenwood__BUILD_UP_PLAY_SHOT__t71700.00-t72540.00.mp4","out\reels\portrait_1080x1920\016__2025-09-20__TSC_vs_Greenwood__BUILD_UP_PLAY_SHOT__t71700.00-t72540.00.mp4","215C5E93D9F32B6529064787CEF0CCF33957C9410B3DB4D97607514F1FB0614E","26895","11/3/2025 12:53:37 PM"
"C:\Users\scott\soccer-video\out\reels\portrait_1080x1920\018__2025-09-20__TSC_vs_Greenwood__BUILD_UP_PLAY_GOAL__t77520.00-t79740.00.mp4","C:\Users\scott\soccer-video\out\_trash\dedupe_exact\20251103_125328\out\reels\portrait_1080x1920\018__2025-09-20__TSC_vs_Greenwood__BUILD_UP_PLAY_GOAL__t77520.00-t79740.00.mp4","out\reels\portrait_1080x1920\018__2025-09-20__TSC_vs_Greenwood__BUILD_UP_PLAY_GOAL__t77520.00-t79740.00.mp4","215C5E93D9F32B6529064787CEF0CCF33957C9410B3DB4D97607514F1FB0614E","26895","11/3/2025 12:53:37 PM"
"C:\Users\scott\soccer-video\out\reels\portrait_1080x1920\_quarantine\012__2025-09-20__TSC_vs_Greenwood__BUILD_SHOT__t58380.00-t59220.00.mp4","C:\Users\scott\soccer-video\out\_trash\dedupe_exact\20251103_125328\out\reels\portrait_1080x1920\_quarantine\012__2025-09-20__TSC_vs_Greenwood__BUILD_SHOT__t58380.00-t59220.00.mp4","out\reels\portrait_1080x1920\_quarantine\012__2025-09-20__TSC_vs_Greenwood__BUILD_SHOT__t58380.00-t59220.00.mp4","215C5E93D9F32B6529064787CEF0CCF33957C9410B3DB4D97607514F1FB0614E","26895","11/3/2025 12:53:37 PM"
"C:\Users\scott\soccer-video\out\reels\portrait_1080x1920\_quarantine\017__2025-09-20__TSC_vs_Greenwood__PRESSURE_SHOT__t72720.00-t73440.00.mp4","C:\Users\scott\soccer-video\out\_trash\dedupe_exact\20251103_125328\out\reels\portrait_1080x1920\_quarantine\017__2025-09-20__TSC_vs_Greenwood__PRESSURE_SHOT__t72720.00-t73440.00.mp4","out\reels\portrait_1080x1920\_quarantine\017__2025-09-20__TSC_vs_Greenwood__PRESSURE_SHOT__t72720.00-t73440.00.mp4","215C5E93D9F32B6529064787CEF0CCF33957C9410B3DB4D97607514F1FB0614E","26895","11/3/2025 12:53:37 PM"
"C:\Users\scott\soccer-video\out\reels\portrait_1080x1920\_quarantine\020__2025-09-20__TSC_vs_Greenwood__PRESSURE_SHOT__t83580.00-t84540.00.mp4","C:\Users\scott\soccer-video\out\_trash\dedupe_exact\20251103_125328\out\reels\portrait_1080x1920\_quarantine\020__2025-09-20__TSC_vs_Greenwood__PRESSURE_SHOT__t83580.00-t84540.00.mp4","out\reels\portrait_1080x1920\_quarantine\020__2025-09-20__TSC_vs_Greenwood__PRESSURE_SHOT__t83580.00-t84540.00.mp4","215C5E93D9F32B6529064787CEF0CCF33957C9410B3DB4D97607514F1FB0614E","26895","11/3/2025 12:53:37 PM"
"C:\Users\scott\soccer-video\out\reels\portrait_1080x1920\_quarantine\019__2025-09-20__TSC_vs_Greenwood__PRESSURE_SHOT__t82140.00-t82980.00.mp4","C:\Users\scott\soccer-video\out\_trash\dedupe_exact\20251103_125328\out\reels\portrait_1080x1920\_quarantine\019__2025-09-20__TSC_vs_Greenwood__PRESSURE_SHOT__t82140.00-t82980.00.mp4","out\reels\portrait_1080x1920\_quarantine\019__2025-09-20__TSC_vs_Greenwood__PRESSURE_SHOT__t82140.00-t82980.00.mp4","215C5E93D9F32B6529064787CEF0CCF33957C9410B3DB4D97607514F1FB0614E","26895","11/3/2025 12:53:37 PM"
"C:\Users\scott\soccer-video\out\reels\portrait_1080x1920\_quarantine\014__2025-09-20__TSC_vs_Greenwood__PRESSURE_SHOT__t63780.00-t64380.00.mp4","C:\Users\scott\soccer-video\out\_trash\dedupe_exact\20251103_125328\out\reels\portrait_1080x1920\_quarantine\014__2025-09-20__TSC_vs_Greenwood__PRESSURE_SHOT__t63780.00-t64380.00.mp4","out\reels\portrait_1080x1920\_quarantine\014__2025-09-20__TSC_vs_Greenwood__PRESSURE_SHOT__t63780.00-t64380.00.mp4","215C5E93D9F32B6529064787CEF0CCF33957C9410B3DB4D97607514F1FB0614E","26895","11/3/2025 12:53:37 PM"
"C:\Users\scott\soccer-video\out\reels\portrait_1080x1920\_quarantine\013__2025-09-20__TSC_vs_Greenwood__PRESSURE_SHOT__t59280.00-t60060.00.mp4","C:\Users\scott\soccer-video\out\_trash\dedupe_exact\20251103_125328\out\reels\portrait_1080x1920\_quarantine\013__2025-09-20__TSC_vs_Greenwood__PRESSURE_SHOT__t59280.00-t60060.00.mp4","out\reels\portrait_1080x1920\_quarantine\013__2025-09-20__TSC_vs_Greenwood__PRESSURE_SHOT__t59280.00-t60060.00.mp4","215C5E93D9F32B6529064787CEF0CCF33957C9410B3DB4D97607514F1FB0614E","26895","11/3/2025 12:53:37 PM"
"C:\Users\scott\soccer-video\out\reels\portrait_1080x1920\_quarantine\016__2025-09-20__TSC_vs_Greenwood__BUILD_UP_PLAY_SHOT__t71700.00-t72540.00.mp4","C:\Users\scott\soccer-video\out\_trash\dedupe_exact\20251103_125328\out\reels\portrait_1080x1920\_quarantine\016__2025-09-20__TSC_vs_Greenwood__BUILD_UP_PLAY_SHOT__t71700.00-t72540.00.mp4","out\reels\portrait_1080x1920\_quarantine\016__2025-09-20__TSC_vs_Greenwood__BUILD_UP_PLAY_SHOT__t71700.00-t72540.00.mp4","215C5E93D9F32B6529064787CEF0CCF33957C9410B3DB4D97607514F1FB0614E","26895","11/3/2025 12:53:37 PM"
"C:\Users\scott\soccer-video\out\reels\portrait_1080x1920\_quarantine\018__2025-09-20__TSC_vs_Greenwood__BUILD_UP_PLAY_GOAL__t77520.00-t79740.00.mp4","C:\Users\scott\soccer-video\out\_trash\dedupe_exact\20251103_125328\out\reels\portrait_1080x1920\_quarantine\018__2025-09-20__TSC_vs_Greenwood__BUILD_UP_PLAY_GOAL__t77520.00-t79740.00.mp4","out\reels\portrait_1080x1920\_quarantine\018__2025-09-20__TSC_vs_Greenwood__BUILD_UP_PLAY_GOAL__t77520.00-t79740.00.mp4","215C5E93D9F32B6529064787CEF0CCF33957C9410B3DB4D97607514F1FB0614E","26895","11/3/2025 12:53:37 PM"
"C:\Users\scott\soccer-video\out\reels\portrait_1080x1920\020__2025-09-20__TSC_vs_RVFC__SHOT__t74160.00-t74580.00.mp4","C:\Users\scott\soccer-video\out\_trash\dedupe_exact\20251103_125328\out\reels\portrait_1080x1920\020__2025-09-20__TSC_vs_RVFC__SHOT__t74160.00-t74580.00.mp4","out\reels\portrait_1080x1920\020__2025-09-20__TSC_vs_RVFC__SHOT__t74160.00-t74580.00.mp4","9AAFF99391E5414C3029A16825014323933B2811EA777B1B5526459B5D33D31C","16974","11/3/2025 12:53:37 PM"
"C:\Users\scott\soccer-video\out\reels\portrait_1080x1920\021__2025-09-20__TSC_vs_RVFC__CROSS__t76500.00-t77580.00.mp4","C:\Users\scott\soccer-video\out\_trash\dedupe_exact\20251103_125328\out\reels\portrait_1080x1920\021__2025-09-20__TSC_vs_RVFC__CROSS__t76500.00-t77580.00.mp4","out\reels\portrait_1080x1920\021__2025-09-20__TSC_vs_RVFC__CROSS__t76500.00-t77580.00.mp4","9AAFF99391E5414C3029A16825014323933B2811EA777B1B5526459B5D33D31C","16974","11/3/2025 12:53:37 PM"
"C:\Users\scott\soccer-video\out\reels\portrait_1080x1920\024__2025-09-20__TSC_vs_RVFC__FREE_KICK__t84120.00-t85260.00.mp4","C:\Users\scott\soccer-video\out\_trash\dedupe_exact\20251103_125328\out\reels\portrait_1080x1920\024__2025-09-20__TSC_vs_RVFC__FREE_KICK__t84120.00-t85260.00.mp4","out\reels\portrait_1080x1920\024__2025-09-20__TSC_vs_RVFC__FREE_KICK__t84120.00-t85260.00.mp4","9AAFF99391E5414C3029A16825014323933B2811EA777B1B5526459B5D33D31C","16974","11/3/2025 12:53:37 PM"
"C:\Users\scott\soccer-video\out\reels\portrait_1080x1920\022__2025-09-20__TSC_vs_RVFC__PRESSURE_SHOT__t78000.00-t78600.00.mp4","C:\Users\scott\soccer-video\out\_trash\dedupe_exact\20251103_125328\out\reels\portrait_1080x1920\022__2025-09-20__TSC_vs_RVFC__PRESSURE_SHOT__t78000.00-t78600.00.mp4","out\reels\portrait_1080x1920\022__2025-09-20__TSC_vs_RVFC__PRESSURE_SHOT__t78000.00-t78600.00.mp4","9AAFF99391E5414C3029A16825014323933B2811EA777B1B5526459B5D33D31C","16974","11/3/2025 12:53:37 PM"
"C:\Users\scott\soccer-video\out\reels\portrait_1080x1920\023__2025-09-20__TSC_vs_RVFC__PRESSURE_SHOT__t78960.00-t79740.00.mp4","C:\Users\scott\soccer-video\out\_trash\dedupe_exact\20251103_125328\out\reels\portrait_1080x1920\023__2025-09-20__TSC_vs_RVFC__PRESSURE_SHOT__t78960.00-t79740.00.mp4","out\reels\portrait_1080x1920\023__2025-09-20__TSC_vs_RVFC__PRESSURE_SHOT__t78960.00-t79740.00.mp4","9AAFF99391E5414C3029A16825014323933B2811EA777B1B5526459B5D33D31C","16974","11/3/2025 12:53:37 PM"
"C:\Users\scott\soccer-video\out\reels\portrait_1080x1920\018__2025-09-20__TSC_vs_RVFC__DRIBBLING_SHOT__t68820.00-t69180.00.mp4","C:\Users\scott\soccer-video\out\_trash\dedupe_exact\20251103_125328\out\reels\portrait_1080x1920\018__2025-09-20__TSC_vs_RVFC__DRIBBLING_SHOT__t68820.00-t69180.00.mp4","out\reels\portrait_1080x1920\018__2025-09-20__TSC_vs_RVFC__DRIBBLING_SHOT__t68820.00-t69180.00.mp4","9AAFF99391E5414C3029A16825014323933B2811EA777B1B5526459B5D33D31C","16974","11/3/2025 12:53:37 PM"
"C:\Users\scott\soccer-video\out\reels\portrait_1080x1920\014__2025-09-20__TSC_vs_RVFC__DEFENSE_BUILD_UP__t52800.00-t53820.00.mp4","C:\Users\scott\soccer-video\out\_trash\dedupe_exact\20251103_125328\out\reels\portrait_1080x1920\014__2025-09-20__TSC_vs_RVFC__DEFENSE_BUILD_UP__t52800.00-t53820.00.mp4","out\reels\portrait_1080x1920\014__2025-09-20__TSC_vs_RVFC__DEFENSE_BUILD_UP__t52800.00-t53820.00.mp4","9AAFF99391E5414C3029A16825014323933B2811EA777B1B5526459B5D33D31C","16974","11/3/2025 12:53:37 PM"
"C:\Users\scott\soccer-video\out\reels\portrait_1080x1920\_quarantine\015__2025-09-20__TSC_vs_RVFC__SHOT__t55800.00-t56220.00.mp4","C:\Users\scott\soccer-video\out\_trash\dedupe_exact\20251103_125328\out\reels\portrait_1080x1920\_quarantine\015__2025-09-20__TSC_vs_RVFC__SHOT__t55800.00-t56220.00.mp4","out\reels\portrait_1080x1920\_quarantine\015__2025-09-20__TSC_vs_RVFC__SHOT__t55800.00-t56220.00.mp4","9AAFF99391E5414C3029A16825014323933B2811EA777B1B5526459B5D33D31C","16974","11/3/2025 12:53:37 PM"
"C:\Users\scott\soccer-video\out\reels\portrait_1080x1920\_quarantine\020__2025-09-20__TSC_vs_RVFC__SHOT__t74160.00-t74580.00.mp4","C:\Users\scott\soccer-video\out\_trash\dedupe_exact\20251103_125328\out\reels\portrait_1080x1920\_quarantine\020__2025-09-20__TSC_vs_RVFC__SHOT__t74160.00-t74580.00.mp4","out\reels\portrait_1080x1920\_quarantine\020__2025-09-20__TSC_vs_RVFC__SHOT__t74160.00-t74580.00.mp4","9AAFF99391E5414C3029A16825014323933B2811EA777B1B5526459B5D33D31C","16974","11/3/2025 12:53:37 PM"
"C:\Users\scott\soccer-video\out\reels\portrait_1080x1920\_quarantine\021__2025-09-20__TSC_vs_RVFC__CROSS__t76500.00-t77580.00.mp4","C:\Users\scott\soccer-video\out\_trash\dedupe_exact\20251103_125328\out\reels\portrait_1080x1920\_quarantine\021__2025-09-20__TSC_vs_RVFC__CROSS__t76500.00-t77580.00.mp4","out\reels\portrait_1080x1920\_quarantine\021__2025-09-20__TSC_vs_RVFC__CROSS__t76500.00-t77580.00.mp4","9AAFF99391E5414C3029A16825014323933B2811EA777B1B5526459B5D33D31C","16974","11/3/2025 12:53:37 PM"
"C:\Users\scott\soccer-video\out\reels\portrait_1080x1920\019__2025-09-20__TSC_vs_RVFC__BUILD_UP_PLAY_SHOT__t69480.00-t70920.00.mp4","C:\Users\scott\soccer-video\out\_trash\dedupe_exact\20251103_125328\out\reels\portrait_1080x1920\019__2025-09-20__TSC_vs_RVFC__BUILD_UP_PLAY_SHOT__t69480.00-t70920.00.mp4","out\reels\portrait_1080x1920\019__2025-09-20__TSC_vs_RVFC__BUILD_UP_PLAY_SHOT__t69480.00-t70920.00.mp4","9AAFF99391E5414C3029A16825014323933B2811EA777B1B5526459B5D33D31C","16974","11/3/2025 12:53:37 PM"
"C:\Users\scott\soccer-video\out\reels\portrait_1080x1920\017__2025-09-20__TSC_vs_RVFC__BUILD_UP_PLAY_SHOT__t65280.00-t67440.00.mp4","C:\Users\scott\soccer-video\out\_trash\dedupe_exact\20251103_125328\out\reels\portrait_1080x1920\017__2025-09-20__TSC_vs_RVFC__BUILD_UP_PLAY_SHOT__t65280.00-t67440.00.mp4","out\reels\portrait_1080x1920\017__2025-09-20__TSC_vs_RVFC__BUILD_UP_PLAY_SHOT__t65280.00-t67440.00.mp4","9AAFF99391E5414C3029A16825014323933B2811EA777B1B5526459B5D33D31C","16974","11/3/2025 12:53:37 PM"
"C:\Users\scott\soccer-video\out\reels\portrait_1080x1920\016__2025-09-20__TSC_vs_RVFC__BUILD_UP_PLAY_SHOT__t59940.00-t61320.00.mp4","C:\Users\scott\soccer-video\out\_trash\dedupe_exact\20251103_125328\out\reels\portrait_1080x1920\016__2025-09-20__TSC_vs_RVFC__BUILD_UP_PLAY_SHOT__t59940.00-t61320.00.mp4","out\reels\portrait_1080x1920\016__2025-09-20__TSC_vs_RVFC__BUILD_UP_PLAY_SHOT__t59940.00-t61320.00.mp4","9AAFF99391E5414C3029A16825014323933B2811EA777B1B5526459B5D33D31C","16974","11/3/2025 12:53:37 PM"
"C:\Users\scott\soccer-video\out\reels\portrait_1080x1920\_quarantine\024__2025-09-20__TSC_vs_RVFC__FREE_KICK__t84120.00-t85260.00.mp4","C:\Users\scott\soccer-video\out\_trash\dedupe_exact\20251103_125328\out\reels\portrait_1080x1920\_quarantine\024__2025-09-20__TSC_vs_RVFC__FREE_KICK__t84120.00-t85260.00.mp4","out\reels\portrait_1080x1920\_quarantine\024__2025-09-20__TSC_vs_RVFC__FREE_KICK__t84120.00-t85260.00.mp4","9AAFF99391E5414C3029A16825014323933B2811EA777B1B5526459B5D33D31C","16974","11/3/2025 12:53:37 PM"
"C:\Users\scott\soccer-video\out\reels\portrait_1080x1920\_quarantine\042__2025-09-20__TSC_vs_RVFC__CORNER__t3992400.00-t4057200.00.mp4","C:\Users\scott\soccer-video\out\_trash\dedupe_exact\20251103_125328\out\reels\portrait_1080x1920\_quarantine\042__2025-09-20__TSC_vs_RVFC__CORNER__t3992400.00-t4057200.00.mp4","out\reels\portrait_1080x1920\_quarantine\042__2025-09-20__TSC_vs_RVFC__CORNER__t3992400.00-t4057200.00.mp4","9AAFF99391E5414C3029A16825014323933B2811EA777B1B5526459B5D33D31C","16974","11/3/2025 12:53:37 PM"
"C:\Users\scott\soccer-video\out\reels\portrait_1080x1920\_quarantine\023__2025-09-20__TSC_vs_RVFC__PRESSURE_SHOT__t78960.00-t79740.00.mp4","C:\Users\scott\soccer-video\out\_trash\dedupe_exact\20251103_125328\out\reels\portrait_1080x1920\_quarantine\023__2025-09-20__TSC_vs_RVFC__PRESSURE_SHOT__t78960.00-t79740.00.mp4","out\reels\portrait_1080x1920\_quarantine\023__2025-09-20__TSC_vs_RVFC__PRESSURE_SHOT__t78960.00-t79740.00.mp4","9AAFF99391E5414C3029A16825014323933B2811EA777B1B5526459B5D33D31C","16974","11/3/2025 12:53:37 PM"
"C:\Users\scott\soccer-video\out\reels\portrait_1080x1920\_quarantine\022__2025-09-20__TSC_vs_RVFC__PRESSURE_SHOT__t78000.00-t78600.00.mp4","C:\Users\scott\soccer-video\out\_trash\dedupe_exact\20251103_125328\out\reels\portrait_1080x1920\_quarantine\022__2025-09-20__TSC_vs_RVFC__PRESSURE_SHOT__t78000.00-t78600.00.mp4","out\reels\portrait_1080x1920\_quarantine\022__2025-09-20__TSC_vs_RVFC__PRESSURE_SHOT__t78000.00-t78600.00.mp4","9AAFF99391E5414C3029A16825014323933B2811EA777B1B5526459B5D33D31C","16974","11/3/2025 12:53:37 PM"
"C:\Users\scott\soccer-video\out\reels\portrait_1080x1920\_quarantine\018__2025-09-20__TSC_vs_RVFC__DRIBBLING_SHOT__t68820.00-t69180.00.mp4","C:\Users\scott\soccer-video\out\_trash\dedupe_exact\20251103_125328\out\reels\portrait_1080x1920\_quarantine\018__2025-09-20__TSC_vs_RVFC__DRIBBLING_SHOT__t68820.00-t69180.00.mp4","out\reels\portrait_1080x1920\_quarantine\018__2025-09-20__TSC_vs_RVFC__DRIBBLING_SHOT__t68820.00-t69180.00.mp4","9AAFF99391E5414C3029A16825014323933B2811EA777B1B5526459B5D33D31C","16974","11/3/2025 12:53:37 PM"
"C:\Users\scott\soccer-video\out\reels\portrait_1080x1920\_quarantine\014__2025-09-20__TSC_vs_RVFC__DEFENSE_BUILD_UP__t52800.00-t53820.00.mp4","C:\Users\scott\soccer-video\out\_trash\dedupe_exact\20251103_125328\out\reels\portrait_1080x1920\_quarantine\014__2025-09-20__TSC_vs_RVFC__DEFENSE_BUILD_UP__t52800.00-t53820.00.mp4","out\reels\portrait_1080x1920\_quarantine\014__2025-09-20__TSC_vs_RVFC__DEFENSE_BUILD_UP__t52800.00-t53820.00.mp4","9AAFF99391E5414C3029A16825014323933B2811EA777B1B5526459B5D33D31C","16974","11/3/2025 12:53:37 PM"
"C:\Users\scott\soccer-video\out\reels\portrait_1080x1920\_quarantine\026__2025-09-20__TSC_vs_RVFC__DRIBBLING_SHOT__t2592000.00-t2628000.00.mp4","C:\Users\scott\soccer-video\out\_trash\dedupe_exact\20251103_125328\out\reels\portrait_1080x1920\_quarantine\026__2025-09-20__TSC_vs_RVFC__DRIBBLING_SHOT__t2592000.00-t2628000.00.mp4","out\reels\portrait_1080x1920\_quarantine\026__2025-09-20__TSC_vs_RVFC__DRIBBLING_SHOT__t2592000.00-t2628000.00.mp4","9AAFF99391E5414C3029A16825014323933B2811EA777B1B5526459B5D33D31C","16974","11/3/2025 12:53:37 PM"
"C:\Users\scott\soccer-video\out\reels\portrait_1080x1920\_quarantine\016__2025-09-20__TSC_vs_RVFC__BUILD_UP_PLAY_SHOT__t59940.00-t61320.00.mp4","C:\Users\scott\soccer-video\out\_trash\dedupe_exact\20251103_125328\out\reels\portrait_1080x1920\_quarantine\016__2025-09-20__TSC_vs_RVFC__BUILD_UP_PLAY_SHOT__t59940.00-t61320.00.mp4","out\reels\portrait_1080x1920\_quarantine\016__2025-09-20__TSC_vs_RVFC__BUILD_UP_PLAY_SHOT__t59940.00-t61320.00.mp4","9AAFF99391E5414C3029A16825014323933B2811EA777B1B5526459B5D33D31C","16974","11/3/2025 12:53:37 PM"
"C:\Users\scott\soccer-video\out\reels\portrait_1080x1920\_quarantine\017__2025-09-20__TSC_vs_RVFC__BUILD_UP_PLAY_SHOT__t65280.00-t67440.00.mp4","C:\Users\scott\soccer-video\out\_trash\dedupe_exact\20251103_125328\out\reels\portrait_1080x1920\_quarantine\017__2025-09-20__TSC_vs_RVFC__BUILD_UP_PLAY_SHOT__t65280.00-t67440.00.mp4","out\reels\portrait_1080x1920\_quarantine\017__2025-09-20__TSC_vs_RVFC__BUILD_UP_PLAY_SHOT__t65280.00-t67440.00.mp4","9AAFF99391E5414C3029A16825014323933B2811EA777B1B5526459B5D33D31C","16974","11/3/2025 12:53:37 PM"
"C:\Users\scott\soccer-video\out\reels\portrait_1080x1920\_quarantine\019__2025-09-20__TSC_vs_RVFC__BUILD_UP_PLAY_SHOT__t69480.00-t70920.00.mp4","C:\Users\scott\soccer-video\out\_trash\dedupe_exact\20251103_125328\out\reels\portrait_1080x1920\_quarantine\019__2025-09-20__TSC_vs_RVFC__BUILD_UP_PLAY_SHOT__t69480.00-t70920.00.mp4","out\reels\portrait_1080x1920\_quarantine\019__2025-09-20__TSC_vs_RVFC__BUILD_UP_PLAY_SHOT__t69480.00-t70920.00.mp4","9AAFF99391E5414C3029A16825014323933B2811EA777B1B5526459B5D33D31C","16974","11/3/2025 12:53:37 PM"
"C:\Users\scott\soccer-video\out\reels\portrait_1080x1920\2025-10-04__TSC_vs_FC\001__2025-10-04__TSC_vs_FC_Tulsa_Black__DRIBBLING__t387-t412.mp4","C:\Users\scott\soccer-video\out\_trash\dedupe_exact\20251103_125328\out\reels\portrait_1080x1920\2025-10-04__TSC_vs_FC\001__2025-10-04__TSC_vs_FC_Tulsa_Black__DRIBBLING__t387-t412.mp4","out\reels\portrait_1080x1920\2025-10-04__TSC_vs_FC\001__2025-10-04__TSC_vs_FC_Tulsa_Black__DRIBBLING__t387-t412.mp4","09B7014CFC6882C8936769D03E86F5E28841DF51F1CBCAFB9B66B1EBFE189FAA","73554984","11/3/2025 12:53:37 PM"
"C:\Users\scott\soccer-video\out\reels\portrait_1080x1920\2025-10-04__TSC_vs_FC_Tulsa_Black\001__2025-10-04__TSC_vs_FC_Tulsa_Black__DRIBBLING__t387-t412.mp4","C:\Users\scott\soccer-video\out\_trash\dedupe_exact\20251103_125328\out\reels\portrait_1080x1920\2025-10-04__TSC_vs_FC_Tulsa_Black\001__2025-10-04__TSC_vs_FC_Tulsa_Black__DRIBBLING__t387-t412.mp4","out\reels\portrait_1080x1920\2025-10-04__TSC_vs_FC_Tulsa_Black\001__2025-10-04__TSC_vs_FC_Tulsa_Black__DRIBBLING__t387-t412.mp4","09B7014CFC6882C8936769D03E86F5E28841DF51F1CBCAFB9B66B1EBFE189FAA","73554984","11/3/2025 12:53:37 PM"
