frame,ball_x,ball_y,source,confidence,cam_cx,cam_cy,crop_x0,crop_y0,crop_w,crop_h,ball_in_crop,dist_to_edge,speed_limited,keepinview,clamp_flags
0,1776.1,301.9,centroid,0.30,1591.2,584.5,1262.5,0.0,657.5,1168.9,1,119.1,1,0,accel_zoom=0.856|flight_commit=1.00|edge_zoom=0.750|bounds|final_speed
1,1776.3,302.1,centroid,0.30,1591.2,584.5,1262.5,0.0,657.5,1168.9,1,118.9,0,1,flight_commit=0.84|keepin_prop=0.08|keepin_zoom=1.350|edge_zoom=0.832|bounds
2,1776.5,302.2,centroid,0.30,1591.2,584.5,1262.5,0.0,657.5,1168.9,1,118.7,0,1,flight_commit=0.30|conf_zoom=0.99|keepin_prop=0.11|keepin_zoom=1.350|edge_zoom=0.826|bounds
3,1776.8,302.5,centroid,0.30,1591.2,584.5,1262.5,0.0,657.5,1168.9,1,118.4,0,1,conf_zoom=0.73|keepin_prop=0.10|keepin_zoom=1.350|edge_zoom=0.827|bounds
4,1777.0,302.7,centroid,0.30,1591.2,584.5,1262.5,0.0,657.5,1168.9,1,118.2,0,1,conf_zoom=0.73|keepin_prop=0.37|keepin_zoom=1.350|edge_zoom=0.815|bounds
5,1777.1,303.0,centroid,0.30,1591.2,584.5,1262.5,0.0,657.5,1168.9,1,118.1,0,1,conf_zoom=0.73|keepin_prop=0.88|keepin_zoom=1.350|edge_zoom=0.750|bounds
6,1777.0,303.3,centroid,0.30,1591.2,584.5,1262.5,0.0,657.5,1168.9,1,118.2,0,1,conf_zoom=0.73|keepin_prop=0.87|keepin_zoom=1.350|edge_zoom=0.750|bounds
7,1776.7,303.6,centroid,0.30,1591.2,584.5,1262.5,0.0,657.5,1168.9,1,118.5,0,1,conf_zoom=0.73|keepin_prop=0.87|keepin_zoom=1.350|edge_zoom=0.750|bounds
8,1776.0,304.0,centroid,0.30,1591.2,584.5,1262.5,0.0,657.5,1168.9,1,119.2,0,1,conf_zoom=0.73|keepin_prop=0.86|keepin_zoom=1.350|edge_zoom=0.750|bounds
9,1774.9,304.4,centroid,0.30,1591.2,584.5,1262.5,0.0,657.5,1168.9,1,120.3,0,1,conf_zoom=0.73|keepin_prop=0.83|keepin_zoom=1.350|edge_zoom=0.750|bounds
10,1772.3,304.8,centroid,0.30,1591.2,584.5,1262.5,0.0,657.5,1168.9,1,122.9,0,1,conf_zoom=0.73|keepin_prop=0.78|keepin_zoom=1.350|edge_zoom=0.750|bounds
11,1770.2,305.3,centroid,0.30,1591.2,584.5,1262.4,0.0,657.5,1168.9,1,125.0,0,1,conf_zoom=0.73|keepin_prop=0.75|keepin_zoom=1.350|edge_zoom=0.750|bounds
12,1767.9,305.7,centroid,0.30,1591.2,584.5,1262.4,0.0,657.5,1168.9,1,127.3,0,1,conf_zoom=0.73|keepin_prop=0.71|keepin_zoom=1.350|edge_zoom=0.753|bounds
13,1765.5,306.1,centroid,0.30,1591.1,584.5,1262.4,0.0,657.5,1168.9,1,129.6,0,1,conf_zoom=0.73|keepin_prop=0.66|keepin_zoom=1.350|edge_zoom=0.771|bounds
14,1763.0,306.4,centroid,0.30,1591.1,584.4,1262.3,0.0,657.5,1168.9,1,132.1,0,1,conf_zoom=0.73|keepin_prop=0.48|keepin_zoom=1.350|edge_zoom=0.821|bounds
15,1760.3,306.8,centroid,0.30,1590.9,584.4,1262.2,0.0,657.5,1168.9,1,134.6,0,1,conf_zoom=0.73|keepin_prop=0.37|keepin_zoom=1.350|edge_zoom=0.847|bounds
16,1757.4,307.1,centroid,0.30,1590.7,584.4,1261.9,0.0,657.5,1168.8,1,137.3,0,1,conf_zoom=0.73|keepin_prop=0.26|keepin_zoom=1.350|edge_zoom=0.863|bounds
17,1754.3,307.4,centroid,0.30,1590.3,584.4,1261.6,0.0,657.4,1168.7,1,140.0,0,1,conf_zoom=0.73|keepin_prop=0.16|keepin_zoom=1.350|edge_zoom=0.869|bounds
18,1750.9,307.7,centroid,0.30,1589.7,584.3,1261.0,0.0,657.3,1168.6,1,142.8,0,1,conf_zoom=0.73|keepin_prop=0.07|keepin_zoom=1.350|edge_zoom=0.859|bounds
19,1747.0,308.0,centroid,0.30,1588.7,584.2,1260.1,0.0,657.3,1168.5,1,145.7,0,1,conf_zoom=0.73|keepin_prop=0.06|keepin_zoom=1.350|edge_zoom=0.863|bounds
20,1742.7,308.3,centroid,0.30,1587.4,584.1,1258.8,0.0,657.2,1168.3,1,148.7,0,1,conf_zoom=0.73|keepin_prop=0.05|keepin_zoom=1.350|edge_zoom=0.869|bounds
21,1737.8,308.7,centroid,0.30,1585.4,584.0,1256.9,0.0,657.0,1168.1,1,151.6,0,1,conf_zoom=0.73|keepin_prop=0.03|keepin_zoom=1.350|edge_zoom=0.875|bounds
22,1732.1,309.0,centroid,0.30,1582.7,583.9,1254.2,0.0,656.9,1167.8,1,154.6,0,1,conf_zoom=0.73|keepin_prop=0.02|keepin_zoom=1.350|edge_zoom=0.882|bounds
23,1725.5,309.5,centroid,0.30,1579.0,583.8,1250.6,0.0,656.8,1167.6,1,157.5,0,1,flight_commit=0.02|conf_zoom=0.92|keepin_prop=0.01|keepin_zoom=1.350|conf_speed=0.95|edge_zoom=0.889|bounds
24,1718.0,309.9,centroid,0.30,1574.1,583.7,1245.8,0.0,656.6,1167.3,1,160.1,0,1,flight_commit=0.17|conf_zoom=0.96|keepin_prop=0.00|keepin_zoom=1.350|conf_speed=0.98|edge_zoom=0.896|bounds
25,1709.2,310.5,centroid,0.30,1567.7,583.5,1239.4,0.0,656.5,1167.1,1,162.5,0,1,flight_commit=0.35|keepin_prop=0.00|keepin_zoom=1.350|edge_zoom=0.904|bounds
26,1699.0,311.1,centroid,0.30,1559.5,583.4,1231.3,0.0,656.4,1166.9,1,164.5,0,0,flight_commit=0.56|edge_zoom=0.909|bounds
27,1687.1,311.9,centroid,0.30,1549.4,583.4,1221.2,0.0,656.3,1166.8,1,166.3,0,0,flight_commit=0.81|edge_zoom=0.909|bounds
28,1673.0,312.8,centroid,0.30,1537.0,583.4,1208.8,0.0,656.3,1166.8,1,168.0,0,0,flight_commit=1.00|edge_zoom=0.910|bounds
29,1656.3,313.8,centroid,0.30,1522.2,583.4,1194.1,0.0,656.3,1166.8,1,169.9,0,0,shot_pb=0.20|flight_commit=1.00|edge_zoom=0.910|bounds
30,1636.5,315.1,centroid,0.30,1505.0,583.5,1176.8,0.0,656.4,1166.9,1,172.5,0,0,shot_pb=0.40|flight_commit=1.00|edge_zoom=0.911|bounds
31,1612.8,316.6,centroid,0.30,1485.2,583.6,1157.0,0.0,656.5,1167.1,1,176.4,0,0,shot_pb=0.60|flight_commit=1.00|edge_zoom=0.912|bounds
32,1584.3,318.5,centroid,0.30,1463.0,583.7,1134.7,0.0,656.7,1167.4,1,182.7,0,0,accel_zoom=0.931|shot_pb=0.80|flight_commit=1.00|edge_zoom=0.913|bounds
33,1550.0,320.8,centroid,0.30,1438.6,583.8,1110.2,0.0,656.8,1167.6,1,192.6,0,0,accel_zoom=0.902|shot_pb=1.00|flight_commit=1.00|edge_zoom=0.914|bounds
34,1508.3,323.5,centroid,0.30,1412.3,584.0,1083.8,0.0,656.9,1167.9,1,208.0,0,1,accel_zoom=0.865|shot_pb=1.00|flight_commit=1.00|keepin_prop=0.01|keepin_zoom=1.350|edge_zoom=0.912|bounds
35,1457.5,327.0,centroid,0.30,1384.5,584.1,1056.0,0.0,657.1,1168.1,1,231.0,0,0,accel_zoom=0.844|shot_pb=1.00|flight_commit=1.00|edge_zoom=0.916|bounds
36,1395.4,331.2,centroid,0.30,1355.7,584.2,1027.1,0.0,657.2,1168.4,1,264.3,0,0,accel_zoom=0.816|shot_pb=1.00|flight_commit=1.00|flight_boost=1.07|edge_zoom=0.918|bounds
37,1247.0,341.3,hold,0.30,1326.4,584.3,997.7,0.0,657.3,1168.5,1,224.6,0,0,accel_zoom=0.780|shot_pb=1.00|flight_commit=1.00|flight_boost=1.47|edge_zoom=0.922|bounds
38,1186.7,345.5,hold,0.30,1297.2,584.3,968.5,0.0,657.4,1168.7,1,193.5,0,0,accel_zoom=0.780|shot_pb=1.00|flight_commit=1.00|flight_boost=1.57|edge_zoom=0.924|bounds
39,1138.5,348.7,hold,0.30,1268.6,584.4,939.9,0.0,657.4,1168.8,1,173.9,0,0,accel_zoom=0.780|shot_pb=1.00|flight_commit=1.00|pb_zfit|flight_boost=1.60|edge_zoom=0.925|bounds
40,1099.9,351.4,hold,0.30,1241.2,584.4,912.4,0.0,657.5,1168.8,1,162.7,0,0,accel_zoom=0.780|shot_pb=1.00|flight_commit=1.00|pb_zfit|flight_boost=1.56|edge_zoom=0.926|bounds
41,1069.0,353.5,hold,0.30,1215.4,584.4,886.6,0.0,657.5,1168.9,1,157.6,0,1,accel_zoom=0.780|shot_pb=1.00|flight_commit=1.00|pb_zfit|keepin_prop=0.02|keepin_zoom=1.350|flight_boost=1.46|edge_zoom=0.923|bounds
42,1044.3,355.2,hold,0.30,1191.5,584.5,862.7,0.0,657.5,1168.9,1,156.8,0,0,shot_pb=1.00|flight_commit=1.00|pb_zfit|flight_boost=1.06|edge_zoom=0.927|bounds
43,1024.6,356.5,hold,0.30,1169.7,584.5,841.0,0.0,657.5,1168.9,1,158.9,0,1,shot_pb=1.00|flight_commit=1.00|pb_zfit|keepin_prop=0.02|keepin_zoom=1.350|edge_zoom=0.924|bounds
44,1008.8,357.6,hold,0.30,1150.3,584.5,821.6,0.0,657.5,1168.9,1,162.5,0,0,shot_pb=1.00|flight_commit=1.00|pb_zfit|edge_zoom=0.928|bounds
45,996.1,358.5,hold,0.30,1133.2,584.5,804.5,0.0,657.5,1168.9,1,166.9,0,1,shot_pb=1.00|flight_commit=1.00|pb_zfit|keepin_prop=0.04|keepin_zoom=1.350|edge_zoom=0.922|bounds
46,986.0,359.1,hold,0.30,1118.4,584.5,789.7,0.0,657.5,1168.9,1,171.6,0,0,shot_pb=1.00|flight_commit=1.00|pb_zfit|edge_zoom=0.929|bounds
47,977.9,359.7,hold,0.30,1105.8,584.5,777.0,0.0,657.5,1168.9,1,176.1,0,1,shot_pb=1.00|flight_commit=1.00|pb_zfit|keepin_prop=0.09|keepin_zoom=1.350|edge_zoom=0.917|bounds
48,971.4,360.1,hold,0.30,1095.1,584.5,766.3,0.0,657.5,1168.9,1,180.3,0,1,shot_pb=1.00|flight_commit=1.00|pb_zfit|keepin_prop=0.00|keepin_zoom=1.350|edge_zoom=0.927|bounds
49,966.2,360.5,hold,0.30,1086.1,584.5,757.4,0.0,657.5,1168.9,1,184.1,0,0,shot_pb=1.00|flight_commit=1.00|pb_zfit|edge_zoom=0.929|bounds
50,962.1,360.8,hold,0.30,1078.7,584.5,750.0,0.0,657.5,1168.9,1,187.4,0,1,shot_pb=1.00|flight_commit=1.00|pb_zfit|keepin_prop=0.07|keepin_zoom=1.350|edge_zoom=0.920|bounds
51,958.8,361.0,hold,0.30,1072.6,584.5,743.9,0.0,657.5,1168.9,1,190.2,0,1,shot_pb=1.00|flight_commit=1.00|pb_zfit|keepin_prop=0.00|keepin_zoom=1.350|edge_zoom=0.927|bounds
52,956.1,361.2,hold,0.30,1067.6,584.5,738.9,0.0,657.5,1168.9,1,192.5,0,0,shot_pb=1.00|flight_commit=1.00|pb_zfit|edge_zoom=0.930|bounds
53,954.0,361.3,hold,0.30,1063.5,584.5,734.8,0.0,657.5,1168.9,1,194.5,0,1,shot_pb=1.00|flight_commit=1.00|pb_zfit|keepin_prop=0.08|keepin_zoom=1.350|edge_zoom=0.919|bounds
54,952.3,361.4,hold,0.30,1060.2,584.5,731.4,0.0,657.5,1168.9,1,196.1,0,1,shot_pb=1.00|flight_commit=1.00|pb_zfit|keepin_prop=0.01|keepin_zoom=1.350|edge_zoom=0.927|bounds
55,951.0,361.5,hold,0.30,1057.4,584.5,728.7,0.0,657.5,1168.9,1,197.6,0,0,shot_pb=1.00|flight_commit=1.00|pb_zfit|edge_zoom=0.930|bounds
56,949.9,361.6,hold,0.30,1055.2,584.5,726.4,0.0,657.5,1168.9,1,198.7,0,1,shot_pb=1.00|flight_commit=1.00|pb_zfit|keepin_prop=0.10|keepin_zoom=1.350|edge_zoom=0.917|bounds
57,949.0,361.7,hold,0.30,1053.3,584.5,724.5,0.0,657.5,1168.9,1,199.7,0,1,shot_pb=1.00|flight_commit=1.00|pb_zfit|keepin_prop=0.01|keepin_zoom=1.350|edge_zoom=0.927|bounds
58,948.3,361.7,hold,0.30,1051.8,584.5,723.0,0.0,657.5,1168.9,1,200.5,0,0,shot_pb=1.00|flight_commit=1.00|pb_zfit|edge_zoom=0.930|bounds
59,947.7,361.8,hold,0.30,1050.5,584.5,721.7,0.0,657.5,1168.9,1,201.2,0,1,shot_pb=1.00|flight_commit=1.00|pb_zfit|keepin_prop=0.11|keepin_zoom=1.350|edge_zoom=0.916|bounds
60,947.3,361.8,hold,0.30,1049.4,584.5,720.6,0.0,657.5,1168.9,1,201.9,0,1,shot_pb=1.00|flight_commit=1.00|pb_zfit|keepin_prop=0.01|keepin_zoom=1.350|edge_zoom=0.926|bounds
61,946.9,361.8,hold,0.30,1048.5,584.5,719.7,0.0,657.5,1168.9,1,202.4,0,0,shot_pb=1.00|flight_commit=1.00|pb_zfit|edge_zoom=0.930|bounds
62,946.7,361.8,hold,0.30,1047.7,584.5,719.0,0.0,657.5,1168.9,1,203.0,0,1,shot_pb=1.00|flight_commit=1.00|pb_zfit|keepin_prop=0.11|keepin_zoom=1.350|edge_zoom=0.916|bounds
63,946.4,361.8,hold,0.30,1047.1,584.5,718.3,0.0,657.5,1168.9,1,203.3,0,1,shot_pb=1.00|flight_commit=1.00|pb_zfit|keepin_prop=0.01|keepin_zoom=1.350|edge_zoom=0.926|bounds
64,946.2,361.9,hold,0.30,1046.6,584.5,717.8,0.0,657.5,1168.9,1,203.6,0,0,shot_pb=1.00|flight_commit=1.00|person_ctx=4|pb_zfit|edge_zoom=0.930|bounds
65,946.1,361.9,hold,0.30,1046.2,584.5,717.4,0.0,657.5,1168.9,1,203.9,0,1,shot_pb=1.00|flight_commit=1.00|pb_zfit|keepin_prop=0.11|keepin_zoom=1.350|edge_zoom=0.916|bounds
66,946.0,361.9,hold,0.30,1045.8,584.5,717.0,0.0,657.5,1168.9,1,204.2,0,1,shot_pb=1.00|flight_commit=1.00|pb_zfit|keepin_prop=0.01|keepin_zoom=1.350|edge_zoom=0.926|bounds
67,945.9,361.9,hold,0.30,1045.5,584.5,716.7,0.0,657.5,1168.9,1,204.4,0,0,shot_pb=1.00|flight_commit=1.00|pb_zfit|edge_zoom=0.930|bounds
68,945.8,361.9,hold,0.30,1045.2,584.5,716.5,0.0,657.5,1168.9,1,204.6,0,1,shot_pb=1.00|flight_commit=1.00|pb_zfit|keepin_prop=0.12|keepin_zoom=1.350|edge_zoom=0.915|bounds
69,945.7,361.9,hold,0.30,1045.0,584.5,716.3,0.0,657.5,1168.9,1,204.7,0,1,shot_pb=1.00|flight_commit=1.00|pb_zfit|keepin_prop=0.01|keepin_zoom=1.350|edge_zoom=0.926|bounds
70,945.7,361.9,hold,0.30,1044.9,584.5,716.1,0.0,657.5,1168.9,1,204.8,0,0,shot_pb=1.00|flight_commit=1.00|pb_zfit|edge_zoom=0.929|bounds
71,945.6,361.9,hold,0.30,1044.7,584.5,715.9,0.0,657.5,1168.9,1,204.9,0,1,shot_pb=1.00|flight_commit=1.00|pb_zfit|keepin_prop=0.12|keepin_zoom=1.350|edge_zoom=0.915|bounds
72,945.6,361.9,hold,0.30,1044.6,584.5,715.8,0.0,657.5,1168.9,1,205.0,0,1,shot_pb=1.00|flight_commit=1.00|pb_zfit|keepin_prop=0.01|keepin_zoom=1.350|edge_zoom=0.926|bounds
73,945.5,361.9,hold,0.30,1044.4,584.5,715.7,0.0,657.5,1168.9,1,205.1,0,0,shot_pb=1.00|flight_commit=1.00|pb_zfit|edge_zoom=0.928|bounds
74,945.5,361.9,hold,0.30,1044.3,584.5,715.6,0.0,657.5,1168.9,1,205.2,0,1,shot_pb=1.00|flight_commit=1.00|pb_zfit|keepin_prop=0.12|keepin_zoom=1.350|edge_zoom=0.915|bounds
75,945.4,361.9,hold,0.30,1044.2,584.5,715.5,0.0,657.5,1168.9,1,205.2,0,1,shot_pb=1.00|flight_commit=1.00|pb_zfit|keepin_prop=0.01|keepin_zoom=1.350|edge_zoom=0.926|bounds
76,945.3,361.9,hold,0.30,1044.1,584.5,715.3,0.0,657.5,1168.9,1,205.2,0,0,shot_pb=1.00|flight_commit=1.00|pb_zfit|edge_zoom=0.927|bounds
77,945.3,361.9,hold,0.30,1044.0,584.5,715.2,0.0,657.5,1168.9,1,205.3,0,1,shot_pb=1.00|flight_commit=1.00|pb_zfit|keepin_prop=0.12|keepin_zoom=1.350|edge_zoom=0.915|bounds
78,945.2,361.9,hold,0.30,1043.9,584.5,715.1,0.0,657.5,1168.9,1,205.3,0,1,shot_pb=1.00|flight_commit=1.00|pb_zfit|keepin_prop=0.01|keepin_zoom=1.350|edge_zoom=0.926|bounds
79,945.1,361.9,hold,0.30,1043.7,584.5,714.9,0.0,657.5,1168.9,1,205.4,0,0,shot_pb=1.00|flight_commit=1.00|pb_zfit|edge_zoom=0.926|bounds
80,945.0,361.9,hold,0.30,1043.5,584.5,714.7,0.0,657.5,1168.9,1,205.5,0,1,shot_pb=1.00|flight_commit=1.00|pb_zfit|keepin_prop=0.12|keepin_zoom=1.350|edge_zoom=0.915|bounds
81,944.8,361.9,hold,0.30,1043.3,584.5,714.5,0.0,657.5,1168.9,1,205.5,0,1,shot_pb=1.00|flight_commit=1.00|pb_zfit|keepin_prop=0.01|keepin_zoom=1.350|edge_zoom=0.926|bounds
82,944.6,361.9,hold,0.30,1043.0,584.5,714.2,0.0,657.5,1168.9,1,205.6,0,0,shot_pb=1.00|flight_commit=1.00|pb_zfit|edge_zoom=0.926|bounds
83,944.4,361.9,hold,0.30,1042.6,584.5,713.9,0.0,657.5,1168.9,1,205.8,0,1,shot_pb=1.00|flight_commit=1.00|pb_zfit|keepin_prop=0.12|keepin_zoom=1.350|edge_zoom=0.915|bounds
84,944.1,361.8,hold,0.30,1042.2,584.5,713.4,0.0,657.5,1168.9,1,205.9,0,1,shot_pb=1.00|flight_commit=1.00|pb_zfit|keepin_prop=0.01|keepin_zoom=1.350|edge_zoom=0.926|bounds
85,943.7,361.8,hold,0.30,1041.7,584.5,712.9,0.0,657.5,1168.9,1,206.0,0,0,shot_pb=1.00|flight_commit=1.00|pb_zfit|edge_zoom=0.926|bounds
86,943.3,361.8,hold,0.30,1041.0,584.5,712.2,0.0,657.5,1168.9,1,206.3,0,1,shot_pb=1.00|flight_commit=1.00|pb_zfit|keepin_prop=0.11|keepin_zoom=1.350|edge_zoom=0.916|bounds
87,942.7,361.8,hold,0.30,1040.1,584.5,711.3,0.0,657.5,1168.9,1,206.6,0,1,shot_pb=1.00|flight_commit=1.00|pb_zfit|keepin_prop=0.01|keepin_zoom=1.350|edge_zoom=0.926|bounds
88,942.0,361.8,hold,0.30,1039.0,584.5,710.3,0.0,657.5,1168.9,1,207.0,0,0,shot_pb=1.00|flight_commit=1.00|pb_zfit|edge_zoom=0.926|bounds
89,941.1,361.7,hold,0.30,1037.7,584.5,708.9,0.0,657.5,1168.9,1,207.4,0,1,shot_pb=1.00|flight_commit=1.00|pb_zfit|keepin_prop=0.11|keepin_zoom=1.350|edge_zoom=0.916|bounds
90,940.0,361.7,hold,0.30,1036.0,584.5,707.3,0.0,657.5,1168.9,1,208.0,0,1,shot_pb=1.00|flight_commit=1.00|pb_zfit|keepin_prop=0.01|keepin_zoom=1.350|edge_zoom=0.926|bounds
91,938.6,361.6,hold,0.30,1034.0,584.5,705.3,0.0,657.5,1168.9,1,208.6,0,0,shot_pb=1.00|flight_commit=1.00|pb_zfit|edge_zoom=0.926|bounds
92,936.9,361.5,hold,0.30,1031.6,584.5,702.9,0.0,657.5,1168.9,1,209.3,0,1,shot_pb=1.00|flight_commit=1.00|pb_zfit|keepin_prop=0.10|keepin_zoom=1.350|edge_zoom=0.917|bounds
93,934.7,361.4,hold,0.30,1028.7,584.5,700.0,0.0,657.5,1168.9,1,210.0,0,1,shot_pb=1.00|flight_commit=1.00|pb_zfit|keepin_prop=0.01|keepin_zoom=1.350|edge_zoom=0.926|bounds
94,932.0,361.3,hold,0.30,1025.3,584.5,696.6,0.0,657.5,1168.9,1,210.7,0,0,shot_pb=1.00|flight_commit=1.00|pb_zfit|edge_zoom=0.926|bounds
95,928.6,361.2,hold,0.30,1021.4,584.5,692.6,0.0,657.5,1168.9,1,211.2,0,1,shot_pb=1.00|flight_commit=1.00|pb_zfit|keepin_prop=0.09|keepin_zoom=1.350|edge_zoom=0.918|bounds
96,924.3,361.0,hold,0.30,1016.8,584.5,688.1,0.0,657.5,1168.9,1,211.5,0,1,shot_pb=1.00|flight_commit=1.00|pb_zfit|keepin_prop=0.01|keepin_zoom=1.350|edge_zoom=0.927|bounds
97,921.5,360.7,blended,0.78,1011.7,584.5,682.9,0.0,657.5,1168.9,1,213.8,0,0,shot_pb=1.00|flight_commit=1.00|pb_zfit|edge_zoom=0.924|bounds
98,909.8,360.4,interp,0.50,1005.9,584.5,677.2,0.0,657.5,1168.9,1,207.9,0,1,shot_pb=1.00|flight_commit=1.00|pb_zfit|keepin_prop=0.06|keepin_zoom=1.350|edge_zoom=0.921|bounds
99,899.5,360.0,interp,0.50,999.6,584.5,670.9,0.0,657.5,1168.9,1,203.9,0,1,shot_pb=1.00|flight_commit=1.00|pb_zfit|keepin_prop=0.00|keepin_zoom=1.350|edge_zoom=0.927|bounds
100,888.5,359.6,interp,0.50,992.8,584.5,664.0,0.0,657.5,1168.9,1,199.7,0,0,shot_pb=1.00|flight_commit=1.00|pb_zfit|edge_zoom=0.925|bounds
101,876.9,359.1,interp,0.50,985.4,584.5,656.6,0.0,657.5,1168.9,1,195.5,0,1,shot_pb=1.00|flight_commit=1.00|pb_zfit|keepin_prop=0.03|keepin_zoom=1.350|edge_zoom=0.923|bounds
102,864.8,358.7,interp,0.50,977.6,584.5,648.8,0.0,657.5,1168.9,1,191.2,0,0,shot_pb=1.00|flight_commit=1.00|pb_zfit|edge_zoom=0.925|bounds
103,852.5,358.2,interp,0.50,969.4,584.5,640.6,0.0,657.5,1168.9,1,187.1,0,1,shot_pb=1.00|flight_commit=1.00|pb_zfit|keepin_prop=0.06|keepin_zoom=1.350|edge_zoom=0.920|bounds
104,839.9,357.7,interp,0.50,960.8,584.5,632.1,0.0,657.5,1168.9,1,183.1,0,0,shot_pb=1.00|flight_commit=1.00|pb_zfit|edge_zoom=0.925|bounds
105,827.2,357.2,interp,0.50,952.1,584.5,623.3,0.0,657.5,1168.9,1,179.1,0,1,shot_pb=1.00|flight_commit=1.00|pb_zfit|keepin_prop=0.08|keepin_zoom=1.350|edge_zoom=0.918|bounds
106,814.4,356.7,interp,0.50,943.1,584.5,614.3,0.0,657.5,1168.9,1,175.3,0,1,shot_pb=1.00|flight_commit=1.00|pb_zfit|keepin_prop=0.00|keepin_zoom=1.350|edge_zoom=0.926|bounds
107,801.5,356.2,interp,0.50,934.0,584.5,605.2,0.0,657.5,1168.9,1,171.5,0,0,shot_pb=1.00|flight_commit=1.00|pb_zfit|edge_zoom=0.924|bounds
108,788.7,355.7,interp,0.50,924.8,584.5,596.0,0.0,657.5,1168.9,1,167.9,0,1,shot_pb=1.00|flight_commit=1.00|pb_zfit|keepin_prop=0.03|keepin_zoom=1.350|edge_zoom=0.922|bounds
109,776.0,355.2,interp,0.50,915.6,584.5,586.8,0.0,657.5,1168.9,1,164.4,0,0,shot_pb=1.00|flight_commit=1.00|pb_zfit|edge_zoom=0.924|bounds
110,763.3,354.7,interp,0.50,906.4,584.5,577.6,0.0,657.5,1168.9,1,160.9,0,1,shot_pb=1.00|flight_commit=1.00|pb_zfit|keepin_prop=0.06|keepin_zoom=1.350|edge_zoom=0.919|bounds
111,750.7,354.2,interp,0.50,897.1,584.5,568.4,0.0,657.5,1168.9,1,157.6,0,0,shot_pb=1.00|flight_commit=1.00|pb_zfit|edge_zoom=0.923|bounds
112,738.2,353.7,interp,0.50,888.0,584.5,559.2,0.0,657.5,1168.9,1,154.2,0,1,shot_pb=1.00|flight_commit=1.00|pb_zfit|keepin_prop=0.08|keepin_zoom=1.350|edge_zoom=0.916|bounds
113,725.8,353.2,interp,0.50,878.8,584.5,550.1,0.0,657.5,1168.9,1,151.0,0,1,shot_pb=1.00|flight_commit=1.00|pb_zfit|keepin_prop=0.00|keepin_zoom=1.350|edge_zoom=0.924|bounds
114,713.5,352.7,interp,0.50,869.7,584.5,541.0,0.0,657.5,1168.9,1,147.8,0,0,shot_pb=1.00|flight_commit=1.00|pb_zfit|edge_zoom=0.923|bounds
115,701.4,352.3,interp,0.50,860.7,584.5,532.0,0.0,657.5,1168.9,1,144.7,0,1,shot_pb=1.00|flight_commit=1.00|pb_zfit|keepin_prop=0.03|keepin_zoom=1.350|edge_zoom=0.921|bounds
116,689.4,351.8,interp,0.50,851.8,584.5,523.0,0.0,657.5,1168.9,1,141.6,0,0,shot_pb=1.00|flight_commit=1.00|pb_zfit|edge_zoom=0.922|bounds
117,677.6,351.3,interp,0.50,842.9,584.5,514.1,0.0,657.5,1168.9,1,138.7,0,1,shot_pb=1.00|flight_commit=1.00|pb_zfit|keepin_prop=0.06|keepin_zoom=1.350|edge_zoom=0.917|bounds
118,666.0,350.9,interp,0.50,834.0,584.5,505.3,0.0,657.5,1168.9,1,136.0,0,1,shot_pb=1.00|flight_commit=1.00|pb_zfit|keepin_prop=0.00|keepin_zoom=1.350|edge_zoom=0.923|bounds
119,654.5,350.4,interp,0.50,825.3,584.5,496.5,0.0,657.5,1168.9,1,133.2,0,0,shot_pb=1.00|flight_commit=1.00|pb_zfit|edge_zoom=0.922|bounds
120,643.1,350.0,interp,0.50,816.6,584.5,487.8,0.0,657.5,1168.9,1,130.5,0,1,shot_pb=1.00|flight_commit=1.00|pb_zfit|keepin_prop=0.03|keepin_zoom=1.350|edge_zoom=0.920|bounds
121,631.9,349.5,interp,0.50,807.9,584.5,479.2,0.0,657.5,1168.9,1,128.0,0,0,shot_pb=1.00|flight_commit=1.00|pb_zfit|edge_zoom=0.921|bounds
122,620.9,349.1,interp,0.50,799.4,584.5,470.6,0.0,657.5,1168.9,1,125.5,0,1,shot_pb=1.00|flight_commit=1.00|pb_zfit|keepin_prop=0.07|keepin_zoom=1.350|edge_zoom=0.915|bounds
123,610.0,348.7,interp,0.50,790.9,584.5,462.1,0.0,657.5,1168.9,1,123.1,0,1,shot_pb=1.00|flight_commit=1.00|pb_zfit|keepin_prop=0.00|keepin_zoom=1.350|edge_zoom=0.923|bounds
124,599.4,348.2,interp,0.50,782.5,584.5,453.8,0.0,657.5,1168.9,1,120.9,0,0,shot_pb=1.00|flight_commit=1.00|pb_zfit|edge_zoom=0.921|bounds
125,588.8,347.8,interp,0.50,774.3,584.5,445.5,0.0,657.5,1168.9,1,118.5,0,1,shot_pb=1.00|flight_commit=1.00|pb_zfit|keepin_prop=0.03|keepin_zoom=1.350|edge_zoom=0.918|bounds
126,578.5,347.4,interp,0.50,766.1,584.5,437.4,0.0,657.5,1168.9,1,116.4,0,0,shot_pb=1.00|flight_commit=1.00|pb_zfit|edge_zoom=0.921|bounds
127,568.3,347.0,interp,0.50,758.1,584.5,429.3,0.0,657.5,1168.9,1,114.2,0,1,shot_pb=1.00|flight_commit=1.00|pb_zfit|keepin_prop=0.07|keepin_zoom=1.350|edge_zoom=0.914|bounds
128,558.3,346.6,interp,0.50,750.2,584.5,421.5,0.0,657.5,1168.9,1,112.1,0,1,shot_pb=1.00|flight_commit=1.00|pb_zfit|keepin_prop=0.00|keepin_zoom=1.350|edge_zoom=0.922|bounds
129,548.4,346.2,interp,0.50,742.5,584.5,413.7,0.0,657.5,1168.9,1,109.9,0,0,shot_pb=1.00|flight_commit=1.00|pb_zfit|edge_zoom=0.920|bounds
130,538.8,345.8,interp,0.50,734.9,584.5,406.1,0.0,657.5,1168.9,1,107.9,0,1,shot_pb=1.00|flight_commit=1.00|person_ctx=4|pb_zfit|keepin_prop=0.04|keepin_zoom=1.350|edge_zoom=0.917|bounds
131,529.3,345.5,interp,0.50,727.5,584.5,398.7,0.0,657.5,1168.9,1,105.8,0,0,shot_pb=1.00|flight_commit=1.00|person_ctx=4|pb_zfit|edge_zoom=0.920|bounds
132,519.9,345.1,interp,0.50,720.2,584.5,391.4,0.0,657.5,1168.9,1,103.7,0,1,shot_pb=1.00|flight_commit=1.00|person_ctx=4|pb_zfit|keepin_prop=0.08|keepin_zoom=1.350|edge_zoom=0.912|bounds
133,510.8,344.7,interp,0.50,713.1,584.5,384.3,0.0,657.5,1168.9,1,101.7,0,1,shot_pb=1.00|flight_commit=1.00|person_ctx=4|pb_zfit|keepin_prop=0.00|keepin_zoom=1.350|edge_zoom=0.921|bounds
134,501.8,344.4,interp,0.50,706.2,584.5,377.4,0.0,657.5,1168.9,1,99.6,0,0,shot_pb=1.00|flight_commit=1.00|person_ctx=4|pb_zfit|edge_zoom=0.920|bounds
135,493.0,344.0,interp,0.50,699.4,584.5,370.6,0.0,657.5,1168.9,1,97.6,0,1,shot_pb=1.00|flight_commit=1.00|person_ctx=4|pb_zfit|keepin_prop=0.05|keepin_zoom=1.350|edge_zoom=0.916|bounds
136,484.3,343.7,interp,0.50,692.8,584.5,364.0,0.0,657.5,1168.9,1,95.5,0,0,shot_pb=1.00|flight_commit=1.00|person_ctx=4|pb_zfit|edge_zoom=0.919|bounds
137,475.8,343.3,interp,0.50,686.3,584.5,357.5,0.0,657.5,1168.9,1,93.5,0,1,shot_pb=1.00|flight_commit=1.00|person_ctx=4|pb_zfit|keepin_prop=0.09|keepin_zoom=1.350|edge_zoom=0.910|bounds
138,467.5,343.0,interp,0.50,680.0,584.5,351.2,0.0,657.5,1168.9,1,91.5,0,1,shot_pb=1.00|flight_commit=1.00|person_ctx=4|pb_zfit|keepin_prop=0.00|keepin_zoom=1.350|edge_zoom=0.920|bounds
139,459.4,342.7,interp,0.50,673.8,584.5,345.0,0.0,657.5,1168.9,1,89.6,0,0,shot_pb=1.00|flight_commit=1.00|person_ctx=4|pb_zfit|edge_zoom=0.919|bounds
140,451.4,342.4,interp,0.50,667.7,584.5,339.0,0.0,657.5,1168.9,1,87.7,0,1,shot_pb=1.00|flight_commit=1.00|person_ctx=4|pb_zfit|keepin_prop=0.05|keepin_zoom=1.350|edge_zoom=0.914|bounds
141,443.6,342.1,interp,0.50,661.8,584.5,333.0,0.0,657.5,1168.9,1,85.8,0,1,shot_pb=1.00|flight_commit=1.00|person_ctx=4|pb_zfit|keepin_prop=0.00|keepin_zoom=1.350|edge_zoom=0.920|bounds
142,436.0,341.8,interp,0.50,656.0,584.5,327.2,0.0,657.5,1168.9,1,84.0,0,0,shot_pb=1.00|flight_commit=1.00|person_ctx=4|pb_zfit|edge_zoom=0.919|bounds
143,428.6,341.5,interp,0.50,650.3,584.5,321.6,0.0,657.5,1168.9,1,82.3,0,1,shot_pb=1.00|flight_commit=1.00|person_ctx=4|pb_zfit|keepin_prop=0.06|keepin_zoom=1.350|edge_zoom=0.913|bounds
144,421.3,341.2,interp,0.50,644.8,584.5,316.0,0.0,657.5,1168.9,1,80.5,0,1,shot_pb=1.00|flight_commit=1.00|person_ctx=4|pb_zfit|keepin_prop=0.00|keepin_zoom=1.350|edge_zoom=0.920|bounds
145,414.2,340.9,interp,0.50,639.4,584.5,310.6,0.0,657.5,1168.9,1,78.8,0,0,shot_pb=1.00|flight_commit=1.00|person_ctx=4|pb_zfit|edge_zoom=0.918|bounds
146,407.2,340.6,interp,0.50,634.1,584.5,305.3,0.0,657.5,1168.9,1,77.1,0,1,shot_pb=1.00|flight_commit=1.00|person_ctx=4|pb_zfit|keepin_prop=0.08|keepin_zoom=1.350|edge_zoom=0.911|bounds
147,400.5,340.4,interp,0.50,629.0,584.5,300.2,0.0,657.5,1168.9,1,75.5,0,1,shot_pb=1.00|flight_commit=1.00|person_ctx=4|pb_zfit|keepin_prop=0.00|keepin_zoom=1.350|edge_zoom=0.919|bounds
148,393.9,340.1,interp,0.50,623.9,584.5,295.2,0.0,657.5,1168.9,1,74.0,0,0,shot_pb=1.00|flight_commit=1.00|person_ctx=4|pb_zfit|edge_zoom=0.918|bounds
149,387.5,339.9,interp,0.50,619.0,584.5,290.3,0.0,657.5,1168.9,1,72.5,0,1,shot_pb=1.00|flight_commit=1.00|person_ctx=4|pb_zfit|keepin_prop=0.09|keepin_zoom=1.350|edge_zoom=0.908|bounds
150,381.2,339.6,interp,0.50,614.3,584.5,285.5,0.0,657.5,1168.9,1,70.9,0,1,shot_pb=1.00|flight_commit=1.00|person_ctx=4|pb_zfit|keepin_prop=0.00|keepin_zoom=1.350|edge_zoom=0.919|bounds
151,375.2,339.4,interp,0.50,609.5,584.5,280.8,0.0,657.5,1168.9,1,69.7,0,1,shot_pb=1.00|flight_commit=1.00|person_ctx=4|pb_zfit|keepin_prop=0.00|keepin_zoom=1.350|edge_zoom=0.919|bounds
152,369.3,339.1,interp,0.50,604.9,584.5,276.1,0.0,657.5,1168.9,1,68.4,0,1,shot_pb=1.00|flight_commit=1.00|person_ctx=4|pb_zfit|keepin_prop=0.00|keepin_zoom=1.350|edge_zoom=0.919|bounds
153,363.5,338.9,interp,0.50,600.3,584.5,271.6,0.0,657.5,1168.9,1,67.2,0,1,shot_pb=1.00|flight_commit=1.00|person_ctx=4|pb_zfit|keepin_prop=0.00|keepin_zoom=1.350|edge_zoom=0.919|bounds
154,358.0,338.7,interp,0.50,595.8,584.5,267.1,0.0,657.5,1168.9,1,66.2,0,1,shot_pb=1.00|flight_commit=1.00|person_ctx=4|pb_zfit|keepin_prop=0.00|keepin_zoom=1.350|edge_zoom=0.918|bounds
155,352.6,338.5,interp,0.50,591.4,584.5,262.6,0.0,657.5,1168.9,1,65.2,0,1,shot_pb=1.00|flight_commit=1.00|person_ctx=4|pb_zfit|keepin_prop=0.00|keepin_zoom=1.350|edge_zoom=0.918|bounds
156,347.4,338.3,interp,0.50,587.0,584.5,258.2,0.0,657.5,1168.9,1,64.4,0,1,shot_pb=1.00|flight_commit=1.00|person_ctx=4|pb_zfit|keepin_prop=0.00|keepin_zoom=1.350|edge_zoom=0.918|bounds
157,342.4,338.1,interp,0.50,582.6,584.5,253.8,0.0,657.5,1168.9,1,63.8,0,1,shot_pb=1.00|flight_commit=1.00|person_ctx=4|pb_zfit|keepin_prop=0.01|keepin_zoom=1.350|edge_zoom=0.917|bounds
158,337.6,337.9,interp,0.50,578.3,584.5,249.6,0.0,657.5,1168.9,1,63.3,0,1,shot_pb=1.00|flight_commit=1.00|person_ctx=4|pb_zfit|keepin_prop=0.01|keepin_zoom=1.350|edge_zoom=0.916|bounds
159,332.9,337.7,interp,0.50,574.1,584.5,245.4,0.0,657.5,1168.9,1,62.8,0,1,shot_pb=1.00|flight_commit=1.00|person_ctx=4|pb_zfit|keepin_prop=0.01|keepin_zoom=1.350|edge_zoom=0.916|bounds
160,328.4,337.5,interp,0.50,570.0,584.5,241.3,0.0,657.5,1168.9,1,62.4,0,1,shot_pb=1.00|flight_commit=1.00|person_ctx=4|pb_zfit|keepin_prop=0.01|keepin_zoom=1.350|edge_zoom=0.915|bounds
161,324.1,337.3,interp,0.50,566.1,584.5,237.3,0.0,657.5,1168.9,1,62.0,0,1,shot_pb=1.00|flight_commit=1.00|person_ctx=4|pb_zfit|keepin_prop=0.01|keepin_zoom=1.350|edge_zoom=0.914|bounds
162,320.0,337.2,interp,0.50,562.3,584.5,233.5,0.0,657.5,1168.9,1,61.7,0,1,shot_pb=1.00|flight_commit=1.00|pb_zfit|keepin_prop=0.02|keepin_zoom=1.350|edge_zoom=0.914|bounds
163,316.1,337.0,interp,0.50,558.7,584.5,229.9,0.0,657.5,1168.9,1,61.4,0,1,shot_pb=1.00|flight_commit=1.00|pb_zfit|keepin_prop=0.02|keepin_zoom=1.350|edge_zoom=0.913|bounds
164,312.5,336.8,interp,0.50,555.2,584.5,226.5,0.0,657.5,1168.9,1,61.3,0,1,shot_pb=1.00|flight_commit=1.00|pb_zfit|keepin_prop=0.02|keepin_zoom=1.350|edge_zoom=0.913|bounds
165,309.0,336.7,interp,0.50,552.0,584.5,223.3,0.0,657.5,1168.9,1,61.0,0,1,shot_pb=1.00|flight_commit=1.00|pb_zfit|keepin_prop=0.02|keepin_zoom=1.350|edge_zoom=0.912|bounds
166,305.7,336.5,interp,0.50,549.1,584.5,220.3,0.0,657.5,1168.9,1,60.6,0,1,shot_pb=1.00|flight_commit=1.00|pb_zfit|keepin_prop=0.02|keepin_zoom=1.350|edge_zoom=0.912|bounds
167,302.7,336.4,interp,0.50,546.5,584.5,217.7,0.0,657.5,1168.9,1,60.2,0,1,shot_pb=1.00|flight_commit=1.00|pb_zfit|keepin_prop=0.03|keepin_zoom=1.350|edge_zoom=0.912|bounds
168,299.9,336.3,interp,0.50,544.2,584.5,215.4,0.0,657.5,1168.9,1,59.7,0,1,shot_pb=1.00|flight_commit=1.00|pb_zfit|keepin_prop=0.03|keepin_zoom=1.350|edge_zoom=0.912|bounds
169,297.4,336.1,interp,0.50,542.3,584.5,213.6,0.0,657.5,1168.9,1,59.1,0,1,shot_pb=1.00|flight_commit=1.00|pb_zfit|keepin_prop=0.03|keepin_zoom=1.350|edge_zoom=0.912|bounds
170,295.2,336.0,interp,0.50,540.9,584.5,212.2,0.0,657.5,1168.9,1,58.3,0,1,shot_pb=1.00|flight_commit=1.00|pb_zfit|keepin_prop=0.03|keepin_zoom=1.350|edge_zoom=0.912|bounds
171,293.3,335.9,interp,0.50,540.0,584.5,211.3,0.0,657.5,1168.9,1,57.3,0,1,shot_pb=1.00|flight_commit=1.00|pb_zfit|keepin_prop=0.03|keepin_zoom=1.350|edge_zoom=0.912|bounds
172,291.8,335.8,interp,0.50,539.8,584.5,211.0,0.0,657.5,1168.9,1,56.0,0,1,shot_pb=1.00|flight_commit=1.00|pb_zfit|keepin_prop=0.04|keepin_zoom=1.350|edge_zoom=0.912|bounds
173,290.7,335.7,interp,0.50,540.2,584.5,211.4,0.0,657.5,1168.9,1,54.5,0,1,shot_pb=1.00|flight_commit=1.00|pb_zfit|keepin_prop=0.04|keepin_zoom=1.350|edge_zoom=0.913|bounds
174,290.0,335.5,interp,0.50,541.4,584.5,212.7,0.0,657.5,1168.9,1,52.6,0,1,shot_pb=1.00|flight_commit=1.00|person_ctx=4|pb_zfit|keepin_prop=0.04|keepin_zoom=1.350|edge_zoom=0.913|bounds
175,290.0,335.4,interp,0.50,543.5,584.5,214.8,0.0,657.5,1168.9,1,50.5,1,0,shot_pb=1.00|flight_commit=1.00|person_ctx=4|pb_zfit|speed|edge_zoom=0.903|bounds
176,290.5,335.3,interp,0.50,546.6,584.5,217.8,0.0,657.5,1168.9,1,47.9,1,0,shot_pb=1.00|flight_commit=1.00|pb_zfit|speed|edge_zoom=0.792|bounds
177,291.8,335.2,interp,0.50,550.7,584.5,221.9,0.0,657.5,1168.9,1,45.1,1,0,shot_pb=1.00|flight_commit=1.00|pb_zfit|speed|edge_zoom=0.755|bounds
178,294.0,335.0,interp,0.50,555.9,584.5,227.1,0.0,657.5,1168.9,1,42.1,1,0,shot_pb=1.00|flight_commit=1.00|pb_zfit|speed|edge_zoom=0.757|bounds
179,297.3,334.9,interp,0.50,562.2,584.5,233.5,0.0,657.5,1168.9,1,39.1,1,0,shot_pb=1.00|flight_commit=1.00|pb_zfit|speed|edge_zoom=0.760|bounds
180,302.0,334.7,interp,0.50,569.7,584.5,240.9,0.0,657.5,1168.9,1,36.3,1,0,shot_pb=1.00|flight_commit=1.00|pb_zfit|speed|edge_zoom=0.763|bounds
181,308.2,334.5,interp,0.50,578.3,584.5,249.5,0.0,657.5,1168.9,1,33.9,1,0,shot_pb=1.00|flight_commit=1.00|person_ctx=4|pb_zfit|speed|edge_zoom=0.767|bounds
182,316.4,334.2,interp,0.50,587.8,584.5,259.1,0.0,657.5,1168.9,1,32.6,1,0,shot_pb=1.00|flight_commit=1.00|person_ctx=4|pb_zfit|speed|edge_zoom=0.772|bounds
183,327.0,334.0,interp,0.50,598.3,584.5,269.5,0.0,657.5,1168.9,1,32.7,1,0,shot_pb=1.00|flight_commit=1.00|person_ctx=4|pb_zfit|speed|edge_zoom=0.778|bounds
184,340.6,333.6,interp,0.50,609.5,584.5,280.7,0.0,657.5,1168.9,1,35.1,1,0,shot_pb=1.00|flight_commit=1.00|person_ctx=4|pb_zfit|speed|edge_zoom=0.785|bounds
185,357.8,333.2,interp,0.50,621.3,584.5,292.5,0.0,657.5,1168.9,1,40.5,1,0,shot_pb=1.00|flight_commit=1.00|pb_zfit|speed|edge_zoom=0.795|bounds
186,387.7,332.5,blended,0.76,633.3,584.5,304.5,0.0,657.5,1168.9,1,58.4,1,0,accel_zoom=0.910|shot_pb=1.00|flight_commit=1.00|pb_zfit|speed|edge_zoom=0.814|bounds
187,430.5,331.4,centroid,0.35,645.4,584.5,316.7,0.0,657.5,1168.9,1,89.1,0,0,accel_zoom=0.872|shot_pb=1.00|flight_commit=1.00|pb_zfit|edge_zoom=0.848|bounds
188,448.2,331.1,centroid,0.35,657.4,584.5,328.7,0.0,657.5,1168.9,1,94.8,0,0,shot_pb=1.00|flight_commit=1.00|pb_zfit|edge_zoom=0.799|bounds
189,462.1,330.9,centroid,0.35,669.1,584.5,340.3,0.0,657.5,1168.9,1,97.0,0,0,shot_pb=1.00|flight_commit=1.00|pb_zfit|edge_zoom=0.794|bounds
190,472.8,331.0,centroid,0.34,680.2,584.5,351.5,0.0,657.5,1168.9,1,96.6,0,0,shot_pb=1.00|flight_commit=1.00|pb_zfit|edge_zoom=0.790|bounds
191,480.9,331.1,centroid,0.34,690.7,584.5,361.9,0.0,657.5,1168.9,1,94.2,0,0,shot_pb=1.00|flight_commit=1.00|pb_zfit|edge_zoom=0.786|bounds
192,487.1,331.5,centroid,0.34,700.4,584.5,371.6,0.0,657.5,1168.9,1,90.7,0,0,shot_pb=1.00|flight_commit=1.00|pb_zfit|edge_zoom=0.783|bounds
193,491.8,331.9,centroid,0.34,709.3,584.5,380.5,0.0,657.5,1168.9,1,86.5,0,0,shot_pb=1.00|flight_commit=1.00|pb_zfit|edge_zoom=0.782|bounds
194,495.4,332.5,centroid,0.34,717.4,584.5,388.6,0.0,657.5,1168.9,1,82.0,0,0,shot_pb=1.00|flight_commit=1.00|pb_zfit|edge_zoom=0.781|bounds
195,499.2,333.1,centroid,0.34,724.6,584.5,395.9,0.0,657.5,1168.9,1,78.6,0,0,shot_pb=1.00|flight_commit=1.00|pb_zfit|edge_zoom=0.783|bounds
196,502.6,333.8,centroid,0.34,731.2,584.5,402.4,0.0,657.5,1168.9,1,75.4,0,0,shot_pb=1.00|flight_commit=1.00|pb_zfit|edge_zoom=0.784|bounds
197,505.7,334.6,centroid,0.33,737.1,584.5,408.4,0.0,657.5,1168.9,1,72.6,0,0,shot_pb=1.00|flight_commit=1.00|pb_zfit|edge_zoom=0.785|bounds
198,508.7,335.5,centroid,0.33,742.5,584.5,413.8,0.0,657.5,1168.9,1,70.2,0,0,shot_pb=1.00|flight_commit=1.00|pb_zfit|edge_zoom=0.787|bounds
199,511.6,336.5,centroid,0.33,747.5,584.5,418.7,0.0,657.5,1168.9,1,68.1,0,0,shot_pb=1.00|flight_commit=1.00|pb_zfit|edge_zoom=0.790|bounds
200,514.5,337.6,centroid,0.33,752.1,584.5,423.4,0.0,657.5,1168.9,1,66.4,0,0,shot_pb=1.00|flight_commit=1.00|pb_zfit|edge_zoom=0.791|bounds
201,517.7,338.8,centroid,0.33,756.6,584.5,427.8,0.0,657.5,1168.9,1,65.1,0,0,shot_pb=1.00|flight_commit=1.00|pb_zfit|edge_zoom=0.792|bounds
202,520.9,340.0,centroid,0.33,760.9,584.5,432.1,0.0,657.5,1168.9,1,64.0,0,0,shot_pb=1.00|flight_commit=1.00|pb_zfit|edge_zoom=0.794|bounds
203,524.2,341.4,centroid,0.33,765.2,584.5,436.4,0.0,657.5,1168.9,1,63.0,0,0,shot_pb=1.00|flight_commit=1.00|person_ctx=4|pb_zfit|edge_zoom=0.795|bounds
204,527.7,342.8,centroid,0.32,769.5,584.5,440.7,0.0,657.5,1168.9,1,62.2,0,0,shot_pb=1.00|flight_commit=1.00|pb_zfit|edge_zoom=0.797|bounds
205,531.2,344.3,centroid,0.32,774.0,584.5,445.2,0.0,657.5,1168.9,1,61.2,0,0,shot_pb=1.00|flight_commit=1.00|pb_zfit|edge_zoom=0.798|bounds
206,535.0,345.9,centroid,0.32,778.6,584.5,449.8,0.0,657.5,1168.9,1,60.4,0,0,shot_pb=1.00|flight_commit=1.00|pb_zfit|edge_zoom=0.798|bounds
207,539.0,347.5,centroid,0.32,783.5,584.5,454.7,0.0,657.5,1168.9,1,59.5,0,0,shot_pb=1.00|flight_commit=1.00|pb_zfit|edge_zoom=0.799|bounds
208,543.3,349.1,centroid,0.32,788.6,584.5,459.8,0.0,657.5,1168.9,1,58.7,0,0,shot_pb=1.00|flight_commit=1.00|pb_zfit|edge_zoom=0.799|bounds
209,548.0,350.7,centroid,0.32,794.1,584.5,465.3,0.0,657.5,1168.9,1,57.9,0,0,shot_pb=1.00|flight_commit=1.00|pb_zfit|edge_zoom=0.799|bounds
210,553.1,352.3,centroid,0.32,799.9,584.5,471.1,0.0,657.5,1168.9,1,57.2,0,0,shot_pb=1.00|flight_commit=1.00|pb_zfit|edge_zoom=0.799|bounds
211,558.8,353.8,centroid,0.31,806.1,584.5,477.4,0.0,657.5,1168.9,1,56.7,0,0,shot_pb=1.00|flight_commit=1.00|person_ctx=4|pb_zfit|edge_zoom=0.799|bounds
212,565.0,355.2,centroid,0.31,812.8,584.5,484.0,0.0,657.5,1168.9,1,56.2,0,0,shot_pb=1.00|flight_commit=1.00|person_ctx=4|pb_zfit|edge_zoom=0.800|bounds
213,571.7,356.5,centroid,0.31,819.9,584.5,491.2,0.0,657.5,1168.9,1,55.8,0,0,shot_pb=1.00|flight_commit=1.00|person_ctx=4|pb_zfit|edge_zoom=0.801|bounds
214,579.0,357.8,centroid,0.31,827.5,584.5,498.7,0.0,657.5,1168.9,1,55.5,0,0,shot_pb=1.00|flight_commit=1.00|person_ctx=3|pb_zfit|edge_zoom=0.802|bounds
215,586.7,359.0,centroid,0.31,835.6,584.5,506.8,0.0,657.5,1168.9,1,55.1,0,0,shot_pb=1.00|flight_commit=1.00|person_ctx=4|pb_zfit|edge_zoom=0.804|bounds
216,595.1,360.1,centroid,0.31,844.2,584.5,515.4,0.0,657.5,1168.9,1,54.9,0,0,shot_pb=1.00|flight_commit=1.00|pb_zfit|edge_zoom=0.806|bounds
217,604.0,361.1,centroid,0.31,853.3,584.5,524.5,0.0,657.5,1168.9,1,54.7,0,0,shot_pb=1.00|flight_commit=1.00|pb_zfit|edge_zoom=0.808|bounds
218,613.6,362.1,centroid,0.30,862.9,584.5,534.1,0.0,657.5,1168.9,1,54.7,0,0,shot_pb=1.00|flight_commit=1.00|pb_zfit|edge_zoom=0.811|bounds
219,623.7,363.0,centroid,0.30,873.0,584.5,544.2,0.0,657.5,1168.9,1,54.7,0,0,shot_pb=1.00|flight_commit=1.00|pb_zfit|edge_zoom=0.814|bounds
220,634.6,363.9,centroid,0.30,883.6,584.5,554.8,0.0,657.5,1168.9,1,55.0,0,0,shot_pb=1.00|flight_commit=1.00|pb_zfit|edge_zoom=0.817|bounds
221,646.1,364.6,centroid,0.30,894.6,584.5,565.9,0.0,657.5,1168.9,1,55.5,0,0,shot_pb=1.00|flight_commit=1.00|pb_zfit|edge_zoom=0.820|bounds
222,658.2,365.2,centroid,0.30,906.2,584.5,577.4,0.0,657.5,1168.9,1,56.0,0,0,shot_pb=1.00|flight_commit=1.00|pb_zfit|edge_zoom=0.823|bounds
223,670.9,365.8,centroid,0.30,918.1,584.5,589.3,0.0,657.5,1168.9,1,56.8,0,0,shot_pb=1.00|flight_commit=1.00|person_ctx=3|pb_zfit|edge_zoom=0.826|bounds
224,684.2,366.2,centroid,0.30,930.3,584.5,601.6,0.0,657.5,1168.9,1,57.9,0,0,shot_pb=1.00|flight_commit=1.00|pb_zfit|edge_zoom=0.830|bounds
225,698.0,366.6,centroid,0.29,942.9,584.5,614.2,0.0,657.5,1168.9,1,59.1,0,0,shot_pb=1.00|flight_commit=1.00|person_ctx=4|pb_zfit|edge_zoom=0.833|bounds
226,712.2,366.9,centroid,0.29,955.8,584.5,627.0,0.0,657.5,1168.9,1,60.4,0,0,shot_pb=1.00|flight_commit=1.00|pb_zfit|edge_zoom=0.837|bounds
227,726.8,367.1,centroid,0.29,968.8,584.5,640.0,0.0,657.5,1168.9,1,62.0,0,0,shot_pb=1.00|flight_commit=1.00|pb_zfit|edge_zoom=0.840|bounds
228,741.7,367.3,centroid,0.29,982.0,584.5,653.2,0.0,657.5,1168.9,1,63.7,0,0,shot_pb=1.00|flight_commit=1.00|pb_zfit|edge_zoom=0.843|bounds
229,756.8,367.3,centroid,0.29,995.2,584.5,666.4,0.0,657.5,1168.9,1,65.6,0,0,shot_pb=1.00|flight_commit=1.00|pb_zfit|edge_zoom=0.846|bounds
230,771.9,367.4,centroid,0.30,1008.4,584.5,679.6,0.0,657.5,1168.9,1,67.5,0,0,shot_pb=1.00|flight_commit=1.00|pb_zfit|edge_zoom=0.849|bounds
231,787.0,367.4,centroid,0.30,1021.5,584.5,692.7,0.0,657.5,1168.9,1,69.5,0,0,shot_pb=1.00|flight_commit=1.00|pb_zfit|edge_zoom=0.852|bounds
232,801.7,367.3,centroid,0.30,1034.5,584.5,705.7,0.0,657.5,1168.9,1,71.2,0,0,shot_pb=1.00|flight_commit=1.00|pb_zfit|edge_zoom=0.854|bounds
233,815.2,367.1,centroid,0.30,1047.3,584.5,718.5,0.0,657.5,1168.9,1,71.9,0,0,shot_pb=1.00|flight_commit=1.00|pb_zfit|edge_zoom=0.853|bounds
234,828.3,366.8,centroid,0.30,1059.8,584.5,731.1,0.0,657.5,1168.9,1,72.5,0,0,shot_pb=1.00|flight_commit=1.00|pb_zfit|edge_zoom=0.855|bounds
235,841.0,366.4,centroid,0.30,1072.1,584.5,743.3,0.0,657.5,1168.9,1,72.9,0,0,shot_pb=1.00|flight_commit=1.00|pb_zfit|edge_zoom=0.856|bounds
236,853.4,366.1,centroid,0.30,1084.1,584.5,755.3,0.0,657.5,1168.9,1,73.3,0,0,shot_pb=1.00|flight_commit=1.00|pb_zfit|edge_zoom=0.858|bounds
237,865.5,365.7,centroid,0.30,1095.7,584.5,766.9,0.0,657.5,1168.9,1,73.8,0,0,shot_pb=1.00|flight_commit=1.00|pb_zfit|edge_zoom=0.860|bounds
238,877.4,365.3,centroid,0.30,1107.0,584.5,778.2,0.0,657.5,1168.9,1,74.4,0,0,shot_pb=1.00|flight_commit=1.00|pb_zfit|edge_zoom=0.861|bounds
239,889.1,365.0,centroid,0.30,1117.9,584.5,789.1,0.0,657.5,1168.9,1,75.2,0,0,shot_pb=1.00|flight_commit=1.00|pb_zfit|edge_zoom=0.863|bounds
240,900.5,364.6,centroid,0.30,1128.5,584.5,799.7,0.0,657.5,1168.9,1,76.0,0,0,shot_pb=1.00|flight_commit=1.00|pb_zfit|edge_zoom=0.865|bounds
241,911.7,364.3,centroid,0.30,1138.8,584.5,810.0,0.0,657.5,1168.9,1,76.9,0,0,shot_pb=1.00|flight_commit=1.00|pb_zfit|edge_zoom=0.866|bounds
242,922.6,363.9,centroid,0.30,1148.8,584.5,820.0,0.0,657.5,1168.9,1,77.8,0,1,shot_pb=1.00|flight_commit=1.00|pb_zfit|keepin_prop=0.00|keepin_zoom=1.350|edge_zoom=0.928|bounds
243,933.3,363.6,centroid,0.30,1158.4,584.5,829.7,0.0,657.5,1168.9,1,78.9,0,0,shot_pb=1.00|flight_commit=1.00|pb_zfit|edge_zoom=0.927|bounds
244,943.8,363.3,centroid,0.30,1167.9,584.5,839.1,0.0,657.5,1168.9,1,79.9,0,1,shot_pb=1.00|flight_commit=1.00|pb_zfit|keepin_prop=0.00|keepin_zoom=1.350|edge_zoom=0.928|bounds
245,954.1,362.9,centroid,0.30,1177.0,584.5,848.2,0.0,657.5,1168.9,1,81.1,0,0,shot_pb=1.00|flight_commit=1.00|pb_zfit|edge_zoom=0.927|bounds
246,964.0,362.5,centroid,0.30,1185.9,584.5,857.1,0.0,657.5,1168.9,1,82.1,0,1,shot_pb=1.00|flight_commit=1.00|pb_zfit|keepin_prop=0.01|keepin_zoom=1.350|edge_zoom=0.927|bounds
247,973.8,362.1,centroid,0.30,1194.5,584.5,865.8,0.0,657.5,1168.9,1,83.3,0,0,shot_pb=1.00|flight_commit=1.00|pb_zfit|edge_zoom=0.926|bounds
248,983.3,361.7,centroid,0.30,1202.9,584.5,874.1,0.0,657.5,1168.9,1,84.4,0,1,shot_pb=1.00|flight_commit=1.00|pb_zfit|keepin_prop=0.02|keepin_zoom=1.350|edge_zoom=0.926|bounds
249,992.6,361.3,centroid,0.30,1211.1,584.5,882.3,0.0,657.5,1168.9,1,85.5,0,0,shot_pb=1.00|flight_commit=1.00|pb_zfit|edge_zoom=0.926|bounds
250,1001.7,360.8,centroid,0.30,1218.9,584.5,890.2,0.0,657.5,1168.9,1,86.8,0,1,shot_pb=1.00|flight_commit=1.00|pb_zfit|keepin_prop=0.03|keepin_zoom=1.350|edge_zoom=0.924|bounds
251,1010.6,360.3,centroid,0.30,1226.6,584.5,897.8,0.0,657.5,1168.9,1,88.0,0,0,shot_pb=1.00|flight_commit=1.00|pb_zfit|edge_zoom=0.925|bounds
252,1019.3,359.8,centroid,0.30,1234.0,584.5,905.2,0.0,657.5,1168.9,1,89.3,0,1,shot_pb=1.00|flight_commit=1.00|pb_zfit|keepin_prop=0.04|keepin_zoom=1.350|edge_zoom=0.923|bounds
253,1027.8,359.2,centroid,0.30,1241.1,584.5,912.3,0.0,657.5,1168.9,1,90.7,0,0,shot_pb=1.00|flight_commit=1.00|pb_zfit|edge_zoom=0.924|bounds
254,1036.1,358.6,centroid,0.30,1248.0,584.5,919.2,0.0,657.5,1168.9,1,92.1,0,1,shot_pb=1.00|flight_commit=1.00|pb_zfit|keepin_prop=0.05|keepin_zoom=1.350|edge_zoom=0.921|bounds
255,1044.3,358.0,centroid,0.30,1254.7,584.5,925.9,0.0,657.5,1168.9,1,93.6,0,1,shot_pb=1.00|flight_commit=1.00|pb_zfit|keepin_prop=0.00|keepin_zoom=1.350|edge_zoom=0.926|bounds
256,1052.4,357.3,centroid,0.30,1261.1,584.5,932.4,0.0,657.5,1168.9,1,95.3,0,0,shot_pb=1.00|flight_commit=1.00|pb_zfit|edge_zoom=0.923|bounds
257,1060.4,356.7,centroid,0.30,1267.4,584.5,938.6,0.0,657.5,1168.9,1,97.0,0,1,shot_pb=1.00|flight_commit=1.00|pb_zfit|keepin_prop=0.04|keepin_zoom=1.350|edge_zoom=0.921|bounds
258,1068.3,356.1,centroid,0.30,1273.4,584.5,944.6,0.0,657.5,1168.9,1,98.9,0,0,shot_pb=1.00|flight_commit=1.00|pb_zfit|edge_zoom=0.923|bounds
259,1076.2,355.6,centroid,0.30,1279.3,584.5,950.5,0.0,657.5,1168.9,1,100.9,0,1,shot_pb=1.00|flight_commit=1.00|pb_zfit|keepin_prop=0.09|keepin_zoom=1.350|edge_zoom=0.916|bounds
260,1083.9,355.1,centroid,0.30,1285.0,584.5,956.2,0.0,657.5,1168.9,1,102.9,0,1,shot_pb=1.00|flight_commit=1.00|pb_zfit|keepin_prop=0.00|keepin_zoom=1.350|edge_zoom=0.925|bounds
261,1091.6,354.7,centroid,0.30,1290.6,584.5,961.8,0.0,657.5,1168.9,1,105.0,0,0,shot_pb=1.00|flight_commit=1.00|pb_zfit|edge_zoom=0.923|bounds
262,1099.2,354.3,centroid,0.30,1296.1,584.5,967.3,0.0,657.5,1168.9,1,107.1,0,1,shot_pb=1.00|flight_commit=1.00|pb_zfit|keepin_prop=0.05|keepin_zoom=1.350|edge_zoom=0.919|bounds
263,1106.8,354.0,centroid,0.30,1301.4,584.5,972.7,0.0,657.5,1168.9,1,109.4,0,1,shot_pb=1.00|flight_commit=1.00|pb_zfit|keepin_prop=0.00|keepin_zoom=1.350|edge_zoom=0.925|bounds
264,1114.2,353.7,centroid,0.30,1306.7,584.5,978.0,0.0,657.5,1168.9,1,111.5,0,0,shot_pb=1.00|flight_commit=1.00|pb_zfit|edge_zoom=0.923|bounds
265,1121.5,353.4,centroid,0.30,1312.0,584.5,983.2,0.0,657.5,1168.9,1,113.5,0,1,shot_pb=1.00|flight_commit=1.00|pb_zfit|keepin_prop=0.05|keepin_zoom=1.350|edge_zoom=0.919|bounds
266,1128.7,353.1,centroid,0.30,1317.1,584.5,988.4,0.0,657.5,1168.9,1,115.6,0,1,shot_pb=1.00|flight_commit=1.00|pb_zfit|keepin_prop=0.00|keepin_zoom=1.350|edge_zoom=0.924|bounds
267,1135.8,352.8,centroid,0.30,1322.2,584.5,993.5,0.0,657.5,1168.9,1,117.6,0,0,shot_pb=1.00|flight_commit=1.00|pb_zfit|edge_zoom=0.923|bounds
268,1142.8,352.5,centroid,0.30,1327.3,584.5,998.5,0.0,657.5,1168.9,1,119.5,0,1,shot_pb=1.00|flight_commit=1.00|pb_zfit|keepin_prop=0.05|keepin_zoom=1.350|edge_zoom=0.919|bounds
269,1149.6,352.2,centroid,0.30,1332.3,584.5,1003.5,0.0,657.5,1168.9,1,121.3,0,1,shot_pb=1.00|flight_commit=1.00|pb_zfit|keepin_prop=0.00|keepin_zoom=1.350|edge_zoom=0.924|bounds
270,1156.3,351.8,centroid,0.30,1337.2,584.5,1008.4,0.0,657.5,1168.9,1,123.1,0,0,shot_pb=1.00|flight_commit=1.00|pb_zfit|edge_zoom=0.922|bounds
271,1162.8,351.4,centroid,0.30,1342.0,584.5,1013.3,0.0,657.5,1168.9,1,124.8,0,1,shot_pb=1.00|flight_commit=1.00|pb_zfit|keepin_prop=0.05|keepin_zoom=1.350|edge_zoom=0.918|bounds
272,1169.3,351.0,centroid,0.30,1346.7,584.5,1018.0,0.0,657.5,1168.9,1,126.6,0,1,shot_pb=1.00|flight_commit=1.00|pb_zfit|keepin_prop=0.00|keepin_zoom=1.350|edge_zoom=0.923|bounds
273,1175.6,350.6,centroid,0.30,1351.3,584.5,1022.5,0.0,657.5,1168.9,1,128.3,0,0,shot_pb=1.00|flight_commit=1.00|pb_zfit|edge_zoom=0.921|bounds
274,1181.7,350.2,centroid,0.30,1355.7,584.5,1026.9,0.0,657.5,1168.9,1,130.0,0,1,shot_pb=1.00|flight_commit=1.00|pb_zfit|keepin_prop=0.06|keepin_zoom=1.350|edge_zoom=0.916|bounds
275,1188.0,349.7,centroid,0.30,1359.9,584.5,1031.1,0.0,657.5,1168.9,1,132.1,0,1,shot_pb=1.00|flight_commit=1.00|pb_zfit|keepin_prop=0.00|keepin_zoom=1.350|edge_zoom=0.923|bounds
276,1193.2,349.1,centroid,0.30,1363.8,584.5,1035.1,0.0,657.5,1168.9,1,133.4,0,0,shot_pb=1.00|flight_commit=1.00|pb_zfit|edge_zoom=0.919|bounds
277,1198.0,348.6,centroid,0.30,1367.5,584.5,1038.7,0.0,657.5,1168.9,1,134.5,0,1,shot_pb=1.00|flight_commit=1.00|pb_zfit|keepin_prop=0.07|keepin_zoom=1.350|edge_zoom=0.914|bounds
278,1202.5,348.0,centroid,0.30,1370.8,584.5,1042.0,0.0,657.5,1168.9,1,135.7,0,1,shot_pb=1.00|flight_commit=1.00|pb_zfit|keepin_prop=0.00|keepin_zoom=1.350|edge_zoom=0.922|bounds
279,1206.8,347.3,centroid,0.30,1373.6,584.5,1044.9,0.0,657.5,1168.9,1,137.2,0,0,shot_pb=1.00|flight_commit=1.00|pb_zfit|edge_zoom=0.917|bounds
280,1210.7,346.7,centroid,0.30,1375.9,584.5,1047.2,0.0,657.5,1168.9,1,138.8,0,1,shot_pb=1.00|flight_commit=1.00|pb_zfit|keepin_prop=0.08|keepin_zoom=1.350|edge_zoom=0.913|bounds
281,1214.3,346.0,centroid,0.30,1377.6,584.5,1048.9,0.0,657.5,1168.9,1,140.7,0,1,shot_pb=1.00|flight_commit=1.00|pb_zfit|keepin_prop=0.00|keepin_zoom=1.350|edge_zoom=0.921|bounds
282,1217.6,345.3,centroid,0.30,1378.6,584.5,1049.8,0.0,657.5,1168.9,1,143.0,0,0,shot_pb=1.00|flight_commit=1.00|pb_zfit|edge_zoom=0.914|bounds
283,1220.6,344.6,centroid,0.30,1378.7,584.5,1049.9,0.0,657.5,1168.9,1,145.9,0,1,shot_pb=1.00|flight_commit=1.00|pb_zfit|keepin_prop=0.08|keepin_zoom=1.350|edge_zoom=0.912|bounds
284,1223.4,343.9,centroid,0.30,1377.9,584.5,1049.1,0.0,657.5,1168.9,1,149.5,0,1,shot_pb=1.00|flight_commit=1.00|keepin_prop=0.00|keepin_zoom=1.350|edge_zoom=0.920|bounds
285,1225.8,343.2,centroid,0.30,1376.0,584.5,1047.2,0.0,657.5,1168.9,1,153.8,0,0,shot_pb=1.00|flight_commit=1.00|edge_zoom=0.912|bounds
286,1228.0,342.7,centroid,0.30,1373.0,584.5,1044.3,0.0,657.5,1168.9,1,159.0,0,1,shot_pb=1.00|flight_commit=1.00|keepin_prop=0.09|keepin_zoom=1.350|edge_zoom=0.910|bounds
287,1229.9,342.2,centroid,0.30,1368.9,584.5,1040.2,0.0,657.5,1168.9,1,165.0,0,1,shot_pb=1.00|flight_commit=1.00|keepin_prop=0.01|keepin_zoom=1.350|edge_zoom=0.919|bounds
288,1231.4,341.8,centroid,0.30,1363.7,584.5,1035.0,0.0,657.5,1168.9,1,171.7,0,0,shot_pb=1.00|flight_commit=1.00|edge_zoom=0.911|bounds
289,1232.5,341.4,centroid,0.30,1357.5,584.5,1028.7,0.0,657.5,1168.9,1,179.0,0,1,shot_pb=1.00|flight_commit=1.00|keepin_prop=0.08|keepin_zoom=1.350|edge_zoom=0.910|bounds
290,1233.2,341.0,centroid,0.30,1350.4,584.5,1021.6,0.0,657.5,1168.9,1,186.8,0,1,shot_pb=1.00|flight_commit=1.00|keepin_prop=0.00|keepin_zoom=1.350|edge_zoom=0.919|bounds
291,1233.5,340.6,centroid,0.30,1342.4,584.5,1013.7,0.0,657.5,1168.9,1,195.1,1,0,shot_pb=1.00|flight_commit=1.00|speed|edge_zoom=0.903|bounds
292,1233.3,340.2,centroid,0.30,1334.0,584.5,1005.2,0.0,657.5,1168.9,1,203.3,1,0,shot_pb=1.00|flight_commit=1.00|speed|edge_zoom=0.903|bounds
293,1232.7,339.9,centroid,0.30,1325.1,584.5,996.4,0.0,657.5,1168.9,1,211.6,0,0,shot_pb=1.00|flight_commit=1.00|edge_zoom=0.904|bounds
294,1231.6,339.7,centroid,0.30,1316.2,584.5,987.5,0.0,657.5,1168.9,1,219.4,0,0,shot_pb=1.00|flight_commit=1.00|edge_zoom=0.911|bounds
295,1230.1,339.5,centroid,0.30,1307.4,584.5,978.7,0.0,657.5,1168.9,1,226.7,0,1,shot_pb=1.00|flight_commit=1.00|keepin_prop=0.09|keepin_zoom=1.350|edge_zoom=0.909|bounds
296,1228.1,339.3,centroid,0.30,1298.9,584.5,970.2,0.0,657.5,1168.9,1,233.2,0,1,shot_pb=1.00|flight_commit=1.00|keepin_prop=0.01|keepin_zoom=1.350|edge_zoom=0.918|bounds
297,1225.7,339.2,centroid,0.30,1290.9,584.5,962.2,0.0,657.5,1168.9,1,238.8,0,0,shot_pb=1.00|flight_commit=1.00|edge_zoom=0.918|bounds
298,1223.0,339.2,centroid,0.30,1283.5,584.5,954.7,0.0,657.5,1168.9,1,243.5,0,1,shot_pb=1.00|flight_commit=1.00|keepin_prop=0.11|keepin_zoom=1.350|edge_zoom=0.907|bounds
299,1219.9,339.3,centroid,0.30,1276.7,584.5,947.9,0.0,657.5,1168.9,1,247.2,0,1,shot_pb=1.00|flight_commit=1.00|pb_zfit|keepin_prop=0.01|keepin_zoom=1.350|edge_zoom=0.918|bounds
300,1216.4,339.6,centroid,0.30,1270.6,584.5,941.8,0.0,657.5,1168.9,1,249.8,0,0,shot_pb=1.00|flight_commit=1.00|pb_zfit|edge_zoom=0.921|bounds
301,1212.7,339.9,centroid,0.30,1265.2,584.5,936.4,0.0,657.5,1168.9,1,251.5,0,1,shot_pb=1.00|flight_commit=1.00|pb_zfit|keepin_prop=0.10|keepin_zoom=1.350|edge_zoom=0.908|bounds
302,1208.9,340.4,centroid,0.30,1260.4,584.5,931.6,0.0,657.5,1168.9,1,252.5,0,1,shot_pb=1.00|flight_commit=1.00|pb_zfit|keepin_prop=0.01|keepin_zoom=1.350|edge_zoom=0.919|bounds
303,1204.9,341.0,centroid,0.30,1256.2,584.5,927.4,0.0,657.5,1168.9,1,252.7,0,0,shot_pb=1.00|flight_commit=1.00|pb_zfit|edge_zoom=0.925|bounds
304,1200.9,341.7,centroid,0.30,1252.5,584.5,923.8,0.0,657.5,1168.9,1,252.4,0,1,shot_pb=1.00|flight_commit=1.00|pb_zfit|keepin_prop=0.09|keepin_zoom=1.350|edge_zoom=0.910|bounds
305,1196.9,342.5,centroid,0.30,1249.4,584.5,920.7,0.0,657.5,1168.9,1,251.5,0,1,shot_pb=1.00|flight_commit=1.00|pb_zfit|keepin_prop=0.00|keepin_zoom=1.350|edge_zoom=0.920|bounds
306,1193.0,343.4,centroid,0.30,1246.8,584.5,918.0,0.0,657.5,1168.9,1,250.2,0,0,shot_pb=1.00|flight_commit=1.00|pb_zfit|edge_zoom=0.928|bounds
307,1189.3,344.3,centroid,0.30,1244.7,584.5,915.9,0.0,657.5,1168.9,1,248.6,0,1,shot_pb=1.00|flight_commit=1.00|pb_zfit|keepin_prop=0.08|keepin_zoom=1.350|edge_zoom=0.912|bounds
308,1185.8,345.3,centroid,0.30,1243.1,584.5,914.3,0.0,657.5,1168.9,1,246.7,0,1,shot_pb=1.00|flight_commit=1.00|pb_zfit|keepin_prop=0.00|keepin_zoom=1.350|edge_zoom=0.921|bounds
309,1182.6,346.2,centroid,0.30,1242.0,584.5,913.2,0.0,657.5,1168.9,1,244.6,0,0,shot_pb=1.00|flight_commit=1.00|pb_zfit|edge_zoom=0.931|bounds
310,1179.8,347.1,centroid,0.30,1241.5,584.5,912.8,0.0,657.5,1168.9,1,242.3,0,1,shot_pb=1.00|flight_commit=1.00|pb_zfit|keepin_prop=0.07|keepin_zoom=1.350|edge_zoom=0.915|bounds
311,1177.2,348.0,centroid,0.30,1241.7,584.5,912.9,0.0,657.5,1168.9,1,239.5,0,1,shot_pb=1.00|flight_commit=1.00|pb_zfit|keepin_prop=0.00|keepin_zoom=1.350|edge_zoom=0.922|bounds
312,1175.0,348.7,centroid,0.30,1242.4,584.5,913.7,0.0,657.5,1168.9,1,236.6,0,0,shot_pb=1.00|flight_commit=1.00|pb_zfit|edge_zoom=0.934|bounds
313,1173.2,349.4,centroid,0.30,1243.9,584.5,915.1,0.0,657.5,1168.9,1,233.3,0,1,shot_pb=1.00|flight_commit=1.00|pb_zfit|keepin_prop=0.06|keepin_zoom=1.350|edge_zoom=0.916|bounds
314,1171.8,349.9,centroid,0.30,1245.9,584.5,917.1,0.0,657.5,1168.9,1,229.9,0,1,shot_pb=1.00|flight_commit=1.00|pb_zfit|keepin_prop=0.00|keepin_zoom=1.350|edge_zoom=0.923|bounds
315,1170.7,350.3,centroid,0.30,1248.5,584.5,919.7,0.0,657.5,1168.9,1,226.2,0,0,shot_pb=1.00|flight_commit=1.00|pb_zfit|edge_zoom=0.934|bounds
316,1170.0,350.5,centroid,0.30,1251.5,584.5,922.7,0.0,657.5,1168.9,1,222.5,0,1,shot_pb=1.00|flight_commit=1.00|pb_zfit|keepin_prop=0.07|keepin_zoom=1.350|edge_zoom=0.915|bounds
317,1169.6,350.6,centroid,0.30,1254.7,584.5,925.9,0.0,657.5,1168.9,1,218.9,0,1,shot_pb=1.00|flight_commit=1.00|pb_zfit|keepin_prop=0.01|keepin_zoom=1.350|edge_zoom=0.922|bounds
318,1169.4,350.5,centroid,0.30,1257.8,584.5,929.1,0.0,657.5,1168.9,1,215.6,0,0,shot_pb=1.00|flight_commit=1.00|person_ctx=4|edge_zoom=0.913|bounds
319,1169.5,350.4,centroid,0.30,1260.8,584.5,932.0,0.0,657.5,1168.9,1,212.7,1,0,shot_pb=1.00|flight_commit=1.00|pb_zfit|speed|edge_zoom=0.903|bounds
320,1169.7,350.1,centroid,0.30,1263.2,584.5,934.4,0.0,657.5,1168.9,1,210.5,1,0,shot_pb=1.00|flight_commit=1.00|pb_zfit|speed|edge_zoom=0.903|bounds
321,1170.0,349.7,centroid,0.30,1264.8,584.5,936.1,0.0,657.5,1168.9,1,209.2,1,0,shot_pb=1.00|flight_commit=1.00|pb_zfit|speed|edge_zoom=0.903|bounds
322,1170.2,349.2,centroid,0.30,1265.5,584.5,936.8,0.0,657.5,1168.9,1,208.7,1,0,shot_pb=1.00|flight_commit=1.00|pb_zfit|speed|edge_zoom=0.903|bounds
323,1170.4,348.6,centroid,0.30,1265.1,584.5,936.4,0.0,657.5,1168.9,1,209.3,1,0,shot_pb=1.00|flight_commit=1.00|pb_zfit|speed|edge_zoom=0.903|bounds
324,1170.5,347.9,centroid,0.30,1263.6,584.5,934.8,0.0,657.5,1168.9,1,210.9,1,0,shot_pb=1.00|flight_commit=1.00|pb_zfit|speed|edge_zoom=0.903|bounds
325,1170.3,347.1,centroid,0.30,1260.9,584.5,932.2,0.0,657.5,1168.9,1,213.4,1,0,shot_pb=1.00|flight_commit=1.00|pb_zfit|speed|edge_zoom=0.903|bounds
326,1169.9,346.2,centroid,0.30,1257.2,584.5,928.4,0.0,657.5,1168.9,1,216.7,1,0,shot_pb=1.00|flight_commit=1.00|pb_zfit|speed|edge_zoom=0.903|bounds
327,1169.1,345.3,centroid,0.30,1252.6,584.5,923.8,0.0,657.5,1168.9,1,220.5,1,0,shot_pb=1.00|flight_commit=1.00|pb_zfit|speed|edge_zoom=0.903|bounds
328,1167.9,344.3,centroid,0.30,1247.3,584.5,918.6,0.0,657.5,1168.9,1,224.6,1,0,shot_pb=1.00|flight_commit=1.00|pb_zfit|speed|edge_zoom=0.903|bounds
329,1165.9,343.3,centroid,0.30,1241.6,584.5,912.8,0.0,657.5,1168.9,1,228.3,0,1,shot_pb=1.00|flight_commit=1.00|pb_zfit|keepin_prop=0.02|keepin_zoom=1.350|edge_zoom=0.918|bounds
330,1163.7,342.3,centroid,0.30,1235.6,584.5,906.8,0.0,657.5,1168.9,1,232.1,0,0,shot_pb=1.00|flight_commit=1.00|pb_zfit|edge_zoom=0.906|bounds
331,1161.1,341.3,centroid,0.30,1229.5,584.5,900.7,0.0,657.5,1168.9,1,235.6,0,1,shot_pb=1.00|flight_commit=1.00|pb_zfit|keepin_prop=0.08|keepin_zoom=1.350|edge_zoom=0.910|bounds
332,1158.1,340.4,centroid,0.30,1223.4,584.5,894.7,0.0,657.5,1168.9,1,238.7,0,1,shot_pb=1.00|flight_commit=1.00|pb_zfit|keepin_prop=0.01|keepin_zoom=1.350|edge_zoom=0.919|bounds
333,1154.6,339.5,centroid,0.30,1217.6,584.5,888.8,0.0,657.5,1168.9,1,241.0,0,0,shot_pb=1.00|flight_commit=1.00|pb_zfit|edge_zoom=0.911|bounds
334,1150.7,338.7,centroid,0.30,1211.9,584.5,883.1,0.0,657.5,1168.9,1,242.8,0,1,shot_pb=1.00|flight_commit=1.00|pb_zfit|keepin_prop=0.07|keepin_zoom=1.350|edge_zoom=0.910|bounds
335,1146.3,337.9,centroid,0.30,1206.4,584.5,877.7,0.0,657.5,1168.9,1,243.9,0,1,shot_pb=1.00|flight_commit=1.00|pb_zfit|keepin_prop=0.00|keepin_zoom=1.350|edge_zoom=0.918|bounds
336,1141.5,337.1,centroid,0.30,1201.2,584.5,872.4,0.0,657.5,1168.9,1,244.3,0,0,shot_pb=1.00|flight_commit=1.00|pb_zfit|edge_zoom=0.912|bounds
337,1136.3,336.3,centroid,0.30,1196.0,584.5,867.3,0.0,657.5,1168.9,1,244.3,0,1,shot_pb=1.00|flight_commit=1.00|pb_zfit|keepin_prop=0.06|keepin_zoom=1.350|edge_zoom=0.910|bounds
338,1130.6,335.5,centroid,0.30,1191.0,584.5,862.2,0.0,657.5,1168.9,1,243.6,0,1,shot_pb=1.00|flight_commit=1.00|pb_zfit|keepin_prop=0.00|keepin_zoom=1.350|edge_zoom=0.917|bounds
339,1124.4,334.8,centroid,0.30,1185.9,584.5,857.2,0.0,657.5,1168.9,1,242.5,0,0,shot_pb=1.00|flight_commit=1.00|pb_zfit|edge_zoom=0.913|bounds
340,1117.9,334.0,centroid,0.30,1180.9,584.5,852.1,0.0,657.5,1168.9,1,241.0,0,1,shot_pb=1.00|flight_commit=1.00|pb_zfit|keepin_prop=0.06|keepin_zoom=1.350|edge_zoom=0.910|bounds
341,1111.0,333.4,centroid,0.30,1175.8,584.5,847.0,0.0,657.5,1168.9,1,239.2,0,1,shot_pb=1.00|flight_commit=1.00|pb_zfit|keepin_prop=0.00|keepin_zoom=1.350|edge_zoom=0.917|bounds
342,1103.8,332.7,centroid,0.30,1170.6,584.5,841.8,0.0,657.5,1168.9,1,237.2,0,0,shot_pb=1.00|flight_commit=1.00|pb_zfit|edge_zoom=0.913|bounds
343,1096.3,332.0,centroid,0.30,1165.3,584.5,836.5,0.0,657.5,1168.9,1,235.0,0,1,shot_pb=1.00|flight_commit=1.00|pb_zfit|keepin_prop=0.05|keepin_zoom=1.350|edge_zoom=0.910|bounds
344,1088.6,331.3,centroid,0.30,1159.9,584.5,831.2,0.0,657.5,1168.9,1,232.7,0,1,shot_pb=1.00|flight_commit=1.00|pb_zfit|keepin_prop=0.00|keepin_zoom=1.350|edge_zoom=0.916|bounds
345,1080.7,330.6,centroid,0.30,1154.5,584.5,825.8,0.0,657.5,1168.9,1,230.2,0,0,shot_pb=1.00|flight_commit=1.00|pb_zfit|edge_zoom=0.912|bounds
346,1072.7,329.8,centroid,0.30,1149.1,584.5,820.4,0.0,657.5,1168.9,1,227.6,0,1,shot_pb=1.00|flight_commit=1.00|pb_zfit|keepin_prop=0.04|keepin_zoom=1.350|edge_zoom=0.910|bounds
347,1064.7,329.0,centroid,0.30,1143.7,584.5,815.0,0.0,657.5,1168.9,1,225.0,0,0,shot_pb=1.00|flight_commit=1.00|pb_zfit|edge_zoom=0.912|bounds
348,1056.7,328.2,centroid,0.30,1138.4,584.5,809.6,0.0,657.5,1168.9,1,222.3,0,1,shot_pb=1.00|flight_commit=1.00|pb_zfit|keepin_prop=0.09|keepin_zoom=1.350|edge_zoom=0.904|bounds
349,1048.8,327.4,centroid,0.30,1133.2,584.5,804.4,0.0,657.5,1168.9,1,219.6,0,1,shot_pb=1.00|flight_commit=1.00|pb_zfit|keepin_prop=0.00|keepin_zoom=1.350|edge_zoom=0.914|bounds
350,1041.0,326.8,centroid,0.30,1128.1,584.5,799.3,0.0,657.5,1168.9,1,216.9,0,0,shot_pb=1.00|flight_commit=1.00|pb_zfit|edge_zoom=0.911|bounds
351,1033.5,326.2,centroid,0.30,1123.2,584.5,794.4,0.0,657.5,1168.9,1,214.3,0,1,shot_pb=1.00|flight_commit=1.00|pb_zfit|keepin_prop=0.05|keepin_zoom=1.350|edge_zoom=0.907|bounds
352,1026.3,325.7,centroid,0.30,1118.5,584.5,789.7,0.0,657.5,1168.9,1,211.8,0,1,shot_pb=1.00|flight_commit=1.00|pb_zfit|keepin_prop=0.00|keepin_zoom=1.350|edge_zoom=0.914|bounds
353,1019.4,325.3,centroid,0.30,1114.1,584.5,785.3,0.0,657.5,1168.9,1,209.3,0,0,shot_pb=1.00|flight_commit=1.00|pb_zfit|edge_zoom=0.912|bounds
354,1013.0,325.0,centroid,0.30,1110.0,584.5,781.2,0.0,657.5,1168.9,1,207.0,0,1,shot_pb=1.00|flight_commit=1.00|pb_zfit|keepin_prop=0.05|keepin_zoom=1.350|edge_zoom=0.907|bounds
355,1007.0,324.8,centroid,0.30,1106.3,584.5,777.5,0.0,657.5,1168.9,1,204.7,0,1,shot_pb=1.00|flight_commit=1.00|pb_zfit|keepin_prop=0.00|keepin_zoom=1.350|edge_zoom=0.913|bounds
356,1001.5,324.8,centroid,0.30,1103.1,584.5,774.3,0.0,657.5,1168.9,1,202.4,0,0,shot_pb=1.00|flight_commit=1.00|pb_zfit|edge_zoom=0.913|bounds
357,996.6,324.8,centroid,0.30,1100.5,584.5,771.8,0.0,657.5,1168.9,1,200.1,0,1,shot_pb=1.00|flight_commit=1.00|pb_zfit|keepin_prop=0.06|keepin_zoom=1.350|edge_zoom=0.906|bounds
358,992.2,325.0,centroid,0.30,1098.7,584.5,769.9,0.0,657.5,1168.9,1,197.5,0,1,shot_pb=1.00|flight_commit=1.00|pb_zfit|keepin_prop=0.00|keepin_zoom=1.350|edge_zoom=0.913|bounds
359,988.4,325.4,centroid,0.30,1097.7,584.5,768.9,0.0,657.5,1168.9,1,194.7,0,0,shot_pb=1.00|flight_commit=1.00|pb_zfit|edge_zoom=0.917|bounds
360,985.2,325.9,centroid,0.30,1097.7,584.5,768.9,0.0,657.5,1168.9,1,191.5,0,1,shot_pb=1.00|flight_commit=1.00|pb_zfit|keepin_prop=0.07|keepin_zoom=1.350|edge_zoom=0.905|bounds
361,982.6,326.5,centroid,0.30,1098.7,584.5,769.9,0.0,657.5,1168.9,1,187.9,0,1,shot_pb=1.00|flight_commit=1.00|pb_zfit|keepin_prop=0.00|keepin_zoom=1.350|edge_zoom=0.914|bounds
362,980.5,327.2,centroid,0.30,1100.9,584.5,772.1,0.0,657.5,1168.9,1,183.6,0,0,shot_pb=1.00|flight_commit=1.00|pb_zfit|edge_zoom=0.925|bounds
363,978.9,327.9,centroid,0.30,1104.2,584.5,775.5,0.0,657.5,1168.9,1,178.7,0,1,shot_pb=1.00|flight_commit=1.00|pb_zfit|keepin_prop=0.05|keepin_zoom=1.350|edge_zoom=0.909|bounds
364,977.7,328.7,centroid,0.30,1108.8,584.5,780.0,0.0,657.5,1168.9,1,172.9,0,0,shot_pb=1.00|flight_commit=1.00|pb_zfit|edge_zoom=0.934|bounds
365,977.0,329.5,centroid,0.30,1114.4,584.5,785.6,0.0,657.5,1168.9,1,166.6,0,1,shot_pb=1.00|flight_commit=1.00|pb_zfit|keepin_prop=0.02|keepin_zoom=1.350|edge_zoom=0.913|bounds
366,976.7,330.2,centroid,0.30,1121.0,584.5,792.2,0.0,657.5,1168.9,1,159.7,0,0,shot_pb=1.00|flight_commit=1.00|pb_zfit|edge_zoom=0.957|bounds
367,976.6,330.9,centroid,0.30,1128.3,584.5,799.6,0.0,657.5,1168.9,1,152.3,0,0,shot_pb=1.00|flight_commit=1.00|pb_zfit|edge_zoom=0.953|bounds
368,976.9,331.6,centroid,0.30,1136.2,584.5,807.5,0.0,657.5,1168.9,1,144.7,0,0,shot_pb=1.00|flight_commit=1.00|pb_zfit|edge_zoom=0.947|bounds
369,977.5,332.1,centroid,0.30,1144.4,584.5,815.7,0.0,657.5,1168.9,1,137.1,0,0,shot_pb=1.00|flight_commit=1.00|pb_zfit|edge_zoom=0.940|bounds
370,978.2,332.6,centroid,0.30,1152.7,584.5,823.9,0.0,657.5,1168.9,1,129.5,0,0,shot_pb=1.00|flight_commit=1.00|pb_zfit|edge_zoom=0.934|bounds
371,979.2,333.0,centroid,0.30,1160.7,584.5,832.0,0.0,657.5,1168.9,1,122.5,0,1,shot_pb=1.00|flight_commit=1.00|pb_zfit|keepin_prop=0.01|keepin_zoom=1.350|edge_zoom=0.915|bounds
372,980.4,333.4,centroid,0.30,1168.4,584.5,839.6,0.0,657.5,1168.9,1,116.0,0,0,shot_pb=1.00|flight_commit=1.00|pb_zfit|edge_zoom=0.924|bounds
373,981.7,333.8,centroid,0.30,1175.5,584.5,846.7,0.0,657.5,1168.9,1,110.2,0,1,shot_pb=1.00|flight_commit=1.00|pb_zfit|keepin_prop=0.03|keepin_zoom=1.350|edge_zoom=0.914|bounds
374,983.1,334.2,centroid,0.30,1181.9,584.5,853.1,0.0,657.5,1168.9,1,105.2,0,1,shot_pb=1.00|flight_commit=1.00|pb_zfit|keepin_prop=0.00|keepin_zoom=1.350|edge_zoom=0.917|bounds
375,984.5,334.5,centroid,0.30,1187.5,584.5,858.8,0.0,657.5,1168.9,1,101.0,0,0,shot_pb=1.00|flight_commit=1.00|person_ctx=4|pb_zfit|edge_zoom=0.925|bounds
376,985.9,334.7,centroid,0.30,1192.5,584.5,863.7,0.0,657.5,1168.9,1,97.4,0,1,shot_pb=1.00|flight_commit=1.00|pb_zfit|keepin_prop=0.03|keepin_zoom=1.350|edge_zoom=0.913|bounds
377,987.2,335.0,centroid,0.30,1196.7,584.5,867.9,0.0,657.5,1168.9,1,94.5,0,1,shot_pb=1.00|flight_commit=1.00|pb_zfit|keepin_prop=0.00|keepin_zoom=1.350|edge_zoom=0.917|bounds
378,988.5,335.2,centroid,0.30,1200.2,584.5,871.4,0.0,657.5,1168.9,1,92.3,0,0,shot_pb=1.00|flight_commit=1.00|pb_zfit|edge_zoom=0.922|bounds
379,989.7,335.3,centroid,0.30,1203.2,584.5,874.4,0.0,657.5,1168.9,1,90.5,0,1,shot_pb=1.00|flight_commit=1.00|pb_zfit|keepin_prop=0.04|keepin_zoom=1.350|edge_zoom=0.913|bounds
380,990.8,335.5,centroid,0.30,1205.7,584.5,877.0,0.0,657.5,1168.9,1,89.1,0,1,shot_pb=1.00|flight_commit=1.00|pb_zfit|keepin_prop=0.00|keepin_zoom=1.350|edge_zoom=0.917|bounds
381,991.8,335.7,centroid,0.30,1207.9,584.5,879.1,0.0,657.5,1168.9,1,87.9,0,0,shot_pb=1.00|flight_commit=1.00|pb_zfit|edge_zoom=0.924|bounds
382,992.8,336.0,centroid,0.30,1209.8,584.5,881.0,0.0,657.5,1168.9,1,87.0,0,1,shot_pb=1.00|flight_commit=1.00|pb_zfit|keepin_prop=0.04|keepin_zoom=1.350|edge_zoom=0.913|bounds
383,993.8,336.3,centroid,0.30,1211.4,584.5,882.7,0.0,657.5,1168.9,1,86.4,0,1,shot_pb=1.00|flight_commit=1.00|pb_zfit|keepin_prop=0.00|keepin_zoom=1.350|edge_zoom=0.918|bounds
384,994.8,336.7,centroid,0.30,1213.0,584.5,884.2,0.0,657.5,1168.9,1,85.8,0,0,shot_pb=1.00|flight_commit=1.00|pb_zfit|edge_zoom=0.930|bounds
385,995.9,337.0,centroid,0.30,1214.5,584.5,885.7,0.0,657.5,1168.9,1,85.4,0,1,shot_pb=1.00|flight_commit=1.00|pb_zfit|keepin_prop=0.03|keepin_zoom=1.350|edge_zoom=0.914|bounds
386,997.0,337.4,centroid,0.31,1215.9,584.5,887.2,0.0,657.5,1168.9,1,85.1,0,1,shot_pb=1.00|flight_commit=1.00|pb_zfit|keepin_prop=0.00|keepin_zoom=1.350|edge_zoom=0.918|bounds
387,998.2,337.9,centroid,0.31,1217.4,584.5,888.6,0.0,657.5,1168.9,1,84.8,0,0,shot_pb=1.00|flight_commit=1.00|pb_zfit|edge_zoom=0.929|bounds
388,999.6,338.3,centroid,0.31,1218.9,584.5,890.2,0.0,657.5,1168.9,1,84.7,0,1,shot_pb=1.00|flight_commit=1.00|pb_zfit|keepin_prop=0.04|keepin_zoom=1.350|edge_zoom=0.914|bounds
389,1001.2,338.7,centroid,0.31,1220.5,584.5,891.7,0.0,657.5,1168.9,1,84.7,0,1,shot_pb=1.00|flight_commit=1.00|pb_zfit|keepin_prop=0.00|keepin_zoom=1.350|edge_zoom=0.919|bounds
390,1003.0,339.1,centroid,0.31,1222.2,584.5,893.4,0.0,657.5,1168.9,1,84.8,0,0,shot_pb=1.00|flight_commit=1.00|pb_zfit|edge_zoom=0.927|bounds
391,1004.9,339.5,centroid,0.31,1223.9,584.5,895.1,0.0,657.5,1168.9,1,85.0,0,1,shot_pb=1.00|flight_commit=1.00|pb_zfit|keepin_prop=0.04|keepin_zoom=1.350|edge_zoom=0.914|bounds
392,1007.0,339.9,centroid,0.31,1225.7,584.5,897.0,0.0,657.5,1168.9,1,85.3,0,1,shot_pb=1.00|flight_commit=1.00|pb_zfit|keepin_prop=0.00|keepin_zoom=1.350|edge_zoom=0.919|bounds
393,1009.3,340.3,centroid,0.32,1227.7,584.5,898.9,0.0,657.5,1168.9,1,85.6,0,0,shot_pb=1.00|flight_commit=1.00|pb_zfit|edge_zoom=0.925|bounds
394,1011.7,340.7,centroid,0.32,1229.7,584.5,901.0,0.0,657.5,1168.9,1,86.0,0,1,shot_pb=1.00|flight_commit=1.00|pb_zfit|keepin_prop=0.05|keepin_zoom=1.350|edge_zoom=0.914|bounds
395,1014.4,341.1,centroid,0.32,1231.9,584.5,903.1,0.0,657.5,1168.9,1,86.5,0,1,shot_pb=1.00|flight_commit=1.00|pb_zfit|keepin_prop=0.00|keepin_zoom=1.350|edge_zoom=0.919|bounds
396,1017.1,341.4,centroid,0.32,1234.1,584.5,905.4,0.0,657.5,1168.9,1,87.0,0,0,shot_pb=1.00|flight_commit=1.00|pb_zfit|edge_zoom=0.924|bounds
397,1019.9,341.8,centroid,0.32,1236.5,584.5,907.7,0.0,657.5,1168.9,1,87.4,0,1,shot_pb=1.00|flight_commit=1.00|pb_zfit|keepin_prop=0.06|keepin_zoom=1.350|edge_zoom=0.913|bounds
398,1022.9,342.1,centroid,0.32,1239.0,584.5,910.3,0.0,657.5,1168.9,1,87.9,0,1,shot_pb=1.00|flight_commit=1.00|pb_zfit|keepin_prop=0.00|keepin_zoom=1.350|edge_zoom=0.920|bounds
399,1025.9,342.4,centroid,0.32,1241.7,584.5,913.0,0.0,657.5,1168.9,1,88.2,0,0,shot_pb=1.00|flight_commit=1.00|pb_zfit|edge_zoom=0.923|bounds
400,1028.9,342.7,centroid,0.33,1244.6,584.5,915.8,0.0,657.5,1168.9,1,88.3,0,1,shot_pb=1.00|flight_commit=1.00|pb_zfit|keepin_prop=0.06|keepin_zoom=1.350|edge_zoom=0.913|bounds
401,1031.7,343.0,centroid,0.33,1247.7,584.5,918.9,0.0,657.5,1168.9,1,88.0,0,1,shot_pb=1.00|flight_commit=1.00|pb_zfit|keepin_prop=0.00|keepin_zoom=1.350|edge_zoom=0.920|bounds
402,1034.1,343.4,centroid,0.33,1251.0,584.5,922.3,0.0,657.5,1168.9,1,87.1,0,0,shot_pb=1.00|flight_commit=1.00|pb_zfit|edge_zoom=0.925|bounds
403,1036.7,343.8,centroid,0.33,1254.7,584.5,926.0,0.0,657.5,1168.9,1,86.0,0,1,shot_pb=1.00|flight_commit=1.00|pb_zfit|keepin_prop=0.07|keepin_zoom=1.350|edge_zoom=0.913|bounds
404,1039.4,344.4,centroid,0.33,1258.8,584.5,930.0,0.0,657.5,1168.9,1,84.6,0,1,shot_pb=1.00|flight_commit=1.00|pb_zfit|keepin_prop=0.00|keepin_zoom=1.350|edge_zoom=0.921|bounds
405,1042.6,345.1,centroid,0.33,1263.3,584.5,934.5,0.0,657.5,1168.9,1,83.3,0,0,shot_pb=1.00|flight_commit=1.00|pb_zfit|edge_zoom=0.928|bounds
406,1046.1,345.9,centroid,0.33,1268.3,584.5,939.5,0.0,657.5,1168.9,1,81.8,0,1,shot_pb=1.00|flight_commit=1.00|pb_zfit|keepin_prop=0.07|keepin_zoom=1.350|edge_zoom=0.914|bounds
407,1050.2,346.8,centroid,0.34,1273.9,584.5,945.1,0.0,657.5,1168.9,1,80.3,0,1,shot_pb=1.00|flight_commit=1.00|pb_zfit|keepin_prop=0.00|keepin_zoom=1.350|edge_zoom=0.922|bounds
408,1055.0,347.9,centroid,0.34,1280.1,584.5,951.3,0.0,657.5,1168.9,1,78.9,0,0,shot_pb=1.00|flight_commit=1.00|pb_zfit|edge_zoom=0.930|bounds
409,1060.7,349.1,centroid,0.34,1286.9,584.5,958.1,0.0,657.5,1168.9,1,77.8,0,1,shot_pb=1.00|flight_commit=1.00|pb_zfit|keepin_prop=0.06|keepin_zoom=1.350|edge_zoom=0.916|bounds
410,1067.4,350.5,centroid,0.34,1294.3,584.5,965.5,0.0,657.5,1168.9,1,77.1,0,1,shot_pb=1.00|flight_commit=1.00|pb_zfit|keepin_prop=0.00|keepin_zoom=1.350|edge_zoom=0.923|bounds
411,1075.3,352.0,centroid,0.34,1302.4,584.5,973.6,0.0,657.5,1168.9,1,76.9,0,0,shot_pb=1.00|flight_commit=1.00|pb_zfit|edge_zoom=0.930|bounds
412,1084.7,353.8,centroid,0.34,1311.0,584.5,982.2,0.0,657.5,1168.9,1,77.7,0,1,shot_pb=1.00|flight_commit=1.00|pb_zfit|keepin_prop=0.04|keepin_zoom=1.350|edge_zoom=0.920|bounds
413,1095.8,355.7,centroid,0.34,1320.0,584.5,991.3,0.0,657.5,1168.9,1,79.8,0,0,shot_pb=1.00|flight_commit=1.00|pb_zfit|edge_zoom=0.931|bounds
414,1109.1,357.8,centroid,0.35,1329.5,584.5,1000.7,0.0,657.5,1168.9,1,83.6,0,1,shot_pb=1.00|flight_commit=1.00|person_ctx=4|pb_zfit|keepin_prop=0.06|keepin_zoom=1.350|edge_zoom=0.919|bounds
415,1125.0,360.2,centroid,0.35,1339.1,584.5,1010.4,0.0,657.5,1168.9,1,89.9,0,0,shot_pb=1.00|flight_commit=1.00|person_ctx=4|pb_zfit|edge_zoom=0.932|bounds
416,1144.1,362.8,centroid,0.35,1348.8,584.5,1020.1,0.0,657.5,1168.9,1,99.3,0,1,shot_pb=1.00|flight_commit=1.00|person_ctx=4|pb_zfit|keepin_prop=0.05|keepin_zoom=1.350|edge_zoom=0.923|bounds
417,1189.1,367.1,blended,0.73,1358.5,584.5,1029.7,0.0,657.5,1168.9,1,134.6,0,0,accel_zoom=0.865|shot_pb=1.00|flight_commit=1.00|edge_zoom=0.933|bounds
418,1205.0,369.9,centroid,0.35,1367.8,584.5,1039.0,0.0,657.5,1168.9,1,141.2,0,1,shot_pb=1.00|flight_commit=1.00|keepin_prop=0.01|keepin_zoom=1.350|edge_zoom=0.930|bounds
419,1220.2,372.7,centroid,0.35,1376.6,584.5,1047.8,0.0,657.5,1168.9,1,147.6,0,0,shot_pb=1.00|flight_commit=1.00|edge_zoom=0.938|bounds
420,1232.6,375.3,centroid,0.35,1384.7,584.5,1055.9,0.0,657.5,1168.9,1,151.9,0,1,shot_pb=1.00|flight_commit=1.00|keepin_prop=0.03|keepin_zoom=1.350|edge_zoom=0.929|bounds
421,1242.7,377.9,centroid,0.34,1391.9,584.5,1063.2,0.0,657.5,1168.9,1,154.8,0,0,shot_pb=1.00|flight_commit=1.00|person_ctx=4|edge_zoom=0.942|bounds
422,1250.9,380.3,centroid,0.34,1398.1,584.5,1069.4,0.0,657.5,1168.9,1,156.8,0,1,shot_pb=1.00|flight_commit=1.00|person_ctx=4|keepin_prop=0.07|keepin_zoom=1.350|edge_zoom=0.929|bounds
423,1257.5,382.7,centroid,0.34,1403.1,584.5,1074.3,0.0,657.5,1168.9,1,158.4,0,1,shot_pb=1.00|flight_commit=1.00|person_ctx=4|keepin_prop=0.00|keepin_zoom=1.350|edge_zoom=0.936|bounds
424,1262.8,384.9,centroid,0.34,1406.6,584.5,1077.9,0.0,657.5,1168.9,1,160.2,0,0,shot_pb=1.00|flight_commit=1.00|person_ctx=4|edge_zoom=0.950|bounds
425,1267.0,387.1,centroid,0.34,1408.7,584.5,1079.9,0.0,657.5,1168.9,1,162.3,0,1,shot_pb=1.00|flight_commit=1.00|person_ctx=4|keepin_prop=0.02|keepin_zoom=1.350|edge_zoom=0.935|bounds
426,1270.2,389.2,centroid,0.34,1409.1,584.5,1080.4,0.0,657.5,1168.9,1,165.1,0,0,shot_pb=1.00|flight_commit=1.00|person_ctx=4|edge_zoom=0.957|bounds
427,1272.6,391.3,centroid,0.34,1407.9,584.5,1079.1,0.0,657.5,1168.9,1,168.7,0,1,shot_pb=1.00|flight_commit=1.00|person_ctx=4|keepin_prop=0.01|keepin_zoom=1.350|edge_zoom=0.947|bounds
428,1274.4,393.3,centroid,0.33,1405.1,584.5,1076.3,0.0,657.5,1168.9,1,173.3,0,0,shot_pb=1.00|flight_commit=1.00|person_ctx=4|edge_zoom=0.974|bounds
429,1275.5,395.3,centroid,0.33,1400.6,584.5,1071.9,0.0,657.5,1168.9,1,178.9,0,0,shot_pb=1.00|flight_commit=1.00|person_ctx=4|edge_zoom=0.991|bounds
430,1276.2,397.2,centroid,0.33,1394.8,584.4,1066.0,0.0,657.5,1168.9,1,185.4,0,0,shot_pb=1.00|flight_commit=1.00|person_ctx=4|edge_zoom=0.996|bounds
431,1276.3,399.1,centroid,0.33,1387.6,584.4,1058.9,0.0,657.5,1168.8,1,192.7,0,0,shot_pb=1.00|flight_commit=1.00|person_ctx=4|edge_zoom=0.988|bounds
432,1275.9,400.8,centroid,0.33,1379.4,584.4,1050.7,0.0,657.4,1168.7,1,200.5,0,0,shot_pb=1.00|flight_commit=1.00|person_ctx=4|edge_zoom=0.976|bounds
433,1275.2,402.5,centroid,0.33,1370.4,584.3,1041.7,0.0,657.3,1168.6,1,208.8,0,0,shot_pb=1.00|flight_commit=1.00|person_ctx=4|edge_zoom=0.974|bounds
434,1274.0,404.1,centroid,0.33,1360.9,584.2,1032.3,0.0,657.2,1168.4,1,217.1,0,0,shot_pb=1.00|flight_commit=1.00|person_ctx=4|edge_zoom=0.971|bounds
435,1272.4,405.6,centroid,0.32,1351.3,584.1,1022.7,0.0,657.1,1168.2,1,225.1,0,0,shot_pb=1.00|flight_commit=1.00|person_ctx=4|edge_zoom=0.967|bounds
436,1270.3,406.9,centroid,0.32,1341.6,584.0,1013.1,0.0,657.0,1167.9,1,232.7,0,1,shot_pb=1.00|flight_commit=1.00|person_ctx=4|keepin_prop=0.00|keepin_zoom=1.350|edge_zoom=0.945|bounds
437,1267.9,408.1,centroid,0.32,1332.3,583.8,1003.9,0.0,656.7,1167.5,1,239.6,0,0,shot_pb=1.00|flight_commit=1.00|person_ctx=4|edge_zoom=0.961|bounds
438,1265.1,409.2,centroid,0.32,1323.3,583.6,995.1,0.0,656.5,1167.1,1,245.8,0,1,shot_pb=1.00|flight_commit=1.00|person_ctx=4|keepin_prop=0.05|keepin_zoom=1.350|edge_zoom=0.942|bounds
439,1262.0,410.2,centroid,0.32,1315.0,583.3,986.9,0.0,656.2,1166.6,1,251.0,0,1,shot_pb=1.00|flight_commit=1.00|person_ctx=4|keepin_prop=0.00|keepin_zoom=1.350|edge_zoom=0.946|bounds
440,1258.4,411.1,centroid,0.32,1307.3,583.1,979.3,0.0,656.0,1166.1,1,255.1,0,0,shot_pb=1.00|flight_commit=1.00|person_ctx=4|edge_zoom=0.955|bounds
441,1254.6,411.8,centroid,0.32,1300.2,582.8,972.3,0.0,655.7,1165.6,1,258.4,0,1,shot_pb=1.00|flight_commit=1.00|keepin_prop=0.08|keepin_zoom=1.350|edge_zoom=0.940|bounds
442,1250.4,412.5,centroid,0.31,1293.7,582.6,966.0,0.0,655.4,1165.2,1,260.7,0,1,shot_pb=1.00|flight_commit=1.00|person_ctx=4|keepin_prop=0.00|keepin_zoom=1.350|edge_zoom=0.947|bounds
443,1245.9,413.0,centroid,0.31,1287.7,582.4,960.1,0.0,655.2,1164.8,1,262.2,0,0,shot_pb=1.00|flight_commit=1.00|edge_zoom=0.951|bounds
444,1241.2,413.5,centroid,0.31,1282.2,582.2,954.7,0.0,655.0,1164.5,1,263.0,0,1,shot_pb=1.00|flight_commit=1.00|keepin_prop=0.09|keepin_zoom=1.350|edge_zoom=0.941|bounds
445,1236.1,413.9,centroid,0.31,1277.0,582.2,949.5,0.0,654.9,1164.3,1,263.1,0,1,shot_pb=1.00|flight_commit=1.00|keepin_prop=0.00|keepin_zoom=1.350|edge_zoom=0.947|bounds
446,1230.8,414.2,centroid,0.31,1272.0,582.2,944.5,0.0,654.9,1164.3,1,262.8,0,0,shot_pb=1.00|flight_commit=1.00|edge_zoom=0.949|bounds
447,1225.2,414.3,centroid,0.31,1267.2,582.2,939.7,0.0,655.0,1164.5,1,262.0,0,1,shot_pb=1.00|flight_commit=1.00|keepin_prop=0.08|keepin_zoom=1.350|edge_zoom=0.942|bounds
448,1219.3,414.4,centroid,0.31,1262.4,582.4,934.8,0.0,655.2,1164.7,1,260.9,0,1,shot_pb=1.00|flight_commit=1.00|keepin_prop=0.00|keepin_zoom=1.350|edge_zoom=0.947|bounds
449,1213.2,414.4,centroid,0.30,1257.6,582.6,929.9,0.0,655.4,1165.1,1,259.6,0,0,shot_pb=1.00|flight_commit=1.00|pb_zfit|edge_zoom=0.948|bounds
450,1206.9,414.2,centroid,0.30,1252.8,582.8,925.0,0.0,655.6,1165.6,1,258.1,0,1,shot_pb=1.00|flight_commit=1.00|pb_zfit|keepin_prop=0.07|keepin_zoom=1.350|edge_zoom=0.942|bounds
451,1200.4,414.0,centroid,0.30,1247.9,583.0,919.9,0.0,655.9,1166.0,1,256.5,0,1,shot_pb=1.00|flight_commit=1.00|pb_zfit|keepin_prop=0.00|keepin_zoom=1.350|edge_zoom=0.947|bounds
452,1193.6,413.6,centroid,0.30,1242.9,583.3,914.8,0.0,656.2,1166.5,1,254.7,0,0,shot_pb=1.00|flight_commit=1.00|pb_zfit|edge_zoom=0.946|bounds
453,1186.7,413.1,centroid,0.30,1237.8,583.5,909.5,0.0,656.4,1167.0,1,252.9,0,1,shot_pb=1.00|flight_commit=1.00|pb_zfit|keepin_prop=0.07|keepin_zoom=1.350|edge_zoom=0.942|bounds
454,1179.6,412.6,centroid,0.30,1232.6,583.7,904.2,0.0,656.7,1167.4,1,251.0,0,1,shot_pb=1.00|flight_commit=1.00|pb_zfit|keepin_prop=0.00|keepin_zoom=1.350|edge_zoom=0.947|bounds
455,1172.4,411.9,centroid,0.30,1227.4,583.9,898.9,0.0,656.9,1167.8,1,249.0,0,0,shot_pb=1.00|flight_commit=1.00|pb_zfit|edge_zoom=0.944|bounds
456,1165.2,411.3,centroid,0.29,1222.1,584.1,893.6,0.0,657.1,1168.1,1,247.1,0,1,shot_pb=1.00|flight_commit=1.00|pb_zfit|keepin_prop=0.04|keepin_zoom=1.350|edge_zoom=0.943|bounds
457,1157.9,410.5,centroid,0.29,1216.9,584.2,888.3,0.0,657.2,1168.4,1,245.0,0,1,shot_pb=1.00|flight_commit=1.00|pb_zfit|keepin_prop=0.00|keepin_zoom=1.350|edge_zoom=0.946|bounds
458,1150.6,409.7,centroid,0.29,1211.8,584.3,883.2,0.0,657.3,1168.6,1,242.8,0,0,shot_pb=1.00|flight_commit=1.00|pb_zfit|edge_zoom=0.942|bounds
459,1143.5,408.9,centroid,0.29,1206.8,584.4,878.1,0.0,657.4,1168.7,1,240.7,0,1,shot_pb=1.00|flight_commit=1.00|person_ctx=4|pb_zfit|keepin_prop=0.04|keepin_zoom=1.350|edge_zoom=0.942|bounds
460,1136.4,408.1,centroid,0.29,1202.0,584.4,873.3,0.0,657.4,1168.8,1,238.4,0,0,shot_pb=1.00|flight_commit=1.00|person_ctx=4|pb_zfit|edge_zoom=0.941|bounds
461,1129.6,407.3,centroid,0.30,1197.4,584.4,868.7,0.0,657.5,1168.8,1,236.2,0,1,shot_pb=1.00|flight_commit=1.00|person_ctx=4|pb_zfit|keepin_prop=0.10|keepin_zoom=1.350|edge_zoom=0.937|bounds
462,1123.2,406.5,centroid,0.30,1193.1,584.4,864.3,0.0,657.5,1168.9,1,234.1,0,1,shot_pb=1.00|flight_commit=1.00|person_ctx=4|pb_zfit|keepin_prop=0.00|keepin_zoom=1.350|edge_zoom=0.944|bounds
463,1117.3,405.7,centroid,0.30,1189.0,584.5,860.3,0.0,657.5,1168.9,1,232.3,0,0,shot_pb=1.00|flight_commit=1.00|person_ctx=4|pb_zfit|edge_zoom=0.940|bounds
464,1112.8,405.1,centroid,0.30,1185.2,584.5,856.4,0.0,657.5,1168.9,1,231.6,0,1,shot_pb=1.00|flight_commit=1.00|person_ctx=4|pb_zfit|keepin_prop=0.07|keepin_zoom=1.350|edge_zoom=0.939|bounds
465,1108.9,404.6,centroid,0.30,1181.7,584.5,852.9,0.0,657.5,1168.9,1,231.2,0,1,shot_pb=1.00|flight_commit=1.00|person_ctx=4|pb_zfit|keepin_prop=0.00|keepin_zoom=1.350|edge_zoom=0.944|bounds
466,1105.5,404.2,centroid,0.30,1178.5,584.5,849.7,0.0,657.5,1168.9,1,231.0,0,0,shot_pb=1.00|flight_commit=1.00|person_ctx=4|pb_zfit|edge_zoom=0.940|bounds
467,1102.6,403.9,centroid,0.30,1175.5,584.5,846.8,0.0,657.5,1168.9,1,231.1,0,1,shot_pb=1.00|flight_commit=1.00|person_ctx=4|pb_zfit|keepin_prop=0.08|keepin_zoom=1.350|edge_zoom=0.938|bounds
468,1100.0,403.6,centroid,0.30,1172.9,584.5,844.2,0.0,657.5,1168.9,1,231.1,0,1,shot_pb=1.00|flight_commit=1.00|person_ctx=4|pb_zfit|keepin_prop=0.00|keepin_zoom=1.350|edge_zoom=0.943|bounds
469,1097.7,403.4,centroid,0.30,1170.7,584.5,841.9,0.0,657.5,1168.9,1,231.0,0,0,shot_pb=1.00|flight_commit=1.00|person_ctx=4|pb_zfit|edge_zoom=0.941|bounds
470,1095.7,403.2,centroid,0.30,1168.8,584.5,840.1,0.0,657.5,1168.9,1,230.9,0,1,shot_pb=1.00|flight_commit=1.00|pb_zfit|keepin_prop=0.09|keepin_zoom=1.350|edge_zoom=0.936|bounds
471,1093.9,403.0,centroid,0.30,1167.4,584.5,838.6,0.0,657.5,1168.9,1,230.5,0,1,shot_pb=1.00|flight_commit=1.00|pb_zfit|keepin_prop=0.01|keepin_zoom=1.350|edge_zoom=0.943|bounds
472,1092.3,402.7,centroid,0.30,1166.5,584.5,837.8,0.0,657.5,1168.9,1,229.8,0,0,shot_pb=1.00|flight_commit=1.00|person_ctx=4|pb_zfit|edge_zoom=0.937|bounds
473,1090.8,402.3,centroid,0.30,1166.3,584.5,837.6,0.0,657.5,1168.9,1,228.5,0,1,shot_pb=1.00|flight_commit=1.00|pb_zfit|keepin_prop=0.08|keepin_zoom=1.350|edge_zoom=0.937|bounds
474,1089.5,401.7,centroid,0.30,1166.8,584.5,838.1,0.0,657.5,1168.9,1,226.7,0,1,shot_pb=1.00|flight_commit=1.00|pb_zfit|keepin_prop=0.00|keepin_zoom=1.350|edge_zoom=0.943|bounds
475,1088.3,401.0,centroid,0.30,1168.2,584.5,839.5,0.0,657.5,1168.9,1,224.1,0,0,shot_pb=1.00|flight_commit=1.00|pb_zfit|edge_zoom=0.925|bounds
476,1087.2,400.1,centroid,0.30,1170.6,584.5,841.9,0.0,657.5,1168.9,1,220.6,0,1,shot_pb=1.00|flight_commit=1.00|pb_zfit|keepin_prop=0.01|keepin_zoom=1.350|edge_zoom=0.941|bounds
477,1086.1,399.0,centroid,0.30,1174.1,584.5,845.3,0.0,657.5,1168.9,1,216.0,0,0,shot_pb=1.00|flight_commit=1.00|person_ctx=4|pb_zfit|edge_zoom=0.918|bounds
478,1085.1,397.8,centroid,0.30,1178.7,584.5,849.9,0.0,657.5,1168.9,1,210.4,0,1,shot_pb=1.00|flight_commit=1.00|pb_zfit|keepin_prop=0.00|keepin_zoom=1.350|edge_zoom=0.941|bounds
479,1084.2,396.5,centroid,0.30,1184.5,584.5,855.7,0.0,657.5,1168.9,1,203.7,0,0,shot_pb=1.00|flight_commit=1.00|pb_zfit|edge_zoom=0.913|bounds
480,1083.4,395.2,centroid,0.30,1191.4,584.5,862.6,0.0,657.5,1168.9,1,196.0,0,0,shot_pb=1.00|flight_commit=1.00|pb_zfit|edge_zoom=0.911|bounds
481,1082.9,393.9,centroid,0.30,1199.3,584.5,870.6,0.0,657.5,1168.9,1,187.6,0,0,shot_pb=1.00|flight_commit=1.00|person_ctx=4|pb_zfit|edge_zoom=0.908|bounds
482,1082.8,392.7,centroid,0.30,1208.2,584.5,879.4,0.0,657.5,1168.9,1,178.6,0,0,shot_pb=1.00|flight_commit=1.00|pb_zfit|edge_zoom=0.905|bounds
483,1083.1,391.7,centroid,0.30,1217.8,584.5,889.0,0.0,657.5,1168.9,1,169.3,0,0,shot_pb=1.00|flight_commit=1.00|pb_zfit|edge_zoom=0.907|bounds
484,1084.1,391.0,centroid,0.30,1227.8,584.5,899.1,0.0,657.5,1168.9,1,160.3,0,0,shot_pb=1.00|flight_commit=1.00|pb_zfit|edge_zoom=0.917|bounds
485,1086.6,391.0,centroid,0.30,1238.1,584.5,909.4,0.0,657.5,1168.9,1,152.5,0,0,shot_pb=1.00|flight_commit=1.00|pb_zfit|edge_zoom=0.939|bounds
486,1089.7,391.3,centroid,0.30,1248.4,584.5,919.7,0.0,657.5,1168.9,1,145.3,0,1,shot_pb=1.00|flight_commit=1.00|pb_zfit|keepin_prop=0.03|keepin_zoom=1.350|edge_zoom=0.936|bounds
487,1093.3,391.9,centroid,0.30,1258.5,584.5,929.8,0.0,657.5,1168.9,1,138.8,0,1,shot_pb=1.00|flight_commit=1.00|pb_zfit|keepin_prop=0.00|keepin_zoom=1.350|edge_zoom=0.939|bounds
488,1097.4,392.5,centroid,0.30,1268.3,584.5,939.5,0.0,657.5,1168.9,1,133.1,0,0,shot_pb=1.00|flight_commit=1.00|pb_zfit|edge_zoom=0.945|bounds
489,1101.8,393.3,centroid,0.30,1277.5,584.5,948.7,0.0,657.5,1168.9,1,128.3,0,1,shot_pb=1.00|flight_commit=1.00|pb_zfit|keepin_prop=0.05|keepin_zoom=1.350|edge_zoom=0.935|bounds
490,1106.6,394.2,centroid,0.30,1286.1,584.5,957.3,0.0,657.5,1168.9,1,124.5,0,1,shot_pb=1.00|flight_commit=1.00|pb_zfit|keepin_prop=0.00|keepin_zoom=1.350|edge_zoom=0.940|bounds
491,1111.6,395.1,centroid,0.30,1294.0,584.5,965.3,0.0,657.5,1168.9,1,121.6,0,0,shot_pb=1.00|flight_commit=1.00|pb_zfit|edge_zoom=0.947|bounds
492,1116.8,396.1,centroid,0.30,1301.4,584.5,972.6,0.0,657.5,1168.9,1,119.4,0,1,shot_pb=1.00|flight_commit=1.00|pb_zfit|keepin_prop=0.05|keepin_zoom=1.350|edge_zoom=0.936|bounds
493,1122.3,397.2,centroid,0.30,1308.1,584.5,979.4,0.0,657.5,1168.9,1,118.2,0,1,shot_pb=1.00|flight_commit=1.00|pb_zfit|keepin_prop=0.00|keepin_zoom=1.350|edge_zoom=0.941|bounds
494,1127.9,398.2,centroid,0.30,1314.3,584.5,985.6,0.0,657.5,1168.9,1,117.6,0,0,shot_pb=1.00|flight_commit=1.00|pb_zfit|edge_zoom=0.948|bounds
495,1133.7,399.4,centroid,0.30,1320.1,584.5,991.4,0.0,657.5,1168.9,1,117.6,0,1,shot_pb=1.00|flight_commit=1.00|pb_zfit|keepin_prop=0.05|keepin_zoom=1.350|edge_zoom=0.938|bounds
496,1139.6,400.5,centroid,0.30,1325.5,584.4,996.8,0.0,657.5,1168.9,1,118.1,0,1,shot_pb=1.00|flight_commit=1.00|pb_zfit|keepin_prop=0.00|keepin_zoom=1.350|edge_zoom=0.942|bounds
497,1145.7,401.7,centroid,0.30,1330.6,584.4,1001.9,0.0,657.5,1168.8,1,119.1,0,0,shot_pb=1.00|flight_commit=1.00|pb_zfit|edge_zoom=0.949|bounds
498,1151.8,402.9,centroid,0.30,1335.5,584.4,1006.8,0.0,657.4,1168.8,1,120.3,0,1,shot_pb=1.00|flight_commit=1.00|pb_zfit|keepin_prop=0.05|keepin_zoom=1.350|edge_zoom=0.939|bounds
499,1157.9,404.1,centroid,0.30,1340.2,584.3,1011.5,0.0,657.4,1168.6,1,121.7,0,1,shot_pb=1.00|flight_commit=1.00|pb_zfit|keepin_prop=0.00|keepin_zoom=1.350|edge_zoom=0.944|bounds
500,1164.1,405.2,centroid,0.30,1344.7,584.2,1016.1,0.0,657.3,1168.5,1,123.4,0,0,shot_pb=1.00|flight_commit=1.00|pb_zfit|edge_zoom=0.951|bounds
501,1170.2,406.4,centroid,0.30,1349.2,584.1,1020.6,0.0,657.1,1168.2,1,125.0,0,1,shot_pb=1.00|flight_commit=1.00|pb_zfit|keepin_prop=0.05|keepin_zoom=1.350|edge_zoom=0.941|bounds
502,1175.9,407.3,centroid,0.30,1353.6,584.0,1025.1,0.0,657.0,1167.9,1,126.3,0,1,shot_pb=1.00|flight_commit=1.00|pb_zfit|keepin_prop=0.00|keepin_zoom=1.350|edge_zoom=0.945|bounds
503,1181.2,407.9,centroid,0.30,1357.9,583.7,1029.5,0.0,656.7,1167.5,1,127.3,0,0,shot_pb=1.00|flight_commit=1.00|pb_zfit|edge_zoom=0.949|bounds
504,1186.4,408.5,centroid,0.30,1362.1,583.5,1033.9,0.0,656.4,1167.0,1,128.3,0,1,shot_pb=1.00|flight_commit=1.00|pb_zfit|keepin_prop=0.07|keepin_zoom=1.350|edge_zoom=0.940|bounds
505,1191.6,409.2,centroid,0.30,1366.2,583.2,1038.2,0.0,656.1,1166.4,1,129.4,0,1,shot_pb=1.00|flight_commit=1.00|pb_zfit|keepin_prop=0.00|keepin_zoom=1.350|edge_zoom=0.946|bounds
506,1196.8,409.8,centroid,0.30,1370.3,582.8,1042.5,0.0,655.7,1165.6,1,130.5,0,0,shot_pb=1.00|flight_commit=1.00|pb_zfit|edge_zoom=0.950|bounds
507,1202.0,410.5,centroid,0.30,1374.3,582.4,1046.7,0.0,655.2,1164.8,1,131.7,0,1,shot_pb=1.00|flight_commit=1.00|pb_zfit|keepin_prop=0.07|keepin_zoom=1.350|edge_zoom=0.941|bounds
508,1207.0,411.2,centroid,0.30,1378.3,582.0,1050.9,0.0,654.7,1164.0,1,132.7,0,1,shot_pb=1.00|flight_commit=1.00|pb_zfit|keepin_prop=0.00|keepin_zoom=1.350|edge_zoom=0.946|bounds
509,1212.0,411.8,centroid,0.30,1382.1,581.5,1055.0,0.0,654.2,1163.1,1,133.9,0,0,shot_pb=1.00|flight_commit=1.00|pb_zfit|edge_zoom=0.951|bounds
510,1216.9,412.4,centroid,0.30,1385.8,581.1,1058.9,0.0,653.7,1162.1,1,135.1,0,1,shot_pb=1.00|flight_commit=1.00|pb_zfit|keepin_prop=0.08|keepin_zoom=1.350|edge_zoom=0.941|bounds
511,1221.6,413.0,centroid,0.30,1389.4,580.6,1062.8,0.0,653.2,1161.2,1,136.2,0,1,shot_pb=1.00|flight_commit=1.00|keepin_prop=0.00|keepin_zoom=1.350|edge_zoom=0.947|bounds
512,1226.1,413.5,centroid,0.30,1392.8,580.1,1066.5,0.0,652.6,1160.3,1,137.3,0,0,shot_pb=1.00|flight_commit=1.00|edge_zoom=0.951|bounds
513,1230.4,413.9,centroid,0.30,1396.0,579.7,1070.0,0.0,652.1,1159.3,1,138.4,0,1,shot_pb=1.00|flight_commit=1.00|keepin_prop=0.08|keepin_zoom=1.350|edge_zoom=0.941|bounds
514,1234.5,414.3,centroid,0.30,1399.0,579.2,1073.2,0.0,651.6,1158.3,1,139.5,0,1,shot_pb=1.00|flight_commit=1.00|keepin_prop=0.00|keepin_zoom=1.350|edge_zoom=0.947|bounds
515,1238.3,414.7,centroid,0.30,1401.7,578.6,1076.2,0.0,651.0,1157.3,1,140.6,0,0,shot_pb=1.00|flight_commit=1.00|edge_zoom=0.951|bounds
516,1241.9,415.1,centroid,0.30,1404.0,578.0,1078.9,0.0,650.3,1156.1,1,141.9,0,1,shot_pb=1.00|flight_commit=1.00|keepin_prop=0.09|keepin_zoom=1.350|edge_zoom=0.941|bounds
517,1245.2,415.5,centroid,0.30,1405.8,577.3,1081.1,0.0,649.5,1154.7,1,143.4,0,1,shot_pb=1.00|flight_commit=1.00|keepin_prop=0.01|keepin_zoom=1.350|edge_zoom=0.948|bounds
518,1248.3,415.9,centroid,0.30,1407.1,576.5,1082.9,0.0,648.6,1153.0,1,145.2,0,0,shot_pb=1.00|flight_commit=1.00|edge_zoom=0.953|bounds
519,1251.2,416.3,centroid,0.30,1407.7,575.5,1084.0,0.0,647.5,1151.0,1,147.5,0,1,shot_pb=1.00|flight_commit=1.00|keepin_prop=0.09|keepin_zoom=1.350|edge_zoom=0.942|bounds
520,1253.7,416.7,centroid,0.31,1407.5,574.4,1084.5,0.0,646.2,1148.7,1,150.2,0,1,shot_pb=1.00|flight_commit=1.00|keepin_prop=0.01|keepin_zoom=1.350|edge_zoom=0.948|bounds
521,1256.0,417.2,centroid,0.31,1406.4,573.0,1084.1,0.0,644.6,1146.0,1,153.6,0,0,shot_pb=1.00|flight_commit=1.00|edge_zoom=0.956|bounds
522,1258.0,417.7,centroid,0.31,1404.2,571.5,1082.8,0.0,642.9,1143.0,1,157.8,0,1,shot_pb=1.00|flight_commit=1.00|keepin_prop=0.09|keepin_zoom=1.350|edge_zoom=0.942|bounds
523,1259.6,418.3,centroid,0.31,1400.9,569.9,1080.4,0.0,641.1,1139.8,1,162.7,0,1,shot_pb=1.00|flight_commit=1.00|keepin_prop=0.01|keepin_zoom=1.350|edge_zoom=0.949|bounds
524,1261.0,418.8,centroid,0.31,1396.5,568.3,1076.8,0.0,639.3,1136.6,1,168.5,0,0,shot_pb=1.00|flight_commit=1.00|edge_zoom=0.963|bounds
525,1262.0,419.4,centroid,0.31,1390.9,566.7,1072.1,0.0,637.6,1133.4,1,175.1,0,1,shot_pb=1.00|flight_commit=1.00|keepin_prop=0.05|keepin_zoom=1.350|edge_zoom=0.946|bounds
526,1262.6,420.0,centroid,0.31,1384.3,565.3,1066.3,0.0,635.9,1130.6,1,182.3,0,0,shot_pb=1.00|flight_commit=1.00|edge_zoom=0.973|bounds
527,1262.9,420.6,centroid,0.32,1376.8,564.0,1059.6,0.0,634.5,1128.1,1,190.1,0,0,shot_pb=1.00|flight_commit=1.00|bounds
528,1262.8,421.2,centroid,0.32,1368.7,563.0,1052.1,0.0,633.4,1126.0,1,198.1,0,0,shot_pb=1.00|flight_commit=1.00|edge_zoom=0.984|bounds
529,1262.4,421.8,centroid,0.32,1360.3,562.1,1044.1,0.0,632.4,1124.3,1,206.1,0,0,shot_pb=1.00|flight_commit=1.00|edge_zoom=0.979|bounds
530,1261.7,422.4,centroid,0.32,1351.9,561.4,1036.1,0.0,631.6,1122.8,1,213.8,0,0,shot_pb=1.00|flight_commit=1.00|edge_zoom=0.973|bounds
531,1260.6,423.0,centroid,0.32,1343.9,560.7,1028.5,0.0,630.8,1121.4,1,220.7,0,0,shot_pb=1.00|flight_commit=1.00|edge_zoom=0.969|bounds
532,1259.3,423.7,centroid,0.32,1336.7,560.0,1021.8,0.0,630.0,1119.9,1,226.6,0,1,shot_pb=1.00|flight_commit=1.00|keepin_prop=0.03|keepin_zoom=1.350|edge_zoom=0.949|bounds
533,1257.8,424.6,centroid,0.32,1330.8,559.1,1016.3,0.0,629.0,1118.2,1,231.0,0,0,shot_pb=1.00|flight_commit=1.00|edge_zoom=0.968|bounds
534,1256.2,425.5,centroid,0.33,1326.4,558.0,1012.6,0.0,627.8,1116.0,1,233.8,0,1,shot_pb=1.00|flight_commit=1.00|keepin_prop=0.08|keepin_zoom=1.350|edge_zoom=0.947|bounds
535,1254.5,426.6,centroid,0.33,1324.0,556.7,1010.8,0.0,626.3,1113.5,1,234.5,0,1,shot_pb=1.00|flight_commit=1.00|keepin_prop=0.00|keepin_zoom=1.350|edge_zoom=0.952|bounds
536,1252.8,428.0,centroid,0.33,1323.6,555.3,1011.3,0.0,624.7,1110.6,1,233.2,0,0,shot_pb=1.00|flight_commit=1.00|edge_zoom=0.975|bounds
537,1251.2,429.7,centroid,0.33,1325.6,553.8,1014.1,0.0,623.0,1107.5,1,229.6,0,0,shot_pb=1.00|flight_commit=1.00|edge_zoom=0.988|bounds
538,1250.0,431.9,centroid,0.33,1329.8,552.2,1019.2,0.0,621.2,1104.4,1,224.2,0,0,shot_pb=1.00|flight_commit=1.00|bounds
539,1249.2,434.7,centroid,0.33,1336.4,550.8,1026.6,0.0,619.7,1101.7,1,216.8,0,0,shot_pb=1.00|flight_commit=1.00|bounds
540,1249.0,438.3,centroid,0.33,1345.2,549.7,1036.0,0.0,618.4,1099.5,1,207.8,0,0,shot_pb=1.00|flight_commit=1.00|edge_zoom=0.995|bounds
541,1249.8,442.9,centroid,0.34,1355.9,549.0,1047.1,0.0,617.6,1098.0,1,197.9,0,0,shot_pb=1.00|flight_commit=1.00|edge_zoom=0.993|bounds
542,1251.8,448.7,centroid,0.34,1368.1,548.7,1059.5,0.0,617.3,1097.5,1,187.7,0,0,shot_pb=1.00|flight_commit=1.00|edge_zoom=0.993|bounds
543,1255.3,456.1,centroid,0.34,1381.5,549.0,1072.7,0.0,617.6,1098.0,1,177.8,0,0,shot_pb=1.00|flight_commit=1.00|edge_zoom=0.995|bounds
544,1261.0,465.5,centroid,0.34,1395.6,549.8,1086.3,0.0,618.6,1099.7,1,169.4,0,0,shot_pb=1.00|flight_commit=1.00|edge_zoom=0.997|bounds
545,1269.3,477.4,centroid,0.34,1409.8,551.3,1099.7,0.0,620.2,1102.5,1,163.5,0,0,shot_pb=1.00|flight_commit=1.00|bounds
546,1281.0,492.4,centroid,0.34,1423.3,553.2,1112.2,0.0,622.3,1106.4,1,161.7,0,0,shot_pb=1.00|flight_commit=1.00|edge_zoom=0.996|bounds
547,1296.9,511.4,centroid,0.34,1435.7,555.6,1123.2,0.0,625.1,1111.2,1,165.2,0,0,shot_pb=1.00|flight_commit=1.00|edge_zoom=0.991|bounds
548,1318.3,535.3,centroid,0.35,1446.2,558.4,1132.1,0.0,628.2,1116.8,1,176.1,0,0,shot_pb=1.00|flight_commit=1.00|edge_zoom=0.983|bounds
549,1346.6,565.3,centroid,0.35,1454.1,561.5,1138.3,0.0,631.7,1123.0,1,196.5,0,0,shot_pb=1.00|flight_commit=1.00|edge_zoom=0.970|bounds
550,1383.4,602.9,centroid,0.35,1459.0,564.7,1141.3,0.0,635.3,1129.4,1,228.4,0,0,shot_pb=1.00|flight_commit=1.00|edge_zoom=0.956|bounds
551,1498.9,711.2,yolo,0.24,1460.2,567.9,1140.8,0.0,638.9,1135.8,1,265.3,0,0,accel_zoom=0.780|shot_pb=1.00|flight_commit=1.00|flight_boost=1.40|edge_zoom=0.915|bounds
552,1528.2,741.5,interp,0.38,1457.4,571.0,1136.2,0.0,642.3,1141.9,1,233.2,0,0,shot_pb=1.00|flight_commit=1.00|flight_boost=1.45|edge_zoom=0.902|bounds
553,1542.9,758.9,interp,0.38,1450.3,573.8,1127.5,0.0,645.5,1147.5,1,211.4,0,0,shot_pb=1.00|flight_commit=1.00|flight_boost=1.42|edge_zoom=0.889|bounds
554,1544.9,764.8,interp,0.38,1438.7,576.3,1114.6,0.0,648.3,1152.5,1,197.8,0,0,shot_pb=1.00|flight_commit=1.00|flight_boost=1.31|edge_zoom=0.885|bounds
555,1535.2,760.6,interp,0.38,1422.7,578.4,1097.4,0.0,650.7,1156.7,1,191.5,0,0,shot_pb=1.00|flight_commit=1.00|flight_boost=1.17|edge_zoom=0.933|bounds
556,1514.3,746.7,interp,0.38,1402.4,580.1,1076.1,0.0,652.6,1160.2,1,192.1,0,0,shot_pb=1.00|flight_commit=1.00|edge_zoom=0.944|bounds
557,1482.3,723.3,interp,0.38,1378.1,581.4,1051.0,0.0,654.1,1162.8,1,199.8,0,0,shot_pb=1.00|flight_commit=1.00|edge_zoom=0.954|bounds
558,1438.5,690.2,yolo,0.29,1350.2,582.4,1022.6,0.0,655.2,1164.8,1,215.7,0,0,shot_pb=1.00|flight_commit=1.00|edge_zoom=0.967|bounds
559,1367.5,634.7,yolo,0.30,1319.2,583.1,991.2,0.0,656.0,1166.3,1,255.7,0,0,accel_zoom=0.894|shot_pb=1.00|flight_commit=1.00|flight_boost=1.11|edge_zoom=0.989|bounds
560,1290.8,574.4,yolo,0.28,1285.8,583.7,957.5,0.0,656.6,1167.3,1,299.0,0,0,accel_zoom=0.884|shot_pb=1.00|flight_commit=1.00|flight_boost=1.39|edge_zoom=0.988|bounds
561,1207.3,509.1,interp,0.50,1250.6,584.0,922.1,0.0,657.0,1168.0,1,260.7,0,0,accel_zoom=0.841|shot_pb=1.00|flight_commit=1.00|flight_boost=1.65|edge_zoom=0.963|bounds
562,1123.1,443.7,interp,0.50,1214.2,584.2,885.6,0.0,657.2,1168.4,1,212.9,0,0,accel_zoom=0.821|shot_pb=1.00|flight_commit=1.00|pb_zfit|flight_boost=1.87|edge_zoom=0.938|bounds
563,1040.6,380.5,interp,0.50,1177.1,584.3,848.4,0.0,657.4,1168.7,1,167.5,0,0,accel_zoom=0.813|shot_pb=1.00|flight_commit=1.00|pb_zfit|flight_boost=2.00|edge_zoom=0.914|bounds
564,961.5,321.2,interp,0.50,1139.7,584.4,811.0,0.0,657.5,1168.8,1,125.8,0,0,accel_zoom=0.813|shot_pb=1.00|flight_commit=1.00|pb_zfit|flight_boost=2.00|edge_zoom=0.891|bounds
565,887.2,267.2,interp,0.50,1102.1,584.5,773.4,0.0,657.5,1168.9,1,89.1,0,0,accel_zoom=0.813|shot_pb=1.00|flight_commit=1.00|pb_zfit|flight_boost=2.00|edge_zoom=0.871|bounds
566,818.9,219.9,interp,0.50,1064.7,584.5,735.9,0.0,657.5,1168.9,1,58.2,0,1,accel_zoom=0.813|shot_pb=1.00|flight_commit=1.00|pb_zfit|keepin_prop=0.01|keepin_zoom=1.350|flight_boost=1.96|edge_zoom=0.871|bounds
567,757.3,180.4,interp,0.50,1027.7,584.5,698.9,0.0,657.5,1168.9,1,33.6,0,1,accel_zoom=0.813|shot_pb=1.00|flight_commit=1.00|pb_zfit|keepin_prop=0.06|keepin_zoom=1.350|flight_boost=1.85|edge_zoom=0.847|bounds
568,703.5,154.6,interp,0.50,987.2,584.5,658.5,0.0,657.5,1168.9,1,20.3,1,1,accel_zoom=0.813|shot_pb=1.00|flight_commit=1.00|pb_zfit|keepin_prop=0.12|keepin_zoom=1.350|flight_boost=1.71|speed|edge_zoom=0.833|bounds
569,658.0,137.9,interp,0.50,941.8,584.5,613.0,0.0,657.5,1168.9,1,20.2,1,1,accel_zoom=0.813|shot_pb=1.00|flight_commit=1.00|pb_zfit|keepin_prop=0.17|keepin_zoom=1.350|flight_boost=1.55|speed|edge_zoom=0.846|bounds
570,621.9,128.0,interp,0.50,905.7,584.5,576.9,0.0,657.5,1168.9,1,20.2,1,1,accel_zoom=0.813|shot_pb=1.00|flight_commit=1.00|pb_zfit|keepin_prop=0.20|keepin_zoom=1.350|flight_boost=1.37|speed|edge_zoom=0.833|bounds
571,596.2,124.5,interp,0.50,880.0,584.5,551.2,0.0,657.5,1168.9,1,20.2,1,1,shot_pb=1.00|flight_commit=1.00|pb_zfit|keepin_prop=0.23|keepin_zoom=1.350|flight_boost=1.19|speed|edge_zoom=0.825|bounds
572,582.2,127.2,interp,0.50,866.0,584.5,537.2,0.0,657.5,1168.9,1,20.2,1,1,shot_pb=1.00|flight_commit=1.00|pb_zfit|keepin_prop=0.26|keepin_zoom=1.350|speed|edge_zoom=0.815|bounds
573,581.5,136.3,interp,0.50,865.3,584.5,536.5,0.0,657.5,1168.9,1,20.2,1,1,shot_pb=1.00|flight_commit=1.00|pb_zfit|keepin_prop=0.32|keepin_zoom=1.350|speed|edge_zoom=0.793|bounds
574,596.1,152.2,interp,0.50,879.9,584.5,551.1,0.0,657.5,1168.9,1,20.2,1,1,accel_zoom=0.863|shot_pb=1.00|flight_commit=1.00|pb_zfit|keepin_prop=0.23|keepin_zoom=1.350|speed|edge_zoom=0.824|bounds
575,692.6,205.6,yolo,0.53,896.5,584.5,567.8,0.0,657.5,1168.9,1,100.1,0,1,accel_zoom=0.780|shot_pb=1.00|flight_commit=1.00|pb_zfit|keepin_prop=0.07|keepin_zoom=1.350|edge_zoom=0.854|bounds
576,720.5,224.5,yolo,0.45,902.0,584.5,573.2,0.0,657.5,1168.9,1,122.5,1,1,accel_zoom=0.780|shot_pb=1.00|flight_commit=1.00|pb_zfit|keepin_prop=0.04|keepin_zoom=1.350|flight_boost=1.01|speed|edge_zoom=0.888|bounds
577,741.9,239.8,interp,0.38,907.6,584.5,578.8,0.0,657.5,1168.9,1,138.3,1,1,accel_zoom=0.780|shot_pb=1.00|flight_commit=1.00|pb_zfit|keepin_prop=0.02|keepin_zoom=1.350|flight_boost=1.05|speed|edge_zoom=0.893|bounds
578,758.3,252.1,interp,0.38,912.7,584.5,584.0,0.0,657.5,1168.9,1,149.6,1,1,shot_pb=1.00|flight_commit=1.00|pb_zfit|keepin_prop=0.01|keepin_zoom=1.350|flight_boost=1.09|speed|edge_zoom=0.893|bounds
579,770.5,262.1,yolo,0.43,917.1,584.5,588.4,0.0,657.5,1168.9,1,157.4,1,1,shot_pb=1.00|flight_commit=1.00|pb_zfit|keepin_prop=0.01|keepin_zoom=1.350|flight_boost=1.07|speed|edge_zoom=0.893|bounds
580,779.5,270.1,interp,0.38,920.9,584.5,592.1,0.0,657.5,1168.9,1,162.6,1,1,shot_pb=1.00|flight_commit=1.00|pb_zfit|keepin_prop=0.00|keepin_zoom=1.350|speed|edge_zoom=0.893|bounds
581,785.7,276.6,interp,0.38,924.0,584.5,595.3,0.0,657.5,1168.9,1,165.7,0,1,shot_pb=1.00|flight_commit=1.00|pb_zfit|keepin_prop=0.00|keepin_zoom=1.350|edge_zoom=0.895|bounds
582,789.8,281.8,interp,0.38,926.4,584.5,597.6,0.0,657.5,1168.9,1,167.4,0,1,shot_pb=1.00|flight_commit=1.00|pb_zfit|keepin_prop=0.00|keepin_zoom=1.350|edge_zoom=0.897|bounds
583,792.0,286.1,interp,0.38,927.9,584.5,599.2,0.0,657.5,1168.9,1,168.1,0,1,shot_pb=1.00|flight_commit=1.00|pb_zfit|keepin_prop=0.00|keepin_zoom=1.350|edge_zoom=0.898|bounds
584,792.6,289.6,interp,0.38,928.5,584.5,599.7,0.0,657.5,1168.9,1,168.1,0,1,shot_pb=1.00|flight_commit=1.00|pb_zfit|keepin_prop=0.00|keepin_zoom=1.350|edge_zoom=0.900|bounds
585,791.9,292.6,interp,0.38,927.9,584.5,599.2,0.0,657.5,1168.9,1,168.0,0,1,shot_pb=1.00|flight_commit=1.00|pb_zfit|keepin_prop=0.00|keepin_zoom=1.350|edge_zoom=0.901|bounds
586,790.0,295.0,interp,0.38,926.3,584.5,597.6,0.0,657.5,1168.9,1,167.7,0,0,shot_pb=1.00|flight_commit=1.00|pb_zfit|edge_zoom=0.929|bounds
587,786.9,297.0,interp,0.38,923.7,584.5,594.9,0.0,657.5,1168.9,1,167.2,0,0,shot_pb=1.00|flight_commit=1.00|pb_zfit|edge_zoom=0.922|bounds
588,782.7,298.7,yolo,0.41,920.2,584.5,591.4,0.0,657.5,1168.9,1,166.5,0,1,shot_pb=1.00|flight_commit=1.00|pb_zfit|keepin_prop=0.03|keepin_zoom=1.350|edge_zoom=0.900|bounds
589,775.2,300.4,yolo,0.41,915.8,584.5,587.1,0.0,657.5,1168.9,1,163.4,0,0,shot_pb=1.00|flight_commit=1.00|pb_zfit|edge_zoom=0.911|bounds
590,769.3,301.6,interp,0.38,910.8,584.5,582.0,0.0,657.5,1168.9,1,162.5,0,1,shot_pb=1.00|flight_commit=1.00|pb_zfit|keepin_prop=0.09|keepin_zoom=1.350|edge_zoom=0.892|bounds
591,763.1,302.7,interp,0.38,905.3,584.5,576.5,0.0,657.5,1168.9,1,161.8,0,1,shot_pb=1.00|flight_commit=1.00|pb_zfit|keepin_prop=0.00|keepin_zoom=1.350|edge_zoom=0.904|bounds
592,756.5,303.6,interp,0.38,899.4,584.5,570.6,0.0,657.5,1168.9,1,161.1,0,0,shot_pb=1.00|flight_commit=1.00|pb_zfit|edge_zoom=0.910|bounds
593,749.4,304.3,interp,0.38,893.2,584.5,564.4,0.0,657.5,1168.9,1,160.2,0,1,shot_pb=1.00|flight_commit=1.00|pb_zfit|keepin_prop=0.06|keepin_zoom=1.350|edge_zoom=0.897|bounds
594,741.8,304.9,interp,0.38,886.8,584.5,558.0,0.0,657.5,1168.9,1,159.0,0,1,shot_pb=1.00|flight_commit=1.00|pb_zfit|keepin_prop=0.00|keepin_zoom=1.350|edge_zoom=0.906|bounds
595,733.5,305.4,yolo,0.38,880.2,584.5,551.5,0.0,657.5,1168.9,1,157.3,0,0,shot_pb=1.00|flight_commit=1.00|pb_zfit|edge_zoom=0.908|bounds
596,722.4,305.9,yolo,0.38,873.7,584.5,544.9,0.0,657.5,1168.9,1,152.7,0,1,shot_pb=1.00|flight_commit=1.00|pb_zfit|keepin_prop=0.04|keepin_zoom=1.350|edge_zoom=0.901|bounds
597,712.5,306.2,interp,0.38,867.1,584.5,538.3,0.0,657.5,1168.9,1,149.4,0,0,shot_pb=1.00|flight_commit=1.00|pb_zfit|edge_zoom=0.907|bounds
598,702.6,306.3,yolo,0.39,860.5,584.5,531.8,0.0,657.5,1168.9,1,146.1,0,1,shot_pb=1.00|flight_commit=1.00|pb_zfit|keepin_prop=0.08|keepin_zoom=1.350|edge_zoom=0.895|bounds
599,692.8,306.4,interp,0.38,854.1,584.5,525.3,0.0,657.5,1168.9,1,142.7,0,1,shot_pb=1.00|flight_commit=1.00|pb_zfit|keepin_prop=0.00|keepin_zoom=1.350|edge_zoom=0.906|bounds
600,683.0,306.4,yolo,0.34,847.7,584.5,519.0,0.0,657.5,1168.9,1,139.3,0,0,shot_pb=1.00|flight_commit=1.00|pb_zfit|edge_zoom=0.906|bounds
601,672.7,306.4,yolo,0.39,841.5,584.5,512.7,0.0,657.5,1168.9,1,135.2,0,1,shot_pb=1.00|flight_commit=1.00|pb_zfit|keepin_prop=0.04|keepin_zoom=1.350|edge_zoom=0.901|bounds
602,663.1,306.3,yolo,0.35,835.4,584.5,506.6,0.0,657.5,1168.9,1,131.7,0,0,shot_pb=1.00|flight_commit=1.00|pb_zfit|edge_zoom=0.906|bounds
603,655.1,306.2,interp,0.38,829.4,584.5,500.7,0.0,657.5,1168.9,1,129.7,0,1,shot_pb=1.00|flight_commit=1.00|pb_zfit|keepin_prop=0.09|keepin_zoom=1.350|edge_zoom=0.894|bounds
604,647.9,306.2,yolo,0.33,823.6,584.5,494.9,0.0,657.5,1168.9,1,128.3,0,1,shot_pb=1.00|flight_commit=1.00|pb_zfit|keepin_prop=0.00|keepin_zoom=1.350|edge_zoom=0.906|bounds
605,640.8,306.1,yolo,0.38,818.0,584.5,489.3,0.0,657.5,1168.9,1,126.8,0,0,shot_pb=1.00|flight_commit=1.00|pb_zfit|edge_zoom=0.906|bounds
606,637.3,305.9,interp,0.38,812.6,584.5,483.8,0.0,657.5,1168.9,1,128.7,0,1,shot_pb=1.00|flight_commit=1.00|pb_zfit|keepin_prop=0.07|keepin_zoom=1.350|edge_zoom=0.897|bounds
607,634.2,305.7,interp,0.38,807.3,584.5,478.5,0.0,657.5,1168.9,1,130.9,0,1,shot_pb=1.00|flight_commit=1.00|pb_zfit|keepin_prop=0.00|keepin_zoom=1.350|edge_zoom=0.906|bounds
608,630.8,305.6,interp,0.38,802.3,584.5,473.5,0.0,657.5,1168.9,1,132.5,0,0,shot_pb=1.00|flight_commit=1.00|pb_zfit|edge_zoom=0.904|bounds
609,626.3,305.5,interp,0.38,797.6,584.5,468.8,0.0,657.5,1168.9,1,132.7,0,1,shot_pb=1.00|flight_commit=1.00|pb_zfit|keepin_prop=0.07|keepin_zoom=1.350|edge_zoom=0.896|bounds
610,620.0,305.5,interp,0.38,793.2,584.5,464.5,0.0,657.5,1168.9,1,130.8,0,1,shot_pb=1.00|flight_commit=1.00|pb_zfit|keepin_prop=0.00|keepin_zoom=1.350|edge_zoom=0.906|bounds
611,599.4,306.1,interp,0.38,789.4,584.5,460.6,0.0,657.5,1168.9,1,114.0,0,0,accel_zoom=0.936|shot_pb=1.00|flight_commit=1.00|pb_zfit|edge_zoom=0.907|bounds
612,590.3,306.2,interp,0.38,786.1,584.5,457.3,0.0,657.5,1168.9,1,108.2,0,1,shot_pb=1.00|flight_commit=1.00|pb_zfit|keepin_prop=0.03|keepin_zoom=1.350|edge_zoom=0.902|bounds
613,582.4,306.3,interp,0.38,783.5,584.5,454.7,0.0,657.5,1168.9,1,102.9,0,0,shot_pb=1.00|flight_commit=1.00|pb_zfit|edge_zoom=0.907|bounds
614,575.8,306.4,interp,0.38,781.7,584.5,453.0,0.0,657.5,1168.9,1,98.1,0,1,shot_pb=1.00|flight_commit=1.00|pb_zfit|keepin_prop=0.09|keepin_zoom=1.350|edge_zoom=0.894|bounds
615,570.3,306.5,interp,0.38,781.0,584.5,452.2,0.0,657.5,1168.9,1,93.3,0,1,shot_pb=1.00|flight_commit=1.00|pb_zfit|keepin_prop=0.00|keepin_zoom=1.350|edge_zoom=0.906|bounds
616,565.8,306.5,interp,0.38,781.4,584.5,452.6,0.0,657.5,1168.9,1,88.4,0,0,shot_pb=1.00|flight_commit=1.00|pb_zfit|edge_zoom=0.907|bounds
617,562.3,306.5,interp,0.38,783.0,584.5,454.2,0.0,657.5,1168.9,1,83.3,0,1,shot_pb=1.00|flight_commit=1.00|pb_zfit|keepin_prop=0.08|keepin_zoom=1.350|edge_zoom=0.896|bounds
618,559.8,306.5,interp,0.38,786.0,584.5,457.2,0.0,657.5,1168.9,1,77.8,0,1,shot_pb=1.00|flight_commit=1.00|pb_zfit|keepin_prop=0.00|keepin_zoom=1.350|edge_zoom=0.906|bounds
619,558.2,306.5,interp,0.38,790.4,584.5,461.7,0.0,657.5,1168.9,1,71.8,0,0,shot_pb=1.00|flight_commit=1.00|pb_zfit|edge_zoom=0.906|bounds
620,557.7,306.4,interp,0.38,796.5,584.5,467.7,0.0,657.5,1168.9,1,65.2,0,1,shot_pb=1.00|flight_commit=1.00|pb_zfit|keepin_prop=0.09|keepin_zoom=1.350|edge_zoom=0.894|bounds
621,558.3,306.4,interp,0.38,804.2,584.5,475.4,0.0,657.5,1168.9,1,58.1,0,0,shot_pb=1.00|flight_commit=1.00|pb_zfit|edge_zoom=0.884|bounds
622,560.2,306.2,interp,0.38,813.6,584.5,484.8,0.0,657.5,1168.9,1,50.6,0,0,shot_pb=1.00|flight_commit=1.00|pb_zfit|edge_zoom=0.787|bounds
623,563.6,306.1,interp,0.38,824.7,584.5,495.9,0.0,657.5,1168.9,1,42.9,0,0,shot_pb=1.00|flight_commit=1.00|pb_zfit|edge_zoom=0.790|bounds
624,568.7,305.9,interp,0.38,837.5,584.5,508.7,0.0,657.5,1168.9,1,35.2,0,0,shot_pb=1.00|flight_commit=1.00|pb_zfit|edge_zoom=0.794|bounds
625,575.8,305.6,interp,0.38,852.0,584.5,523.2,0.0,657.5,1168.9,1,27.8,0,0,shot_pb=1.00|flight_commit=1.00|pb_zfit|edge_zoom=0.799|bounds
626,585.4,305.2,interp,0.38,868.1,584.5,539.4,0.0,657.5,1168.9,1,21.3,0,0,shot_pb=1.00|flight_commit=1.00|pb_zfit|edge_zoom=0.806|bounds
627,598.1,304.8,interp,0.38,881.8,584.5,553.1,0.0,657.5,1168.9,1,20.3,0,0,shot_pb=1.00|flight_commit=1.00|pb_zfit|edge_zoom=0.814|bounds
628,614.4,304.2,interp,0.38,898.2,584.5,569.4,0.0,657.5,1168.9,1,20.2,0,0,shot_pb=1.00|flight_commit=1.00|pb_zfit|edge_zoom=0.824|bounds
629,635.3,303.5,interp,0.38,919.1,584.5,590.3,0.0,657.5,1168.9,1,20.2,0,0,accel_zoom=0.939|shot_pb=1.00|flight_commit=1.00|pb_zfit|edge_zoom=0.837|bounds
630,661.9,302.6,interp,0.38,945.7,584.5,616.9,0.0,657.5,1168.9,1,20.2,0,0,accel_zoom=0.923|shot_pb=1.00|flight_commit=1.00|pb_zfit|edge_zoom=0.855|bounds
631,695.6,301.5,interp,0.38,973.0,584.5,644.2,0.0,657.5,1168.9,1,26.6,0,0,accel_zoom=0.903|shot_pb=1.00|flight_commit=1.00|pb_zfit|edge_zoom=0.877|bounds
632,777.1,298.4,blended,0.80,997.3,584.5,668.5,0.0,657.5,1168.9,1,83.8,0,0,accel_zoom=0.780|shot_pb=1.00|flight_commit=1.00|pb_zfit|edge_zoom=0.902|bounds
633,813.5,297.5,blended,0.80,1021.8,584.5,693.0,0.0,657.5,1168.9,1,95.7,0,0,accel_zoom=0.780|shot_pb=1.00|flight_commit=1.00|pb_zfit|flight_boost=1.04|edge_zoom=0.902|bounds
634,845.4,296.8,interp,0.38,1046.0,584.5,717.2,0.0,657.5,1168.9,1,103.4,0,0,accel_zoom=0.780|shot_pb=1.00|flight_commit=1.00|pb_zfit|flight_boost=1.08|edge_zoom=0.902|bounds
635,872.8,296.8,interp,0.38,1069.7,584.5,741.0,0.0,657.5,1168.9,1,107.1,0,0,accel_zoom=0.780|shot_pb=1.00|flight_commit=1.00|pb_zfit|flight_boost=1.08|edge_zoom=0.897|bounds
636,896.9,297.1,interp,0.38,1092.7,584.5,764.0,0.0,657.5,1168.9,1,108.2,0,0,shot_pb=1.00|flight_commit=1.00|pb_zfit|flight_boost=1.05|edge_zoom=0.894|bounds
637,918.3,297.7,interp,0.38,1114.8,584.5,786.1,0.0,657.5,1168.9,1,107.5,0,0,shot_pb=1.00|flight_commit=1.00|pb_zfit|edge_zoom=0.892|bounds
638,937.6,298.6,interp,0.38,1135.9,584.5,807.2,0.0,657.5,1168.9,1,105.7,0,0,shot_pb=1.00|flight_commit=1.00|pb_zfit|edge_zoom=0.890|bounds
639,955.1,299.7,interp,0.38,1156.0,584.5,827.2,0.0,657.5,1168.9,1,103.1,0,1,shot_pb=1.00|flight_commit=1.00|pb_zfit|keepin_prop=0.00|keepin_zoom=1.350|edge_zoom=0.904|bounds
640,971.4,301.0,interp,0.38,1174.9,584.5,846.2,0.0,657.5,1168.9,1,100.5,0,0,shot_pb=1.00|flight_commit=1.00|pb_zfit|edge_zoom=0.907|bounds
641,986.7,302.6,interp,0.38,1192.9,584.4,864.1,0.0,657.5,1168.9,1,97.8,0,1,shot_pb=1.00|flight_commit=1.00|pb_zfit|keepin_prop=0.01|keepin_zoom=1.350|edge_zoom=0.904|bounds
642,1001.2,304.5,interp,0.38,1209.9,584.4,881.2,0.0,657.4,1168.8,1,95.3,0,0,shot_pb=1.00|flight_commit=1.00|pb_zfit|edge_zoom=0.910|bounds
643,1015.1,306.6,interp,0.38,1226.2,584.3,897.5,0.0,657.3,1168.6,1,92.9,0,1,shot_pb=1.00|flight_commit=1.00|pb_zfit|keepin_prop=0.02|keepin_zoom=1.350|edge_zoom=0.904|bounds
644,1028.7,309.2,interp,0.38,1241.8,584.2,913.2,0.0,657.2,1168.3,1,90.9,0,0,shot_pb=1.00|flight_commit=1.00|pb_zfit|edge_zoom=0.914|bounds
645,1042.1,312.1,interp,0.38,1257.0,584.0,928.5,0.0,656.9,1167.9,1,89.1,0,1,shot_pb=1.00|flight_commit=1.00|pb_zfit|keepin_prop=0.03|keepin_zoom=1.350|edge_zoom=0.904|bounds
646,1055.4,315.5,interp,0.38,1271.9,583.6,943.6,0.0,656.6,1167.3,1,87.5,0,0,shot_pb=1.00|flight_commit=1.00|pb_zfit|edge_zoom=0.918|bounds
647,1068.8,319.5,interp,0.38,1286.7,583.2,958.7,0.0,656.1,1166.4,1,86.1,0,1,shot_pb=1.00|flight_commit=1.00|pb_zfit|keepin_prop=0.04|keepin_zoom=1.350|edge_zoom=0.906|bounds
648,1082.5,324.3,interp,0.38,1301.7,582.6,973.9,0.0,655.5,1165.3,1,84.8,0,0,shot_pb=1.00|flight_commit=1.00|pb_zfit|edge_zoom=0.925|bounds
649,1096.6,330.1,interp,0.38,1316.8,581.9,989.5,0.0,654.6,1163.7,1,83.8,0,1,shot_pb=1.00|flight_commit=1.00|pb_zfit|keepin_prop=0.04|keepin_zoom=1.350|edge_zoom=0.911|bounds
650,1111.2,337.0,interp,0.38,1332.3,580.9,1005.6,0.0,653.5,1161.9,1,82.9,0,0,shot_pb=1.00|flight_commit=1.00|pb_zfit|edge_zoom=0.933|bounds
651,1126.8,345.3,interp,0.38,1348.3,579.8,1022.1,0.0,652.3,1159.7,1,82.5,0,1,shot_pb=1.00|flight_commit=1.00|pb_zfit|keepin_prop=0.02|keepin_zoom=1.350|edge_zoom=0.919|bounds
652,1143.4,355.4,yolo,0.24,1364.7,578.6,1039.2,0.0,650.9,1157.2,1,82.7,0,0,shot_pb=1.00|flight_commit=1.00|pb_zfit|edge_zoom=0.943|bounds
653,1160.5,367.7,yolo,0.25,1381.5,577.3,1056.8,0.0,649.5,1154.6,1,83.0,0,1,shot_pb=1.00|flight_commit=1.00|pb_zfit|keepin_prop=0.00|keepin_zoom=1.350|edge_zoom=0.930|bounds
654,1180.0,382.8,yolo,0.28,1398.7,576.0,1074.7,0.0,648.0,1152.1,1,85.3,0,0,shot_pb=1.00|flight_commit=1.00|pb_zfit|edge_zoom=0.957|bounds
655,1202.6,401.5,yolo,0.31,1416.2,574.9,1092.8,0.0,646.8,1149.8,1,90.4,0,0,shot_pb=1.00|flight_commit=1.00|edge_zoom=0.965|bounds
656,1234.3,430.5,interp,0.50,1433.7,574.0,1110.8,0.0,645.7,1148.0,1,104.6,0,0,shot_pb=1.00|flight_commit=1.00|edge_zoom=0.979|bounds
657,1268.5,462.5,interp,0.50,1451.1,573.4,1128.6,0.0,645.0,1146.7,1,121.4,0,0,shot_pb=1.00|flight_commit=1.00|edge_zoom=0.992|bounds
658,1304.2,496.5,interp,0.50,1468.1,573.1,1145.7,0.0,644.8,1146.2,1,140.1,0,0,shot_pb=1.00|flight_commit=1.00|flight_boost=1.02|edge_zoom=0.998|bounds
659,1340.6,531.7,interp,0.50,1484.4,573.3,1162.0,0.0,644.9,1146.6,1,160.2,0,0,shot_pb=1.00|flight_commit=1.00|flight_boost=1.11|edge_zoom=0.985|bounds
660,1377.1,567.3,interp,0.50,1499.9,573.8,1177.2,0.0,645.5,1147.6,1,181.2,0,0,shot_pb=1.00|flight_commit=1.00|flight_boost=1.18|edge_zoom=0.970|bounds
661,1413.2,602.8,interp,0.50,1514.3,574.7,1191.1,0.0,646.5,1149.3,1,202.9,0,0,shot_pb=1.00|flight_commit=1.00|flight_boost=1.20|edge_zoom=0.956|bounds
662,1448.4,637.8,interp,0.50,1527.4,575.8,1203.6,0.0,647.7,1151.5,1,225.0,0,0,shot_pb=1.00|flight_commit=1.00|flight_boost=1.21|edge_zoom=0.943|bounds
663,1482.5,671.9,interp,0.50,1539.2,577.0,1214.6,0.0,649.1,1154.0,1,247.3,0,0,shot_pb=1.00|flight_commit=1.00|flight_boost=1.21|edge_zoom=0.929|bounds
664,1515.0,704.8,interp,0.50,1549.5,578.3,1224.2,0.0,650.6,1156.6,1,269.5,0,0,shot_pb=1.00|flight_commit=1.00|flight_boost=1.19|edge_zoom=0.917|bounds
665,1545.7,736.4,interp,0.50,1558.2,579.5,1232.3,0.0,652.0,1159.1,1,291.5,0,0,shot_pb=1.00|flight_commit=1.00|flight_boost=1.17|edge_zoom=0.904|bounds
666,1574.4,766.3,interp,0.50,1565.6,580.7,1238.9,0.0,653.2,1161.3,1,295.2,0,0,shot_pb=1.00|flight_commit=1.00|flight_boost=1.14|edge_zoom=0.893|bounds
667,1600.9,794.6,interp,0.50,1571.5,581.6,1244.3,0.0,654.3,1163.3,1,274.6,1,0,shot_pb=1.00|flight_commit=1.00|flight_boost=1.11|speed|edge_zoom=0.892|bounds
668,1624.9,821.0,interp,0.50,1576.0,582.4,1248.4,0.0,655.2,1164.9,1,255.1,1,0,shot_pb=1.00|flight_commit=1.00|flight_boost=1.07|speed|edge_zoom=0.895|bounds
669,1646.3,845.5,interp,0.50,1579.4,583.1,1251.4,0.0,655.9,1166.1,1,237.1,1,0,shot_pb=1.00|flight_commit=1.00|flight_boost=1.02|speed|edge_zoom=0.885|bounds
670,1664.7,867.9,interp,0.50,1581.6,583.5,1253.4,0.0,656.5,1167.1,1,220.9,1,1,shot_pb=1.00|flight_commit=1.00|keepin_prop=0.00|keepin_zoom=1.350|speed|edge_zoom=0.902|bounds
671,1679.9,888.2,interp,0.50,1582.8,583.9,1254.4,0.0,656.9,1167.7,1,206.9,1,1,shot_pb=1.00|flight_commit=1.00|keepin_prop=0.01|keepin_zoom=1.350|speed|edge_zoom=0.900|bounds
672,1691.6,906.4,interp,0.50,1583.0,584.1,1254.5,0.0,657.1,1168.2,1,195.4,1,1,shot_pb=1.00|flight_commit=1.00|keepin_prop=0.02|keepin_zoom=1.350|speed|edge_zoom=0.895|bounds
673,1699.4,922.4,interp,0.50,1582.3,584.3,1253.7,0.0,657.3,1168.5,1,186.9,1,1,shot_pb=1.00|flight_commit=1.00|keepin_prop=0.04|keepin_zoom=1.350|speed|edge_zoom=0.889|bounds
674,1702.8,936.1,interp,0.50,1580.7,584.4,1252.0,0.0,657.4,1168.7,1,181.9,1,1,shot_pb=1.00|flight_commit=1.00|keepin_prop=0.06|keepin_zoom=1.350|speed|edge_zoom=0.883|bounds
675,1701.3,947.6,interp,0.50,1578.3,584.4,1249.5,0.0,657.5,1168.8,1,181.0,1,1,shot_pb=1.00|flight_commit=1.00|keepin_prop=0.08|keepin_zoom=1.350|speed|edge_zoom=0.876|bounds
676,1694.0,956.6,interp,0.50,1575.0,584.5,1246.3,0.0,657.5,1168.9,1,185.0,1,1,shot_pb=1.00|flight_commit=1.00|keepin_prop=0.11|keepin_zoom=1.350|speed|edge_zoom=0.865|bounds
677,1680.3,963.2,interp,0.50,1571.0,584.5,1242.2,0.0,657.5,1168.9,1,194.7,1,1,shot_pb=1.00|flight_commit=1.00|keepin_prop=0.16|keepin_zoom=1.350|speed|edge_zoom=0.849|bounds
678,1658.9,967.4,interp,0.50,1566.2,584.5,1237.5,0.0,657.5,1168.9,1,201.5,1,1,shot_pb=1.00|flight_commit=1.00|keepin_prop=0.19|keepin_zoom=1.350|speed|edge_zoom=0.837|bounds
679,1628.6,968.9,interp,0.50,1560.9,584.5,1232.1,0.0,657.5,1168.9,1,200.0,1,1,shot_pb=1.00|flight_commit=1.00|keepin_prop=0.21|keepin_zoom=1.350|speed|edge_zoom=0.831|bounds
680,1564.2,964.2,blended,0.73,1555.1,584.5,1226.3,0.0,657.5,1168.9,1,204.7,1,1,shot_pb=1.00|flight_commit=1.00|keepin_prop=0.21|keepin_zoom=1.350|speed|edge_zoom=0.831|bounds
681,1492.8,959.6,centroid,0.35,1549.0,584.5,1220.3,0.0,657.5,1168.9,1,209.3,1,1,accel_zoom=0.936|shot_pb=1.00|flight_commit=1.00|keepin_prop=0.19|keepin_zoom=1.350|flight_boost=1.06|speed|edge_zoom=0.837|bounds
682,1456.6,957.4,centroid,0.35,1542.9,584.5,1214.2,0.0,657.5,1168.9,1,211.5,1,1,shot_pb=1.00|flight_commit=1.00|keepin_prop=0.19|keepin_zoom=1.350|flight_boost=1.12|speed|edge_zoom=0.839|bounds
683,1427.9,955.3,centroid,0.35,1537.1,584.5,1208.3,0.0,657.5,1168.9,1,194.8,1,1,shot_pb=1.00|flight_commit=1.00|keepin_prop=0.18|keepin_zoom=1.350|flight_boost=1.15|speed|edge_zoom=0.841|bounds
684,1406.0,953.1,centroid,0.34,1531.7,584.5,1203.0,0.0,657.5,1168.9,1,178.3,1,1,shot_pb=1.00|flight_commit=1.00|keepin_prop=0.18|keepin_zoom=1.350|flight_boost=1.12|speed|edge_zoom=0.842|bounds
685,1390.4,951.0,centroid,0.34,1527.2,584.5,1198.4,0.0,657.5,1168.9,1,167.2,1,1,shot_pb=1.00|flight_commit=1.00|keepin_prop=0.18|keepin_zoom=1.350|speed|edge_zoom=0.843|bounds
686,1380.9,948.8,centroid,0.34,1523.6,584.5,1194.9,0.0,657.5,1168.9,1,161.3,1,1,shot_pb=1.00|flight_commit=1.00|keepin_prop=0.18|keepin_zoom=1.350|speed|edge_zoom=0.842|bounds
687,1377.6,946.4,centroid,0.34,1521.3,584.5,1192.6,0.0,657.5,1168.9,1,160.3,1,1,shot_pb=1.00|flight_commit=1.00|keepin_prop=0.21|keepin_zoom=1.350|speed|edge_zoom=0.833|bounds
688,1380.6,943.7,centroid,0.34,1520.4,584.5,1191.6,0.0,657.5,1168.9,1,164.2,1,1,shot_pb=1.00|flight_commit=1.00|keepin_prop=0.20|keepin_zoom=1.350|speed|edge_zoom=0.833|bounds
689,1390.4,940.8,centroid,0.34,1520.8,584.5,1192.1,0.0,657.5,1168.9,1,173.6,1,1,shot_pb=1.00|flight_commit=1.00|keepin_prop=0.16|keepin_zoom=1.350|speed|edge_zoom=0.848|bounds
690,1407.9,937.6,centroid,0.35,1522.6,584.5,1193.9,0.0,657.5,1168.9,1,189.3,1,1,shot_pb=1.00|flight_commit=1.00|keepin_prop=0.14|keepin_zoom=1.350|speed|edge_zoom=0.854|bounds
691,1433.9,933.9,centroid,0.35,1525.7,584.5,1197.0,0.0,657.5,1168.9,1,212.2,1,1,shot_pb=1.00|flight_commit=1.00|keepin_prop=0.13|keepin_zoom=1.350|speed|edge_zoom=0.859|bounds
692,1470.0,929.9,centroid,0.35,1529.8,584.4,1201.1,0.0,657.5,1168.9,1,239.0,1,1,shot_pb=1.00|flight_commit=1.00|keepin_prop=0.12|keepin_zoom=1.350|speed|edge_zoom=0.863|bounds
693,1577.7,933.8,yolo,0.26,1534.7,584.4,1206.0,0.0,657.5,1168.8,1,235.0,0,1,shot_pb=1.00|flight_commit=1.00|keepin_prop=0.11|keepin_zoom=1.350|flight_boost=1.04|edge_zoom=0.829|bounds
694,1610.0,922.6,interp,0.38,1540.0,584.4,1211.3,0.0,657.4,1168.7,1,234.0,1,1,accel_zoom=0.932|shot_pb=1.00|flight_commit=1.00|keepin_prop=0.12|keepin_zoom=1.350|flight_boost=1.12|speed|edge_zoom=0.863|bounds
695,1632.0,907.9,interp,0.38,1545.5,584.3,1216.8,0.0,657.3,1168.6,1,217.5,1,1,accel_zoom=0.932|shot_pb=1.00|flight_commit=1.00|keepin_prop=0.10|keepin_zoom=1.350|flight_boost=1.15|speed|edge_zoom=0.869|bounds
696,1645.9,890.6,interp,0.38,1550.8,584.2,1222.1,0.0,657.2,1168.4,1,208.9,1,1,accel_zoom=0.932|shot_pb=1.00|flight_commit=1.00|keepin_prop=0.08|keepin_zoom=1.350|flight_boost=1.13|speed|edge_zoom=0.876|bounds
697,1653.3,871.3,yolo,0.26,1555.5,584.1,1227.0,0.0,657.1,1168.2,1,206.2,1,1,accel_zoom=0.932|shot_pb=1.00|flight_commit=1.00|keepin_prop=0.05|keepin_zoom=1.350|flight_boost=1.08|speed|edge_zoom=0.885|bounds
698,1656.2,850.6,interp,0.38,1559.5,583.9,1231.1,0.0,656.9,1167.9,1,207.3,1,1,accel_zoom=0.932|shot_pb=1.00|flight_commit=1.00|keepin_prop=0.03|keepin_zoom=1.350|speed|edge_zoom=0.894|bounds
699,1655.2,828.5,interp,0.38,1562.5,583.7,1234.2,0.0,656.7,1167.5,1,211.3,1,1,accel_zoom=0.932|shot_pb=1.00|flight_commit=1.00|keepin_prop=0.01|keepin_zoom=1.350|speed|edge_zoom=0.897|bounds
700,1651.1,805.4,interp,0.38,1564.4,583.5,1236.2,0.0,656.4,1167.0,1,217.3,0,1,accel_zoom=0.932|shot_pb=1.00|flight_commit=1.00|keepin_prop=0.00|keepin_zoom=1.350|edge_zoom=0.902|bounds
701,1644.5,781.2,interp,0.38,1564.9,583.2,1236.9,0.0,656.1,1166.5,1,224.4,0,0,accel_zoom=0.932|shot_pb=1.00|flight_commit=1.00|edge_zoom=0.954|bounds
702,1635.9,756.1,interp,0.38,1564.2,583.0,1236.2,0.0,655.9,1166.0,1,232.3,0,0,accel_zoom=0.932|shot_pb=1.00|flight_commit=1.00|edge_zoom=0.971|bounds
703,1625.8,730.2,interp,0.38,1562.0,582.7,1234.2,0.0,655.6,1165.4,1,240.2,0,0,accel_zoom=0.932|shot_pb=1.00|flight_commit=1.00|edge_zoom=0.983|bounds
704,1614.5,703.3,interp,0.38,1558.5,582.5,1230.8,0.0,655.3,1165.0,1,248.0,0,0,accel_zoom=0.932|shot_pb=1.00|flight_commit=1.00|edge_zoom=0.992|bounds
705,1602.4,675.6,yolo,0.25,1553.7,582.3,1226.1,0.0,655.1,1164.7,1,255.3,0,0,accel_zoom=0.932|shot_pb=1.00|flight_commit=1.00|edge_zoom=0.996|bounds
706,1591.1,648.9,yolo,0.25,1547.7,582.2,1220.1,0.0,655.0,1164.5,1,260.6,0,0,shot_pb=1.00|flight_commit=1.00|bounds
707,1578.2,618.2,yolo,0.25,1540.5,582.2,1213.0,0.0,655.0,1164.5,1,266.3,0,0,accel_zoom=0.939|shot_pb=1.00|flight_commit=1.00|edge_zoom=0.999|bounds
708,1560.0,578.4,yolo,0.26,1532.5,582.3,1204.9,0.0,655.1,1164.6,1,276.5,0,0,shot_pb=1.00|flight_commit=1.00|edge_zoom=0.989|bounds
709,1542.3,540.4,yolo,0.26,1523.6,582.4,1196.0,0.0,655.3,1164.9,1,285.3,0,0,shot_pb=1.00|flight_commit=1.00|edge_zoom=0.972|bounds
710,1527.7,509.6,interp,0.38,1514.2,582.7,1186.5,0.0,655.5,1165.3,1,290.5,0,0,shot_pb=1.00|flight_commit=1.00|edge_zoom=0.955|bounds
711,1513.8,480.9,yolo,0.27,1504.4,582.9,1176.5,0.0,655.8,1165.8,1,294.6,0,0,shot_pb=1.00|flight_commit=1.00|edge_zoom=0.942|bounds
712,1500.2,453.6,yolo,0.30,1494.4,583.2,1166.4,0.0,656.1,1166.3,1,298.2,0,0,shot_pb=1.00|flight_commit=1.00|edge_zoom=0.932|bounds
713,1488.1,430.2,yolo,0.32,1484.4,583.4,1156.2,0.0,656.4,1166.9,1,300.3,0,0,shot_pb=1.00|flight_commit=1.00|edge_zoom=0.923|bounds
714,1477.2,410.3,yolo,0.35,1474.6,583.7,1146.3,0.0,656.6,1167.3,1,301.4,0,0,shot_pb=1.00|flight_commit=1.00|person_ctx=4|edge_zoom=0.916|bounds
715,1467.4,393.4,yolo,0.39,1465.1,583.9,1136.7,0.0,656.9,1167.8,1,301.7,0,0,shot_pb=1.00|flight_commit=1.00|edge_zoom=0.910|bounds
716,1458.6,379.2,yolo,0.46,1456.2,584.1,1127.6,0.0,657.1,1168.1,1,301.6,0,0,shot_pb=1.00|flight_commit=1.00|edge_zoom=0.905|bounds
717,1450.7,367.4,yolo,0.43,1447.8,584.2,1119.2,0.0,657.2,1168.4,1,301.1,0,0,shot_pb=1.00|flight_commit=1.00|person_ctx=4|edge_zoom=0.901|bounds
718,1443.9,358.0,interp,0.38,1440.1,584.3,1111.4,0.0,657.3,1168.6,1,300.2,0,1,shot_pb=1.00|flight_commit=1.00|keepin_prop=0.00|keepin_zoom=1.350|edge_zoom=0.926|bounds
719,1437.7,350.0,interp,0.38,1433.1,584.4,1104.4,0.0,657.4,1168.7,1,299.4,1,0,shot_pb=1.00|flight_commit=1.00|person_ctx=4|speed|edge_zoom=0.901|bounds
720,1431.8,343.1,yolo,0.48,1426.8,584.4,1098.1,0.0,657.4,1168.8,1,299.0,1,0,shot_pb=1.00|flight_commit=1.00|speed|edge_zoom=0.901|bounds
721,1426.0,337.2,interp,0.38,1421.1,584.4,1092.4,0.0,657.5,1168.9,1,299.1,0,1,shot_pb=1.00|flight_commit=1.00|keepin_prop=0.02|keepin_zoom=1.350|edge_zoom=0.916|bounds
722,1420.3,332.0,yolo,0.42,1416.1,584.5,1087.4,0.0,657.5,1168.9,1,299.8,1,0,shot_pb=1.00|flight_commit=1.00|person_ctx=3|speed|edge_zoom=0.902|bounds
723,1414.5,327.3,yolo,0.45,1411.6,584.5,1082.9,0.0,657.5,1168.9,1,301.1,0,1,shot_pb=1.00|flight_commit=1.00|keepin_prop=0.02|keepin_zoom=1.350|edge_zoom=0.911|bounds
724,1408.9,323.4,yolo,0.43,1407.6,584.5,1078.8,0.0,657.5,1168.9,1,302.7,1,0,shot_pb=1.00|flight_commit=1.00|speed|edge_zoom=0.902|bounds
725,1403.5,320.1,yolo,0.39,1403.9,584.5,1075.1,0.0,657.5,1168.9,1,303.6,0,1,shot_pb=1.00|flight_commit=1.00|keepin_prop=0.05|keepin_zoom=1.350|edge_zoom=0.905|bounds
726,1398.5,317.5,yolo,0.45,1400.5,584.5,1071.7,0.0,657.5,1168.9,1,302.0,0,1,shot_pb=1.00|flight_commit=1.00|keepin_prop=0.00|keepin_zoom=1.350|edge_zoom=0.911|bounds
727,1394.0,315.4,interp,0.38,1397.3,584.5,1068.5,0.0,657.5,1168.9,1,300.7,1,0,shot_pb=1.00|flight_commit=1.00|speed|edge_zoom=0.902|bounds
728,1389.7,313.7,yolo,0.43,1394.2,584.5,1065.4,0.0,657.5,1168.9,1,299.5,0,1,shot_pb=1.00|flight_commit=1.00|keepin_prop=0.05|keepin_zoom=1.350|edge_zoom=0.903|bounds
729,1385.4,312.3,yolo,0.38,1391.1,584.5,1062.4,0.0,657.5,1168.9,1,298.3,0,1,shot_pb=1.00|flight_commit=1.00|keepin_prop=0.00|keepin_zoom=1.350|edge_zoom=0.908|bounds
730,1381.3,311.1,interp,0.38,1388.1,584.5,1059.4,0.0,657.5,1168.9,1,297.2,1,0,shot_pb=1.00|flight_commit=1.00|speed|edge_zoom=0.902|bounds
731,1377.3,310.0,yolo,0.36,1385.1,584.5,1056.4,0.0,657.5,1168.9,1,296.2,0,1,shot_pb=1.00|flight_commit=1.00|keepin_prop=0.06|keepin_zoom=1.350|edge_zoom=0.899|bounds
732,1373.2,309.1,interp,0.38,1382.1,584.5,1053.3,0.0,657.5,1168.9,1,295.1,0,1,shot_pb=1.00|flight_commit=1.00|keepin_prop=0.00|keepin_zoom=1.350|edge_zoom=0.907|bounds
733,1368.9,308.2,yolo,0.40,1379.1,584.4,1050.3,0.0,657.5,1168.9,1,293.8,1,0,shot_pb=1.00|flight_commit=1.00|speed|edge_zoom=0.902|bounds
734,1364.2,307.3,yolo,0.41,1376.1,584.4,1047.3,0.0,657.5,1168.8,1,292.1,0,1,shot_pb=1.00|flight_commit=1.00|keepin_prop=0.07|keepin_zoom=1.350|edge_zoom=0.897|bounds
735,1359.3,306.6,yolo,0.41,1373.2,584.4,1044.4,0.0,657.4,1168.7,1,290.1,0,1,shot_pb=1.00|flight_commit=1.00|keepin_prop=0.00|keepin_zoom=1.350|edge_zoom=0.906|bounds
736,1354.2,306.0,yolo,0.40,1370.4,584.3,1041.7,0.0,657.3,1168.6,1,287.8,1,0,shot_pb=1.00|flight_commit=1.00|speed|edge_zoom=0.902|bounds
737,1348.9,305.6,yolo,0.35,1367.8,584.2,1039.2,0.0,657.2,1168.3,1,285.1,0,1,shot_pb=1.00|flight_commit=1.00|keepin_prop=0.08|keepin_zoom=1.350|edge_zoom=0.895|bounds
738,1343.7,305.3,yolo,0.33,1365.6,583.9,1037.1,0.0,656.9,1167.9,1,282.1,0,1,shot_pb=1.00|flight_commit=1.00|keepin_prop=0.00|keepin_zoom=1.350|edge_zoom=0.905|bounds
739,1338.7,305.3,yolo,0.37,1363.8,583.6,1035.5,0.0,656.6,1167.3,1,278.9,0,0,shot_pb=1.00|flight_commit=1.00|edge_zoom=0.905|bounds
740,1334.5,305.3,interp,0.38,1362.5,583.2,1034.4,0.0,656.1,1166.5,1,276.0,0,1,shot_pb=1.00|flight_commit=1.00|keepin_prop=0.08|keepin_zoom=1.350|edge_zoom=0.895|bounds
741,1330.7,305.6,interp,0.38,1362.0,582.7,1034.2,0.0,655.5,1165.4,1,272.7,0,1,shot_pb=1.00|flight_commit=1.00|keepin_prop=0.01|keepin_zoom=1.350|edge_zoom=0.905|bounds
742,1327.2,306.0,interp,0.38,1362.2,582.0,1034.9,0.0,654.7,1164.0,1,269.0,0,0,shot_pb=1.00|flight_commit=1.00|edge_zoom=0.910|bounds
743,1324.0,306.7,interp,0.38,1363.5,581.1,1036.6,0.0,653.8,1162.2,1,264.5,0,1,shot_pb=1.00|flight_commit=1.00|keepin_prop=0.08|keepin_zoom=1.350|edge_zoom=0.895|bounds
744,1321.2,307.7,interp,0.38,1365.8,580.1,1039.5,0.0,652.6,1160.2,1,259.4,0,1,shot_pb=1.00|flight_commit=1.00|keepin_prop=0.00|keepin_zoom=1.350|edge_zoom=0.906|bounds
745,1318.9,309.0,interp,0.38,1369.2,578.9,1043.6,0.0,651.3,1157.8,1,253.7,0,0,shot_pb=1.00|flight_commit=1.00|edge_zoom=0.924|bounds
746,1317.0,310.7,yolo,0.35,1373.9,577.6,1049.0,0.0,649.8,1155.2,1,247.1,0,1,shot_pb=1.00|flight_commit=1.00|keepin_prop=0.01|keepin_zoom=1.350|edge_zoom=0.907|bounds
747,1315.9,312.8,interp,0.38,1379.8,576.3,1055.6,0.0,648.3,1152.5,1,240.1,0,0,shot_pb=1.00|flight_commit=1.00|edge_zoom=0.939|bounds
748,1315.5,315.6,interp,0.38,1386.8,574.9,1063.4,0.0,646.8,1149.8,1,232.7,0,0,shot_pb=1.00|flight_commit=1.00|edge_zoom=0.944|bounds
749,1315.6,319.4,interp,0.38,1395.0,573.6,1072.3,0.0,645.3,1147.3,1,224.6,0,0,shot_pb=1.00|flight_commit=1.00|edge_zoom=0.945|bounds
750,1316.5,324.4,interp,0.38,1404.1,572.5,1082.1,0.0,644.1,1145.0,1,216.4,0,0,shot_pb=1.00|flight_commit=1.00|edge_zoom=0.947|bounds
751,1318.2,331.0,interp,0.38,1414.1,571.7,1092.5,0.0,643.1,1143.3,1,208.1,0,0,shot_pb=1.00|flight_commit=1.00|edge_zoom=0.949|bounds
752,1320.9,339.7,yolo,0.33,1424.6,571.1,1103.4,0.0,642.5,1142.2,1,200.3,0,0,shot_pb=1.00|flight_commit=1.00|edge_zoom=0.952|bounds
753,1325.7,361.9,centroid,0.35,1435.6,570.9,1114.5,0.0,642.2,1141.7,1,194.1,0,0,shot_pb=1.00|flight_commit=1.00|edge_zoom=0.977|bounds
754,1332.0,372.3,centroid,0.35,1446.7,571.0,1125.5,0.0,642.4,1142.0,1,189.3,0,0,shot_pb=1.00|flight_commit=1.00|edge_zoom=0.961|bounds
755,1339.1,381.0,centroid,0.35,1457.8,571.5,1136.3,0.0,643.0,1143.0,1,185.3,0,0,shot_pb=1.00|flight_commit=1.00|edge_zoom=0.962|bounds
756,1346.6,388.1,centroid,0.34,1468.6,572.3,1146.7,0.0,643.9,1144.7,1,182.0,0,0,shot_pb=1.00|flight_commit=1.00|edge_zoom=0.961|bounds
757,1354.3,393.7,centroid,0.34,1479.2,573.4,1156.6,0.0,645.1,1146.8,1,179.1,0,1,shot_pb=1.00|flight_commit=1.00|keepin_prop=0.02|keepin_zoom=1.350|edge_zoom=0.938|bounds
758,1362.1,397.5,centroid,0.34,1489.3,574.7,1166.0,0.0,646.5,1149.3,1,176.8,0,0,shot_pb=1.00|flight_commit=1.00|edge_zoom=0.956|bounds
759,1369.8,399.0,centroid,0.34,1498.9,576.0,1174.9,0.0,648.0,1152.0,1,174.9,0,1,shot_pb=1.00|flight_commit=1.00|keepin_prop=0.09|keepin_zoom=1.350|edge_zoom=0.934|bounds
760,1377.4,398.5,centroid,0.34,1507.9,577.3,1183.2,0.0,649.5,1154.6,1,173.5,0,1,shot_pb=1.00|flight_commit=1.00|keepin_prop=0.00|keepin_zoom=1.350|edge_zoom=0.941|bounds
761,1384.8,395.8,centroid,0.35,1516.5,578.6,1191.0,0.0,650.9,1157.1,1,172.3,0,0,shot_pb=1.00|flight_commit=1.00|edge_zoom=0.929|bounds
762,1392.3,391.7,centroid,0.35,1524.4,579.7,1198.4,0.0,652.1,1159.3,1,171.9,0,1,shot_pb=1.00|flight_commit=1.00|keepin_prop=0.02|keepin_zoom=1.350|edge_zoom=0.937|bounds
763,1399.5,384.3,centroid,0.35,1531.9,580.6,1205.3,0.0,653.1,1161.1,1,171.6,0,0,shot_pb=1.00|flight_commit=1.00|edge_zoom=0.912|bounds
764,1399.6,351.8,yolo,0.35,1538.8,581.3,1211.8,0.0,653.9,1162.5,1,164.8,1,0,shot_pb=1.00|flight_commit=1.00|speed|edge_zoom=0.903|bounds
765,1409.0,343.1,interp,0.38,1545.2,581.8,1217.9,0.0,654.5,1163.6,1,167.8,1,0,shot_pb=1.00|flight_commit=1.00|speed|edge_zoom=0.903|bounds
766,1420.5,338.1,interp,0.38,1551.0,582.1,1223.6,0.0,654.9,1164.2,1,173.5,0,1,shot_pb=1.00|flight_commit=1.00|keepin_prop=0.02|keepin_zoom=1.350|edge_zoom=0.916|bounds
767,1434.1,336.4,interp,0.38,1556.3,582.3,1228.8,0.0,655.1,1164.6,1,181.8,0,0,shot_pb=1.00|flight_commit=1.00|edge_zoom=0.914|bounds
768,1449.5,338.2,interp,0.38,1561.1,582.3,1233.5,0.0,655.1,1164.7,1,192.4,0,1,shot_pb=1.00|flight_commit=1.00|keepin_prop=0.06|keepin_zoom=1.350|edge_zoom=0.911|bounds
769,1466.9,343.4,interp,0.38,1565.2,582.3,1237.6,0.0,655.1,1164.6,1,205.7,0,0,shot_pb=1.00|flight_commit=1.00|edge_zoom=0.930|bounds
770,1486.5,352.4,interp,0.38,1568.6,582.2,1241.1,0.0,655.0,1164.4,1,221.9,0,1,shot_pb=1.00|flight_commit=1.00|keepin_prop=0.00|keepin_zoom=1.350|edge_zoom=0.924|bounds
771,1508.6,365.5,yolo,0.33,1571.4,582.1,1244.0,0.0,654.8,1164.1,1,241.2,0,0,shot_pb=1.00|flight_commit=1.00|edge_zoom=0.947|bounds
772,1541.1,395.8,yolo,0.30,1573.6,581.9,1246.2,0.0,654.6,1163.7,1,271.5,0,0,shot_pb=1.00|flight_commit=1.00|edge_zoom=0.927|bounds
773,1572.3,420.3,yolo,0.29,1575.0,581.7,1247.8,0.0,654.4,1163.3,1,301.3,0,0,shot_pb=1.00|flight_commit=1.00|edge_zoom=0.911|bounds
774,1593.1,437.2,hold,0.25,1575.9,581.4,1248.8,0.0,654.1,1162.9,1,286.8,0,0,shot_pb=1.00|flight_commit=1.00|edge_zoom=0.902|bounds
775,1624.2,465.0,interp,0.32,1576.2,581.2,1249.3,0.0,653.8,1162.3,1,256.0,0,0,shot_pb=1.00|flight_commit=1.00|edge_zoom=0.887|bounds
776,1643.0,481.2,interp,0.32,1576.1,580.9,1249.4,0.0,653.5,1161.7,1,237.1,0,0,shot_pb=1.00|flight_commit=1.00|edge_zoom=0.872|bounds
777,1654.0,490.2,interp,0.32,1575.7,580.5,1249.1,0.0,653.1,1161.1,1,225.7,0,0,shot_pb=1.00|flight_commit=1.00|edge_zoom=0.861|bounds
778,1630.6,465.5,hold,0.25,1575.0,580.2,1248.7,0.0,652.7,1160.4,1,248.4,0,0,shot_pb=1.00|flight_commit=1.00|edge_zoom=0.942|bounds
779,1628.8,462.4,hold,0.25,1574.3,579.8,1248.1,0.0,652.3,1159.6,1,249.5,0,0,shot_pb=1.00|flight_commit=1.00|edge_zoom=0.937|bounds
780,1627.3,459.9,hold,0.25,1573.6,579.5,1247.6,0.0,651.9,1158.9,1,250.3,0,1,shot_pb=1.00|flight_commit=1.00|keepin_prop=0.00|keepin_zoom=1.350|edge_zoom=0.965|bounds
781,1626.1,457.9,hold,0.25,1573.0,579.1,1247.2,0.0,651.5,1158.2,1,250.9,0,0,shot_pb=1.00|flight_commit=1.00|edge_zoom=0.935|bounds
