"action","src","dst","bytes","reason"
"move","out/_probe_top10_test.mp4","DUPES/out__probe_top10_test.mp4","0","duplicate_exact"
"move","out/git_untracked.txt","DUPES/out_git_untracked.txt","0","duplicate_exact"
"move","out/portrait_reels/previews/003__BUILD_UP__t224.80-t248.70_diag_crop.mp4","DUPES/out_portrait_reels_previews_003__BUILD_UP__t224.80-t248.70_diag_crop.mp4","0","duplicate_exact"
"move","out/reel_spans_debug.csv","DUPES/out_reel_spans_debug.csv","0","duplicate_exact"
"move","out/reels/tiktok/001__GOAL__t155.50-t166.40__AUTOFRAME__tiktok__DEBUG.mp4","DUPES/out_reels_tiktok_001__GOAL__t155.50-t166.40__AUTOFRAME__tiktok__DEBUG.mp4","0","duplicate_exact"
"move","out/reels/tiktok/004__directed.mp4","DUPES/out_reels_tiktok_004__directed.mp4","0","duplicate_exact"
"move","out/reels/tiktok/004__directed_SINGLECHAIN_ballBias_receiveEarly_crossDwell_tail__BALL_LOCK_AFTER10.mp4","DUPES/out_reels_tiktok_004__directed_SINGLECHAIN_ballBias_receiveEarly_crossDwell_tail__BALL_LOCK_AFTER10.mp4","0","duplicate_exact"
"move","out/reels/tiktok/004__directed_SINGLECHAIN_ballBias_receiveEarly_crossDwell_tail__BALL_LOCK_AFTER10_FIXED.mp4","DUPES/out_reels_tiktok_004__directed_SINGLECHAIN_ballBias_receiveEarly_crossDwell_tail__BALL_LOCK_AFTER10_FIXED.mp4","0","duplicate_exact"
"move","out/reels/tiktok/004__directed_SINGLECHAIN_crossWide_celeWide_lockScorer.mp4","DUPES/out_reels_tiktok_004__directed_SINGLECHAIN_crossWide_celeWide_lockScorer.mp4","0","duplicate_exact"
"move","out/reels/tiktok/004__directed_SINGLECHAIN_slowest5.mp4","DUPES/out_reels_tiktok_004__directed_SINGLECHAIN_slowest5.mp4","0","duplicate_exact"
"move","out/reels/tiktok/_probe_drawbox_basic.mp4","DUPES/out_reels_tiktok__probe_drawbox_basic.mp4","0","duplicate_exact"
"move","cleanup_reports/duplicates_20250925_133752.csv","DUPES/cleanup_reports_duplicates_20250925_133752.csv","3","duplicate_exact"
"move","cleanup_reports/duplicates_20250925_134350.csv","DUPES/cleanup_reports_duplicates_20250925_134350.csv","3","duplicate_exact"
"move","cleanup_reports/duplicates_20250925_134406.csv","DUPES/cleanup_reports_duplicates_20250925_134406.csv","3","duplicate_exact"
"move","cleanup_reports/unreferenced_20250925_133106.csv","DUPES/cleanup_reports_unreferenced_20250925_133106.csv","3","duplicate_exact"
"move","cleanup_reports/unreferenced_20250925_134350.csv","DUPES/cleanup_reports_unreferenced_20250925_134350.csv","3","duplicate_exact"
"move","cleanup_reports/unreferenced_20250925_134406.csv","DUPES/cleanup_reports_unreferenced_20250925_134406.csv","3","duplicate_exact"
"move","out/repo_map_commands.csv","DUPES/out_repo_map_commands.csv","3","duplicate_exact"
"move","cleanup_reports/duplicates_20250925_135311.csv","DUPES/cleanup_reports_duplicates_20250925_135311.csv","996","duplicate_exact"
"move","highlight_streak_1.mp4","DUPES/highlight_streak_1.mp4","17860994","duplicate_exact"
"move","highlight_window.mp4","DUPES/highlight_window.mp4","17860994","duplicate_exact"
"move","out/atomic_clips/2025-09-13__TSC_vs_NEOFC/012__2025-09-13__TSC_vs_NEOFC__GOAL__t1705.20-t1708.50__v2.mp4","DUPES/out_atomic_clips_2025-09-13__TSC_vs_NEOFC_012__2025-09-13__TSC_vs_NEOFC__GOAL__t1705.20-t1708.50__v2.mp4","5582055","duplicate_exact"
"move","out/atomic_clips/2025-09-13__TSC_vs_NEOFC/013__2025-09-13__TSC_vs_NEOFC__GOAL__t1767.50-t1772.60__v2.mp4","DUPES/out_atomic_clips_2025-09-13__TSC_vs_NEOFC_013__2025-09-13__TSC_vs_NEOFC__GOAL__t1767.50-t1772.60__v2.mp4","7121852","duplicate_exact"
"move","out/atomic_clips/_quarantine/003__2025-09-20__TSC_vs_Greenwood__BUILD_UP_PLAY_SHOT__t421.00-t441.00.mp4","DUPES/out_atomic_clips__quarantine_003__2025-09-20__TSC_vs_Greenwood__BUILD_UP_PLAY_SHOT__t421.00-t441.00.mp4","45832672","duplicate_exact"
"move","out/atomic_clips/_quarantine/004__2025-09-20__TSC_vs_Greenwood__PRESSURE_TWO_SHOTS__t444.00-t456.00.mp4","DUPES/out_atomic_clips__quarantine_004__2025-09-20__TSC_vs_Greenwood__PRESSURE_TWO_SHOTS__t444.00-t456.00.mp4","35104252","duplicate_exact"
"move","out/atomic_clips/_quarantine/005__2025-09-20__TSC_vs_Greenwood__WIN_FREE_KICK__t538.00-t553.00.mp4","DUPES/out_atomic_clips__quarantine_005__2025-09-20__TSC_vs_Greenwood__WIN_FREE_KICK__t538.00-t553.00.mp4","32584568","duplicate_exact"
"move","out/atomic_clips/_quarantine/006__2025-09-20__TSC_vs_Greenwood__BUILD_UP_PLAY_SHOT__t685.00-t708.00.mp4","DUPES/out_atomic_clips__quarantine_006__2025-09-20__TSC_vs_Greenwood__BUILD_UP_PLAY_SHOT__t685.00-t708.00.mp4","39077797","duplicate_exact"
"move","out/atomic_clips/_quarantine/007__2025-09-20__TSC_vs_Greenwood__DRIBBLING_SHOT__t739.00-t752.00.mp4","DUPES/out_atomic_clips__quarantine_007__2025-09-20__TSC_vs_Greenwood__DRIBBLING_SHOT__t739.00-t752.00.mp4","31807949","duplicate_exact"
"move","out/atomic_clips/_quarantine/008__2025-09-20__TSC_vs_Greenwood__PRESSURE_SHOT__t754.00-t783.00.mp4","DUPES/out_atomic_clips__quarantine_008__2025-09-20__TSC_vs_Greenwood__PRESSURE_SHOT__t754.00-t783.00.mp4","56753160","duplicate_exact"
"move","out/atomic_clips/_quarantine/009__2025-09-20__TSC_vs_Greenwood__PRESSURE_SHOT__t802.00-t818.00.mp4","DUPES/out_atomic_clips__quarantine_009__2025-09-20__TSC_vs_Greenwood__PRESSURE_SHOT__t802.00-t818.00.mp4","26584994","duplicate_exact"
"move","out/atomic_clips/_quarantine/010__2025-09-20__TSC_vs_Greenwood__DEFENSE_BUILD_UP__t821.00-t848.00.mp4","DUPES/out_atomic_clips__quarantine_010__2025-09-20__TSC_vs_Greenwood__DEFENSE_BUILD_UP__t821.00-t848.00.mp4","54700516","duplicate_exact"
"move","out/atomic_clips/_quarantine/011__2025-09-20__TSC_vs_Greenwood__GOAL__t902.00-t913.00.mp4","DUPES/out_atomic_clips__quarantine_011__2025-09-20__TSC_vs_Greenwood__GOAL__t902.00-t913.00.mp4","29228980","duplicate_exact"
"move","out/atomic_clips/_quarantine/012__2025-09-20__TSC_vs_Greenwood__BUILD_SHOT__t973.00-t987.00.mp4","DUPES/out_atomic_clips__quarantine_012__2025-09-20__TSC_vs_Greenwood__BUILD_SHOT__t973.00-t987.00.mp4","35187359","duplicate_exact"
"move","out/atomic_clips/_quarantine/013__2025-09-20__TSC_vs_Greenwood__PRESSURE_SHOT__t988.00-t1001.00.mp4","DUPES/out_atomic_clips__quarantine_013__2025-09-20__TSC_vs_Greenwood__PRESSURE_SHOT__t988.00-t1001.00.mp4","35504351","duplicate_exact"
"move","out/atomic_clips/_quarantine/014__2025-09-20__TSC_vs_Greenwood__PRESSURE_SHOT__t1063.00-t1073.00.mp4","DUPES/out_atomic_clips__quarantine_014__2025-09-20__TSC_vs_Greenwood__PRESSURE_SHOT__t1063.00-t1073.00.mp4","26936657","duplicate_exact"
"move","out/atomic_clips/_quarantine/015__2025-09-20__TSC_vs_Greenwood__SHOT__t1081.00-t1088.00.mp4","DUPES/out_atomic_clips__quarantine_015__2025-09-20__TSC_vs_Greenwood__SHOT__t1081.00-t1088.00.mp4","14933826","duplicate_exact"
"move","out/atomic_clips/_quarantine/016__2025-09-20__TSC_vs_Greenwood__BUILD_UP_PLAY_SHOT__t1195.00-t1209.00.mp4","DUPES/out_atomic_clips__quarantine_016__2025-09-20__TSC_vs_Greenwood__BUILD_UP_PLAY_SHOT__t1195.00-t1209.00.mp4","26301416","duplicate_exact"
"move","out/atomic_clips/_quarantine/017__2025-09-20__TSC_vs_Greenwood__PRESSURE_SHOT__t1212.00-t1224.00.mp4","DUPES/out_atomic_clips__quarantine_017__2025-09-20__TSC_vs_Greenwood__PRESSURE_SHOT__t1212.00-t1224.00.mp4","31467101","duplicate_exact"
"move","out/atomic_clips/_quarantine/018__2025-09-20__TSC_vs_Greenwood__BUILD_UP_PLAY_GOAL__t1292.00-t1329.00.mp4","DUPES/out_atomic_clips__quarantine_018__2025-09-20__TSC_vs_Greenwood__BUILD_UP_PLAY_GOAL__t1292.00-t1329.00.mp4","71868324","duplicate_exact"
"move","out/atomic_clips/_quarantine/019__2025-09-20__TSC_vs_Greenwood__PRESSURE_SHOT__t1369.00-t1383.00.mp4","DUPES/out_atomic_clips__quarantine_019__2025-09-20__TSC_vs_Greenwood__PRESSURE_SHOT__t1369.00-t1383.00.mp4","36501508","duplicate_exact"
"move","out/atomic_clips/_quarantine/020__2025-09-20__TSC_vs_Greenwood__PRESSURE_SHOT__t1393.00-t1409.00.mp4","DUPES/out_atomic_clips__quarantine_020__2025-09-20__TSC_vs_Greenwood__PRESSURE_SHOT__t1393.00-t1409.00.mp4","30855470","duplicate_exact"
"move","out/atomic_clips/_quarantine/021__2025-09-20__TSC_vs_Greenwood__BUILD_UP_PLAY_SHOT__t1437.00-t1472.00.mp4","DUPES/out_atomic_clips__quarantine_021__2025-09-20__TSC_vs_Greenwood__BUILD_UP_PLAY_SHOT__t1437.00-t1472.00.mp4","67230740","duplicate_exact"
"move","out/atomic_clips/_quarantine/022__2025-09-20__TSC_vs_Greenwood__GOAL__t1578.00-t1586.00.mp4","DUPES/out_atomic_clips__quarantine_022__2025-09-20__TSC_vs_Greenwood__GOAL__t1578.00-t1586.00.mp4","25072710","duplicate_exact"
"move","out/atomic_clips/_quarantine/023__2025-09-20__TSC_vs_Greenwood__BUILD_UP_PLAY_SHOT__t1711.00-t1722.00.mp4","DUPES/out_atomic_clips__quarantine_023__2025-09-20__TSC_vs_Greenwood__BUILD_UP_PLAY_SHOT__t1711.00-t1722.00.mp4","25309927","duplicate_exact"
"move","out/atomic_clips/_quarantine/024__2025-09-20__TSC_vs_Greenwood__PRESSURE_SHOT__t1871.00-t1881.00.mp4","DUPES/out_atomic_clips__quarantine_024__2025-09-20__TSC_vs_Greenwood__PRESSURE_SHOT__t1871.00-t1881.00.mp4","22838509","duplicate_exact"
"move","out/atomic_clips/_quarantine/025__2025-09-20__TSC_vs_Greenwood__GOAL__t1885.00-t1895.00.mp4","DUPES/out_atomic_clips__quarantine_025__2025-09-20__TSC_vs_Greenwood__GOAL__t1885.00-t1895.00.mp4","20141596","duplicate_exact"
"move","out/atomic_clips/_quarantine/026__2025-09-20__TSC_vs_Greenwood__PRESSURE_SHOT__t1951.00-t1962.00.mp4","DUPES/out_atomic_clips__quarantine_026__2025-09-20__TSC_vs_Greenwood__PRESSURE_SHOT__t1951.00-t1962.00.mp4","17863617","duplicate_exact"
"move","out/atomic_clips/_quarantine/027__2025-09-20__TSC_vs_Greenwood__BUILD_UP_PLAY_SHOT__t2040.00-t2058.00.mp4","DUPES/out_atomic_clips__quarantine_027__2025-09-20__TSC_vs_Greenwood__BUILD_UP_PLAY_SHOT__t2040.00-t2058.00.mp4","38331425","duplicate_exact"
"move","out/atomic_clips/_quarantine/028__2025-09-20__TSC_vs_Greenwood__BUILD_UP_PLAY_SHOT__t2092.00-t2105.00.mp4","DUPES/out_atomic_clips__quarantine_028__2025-09-20__TSC_vs_Greenwood__BUILD_UP_PLAY_SHOT__t2092.00-t2105.00.mp4","20763537","duplicate_exact"
"move","out/atomic_clips/_quarantine/029__2025-09-20__TSC_vs_Greenwood__BUILD_UP_PLAY_SHOT__t2134.00-t2152.00.mp4","DUPES/out_atomic_clips__quarantine_029__2025-09-20__TSC_vs_Greenwood__BUILD_UP_PLAY_SHOT__t2134.00-t2152.00.mp4","34550871","duplicate_exact"
"move","out/atomic_clips/_quarantine/030__2025-09-20__TSC_vs_Greenwood__FREE_KICK_WON_GOAL__t2175.00-t2211.00.mp4","DUPES/out_atomic_clips__quarantine_030__2025-09-20__TSC_vs_Greenwood__FREE_KICK_WON_GOAL__t2175.00-t2211.00.mp4","71768727","duplicate_exact"
"move","out/atomic_clips/_quarantine/031__2025-09-20__TSC_vs_Greenwood__BUILD_UP_PLAY_SHOT__t2245.00-t2266.00.mp4","DUPES/out_atomic_clips__quarantine_031__2025-09-20__TSC_vs_Greenwood__BUILD_UP_PLAY_SHOT__t2245.00-t2266.00.mp4","41169205","duplicate_exact"
"move","out/atomic_clips/_quarantine/032__2025-09-20__TSC_vs_Greenwood__BUILD_UP_PLAY_SHOT__t2544.00-t2561.00.mp4","DUPES/out_atomic_clips__quarantine_032__2025-09-20__TSC_vs_Greenwood__BUILD_UP_PLAY_SHOT__t2544.00-t2561.00.mp4","42804890","duplicate_exact"
"move","out/atomic_clips/_quarantine/033__2025-09-20__TSC_vs_Greenwood__GOAL__t2562.00-t2582.00.mp4","DUPES/out_atomic_clips__quarantine_033__2025-09-20__TSC_vs_Greenwood__GOAL__t2562.00-t2582.00.mp4","43281718","duplicate_exact"
"move","out/atomic_clips/_quarantine/034__2025-09-20__TSC_vs_Greenwood__PRESSURE_SHOT__t2646.00-t2665.00.mp4","DUPES/out_atomic_clips__quarantine_034__2025-09-20__TSC_vs_Greenwood__PRESSURE_SHOT__t2646.00-t2665.00.mp4","37889400","duplicate_exact"
"move","out/atomic_clips/_quarantine/035__2025-09-20__TSC_vs_Greenwood__CORNER__t2687.00-t2701.00.mp4","DUPES/out_atomic_clips__quarantine_035__2025-09-20__TSC_vs_Greenwood__CORNER__t2687.00-t2701.00.mp4","32668988","duplicate_exact"
"move","out/atomic_clips/_quarantine/036__2025-09-20__TSC_vs_Greenwood__PRESSURE_SHOT__t2705.00-t2715.00.mp4","DUPES/out_atomic_clips__quarantine_036__2025-09-20__TSC_vs_Greenwood__PRESSURE_SHOT__t2705.00-t2715.00.mp4","22497201","duplicate_exact"
"move","out/atomic_clips/_quarantine/037__2025-09-20__TSC_vs_Greenwood__PRESSURE_GOAL__t2729.00-t2749.00.mp4","DUPES/out_atomic_clips__quarantine_037__2025-09-20__TSC_vs_Greenwood__PRESSURE_GOAL__t2729.00-t2749.00.mp4","46859994","duplicate_exact"
"move","out/atomic_clips/_quarantine/038__2025-09-20__TSC_vs_Greenwood__PRESSURE_SHOT__t2770.00-t2827.00.mp4","DUPES/out_atomic_clips__quarantine_038__2025-09-20__TSC_vs_Greenwood__PRESSURE_SHOT__t2770.00-t2827.00.mp4","99198336","duplicate_exact"
"move","out/atomic_clips/_quarantine/039__2025-09-20__TSC_vs_Greenwood__BUILD_UP_PLAY_SHOT__t2894.00-t2914.00.mp4","DUPES/out_atomic_clips__quarantine_039__2025-09-20__TSC_vs_Greenwood__BUILD_UP_PLAY_SHOT__t2894.00-t2914.00.mp4","46453892","duplicate_exact"
"move","out/atomic_clips/_quarantine/006__2025-09-20__TSC_vs_RVFC__SHOT__t517.00-t528.00.mp4","DUPES/out_atomic_clips__quarantine_006__2025-09-20__TSC_vs_RVFC__SHOT__t517.00-t528.00.mp4","18871765","duplicate_exact"
"move","out/atomic_clips/_quarantine/007__2025-09-20__TSC_vs_RVFC__PRESSURE_GOAL__t529.00-t547.00.mp4","DUPES/out_atomic_clips__quarantine_007__2025-09-20__TSC_vs_RVFC__PRESSURE_GOAL__t529.00-t547.00.mp4","32863338","duplicate_exact"
"move","out/atomic_clips/_quarantine/008__2025-09-20__TSC_vs_RVFC__BUILD_UP_PLAY_SHOT__t565.00-t600.00.mp4","DUPES/out_atomic_clips__quarantine_008__2025-09-20__TSC_vs_RVFC__BUILD_UP_PLAY_SHOT__t565.00-t600.00.mp4","63709725","duplicate_exact"
"move","out/atomic_clips/_quarantine/009__2025-09-20__TSC_vs_RVFC__PRESSURE_SHOT__t604.00-t620.00.mp4","DUPES/out_atomic_clips__quarantine_009__2025-09-20__TSC_vs_RVFC__PRESSURE_SHOT__t604.00-t620.00.mp4","32389259","duplicate_exact"
"move","out/atomic_clips/_quarantine/010__2025-09-20__TSC_vs_RVFC__PRESSURE_SHOT__t675.00-t689.00.mp4","DUPES/out_atomic_clips__quarantine_010__2025-09-20__TSC_vs_RVFC__PRESSURE_SHOT__t675.00-t689.00.mp4","31757358","duplicate_exact"
"move","out/atomic_clips/_quarantine/011__2025-09-20__TSC_vs_RVFC__PRESSURE_SHOT__t689.00-t702.00.mp4","DUPES/out_atomic_clips__quarantine_011__2025-09-20__TSC_vs_RVFC__PRESSURE_SHOT__t689.00-t702.00.mp4","27107776","duplicate_exact"
"move","out/atomic_clips/_quarantine/012__2025-09-20__TSC_vs_RVFC__BUILD_UP_PLAY_SHOT__t746.00-t757.00.mp4","DUPES/out_atomic_clips__quarantine_012__2025-09-20__TSC_vs_RVFC__BUILD_UP_PLAY_SHOT__t746.00-t757.00.mp4","29144305","duplicate_exact"
"move","out/atomic_clips/_quarantine/013__2025-09-20__TSC_vs_RVFC__BUILD_UP_PLAY_SHOT__t821.00-t865.00.mp4","DUPES/out_atomic_clips__quarantine_013__2025-09-20__TSC_vs_RVFC__BUILD_UP_PLAY_SHOT__t821.00-t865.00.mp4","78859588","duplicate_exact"
"move","out/atomic_clips/_quarantine/014__2025-09-20__TSC_vs_RVFC__DEFENSE_BUILD_UP__t880.00-t897.00.mp4","DUPES/out_atomic_clips__quarantine_014__2025-09-20__TSC_vs_RVFC__DEFENSE_BUILD_UP__t880.00-t897.00.mp4","36576892","duplicate_exact"
"move","out/atomic_clips/_quarantine/015__2025-09-20__TSC_vs_RVFC__SHOT__t930.00-t937.00.mp4","DUPES/out_atomic_clips__quarantine_015__2025-09-20__TSC_vs_RVFC__SHOT__t930.00-t937.00.mp4","21876622","duplicate_exact"
"move","out/atomic_clips/_quarantine/016__2025-09-20__TSC_vs_RVFC__BUILD_UP_PLAY_SHOT__t999.00-t1022.00.mp4","DUPES/out_atomic_clips__quarantine_016__2025-09-20__TSC_vs_RVFC__BUILD_UP_PLAY_SHOT__t999.00-t1022.00.mp4","38337940","duplicate_exact"
"move","out/atomic_clips/_quarantine/017__2025-09-20__TSC_vs_RVFC__BUILD_UP_PLAY_SHOT__t1088.00-t1124.00.mp4","DUPES/out_atomic_clips__quarantine_017__2025-09-20__TSC_vs_RVFC__BUILD_UP_PLAY_SHOT__t1088.00-t1124.00.mp4","61273597","duplicate_exact"
"move","out/atomic_clips/_quarantine/018__2025-09-20__TSC_vs_RVFC__DRIBBLING_SHOT__t1147.00-t1153.00.mp4","DUPES/out_atomic_clips__quarantine_018__2025-09-20__TSC_vs_RVFC__DRIBBLING_SHOT__t1147.00-t1153.00.mp4","10281523","duplicate_exact"
"move","out/atomic_clips/_quarantine/019__2025-09-20__TSC_vs_RVFC__BUILD_UP_PLAY_SHOT__t1158.00-t1182.00.mp4","DUPES/out_atomic_clips__quarantine_019__2025-09-20__TSC_vs_RVFC__BUILD_UP_PLAY_SHOT__t1158.00-t1182.00.mp4","37624279","duplicate_exact"
"move","out/atomic_clips/_quarantine/020__2025-09-20__TSC_vs_RVFC__SHOT__t1236.00-t1243.00.mp4","DUPES/out_atomic_clips__quarantine_020__2025-09-20__TSC_vs_RVFC__SHOT__t1236.00-t1243.00.mp4","15766720","duplicate_exact"
"move","out/atomic_clips/_quarantine/021__2025-09-20__TSC_vs_RVFC__CROSS__t1275.00-t1293.00.mp4","DUPES/out_atomic_clips__quarantine_021__2025-09-20__TSC_vs_RVFC__CROSS__t1275.00-t1293.00.mp4","26980296","duplicate_exact"
"move","out/atomic_clips/_quarantine/022__2025-09-20__TSC_vs_RVFC__PRESSURE_SHOT__t1300.00-t1310.00.mp4","DUPES/out_atomic_clips__quarantine_022__2025-09-20__TSC_vs_RVFC__PRESSURE_SHOT__t1300.00-t1310.00.mp4","19859948","duplicate_exact"
"move","out/atomic_clips/_quarantine/023__2025-09-20__TSC_vs_RVFC__PRESSURE_SHOT__t1316.00-t1329.00.mp4","DUPES/out_atomic_clips__quarantine_023__2025-09-20__TSC_vs_RVFC__PRESSURE_SHOT__t1316.00-t1329.00.mp4","32004503","duplicate_exact"
"move","out/atomic_clips/_quarantine/024__2025-09-20__TSC_vs_RVFC__FREE_KICK__t1402.00-t1421.00.mp4","DUPES/out_atomic_clips__quarantine_024__2025-09-20__TSC_vs_RVFC__FREE_KICK__t1402.00-t1421.00.mp4","34214551","duplicate_exact"
"move","out/atomic_clips/_quarantine/025__2025-09-20__TSC_vs_RVFC__PRESSURE_GOAL__t1512.00-t1520.00.mp4","DUPES/out_atomic_clips__quarantine_025__2025-09-20__TSC_vs_RVFC__PRESSURE_GOAL__t1512.00-t1520.00.mp4","22338103","duplicate_exact"
"move","out/atomic_clips/_quarantine/026__2025-09-20__TSC_vs_RVFC__DRIBBLING_SHOT__t1800.00-t1810.00.mp4","DUPES/out_atomic_clips__quarantine_026__2025-09-20__TSC_vs_RVFC__DRIBBLING_SHOT__t1800.00-t1810.00.mp4","22063556","duplicate_exact"
"move","out/atomic_clips/_quarantine/027__2025-09-20__TSC_vs_RVFC__SHOT__t1827.00-t1834.00.mp4","DUPES/out_atomic_clips__quarantine_027__2025-09-20__TSC_vs_RVFC__SHOT__t1827.00-t1834.00.mp4","19558767","duplicate_exact"
"move","out/atomic_clips/_quarantine/028__2025-09-20__TSC_vs_RVFC__CORNER__t1852.00-t1875.00.mp4","DUPES/out_atomic_clips__quarantine_028__2025-09-20__TSC_vs_RVFC__CORNER__t1852.00-t1875.00.mp4","47401144","duplicate_exact"
"move","out/atomic_clips/_quarantine/029__2025-09-20__TSC_vs_RVFC__PRESSURE_SHOT__t1883.00-t1893.00.mp4","DUPES/out_atomic_clips__quarantine_029__2025-09-20__TSC_vs_RVFC__PRESSURE_SHOT__t1883.00-t1893.00.mp4","25523726","duplicate_exact"
"move","out/atomic_clips/_quarantine/030__2025-09-20__TSC_vs_RVFC__PRESSURE_SHOT__t1898.00-t1911.00.mp4","DUPES/out_atomic_clips__quarantine_030__2025-09-20__TSC_vs_RVFC__PRESSURE_SHOT__t1898.00-t1911.00.mp4","25050163","duplicate_exact"
"move","out/atomic_clips/_quarantine/031__2025-09-20__TSC_vs_RVFC__PRESSURE_SHOT__t1964.00-t1975.00.mp4","DUPES/out_atomic_clips__quarantine_031__2025-09-20__TSC_vs_RVFC__PRESSURE_SHOT__t1964.00-t1975.00.mp4","21421894","duplicate_exact"
"move","out/atomic_clips/_quarantine/032__2025-09-20__TSC_vs_RVFC__BUILD_UP_PLAY_SHOT__t2034.00-t2057.00.mp4","DUPES/out_atomic_clips__quarantine_032__2025-09-20__TSC_vs_RVFC__BUILD_UP_PLAY_SHOT__t2034.00-t2057.00.mp4","44562740","duplicate_exact"
"move","out/atomic_clips/_quarantine/033__2025-09-20__TSC_vs_RVFC__BUILD_UP_PLAY_SHOT__t2131.00-t2150.00.mp4","DUPES/out_atomic_clips__quarantine_033__2025-09-20__TSC_vs_RVFC__BUILD_UP_PLAY_SHOT__t2131.00-t2150.00.mp4","27834861","duplicate_exact"
"move","out/atomic_clips/_quarantine/034__2025-09-20__TSC_vs_RVFC__PRESSURE_GOAL__t2158.00-t2169.00.mp4","DUPES/out_atomic_clips__quarantine_034__2025-09-20__TSC_vs_RVFC__PRESSURE_GOAL__t2158.00-t2169.00.mp4","23607401","duplicate_exact"
"move","out/atomic_clips/_quarantine/035__2025-09-20__TSC_vs_RVFC__BUILD_UP_PLAY_SHOT__t2297.00-t2312.00.mp4","DUPES/out_atomic_clips__quarantine_035__2025-09-20__TSC_vs_RVFC__BUILD_UP_PLAY_SHOT__t2297.00-t2312.00.mp4","25135624","duplicate_exact"
"move","out/atomic_clips/_quarantine/036__2025-09-20__TSC_vs_RVFC__PRESSURE_GOAL__t2348.00-t2367.00.mp4","DUPES/out_atomic_clips__quarantine_036__2025-09-20__TSC_vs_RVFC__PRESSURE_GOAL__t2348.00-t2367.00.mp4","43900377","duplicate_exact"
"move","out/atomic_clips/_quarantine/037__2025-09-20__TSC_vs_RVFC__PRESSURE_SHOT__t2388.00-t2397.00.mp4","DUPES/out_atomic_clips__quarantine_037__2025-09-20__TSC_vs_RVFC__PRESSURE_SHOT__t2388.00-t2397.00.mp4","15279469","duplicate_exact"
"move","out/atomic_clips/_quarantine/038__2025-09-20__TSC_vs_RVFC__PRESSURE_GOAL__t2411.00-t2431.00.mp4","DUPES/out_atomic_clips__quarantine_038__2025-09-20__TSC_vs_RVFC__PRESSURE_GOAL__t2411.00-t2431.00.mp4","37874540","duplicate_exact"
"move","out/atomic_clips/_quarantine/039__2025-09-20__TSC_vs_RVFC__PRESSURE_GOAL__t2485.00-t2506.00.mp4","DUPES/out_atomic_clips__quarantine_039__2025-09-20__TSC_vs_RVFC__PRESSURE_GOAL__t2485.00-t2506.00.mp4","46106052","duplicate_exact"
"move","out/atomic_clips/_quarantine/040__2025-09-20__TSC_vs_RVFC__BUILD_UP_PLAY_SHOT__t2571.00-t2599.00.mp4","DUPES/out_atomic_clips__quarantine_040__2025-09-20__TSC_vs_RVFC__BUILD_UP_PLAY_SHOT__t2571.00-t2599.00.mp4","52008084","duplicate_exact"
"move","out/atomic_clips/_quarantine/041__2025-09-20__TSC_vs_RVFC__CORNER__t2712.00-t2722.00.mp4","DUPES/out_atomic_clips__quarantine_041__2025-09-20__TSC_vs_RVFC__CORNER__t2712.00-t2722.00.mp4","25248246","duplicate_exact"
"move","out/atomic_clips/_quarantine/042__2025-09-20__TSC_vs_RVFC__CORNER__t2765.00-t2783.00.mp4","DUPES/out_atomic_clips__quarantine_042__2025-09-20__TSC_vs_RVFC__CORNER__t2765.00-t2783.00.mp4","33269333","duplicate_exact"
"move","out/atomic_clips/_quarantine/043__2025-09-20__TSC_vs_RVFC__GOAL__t3010.00-t3028.00.mp4","DUPES/out_atomic_clips__quarantine_043__2025-09-20__TSC_vs_RVFC__GOAL__t3010.00-t3028.00.mp4","35941045","duplicate_exact"
"move","out/atomic_clips/_quarantine/044__2025-09-20__TSC_vs_RVFC__GOAL__t3051.00-t3066.00.mp4","DUPES/out_atomic_clips__quarantine_044__2025-09-20__TSC_vs_RVFC__GOAL__t3051.00-t3066.00.mp4","23565817","duplicate_exact"
"move","out/atomic_clips/_quarantine/001__2025-10-04__TSC_vs_FC_Tulsa_Black__DRIBBLING__t387.00-t412.00.mp4","DUPES/out_atomic_clips__quarantine_001__2025-10-04__TSC_vs_FC_Tulsa_Black__DRIBBLING__t387.00-t412.00.mp4","45856961","duplicate_exact"
"move","out/atomic_clips/_quarantine/002__2025-10-04__TSC_vs_FC_Tulsa_Black__BUILD_UP__t421.00-t449.00.mp4","DUPES/out_atomic_clips__quarantine_002__2025-10-04__TSC_vs_FC_Tulsa_Black__BUILD_UP__t421.00-t449.00.mp4","52354085","duplicate_exact"
"move","out/atomic_clips/_quarantine/003__2025-10-04__TSC_vs_FC_Tulsa_Black__BUILD_UP__t458.00-t487.00.mp4","DUPES/out_atomic_clips__quarantine_003__2025-10-04__TSC_vs_FC_Tulsa_Black__BUILD_UP__t458.00-t487.00.mp4","50447401","duplicate_exact"
"move","out/atomic_clips/_quarantine/004__2025-10-04__TSC_vs_FC_Tulsa_Black__BUILD_UP__t495.00-t513.00.mp4","DUPES/out_atomic_clips__quarantine_004__2025-10-04__TSC_vs_FC_Tulsa_Black__BUILD_UP__t495.00-t513.00.mp4","39510319","duplicate_exact"
"move","out/atomic_clips/_quarantine/005__2025-10-04__TSC_vs_FC_Tulsa_Black__SHOT__t600.00-t607.00.mp4","DUPES/out_atomic_clips__quarantine_005__2025-10-04__TSC_vs_FC_Tulsa_Black__SHOT__t600.00-t607.00.mp4","12169460","duplicate_exact"
"move","out/atomic_clips/_quarantine/006__2025-10-04__TSC_vs_FC_Tulsa_Black__BUILD_UP_GOAL__t674.00-t717.00.mp4","DUPES/out_atomic_clips__quarantine_006__2025-10-04__TSC_vs_FC_Tulsa_Black__BUILD_UP_GOAL__t674.00-t717.00.mp4","79731215","duplicate_exact"
"move","out/atomic_clips/_quarantine/007__2025-10-04__TSC_vs_FC_Tulsa_Black__BUILD_UP_SHOT__t767.00-t785.00.mp4","DUPES/out_atomic_clips__quarantine_007__2025-10-04__TSC_vs_FC_Tulsa_Black__BUILD_UP_SHOT__t767.00-t785.00.mp4","34254187","duplicate_exact"
"move","out/atomic_clips/_quarantine/008__2025-10-04__TSC_vs_FC_Tulsa_Black__BUILD_UP_SHOT__t1025.00-t1040.00.mp4","DUPES/out_atomic_clips__quarantine_008__2025-10-04__TSC_vs_FC_Tulsa_Black__BUILD_UP_SHOT__t1025.00-t1040.00.mp4","32293676","duplicate_exact"
"move","out/atomic_clips/_quarantine/009__2025-10-04__TSC_vs_FC_Tulsa_Black__PRESSURE_SHOT__t1046.00-t1057.00.mp4","DUPES/out_atomic_clips__quarantine_009__2025-10-04__TSC_vs_FC_Tulsa_Black__PRESSURE_SHOT__t1046.00-t1057.00.mp4","25233634","duplicate_exact"
"move","out/atomic_clips/_quarantine/010__2025-10-04__TSC_vs_FC_Tulsa_Black__BUILD_UP_SHOT__t1058.00-t1080.00.mp4","DUPES/out_atomic_clips__quarantine_010__2025-10-04__TSC_vs_FC_Tulsa_Black__BUILD_UP_SHOT__t1058.00-t1080.00.mp4","34853830","duplicate_exact"
"move","out/atomic_clips/_quarantine/011__2025-10-04__TSC_vs_FC_Tulsa_Black__BUILD_UP_SHOT__t1198.00-t1222.00.mp4","DUPES/out_atomic_clips__quarantine_011__2025-10-04__TSC_vs_FC_Tulsa_Black__BUILD_UP_SHOT__t1198.00-t1222.00.mp4","43936999","duplicate_exact"
"move","out/atomic_clips/_quarantine/012__2025-10-04__TSC_vs_FC_Tulsa_Black__PRESSURE_GOAL__t1239.00-t1253.00.mp4","DUPES/out_atomic_clips__quarantine_012__2025-10-04__TSC_vs_FC_Tulsa_Black__PRESSURE_GOAL__t1239.00-t1253.00.mp4","22558957","duplicate_exact"
"move","out/atomic_clips/_quarantine/013__2025-10-04__TSC_vs_FC_Tulsa_Black__BUILD_UP_PLAY__t1290.00-t1306.00.mp4","DUPES/out_atomic_clips__quarantine_013__2025-10-04__TSC_vs_FC_Tulsa_Black__BUILD_UP_PLAY__t1290.00-t1306.00.mp4","38126544","duplicate_exact"
"move","out/atomic_clips/_quarantine/014__2025-10-04__TSC_vs_FC_Tulsa_Black__SHOT__t1626.00-t1637.00.mp4","DUPES/out_atomic_clips__quarantine_014__2025-10-04__TSC_vs_FC_Tulsa_Black__SHOT__t1626.00-t1637.00.mp4","18466599","duplicate_exact"
"move","out/atomic_clips/_quarantine/015__2025-10-04__TSC_vs_FC_Tulsa_Black__BUILD_UP_SHOT__t1705.00-t1721.00.mp4","DUPES/out_atomic_clips__quarantine_015__2025-10-04__TSC_vs_FC_Tulsa_Black__BUILD_UP_SHOT__t1705.00-t1721.00.mp4","28369808","duplicate_exact"
"move","out/atomic_clips/_quarantine/001__2025-09-20__TSC_vs_Greenwood__BUILD_UP_PLAY_SHOT__t18900.00-t20340.00__v2.mp4","DUPES/out_atomic_clips__quarantine_001__2025-09-20__TSC_vs_Greenwood__BUILD_UP_PLAY_SHOT__t18900.00-t20340.00__v2.mp4","3039710","duplicate_exact"
"move","out/atomic_clips/_quarantine/001__2025-09-20__TSC_vs_Greenwood__BUILD_UP_PLAY_SHOT__t18900.00-t20340.00__v3.mp4","DUPES/out_atomic_clips__quarantine_001__2025-09-20__TSC_vs_Greenwood__BUILD_UP_PLAY_SHOT__t18900.00-t20340.00__v3.mp4","3039710","duplicate_exact"
"move","out/atomic_clips/_quarantine/001__2025-09-20__TSC_vs_RVFC__SHOT__t7320.00-t7860.00__v2.mp4","DUPES/out_atomic_clips__quarantine_001__2025-09-20__TSC_vs_RVFC__SHOT__t7320.00-t7860.00__v2.mp4","866337","duplicate_exact"
"move","out/atomic_clips/_quarantine/001__2025-09-20__TSC_vs_RVFC__SHOT__t7320.00-t7860.00__v3.mp4","DUPES/out_atomic_clips__quarantine_001__2025-09-20__TSC_vs_RVFC__SHOT__t7320.00-t7860.00__v3.mp4","866337","duplicate_exact"
"move","out/atomic_clips/_quarantine/002__2025-09-20__TSC_vs_Greenwood__GOAL__t20400.00-t21180.00__v2.mp4","DUPES/out_atomic_clips__quarantine_002__2025-09-20__TSC_vs_Greenwood__GOAL__t20400.00-t21180.00__v2.mp4","3039710","duplicate_exact"
"move","out/atomic_clips/_quarantine/002__2025-09-20__TSC_vs_Greenwood__GOAL__t20400.00-t21180.00__v3.mp4","DUPES/out_atomic_clips__quarantine_002__2025-09-20__TSC_vs_Greenwood__GOAL__t20400.00-t21180.00__v3.mp4","3039710","duplicate_exact"
"move","out/atomic_clips/_quarantine/002__2025-09-20__TSC_vs_RVFC__PRESSURE_SHOT__t7920.00-t8880.00__v2.mp4","DUPES/out_atomic_clips__quarantine_002__2025-09-20__TSC_vs_RVFC__PRESSURE_SHOT__t7920.00-t8880.00__v2.mp4","866337","duplicate_exact"
"move","out/atomic_clips/_quarantine/002__2025-09-20__TSC_vs_RVFC__PRESSURE_SHOT__t7920.00-t8880.00__v3.mp4","DUPES/out_atomic_clips__quarantine_002__2025-09-20__TSC_vs_RVFC__PRESSURE_SHOT__t7920.00-t8880.00__v3.mp4","866337","duplicate_exact"
"move","out/atomic_clips/_quarantine/003__2025-09-20__TSC_vs_RVFC__PRESSURE_SHOT__t15480.00-t16260.00__v2.mp4","DUPES/out_atomic_clips__quarantine_003__2025-09-20__TSC_vs_RVFC__PRESSURE_SHOT__t15480.00-t16260.00__v2.mp4","866337","duplicate_exact"
"move","out/atomic_clips/_quarantine/003__2025-09-20__TSC_vs_RVFC__PRESSURE_SHOT__t15480.00-t16260.00__v3.mp4","DUPES/out_atomic_clips__quarantine_003__2025-09-20__TSC_vs_RVFC__PRESSURE_SHOT__t15480.00-t16260.00__v3.mp4","866337","duplicate_exact"
"move","out/atomic_clips/_quarantine/004__2025-09-20__TSC_vs_RVFC__PRESSURE_GOAL__t17880.00-t18720.00__v2.mp4","DUPES/out_atomic_clips__quarantine_004__2025-09-20__TSC_vs_RVFC__PRESSURE_GOAL__t17880.00-t18720.00__v2.mp4","866337","duplicate_exact"
"move","out/atomic_clips/_quarantine/004__2025-09-20__TSC_vs_RVFC__PRESSURE_GOAL__t17880.00-t18720.00__v3.mp4","DUPES/out_atomic_clips__quarantine_004__2025-09-20__TSC_vs_RVFC__PRESSURE_GOAL__t17880.00-t18720.00__v3.mp4","866337","duplicate_exact"
"move","out/atomic_clips/_quarantine/012__SHOT__t1705.20-t1708.50.mp4","DUPES/out_atomic_clips__quarantine_012__SHOT__t1705.20-t1708.50.mp4","9744098","duplicate_exact"
"move","out/reels/landscape/012__GOAL__t1705.20-t1708.50__BASE__landscape.mp4","DUPES/out_reels_landscape_012__GOAL__t1705.20-t1708.50__BASE__landscape.mp4","9744098","duplicate_exact"
"move","out/atomic_clips/_quarantine/013__SHOT__t1767.50-t1772.60.mp4","DUPES/out_atomic_clips__quarantine_013__SHOT__t1767.50-t1772.60.mp4","7936081","duplicate_exact"
"move","out/reels/landscape/013__GOAL__t1767.50-t1772.60__BASE__landscape.mp4","DUPES/out_reels_landscape_013__GOAL__t1767.50-t1772.60__BASE__landscape.mp4","7936081","duplicate_exact"
"move","out/reels/landscape/018__SHOT__t2419.50-t2425.60__BASE__landscape.mp4","DUPES/out_reels_landscape_018__SHOT__t2419.50-t2425.60__BASE__landscape.mp4","7753953","duplicate_exact"
"move","out/reels/landscape/019__SHOT__t2633.00-t2638.10__BASE__landscape.mp4","DUPES/out_reels_landscape_019__SHOT__t2633.00-t2638.10__BASE__landscape.mp4","8784918","duplicate_exact"
"move","out/autoframe_work/012__SHOT__t1705.20-t1708.50_ball_track.csv","DUPES/out_autoframe_work_012__SHOT__t1705.20-t1708.50_ball_track.csv","7035","duplicate_exact"
"move","out/autoframe_work/013__GOAL__t1767.50-t1772.60_zoom.ps1vars","DUPES/out_autoframe_work_013__GOAL__t1767.50-t1772.60_zoom.ps1vars","155","duplicate_exact"
"move","out/autoframe_work/018__SHOT__t2419.50-t2425.60_zoom.ps1vars","DUPES/out_autoframe_work_018__SHOT__t2419.50-t2425.60_zoom.ps1vars","155","duplicate_exact"
"move","out/autoframe_work/019__SHOT__t2633.00-t2638.10_zoom.ps1vars","DUPES/out_autoframe_work_019__SHOT__t2633.00-t2638.10_zoom.ps1vars","155","duplicate_exact"
"move","out/autoframe_work/013__SHOT__t1767.50-t1772.60_ball_track.csv","DUPES/out_autoframe_work_013__SHOT__t1767.50-t1772.60_ball_track.csv","6155","duplicate_exact"
"move","out/autoframe_work/_temp_frames_autoz/f_000184.jpg","DUPES/out_autoframe_work__temp_frames_autoz_f_000184.jpg","296000","duplicate_exact"
"move","out/autoframe_work/_temp_frames_autoz/f_000185.jpg","DUPES/out_autoframe_work__temp_frames_autoz_f_000185.jpg","290864","duplicate_exact"
"move","out/autoframe_work/_temp_frames_autoz/f_000186.jpg","DUPES/out_autoframe_work__temp_frames_autoz_f_000186.jpg","286696","duplicate_exact"
"move","out/autoframe_work/_temp_frames_autoz/f_000187.jpg","DUPES/out_autoframe_work__temp_frames_autoz_f_000187.jpg","284552","duplicate_exact"
"move","out/autoframe_work/_temp_frames_autoz/f_000188.jpg","DUPES/out_autoframe_work__temp_frames_autoz_f_000188.jpg","285015","duplicate_exact"
"move","out/autoframe_work/_temp_frames_autoz_cinematic_v3/f_000000.jpg","DUPES/out_autoframe_work__temp_frames_autoz_cinematic_v3_f_000000.jpg","252263","duplicate_exact"
"move","out/autoframe_work/_temp_frames_autoz_cinematic_v3/f_000001.jpg","DUPES/out_autoframe_work__temp_frames_autoz_cinematic_v3_f_000001.jpg","252262","duplicate_exact"
"move","out/autoframe_work/_temp_frames_autoz_cinematic_v3/f_000002.jpg","DUPES/out_autoframe_work__temp_frames_autoz_cinematic_v3_f_000002.jpg","252206","duplicate_exact"
"move","out/autoframe_work/_temp_frames_autoz_cinematic_v3/f_000003.jpg","DUPES/out_autoframe_work__temp_frames_autoz_cinematic_v3_f_000003.jpg","242703","duplicate_exact"
"move","out/autoframe_work/_temp_frames_autoz_cinematic_v3/f_000004.jpg","DUPES/out_autoframe_work__temp_frames_autoz_cinematic_v3_f_000004.jpg","249381","duplicate_exact"
"move","out/autoframe_work/_temp_frames_autoz_cinematic_v3/f_000005.jpg","DUPES/out_autoframe_work__temp_frames_autoz_cinematic_v3_f_000005.jpg","243680","duplicate_exact"
"move","out/autoframe_work/_temp_frames_autoz_cinematic_v3/f_000006.jpg","DUPES/out_autoframe_work__temp_frames_autoz_cinematic_v3_f_000006.jpg","247291","duplicate_exact"
"move","out/autoframe_work/_temp_frames_autoz_cinematic_v3/f_000007.jpg","DUPES/out_autoframe_work__temp_frames_autoz_cinematic_v3_f_000007.jpg","243743","duplicate_exact"
"move","out/autoframe_work/_temp_frames_autoz_cinematic_v3/f_000008.jpg","DUPES/out_autoframe_work__temp_frames_autoz_cinematic_v3_f_000008.jpg","250938","duplicate_exact"
"move","out/autoframe_work/_temp_frames_autoz_cinematic_v3/f_000009.jpg","DUPES/out_autoframe_work__temp_frames_autoz_cinematic_v3_f_000009.jpg","243164","duplicate_exact"
"move","out/autoframe_work/_temp_frames_autoz_cinematic_v3/f_000010.jpg","DUPES/out_autoframe_work__temp_frames_autoz_cinematic_v3_f_000010.jpg","246464","duplicate_exact"
"move","out/autoframe_work/_temp_frames_autoz_cinematic_v3/f_000011.jpg","DUPES/out_autoframe_work__temp_frames_autoz_cinematic_v3_f_000011.jpg","242043","duplicate_exact"
"move","out/autoframe_work/_temp_frames_autoz_cinematic_v3/f_000012.jpg","DUPES/out_autoframe_work__temp_frames_autoz_cinematic_v3_f_000012.jpg","250673","duplicate_exact"
"move","out/autoframe_work/_temp_frames_autoz_cinematic_v3/f_000013.jpg","DUPES/out_autoframe_work__temp_frames_autoz_cinematic_v3_f_000013.jpg","243786","duplicate_exact"
"move","out/autoframe_work/_temp_frames_autoz_cinematic_v3/f_000014.jpg","DUPES/out_autoframe_work__temp_frames_autoz_cinematic_v3_f_000014.jpg","249248","duplicate_exact"
"move","out/autoframe_work/_temp_frames_autoz_cinematic_v3/f_000015.jpg","DUPES/out_autoframe_work__temp_frames_autoz_cinematic_v3_f_000015.jpg","246629","duplicate_exact"
"move","out/autoframe_work/_temp_frames_autoz_cinematic_v3/f_000016.jpg","DUPES/out_autoframe_work__temp_frames_autoz_cinematic_v3_f_000016.jpg","263634","duplicate_exact"
"move","out/autoframe_work/_temp_frames_autoz_cinematic_v3/f_000017.jpg","DUPES/out_autoframe_work__temp_frames_autoz_cinematic_v3_f_000017.jpg","252812","duplicate_exact"
"move","out/autoframe_work/_temp_frames_autoz_cinematic_v3/f_000018.jpg","DUPES/out_autoframe_work__temp_frames_autoz_cinematic_v3_f_000018.jpg","255792","duplicate_exact"
"move","out/autoframe_work/_temp_frames_autoz_cinematic_v3/f_000019.jpg","DUPES/out_autoframe_work__temp_frames_autoz_cinematic_v3_f_000019.jpg","252947","duplicate_exact"
"move","out/autoframe_work/_temp_frames_autoz_cinematic_v3/f_000020.jpg","DUPES/out_autoframe_work__temp_frames_autoz_cinematic_v3_f_000020.jpg","261069","duplicate_exact"
"move","out/autoframe_work/_temp_frames_autoz_cinematic_v3/f_000021.jpg","DUPES/out_autoframe_work__temp_frames_autoz_cinematic_v3_f_000021.jpg","251212","duplicate_exact"
"move","out/autoframe_work/_temp_frames_autoz_cinematic_v3/f_000022.jpg","DUPES/out_autoframe_work__temp_frames_autoz_cinematic_v3_f_000022.jpg","253103","duplicate_exact"
"move","out/autoframe_work/_temp_frames_autoz_cinematic_v3/f_000023.jpg","DUPES/out_autoframe_work__temp_frames_autoz_cinematic_v3_f_000023.jpg","249893","duplicate_exact"
"move","out/autoframe_work/_temp_frames_autoz_cinematic_v3/f_000024.jpg","DUPES/out_autoframe_work__temp_frames_autoz_cinematic_v3_f_000024.jpg","258716","duplicate_exact"
"move","out/autoframe_work/_temp_frames_autoz_cinematic_v3/f_000025.jpg","DUPES/out_autoframe_work__temp_frames_autoz_cinematic_v3_f_000025.jpg","247763","duplicate_exact"
"move","out/autoframe_work/_temp_frames_autoz_cinematic_v3/f_000026.jpg","DUPES/out_autoframe_work__temp_frames_autoz_cinematic_v3_f_000026.jpg","252013","duplicate_exact"
"move","out/autoframe_work/_temp_frames_autoz_cinematic_v3/f_000027.jpg","DUPES/out_autoframe_work__temp_frames_autoz_cinematic_v3_f_000027.jpg","248218","duplicate_exact"
"move","out/autoframe_work/_temp_frames_autoz_cinematic_v3/f_000028.jpg","DUPES/out_autoframe_work__temp_frames_autoz_cinematic_v3_f_000028.jpg","257446","duplicate_exact"
"move","out/autoframe_work/_temp_frames_autoz_cinematic_v3/f_000029.jpg","DUPES/out_autoframe_work__temp_frames_autoz_cinematic_v3_f_000029.jpg","249214","duplicate_exact"
"move","out/autoframe_work/_temp_frames_autoz_cinematic_v3/f_000030.jpg","DUPES/out_autoframe_work__temp_frames_autoz_cinematic_v3_f_000030.jpg","251745","duplicate_exact"
"move","out/autoframe_work/_temp_frames_autoz_cinematic_v3/f_000031.jpg","DUPES/out_autoframe_work__temp_frames_autoz_cinematic_v3_f_000031.jpg","249206","duplicate_exact"
"move","out/autoframe_work/_temp_frames_autoz_cinematic_v3/f_000032.jpg","DUPES/out_autoframe_work__temp_frames_autoz_cinematic_v3_f_000032.jpg","255416","duplicate_exact"
"move","out/autoframe_work/_temp_frames_autoz_cinematic_v3/f_000033.jpg","DUPES/out_autoframe_work__temp_frames_autoz_cinematic_v3_f_000033.jpg","246079","duplicate_exact"
"move","out/autoframe_work/_temp_frames_autoz_cinematic_v3/f_000034.jpg","DUPES/out_autoframe_work__temp_frames_autoz_cinematic_v3_f_000034.jpg","250045","duplicate_exact"
"move","out/autoframe_work/_temp_frames_autoz_cinematic_v3/f_000035.jpg","DUPES/out_autoframe_work__temp_frames_autoz_cinematic_v3_f_000035.jpg","248530","duplicate_exact"
"move","out/autoframe_work/_temp_frames_autoz_cinematic_v3/f_000036.jpg","DUPES/out_autoframe_work__temp_frames_autoz_cinematic_v3_f_000036.jpg","253813","duplicate_exact"
"move","out/autoframe_work/_temp_frames_autoz_cinematic_v3/f_000037.jpg","DUPES/out_autoframe_work__temp_frames_autoz_cinematic_v3_f_000037.jpg","250746","duplicate_exact"
"move","out/autoframe_work/_temp_frames_autoz_cinematic_v3/f_000038.jpg","DUPES/out_autoframe_work__temp_frames_autoz_cinematic_v3_f_000038.jpg","253446","duplicate_exact"
"move","out/autoframe_work/_temp_frames_autoz_cinematic_v3/f_000039.jpg","DUPES/out_autoframe_work__temp_frames_autoz_cinematic_v3_f_000039.jpg","250554","duplicate_exact"
"move","out/autoframe_work/_temp_frames_autoz_cinematic_v3/f_000043.jpg","DUPES/out_autoframe_work__temp_frames_autoz_cinematic_v3_f_000043.jpg","259678","duplicate_exact"
"move","out/reels/Claire_micup__POLISHED_1080x1920.mp4","DUPES/out_reels_Claire_micup__POLISHED_1080x1920.mp4","166379523","duplicate_exact"
"move","out/reels/autoframe_work/004__GOAL__t266.50-t283.10__BALLTRACK_virtual_cam.csv","DUPES/out_reels_autoframe_work_004__GOAL__t266.50-t283.10__BALLTRACK_virtual_cam.csv","27734","duplicate_exact"
"move","out/reels/landscape/012__GOAL__t2589.90-t2594.63__BASE__landscape.mp4","DUPES/out_reels_landscape_012__GOAL__t2589.90-t2594.63__BASE__landscape.mp4","10289251","duplicate_exact"
"move","out/reels/landscape/014__GOAL__t3114.90-t3120.03__BASE__landscape.mp4","DUPES/out_reels_landscape_014__GOAL__t3114.90-t3120.03__BASE__landscape.mp4","9288853","duplicate_exact"
"move","out/manual/atomic_events_seconds.csv","DUPES/out_manual_atomic_events_seconds.csv","850","duplicate_exact"
"move","out/portrait_reels/previews/012__SHOT__t1705.20-t1708.50_preview.mp4","DUPES/out_portrait_reels_previews_012__SHOT__t1705.20-t1708.50_preview.mp4","73243236","duplicate_exact"
"move","out/portrait_reels/previews/013__SHOT__t1767.50-t1772.60_preview.mp4","DUPES/out_portrait_reels_previews_013__SHOT__t1767.50-t1772.60_preview.mp4","81654714","duplicate_exact"
"move","out/portrait_reels_no_brand/previews/DJI_20251001_195823_805_video_preview.mp4","DUPES/out_portrait_reels_no_brand_previews_DJI_20251001_195823_805_video_preview.mp4","54126665","duplicate_exact"
"move","out/portrait_reels/reels/012__SHOT__t1705.20-t1708.50_portrait.mp4","DUPES/out_portrait_reels_reels_012__SHOT__t1705.20-t1708.50_portrait.mp4","10450138","duplicate_exact"
"move","out/portrait_reels/reels/013__SHOT__t1767.50-t1772.60_portrait.mp4","DUPES/out_portrait_reels_reels_013__SHOT__t1767.50-t1772.60_portrait.mp4","7967093","duplicate_exact"
"move","out/portrait_reels_autopick/vars/DJI_20251001_195823_805_video.error.log","DUPES/out_portrait_reels_autopick_vars_DJI_20251001_195823_805_video.error.log","398","duplicate_exact"
"move","out/portrait_reels_autopick/vars/DJI_20251001_203314_740_video.error.log","DUPES/out_portrait_reels_autopick_vars_DJI_20251001_203314_740_video.error.log","398","duplicate_exact"
"move","out/portrait_reels_autopick/vars/DJI_20251001_195823_805_video.ps1vars","DUPES/out_portrait_reels_autopick_vars_DJI_20251001_195823_805_video.ps1vars","128","duplicate_exact"
"move","out/portrait_reels_autopick/vars/DJI_20251001_203314_740_video.ps1vars","DUPES/out_portrait_reels_autopick_vars_DJI_20251001_203314_740_video.ps1vars","128","duplicate_exact"
"move","out/portrait_reels_multiselect_strongfollow/final/DJI_20251001_195823_805_video 1_portrait_1080x1920_CENTER.mp4","DUPES/out_portrait_reels_multiselect_strongfollow_final_DJI_20251001_195823_805_video 1_portrait_1080x1920_CENTER.mp4","11204372","duplicate_exact"
"move","out/portrait_reels_multiselect_strongfollow/final/DJI_20251001_195823_805_video_portrait_1080x1920_CENTER.mp4","DUPES/out_portrait_reels_multiselect_strongfollow_final_DJI_20251001_195823_805_video_portrait_1080x1920_CENTER.mp4","19202575","duplicate_exact"
"move","out/portrait_reels_multiselect_strongfollow/final/DJI_20251001_203314_740_video_portrait_1080x1920_CENTER.mp4","DUPES/out_portrait_reels_multiselect_strongfollow_final_DJI_20251001_203314_740_video_portrait_1080x1920_CENTER.mp4","13505163","duplicate_exact"
"move","out/portrait_reels_multiselect/vars/DJI_20251001_195823_805_video.error.log","DUPES/out_portrait_reels_multiselect_vars_DJI_20251001_195823_805_video.error.log","389","duplicate_exact"
"move","out/portrait_reels_multiselect/vars/DJI_20251001_203314_740_video.error.log","DUPES/out_portrait_reels_multiselect_vars_DJI_20251001_203314_740_video.error.log","389","duplicate_exact"
"move","out/portrait_reels_multiselect_LOCKED2/vars/DJI_20251001_195823_805_video 1.error.log","DUPES/out_portrait_reels_multiselect_LOCKED2_vars_DJI_20251001_195823_805_video 1.error.log","389","duplicate_exact"
"move","out/portrait_reels_multiselect_LOCKED2/vars/DJI_20251001_195823_805_video.error.log","DUPES/out_portrait_reels_multiselect_LOCKED2_vars_DJI_20251001_195823_805_video.error.log","389","duplicate_exact"
"move","out/portrait_reels_multiselect_LOCKED2/vars/DJI_20251001_203314_740_video.error.log","DUPES/out_portrait_reels_multiselect_LOCKED2_vars_DJI_20251001_203314_740_video.error.log","389","duplicate_exact"
"move","out/portrait_reels_multiselect_REMAP/vars/DJI_20251001_195823_805_video 1.error.log","DUPES/out_portrait_reels_multiselect_REMAP_vars_DJI_20251001_195823_805_video 1.error.log","389","duplicate_exact"
"move","out/portrait_reels_multiselect_REMAP/vars/DJI_20251001_195823_805_video.error.log","DUPES/out_portrait_reels_multiselect_REMAP_vars_DJI_20251001_195823_805_video.error.log","389","duplicate_exact"
"move","out/portrait_reels_multiselect_REMAP/vars/DJI_20251001_203314_740_video.error.log","DUPES/out_portrait_reels_multiselect_REMAP_vars_DJI_20251001_203314_740_video.error.log","389","duplicate_exact"
"move","out/portrait_reels_multiselect_SMOOTHFAST/vars/DJI_20251001_195823_805_video 1.error.log","DUPES/out_portrait_reels_multiselect_SMOOTHFAST_vars_DJI_20251001_195823_805_video 1.error.log","389","duplicate_exact"
"move","out/portrait_reels_multiselect_SMOOTHFAST/vars/DJI_20251001_195823_805_video.error.log","DUPES/out_portrait_reels_multiselect_SMOOTHFAST_vars_DJI_20251001_195823_805_video.error.log","389","duplicate_exact"
"move","out/portrait_reels_multiselect_SMOOTHFAST/vars/DJI_20251001_203314_740_video.error.log","DUPES/out_portrait_reels_multiselect_SMOOTHFAST_vars_DJI_20251001_203314_740_video.error.log","389","duplicate_exact"
"move","out/portrait_reels_multiselect_STRICT/vars/DJI_20251001_195823_805_video 1.error.log","DUPES/out_portrait_reels_multiselect_STRICT_vars_DJI_20251001_195823_805_video 1.error.log","389","duplicate_exact"
"move","out/portrait_reels_multiselect_STRICT/vars/DJI_20251001_195823_805_video.error.log","DUPES/out_portrait_reels_multiselect_STRICT_vars_DJI_20251001_195823_805_video.error.log","389","duplicate_exact"
"move","out/portrait_reels_multiselect_STRICT/vars/DJI_20251001_203314_740_video.error.log","DUPES/out_portrait_reels_multiselect_STRICT_vars_DJI_20251001_203314_740_video.error.log","389","duplicate_exact"
"move","out/portrait_reels_multiselect_strongfollow/vars/DJI_20251001_195823_805_video 1.error.log","DUPES/out_portrait_reels_multiselect_strongfollow_vars_DJI_20251001_195823_805_video 1.error.log","389","duplicate_exact"
"move","out/portrait_reels_multiselect_strongfollow/vars/DJI_20251001_195823_805_video.error.log","DUPES/out_portrait_reels_multiselect_strongfollow_vars_DJI_20251001_195823_805_video.error.log","389","duplicate_exact"
"move","out/portrait_reels_multiselect_strongfollow/vars/DJI_20251001_203314_740_video.error.log","DUPES/out_portrait_reels_multiselect_strongfollow_vars_DJI_20251001_203314_740_video.error.log","389","duplicate_exact"
"move","out/portrait_reels_multiselect/vars/DJI_20251001_195823_805_video.ps1vars","DUPES/out_portrait_reels_multiselect_vars_DJI_20251001_195823_805_video.ps1vars","72","duplicate_exact"
"move","out/portrait_reels_multiselect/vars/DJI_20251001_203314_740_video.ps1vars","DUPES/out_portrait_reels_multiselect_vars_DJI_20251001_203314_740_video.ps1vars","72","duplicate_exact"
"move","out/portrait_reels_multiselect_LOCKED2/vars/DJI_20251001_195823_805_video 1.ps1vars","DUPES/out_portrait_reels_multiselect_LOCKED2_vars_DJI_20251001_195823_805_video 1.ps1vars","72","duplicate_exact"
"move","out/portrait_reels_multiselect_LOCKED2/vars/DJI_20251001_195823_805_video.ps1vars","DUPES/out_portrait_reels_multiselect_LOCKED2_vars_DJI_20251001_195823_805_video.ps1vars","72","duplicate_exact"
"move","out/portrait_reels_multiselect_LOCKED2/vars/DJI_20251001_203314_740_video.ps1vars","DUPES/out_portrait_reels_multiselect_LOCKED2_vars_DJI_20251001_203314_740_video.ps1vars","72","duplicate_exact"
"move","out/portrait_reels_multiselect_REMAP/vars/DJI_20251001_195823_805_video 1.ps1vars","DUPES/out_portrait_reels_multiselect_REMAP_vars_DJI_20251001_195823_805_video 1.ps1vars","72","duplicate_exact"
"move","out/portrait_reels_multiselect_REMAP/vars/DJI_20251001_195823_805_video.ps1vars","DUPES/out_portrait_reels_multiselect_REMAP_vars_DJI_20251001_195823_805_video.ps1vars","72","duplicate_exact"
"move","out/portrait_reels_multiselect_REMAP/vars/DJI_20251001_203314_740_video.ps1vars","DUPES/out_portrait_reels_multiselect_REMAP_vars_DJI_20251001_203314_740_video.ps1vars","72","duplicate_exact"
"move","out/portrait_reels_multiselect_SMOOTHFAST/vars/DJI_20251001_195823_805_video 1.ps1vars","DUPES/out_portrait_reels_multiselect_SMOOTHFAST_vars_DJI_20251001_195823_805_video 1.ps1vars","72","duplicate_exact"
"move","out/portrait_reels_multiselect_SMOOTHFAST/vars/DJI_20251001_195823_805_video.ps1vars","DUPES/out_portrait_reels_multiselect_SMOOTHFAST_vars_DJI_20251001_195823_805_video.ps1vars","72","duplicate_exact"
"move","out/portrait_reels_multiselect_SMOOTHFAST/vars/DJI_20251001_203314_740_video.ps1vars","DUPES/out_portrait_reels_multiselect_SMOOTHFAST_vars_DJI_20251001_203314_740_video.ps1vars","72","duplicate_exact"
"move","out/portrait_reels_multiselect_STRICT/vars/DJI_20251001_195823_805_video 1.ps1vars","DUPES/out_portrait_reels_multiselect_STRICT_vars_DJI_20251001_195823_805_video 1.ps1vars","72","duplicate_exact"
"move","out/portrait_reels_multiselect_STRICT/vars/DJI_20251001_195823_805_video.ps1vars","DUPES/out_portrait_reels_multiselect_STRICT_vars_DJI_20251001_195823_805_video.ps1vars","72","duplicate_exact"
"move","out/portrait_reels_multiselect_STRICT/vars/DJI_20251001_203314_740_video.ps1vars","DUPES/out_portrait_reels_multiselect_STRICT_vars_DJI_20251001_203314_740_video.ps1vars","72","duplicate_exact"
"move","out/portrait_reels_multiselect_strongfollow/vars/DJI_20251001_195823_805_video 1.ps1vars","DUPES/out_portrait_reels_multiselect_strongfollow_vars_DJI_20251001_195823_805_video 1.ps1vars","72","duplicate_exact"
"move","out/portrait_reels_multiselect_strongfollow/vars/DJI_20251001_195823_805_video.ps1vars","DUPES/out_portrait_reels_multiselect_strongfollow_vars_DJI_20251001_195823_805_video.ps1vars","72","duplicate_exact"
"move","out/portrait_reels_multiselect_strongfollow/vars/DJI_20251001_203314_740_video.ps1vars","DUPES/out_portrait_reels_multiselect_strongfollow_vars_DJI_20251001_203314_740_video.ps1vars","72","duplicate_exact"
"move","out/portrait_reels_multiselect_REMAP/final/DJI_20251001_195823_805_video 1_portrait_1080x1920_CENTER.mp4","DUPES/out_portrait_reels_multiselect_REMAP_final_DJI_20251001_195823_805_video 1_portrait_1080x1920_CENTER.mp4","11238372","duplicate_exact"
"move","out/portrait_reels_multiselect_REMAP/final/DJI_20251001_195823_805_video_portrait_1080x1920_CENTER.mp4","DUPES/out_portrait_reels_multiselect_REMAP_final_DJI_20251001_195823_805_video_portrait_1080x1920_CENTER.mp4","19350935","duplicate_exact"
"move","out/portrait_reels_multiselect_REMAP/final/DJI_20251001_203314_740_video_portrait_1080x1920_CENTER.mp4","DUPES/out_portrait_reels_multiselect_REMAP_final_DJI_20251001_203314_740_video_portrait_1080x1920_CENTER.mp4","13701376","duplicate_exact"
"move","out/reels/autoframe_work/012__SHOT__t1705.20-t1708.50__BALLTRACK_virtual_cam.csv","DUPES/out_reels_autoframe_work_012__SHOT__t1705.20-t1708.50__BALLTRACK_virtual_cam.csv","11287","duplicate_exact"
"move","out/reels/autoframe_work/013__SHOT__t1767.50-t1772.60__BALLTRACK_virtual_cam.csv","DUPES/out_reels_autoframe_work_013__SHOT__t1767.50-t1772.60__BALLTRACK_virtual_cam.csv","9028","duplicate_exact"
"move","out/reels/tiktok/004__directed_SINGLECHAIN_ballBias_receiveEarly_crossDwell_tail__BALL_LOCK_AFTER10_CLEAN.mp4","DUPES/out_reels_tiktok_004__directed_SINGLECHAIN_ballBias_receiveEarly_crossDwell_tail__BALL_LOCK_AFTER10_CLEAN.mp4","9197793","duplicate_exact"
"move","out/reels/tiktok/004__directed_SINGLECHAIN_ballBias_receiveEarly_crossDwell_tail__BALL_LOCK_SLOW.mp4","DUPES/out_reels_tiktok_004__directed_SINGLECHAIN_ballBias_receiveEarly_crossDwell_tail__BALL_LOCK_SLOW.mp4","9197793","duplicate_exact"
"move","out/reels/tiktok/004__directed_SINGLECHAIN_ballBias_receiveEarly_crossDwell_tail__slow10s.mp4","DUPES/out_reels_tiktok_004__directed_SINGLECHAIN_ballBias_receiveEarly_crossDwell_tail__slow10s.mp4","9439429","duplicate_exact"
"move","out/reels/tiktok/004__directed_SINGLECHAIN_moreDribble.mp4","DUPES/out_reels_tiktok_004__directed_SINGLECHAIN_moreDribble.mp4","10601707","duplicate_exact"
"move","out/reels/tiktok/004__directed_SINGLECHAIN_moreDribbleCrossCele.mp4","DUPES/out_reels_tiktok_004__directed_SINGLECHAIN_moreDribbleCrossCele.mp4","10601707","duplicate_exact"
"move","out/reels/tiktok/004__directed_SINGLECHAIN_receiveEarly_crossDwell_tail.mp4","DUPES/out_reels_tiktok_004__directed_SINGLECHAIN_receiveEarly_crossDwell_tail.mp4","10601707","duplicate_exact"
"move","out/reels/tiktok/012__SHOT__t1705.20-t1708.50__BALLTRACK.mp4","DUPES/out_reels_tiktok_012__SHOT__t1705.20-t1708.50__BALLTRACK.mp4","5043660","duplicate_exact"
"move","out/reels/tiktok/013__SHOT__t1767.50-t1772.60__BALLTRACK.mp4","DUPES/out_reels_tiktok_013__SHOT__t1767.50-t1772.60__BALLTRACK.mp4","4138842","duplicate_exact"
"move","out/reels/tiktok/COMPARE__004__wider_lane.mp4","DUPES/out_reels_tiktok_COMPARE__004__wider_lane.mp4","7248096","duplicate_exact"
"move","out/smart_select/reels/all_capped.ffconcat","DUPES/out_smart_select_reels_all_capped.ffconcat","1448","duplicate_exact"
"move","out/tracked/DJI_20251001_195823_805_video__frames/fps.txt","DUPES/out_tracked_DJI_20251001_195823_805_video__frames_fps.txt","4","duplicate_exact"
"move","out/tracked/DJI_20251001_203314_740_video__frames/fps.txt","DUPES/out_tracked_DJI_20251001_203314_740_video__frames_fps.txt","4","duplicate_exact"
"move","out/tracked/test_frames/fps.txt","DUPES/out_tracked_test_frames_fps.txt","4","duplicate_exact"
"move","out/yolo/ball_track_cpu_fast/labels/022__SHOT__t3028.10-t3059.70_270.txt","DUPES/out_yolo_ball_track_cpu_fast_labels_022__SHOT__t3028.10-t3059.70_270.txt","43","duplicate_exact"
"move","out/yolo/ball_track_cpu_fast/labels/022__SHOT__t3028.10-t3059.70_277.txt","DUPES/out_yolo_ball_track_cpu_fast_labels_022__SHOT__t3028.10-t3059.70_277.txt","43","duplicate_exact"
"move","out/yolo/ball_track_cpu_fast/labels/022__SHOT__t3028.10-t3059.70_279.txt","DUPES/out_yolo_ball_track_cpu_fast_labels_022__SHOT__t3028.10-t3059.70_279.txt","43","duplicate_exact"
"move","out/yolo/ball_track_cpu_fast/labels/022__SHOT__t3028.10-t3059.70_282.txt","DUPES/out_yolo_ball_track_cpu_fast_labels_022__SHOT__t3028.10-t3059.70_282.txt","43","duplicate_exact"
"move","out/yolo/ball_track_cpu_fast/labels/022__SHOT__t3028.10-t3059.70_284.txt","DUPES/out_yolo_ball_track_cpu_fast_labels_022__SHOT__t3028.10-t3059.70_284.txt","43","duplicate_exact"
"move","out/yolo/ball_track_cpu_fast/labels/022__SHOT__t3028.10-t3059.70_286.txt","DUPES/out_yolo_ball_track_cpu_fast_labels_022__SHOT__t3028.10-t3059.70_286.txt","43","duplicate_exact"
"move","out/yolo/ball_track_cpu_fast/labels/022__SHOT__t3028.10-t3059.70_287.txt","DUPES/out_yolo_ball_track_cpu_fast_labels_022__SHOT__t3028.10-t3059.70_287.txt","42","duplicate_exact"
"move","out/yolo/ball_track_cpu_fast/labels/022__SHOT__t3028.10-t3059.70_293.txt","DUPES/out_yolo_ball_track_cpu_fast_labels_022__SHOT__t3028.10-t3059.70_293.txt","43","duplicate_exact"
"move","out/yolo/ball_track_cpu_fast/labels/022__SHOT__t3028.10-t3059.70_294.txt","DUPES/out_yolo_ball_track_cpu_fast_labels_022__SHOT__t3028.10-t3059.70_294.txt","43","duplicate_exact"
"move","out/yolo/ball_track_cpu_fast/labels/022__SHOT__t3028.10-t3059.70_315.txt","DUPES/out_yolo_ball_track_cpu_fast_labels_022__SHOT__t3028.10-t3059.70_315.txt","42","duplicate_exact"
"move","out/yolo/ball_track_cpu_fast/labels/022__SHOT__t3028.10-t3059.70_316.txt","DUPES/out_yolo_ball_track_cpu_fast_labels_022__SHOT__t3028.10-t3059.70_316.txt","43","duplicate_exact"
"move","out/yolo/ball_track_cpu_fast/labels/022__SHOT__t3028.10-t3059.70_317.txt","DUPES/out_yolo_ball_track_cpu_fast_labels_022__SHOT__t3028.10-t3059.70_317.txt","42","duplicate_exact"
"move","out/yolo/ball_track_cpu_fast/labels/022__SHOT__t3028.10-t3059.70_342.txt","DUPES/out_yolo_ball_track_cpu_fast_labels_022__SHOT__t3028.10-t3059.70_342.txt","40","duplicate_exact"
"move","out/yolo/ball_track_cpu_fast/labels/022__SHOT__t3028.10-t3059.70_345.txt","DUPES/out_yolo_ball_track_cpu_fast_labels_022__SHOT__t3028.10-t3059.70_345.txt","43","duplicate_exact"
"move","out/yolo/ball_track_cpu_fast/labels/022__SHOT__t3028.10-t3059.70_347.txt","DUPES/out_yolo_ball_track_cpu_fast_labels_022__SHOT__t3028.10-t3059.70_347.txt","42","duplicate_exact"
"move","out/yolo/ball_track_cpu_fast/labels/022__SHOT__t3028.10-t3059.70_348.txt","DUPES/out_yolo_ball_track_cpu_fast_labels_022__SHOT__t3028.10-t3059.70_348.txt","43","duplicate_exact"
"move","out/yolo/ball_track_cpu_fast/labels/022__SHOT__t3028.10-t3059.70_350.txt","DUPES/out_yolo_ball_track_cpu_fast_labels_022__SHOT__t3028.10-t3059.70_350.txt","43","duplicate_exact"
"move","out/yolo/ball_track_cpu_fast/labels/022__SHOT__t3028.10-t3059.70_351.txt","DUPES/out_yolo_ball_track_cpu_fast_labels_022__SHOT__t3028.10-t3059.70_351.txt","42","duplicate_exact"
"move","out/yolo/ball_track_cpu_fast/labels/022__SHOT__t3028.10-t3059.70_352.txt","DUPES/out_yolo_ball_track_cpu_fast_labels_022__SHOT__t3028.10-t3059.70_352.txt","41","duplicate_exact"
"move","out/yolo/ball_track_cpu_fast/labels/022__SHOT__t3028.10-t3059.70_353.txt","DUPES/out_yolo_ball_track_cpu_fast_labels_022__SHOT__t3028.10-t3059.70_353.txt","41","duplicate_exact"
"move","out/yolo/ball_track_cpu_fast/labels/022__SHOT__t3028.10-t3059.70_356.txt","DUPES/out_yolo_ball_track_cpu_fast_labels_022__SHOT__t3028.10-t3059.70_356.txt","43","duplicate_exact"
"move","out/yolo/ball_track_cpu_fast/labels/022__SHOT__t3028.10-t3059.70_357.txt","DUPES/out_yolo_ball_track_cpu_fast_labels_022__SHOT__t3028.10-t3059.70_357.txt","42","duplicate_exact"
"move","out/yolo/ball_track_cpu_fast/labels/022__SHOT__t3028.10-t3059.70_371.txt","DUPES/out_yolo_ball_track_cpu_fast_labels_022__SHOT__t3028.10-t3059.70_371.txt","43","duplicate_exact"
"move","out/yolo/ball_track_bytex_conf015/022__SHOT__t3028.10-t3059.70.avi","DUPES/out_yolo_ball_track_bytex_conf015_022__SHOT__t3028.10-t3059.70.avi","164086868","duplicate_exact"
"move","out/yolo/ball_track_bytex_ball/labels/022__SHOT__t3028.10-t3059.70_104.txt","DUPES/out_yolo_ball_track_bytex_ball_labels_022__SHOT__t3028.10-t3059.70_104.txt","43","duplicate_exact"
"move","out/yolo/ball_track_bytex_conf015/labels/022__SHOT__t3028.10-t3059.70_104.txt","DUPES/out_yolo_ball_track_bytex_conf015_labels_022__SHOT__t3028.10-t3059.70_104.txt","43","duplicate_exact"
"move","out/yolo/ball_track_cpu_hiRes/labels/022__SHOT__t3028.10-t3059.70_104.txt","DUPES/out_yolo_ball_track_cpu_hiRes_labels_022__SHOT__t3028.10-t3059.70_104.txt","43","duplicate_exact"
"move","out/yolo/ball_track_bytex_ball/labels/022__SHOT__t3028.10-t3059.70_105.txt","DUPES/out_yolo_ball_track_bytex_ball_labels_022__SHOT__t3028.10-t3059.70_105.txt","42","duplicate_exact"
"move","out/yolo/ball_track_bytex_ball_recall_tight/labels/022__SHOT__t3028.10-t3059.70_105.txt","DUPES/out_yolo_ball_track_bytex_ball_recall_tight_labels_022__SHOT__t3028.10-t3059.70_105.txt","42","duplicate_exact"
"move","out/yolo/ball_track_bytex_conf015/labels/022__SHOT__t3028.10-t3059.70_105.txt","DUPES/out_yolo_ball_track_bytex_conf015_labels_022__SHOT__t3028.10-t3059.70_105.txt","42","duplicate_exact"
"move","out/yolo/ball_track_cpu_hiRes/labels/022__SHOT__t3028.10-t3059.70_105.txt","DUPES/out_yolo_ball_track_cpu_hiRes_labels_022__SHOT__t3028.10-t3059.70_105.txt","42","duplicate_exact"
"move","out/yolo/ball_track_bytex_ball/labels/022__SHOT__t3028.10-t3059.70_106.txt","DUPES/out_yolo_ball_track_bytex_ball_labels_022__SHOT__t3028.10-t3059.70_106.txt","43","duplicate_exact"
"move","out/yolo/ball_track_bytex_ball_recall_tight/labels/022__SHOT__t3028.10-t3059.70_106.txt","DUPES/out_yolo_ball_track_bytex_ball_recall_tight_labels_022__SHOT__t3028.10-t3059.70_106.txt","43","duplicate_exact"
"move","out/yolo/ball_track_bytex_conf015/labels/022__SHOT__t3028.10-t3059.70_106.txt","DUPES/out_yolo_ball_track_bytex_conf015_labels_022__SHOT__t3028.10-t3059.70_106.txt","43","duplicate_exact"
"move","out/yolo/ball_track_cpu_hiRes/labels/022__SHOT__t3028.10-t3059.70_106.txt","DUPES/out_yolo_ball_track_cpu_hiRes_labels_022__SHOT__t3028.10-t3059.70_106.txt","43","duplicate_exact"
"move","out/yolo/ball_track_bytex_ball/labels/022__SHOT__t3028.10-t3059.70_107.txt","DUPES/out_yolo_ball_track_bytex_ball_labels_022__SHOT__t3028.10-t3059.70_107.txt","43","duplicate_exact"
"move","out/yolo/ball_track_bytex_conf015/labels/022__SHOT__t3028.10-t3059.70_107.txt","DUPES/out_yolo_ball_track_bytex_conf015_labels_022__SHOT__t3028.10-t3059.70_107.txt","43","duplicate_exact"
"move","out/yolo/ball_track_cpu_hiRes/labels/022__SHOT__t3028.10-t3059.70_107.txt","DUPES/out_yolo_ball_track_cpu_hiRes_labels_022__SHOT__t3028.10-t3059.70_107.txt","43","duplicate_exact"
"move","out/yolo/ball_track_bytex_ball/labels/022__SHOT__t3028.10-t3059.70_113.txt","DUPES/out_yolo_ball_track_bytex_ball_labels_022__SHOT__t3028.10-t3059.70_113.txt","43","duplicate_exact"
"move","out/yolo/ball_track_bytex_conf015/labels/022__SHOT__t3028.10-t3059.70_113.txt","DUPES/out_yolo_ball_track_bytex_conf015_labels_022__SHOT__t3028.10-t3059.70_113.txt","43","duplicate_exact"
"move","out/yolo/ball_track_cpu_hiRes/labels/022__SHOT__t3028.10-t3059.70_113.txt","DUPES/out_yolo_ball_track_cpu_hiRes_labels_022__SHOT__t3028.10-t3059.70_113.txt","43","duplicate_exact"
"move","out/yolo/ball_track_bytex_ball/labels/022__SHOT__t3028.10-t3059.70_114.txt","DUPES/out_yolo_ball_track_bytex_ball_labels_022__SHOT__t3028.10-t3059.70_114.txt","43","duplicate_exact"
"move","out/yolo/ball_track_bytex_ball_recall_tight/labels/022__SHOT__t3028.10-t3059.70_114.txt","DUPES/out_yolo_ball_track_bytex_ball_recall_tight_labels_022__SHOT__t3028.10-t3059.70_114.txt","43","duplicate_exact"
"move","out/yolo/ball_track_bytex_conf015/labels/022__SHOT__t3028.10-t3059.70_114.txt","DUPES/out_yolo_ball_track_bytex_conf015_labels_022__SHOT__t3028.10-t3059.70_114.txt","43","duplicate_exact"
"move","out/yolo/ball_track_cpu_hiRes/labels/022__SHOT__t3028.10-t3059.70_114.txt","DUPES/out_yolo_ball_track_cpu_hiRes_labels_022__SHOT__t3028.10-t3059.70_114.txt","43","duplicate_exact"
"move","out/yolo/ball_track_bytex_ball/labels/022__SHOT__t3028.10-t3059.70_115.txt","DUPES/out_yolo_ball_track_bytex_ball_labels_022__SHOT__t3028.10-t3059.70_115.txt","42","duplicate_exact"
"move","out/yolo/ball_track_bytex_conf015/labels/022__SHOT__t3028.10-t3059.70_115.txt","DUPES/out_yolo_ball_track_bytex_conf015_labels_022__SHOT__t3028.10-t3059.70_115.txt","42","duplicate_exact"
"move","out/yolo/ball_track_cpu_hiRes/labels/022__SHOT__t3028.10-t3059.70_115.txt","DUPES/out_yolo_ball_track_cpu_hiRes_labels_022__SHOT__t3028.10-t3059.70_115.txt","42","duplicate_exact"
"move","out/yolo/ball_track_bytex_ball/labels/022__SHOT__t3028.10-t3059.70_118.txt","DUPES/out_yolo_ball_track_bytex_ball_labels_022__SHOT__t3028.10-t3059.70_118.txt","43","duplicate_exact"
"move","out/yolo/ball_track_bytex_conf015/labels/022__SHOT__t3028.10-t3059.70_118.txt","DUPES/out_yolo_ball_track_bytex_conf015_labels_022__SHOT__t3028.10-t3059.70_118.txt","43","duplicate_exact"
"move","out/yolo/ball_track_cpu_hiRes/labels/022__SHOT__t3028.10-t3059.70_118.txt","DUPES/out_yolo_ball_track_cpu_hiRes_labels_022__SHOT__t3028.10-t3059.70_118.txt","43","duplicate_exact"
"move","out/yolo/ball_track_bytex_ball/labels/022__SHOT__t3028.10-t3059.70_119.txt","DUPES/out_yolo_ball_track_bytex_ball_labels_022__SHOT__t3028.10-t3059.70_119.txt","42","duplicate_exact"
"move","out/yolo/ball_track_bytex_conf015/labels/022__SHOT__t3028.10-t3059.70_119.txt","DUPES/out_yolo_ball_track_bytex_conf015_labels_022__SHOT__t3028.10-t3059.70_119.txt","42","duplicate_exact"
"move","out/yolo/ball_track_cpu_hiRes/labels/022__SHOT__t3028.10-t3059.70_119.txt","DUPES/out_yolo_ball_track_cpu_hiRes_labels_022__SHOT__t3028.10-t3059.70_119.txt","42","duplicate_exact"
"move","out/yolo/ball_track_bytex_ball/labels/022__SHOT__t3028.10-t3059.70_122.txt","DUPES/out_yolo_ball_track_bytex_ball_labels_022__SHOT__t3028.10-t3059.70_122.txt","42","duplicate_exact"
"move","out/yolo/ball_track_bytex_ball_recall_tight/labels/022__SHOT__t3028.10-t3059.70_122.txt","DUPES/out_yolo_ball_track_bytex_ball_recall_tight_labels_022__SHOT__t3028.10-t3059.70_122.txt","42","duplicate_exact"
"move","out/yolo/ball_track_bytex_conf015/labels/022__SHOT__t3028.10-t3059.70_122.txt","DUPES/out_yolo_ball_track_bytex_conf015_labels_022__SHOT__t3028.10-t3059.70_122.txt","42","duplicate_exact"
"move","out/yolo/ball_track_cpu_hiRes/labels/022__SHOT__t3028.10-t3059.70_122.txt","DUPES/out_yolo_ball_track_cpu_hiRes_labels_022__SHOT__t3028.10-t3059.70_122.txt","42","duplicate_exact"
"move","out/yolo/ball_track_bytex_ball/labels/022__SHOT__t3028.10-t3059.70_123.txt","DUPES/out_yolo_ball_track_bytex_ball_labels_022__SHOT__t3028.10-t3059.70_123.txt","42","duplicate_exact"
"move","out/yolo/ball_track_bytex_ball_recall_tight/labels/022__SHOT__t3028.10-t3059.70_123.txt","DUPES/out_yolo_ball_track_bytex_ball_recall_tight_labels_022__SHOT__t3028.10-t3059.70_123.txt","42","duplicate_exact"
"move","out/yolo/ball_track_bytex_conf015/labels/022__SHOT__t3028.10-t3059.70_123.txt","DUPES/out_yolo_ball_track_bytex_conf015_labels_022__SHOT__t3028.10-t3059.70_123.txt","42","duplicate_exact"
"move","out/yolo/ball_track_cpu_hiRes/labels/022__SHOT__t3028.10-t3059.70_123.txt","DUPES/out_yolo_ball_track_cpu_hiRes_labels_022__SHOT__t3028.10-t3059.70_123.txt","42","duplicate_exact"
"move","out/yolo/ball_track_bytex_ball/labels/022__SHOT__t3028.10-t3059.70_124.txt","DUPES/out_yolo_ball_track_bytex_ball_labels_022__SHOT__t3028.10-t3059.70_124.txt","41","duplicate_exact"
"move","out/yolo/ball_track_bytex_ball_recall_tight/labels/022__SHOT__t3028.10-t3059.70_124.txt","DUPES/out_yolo_ball_track_bytex_ball_recall_tight_labels_022__SHOT__t3028.10-t3059.70_124.txt","41","duplicate_exact"
"move","out/yolo/ball_track_bytex_conf015/labels/022__SHOT__t3028.10-t3059.70_124.txt","DUPES/out_yolo_ball_track_bytex_conf015_labels_022__SHOT__t3028.10-t3059.70_124.txt","41","duplicate_exact"
"move","out/yolo/ball_track_cpu_hiRes/labels/022__SHOT__t3028.10-t3059.70_124.txt","DUPES/out_yolo_ball_track_cpu_hiRes_labels_022__SHOT__t3028.10-t3059.70_124.txt","41","duplicate_exact"
"move","out/yolo/ball_track_bytex_ball/labels/022__SHOT__t3028.10-t3059.70_125.txt","DUPES/out_yolo_ball_track_bytex_ball_labels_022__SHOT__t3028.10-t3059.70_125.txt","42","duplicate_exact"
"move","out/yolo/ball_track_bytex_ball_recall_tight/labels/022__SHOT__t3028.10-t3059.70_125.txt","DUPES/out_yolo_ball_track_bytex_ball_recall_tight_labels_022__SHOT__t3028.10-t3059.70_125.txt","42","duplicate_exact"
"move","out/yolo/ball_track_bytex_conf015/labels/022__SHOT__t3028.10-t3059.70_125.txt","DUPES/out_yolo_ball_track_bytex_conf015_labels_022__SHOT__t3028.10-t3059.70_125.txt","42","duplicate_exact"
"move","out/yolo/ball_track_cpu_hiRes/labels/022__SHOT__t3028.10-t3059.70_125.txt","DUPES/out_yolo_ball_track_cpu_hiRes_labels_022__SHOT__t3028.10-t3059.70_125.txt","42","duplicate_exact"
"move","out/yolo/ball_track_bytex_ball/labels/022__SHOT__t3028.10-t3059.70_126.txt","DUPES/out_yolo_ball_track_bytex_ball_labels_022__SHOT__t3028.10-t3059.70_126.txt","42","duplicate_exact"
"move","out/yolo/ball_track_bytex_ball_recall_tight/labels/022__SHOT__t3028.10-t3059.70_126.txt","DUPES/out_yolo_ball_track_bytex_ball_recall_tight_labels_022__SHOT__t3028.10-t3059.70_126.txt","42","duplicate_exact"
"move","out/yolo/ball_track_bytex_conf015/labels/022__SHOT__t3028.10-t3059.70_126.txt","DUPES/out_yolo_ball_track_bytex_conf015_labels_022__SHOT__t3028.10-t3059.70_126.txt","42","duplicate_exact"
"move","out/yolo/ball_track_cpu_hiRes/labels/022__SHOT__t3028.10-t3059.70_126.txt","DUPES/out_yolo_ball_track_cpu_hiRes_labels_022__SHOT__t3028.10-t3059.70_126.txt","42","duplicate_exact"
"move","out/yolo/ball_track_bytex_ball/labels/022__SHOT__t3028.10-t3059.70_127.txt","DUPES/out_yolo_ball_track_bytex_ball_labels_022__SHOT__t3028.10-t3059.70_127.txt","42","duplicate_exact"
"move","out/yolo/ball_track_bytex_ball_recall_tight/labels/022__SHOT__t3028.10-t3059.70_127.txt","DUPES/out_yolo_ball_track_bytex_ball_recall_tight_labels_022__SHOT__t3028.10-t3059.70_127.txt","42","duplicate_exact"
"move","out/yolo/ball_track_bytex_conf015/labels/022__SHOT__t3028.10-t3059.70_127.txt","DUPES/out_yolo_ball_track_bytex_conf015_labels_022__SHOT__t3028.10-t3059.70_127.txt","42","duplicate_exact"
"move","out/yolo/ball_track_cpu_hiRes/labels/022__SHOT__t3028.10-t3059.70_127.txt","DUPES/out_yolo_ball_track_cpu_hiRes_labels_022__SHOT__t3028.10-t3059.70_127.txt","42","duplicate_exact"
"move","out/yolo/ball_track_bytex_ball/labels/022__SHOT__t3028.10-t3059.70_128.txt","DUPES/out_yolo_ball_track_bytex_ball_labels_022__SHOT__t3028.10-t3059.70_128.txt","43","duplicate_exact"
"move","out/yolo/ball_track_bytex_ball_recall_tight/labels/022__SHOT__t3028.10-t3059.70_128.txt","DUPES/out_yolo_ball_track_bytex_ball_recall_tight_labels_022__SHOT__t3028.10-t3059.70_128.txt","43","duplicate_exact"
"move","out/yolo/ball_track_bytex_conf015/labels/022__SHOT__t3028.10-t3059.70_128.txt","DUPES/out_yolo_ball_track_bytex_conf015_labels_022__SHOT__t3028.10-t3059.70_128.txt","43","duplicate_exact"
"move","out/yolo/ball_track_cpu_hiRes/labels/022__SHOT__t3028.10-t3059.70_128.txt","DUPES/out_yolo_ball_track_cpu_hiRes_labels_022__SHOT__t3028.10-t3059.70_128.txt","43","duplicate_exact"
"move","out/yolo/ball_track_bytex_ball/labels/022__SHOT__t3028.10-t3059.70_129.txt","DUPES/out_yolo_ball_track_bytex_ball_labels_022__SHOT__t3028.10-t3059.70_129.txt","43","duplicate_exact"
"move","out/yolo/ball_track_bytex_ball_recall_tight/labels/022__SHOT__t3028.10-t3059.70_129.txt","DUPES/out_yolo_ball_track_bytex_ball_recall_tight_labels_022__SHOT__t3028.10-t3059.70_129.txt","43","duplicate_exact"
"move","out/yolo/ball_track_bytex_conf015/labels/022__SHOT__t3028.10-t3059.70_129.txt","DUPES/out_yolo_ball_track_bytex_conf015_labels_022__SHOT__t3028.10-t3059.70_129.txt","43","duplicate_exact"
"move","out/yolo/ball_track_cpu_hiRes/labels/022__SHOT__t3028.10-t3059.70_129.txt","DUPES/out_yolo_ball_track_cpu_hiRes_labels_022__SHOT__t3028.10-t3059.70_129.txt","43","duplicate_exact"
"move","out/yolo/ball_track_bytex_ball/labels/022__SHOT__t3028.10-t3059.70_130.txt","DUPES/out_yolo_ball_track_bytex_ball_labels_022__SHOT__t3028.10-t3059.70_130.txt","42","duplicate_exact"
"move","out/yolo/ball_track_bytex_ball_recall_tight/labels/022__SHOT__t3028.10-t3059.70_130.txt","DUPES/out_yolo_ball_track_bytex_ball_recall_tight_labels_022__SHOT__t3028.10-t3059.70_130.txt","42","duplicate_exact"
"move","out/yolo/ball_track_bytex_conf015/labels/022__SHOT__t3028.10-t3059.70_130.txt","DUPES/out_yolo_ball_track_bytex_conf015_labels_022__SHOT__t3028.10-t3059.70_130.txt","42","duplicate_exact"
"move","out/yolo/ball_track_cpu_hiRes/labels/022__SHOT__t3028.10-t3059.70_130.txt","DUPES/out_yolo_ball_track_cpu_hiRes_labels_022__SHOT__t3028.10-t3059.70_130.txt","42","duplicate_exact"
"move","out/yolo/ball_track_bytex_ball/labels/022__SHOT__t3028.10-t3059.70_131.txt","DUPES/out_yolo_ball_track_bytex_ball_labels_022__SHOT__t3028.10-t3059.70_131.txt","42","duplicate_exact"
"move","out/yolo/ball_track_bytex_ball_recall_tight/labels/022__SHOT__t3028.10-t3059.70_131.txt","DUPES/out_yolo_ball_track_bytex_ball_recall_tight_labels_022__SHOT__t3028.10-t3059.70_131.txt","42","duplicate_exact"
"move","out/yolo/ball_track_bytex_conf015/labels/022__SHOT__t3028.10-t3059.70_131.txt","DUPES/out_yolo_ball_track_bytex_conf015_labels_022__SHOT__t3028.10-t3059.70_131.txt","42","duplicate_exact"
"move","out/yolo/ball_track_cpu_hiRes/labels/022__SHOT__t3028.10-t3059.70_131.txt","DUPES/out_yolo_ball_track_cpu_hiRes_labels_022__SHOT__t3028.10-t3059.70_131.txt","42","duplicate_exact"
"move","out/yolo/ball_track_bytex_ball/labels/022__SHOT__t3028.10-t3059.70_132.txt","DUPES/out_yolo_ball_track_bytex_ball_labels_022__SHOT__t3028.10-t3059.70_132.txt","41","duplicate_exact"
"move","out/yolo/ball_track_bytex_ball_recall_tight/labels/022__SHOT__t3028.10-t3059.70_132.txt","DUPES/out_yolo_ball_track_bytex_ball_recall_tight_labels_022__SHOT__t3028.10-t3059.70_132.txt","41","duplicate_exact"
"move","out/yolo/ball_track_bytex_conf015/labels/022__SHOT__t3028.10-t3059.70_132.txt","DUPES/out_yolo_ball_track_bytex_conf015_labels_022__SHOT__t3028.10-t3059.70_132.txt","41","duplicate_exact"
"move","out/yolo/ball_track_cpu_hiRes/labels/022__SHOT__t3028.10-t3059.70_132.txt","DUPES/out_yolo_ball_track_cpu_hiRes_labels_022__SHOT__t3028.10-t3059.70_132.txt","41","duplicate_exact"
"move","out/yolo/ball_track_bytex_ball/labels/022__SHOT__t3028.10-t3059.70_133.txt","DUPES/out_yolo_ball_track_bytex_ball_labels_022__SHOT__t3028.10-t3059.70_133.txt","43","duplicate_exact"
"move","out/yolo/ball_track_bytex_ball_recall_tight/labels/022__SHOT__t3028.10-t3059.70_133.txt","DUPES/out_yolo_ball_track_bytex_ball_recall_tight_labels_022__SHOT__t3028.10-t3059.70_133.txt","43","duplicate_exact"
"move","out/yolo/ball_track_bytex_conf015/labels/022__SHOT__t3028.10-t3059.70_133.txt","DUPES/out_yolo_ball_track_bytex_conf015_labels_022__SHOT__t3028.10-t3059.70_133.txt","43","duplicate_exact"
"move","out/yolo/ball_track_cpu_hiRes/labels/022__SHOT__t3028.10-t3059.70_133.txt","DUPES/out_yolo_ball_track_cpu_hiRes_labels_022__SHOT__t3028.10-t3059.70_133.txt","43","duplicate_exact"
"move","out/yolo/ball_track_bytex_ball/labels/022__SHOT__t3028.10-t3059.70_134.txt","DUPES/out_yolo_ball_track_bytex_ball_labels_022__SHOT__t3028.10-t3059.70_134.txt","43","duplicate_exact"
"move","out/yolo/ball_track_bytex_ball_recall_tight/labels/022__SHOT__t3028.10-t3059.70_134.txt","DUPES/out_yolo_ball_track_bytex_ball_recall_tight_labels_022__SHOT__t3028.10-t3059.70_134.txt","43","duplicate_exact"
"move","out/yolo/ball_track_bytex_conf015/labels/022__SHOT__t3028.10-t3059.70_134.txt","DUPES/out_yolo_ball_track_bytex_conf015_labels_022__SHOT__t3028.10-t3059.70_134.txt","43","duplicate_exact"
"move","out/yolo/ball_track_cpu_hiRes/labels/022__SHOT__t3028.10-t3059.70_134.txt","DUPES/out_yolo_ball_track_cpu_hiRes_labels_022__SHOT__t3028.10-t3059.70_134.txt","43","duplicate_exact"
"move","out/yolo/ball_track_bytex_ball/labels/022__SHOT__t3028.10-t3059.70_135.txt","DUPES/out_yolo_ball_track_bytex_ball_labels_022__SHOT__t3028.10-t3059.70_135.txt","42","duplicate_exact"
"move","out/yolo/ball_track_bytex_ball_recall_tight/labels/022__SHOT__t3028.10-t3059.70_135.txt","DUPES/out_yolo_ball_track_bytex_ball_recall_tight_labels_022__SHOT__t3028.10-t3059.70_135.txt","42","duplicate_exact"
"move","out/yolo/ball_track_bytex_conf015/labels/022__SHOT__t3028.10-t3059.70_135.txt","DUPES/out_yolo_ball_track_bytex_conf015_labels_022__SHOT__t3028.10-t3059.70_135.txt","42","duplicate_exact"
"move","out/yolo/ball_track_cpu_hiRes/labels/022__SHOT__t3028.10-t3059.70_135.txt","DUPES/out_yolo_ball_track_cpu_hiRes_labels_022__SHOT__t3028.10-t3059.70_135.txt","42","duplicate_exact"
"move","out/yolo/ball_track_bytex_ball/labels/022__SHOT__t3028.10-t3059.70_136.txt","DUPES/out_yolo_ball_track_bytex_ball_labels_022__SHOT__t3028.10-t3059.70_136.txt","42","duplicate_exact"
"move","out/yolo/ball_track_bytex_ball_recall_tight/labels/022__SHOT__t3028.10-t3059.70_136.txt","DUPES/out_yolo_ball_track_bytex_ball_recall_tight_labels_022__SHOT__t3028.10-t3059.70_136.txt","42","duplicate_exact"
"move","out/yolo/ball_track_bytex_conf015/labels/022__SHOT__t3028.10-t3059.70_136.txt","DUPES/out_yolo_ball_track_bytex_conf015_labels_022__SHOT__t3028.10-t3059.70_136.txt","42","duplicate_exact"
"move","out/yolo/ball_track_cpu_hiRes/labels/022__SHOT__t3028.10-t3059.70_136.txt","DUPES/out_yolo_ball_track_cpu_hiRes_labels_022__SHOT__t3028.10-t3059.70_136.txt","42","duplicate_exact"
"move","out/yolo/ball_track_bytex_ball/labels/022__SHOT__t3028.10-t3059.70_137.txt","DUPES/out_yolo_ball_track_bytex_ball_labels_022__SHOT__t3028.10-t3059.70_137.txt","43","duplicate_exact"
"move","out/yolo/ball_track_bytex_ball_recall_tight/labels/022__SHOT__t3028.10-t3059.70_137.txt","DUPES/out_yolo_ball_track_bytex_ball_recall_tight_labels_022__SHOT__t3028.10-t3059.70_137.txt","43","duplicate_exact"
"move","out/yolo/ball_track_bytex_conf015/labels/022__SHOT__t3028.10-t3059.70_137.txt","DUPES/out_yolo_ball_track_bytex_conf015_labels_022__SHOT__t3028.10-t3059.70_137.txt","43","duplicate_exact"
"move","out/yolo/ball_track_cpu_hiRes/labels/022__SHOT__t3028.10-t3059.70_137.txt","DUPES/out_yolo_ball_track_cpu_hiRes_labels_022__SHOT__t3028.10-t3059.70_137.txt","43","duplicate_exact"
"move","out/yolo/ball_track_bytex_ball/labels/022__SHOT__t3028.10-t3059.70_138.txt","DUPES/out_yolo_ball_track_bytex_ball_labels_022__SHOT__t3028.10-t3059.70_138.txt","43","duplicate_exact"
"move","out/yolo/ball_track_bytex_conf015/labels/022__SHOT__t3028.10-t3059.70_138.txt","DUPES/out_yolo_ball_track_bytex_conf015_labels_022__SHOT__t3028.10-t3059.70_138.txt","43","duplicate_exact"
"move","out/yolo/ball_track_cpu_hiRes/labels/022__SHOT__t3028.10-t3059.70_138.txt","DUPES/out_yolo_ball_track_cpu_hiRes_labels_022__SHOT__t3028.10-t3059.70_138.txt","43","duplicate_exact"
"move","out/yolo/ball_track_bytex_ball/labels/022__SHOT__t3028.10-t3059.70_149.txt","DUPES/out_yolo_ball_track_bytex_ball_labels_022__SHOT__t3028.10-t3059.70_149.txt","43","duplicate_exact"
"move","out/yolo/ball_track_bytex_conf015/labels/022__SHOT__t3028.10-t3059.70_149.txt","DUPES/out_yolo_ball_track_bytex_conf015_labels_022__SHOT__t3028.10-t3059.70_149.txt","43","duplicate_exact"
"move","out/yolo/ball_track_cpu_hiRes/labels/022__SHOT__t3028.10-t3059.70_149.txt","DUPES/out_yolo_ball_track_cpu_hiRes_labels_022__SHOT__t3028.10-t3059.70_149.txt","43","duplicate_exact"
"move","out/yolo/ball_track_bytex_ball/labels/022__SHOT__t3028.10-t3059.70_157.txt","DUPES/out_yolo_ball_track_bytex_ball_labels_022__SHOT__t3028.10-t3059.70_157.txt","40","duplicate_exact"
"move","out/yolo/ball_track_bytex_conf015/labels/022__SHOT__t3028.10-t3059.70_157.txt","DUPES/out_yolo_ball_track_bytex_conf015_labels_022__SHOT__t3028.10-t3059.70_157.txt","40","duplicate_exact"
"move","out/yolo/ball_track_cpu_hiRes/labels/022__SHOT__t3028.10-t3059.70_157.txt","DUPES/out_yolo_ball_track_cpu_hiRes_labels_022__SHOT__t3028.10-t3059.70_157.txt","40","duplicate_exact"
"move","out/yolo/ball_track_bytex_conf015/labels/022__SHOT__t3028.10-t3059.70_160.txt","DUPES/out_yolo_ball_track_bytex_conf015_labels_022__SHOT__t3028.10-t3059.70_160.txt","85","duplicate_exact"
"move","out/yolo/ball_track_bytex_conf015/labels/022__SHOT__t3028.10-t3059.70_161.txt","DUPES/out_yolo_ball_track_bytex_conf015_labels_022__SHOT__t3028.10-t3059.70_161.txt","128","duplicate_exact"
"move","out/yolo/ball_track_bytex_ball/labels/022__SHOT__t3028.10-t3059.70_162.txt","DUPES/out_yolo_ball_track_bytex_ball_labels_022__SHOT__t3028.10-t3059.70_162.txt","41","duplicate_exact"
"move","out/yolo/ball_track_bytex_conf015/labels/022__SHOT__t3028.10-t3059.70_162.txt","DUPES/out_yolo_ball_track_bytex_conf015_labels_022__SHOT__t3028.10-t3059.70_162.txt","41","duplicate_exact"
"move","out/yolo/ball_track_cpu_hiRes/labels/022__SHOT__t3028.10-t3059.70_162.txt","DUPES/out_yolo_ball_track_cpu_hiRes_labels_022__SHOT__t3028.10-t3059.70_162.txt","41","duplicate_exact"
"move","out/yolo/ball_track_bytex_conf015/labels/022__SHOT__t3028.10-t3059.70_163.txt","DUPES/out_yolo_ball_track_bytex_conf015_labels_022__SHOT__t3028.10-t3059.70_163.txt","86","duplicate_exact"
"move","out/yolo/ball_track_bytex_ball/labels/022__SHOT__t3028.10-t3059.70_164.txt","DUPES/out_yolo_ball_track_bytex_ball_labels_022__SHOT__t3028.10-t3059.70_164.txt","43","duplicate_exact"
"move","out/yolo/ball_track_bytex_ball_recall_tight/labels/022__SHOT__t3028.10-t3059.70_164.txt","DUPES/out_yolo_ball_track_bytex_ball_recall_tight_labels_022__SHOT__t3028.10-t3059.70_164.txt","43","duplicate_exact"
"move","out/yolo/ball_track_bytex_conf015/labels/022__SHOT__t3028.10-t3059.70_164.txt","DUPES/out_yolo_ball_track_bytex_conf015_labels_022__SHOT__t3028.10-t3059.70_164.txt","43","duplicate_exact"
"move","out/yolo/ball_track_cpu_hiRes/labels/022__SHOT__t3028.10-t3059.70_164.txt","DUPES/out_yolo_ball_track_cpu_hiRes_labels_022__SHOT__t3028.10-t3059.70_164.txt","43","duplicate_exact"
"move","out/yolo/ball_track_bytex_ball/labels/022__SHOT__t3028.10-t3059.70_165.txt","DUPES/out_yolo_ball_track_bytex_ball_labels_022__SHOT__t3028.10-t3059.70_165.txt","43","duplicate_exact"
"move","out/yolo/ball_track_bytex_ball_recall_tight/labels/022__SHOT__t3028.10-t3059.70_165.txt","DUPES/out_yolo_ball_track_bytex_ball_recall_tight_labels_022__SHOT__t3028.10-t3059.70_165.txt","43","duplicate_exact"
"move","out/yolo/ball_track_bytex_conf015/labels/022__SHOT__t3028.10-t3059.70_165.txt","DUPES/out_yolo_ball_track_bytex_conf015_labels_022__SHOT__t3028.10-t3059.70_165.txt","43","duplicate_exact"
"move","out/yolo/ball_track_cpu_hiRes/labels/022__SHOT__t3028.10-t3059.70_165.txt","DUPES/out_yolo_ball_track_cpu_hiRes_labels_022__SHOT__t3028.10-t3059.70_165.txt","43","duplicate_exact"
"move","out/yolo/ball_track_bytex_ball/labels/022__SHOT__t3028.10-t3059.70_166.txt","DUPES/out_yolo_ball_track_bytex_ball_labels_022__SHOT__t3028.10-t3059.70_166.txt","43","duplicate_exact"
"move","out/yolo/ball_track_bytex_ball_recall_tight/labels/022__SHOT__t3028.10-t3059.70_166.txt","DUPES/out_yolo_ball_track_bytex_ball_recall_tight_labels_022__SHOT__t3028.10-t3059.70_166.txt","43","duplicate_exact"
"move","out/yolo/ball_track_bytex_conf015/labels/022__SHOT__t3028.10-t3059.70_166.txt","DUPES/out_yolo_ball_track_bytex_conf015_labels_022__SHOT__t3028.10-t3059.70_166.txt","43","duplicate_exact"
"move","out/yolo/ball_track_cpu_hiRes/labels/022__SHOT__t3028.10-t3059.70_166.txt","DUPES/out_yolo_ball_track_cpu_hiRes_labels_022__SHOT__t3028.10-t3059.70_166.txt","43","duplicate_exact"
"move","out/yolo/ball_track_bytex_ball/labels/022__SHOT__t3028.10-t3059.70_167.txt","DUPES/out_yolo_ball_track_bytex_ball_labels_022__SHOT__t3028.10-t3059.70_167.txt","43","duplicate_exact"
"move","out/yolo/ball_track_bytex_ball_recall_tight/labels/022__SHOT__t3028.10-t3059.70_167.txt","DUPES/out_yolo_ball_track_bytex_ball_recall_tight_labels_022__SHOT__t3028.10-t3059.70_167.txt","43","duplicate_exact"
"move","out/yolo/ball_track_bytex_conf015/labels/022__SHOT__t3028.10-t3059.70_167.txt","DUPES/out_yolo_ball_track_bytex_conf015_labels_022__SHOT__t3028.10-t3059.70_167.txt","43","duplicate_exact"
"move","out/yolo/ball_track_cpu_hiRes/labels/022__SHOT__t3028.10-t3059.70_167.txt","DUPES/out_yolo_ball_track_cpu_hiRes_labels_022__SHOT__t3028.10-t3059.70_167.txt","43","duplicate_exact"
"move","out/yolo/ball_track_bytex_ball/labels/022__SHOT__t3028.10-t3059.70_168.txt","DUPES/out_yolo_ball_track_bytex_ball_labels_022__SHOT__t3028.10-t3059.70_168.txt","43","duplicate_exact"
"move","out/yolo/ball_track_bytex_ball_recall_tight/labels/022__SHOT__t3028.10-t3059.70_168.txt","DUPES/out_yolo_ball_track_bytex_ball_recall_tight_labels_022__SHOT__t3028.10-t3059.70_168.txt","43","duplicate_exact"
"move","out/yolo/ball_track_bytex_conf015/labels/022__SHOT__t3028.10-t3059.70_168.txt","DUPES/out_yolo_ball_track_bytex_conf015_labels_022__SHOT__t3028.10-t3059.70_168.txt","43","duplicate_exact"
"move","out/yolo/ball_track_cpu_hiRes/labels/022__SHOT__t3028.10-t3059.70_168.txt","DUPES/out_yolo_ball_track_cpu_hiRes_labels_022__SHOT__t3028.10-t3059.70_168.txt","43","duplicate_exact"
"move","out/yolo/ball_track_bytex_ball/labels/022__SHOT__t3028.10-t3059.70_169.txt","DUPES/out_yolo_ball_track_bytex_ball_labels_022__SHOT__t3028.10-t3059.70_169.txt","43","duplicate_exact"
"move","out/yolo/ball_track_bytex_conf015/labels/022__SHOT__t3028.10-t3059.70_169.txt","DUPES/out_yolo_ball_track_bytex_conf015_labels_022__SHOT__t3028.10-t3059.70_169.txt","43","duplicate_exact"
"move","out/yolo/ball_track_cpu_hiRes/labels/022__SHOT__t3028.10-t3059.70_169.txt","DUPES/out_yolo_ball_track_cpu_hiRes_labels_022__SHOT__t3028.10-t3059.70_169.txt","43","duplicate_exact"
"move","out/yolo/ball_track_bytex_ball/labels/022__SHOT__t3028.10-t3059.70_179.txt","DUPES/out_yolo_ball_track_bytex_ball_labels_022__SHOT__t3028.10-t3059.70_179.txt","43","duplicate_exact"
"move","out/yolo/ball_track_bytex_conf015/labels/022__SHOT__t3028.10-t3059.70_179.txt","DUPES/out_yolo_ball_track_bytex_conf015_labels_022__SHOT__t3028.10-t3059.70_179.txt","43","duplicate_exact"
"move","out/yolo/ball_track_cpu_hiRes/labels/022__SHOT__t3028.10-t3059.70_179.txt","DUPES/out_yolo_ball_track_cpu_hiRes_labels_022__SHOT__t3028.10-t3059.70_179.txt","43","duplicate_exact"
"move","out/yolo/ball_track_bytex_ball/labels/022__SHOT__t3028.10-t3059.70_181.txt","DUPES/out_yolo_ball_track_bytex_ball_labels_022__SHOT__t3028.10-t3059.70_181.txt","42","duplicate_exact"
"move","out/yolo/ball_track_bytex_conf015/labels/022__SHOT__t3028.10-t3059.70_181.txt","DUPES/out_yolo_ball_track_bytex_conf015_labels_022__SHOT__t3028.10-t3059.70_181.txt","42","duplicate_exact"
"move","out/yolo/ball_track_cpu_hiRes/labels/022__SHOT__t3028.10-t3059.70_181.txt","DUPES/out_yolo_ball_track_cpu_hiRes_labels_022__SHOT__t3028.10-t3059.70_181.txt","42","duplicate_exact"
"move","out/yolo/ball_track_bytex_ball/labels/022__SHOT__t3028.10-t3059.70_182.txt","DUPES/out_yolo_ball_track_bytex_ball_labels_022__SHOT__t3028.10-t3059.70_182.txt","43","duplicate_exact"
"move","out/yolo/ball_track_bytex_ball_recall_tight/labels/022__SHOT__t3028.10-t3059.70_182.txt","DUPES/out_yolo_ball_track_bytex_ball_recall_tight_labels_022__SHOT__t3028.10-t3059.70_182.txt","43","duplicate_exact"
"move","out/yolo/ball_track_bytex_conf015/labels/022__SHOT__t3028.10-t3059.70_182.txt","DUPES/out_yolo_ball_track_bytex_conf015_labels_022__SHOT__t3028.10-t3059.70_182.txt","43","duplicate_exact"
"move","out/yolo/ball_track_cpu_hiRes/labels/022__SHOT__t3028.10-t3059.70_182.txt","DUPES/out_yolo_ball_track_cpu_hiRes_labels_022__SHOT__t3028.10-t3059.70_182.txt","43","duplicate_exact"
"move","out/yolo/ball_track_bytex_ball/labels/022__SHOT__t3028.10-t3059.70_183.txt","DUPES/out_yolo_ball_track_bytex_ball_labels_022__SHOT__t3028.10-t3059.70_183.txt","43","duplicate_exact"
"move","out/yolo/ball_track_bytex_conf015/labels/022__SHOT__t3028.10-t3059.70_183.txt","DUPES/out_yolo_ball_track_bytex_conf015_labels_022__SHOT__t3028.10-t3059.70_183.txt","43","duplicate_exact"
"move","out/yolo/ball_track_cpu_hiRes/labels/022__SHOT__t3028.10-t3059.70_183.txt","DUPES/out_yolo_ball_track_cpu_hiRes_labels_022__SHOT__t3028.10-t3059.70_183.txt","43","duplicate_exact"
"move","out/yolo/ball_track_bytex_ball/labels/022__SHOT__t3028.10-t3059.70_184.txt","DUPES/out_yolo_ball_track_bytex_ball_labels_022__SHOT__t3028.10-t3059.70_184.txt","42","duplicate_exact"
"move","out/yolo/ball_track_bytex_conf015/labels/022__SHOT__t3028.10-t3059.70_184.txt","DUPES/out_yolo_ball_track_bytex_conf015_labels_022__SHOT__t3028.10-t3059.70_184.txt","42","duplicate_exact"
"move","out/yolo/ball_track_cpu_hiRes/labels/022__SHOT__t3028.10-t3059.70_184.txt","DUPES/out_yolo_ball_track_cpu_hiRes_labels_022__SHOT__t3028.10-t3059.70_184.txt","42","duplicate_exact"
"move","out/yolo/ball_track_bytex_ball/labels/022__SHOT__t3028.10-t3059.70_185.txt","DUPES/out_yolo_ball_track_bytex_ball_labels_022__SHOT__t3028.10-t3059.70_185.txt","42","duplicate_exact"
"move","out/yolo/ball_track_bytex_ball_recall_tight/labels/022__SHOT__t3028.10-t3059.70_185.txt","DUPES/out_yolo_ball_track_bytex_ball_recall_tight_labels_022__SHOT__t3028.10-t3059.70_185.txt","42","duplicate_exact"
"move","out/yolo/ball_track_bytex_conf015/labels/022__SHOT__t3028.10-t3059.70_185.txt","DUPES/out_yolo_ball_track_bytex_conf015_labels_022__SHOT__t3028.10-t3059.70_185.txt","42","duplicate_exact"
"move","out/yolo/ball_track_cpu_hiRes/labels/022__SHOT__t3028.10-t3059.70_185.txt","DUPES/out_yolo_ball_track_cpu_hiRes_labels_022__SHOT__t3028.10-t3059.70_185.txt","42","duplicate_exact"
"move","out/yolo/ball_track_bytex_ball/labels/022__SHOT__t3028.10-t3059.70_186.txt","DUPES/out_yolo_ball_track_bytex_ball_labels_022__SHOT__t3028.10-t3059.70_186.txt","43","duplicate_exact"
"move","out/yolo/ball_track_bytex_ball_recall_tight/labels/022__SHOT__t3028.10-t3059.70_186.txt","DUPES/out_yolo_ball_track_bytex_ball_recall_tight_labels_022__SHOT__t3028.10-t3059.70_186.txt","43","duplicate_exact"
"move","out/yolo/ball_track_bytex_conf015/labels/022__SHOT__t3028.10-t3059.70_186.txt","DUPES/out_yolo_ball_track_bytex_conf015_labels_022__SHOT__t3028.10-t3059.70_186.txt","43","duplicate_exact"
"move","out/yolo/ball_track_cpu_hiRes/labels/022__SHOT__t3028.10-t3059.70_186.txt","DUPES/out_yolo_ball_track_cpu_hiRes_labels_022__SHOT__t3028.10-t3059.70_186.txt","43","duplicate_exact"
"move","out/yolo/ball_track_bytex_ball/labels/022__SHOT__t3028.10-t3059.70_187.txt","DUPES/out_yolo_ball_track_bytex_ball_labels_022__SHOT__t3028.10-t3059.70_187.txt","41","duplicate_exact"
"move","out/yolo/ball_track_bytex_ball_recall_tight/labels/022__SHOT__t3028.10-t3059.70_187.txt","DUPES/out_yolo_ball_track_bytex_ball_recall_tight_labels_022__SHOT__t3028.10-t3059.70_187.txt","41","duplicate_exact"
"move","out/yolo/ball_track_bytex_conf015/labels/022__SHOT__t3028.10-t3059.70_187.txt","DUPES/out_yolo_ball_track_bytex_conf015_labels_022__SHOT__t3028.10-t3059.70_187.txt","41","duplicate_exact"
"move","out/yolo/ball_track_cpu_hiRes/labels/022__SHOT__t3028.10-t3059.70_187.txt","DUPES/out_yolo_ball_track_cpu_hiRes_labels_022__SHOT__t3028.10-t3059.70_187.txt","41","duplicate_exact"
"move","out/yolo/ball_track_bytex_ball/labels/022__SHOT__t3028.10-t3059.70_188.txt","DUPES/out_yolo_ball_track_bytex_ball_labels_022__SHOT__t3028.10-t3059.70_188.txt","43","duplicate_exact"
"move","out/yolo/ball_track_bytex_ball_recall_tight/labels/022__SHOT__t3028.10-t3059.70_188.txt","DUPES/out_yolo_ball_track_bytex_ball_recall_tight_labels_022__SHOT__t3028.10-t3059.70_188.txt","43","duplicate_exact"
"move","out/yolo/ball_track_bytex_conf015/labels/022__SHOT__t3028.10-t3059.70_188.txt","DUPES/out_yolo_ball_track_bytex_conf015_labels_022__SHOT__t3028.10-t3059.70_188.txt","43","duplicate_exact"
"move","out/yolo/ball_track_cpu_hiRes/labels/022__SHOT__t3028.10-t3059.70_188.txt","DUPES/out_yolo_ball_track_cpu_hiRes_labels_022__SHOT__t3028.10-t3059.70_188.txt","43","duplicate_exact"
"move","out/yolo/ball_track_bytex_ball/labels/022__SHOT__t3028.10-t3059.70_189.txt","DUPES/out_yolo_ball_track_bytex_ball_labels_022__SHOT__t3028.10-t3059.70_189.txt","43","duplicate_exact"
"move","out/yolo/ball_track_bytex_ball_recall_tight/labels/022__SHOT__t3028.10-t3059.70_189.txt","DUPES/out_yolo_ball_track_bytex_ball_recall_tight_labels_022__SHOT__t3028.10-t3059.70_189.txt","43","duplicate_exact"
"move","out/yolo/ball_track_bytex_conf015/labels/022__SHOT__t3028.10-t3059.70_189.txt","DUPES/out_yolo_ball_track_bytex_conf015_labels_022__SHOT__t3028.10-t3059.70_189.txt","43","duplicate_exact"
"move","out/yolo/ball_track_cpu_hiRes/labels/022__SHOT__t3028.10-t3059.70_189.txt","DUPES/out_yolo_ball_track_cpu_hiRes_labels_022__SHOT__t3028.10-t3059.70_189.txt","43","duplicate_exact"
"move","out/yolo/ball_track_bytex_ball/labels/022__SHOT__t3028.10-t3059.70_190.txt","DUPES/out_yolo_ball_track_bytex_ball_labels_022__SHOT__t3028.10-t3059.70_190.txt","43","duplicate_exact"
"move","out/yolo/ball_track_bytex_conf015/labels/022__SHOT__t3028.10-t3059.70_190.txt","DUPES/out_yolo_ball_track_bytex_conf015_labels_022__SHOT__t3028.10-t3059.70_190.txt","43","duplicate_exact"
"move","out/yolo/ball_track_cpu_hiRes/labels/022__SHOT__t3028.10-t3059.70_190.txt","DUPES/out_yolo_ball_track_cpu_hiRes_labels_022__SHOT__t3028.10-t3059.70_190.txt","43","duplicate_exact"
"move","out/yolo/ball_track_bytex_ball/labels/022__SHOT__t3028.10-t3059.70_192.txt","DUPES/out_yolo_ball_track_bytex_ball_labels_022__SHOT__t3028.10-t3059.70_192.txt","42","duplicate_exact"
"move","out/yolo/ball_track_bytex_conf015/labels/022__SHOT__t3028.10-t3059.70_192.txt","DUPES/out_yolo_ball_track_bytex_conf015_labels_022__SHOT__t3028.10-t3059.70_192.txt","42","duplicate_exact"
"move","out/yolo/ball_track_cpu_hiRes/labels/022__SHOT__t3028.10-t3059.70_192.txt","DUPES/out_yolo_ball_track_cpu_hiRes_labels_022__SHOT__t3028.10-t3059.70_192.txt","42","duplicate_exact"
"move","out/yolo/ball_track_bytex_ball/labels/022__SHOT__t3028.10-t3059.70_193.txt","DUPES/out_yolo_ball_track_bytex_ball_labels_022__SHOT__t3028.10-t3059.70_193.txt","42","duplicate_exact"
"move","out/yolo/ball_track_bytex_conf015/labels/022__SHOT__t3028.10-t3059.70_193.txt","DUPES/out_yolo_ball_track_bytex_conf015_labels_022__SHOT__t3028.10-t3059.70_193.txt","42","duplicate_exact"
"move","out/yolo/ball_track_cpu_hiRes/labels/022__SHOT__t3028.10-t3059.70_193.txt","DUPES/out_yolo_ball_track_cpu_hiRes_labels_022__SHOT__t3028.10-t3059.70_193.txt","42","duplicate_exact"
"move","out/yolo/ball_track_bytex_ball/labels/022__SHOT__t3028.10-t3059.70_194.txt","DUPES/out_yolo_ball_track_bytex_ball_labels_022__SHOT__t3028.10-t3059.70_194.txt","42","duplicate_exact"
"move","out/yolo/ball_track_bytex_ball_recall_tight/labels/022__SHOT__t3028.10-t3059.70_194.txt","DUPES/out_yolo_ball_track_bytex_ball_recall_tight_labels_022__SHOT__t3028.10-t3059.70_194.txt","42","duplicate_exact"
"move","out/yolo/ball_track_bytex_conf015/labels/022__SHOT__t3028.10-t3059.70_194.txt","DUPES/out_yolo_ball_track_bytex_conf015_labels_022__SHOT__t3028.10-t3059.70_194.txt","42","duplicate_exact"
"move","out/yolo/ball_track_cpu_hiRes/labels/022__SHOT__t3028.10-t3059.70_194.txt","DUPES/out_yolo_ball_track_cpu_hiRes_labels_022__SHOT__t3028.10-t3059.70_194.txt","42","duplicate_exact"
"move","out/yolo/ball_track_bytex_ball/labels/022__SHOT__t3028.10-t3059.70_195.txt","DUPES/out_yolo_ball_track_bytex_ball_labels_022__SHOT__t3028.10-t3059.70_195.txt","43","duplicate_exact"
"move","out/yolo/ball_track_bytex_conf015/labels/022__SHOT__t3028.10-t3059.70_195.txt","DUPES/out_yolo_ball_track_bytex_conf015_labels_022__SHOT__t3028.10-t3059.70_195.txt","43","duplicate_exact"
"move","out/yolo/ball_track_cpu_hiRes/labels/022__SHOT__t3028.10-t3059.70_195.txt","DUPES/out_yolo_ball_track_cpu_hiRes_labels_022__SHOT__t3028.10-t3059.70_195.txt","43","duplicate_exact"
"move","out/yolo/ball_track_bytex_ball/labels/022__SHOT__t3028.10-t3059.70_209.txt","DUPES/out_yolo_ball_track_bytex_ball_labels_022__SHOT__t3028.10-t3059.70_209.txt","43","duplicate_exact"
"move","out/yolo/ball_track_bytex_conf015/labels/022__SHOT__t3028.10-t3059.70_209.txt","DUPES/out_yolo_ball_track_bytex_conf015_labels_022__SHOT__t3028.10-t3059.70_209.txt","43","duplicate_exact"
"move","out/yolo/ball_track_cpu_hiRes/labels/022__SHOT__t3028.10-t3059.70_209.txt","DUPES/out_yolo_ball_track_cpu_hiRes_labels_022__SHOT__t3028.10-t3059.70_209.txt","43","duplicate_exact"
"move","out/yolo/ball_track_bytex_ball/labels/022__SHOT__t3028.10-t3059.70_210.txt","DUPES/out_yolo_ball_track_bytex_ball_labels_022__SHOT__t3028.10-t3059.70_210.txt","41","duplicate_exact"
"move","out/yolo/ball_track_bytex_conf015/labels/022__SHOT__t3028.10-t3059.70_210.txt","DUPES/out_yolo_ball_track_bytex_conf015_labels_022__SHOT__t3028.10-t3059.70_210.txt","41","duplicate_exact"
"move","out/yolo/ball_track_cpu_hiRes/labels/022__SHOT__t3028.10-t3059.70_210.txt","DUPES/out_yolo_ball_track_cpu_hiRes_labels_022__SHOT__t3028.10-t3059.70_210.txt","41","duplicate_exact"
"move","out/yolo/ball_track_bytex_ball/labels/022__SHOT__t3028.10-t3059.70_211.txt","DUPES/out_yolo_ball_track_bytex_ball_labels_022__SHOT__t3028.10-t3059.70_211.txt","43","duplicate_exact"
"move","out/yolo/ball_track_bytex_ball_recall_tight/labels/022__SHOT__t3028.10-t3059.70_211.txt","DUPES/out_yolo_ball_track_bytex_ball_recall_tight_labels_022__SHOT__t3028.10-t3059.70_211.txt","43","duplicate_exact"
"move","out/yolo/ball_track_bytex_conf015/labels/022__SHOT__t3028.10-t3059.70_211.txt","DUPES/out_yolo_ball_track_bytex_conf015_labels_022__SHOT__t3028.10-t3059.70_211.txt","43","duplicate_exact"
"move","out/yolo/ball_track_cpu_hiRes/labels/022__SHOT__t3028.10-t3059.70_211.txt","DUPES/out_yolo_ball_track_cpu_hiRes_labels_022__SHOT__t3028.10-t3059.70_211.txt","43","duplicate_exact"
"move","out/yolo/ball_track_bytex_ball/labels/022__SHOT__t3028.10-t3059.70_212.txt","DUPES/out_yolo_ball_track_bytex_ball_labels_022__SHOT__t3028.10-t3059.70_212.txt","42","duplicate_exact"
"move","out/yolo/ball_track_bytex_ball_recall_tight/labels/022__SHOT__t3028.10-t3059.70_212.txt","DUPES/out_yolo_ball_track_bytex_ball_recall_tight_labels_022__SHOT__t3028.10-t3059.70_212.txt","42","duplicate_exact"
"move","out/yolo/ball_track_bytex_conf015/labels/022__SHOT__t3028.10-t3059.70_212.txt","DUPES/out_yolo_ball_track_bytex_conf015_labels_022__SHOT__t3028.10-t3059.70_212.txt","42","duplicate_exact"
"move","out/yolo/ball_track_cpu_hiRes/labels/022__SHOT__t3028.10-t3059.70_212.txt","DUPES/out_yolo_ball_track_cpu_hiRes_labels_022__SHOT__t3028.10-t3059.70_212.txt","42","duplicate_exact"
"move","out/yolo/ball_track_bytex_ball/labels/022__SHOT__t3028.10-t3059.70_213.txt","DUPES/out_yolo_ball_track_bytex_ball_labels_022__SHOT__t3028.10-t3059.70_213.txt","42","duplicate_exact"
"move","out/yolo/ball_track_bytex_ball_recall_tight/labels/022__SHOT__t3028.10-t3059.70_213.txt","DUPES/out_yolo_ball_track_bytex_ball_recall_tight_labels_022__SHOT__t3028.10-t3059.70_213.txt","42","duplicate_exact"
"move","out/yolo/ball_track_bytex_conf015/labels/022__SHOT__t3028.10-t3059.70_213.txt","DUPES/out_yolo_ball_track_bytex_conf015_labels_022__SHOT__t3028.10-t3059.70_213.txt","42","duplicate_exact"
"move","out/yolo/ball_track_cpu_hiRes/labels/022__SHOT__t3028.10-t3059.70_213.txt","DUPES/out_yolo_ball_track_cpu_hiRes_labels_022__SHOT__t3028.10-t3059.70_213.txt","42","duplicate_exact"
"move","out/yolo/ball_track_bytex_ball/labels/022__SHOT__t3028.10-t3059.70_214.txt","DUPES/out_yolo_ball_track_bytex_ball_labels_022__SHOT__t3028.10-t3059.70_214.txt","42","duplicate_exact"
"move","out/yolo/ball_track_bytex_ball_recall_tight/labels/022__SHOT__t3028.10-t3059.70_214.txt","DUPES/out_yolo_ball_track_bytex_ball_recall_tight_labels_022__SHOT__t3028.10-t3059.70_214.txt","42","duplicate_exact"
"move","out/yolo/ball_track_bytex_conf015/labels/022__SHOT__t3028.10-t3059.70_214.txt","DUPES/out_yolo_ball_track_bytex_conf015_labels_022__SHOT__t3028.10-t3059.70_214.txt","42","duplicate_exact"
"move","out/yolo/ball_track_cpu_hiRes/labels/022__SHOT__t3028.10-t3059.70_214.txt","DUPES/out_yolo_ball_track_cpu_hiRes_labels_022__SHOT__t3028.10-t3059.70_214.txt","42","duplicate_exact"
"move","out/yolo/ball_track_bytex_ball/labels/022__SHOT__t3028.10-t3059.70_215.txt","DUPES/out_yolo_ball_track_bytex_ball_labels_022__SHOT__t3028.10-t3059.70_215.txt","42","duplicate_exact"
"move","out/yolo/ball_track_bytex_ball_recall_tight/labels/022__SHOT__t3028.10-t3059.70_215.txt","DUPES/out_yolo_ball_track_bytex_ball_recall_tight_labels_022__SHOT__t3028.10-t3059.70_215.txt","42","duplicate_exact"
"move","out/yolo/ball_track_bytex_conf015/labels/022__SHOT__t3028.10-t3059.70_215.txt","DUPES/out_yolo_ball_track_bytex_conf015_labels_022__SHOT__t3028.10-t3059.70_215.txt","42","duplicate_exact"
"move","out/yolo/ball_track_cpu_hiRes/labels/022__SHOT__t3028.10-t3059.70_215.txt","DUPES/out_yolo_ball_track_cpu_hiRes_labels_022__SHOT__t3028.10-t3059.70_215.txt","42","duplicate_exact"
"move","out/yolo/ball_track_bytex_ball/labels/022__SHOT__t3028.10-t3059.70_216.txt","DUPES/out_yolo_ball_track_bytex_ball_labels_022__SHOT__t3028.10-t3059.70_216.txt","43","duplicate_exact"
"move","out/yolo/ball_track_bytex_ball_recall_tight/labels/022__SHOT__t3028.10-t3059.70_216.txt","DUPES/out_yolo_ball_track_bytex_ball_recall_tight_labels_022__SHOT__t3028.10-t3059.70_216.txt","43","duplicate_exact"
"move","out/yolo/ball_track_bytex_conf015/labels/022__SHOT__t3028.10-t3059.70_216.txt","DUPES/out_yolo_ball_track_bytex_conf015_labels_022__SHOT__t3028.10-t3059.70_216.txt","43","duplicate_exact"
"move","out/yolo/ball_track_cpu_hiRes/labels/022__SHOT__t3028.10-t3059.70_216.txt","DUPES/out_yolo_ball_track_cpu_hiRes_labels_022__SHOT__t3028.10-t3059.70_216.txt","43","duplicate_exact"
"move","out/yolo/ball_track_bytex_ball/labels/022__SHOT__t3028.10-t3059.70_221.txt","DUPES/out_yolo_ball_track_bytex_ball_labels_022__SHOT__t3028.10-t3059.70_221.txt","43","duplicate_exact"
"move","out/yolo/ball_track_bytex_ball_recall_tight/labels/022__SHOT__t3028.10-t3059.70_221.txt","DUPES/out_yolo_ball_track_bytex_ball_recall_tight_labels_022__SHOT__t3028.10-t3059.70_221.txt","43","duplicate_exact"
"move","out/yolo/ball_track_bytex_conf015/labels/022__SHOT__t3028.10-t3059.70_221.txt","DUPES/out_yolo_ball_track_bytex_conf015_labels_022__SHOT__t3028.10-t3059.70_221.txt","43","duplicate_exact"
"move","out/yolo/ball_track_cpu_hiRes/labels/022__SHOT__t3028.10-t3059.70_221.txt","DUPES/out_yolo_ball_track_cpu_hiRes_labels_022__SHOT__t3028.10-t3059.70_221.txt","43","duplicate_exact"
"move","out/yolo/ball_track_bytex_ball/labels/022__SHOT__t3028.10-t3059.70_222.txt","DUPES/out_yolo_ball_track_bytex_ball_labels_022__SHOT__t3028.10-t3059.70_222.txt","42","duplicate_exact"
"move","out/yolo/ball_track_bytex_ball_recall_tight/labels/022__SHOT__t3028.10-t3059.70_222.txt","DUPES/out_yolo_ball_track_bytex_ball_recall_tight_labels_022__SHOT__t3028.10-t3059.70_222.txt","42","duplicate_exact"
"move","out/yolo/ball_track_bytex_conf015/labels/022__SHOT__t3028.10-t3059.70_222.txt","DUPES/out_yolo_ball_track_bytex_conf015_labels_022__SHOT__t3028.10-t3059.70_222.txt","42","duplicate_exact"
"move","out/yolo/ball_track_cpu_hiRes/labels/022__SHOT__t3028.10-t3059.70_222.txt","DUPES/out_yolo_ball_track_cpu_hiRes_labels_022__SHOT__t3028.10-t3059.70_222.txt","42","duplicate_exact"
"move","out/yolo/ball_track_bytex_ball/labels/022__SHOT__t3028.10-t3059.70_223.txt","DUPES/out_yolo_ball_track_bytex_ball_labels_022__SHOT__t3028.10-t3059.70_223.txt","43","duplicate_exact"
"move","out/yolo/ball_track_bytex_ball_recall_tight/labels/022__SHOT__t3028.10-t3059.70_223.txt","DUPES/out_yolo_ball_track_bytex_ball_recall_tight_labels_022__SHOT__t3028.10-t3059.70_223.txt","43","duplicate_exact"
"move","out/yolo/ball_track_bytex_conf015/labels/022__SHOT__t3028.10-t3059.70_223.txt","DUPES/out_yolo_ball_track_bytex_conf015_labels_022__SHOT__t3028.10-t3059.70_223.txt","43","duplicate_exact"
"move","out/yolo/ball_track_cpu_hiRes/labels/022__SHOT__t3028.10-t3059.70_223.txt","DUPES/out_yolo_ball_track_cpu_hiRes_labels_022__SHOT__t3028.10-t3059.70_223.txt","43","duplicate_exact"
"move","out/yolo/ball_track_bytex_ball/labels/022__SHOT__t3028.10-t3059.70_224.txt","DUPES/out_yolo_ball_track_bytex_ball_labels_022__SHOT__t3028.10-t3059.70_224.txt","43","duplicate_exact"
"move","out/yolo/ball_track_bytex_ball_recall_tight/labels/022__SHOT__t3028.10-t3059.70_224.txt","DUPES/out_yolo_ball_track_bytex_ball_recall_tight_labels_022__SHOT__t3028.10-t3059.70_224.txt","43","duplicate_exact"
"move","out/yolo/ball_track_bytex_conf015/labels/022__SHOT__t3028.10-t3059.70_224.txt","DUPES/out_yolo_ball_track_bytex_conf015_labels_022__SHOT__t3028.10-t3059.70_224.txt","43","duplicate_exact"
"move","out/yolo/ball_track_cpu_hiRes/labels/022__SHOT__t3028.10-t3059.70_224.txt","DUPES/out_yolo_ball_track_cpu_hiRes_labels_022__SHOT__t3028.10-t3059.70_224.txt","43","duplicate_exact"
"move","out/yolo/ball_track_bytex_ball/labels/022__SHOT__t3028.10-t3059.70_225.txt","DUPES/out_yolo_ball_track_bytex_ball_labels_022__SHOT__t3028.10-t3059.70_225.txt","43","duplicate_exact"
"move","out/yolo/ball_track_bytex_ball_recall_tight/labels/022__SHOT__t3028.10-t3059.70_225.txt","DUPES/out_yolo_ball_track_bytex_ball_recall_tight_labels_022__SHOT__t3028.10-t3059.70_225.txt","43","duplicate_exact"
"move","out/yolo/ball_track_bytex_conf015/labels/022__SHOT__t3028.10-t3059.70_225.txt","DUPES/out_yolo_ball_track_bytex_conf015_labels_022__SHOT__t3028.10-t3059.70_225.txt","43","duplicate_exact"
"move","out/yolo/ball_track_cpu_hiRes/labels/022__SHOT__t3028.10-t3059.70_225.txt","DUPES/out_yolo_ball_track_cpu_hiRes_labels_022__SHOT__t3028.10-t3059.70_225.txt","43","duplicate_exact"
"move","out/yolo/ball_track_bytex_ball/labels/022__SHOT__t3028.10-t3059.70_226.txt","DUPES/out_yolo_ball_track_bytex_ball_labels_022__SHOT__t3028.10-t3059.70_226.txt","43","duplicate_exact"
"move","out/yolo/ball_track_bytex_conf015/labels/022__SHOT__t3028.10-t3059.70_226.txt","DUPES/out_yolo_ball_track_bytex_conf015_labels_022__SHOT__t3028.10-t3059.70_226.txt","43","duplicate_exact"
"move","out/yolo/ball_track_cpu_hiRes/labels/022__SHOT__t3028.10-t3059.70_226.txt","DUPES/out_yolo_ball_track_cpu_hiRes_labels_022__SHOT__t3028.10-t3059.70_226.txt","43","duplicate_exact"
"move","out/yolo/ball_track_bytex_ball/labels/022__SHOT__t3028.10-t3059.70_227.txt","DUPES/out_yolo_ball_track_bytex_ball_labels_022__SHOT__t3028.10-t3059.70_227.txt","43","duplicate_exact"
"move","out/yolo/ball_track_bytex_conf015/labels/022__SHOT__t3028.10-t3059.70_227.txt","DUPES/out_yolo_ball_track_bytex_conf015_labels_022__SHOT__t3028.10-t3059.70_227.txt","43","duplicate_exact"
"move","out/yolo/ball_track_cpu_hiRes/labels/022__SHOT__t3028.10-t3059.70_227.txt","DUPES/out_yolo_ball_track_cpu_hiRes_labels_022__SHOT__t3028.10-t3059.70_227.txt","43","duplicate_exact"
"move","out/yolo/ball_track_bytex_ball/labels/022__SHOT__t3028.10-t3059.70_228.txt","DUPES/out_yolo_ball_track_bytex_ball_labels_022__SHOT__t3028.10-t3059.70_228.txt","43","duplicate_exact"
"move","out/yolo/ball_track_bytex_conf015/labels/022__SHOT__t3028.10-t3059.70_228.txt","DUPES/out_yolo_ball_track_bytex_conf015_labels_022__SHOT__t3028.10-t3059.70_228.txt","43","duplicate_exact"
"move","out/yolo/ball_track_cpu_hiRes/labels/022__SHOT__t3028.10-t3059.70_228.txt","DUPES/out_yolo_ball_track_cpu_hiRes_labels_022__SHOT__t3028.10-t3059.70_228.txt","43","duplicate_exact"
"move","out/yolo/ball_track_bytex_ball/labels/022__SHOT__t3028.10-t3059.70_245.txt","DUPES/out_yolo_ball_track_bytex_ball_labels_022__SHOT__t3028.10-t3059.70_245.txt","42","duplicate_exact"
"move","out/yolo/ball_track_bytex_ball_recall_tight/labels/022__SHOT__t3028.10-t3059.70_245.txt","DUPES/out_yolo_ball_track_bytex_ball_recall_tight_labels_022__SHOT__t3028.10-t3059.70_245.txt","42","duplicate_exact"
"move","out/yolo/ball_track_bytex_conf015/labels/022__SHOT__t3028.10-t3059.70_245.txt","DUPES/out_yolo_ball_track_bytex_conf015_labels_022__SHOT__t3028.10-t3059.70_245.txt","42","duplicate_exact"
"move","out/yolo/ball_track_cpu_hiRes/labels/022__SHOT__t3028.10-t3059.70_245.txt","DUPES/out_yolo_ball_track_cpu_hiRes_labels_022__SHOT__t3028.10-t3059.70_245.txt","42","duplicate_exact"
"move","out/yolo/ball_track_bytex_ball/labels/022__SHOT__t3028.10-t3059.70_246.txt","DUPES/out_yolo_ball_track_bytex_ball_labels_022__SHOT__t3028.10-t3059.70_246.txt","43","duplicate_exact"
"move","out/yolo/ball_track_bytex_ball_recall_tight/labels/022__SHOT__t3028.10-t3059.70_246.txt","DUPES/out_yolo_ball_track_bytex_ball_recall_tight_labels_022__SHOT__t3028.10-t3059.70_246.txt","43","duplicate_exact"
"move","out/yolo/ball_track_bytex_conf015/labels/022__SHOT__t3028.10-t3059.70_246.txt","DUPES/out_yolo_ball_track_bytex_conf015_labels_022__SHOT__t3028.10-t3059.70_246.txt","43","duplicate_exact"
"move","out/yolo/ball_track_cpu_hiRes/labels/022__SHOT__t3028.10-t3059.70_246.txt","DUPES/out_yolo_ball_track_cpu_hiRes_labels_022__SHOT__t3028.10-t3059.70_246.txt","43","duplicate_exact"
"move","out/yolo/ball_track_bytex_ball/labels/022__SHOT__t3028.10-t3059.70_247.txt","DUPES/out_yolo_ball_track_bytex_ball_labels_022__SHOT__t3028.10-t3059.70_247.txt","43","duplicate_exact"
"move","out/yolo/ball_track_bytex_conf015/labels/022__SHOT__t3028.10-t3059.70_247.txt","DUPES/out_yolo_ball_track_bytex_conf015_labels_022__SHOT__t3028.10-t3059.70_247.txt","43","duplicate_exact"
"move","out/yolo/ball_track_cpu_hiRes/labels/022__SHOT__t3028.10-t3059.70_247.txt","DUPES/out_yolo_ball_track_cpu_hiRes_labels_022__SHOT__t3028.10-t3059.70_247.txt","43","duplicate_exact"
"move","out/yolo/ball_track_bytex_ball/labels/022__SHOT__t3028.10-t3059.70_248.txt","DUPES/out_yolo_ball_track_bytex_ball_labels_022__SHOT__t3028.10-t3059.70_248.txt","43","duplicate_exact"
"move","out/yolo/ball_track_bytex_conf015/labels/022__SHOT__t3028.10-t3059.70_248.txt","DUPES/out_yolo_ball_track_bytex_conf015_labels_022__SHOT__t3028.10-t3059.70_248.txt","43","duplicate_exact"
"move","out/yolo/ball_track_cpu_hiRes/labels/022__SHOT__t3028.10-t3059.70_248.txt","DUPES/out_yolo_ball_track_cpu_hiRes_labels_022__SHOT__t3028.10-t3059.70_248.txt","43","duplicate_exact"
"move","out/yolo/ball_track_bytex_ball/labels/022__SHOT__t3028.10-t3059.70_249.txt","DUPES/out_yolo_ball_track_bytex_ball_labels_022__SHOT__t3028.10-t3059.70_249.txt","42","duplicate_exact"
"move","out/yolo/ball_track_bytex_ball_recall_tight/labels/022__SHOT__t3028.10-t3059.70_249.txt","DUPES/out_yolo_ball_track_bytex_ball_recall_tight_labels_022__SHOT__t3028.10-t3059.70_249.txt","42","duplicate_exact"
"move","out/yolo/ball_track_bytex_conf015/labels/022__SHOT__t3028.10-t3059.70_249.txt","DUPES/out_yolo_ball_track_bytex_conf015_labels_022__SHOT__t3028.10-t3059.70_249.txt","42","duplicate_exact"
"move","out/yolo/ball_track_cpu_hiRes/labels/022__SHOT__t3028.10-t3059.70_249.txt","DUPES/out_yolo_ball_track_cpu_hiRes_labels_022__SHOT__t3028.10-t3059.70_249.txt","42","duplicate_exact"
"move","out/yolo/ball_track_bytex_ball/labels/022__SHOT__t3028.10-t3059.70_250.txt","DUPES/out_yolo_ball_track_bytex_ball_labels_022__SHOT__t3028.10-t3059.70_250.txt","43","duplicate_exact"
"move","out/yolo/ball_track_bytex_ball_recall_tight/labels/022__SHOT__t3028.10-t3059.70_250.txt","DUPES/out_yolo_ball_track_bytex_ball_recall_tight_labels_022__SHOT__t3028.10-t3059.70_250.txt","43","duplicate_exact"
"move","out/yolo/ball_track_bytex_conf015/labels/022__SHOT__t3028.10-t3059.70_250.txt","DUPES/out_yolo_ball_track_bytex_conf015_labels_022__SHOT__t3028.10-t3059.70_250.txt","43","duplicate_exact"
"move","out/yolo/ball_track_cpu_hiRes/labels/022__SHOT__t3028.10-t3059.70_250.txt","DUPES/out_yolo_ball_track_cpu_hiRes_labels_022__SHOT__t3028.10-t3059.70_250.txt","43","duplicate_exact"
"move","out/yolo/ball_track_bytex_ball/labels/022__SHOT__t3028.10-t3059.70_251.txt","DUPES/out_yolo_ball_track_bytex_ball_labels_022__SHOT__t3028.10-t3059.70_251.txt","43","duplicate_exact"
"move","out/yolo/ball_track_bytex_ball_recall_tight/labels/022__SHOT__t3028.10-t3059.70_251.txt","DUPES/out_yolo_ball_track_bytex_ball_recall_tight_labels_022__SHOT__t3028.10-t3059.70_251.txt","43","duplicate_exact"
"move","out/yolo/ball_track_bytex_conf015/labels/022__SHOT__t3028.10-t3059.70_251.txt","DUPES/out_yolo_ball_track_bytex_conf015_labels_022__SHOT__t3028.10-t3059.70_251.txt","43","duplicate_exact"
"move","out/yolo/ball_track_cpu_hiRes/labels/022__SHOT__t3028.10-t3059.70_251.txt","DUPES/out_yolo_ball_track_cpu_hiRes_labels_022__SHOT__t3028.10-t3059.70_251.txt","43","duplicate_exact"
"move","out/yolo/ball_track_bytex_ball/labels/022__SHOT__t3028.10-t3059.70_252.txt","DUPES/out_yolo_ball_track_bytex_ball_labels_022__SHOT__t3028.10-t3059.70_252.txt","42","duplicate_exact"
"move","out/yolo/ball_track_bytex_ball_recall_tight/labels/022__SHOT__t3028.10-t3059.70_252.txt","DUPES/out_yolo_ball_track_bytex_ball_recall_tight_labels_022__SHOT__t3028.10-t3059.70_252.txt","42","duplicate_exact"
"move","out/yolo/ball_track_bytex_conf015/labels/022__SHOT__t3028.10-t3059.70_252.txt","DUPES/out_yolo_ball_track_bytex_conf015_labels_022__SHOT__t3028.10-t3059.70_252.txt","42","duplicate_exact"
"move","out/yolo/ball_track_cpu_hiRes/labels/022__SHOT__t3028.10-t3059.70_252.txt","DUPES/out_yolo_ball_track_cpu_hiRes_labels_022__SHOT__t3028.10-t3059.70_252.txt","42","duplicate_exact"
"move","out/yolo/ball_track_bytex_ball/labels/022__SHOT__t3028.10-t3059.70_253.txt","DUPES/out_yolo_ball_track_bytex_ball_labels_022__SHOT__t3028.10-t3059.70_253.txt","42","duplicate_exact"
"move","out/yolo/ball_track_bytex_ball_recall_tight/labels/022__SHOT__t3028.10-t3059.70_253.txt","DUPES/out_yolo_ball_track_bytex_ball_recall_tight_labels_022__SHOT__t3028.10-t3059.70_253.txt","42","duplicate_exact"
"move","out/yolo/ball_track_bytex_conf015/labels/022__SHOT__t3028.10-t3059.70_253.txt","DUPES/out_yolo_ball_track_bytex_conf015_labels_022__SHOT__t3028.10-t3059.70_253.txt","42","duplicate_exact"
"move","out/yolo/ball_track_cpu_hiRes/labels/022__SHOT__t3028.10-t3059.70_253.txt","DUPES/out_yolo_ball_track_cpu_hiRes_labels_022__SHOT__t3028.10-t3059.70_253.txt","42","duplicate_exact"
"move","out/yolo/ball_track_bytex_ball/labels/022__SHOT__t3028.10-t3059.70_254.txt","DUPES/out_yolo_ball_track_bytex_ball_labels_022__SHOT__t3028.10-t3059.70_254.txt","43","duplicate_exact"
"move","out/yolo/ball_track_bytex_ball_recall_tight/labels/022__SHOT__t3028.10-t3059.70_254.txt","DUPES/out_yolo_ball_track_bytex_ball_recall_tight_labels_022__SHOT__t3028.10-t3059.70_254.txt","43","duplicate_exact"
"move","out/yolo/ball_track_bytex_conf015/labels/022__SHOT__t3028.10-t3059.70_254.txt","DUPES/out_yolo_ball_track_bytex_conf015_labels_022__SHOT__t3028.10-t3059.70_254.txt","43","duplicate_exact"
"move","out/yolo/ball_track_cpu_hiRes/labels/022__SHOT__t3028.10-t3059.70_254.txt","DUPES/out_yolo_ball_track_cpu_hiRes_labels_022__SHOT__t3028.10-t3059.70_254.txt","43","duplicate_exact"
"move","out/yolo/ball_track_bytex_ball/labels/022__SHOT__t3028.10-t3059.70_255.txt","DUPES/out_yolo_ball_track_bytex_ball_labels_022__SHOT__t3028.10-t3059.70_255.txt","43","duplicate_exact"
"move","out/yolo/ball_track_bytex_ball_recall_tight/labels/022__SHOT__t3028.10-t3059.70_255.txt","DUPES/out_yolo_ball_track_bytex_ball_recall_tight_labels_022__SHOT__t3028.10-t3059.70_255.txt","43","duplicate_exact"
"move","out/yolo/ball_track_bytex_conf015/labels/022__SHOT__t3028.10-t3059.70_255.txt","DUPES/out_yolo_ball_track_bytex_conf015_labels_022__SHOT__t3028.10-t3059.70_255.txt","43","duplicate_exact"
"move","out/yolo/ball_track_cpu_hiRes/labels/022__SHOT__t3028.10-t3059.70_255.txt","DUPES/out_yolo_ball_track_cpu_hiRes_labels_022__SHOT__t3028.10-t3059.70_255.txt","43","duplicate_exact"
"move","out/yolo/ball_track_bytex_ball/labels/022__SHOT__t3028.10-t3059.70_256.txt","DUPES/out_yolo_ball_track_bytex_ball_labels_022__SHOT__t3028.10-t3059.70_256.txt","43","duplicate_exact"
"move","out/yolo/ball_track_bytex_ball_recall_tight/labels/022__SHOT__t3028.10-t3059.70_256.txt","DUPES/out_yolo_ball_track_bytex_ball_recall_tight_labels_022__SHOT__t3028.10-t3059.70_256.txt","43","duplicate_exact"
"move","out/yolo/ball_track_bytex_conf015/labels/022__SHOT__t3028.10-t3059.70_256.txt","DUPES/out_yolo_ball_track_bytex_conf015_labels_022__SHOT__t3028.10-t3059.70_256.txt","43","duplicate_exact"
"move","out/yolo/ball_track_cpu_hiRes/labels/022__SHOT__t3028.10-t3059.70_256.txt","DUPES/out_yolo_ball_track_cpu_hiRes_labels_022__SHOT__t3028.10-t3059.70_256.txt","43","duplicate_exact"
"move","out/yolo/ball_track_bytex_ball/labels/022__SHOT__t3028.10-t3059.70_257.txt","DUPES/out_yolo_ball_track_bytex_ball_labels_022__SHOT__t3028.10-t3059.70_257.txt","43","duplicate_exact"
"move","out/yolo/ball_track_bytex_ball_recall_tight/labels/022__SHOT__t3028.10-t3059.70_257.txt","DUPES/out_yolo_ball_track_bytex_ball_recall_tight_labels_022__SHOT__t3028.10-t3059.70_257.txt","43","duplicate_exact"
"move","out/yolo/ball_track_bytex_conf015/labels/022__SHOT__t3028.10-t3059.70_257.txt","DUPES/out_yolo_ball_track_bytex_conf015_labels_022__SHOT__t3028.10-t3059.70_257.txt","43","duplicate_exact"
"move","out/yolo/ball_track_cpu_hiRes/labels/022__SHOT__t3028.10-t3059.70_257.txt","DUPES/out_yolo_ball_track_cpu_hiRes_labels_022__SHOT__t3028.10-t3059.70_257.txt","43","duplicate_exact"
"move","out/yolo/ball_track_bytex_ball/labels/022__SHOT__t3028.10-t3059.70_258.txt","DUPES/out_yolo_ball_track_bytex_ball_labels_022__SHOT__t3028.10-t3059.70_258.txt","41","duplicate_exact"
"move","out/yolo/ball_track_bytex_ball_recall_tight/labels/022__SHOT__t3028.10-t3059.70_258.txt","DUPES/out_yolo_ball_track_bytex_ball_recall_tight_labels_022__SHOT__t3028.10-t3059.70_258.txt","41","duplicate_exact"
"move","out/yolo/ball_track_bytex_conf015/labels/022__SHOT__t3028.10-t3059.70_258.txt","DUPES/out_yolo_ball_track_bytex_conf015_labels_022__SHOT__t3028.10-t3059.70_258.txt","41","duplicate_exact"
"move","out/yolo/ball_track_cpu_hiRes/labels/022__SHOT__t3028.10-t3059.70_258.txt","DUPES/out_yolo_ball_track_cpu_hiRes_labels_022__SHOT__t3028.10-t3059.70_258.txt","41","duplicate_exact"
"move","out/yolo/ball_track_bytex_ball/labels/022__SHOT__t3028.10-t3059.70_259.txt","DUPES/out_yolo_ball_track_bytex_ball_labels_022__SHOT__t3028.10-t3059.70_259.txt","43","duplicate_exact"
"move","out/yolo/ball_track_bytex_ball_recall_tight/labels/022__SHOT__t3028.10-t3059.70_259.txt","DUPES/out_yolo_ball_track_bytex_ball_recall_tight_labels_022__SHOT__t3028.10-t3059.70_259.txt","43","duplicate_exact"
"move","out/yolo/ball_track_bytex_conf015/labels/022__SHOT__t3028.10-t3059.70_259.txt","DUPES/out_yolo_ball_track_bytex_conf015_labels_022__SHOT__t3028.10-t3059.70_259.txt","43","duplicate_exact"
"move","out/yolo/ball_track_cpu_hiRes/labels/022__SHOT__t3028.10-t3059.70_259.txt","DUPES/out_yolo_ball_track_cpu_hiRes_labels_022__SHOT__t3028.10-t3059.70_259.txt","43","duplicate_exact"
"move","out/yolo/ball_track_bytex_ball/labels/022__SHOT__t3028.10-t3059.70_260.txt","DUPES/out_yolo_ball_track_bytex_ball_labels_022__SHOT__t3028.10-t3059.70_260.txt","43","duplicate_exact"
"move","out/yolo/ball_track_bytex_ball_recall_tight/labels/022__SHOT__t3028.10-t3059.70_260.txt","DUPES/out_yolo_ball_track_bytex_ball_recall_tight_labels_022__SHOT__t3028.10-t3059.70_260.txt","43","duplicate_exact"
"move","out/yolo/ball_track_bytex_conf015/labels/022__SHOT__t3028.10-t3059.70_260.txt","DUPES/out_yolo_ball_track_bytex_conf015_labels_022__SHOT__t3028.10-t3059.70_260.txt","43","duplicate_exact"
"move","out/yolo/ball_track_cpu_hiRes/labels/022__SHOT__t3028.10-t3059.70_260.txt","DUPES/out_yolo_ball_track_cpu_hiRes_labels_022__SHOT__t3028.10-t3059.70_260.txt","43","duplicate_exact"
"move","out/yolo/ball_track_bytex_ball/labels/022__SHOT__t3028.10-t3059.70_261.txt","DUPES/out_yolo_ball_track_bytex_ball_labels_022__SHOT__t3028.10-t3059.70_261.txt","42","duplicate_exact"
"move","out/yolo/ball_track_bytex_ball_recall_tight/labels/022__SHOT__t3028.10-t3059.70_261.txt","DUPES/out_yolo_ball_track_bytex_ball_recall_tight_labels_022__SHOT__t3028.10-t3059.70_261.txt","42","duplicate_exact"
"move","out/yolo/ball_track_bytex_conf015/labels/022__SHOT__t3028.10-t3059.70_261.txt","DUPES/out_yolo_ball_track_bytex_conf015_labels_022__SHOT__t3028.10-t3059.70_261.txt","42","duplicate_exact"
"move","out/yolo/ball_track_cpu_hiRes/labels/022__SHOT__t3028.10-t3059.70_261.txt","DUPES/out_yolo_ball_track_cpu_hiRes_labels_022__SHOT__t3028.10-t3059.70_261.txt","42","duplicate_exact"
"move","out/yolo/ball_track_bytex_ball/labels/022__SHOT__t3028.10-t3059.70_262.txt","DUPES/out_yolo_ball_track_bytex_ball_labels_022__SHOT__t3028.10-t3059.70_262.txt","43","duplicate_exact"
"move","out/yolo/ball_track_bytex_ball_recall_tight/labels/022__SHOT__t3028.10-t3059.70_262.txt","DUPES/out_yolo_ball_track_bytex_ball_recall_tight_labels_022__SHOT__t3028.10-t3059.70_262.txt","43","duplicate_exact"
"move","out/yolo/ball_track_bytex_conf015/labels/022__SHOT__t3028.10-t3059.70_262.txt","DUPES/out_yolo_ball_track_bytex_conf015_labels_022__SHOT__t3028.10-t3059.70_262.txt","43","duplicate_exact"
"move","out/yolo/ball_track_cpu_hiRes/labels/022__SHOT__t3028.10-t3059.70_262.txt","DUPES/out_yolo_ball_track_cpu_hiRes_labels_022__SHOT__t3028.10-t3059.70_262.txt","43","duplicate_exact"
"move","out/yolo/ball_track_bytex_ball/labels/022__SHOT__t3028.10-t3059.70_263.txt","DUPES/out_yolo_ball_track_bytex_ball_labels_022__SHOT__t3028.10-t3059.70_263.txt","43","duplicate_exact"
"move","out/yolo/ball_track_bytex_ball_recall_tight/labels/022__SHOT__t3028.10-t3059.70_263.txt","DUPES/out_yolo_ball_track_bytex_ball_recall_tight_labels_022__SHOT__t3028.10-t3059.70_263.txt","43","duplicate_exact"
"move","out/yolo/ball_track_bytex_conf015/labels/022__SHOT__t3028.10-t3059.70_263.txt","DUPES/out_yolo_ball_track_bytex_conf015_labels_022__SHOT__t3028.10-t3059.70_263.txt","43","duplicate_exact"
"move","out/yolo/ball_track_cpu_hiRes/labels/022__SHOT__t3028.10-t3059.70_263.txt","DUPES/out_yolo_ball_track_cpu_hiRes_labels_022__SHOT__t3028.10-t3059.70_263.txt","43","duplicate_exact"
"move","out/yolo/ball_track_bytex_ball/labels/022__SHOT__t3028.10-t3059.70_264.txt","DUPES/out_yolo_ball_track_bytex_ball_labels_022__SHOT__t3028.10-t3059.70_264.txt","43","duplicate_exact"
"move","out/yolo/ball_track_bytex_ball_recall_tight/labels/022__SHOT__t3028.10-t3059.70_264.txt","DUPES/out_yolo_ball_track_bytex_ball_recall_tight_labels_022__SHOT__t3028.10-t3059.70_264.txt","43","duplicate_exact"
"move","out/yolo/ball_track_bytex_conf015/labels/022__SHOT__t3028.10-t3059.70_264.txt","DUPES/out_yolo_ball_track_bytex_conf015_labels_022__SHOT__t3028.10-t3059.70_264.txt","43","duplicate_exact"
"move","out/yolo/ball_track_cpu_hiRes/labels/022__SHOT__t3028.10-t3059.70_264.txt","DUPES/out_yolo_ball_track_cpu_hiRes_labels_022__SHOT__t3028.10-t3059.70_264.txt","43","duplicate_exact"
"move","out/yolo/ball_track_bytex_conf015/labels/022__SHOT__t3028.10-t3059.70_265.txt","DUPES/out_yolo_ball_track_bytex_conf015_labels_022__SHOT__t3028.10-t3059.70_265.txt","85","duplicate_exact"
"move","out/yolo/ball_track_bytex_conf015/labels/022__SHOT__t3028.10-t3059.70_266.txt","DUPES/out_yolo_ball_track_bytex_conf015_labels_022__SHOT__t3028.10-t3059.70_266.txt","46","duplicate_exact"
"move","out/yolo/ball_track_bytex_ball/labels/022__SHOT__t3028.10-t3059.70_267.txt","DUPES/out_yolo_ball_track_bytex_ball_labels_022__SHOT__t3028.10-t3059.70_267.txt","43","duplicate_exact"
"move","out/yolo/ball_track_bytex_ball_recall_tight/labels/022__SHOT__t3028.10-t3059.70_267.txt","DUPES/out_yolo_ball_track_bytex_ball_recall_tight_labels_022__SHOT__t3028.10-t3059.70_267.txt","43","duplicate_exact"
"move","out/yolo/ball_track_bytex_conf015/labels/022__SHOT__t3028.10-t3059.70_267.txt","DUPES/out_yolo_ball_track_bytex_conf015_labels_022__SHOT__t3028.10-t3059.70_267.txt","43","duplicate_exact"
"move","out/yolo/ball_track_cpu_hiRes/labels/022__SHOT__t3028.10-t3059.70_267.txt","DUPES/out_yolo_ball_track_cpu_hiRes_labels_022__SHOT__t3028.10-t3059.70_267.txt","43","duplicate_exact"
"move","out/yolo/ball_track_bytex_conf015/labels/022__SHOT__t3028.10-t3059.70_268.txt","DUPES/out_yolo_ball_track_bytex_conf015_labels_022__SHOT__t3028.10-t3059.70_268.txt","46","duplicate_exact"
"move","out/yolo/ball_track_bytex_conf015/labels/022__SHOT__t3028.10-t3059.70_269.txt","DUPES/out_yolo_ball_track_bytex_conf015_labels_022__SHOT__t3028.10-t3059.70_269.txt","45","duplicate_exact"
"move","out/yolo/ball_track_bytex_conf015/labels/022__SHOT__t3028.10-t3059.70_270.txt","DUPES/out_yolo_ball_track_bytex_conf015_labels_022__SHOT__t3028.10-t3059.70_270.txt","46","duplicate_exact"
"move","out/yolo/ball_track_bytex_conf015/labels/022__SHOT__t3028.10-t3059.70_271.txt","DUPES/out_yolo_ball_track_bytex_conf015_labels_022__SHOT__t3028.10-t3059.70_271.txt","44","duplicate_exact"
"move","out/yolo/ball_track_bytex_conf015/labels/022__SHOT__t3028.10-t3059.70_272.txt","DUPES/out_yolo_ball_track_bytex_conf015_labels_022__SHOT__t3028.10-t3059.70_272.txt","46","duplicate_exact"
"move","out/yolo/ball_track_bytex_conf015/labels/022__SHOT__t3028.10-t3059.70_273.txt","DUPES/out_yolo_ball_track_bytex_conf015_labels_022__SHOT__t3028.10-t3059.70_273.txt","46","duplicate_exact"
"move","out/yolo/ball_track_bytex_ball/labels/022__SHOT__t3028.10-t3059.70_274.txt","DUPES/out_yolo_ball_track_bytex_ball_labels_022__SHOT__t3028.10-t3059.70_274.txt","43","duplicate_exact"
"move","out/yolo/ball_track_bytex_ball_recall_tight/labels/022__SHOT__t3028.10-t3059.70_274.txt","DUPES/out_yolo_ball_track_bytex_ball_recall_tight_labels_022__SHOT__t3028.10-t3059.70_274.txt","43","duplicate_exact"
"move","out/yolo/ball_track_bytex_conf015/labels/022__SHOT__t3028.10-t3059.70_274.txt","DUPES/out_yolo_ball_track_bytex_conf015_labels_022__SHOT__t3028.10-t3059.70_274.txt","43","duplicate_exact"
"move","out/yolo/ball_track_cpu_hiRes/labels/022__SHOT__t3028.10-t3059.70_274.txt","DUPES/out_yolo_ball_track_cpu_hiRes_labels_022__SHOT__t3028.10-t3059.70_274.txt","43","duplicate_exact"
"move","out/yolo/ball_track_bytex_conf015/labels/022__SHOT__t3028.10-t3059.70_275.txt","DUPES/out_yolo_ball_track_bytex_conf015_labels_022__SHOT__t3028.10-t3059.70_275.txt","46","duplicate_exact"
"move","out/yolo/ball_track_bytex_conf015/labels/022__SHOT__t3028.10-t3059.70_276.txt","DUPES/out_yolo_ball_track_bytex_conf015_labels_022__SHOT__t3028.10-t3059.70_276.txt","45","duplicate_exact"
"move","out/yolo/ball_track_bytex_ball/labels/022__SHOT__t3028.10-t3059.70_277.txt","DUPES/out_yolo_ball_track_bytex_ball_labels_022__SHOT__t3028.10-t3059.70_277.txt","43","duplicate_exact"
"move","out/yolo/ball_track_bytex_conf015/labels/022__SHOT__t3028.10-t3059.70_277.txt","DUPES/out_yolo_ball_track_bytex_conf015_labels_022__SHOT__t3028.10-t3059.70_277.txt","43","duplicate_exact"
"move","out/yolo/ball_track_cpu_hiRes/labels/022__SHOT__t3028.10-t3059.70_277.txt","DUPES/out_yolo_ball_track_cpu_hiRes_labels_022__SHOT__t3028.10-t3059.70_277.txt","43","duplicate_exact"
"move","out/yolo/ball_track_bytex_ball/labels/022__SHOT__t3028.10-t3059.70_302.txt","DUPES/out_yolo_ball_track_bytex_ball_labels_022__SHOT__t3028.10-t3059.70_302.txt","43","duplicate_exact"
"move","out/yolo/ball_track_bytex_conf015/labels/022__SHOT__t3028.10-t3059.70_302.txt","DUPES/out_yolo_ball_track_bytex_conf015_labels_022__SHOT__t3028.10-t3059.70_302.txt","43","duplicate_exact"
"move","out/yolo/ball_track_cpu_hiRes/labels/022__SHOT__t3028.10-t3059.70_302.txt","DUPES/out_yolo_ball_track_cpu_hiRes_labels_022__SHOT__t3028.10-t3059.70_302.txt","43","duplicate_exact"
"move","out/yolo/ball_track_bytex_ball/labels/022__SHOT__t3028.10-t3059.70_304.txt","DUPES/out_yolo_ball_track_bytex_ball_labels_022__SHOT__t3028.10-t3059.70_304.txt","43","duplicate_exact"
"move","out/yolo/ball_track_bytex_conf015/labels/022__SHOT__t3028.10-t3059.70_304.txt","DUPES/out_yolo_ball_track_bytex_conf015_labels_022__SHOT__t3028.10-t3059.70_304.txt","43","duplicate_exact"
"move","out/yolo/ball_track_cpu_hiRes/labels/022__SHOT__t3028.10-t3059.70_304.txt","DUPES/out_yolo_ball_track_cpu_hiRes_labels_022__SHOT__t3028.10-t3059.70_304.txt","43","duplicate_exact"
"move","out/yolo/ball_track_bytex_ball/labels/022__SHOT__t3028.10-t3059.70_357.txt","DUPES/out_yolo_ball_track_bytex_ball_labels_022__SHOT__t3028.10-t3059.70_357.txt","43","duplicate_exact"
"move","out/yolo/ball_track_bytex_conf015/labels/022__SHOT__t3028.10-t3059.70_357.txt","DUPES/out_yolo_ball_track_bytex_conf015_labels_022__SHOT__t3028.10-t3059.70_357.txt","43","duplicate_exact"
"move","out/yolo/ball_track_cpu_hiRes/labels/022__SHOT__t3028.10-t3059.70_357.txt","DUPES/out_yolo_ball_track_cpu_hiRes_labels_022__SHOT__t3028.10-t3059.70_357.txt","43","duplicate_exact"
"move","out/yolo/ball_track_bytex_ball/labels/022__SHOT__t3028.10-t3059.70_360.txt","DUPES/out_yolo_ball_track_bytex_ball_labels_022__SHOT__t3028.10-t3059.70_360.txt","44","duplicate_exact"
"move","out/yolo/ball_track_bytex_conf015/labels/022__SHOT__t3028.10-t3059.70_360.txt","DUPES/out_yolo_ball_track_bytex_conf015_labels_022__SHOT__t3028.10-t3059.70_360.txt","44","duplicate_exact"
"move","out/yolo/ball_track_cpu_hiRes/labels/022__SHOT__t3028.10-t3059.70_360.txt","DUPES/out_yolo_ball_track_cpu_hiRes_labels_022__SHOT__t3028.10-t3059.70_360.txt","44","duplicate_exact"
"move","out/yolo/ball_track_bytex_ball/labels/022__SHOT__t3028.10-t3059.70_361.txt","DUPES/out_yolo_ball_track_bytex_ball_labels_022__SHOT__t3028.10-t3059.70_361.txt","44","duplicate_exact"
"move","out/yolo/ball_track_bytex_conf015/labels/022__SHOT__t3028.10-t3059.70_361.txt","DUPES/out_yolo_ball_track_bytex_conf015_labels_022__SHOT__t3028.10-t3059.70_361.txt","44","duplicate_exact"
"move","out/yolo/ball_track_cpu_hiRes/labels/022__SHOT__t3028.10-t3059.70_361.txt","DUPES/out_yolo_ball_track_cpu_hiRes_labels_022__SHOT__t3028.10-t3059.70_361.txt","44","duplicate_exact"
"move","out/yolo/ball_track_bytex_ball/labels/022__SHOT__t3028.10-t3059.70_362.txt","DUPES/out_yolo_ball_track_bytex_ball_labels_022__SHOT__t3028.10-t3059.70_362.txt","44","duplicate_exact"
"move","out/yolo/ball_track_bytex_conf015/labels/022__SHOT__t3028.10-t3059.70_362.txt","DUPES/out_yolo_ball_track_bytex_conf015_labels_022__SHOT__t3028.10-t3059.70_362.txt","44","duplicate_exact"
"move","out/yolo/ball_track_cpu_hiRes/labels/022__SHOT__t3028.10-t3059.70_362.txt","DUPES/out_yolo_ball_track_cpu_hiRes_labels_022__SHOT__t3028.10-t3059.70_362.txt","44","duplicate_exact"
"move","out/yolo/ball_track_bytex_ball/labels/022__SHOT__t3028.10-t3059.70_363.txt","DUPES/out_yolo_ball_track_bytex_ball_labels_022__SHOT__t3028.10-t3059.70_363.txt","43","duplicate_exact"
"move","out/yolo/ball_track_bytex_ball_recall_tight/labels/022__SHOT__t3028.10-t3059.70_363.txt","DUPES/out_yolo_ball_track_bytex_ball_recall_tight_labels_022__SHOT__t3028.10-t3059.70_363.txt","43","duplicate_exact"
"move","out/yolo/ball_track_bytex_conf015/labels/022__SHOT__t3028.10-t3059.70_363.txt","DUPES/out_yolo_ball_track_bytex_conf015_labels_022__SHOT__t3028.10-t3059.70_363.txt","43","duplicate_exact"
"move","out/yolo/ball_track_cpu_hiRes/labels/022__SHOT__t3028.10-t3059.70_363.txt","DUPES/out_yolo_ball_track_cpu_hiRes_labels_022__SHOT__t3028.10-t3059.70_363.txt","43","duplicate_exact"
"move","out/yolo/ball_track_bytex_ball/labels/022__SHOT__t3028.10-t3059.70_364.txt","DUPES/out_yolo_ball_track_bytex_ball_labels_022__SHOT__t3028.10-t3059.70_364.txt","43","duplicate_exact"
"move","out/yolo/ball_track_bytex_conf015/labels/022__SHOT__t3028.10-t3059.70_364.txt","DUPES/out_yolo_ball_track_bytex_conf015_labels_022__SHOT__t3028.10-t3059.70_364.txt","43","duplicate_exact"
"move","out/yolo/ball_track_cpu_hiRes/labels/022__SHOT__t3028.10-t3059.70_364.txt","DUPES/out_yolo_ball_track_cpu_hiRes_labels_022__SHOT__t3028.10-t3059.70_364.txt","43","duplicate_exact"
"move","out/yolo/ball_track_bytex_ball/labels/022__SHOT__t3028.10-t3059.70_365.txt","DUPES/out_yolo_ball_track_bytex_ball_labels_022__SHOT__t3028.10-t3059.70_365.txt","42","duplicate_exact"
"move","out/yolo/ball_track_bytex_ball_recall_tight/labels/022__SHOT__t3028.10-t3059.70_365.txt","DUPES/out_yolo_ball_track_bytex_ball_recall_tight_labels_022__SHOT__t3028.10-t3059.70_365.txt","42","duplicate_exact"
"move","out/yolo/ball_track_bytex_conf015/labels/022__SHOT__t3028.10-t3059.70_365.txt","DUPES/out_yolo_ball_track_bytex_conf015_labels_022__SHOT__t3028.10-t3059.70_365.txt","42","duplicate_exact"
"move","out/yolo/ball_track_cpu_hiRes/labels/022__SHOT__t3028.10-t3059.70_365.txt","DUPES/out_yolo_ball_track_cpu_hiRes_labels_022__SHOT__t3028.10-t3059.70_365.txt","42","duplicate_exact"
"move","out/yolo/ball_track_bytex_ball/labels/022__SHOT__t3028.10-t3059.70_367.txt","DUPES/out_yolo_ball_track_bytex_ball_labels_022__SHOT__t3028.10-t3059.70_367.txt","43","duplicate_exact"
"move","out/yolo/ball_track_bytex_conf015/labels/022__SHOT__t3028.10-t3059.70_367.txt","DUPES/out_yolo_ball_track_bytex_conf015_labels_022__SHOT__t3028.10-t3059.70_367.txt","43","duplicate_exact"
"move","out/yolo/ball_track_cpu_hiRes/labels/022__SHOT__t3028.10-t3059.70_367.txt","DUPES/out_yolo_ball_track_cpu_hiRes_labels_022__SHOT__t3028.10-t3059.70_367.txt","43","duplicate_exact"
"move","out/yolo/ball_track_bytex_ball/labels/022__SHOT__t3028.10-t3059.70_368.txt","DUPES/out_yolo_ball_track_bytex_ball_labels_022__SHOT__t3028.10-t3059.70_368.txt","43","duplicate_exact"
"move","out/yolo/ball_track_bytex_conf015/labels/022__SHOT__t3028.10-t3059.70_368.txt","DUPES/out_yolo_ball_track_bytex_conf015_labels_022__SHOT__t3028.10-t3059.70_368.txt","43","duplicate_exact"
"move","out/yolo/ball_track_cpu_hiRes/labels/022__SHOT__t3028.10-t3059.70_368.txt","DUPES/out_yolo_ball_track_cpu_hiRes_labels_022__SHOT__t3028.10-t3059.70_368.txt","43","duplicate_exact"
"move","out/yolo/ball_track_bytex_ball/labels/022__SHOT__t3028.10-t3059.70_369.txt","DUPES/out_yolo_ball_track_bytex_ball_labels_022__SHOT__t3028.10-t3059.70_369.txt","42","duplicate_exact"
"move","out/yolo/ball_track_bytex_conf015/labels/022__SHOT__t3028.10-t3059.70_369.txt","DUPES/out_yolo_ball_track_bytex_conf015_labels_022__SHOT__t3028.10-t3059.70_369.txt","42","duplicate_exact"
"move","out/yolo/ball_track_cpu_hiRes/labels/022__SHOT__t3028.10-t3059.70_369.txt","DUPES/out_yolo_ball_track_cpu_hiRes_labels_022__SHOT__t3028.10-t3059.70_369.txt","42","duplicate_exact"
"move","out/yolo/ball_track_bytex_ball/labels/022__SHOT__t3028.10-t3059.70_370.txt","DUPES/out_yolo_ball_track_bytex_ball_labels_022__SHOT__t3028.10-t3059.70_370.txt","42","duplicate_exact"
"move","out/yolo/ball_track_bytex_conf015/labels/022__SHOT__t3028.10-t3059.70_370.txt","DUPES/out_yolo_ball_track_bytex_conf015_labels_022__SHOT__t3028.10-t3059.70_370.txt","42","duplicate_exact"
"move","out/yolo/ball_track_cpu_hiRes/labels/022__SHOT__t3028.10-t3059.70_370.txt","DUPES/out_yolo_ball_track_cpu_hiRes_labels_022__SHOT__t3028.10-t3059.70_370.txt","42","duplicate_exact"
"move","out/yolo/ball_track_bytex_ball/labels/022__SHOT__t3028.10-t3059.70_371.txt","DUPES/out_yolo_ball_track_bytex_ball_labels_022__SHOT__t3028.10-t3059.70_371.txt","44","duplicate_exact"
"move","out/yolo/ball_track_bytex_conf015/labels/022__SHOT__t3028.10-t3059.70_371.txt","DUPES/out_yolo_ball_track_bytex_conf015_labels_022__SHOT__t3028.10-t3059.70_371.txt","44","duplicate_exact"
"move","out/yolo/ball_track_cpu_hiRes/labels/022__SHOT__t3028.10-t3059.70_371.txt","DUPES/out_yolo_ball_track_cpu_hiRes_labels_022__SHOT__t3028.10-t3059.70_371.txt","44","duplicate_exact"
"move","out/yolo/ball_track_bytex_ball/labels/022__SHOT__t3028.10-t3059.70_372.txt","DUPES/out_yolo_ball_track_bytex_ball_labels_022__SHOT__t3028.10-t3059.70_372.txt","43","duplicate_exact"
"move","out/yolo/ball_track_bytex_conf015/labels/022__SHOT__t3028.10-t3059.70_372.txt","DUPES/out_yolo_ball_track_bytex_conf015_labels_022__SHOT__t3028.10-t3059.70_372.txt","43","duplicate_exact"
"move","out/yolo/ball_track_cpu_hiRes/labels/022__SHOT__t3028.10-t3059.70_372.txt","DUPES/out_yolo_ball_track_cpu_hiRes_labels_022__SHOT__t3028.10-t3059.70_372.txt","43","duplicate_exact"
"move","out/yolo/ball_track_bytex_ball/labels/022__SHOT__t3028.10-t3059.70_373.txt","DUPES/out_yolo_ball_track_bytex_ball_labels_022__SHOT__t3028.10-t3059.70_373.txt","42","duplicate_exact"
"move","out/yolo/ball_track_bytex_conf015/labels/022__SHOT__t3028.10-t3059.70_373.txt","DUPES/out_yolo_ball_track_bytex_conf015_labels_022__SHOT__t3028.10-t3059.70_373.txt","42","duplicate_exact"
"move","out/yolo/ball_track_cpu_hiRes/labels/022__SHOT__t3028.10-t3059.70_373.txt","DUPES/out_yolo_ball_track_cpu_hiRes_labels_022__SHOT__t3028.10-t3059.70_373.txt","42","duplicate_exact"
"move","out/yolo/ball_track_bytex_ball/labels/022__SHOT__t3028.10-t3059.70_374.txt","DUPES/out_yolo_ball_track_bytex_ball_labels_022__SHOT__t3028.10-t3059.70_374.txt","43","duplicate_exact"
"move","out/yolo/ball_track_bytex_conf015/labels/022__SHOT__t3028.10-t3059.70_374.txt","DUPES/out_yolo_ball_track_bytex_conf015_labels_022__SHOT__t3028.10-t3059.70_374.txt","43","duplicate_exact"
"move","out/yolo/ball_track_cpu_hiRes/labels/022__SHOT__t3028.10-t3059.70_374.txt","DUPES/out_yolo_ball_track_cpu_hiRes_labels_022__SHOT__t3028.10-t3059.70_374.txt","43","duplicate_exact"
"move","out/yolo/ball_track_bytex_ball/labels/022__SHOT__t3028.10-t3059.70_375.txt","DUPES/out_yolo_ball_track_bytex_ball_labels_022__SHOT__t3028.10-t3059.70_375.txt","43","duplicate_exact"
"move","out/yolo/ball_track_bytex_conf015/labels/022__SHOT__t3028.10-t3059.70_375.txt","DUPES/out_yolo_ball_track_bytex_conf015_labels_022__SHOT__t3028.10-t3059.70_375.txt","43","duplicate_exact"
"move","out/yolo/ball_track_cpu_hiRes/labels/022__SHOT__t3028.10-t3059.70_375.txt","DUPES/out_yolo_ball_track_cpu_hiRes_labels_022__SHOT__t3028.10-t3059.70_375.txt","43","duplicate_exact"
"move","out/yolo/ball_track_bytex_ball/labels/022__SHOT__t3028.10-t3059.70_376.txt","DUPES/out_yolo_ball_track_bytex_ball_labels_022__SHOT__t3028.10-t3059.70_376.txt","42","duplicate_exact"
"move","out/yolo/ball_track_bytex_conf015/labels/022__SHOT__t3028.10-t3059.70_376.txt","DUPES/out_yolo_ball_track_bytex_conf015_labels_022__SHOT__t3028.10-t3059.70_376.txt","42","duplicate_exact"
"move","out/yolo/ball_track_cpu_hiRes/labels/022__SHOT__t3028.10-t3059.70_376.txt","DUPES/out_yolo_ball_track_cpu_hiRes_labels_022__SHOT__t3028.10-t3059.70_376.txt","42","duplicate_exact"
"move","out/yolo/ball_track_bytex_ball/labels/022__SHOT__t3028.10-t3059.70_377.txt","DUPES/out_yolo_ball_track_bytex_ball_labels_022__SHOT__t3028.10-t3059.70_377.txt","42","duplicate_exact"
"move","out/yolo/ball_track_bytex_conf015/labels/022__SHOT__t3028.10-t3059.70_377.txt","DUPES/out_yolo_ball_track_bytex_conf015_labels_022__SHOT__t3028.10-t3059.70_377.txt","42","duplicate_exact"
"move","out/yolo/ball_track_cpu_hiRes/labels/022__SHOT__t3028.10-t3059.70_377.txt","DUPES/out_yolo_ball_track_cpu_hiRes_labels_022__SHOT__t3028.10-t3059.70_377.txt","42","duplicate_exact"
"move","out/yolo/ball_track_bytex_ball/labels/022__SHOT__t3028.10-t3059.70_378.txt","DUPES/out_yolo_ball_track_bytex_ball_labels_022__SHOT__t3028.10-t3059.70_378.txt","42","duplicate_exact"
"move","out/yolo/ball_track_bytex_conf015/labels/022__SHOT__t3028.10-t3059.70_378.txt","DUPES/out_yolo_ball_track_bytex_conf015_labels_022__SHOT__t3028.10-t3059.70_378.txt","42","duplicate_exact"
"move","out/yolo/ball_track_cpu_hiRes/labels/022__SHOT__t3028.10-t3059.70_378.txt","DUPES/out_yolo_ball_track_cpu_hiRes_labels_022__SHOT__t3028.10-t3059.70_378.txt","42","duplicate_exact"
"move","out/yolo/ball_track_bytex_ball/labels/022__SHOT__t3028.10-t3059.70_379.txt","DUPES/out_yolo_ball_track_bytex_ball_labels_022__SHOT__t3028.10-t3059.70_379.txt","43","duplicate_exact"
"move","out/yolo/ball_track_bytex_conf015/labels/022__SHOT__t3028.10-t3059.70_379.txt","DUPES/out_yolo_ball_track_bytex_conf015_labels_022__SHOT__t3028.10-t3059.70_379.txt","43","duplicate_exact"
"move","out/yolo/ball_track_cpu_hiRes/labels/022__SHOT__t3028.10-t3059.70_379.txt","DUPES/out_yolo_ball_track_cpu_hiRes_labels_022__SHOT__t3028.10-t3059.70_379.txt","43","duplicate_exact"
"move","out/yolo/ball_track_bytex_ball/labels/022__SHOT__t3028.10-t3059.70_380.txt","DUPES/out_yolo_ball_track_bytex_ball_labels_022__SHOT__t3028.10-t3059.70_380.txt","42","duplicate_exact"
"move","out/yolo/ball_track_bytex_conf015/labels/022__SHOT__t3028.10-t3059.70_380.txt","DUPES/out_yolo_ball_track_bytex_conf015_labels_022__SHOT__t3028.10-t3059.70_380.txt","42","duplicate_exact"
"move","out/yolo/ball_track_cpu_hiRes/labels/022__SHOT__t3028.10-t3059.70_380.txt","DUPES/out_yolo_ball_track_cpu_hiRes_labels_022__SHOT__t3028.10-t3059.70_380.txt","42","duplicate_exact"
"move","out/yolo/ball_track_bytex_ball/labels/022__SHOT__t3028.10-t3059.70_381.txt","DUPES/out_yolo_ball_track_bytex_ball_labels_022__SHOT__t3028.10-t3059.70_381.txt","43","duplicate_exact"
"move","out/yolo/ball_track_bytex_conf015/labels/022__SHOT__t3028.10-t3059.70_381.txt","DUPES/out_yolo_ball_track_bytex_conf015_labels_022__SHOT__t3028.10-t3059.70_381.txt","43","duplicate_exact"
"move","out/yolo/ball_track_cpu_hiRes/labels/022__SHOT__t3028.10-t3059.70_381.txt","DUPES/out_yolo_ball_track_cpu_hiRes_labels_022__SHOT__t3028.10-t3059.70_381.txt","43","duplicate_exact"
"move","out/yolo/ball_track_bytex_conf015/labels/022__SHOT__t3028.10-t3059.70_382.txt","DUPES/out_yolo_ball_track_bytex_conf015_labels_022__SHOT__t3028.10-t3059.70_382.txt","86","duplicate_exact"
"move","out/yolo/ball_track_bytex_conf015/labels/022__SHOT__t3028.10-t3059.70_383.txt","DUPES/out_yolo_ball_track_bytex_conf015_labels_022__SHOT__t3028.10-t3059.70_383.txt","46","duplicate_exact"
"move","out/yolo/ball_track_bytex_conf015/labels/022__SHOT__t3028.10-t3059.70_384.txt","DUPES/out_yolo_ball_track_bytex_conf015_labels_022__SHOT__t3028.10-t3059.70_384.txt","46","duplicate_exact"
"move","out/yolo/ball_track_bytex_conf015/labels/022__SHOT__t3028.10-t3059.70_385.txt","DUPES/out_yolo_ball_track_bytex_conf015_labels_022__SHOT__t3028.10-t3059.70_385.txt","46","duplicate_exact"
"move","out/yolo/ball_track_bytex_conf015/labels/022__SHOT__t3028.10-t3059.70_386.txt","DUPES/out_yolo_ball_track_bytex_conf015_labels_022__SHOT__t3028.10-t3059.70_386.txt","42","duplicate_exact"
"move","out/yolo/ball_track_bytex_conf015/labels/022__SHOT__t3028.10-t3059.70_387.txt","DUPES/out_yolo_ball_track_bytex_conf015_labels_022__SHOT__t3028.10-t3059.70_387.txt","45","duplicate_exact"
"move","out/yolo/ball_track_bytex_conf015/labels/022__SHOT__t3028.10-t3059.70_388.txt","DUPES/out_yolo_ball_track_bytex_conf015_labels_022__SHOT__t3028.10-t3059.70_388.txt","43","duplicate_exact"
"move","out/yolo/ball_track_bytex_conf015/labels/022__SHOT__t3028.10-t3059.70_389.txt","DUPES/out_yolo_ball_track_bytex_conf015_labels_022__SHOT__t3028.10-t3059.70_389.txt","45","duplicate_exact"
"move","out/yolo/ball_track_bytex_ball/labels/022__SHOT__t3028.10-t3059.70_390.txt","DUPES/out_yolo_ball_track_bytex_ball_labels_022__SHOT__t3028.10-t3059.70_390.txt","43","duplicate_exact"
"move","out/yolo/ball_track_bytex_conf015/labels/022__SHOT__t3028.10-t3059.70_390.txt","DUPES/out_yolo_ball_track_bytex_conf015_labels_022__SHOT__t3028.10-t3059.70_390.txt","43","duplicate_exact"
"move","out/yolo/ball_track_cpu_hiRes/labels/022__SHOT__t3028.10-t3059.70_390.txt","DUPES/out_yolo_ball_track_cpu_hiRes_labels_022__SHOT__t3028.10-t3059.70_390.txt","43","duplicate_exact"
"move","out/yolo/ball_track_bytex_conf015/labels/022__SHOT__t3028.10-t3059.70_391.txt","DUPES/out_yolo_ball_track_bytex_conf015_labels_022__SHOT__t3028.10-t3059.70_391.txt","46","duplicate_exact"
"move","out/yolo/ball_track_bytex_conf015/labels/022__SHOT__t3028.10-t3059.70_392.txt","DUPES/out_yolo_ball_track_bytex_conf015_labels_022__SHOT__t3028.10-t3059.70_392.txt","46","duplicate_exact"
"move","out/yolo/ball_track_bytex_conf015/labels/022__SHOT__t3028.10-t3059.70_393.txt","DUPES/out_yolo_ball_track_bytex_conf015_labels_022__SHOT__t3028.10-t3059.70_393.txt","46","duplicate_exact"
"move","out/yolo/ball_track_bytex_ball/labels/022__SHOT__t3028.10-t3059.70_394.txt","DUPES/out_yolo_ball_track_bytex_ball_labels_022__SHOT__t3028.10-t3059.70_394.txt","42","duplicate_exact"
"move","out/yolo/ball_track_bytex_conf015/labels/022__SHOT__t3028.10-t3059.70_394.txt","DUPES/out_yolo_ball_track_bytex_conf015_labels_022__SHOT__t3028.10-t3059.70_394.txt","42","duplicate_exact"
"move","out/yolo/ball_track_cpu_hiRes/labels/022__SHOT__t3028.10-t3059.70_394.txt","DUPES/out_yolo_ball_track_cpu_hiRes_labels_022__SHOT__t3028.10-t3059.70_394.txt","42","duplicate_exact"
"move","out/yolo/ball_track_bytex_ball/labels/022__SHOT__t3028.10-t3059.70_395.txt","DUPES/out_yolo_ball_track_bytex_ball_labels_022__SHOT__t3028.10-t3059.70_395.txt","43","duplicate_exact"
"move","out/yolo/ball_track_bytex_conf015/labels/022__SHOT__t3028.10-t3059.70_395.txt","DUPES/out_yolo_ball_track_bytex_conf015_labels_022__SHOT__t3028.10-t3059.70_395.txt","43","duplicate_exact"
"move","out/yolo/ball_track_cpu_hiRes/labels/022__SHOT__t3028.10-t3059.70_395.txt","DUPES/out_yolo_ball_track_cpu_hiRes_labels_022__SHOT__t3028.10-t3059.70_395.txt","43","duplicate_exact"
"move","out/yolo/ball_track_bytex_conf015/labels/022__SHOT__t3028.10-t3059.70_396.txt","DUPES/out_yolo_ball_track_bytex_conf015_labels_022__SHOT__t3028.10-t3059.70_396.txt","86","duplicate_exact"
"move","out/yolo/ball_track_bytex_conf015/labels/022__SHOT__t3028.10-t3059.70_397.txt","DUPES/out_yolo_ball_track_bytex_conf015_labels_022__SHOT__t3028.10-t3059.70_397.txt","86","duplicate_exact"
"move","out/yolo/ball_track_bytex_conf015/labels/022__SHOT__t3028.10-t3059.70_398.txt","DUPES/out_yolo_ball_track_bytex_conf015_labels_022__SHOT__t3028.10-t3059.70_398.txt","86","duplicate_exact"
"move","out/yolo/ball_track_bytex_ball/labels/022__SHOT__t3028.10-t3059.70_399.txt","DUPES/out_yolo_ball_track_bytex_ball_labels_022__SHOT__t3028.10-t3059.70_399.txt","43","duplicate_exact"
"move","out/yolo/ball_track_bytex_conf015/labels/022__SHOT__t3028.10-t3059.70_399.txt","DUPES/out_yolo_ball_track_bytex_conf015_labels_022__SHOT__t3028.10-t3059.70_399.txt","43","duplicate_exact"
"move","out/yolo/ball_track_cpu_hiRes/labels/022__SHOT__t3028.10-t3059.70_399.txt","DUPES/out_yolo_ball_track_cpu_hiRes_labels_022__SHOT__t3028.10-t3059.70_399.txt","43","duplicate_exact"
"move","out/yolo/ball_track_bytex_ball/labels/022__SHOT__t3028.10-t3059.70_402.txt","DUPES/out_yolo_ball_track_bytex_ball_labels_022__SHOT__t3028.10-t3059.70_402.txt","43","duplicate_exact"
"move","out/yolo/ball_track_bytex_conf015/labels/022__SHOT__t3028.10-t3059.70_402.txt","DUPES/out_yolo_ball_track_bytex_conf015_labels_022__SHOT__t3028.10-t3059.70_402.txt","43","duplicate_exact"
"move","out/yolo/ball_track_cpu_hiRes/labels/022__SHOT__t3028.10-t3059.70_402.txt","DUPES/out_yolo_ball_track_cpu_hiRes_labels_022__SHOT__t3028.10-t3059.70_402.txt","43","duplicate_exact"
"move","out/yolo/ball_track_bytex_ball/labels/022__SHOT__t3028.10-t3059.70_405.txt","DUPES/out_yolo_ball_track_bytex_ball_labels_022__SHOT__t3028.10-t3059.70_405.txt","43","duplicate_exact"
"move","out/yolo/ball_track_bytex_conf015/labels/022__SHOT__t3028.10-t3059.70_405.txt","DUPES/out_yolo_ball_track_bytex_conf015_labels_022__SHOT__t3028.10-t3059.70_405.txt","43","duplicate_exact"
"move","out/yolo/ball_track_cpu_hiRes/labels/022__SHOT__t3028.10-t3059.70_405.txt","DUPES/out_yolo_ball_track_cpu_hiRes_labels_022__SHOT__t3028.10-t3059.70_405.txt","43","duplicate_exact"
"move","out/yolo/ball_track_bytex_ball/labels/022__SHOT__t3028.10-t3059.70_406.txt","DUPES/out_yolo_ball_track_bytex_ball_labels_022__SHOT__t3028.10-t3059.70_406.txt","43","duplicate_exact"
"move","out/yolo/ball_track_bytex_ball_recall_tight/labels/022__SHOT__t3028.10-t3059.70_406.txt","DUPES/out_yolo_ball_track_bytex_ball_recall_tight_labels_022__SHOT__t3028.10-t3059.70_406.txt","43","duplicate_exact"
"move","out/yolo/ball_track_bytex_conf015/labels/022__SHOT__t3028.10-t3059.70_406.txt","DUPES/out_yolo_ball_track_bytex_conf015_labels_022__SHOT__t3028.10-t3059.70_406.txt","43","duplicate_exact"
"move","out/yolo/ball_track_cpu_hiRes/labels/022__SHOT__t3028.10-t3059.70_406.txt","DUPES/out_yolo_ball_track_cpu_hiRes_labels_022__SHOT__t3028.10-t3059.70_406.txt","43","duplicate_exact"
"move","out/yolo/ball_track_bytex_conf015/labels/022__SHOT__t3028.10-t3059.70_407.txt","DUPES/out_yolo_ball_track_bytex_conf015_labels_022__SHOT__t3028.10-t3059.70_407.txt","46","duplicate_exact"
"move","out/yolo/ball_track_bytex_conf015/labels/022__SHOT__t3028.10-t3059.70_408.txt","DUPES/out_yolo_ball_track_bytex_conf015_labels_022__SHOT__t3028.10-t3059.70_408.txt","46","duplicate_exact"
"move","out/yolo/ball_track_bytex_conf015/labels/022__SHOT__t3028.10-t3059.70_409.txt","DUPES/out_yolo_ball_track_bytex_conf015_labels_022__SHOT__t3028.10-t3059.70_409.txt","46","duplicate_exact"
"move","out/yolo/ball_track_bytex_conf015/labels/022__SHOT__t3028.10-t3059.70_410.txt","DUPES/out_yolo_ball_track_bytex_conf015_labels_022__SHOT__t3028.10-t3059.70_410.txt","45","duplicate_exact"
"move","out/yolo/ball_track_bytex_conf015/labels/022__SHOT__t3028.10-t3059.70_411.txt","DUPES/out_yolo_ball_track_bytex_conf015_labels_022__SHOT__t3028.10-t3059.70_411.txt","45","duplicate_exact"
"move","out/yolo/ball_track_bytex_conf015/labels/022__SHOT__t3028.10-t3059.70_412.txt","DUPES/out_yolo_ball_track_bytex_conf015_labels_022__SHOT__t3028.10-t3059.70_412.txt","44","duplicate_exact"
"move","out/yolo/ball_track_bytex_conf015/labels/022__SHOT__t3028.10-t3059.70_413.txt","DUPES/out_yolo_ball_track_bytex_conf015_labels_022__SHOT__t3028.10-t3059.70_413.txt","46","duplicate_exact"
"move","out/yolo/ball_track_bytex_conf015/labels/022__SHOT__t3028.10-t3059.70_414.txt","DUPES/out_yolo_ball_track_bytex_conf015_labels_022__SHOT__t3028.10-t3059.70_414.txt","45","duplicate_exact"
"move","out/yolo/ball_track_bytex_conf015/labels/022__SHOT__t3028.10-t3059.70_415.txt","DUPES/out_yolo_ball_track_bytex_conf015_labels_022__SHOT__t3028.10-t3059.70_415.txt","46","duplicate_exact"
"move","out/yolo/ball_track_bytex_conf015/labels/022__SHOT__t3028.10-t3059.70_416.txt","DUPES/out_yolo_ball_track_bytex_conf015_labels_022__SHOT__t3028.10-t3059.70_416.txt","46","duplicate_exact"
"move","out/yolo/ball_track_bytex_conf015/labels/022__SHOT__t3028.10-t3059.70_417.txt","DUPES/out_yolo_ball_track_bytex_conf015_labels_022__SHOT__t3028.10-t3059.70_417.txt","46","duplicate_exact"
"move","out/yolo/ball_track_bytex_conf015/labels/022__SHOT__t3028.10-t3059.70_418.txt","DUPES/out_yolo_ball_track_bytex_conf015_labels_022__SHOT__t3028.10-t3059.70_418.txt","46","duplicate_exact"
"move","out/yolo/ball_track_bytex_conf015/labels/022__SHOT__t3028.10-t3059.70_419.txt","DUPES/out_yolo_ball_track_bytex_conf015_labels_022__SHOT__t3028.10-t3059.70_419.txt","46","duplicate_exact"
"move","out/yolo/ball_track_bytex_conf015/labels/022__SHOT__t3028.10-t3059.70_420.txt","DUPES/out_yolo_ball_track_bytex_conf015_labels_022__SHOT__t3028.10-t3059.70_420.txt","45","duplicate_exact"
"move","out/yolo/ball_track_bytex_conf015/labels/022__SHOT__t3028.10-t3059.70_421.txt","DUPES/out_yolo_ball_track_bytex_conf015_labels_022__SHOT__t3028.10-t3059.70_421.txt","46","duplicate_exact"
"move","out/yolo/ball_track_bytex_conf015/labels/022__SHOT__t3028.10-t3059.70_422.txt","DUPES/out_yolo_ball_track_bytex_conf015_labels_022__SHOT__t3028.10-t3059.70_422.txt","46","duplicate_exact"
"move","out/yolo/ball_track_bytex_ball/labels/022__SHOT__t3028.10-t3059.70_423.txt","DUPES/out_yolo_ball_track_bytex_ball_labels_022__SHOT__t3028.10-t3059.70_423.txt","40","duplicate_exact"
"move","out/yolo/ball_track_bytex_conf015/labels/022__SHOT__t3028.10-t3059.70_423.txt","DUPES/out_yolo_ball_track_bytex_conf015_labels_022__SHOT__t3028.10-t3059.70_423.txt","40","duplicate_exact"
"move","out/yolo/ball_track_cpu_hiRes/labels/022__SHOT__t3028.10-t3059.70_423.txt","DUPES/out_yolo_ball_track_cpu_hiRes_labels_022__SHOT__t3028.10-t3059.70_423.txt","40","duplicate_exact"
"move","out/yolo/ball_track_bytex_ball/labels/022__SHOT__t3028.10-t3059.70_424.txt","DUPES/out_yolo_ball_track_bytex_ball_labels_022__SHOT__t3028.10-t3059.70_424.txt","42","duplicate_exact"
"move","out/yolo/ball_track_bytex_ball_recall_tight/labels/022__SHOT__t3028.10-t3059.70_424.txt","DUPES/out_yolo_ball_track_bytex_ball_recall_tight_labels_022__SHOT__t3028.10-t3059.70_424.txt","42","duplicate_exact"
"move","out/yolo/ball_track_bytex_conf015/labels/022__SHOT__t3028.10-t3059.70_424.txt","DUPES/out_yolo_ball_track_bytex_conf015_labels_022__SHOT__t3028.10-t3059.70_424.txt","42","duplicate_exact"
"move","out/yolo/ball_track_cpu_hiRes/labels/022__SHOT__t3028.10-t3059.70_424.txt","DUPES/out_yolo_ball_track_cpu_hiRes_labels_022__SHOT__t3028.10-t3059.70_424.txt","42","duplicate_exact"
"move","out/yolo/ball_track_bytex_ball/labels/022__SHOT__t3028.10-t3059.70_425.txt","DUPES/out_yolo_ball_track_bytex_ball_labels_022__SHOT__t3028.10-t3059.70_425.txt","42","duplicate_exact"
"move","out/yolo/ball_track_bytex_conf015/labels/022__SHOT__t3028.10-t3059.70_425.txt","DUPES/out_yolo_ball_track_bytex_conf015_labels_022__SHOT__t3028.10-t3059.70_425.txt","42","duplicate_exact"
"move","out/yolo/ball_track_cpu_hiRes/labels/022__SHOT__t3028.10-t3059.70_425.txt","DUPES/out_yolo_ball_track_cpu_hiRes_labels_022__SHOT__t3028.10-t3059.70_425.txt","42","duplicate_exact"
"move","out/yolo/ball_track_bytex_ball/labels/022__SHOT__t3028.10-t3059.70_427.txt","DUPES/out_yolo_ball_track_bytex_ball_labels_022__SHOT__t3028.10-t3059.70_427.txt","43","duplicate_exact"
"move","out/yolo/ball_track_bytex_conf015/labels/022__SHOT__t3028.10-t3059.70_427.txt","DUPES/out_yolo_ball_track_bytex_conf015_labels_022__SHOT__t3028.10-t3059.70_427.txt","43","duplicate_exact"
"move","out/yolo/ball_track_cpu_hiRes/labels/022__SHOT__t3028.10-t3059.70_427.txt","DUPES/out_yolo_ball_track_cpu_hiRes_labels_022__SHOT__t3028.10-t3059.70_427.txt","43","duplicate_exact"
"move","out/yolo/ball_track_bytex_ball/labels/022__SHOT__t3028.10-t3059.70_428.txt","DUPES/out_yolo_ball_track_bytex_ball_labels_022__SHOT__t3028.10-t3059.70_428.txt","44","duplicate_exact"
"move","out/yolo/ball_track_bytex_conf015/labels/022__SHOT__t3028.10-t3059.70_428.txt","DUPES/out_yolo_ball_track_bytex_conf015_labels_022__SHOT__t3028.10-t3059.70_428.txt","44","duplicate_exact"
"move","out/yolo/ball_track_cpu_hiRes/labels/022__SHOT__t3028.10-t3059.70_428.txt","DUPES/out_yolo_ball_track_cpu_hiRes_labels_022__SHOT__t3028.10-t3059.70_428.txt","44","duplicate_exact"
"move","out/yolo/ball_track_bytex_ball/labels/022__SHOT__t3028.10-t3059.70_429.txt","DUPES/out_yolo_ball_track_bytex_ball_labels_022__SHOT__t3028.10-t3059.70_429.txt","41","duplicate_exact"
"move","out/yolo/ball_track_bytex_conf015/labels/022__SHOT__t3028.10-t3059.70_429.txt","DUPES/out_yolo_ball_track_bytex_conf015_labels_022__SHOT__t3028.10-t3059.70_429.txt","41","duplicate_exact"
"move","out/yolo/ball_track_cpu_hiRes/labels/022__SHOT__t3028.10-t3059.70_429.txt","DUPES/out_yolo_ball_track_cpu_hiRes_labels_022__SHOT__t3028.10-t3059.70_429.txt","41","duplicate_exact"
"move","out/yolo/ball_track_bytex_ball/labels/022__SHOT__t3028.10-t3059.70_430.txt","DUPES/out_yolo_ball_track_bytex_ball_labels_022__SHOT__t3028.10-t3059.70_430.txt","44","duplicate_exact"
"move","out/yolo/ball_track_bytex_conf015/labels/022__SHOT__t3028.10-t3059.70_430.txt","DUPES/out_yolo_ball_track_bytex_conf015_labels_022__SHOT__t3028.10-t3059.70_430.txt","44","duplicate_exact"
"move","out/yolo/ball_track_cpu_hiRes/labels/022__SHOT__t3028.10-t3059.70_430.txt","DUPES/out_yolo_ball_track_cpu_hiRes_labels_022__SHOT__t3028.10-t3059.70_430.txt","44","duplicate_exact"
"move","out/yolo/ball_track_bytex_ball/labels/022__SHOT__t3028.10-t3059.70_431.txt","DUPES/out_yolo_ball_track_bytex_ball_labels_022__SHOT__t3028.10-t3059.70_431.txt","44","duplicate_exact"
"move","out/yolo/ball_track_bytex_conf015/labels/022__SHOT__t3028.10-t3059.70_431.txt","DUPES/out_yolo_ball_track_bytex_conf015_labels_022__SHOT__t3028.10-t3059.70_431.txt","44","duplicate_exact"
"move","out/yolo/ball_track_cpu_hiRes/labels/022__SHOT__t3028.10-t3059.70_431.txt","DUPES/out_yolo_ball_track_cpu_hiRes_labels_022__SHOT__t3028.10-t3059.70_431.txt","44","duplicate_exact"
"move","out/yolo/ball_track_bytex_ball/labels/022__SHOT__t3028.10-t3059.70_432.txt","DUPES/out_yolo_ball_track_bytex_ball_labels_022__SHOT__t3028.10-t3059.70_432.txt","44","duplicate_exact"
"move","out/yolo/ball_track_bytex_conf015/labels/022__SHOT__t3028.10-t3059.70_432.txt","DUPES/out_yolo_ball_track_bytex_conf015_labels_022__SHOT__t3028.10-t3059.70_432.txt","44","duplicate_exact"
"move","out/yolo/ball_track_cpu_hiRes/labels/022__SHOT__t3028.10-t3059.70_432.txt","DUPES/out_yolo_ball_track_cpu_hiRes_labels_022__SHOT__t3028.10-t3059.70_432.txt","44","duplicate_exact"
"move","out/yolo/ball_track_bytex_ball/labels/022__SHOT__t3028.10-t3059.70_434.txt","DUPES/out_yolo_ball_track_bytex_ball_labels_022__SHOT__t3028.10-t3059.70_434.txt","42","duplicate_exact"
"move","out/yolo/ball_track_bytex_conf015/labels/022__SHOT__t3028.10-t3059.70_434.txt","DUPES/out_yolo_ball_track_bytex_conf015_labels_022__SHOT__t3028.10-t3059.70_434.txt","42","duplicate_exact"
"move","out/yolo/ball_track_cpu_hiRes/labels/022__SHOT__t3028.10-t3059.70_434.txt","DUPES/out_yolo_ball_track_cpu_hiRes_labels_022__SHOT__t3028.10-t3059.70_434.txt","42","duplicate_exact"
"move","out/yolo/ball_track_bytex_ball/labels/022__SHOT__t3028.10-t3059.70_438.txt","DUPES/out_yolo_ball_track_bytex_ball_labels_022__SHOT__t3028.10-t3059.70_438.txt","43","duplicate_exact"
"move","out/yolo/ball_track_bytex_conf015/labels/022__SHOT__t3028.10-t3059.70_438.txt","DUPES/out_yolo_ball_track_bytex_conf015_labels_022__SHOT__t3028.10-t3059.70_438.txt","43","duplicate_exact"
"move","out/yolo/ball_track_cpu_hiRes/labels/022__SHOT__t3028.10-t3059.70_438.txt","DUPES/out_yolo_ball_track_cpu_hiRes_labels_022__SHOT__t3028.10-t3059.70_438.txt","43","duplicate_exact"
"move","out/yolo/ball_track_bytex_ball/labels/022__SHOT__t3028.10-t3059.70_439.txt","DUPES/out_yolo_ball_track_bytex_ball_labels_022__SHOT__t3028.10-t3059.70_439.txt","43","duplicate_exact"
"move","out/yolo/ball_track_bytex_conf015/labels/022__SHOT__t3028.10-t3059.70_439.txt","DUPES/out_yolo_ball_track_bytex_conf015_labels_022__SHOT__t3028.10-t3059.70_439.txt","43","duplicate_exact"
"move","out/yolo/ball_track_cpu_hiRes/labels/022__SHOT__t3028.10-t3059.70_439.txt","DUPES/out_yolo_ball_track_cpu_hiRes_labels_022__SHOT__t3028.10-t3059.70_439.txt","43","duplicate_exact"
"move","out/yolo/ball_track_bytex_ball/labels/022__SHOT__t3028.10-t3059.70_440.txt","DUPES/out_yolo_ball_track_bytex_ball_labels_022__SHOT__t3028.10-t3059.70_440.txt","44","duplicate_exact"
"move","out/yolo/ball_track_bytex_conf015/labels/022__SHOT__t3028.10-t3059.70_440.txt","DUPES/out_yolo_ball_track_bytex_conf015_labels_022__SHOT__t3028.10-t3059.70_440.txt","44","duplicate_exact"
"move","out/yolo/ball_track_cpu_hiRes/labels/022__SHOT__t3028.10-t3059.70_440.txt","DUPES/out_yolo_ball_track_cpu_hiRes_labels_022__SHOT__t3028.10-t3059.70_440.txt","44","duplicate_exact"
"move","out/yolo/ball_track_bytex_ball/labels/022__SHOT__t3028.10-t3059.70_480.txt","DUPES/out_yolo_ball_track_bytex_ball_labels_022__SHOT__t3028.10-t3059.70_480.txt","43","duplicate_exact"
"move","out/yolo/ball_track_bytex_ball_recall_tight/labels/022__SHOT__t3028.10-t3059.70_480.txt","DUPES/out_yolo_ball_track_bytex_ball_recall_tight_labels_022__SHOT__t3028.10-t3059.70_480.txt","43","duplicate_exact"
"move","out/yolo/ball_track_bytex_conf015/labels/022__SHOT__t3028.10-t3059.70_480.txt","DUPES/out_yolo_ball_track_bytex_conf015_labels_022__SHOT__t3028.10-t3059.70_480.txt","43","duplicate_exact"
"move","out/yolo/ball_track_cpu_hiRes/labels/022__SHOT__t3028.10-t3059.70_480.txt","DUPES/out_yolo_ball_track_cpu_hiRes_labels_022__SHOT__t3028.10-t3059.70_480.txt","43","duplicate_exact"
"move","out/yolo/ball_track_bytex_ball/labels/022__SHOT__t3028.10-t3059.70_482.txt","DUPES/out_yolo_ball_track_bytex_ball_labels_022__SHOT__t3028.10-t3059.70_482.txt","43","duplicate_exact"
"move","out/yolo/ball_track_bytex_conf015/labels/022__SHOT__t3028.10-t3059.70_482.txt","DUPES/out_yolo_ball_track_bytex_conf015_labels_022__SHOT__t3028.10-t3059.70_482.txt","43","duplicate_exact"
"move","out/yolo/ball_track_cpu_hiRes/labels/022__SHOT__t3028.10-t3059.70_482.txt","DUPES/out_yolo_ball_track_cpu_hiRes_labels_022__SHOT__t3028.10-t3059.70_482.txt","43","duplicate_exact"
"move","out/yolo/ball_track_bytex_ball/labels/022__SHOT__t3028.10-t3059.70_483.txt","DUPES/out_yolo_ball_track_bytex_ball_labels_022__SHOT__t3028.10-t3059.70_483.txt","43","duplicate_exact"
"move","out/yolo/ball_track_bytex_ball_recall_tight/labels/022__SHOT__t3028.10-t3059.70_483.txt","DUPES/out_yolo_ball_track_bytex_ball_recall_tight_labels_022__SHOT__t3028.10-t3059.70_483.txt","43","duplicate_exact"
"move","out/yolo/ball_track_bytex_conf015/labels/022__SHOT__t3028.10-t3059.70_483.txt","DUPES/out_yolo_ball_track_bytex_conf015_labels_022__SHOT__t3028.10-t3059.70_483.txt","43","duplicate_exact"
"move","out/yolo/ball_track_cpu_hiRes/labels/022__SHOT__t3028.10-t3059.70_483.txt","DUPES/out_yolo_ball_track_cpu_hiRes_labels_022__SHOT__t3028.10-t3059.70_483.txt","43","duplicate_exact"
"move","out/yolo/ball_track_bytex_ball/labels/022__SHOT__t3028.10-t3059.70_484.txt","DUPES/out_yolo_ball_track_bytex_ball_labels_022__SHOT__t3028.10-t3059.70_484.txt","43","duplicate_exact"
"move","out/yolo/ball_track_bytex_ball_recall_tight/labels/022__SHOT__t3028.10-t3059.70_484.txt","DUPES/out_yolo_ball_track_bytex_ball_recall_tight_labels_022__SHOT__t3028.10-t3059.70_484.txt","43","duplicate_exact"
"move","out/yolo/ball_track_bytex_conf015/labels/022__SHOT__t3028.10-t3059.70_484.txt","DUPES/out_yolo_ball_track_bytex_conf015_labels_022__SHOT__t3028.10-t3059.70_484.txt","43","duplicate_exact"
"move","out/yolo/ball_track_cpu_hiRes/labels/022__SHOT__t3028.10-t3059.70_484.txt","DUPES/out_yolo_ball_track_cpu_hiRes_labels_022__SHOT__t3028.10-t3059.70_484.txt","43","duplicate_exact"
"move","out/yolo/ball_track_bytex_ball/labels/022__SHOT__t3028.10-t3059.70_485.txt","DUPES/out_yolo_ball_track_bytex_ball_labels_022__SHOT__t3028.10-t3059.70_485.txt","43","duplicate_exact"
"move","out/yolo/ball_track_bytex_ball_recall_tight/labels/022__SHOT__t3028.10-t3059.70_485.txt","DUPES/out_yolo_ball_track_bytex_ball_recall_tight_labels_022__SHOT__t3028.10-t3059.70_485.txt","43","duplicate_exact"
"move","out/yolo/ball_track_bytex_conf015/labels/022__SHOT__t3028.10-t3059.70_485.txt","DUPES/out_yolo_ball_track_bytex_conf015_labels_022__SHOT__t3028.10-t3059.70_485.txt","43","duplicate_exact"
"move","out/yolo/ball_track_cpu_hiRes/labels/022__SHOT__t3028.10-t3059.70_485.txt","DUPES/out_yolo_ball_track_cpu_hiRes_labels_022__SHOT__t3028.10-t3059.70_485.txt","43","duplicate_exact"
"move","out/yolo/ball_track_bytex_ball/labels/022__SHOT__t3028.10-t3059.70_486.txt","DUPES/out_yolo_ball_track_bytex_ball_labels_022__SHOT__t3028.10-t3059.70_486.txt","43","duplicate_exact"
"move","out/yolo/ball_track_bytex_ball_recall_tight/labels/022__SHOT__t3028.10-t3059.70_486.txt","DUPES/out_yolo_ball_track_bytex_ball_recall_tight_labels_022__SHOT__t3028.10-t3059.70_486.txt","43","duplicate_exact"
"move","out/yolo/ball_track_bytex_conf015/labels/022__SHOT__t3028.10-t3059.70_486.txt","DUPES/out_yolo_ball_track_bytex_conf015_labels_022__SHOT__t3028.10-t3059.70_486.txt","43","duplicate_exact"
"move","out/yolo/ball_track_cpu_hiRes/labels/022__SHOT__t3028.10-t3059.70_486.txt","DUPES/out_yolo_ball_track_cpu_hiRes_labels_022__SHOT__t3028.10-t3059.70_486.txt","43","duplicate_exact"
"move","out/yolo/ball_track_bytex_ball/labels/022__SHOT__t3028.10-t3059.70_487.txt","DUPES/out_yolo_ball_track_bytex_ball_labels_022__SHOT__t3028.10-t3059.70_487.txt","43","duplicate_exact"
"move","out/yolo/ball_track_bytex_ball_recall_tight/labels/022__SHOT__t3028.10-t3059.70_487.txt","DUPES/out_yolo_ball_track_bytex_ball_recall_tight_labels_022__SHOT__t3028.10-t3059.70_487.txt","43","duplicate_exact"
"move","out/yolo/ball_track_bytex_conf015/labels/022__SHOT__t3028.10-t3059.70_487.txt","DUPES/out_yolo_ball_track_bytex_conf015_labels_022__SHOT__t3028.10-t3059.70_487.txt","43","duplicate_exact"
"move","out/yolo/ball_track_cpu_hiRes/labels/022__SHOT__t3028.10-t3059.70_487.txt","DUPES/out_yolo_ball_track_cpu_hiRes_labels_022__SHOT__t3028.10-t3059.70_487.txt","43","duplicate_exact"
"move","out/yolo/ball_track_bytex_ball/labels/022__SHOT__t3028.10-t3059.70_488.txt","DUPES/out_yolo_ball_track_bytex_ball_labels_022__SHOT__t3028.10-t3059.70_488.txt","43","duplicate_exact"
"move","out/yolo/ball_track_bytex_ball_recall_tight/labels/022__SHOT__t3028.10-t3059.70_488.txt","DUPES/out_yolo_ball_track_bytex_ball_recall_tight_labels_022__SHOT__t3028.10-t3059.70_488.txt","43","duplicate_exact"
"move","out/yolo/ball_track_bytex_conf015/labels/022__SHOT__t3028.10-t3059.70_488.txt","DUPES/out_yolo_ball_track_bytex_conf015_labels_022__SHOT__t3028.10-t3059.70_488.txt","43","duplicate_exact"
"move","out/yolo/ball_track_cpu_hiRes/labels/022__SHOT__t3028.10-t3059.70_488.txt","DUPES/out_yolo_ball_track_cpu_hiRes_labels_022__SHOT__t3028.10-t3059.70_488.txt","43","duplicate_exact"
"move","out/yolo/ball_track_bytex_ball/labels/022__SHOT__t3028.10-t3059.70_489.txt","DUPES/out_yolo_ball_track_bytex_ball_labels_022__SHOT__t3028.10-t3059.70_489.txt","43","duplicate_exact"
"move","out/yolo/ball_track_bytex_ball_recall_tight/labels/022__SHOT__t3028.10-t3059.70_489.txt","DUPES/out_yolo_ball_track_bytex_ball_recall_tight_labels_022__SHOT__t3028.10-t3059.70_489.txt","43","duplicate_exact"
"move","out/yolo/ball_track_bytex_conf015/labels/022__SHOT__t3028.10-t3059.70_489.txt","DUPES/out_yolo_ball_track_bytex_conf015_labels_022__SHOT__t3028.10-t3059.70_489.txt","43","duplicate_exact"
"move","out/yolo/ball_track_cpu_hiRes/labels/022__SHOT__t3028.10-t3059.70_489.txt","DUPES/out_yolo_ball_track_cpu_hiRes_labels_022__SHOT__t3028.10-t3059.70_489.txt","43","duplicate_exact"
"move","out/yolo/ball_track_bytex_ball/labels/022__SHOT__t3028.10-t3059.70_490.txt","DUPES/out_yolo_ball_track_bytex_ball_labels_022__SHOT__t3028.10-t3059.70_490.txt","42","duplicate_exact"
"move","out/yolo/ball_track_bytex_conf015/labels/022__SHOT__t3028.10-t3059.70_490.txt","DUPES/out_yolo_ball_track_bytex_conf015_labels_022__SHOT__t3028.10-t3059.70_490.txt","42","duplicate_exact"
"move","out/yolo/ball_track_cpu_hiRes/labels/022__SHOT__t3028.10-t3059.70_490.txt","DUPES/out_yolo_ball_track_cpu_hiRes_labels_022__SHOT__t3028.10-t3059.70_490.txt","42","duplicate_exact"
"move","out/yolo/ball_track_bytex_ball/labels/022__SHOT__t3028.10-t3059.70_491.txt","DUPES/out_yolo_ball_track_bytex_ball_labels_022__SHOT__t3028.10-t3059.70_491.txt","43","duplicate_exact"
"move","out/yolo/ball_track_bytex_conf015/labels/022__SHOT__t3028.10-t3059.70_491.txt","DUPES/out_yolo_ball_track_bytex_conf015_labels_022__SHOT__t3028.10-t3059.70_491.txt","43","duplicate_exact"
"move","out/yolo/ball_track_cpu_hiRes/labels/022__SHOT__t3028.10-t3059.70_491.txt","DUPES/out_yolo_ball_track_cpu_hiRes_labels_022__SHOT__t3028.10-t3059.70_491.txt","43","duplicate_exact"
"move","out/yolo/ball_track_bytex_ball/labels/022__SHOT__t3028.10-t3059.70_492.txt","DUPES/out_yolo_ball_track_bytex_ball_labels_022__SHOT__t3028.10-t3059.70_492.txt","42","duplicate_exact"
"move","out/yolo/ball_track_bytex_ball_recall_tight/labels/022__SHOT__t3028.10-t3059.70_492.txt","DUPES/out_yolo_ball_track_bytex_ball_recall_tight_labels_022__SHOT__t3028.10-t3059.70_492.txt","42","duplicate_exact"
"move","out/yolo/ball_track_bytex_conf015/labels/022__SHOT__t3028.10-t3059.70_492.txt","DUPES/out_yolo_ball_track_bytex_conf015_labels_022__SHOT__t3028.10-t3059.70_492.txt","42","duplicate_exact"
"move","out/yolo/ball_track_cpu_hiRes/labels/022__SHOT__t3028.10-t3059.70_492.txt","DUPES/out_yolo_ball_track_cpu_hiRes_labels_022__SHOT__t3028.10-t3059.70_492.txt","42","duplicate_exact"
"move","out/yolo/ball_track_bytex_ball/labels/022__SHOT__t3028.10-t3059.70_493.txt","DUPES/out_yolo_ball_track_bytex_ball_labels_022__SHOT__t3028.10-t3059.70_493.txt","42","duplicate_exact"
"move","out/yolo/ball_track_bytex_conf015/labels/022__SHOT__t3028.10-t3059.70_493.txt","DUPES/out_yolo_ball_track_bytex_conf015_labels_022__SHOT__t3028.10-t3059.70_493.txt","42","duplicate_exact"
"move","out/yolo/ball_track_cpu_hiRes/labels/022__SHOT__t3028.10-t3059.70_493.txt","DUPES/out_yolo_ball_track_cpu_hiRes_labels_022__SHOT__t3028.10-t3059.70_493.txt","42","duplicate_exact"
"move","out/yolo/ball_track_bytex_ball/labels/022__SHOT__t3028.10-t3059.70_494.txt","DUPES/out_yolo_ball_track_bytex_ball_labels_022__SHOT__t3028.10-t3059.70_494.txt","43","duplicate_exact"
"move","out/yolo/ball_track_bytex_ball_recall_tight/labels/022__SHOT__t3028.10-t3059.70_494.txt","DUPES/out_yolo_ball_track_bytex_ball_recall_tight_labels_022__SHOT__t3028.10-t3059.70_494.txt","43","duplicate_exact"
"move","out/yolo/ball_track_bytex_conf015/labels/022__SHOT__t3028.10-t3059.70_494.txt","DUPES/out_yolo_ball_track_bytex_conf015_labels_022__SHOT__t3028.10-t3059.70_494.txt","43","duplicate_exact"
"move","out/yolo/ball_track_cpu_hiRes/labels/022__SHOT__t3028.10-t3059.70_494.txt","DUPES/out_yolo_ball_track_cpu_hiRes_labels_022__SHOT__t3028.10-t3059.70_494.txt","43","duplicate_exact"
"move","out/yolo/ball_track_bytex_ball/labels/022__SHOT__t3028.10-t3059.70_495.txt","DUPES/out_yolo_ball_track_bytex_ball_labels_022__SHOT__t3028.10-t3059.70_495.txt","43","duplicate_exact"
"move","out/yolo/ball_track_bytex_ball_recall_tight/labels/022__SHOT__t3028.10-t3059.70_495.txt","DUPES/out_yolo_ball_track_bytex_ball_recall_tight_labels_022__SHOT__t3028.10-t3059.70_495.txt","43","duplicate_exact"
"move","out/yolo/ball_track_bytex_conf015/labels/022__SHOT__t3028.10-t3059.70_495.txt","DUPES/out_yolo_ball_track_bytex_conf015_labels_022__SHOT__t3028.10-t3059.70_495.txt","43","duplicate_exact"
"move","out/yolo/ball_track_cpu_hiRes/labels/022__SHOT__t3028.10-t3059.70_495.txt","DUPES/out_yolo_ball_track_cpu_hiRes_labels_022__SHOT__t3028.10-t3059.70_495.txt","43","duplicate_exact"
"move","out/yolo/ball_track_bytex_ball/labels/022__SHOT__t3028.10-t3059.70_496.txt","DUPES/out_yolo_ball_track_bytex_ball_labels_022__SHOT__t3028.10-t3059.70_496.txt","41","duplicate_exact"
"move","out/yolo/ball_track_bytex_ball_recall_tight/labels/022__SHOT__t3028.10-t3059.70_496.txt","DUPES/out_yolo_ball_track_bytex_ball_recall_tight_labels_022__SHOT__t3028.10-t3059.70_496.txt","41","duplicate_exact"
"move","out/yolo/ball_track_bytex_conf015/labels/022__SHOT__t3028.10-t3059.70_496.txt","DUPES/out_yolo_ball_track_bytex_conf015_labels_022__SHOT__t3028.10-t3059.70_496.txt","41","duplicate_exact"
"move","out/yolo/ball_track_cpu_hiRes/labels/022__SHOT__t3028.10-t3059.70_496.txt","DUPES/out_yolo_ball_track_cpu_hiRes_labels_022__SHOT__t3028.10-t3059.70_496.txt","41","duplicate_exact"
"move","out/yolo/ball_track_bytex_ball/labels/022__SHOT__t3028.10-t3059.70_497.txt","DUPES/out_yolo_ball_track_bytex_ball_labels_022__SHOT__t3028.10-t3059.70_497.txt","43","duplicate_exact"
"move","out/yolo/ball_track_bytex_ball_recall_tight/labels/022__SHOT__t3028.10-t3059.70_497.txt","DUPES/out_yolo_ball_track_bytex_ball_recall_tight_labels_022__SHOT__t3028.10-t3059.70_497.txt","43","duplicate_exact"
"move","out/yolo/ball_track_bytex_conf015/labels/022__SHOT__t3028.10-t3059.70_497.txt","DUPES/out_yolo_ball_track_bytex_conf015_labels_022__SHOT__t3028.10-t3059.70_497.txt","43","duplicate_exact"
"move","out/yolo/ball_track_cpu_hiRes/labels/022__SHOT__t3028.10-t3059.70_497.txt","DUPES/out_yolo_ball_track_cpu_hiRes_labels_022__SHOT__t3028.10-t3059.70_497.txt","43","duplicate_exact"
"move","out/yolo/ball_track_bytex_ball/labels/022__SHOT__t3028.10-t3059.70_498.txt","DUPES/out_yolo_ball_track_bytex_ball_labels_022__SHOT__t3028.10-t3059.70_498.txt","43","duplicate_exact"
"move","out/yolo/ball_track_bytex_ball_recall_tight/labels/022__SHOT__t3028.10-t3059.70_498.txt","DUPES/out_yolo_ball_track_bytex_ball_recall_tight_labels_022__SHOT__t3028.10-t3059.70_498.txt","43","duplicate_exact"
"move","out/yolo/ball_track_bytex_conf015/labels/022__SHOT__t3028.10-t3059.70_498.txt","DUPES/out_yolo_ball_track_bytex_conf015_labels_022__SHOT__t3028.10-t3059.70_498.txt","43","duplicate_exact"
"move","out/yolo/ball_track_cpu_hiRes/labels/022__SHOT__t3028.10-t3059.70_498.txt","DUPES/out_yolo_ball_track_cpu_hiRes_labels_022__SHOT__t3028.10-t3059.70_498.txt","43","duplicate_exact"
"move","out/yolo/ball_track_bytex_ball/labels/022__SHOT__t3028.10-t3059.70_499.txt","DUPES/out_yolo_ball_track_bytex_ball_labels_022__SHOT__t3028.10-t3059.70_499.txt","41","duplicate_exact"
"move","out/yolo/ball_track_bytex_ball_recall_tight/labels/022__SHOT__t3028.10-t3059.70_499.txt","DUPES/out_yolo_ball_track_bytex_ball_recall_tight_labels_022__SHOT__t3028.10-t3059.70_499.txt","41","duplicate_exact"
"move","out/yolo/ball_track_bytex_conf015/labels/022__SHOT__t3028.10-t3059.70_499.txt","DUPES/out_yolo_ball_track_bytex_conf015_labels_022__SHOT__t3028.10-t3059.70_499.txt","41","duplicate_exact"
"move","out/yolo/ball_track_cpu_hiRes/labels/022__SHOT__t3028.10-t3059.70_499.txt","DUPES/out_yolo_ball_track_cpu_hiRes_labels_022__SHOT__t3028.10-t3059.70_499.txt","41","duplicate_exact"
"move","out/yolo/ball_track_bytex_conf015/labels/022__SHOT__t3028.10-t3059.70_500.txt","DUPES/out_yolo_ball_track_bytex_conf015_labels_022__SHOT__t3028.10-t3059.70_500.txt","47","duplicate_exact"
"move","out/yolo/ball_track_bytex_ball/labels/022__SHOT__t3028.10-t3059.70_501.txt","DUPES/out_yolo_ball_track_bytex_ball_labels_022__SHOT__t3028.10-t3059.70_501.txt","41","duplicate_exact"
"move","out/yolo/ball_track_bytex_ball_recall_tight/labels/022__SHOT__t3028.10-t3059.70_501.txt","DUPES/out_yolo_ball_track_bytex_ball_recall_tight_labels_022__SHOT__t3028.10-t3059.70_501.txt","41","duplicate_exact"
"move","out/yolo/ball_track_bytex_conf015/labels/022__SHOT__t3028.10-t3059.70_501.txt","DUPES/out_yolo_ball_track_bytex_conf015_labels_022__SHOT__t3028.10-t3059.70_501.txt","41","duplicate_exact"
"move","out/yolo/ball_track_cpu_hiRes/labels/022__SHOT__t3028.10-t3059.70_501.txt","DUPES/out_yolo_ball_track_cpu_hiRes_labels_022__SHOT__t3028.10-t3059.70_501.txt","41","duplicate_exact"
"move","out/yolo/ball_track_bytex_ball/labels/022__SHOT__t3028.10-t3059.70_518.txt","DUPES/out_yolo_ball_track_bytex_ball_labels_022__SHOT__t3028.10-t3059.70_518.txt","43","duplicate_exact"
"move","out/yolo/ball_track_bytex_ball_recall_tight/labels/022__SHOT__t3028.10-t3059.70_518.txt","DUPES/out_yolo_ball_track_bytex_ball_recall_tight_labels_022__SHOT__t3028.10-t3059.70_518.txt","43","duplicate_exact"
"move","out/yolo/ball_track_bytex_conf015/labels/022__SHOT__t3028.10-t3059.70_518.txt","DUPES/out_yolo_ball_track_bytex_conf015_labels_022__SHOT__t3028.10-t3059.70_518.txt","43","duplicate_exact"
"move","out/yolo/ball_track_cpu_hiRes/labels/022__SHOT__t3028.10-t3059.70_518.txt","DUPES/out_yolo_ball_track_cpu_hiRes_labels_022__SHOT__t3028.10-t3059.70_518.txt","43","duplicate_exact"
"move","out/yolo/ball_track_bytex_conf015/labels/022__SHOT__t3028.10-t3059.70_519.txt","DUPES/out_yolo_ball_track_bytex_conf015_labels_022__SHOT__t3028.10-t3059.70_519.txt","87","duplicate_exact"
"move","out/yolo/ball_track_bytex_ball_recall_tight/labels/022__SHOT__t3028.10-t3059.70_52.txt","DUPES/out_yolo_ball_track_bytex_ball_recall_tight_labels_022__SHOT__t3028.10-t3059.70_52.txt","45","duplicate_exact"
"move","out/yolo/ball_track_bytex_conf015/labels/022__SHOT__t3028.10-t3059.70_52.txt","DUPES/out_yolo_ball_track_bytex_conf015_labels_022__SHOT__t3028.10-t3059.70_52.txt","45","duplicate_exact"
"move","out/yolo/ball_track_cpu_hiRes/labels/022__SHOT__t3028.10-t3059.70_52.txt","DUPES/out_yolo_ball_track_cpu_hiRes_labels_022__SHOT__t3028.10-t3059.70_52.txt","45","duplicate_exact"
"move","out/yolo/ball_track_bytex_conf015/labels/022__SHOT__t3028.10-t3059.70_520.txt","DUPES/out_yolo_ball_track_bytex_conf015_labels_022__SHOT__t3028.10-t3059.70_520.txt","85","duplicate_exact"
"move","out/yolo/ball_track_bytex_ball/labels/022__SHOT__t3028.10-t3059.70_521.txt","DUPES/out_yolo_ball_track_bytex_ball_labels_022__SHOT__t3028.10-t3059.70_521.txt","42","duplicate_exact"
"move","out/yolo/ball_track_bytex_ball_recall_tight/labels/022__SHOT__t3028.10-t3059.70_521.txt","DUPES/out_yolo_ball_track_bytex_ball_recall_tight_labels_022__SHOT__t3028.10-t3059.70_521.txt","42","duplicate_exact"
"move","out/yolo/ball_track_bytex_conf015/labels/022__SHOT__t3028.10-t3059.70_521.txt","DUPES/out_yolo_ball_track_bytex_conf015_labels_022__SHOT__t3028.10-t3059.70_521.txt","42","duplicate_exact"
"move","out/yolo/ball_track_cpu_hiRes/labels/022__SHOT__t3028.10-t3059.70_521.txt","DUPES/out_yolo_ball_track_cpu_hiRes_labels_022__SHOT__t3028.10-t3059.70_521.txt","42","duplicate_exact"
"move","out/yolo/ball_track_bytex_ball/labels/022__SHOT__t3028.10-t3059.70_522.txt","DUPES/out_yolo_ball_track_bytex_ball_labels_022__SHOT__t3028.10-t3059.70_522.txt","43","duplicate_exact"
"move","out/yolo/ball_track_bytex_conf015/labels/022__SHOT__t3028.10-t3059.70_522.txt","DUPES/out_yolo_ball_track_bytex_conf015_labels_022__SHOT__t3028.10-t3059.70_522.txt","43","duplicate_exact"
"move","out/yolo/ball_track_cpu_hiRes/labels/022__SHOT__t3028.10-t3059.70_522.txt","DUPES/out_yolo_ball_track_cpu_hiRes_labels_022__SHOT__t3028.10-t3059.70_522.txt","43","duplicate_exact"
"move","out/yolo/ball_track_bytex_ball/labels/022__SHOT__t3028.10-t3059.70_524.txt","DUPES/out_yolo_ball_track_bytex_ball_labels_022__SHOT__t3028.10-t3059.70_524.txt","43","duplicate_exact"
"move","out/yolo/ball_track_bytex_ball_recall_tight/labels/022__SHOT__t3028.10-t3059.70_524.txt","DUPES/out_yolo_ball_track_bytex_ball_recall_tight_labels_022__SHOT__t3028.10-t3059.70_524.txt","43","duplicate_exact"
"move","out/yolo/ball_track_bytex_conf015/labels/022__SHOT__t3028.10-t3059.70_524.txt","DUPES/out_yolo_ball_track_bytex_conf015_labels_022__SHOT__t3028.10-t3059.70_524.txt","43","duplicate_exact"
"move","out/yolo/ball_track_cpu_hiRes/labels/022__SHOT__t3028.10-t3059.70_524.txt","DUPES/out_yolo_ball_track_cpu_hiRes_labels_022__SHOT__t3028.10-t3059.70_524.txt","43","duplicate_exact"
"move","out/yolo/ball_track_bytex_ball/labels/022__SHOT__t3028.10-t3059.70_53.txt","DUPES/out_yolo_ball_track_bytex_ball_labels_022__SHOT__t3028.10-t3059.70_53.txt","43","duplicate_exact"
"move","out/yolo/ball_track_bytex_ball_recall_tight/labels/022__SHOT__t3028.10-t3059.70_53.txt","DUPES/out_yolo_ball_track_bytex_ball_recall_tight_labels_022__SHOT__t3028.10-t3059.70_53.txt","43","duplicate_exact"
"move","out/yolo/ball_track_bytex_conf015/labels/022__SHOT__t3028.10-t3059.70_53.txt","DUPES/out_yolo_ball_track_bytex_conf015_labels_022__SHOT__t3028.10-t3059.70_53.txt","43","duplicate_exact"
"move","out/yolo/ball_track_cpu_hiRes/labels/022__SHOT__t3028.10-t3059.70_53.txt","DUPES/out_yolo_ball_track_cpu_hiRes_labels_022__SHOT__t3028.10-t3059.70_53.txt","43","duplicate_exact"
"move","out/yolo/ball_track_bytex_ball/labels/022__SHOT__t3028.10-t3059.70_532.txt","DUPES/out_yolo_ball_track_bytex_ball_labels_022__SHOT__t3028.10-t3059.70_532.txt","43","duplicate_exact"
"move","out/yolo/ball_track_bytex_ball_recall_tight/labels/022__SHOT__t3028.10-t3059.70_532.txt","DUPES/out_yolo_ball_track_bytex_ball_recall_tight_labels_022__SHOT__t3028.10-t3059.70_532.txt","43","duplicate_exact"
"move","out/yolo/ball_track_bytex_conf015/labels/022__SHOT__t3028.10-t3059.70_532.txt","DUPES/out_yolo_ball_track_bytex_conf015_labels_022__SHOT__t3028.10-t3059.70_532.txt","43","duplicate_exact"
"move","out/yolo/ball_track_cpu_hiRes/labels/022__SHOT__t3028.10-t3059.70_532.txt","DUPES/out_yolo_ball_track_cpu_hiRes_labels_022__SHOT__t3028.10-t3059.70_532.txt","43","duplicate_exact"
"move","out/yolo/ball_track_bytex_ball/labels/022__SHOT__t3028.10-t3059.70_533.txt","DUPES/out_yolo_ball_track_bytex_ball_labels_022__SHOT__t3028.10-t3059.70_533.txt","41","duplicate_exact"
"move","out/yolo/ball_track_bytex_ball_recall_tight/labels/022__SHOT__t3028.10-t3059.70_533.txt","DUPES/out_yolo_ball_track_bytex_ball_recall_tight_labels_022__SHOT__t3028.10-t3059.70_533.txt","41","duplicate_exact"
"move","out/yolo/ball_track_bytex_conf015/labels/022__SHOT__t3028.10-t3059.70_533.txt","DUPES/out_yolo_ball_track_bytex_conf015_labels_022__SHOT__t3028.10-t3059.70_533.txt","41","duplicate_exact"
"move","out/yolo/ball_track_cpu_hiRes/labels/022__SHOT__t3028.10-t3059.70_533.txt","DUPES/out_yolo_ball_track_cpu_hiRes_labels_022__SHOT__t3028.10-t3059.70_533.txt","41","duplicate_exact"
"move","out/yolo/ball_track_bytex_ball/labels/022__SHOT__t3028.10-t3059.70_536.txt","DUPES/out_yolo_ball_track_bytex_ball_labels_022__SHOT__t3028.10-t3059.70_536.txt","43","duplicate_exact"
"move","out/yolo/ball_track_bytex_conf015/labels/022__SHOT__t3028.10-t3059.70_536.txt","DUPES/out_yolo_ball_track_bytex_conf015_labels_022__SHOT__t3028.10-t3059.70_536.txt","43","duplicate_exact"
"move","out/yolo/ball_track_cpu_hiRes/labels/022__SHOT__t3028.10-t3059.70_536.txt","DUPES/out_yolo_ball_track_cpu_hiRes_labels_022__SHOT__t3028.10-t3059.70_536.txt","43","duplicate_exact"
"move","out/yolo/ball_track_bytex_ball/labels/022__SHOT__t3028.10-t3059.70_537.txt","DUPES/out_yolo_ball_track_bytex_ball_labels_022__SHOT__t3028.10-t3059.70_537.txt","41","duplicate_exact"
"move","out/yolo/ball_track_bytex_ball_recall_tight/labels/022__SHOT__t3028.10-t3059.70_537.txt","DUPES/out_yolo_ball_track_bytex_ball_recall_tight_labels_022__SHOT__t3028.10-t3059.70_537.txt","41","duplicate_exact"
"move","out/yolo/ball_track_bytex_conf015/labels/022__SHOT__t3028.10-t3059.70_537.txt","DUPES/out_yolo_ball_track_bytex_conf015_labels_022__SHOT__t3028.10-t3059.70_537.txt","41","duplicate_exact"
"move","out/yolo/ball_track_cpu_hiRes/labels/022__SHOT__t3028.10-t3059.70_537.txt","DUPES/out_yolo_ball_track_cpu_hiRes_labels_022__SHOT__t3028.10-t3059.70_537.txt","41","duplicate_exact"
"move","out/yolo/ball_track_bytex_conf015/labels/022__SHOT__t3028.10-t3059.70_538.txt","DUPES/out_yolo_ball_track_bytex_conf015_labels_022__SHOT__t3028.10-t3059.70_538.txt","45","duplicate_exact"
"move","out/yolo/ball_track_bytex_conf015/labels/022__SHOT__t3028.10-t3059.70_539.txt","DUPES/out_yolo_ball_track_bytex_conf015_labels_022__SHOT__t3028.10-t3059.70_539.txt","45","duplicate_exact"
"move","out/yolo/ball_track_bytex_ball/labels/022__SHOT__t3028.10-t3059.70_54.txt","DUPES/out_yolo_ball_track_bytex_ball_labels_022__SHOT__t3028.10-t3059.70_54.txt","43","duplicate_exact"
"move","out/yolo/ball_track_bytex_conf015/labels/022__SHOT__t3028.10-t3059.70_54.txt","DUPES/out_yolo_ball_track_bytex_conf015_labels_022__SHOT__t3028.10-t3059.70_54.txt","43","duplicate_exact"
"move","out/yolo/ball_track_cpu_hiRes/labels/022__SHOT__t3028.10-t3059.70_54.txt","DUPES/out_yolo_ball_track_cpu_hiRes_labels_022__SHOT__t3028.10-t3059.70_54.txt","43","duplicate_exact"
"move","out/yolo/ball_track_bytex_conf015/labels/022__SHOT__t3028.10-t3059.70_540.txt","DUPES/out_yolo_ball_track_bytex_conf015_labels_022__SHOT__t3028.10-t3059.70_540.txt","46","duplicate_exact"
"move","out/yolo/ball_track_bytex_ball/labels/022__SHOT__t3028.10-t3059.70_541.txt","DUPES/out_yolo_ball_track_bytex_ball_labels_022__SHOT__t3028.10-t3059.70_541.txt","43","duplicate_exact"
"move","out/yolo/ball_track_bytex_conf015/labels/022__SHOT__t3028.10-t3059.70_541.txt","DUPES/out_yolo_ball_track_bytex_conf015_labels_022__SHOT__t3028.10-t3059.70_541.txt","43","duplicate_exact"
"move","out/yolo/ball_track_cpu_hiRes/labels/022__SHOT__t3028.10-t3059.70_541.txt","DUPES/out_yolo_ball_track_cpu_hiRes_labels_022__SHOT__t3028.10-t3059.70_541.txt","43","duplicate_exact"
"move","out/yolo/ball_track_bytex_ball/labels/022__SHOT__t3028.10-t3059.70_545.txt","DUPES/out_yolo_ball_track_bytex_ball_labels_022__SHOT__t3028.10-t3059.70_545.txt","43","duplicate_exact"
"move","out/yolo/ball_track_bytex_ball_recall_tight/labels/022__SHOT__t3028.10-t3059.70_545.txt","DUPES/out_yolo_ball_track_bytex_ball_recall_tight_labels_022__SHOT__t3028.10-t3059.70_545.txt","43","duplicate_exact"
"move","out/yolo/ball_track_bytex_conf015/labels/022__SHOT__t3028.10-t3059.70_545.txt","DUPES/out_yolo_ball_track_bytex_conf015_labels_022__SHOT__t3028.10-t3059.70_545.txt","43","duplicate_exact"
"move","out/yolo/ball_track_cpu_hiRes/labels/022__SHOT__t3028.10-t3059.70_545.txt","DUPES/out_yolo_ball_track_cpu_hiRes_labels_022__SHOT__t3028.10-t3059.70_545.txt","43","duplicate_exact"
"move","out/yolo/ball_track_bytex_ball/labels/022__SHOT__t3028.10-t3059.70_546.txt","DUPES/out_yolo_ball_track_bytex_ball_labels_022__SHOT__t3028.10-t3059.70_546.txt","42","duplicate_exact"
"move","out/yolo/ball_track_bytex_conf015/labels/022__SHOT__t3028.10-t3059.70_546.txt","DUPES/out_yolo_ball_track_bytex_conf015_labels_022__SHOT__t3028.10-t3059.70_546.txt","42","duplicate_exact"
"move","out/yolo/ball_track_cpu_hiRes/labels/022__SHOT__t3028.10-t3059.70_546.txt","DUPES/out_yolo_ball_track_cpu_hiRes_labels_022__SHOT__t3028.10-t3059.70_546.txt","42","duplicate_exact"
"move","out/yolo/ball_track_bytex_ball/labels/022__SHOT__t3028.10-t3059.70_548.txt","DUPES/out_yolo_ball_track_bytex_ball_labels_022__SHOT__t3028.10-t3059.70_548.txt","43","duplicate_exact"
"move","out/yolo/ball_track_bytex_conf015/labels/022__SHOT__t3028.10-t3059.70_548.txt","DUPES/out_yolo_ball_track_bytex_conf015_labels_022__SHOT__t3028.10-t3059.70_548.txt","43","duplicate_exact"
"move","out/yolo/ball_track_cpu_hiRes/labels/022__SHOT__t3028.10-t3059.70_548.txt","DUPES/out_yolo_ball_track_cpu_hiRes_labels_022__SHOT__t3028.10-t3059.70_548.txt","43","duplicate_exact"
"move","out/yolo/ball_track_bytex_ball/labels/022__SHOT__t3028.10-t3059.70_549.txt","DUPES/out_yolo_ball_track_bytex_ball_labels_022__SHOT__t3028.10-t3059.70_549.txt","42","duplicate_exact"
"move","out/yolo/ball_track_bytex_ball_recall_tight/labels/022__SHOT__t3028.10-t3059.70_549.txt","DUPES/out_yolo_ball_track_bytex_ball_recall_tight_labels_022__SHOT__t3028.10-t3059.70_549.txt","42","duplicate_exact"
"move","out/yolo/ball_track_bytex_conf015/labels/022__SHOT__t3028.10-t3059.70_549.txt","DUPES/out_yolo_ball_track_bytex_conf015_labels_022__SHOT__t3028.10-t3059.70_549.txt","42","duplicate_exact"
"move","out/yolo/ball_track_cpu_hiRes/labels/022__SHOT__t3028.10-t3059.70_549.txt","DUPES/out_yolo_ball_track_cpu_hiRes_labels_022__SHOT__t3028.10-t3059.70_549.txt","42","duplicate_exact"
"move","out/yolo/ball_track_bytex_ball/labels/022__SHOT__t3028.10-t3059.70_55.txt","DUPES/out_yolo_ball_track_bytex_ball_labels_022__SHOT__t3028.10-t3059.70_55.txt","40","duplicate_exact"
"move","out/yolo/ball_track_bytex_ball_recall_tight/labels/022__SHOT__t3028.10-t3059.70_55.txt","DUPES/out_yolo_ball_track_bytex_ball_recall_tight_labels_022__SHOT__t3028.10-t3059.70_55.txt","40","duplicate_exact"
"move","out/yolo/ball_track_bytex_conf015/labels/022__SHOT__t3028.10-t3059.70_55.txt","DUPES/out_yolo_ball_track_bytex_conf015_labels_022__SHOT__t3028.10-t3059.70_55.txt","40","duplicate_exact"
"move","out/yolo/ball_track_cpu_hiRes/labels/022__SHOT__t3028.10-t3059.70_55.txt","DUPES/out_yolo_ball_track_cpu_hiRes_labels_022__SHOT__t3028.10-t3059.70_55.txt","40","duplicate_exact"
"move","out/yolo/ball_track_bytex_ball/labels/022__SHOT__t3028.10-t3059.70_553.txt","DUPES/out_yolo_ball_track_bytex_ball_labels_022__SHOT__t3028.10-t3059.70_553.txt","41","duplicate_exact"
"move","out/yolo/ball_track_bytex_ball_recall_tight/labels/022__SHOT__t3028.10-t3059.70_553.txt","DUPES/out_yolo_ball_track_bytex_ball_recall_tight_labels_022__SHOT__t3028.10-t3059.70_553.txt","41","duplicate_exact"
"move","out/yolo/ball_track_bytex_conf015/labels/022__SHOT__t3028.10-t3059.70_553.txt","DUPES/out_yolo_ball_track_bytex_conf015_labels_022__SHOT__t3028.10-t3059.70_553.txt","41","duplicate_exact"
"move","out/yolo/ball_track_cpu_hiRes/labels/022__SHOT__t3028.10-t3059.70_553.txt","DUPES/out_yolo_ball_track_cpu_hiRes_labels_022__SHOT__t3028.10-t3059.70_553.txt","41","duplicate_exact"
"move","out/yolo/ball_track_bytex_ball/labels/022__SHOT__t3028.10-t3059.70_554.txt","DUPES/out_yolo_ball_track_bytex_ball_labels_022__SHOT__t3028.10-t3059.70_554.txt","43","duplicate_exact"
"move","out/yolo/ball_track_bytex_ball_recall_tight/labels/022__SHOT__t3028.10-t3059.70_554.txt","DUPES/out_yolo_ball_track_bytex_ball_recall_tight_labels_022__SHOT__t3028.10-t3059.70_554.txt","43","duplicate_exact"
"move","out/yolo/ball_track_bytex_conf015/labels/022__SHOT__t3028.10-t3059.70_554.txt","DUPES/out_yolo_ball_track_bytex_conf015_labels_022__SHOT__t3028.10-t3059.70_554.txt","43","duplicate_exact"
"move","out/yolo/ball_track_cpu_hiRes/labels/022__SHOT__t3028.10-t3059.70_554.txt","DUPES/out_yolo_ball_track_cpu_hiRes_labels_022__SHOT__t3028.10-t3059.70_554.txt","43","duplicate_exact"
"move","out/yolo/ball_track_bytex_ball/labels/022__SHOT__t3028.10-t3059.70_555.txt","DUPES/out_yolo_ball_track_bytex_ball_labels_022__SHOT__t3028.10-t3059.70_555.txt","43","duplicate_exact"
"move","out/yolo/ball_track_bytex_ball_recall_tight/labels/022__SHOT__t3028.10-t3059.70_555.txt","DUPES/out_yolo_ball_track_bytex_ball_recall_tight_labels_022__SHOT__t3028.10-t3059.70_555.txt","43","duplicate_exact"
"move","out/yolo/ball_track_bytex_conf015/labels/022__SHOT__t3028.10-t3059.70_555.txt","DUPES/out_yolo_ball_track_bytex_conf015_labels_022__SHOT__t3028.10-t3059.70_555.txt","43","duplicate_exact"
"move","out/yolo/ball_track_cpu_hiRes/labels/022__SHOT__t3028.10-t3059.70_555.txt","DUPES/out_yolo_ball_track_cpu_hiRes_labels_022__SHOT__t3028.10-t3059.70_555.txt","43","duplicate_exact"
"move","out/yolo/ball_track_bytex_ball/labels/022__SHOT__t3028.10-t3059.70_556.txt","DUPES/out_yolo_ball_track_bytex_ball_labels_022__SHOT__t3028.10-t3059.70_556.txt","42","duplicate_exact"
"move","out/yolo/ball_track_bytex_ball_recall_tight/labels/022__SHOT__t3028.10-t3059.70_556.txt","DUPES/out_yolo_ball_track_bytex_ball_recall_tight_labels_022__SHOT__t3028.10-t3059.70_556.txt","42","duplicate_exact"
"move","out/yolo/ball_track_bytex_conf015/labels/022__SHOT__t3028.10-t3059.70_556.txt","DUPES/out_yolo_ball_track_bytex_conf015_labels_022__SHOT__t3028.10-t3059.70_556.txt","42","duplicate_exact"
"move","out/yolo/ball_track_cpu_hiRes/labels/022__SHOT__t3028.10-t3059.70_556.txt","DUPES/out_yolo_ball_track_cpu_hiRes_labels_022__SHOT__t3028.10-t3059.70_556.txt","42","duplicate_exact"
"move","out/yolo/ball_track_bytex_ball/labels/022__SHOT__t3028.10-t3059.70_557.txt","DUPES/out_yolo_ball_track_bytex_ball_labels_022__SHOT__t3028.10-t3059.70_557.txt","43","duplicate_exact"
"move","out/yolo/ball_track_bytex_ball_recall_tight/labels/022__SHOT__t3028.10-t3059.70_557.txt","DUPES/out_yolo_ball_track_bytex_ball_recall_tight_labels_022__SHOT__t3028.10-t3059.70_557.txt","43","duplicate_exact"
"move","out/yolo/ball_track_bytex_conf015/labels/022__SHOT__t3028.10-t3059.70_557.txt","DUPES/out_yolo_ball_track_bytex_conf015_labels_022__SHOT__t3028.10-t3059.70_557.txt","43","duplicate_exact"
"move","out/yolo/ball_track_cpu_hiRes/labels/022__SHOT__t3028.10-t3059.70_557.txt","DUPES/out_yolo_ball_track_cpu_hiRes_labels_022__SHOT__t3028.10-t3059.70_557.txt","43","duplicate_exact"
"move","out/yolo/ball_track_bytex_ball/labels/022__SHOT__t3028.10-t3059.70_558.txt","DUPES/out_yolo_ball_track_bytex_ball_labels_022__SHOT__t3028.10-t3059.70_558.txt","43","duplicate_exact"
"move","out/yolo/ball_track_bytex_ball_recall_tight/labels/022__SHOT__t3028.10-t3059.70_558.txt","DUPES/out_yolo_ball_track_bytex_ball_recall_tight_labels_022__SHOT__t3028.10-t3059.70_558.txt","43","duplicate_exact"
"move","out/yolo/ball_track_bytex_conf015/labels/022__SHOT__t3028.10-t3059.70_558.txt","DUPES/out_yolo_ball_track_bytex_conf015_labels_022__SHOT__t3028.10-t3059.70_558.txt","43","duplicate_exact"
"move","out/yolo/ball_track_cpu_hiRes/labels/022__SHOT__t3028.10-t3059.70_558.txt","DUPES/out_yolo_ball_track_cpu_hiRes_labels_022__SHOT__t3028.10-t3059.70_558.txt","43","duplicate_exact"
"move","out/yolo/ball_track_bytex_ball/labels/022__SHOT__t3028.10-t3059.70_559.txt","DUPES/out_yolo_ball_track_bytex_ball_labels_022__SHOT__t3028.10-t3059.70_559.txt","43","duplicate_exact"
"move","out/yolo/ball_track_bytex_ball_recall_tight/labels/022__SHOT__t3028.10-t3059.70_559.txt","DUPES/out_yolo_ball_track_bytex_ball_recall_tight_labels_022__SHOT__t3028.10-t3059.70_559.txt","43","duplicate_exact"
"move","out/yolo/ball_track_bytex_conf015/labels/022__SHOT__t3028.10-t3059.70_559.txt","DUPES/out_yolo_ball_track_bytex_conf015_labels_022__SHOT__t3028.10-t3059.70_559.txt","43","duplicate_exact"
"move","out/yolo/ball_track_cpu_hiRes/labels/022__SHOT__t3028.10-t3059.70_559.txt","DUPES/out_yolo_ball_track_cpu_hiRes_labels_022__SHOT__t3028.10-t3059.70_559.txt","43","duplicate_exact"
"move","out/yolo/ball_track_bytex_ball/labels/022__SHOT__t3028.10-t3059.70_560.txt","DUPES/out_yolo_ball_track_bytex_ball_labels_022__SHOT__t3028.10-t3059.70_560.txt","43","duplicate_exact"
"move","out/yolo/ball_track_bytex_ball_recall_tight/labels/022__SHOT__t3028.10-t3059.70_560.txt","DUPES/out_yolo_ball_track_bytex_ball_recall_tight_labels_022__SHOT__t3028.10-t3059.70_560.txt","43","duplicate_exact"
"move","out/yolo/ball_track_bytex_conf015/labels/022__SHOT__t3028.10-t3059.70_560.txt","DUPES/out_yolo_ball_track_bytex_conf015_labels_022__SHOT__t3028.10-t3059.70_560.txt","43","duplicate_exact"
"move","out/yolo/ball_track_cpu_hiRes/labels/022__SHOT__t3028.10-t3059.70_560.txt","DUPES/out_yolo_ball_track_cpu_hiRes_labels_022__SHOT__t3028.10-t3059.70_560.txt","43","duplicate_exact"
"move","out/yolo/ball_track_bytex_ball/labels/022__SHOT__t3028.10-t3059.70_561.txt","DUPES/out_yolo_ball_track_bytex_ball_labels_022__SHOT__t3028.10-t3059.70_561.txt","43","duplicate_exact"
"move","out/yolo/ball_track_bytex_ball_recall_tight/labels/022__SHOT__t3028.10-t3059.70_561.txt","DUPES/out_yolo_ball_track_bytex_ball_recall_tight_labels_022__SHOT__t3028.10-t3059.70_561.txt","43","duplicate_exact"
"move","out/yolo/ball_track_bytex_conf015/labels/022__SHOT__t3028.10-t3059.70_561.txt","DUPES/out_yolo_ball_track_bytex_conf015_labels_022__SHOT__t3028.10-t3059.70_561.txt","43","duplicate_exact"
"move","out/yolo/ball_track_cpu_hiRes/labels/022__SHOT__t3028.10-t3059.70_561.txt","DUPES/out_yolo_ball_track_cpu_hiRes_labels_022__SHOT__t3028.10-t3059.70_561.txt","43","duplicate_exact"
"move","out/yolo/ball_track_bytex_ball/labels/022__SHOT__t3028.10-t3059.70_562.txt","DUPES/out_yolo_ball_track_bytex_ball_labels_022__SHOT__t3028.10-t3059.70_562.txt","43","duplicate_exact"
"move","out/yolo/ball_track_bytex_ball_recall_tight/labels/022__SHOT__t3028.10-t3059.70_562.txt","DUPES/out_yolo_ball_track_bytex_ball_recall_tight_labels_022__SHOT__t3028.10-t3059.70_562.txt","43","duplicate_exact"
"move","out/yolo/ball_track_bytex_conf015/labels/022__SHOT__t3028.10-t3059.70_562.txt","DUPES/out_yolo_ball_track_bytex_conf015_labels_022__SHOT__t3028.10-t3059.70_562.txt","43","duplicate_exact"
"move","out/yolo/ball_track_cpu_hiRes/labels/022__SHOT__t3028.10-t3059.70_562.txt","DUPES/out_yolo_ball_track_cpu_hiRes_labels_022__SHOT__t3028.10-t3059.70_562.txt","43","duplicate_exact"
"move","out/yolo/ball_track_bytex_ball/labels/022__SHOT__t3028.10-t3059.70_563.txt","DUPES/out_yolo_ball_track_bytex_ball_labels_022__SHOT__t3028.10-t3059.70_563.txt","41","duplicate_exact"
"move","out/yolo/ball_track_bytex_ball_recall_tight/labels/022__SHOT__t3028.10-t3059.70_563.txt","DUPES/out_yolo_ball_track_bytex_ball_recall_tight_labels_022__SHOT__t3028.10-t3059.70_563.txt","41","duplicate_exact"
"move","out/yolo/ball_track_bytex_conf015/labels/022__SHOT__t3028.10-t3059.70_563.txt","DUPES/out_yolo_ball_track_bytex_conf015_labels_022__SHOT__t3028.10-t3059.70_563.txt","41","duplicate_exact"
"move","out/yolo/ball_track_cpu_hiRes/labels/022__SHOT__t3028.10-t3059.70_563.txt","DUPES/out_yolo_ball_track_cpu_hiRes_labels_022__SHOT__t3028.10-t3059.70_563.txt","41","duplicate_exact"
"move","out/yolo/ball_track_bytex_ball/labels/022__SHOT__t3028.10-t3059.70_564.txt","DUPES/out_yolo_ball_track_bytex_ball_labels_022__SHOT__t3028.10-t3059.70_564.txt","43","duplicate_exact"
"move","out/yolo/ball_track_bytex_ball_recall_tight/labels/022__SHOT__t3028.10-t3059.70_564.txt","DUPES/out_yolo_ball_track_bytex_ball_recall_tight_labels_022__SHOT__t3028.10-t3059.70_564.txt","43","duplicate_exact"
"move","out/yolo/ball_track_bytex_conf015/labels/022__SHOT__t3028.10-t3059.70_564.txt","DUPES/out_yolo_ball_track_bytex_conf015_labels_022__SHOT__t3028.10-t3059.70_564.txt","43","duplicate_exact"
"move","out/yolo/ball_track_cpu_hiRes/labels/022__SHOT__t3028.10-t3059.70_564.txt","DUPES/out_yolo_ball_track_cpu_hiRes_labels_022__SHOT__t3028.10-t3059.70_564.txt","43","duplicate_exact"
"move","out/yolo/ball_track_bytex_ball/labels/022__SHOT__t3028.10-t3059.70_565.txt","DUPES/out_yolo_ball_track_bytex_ball_labels_022__SHOT__t3028.10-t3059.70_565.txt","41","duplicate_exact"
"move","out/yolo/ball_track_bytex_ball_recall_tight/labels/022__SHOT__t3028.10-t3059.70_565.txt","DUPES/out_yolo_ball_track_bytex_ball_recall_tight_labels_022__SHOT__t3028.10-t3059.70_565.txt","41","duplicate_exact"
"move","out/yolo/ball_track_bytex_conf015/labels/022__SHOT__t3028.10-t3059.70_565.txt","DUPES/out_yolo_ball_track_bytex_conf015_labels_022__SHOT__t3028.10-t3059.70_565.txt","41","duplicate_exact"
"move","out/yolo/ball_track_cpu_hiRes/labels/022__SHOT__t3028.10-t3059.70_565.txt","DUPES/out_yolo_ball_track_cpu_hiRes_labels_022__SHOT__t3028.10-t3059.70_565.txt","41","duplicate_exact"
"move","out/yolo/ball_track_bytex_ball/labels/022__SHOT__t3028.10-t3059.70_566.txt","DUPES/out_yolo_ball_track_bytex_ball_labels_022__SHOT__t3028.10-t3059.70_566.txt","40","duplicate_exact"
"move","out/yolo/ball_track_bytex_ball_recall_tight/labels/022__SHOT__t3028.10-t3059.70_566.txt","DUPES/out_yolo_ball_track_bytex_ball_recall_tight_labels_022__SHOT__t3028.10-t3059.70_566.txt","40","duplicate_exact"
"move","out/yolo/ball_track_bytex_conf015/labels/022__SHOT__t3028.10-t3059.70_566.txt","DUPES/out_yolo_ball_track_bytex_conf015_labels_022__SHOT__t3028.10-t3059.70_566.txt","40","duplicate_exact"
"move","out/yolo/ball_track_cpu_hiRes/labels/022__SHOT__t3028.10-t3059.70_566.txt","DUPES/out_yolo_ball_track_cpu_hiRes_labels_022__SHOT__t3028.10-t3059.70_566.txt","40","duplicate_exact"
"move","out/yolo/ball_track_bytex_ball/labels/022__SHOT__t3028.10-t3059.70_567.txt","DUPES/out_yolo_ball_track_bytex_ball_labels_022__SHOT__t3028.10-t3059.70_567.txt","43","duplicate_exact"
"move","out/yolo/ball_track_bytex_ball_recall_tight/labels/022__SHOT__t3028.10-t3059.70_567.txt","DUPES/out_yolo_ball_track_bytex_ball_recall_tight_labels_022__SHOT__t3028.10-t3059.70_567.txt","43","duplicate_exact"
"move","out/yolo/ball_track_bytex_conf015/labels/022__SHOT__t3028.10-t3059.70_567.txt","DUPES/out_yolo_ball_track_bytex_conf015_labels_022__SHOT__t3028.10-t3059.70_567.txt","43","duplicate_exact"
"move","out/yolo/ball_track_cpu_hiRes/labels/022__SHOT__t3028.10-t3059.70_567.txt","DUPES/out_yolo_ball_track_cpu_hiRes_labels_022__SHOT__t3028.10-t3059.70_567.txt","43","duplicate_exact"
"move","out/yolo/ball_track_bytex_ball/labels/022__SHOT__t3028.10-t3059.70_568.txt","DUPES/out_yolo_ball_track_bytex_ball_labels_022__SHOT__t3028.10-t3059.70_568.txt","39","duplicate_exact"
"move","out/yolo/ball_track_bytex_ball_recall_tight/labels/022__SHOT__t3028.10-t3059.70_568.txt","DUPES/out_yolo_ball_track_bytex_ball_recall_tight_labels_022__SHOT__t3028.10-t3059.70_568.txt","39","duplicate_exact"
"move","out/yolo/ball_track_bytex_conf015/labels/022__SHOT__t3028.10-t3059.70_568.txt","DUPES/out_yolo_ball_track_bytex_conf015_labels_022__SHOT__t3028.10-t3059.70_568.txt","39","duplicate_exact"
"move","out/yolo/ball_track_cpu_hiRes/labels/022__SHOT__t3028.10-t3059.70_568.txt","DUPES/out_yolo_ball_track_cpu_hiRes_labels_022__SHOT__t3028.10-t3059.70_568.txt","39","duplicate_exact"
"move","out/yolo/ball_track_bytex_ball/labels/022__SHOT__t3028.10-t3059.70_569.txt","DUPES/out_yolo_ball_track_bytex_ball_labels_022__SHOT__t3028.10-t3059.70_569.txt","43","duplicate_exact"
"move","out/yolo/ball_track_bytex_ball_recall_tight/labels/022__SHOT__t3028.10-t3059.70_569.txt","DUPES/out_yolo_ball_track_bytex_ball_recall_tight_labels_022__SHOT__t3028.10-t3059.70_569.txt","43","duplicate_exact"
"move","out/yolo/ball_track_bytex_conf015/labels/022__SHOT__t3028.10-t3059.70_569.txt","DUPES/out_yolo_ball_track_bytex_conf015_labels_022__SHOT__t3028.10-t3059.70_569.txt","43","duplicate_exact"
"move","out/yolo/ball_track_cpu_hiRes/labels/022__SHOT__t3028.10-t3059.70_569.txt","DUPES/out_yolo_ball_track_cpu_hiRes_labels_022__SHOT__t3028.10-t3059.70_569.txt","43","duplicate_exact"
"move","out/yolo/ball_track_bytex_conf015/labels/022__SHOT__t3028.10-t3059.70_570.txt","DUPES/out_yolo_ball_track_bytex_conf015_labels_022__SHOT__t3028.10-t3059.70_570.txt","85","duplicate_exact"
"move","out/yolo/ball_track_bytex_ball/labels/022__SHOT__t3028.10-t3059.70_571.txt","DUPES/out_yolo_ball_track_bytex_ball_labels_022__SHOT__t3028.10-t3059.70_571.txt","43","duplicate_exact"
"move","out/yolo/ball_track_bytex_ball_recall_tight/labels/022__SHOT__t3028.10-t3059.70_571.txt","DUPES/out_yolo_ball_track_bytex_ball_recall_tight_labels_022__SHOT__t3028.10-t3059.70_571.txt","43","duplicate_exact"
"move","out/yolo/ball_track_bytex_conf015/labels/022__SHOT__t3028.10-t3059.70_571.txt","DUPES/out_yolo_ball_track_bytex_conf015_labels_022__SHOT__t3028.10-t3059.70_571.txt","43","duplicate_exact"
"move","out/yolo/ball_track_cpu_hiRes/labels/022__SHOT__t3028.10-t3059.70_571.txt","DUPES/out_yolo_ball_track_cpu_hiRes_labels_022__SHOT__t3028.10-t3059.70_571.txt","43","duplicate_exact"
"move","out/yolo/ball_track_bytex_ball/labels/022__SHOT__t3028.10-t3059.70_572.txt","DUPES/out_yolo_ball_track_bytex_ball_labels_022__SHOT__t3028.10-t3059.70_572.txt","42","duplicate_exact"
"move","out/yolo/ball_track_bytex_ball_recall_tight/labels/022__SHOT__t3028.10-t3059.70_572.txt","DUPES/out_yolo_ball_track_bytex_ball_recall_tight_labels_022__SHOT__t3028.10-t3059.70_572.txt","42","duplicate_exact"
"move","out/yolo/ball_track_bytex_conf015/labels/022__SHOT__t3028.10-t3059.70_572.txt","DUPES/out_yolo_ball_track_bytex_conf015_labels_022__SHOT__t3028.10-t3059.70_572.txt","42","duplicate_exact"
"move","out/yolo/ball_track_cpu_hiRes/labels/022__SHOT__t3028.10-t3059.70_572.txt","DUPES/out_yolo_ball_track_cpu_hiRes_labels_022__SHOT__t3028.10-t3059.70_572.txt","42","duplicate_exact"
"move","out/yolo/ball_track_bytex_ball/labels/022__SHOT__t3028.10-t3059.70_573.txt","DUPES/out_yolo_ball_track_bytex_ball_labels_022__SHOT__t3028.10-t3059.70_573.txt","43","duplicate_exact"
"move","out/yolo/ball_track_bytex_ball_recall_tight/labels/022__SHOT__t3028.10-t3059.70_573.txt","DUPES/out_yolo_ball_track_bytex_ball_recall_tight_labels_022__SHOT__t3028.10-t3059.70_573.txt","43","duplicate_exact"
"move","out/yolo/ball_track_bytex_conf015/labels/022__SHOT__t3028.10-t3059.70_573.txt","DUPES/out_yolo_ball_track_bytex_conf015_labels_022__SHOT__t3028.10-t3059.70_573.txt","43","duplicate_exact"
"move","out/yolo/ball_track_cpu_hiRes/labels/022__SHOT__t3028.10-t3059.70_573.txt","DUPES/out_yolo_ball_track_cpu_hiRes_labels_022__SHOT__t3028.10-t3059.70_573.txt","43","duplicate_exact"
"move","out/yolo/ball_track_bytex_ball/labels/022__SHOT__t3028.10-t3059.70_574.txt","DUPES/out_yolo_ball_track_bytex_ball_labels_022__SHOT__t3028.10-t3059.70_574.txt","43","duplicate_exact"
"move","out/yolo/ball_track_bytex_ball_recall_tight/labels/022__SHOT__t3028.10-t3059.70_574.txt","DUPES/out_yolo_ball_track_bytex_ball_recall_tight_labels_022__SHOT__t3028.10-t3059.70_574.txt","43","duplicate_exact"
"move","out/yolo/ball_track_bytex_conf015/labels/022__SHOT__t3028.10-t3059.70_574.txt","DUPES/out_yolo_ball_track_bytex_conf015_labels_022__SHOT__t3028.10-t3059.70_574.txt","43","duplicate_exact"
"move","out/yolo/ball_track_cpu_hiRes/labels/022__SHOT__t3028.10-t3059.70_574.txt","DUPES/out_yolo_ball_track_cpu_hiRes_labels_022__SHOT__t3028.10-t3059.70_574.txt","43","duplicate_exact"
"move","out/yolo/ball_track_bytex_ball/labels/022__SHOT__t3028.10-t3059.70_575.txt","DUPES/out_yolo_ball_track_bytex_ball_labels_022__SHOT__t3028.10-t3059.70_575.txt","43","duplicate_exact"
"move","out/yolo/ball_track_bytex_ball_recall_tight/labels/022__SHOT__t3028.10-t3059.70_575.txt","DUPES/out_yolo_ball_track_bytex_ball_recall_tight_labels_022__SHOT__t3028.10-t3059.70_575.txt","43","duplicate_exact"
"move","out/yolo/ball_track_bytex_conf015/labels/022__SHOT__t3028.10-t3059.70_575.txt","DUPES/out_yolo_ball_track_bytex_conf015_labels_022__SHOT__t3028.10-t3059.70_575.txt","43","duplicate_exact"
"move","out/yolo/ball_track_cpu_hiRes/labels/022__SHOT__t3028.10-t3059.70_575.txt","DUPES/out_yolo_ball_track_cpu_hiRes_labels_022__SHOT__t3028.10-t3059.70_575.txt","43","duplicate_exact"
"move","out/yolo/ball_track_bytex_ball/labels/022__SHOT__t3028.10-t3059.70_576.txt","DUPES/out_yolo_ball_track_bytex_ball_labels_022__SHOT__t3028.10-t3059.70_576.txt","41","duplicate_exact"
"move","out/yolo/ball_track_bytex_ball_recall_tight/labels/022__SHOT__t3028.10-t3059.70_576.txt","DUPES/out_yolo_ball_track_bytex_ball_recall_tight_labels_022__SHOT__t3028.10-t3059.70_576.txt","41","duplicate_exact"
"move","out/yolo/ball_track_bytex_conf015/labels/022__SHOT__t3028.10-t3059.70_576.txt","DUPES/out_yolo_ball_track_bytex_conf015_labels_022__SHOT__t3028.10-t3059.70_576.txt","41","duplicate_exact"
"move","out/yolo/ball_track_cpu_hiRes/labels/022__SHOT__t3028.10-t3059.70_576.txt","DUPES/out_yolo_ball_track_cpu_hiRes_labels_022__SHOT__t3028.10-t3059.70_576.txt","41","duplicate_exact"
"move","out/yolo/ball_track_bytex_ball/labels/022__SHOT__t3028.10-t3059.70_577.txt","DUPES/out_yolo_ball_track_bytex_ball_labels_022__SHOT__t3028.10-t3059.70_577.txt","43","duplicate_exact"
"move","out/yolo/ball_track_bytex_ball_recall_tight/labels/022__SHOT__t3028.10-t3059.70_577.txt","DUPES/out_yolo_ball_track_bytex_ball_recall_tight_labels_022__SHOT__t3028.10-t3059.70_577.txt","43","duplicate_exact"
"move","out/yolo/ball_track_bytex_conf015/labels/022__SHOT__t3028.10-t3059.70_577.txt","DUPES/out_yolo_ball_track_bytex_conf015_labels_022__SHOT__t3028.10-t3059.70_577.txt","43","duplicate_exact"
"move","out/yolo/ball_track_cpu_hiRes/labels/022__SHOT__t3028.10-t3059.70_577.txt","DUPES/out_yolo_ball_track_cpu_hiRes_labels_022__SHOT__t3028.10-t3059.70_577.txt","43","duplicate_exact"
"move","out/yolo/ball_track_bytex_ball/labels/022__SHOT__t3028.10-t3059.70_578.txt","DUPES/out_yolo_ball_track_bytex_ball_labels_022__SHOT__t3028.10-t3059.70_578.txt","43","duplicate_exact"
"move","out/yolo/ball_track_bytex_ball_recall_tight/labels/022__SHOT__t3028.10-t3059.70_578.txt","DUPES/out_yolo_ball_track_bytex_ball_recall_tight_labels_022__SHOT__t3028.10-t3059.70_578.txt","43","duplicate_exact"
"move","out/yolo/ball_track_bytex_conf015/labels/022__SHOT__t3028.10-t3059.70_578.txt","DUPES/out_yolo_ball_track_bytex_conf015_labels_022__SHOT__t3028.10-t3059.70_578.txt","43","duplicate_exact"
"move","out/yolo/ball_track_cpu_hiRes/labels/022__SHOT__t3028.10-t3059.70_578.txt","DUPES/out_yolo_ball_track_cpu_hiRes_labels_022__SHOT__t3028.10-t3059.70_578.txt","43","duplicate_exact"
"move","out/yolo/ball_track_bytex_ball/labels/022__SHOT__t3028.10-t3059.70_579.txt","DUPES/out_yolo_ball_track_bytex_ball_labels_022__SHOT__t3028.10-t3059.70_579.txt","42","duplicate_exact"
"move","out/yolo/ball_track_bytex_ball_recall_tight/labels/022__SHOT__t3028.10-t3059.70_579.txt","DUPES/out_yolo_ball_track_bytex_ball_recall_tight_labels_022__SHOT__t3028.10-t3059.70_579.txt","42","duplicate_exact"
"move","out/yolo/ball_track_bytex_conf015/labels/022__SHOT__t3028.10-t3059.70_579.txt","DUPES/out_yolo_ball_track_bytex_conf015_labels_022__SHOT__t3028.10-t3059.70_579.txt","42","duplicate_exact"
"move","out/yolo/ball_track_cpu_hiRes/labels/022__SHOT__t3028.10-t3059.70_579.txt","DUPES/out_yolo_ball_track_cpu_hiRes_labels_022__SHOT__t3028.10-t3059.70_579.txt","42","duplicate_exact"
"move","out/yolo/ball_track_bytex_ball/labels/022__SHOT__t3028.10-t3059.70_580.txt","DUPES/out_yolo_ball_track_bytex_ball_labels_022__SHOT__t3028.10-t3059.70_580.txt","42","duplicate_exact"
"move","out/yolo/ball_track_bytex_ball_recall_tight/labels/022__SHOT__t3028.10-t3059.70_580.txt","DUPES/out_yolo_ball_track_bytex_ball_recall_tight_labels_022__SHOT__t3028.10-t3059.70_580.txt","42","duplicate_exact"
"move","out/yolo/ball_track_bytex_conf015/labels/022__SHOT__t3028.10-t3059.70_580.txt","DUPES/out_yolo_ball_track_bytex_conf015_labels_022__SHOT__t3028.10-t3059.70_580.txt","42","duplicate_exact"
"move","out/yolo/ball_track_cpu_hiRes/labels/022__SHOT__t3028.10-t3059.70_580.txt","DUPES/out_yolo_ball_track_cpu_hiRes_labels_022__SHOT__t3028.10-t3059.70_580.txt","42","duplicate_exact"
"move","out/yolo/ball_track_bytex_ball/labels/022__SHOT__t3028.10-t3059.70_581.txt","DUPES/out_yolo_ball_track_bytex_ball_labels_022__SHOT__t3028.10-t3059.70_581.txt","43","duplicate_exact"
"move","out/yolo/ball_track_bytex_ball_recall_tight/labels/022__SHOT__t3028.10-t3059.70_581.txt","DUPES/out_yolo_ball_track_bytex_ball_recall_tight_labels_022__SHOT__t3028.10-t3059.70_581.txt","43","duplicate_exact"
"move","out/yolo/ball_track_bytex_conf015/labels/022__SHOT__t3028.10-t3059.70_581.txt","DUPES/out_yolo_ball_track_bytex_conf015_labels_022__SHOT__t3028.10-t3059.70_581.txt","43","duplicate_exact"
"move","out/yolo/ball_track_cpu_hiRes/labels/022__SHOT__t3028.10-t3059.70_581.txt","DUPES/out_yolo_ball_track_cpu_hiRes_labels_022__SHOT__t3028.10-t3059.70_581.txt","43","duplicate_exact"
"move","out/yolo/ball_track_bytex_conf015/labels/022__SHOT__t3028.10-t3059.70_582.txt","DUPES/out_yolo_ball_track_bytex_conf015_labels_022__SHOT__t3028.10-t3059.70_582.txt","85","duplicate_exact"
"move","out/yolo/ball_track_bytex_ball/labels/022__SHOT__t3028.10-t3059.70_583.txt","DUPES/out_yolo_ball_track_bytex_ball_labels_022__SHOT__t3028.10-t3059.70_583.txt","43","duplicate_exact"
"move","out/yolo/ball_track_bytex_ball_recall_tight/labels/022__SHOT__t3028.10-t3059.70_583.txt","DUPES/out_yolo_ball_track_bytex_ball_recall_tight_labels_022__SHOT__t3028.10-t3059.70_583.txt","43","duplicate_exact"
"move","out/yolo/ball_track_bytex_conf015/labels/022__SHOT__t3028.10-t3059.70_583.txt","DUPES/out_yolo_ball_track_bytex_conf015_labels_022__SHOT__t3028.10-t3059.70_583.txt","43","duplicate_exact"
"move","out/yolo/ball_track_cpu_hiRes/labels/022__SHOT__t3028.10-t3059.70_583.txt","DUPES/out_yolo_ball_track_cpu_hiRes_labels_022__SHOT__t3028.10-t3059.70_583.txt","43","duplicate_exact"
"move","out/yolo/ball_track_bytex_ball/labels/022__SHOT__t3028.10-t3059.70_584.txt","DUPES/out_yolo_ball_track_bytex_ball_labels_022__SHOT__t3028.10-t3059.70_584.txt","42","duplicate_exact"
"move","out/yolo/ball_track_bytex_ball_recall_tight/labels/022__SHOT__t3028.10-t3059.70_584.txt","DUPES/out_yolo_ball_track_bytex_ball_recall_tight_labels_022__SHOT__t3028.10-t3059.70_584.txt","42","duplicate_exact"
"move","out/yolo/ball_track_bytex_conf015/labels/022__SHOT__t3028.10-t3059.70_584.txt","DUPES/out_yolo_ball_track_bytex_conf015_labels_022__SHOT__t3028.10-t3059.70_584.txt","42","duplicate_exact"
"move","out/yolo/ball_track_cpu_hiRes/labels/022__SHOT__t3028.10-t3059.70_584.txt","DUPES/out_yolo_ball_track_cpu_hiRes_labels_022__SHOT__t3028.10-t3059.70_584.txt","42","duplicate_exact"
"move","out/yolo/ball_track_bytex_ball/labels/022__SHOT__t3028.10-t3059.70_585.txt","DUPES/out_yolo_ball_track_bytex_ball_labels_022__SHOT__t3028.10-t3059.70_585.txt","43","duplicate_exact"
"move","out/yolo/ball_track_bytex_ball_recall_tight/labels/022__SHOT__t3028.10-t3059.70_585.txt","DUPES/out_yolo_ball_track_bytex_ball_recall_tight_labels_022__SHOT__t3028.10-t3059.70_585.txt","43","duplicate_exact"
"move","out/yolo/ball_track_bytex_conf015/labels/022__SHOT__t3028.10-t3059.70_585.txt","DUPES/out_yolo_ball_track_bytex_conf015_labels_022__SHOT__t3028.10-t3059.70_585.txt","43","duplicate_exact"
"move","out/yolo/ball_track_cpu_hiRes/labels/022__SHOT__t3028.10-t3059.70_585.txt","DUPES/out_yolo_ball_track_cpu_hiRes_labels_022__SHOT__t3028.10-t3059.70_585.txt","43","duplicate_exact"
"move","out/yolo/ball_track_bytex_conf015/labels/022__SHOT__t3028.10-t3059.70_586.txt","DUPES/out_yolo_ball_track_bytex_conf015_labels_022__SHOT__t3028.10-t3059.70_586.txt","44","duplicate_exact"
"move","out/yolo/ball_track_bytex_conf015/labels/022__SHOT__t3028.10-t3059.70_587.txt","DUPES/out_yolo_ball_track_bytex_conf015_labels_022__SHOT__t3028.10-t3059.70_587.txt","47","duplicate_exact"
"move","out/yolo/ball_track_bytex_conf015/labels/022__SHOT__t3028.10-t3059.70_588.txt","DUPES/out_yolo_ball_track_bytex_conf015_labels_022__SHOT__t3028.10-t3059.70_588.txt","47","duplicate_exact"
"move","out/yolo/ball_track_bytex_conf015/labels/022__SHOT__t3028.10-t3059.70_589.txt","DUPES/out_yolo_ball_track_bytex_conf015_labels_022__SHOT__t3028.10-t3059.70_589.txt","47","duplicate_exact"
"move","out/yolo/ball_track_bytex_ball/labels/022__SHOT__t3028.10-t3059.70_59.txt","DUPES/out_yolo_ball_track_bytex_ball_labels_022__SHOT__t3028.10-t3059.70_59.txt","43","duplicate_exact"
"move","out/yolo/ball_track_bytex_conf015/labels/022__SHOT__t3028.10-t3059.70_59.txt","DUPES/out_yolo_ball_track_bytex_conf015_labels_022__SHOT__t3028.10-t3059.70_59.txt","43","duplicate_exact"
"move","out/yolo/ball_track_cpu_hiRes/labels/022__SHOT__t3028.10-t3059.70_59.txt","DUPES/out_yolo_ball_track_cpu_hiRes_labels_022__SHOT__t3028.10-t3059.70_59.txt","43","duplicate_exact"
"move","out/yolo/ball_track_bytex_conf015/labels/022__SHOT__t3028.10-t3059.70_590.txt","DUPES/out_yolo_ball_track_bytex_conf015_labels_022__SHOT__t3028.10-t3059.70_590.txt","47","duplicate_exact"
"move","out/yolo/ball_track_bytex_conf015/labels/022__SHOT__t3028.10-t3059.70_591.txt","DUPES/out_yolo_ball_track_bytex_conf015_labels_022__SHOT__t3028.10-t3059.70_591.txt","46","duplicate_exact"
"move","out/yolo/ball_track_bytex_conf015/labels/022__SHOT__t3028.10-t3059.70_592.txt","DUPES/out_yolo_ball_track_bytex_conf015_labels_022__SHOT__t3028.10-t3059.70_592.txt","47","duplicate_exact"
"move","out/yolo/ball_track_bytex_conf015/labels/022__SHOT__t3028.10-t3059.70_593.txt","DUPES/out_yolo_ball_track_bytex_conf015_labels_022__SHOT__t3028.10-t3059.70_593.txt","46","duplicate_exact"
"move","out/yolo/ball_track_bytex_conf015/labels/022__SHOT__t3028.10-t3059.70_594.txt","DUPES/out_yolo_ball_track_bytex_conf015_labels_022__SHOT__t3028.10-t3059.70_594.txt","47","duplicate_exact"
"move","out/yolo/ball_track_bytex_conf015/labels/022__SHOT__t3028.10-t3059.70_595.txt","DUPES/out_yolo_ball_track_bytex_conf015_labels_022__SHOT__t3028.10-t3059.70_595.txt","46","duplicate_exact"
"move","out/yolo/ball_track_bytex_conf015/labels/022__SHOT__t3028.10-t3059.70_596.txt","DUPES/out_yolo_ball_track_bytex_conf015_labels_022__SHOT__t3028.10-t3059.70_596.txt","47","duplicate_exact"
"move","out/yolo/ball_track_bytex_conf015/labels/022__SHOT__t3028.10-t3059.70_597.txt","DUPES/out_yolo_ball_track_bytex_conf015_labels_022__SHOT__t3028.10-t3059.70_597.txt","46","duplicate_exact"
"move","out/yolo/ball_track_bytex_conf015/labels/022__SHOT__t3028.10-t3059.70_598.txt","DUPES/out_yolo_ball_track_bytex_conf015_labels_022__SHOT__t3028.10-t3059.70_598.txt","47","duplicate_exact"
"move","out/yolo/ball_track_bytex_ball/labels/022__SHOT__t3028.10-t3059.70_599.txt","DUPES/out_yolo_ball_track_bytex_ball_labels_022__SHOT__t3028.10-t3059.70_599.txt","42","duplicate_exact"
"move","out/yolo/ball_track_bytex_ball_recall_tight/labels/022__SHOT__t3028.10-t3059.70_599.txt","DUPES/out_yolo_ball_track_bytex_ball_recall_tight_labels_022__SHOT__t3028.10-t3059.70_599.txt","42","duplicate_exact"
"move","out/yolo/ball_track_bytex_conf015/labels/022__SHOT__t3028.10-t3059.70_599.txt","DUPES/out_yolo_ball_track_bytex_conf015_labels_022__SHOT__t3028.10-t3059.70_599.txt","42","duplicate_exact"
"move","out/yolo/ball_track_cpu_hiRes/labels/022__SHOT__t3028.10-t3059.70_599.txt","DUPES/out_yolo_ball_track_cpu_hiRes_labels_022__SHOT__t3028.10-t3059.70_599.txt","42","duplicate_exact"
"move","out/yolo/ball_track_bytex_ball/labels/022__SHOT__t3028.10-t3059.70_60.txt","DUPES/out_yolo_ball_track_bytex_ball_labels_022__SHOT__t3028.10-t3059.70_60.txt","43","duplicate_exact"
"move","out/yolo/ball_track_bytex_conf015/labels/022__SHOT__t3028.10-t3059.70_60.txt","DUPES/out_yolo_ball_track_bytex_conf015_labels_022__SHOT__t3028.10-t3059.70_60.txt","43","duplicate_exact"
"move","out/yolo/ball_track_cpu_hiRes/labels/022__SHOT__t3028.10-t3059.70_60.txt","DUPES/out_yolo_ball_track_cpu_hiRes_labels_022__SHOT__t3028.10-t3059.70_60.txt","43","duplicate_exact"
"move","out/yolo/ball_track_bytex_ball/labels/022__SHOT__t3028.10-t3059.70_600.txt","DUPES/out_yolo_ball_track_bytex_ball_labels_022__SHOT__t3028.10-t3059.70_600.txt","42","duplicate_exact"
"move","out/yolo/ball_track_bytex_ball_recall_tight/labels/022__SHOT__t3028.10-t3059.70_600.txt","DUPES/out_yolo_ball_track_bytex_ball_recall_tight_labels_022__SHOT__t3028.10-t3059.70_600.txt","42","duplicate_exact"
"move","out/yolo/ball_track_bytex_conf015/labels/022__SHOT__t3028.10-t3059.70_600.txt","DUPES/out_yolo_ball_track_bytex_conf015_labels_022__SHOT__t3028.10-t3059.70_600.txt","42","duplicate_exact"
"move","out/yolo/ball_track_cpu_hiRes/labels/022__SHOT__t3028.10-t3059.70_600.txt","DUPES/out_yolo_ball_track_cpu_hiRes_labels_022__SHOT__t3028.10-t3059.70_600.txt","42","duplicate_exact"
"move","out/yolo/ball_track_bytex_ball/labels/022__SHOT__t3028.10-t3059.70_601.txt","DUPES/out_yolo_ball_track_bytex_ball_labels_022__SHOT__t3028.10-t3059.70_601.txt","43","duplicate_exact"
"move","out/yolo/ball_track_bytex_ball_recall_tight/labels/022__SHOT__t3028.10-t3059.70_601.txt","DUPES/out_yolo_ball_track_bytex_ball_recall_tight_labels_022__SHOT__t3028.10-t3059.70_601.txt","43","duplicate_exact"
"move","out/yolo/ball_track_bytex_conf015/labels/022__SHOT__t3028.10-t3059.70_601.txt","DUPES/out_yolo_ball_track_bytex_conf015_labels_022__SHOT__t3028.10-t3059.70_601.txt","43","duplicate_exact"
"move","out/yolo/ball_track_cpu_hiRes/labels/022__SHOT__t3028.10-t3059.70_601.txt","DUPES/out_yolo_ball_track_cpu_hiRes_labels_022__SHOT__t3028.10-t3059.70_601.txt","43","duplicate_exact"
"move","out/yolo/ball_track_bytex_ball/labels/022__SHOT__t3028.10-t3059.70_602.txt","DUPES/out_yolo_ball_track_bytex_ball_labels_022__SHOT__t3028.10-t3059.70_602.txt","42","duplicate_exact"
"move","out/yolo/ball_track_bytex_ball_recall_tight/labels/022__SHOT__t3028.10-t3059.70_602.txt","DUPES/out_yolo_ball_track_bytex_ball_recall_tight_labels_022__SHOT__t3028.10-t3059.70_602.txt","42","duplicate_exact"
"move","out/yolo/ball_track_bytex_conf015/labels/022__SHOT__t3028.10-t3059.70_602.txt","DUPES/out_yolo_ball_track_bytex_conf015_labels_022__SHOT__t3028.10-t3059.70_602.txt","42","duplicate_exact"
"move","out/yolo/ball_track_cpu_hiRes/labels/022__SHOT__t3028.10-t3059.70_602.txt","DUPES/out_yolo_ball_track_cpu_hiRes_labels_022__SHOT__t3028.10-t3059.70_602.txt","42","duplicate_exact"
"move","out/yolo/ball_track_bytex_ball/labels/022__SHOT__t3028.10-t3059.70_603.txt","DUPES/out_yolo_ball_track_bytex_ball_labels_022__SHOT__t3028.10-t3059.70_603.txt","43","duplicate_exact"
"move","out/yolo/ball_track_bytex_ball_recall_tight/labels/022__SHOT__t3028.10-t3059.70_603.txt","DUPES/out_yolo_ball_track_bytex_ball_recall_tight_labels_022__SHOT__t3028.10-t3059.70_603.txt","43","duplicate_exact"
"move","out/yolo/ball_track_bytex_conf015/labels/022__SHOT__t3028.10-t3059.70_603.txt","DUPES/out_yolo_ball_track_bytex_conf015_labels_022__SHOT__t3028.10-t3059.70_603.txt","43","duplicate_exact"
"move","out/yolo/ball_track_cpu_hiRes/labels/022__SHOT__t3028.10-t3059.70_603.txt","DUPES/out_yolo_ball_track_cpu_hiRes_labels_022__SHOT__t3028.10-t3059.70_603.txt","43","duplicate_exact"
"move","out/yolo/ball_track_bytex_ball/labels/022__SHOT__t3028.10-t3059.70_605.txt","DUPES/out_yolo_ball_track_bytex_ball_labels_022__SHOT__t3028.10-t3059.70_605.txt","43","duplicate_exact"
"move","out/yolo/ball_track_bytex_ball_recall_tight/labels/022__SHOT__t3028.10-t3059.70_605.txt","DUPES/out_yolo_ball_track_bytex_ball_recall_tight_labels_022__SHOT__t3028.10-t3059.70_605.txt","43","duplicate_exact"
"move","out/yolo/ball_track_bytex_conf015/labels/022__SHOT__t3028.10-t3059.70_605.txt","DUPES/out_yolo_ball_track_bytex_conf015_labels_022__SHOT__t3028.10-t3059.70_605.txt","43","duplicate_exact"
"move","out/yolo/ball_track_cpu_hiRes/labels/022__SHOT__t3028.10-t3059.70_605.txt","DUPES/out_yolo_ball_track_cpu_hiRes_labels_022__SHOT__t3028.10-t3059.70_605.txt","43","duplicate_exact"
"move","out/yolo/ball_track_bytex_ball/labels/022__SHOT__t3028.10-t3059.70_607.txt","DUPES/out_yolo_ball_track_bytex_ball_labels_022__SHOT__t3028.10-t3059.70_607.txt","43","duplicate_exact"
"move","out/yolo/ball_track_bytex_ball_recall_tight/labels/022__SHOT__t3028.10-t3059.70_607.txt","DUPES/out_yolo_ball_track_bytex_ball_recall_tight_labels_022__SHOT__t3028.10-t3059.70_607.txt","43","duplicate_exact"
"move","out/yolo/ball_track_bytex_conf015/labels/022__SHOT__t3028.10-t3059.70_607.txt","DUPES/out_yolo_ball_track_bytex_conf015_labels_022__SHOT__t3028.10-t3059.70_607.txt","43","duplicate_exact"
"move","out/yolo/ball_track_cpu_hiRes/labels/022__SHOT__t3028.10-t3059.70_607.txt","DUPES/out_yolo_ball_track_cpu_hiRes_labels_022__SHOT__t3028.10-t3059.70_607.txt","43","duplicate_exact"
"move","out/yolo/ball_track_bytex_ball/labels/022__SHOT__t3028.10-t3059.70_608.txt","DUPES/out_yolo_ball_track_bytex_ball_labels_022__SHOT__t3028.10-t3059.70_608.txt","42","duplicate_exact"
"move","out/yolo/ball_track_bytex_ball_recall_tight/labels/022__SHOT__t3028.10-t3059.70_608.txt","DUPES/out_yolo_ball_track_bytex_ball_recall_tight_labels_022__SHOT__t3028.10-t3059.70_608.txt","42","duplicate_exact"
"move","out/yolo/ball_track_bytex_conf015/labels/022__SHOT__t3028.10-t3059.70_608.txt","DUPES/out_yolo_ball_track_bytex_conf015_labels_022__SHOT__t3028.10-t3059.70_608.txt","42","duplicate_exact"
"move","out/yolo/ball_track_cpu_hiRes/labels/022__SHOT__t3028.10-t3059.70_608.txt","DUPES/out_yolo_ball_track_cpu_hiRes_labels_022__SHOT__t3028.10-t3059.70_608.txt","42","duplicate_exact"
"move","out/yolo/ball_track_bytex_ball/labels/022__SHOT__t3028.10-t3059.70_609.txt","DUPES/out_yolo_ball_track_bytex_ball_labels_022__SHOT__t3028.10-t3059.70_609.txt","43","duplicate_exact"
"move","out/yolo/ball_track_bytex_ball_recall_tight/labels/022__SHOT__t3028.10-t3059.70_609.txt","DUPES/out_yolo_ball_track_bytex_ball_recall_tight_labels_022__SHOT__t3028.10-t3059.70_609.txt","43","duplicate_exact"
"move","out/yolo/ball_track_bytex_conf015/labels/022__SHOT__t3028.10-t3059.70_609.txt","DUPES/out_yolo_ball_track_bytex_conf015_labels_022__SHOT__t3028.10-t3059.70_609.txt","43","duplicate_exact"
"move","out/yolo/ball_track_cpu_hiRes/labels/022__SHOT__t3028.10-t3059.70_609.txt","DUPES/out_yolo_ball_track_cpu_hiRes_labels_022__SHOT__t3028.10-t3059.70_609.txt","43","duplicate_exact"
"move","out/yolo/ball_track_bytex_ball/labels/022__SHOT__t3028.10-t3059.70_610.txt","DUPES/out_yolo_ball_track_bytex_ball_labels_022__SHOT__t3028.10-t3059.70_610.txt","42","duplicate_exact"
"move","out/yolo/ball_track_bytex_ball_recall_tight/labels/022__SHOT__t3028.10-t3059.70_610.txt","DUPES/out_yolo_ball_track_bytex_ball_recall_tight_labels_022__SHOT__t3028.10-t3059.70_610.txt","42","duplicate_exact"
"move","out/yolo/ball_track_bytex_conf015/labels/022__SHOT__t3028.10-t3059.70_610.txt","DUPES/out_yolo_ball_track_bytex_conf015_labels_022__SHOT__t3028.10-t3059.70_610.txt","42","duplicate_exact"
"move","out/yolo/ball_track_cpu_hiRes/labels/022__SHOT__t3028.10-t3059.70_610.txt","DUPES/out_yolo_ball_track_cpu_hiRes_labels_022__SHOT__t3028.10-t3059.70_610.txt","42","duplicate_exact"
"move","out/yolo/ball_track_bytex_ball/labels/022__SHOT__t3028.10-t3059.70_611.txt","DUPES/out_yolo_ball_track_bytex_ball_labels_022__SHOT__t3028.10-t3059.70_611.txt","42","duplicate_exact"
"move","out/yolo/ball_track_bytex_ball_recall_tight/labels/022__SHOT__t3028.10-t3059.70_611.txt","DUPES/out_yolo_ball_track_bytex_ball_recall_tight_labels_022__SHOT__t3028.10-t3059.70_611.txt","42","duplicate_exact"
"move","out/yolo/ball_track_bytex_conf015/labels/022__SHOT__t3028.10-t3059.70_611.txt","DUPES/out_yolo_ball_track_bytex_conf015_labels_022__SHOT__t3028.10-t3059.70_611.txt","42","duplicate_exact"
"move","out/yolo/ball_track_cpu_hiRes/labels/022__SHOT__t3028.10-t3059.70_611.txt","DUPES/out_yolo_ball_track_cpu_hiRes_labels_022__SHOT__t3028.10-t3059.70_611.txt","42","duplicate_exact"
"move","out/yolo/ball_track_bytex_ball/labels/022__SHOT__t3028.10-t3059.70_612.txt","DUPES/out_yolo_ball_track_bytex_ball_labels_022__SHOT__t3028.10-t3059.70_612.txt","43","duplicate_exact"
"move","out/yolo/ball_track_bytex_ball_recall_tight/labels/022__SHOT__t3028.10-t3059.70_612.txt","DUPES/out_yolo_ball_track_bytex_ball_recall_tight_labels_022__SHOT__t3028.10-t3059.70_612.txt","43","duplicate_exact"
"move","out/yolo/ball_track_bytex_conf015/labels/022__SHOT__t3028.10-t3059.70_612.txt","DUPES/out_yolo_ball_track_bytex_conf015_labels_022__SHOT__t3028.10-t3059.70_612.txt","43","duplicate_exact"
"move","out/yolo/ball_track_cpu_hiRes/labels/022__SHOT__t3028.10-t3059.70_612.txt","DUPES/out_yolo_ball_track_cpu_hiRes_labels_022__SHOT__t3028.10-t3059.70_612.txt","43","duplicate_exact"
"move","out/yolo/ball_track_bytex_ball/labels/022__SHOT__t3028.10-t3059.70_617.txt","DUPES/out_yolo_ball_track_bytex_ball_labels_022__SHOT__t3028.10-t3059.70_617.txt","43","duplicate_exact"
"move","out/yolo/ball_track_bytex_conf015/labels/022__SHOT__t3028.10-t3059.70_617.txt","DUPES/out_yolo_ball_track_bytex_conf015_labels_022__SHOT__t3028.10-t3059.70_617.txt","43","duplicate_exact"
"move","out/yolo/ball_track_cpu_hiRes/labels/022__SHOT__t3028.10-t3059.70_617.txt","DUPES/out_yolo_ball_track_cpu_hiRes_labels_022__SHOT__t3028.10-t3059.70_617.txt","43","duplicate_exact"
"move","out/yolo/ball_track_bytex_ball/labels/022__SHOT__t3028.10-t3059.70_618.txt","DUPES/out_yolo_ball_track_bytex_ball_labels_022__SHOT__t3028.10-t3059.70_618.txt","41","duplicate_exact"
"move","out/yolo/ball_track_bytex_ball_recall_tight/labels/022__SHOT__t3028.10-t3059.70_618.txt","DUPES/out_yolo_ball_track_bytex_ball_recall_tight_labels_022__SHOT__t3028.10-t3059.70_618.txt","41","duplicate_exact"
"move","out/yolo/ball_track_bytex_conf015/labels/022__SHOT__t3028.10-t3059.70_618.txt","DUPES/out_yolo_ball_track_bytex_conf015_labels_022__SHOT__t3028.10-t3059.70_618.txt","41","duplicate_exact"
"move","out/yolo/ball_track_cpu_hiRes/labels/022__SHOT__t3028.10-t3059.70_618.txt","DUPES/out_yolo_ball_track_cpu_hiRes_labels_022__SHOT__t3028.10-t3059.70_618.txt","41","duplicate_exact"
"move","out/yolo/ball_track_bytex_ball/labels/022__SHOT__t3028.10-t3059.70_619.txt","DUPES/out_yolo_ball_track_bytex_ball_labels_022__SHOT__t3028.10-t3059.70_619.txt","41","duplicate_exact"
"move","out/yolo/ball_track_bytex_ball_recall_tight/labels/022__SHOT__t3028.10-t3059.70_619.txt","DUPES/out_yolo_ball_track_bytex_ball_recall_tight_labels_022__SHOT__t3028.10-t3059.70_619.txt","41","duplicate_exact"
"move","out/yolo/ball_track_bytex_conf015/labels/022__SHOT__t3028.10-t3059.70_619.txt","DUPES/out_yolo_ball_track_bytex_conf015_labels_022__SHOT__t3028.10-t3059.70_619.txt","41","duplicate_exact"
"move","out/yolo/ball_track_cpu_hiRes/labels/022__SHOT__t3028.10-t3059.70_619.txt","DUPES/out_yolo_ball_track_cpu_hiRes_labels_022__SHOT__t3028.10-t3059.70_619.txt","41","duplicate_exact"
"move","out/yolo/ball_track_bytex_conf015/labels/022__SHOT__t3028.10-t3059.70_620.txt","DUPES/out_yolo_ball_track_bytex_conf015_labels_022__SHOT__t3028.10-t3059.70_620.txt","46","duplicate_exact"
"move","out/yolo/ball_track_bytex_ball/labels/022__SHOT__t3028.10-t3059.70_621.txt","DUPES/out_yolo_ball_track_bytex_ball_labels_022__SHOT__t3028.10-t3059.70_621.txt","43","duplicate_exact"
"move","out/yolo/ball_track_bytex_ball_recall_tight/labels/022__SHOT__t3028.10-t3059.70_621.txt","DUPES/out_yolo_ball_track_bytex_ball_recall_tight_labels_022__SHOT__t3028.10-t3059.70_621.txt","43","duplicate_exact"
"move","out/yolo/ball_track_bytex_conf015/labels/022__SHOT__t3028.10-t3059.70_621.txt","DUPES/out_yolo_ball_track_bytex_conf015_labels_022__SHOT__t3028.10-t3059.70_621.txt","43","duplicate_exact"
"move","out/yolo/ball_track_cpu_hiRes/labels/022__SHOT__t3028.10-t3059.70_621.txt","DUPES/out_yolo_ball_track_cpu_hiRes_labels_022__SHOT__t3028.10-t3059.70_621.txt","43","duplicate_exact"
"move","out/yolo/ball_track_bytex_conf015/labels/022__SHOT__t3028.10-t3059.70_622.txt","DUPES/out_yolo_ball_track_bytex_conf015_labels_022__SHOT__t3028.10-t3059.70_622.txt","45","duplicate_exact"
"move","out/yolo/ball_track_bytex_ball/labels/022__SHOT__t3028.10-t3059.70_623.txt","DUPES/out_yolo_ball_track_bytex_ball_labels_022__SHOT__t3028.10-t3059.70_623.txt","41","duplicate_exact"
"move","out/yolo/ball_track_bytex_conf015/labels/022__SHOT__t3028.10-t3059.70_623.txt","DUPES/out_yolo_ball_track_bytex_conf015_labels_022__SHOT__t3028.10-t3059.70_623.txt","41","duplicate_exact"
"move","out/yolo/ball_track_cpu_hiRes/labels/022__SHOT__t3028.10-t3059.70_623.txt","DUPES/out_yolo_ball_track_cpu_hiRes_labels_022__SHOT__t3028.10-t3059.70_623.txt","41","duplicate_exact"
"move","out/yolo/ball_track_bytex_ball/labels/022__SHOT__t3028.10-t3059.70_624.txt","DUPES/out_yolo_ball_track_bytex_ball_labels_022__SHOT__t3028.10-t3059.70_624.txt","42","duplicate_exact"
"move","out/yolo/ball_track_bytex_ball_recall_tight/labels/022__SHOT__t3028.10-t3059.70_624.txt","DUPES/out_yolo_ball_track_bytex_ball_recall_tight_labels_022__SHOT__t3028.10-t3059.70_624.txt","42","duplicate_exact"
"move","out/yolo/ball_track_bytex_conf015/labels/022__SHOT__t3028.10-t3059.70_624.txt","DUPES/out_yolo_ball_track_bytex_conf015_labels_022__SHOT__t3028.10-t3059.70_624.txt","42","duplicate_exact"
"move","out/yolo/ball_track_cpu_hiRes/labels/022__SHOT__t3028.10-t3059.70_624.txt","DUPES/out_yolo_ball_track_cpu_hiRes_labels_022__SHOT__t3028.10-t3059.70_624.txt","42","duplicate_exact"
"move","out/yolo/ball_track_bytex_ball/labels/022__SHOT__t3028.10-t3059.70_625.txt","DUPES/out_yolo_ball_track_bytex_ball_labels_022__SHOT__t3028.10-t3059.70_625.txt","43","duplicate_exact"
"move","out/yolo/ball_track_bytex_ball_recall_tight/labels/022__SHOT__t3028.10-t3059.70_625.txt","DUPES/out_yolo_ball_track_bytex_ball_recall_tight_labels_022__SHOT__t3028.10-t3059.70_625.txt","43","duplicate_exact"
"move","out/yolo/ball_track_bytex_conf015/labels/022__SHOT__t3028.10-t3059.70_625.txt","DUPES/out_yolo_ball_track_bytex_conf015_labels_022__SHOT__t3028.10-t3059.70_625.txt","43","duplicate_exact"
"move","out/yolo/ball_track_cpu_hiRes/labels/022__SHOT__t3028.10-t3059.70_625.txt","DUPES/out_yolo_ball_track_cpu_hiRes_labels_022__SHOT__t3028.10-t3059.70_625.txt","43","duplicate_exact"
"move","out/yolo/ball_track_bytex_ball/labels/022__SHOT__t3028.10-t3059.70_626.txt","DUPES/out_yolo_ball_track_bytex_ball_labels_022__SHOT__t3028.10-t3059.70_626.txt","43","duplicate_exact"
"move","out/yolo/ball_track_bytex_ball_recall_tight/labels/022__SHOT__t3028.10-t3059.70_626.txt","DUPES/out_yolo_ball_track_bytex_ball_recall_tight_labels_022__SHOT__t3028.10-t3059.70_626.txt","43","duplicate_exact"
"move","out/yolo/ball_track_bytex_conf015/labels/022__SHOT__t3028.10-t3059.70_626.txt","DUPES/out_yolo_ball_track_bytex_conf015_labels_022__SHOT__t3028.10-t3059.70_626.txt","43","duplicate_exact"
"move","out/yolo/ball_track_cpu_hiRes/labels/022__SHOT__t3028.10-t3059.70_626.txt","DUPES/out_yolo_ball_track_cpu_hiRes_labels_022__SHOT__t3028.10-t3059.70_626.txt","43","duplicate_exact"
"move","out/yolo/ball_track_bytex_ball/labels/022__SHOT__t3028.10-t3059.70_627.txt","DUPES/out_yolo_ball_track_bytex_ball_labels_022__SHOT__t3028.10-t3059.70_627.txt","43","duplicate_exact"
"move","out/yolo/ball_track_bytex_conf015/labels/022__SHOT__t3028.10-t3059.70_627.txt","DUPES/out_yolo_ball_track_bytex_conf015_labels_022__SHOT__t3028.10-t3059.70_627.txt","43","duplicate_exact"
"move","out/yolo/ball_track_cpu_hiRes/labels/022__SHOT__t3028.10-t3059.70_627.txt","DUPES/out_yolo_ball_track_cpu_hiRes_labels_022__SHOT__t3028.10-t3059.70_627.txt","43","duplicate_exact"
"move","out/yolo/ball_track_bytex_ball/labels/022__SHOT__t3028.10-t3059.70_628.txt","DUPES/out_yolo_ball_track_bytex_ball_labels_022__SHOT__t3028.10-t3059.70_628.txt","43","duplicate_exact"
"move","out/yolo/ball_track_bytex_ball_recall_tight/labels/022__SHOT__t3028.10-t3059.70_628.txt","DUPES/out_yolo_ball_track_bytex_ball_recall_tight_labels_022__SHOT__t3028.10-t3059.70_628.txt","43","duplicate_exact"
"move","out/yolo/ball_track_bytex_conf015/labels/022__SHOT__t3028.10-t3059.70_628.txt","DUPES/out_yolo_ball_track_bytex_conf015_labels_022__SHOT__t3028.10-t3059.70_628.txt","43","duplicate_exact"
"move","out/yolo/ball_track_cpu_hiRes/labels/022__SHOT__t3028.10-t3059.70_628.txt","DUPES/out_yolo_ball_track_cpu_hiRes_labels_022__SHOT__t3028.10-t3059.70_628.txt","43","duplicate_exact"
"move","out/yolo/ball_track_bytex_ball/labels/022__SHOT__t3028.10-t3059.70_629.txt","DUPES/out_yolo_ball_track_bytex_ball_labels_022__SHOT__t3028.10-t3059.70_629.txt","43","duplicate_exact"
"move","out/yolo/ball_track_bytex_ball_recall_tight/labels/022__SHOT__t3028.10-t3059.70_629.txt","DUPES/out_yolo_ball_track_bytex_ball_recall_tight_labels_022__SHOT__t3028.10-t3059.70_629.txt","43","duplicate_exact"
"move","out/yolo/ball_track_bytex_conf015/labels/022__SHOT__t3028.10-t3059.70_629.txt","DUPES/out_yolo_ball_track_bytex_conf015_labels_022__SHOT__t3028.10-t3059.70_629.txt","43","duplicate_exact"
"move","out/yolo/ball_track_cpu_hiRes/labels/022__SHOT__t3028.10-t3059.70_629.txt","DUPES/out_yolo_ball_track_cpu_hiRes_labels_022__SHOT__t3028.10-t3059.70_629.txt","43","duplicate_exact"
"move","out/yolo/ball_track_bytex_conf015/labels/022__SHOT__t3028.10-t3059.70_630.txt","DUPES/out_yolo_ball_track_bytex_conf015_labels_022__SHOT__t3028.10-t3059.70_630.txt","86","duplicate_exact"
"move","out/yolo/ball_track_bytex_ball/labels/022__SHOT__t3028.10-t3059.70_631.txt","DUPES/out_yolo_ball_track_bytex_ball_labels_022__SHOT__t3028.10-t3059.70_631.txt","41","duplicate_exact"
"move","out/yolo/ball_track_bytex_ball_recall_tight/labels/022__SHOT__t3028.10-t3059.70_631.txt","DUPES/out_yolo_ball_track_bytex_ball_recall_tight_labels_022__SHOT__t3028.10-t3059.70_631.txt","41","duplicate_exact"
"move","out/yolo/ball_track_bytex_conf015/labels/022__SHOT__t3028.10-t3059.70_631.txt","DUPES/out_yolo_ball_track_bytex_conf015_labels_022__SHOT__t3028.10-t3059.70_631.txt","41","duplicate_exact"
"move","out/yolo/ball_track_cpu_hiRes/labels/022__SHOT__t3028.10-t3059.70_631.txt","DUPES/out_yolo_ball_track_cpu_hiRes_labels_022__SHOT__t3028.10-t3059.70_631.txt","41","duplicate_exact"
"move","out/yolo/ball_track_bytex_conf015/labels/022__SHOT__t3028.10-t3059.70_632.txt","DUPES/out_yolo_ball_track_bytex_conf015_labels_022__SHOT__t3028.10-t3059.70_632.txt","87","duplicate_exact"
"move","out/yolo/ball_track_bytex_conf015/labels/022__SHOT__t3028.10-t3059.70_633.txt","DUPES/out_yolo_ball_track_bytex_conf015_labels_022__SHOT__t3028.10-t3059.70_633.txt","46","duplicate_exact"
"move","out/yolo/ball_track_bytex_conf015/labels/022__SHOT__t3028.10-t3059.70_634.txt","DUPES/out_yolo_ball_track_bytex_conf015_labels_022__SHOT__t3028.10-t3059.70_634.txt","46","duplicate_exact"
"move","out/yolo/ball_track_bytex_conf015/labels/022__SHOT__t3028.10-t3059.70_635.txt","DUPES/out_yolo_ball_track_bytex_conf015_labels_022__SHOT__t3028.10-t3059.70_635.txt","47","duplicate_exact"
"move","out/yolo/ball_track_bytex_conf015/labels/022__SHOT__t3028.10-t3059.70_636.txt","DUPES/out_yolo_ball_track_bytex_conf015_labels_022__SHOT__t3028.10-t3059.70_636.txt","47","duplicate_exact"
"move","out/yolo/ball_track_bytex_conf015/labels/022__SHOT__t3028.10-t3059.70_637.txt","DUPES/out_yolo_ball_track_bytex_conf015_labels_022__SHOT__t3028.10-t3059.70_637.txt","47","duplicate_exact"
"move","out/yolo/ball_track_bytex_conf015/labels/022__SHOT__t3028.10-t3059.70_638.txt","DUPES/out_yolo_ball_track_bytex_conf015_labels_022__SHOT__t3028.10-t3059.70_638.txt","47","duplicate_exact"
"move","out/yolo/ball_track_bytex_ball/labels/022__SHOT__t3028.10-t3059.70_639.txt","DUPES/out_yolo_ball_track_bytex_ball_labels_022__SHOT__t3028.10-t3059.70_639.txt","43","duplicate_exact"
"move","out/yolo/ball_track_bytex_conf015/labels/022__SHOT__t3028.10-t3059.70_639.txt","DUPES/out_yolo_ball_track_bytex_conf015_labels_022__SHOT__t3028.10-t3059.70_639.txt","43","duplicate_exact"
"move","out/yolo/ball_track_cpu_hiRes/labels/022__SHOT__t3028.10-t3059.70_639.txt","DUPES/out_yolo_ball_track_cpu_hiRes_labels_022__SHOT__t3028.10-t3059.70_639.txt","43","duplicate_exact"
"move","out/yolo/ball_track_bytex_ball/labels/022__SHOT__t3028.10-t3059.70_640.txt","DUPES/out_yolo_ball_track_bytex_ball_labels_022__SHOT__t3028.10-t3059.70_640.txt","43","duplicate_exact"
"move","out/yolo/ball_track_bytex_ball_recall_tight/labels/022__SHOT__t3028.10-t3059.70_640.txt","DUPES/out_yolo_ball_track_bytex_ball_recall_tight_labels_022__SHOT__t3028.10-t3059.70_640.txt","43","duplicate_exact"
"move","out/yolo/ball_track_bytex_conf015/labels/022__SHOT__t3028.10-t3059.70_640.txt","DUPES/out_yolo_ball_track_bytex_conf015_labels_022__SHOT__t3028.10-t3059.70_640.txt","43","duplicate_exact"
"move","out/yolo/ball_track_cpu_hiRes/labels/022__SHOT__t3028.10-t3059.70_640.txt","DUPES/out_yolo_ball_track_cpu_hiRes_labels_022__SHOT__t3028.10-t3059.70_640.txt","43","duplicate_exact"
"move","out/yolo/ball_track_bytex_ball/labels/022__SHOT__t3028.10-t3059.70_641.txt","DUPES/out_yolo_ball_track_bytex_ball_labels_022__SHOT__t3028.10-t3059.70_641.txt","44","duplicate_exact"
"move","out/yolo/ball_track_bytex_conf015/labels/022__SHOT__t3028.10-t3059.70_641.txt","DUPES/out_yolo_ball_track_bytex_conf015_labels_022__SHOT__t3028.10-t3059.70_641.txt","44","duplicate_exact"
"move","out/yolo/ball_track_cpu_hiRes/labels/022__SHOT__t3028.10-t3059.70_641.txt","DUPES/out_yolo_ball_track_cpu_hiRes_labels_022__SHOT__t3028.10-t3059.70_641.txt","44","duplicate_exact"
"move","out/yolo/ball_track_bytex_conf015/labels/022__SHOT__t3028.10-t3059.70_642.txt","DUPES/out_yolo_ball_track_bytex_conf015_labels_022__SHOT__t3028.10-t3059.70_642.txt","85","duplicate_exact"
"move","out/yolo/ball_track_bytex_conf015/labels/022__SHOT__t3028.10-t3059.70_643.txt","DUPES/out_yolo_ball_track_bytex_conf015_labels_022__SHOT__t3028.10-t3059.70_643.txt","86","duplicate_exact"
"move","out/yolo/ball_track_bytex_conf015/labels/022__SHOT__t3028.10-t3059.70_644.txt","DUPES/out_yolo_ball_track_bytex_conf015_labels_022__SHOT__t3028.10-t3059.70_644.txt","85","duplicate_exact"
"move","out/yolo/ball_track_bytex_conf015/labels/022__SHOT__t3028.10-t3059.70_645.txt","DUPES/out_yolo_ball_track_bytex_conf015_labels_022__SHOT__t3028.10-t3059.70_645.txt","87","duplicate_exact"
"move","out/yolo/ball_track_bytex_conf015/labels/022__SHOT__t3028.10-t3059.70_646.txt","DUPES/out_yolo_ball_track_bytex_conf015_labels_022__SHOT__t3028.10-t3059.70_646.txt","47","duplicate_exact"
"move","out/yolo/ball_track_bytex_conf015/labels/022__SHOT__t3028.10-t3059.70_647.txt","DUPES/out_yolo_ball_track_bytex_conf015_labels_022__SHOT__t3028.10-t3059.70_647.txt","47","duplicate_exact"
"move","out/yolo/ball_track_bytex_conf015/labels/022__SHOT__t3028.10-t3059.70_648.txt","DUPES/out_yolo_ball_track_bytex_conf015_labels_022__SHOT__t3028.10-t3059.70_648.txt","46","duplicate_exact"
"move","out/yolo/ball_track_bytex_conf015/labels/022__SHOT__t3028.10-t3059.70_649.txt","DUPES/out_yolo_ball_track_bytex_conf015_labels_022__SHOT__t3028.10-t3059.70_649.txt","47","duplicate_exact"
"move","out/yolo/ball_track_bytex_conf015/labels/022__SHOT__t3028.10-t3059.70_650.txt","DUPES/out_yolo_ball_track_bytex_conf015_labels_022__SHOT__t3028.10-t3059.70_650.txt","47","duplicate_exact"
"move","out/yolo/ball_track_bytex_conf015/labels/022__SHOT__t3028.10-t3059.70_651.txt","DUPES/out_yolo_ball_track_bytex_conf015_labels_022__SHOT__t3028.10-t3059.70_651.txt","47","duplicate_exact"
"move","out/yolo/ball_track_bytex_conf015/labels/022__SHOT__t3028.10-t3059.70_652.txt","DUPES/out_yolo_ball_track_bytex_conf015_labels_022__SHOT__t3028.10-t3059.70_652.txt","47","duplicate_exact"
"move","out/yolo/ball_track_bytex_conf015/labels/022__SHOT__t3028.10-t3059.70_653.txt","DUPES/out_yolo_ball_track_bytex_conf015_labels_022__SHOT__t3028.10-t3059.70_653.txt","46","duplicate_exact"
"move","out/yolo/ball_track_bytex_conf015/labels/022__SHOT__t3028.10-t3059.70_654.txt","DUPES/out_yolo_ball_track_bytex_conf015_labels_022__SHOT__t3028.10-t3059.70_654.txt","44","duplicate_exact"
"move","out/yolo/ball_track_bytex_conf015/labels/022__SHOT__t3028.10-t3059.70_655.txt","DUPES/out_yolo_ball_track_bytex_conf015_labels_022__SHOT__t3028.10-t3059.70_655.txt","47","duplicate_exact"
"move","out/yolo/ball_track_bytex_ball/labels/022__SHOT__t3028.10-t3059.70_656.txt","DUPES/out_yolo_ball_track_bytex_ball_labels_022__SHOT__t3028.10-t3059.70_656.txt","42","duplicate_exact"
"move","out/yolo/ball_track_bytex_conf015/labels/022__SHOT__t3028.10-t3059.70_656.txt","DUPES/out_yolo_ball_track_bytex_conf015_labels_022__SHOT__t3028.10-t3059.70_656.txt","42","duplicate_exact"
"move","out/yolo/ball_track_cpu_hiRes/labels/022__SHOT__t3028.10-t3059.70_656.txt","DUPES/out_yolo_ball_track_cpu_hiRes_labels_022__SHOT__t3028.10-t3059.70_656.txt","42","duplicate_exact"
"move","out/yolo/ball_track_bytex_ball/labels/022__SHOT__t3028.10-t3059.70_658.txt","DUPES/out_yolo_ball_track_bytex_ball_labels_022__SHOT__t3028.10-t3059.70_658.txt","42","duplicate_exact"
"move","out/yolo/ball_track_bytex_conf015/labels/022__SHOT__t3028.10-t3059.70_658.txt","DUPES/out_yolo_ball_track_bytex_conf015_labels_022__SHOT__t3028.10-t3059.70_658.txt","42","duplicate_exact"
"move","out/yolo/ball_track_cpu_hiRes/labels/022__SHOT__t3028.10-t3059.70_658.txt","DUPES/out_yolo_ball_track_cpu_hiRes_labels_022__SHOT__t3028.10-t3059.70_658.txt","42","duplicate_exact"
"move","out/yolo/ball_track_bytex_ball/labels/022__SHOT__t3028.10-t3059.70_659.txt","DUPES/out_yolo_ball_track_bytex_ball_labels_022__SHOT__t3028.10-t3059.70_659.txt","43","duplicate_exact"
"move","out/yolo/ball_track_bytex_conf015/labels/022__SHOT__t3028.10-t3059.70_659.txt","DUPES/out_yolo_ball_track_bytex_conf015_labels_022__SHOT__t3028.10-t3059.70_659.txt","43","duplicate_exact"
"move","out/yolo/ball_track_cpu_hiRes/labels/022__SHOT__t3028.10-t3059.70_659.txt","DUPES/out_yolo_ball_track_cpu_hiRes_labels_022__SHOT__t3028.10-t3059.70_659.txt","43","duplicate_exact"
"move","out/yolo/ball_track_bytex_conf015/labels/022__SHOT__t3028.10-t3059.70_660.txt","DUPES/out_yolo_ball_track_bytex_conf015_labels_022__SHOT__t3028.10-t3059.70_660.txt","84","duplicate_exact"
"move","out/yolo/ball_track_bytex_conf015/labels/022__SHOT__t3028.10-t3059.70_661.txt","DUPES/out_yolo_ball_track_bytex_conf015_labels_022__SHOT__t3028.10-t3059.70_661.txt","85","duplicate_exact"
"move","out/yolo/ball_track_bytex_conf015/labels/022__SHOT__t3028.10-t3059.70_662.txt","DUPES/out_yolo_ball_track_bytex_conf015_labels_022__SHOT__t3028.10-t3059.70_662.txt","47","duplicate_exact"
"move","out/yolo/ball_track_bytex_conf015/labels/022__SHOT__t3028.10-t3059.70_663.txt","DUPES/out_yolo_ball_track_bytex_conf015_labels_022__SHOT__t3028.10-t3059.70_663.txt","47","duplicate_exact"
"move","out/yolo/ball_track_bytex_conf015/labels/022__SHOT__t3028.10-t3059.70_664.txt","DUPES/out_yolo_ball_track_bytex_conf015_labels_022__SHOT__t3028.10-t3059.70_664.txt","47","duplicate_exact"
"move","out/yolo/ball_track_bytex_conf015/labels/022__SHOT__t3028.10-t3059.70_665.txt","DUPES/out_yolo_ball_track_bytex_conf015_labels_022__SHOT__t3028.10-t3059.70_665.txt","47","duplicate_exact"
"move","out/yolo/ball_track_bytex_conf015/labels/022__SHOT__t3028.10-t3059.70_666.txt","DUPES/out_yolo_ball_track_bytex_conf015_labels_022__SHOT__t3028.10-t3059.70_666.txt","47","duplicate_exact"
"move","out/yolo/ball_track_bytex_conf015/labels/022__SHOT__t3028.10-t3059.70_667.txt","DUPES/out_yolo_ball_track_bytex_conf015_labels_022__SHOT__t3028.10-t3059.70_667.txt","47","duplicate_exact"
"move","out/yolo/ball_track_bytex_conf015/labels/022__SHOT__t3028.10-t3059.70_668.txt","DUPES/out_yolo_ball_track_bytex_conf015_labels_022__SHOT__t3028.10-t3059.70_668.txt","91","duplicate_exact"
"move","out/yolo/ball_track_bytex_conf015/labels/022__SHOT__t3028.10-t3059.70_669.txt","DUPES/out_yolo_ball_track_bytex_conf015_labels_022__SHOT__t3028.10-t3059.70_669.txt","47","duplicate_exact"
"move","out/yolo/ball_track_bytex_conf015/labels/022__SHOT__t3028.10-t3059.70_670.txt","DUPES/out_yolo_ball_track_bytex_conf015_labels_022__SHOT__t3028.10-t3059.70_670.txt","46","duplicate_exact"
"move","out/yolo/ball_track_bytex_conf015/labels/022__SHOT__t3028.10-t3059.70_671.txt","DUPES/out_yolo_ball_track_bytex_conf015_labels_022__SHOT__t3028.10-t3059.70_671.txt","46","duplicate_exact"
"move","out/yolo/ball_track_bytex_conf015/labels/022__SHOT__t3028.10-t3059.70_672.txt","DUPES/out_yolo_ball_track_bytex_conf015_labels_022__SHOT__t3028.10-t3059.70_672.txt","46","duplicate_exact"
"move","out/yolo/ball_track_bytex_conf015/labels/022__SHOT__t3028.10-t3059.70_673.txt","DUPES/out_yolo_ball_track_bytex_conf015_labels_022__SHOT__t3028.10-t3059.70_673.txt","47","duplicate_exact"
"move","out/yolo/ball_track_bytex_conf015/labels/022__SHOT__t3028.10-t3059.70_674.txt","DUPES/out_yolo_ball_track_bytex_conf015_labels_022__SHOT__t3028.10-t3059.70_674.txt","47","duplicate_exact"
"move","out/yolo/ball_track_bytex_ball/labels/022__SHOT__t3028.10-t3059.70_675.txt","DUPES/out_yolo_ball_track_bytex_ball_labels_022__SHOT__t3028.10-t3059.70_675.txt","42","duplicate_exact"
"move","out/yolo/ball_track_bytex_ball_recall_tight/labels/022__SHOT__t3028.10-t3059.70_675.txt","DUPES/out_yolo_ball_track_bytex_ball_recall_tight_labels_022__SHOT__t3028.10-t3059.70_675.txt","42","duplicate_exact"
"move","out/yolo/ball_track_bytex_conf015/labels/022__SHOT__t3028.10-t3059.70_675.txt","DUPES/out_yolo_ball_track_bytex_conf015_labels_022__SHOT__t3028.10-t3059.70_675.txt","42","duplicate_exact"
"move","out/yolo/ball_track_cpu_hiRes/labels/022__SHOT__t3028.10-t3059.70_675.txt","DUPES/out_yolo_ball_track_cpu_hiRes_labels_022__SHOT__t3028.10-t3059.70_675.txt","42","duplicate_exact"
"move","out/yolo/ball_track_bytex_ball/labels/022__SHOT__t3028.10-t3059.70_676.txt","DUPES/out_yolo_ball_track_bytex_ball_labels_022__SHOT__t3028.10-t3059.70_676.txt","41","duplicate_exact"
"move","out/yolo/ball_track_bytex_ball_recall_tight/labels/022__SHOT__t3028.10-t3059.70_676.txt","DUPES/out_yolo_ball_track_bytex_ball_recall_tight_labels_022__SHOT__t3028.10-t3059.70_676.txt","41","duplicate_exact"
"move","out/yolo/ball_track_bytex_conf015/labels/022__SHOT__t3028.10-t3059.70_676.txt","DUPES/out_yolo_ball_track_bytex_conf015_labels_022__SHOT__t3028.10-t3059.70_676.txt","41","duplicate_exact"
"move","out/yolo/ball_track_cpu_hiRes/labels/022__SHOT__t3028.10-t3059.70_676.txt","DUPES/out_yolo_ball_track_cpu_hiRes_labels_022__SHOT__t3028.10-t3059.70_676.txt","41","duplicate_exact"
"move","out/yolo/ball_track_bytex_ball/labels/022__SHOT__t3028.10-t3059.70_677.txt","DUPES/out_yolo_ball_track_bytex_ball_labels_022__SHOT__t3028.10-t3059.70_677.txt","42","duplicate_exact"
"move","out/yolo/ball_track_bytex_ball_recall_tight/labels/022__SHOT__t3028.10-t3059.70_677.txt","DUPES/out_yolo_ball_track_bytex_ball_recall_tight_labels_022__SHOT__t3028.10-t3059.70_677.txt","42","duplicate_exact"
"move","out/yolo/ball_track_bytex_conf015/labels/022__SHOT__t3028.10-t3059.70_677.txt","DUPES/out_yolo_ball_track_bytex_conf015_labels_022__SHOT__t3028.10-t3059.70_677.txt","42","duplicate_exact"
"move","out/yolo/ball_track_cpu_hiRes/labels/022__SHOT__t3028.10-t3059.70_677.txt","DUPES/out_yolo_ball_track_cpu_hiRes_labels_022__SHOT__t3028.10-t3059.70_677.txt","42","duplicate_exact"
"move","out/yolo/ball_track_bytex_ball/labels/022__SHOT__t3028.10-t3059.70_679.txt","DUPES/out_yolo_ball_track_bytex_ball_labels_022__SHOT__t3028.10-t3059.70_679.txt","43","duplicate_exact"
"move","out/yolo/ball_track_bytex_conf015/labels/022__SHOT__t3028.10-t3059.70_679.txt","DUPES/out_yolo_ball_track_bytex_conf015_labels_022__SHOT__t3028.10-t3059.70_679.txt","43","duplicate_exact"
"move","out/yolo/ball_track_cpu_hiRes/labels/022__SHOT__t3028.10-t3059.70_679.txt","DUPES/out_yolo_ball_track_cpu_hiRes_labels_022__SHOT__t3028.10-t3059.70_679.txt","43","duplicate_exact"
"move","out/yolo/ball_track_bytex_ball/labels/022__SHOT__t3028.10-t3059.70_683.txt","DUPES/out_yolo_ball_track_bytex_ball_labels_022__SHOT__t3028.10-t3059.70_683.txt","40","duplicate_exact"
"move","out/yolo/ball_track_bytex_conf015/labels/022__SHOT__t3028.10-t3059.70_683.txt","DUPES/out_yolo_ball_track_bytex_conf015_labels_022__SHOT__t3028.10-t3059.70_683.txt","40","duplicate_exact"
"move","out/yolo/ball_track_cpu_hiRes/labels/022__SHOT__t3028.10-t3059.70_683.txt","DUPES/out_yolo_ball_track_cpu_hiRes_labels_022__SHOT__t3028.10-t3059.70_683.txt","40","duplicate_exact"
"move","out/yolo/ball_track_bytex_ball/labels/022__SHOT__t3028.10-t3059.70_684.txt","DUPES/out_yolo_ball_track_bytex_ball_labels_022__SHOT__t3028.10-t3059.70_684.txt","43","duplicate_exact"
"move","out/yolo/ball_track_bytex_ball_recall_tight/labels/022__SHOT__t3028.10-t3059.70_684.txt","DUPES/out_yolo_ball_track_bytex_ball_recall_tight_labels_022__SHOT__t3028.10-t3059.70_684.txt","43","duplicate_exact"
"move","out/yolo/ball_track_bytex_conf015/labels/022__SHOT__t3028.10-t3059.70_684.txt","DUPES/out_yolo_ball_track_bytex_conf015_labels_022__SHOT__t3028.10-t3059.70_684.txt","43","duplicate_exact"
"move","out/yolo/ball_track_cpu_hiRes/labels/022__SHOT__t3028.10-t3059.70_684.txt","DUPES/out_yolo_ball_track_cpu_hiRes_labels_022__SHOT__t3028.10-t3059.70_684.txt","43","duplicate_exact"
"move","out/yolo/ball_track_bytex_ball/labels/022__SHOT__t3028.10-t3059.70_685.txt","DUPES/out_yolo_ball_track_bytex_ball_labels_022__SHOT__t3028.10-t3059.70_685.txt","43","duplicate_exact"
"move","out/yolo/ball_track_bytex_ball_recall_tight/labels/022__SHOT__t3028.10-t3059.70_685.txt","DUPES/out_yolo_ball_track_bytex_ball_recall_tight_labels_022__SHOT__t3028.10-t3059.70_685.txt","43","duplicate_exact"
"move","out/yolo/ball_track_bytex_conf015/labels/022__SHOT__t3028.10-t3059.70_685.txt","DUPES/out_yolo_ball_track_bytex_conf015_labels_022__SHOT__t3028.10-t3059.70_685.txt","43","duplicate_exact"
"move","out/yolo/ball_track_cpu_hiRes/labels/022__SHOT__t3028.10-t3059.70_685.txt","DUPES/out_yolo_ball_track_cpu_hiRes_labels_022__SHOT__t3028.10-t3059.70_685.txt","43","duplicate_exact"
"move","out/yolo/ball_track_bytex_ball/labels/022__SHOT__t3028.10-t3059.70_686.txt","DUPES/out_yolo_ball_track_bytex_ball_labels_022__SHOT__t3028.10-t3059.70_686.txt","43","duplicate_exact"
"move","out/yolo/ball_track_bytex_ball_recall_tight/labels/022__SHOT__t3028.10-t3059.70_686.txt","DUPES/out_yolo_ball_track_bytex_ball_recall_tight_labels_022__SHOT__t3028.10-t3059.70_686.txt","43","duplicate_exact"
"move","out/yolo/ball_track_bytex_conf015/labels/022__SHOT__t3028.10-t3059.70_686.txt","DUPES/out_yolo_ball_track_bytex_conf015_labels_022__SHOT__t3028.10-t3059.70_686.txt","43","duplicate_exact"
"move","out/yolo/ball_track_cpu_hiRes/labels/022__SHOT__t3028.10-t3059.70_686.txt","DUPES/out_yolo_ball_track_cpu_hiRes_labels_022__SHOT__t3028.10-t3059.70_686.txt","43","duplicate_exact"
"move","out/yolo/ball_track_bytex_conf015/labels/022__SHOT__t3028.10-t3059.70_687.txt","DUPES/out_yolo_ball_track_bytex_conf015_labels_022__SHOT__t3028.10-t3059.70_687.txt","87","duplicate_exact"
"move","out/yolo/ball_track_bytex_conf015/labels/022__SHOT__t3028.10-t3059.70_688.txt","DUPES/out_yolo_ball_track_bytex_conf015_labels_022__SHOT__t3028.10-t3059.70_688.txt","47","duplicate_exact"
"move","out/yolo/ball_track_bytex_conf015/labels/022__SHOT__t3028.10-t3059.70_689.txt","DUPES/out_yolo_ball_track_bytex_conf015_labels_022__SHOT__t3028.10-t3059.70_689.txt","46","duplicate_exact"
"move","out/yolo/ball_track_bytex_conf015/labels/022__SHOT__t3028.10-t3059.70_690.txt","DUPES/out_yolo_ball_track_bytex_conf015_labels_022__SHOT__t3028.10-t3059.70_690.txt","47","duplicate_exact"
"move","out/yolo/ball_track_bytex_conf015/labels/022__SHOT__t3028.10-t3059.70_691.txt","DUPES/out_yolo_ball_track_bytex_conf015_labels_022__SHOT__t3028.10-t3059.70_691.txt","46","duplicate_exact"
"move","out/yolo/ball_track_bytex_conf015/labels/022__SHOT__t3028.10-t3059.70_692.txt","DUPES/out_yolo_ball_track_bytex_conf015_labels_022__SHOT__t3028.10-t3059.70_692.txt","46","duplicate_exact"
"move","out/yolo/ball_track_bytex_conf015/labels/022__SHOT__t3028.10-t3059.70_693.txt","DUPES/out_yolo_ball_track_bytex_conf015_labels_022__SHOT__t3028.10-t3059.70_693.txt","45","duplicate_exact"
"move","out/yolo/ball_track_bytex_conf015/labels/022__SHOT__t3028.10-t3059.70_694.txt","DUPES/out_yolo_ball_track_bytex_conf015_labels_022__SHOT__t3028.10-t3059.70_694.txt","47","duplicate_exact"
"move","out/yolo/ball_track_bytex_conf015/labels/022__SHOT__t3028.10-t3059.70_695.txt","DUPES/out_yolo_ball_track_bytex_conf015_labels_022__SHOT__t3028.10-t3059.70_695.txt","46","duplicate_exact"
"move","out/yolo/ball_track_bytex_conf015/labels/022__SHOT__t3028.10-t3059.70_696.txt","DUPES/out_yolo_ball_track_bytex_conf015_labels_022__SHOT__t3028.10-t3059.70_696.txt","47","duplicate_exact"
"move","out/yolo/ball_track_bytex_conf015/labels/022__SHOT__t3028.10-t3059.70_697.txt","DUPES/out_yolo_ball_track_bytex_conf015_labels_022__SHOT__t3028.10-t3059.70_697.txt","46","duplicate_exact"
"move","out/yolo/ball_track_bytex_conf015/labels/022__SHOT__t3028.10-t3059.70_698.txt","DUPES/out_yolo_ball_track_bytex_conf015_labels_022__SHOT__t3028.10-t3059.70_698.txt","47","duplicate_exact"
"move","out/yolo/ball_track_bytex_conf015/labels/022__SHOT__t3028.10-t3059.70_699.txt","DUPES/out_yolo_ball_track_bytex_conf015_labels_022__SHOT__t3028.10-t3059.70_699.txt","46","duplicate_exact"
"move","out/yolo/ball_track_bytex_conf015/labels/022__SHOT__t3028.10-t3059.70_700.txt","DUPES/out_yolo_ball_track_bytex_conf015_labels_022__SHOT__t3028.10-t3059.70_700.txt","47","duplicate_exact"
"move","out/yolo/ball_track_bytex_conf015/labels/022__SHOT__t3028.10-t3059.70_701.txt","DUPES/out_yolo_ball_track_bytex_conf015_labels_022__SHOT__t3028.10-t3059.70_701.txt","47","duplicate_exact"
"move","out/yolo/ball_track_bytex_conf015/labels/022__SHOT__t3028.10-t3059.70_702.txt","DUPES/out_yolo_ball_track_bytex_conf015_labels_022__SHOT__t3028.10-t3059.70_702.txt","47","duplicate_exact"
"move","out/yolo/ball_track_bytex_conf015/labels/022__SHOT__t3028.10-t3059.70_703.txt","DUPES/out_yolo_ball_track_bytex_conf015_labels_022__SHOT__t3028.10-t3059.70_703.txt","46","duplicate_exact"
"move","out/yolo/ball_track_bytex_conf015/labels/022__SHOT__t3028.10-t3059.70_704.txt","DUPES/out_yolo_ball_track_bytex_conf015_labels_022__SHOT__t3028.10-t3059.70_704.txt","47","duplicate_exact"
"move","out/yolo/ball_track_bytex_conf015/labels/022__SHOT__t3028.10-t3059.70_705.txt","DUPES/out_yolo_ball_track_bytex_conf015_labels_022__SHOT__t3028.10-t3059.70_705.txt","47","duplicate_exact"
"move","out/yolo/ball_track_bytex_conf015/labels/022__SHOT__t3028.10-t3059.70_706.txt","DUPES/out_yolo_ball_track_bytex_conf015_labels_022__SHOT__t3028.10-t3059.70_706.txt","47","duplicate_exact"
"move","out/yolo/ball_track_bytex_conf015/labels/022__SHOT__t3028.10-t3059.70_707.txt","DUPES/out_yolo_ball_track_bytex_conf015_labels_022__SHOT__t3028.10-t3059.70_707.txt","47","duplicate_exact"
"move","out/yolo/ball_track_bytex_conf015/labels/022__SHOT__t3028.10-t3059.70_708.txt","DUPES/out_yolo_ball_track_bytex_conf015_labels_022__SHOT__t3028.10-t3059.70_708.txt","47","duplicate_exact"
"move","out/yolo/ball_track_bytex_conf015/labels/022__SHOT__t3028.10-t3059.70_709.txt","DUPES/out_yolo_ball_track_bytex_conf015_labels_022__SHOT__t3028.10-t3059.70_709.txt","47","duplicate_exact"
"move","out/yolo/ball_track_bytex_conf015/labels/022__SHOT__t3028.10-t3059.70_710.txt","DUPES/out_yolo_ball_track_bytex_conf015_labels_022__SHOT__t3028.10-t3059.70_710.txt","47","duplicate_exact"
"move","out/yolo/ball_track_bytex_conf015/labels/022__SHOT__t3028.10-t3059.70_711.txt","DUPES/out_yolo_ball_track_bytex_conf015_labels_022__SHOT__t3028.10-t3059.70_711.txt","45","duplicate_exact"
"move","out/yolo/ball_track_bytex_conf015/labels/022__SHOT__t3028.10-t3059.70_712.txt","DUPES/out_yolo_ball_track_bytex_conf015_labels_022__SHOT__t3028.10-t3059.70_712.txt","47","duplicate_exact"
"move","out/yolo/ball_track_bytex_conf015/labels/022__SHOT__t3028.10-t3059.70_713.txt","DUPES/out_yolo_ball_track_bytex_conf015_labels_022__SHOT__t3028.10-t3059.70_713.txt","45","duplicate_exact"
"move","out/yolo/ball_track_bytex_conf015/labels/022__SHOT__t3028.10-t3059.70_714.txt","DUPES/out_yolo_ball_track_bytex_conf015_labels_022__SHOT__t3028.10-t3059.70_714.txt","47","duplicate_exact"
"move","out/yolo/ball_track_bytex_conf015/labels/022__SHOT__t3028.10-t3059.70_715.txt","DUPES/out_yolo_ball_track_bytex_conf015_labels_022__SHOT__t3028.10-t3059.70_715.txt","46","duplicate_exact"
"move","out/yolo/ball_track_bytex_conf015/labels/022__SHOT__t3028.10-t3059.70_716.txt","DUPES/out_yolo_ball_track_bytex_conf015_labels_022__SHOT__t3028.10-t3059.70_716.txt","45","duplicate_exact"
"move","out/yolo/ball_track_bytex_ball/labels/022__SHOT__t3028.10-t3059.70_717.txt","DUPES/out_yolo_ball_track_bytex_ball_labels_022__SHOT__t3028.10-t3059.70_717.txt","43","duplicate_exact"
"move","out/yolo/ball_track_bytex_ball_recall_tight/labels/022__SHOT__t3028.10-t3059.70_717.txt","DUPES/out_yolo_ball_track_bytex_ball_recall_tight_labels_022__SHOT__t3028.10-t3059.70_717.txt","43","duplicate_exact"
"move","out/yolo/ball_track_bytex_conf015/labels/022__SHOT__t3028.10-t3059.70_717.txt","DUPES/out_yolo_ball_track_bytex_conf015_labels_022__SHOT__t3028.10-t3059.70_717.txt","43","duplicate_exact"
"move","out/yolo/ball_track_cpu_hiRes/labels/022__SHOT__t3028.10-t3059.70_717.txt","DUPES/out_yolo_ball_track_cpu_hiRes_labels_022__SHOT__t3028.10-t3059.70_717.txt","43","duplicate_exact"
"move","out/yolo/ball_track_bytex_ball/labels/022__SHOT__t3028.10-t3059.70_718.txt","DUPES/out_yolo_ball_track_bytex_ball_labels_022__SHOT__t3028.10-t3059.70_718.txt","41","duplicate_exact"
"move","out/yolo/ball_track_bytex_ball_recall_tight/labels/022__SHOT__t3028.10-t3059.70_718.txt","DUPES/out_yolo_ball_track_bytex_ball_recall_tight_labels_022__SHOT__t3028.10-t3059.70_718.txt","41","duplicate_exact"
"move","out/yolo/ball_track_bytex_conf015/labels/022__SHOT__t3028.10-t3059.70_718.txt","DUPES/out_yolo_ball_track_bytex_conf015_labels_022__SHOT__t3028.10-t3059.70_718.txt","41","duplicate_exact"
"move","out/yolo/ball_track_cpu_hiRes/labels/022__SHOT__t3028.10-t3059.70_718.txt","DUPES/out_yolo_ball_track_cpu_hiRes_labels_022__SHOT__t3028.10-t3059.70_718.txt","41","duplicate_exact"
"move","out/yolo/ball_track_bytex_ball/labels/022__SHOT__t3028.10-t3059.70_719.txt","DUPES/out_yolo_ball_track_bytex_ball_labels_022__SHOT__t3028.10-t3059.70_719.txt","42","duplicate_exact"
"move","out/yolo/ball_track_bytex_ball_recall_tight/labels/022__SHOT__t3028.10-t3059.70_719.txt","DUPES/out_yolo_ball_track_bytex_ball_recall_tight_labels_022__SHOT__t3028.10-t3059.70_719.txt","42","duplicate_exact"
"move","out/yolo/ball_track_bytex_conf015/labels/022__SHOT__t3028.10-t3059.70_719.txt","DUPES/out_yolo_ball_track_bytex_conf015_labels_022__SHOT__t3028.10-t3059.70_719.txt","42","duplicate_exact"
"move","out/yolo/ball_track_cpu_hiRes/labels/022__SHOT__t3028.10-t3059.70_719.txt","DUPES/out_yolo_ball_track_cpu_hiRes_labels_022__SHOT__t3028.10-t3059.70_719.txt","42","duplicate_exact"
"move","out/yolo/ball_track_bytex_ball/labels/022__SHOT__t3028.10-t3059.70_720.txt","DUPES/out_yolo_ball_track_bytex_ball_labels_022__SHOT__t3028.10-t3059.70_720.txt","43","duplicate_exact"
"move","out/yolo/ball_track_bytex_ball_recall_tight/labels/022__SHOT__t3028.10-t3059.70_720.txt","DUPES/out_yolo_ball_track_bytex_ball_recall_tight_labels_022__SHOT__t3028.10-t3059.70_720.txt","43","duplicate_exact"
"move","out/yolo/ball_track_bytex_conf015/labels/022__SHOT__t3028.10-t3059.70_720.txt","DUPES/out_yolo_ball_track_bytex_conf015_labels_022__SHOT__t3028.10-t3059.70_720.txt","43","duplicate_exact"
"move","out/yolo/ball_track_cpu_hiRes/labels/022__SHOT__t3028.10-t3059.70_720.txt","DUPES/out_yolo_ball_track_cpu_hiRes_labels_022__SHOT__t3028.10-t3059.70_720.txt","43","duplicate_exact"
"move","out/yolo/ball_track_bytex_ball/labels/022__SHOT__t3028.10-t3059.70_727.txt","DUPES/out_yolo_ball_track_bytex_ball_labels_022__SHOT__t3028.10-t3059.70_727.txt","43","duplicate_exact"
"move","out/yolo/ball_track_bytex_ball_recall_tight/labels/022__SHOT__t3028.10-t3059.70_727.txt","DUPES/out_yolo_ball_track_bytex_ball_recall_tight_labels_022__SHOT__t3028.10-t3059.70_727.txt","43","duplicate_exact"
"move","out/yolo/ball_track_bytex_conf015/labels/022__SHOT__t3028.10-t3059.70_727.txt","DUPES/out_yolo_ball_track_bytex_conf015_labels_022__SHOT__t3028.10-t3059.70_727.txt","43","duplicate_exact"
"move","out/yolo/ball_track_cpu_hiRes/labels/022__SHOT__t3028.10-t3059.70_727.txt","DUPES/out_yolo_ball_track_cpu_hiRes_labels_022__SHOT__t3028.10-t3059.70_727.txt","43","duplicate_exact"
"move","out/yolo/ball_track_bytex_ball/labels/022__SHOT__t3028.10-t3059.70_728.txt","DUPES/out_yolo_ball_track_bytex_ball_labels_022__SHOT__t3028.10-t3059.70_728.txt","43","duplicate_exact"
"move","out/yolo/ball_track_bytex_ball_recall_tight/labels/022__SHOT__t3028.10-t3059.70_728.txt","DUPES/out_yolo_ball_track_bytex_ball_recall_tight_labels_022__SHOT__t3028.10-t3059.70_728.txt","43","duplicate_exact"
"move","out/yolo/ball_track_bytex_conf015/labels/022__SHOT__t3028.10-t3059.70_728.txt","DUPES/out_yolo_ball_track_bytex_conf015_labels_022__SHOT__t3028.10-t3059.70_728.txt","43","duplicate_exact"
"move","out/yolo/ball_track_cpu_hiRes/labels/022__SHOT__t3028.10-t3059.70_728.txt","DUPES/out_yolo_ball_track_cpu_hiRes_labels_022__SHOT__t3028.10-t3059.70_728.txt","43","duplicate_exact"
"move","out/yolo/ball_track_bytex_ball/labels/022__SHOT__t3028.10-t3059.70_731.txt","DUPES/out_yolo_ball_track_bytex_ball_labels_022__SHOT__t3028.10-t3059.70_731.txt","43","duplicate_exact"
"move","out/yolo/ball_track_bytex_ball_recall_tight/labels/022__SHOT__t3028.10-t3059.70_731.txt","DUPES/out_yolo_ball_track_bytex_ball_recall_tight_labels_022__SHOT__t3028.10-t3059.70_731.txt","43","duplicate_exact"
"move","out/yolo/ball_track_bytex_conf015/labels/022__SHOT__t3028.10-t3059.70_731.txt","DUPES/out_yolo_ball_track_bytex_conf015_labels_022__SHOT__t3028.10-t3059.70_731.txt","43","duplicate_exact"
"move","out/yolo/ball_track_cpu_hiRes/labels/022__SHOT__t3028.10-t3059.70_731.txt","DUPES/out_yolo_ball_track_cpu_hiRes_labels_022__SHOT__t3028.10-t3059.70_731.txt","43","duplicate_exact"
"move","out/yolo/ball_track_bytex_ball/labels/022__SHOT__t3028.10-t3059.70_733.txt","DUPES/out_yolo_ball_track_bytex_ball_labels_022__SHOT__t3028.10-t3059.70_733.txt","43","duplicate_exact"
"move","out/yolo/ball_track_bytex_ball_recall_tight/labels/022__SHOT__t3028.10-t3059.70_733.txt","DUPES/out_yolo_ball_track_bytex_ball_recall_tight_labels_022__SHOT__t3028.10-t3059.70_733.txt","43","duplicate_exact"
"move","out/yolo/ball_track_bytex_conf015/labels/022__SHOT__t3028.10-t3059.70_733.txt","DUPES/out_yolo_ball_track_bytex_conf015_labels_022__SHOT__t3028.10-t3059.70_733.txt","43","duplicate_exact"
"move","out/yolo/ball_track_cpu_hiRes/labels/022__SHOT__t3028.10-t3059.70_733.txt","DUPES/out_yolo_ball_track_cpu_hiRes_labels_022__SHOT__t3028.10-t3059.70_733.txt","43","duplicate_exact"
"move","out/yolo/ball_track_bytex_ball/labels/022__SHOT__t3028.10-t3059.70_734.txt","DUPES/out_yolo_ball_track_bytex_ball_labels_022__SHOT__t3028.10-t3059.70_734.txt","42","duplicate_exact"
"move","out/yolo/ball_track_bytex_ball_recall_tight/labels/022__SHOT__t3028.10-t3059.70_734.txt","DUPES/out_yolo_ball_track_bytex_ball_recall_tight_labels_022__SHOT__t3028.10-t3059.70_734.txt","42","duplicate_exact"
"move","out/yolo/ball_track_bytex_conf015/labels/022__SHOT__t3028.10-t3059.70_734.txt","DUPES/out_yolo_ball_track_bytex_conf015_labels_022__SHOT__t3028.10-t3059.70_734.txt","42","duplicate_exact"
"move","out/yolo/ball_track_cpu_hiRes/labels/022__SHOT__t3028.10-t3059.70_734.txt","DUPES/out_yolo_ball_track_cpu_hiRes_labels_022__SHOT__t3028.10-t3059.70_734.txt","42","duplicate_exact"
"move","out/yolo/ball_track_bytex_ball/labels/022__SHOT__t3028.10-t3059.70_735.txt","DUPES/out_yolo_ball_track_bytex_ball_labels_022__SHOT__t3028.10-t3059.70_735.txt","43","duplicate_exact"
"move","out/yolo/ball_track_bytex_ball_recall_tight/labels/022__SHOT__t3028.10-t3059.70_735.txt","DUPES/out_yolo_ball_track_bytex_ball_recall_tight_labels_022__SHOT__t3028.10-t3059.70_735.txt","43","duplicate_exact"
"move","out/yolo/ball_track_bytex_conf015/labels/022__SHOT__t3028.10-t3059.70_735.txt","DUPES/out_yolo_ball_track_bytex_conf015_labels_022__SHOT__t3028.10-t3059.70_735.txt","43","duplicate_exact"
"move","out/yolo/ball_track_cpu_hiRes/labels/022__SHOT__t3028.10-t3059.70_735.txt","DUPES/out_yolo_ball_track_cpu_hiRes_labels_022__SHOT__t3028.10-t3059.70_735.txt","43","duplicate_exact"
"move","out/yolo/ball_track_bytex_ball/labels/022__SHOT__t3028.10-t3059.70_736.txt","DUPES/out_yolo_ball_track_bytex_ball_labels_022__SHOT__t3028.10-t3059.70_736.txt","43","duplicate_exact"
"move","out/yolo/ball_track_bytex_ball_recall_tight/labels/022__SHOT__t3028.10-t3059.70_736.txt","DUPES/out_yolo_ball_track_bytex_ball_recall_tight_labels_022__SHOT__t3028.10-t3059.70_736.txt","43","duplicate_exact"
"move","out/yolo/ball_track_bytex_conf015/labels/022__SHOT__t3028.10-t3059.70_736.txt","DUPES/out_yolo_ball_track_bytex_conf015_labels_022__SHOT__t3028.10-t3059.70_736.txt","43","duplicate_exact"
"move","out/yolo/ball_track_cpu_hiRes/labels/022__SHOT__t3028.10-t3059.70_736.txt","DUPES/out_yolo_ball_track_cpu_hiRes_labels_022__SHOT__t3028.10-t3059.70_736.txt","43","duplicate_exact"
"move","out/yolo/ball_track_bytex_ball/labels/022__SHOT__t3028.10-t3059.70_737.txt","DUPES/out_yolo_ball_track_bytex_ball_labels_022__SHOT__t3028.10-t3059.70_737.txt","42","duplicate_exact"
"move","out/yolo/ball_track_bytex_ball_recall_tight/labels/022__SHOT__t3028.10-t3059.70_737.txt","DUPES/out_yolo_ball_track_bytex_ball_recall_tight_labels_022__SHOT__t3028.10-t3059.70_737.txt","42","duplicate_exact"
"move","out/yolo/ball_track_bytex_conf015/labels/022__SHOT__t3028.10-t3059.70_737.txt","DUPES/out_yolo_ball_track_bytex_conf015_labels_022__SHOT__t3028.10-t3059.70_737.txt","42","duplicate_exact"
"move","out/yolo/ball_track_cpu_hiRes/labels/022__SHOT__t3028.10-t3059.70_737.txt","DUPES/out_yolo_ball_track_cpu_hiRes_labels_022__SHOT__t3028.10-t3059.70_737.txt","42","duplicate_exact"
"move","out/yolo/ball_track_bytex_ball/labels/022__SHOT__t3028.10-t3059.70_738.txt","DUPES/out_yolo_ball_track_bytex_ball_labels_022__SHOT__t3028.10-t3059.70_738.txt","42","duplicate_exact"
"move","out/yolo/ball_track_bytex_ball_recall_tight/labels/022__SHOT__t3028.10-t3059.70_738.txt","DUPES/out_yolo_ball_track_bytex_ball_recall_tight_labels_022__SHOT__t3028.10-t3059.70_738.txt","42","duplicate_exact"
"move","out/yolo/ball_track_bytex_conf015/labels/022__SHOT__t3028.10-t3059.70_738.txt","DUPES/out_yolo_ball_track_bytex_conf015_labels_022__SHOT__t3028.10-t3059.70_738.txt","42","duplicate_exact"
"move","out/yolo/ball_track_cpu_hiRes/labels/022__SHOT__t3028.10-t3059.70_738.txt","DUPES/out_yolo_ball_track_cpu_hiRes_labels_022__SHOT__t3028.10-t3059.70_738.txt","42","duplicate_exact"
"move","out/yolo/ball_track_bytex_ball/labels/022__SHOT__t3028.10-t3059.70_742.txt","DUPES/out_yolo_ball_track_bytex_ball_labels_022__SHOT__t3028.10-t3059.70_742.txt","43","duplicate_exact"
"move","out/yolo/ball_track_bytex_conf015/labels/022__SHOT__t3028.10-t3059.70_742.txt","DUPES/out_yolo_ball_track_bytex_conf015_labels_022__SHOT__t3028.10-t3059.70_742.txt","43","duplicate_exact"
"move","out/yolo/ball_track_cpu_hiRes/labels/022__SHOT__t3028.10-t3059.70_742.txt","DUPES/out_yolo_ball_track_cpu_hiRes_labels_022__SHOT__t3028.10-t3059.70_742.txt","43","duplicate_exact"
"move","out/yolo/ball_track_bytex_ball/labels/022__SHOT__t3028.10-t3059.70_743.txt","DUPES/out_yolo_ball_track_bytex_ball_labels_022__SHOT__t3028.10-t3059.70_743.txt","42","duplicate_exact"
"move","out/yolo/ball_track_bytex_conf015/labels/022__SHOT__t3028.10-t3059.70_743.txt","DUPES/out_yolo_ball_track_bytex_conf015_labels_022__SHOT__t3028.10-t3059.70_743.txt","42","duplicate_exact"
"move","out/yolo/ball_track_cpu_hiRes/labels/022__SHOT__t3028.10-t3059.70_743.txt","DUPES/out_yolo_ball_track_cpu_hiRes_labels_022__SHOT__t3028.10-t3059.70_743.txt","42","duplicate_exact"
"move","out/yolo/ball_track_bytex_ball/labels/022__SHOT__t3028.10-t3059.70_98.txt","DUPES/out_yolo_ball_track_bytex_ball_labels_022__SHOT__t3028.10-t3059.70_98.txt","43","duplicate_exact"
"move","out/yolo/ball_track_bytex_conf015/labels/022__SHOT__t3028.10-t3059.70_98.txt","DUPES/out_yolo_ball_track_bytex_conf015_labels_022__SHOT__t3028.10-t3059.70_98.txt","43","duplicate_exact"
"move","out/yolo/ball_track_cpu_hiRes/labels/022__SHOT__t3028.10-t3059.70_98.txt","DUPES/out_yolo_ball_track_cpu_hiRes_labels_022__SHOT__t3028.10-t3059.70_98.txt","43","duplicate_exact"
"move","out/yolo/ball_track_cpu_hiRes/labels/022__SHOT__t3028.10-t3059.70_100.txt","DUPES/out_yolo_ball_track_cpu_hiRes_labels_022__SHOT__t3028.10-t3059.70_100.txt","42","duplicate_exact"
"move","out/yolo/ball_track_cpu_hiRes/labels/022__SHOT__t3028.10-t3059.70_101.txt","DUPES/out_yolo_ball_track_cpu_hiRes_labels_022__SHOT__t3028.10-t3059.70_101.txt","43","duplicate_exact"
"move","out/yolo/ball_track_cpu_hiRes/labels/022__SHOT__t3028.10-t3059.70_103.txt","DUPES/out_yolo_ball_track_cpu_hiRes_labels_022__SHOT__t3028.10-t3059.70_103.txt","42","duplicate_exact"
"move","out/yolo/ball_track_cpu_hiRes/labels/022__SHOT__t3028.10-t3059.70_148.txt","DUPES/out_yolo_ball_track_cpu_hiRes_labels_022__SHOT__t3028.10-t3059.70_148.txt","43","duplicate_exact"
"move","out/yolo/ball_track_cpu_hiRes/labels/022__SHOT__t3028.10-t3059.70_159.txt","DUPES/out_yolo_ball_track_cpu_hiRes_labels_022__SHOT__t3028.10-t3059.70_159.txt","42","duplicate_exact"
"move","out/yolo/ball_track_bytex_ball_recall_tight/labels/022__SHOT__t3028.10-t3059.70_160.txt","DUPES/out_yolo_ball_track_bytex_ball_recall_tight_labels_022__SHOT__t3028.10-t3059.70_160.txt","43","duplicate_exact"
"move","out/yolo/ball_track_cpu_hiRes/labels/022__SHOT__t3028.10-t3059.70_160.txt","DUPES/out_yolo_ball_track_cpu_hiRes_labels_022__SHOT__t3028.10-t3059.70_160.txt","43","duplicate_exact"
"move","out/yolo/ball_track_cpu_hiRes/labels/022__SHOT__t3028.10-t3059.70_161.txt","DUPES/out_yolo_ball_track_cpu_hiRes_labels_022__SHOT__t3028.10-t3059.70_161.txt","42","duplicate_exact"
"move","out/yolo/ball_track_bytex_ball_recall_tight/labels/022__SHOT__t3028.10-t3059.70_163.txt","DUPES/out_yolo_ball_track_bytex_ball_recall_tight_labels_022__SHOT__t3028.10-t3059.70_163.txt","43","duplicate_exact"
"move","out/yolo/ball_track_cpu_hiRes/labels/022__SHOT__t3028.10-t3059.70_163.txt","DUPES/out_yolo_ball_track_cpu_hiRes_labels_022__SHOT__t3028.10-t3059.70_163.txt","43","duplicate_exact"
"move","out/yolo/ball_track_cpu_hiRes/labels/022__SHOT__t3028.10-t3059.70_174.txt","DUPES/out_yolo_ball_track_cpu_hiRes_labels_022__SHOT__t3028.10-t3059.70_174.txt","42","duplicate_exact"
"move","out/yolo/ball_track_cpu_hiRes/labels/022__SHOT__t3028.10-t3059.70_244.txt","DUPES/out_yolo_ball_track_cpu_hiRes_labels_022__SHOT__t3028.10-t3059.70_244.txt","43","duplicate_exact"
"move","out/yolo/ball_track_bytex_ball_recall_tight/labels/022__SHOT__t3028.10-t3059.70_265.txt","DUPES/out_yolo_ball_track_bytex_ball_recall_tight_labels_022__SHOT__t3028.10-t3059.70_265.txt","43","duplicate_exact"
"move","out/yolo/ball_track_cpu_hiRes/labels/022__SHOT__t3028.10-t3059.70_265.txt","DUPES/out_yolo_ball_track_cpu_hiRes_labels_022__SHOT__t3028.10-t3059.70_265.txt","43","duplicate_exact"
"move","out/yolo/ball_track_cpu_hiRes/labels/022__SHOT__t3028.10-t3059.70_266.txt","DUPES/out_yolo_ball_track_cpu_hiRes_labels_022__SHOT__t3028.10-t3059.70_266.txt","46","duplicate_exact"
"move","out/yolo/ball_track_cpu_hiRes/labels/022__SHOT__t3028.10-t3059.70_268.txt","DUPES/out_yolo_ball_track_cpu_hiRes_labels_022__SHOT__t3028.10-t3059.70_268.txt","46","duplicate_exact"
"move","out/yolo/ball_track_cpu_hiRes/labels/022__SHOT__t3028.10-t3059.70_269.txt","DUPES/out_yolo_ball_track_cpu_hiRes_labels_022__SHOT__t3028.10-t3059.70_269.txt","45","duplicate_exact"
"move","out/yolo/ball_track_cpu_hiRes/labels/022__SHOT__t3028.10-t3059.70_270.txt","DUPES/out_yolo_ball_track_cpu_hiRes_labels_022__SHOT__t3028.10-t3059.70_270.txt","46","duplicate_exact"
"move","out/yolo/ball_track_cpu_hiRes/labels/022__SHOT__t3028.10-t3059.70_271.txt","DUPES/out_yolo_ball_track_cpu_hiRes_labels_022__SHOT__t3028.10-t3059.70_271.txt","44","duplicate_exact"
"move","out/yolo/ball_track_cpu_hiRes/labels/022__SHOT__t3028.10-t3059.70_272.txt","DUPES/out_yolo_ball_track_cpu_hiRes_labels_022__SHOT__t3028.10-t3059.70_272.txt","46","duplicate_exact"
"move","out/yolo/ball_track_cpu_hiRes/labels/022__SHOT__t3028.10-t3059.70_273.txt","DUPES/out_yolo_ball_track_cpu_hiRes_labels_022__SHOT__t3028.10-t3059.70_273.txt","46","duplicate_exact"
"move","out/yolo/ball_track_cpu_hiRes/labels/022__SHOT__t3028.10-t3059.70_275.txt","DUPES/out_yolo_ball_track_cpu_hiRes_labels_022__SHOT__t3028.10-t3059.70_275.txt","46","duplicate_exact"
"move","out/yolo/ball_track_cpu_hiRes/labels/022__SHOT__t3028.10-t3059.70_276.txt","DUPES/out_yolo_ball_track_cpu_hiRes_labels_022__SHOT__t3028.10-t3059.70_276.txt","45","duplicate_exact"
"move","out/yolo/ball_track_cpu_hiRes/labels/022__SHOT__t3028.10-t3059.70_296.txt","DUPES/out_yolo_ball_track_cpu_hiRes_labels_022__SHOT__t3028.10-t3059.70_296.txt","42","duplicate_exact"
"move","out/yolo/ball_track_cpu_hiRes/labels/022__SHOT__t3028.10-t3059.70_356.txt","DUPES/out_yolo_ball_track_cpu_hiRes_labels_022__SHOT__t3028.10-t3059.70_356.txt","41","duplicate_exact"
"move","out/yolo/ball_track_cpu_hiRes/labels/022__SHOT__t3028.10-t3059.70_366.txt","DUPES/out_yolo_ball_track_cpu_hiRes_labels_022__SHOT__t3028.10-t3059.70_366.txt","41","duplicate_exact"
"move","out/yolo/ball_track_bytex_ball_recall_tight/labels/022__SHOT__t3028.10-t3059.70_382.txt","DUPES/out_yolo_ball_track_bytex_ball_recall_tight_labels_022__SHOT__t3028.10-t3059.70_382.txt","43","duplicate_exact"
"move","out/yolo/ball_track_cpu_hiRes/labels/022__SHOT__t3028.10-t3059.70_382.txt","DUPES/out_yolo_ball_track_cpu_hiRes_labels_022__SHOT__t3028.10-t3059.70_382.txt","43","duplicate_exact"
"move","out/yolo/ball_track_cpu_hiRes/labels/022__SHOT__t3028.10-t3059.70_383.txt","DUPES/out_yolo_ball_track_cpu_hiRes_labels_022__SHOT__t3028.10-t3059.70_383.txt","46","duplicate_exact"
"move","out/yolo/ball_track_cpu_hiRes/labels/022__SHOT__t3028.10-t3059.70_384.txt","DUPES/out_yolo_ball_track_cpu_hiRes_labels_022__SHOT__t3028.10-t3059.70_384.txt","46","duplicate_exact"
"move","out/yolo/ball_track_cpu_hiRes/labels/022__SHOT__t3028.10-t3059.70_385.txt","DUPES/out_yolo_ball_track_cpu_hiRes_labels_022__SHOT__t3028.10-t3059.70_385.txt","46","duplicate_exact"
"move","out/yolo/ball_track_cpu_hiRes/labels/022__SHOT__t3028.10-t3059.70_386.txt","DUPES/out_yolo_ball_track_cpu_hiRes_labels_022__SHOT__t3028.10-t3059.70_386.txt","42","duplicate_exact"
"move","out/yolo/ball_track_cpu_hiRes/labels/022__SHOT__t3028.10-t3059.70_387.txt","DUPES/out_yolo_ball_track_cpu_hiRes_labels_022__SHOT__t3028.10-t3059.70_387.txt","45","duplicate_exact"
"move","out/yolo/ball_track_cpu_hiRes/labels/022__SHOT__t3028.10-t3059.70_388.txt","DUPES/out_yolo_ball_track_cpu_hiRes_labels_022__SHOT__t3028.10-t3059.70_388.txt","43","duplicate_exact"
"move","out/yolo/ball_track_cpu_hiRes/labels/022__SHOT__t3028.10-t3059.70_389.txt","DUPES/out_yolo_ball_track_cpu_hiRes_labels_022__SHOT__t3028.10-t3059.70_389.txt","45","duplicate_exact"
"move","out/yolo/ball_track_cpu_hiRes/labels/022__SHOT__t3028.10-t3059.70_391.txt","DUPES/out_yolo_ball_track_cpu_hiRes_labels_022__SHOT__t3028.10-t3059.70_391.txt","46","duplicate_exact"
"move","out/yolo/ball_track_cpu_hiRes/labels/022__SHOT__t3028.10-t3059.70_392.txt","DUPES/out_yolo_ball_track_cpu_hiRes_labels_022__SHOT__t3028.10-t3059.70_392.txt","46","duplicate_exact"
"move","out/yolo/ball_track_cpu_hiRes/labels/022__SHOT__t3028.10-t3059.70_393.txt","DUPES/out_yolo_ball_track_cpu_hiRes_labels_022__SHOT__t3028.10-t3059.70_393.txt","46","duplicate_exact"
"move","out/yolo/ball_track_bytex_ball_recall_tight/labels/022__SHOT__t3028.10-t3059.70_396.txt","DUPES/out_yolo_ball_track_bytex_ball_recall_tight_labels_022__SHOT__t3028.10-t3059.70_396.txt","43","duplicate_exact"
"move","out/yolo/ball_track_cpu_hiRes/labels/022__SHOT__t3028.10-t3059.70_396.txt","DUPES/out_yolo_ball_track_cpu_hiRes_labels_022__SHOT__t3028.10-t3059.70_396.txt","43","duplicate_exact"
"move","out/yolo/ball_track_cpu_hiRes/labels/022__SHOT__t3028.10-t3059.70_397.txt","DUPES/out_yolo_ball_track_cpu_hiRes_labels_022__SHOT__t3028.10-t3059.70_397.txt","43","duplicate_exact"
"move","out/yolo/ball_track_cpu_hiRes/labels/022__SHOT__t3028.10-t3059.70_398.txt","DUPES/out_yolo_ball_track_cpu_hiRes_labels_022__SHOT__t3028.10-t3059.70_398.txt","43","duplicate_exact"
"move","out/yolo/ball_track_cpu_hiRes/labels/022__SHOT__t3028.10-t3059.70_407.txt","DUPES/out_yolo_ball_track_cpu_hiRes_labels_022__SHOT__t3028.10-t3059.70_407.txt","46","duplicate_exact"
"move","out/yolo/ball_track_cpu_hiRes/labels/022__SHOT__t3028.10-t3059.70_408.txt","DUPES/out_yolo_ball_track_cpu_hiRes_labels_022__SHOT__t3028.10-t3059.70_408.txt","46","duplicate_exact"
"move","out/yolo/ball_track_cpu_hiRes/labels/022__SHOT__t3028.10-t3059.70_409.txt","DUPES/out_yolo_ball_track_cpu_hiRes_labels_022__SHOT__t3028.10-t3059.70_409.txt","46","duplicate_exact"
"move","out/yolo/ball_track_cpu_hiRes/labels/022__SHOT__t3028.10-t3059.70_410.txt","DUPES/out_yolo_ball_track_cpu_hiRes_labels_022__SHOT__t3028.10-t3059.70_410.txt","45","duplicate_exact"
"move","out/yolo/ball_track_cpu_hiRes/labels/022__SHOT__t3028.10-t3059.70_411.txt","DUPES/out_yolo_ball_track_cpu_hiRes_labels_022__SHOT__t3028.10-t3059.70_411.txt","45","duplicate_exact"
"move","out/yolo/ball_track_cpu_hiRes/labels/022__SHOT__t3028.10-t3059.70_412.txt","DUPES/out_yolo_ball_track_cpu_hiRes_labels_022__SHOT__t3028.10-t3059.70_412.txt","44","duplicate_exact"
"move","out/yolo/ball_track_cpu_hiRes/labels/022__SHOT__t3028.10-t3059.70_413.txt","DUPES/out_yolo_ball_track_cpu_hiRes_labels_022__SHOT__t3028.10-t3059.70_413.txt","46","duplicate_exact"
"move","out/yolo/ball_track_cpu_hiRes/labels/022__SHOT__t3028.10-t3059.70_414.txt","DUPES/out_yolo_ball_track_cpu_hiRes_labels_022__SHOT__t3028.10-t3059.70_414.txt","45","duplicate_exact"
"move","out/yolo/ball_track_cpu_hiRes/labels/022__SHOT__t3028.10-t3059.70_415.txt","DUPES/out_yolo_ball_track_cpu_hiRes_labels_022__SHOT__t3028.10-t3059.70_415.txt","46","duplicate_exact"
"move","out/yolo/ball_track_cpu_hiRes/labels/022__SHOT__t3028.10-t3059.70_416.txt","DUPES/out_yolo_ball_track_cpu_hiRes_labels_022__SHOT__t3028.10-t3059.70_416.txt","46","duplicate_exact"
"move","out/yolo/ball_track_cpu_hiRes/labels/022__SHOT__t3028.10-t3059.70_417.txt","DUPES/out_yolo_ball_track_cpu_hiRes_labels_022__SHOT__t3028.10-t3059.70_417.txt","46","duplicate_exact"
"move","out/yolo/ball_track_cpu_hiRes/labels/022__SHOT__t3028.10-t3059.70_418.txt","DUPES/out_yolo_ball_track_cpu_hiRes_labels_022__SHOT__t3028.10-t3059.70_418.txt","46","duplicate_exact"
"move","out/yolo/ball_track_cpu_hiRes/labels/022__SHOT__t3028.10-t3059.70_419.txt","DUPES/out_yolo_ball_track_cpu_hiRes_labels_022__SHOT__t3028.10-t3059.70_419.txt","46","duplicate_exact"
"move","out/yolo/ball_track_cpu_hiRes/labels/022__SHOT__t3028.10-t3059.70_420.txt","DUPES/out_yolo_ball_track_cpu_hiRes_labels_022__SHOT__t3028.10-t3059.70_420.txt","45","duplicate_exact"
"move","out/yolo/ball_track_bytex_ball_recall_tight/labels/022__SHOT__t3028.10-t3059.70_421.txt","DUPES/out_yolo_ball_track_bytex_ball_recall_tight_labels_022__SHOT__t3028.10-t3059.70_421.txt","43","duplicate_exact"
"move","out/yolo/ball_track_cpu_hiRes/labels/022__SHOT__t3028.10-t3059.70_421.txt","DUPES/out_yolo_ball_track_cpu_hiRes_labels_022__SHOT__t3028.10-t3059.70_421.txt","43","duplicate_exact"
"move","out/yolo/ball_track_cpu_hiRes/labels/022__SHOT__t3028.10-t3059.70_422.txt","DUPES/out_yolo_ball_track_cpu_hiRes_labels_022__SHOT__t3028.10-t3059.70_422.txt","45","duplicate_exact"
"move","out/yolo/ball_track_cpu_hiRes/labels/022__SHOT__t3028.10-t3059.70_426.txt","DUPES/out_yolo_ball_track_cpu_hiRes_labels_022__SHOT__t3028.10-t3059.70_426.txt","42","duplicate_exact"
"move","out/yolo/ball_track_cpu_hiRes/labels/022__SHOT__t3028.10-t3059.70_435.txt","DUPES/out_yolo_ball_track_cpu_hiRes_labels_022__SHOT__t3028.10-t3059.70_435.txt","40","duplicate_exact"
"move","out/yolo/ball_track_cpu_hiRes/labels/022__SHOT__t3028.10-t3059.70_436.txt","DUPES/out_yolo_ball_track_cpu_hiRes_labels_022__SHOT__t3028.10-t3059.70_436.txt","43","duplicate_exact"
"move","out/yolo/ball_track_cpu_hiRes/labels/022__SHOT__t3028.10-t3059.70_441.txt","DUPES/out_yolo_ball_track_cpu_hiRes_labels_022__SHOT__t3028.10-t3059.70_441.txt","43","duplicate_exact"
"move","out/yolo/ball_track_cpu_hiRes/labels/022__SHOT__t3028.10-t3059.70_474.txt","DUPES/out_yolo_ball_track_cpu_hiRes_labels_022__SHOT__t3028.10-t3059.70_474.txt","43","duplicate_exact"
"move","out/yolo/ball_track_cpu_hiRes/labels/022__SHOT__t3028.10-t3059.70_479.txt","DUPES/out_yolo_ball_track_cpu_hiRes_labels_022__SHOT__t3028.10-t3059.70_479.txt","44","duplicate_exact"
"move","out/yolo/ball_track_cpu_hiRes/labels/022__SHOT__t3028.10-t3059.70_500.txt","DUPES/out_yolo_ball_track_cpu_hiRes_labels_022__SHOT__t3028.10-t3059.70_500.txt","47","duplicate_exact"
"move","out/yolo/ball_track_bytex_ball_recall_tight/labels/022__SHOT__t3028.10-t3059.70_519.txt","DUPES/out_yolo_ball_track_bytex_ball_recall_tight_labels_022__SHOT__t3028.10-t3059.70_519.txt","43","duplicate_exact"
"move","out/yolo/ball_track_cpu_hiRes/labels/022__SHOT__t3028.10-t3059.70_519.txt","DUPES/out_yolo_ball_track_cpu_hiRes_labels_022__SHOT__t3028.10-t3059.70_519.txt","43","duplicate_exact"
"move","out/yolo/ball_track_bytex_ball_recall_tight/labels/022__SHOT__t3028.10-t3059.70_520.txt","DUPES/out_yolo_ball_track_bytex_ball_recall_tight_labels_022__SHOT__t3028.10-t3059.70_520.txt","43","duplicate_exact"
"move","out/yolo/ball_track_cpu_hiRes/labels/022__SHOT__t3028.10-t3059.70_520.txt","DUPES/out_yolo_ball_track_cpu_hiRes_labels_022__SHOT__t3028.10-t3059.70_520.txt","43","duplicate_exact"
"move","out/yolo/ball_track_cpu_hiRes/labels/022__SHOT__t3028.10-t3059.70_528.txt","DUPES/out_yolo_ball_track_cpu_hiRes_labels_022__SHOT__t3028.10-t3059.70_528.txt","43","duplicate_exact"
"move","out/yolo/ball_track_bytex_ball_recall_tight/labels/022__SHOT__t3028.10-t3059.70_570.txt","DUPES/out_yolo_ball_track_bytex_ball_recall_tight_labels_022__SHOT__t3028.10-t3059.70_570.txt","43","duplicate_exact"
"move","out/yolo/ball_track_cpu_hiRes/labels/022__SHOT__t3028.10-t3059.70_570.txt","DUPES/out_yolo_ball_track_cpu_hiRes_labels_022__SHOT__t3028.10-t3059.70_570.txt","43","duplicate_exact"
"move","out/yolo/ball_track_bytex_ball_recall_tight/labels/022__SHOT__t3028.10-t3059.70_582.txt","DUPES/out_yolo_ball_track_bytex_ball_recall_tight_labels_022__SHOT__t3028.10-t3059.70_582.txt","43","duplicate_exact"
"move","out/yolo/ball_track_cpu_hiRes/labels/022__SHOT__t3028.10-t3059.70_582.txt","DUPES/out_yolo_ball_track_cpu_hiRes_labels_022__SHOT__t3028.10-t3059.70_582.txt","43","duplicate_exact"
"move","out/yolo/ball_track_cpu_hiRes/labels/022__SHOT__t3028.10-t3059.70_586.txt","DUPES/out_yolo_ball_track_cpu_hiRes_labels_022__SHOT__t3028.10-t3059.70_586.txt","44","duplicate_exact"
"move","out/yolo/ball_track_cpu_hiRes/labels/022__SHOT__t3028.10-t3059.70_587.txt","DUPES/out_yolo_ball_track_cpu_hiRes_labels_022__SHOT__t3028.10-t3059.70_587.txt","47","duplicate_exact"
"move","out/yolo/ball_track_cpu_hiRes/labels/022__SHOT__t3028.10-t3059.70_588.txt","DUPES/out_yolo_ball_track_cpu_hiRes_labels_022__SHOT__t3028.10-t3059.70_588.txt","47","duplicate_exact"
"move","out/yolo/ball_track_cpu_hiRes/labels/022__SHOT__t3028.10-t3059.70_589.txt","DUPES/out_yolo_ball_track_cpu_hiRes_labels_022__SHOT__t3028.10-t3059.70_589.txt","47","duplicate_exact"
"move","out/yolo/ball_track_cpu_hiRes/labels/022__SHOT__t3028.10-t3059.70_590.txt","DUPES/out_yolo_ball_track_cpu_hiRes_labels_022__SHOT__t3028.10-t3059.70_590.txt","47","duplicate_exact"
"move","out/yolo/ball_track_cpu_hiRes/labels/022__SHOT__t3028.10-t3059.70_591.txt","DUPES/out_yolo_ball_track_cpu_hiRes_labels_022__SHOT__t3028.10-t3059.70_591.txt","46","duplicate_exact"
"move","out/yolo/ball_track_cpu_hiRes/labels/022__SHOT__t3028.10-t3059.70_592.txt","DUPES/out_yolo_ball_track_cpu_hiRes_labels_022__SHOT__t3028.10-t3059.70_592.txt","47","duplicate_exact"
"move","out/yolo/ball_track_cpu_hiRes/labels/022__SHOT__t3028.10-t3059.70_593.txt","DUPES/out_yolo_ball_track_cpu_hiRes_labels_022__SHOT__t3028.10-t3059.70_593.txt","46","duplicate_exact"
"move","out/yolo/ball_track_cpu_hiRes/labels/022__SHOT__t3028.10-t3059.70_594.txt","DUPES/out_yolo_ball_track_cpu_hiRes_labels_022__SHOT__t3028.10-t3059.70_594.txt","47","duplicate_exact"
"move","out/yolo/ball_track_cpu_hiRes/labels/022__SHOT__t3028.10-t3059.70_595.txt","DUPES/out_yolo_ball_track_cpu_hiRes_labels_022__SHOT__t3028.10-t3059.70_595.txt","46","duplicate_exact"
"move","out/yolo/ball_track_cpu_hiRes/labels/022__SHOT__t3028.10-t3059.70_596.txt","DUPES/out_yolo_ball_track_cpu_hiRes_labels_022__SHOT__t3028.10-t3059.70_596.txt","47","duplicate_exact"
"move","out/yolo/ball_track_cpu_hiRes/labels/022__SHOT__t3028.10-t3059.70_597.txt","DUPES/out_yolo_ball_track_cpu_hiRes_labels_022__SHOT__t3028.10-t3059.70_597.txt","46","duplicate_exact"
"move","out/yolo/ball_track_cpu_hiRes/labels/022__SHOT__t3028.10-t3059.70_598.txt","DUPES/out_yolo_ball_track_cpu_hiRes_labels_022__SHOT__t3028.10-t3059.70_598.txt","47","duplicate_exact"
"move","out/yolo/ball_track_cpu_hiRes/labels/022__SHOT__t3028.10-t3059.70_620.txt","DUPES/out_yolo_ball_track_cpu_hiRes_labels_022__SHOT__t3028.10-t3059.70_620.txt","46","duplicate_exact"
"move","out/yolo/ball_track_cpu_hiRes/labels/022__SHOT__t3028.10-t3059.70_622.txt","DUPES/out_yolo_ball_track_cpu_hiRes_labels_022__SHOT__t3028.10-t3059.70_622.txt","45","duplicate_exact"
"move","out/yolo/ball_track_bytex_ball_recall_tight/labels/022__SHOT__t3028.10-t3059.70_630.txt","DUPES/out_yolo_ball_track_bytex_ball_recall_tight_labels_022__SHOT__t3028.10-t3059.70_630.txt","42","duplicate_exact"
"move","out/yolo/ball_track_cpu_hiRes/labels/022__SHOT__t3028.10-t3059.70_630.txt","DUPES/out_yolo_ball_track_cpu_hiRes_labels_022__SHOT__t3028.10-t3059.70_630.txt","42","duplicate_exact"
"move","out/yolo/ball_track_bytex_ball_recall_tight/labels/022__SHOT__t3028.10-t3059.70_632.txt","DUPES/out_yolo_ball_track_bytex_ball_recall_tight_labels_022__SHOT__t3028.10-t3059.70_632.txt","43","duplicate_exact"
"move","out/yolo/ball_track_cpu_hiRes/labels/022__SHOT__t3028.10-t3059.70_632.txt","DUPES/out_yolo_ball_track_cpu_hiRes_labels_022__SHOT__t3028.10-t3059.70_632.txt","43","duplicate_exact"
"move","out/yolo/ball_track_cpu_hiRes/labels/022__SHOT__t3028.10-t3059.70_633.txt","DUPES/out_yolo_ball_track_cpu_hiRes_labels_022__SHOT__t3028.10-t3059.70_633.txt","46","duplicate_exact"
"move","out/yolo/ball_track_cpu_hiRes/labels/022__SHOT__t3028.10-t3059.70_634.txt","DUPES/out_yolo_ball_track_cpu_hiRes_labels_022__SHOT__t3028.10-t3059.70_634.txt","46","duplicate_exact"
"move","out/yolo/ball_track_cpu_hiRes/labels/022__SHOT__t3028.10-t3059.70_635.txt","DUPES/out_yolo_ball_track_cpu_hiRes_labels_022__SHOT__t3028.10-t3059.70_635.txt","47","duplicate_exact"
"move","out/yolo/ball_track_cpu_hiRes/labels/022__SHOT__t3028.10-t3059.70_636.txt","DUPES/out_yolo_ball_track_cpu_hiRes_labels_022__SHOT__t3028.10-t3059.70_636.txt","47","duplicate_exact"
"move","out/yolo/ball_track_cpu_hiRes/labels/022__SHOT__t3028.10-t3059.70_637.txt","DUPES/out_yolo_ball_track_cpu_hiRes_labels_022__SHOT__t3028.10-t3059.70_637.txt","47","duplicate_exact"
"move","out/yolo/ball_track_cpu_hiRes/labels/022__SHOT__t3028.10-t3059.70_638.txt","DUPES/out_yolo_ball_track_cpu_hiRes_labels_022__SHOT__t3028.10-t3059.70_638.txt","47","duplicate_exact"
"move","out/yolo/ball_track_bytex_ball_recall_tight/labels/022__SHOT__t3028.10-t3059.70_642.txt","DUPES/out_yolo_ball_track_bytex_ball_recall_tight_labels_022__SHOT__t3028.10-t3059.70_642.txt","42","duplicate_exact"
"move","out/yolo/ball_track_cpu_hiRes/labels/022__SHOT__t3028.10-t3059.70_642.txt","DUPES/out_yolo_ball_track_cpu_hiRes_labels_022__SHOT__t3028.10-t3059.70_642.txt","42","duplicate_exact"
"move","out/yolo/ball_track_bytex_ball_recall_tight/labels/022__SHOT__t3028.10-t3059.70_643.txt","DUPES/out_yolo_ball_track_bytex_ball_recall_tight_labels_022__SHOT__t3028.10-t3059.70_643.txt","42","duplicate_exact"
"move","out/yolo/ball_track_cpu_hiRes/labels/022__SHOT__t3028.10-t3059.70_643.txt","DUPES/out_yolo_ball_track_cpu_hiRes_labels_022__SHOT__t3028.10-t3059.70_643.txt","42","duplicate_exact"
"move","out/yolo/ball_track_cpu_hiRes/labels/022__SHOT__t3028.10-t3059.70_644.txt","DUPES/out_yolo_ball_track_cpu_hiRes_labels_022__SHOT__t3028.10-t3059.70_644.txt","44","duplicate_exact"
"move","out/yolo/ball_track_bytex_ball_recall_tight/labels/022__SHOT__t3028.10-t3059.70_645.txt","DUPES/out_yolo_ball_track_bytex_ball_recall_tight_labels_022__SHOT__t3028.10-t3059.70_645.txt","43","duplicate_exact"
"move","out/yolo/ball_track_cpu_hiRes/labels/022__SHOT__t3028.10-t3059.70_645.txt","DUPES/out_yolo_ball_track_cpu_hiRes_labels_022__SHOT__t3028.10-t3059.70_645.txt","43","duplicate_exact"
"move","out/yolo/ball_track_cpu_hiRes/labels/022__SHOT__t3028.10-t3059.70_646.txt","DUPES/out_yolo_ball_track_cpu_hiRes_labels_022__SHOT__t3028.10-t3059.70_646.txt","47","duplicate_exact"
"move","out/yolo/ball_track_cpu_hiRes/labels/022__SHOT__t3028.10-t3059.70_647.txt","DUPES/out_yolo_ball_track_cpu_hiRes_labels_022__SHOT__t3028.10-t3059.70_647.txt","47","duplicate_exact"
"move","out/yolo/ball_track_cpu_hiRes/labels/022__SHOT__t3028.10-t3059.70_648.txt","DUPES/out_yolo_ball_track_cpu_hiRes_labels_022__SHOT__t3028.10-t3059.70_648.txt","46","duplicate_exact"
"move","out/yolo/ball_track_cpu_hiRes/labels/022__SHOT__t3028.10-t3059.70_649.txt","DUPES/out_yolo_ball_track_cpu_hiRes_labels_022__SHOT__t3028.10-t3059.70_649.txt","47","duplicate_exact"
"move","out/yolo/ball_track_cpu_hiRes/labels/022__SHOT__t3028.10-t3059.70_650.txt","DUPES/out_yolo_ball_track_cpu_hiRes_labels_022__SHOT__t3028.10-t3059.70_650.txt","47","duplicate_exact"
"move","out/yolo/ball_track_cpu_hiRes/labels/022__SHOT__t3028.10-t3059.70_651.txt","DUPES/out_yolo_ball_track_cpu_hiRes_labels_022__SHOT__t3028.10-t3059.70_651.txt","47","duplicate_exact"
"move","out/yolo/ball_track_cpu_hiRes/labels/022__SHOT__t3028.10-t3059.70_652.txt","DUPES/out_yolo_ball_track_cpu_hiRes_labels_022__SHOT__t3028.10-t3059.70_652.txt","47","duplicate_exact"
"move","out/yolo/ball_track_cpu_hiRes/labels/022__SHOT__t3028.10-t3059.70_653.txt","DUPES/out_yolo_ball_track_cpu_hiRes_labels_022__SHOT__t3028.10-t3059.70_653.txt","46","duplicate_exact"
"move","out/yolo/ball_track_cpu_hiRes/labels/022__SHOT__t3028.10-t3059.70_654.txt","DUPES/out_yolo_ball_track_cpu_hiRes_labels_022__SHOT__t3028.10-t3059.70_654.txt","44","duplicate_exact"
"move","out/yolo/ball_track_cpu_hiRes/labels/022__SHOT__t3028.10-t3059.70_655.txt","DUPES/out_yolo_ball_track_cpu_hiRes_labels_022__SHOT__t3028.10-t3059.70_655.txt","47","duplicate_exact"
"move","out/yolo/ball_track_cpu_hiRes/labels/022__SHOT__t3028.10-t3059.70_657.txt","DUPES/out_yolo_ball_track_cpu_hiRes_labels_022__SHOT__t3028.10-t3059.70_657.txt","42","duplicate_exact"
"move","out/yolo/ball_track_cpu_hiRes/labels/022__SHOT__t3028.10-t3059.70_660.txt","DUPES/out_yolo_ball_track_cpu_hiRes_labels_022__SHOT__t3028.10-t3059.70_660.txt","42","duplicate_exact"
"move","out/yolo/ball_track_bytex_ball_recall_tight/labels/022__SHOT__t3028.10-t3059.70_661.txt","DUPES/out_yolo_ball_track_bytex_ball_recall_tight_labels_022__SHOT__t3028.10-t3059.70_661.txt","42","duplicate_exact"
"move","out/yolo/ball_track_cpu_hiRes/labels/022__SHOT__t3028.10-t3059.70_661.txt","DUPES/out_yolo_ball_track_cpu_hiRes_labels_022__SHOT__t3028.10-t3059.70_661.txt","42","duplicate_exact"
"move","out/yolo/ball_track_bytex_ball_recall_tight/labels/022__SHOT__t3028.10-t3059.70_662.txt","DUPES/out_yolo_ball_track_bytex_ball_recall_tight_labels_022__SHOT__t3028.10-t3059.70_662.txt","42","duplicate_exact"
"move","out/yolo/ball_track_cpu_hiRes/labels/022__SHOT__t3028.10-t3059.70_662.txt","DUPES/out_yolo_ball_track_cpu_hiRes_labels_022__SHOT__t3028.10-t3059.70_662.txt","42","duplicate_exact"
"move","out/yolo/ball_track_bytex_ball_recall_tight/labels/022__SHOT__t3028.10-t3059.70_663.txt","DUPES/out_yolo_ball_track_bytex_ball_recall_tight_labels_022__SHOT__t3028.10-t3059.70_663.txt","41","duplicate_exact"
"move","out/yolo/ball_track_cpu_hiRes/labels/022__SHOT__t3028.10-t3059.70_663.txt","DUPES/out_yolo_ball_track_cpu_hiRes_labels_022__SHOT__t3028.10-t3059.70_663.txt","41","duplicate_exact"
"move","out/yolo/ball_track_bytex_ball_recall_tight/labels/022__SHOT__t3028.10-t3059.70_664.txt","DUPES/out_yolo_ball_track_bytex_ball_recall_tight_labels_022__SHOT__t3028.10-t3059.70_664.txt","41","duplicate_exact"
"move","out/yolo/ball_track_cpu_hiRes/labels/022__SHOT__t3028.10-t3059.70_664.txt","DUPES/out_yolo_ball_track_cpu_hiRes_labels_022__SHOT__t3028.10-t3059.70_664.txt","41","duplicate_exact"
"move","out/yolo/ball_track_bytex_ball_recall_tight/labels/022__SHOT__t3028.10-t3059.70_665.txt","DUPES/out_yolo_ball_track_bytex_ball_recall_tight_labels_022__SHOT__t3028.10-t3059.70_665.txt","43","duplicate_exact"
"move","out/yolo/ball_track_cpu_hiRes/labels/022__SHOT__t3028.10-t3059.70_665.txt","DUPES/out_yolo_ball_track_cpu_hiRes_labels_022__SHOT__t3028.10-t3059.70_665.txt","43","duplicate_exact"
"move","out/yolo/ball_track_bytex_ball_recall_tight/labels/022__SHOT__t3028.10-t3059.70_666.txt","DUPES/out_yolo_ball_track_bytex_ball_recall_tight_labels_022__SHOT__t3028.10-t3059.70_666.txt","43","duplicate_exact"
"move","out/yolo/ball_track_cpu_hiRes/labels/022__SHOT__t3028.10-t3059.70_666.txt","DUPES/out_yolo_ball_track_cpu_hiRes_labels_022__SHOT__t3028.10-t3059.70_666.txt","43","duplicate_exact"
"move","out/yolo/ball_track_bytex_ball_recall_tight/labels/022__SHOT__t3028.10-t3059.70_667.txt","DUPES/out_yolo_ball_track_bytex_ball_recall_tight_labels_022__SHOT__t3028.10-t3059.70_667.txt","42","duplicate_exact"
"move","out/yolo/ball_track_cpu_hiRes/labels/022__SHOT__t3028.10-t3059.70_667.txt","DUPES/out_yolo_ball_track_cpu_hiRes_labels_022__SHOT__t3028.10-t3059.70_667.txt","42","duplicate_exact"
"move","out/yolo/ball_track_cpu_hiRes/labels/022__SHOT__t3028.10-t3059.70_668.txt","DUPES/out_yolo_ball_track_cpu_hiRes_labels_022__SHOT__t3028.10-t3059.70_668.txt","47","duplicate_exact"
"move","out/yolo/ball_track_cpu_hiRes/labels/022__SHOT__t3028.10-t3059.70_669.txt","DUPES/out_yolo_ball_track_cpu_hiRes_labels_022__SHOT__t3028.10-t3059.70_669.txt","47","duplicate_exact"
"move","out/yolo/ball_track_cpu_hiRes/labels/022__SHOT__t3028.10-t3059.70_670.txt","DUPES/out_yolo_ball_track_cpu_hiRes_labels_022__SHOT__t3028.10-t3059.70_670.txt","46","duplicate_exact"
"move","out/yolo/ball_track_cpu_hiRes/labels/022__SHOT__t3028.10-t3059.70_671.txt","DUPES/out_yolo_ball_track_cpu_hiRes_labels_022__SHOT__t3028.10-t3059.70_671.txt","46","duplicate_exact"
"move","out/yolo/ball_track_cpu_hiRes/labels/022__SHOT__t3028.10-t3059.70_672.txt","DUPES/out_yolo_ball_track_cpu_hiRes_labels_022__SHOT__t3028.10-t3059.70_672.txt","46","duplicate_exact"
"move","out/yolo/ball_track_cpu_hiRes/labels/022__SHOT__t3028.10-t3059.70_673.txt","DUPES/out_yolo_ball_track_cpu_hiRes_labels_022__SHOT__t3028.10-t3059.70_673.txt","47","duplicate_exact"
"move","out/yolo/ball_track_cpu_hiRes/labels/022__SHOT__t3028.10-t3059.70_674.txt","DUPES/out_yolo_ball_track_cpu_hiRes_labels_022__SHOT__t3028.10-t3059.70_674.txt","47","duplicate_exact"
"move","out/yolo/ball_track_cpu_hiRes/labels/022__SHOT__t3028.10-t3059.70_681.txt","DUPES/out_yolo_ball_track_cpu_hiRes_labels_022__SHOT__t3028.10-t3059.70_681.txt","44","duplicate_exact"
"move","out/yolo/ball_track_cpu_hiRes/labels/022__SHOT__t3028.10-t3059.70_682.txt","DUPES/out_yolo_ball_track_cpu_hiRes_labels_022__SHOT__t3028.10-t3059.70_682.txt","43","duplicate_exact"
"move","out/yolo/ball_track_bytex_ball_recall_tight/labels/022__SHOT__t3028.10-t3059.70_687.txt","DUPES/out_yolo_ball_track_bytex_ball_recall_tight_labels_022__SHOT__t3028.10-t3059.70_687.txt","43","duplicate_exact"
"move","out/yolo/ball_track_cpu_hiRes/labels/022__SHOT__t3028.10-t3059.70_687.txt","DUPES/out_yolo_ball_track_cpu_hiRes_labels_022__SHOT__t3028.10-t3059.70_687.txt","43","duplicate_exact"
"move","out/yolo/ball_track_cpu_hiRes/labels/022__SHOT__t3028.10-t3059.70_688.txt","DUPES/out_yolo_ball_track_cpu_hiRes_labels_022__SHOT__t3028.10-t3059.70_688.txt","47","duplicate_exact"
"move","out/yolo/ball_track_cpu_hiRes/labels/022__SHOT__t3028.10-t3059.70_689.txt","DUPES/out_yolo_ball_track_cpu_hiRes_labels_022__SHOT__t3028.10-t3059.70_689.txt","46","duplicate_exact"
"move","out/yolo/ball_track_cpu_hiRes/labels/022__SHOT__t3028.10-t3059.70_690.txt","DUPES/out_yolo_ball_track_cpu_hiRes_labels_022__SHOT__t3028.10-t3059.70_690.txt","47","duplicate_exact"
"move","out/yolo/ball_track_cpu_hiRes/labels/022__SHOT__t3028.10-t3059.70_691.txt","DUPES/out_yolo_ball_track_cpu_hiRes_labels_022__SHOT__t3028.10-t3059.70_691.txt","46","duplicate_exact"
"move","out/yolo/ball_track_cpu_hiRes/labels/022__SHOT__t3028.10-t3059.70_692.txt","DUPES/out_yolo_ball_track_cpu_hiRes_labels_022__SHOT__t3028.10-t3059.70_692.txt","46","duplicate_exact"
"move","out/yolo/ball_track_cpu_hiRes/labels/022__SHOT__t3028.10-t3059.70_693.txt","DUPES/out_yolo_ball_track_cpu_hiRes_labels_022__SHOT__t3028.10-t3059.70_693.txt","45","duplicate_exact"
"move","out/yolo/ball_track_cpu_hiRes/labels/022__SHOT__t3028.10-t3059.70_694.txt","DUPES/out_yolo_ball_track_cpu_hiRes_labels_022__SHOT__t3028.10-t3059.70_694.txt","47","duplicate_exact"
"move","out/yolo/ball_track_cpu_hiRes/labels/022__SHOT__t3028.10-t3059.70_695.txt","DUPES/out_yolo_ball_track_cpu_hiRes_labels_022__SHOT__t3028.10-t3059.70_695.txt","46","duplicate_exact"
"move","out/yolo/ball_track_cpu_hiRes/labels/022__SHOT__t3028.10-t3059.70_696.txt","DUPES/out_yolo_ball_track_cpu_hiRes_labels_022__SHOT__t3028.10-t3059.70_696.txt","47","duplicate_exact"
"move","out/yolo/ball_track_cpu_hiRes/labels/022__SHOT__t3028.10-t3059.70_697.txt","DUPES/out_yolo_ball_track_cpu_hiRes_labels_022__SHOT__t3028.10-t3059.70_697.txt","46","duplicate_exact"
"move","out/yolo/ball_track_cpu_hiRes/labels/022__SHOT__t3028.10-t3059.70_698.txt","DUPES/out_yolo_ball_track_cpu_hiRes_labels_022__SHOT__t3028.10-t3059.70_698.txt","47","duplicate_exact"
"move","out/yolo/ball_track_cpu_hiRes/labels/022__SHOT__t3028.10-t3059.70_699.txt","DUPES/out_yolo_ball_track_cpu_hiRes_labels_022__SHOT__t3028.10-t3059.70_699.txt","46","duplicate_exact"
"move","out/yolo/ball_track_cpu_hiRes/labels/022__SHOT__t3028.10-t3059.70_700.txt","DUPES/out_yolo_ball_track_cpu_hiRes_labels_022__SHOT__t3028.10-t3059.70_700.txt","47","duplicate_exact"
"move","out/yolo/ball_track_cpu_hiRes/labels/022__SHOT__t3028.10-t3059.70_701.txt","DUPES/out_yolo_ball_track_cpu_hiRes_labels_022__SHOT__t3028.10-t3059.70_701.txt","47","duplicate_exact"
"move","out/yolo/ball_track_cpu_hiRes/labels/022__SHOT__t3028.10-t3059.70_702.txt","DUPES/out_yolo_ball_track_cpu_hiRes_labels_022__SHOT__t3028.10-t3059.70_702.txt","47","duplicate_exact"
"move","out/yolo/ball_track_cpu_hiRes/labels/022__SHOT__t3028.10-t3059.70_703.txt","DUPES/out_yolo_ball_track_cpu_hiRes_labels_022__SHOT__t3028.10-t3059.70_703.txt","46","duplicate_exact"
"move","out/yolo/ball_track_cpu_hiRes/labels/022__SHOT__t3028.10-t3059.70_704.txt","DUPES/out_yolo_ball_track_cpu_hiRes_labels_022__SHOT__t3028.10-t3059.70_704.txt","47","duplicate_exact"
"move","out/yolo/ball_track_cpu_hiRes/labels/022__SHOT__t3028.10-t3059.70_705.txt","DUPES/out_yolo_ball_track_cpu_hiRes_labels_022__SHOT__t3028.10-t3059.70_705.txt","47","duplicate_exact"
"move","out/yolo/ball_track_cpu_hiRes/labels/022__SHOT__t3028.10-t3059.70_706.txt","DUPES/out_yolo_ball_track_cpu_hiRes_labels_022__SHOT__t3028.10-t3059.70_706.txt","47","duplicate_exact"
"move","out/yolo/ball_track_cpu_hiRes/labels/022__SHOT__t3028.10-t3059.70_707.txt","DUPES/out_yolo_ball_track_cpu_hiRes_labels_022__SHOT__t3028.10-t3059.70_707.txt","47","duplicate_exact"
"move","out/yolo/ball_track_cpu_hiRes/labels/022__SHOT__t3028.10-t3059.70_708.txt","DUPES/out_yolo_ball_track_cpu_hiRes_labels_022__SHOT__t3028.10-t3059.70_708.txt","47","duplicate_exact"
"move","out/yolo/ball_track_cpu_hiRes/labels/022__SHOT__t3028.10-t3059.70_709.txt","DUPES/out_yolo_ball_track_cpu_hiRes_labels_022__SHOT__t3028.10-t3059.70_709.txt","47","duplicate_exact"
"move","out/yolo/ball_track_cpu_hiRes/labels/022__SHOT__t3028.10-t3059.70_710.txt","DUPES/out_yolo_ball_track_cpu_hiRes_labels_022__SHOT__t3028.10-t3059.70_710.txt","47","duplicate_exact"
"move","out/yolo/ball_track_cpu_hiRes/labels/022__SHOT__t3028.10-t3059.70_711.txt","DUPES/out_yolo_ball_track_cpu_hiRes_labels_022__SHOT__t3028.10-t3059.70_711.txt","45","duplicate_exact"
"move","out/yolo/ball_track_cpu_hiRes/labels/022__SHOT__t3028.10-t3059.70_712.txt","DUPES/out_yolo_ball_track_cpu_hiRes_labels_022__SHOT__t3028.10-t3059.70_712.txt","47","duplicate_exact"
"move","out/yolo/ball_track_cpu_hiRes/labels/022__SHOT__t3028.10-t3059.70_713.txt","DUPES/out_yolo_ball_track_cpu_hiRes_labels_022__SHOT__t3028.10-t3059.70_713.txt","45","duplicate_exact"
"move","out/yolo/ball_track_cpu_hiRes/labels/022__SHOT__t3028.10-t3059.70_714.txt","DUPES/out_yolo_ball_track_cpu_hiRes_labels_022__SHOT__t3028.10-t3059.70_714.txt","47","duplicate_exact"
"move","out/yolo/ball_track_cpu_hiRes/labels/022__SHOT__t3028.10-t3059.70_715.txt","DUPES/out_yolo_ball_track_cpu_hiRes_labels_022__SHOT__t3028.10-t3059.70_715.txt","46","duplicate_exact"
"move","out/yolo/ball_track_cpu_hiRes/labels/022__SHOT__t3028.10-t3059.70_716.txt","DUPES/out_yolo_ball_track_cpu_hiRes_labels_022__SHOT__t3028.10-t3059.70_716.txt","45","duplicate_exact"
"move","out/yolo/ball_track_cpu_hiRes/labels/022__SHOT__t3028.10-t3059.70_723.txt","DUPES/out_yolo_ball_track_cpu_hiRes_labels_022__SHOT__t3028.10-t3059.70_723.txt","41","duplicate_exact"
"move","out/yolo/ball_track_cpu_hiRes/labels/022__SHOT__t3028.10-t3059.70_725.txt","DUPES/out_yolo_ball_track_cpu_hiRes_labels_022__SHOT__t3028.10-t3059.70_725.txt","43","duplicate_exact"
"move","out/yolo/ball_track_cpu_hiRes/labels/022__SHOT__t3028.10-t3059.70_729.txt","DUPES/out_yolo_ball_track_cpu_hiRes_labels_022__SHOT__t3028.10-t3059.70_729.txt","43","duplicate_exact"
"move","out/yolo/ball_track_cpu_hiRes/labels/022__SHOT__t3028.10-t3059.70_99.txt","DUPES/out_yolo_ball_track_cpu_hiRes_labels_022__SHOT__t3028.10-t3059.70_99.txt","42","duplicate_exact"
"move","out/yolo/ball_track_bytex_ball_recall/labels/022__SHOT__t3028.10-t3059.70_2.txt","DUPES/out_yolo_ball_track_bytex_ball_recall_labels_022__SHOT__t3028.10-t3059.70_2.txt","129","duplicate_exact"
"move","scripts/make_reel.ps1.bak3","DUPES/scripts_make_reel.ps1.bak3","11328","duplicate_exact"
"move","scripts/make_reel.ps1.bak_moveSegments","DUPES/scripts_make_reel.ps1.bak_moveSegments","11345","duplicate_exact"
"move","out/atomic_clips/_quarantine/001__2025-09-20__TSC_vs_Greenwood__BUILD_UP_PLAY_SHOT__t18900.00-t20340.00__v2.mp4","DEVERSION/out_atomic_clips__quarantine_001__2025-09-20__TSC_vs_Greenwood__BUILD_UP_PLAY_SHOT__t18900.00-t20340.00__v2.mp4","3039710","deversion_keep_latest"
"move","out/atomic_clips/_quarantine/001__2025-09-20__TSC_vs_Greenwood__BUILD_UP_PLAY_SHOT__t18900.00-t20340.00__v2.mp4","DEVERSION/out_atomic_clips__quarantine_001__2025-09-20__TSC_vs_Greenwood__BUILD_UP_PLAY_SHOT__t18900.00-t20340.00__v2.mp4","3039710","deversion_keep_latest"
"move","out/atomic_clips/_quarantine/001__2025-09-20__TSC_vs_RVFC__SHOT__t7320.00-t7860.00__v2.mp4","DEVERSION/out_atomic_clips__quarantine_001__2025-09-20__TSC_vs_RVFC__SHOT__t7320.00-t7860.00__v2.mp4","866337","deversion_keep_latest"
"move","out/atomic_clips/_quarantine/001__2025-09-20__TSC_vs_RVFC__SHOT__t7320.00-t7860.00__v2.mp4","DEVERSION/out_atomic_clips__quarantine_001__2025-09-20__TSC_vs_RVFC__SHOT__t7320.00-t7860.00__v2.mp4","866337","deversion_keep_latest"
"move","out/atomic_clips/_quarantine/002__2025-09-20__TSC_vs_Greenwood__GOAL__t20400.00-t21180.00__v2.mp4","DEVERSION/out_atomic_clips__quarantine_002__2025-09-20__TSC_vs_Greenwood__GOAL__t20400.00-t21180.00__v2.mp4","3039710","deversion_keep_latest"
"move","out/atomic_clips/_quarantine/002__2025-09-20__TSC_vs_Greenwood__GOAL__t20400.00-t21180.00__v2.mp4","DEVERSION/out_atomic_clips__quarantine_002__2025-09-20__TSC_vs_Greenwood__GOAL__t20400.00-t21180.00__v2.mp4","3039710","deversion_keep_latest"
"move","out/atomic_clips/_quarantine/002__2025-09-20__TSC_vs_RVFC__PRESSURE_SHOT__t7920.00-t8880.00__v2.mp4","DEVERSION/out_atomic_clips__quarantine_002__2025-09-20__TSC_vs_RVFC__PRESSURE_SHOT__t7920.00-t8880.00__v2.mp4","866337","deversion_keep_latest"
"move","out/atomic_clips/_quarantine/002__2025-09-20__TSC_vs_RVFC__PRESSURE_SHOT__t7920.00-t8880.00__v2.mp4","DEVERSION/out_atomic_clips__quarantine_002__2025-09-20__TSC_vs_RVFC__PRESSURE_SHOT__t7920.00-t8880.00__v2.mp4","866337","deversion_keep_latest"
"move","out/atomic_clips/_quarantine/003__2025-09-20__TSC_vs_RVFC__PRESSURE_SHOT__t15480.00-t16260.00__v2.mp4","DEVERSION/out_atomic_clips__quarantine_003__2025-09-20__TSC_vs_RVFC__PRESSURE_SHOT__t15480.00-t16260.00__v2.mp4","866337","deversion_keep_latest"
"move","out/atomic_clips/_quarantine/003__2025-09-20__TSC_vs_RVFC__PRESSURE_SHOT__t15480.00-t16260.00__v2.mp4","DEVERSION/out_atomic_clips__quarantine_003__2025-09-20__TSC_vs_RVFC__PRESSURE_SHOT__t15480.00-t16260.00__v2.mp4","866337","deversion_keep_latest"
"move","out/atomic_clips/_quarantine/004__2025-09-20__TSC_vs_RVFC__PRESSURE_GOAL__t17880.00-t18720.00__v2.mp4","DEVERSION/out_atomic_clips__quarantine_004__2025-09-20__TSC_vs_RVFC__PRESSURE_GOAL__t17880.00-t18720.00__v2.mp4","866337","deversion_keep_latest"
"move","out/atomic_clips/_quarantine/004__2025-09-20__TSC_vs_RVFC__PRESSURE_GOAL__t17880.00-t18720.00__v2.mp4","DEVERSION/out_atomic_clips__quarantine_004__2025-09-20__TSC_vs_RVFC__PRESSURE_GOAL__t17880.00-t18720.00__v2.mp4","866337","deversion_keep_latest"
