frame,ball_x,ball_y,source,confidence,cam_cx,cam_cy,crop_x0,crop_y0,crop_w,crop_h,ball_in_crop,dist_to_edge,speed_limited,keepinview,clamp_flags
0,187.9,644.4,centroid,0.30,219.2,360.0,0.0,0.0,438.4,779.3,1,134.9,1,0,accel_zoom=0.901|flight_commit=0.44|edge_zoom=0.750|bounds|final_speed
1,189.0,645.8,centroid,0.30,219.2,360.0,0.0,0.0,438.4,779.3,1,133.5,1,1,flight_commit=0.16|conf_zoom=0.95|keepin_prop=1.00|keepin_zoom=1.350|speed|edge_zoom=0.750|bounds
2,190.1,647.3,centroid,0.30,219.2,360.0,0.1,0.0,438.4,779.3,1,132.0,1,1,conf_zoom=0.73|keepin_prop=1.00|keepin_zoom=1.350|speed|edge_zoom=0.750|bounds
3,191.2,649.0,centroid,0.30,219.3,360.0,0.1,0.0,438.4,779.3,1,130.3,1,1,conf_zoom=0.73|keepin_prop=1.00|keepin_zoom=1.350|speed|edge_zoom=0.750|bounds
4,192.4,651.0,centroid,0.30,219.4,360.0,0.2,0.0,438.4,779.3,1,128.3,1,1,conf_zoom=0.73|keepin_prop=1.00|keepin_zoom=1.350|speed|edge_zoom=0.750|bounds
5,193.7,653.3,centroid,0.30,219.5,360.0,0.4,0.0,438.4,779.3,1,126.0,1,1,conf_zoom=0.73|keepin_prop=1.00|keepin_zoom=1.350|speed|edge_zoom=0.750|bounds
6,194.0,659.0,blended,0.66,219.8,360.0,0.6,0.0,438.4,779.3,1,120.3,1,1,conf_zoom=0.77|keepin_prop=1.00|keepin_zoom=1.350|speed|edge_zoom=0.750|bounds
7,194.8,661.8,blended,0.74,220.2,360.0,1.0,0.0,438.4,779.3,1,117.5,1,1,conf_zoom=0.83|keepin_prop=1.00|keepin_zoom=1.350|speed|edge_zoom=0.750|bounds
8,195.7,663.9,yolo,0.28,220.7,360.0,1.5,0.0,438.4,779.3,1,115.4,1,1,conf_zoom=0.81|keepin_prop=1.00|keepin_zoom=1.350|speed|edge_zoom=0.750|bounds
9,197.2,664.8,interp,0.38,221.5,360.0,2.3,0.0,438.4,779.3,1,114.5,1,1,conf_zoom=0.81|keepin_prop=1.00|keepin_zoom=1.350|speed|edge_zoom=0.750|bounds
10,199.0,665.2,interp,0.38,222.6,360.0,3.4,0.0,438.4,779.3,1,114.1,1,1,conf_zoom=0.81|keepin_prop=1.00|keepin_zoom=1.350|speed|edge_zoom=0.750|bounds
11,201.3,665.0,interp,0.38,224.0,360.0,4.9,0.0,438.4,779.3,1,114.3,1,1,conf_zoom=0.81|keepin_prop=1.00|keepin_zoom=1.350|speed|edge_zoom=0.750|bounds
12,204.2,664.4,interp,0.38,226.0,360.0,6.8,0.0,438.4,779.3,1,114.9,1,1,conf_zoom=0.80|keepin_prop=1.00|keepin_zoom=1.350|speed|edge_zoom=0.750|bounds
13,207.5,663.3,interp,0.38,228.6,360.0,9.4,0.0,438.4,779.3,1,116.0,1,1,conf_zoom=0.80|keepin_prop=1.00|keepin_zoom=1.350|speed|edge_zoom=0.750|bounds
14,211.6,661.7,interp,0.38,231.8,360.0,12.6,0.0,438.4,779.3,1,117.6,1,1,conf_zoom=0.80|keepin_prop=1.00|keepin_zoom=1.350|speed|edge_zoom=0.750|bounds
15,216.5,659.6,blended,0.78,235.7,360.0,16.6,0.0,438.4,779.3,1,119.7,1,1,conf_zoom=0.86|keepin_prop=1.00|keepin_zoom=1.350|speed|edge_zoom=0.750|bounds
16,221.7,656.9,interp,0.38,240.6,360.0,21.4,0.0,438.4,779.3,1,122.4,1,1,conf_zoom=0.85|keepin_prop=1.00|keepin_zoom=1.350|speed|edge_zoom=0.750|bounds
17,228.0,653.8,yolo,0.30,246.3,360.0,27.1,0.0,438.4,779.3,1,125.5,1,1,conf_zoom=0.83|keepin_prop=1.00|keepin_zoom=1.350|speed|edge_zoom=0.750|bounds
18,235.4,650.1,yolo,0.32,253.0,360.0,33.8,0.0,438.4,779.3,1,129.2,1,1,flight_commit=0.16|conf_zoom=0.95|keepin_prop=1.00|keepin_zoom=1.350|speed|edge_zoom=0.750|bounds
19,245.9,647.0,interp,0.38,260.7,360.0,41.5,0.0,438.4,779.3,1,132.3,1,1,flight_commit=0.42|keepin_prop=1.00|keepin_zoom=1.350|speed|edge_zoom=0.750|bounds
20,257.9,643.7,interp,0.38,269.4,360.0,50.2,0.0,438.4,779.3,1,135.6,1,1,flight_commit=0.68|person_ctx=2|keepin_prop=1.00|keepin_zoom=1.350|speed|edge_zoom=0.750|bounds
21,271.2,640.4,interp,0.38,279.0,360.0,59.8,0.0,438.4,779.3,1,138.9,1,1,flight_commit=0.95|person_ctx=3|keepin_prop=1.00|keepin_zoom=1.350|speed|edge_zoom=0.750|bounds
22,285.9,637.0,interp,0.38,289.6,360.0,70.5,0.0,438.4,779.3,1,142.3,1,1,shot_pb=0.20|flight_commit=1.00|person_ctx=3|keepin_prop=1.00|keepin_zoom=1.350|speed|edge_zoom=0.750|bounds
23,301.9,633.6,interp,0.38,301.1,360.0,82.0,0.0,438.4,779.3,1,145.7,1,1,shot_pb=0.40|flight_commit=1.00|person_ctx=3|keepin_prop=1.00|keepin_zoom=1.350|speed|edge_zoom=0.750|bounds
24,319.3,630.2,interp,0.38,313.5,360.0,94.3,0.0,438.4,779.3,1,149.1,1,1,shot_pb=0.60|flight_commit=1.00|person_ctx=4|keepin_prop=1.00|keepin_zoom=1.350|speed|edge_zoom=0.750|bounds
25,338.1,626.7,interp,0.38,326.6,360.0,107.4,0.0,438.4,779.3,1,152.6,1,1,shot_pb=0.80|flight_commit=1.00|person_ctx=4|keepin_prop=1.00|keepin_zoom=1.350|speed|edge_zoom=0.750|bounds
26,358.2,623.3,interp,0.38,340.4,360.0,121.2,0.0,438.4,779.3,1,156.0,1,1,accel_zoom=0.936|shot_pb=1.00|flight_commit=1.00|person_ctx=4|keepin_prop=1.00|keepin_zoom=1.350|speed|edge_zoom=0.750|bounds
27,379.9,619.8,yolo,0.30,354.8,360.0,135.6,0.0,438.4,779.3,1,159.5,1,1,accel_zoom=0.917|shot_pb=1.00|flight_commit=1.00|keepin_prop=1.00|keepin_zoom=1.350|speed|edge_zoom=0.750|bounds
28,412.1,614.3,yolo,0.29,369.7,360.0,150.5,0.0,438.4,779.3,1,160.1,0,1,accel_zoom=0.883|shot_pb=1.00|flight_commit=1.00|keepin_prop=1.00|keepin_zoom=1.350|edge_zoom=0.750|bounds
29,434.9,611.6,interp,0.38,385.0,360.0,165.8,0.0,438.4,779.3,1,152.6,0,1,accel_zoom=0.883|shot_pb=1.00|flight_commit=1.00|keepin_prop=1.00|keepin_zoom=1.350|flight_boost=1.01|edge_zoom=0.750|bounds
30,457.1,609.3,interp,0.38,400.6,360.0,181.4,0.0,438.4,779.3,1,146.0,0,1,accel_zoom=0.883|shot_pb=1.00|flight_commit=1.00|keepin_prop=1.00|keepin_zoom=1.350|flight_boost=1.04|edge_zoom=0.750|bounds
31,478.9,607.5,interp,0.38,416.5,360.0,197.3,0.0,438.4,779.3,1,140.1,0,1,accel_zoom=0.883|shot_pb=1.00|flight_commit=1.00|keepin_prop=1.00|keepin_zoom=1.350|flight_boost=1.06|edge_zoom=0.750|bounds
32,500.3,606.0,interp,0.38,432.6,360.0,213.4,0.0,438.4,779.3,1,134.8,0,1,accel_zoom=0.883|shot_pb=1.00|flight_commit=1.00|keepin_prop=1.00|keepin_zoom=1.350|flight_boost=1.08|edge_zoom=0.750|bounds
33,521.4,604.9,interp,0.38,448.7,360.0,229.6,0.0,438.4,779.3,1,129.8,0,1,accel_zoom=0.883|shot_pb=1.00|flight_commit=1.00|keepin_prop=1.00|keepin_zoom=1.350|flight_boost=1.11|edge_zoom=0.750|bounds
34,542.3,604.1,interp,0.38,465.0,360.0,245.8,0.0,438.4,779.3,1,125.2,0,1,accel_zoom=0.883|shot_pb=1.00|flight_commit=1.00|keepin_prop=1.00|keepin_zoom=1.350|flight_boost=1.11|edge_zoom=0.750|bounds
35,562.9,603.6,interp,0.38,481.2,360.0,262.0,0.0,438.4,779.3,1,120.8,0,1,accel_zoom=0.883|shot_pb=1.00|flight_commit=1.00|keepin_prop=1.00|keepin_zoom=1.350|flight_boost=1.05|edge_zoom=0.750|bounds
36,583.4,603.4,interp,0.38,497.4,360.0,278.2,0.0,438.4,779.3,1,116.5,0,1,accel_zoom=0.883|shot_pb=1.00|flight_commit=1.00|keepin_prop=1.00|keepin_zoom=1.350|flight_boost=1.04|edge_zoom=0.750|bounds
37,603.8,603.5,interp,0.38,513.6,360.0,294.4,0.0,438.4,779.3,1,112.3,0,1,accel_zoom=0.883|shot_pb=1.00|flight_commit=1.00|pb_zfit|keepin_prop=1.00|keepin_zoom=1.350|flight_boost=1.04|edge_zoom=0.750|bounds
38,623.9,604.0,blended,0.77,529.7,360.0,310.5,0.0,438.4,779.3,1,108.3,0,1,accel_zoom=0.883|shot_pb=1.00|flight_commit=1.00|pb_zfit|keepin_prop=1.00|keepin_zoom=1.350|flight_boost=1.03|edge_zoom=0.750|bounds
39,644.9,604.7,interp,0.38,545.7,360.0,326.5,0.0,438.4,779.3,1,103.3,0,1,accel_zoom=0.883|shot_pb=1.00|flight_commit=1.00|pb_zfit|keepin_prop=1.00|keepin_zoom=1.350|flight_boost=1.03|edge_zoom=0.750|bounds
40,665.6,605.8,interp,0.38,561.7,360.0,342.5,0.0,438.4,779.3,1,98.6,0,1,accel_zoom=0.883|shot_pb=1.00|flight_commit=1.00|pb_zfit|keepin_prop=1.00|keepin_zoom=1.350|flight_boost=1.02|edge_zoom=0.750|bounds
41,686.2,607.2,interp,0.38,577.6,360.0,358.5,0.0,438.4,779.3,1,93.9,0,1,accel_zoom=0.883|shot_pb=1.00|flight_commit=1.00|pb_zfit|keepin_prop=1.00|keepin_zoom=1.350|flight_boost=1.02|edge_zoom=0.750|bounds
42,706.4,608.6,interp,0.38,593.5,360.0,374.3,0.0,438.4,779.3,1,89.6,0,1,accel_zoom=0.883|shot_pb=1.00|flight_commit=1.00|pb_zfit|keepin_prop=1.00|keepin_zoom=1.350|flight_boost=1.02|edge_zoom=0.750|bounds
43,726.4,610.2,interp,0.38,609.3,360.0,390.1,0.0,438.4,779.3,1,85.4,0,1,accel_zoom=0.883|shot_pb=1.00|flight_commit=1.00|pb_zfit|keepin_prop=1.00|keepin_zoom=1.350|flight_boost=1.02|edge_zoom=0.750|bounds
44,745.9,611.9,yolo,0.31,625.0,360.0,405.8,0.0,438.4,779.3,1,81.6,0,1,accel_zoom=0.883|shot_pb=1.00|flight_commit=1.00|pb_zfit|keepin_prop=1.00|keepin_zoom=1.350|flight_boost=1.02|edge_zoom=0.750|bounds
45,761.4,612.8,interp,0.50,640.5,360.0,421.3,0.0,438.4,779.3,1,81.6,0,1,shot_pb=1.00|flight_commit=1.00|pb_zfit|keepin_prop=1.00|keepin_zoom=1.350|edge_zoom=0.750|bounds
46,784.2,615.6,interp,0.50,655.9,360.0,436.7,0.0,438.4,779.3,1,74.2,1,1,accel_zoom=0.893|shot_pb=1.00|flight_commit=1.00|pb_zfit|keepin_prop=1.00|keepin_zoom=1.350|flight_boost=1.00|speed|edge_zoom=0.750|bounds
47,802.6,617.5,interp,0.50,671.1,360.0,451.9,0.0,438.4,779.3,1,71.0,1,1,accel_zoom=0.893|shot_pb=1.00|flight_commit=1.00|pb_zfit|keepin_prop=1.00|keepin_zoom=1.350|speed|edge_zoom=0.750|bounds
48,820.2,619.5,interp,0.50,686.0,360.0,466.8,0.0,438.4,779.3,1,68.3,1,1,shot_pb=1.00|flight_commit=1.00|pb_zfit|keepin_prop=1.00|keepin_zoom=1.350|speed|edge_zoom=0.750|bounds
49,836.9,621.3,interp,0.50,700.6,360.0,481.4,0.0,438.4,779.3,1,66.2,1,1,shot_pb=1.00|flight_commit=1.00|pb_zfit|keepin_prop=1.00|keepin_zoom=1.350|speed|edge_zoom=0.750|bounds
50,852.8,623.1,interp,0.50,714.8,360.0,495.6,0.0,438.4,779.3,1,64.5,1,1,shot_pb=1.00|flight_commit=1.00|pb_zfit|keepin_prop=1.00|keepin_zoom=1.350|speed|edge_zoom=0.750|bounds
51,867.7,624.8,interp,0.50,728.5,360.0,509.3,0.0,438.4,779.3,1,63.3,1,1,shot_pb=1.00|flight_commit=1.00|pb_zfit|keepin_prop=1.00|keepin_zoom=1.350|speed|edge_zoom=0.750|bounds
52,881.8,626.5,interp,0.50,741.7,360.0,522.5,0.0,438.4,779.3,1,62.4,1,1,shot_pb=1.00|flight_commit=1.00|pb_zfit|keepin_prop=1.00|keepin_zoom=1.350|speed|edge_zoom=0.750|bounds
53,895.0,628.0,interp,0.50,754.2,360.0,535.1,0.0,438.4,779.3,1,61.7,1,1,shot_pb=1.00|flight_commit=1.00|pb_zfit|keepin_prop=1.00|keepin_zoom=1.350|speed|edge_zoom=0.750|bounds
54,907.4,629.5,interp,0.50,766.2,360.0,547.0,0.0,438.4,779.3,1,61.3,1,1,shot_pb=1.00|flight_commit=1.00|pb_zfit|keepin_prop=1.00|keepin_zoom=1.350|speed|edge_zoom=0.750|bounds
55,918.9,630.8,interp,0.50,777.4,360.0,558.3,0.0,438.4,779.3,1,61.0,1,1,shot_pb=1.00|flight_commit=1.00|pb_zfit|keepin_prop=1.00|keepin_zoom=1.350|speed|edge_zoom=0.750|bounds
56,929.6,632.1,interp,0.50,788.0,360.0,568.8,0.0,438.4,779.3,1,60.9,1,1,shot_pb=1.00|flight_commit=1.00|pb_zfit|keepin_prop=1.00|keepin_zoom=1.350|speed|edge_zoom=0.750|bounds
57,939.4,633.2,interp,0.50,797.8,360.0,578.6,0.0,438.4,779.3,1,60.9,1,1,shot_pb=1.00|flight_commit=1.00|pb_zfit|keepin_prop=1.00|keepin_zoom=1.350|speed|edge_zoom=0.750|bounds
58,948.4,634.3,interp,0.50,806.7,360.0,587.6,0.0,438.4,779.3,1,60.8,1,1,shot_pb=1.00|flight_commit=1.00|pb_zfit|keepin_prop=1.00|keepin_zoom=1.350|speed|edge_zoom=0.750|bounds
59,956.6,635.2,interp,0.50,814.9,360.0,595.8,0.0,438.4,779.3,1,60.8,1,1,shot_pb=1.00|flight_commit=1.00|pb_zfit|keepin_prop=1.00|keepin_zoom=1.350|speed|edge_zoom=0.750|bounds
60,964.0,636.0,interp,0.50,822.3,360.0,603.1,0.0,438.4,779.3,1,60.8,1,1,shot_pb=1.00|flight_commit=1.00|pb_zfit|keepin_prop=1.00|keepin_zoom=1.350|speed|edge_zoom=0.750|bounds
61,970.6,636.7,interp,0.50,828.9,360.0,609.7,0.0,438.4,779.3,1,60.8,1,1,shot_pb=1.00|flight_commit=1.00|pb_zfit|keepin_prop=1.00|keepin_zoom=1.350|speed|edge_zoom=0.750|bounds
62,976.5,637.3,interp,0.50,834.6,360.0,615.4,0.0,438.4,779.3,1,60.6,1,1,shot_pb=1.00|flight_commit=1.00|pb_zfit|keepin_prop=1.00|keepin_zoom=1.350|speed|edge_zoom=0.750|bounds
63,981.5,637.7,interp,0.50,839.4,360.0,620.2,0.0,438.4,779.3,1,60.4,1,1,shot_pb=1.00|flight_commit=1.00|pb_zfit|keepin_prop=1.00|keepin_zoom=1.350|speed|edge_zoom=0.750|bounds
64,985.7,638.0,interp,0.50,843.3,360.0,624.1,0.0,438.4,779.3,1,60.1,1,1,shot_pb=1.00|flight_commit=1.00|pb_zfit|keepin_prop=1.00|keepin_zoom=1.350|speed|edge_zoom=0.750|bounds
65,989.2,638.2,interp,0.50,846.3,360.0,627.2,0.0,438.4,779.3,1,59.6,1,1,shot_pb=1.00|flight_commit=1.00|pb_zfit|keepin_prop=1.00|keepin_zoom=1.350|speed|edge_zoom=0.750|bounds
66,991.8,638.2,interp,0.50,848.4,360.0,629.2,0.0,438.4,779.3,1,59.1,1,1,shot_pb=1.00|flight_commit=1.00|pb_zfit|keepin_prop=1.00|keepin_zoom=1.350|speed|edge_zoom=0.750|bounds
67,993.5,638.1,interp,0.50,849.5,360.0,630.3,0.0,438.4,779.3,1,58.5,1,1,shot_pb=1.00|flight_commit=1.00|pb_zfit|keepin_prop=1.00|keepin_zoom=1.350|speed|edge_zoom=0.750|bounds
68,994.3,637.8,interp,0.50,849.5,360.0,630.4,0.0,438.4,779.3,1,57.7,1,1,shot_pb=1.00|flight_commit=1.00|pb_zfit|keepin_prop=1.00|keepin_zoom=1.350|speed|edge_zoom=0.750|bounds
69,994.3,637.3,interp,0.50,848.5,360.0,629.3,0.0,438.4,779.3,1,56.7,1,1,shot_pb=1.00|flight_commit=1.00|pb_zfit|keepin_prop=1.00|keepin_zoom=1.350|speed|edge_zoom=0.750|bounds
70,993.2,636.6,interp,0.50,846.3,360.0,627.1,0.0,438.4,779.3,1,55.6,1,1,shot_pb=1.00|flight_commit=1.00|pb_zfit|keepin_prop=1.00|keepin_zoom=1.350|speed|edge_zoom=0.750|bounds
71,991.0,635.7,interp,0.50,842.9,360.0,623.7,0.0,438.4,779.3,1,54.4,1,1,shot_pb=1.00|flight_commit=1.00|pb_zfit|keepin_prop=1.00|keepin_zoom=1.350|speed|edge_zoom=0.750|bounds
72,987.7,634.6,interp,0.50,838.2,360.0,619.0,0.0,438.4,779.3,1,53.0,1,1,shot_pb=1.00|flight_commit=1.00|pb_zfit|keepin_prop=1.00|keepin_zoom=1.350|speed|edge_zoom=0.750|bounds
73,983.2,633.1,interp,0.50,832.1,360.0,612.9,0.0,438.4,779.3,1,51.4,1,1,shot_pb=1.00|flight_commit=1.00|pb_zfit|keepin_prop=1.00|keepin_zoom=1.350|speed|edge_zoom=0.750|bounds
74,977.2,631.4,interp,0.50,824.7,360.0,605.5,0.0,438.4,779.3,1,50.0,1,1,shot_pb=1.00|flight_commit=1.00|pb_zfit|keepin_prop=1.00|keepin_zoom=1.350|speed|edge_zoom=0.750|bounds
75,969.9,629.4,interp,0.50,815.8,360.0,596.6,0.0,438.4,779.3,1,48.4,1,1,shot_pb=1.00|flight_commit=1.00|pb_zfit|keepin_prop=1.00|keepin_zoom=1.350|speed|edge_zoom=0.750|bounds
76,960.8,627.0,interp,0.50,805.4,360.0,586.2,0.0,438.4,779.3,1,47.1,1,1,shot_pb=1.00|flight_commit=1.00|pb_zfit|keepin_prop=1.00|keepin_zoom=1.350|speed|edge_zoom=0.750|bounds
77,950.0,624.2,interp,0.50,793.5,360.0,574.3,0.0,438.4,779.3,1,46.0,1,1,shot_pb=1.00|flight_commit=1.00|pb_zfit|keepin_prop=1.00|keepin_zoom=1.350|speed|edge_zoom=0.750|bounds
78,937.1,620.9,interp,0.50,780.1,360.0,560.9,0.0,438.4,779.3,1,45.5,1,1,shot_pb=1.00|flight_commit=1.00|pb_zfit|keepin_prop=1.00|keepin_zoom=1.350|speed|edge_zoom=0.750|bounds
79,921.9,617.1,interp,0.50,765.3,360.0,546.1,0.0,438.4,779.3,1,45.9,1,1,shot_pb=1.00|flight_commit=1.00|pb_zfit|keepin_prop=1.00|keepin_zoom=1.350|speed|edge_zoom=0.750|bounds
80,904.3,612.7,interp,0.50,749.2,360.0,530.0,0.0,438.4,779.3,1,47.4,0,1,accel_zoom=0.944|shot_pb=1.00|flight_commit=1.00|pb_zfit|keepin_prop=1.00|keepin_zoom=1.350|edge_zoom=0.750|bounds
81,883.7,607.7,interp,0.50,731.9,360.0,512.7,0.0,438.4,779.3,1,50.7,0,1,accel_zoom=0.935|shot_pb=1.00|flight_commit=1.00|pb_zfit|keepin_prop=1.00|keepin_zoom=1.350|edge_zoom=0.750|bounds
82,860.0,601.9,interp,0.50,713.7,360.0,494.5,0.0,438.4,779.3,1,56.2,0,1,accel_zoom=0.925|shot_pb=1.00|flight_commit=1.00|pb_zfit|keepin_prop=1.00|keepin_zoom=1.350|edge_zoom=0.750|bounds
83,832.7,595.3,interp,0.50,694.8,360.0,475.6,0.0,438.4,779.3,1,64.6,0,1,accel_zoom=0.914|shot_pb=1.00|flight_commit=1.00|pb_zfit|keepin_prop=1.00|keepin_zoom=1.350|edge_zoom=0.750|bounds
84,801.2,587.7,interp,0.50,675.4,360.0,456.3,0.0,438.4,779.3,1,76.7,0,1,accel_zoom=0.903|shot_pb=1.00|flight_commit=1.00|pb_zfit|keepin_prop=0.94|keepin_zoom=1.350|flight_boost=1.06|edge_zoom=0.750|bounds
85,765.2,579.1,interp,0.50,656.1,360.0,436.9,0.0,438.4,779.3,1,93.4,0,1,accel_zoom=0.890|shot_pb=1.00|flight_commit=1.00|pb_zfit|keepin_prop=0.85|keepin_zoom=1.350|flight_boost=1.16|edge_zoom=0.750|bounds
86,664.2,554.5,blended,0.77,637.0,360.0,417.8,0.0,438.4,779.3,1,175.3,0,1,accel_zoom=0.780|shot_pb=1.00|flight_commit=1.00|person_ctx=4|pb_zfit|keepin_prop=0.62|keepin_zoom=1.350|flight_boost=1.55|edge_zoom=0.750|bounds
87,644.2,551.4,centroid,0.22,618.6,360.0,399.4,0.0,438.4,779.3,1,176.9,0,1,accel_zoom=0.780|shot_pb=1.00|flight_commit=1.00|person_ctx=4|pb_zfit|keepin_prop=0.58|keepin_zoom=1.350|flight_boost=1.56|edge_zoom=0.750|bounds
88,619.2,544.9,centroid,0.23,601.2,360.0,382.0,0.0,438.4,779.3,1,184.5,0,1,accel_zoom=0.780|shot_pb=1.00|flight_commit=1.00|person_ctx=4|pb_zfit|keepin_prop=0.54|keepin_zoom=1.350|flight_boost=1.58|edge_zoom=0.750|bounds
89,599.5,539.6,centroid,0.23,585.1,360.0,365.9,0.0,438.4,779.3,1,188.1,0,1,accel_zoom=0.780|shot_pb=1.00|flight_commit=1.00|person_ctx=4|keepin_prop=0.50|keepin_zoom=1.350|flight_boost=1.56|edge_zoom=0.750|bounds
90,584.5,535.4,centroid,0.23,570.6,360.0,351.4,0.0,438.4,779.3,1,188.6,0,1,shot_pb=1.00|flight_commit=1.00|person_ctx=4|keepin_prop=0.46|keepin_zoom=1.350|flight_boost=1.50|edge_zoom=0.750|bounds
91,573.6,532.2,centroid,0.23,557.8,360.0,338.6,0.0,438.4,779.3,1,186.7,0,1,shot_pb=1.00|flight_commit=1.00|person_ctx=4|keepin_prop=0.44|keepin_zoom=1.350|flight_boost=1.41|edge_zoom=0.750|bounds
92,566.4,529.8,centroid,0.24,547.0,360.0,327.8,0.0,438.4,779.3,1,183.1,0,1,shot_pb=1.00|flight_commit=1.00|person_ctx=4|keepin_prop=0.43|keepin_zoom=1.350|flight_boost=1.29|edge_zoom=0.750|bounds
93,562.5,528.3,centroid,0.24,538.2,360.0,319.0,0.0,438.4,779.3,1,178.2,0,1,shot_pb=1.00|flight_commit=1.00|person_ctx=4|keepin_prop=0.42|keepin_zoom=1.350|edge_zoom=0.750|bounds
94,561.5,527.4,centroid,0.24,531.4,360.0,312.3,0.0,438.4,779.3,1,172.4,0,1,shot_pb=1.00|flight_commit=1.00|person_ctx=4|keepin_prop=0.45|keepin_zoom=1.350|edge_zoom=0.750|bounds
95,563.1,527.2,centroid,0.24,526.7,360.0,307.5,0.0,438.4,779.3,1,166.1,0,1,shot_pb=1.00|flight_commit=1.00|person_ctx=4|keepin_prop=0.39|keepin_zoom=1.350|edge_zoom=0.760|bounds
96,567.0,527.5,centroid,0.25,523.9,360.0,304.7,0.0,438.4,779.3,1,159.4,0,1,shot_pb=1.00|flight_commit=1.00|person_ctx=4|keepin_prop=0.36|keepin_zoom=1.350|edge_zoom=0.766|bounds
97,572.9,528.4,centroid,0.25,522.9,360.0,303.7,0.0,438.4,779.3,1,152.5,0,1,shot_pb=1.00|flight_commit=1.00|person_ctx=4|keepin_prop=0.36|keepin_zoom=1.350|edge_zoom=0.766|bounds
98,580.6,529.7,centroid,0.25,523.6,360.0,304.4,0.0,438.4,779.3,1,145.5,0,1,shot_pb=1.00|flight_commit=1.00|person_ctx=4|keepin_prop=0.37|keepin_zoom=1.350|edge_zoom=0.763|bounds
99,589.8,531.4,centroid,0.25,525.8,360.0,306.6,0.0,438.4,779.3,1,138.5,0,1,shot_pb=1.00|flight_commit=1.00|person_ctx=4|keepin_prop=0.38|keepin_zoom=1.350|edge_zoom=0.759|bounds
100,600.3,533.4,centroid,0.26,529.5,360.0,310.3,0.0,438.4,779.3,1,131.7,0,1,shot_pb=1.00|flight_commit=1.00|keepin_prop=0.39|keepin_zoom=1.350|edge_zoom=0.754|bounds
101,611.9,535.8,centroid,0.26,534.3,360.0,315.1,0.0,438.4,779.3,1,124.9,0,1,shot_pb=1.00|flight_commit=1.00|pb_zfit|keepin_prop=0.41|keepin_zoom=1.350|edge_zoom=0.750|bounds
102,624.4,538.4,centroid,0.26,540.2,360.0,321.0,0.0,438.4,779.3,1,118.3,0,1,shot_pb=1.00|flight_commit=1.00|pb_zfit|keepin_prop=0.43|keepin_zoom=1.350|edge_zoom=0.750|bounds
103,637.6,541.3,centroid,0.27,547.0,360.0,327.8,0.0,438.4,779.3,1,111.9,0,1,shot_pb=1.00|flight_commit=1.00|pb_zfit|keepin_prop=0.45|keepin_zoom=1.350|edge_zoom=0.750|bounds
104,651.3,544.3,centroid,0.27,554.5,360.0,335.3,0.0,438.4,779.3,1,105.7,0,1,shot_pb=1.00|flight_commit=1.00|pb_zfit|keepin_prop=0.47|keepin_zoom=1.350|edge_zoom=0.750|bounds
105,665.3,547.5,centroid,0.27,562.5,360.0,343.4,0.0,438.4,779.3,1,99.7,0,1,shot_pb=1.00|flight_commit=1.00|pb_zfit|keepin_prop=0.49|keepin_zoom=1.350|edge_zoom=0.750|bounds
106,679.4,550.8,centroid,0.27,570.9,360.0,351.8,0.0,438.4,779.3,1,94.0,0,1,shot_pb=1.00|flight_commit=1.00|pb_zfit|keepin_prop=0.52|keepin_zoom=1.350|edge_zoom=0.750|bounds
107,693.4,554.1,centroid,0.28,579.5,360.0,360.4,0.0,438.4,779.3,1,88.6,0,1,shot_pb=1.00|flight_commit=1.00|pb_zfit|keepin_prop=0.55|keepin_zoom=1.350|edge_zoom=0.750|bounds
108,707.2,557.5,centroid,0.28,588.2,360.0,369.0,0.0,438.4,779.3,1,83.5,0,1,shot_pb=1.00|flight_commit=1.00|pb_zfit|keepin_prop=0.57|keepin_zoom=1.350|edge_zoom=0.750|bounds
109,720.5,560.9,centroid,0.28,596.7,360.0,377.5,0.0,438.4,779.3,1,78.7,0,1,shot_pb=1.00|flight_commit=1.00|pb_zfit|keepin_prop=0.60|keepin_zoom=1.350|edge_zoom=0.750|bounds
110,733.2,564.3,centroid,0.28,604.9,360.0,385.7,0.0,438.4,779.3,1,74.2,0,1,shot_pb=1.00|flight_commit=1.00|pb_zfit|keepin_prop=0.63|keepin_zoom=1.350|edge_zoom=0.750|bounds
111,745.0,567.6,centroid,0.29,612.7,360.0,393.5,0.0,438.4,779.3,1,70.2,0,1,shot_pb=1.00|flight_commit=1.00|pb_zfit|keepin_prop=0.66|keepin_zoom=1.350|edge_zoom=0.750|bounds
112,755.9,570.8,centroid,0.29,620.0,360.0,400.8,0.0,438.4,779.3,1,66.6,0,1,shot_pb=1.00|flight_commit=1.00|pb_zfit|keepin_prop=0.68|keepin_zoom=1.350|edge_zoom=0.750|bounds
113,765.6,573.8,centroid,0.29,626.5,360.0,407.3,0.0,438.4,779.3,1,63.4,0,1,shot_pb=1.00|flight_commit=1.00|pb_zfit|keepin_prop=0.71|keepin_zoom=1.350|edge_zoom=0.750|bounds
114,773.9,576.7,centroid,0.29,632.3,360.0,413.1,0.0,438.4,779.3,1,60.9,0,1,shot_pb=1.00|flight_commit=1.00|pb_zfit|keepin_prop=0.73|keepin_zoom=1.350|edge_zoom=0.750|bounds
115,780.8,579.3,centroid,0.30,637.2,360.0,418.0,0.0,438.4,779.3,1,58.9,0,1,shot_pb=1.00|flight_commit=1.00|pb_zfit|keepin_prop=0.75|keepin_zoom=1.350|edge_zoom=0.750|bounds
116,785.9,581.6,centroid,0.30,641.1,360.0,421.9,0.0,438.4,779.3,1,57.7,0,1,shot_pb=1.00|flight_commit=1.00|pb_zfit|keepin_prop=0.77|keepin_zoom=1.350|edge_zoom=0.750|bounds
117,788.3,583.2,centroid,0.30,644.0,360.0,424.8,0.0,438.4,779.3,1,58.2,0,1,shot_pb=1.00|flight_commit=1.00|pb_zfit|keepin_prop=0.76|keepin_zoom=1.350|edge_zoom=0.750|bounds
118,788.9,584.4,centroid,0.30,645.8,360.0,426.6,0.0,438.4,779.3,1,59.4,0,1,shot_pb=1.00|flight_commit=1.00|pb_zfit|keepin_prop=0.72|keepin_zoom=1.350|edge_zoom=0.750|bounds
119,787.8,585.4,centroid,0.30,646.5,360.0,427.3,0.0,438.4,779.3,1,61.2,0,1,shot_pb=1.00|flight_commit=1.00|pb_zfit|keepin_prop=0.76|keepin_zoom=1.350|edge_zoom=0.750|bounds
120,785.2,586.1,centroid,0.30,646.1,360.0,426.9,0.0,438.4,779.3,1,63.4,0,1,shot_pb=1.00|flight_commit=1.00|pb_zfit|keepin_prop=0.84|keepin_zoom=1.350|edge_zoom=0.750|bounds
121,781.1,586.7,centroid,0.30,644.7,360.0,425.5,0.0,438.4,779.3,1,66.1,0,1,shot_pb=1.00|flight_commit=1.00|pb_zfit|keepin_prop=0.87|keepin_zoom=1.350|edge_zoom=0.750|bounds
122,775.6,587.1,centroid,0.30,642.2,360.0,423.0,0.0,438.4,779.3,1,69.1,0,1,shot_pb=1.00|flight_commit=1.00|pb_zfit|keepin_prop=0.88|keepin_zoom=1.350|edge_zoom=0.750|bounds
123,768.7,587.3,centroid,0.30,638.6,360.0,419.4,0.0,438.4,779.3,1,72.4,0,1,shot_pb=1.00|flight_commit=1.00|pb_zfit|keepin_prop=0.89|keepin_zoom=1.350|edge_zoom=0.750|bounds
124,760.7,587.5,centroid,0.30,634.1,360.0,414.9,0.0,438.4,779.3,1,75.9,0,1,shot_pb=1.00|flight_commit=1.00|pb_zfit|keepin_prop=0.89|keepin_zoom=1.350|edge_zoom=0.750|bounds
125,751.5,587.5,centroid,0.30,628.7,360.0,409.5,0.0,438.4,779.3,1,79.7,0,1,shot_pb=1.00|flight_commit=1.00|pb_zfit|keepin_prop=0.90|keepin_zoom=1.350|edge_zoom=0.750|bounds
126,741.3,587.5,centroid,0.30,622.4,360.0,403.2,0.0,438.4,779.3,1,83.6,0,1,shot_pb=1.00|flight_commit=1.00|pb_zfit|keepin_prop=0.90|keepin_zoom=1.350|edge_zoom=0.750|bounds
127,730.1,587.4,centroid,0.30,615.3,360.0,396.1,0.0,438.4,779.3,1,87.7,0,1,shot_pb=1.00|flight_commit=1.00|pb_zfit|keepin_prop=0.90|keepin_zoom=1.350|edge_zoom=0.750|bounds
128,718.0,587.4,centroid,0.30,607.5,360.0,388.3,0.0,438.4,779.3,1,92.0,0,1,shot_pb=1.00|flight_commit=1.00|pb_zfit|keepin_prop=0.90|keepin_zoom=1.350|edge_zoom=0.750|bounds
129,705.2,587.3,centroid,0.30,599.0,360.0,379.8,0.0,438.4,779.3,1,96.3,0,1,shot_pb=1.00|flight_commit=1.00|pb_zfit|keepin_prop=0.90|keepin_zoom=1.350|edge_zoom=0.750|bounds
130,691.6,587.2,centroid,0.30,589.9,360.0,370.7,0.0,438.4,779.3,1,100.8,0,1,shot_pb=1.00|flight_commit=1.00|pb_zfit|keepin_prop=0.90|keepin_zoom=1.350|edge_zoom=0.750|bounds
131,677.5,587.1,centroid,0.30,580.3,360.0,361.1,0.0,438.4,779.3,1,105.3,0,1,shot_pb=1.00|flight_commit=1.00|pb_zfit|keepin_prop=0.89|keepin_zoom=1.350|edge_zoom=0.750|bounds
132,662.8,587.1,centroid,0.30,570.1,360.0,351.0,0.0,438.4,779.3,1,109.8,0,1,shot_pb=1.00|flight_commit=1.00|pb_zfit|keepin_prop=0.89|keepin_zoom=1.350|edge_zoom=0.750|bounds
133,647.7,587.1,centroid,0.30,559.6,360.0,340.5,0.0,438.4,779.3,1,114.4,0,1,shot_pb=1.00|flight_commit=1.00|pb_zfit|keepin_prop=0.89|keepin_zoom=1.350|edge_zoom=0.750|bounds
134,632.2,587.2,centroid,0.30,548.8,360.0,329.6,0.0,438.4,779.3,1,119.1,0,1,shot_pb=1.00|flight_commit=1.00|pb_zfit|keepin_prop=0.89|keepin_zoom=1.350|edge_zoom=0.750|bounds
135,616.5,587.3,centroid,0.30,537.6,360.0,318.4,0.0,438.4,779.3,1,123.6,0,1,shot_pb=1.00|flight_commit=1.00|pb_zfit|keepin_prop=0.89|keepin_zoom=1.350|edge_zoom=0.750|bounds
136,600.6,587.5,centroid,0.30,526.2,360.0,307.0,0.0,438.4,779.3,1,128.1,0,1,shot_pb=1.00|flight_commit=1.00|pb_zfit|keepin_prop=0.90|keepin_zoom=1.350|edge_zoom=0.750|bounds
137,584.5,587.8,centroid,0.30,514.6,360.0,295.4,0.0,438.4,779.3,1,132.6,0,1,shot_pb=1.00|flight_commit=1.00|pb_zfit|keepin_prop=0.90|keepin_zoom=1.350|edge_zoom=0.750|bounds
138,568.4,588.2,centroid,0.30,502.9,360.0,283.7,0.0,438.4,779.3,1,137.0,0,1,shot_pb=1.00|flight_commit=1.00|pb_zfit|keepin_prop=0.90|keepin_zoom=1.350|edge_zoom=0.750|bounds
139,552.2,588.7,centroid,0.30,491.0,360.0,271.9,0.0,438.4,779.3,1,141.3,0,1,shot_pb=1.00|flight_commit=1.00|keepin_prop=0.91|keepin_zoom=1.350|edge_zoom=0.750|bounds
140,536.2,589.2,centroid,0.30,479.2,360.0,260.0,0.0,438.4,779.3,1,145.5,0,1,shot_pb=1.00|flight_commit=1.00|keepin_prop=0.91|keepin_zoom=1.350|edge_zoom=0.750|bounds
141,520.2,589.9,centroid,0.30,467.3,360.0,248.2,0.0,438.4,779.3,1,149.6,0,1,shot_pb=1.00|flight_commit=1.00|keepin_prop=0.92|keepin_zoom=1.350|edge_zoom=0.750|bounds
142,504.4,590.6,centroid,0.30,455.5,360.0,236.4,0.0,438.4,779.3,1,153.6,0,1,shot_pb=1.00|flight_commit=1.00|keepin_prop=0.92|keepin_zoom=1.350|edge_zoom=0.750|bounds
143,488.8,591.5,centroid,0.30,443.8,360.0,224.7,0.0,438.4,779.3,1,157.5,0,1,shot_pb=1.00|flight_commit=1.00|keepin_prop=0.93|keepin_zoom=1.350|edge_zoom=0.750|bounds
144,473.4,592.4,centroid,0.30,432.2,360.0,213.1,0.0,438.4,779.3,1,161.3,0,1,shot_pb=1.00|flight_commit=1.00|keepin_prop=0.94|keepin_zoom=1.350|edge_zoom=0.750|bounds
145,458.3,593.4,centroid,0.30,420.8,360.0,201.7,0.0,438.4,779.3,1,165.0,0,1,shot_pb=1.00|flight_commit=1.00|keepin_prop=0.95|keepin_zoom=1.350|edge_zoom=0.750|bounds
146,443.5,594.5,centroid,0.30,409.6,360.0,190.4,0.0,438.4,779.3,1,168.6,0,1,shot_pb=1.00|flight_commit=1.00|keepin_prop=0.96|keepin_zoom=1.350|edge_zoom=0.750|bounds
147,429.1,595.6,centroid,0.30,398.6,360.0,179.4,0.0,438.4,779.3,1,172.0,0,1,shot_pb=1.00|flight_commit=1.00|keepin_prop=0.97|keepin_zoom=1.350|edge_zoom=0.750|bounds
148,415.0,596.7,centroid,0.30,387.9,360.0,168.7,0.0,438.4,779.3,1,175.4,0,1,shot_pb=1.00|flight_commit=1.00|keepin_prop=0.98|keepin_zoom=1.350|edge_zoom=0.750|bounds
149,401.4,597.9,centroid,0.30,377.4,360.0,158.2,0.0,438.4,779.3,1,178.5,0,1,shot_pb=1.00|flight_commit=1.00|keepin_prop=1.00|keepin_zoom=1.350|edge_zoom=0.750|bounds
150,388.2,599.2,centroid,0.30,367.3,360.0,148.1,0.0,438.4,779.3,1,180.1,0,1,shot_pb=1.00|flight_commit=1.00|keepin_prop=1.00|keepin_zoom=1.350|edge_zoom=0.750|bounds
151,375.5,600.4,centroid,0.30,357.5,360.0,138.3,0.0,438.4,779.3,1,178.9,0,1,shot_pb=1.00|flight_commit=1.00|keepin_prop=1.00|keepin_zoom=1.350|edge_zoom=0.750|bounds
152,363.3,601.7,centroid,0.30,348.0,360.0,128.8,0.0,438.4,779.3,1,177.6,0,1,shot_pb=1.00|flight_commit=1.00|keepin_prop=1.00|keepin_zoom=1.350|edge_zoom=0.750|bounds
153,351.6,602.9,centroid,0.30,338.9,360.0,119.7,0.0,438.4,779.3,1,176.4,0,1,shot_pb=1.00|flight_commit=1.00|keepin_prop=1.00|keepin_zoom=1.350|edge_zoom=0.750|bounds
154,340.4,604.1,centroid,0.30,330.2,360.0,111.0,0.0,438.4,779.3,1,175.2,0,1,shot_pb=1.00|flight_commit=1.00|keepin_prop=1.00|keepin_zoom=1.350|edge_zoom=0.750|bounds
155,329.7,605.3,centroid,0.30,321.8,360.0,102.7,0.0,438.4,779.3,1,174.0,0,1,shot_pb=1.00|flight_commit=1.00|keepin_prop=1.00|keepin_zoom=1.350|edge_zoom=0.750|bounds
156,319.6,606.5,centroid,0.30,313.9,360.0,94.7,0.0,438.4,779.3,1,172.8,0,1,shot_pb=1.00|flight_commit=1.00|keepin_prop=1.00|keepin_zoom=1.350|edge_zoom=0.750|bounds
157,310.0,607.6,centroid,0.30,306.4,360.0,87.2,0.0,438.4,779.3,1,171.7,0,1,shot_pb=1.00|flight_commit=1.00|keepin_prop=1.00|keepin_zoom=1.350|edge_zoom=0.750|bounds
158,301.0,608.7,centroid,0.30,299.3,360.0,80.1,0.0,438.4,779.3,1,170.6,0,1,shot_pb=1.00|flight_commit=1.00|keepin_prop=1.00|keepin_zoom=1.350|edge_zoom=0.750|bounds
159,292.5,609.7,centroid,0.30,292.6,360.0,73.4,0.0,438.4,779.3,1,169.6,0,1,shot_pb=1.00|flight_commit=1.00|keepin_prop=1.00|keepin_zoom=1.350|edge_zoom=0.750|bounds
160,284.6,610.7,centroid,0.30,286.3,360.0,67.1,0.0,438.4,779.3,1,168.6,0,1,shot_pb=1.00|flight_commit=1.00|person_ctx=3|keepin_prop=1.00|keepin_zoom=1.350|edge_zoom=0.750|bounds
161,277.3,611.6,centroid,0.30,280.4,360.0,61.3,0.0,438.4,779.3,1,167.7,0,1,shot_pb=1.00|flight_commit=1.00|person_ctx=3|keepin_prop=1.00|keepin_zoom=1.350|edge_zoom=0.750|bounds
162,270.5,612.4,centroid,0.30,275.0,360.0,55.8,0.0,438.4,779.3,1,166.9,0,1,shot_pb=1.00|flight_commit=0.96|person_ctx=3|keepin_prop=1.00|keepin_zoom=1.350|edge_zoom=0.750|bounds
163,264.3,613.1,centroid,0.30,269.9,360.0,50.7,0.0,438.4,779.3,1,166.2,0,1,flight_commit=0.82|person_ctx=3|keepin_prop=1.00|keepin_zoom=1.350|edge_zoom=0.750|bounds
164,258.7,613.7,centroid,0.30,265.2,360.0,46.0,0.0,438.4,779.3,1,165.6,0,1,flight_commit=0.65|keepin_prop=1.00|keepin_zoom=1.350|edge_zoom=0.750|bounds
165,253.7,614.3,centroid,0.30,260.9,360.0,41.7,0.0,438.4,779.3,1,165.0,0,1,flight_commit=0.49|person_ctx=3|keepin_prop=1.00|keepin_zoom=1.350|edge_zoom=0.750|bounds
166,249.2,614.7,centroid,0.30,257.0,360.0,37.8,0.0,438.4,779.3,1,164.6,0,1,flight_commit=0.34|person_ctx=3|keepin_prop=1.00|keepin_zoom=1.350|edge_zoom=0.750|bounds
167,245.3,615.0,centroid,0.30,253.5,360.0,34.3,0.0,438.4,779.3,1,164.3,0,1,flight_commit=0.20|conf_zoom=0.96|keepin_prop=1.00|keepin_zoom=1.350|edge_zoom=0.750|bounds
168,242.0,615.3,centroid,0.30,250.4,360.0,31.2,0.0,438.4,779.3,1,164.0,0,1,flight_commit=0.07|conf_zoom=0.93|keepin_prop=1.00|keepin_zoom=1.350|edge_zoom=0.750|bounds
169,239.2,615.4,centroid,0.30,247.7,360.0,28.5,0.0,438.4,779.3,1,163.9,0,1,conf_zoom=0.73|keepin_prop=1.00|keepin_zoom=1.350|edge_zoom=0.750|bounds
170,236.9,615.4,centroid,0.30,245.4,360.0,26.2,0.0,438.4,779.3,1,163.9,0,1,conf_zoom=0.73|keepin_prop=1.00|keepin_zoom=1.350|edge_zoom=0.750|bounds
171,235.2,615.3,centroid,0.30,243.6,360.0,24.4,0.0,438.4,779.3,1,164.0,0,1,conf_zoom=0.73|keepin_prop=1.00|keepin_zoom=1.350|edge_zoom=0.750|bounds
172,234.0,615.0,centroid,0.30,242.1,360.0,23.0,0.0,438.4,779.3,1,164.3,0,1,conf_zoom=0.73|keepin_prop=1.00|keepin_zoom=1.350|edge_zoom=0.750|bounds
173,233.3,614.7,centroid,0.30,241.2,360.0,22.0,0.0,438.4,779.3,1,164.6,0,1,conf_zoom=0.73|keepin_prop=1.00|keepin_zoom=1.350|edge_zoom=0.750|bounds
174,233.2,614.2,centroid,0.30,240.6,360.0,21.4,0.0,438.4,779.3,1,165.1,0,1,conf_zoom=0.73|keepin_prop=1.00|keepin_zoom=1.350|edge_zoom=0.750|bounds
175,233.5,613.6,centroid,0.30,240.5,360.0,21.3,0.0,438.4,779.3,1,165.7,0,1,conf_zoom=0.73|keepin_prop=1.00|keepin_zoom=1.350|edge_zoom=0.750|bounds
176,234.2,612.8,centroid,0.30,240.8,360.0,21.7,0.0,438.4,779.3,1,166.5,0,1,conf_zoom=0.73|keepin_prop=1.00|keepin_zoom=1.350|edge_zoom=0.750|bounds
177,235.5,612.0,centroid,0.30,241.6,360.0,22.4,0.0,438.4,779.3,1,167.3,0,1,conf_zoom=0.73|keepin_prop=1.00|keepin_zoom=1.350|edge_zoom=0.750|bounds
178,237.1,611.0,centroid,0.30,242.8,360.0,23.6,0.0,438.4,779.3,1,168.3,0,1,conf_zoom=0.73|keepin_prop=1.00|keepin_zoom=1.350|edge_zoom=0.750|bounds
179,239.2,609.9,centroid,0.30,244.4,360.0,25.2,0.0,438.4,779.3,1,169.4,0,1,conf_zoom=0.73|keepin_prop=1.00|keepin_zoom=1.350|edge_zoom=0.750|bounds
180,241.7,608.8,centroid,0.30,246.4,360.0,27.2,0.0,438.4,779.3,1,170.5,0,1,conf_zoom=0.73|keepin_prop=1.00|keepin_zoom=1.350|edge_zoom=0.750|bounds
181,244.6,607.5,centroid,0.30,248.7,360.0,29.6,0.0,438.4,779.3,1,171.8,0,1,conf_zoom=0.73|keepin_prop=1.00|keepin_zoom=1.350|edge_zoom=0.750|bounds
182,247.8,606.1,centroid,0.30,251.5,360.0,32.3,0.0,438.4,779.3,1,173.2,0,1,shot_pb=0.48|conf_zoom=0.73|keepin_prop=1.00|keepin_zoom=1.350|edge_zoom=0.750|bounds
183,251.4,604.5,centroid,0.30,254.6,360.0,35.4,0.0,438.4,779.3,1,174.8,0,1,shot_pb=0.00|conf_zoom=0.73|keepin_prop=1.00|keepin_zoom=1.350|edge_zoom=0.750|bounds
184,255.3,603.0,centroid,0.30,258.1,360.0,38.9,0.0,438.4,779.3,1,176.3,0,1,shot_pb=0.00|conf_zoom=0.73|keepin_prop=1.00|keepin_zoom=1.350|edge_zoom=0.750|bounds
185,259.5,601.3,centroid,0.30,261.9,360.0,42.7,0.0,438.4,779.3,1,178.0,0,1,shot_pb=0.00|conf_zoom=0.73|keepin_prop=0.91|keepin_zoom=1.350|edge_zoom=0.750|bounds
186,264.1,599.5,centroid,0.30,266.0,360.0,46.8,0.0,438.4,779.3,1,179.8,0,1,shot_pb=0.00|conf_zoom=0.73|keepin_prop=0.88|keepin_zoom=1.350|edge_zoom=0.750|bounds
187,268.9,597.7,centroid,0.30,270.4,360.0,51.2,0.0,438.4,779.3,1,181.6,0,1,shot_pb=0.00|conf_zoom=0.73|keepin_prop=0.86|keepin_zoom=1.350|edge_zoom=0.750|bounds
188,274.1,595.8,centroid,0.30,275.1,360.0,55.9,0.0,438.4,779.3,1,183.5,0,1,shot_pb=0.00|conf_zoom=0.73|keepin_prop=0.84|keepin_zoom=1.350|edge_zoom=0.750|bounds
189,279.5,593.9,centroid,0.30,280.1,360.0,61.0,0.0,438.4,779.3,1,185.4,0,1,shot_pb=0.00|conf_zoom=0.73|keepin_prop=0.81|keepin_zoom=1.350|edge_zoom=0.750|bounds
190,285.3,591.9,centroid,0.30,285.4,360.0,66.3,0.0,438.4,779.3,1,187.4,0,1,shot_pb=0.00|flight_commit=0.05|conf_zoom=0.92|keepin_prop=0.79|keepin_zoom=1.350|edge_zoom=0.750|bounds
191,291.4,589.9,centroid,0.30,291.0,360.0,71.9,0.0,438.4,779.3,1,189.4,0,1,shot_pb=0.00|flight_commit=0.11|conf_zoom=0.94|keepin_prop=0.77|keepin_zoom=1.350|edge_zoom=0.750|bounds
192,297.9,587.8,centroid,0.30,296.9,360.0,77.7,0.0,438.4,779.3,1,191.5,0,1,shot_pb=0.00|flight_commit=0.17|conf_zoom=0.96|keepin_prop=0.74|keepin_zoom=1.350|edge_zoom=0.750|bounds
193,304.8,585.8,centroid,0.30,303.0,360.0,83.9,0.0,438.4,779.3,1,193.5,0,1,flight_commit=0.24|conf_zoom=0.97|keepin_prop=0.72|keepin_zoom=1.350|edge_zoom=0.750|bounds
194,312.0,583.7,centroid,0.30,309.5,360.0,90.3,0.0,438.4,779.3,1,195.6,0,1,flight_commit=0.31|conf_zoom=0.99|keepin_prop=0.69|keepin_zoom=1.350|edge_zoom=0.750|bounds
195,319.7,581.7,centroid,0.30,316.2,360.0,97.0,0.0,438.4,779.3,1,197.6,0,1,flight_commit=0.38|person_ctx=3|keepin_prop=0.67|keepin_zoom=1.350|edge_zoom=0.750|bounds
196,328.0,579.6,centroid,0.30,323.3,360.0,104.1,0.0,438.4,779.3,1,197.8,0,1,flight_commit=0.46|keepin_prop=0.64|keepin_zoom=1.350|edge_zoom=0.750|bounds
197,336.7,577.6,centroid,0.30,330.8,360.0,111.6,0.0,438.4,779.3,1,196.6,0,1,flight_commit=0.54|keepin_prop=0.62|keepin_zoom=1.350|edge_zoom=0.750|bounds
198,346.1,575.6,centroid,0.30,338.7,360.0,119.5,0.0,438.4,779.3,1,195.1,0,1,shot_pb=0.60|flight_commit=0.64|keepin_prop=0.61|keepin_zoom=1.350|edge_zoom=0.750|bounds
199,356.2,573.7,centroid,0.30,347.2,360.0,128.0,0.0,438.4,779.3,1,193.5,0,1,shot_pb=0.80|flight_commit=1.00|person_ctx=3|keepin_prop=0.60|keepin_zoom=1.350|edge_zoom=0.750|bounds
200,367.1,571.8,centroid,0.30,356.3,360.0,137.1,0.0,438.4,779.3,1,191.7,0,1,shot_pb=1.00|flight_commit=1.00|person_ctx=3|keepin_prop=0.59|keepin_zoom=1.350|edge_zoom=0.750|bounds
201,378.9,570.0,centroid,0.30,366.2,360.0,147.0,0.0,438.4,779.3,1,189.8,0,1,shot_pb=1.00|flight_commit=1.00|person_ctx=4|keepin_prop=0.58|keepin_zoom=1.350|edge_zoom=0.750|bounds
202,391.8,568.2,centroid,0.30,377.0,360.0,157.8,0.0,438.4,779.3,1,187.7,0,1,shot_pb=1.00|flight_commit=1.00|person_ctx=3|keepin_prop=0.57|keepin_zoom=1.350|edge_zoom=0.750|bounds
203,405.9,566.4,centroid,0.30,388.9,360.0,169.7,0.0,438.4,779.3,1,185.5,0,1,shot_pb=1.00|flight_commit=1.00|person_ctx=4|keepin_prop=0.55|keepin_zoom=1.350|edge_zoom=0.750|bounds
204,421.3,564.7,centroid,0.30,401.9,360.0,182.8,0.0,438.4,779.3,1,183.1,0,1,shot_pb=1.00|flight_commit=1.00|person_ctx=4|keepin_prop=0.53|keepin_zoom=1.350|edge_zoom=0.750|bounds
205,438.2,563.1,centroid,0.30,416.4,360.0,197.2,0.0,438.4,779.3,1,180.7,0,1,accel_zoom=0.943|shot_pb=1.00|flight_commit=1.00|person_ctx=4|keepin_prop=0.52|keepin_zoom=1.350|edge_zoom=0.750|bounds
206,456.9,561.4,centroid,0.30,432.4,360.0,213.2,0.0,438.4,779.3,1,178.0,0,1,accel_zoom=0.938|shot_pb=1.00|flight_commit=1.00|person_ctx=4|keepin_prop=0.50|keepin_zoom=1.350|edge_zoom=0.750|bounds
207,477.7,559.8,centroid,0.30,450.0,360.0,230.8,0.0,438.4,779.3,1,174.8,0,1,accel_zoom=0.932|shot_pb=1.00|flight_commit=1.00|keepin_prop=0.49|keepin_zoom=1.350|edge_zoom=0.750|bounds
208,500.7,558.2,centroid,0.30,469.3,360.0,250.2,0.0,438.4,779.3,1,171.1,0,1,accel_zoom=0.925|shot_pb=1.00|flight_commit=1.00|keepin_prop=0.48|keepin_zoom=1.350|edge_zoom=0.750|bounds
209,526.4,556.6,centroid,0.30,490.4,360.0,271.3,0.0,438.4,779.3,1,166.5,0,1,accel_zoom=0.917|shot_pb=1.00|flight_commit=1.00|keepin_prop=0.46|keepin_zoom=1.350|edge_zoom=0.750|bounds
210,555.0,554.9,centroid,0.30,513.3,360.0,294.1,0.0,438.4,779.3,1,160.8,0,1,accel_zoom=0.908|shot_pb=1.00|flight_commit=1.00|keepin_prop=0.45|keepin_zoom=1.350|flight_boost=1.05|edge_zoom=0.750|bounds
211,587.1,553.1,centroid,0.30,537.7,360.0,318.5,0.0,438.4,779.3,1,153.1,0,1,accel_zoom=0.897|shot_pb=1.00|flight_commit=1.00|keepin_prop=0.44|keepin_zoom=1.350|flight_boost=1.12|edge_zoom=0.750|bounds
212,623.1,551.2,centroid,0.30,563.5,360.0,344.4,0.0,438.4,779.3,1,142.9,0,1,accel_zoom=0.885|shot_pb=1.00|flight_commit=1.00|keepin_prop=0.42|keepin_zoom=1.350|flight_boost=1.20|edge_zoom=0.750|bounds
213,663.4,549.1,centroid,0.30,590.5,360.0,371.3,0.0,438.4,779.3,1,129.6,0,1,accel_zoom=0.870|shot_pb=1.00|flight_commit=1.00|pb_zfit|keepin_prop=0.41|keepin_zoom=1.350|flight_boost=1.29|edge_zoom=0.752|bounds
214,749.3,544.4,yolo,0.54,618.3,360.0,399.1,0.0,438.4,779.3,1,71.5,0,1,accel_zoom=0.780|shot_pb=1.00|flight_commit=1.00|pb_zfit|keepin_prop=0.37|keepin_zoom=1.350|flight_boost=1.58|edge_zoom=0.764|bounds
215,790.0,542.5,yolo,0.55,646.5,360.0,427.4,0.0,438.4,779.3,1,59.0,0,1,accel_zoom=0.780|shot_pb=1.00|flight_commit=1.00|pb_zfit|keepin_prop=0.36|keepin_zoom=1.350|flight_boost=1.65|edge_zoom=0.770|bounds
216,826.9,540.9,yolo,0.54,674.8,360.0,455.7,0.0,438.4,779.3,1,50.4,0,1,accel_zoom=0.780|shot_pb=1.00|flight_commit=1.00|pb_zfit|keepin_prop=0.35|keepin_zoom=1.350|flight_boost=1.70|edge_zoom=0.774|bounds
217,860.4,539.6,yolo,0.46,702.8,360.0,483.6,0.0,438.4,779.3,1,44.9,0,1,accel_zoom=0.780|shot_pb=1.00|flight_commit=1.00|pb_zfit|keepin_prop=0.34|keepin_zoom=1.350|flight_boost=1.72|edge_zoom=0.777|bounds
218,890.7,538.5,yolo,0.40,730.1,360.0,510.9,0.0,438.4,779.3,1,41.9,0,1,accel_zoom=0.780|shot_pb=1.00|flight_commit=1.00|pb_zfit|keepin_prop=0.33|keepin_zoom=1.350|flight_boost=1.71|edge_zoom=0.780|bounds
219,918.1,537.7,interp,0.32,756.3,360.0,537.1,0.0,438.4,779.3,1,40.7,0,1,accel_zoom=0.780|shot_pb=1.00|flight_commit=1.00|pb_zfit|keepin_prop=0.33|keepin_zoom=1.350|flight_boost=1.68|edge_zoom=0.782|bounds
220,943.0,537.1,interp,0.32,781.3,360.0,562.2,0.0,438.4,779.3,1,40.8,0,1,accel_zoom=0.780|shot_pb=1.00|flight_commit=1.00|pb_zfit|keepin_prop=0.32|keepin_zoom=1.350|flight_boost=1.61|edge_zoom=0.784|bounds
221,965.4,536.5,interp,0.32,804.9,360.0,585.7,0.0,438.4,779.3,1,42.0,0,1,accel_zoom=0.780|shot_pb=1.00|flight_commit=1.00|pb_zfit|keepin_prop=0.32|keepin_zoom=1.350|flight_boost=1.34|edge_zoom=0.785|bounds
222,985.7,536.2,interp,0.32,826.9,360.0,607.7,0.0,438.4,779.3,1,43.7,0,1,accel_zoom=0.780|shot_pb=1.00|flight_commit=1.00|pb_zfit|keepin_prop=0.32|keepin_zoom=1.350|flight_boost=1.25|edge_zoom=0.786|bounds
223,1004.1,535.9,interp,0.32,847.3,360.0,628.2,0.0,438.4,779.3,1,45.7,0,1,shot_pb=1.00|flight_commit=1.00|pb_zfit|keepin_prop=0.31|keepin_zoom=1.350|flight_boost=1.17|edge_zoom=0.787|bounds
224,1020.8,535.7,interp,0.32,866.1,360.0,647.0,0.0,438.4,779.3,1,47.8,0,1,shot_pb=1.00|flight_commit=1.00|pb_zfit|keepin_prop=0.31|keepin_zoom=1.350|flight_boost=1.09|edge_zoom=0.788|bounds
225,1035.9,535.5,interp,0.32,883.4,360.0,664.2,0.0,438.4,779.3,1,50.0,0,1,shot_pb=1.00|flight_commit=1.00|person_ctx=4|pb_zfit|keepin_prop=0.31|keepin_zoom=1.350|flight_boost=1.03|edge_zoom=0.788|bounds
226,1049.6,535.5,interp,0.32,899.1,360.0,679.9,0.0,438.4,779.3,1,52.0,0,1,shot_pb=1.00|flight_commit=1.00|pb_zfit|keepin_prop=0.31|keepin_zoom=1.350|edge_zoom=0.788|bounds
227,1061.9,535.4,interp,0.32,913.4,360.0,694.2,0.0,438.4,779.3,1,54.0,0,1,shot_pb=1.00|flight_commit=1.00|person_ctx=4|pb_zfit|keepin_prop=0.31|keepin_zoom=1.350|edge_zoom=0.788|bounds
228,1073.2,535.4,interp,0.32,926.4,360.0,707.2,0.0,438.4,779.3,1,55.7,0,1,shot_pb=1.00|flight_commit=1.00|person_ctx=4|pb_zfit|keepin_prop=0.31|keepin_zoom=1.350|edge_zoom=0.788|bounds
229,1083.3,535.4,interp,0.32,938.1,360.0,719.0,0.0,438.4,779.3,1,57.3,0,1,shot_pb=1.00|flight_commit=1.00|person_ctx=4|pb_zfit|keepin_prop=0.31|keepin_zoom=1.350|edge_zoom=0.788|bounds
230,1092.5,535.5,interp,0.32,948.8,360.0,729.6,0.0,438.4,779.3,1,58.8,0,1,shot_pb=1.00|flight_commit=1.00|person_ctx=4|pb_zfit|keepin_prop=0.31|keepin_zoom=1.350|edge_zoom=0.788|bounds
231,1100.8,535.6,interp,0.32,958.4,360.0,739.2,0.0,438.4,779.3,1,60.1,0,1,shot_pb=1.00|flight_commit=1.00|person_ctx=4|pb_zfit|keepin_prop=0.31|keepin_zoom=1.350|edge_zoom=0.788|bounds
232,1108.4,535.6,interp,0.32,967.1,360.0,747.9,0.0,438.4,779.3,1,61.2,0,1,shot_pb=1.00|flight_commit=1.00|person_ctx=4|pb_zfit|keepin_prop=0.31|keepin_zoom=1.350|edge_zoom=0.788|bounds
233,1115.1,535.7,interp,0.32,974.9,360.0,755.7,0.0,438.4,779.3,1,62.3,0,1,shot_pb=1.00|flight_commit=1.00|person_ctx=4|pb_zfit|keepin_prop=0.31|keepin_zoom=1.350|edge_zoom=0.788|bounds
234,1121.3,535.8,interp,0.32,981.9,360.0,762.7,0.0,438.4,779.3,1,63.1,0,1,shot_pb=1.00|flight_commit=1.00|person_ctx=4|pb_zfit|keepin_prop=0.31|keepin_zoom=1.350|edge_zoom=0.788|bounds
235,1126.8,535.8,interp,0.32,988.2,360.0,769.1,0.0,438.4,779.3,1,63.9,0,1,shot_pb=1.00|flight_commit=1.00|person_ctx=4|pb_zfit|keepin_prop=0.31|keepin_zoom=1.350|edge_zoom=0.788|bounds
236,1131.7,535.9,interp,0.32,993.9,360.0,774.7,0.0,438.4,779.3,1,64.7,0,1,shot_pb=1.00|flight_commit=1.00|person_ctx=4|pb_zfit|keepin_prop=0.31|keepin_zoom=1.350|edge_zoom=0.788|bounds
237,1136.2,535.9,interp,0.32,998.9,360.0,779.7,0.0,438.4,779.3,1,65.2,0,1,shot_pb=1.00|flight_commit=1.00|person_ctx=3|pb_zfit|keepin_prop=0.31|keepin_zoom=1.350|edge_zoom=0.788|bounds
238,1140.1,535.9,interp,0.32,1003.4,360.0,784.2,0.0,438.4,779.3,1,65.8,0,1,shot_pb=1.00|flight_commit=1.00|person_ctx=3|pb_zfit|keepin_prop=0.31|keepin_zoom=1.350|edge_zoom=0.787|bounds
239,1143.6,535.9,interp,0.32,1007.3,360.0,788.1,0.0,438.4,779.3,1,66.2,0,1,shot_pb=1.00|flight_commit=1.00|person_ctx=3|pb_zfit|keepin_prop=0.31|keepin_zoom=1.350|edge_zoom=0.787|bounds
240,1146.6,535.9,interp,0.32,1010.7,360.0,791.5,0.0,438.4,779.3,1,66.6,0,1,shot_pb=1.00|flight_commit=1.00|person_ctx=3|pb_zfit|keepin_prop=0.31|keepin_zoom=1.350|edge_zoom=0.787|bounds
241,1149.3,535.8,interp,0.32,1013.6,360.0,794.5,0.0,438.4,779.3,1,66.8,0,1,shot_pb=1.00|flight_commit=1.00|person_ctx=3|pb_zfit|keepin_prop=0.31|keepin_zoom=1.350|edge_zoom=0.787|bounds
242,1151.6,535.8,interp,0.32,1016.1,360.0,796.9,0.0,438.4,779.3,1,67.0,0,1,shot_pb=1.00|flight_commit=1.00|person_ctx=3|pb_zfit|keepin_prop=0.32|keepin_zoom=1.350|edge_zoom=0.787|bounds
243,1153.4,535.6,interp,0.32,1018.2,360.0,799.0,0.0,438.4,779.3,1,67.3,0,1,shot_pb=1.00|flight_commit=1.00|person_ctx=3|pb_zfit|keepin_prop=0.32|keepin_zoom=1.350|edge_zoom=0.786|bounds
244,1155.0,535.5,interp,0.32,1019.7,360.0,800.6,0.0,438.4,779.3,1,67.2,0,1,shot_pb=1.00|flight_commit=1.00|person_ctx=3|pb_zfit|keepin_prop=0.32|keepin_zoom=1.350|edge_zoom=0.786|bounds
245,1156.1,535.3,interp,0.32,1020.9,360.0,801.7,0.0,438.4,779.3,1,67.3,0,1,shot_pb=1.00|flight_commit=1.00|person_ctx=3|pb_zfit|keepin_prop=0.33|keepin_zoom=1.350|edge_zoom=0.784|bounds
246,1156.9,535.0,interp,0.32,1021.6,360.0,802.4,0.0,438.4,779.3,1,67.2,0,1,shot_pb=1.00|flight_commit=1.00|person_ctx=3|pb_zfit|keepin_prop=0.34|keepin_zoom=1.350|edge_zoom=0.781|bounds
247,1157.4,534.7,interp,0.32,1021.9,360.0,802.7,0.0,438.4,779.3,1,67.0,0,1,shot_pb=1.00|flight_commit=1.00|person_ctx=3|pb_zfit|keepin_prop=0.37|keepin_zoom=1.350|edge_zoom=0.774|bounds
248,1157.4,534.4,interp,0.32,1021.7,360.0,802.5,0.0,438.4,779.3,1,66.8,0,1,shot_pb=1.00|flight_commit=1.00|person_ctx=3|pb_zfit|keepin_prop=0.41|keepin_zoom=1.350|edge_zoom=0.763|bounds
249,1157.1,533.9,interp,0.32,1021.1,360.0,801.9,0.0,438.4,779.3,1,66.5,0,1,shot_pb=1.00|flight_commit=1.00|person_ctx=3|pb_zfit|keepin_prop=0.39|keepin_zoom=1.350|edge_zoom=0.769|bounds
250,1156.4,533.4,interp,0.32,1019.9,360.0,800.7,0.0,438.4,779.3,1,66.0,0,1,shot_pb=1.00|flight_commit=1.00|person_ctx=3|pb_zfit|keepin_prop=0.36|keepin_zoom=1.350|edge_zoom=0.777|bounds
251,1155.3,532.8,interp,0.32,1018.3,360.0,799.1,0.0,438.4,779.3,1,65.5,0,1,shot_pb=1.00|flight_commit=1.00|person_ctx=3|pb_zfit|keepin_prop=0.34|keepin_zoom=1.350|edge_zoom=0.782|bounds
252,1153.7,532.1,interp,0.32,1016.1,360.0,796.9,0.0,438.4,779.3,1,64.9,0,1,shot_pb=1.00|flight_commit=1.00|person_ctx=3|pb_zfit|keepin_prop=0.33|keepin_zoom=1.350|edge_zoom=0.785|bounds
253,1151.6,531.3,interp,0.32,1013.4,360.0,794.3,0.0,438.4,779.3,1,64.3,0,1,shot_pb=1.00|flight_commit=1.00|person_ctx=3|pb_zfit|keepin_prop=0.32|keepin_zoom=1.350|edge_zoom=0.789|bounds
254,1148.9,530.3,interp,0.32,1010.2,360.0,791.0,0.0,438.4,779.3,1,63.8,0,1,shot_pb=1.00|flight_commit=1.00|person_ctx=3|pb_zfit|keepin_prop=0.31|keepin_zoom=1.350|edge_zoom=0.791|bounds
255,1145.7,529.2,interp,0.32,1006.4,360.0,787.3,0.0,438.4,779.3,1,63.2,0,1,shot_pb=1.00|flight_commit=1.00|person_ctx=3|pb_zfit|keepin_prop=0.30|keepin_zoom=1.350|edge_zoom=0.794|bounds
256,1141.8,528.0,interp,0.32,1002.2,360.0,783.0,0.0,438.4,779.3,1,62.9,0,1,shot_pb=1.00|flight_commit=1.00|person_ctx=3|pb_zfit|keepin_prop=0.30|keepin_zoom=1.350|edge_zoom=0.798|bounds
257,1137.2,526.6,interp,0.32,997.4,360.0,778.2,0.0,438.4,779.3,1,62.7,0,1,shot_pb=1.00|flight_commit=1.00|person_ctx=3|pb_zfit|keepin_prop=0.29|keepin_zoom=1.350|edge_zoom=0.801|bounds
258,1131.8,524.9,interp,0.32,992.2,360.0,773.0,0.0,438.4,779.3,1,62.9,0,1,shot_pb=1.00|flight_commit=1.00|person_ctx=3|pb_zfit|keepin_prop=0.28|keepin_zoom=1.350|edge_zoom=0.805|bounds
259,1125.6,523.1,interp,0.32,986.7,360.0,767.5,0.0,438.4,779.3,1,63.6,0,1,shot_pb=1.00|flight_commit=1.00|person_ctx=3|pb_zfit|keepin_prop=0.26|keepin_zoom=1.350|edge_zoom=0.809|bounds
260,1118.3,520.9,interp,0.32,980.8,360.0,761.7,0.0,438.4,779.3,1,65.0,0,1,shot_pb=1.00|flight_commit=1.00|person_ctx=3|pb_zfit|keepin_prop=0.25|keepin_zoom=1.350|edge_zoom=0.814|bounds
261,1109.8,518.5,interp,0.32,974.8,360.0,755.6,0.0,438.4,779.3,1,67.5,0,1,shot_pb=1.00|flight_commit=1.00|person_ctx=3|pb_zfit|keepin_prop=0.24|keepin_zoom=1.350|edge_zoom=0.819|bounds
262,1086.0,515.5,blended,0.66,968.7,360.0,749.5,0.0,438.4,779.3,1,85.2,0,1,accel_zoom=0.921|shot_pb=1.00|flight_commit=1.00|person_ctx=4|pb_zfit|keepin_prop=0.21|keepin_zoom=1.350|edge_zoom=0.828|bounds
263,1078.6,512.4,blended,0.66,962.5,360.0,743.3,0.0,438.4,779.3,1,86.4,0,1,shot_pb=1.00|flight_commit=1.00|person_ctx=4|pb_zfit|keepin_prop=0.22|keepin_zoom=1.350|edge_zoom=0.828|bounds
264,1079.4,505.6,interp,0.38,956.3,360.0,737.2,0.0,438.4,779.3,1,79.4,0,1,shot_pb=1.00|flight_commit=1.00|person_ctx=4|pb_zfit|keepin_prop=0.23|keepin_zoom=1.350|edge_zoom=0.829|bounds
265,1074.2,502.5,interp,0.38,950.3,360.0,731.1,0.0,438.4,779.3,1,78.6,0,1,shot_pb=1.00|flight_commit=1.00|person_ctx=4|pb_zfit|keepin_prop=0.18|keepin_zoom=1.350|edge_zoom=0.844|bounds
266,1069.2,499.7,interp,0.38,944.4,360.0,725.2,0.0,438.4,779.3,1,77.7,0,1,shot_pb=1.00|flight_commit=1.00|person_ctx=4|pb_zfit|keepin_prop=0.16|keepin_zoom=1.350|edge_zoom=0.849|bounds
267,1064.4,497.3,interp,0.38,938.7,360.0,719.5,0.0,438.4,779.3,1,76.8,0,1,shot_pb=1.00|flight_commit=1.00|person_ctx=4|pb_zfit|keepin_prop=0.15|keepin_zoom=1.350|edge_zoom=0.853|bounds
268,1059.8,495.1,interp,0.38,933.1,360.0,713.9,0.0,438.4,779.3,1,75.8,0,1,shot_pb=1.00|flight_commit=1.00|person_ctx=4|pb_zfit|keepin_prop=0.14|keepin_zoom=1.350|edge_zoom=0.857|bounds
269,1055.2,493.1,interp,0.38,927.7,360.0,708.5,0.0,438.4,779.3,1,75.0,0,1,shot_pb=1.00|flight_commit=1.00|person_ctx=4|pb_zfit|keepin_prop=0.13|keepin_zoom=1.350|edge_zoom=0.860|bounds
270,1050.6,491.3,interp,0.38,922.4,360.0,703.2,0.0,438.4,779.3,1,74.3,0,1,shot_pb=1.00|flight_commit=1.00|person_ctx=4|pb_zfit|keepin_prop=0.12|keepin_zoom=1.350|edge_zoom=0.864|bounds
271,1046.1,489.7,interp,0.38,917.2,360.0,698.0,0.0,438.4,779.3,1,73.6,0,1,shot_pb=1.00|flight_commit=1.00|person_ctx=4|pb_zfit|keepin_prop=0.11|keepin_zoom=1.350|edge_zoom=0.866|bounds
272,1041.4,488.3,interp,0.38,912.0,360.0,692.9,0.0,438.4,779.3,1,73.1,0,1,shot_pb=1.00|flight_commit=1.00|person_ctx=4|pb_zfit|keepin_prop=0.10|keepin_zoom=1.350|edge_zoom=0.869|bounds
273,1036.8,487.0,interp,0.38,907.0,360.0,687.8,0.0,438.4,779.3,1,72.7,0,1,shot_pb=1.00|flight_commit=1.00|person_ctx=4|pb_zfit|keepin_prop=0.10|keepin_zoom=1.350|edge_zoom=0.871|bounds
274,1032.0,485.8,interp,0.38,901.9,360.0,682.7,0.0,438.4,779.3,1,72.4,0,1,shot_pb=1.00|flight_commit=1.00|person_ctx=4|pb_zfit|keepin_prop=0.09|keepin_zoom=1.350|edge_zoom=0.873|bounds
275,1027.2,484.6,interp,0.38,896.8,360.0,677.6,0.0,438.4,779.3,1,72.1,0,1,shot_pb=1.00|flight_commit=1.00|person_ctx=4|pb_zfit|keepin_prop=0.09|keepin_zoom=1.350|edge_zoom=0.874|bounds
276,1022.3,483.6,interp,0.38,891.6,360.0,672.4,0.0,438.4,779.3,1,71.8,0,1,shot_pb=1.00|flight_commit=1.00|person_ctx=4|pb_zfit|keepin_prop=0.08|keepin_zoom=1.350|edge_zoom=0.876|bounds
277,1017.2,482.6,interp,0.38,886.4,360.0,667.3,0.0,438.4,779.3,1,71.7,0,1,shot_pb=1.00|flight_commit=1.00|person_ctx=4|pb_zfit|keepin_prop=0.08|keepin_zoom=1.350|edge_zoom=0.877|bounds
278,1012.0,481.7,interp,0.38,881.2,360.0,662.0,0.0,438.4,779.3,1,71.7,0,1,shot_pb=1.00|flight_commit=1.00|person_ctx=4|pb_zfit|keepin_prop=0.07|keepin_zoom=1.350|edge_zoom=0.878|bounds
279,1006.7,480.9,interp,0.38,875.8,360.0,656.7,0.0,438.4,779.3,1,71.6,0,1,shot_pb=1.00|flight_commit=1.00|person_ctx=4|pb_zfit|keepin_prop=0.07|keepin_zoom=1.350|edge_zoom=0.879|bounds
280,1001.2,480.1,interp,0.38,870.4,360.0,651.3,0.0,438.4,779.3,1,71.7,0,1,shot_pb=1.00|flight_commit=1.00|person_ctx=4|pb_zfit|keepin_prop=0.07|keepin_zoom=1.350|edge_zoom=0.880|bounds
281,995.6,479.3,interp,0.38,865.0,360.0,645.8,0.0,438.4,779.3,1,71.9,0,1,shot_pb=1.00|flight_commit=1.00|person_ctx=4|pb_zfit|keepin_prop=0.07|keepin_zoom=1.350|edge_zoom=0.881|bounds
282,989.9,478.6,interp,0.38,859.4,360.0,640.3,0.0,438.4,779.3,1,72.0,0,1,shot_pb=1.00|flight_commit=1.00|pb_zfit|keepin_prop=0.06|keepin_zoom=1.350|edge_zoom=0.882|bounds
283,984.0,477.9,interp,0.38,853.9,360.0,634.7,0.0,438.4,779.3,1,72.4,0,1,shot_pb=1.00|flight_commit=1.00|pb_zfit|keepin_prop=0.06|keepin_zoom=1.350|edge_zoom=0.883|bounds
284,978.0,477.2,interp,0.38,848.3,360.0,629.1,0.0,438.4,779.3,1,72.8,0,1,shot_pb=1.00|flight_commit=1.00|pb_zfit|keepin_prop=0.06|keepin_zoom=1.350|edge_zoom=0.884|bounds
285,971.8,476.5,interp,0.38,842.6,360.0,623.4,0.0,438.4,779.3,1,73.3,0,1,shot_pb=1.00|flight_commit=1.00|pb_zfit|keepin_prop=0.06|keepin_zoom=1.350|edge_zoom=0.885|bounds
286,965.5,475.8,interp,0.38,837.0,360.0,617.8,0.0,438.4,779.3,1,74.0,0,1,shot_pb=1.00|flight_commit=1.00|pb_zfit|keepin_prop=0.05|keepin_zoom=1.350|edge_zoom=0.886|bounds
287,959.1,475.2,interp,0.38,831.3,360.0,612.1,0.0,438.4,779.3,1,74.7,0,1,shot_pb=1.00|flight_commit=1.00|pb_zfit|keepin_prop=0.05|keepin_zoom=1.350|edge_zoom=0.886|bounds
288,952.6,474.6,interp,0.38,825.6,360.0,606.5,0.0,438.4,779.3,1,75.5,0,1,shot_pb=1.00|flight_commit=1.00|pb_zfit|keepin_prop=0.05|keepin_zoom=1.350|edge_zoom=0.887|bounds
289,945.9,473.9,interp,0.38,820.0,360.0,600.8,0.0,438.4,779.3,1,76.6,0,1,shot_pb=1.00|flight_commit=1.00|person_ctx=4|pb_zfit|keepin_prop=0.05|keepin_zoom=1.350|edge_zoom=0.888|bounds
290,939.1,473.3,interp,0.38,814.4,360.0,595.2,0.0,438.4,779.3,1,77.8,0,1,shot_pb=1.00|flight_commit=1.00|person_ctx=4|pb_zfit|keepin_prop=0.05|keepin_zoom=1.350|edge_zoom=0.888|bounds
291,932.3,472.7,interp,0.38,808.7,360.0,589.6,0.0,438.4,779.3,1,78.9,0,1,shot_pb=1.00|flight_commit=1.00|person_ctx=4|pb_zfit|keepin_prop=0.05|keepin_zoom=1.350|edge_zoom=0.889|bounds
292,925.3,472.1,interp,0.38,803.2,360.0,584.0,0.0,438.4,779.3,1,80.4,0,1,shot_pb=1.00|flight_commit=1.00|person_ctx=4|pb_zfit|keepin_prop=0.04|keepin_zoom=1.350|edge_zoom=0.889|bounds
293,918.3,471.5,interp,0.38,797.6,360.0,578.4,0.0,438.4,779.3,1,81.8,0,1,shot_pb=1.00|flight_commit=1.00|person_ctx=4|pb_zfit|keepin_prop=0.04|keepin_zoom=1.350|edge_zoom=0.890|bounds
294,911.1,470.9,interp,0.38,792.0,360.0,572.8,0.0,438.4,779.3,1,83.4,0,1,shot_pb=1.00|flight_commit=1.00|person_ctx=4|pb_zfit|keepin_prop=0.04|keepin_zoom=1.350|edge_zoom=0.891|bounds
295,903.9,470.3,interp,0.38,786.4,360.0,567.3,0.0,438.4,779.3,1,85.0,0,1,shot_pb=1.00|flight_commit=1.00|pb_zfit|keepin_prop=0.04|keepin_zoom=1.350|edge_zoom=0.891|bounds
296,896.7,469.7,interp,0.38,780.9,360.0,561.7,0.0,438.4,779.3,1,86.7,0,1,shot_pb=1.00|flight_commit=1.00|pb_zfit|keepin_prop=0.04|keepin_zoom=1.350|edge_zoom=0.892|bounds
297,889.3,469.1,interp,0.38,775.3,360.0,556.1,0.0,438.4,779.3,1,88.5,0,1,shot_pb=1.00|flight_commit=1.00|pb_zfit|keepin_prop=0.04|keepin_zoom=1.350|edge_zoom=0.892|bounds
298,882.0,468.6,interp,0.38,769.8,360.0,550.6,0.0,438.4,779.3,1,90.3,0,1,shot_pb=1.00|flight_commit=1.00|pb_zfit|keepin_prop=0.04|keepin_zoom=1.350|edge_zoom=0.893|bounds
299,874.6,468.0,interp,0.38,764.2,360.0,545.0,0.0,438.4,779.3,1,92.1,0,1,shot_pb=1.00|flight_commit=1.00|pb_zfit|keepin_prop=0.03|keepin_zoom=1.350|edge_zoom=0.893|bounds
300,867.1,467.4,interp,0.38,758.6,360.0,539.4,0.0,438.4,779.3,1,94.0,0,1,shot_pb=1.00|flight_commit=1.00|pb_zfit|keepin_prop=0.03|keepin_zoom=1.350|edge_zoom=0.894|bounds
301,859.7,466.8,interp,0.38,753.0,360.0,533.8,0.0,438.4,779.3,1,95.8,0,1,shot_pb=1.00|flight_commit=1.00|pb_zfit|keepin_prop=0.03|keepin_zoom=1.350|edge_zoom=0.894|bounds
302,852.2,466.2,interp,0.38,747.4,360.0,528.2,0.0,438.4,779.3,1,97.7,0,1,shot_pb=1.00|flight_commit=1.00|pb_zfit|keepin_prop=0.03|keepin_zoom=1.350|edge_zoom=0.895|bounds
303,844.7,465.7,interp,0.38,741.8,360.0,522.6,0.0,438.4,779.3,1,99.6,0,1,shot_pb=1.00|flight_commit=1.00|pb_zfit|keepin_prop=0.03|keepin_zoom=1.350|edge_zoom=0.896|bounds
304,837.3,465.1,interp,0.38,736.2,360.0,517.0,0.0,438.4,779.3,1,101.4,0,1,shot_pb=1.00|flight_commit=1.00|pb_zfit|keepin_prop=0.03|keepin_zoom=1.350|edge_zoom=0.896|bounds
305,829.8,464.5,interp,0.38,730.6,360.0,511.4,0.0,438.4,779.3,1,103.3,0,1,shot_pb=1.00|flight_commit=1.00|pb_zfit|keepin_prop=0.03|keepin_zoom=1.350|edge_zoom=0.897|bounds
306,822.4,464.0,interp,0.38,725.0,360.0,505.8,0.0,438.4,779.3,1,105.1,0,1,shot_pb=1.00|flight_commit=1.00|pb_zfit|keepin_prop=0.03|keepin_zoom=1.350|edge_zoom=0.897|bounds
307,815.1,463.4,interp,0.38,719.4,360.0,500.2,0.0,438.4,779.3,1,106.8,0,1,shot_pb=1.00|flight_commit=1.00|pb_zfit|keepin_prop=0.03|keepin_zoom=1.350|edge_zoom=0.897|bounds
308,807.7,462.9,interp,0.38,713.8,360.0,494.6,0.0,438.4,779.3,1,108.6,0,1,shot_pb=1.00|flight_commit=1.00|pb_zfit|keepin_prop=0.02|keepin_zoom=1.350|edge_zoom=0.898|bounds
309,800.5,462.3,interp,0.38,708.3,360.0,489.1,0.0,438.4,779.3,1,110.3,0,1,shot_pb=1.00|flight_commit=1.00|pb_zfit|keepin_prop=0.02|keepin_zoom=1.350|edge_zoom=0.898|bounds
310,793.3,461.8,interp,0.38,702.7,360.0,483.5,0.0,438.4,779.3,1,111.9,0,1,shot_pb=1.00|flight_commit=1.00|pb_zfit|keepin_prop=0.02|keepin_zoom=1.350|edge_zoom=0.899|bounds
311,786.1,461.3,interp,0.38,697.2,360.0,478.1,0.0,438.4,779.3,1,113.6,0,1,shot_pb=1.00|flight_commit=1.00|pb_zfit|keepin_prop=0.02|keepin_zoom=1.350|edge_zoom=0.899|bounds
312,779.1,460.7,interp,0.38,691.8,360.0,472.6,0.0,438.4,779.3,1,115.2,0,1,shot_pb=1.00|flight_commit=1.00|pb_zfit|keepin_prop=0.02|keepin_zoom=1.350|edge_zoom=0.900|bounds
313,772.1,460.2,interp,0.38,686.4,360.0,467.2,0.0,438.4,779.3,1,116.8,0,1,shot_pb=1.00|flight_commit=1.00|pb_zfit|keepin_prop=0.02|keepin_zoom=1.350|edge_zoom=0.900|bounds
314,765.3,459.7,interp,0.38,681.0,360.0,461.9,0.0,438.4,779.3,1,118.2,0,1,shot_pb=1.00|flight_commit=1.00|pb_zfit|keepin_prop=0.02|keepin_zoom=1.350|edge_zoom=0.900|bounds
315,758.6,459.3,interp,0.38,675.8,360.0,456.6,0.0,438.4,779.3,1,119.7,0,1,shot_pb=1.00|flight_commit=1.00|pb_zfit|keepin_prop=0.02|keepin_zoom=1.350|edge_zoom=0.901|bounds
316,752.0,458.8,interp,0.38,670.5,360.0,451.4,0.0,438.4,779.3,1,121.0,0,1,shot_pb=1.00|flight_commit=1.00|pb_zfit|keepin_prop=0.02|keepin_zoom=1.350|edge_zoom=0.901|bounds
317,745.5,458.3,interp,0.38,665.4,360.0,446.2,0.0,438.4,779.3,1,122.4,0,1,shot_pb=1.00|flight_commit=1.00|pb_zfit|keepin_prop=0.02|keepin_zoom=1.350|edge_zoom=0.902|bounds
318,739.2,457.9,interp,0.38,660.4,360.0,441.2,0.0,438.4,779.3,1,123.7,0,1,shot_pb=1.00|flight_commit=1.00|pb_zfit|keepin_prop=0.02|keepin_zoom=1.350|edge_zoom=0.902|bounds
319,733.0,457.5,interp,0.38,655.4,360.0,436.2,0.0,438.4,779.3,1,124.9,0,1,shot_pb=1.00|flight_commit=1.00|pb_zfit|keepin_prop=0.02|keepin_zoom=1.350|edge_zoom=0.902|bounds
320,727.0,457.1,interp,0.38,650.5,360.0,431.3,0.0,438.4,779.3,1,126.0,0,1,shot_pb=1.00|flight_commit=1.00|pb_zfit|keepin_prop=0.02|keepin_zoom=1.350|edge_zoom=0.903|bounds
321,721.1,456.7,interp,0.38,645.8,360.0,426.6,0.0,438.4,779.3,1,127.2,0,1,shot_pb=1.00|flight_commit=1.00|pb_zfit|keepin_prop=0.01|keepin_zoom=1.350|edge_zoom=0.903|bounds
322,715.4,456.3,interp,0.38,641.1,360.0,421.9,0.0,438.4,779.3,1,128.2,0,1,shot_pb=1.00|flight_commit=1.00|pb_zfit|keepin_prop=0.01|keepin_zoom=1.350|edge_zoom=0.903|bounds
323,709.9,456.0,interp,0.38,636.6,360.0,417.4,0.0,438.4,779.3,1,129.2,0,1,shot_pb=1.00|flight_commit=1.00|pb_zfit|keepin_prop=0.01|keepin_zoom=1.350|edge_zoom=0.903|bounds
324,704.7,455.6,interp,0.38,632.2,360.0,413.0,0.0,438.4,779.3,1,130.0,0,1,shot_pb=1.00|flight_commit=1.00|pb_zfit|keepin_prop=0.01|keepin_zoom=1.350|edge_zoom=0.904|bounds
325,699.6,455.4,interp,0.38,627.9,360.0,408.7,0.0,438.4,779.3,1,130.8,0,1,shot_pb=1.00|flight_commit=1.00|pb_zfit|keepin_prop=0.01|keepin_zoom=1.350|edge_zoom=0.904|bounds
326,694.7,455.1,interp,0.38,623.7,360.0,404.5,0.0,438.4,779.3,1,131.5,0,1,shot_pb=1.00|flight_commit=1.00|pb_zfit|keepin_prop=0.01|keepin_zoom=1.350|edge_zoom=0.904|bounds
327,690.0,454.9,interp,0.38,619.7,360.0,400.5,0.0,438.4,779.3,1,132.2,0,1,shot_pb=1.00|flight_commit=1.00|pb_zfit|keepin_prop=0.01|keepin_zoom=1.350|edge_zoom=0.904|bounds
328,685.6,454.7,interp,0.38,615.9,360.0,396.7,0.0,438.4,779.3,1,132.8,0,1,shot_pb=1.00|flight_commit=1.00|pb_zfit|keepin_prop=0.01|keepin_zoom=1.350|edge_zoom=0.904|bounds
329,681.4,454.5,interp,0.38,612.2,360.0,393.0,0.0,438.4,779.3,1,133.3,0,1,shot_pb=1.00|flight_commit=1.00|pb_zfit|keepin_prop=0.01|keepin_zoom=1.350|edge_zoom=0.905|bounds
330,677.4,454.4,interp,0.38,608.6,360.0,389.4,0.0,438.4,779.3,1,133.7,0,1,shot_pb=1.00|flight_commit=1.00|pb_zfit|keepin_prop=0.01|keepin_zoom=1.350|edge_zoom=0.905|bounds
331,673.7,454.3,interp,0.38,605.2,360.0,386.0,0.0,438.4,779.3,1,134.0,0,1,shot_pb=1.00|flight_commit=1.00|pb_zfit|keepin_prop=0.01|keepin_zoom=1.350|edge_zoom=0.905|bounds
332,670.2,454.2,interp,0.38,602.0,360.0,382.8,0.0,438.4,779.3,1,134.3,0,1,shot_pb=1.00|flight_commit=1.00|pb_zfit|keepin_prop=0.01|keepin_zoom=1.350|edge_zoom=0.905|bounds
333,667.0,454.2,interp,0.38,598.9,360.0,379.8,0.0,438.4,779.3,1,134.4,0,1,shot_pb=1.00|flight_commit=1.00|pb_zfit|keepin_prop=0.01|keepin_zoom=1.350|edge_zoom=0.905|bounds
334,664.0,454.3,interp,0.38,596.1,360.0,376.9,0.0,438.4,779.3,1,134.6,0,1,shot_pb=1.00|flight_commit=1.00|pb_zfit|keepin_prop=0.01|keepin_zoom=1.350|edge_zoom=0.905|bounds
335,661.3,454.4,interp,0.38,593.3,360.0,374.2,0.0,438.4,779.3,1,134.5,0,1,shot_pb=1.00|flight_commit=1.00|pb_zfit|keepin_prop=0.01|keepin_zoom=1.350|edge_zoom=0.905|bounds
336,658.8,454.6,interp,0.38,590.8,360.0,371.6,0.0,438.4,779.3,1,134.5,0,1,shot_pb=1.00|flight_commit=1.00|pb_zfit|keepin_prop=0.01|keepin_zoom=1.350|edge_zoom=0.905|bounds
337,656.6,454.8,interp,0.38,588.4,360.0,369.2,0.0,438.4,779.3,1,134.3,0,1,shot_pb=1.00|flight_commit=1.00|pb_zfit|keepin_prop=0.01|keepin_zoom=1.350|edge_zoom=0.905|bounds
338,654.7,455.1,interp,0.38,586.2,360.0,367.0,0.0,438.4,779.3,1,134.0,0,1,shot_pb=1.00|flight_commit=1.00|pb_zfit|keepin_prop=0.01|keepin_zoom=1.350|edge_zoom=0.905|bounds
339,653.0,455.5,interp,0.38,584.1,360.0,365.0,0.0,438.4,779.3,1,133.6,0,1,shot_pb=1.00|flight_commit=1.00|pb_zfit|keepin_prop=0.01|keepin_zoom=1.350|edge_zoom=0.905|bounds
340,651.6,456.0,interp,0.38,582.3,360.0,363.1,0.0,438.4,779.3,1,133.2,0,1,shot_pb=1.00|flight_commit=1.00|pb_zfit|keepin_prop=0.01|keepin_zoom=1.350|edge_zoom=0.905|bounds
341,650.4,456.6,interp,0.38,580.5,360.0,361.3,0.0,438.4,779.3,1,132.6,0,1,shot_pb=1.00|flight_commit=1.00|pb_zfit|keepin_prop=0.01|keepin_zoom=1.350|edge_zoom=0.905|bounds
342,650.7,458.4,blended,0.75,578.9,360.0,359.7,0.0,438.4,779.3,1,130.7,0,1,shot_pb=1.00|flight_commit=1.00|pb_zfit|keepin_prop=0.00|keepin_zoom=1.350|edge_zoom=0.905|bounds
343,649.5,459.0,blended,0.75,577.4,360.0,358.2,0.0,438.4,779.3,1,130.4,0,1,shot_pb=1.00|flight_commit=1.00|pb_zfit|keepin_prop=0.01|keepin_zoom=1.350|edge_zoom=0.903|bounds
344,647.1,458.2,interp,0.38,576.1,360.0,356.9,0.0,438.4,779.3,1,131.5,0,1,shot_pb=1.00|flight_commit=1.00|pb_zfit|keepin_prop=0.02|keepin_zoom=1.350|edge_zoom=0.901|bounds
345,646.0,458.8,interp,0.38,574.8,360.0,355.7,0.0,438.4,779.3,1,131.3,0,1,shot_pb=1.00|flight_commit=1.00|pb_zfit|keepin_prop=0.01|keepin_zoom=1.350|edge_zoom=0.903|bounds
346,645.0,459.4,interp,0.38,573.7,360.0,354.5,0.0,438.4,779.3,1,131.2,0,1,shot_pb=1.00|flight_commit=1.00|pb_zfit|keepin_prop=0.01|keepin_zoom=1.350|edge_zoom=0.903|bounds
347,644.2,460.2,interp,0.38,572.7,360.0,353.5,0.0,438.4,779.3,1,131.0,0,1,shot_pb=1.00|flight_commit=1.00|pb_zfit|keepin_prop=0.00|keepin_zoom=1.350|edge_zoom=0.903|bounds
348,643.5,461.2,interp,0.38,571.8,360.0,352.6,0.0,438.4,779.3,1,130.8,0,1,shot_pb=1.00|flight_commit=1.00|pb_zfit|keepin_prop=0.00|keepin_zoom=1.350|edge_zoom=0.903|bounds
349,642.9,462.3,interp,0.38,570.9,360.0,351.7,0.0,438.4,779.3,1,130.5,0,1,shot_pb=1.00|flight_commit=1.00|pb_zfit|keepin_prop=0.00|keepin_zoom=1.350|edge_zoom=0.902|bounds
350,642.4,463.5,yolo,0.32,570.2,360.0,351.0,0.0,438.4,779.3,1,130.3,0,1,shot_pb=1.00|flight_commit=1.00|pb_zfit|keepin_prop=0.00|keepin_zoom=1.350|edge_zoom=0.901|bounds
351,642.0,465.1,yolo,0.35,569.5,360.0,350.3,0.0,438.4,779.3,1,130.0,0,1,shot_pb=1.00|flight_commit=1.00|pb_zfit|keepin_prop=0.01|keepin_zoom=1.350|edge_zoom=0.901|bounds
352,641.7,467.0,yolo,0.37,568.9,360.0,349.7,0.0,438.4,779.3,1,129.7,0,1,shot_pb=1.00|flight_commit=1.00|pb_zfit|keepin_prop=0.01|keepin_zoom=1.350|edge_zoom=0.899|bounds
353,641.5,468.9,yolo,0.39,568.4,360.0,349.2,0.0,438.4,779.3,1,129.4,0,1,shot_pb=1.00|flight_commit=1.00|pb_zfit|keepin_prop=0.01|keepin_zoom=1.350|edge_zoom=0.898|bounds
354,641.3,470.8,yolo,0.40,568.0,360.0,348.8,0.0,438.4,779.3,1,129.2,0,1,shot_pb=1.00|flight_commit=1.00|pb_zfit|keepin_prop=0.01|keepin_zoom=1.350|edge_zoom=0.897|bounds
355,641.2,472.9,yolo,0.36,567.6,360.0,348.4,0.0,438.4,779.3,1,128.9,0,1,shot_pb=1.00|flight_commit=1.00|pb_zfit|keepin_prop=0.01|keepin_zoom=1.350|edge_zoom=0.895|bounds
356,641.2,474.9,interp,0.38,567.3,360.0,348.1,0.0,438.4,779.3,1,128.6,0,1,shot_pb=1.00|flight_commit=1.00|pb_zfit|keepin_prop=0.02|keepin_zoom=1.350|edge_zoom=0.894|bounds
357,641.2,476.9,yolo,0.40,567.1,360.0,347.9,0.0,438.4,779.3,1,128.4,0,1,shot_pb=1.00|flight_commit=1.00|pb_zfit|keepin_prop=0.02|keepin_zoom=1.350|edge_zoom=0.892|bounds
358,641.3,479.0,yolo,0.42,566.9,360.0,347.7,0.0,438.4,779.3,1,128.1,0,1,shot_pb=1.00|flight_commit=1.00|pb_zfit|keepin_prop=0.02|keepin_zoom=1.350|edge_zoom=0.891|bounds
359,641.4,481.2,yolo,0.39,566.7,360.0,347.6,0.0,438.4,779.3,1,127.8,0,1,shot_pb=1.00|flight_commit=1.00|pb_zfit|keepin_prop=0.03|keepin_zoom=1.350|edge_zoom=0.889|bounds
360,641.6,483.4,yolo,0.45,566.7,360.0,347.5,0.0,438.4,779.3,1,127.6,0,1,shot_pb=1.00|flight_commit=1.00|pb_zfit|keepin_prop=0.03|keepin_zoom=1.350|edge_zoom=0.887|bounds
361,641.9,485.8,yolo,0.40,566.7,360.0,347.5,0.0,438.4,779.3,1,127.3,0,1,shot_pb=1.00|flight_commit=1.00|pb_zfit|keepin_prop=0.03|keepin_zoom=1.350|edge_zoom=0.884|bounds
362,642.2,488.1,interp,0.38,566.7,360.0,347.5,0.0,438.4,779.3,1,127.0,0,1,shot_pb=1.00|flight_commit=1.00|pb_zfit|keepin_prop=0.04|keepin_zoom=1.350|edge_zoom=0.882|bounds
363,642.5,490.4,interp,0.38,566.8,360.0,347.6,0.0,438.4,779.3,1,126.8,0,1,shot_pb=1.00|flight_commit=1.00|pb_zfit|keepin_prop=0.04|keepin_zoom=1.350|edge_zoom=0.880|bounds
364,642.8,492.8,yolo,0.37,566.9,360.0,347.7,0.0,438.4,779.3,1,126.6,0,1,shot_pb=1.00|flight_commit=1.00|pb_zfit|keepin_prop=0.05|keepin_zoom=1.350|edge_zoom=0.877|bounds
365,643.2,495.3,yolo,0.43,567.0,360.0,347.8,0.0,438.4,779.3,1,126.3,0,1,shot_pb=1.00|flight_commit=1.00|person_ctx=4|keepin_prop=0.06|keepin_zoom=1.350|edge_zoom=0.875|bounds
366,643.7,497.9,yolo,0.41,567.2,360.0,348.0,0.0,438.4,779.3,1,126.0,0,1,shot_pb=1.00|flight_commit=1.00|pb_zfit|keepin_prop=0.06|keepin_zoom=1.350|edge_zoom=0.872|bounds
367,644.1,500.5,yolo,0.45,567.4,360.0,348.3,0.0,438.4,779.3,1,125.8,0,1,shot_pb=1.00|flight_commit=1.00|pb_zfit|keepin_prop=0.07|keepin_zoom=1.350|edge_zoom=0.869|bounds
368,644.6,503.1,yolo,0.47,567.7,360.0,348.5,0.0,438.4,779.3,1,125.6,0,1,shot_pb=1.00|flight_commit=1.00|pb_zfit|keepin_prop=0.08|keepin_zoom=1.350|edge_zoom=0.865|bounds
369,645.1,505.6,yolo,0.57,568.0,360.0,348.8,0.0,438.4,779.3,1,125.4,0,1,shot_pb=1.00|flight_commit=1.00|person_ctx=4|keepin_prop=0.09|keepin_zoom=1.350|edge_zoom=0.862|bounds
370,645.6,508.2,yolo,0.59,568.3,360.0,349.1,0.0,438.4,779.3,1,125.2,0,1,shot_pb=1.00|flight_commit=1.00|person_ctx=4|keepin_prop=0.10|keepin_zoom=1.350|edge_zoom=0.859|bounds
371,646.1,510.7,yolo,0.51,568.6,360.0,349.5,0.0,438.4,779.3,1,125.0,0,1,shot_pb=1.00|flight_commit=1.00|pb_zfit|keepin_prop=0.11|keepin_zoom=1.350|edge_zoom=0.855|bounds
372,646.6,513.1,interp,0.38,569.0,360.0,349.8,0.0,438.4,779.3,1,124.9,0,1,shot_pb=1.00|flight_commit=1.00|pb_zfit|keepin_prop=0.12|keepin_zoom=1.350|edge_zoom=0.851|bounds
373,647.1,515.5,interp,0.38,569.4,360.0,350.2,0.0,438.4,779.3,1,124.8,0,1,shot_pb=1.00|flight_commit=1.00|pb_zfit|keepin_prop=0.13|keepin_zoom=1.350|edge_zoom=0.848|bounds
374,647.7,517.9,yolo,0.46,569.8,360.0,350.6,0.0,438.4,779.3,1,124.6,0,1,shot_pb=1.00|flight_commit=1.00|person_ctx=4|pb_zfit|keepin_prop=0.13|keepin_zoom=1.350|edge_zoom=0.844|bounds
375,648.3,520.3,interp,0.38,570.2,360.0,351.1,0.0,438.4,779.3,1,124.4,0,1,shot_pb=1.00|flight_commit=1.00|pb_zfit|keepin_prop=0.15|keepin_zoom=1.350|edge_zoom=0.840|bounds
376,648.8,522.8,interp,0.38,570.7,360.0,351.5,0.0,438.4,779.3,1,124.4,0,1,shot_pb=1.00|flight_commit=1.00|pb_zfit|keepin_prop=0.16|keepin_zoom=1.350|edge_zoom=0.836|bounds
377,649.5,525.4,interp,0.38,571.2,360.0,352.0,0.0,438.4,779.3,1,124.2,0,1,shot_pb=1.00|flight_commit=1.00|pb_zfit|keepin_prop=0.17|keepin_zoom=1.350|edge_zoom=0.831|bounds
378,650.1,528.0,interp,0.38,571.7,360.0,352.5,0.0,438.4,779.3,1,124.1,0,1,shot_pb=1.00|flight_commit=1.00|pb_zfit|keepin_prop=0.18|keepin_zoom=1.350|edge_zoom=0.827|bounds
379,650.8,530.7,yolo,0.45,572.3,360.0,353.1,0.0,438.4,779.3,1,124.0,0,1,shot_pb=1.00|flight_commit=1.00|pb_zfit|keepin_prop=0.19|keepin_zoom=1.350|edge_zoom=0.822|bounds
380,651.6,533.9,yolo,0.52,572.9,360.0,353.7,0.0,438.4,779.3,1,123.8,0,1,shot_pb=1.00|flight_commit=1.00|pb_zfit|keepin_prop=0.21|keepin_zoom=1.350|edge_zoom=0.815|bounds
381,652.4,537.2,yolo,0.52,573.5,360.0,354.3,0.0,438.4,779.3,1,123.6,0,1,shot_pb=1.00|flight_commit=1.00|pb_zfit|keepin_prop=0.23|keepin_zoom=1.350|edge_zoom=0.809|bounds
382,653.3,540.4,yolo,0.52,574.2,360.0,355.0,0.0,438.4,779.3,1,123.4,0,1,shot_pb=1.00|flight_commit=1.00|pb_zfit|keepin_prop=0.24|keepin_zoom=1.350|edge_zoom=0.802|bounds
383,654.1,543.6,yolo,0.52,574.9,360.0,355.7,0.0,438.4,779.3,1,123.3,0,1,shot_pb=1.00|flight_commit=1.00|pb_zfit|keepin_prop=0.26|keepin_zoom=1.350|edge_zoom=0.795|bounds
384,655.1,546.6,interp,0.38,575.6,360.0,356.5,0.0,438.4,779.3,1,123.0,0,1,shot_pb=1.00|flight_commit=1.00|pb_zfit|keepin_prop=0.28|keepin_zoom=1.350|edge_zoom=0.788|bounds
385,656.0,549.6,interp,0.38,576.4,360.0,357.3,0.0,438.4,779.3,1,122.9,0,1,shot_pb=1.00|flight_commit=1.00|pb_zfit|keepin_prop=0.30|keepin_zoom=1.350|edge_zoom=0.781|bounds
386,657.0,552.5,yolo,0.52,577.3,360.0,358.1,0.0,438.4,779.3,1,122.8,0,1,shot_pb=1.00|flight_commit=1.00|pb_zfit|keepin_prop=0.32|keepin_zoom=1.350|edge_zoom=0.773|bounds
387,658.2,555.7,yolo,0.50,578.3,360.0,359.1,0.0,438.4,779.3,1,122.6,0,1,shot_pb=1.00|flight_commit=1.00|pb_zfit|keepin_prop=0.34|keepin_zoom=1.350|edge_zoom=0.765|bounds
388,659.4,558.8,yolo,0.49,579.3,360.0,360.1,0.0,438.4,779.3,1,122.4,0,1,shot_pb=1.00|flight_commit=1.00|pb_zfit|keepin_prop=0.36|keepin_zoom=1.350|edge_zoom=0.757|bounds
389,660.7,561.7,yolo,0.56,580.4,360.0,361.2,0.0,438.4,779.3,1,122.2,0,1,shot_pb=1.00|flight_commit=1.00|pb_zfit|keepin_prop=0.38|keepin_zoom=1.350|edge_zoom=0.750|bounds
390,662.1,564.6,yolo,0.49,581.6,360.0,362.4,0.0,438.4,779.3,1,122.0,0,1,shot_pb=1.00|flight_commit=1.00|pb_zfit|keepin_prop=0.40|keepin_zoom=1.350|edge_zoom=0.750|bounds
391,663.6,567.4,yolo,0.43,582.9,360.0,363.7,0.0,438.4,779.3,1,121.8,0,1,shot_pb=1.00|flight_commit=1.00|pb_zfit|keepin_prop=0.43|keepin_zoom=1.350|edge_zoom=0.750|bounds
392,665.3,570.0,yolo,0.41,584.4,360.0,365.2,0.0,438.4,779.3,1,121.6,0,1,shot_pb=1.00|flight_commit=1.00|pb_zfit|keepin_prop=0.45|keepin_zoom=1.350|edge_zoom=0.750|bounds
393,667.1,572.3,yolo,0.40,585.9,360.0,366.7,0.0,438.4,779.3,1,121.3,0,1,shot_pb=1.00|flight_commit=1.00|pb_zfit|keepin_prop=0.47|keepin_zoom=1.350|edge_zoom=0.750|bounds
394,669.1,574.2,interp,0.38,587.6,360.0,368.4,0.0,438.4,779.3,1,121.0,0,1,shot_pb=1.00|flight_commit=1.00|pb_zfit|keepin_prop=0.50|keepin_zoom=1.350|edge_zoom=0.750|bounds
395,671.4,575.8,interp,0.38,589.5,360.0,370.3,0.0,438.4,779.3,1,120.6,0,1,shot_pb=1.00|flight_commit=1.00|pb_zfit|keepin_prop=0.53|keepin_zoom=1.350|edge_zoom=0.750|bounds
396,673.8,577.3,interp,0.38,591.5,360.0,372.3,0.0,438.4,779.3,1,120.2,0,1,shot_pb=1.00|flight_commit=1.00|pb_zfit|keepin_prop=0.55|keepin_zoom=1.350|edge_zoom=0.750|bounds
397,676.5,578.5,interp,0.38,593.7,360.0,374.5,0.0,438.4,779.3,1,119.7,0,1,shot_pb=1.00|flight_commit=1.00|pb_zfit|keepin_prop=0.57|keepin_zoom=1.350|edge_zoom=0.750|bounds
398,679.4,579.6,interp,0.38,596.0,360.0,376.8,0.0,438.4,779.3,1,119.1,0,1,shot_pb=1.00|flight_commit=1.00|pb_zfit|keepin_prop=0.60|keepin_zoom=1.350|edge_zoom=0.750|bounds
399,682.7,580.6,interp,0.38,598.6,360.0,379.4,0.0,438.4,779.3,1,118.4,0,1,shot_pb=1.00|flight_commit=1.00|pb_zfit|keepin_prop=0.61|keepin_zoom=1.350|edge_zoom=0.750|bounds
400,686.3,581.4,yolo,0.45,601.3,360.0,382.1,0.0,438.4,779.3,1,117.5,0,1,shot_pb=1.00|flight_commit=1.00|pb_zfit|keepin_prop=0.63|keepin_zoom=1.350|edge_zoom=0.750|bounds
401,690.7,582.0,yolo,0.47,604.1,360.0,385.0,0.0,438.4,779.3,1,115.9,0,1,shot_pb=1.00|flight_commit=1.00|pb_zfit|keepin_prop=0.65|keepin_zoom=1.350|edge_zoom=0.750|bounds
402,695.6,582.4,yolo,0.41,607.2,360.0,388.0,0.0,438.4,779.3,1,114.1,0,1,shot_pb=1.00|flight_commit=1.00|pb_zfit|keepin_prop=0.66|keepin_zoom=1.350|edge_zoom=0.750|bounds
403,700.5,582.6,yolo,0.36,610.4,360.0,391.2,0.0,438.4,779.3,1,112.4,0,1,shot_pb=1.00|flight_commit=1.00|pb_zfit|keepin_prop=0.67|keepin_zoom=1.350|edge_zoom=0.750|bounds
404,705.6,582.7,yolo,0.41,613.7,360.0,394.6,0.0,438.4,779.3,1,110.6,0,1,shot_pb=1.00|flight_commit=1.00|pb_zfit|keepin_prop=0.67|keepin_zoom=1.350|edge_zoom=0.750|bounds
405,710.8,582.7,yolo,0.49,617.2,360.0,398.0,0.0,438.4,779.3,1,108.9,0,1,shot_pb=1.00|flight_commit=1.00|pb_zfit|keepin_prop=0.68|keepin_zoom=1.350|edge_zoom=0.750|bounds
406,716.1,582.5,yolo,0.51,620.8,360.0,401.6,0.0,438.4,779.3,1,107.2,0,1,shot_pb=1.00|flight_commit=1.00|pb_zfit|keepin_prop=0.68|keepin_zoom=1.350|edge_zoom=0.750|bounds
407,721.3,582.3,yolo,0.46,624.5,360.0,405.3,0.0,438.4,779.3,1,105.7,0,1,shot_pb=1.00|flight_commit=1.00|pb_zfit|keepin_prop=0.68|keepin_zoom=1.350|edge_zoom=0.750|bounds
408,726.5,582.2,yolo,0.42,628.3,360.0,409.1,0.0,438.4,779.3,1,104.3,0,1,shot_pb=1.00|flight_commit=1.00|pb_zfit|keepin_prop=0.67|keepin_zoom=1.350|edge_zoom=0.750|bounds
409,731.7,582.1,yolo,0.46,632.1,360.0,413.0,0.0,438.4,779.3,1,102.9,0,1,shot_pb=1.00|flight_commit=1.00|pb_zfit|keepin_prop=0.67|keepin_zoom=1.350|edge_zoom=0.750|bounds
410,736.6,582.1,interp,0.38,636.1,360.0,416.9,0.0,438.4,779.3,1,102.0,0,1,shot_pb=1.00|flight_commit=1.00|pb_zfit|keepin_prop=0.67|keepin_zoom=1.350|edge_zoom=0.750|bounds
411,741.6,582.3,yolo,0.49,640.1,360.0,420.9,0.0,438.4,779.3,1,101.0,0,1,shot_pb=1.00|flight_commit=1.00|pb_zfit|keepin_prop=0.67|keepin_zoom=1.350|edge_zoom=0.750|bounds
412,746.7,582.4,yolo,0.44,644.3,360.0,425.1,0.0,438.4,779.3,1,100.1,0,1,shot_pb=1.00|flight_commit=1.00|pb_zfit|keepin_prop=0.67|keepin_zoom=1.350|edge_zoom=0.750|bounds
413,751.8,582.8,yolo,0.41,648.5,360.0,429.3,0.0,438.4,779.3,1,99.2,0,1,shot_pb=1.00|flight_commit=1.00|pb_zfit|keepin_prop=0.66|keepin_zoom=1.350|edge_zoom=0.750|bounds
414,756.9,583.3,yolo,0.45,652.9,360.0,433.7,0.0,438.4,779.3,1,98.5,0,1,shot_pb=1.00|flight_commit=1.00|pb_zfit|keepin_prop=0.66|keepin_zoom=1.350|edge_zoom=0.750|bounds
415,762.0,584.1,yolo,0.47,657.4,360.0,438.2,0.0,438.4,779.3,1,97.9,0,1,shot_pb=1.00|flight_commit=1.00|pb_zfit|keepin_prop=0.67|keepin_zoom=1.350|edge_zoom=0.750|bounds
416,767.3,585.1,yolo,0.50,662.1,360.0,442.9,0.0,438.4,779.3,1,97.3,0,1,shot_pb=1.00|flight_commit=1.00|pb_zfit|keepin_prop=0.67|keepin_zoom=1.350|edge_zoom=0.750|bounds
417,772.7,586.4,interp,0.38,667.0,360.0,447.9,0.0,438.4,779.3,1,96.8,0,1,shot_pb=1.00|flight_commit=1.00|pb_zfit|keepin_prop=0.67|keepin_zoom=1.350|edge_zoom=0.750|bounds
418,778.3,588.1,interp,0.38,672.2,360.0,453.0,0.0,438.4,779.3,1,96.4,0,1,shot_pb=1.00|flight_commit=1.00|pb_zfit|keepin_prop=0.68|keepin_zoom=1.350|edge_zoom=0.750|bounds
419,784.4,590.1,yolo,0.49,677.5,360.0,458.4,0.0,438.4,779.3,1,95.6,0,1,shot_pb=1.00|flight_commit=1.00|pb_zfit|keepin_prop=0.69|keepin_zoom=1.350|edge_zoom=0.750|bounds
420,790.9,592.5,yolo,0.51,683.1,360.0,464.0,0.0,438.4,779.3,1,94.7,0,1,shot_pb=1.00|flight_commit=1.00|pb_zfit|keepin_prop=0.71|keepin_zoom=1.350|edge_zoom=0.750|bounds
421,797.9,595.3,yolo,0.56,689.0,360.0,469.8,0.0,438.4,779.3,1,93.6,0,1,shot_pb=1.00|flight_commit=1.00|pb_zfit|keepin_prop=0.73|keepin_zoom=1.350|edge_zoom=0.750|bounds
422,805.5,598.7,yolo,0.48,695.0,360.0,475.8,0.0,438.4,779.3,1,92.0,0,1,shot_pb=1.00|flight_commit=1.00|pb_zfit|keepin_prop=0.76|keepin_zoom=1.350|edge_zoom=0.750|bounds
423,814.0,602.8,yolo,0.42,701.2,360.0,482.0,0.0,438.4,779.3,1,89.7,0,1,shot_pb=1.00|flight_commit=1.00|pb_zfit|keepin_prop=0.80|keepin_zoom=1.350|edge_zoom=0.750|bounds
424,825.9,609.1,yolo,0.40,707.5,360.0,488.3,0.0,438.4,779.3,1,84.1,0,1,shot_pb=1.00|flight_commit=1.00|pb_zfit|keepin_prop=0.86|keepin_zoom=1.350|edge_zoom=0.750|bounds
425,839.3,616.5,yolo,0.50,713.9,360.0,494.7,0.0,438.4,779.3,1,77.1,0,1,shot_pb=1.00|flight_commit=1.00|pb_zfit|keepin_prop=0.93|keepin_zoom=1.350|edge_zoom=0.750|bounds
426,851.4,623.5,yolo,0.57,720.1,360.0,501.0,0.0,438.4,779.3,1,71.2,0,1,shot_pb=1.00|flight_commit=1.00|pb_zfit|keepin_prop=1.00|keepin_zoom=1.350|edge_zoom=0.750|bounds
427,861.9,629.7,yolo,0.53,726.3,360.0,507.1,0.0,438.4,779.3,1,66.9,0,1,shot_pb=1.00|flight_commit=1.00|pb_zfit|keepin_prop=1.00|keepin_zoom=1.350|edge_zoom=0.750|bounds
428,870.7,635.2,yolo,0.50,732.2,360.0,513.0,0.0,438.4,779.3,1,64.0,1,1,shot_pb=1.00|flight_commit=1.00|pb_zfit|keepin_prop=1.00|keepin_zoom=1.350|speed|edge_zoom=0.750|bounds
429,878.0,639.9,yolo,0.55,737.8,360.0,518.6,0.0,438.4,779.3,1,62.3,1,1,shot_pb=1.00|flight_commit=1.00|pb_zfit|keepin_prop=1.00|keepin_zoom=1.350|speed|edge_zoom=0.750|bounds
430,881.4,642.4,yolo,0.61,743.1,360.0,523.9,0.0,438.4,779.3,1,64.2,1,1,shot_pb=1.00|flight_commit=1.00|pb_zfit|keepin_prop=1.00|keepin_zoom=1.350|speed|edge_zoom=0.750|bounds
431,885.2,645.5,yolo,0.64,747.9,360.0,528.7,0.0,438.4,779.3,1,65.2,1,1,shot_pb=1.00|flight_commit=1.00|pb_zfit|keepin_prop=1.00|keepin_zoom=1.350|speed|edge_zoom=0.750|bounds
432,890.3,649.6,yolo,0.67,752.2,360.0,533.0,0.0,438.4,779.3,1,64.4,1,1,shot_pb=1.00|flight_commit=1.00|pb_zfit|keepin_prop=1.00|keepin_zoom=1.350|speed|edge_zoom=0.750|bounds
433,894.8,653.6,yolo,0.69,755.9,360.0,536.8,0.0,438.4,779.3,1,63.6,1,1,shot_pb=1.00|flight_commit=1.00|pb_zfit|keepin_prop=1.00|keepin_zoom=1.350|speed|edge_zoom=0.750|bounds
434,898.4,657.1,yolo,0.74,759.1,360.0,540.0,0.0,438.4,779.3,1,63.2,1,1,shot_pb=1.00|flight_commit=1.00|pb_zfit|keepin_prop=1.00|keepin_zoom=1.350|speed|edge_zoom=0.750|bounds
435,900.9,660.2,yolo,0.77,761.8,360.0,542.6,0.0,438.4,779.3,1,63.4,1,1,shot_pb=1.00|flight_commit=1.00|pb_zfit|keepin_prop=1.00|keepin_zoom=1.350|speed|edge_zoom=0.750|bounds
436,902.6,663.0,yolo,0.78,763.9,360.0,544.7,0.0,438.4,779.3,1,63.8,1,1,shot_pb=1.00|flight_commit=1.00|pb_zfit|keepin_prop=1.00|keepin_zoom=1.350|speed|edge_zoom=0.750|bounds
437,903.6,665.3,yolo,0.78,765.5,360.0,546.3,0.0,438.4,779.3,1,64.4,1,1,shot_pb=1.00|flight_commit=1.00|pb_zfit|keepin_prop=1.00|keepin_zoom=1.350|speed|edge_zoom=0.750|bounds
438,904.0,667.4,yolo,0.78,766.5,360.0,547.4,0.0,438.4,779.3,1,65.0,1,1,shot_pb=1.00|flight_commit=1.00|pb_zfit|keepin_prop=1.00|keepin_zoom=1.350|speed|edge_zoom=0.750|bounds
439,903.8,669.2,yolo,0.80,767.1,360.0,547.9,0.0,438.4,779.3,1,65.8,1,1,shot_pb=1.00|flight_commit=1.00|pb_zfit|keepin_prop=1.00|keepin_zoom=1.350|speed|edge_zoom=0.750|bounds
440,903.0,670.8,yolo,0.83,767.2,360.0,548.0,0.0,438.4,779.3,1,66.7,1,1,shot_pb=1.00|flight_commit=1.00|pb_zfit|keepin_prop=1.00|keepin_zoom=1.350|speed|edge_zoom=0.750|bounds
441,901.9,672.1,yolo,0.84,766.9,360.0,547.7,0.0,438.4,779.3,1,67.5,1,1,shot_pb=1.00|flight_commit=1.00|pb_zfit|keepin_prop=1.00|keepin_zoom=1.350|speed|edge_zoom=0.750|bounds
442,900.3,673.2,yolo,0.84,766.2,360.0,547.0,0.0,438.4,779.3,1,68.4,1,1,shot_pb=1.00|flight_commit=1.00|pb_zfit|keepin_prop=1.00|keepin_zoom=1.350|speed|edge_zoom=0.750|bounds
443,898.6,674.2,yolo,0.84,765.2,360.0,546.0,0.0,438.4,779.3,1,69.1,1,1,shot_pb=1.00|flight_commit=1.00|pb_zfit|keepin_prop=1.00|keepin_zoom=1.350|speed|edge_zoom=0.750|bounds
444,896.5,675.0,yolo,0.85,763.9,360.0,544.7,0.0,438.4,779.3,1,69.9,1,1,shot_pb=1.00|flight_commit=1.00|pb_zfit|keepin_prop=1.00|keepin_zoom=1.350|speed|edge_zoom=0.750|bounds
445,894.2,675.7,yolo,0.85,762.4,360.0,543.2,0.0,438.4,779.3,1,70.7,1,1,shot_pb=1.00|flight_commit=1.00|pb_zfit|keepin_prop=1.00|keepin_zoom=1.350|speed|edge_zoom=0.750|bounds
446,891.7,676.3,yolo,0.86,760.6,360.0,541.5,0.0,438.4,779.3,1,71.4,1,1,shot_pb=1.00|pb_zfit|keepin_prop=1.00|keepin_zoom=1.350|speed|edge_zoom=0.750|bounds
447,889.0,676.7,yolo,0.86,758.8,360.0,539.6,0.0,438.4,779.3,1,72.3,1,1,shot_pb=1.00|pb_zfit|keepin_prop=1.00|keepin_zoom=1.350|speed|edge_zoom=0.750|bounds
448,886.3,677.1,yolo,0.86,756.8,360.0,537.6,0.0,438.4,779.3,1,73.0,1,1,shot_pb=1.00|pb_zfit|keepin_prop=1.00|keepin_zoom=1.350|speed|edge_zoom=0.750|bounds
449,883.5,677.3,yolo,0.87,754.7,360.0,535.5,0.0,438.4,779.3,1,73.7,1,1,shot_pb=1.00|pb_zfit|keepin_prop=1.00|keepin_zoom=1.350|speed|edge_zoom=0.750|bounds
450,880.7,677.5,yolo,0.88,752.6,360.0,533.4,0.0,438.4,779.3,1,74.4,1,1,shot_pb=1.00|pb_zfit|keepin_prop=1.00|keepin_zoom=1.350|speed|edge_zoom=0.750|bounds
451,877.7,677.6,yolo,0.87,750.4,360.0,531.2,0.0,438.4,779.3,1,75.2,1,1,shot_pb=1.00|pb_zfit|keepin_prop=1.00|keepin_zoom=1.350|speed|edge_zoom=0.750|bounds
452,874.8,677.7,yolo,0.86,748.2,360.0,529.1,0.0,438.4,779.3,1,75.9,1,1,shot_pb=1.00|pb_zfit|keepin_prop=1.00|keepin_zoom=1.350|speed|edge_zoom=0.750|bounds
453,872.0,677.7,yolo,0.86,746.1,360.0,526.9,0.0,438.4,779.3,1,76.6,1,1,shot_pb=1.00|pb_zfit|keepin_prop=1.00|keepin_zoom=1.350|speed|edge_zoom=0.750|bounds
454,869.1,677.6,yolo,0.83,743.9,360.0,524.7,0.0,438.4,779.3,1,77.3,1,1,shot_pb=1.00|pb_zfit|keepin_prop=1.00|keepin_zoom=1.350|speed|edge_zoom=0.750|bounds
455,866.3,677.5,yolo,0.83,741.8,360.0,522.6,0.0,438.4,779.3,1,78.0,1,1,shot_pb=1.00|pb_zfit|keepin_prop=1.00|keepin_zoom=1.350|speed|edge_zoom=0.750|bounds
456,863.6,677.4,yolo,0.80,739.7,360.0,520.5,0.0,438.4,779.3,1,78.6,1,1,shot_pb=1.00|pb_zfit|keepin_prop=1.00|keepin_zoom=1.350|speed|edge_zoom=0.750|bounds
457,860.9,677.3,yolo,0.80,737.7,360.0,518.5,0.0,438.4,779.3,1,79.3,1,1,shot_pb=1.00|pb_zfit|keepin_prop=1.00|keepin_zoom=1.350|speed|edge_zoom=0.750|bounds
458,858.3,677.1,yolo,0.79,735.7,360.0,516.5,0.0,438.4,779.3,1,79.9,1,1,shot_pb=1.00|pb_zfit|keepin_prop=1.00|keepin_zoom=1.350|speed|edge_zoom=0.750|bounds
459,855.7,676.9,yolo,0.80,733.8,360.0,514.6,0.0,438.4,779.3,1,80.6,1,1,shot_pb=1.00|pb_zfit|keepin_prop=1.00|keepin_zoom=1.350|speed|edge_zoom=0.750|bounds
460,853.3,676.7,yolo,0.80,731.9,360.0,512.7,0.0,438.4,779.3,1,81.1,1,1,shot_pb=1.00|pb_zfit|keepin_prop=1.00|keepin_zoom=1.350|speed|edge_zoom=0.750|bounds
461,851.0,676.5,yolo,0.81,730.1,360.0,510.9,0.0,438.4,779.3,1,81.6,1,1,shot_pb=1.00|pb_zfit|keepin_prop=1.00|keepin_zoom=1.350|speed|edge_zoom=0.750|bounds
462,848.8,676.3,yolo,0.84,728.3,360.0,509.1,0.0,438.4,779.3,1,82.0,1,1,shot_pb=1.00|pb_zfit|keepin_prop=1.00|keepin_zoom=1.350|speed|edge_zoom=0.750|bounds
463,846.6,676.1,yolo,0.85,726.6,360.0,507.4,0.0,438.4,779.3,1,82.5,1,1,shot_pb=1.00|pb_zfit|keepin_prop=1.00|keepin_zoom=1.350|speed|edge_zoom=0.750|bounds
464,844.6,675.9,yolo,0.85,725.0,360.0,505.8,0.0,438.4,779.3,1,82.9,1,1,shot_pb=1.00|pb_zfit|keepin_prop=1.00|keepin_zoom=1.350|speed|edge_zoom=0.750|bounds
465,842.6,675.7,yolo,0.82,723.4,360.0,504.2,0.0,438.4,779.3,1,83.3,1,1,shot_pb=1.00|pb_zfit|keepin_prop=1.00|keepin_zoom=1.350|speed|edge_zoom=0.750|bounds
466,840.6,675.6,yolo,0.83,721.9,360.0,502.7,0.0,438.4,779.3,1,83.8,1,1,shot_pb=1.00|pb_zfit|keepin_prop=1.00|keepin_zoom=1.350|speed|edge_zoom=0.750|bounds
467,838.8,675.4,yolo,0.83,720.4,360.0,501.2,0.0,438.4,779.3,1,84.1,1,1,shot_pb=1.00|pb_zfit|keepin_prop=1.00|keepin_zoom=1.350|speed|edge_zoom=0.750|bounds
468,837.1,675.3,yolo,0.83,719.0,360.0,499.9,0.0,438.4,779.3,1,84.4,1,1,shot_pb=1.00|pb_zfit|keepin_prop=1.00|keepin_zoom=1.350|speed|edge_zoom=0.750|bounds
469,835.4,675.2,yolo,0.82,717.7,360.0,498.5,0.0,438.4,779.3,1,84.8,1,1,shot_pb=1.00|pb_zfit|keepin_prop=1.00|keepin_zoom=1.350|speed|edge_zoom=0.750|bounds
470,833.9,675.1,yolo,0.81,716.4,360.0,497.3,0.0,438.4,779.3,1,85.0,1,1,shot_pb=1.00|pb_zfit|keepin_prop=1.00|keepin_zoom=1.350|speed|edge_zoom=0.750|bounds
471,832.4,675.0,yolo,0.81,715.2,360.0,496.1,0.0,438.4,779.3,1,85.3,1,1,shot_pb=1.00|pb_zfit|keepin_prop=1.00|keepin_zoom=1.350|speed|edge_zoom=0.750|bounds
472,831.0,675.0,yolo,0.78,714.1,360.0,494.9,0.0,438.4,779.3,1,85.6,1,1,shot_pb=1.00|pb_zfit|keepin_prop=1.00|keepin_zoom=1.350|speed|edge_zoom=0.750|bounds
473,829.6,674.9,yolo,0.77,713.0,360.0,493.8,0.0,438.4,779.3,1,85.9,1,1,shot_pb=1.00|pb_zfit|keepin_prop=1.00|keepin_zoom=1.350|speed|edge_zoom=0.750|bounds
474,828.4,674.9,yolo,0.78,712.0,360.0,492.8,0.0,438.4,779.3,1,86.1,1,1,shot_pb=1.00|pb_zfit|keepin_prop=1.00|keepin_zoom=1.350|speed|edge_zoom=0.750|bounds
475,827.2,674.9,yolo,0.81,711.0,360.0,491.9,0.0,438.4,779.3,1,86.3,1,1,shot_pb=1.00|pb_zfit|keepin_prop=1.00|keepin_zoom=1.350|speed|edge_zoom=0.750|bounds
476,826.1,674.9,yolo,0.80,710.1,360.0,490.9,0.0,438.4,779.3,1,86.5,1,1,shot_pb=1.00|pb_zfit|keepin_prop=1.00|keepin_zoom=1.350|speed|edge_zoom=0.750|bounds
477,825.1,674.9,yolo,0.81,709.2,360.0,490.1,0.0,438.4,779.3,1,86.6,1,1,shot_pb=1.00|pb_zfit|keepin_prop=1.00|keepin_zoom=1.350|speed|edge_zoom=0.750|bounds
478,824.2,674.9,yolo,0.82,708.4,360.0,489.3,0.0,438.4,779.3,1,86.7,1,1,shot_pb=1.00|pb_zfit|keepin_prop=1.00|keepin_zoom=1.350|speed|edge_zoom=0.750|bounds
479,823.3,674.8,yolo,0.82,707.7,360.0,488.5,0.0,438.4,779.3,1,86.9,1,1,shot_pb=1.00|pb_zfit|keepin_prop=1.00|keepin_zoom=1.350|speed|edge_zoom=0.750|bounds
480,822.4,674.8,yolo,0.81,706.9,360.0,487.8,0.0,438.4,779.3,1,87.0,1,1,shot_pb=1.00|pb_zfit|keepin_prop=1.00|keepin_zoom=1.350|speed|edge_zoom=0.750|bounds
481,821.6,674.7,yolo,0.80,706.3,360.0,487.1,0.0,438.4,779.3,1,87.2,1,1,shot_pb=1.00|pb_zfit|keepin_prop=1.00|keepin_zoom=1.350|speed|edge_zoom=0.750|bounds
482,820.9,674.7,yolo,0.79,705.6,360.0,486.4,0.0,438.4,779.3,1,87.2,1,1,shot_pb=1.00|pb_zfit|keepin_prop=1.00|keepin_zoom=1.350|speed|edge_zoom=0.750|bounds
483,820.2,674.6,yolo,0.79,705.0,360.0,485.8,0.0,438.4,779.3,1,87.3,1,1,shot_pb=1.00|pb_zfit|keepin_prop=1.00|keepin_zoom=1.350|speed|edge_zoom=0.750|bounds
484,819.5,674.5,yolo,0.77,704.5,360.0,485.3,0.0,438.4,779.3,1,87.5,1,1,shot_pb=1.00|flight_commit=1.00|pb_zfit|keepin_prop=1.00|keepin_zoom=1.350|speed|edge_zoom=0.750|bounds
485,818.9,674.4,yolo,0.74,703.9,360.0,484.7,0.0,438.4,779.3,1,87.5,1,1,shot_pb=1.00|flight_commit=1.00|pb_zfit|keepin_prop=1.00|keepin_zoom=1.350|speed|edge_zoom=0.750|bounds
486,818.3,674.3,yolo,0.67,703.4,360.0,484.2,0.0,438.4,779.3,1,87.6,1,1,shot_pb=1.00|flight_commit=1.00|pb_zfit|keepin_prop=1.00|keepin_zoom=1.350|speed|edge_zoom=0.750|bounds
487,817.7,674.2,yolo,0.66,702.9,360.0,483.8,0.0,438.4,779.3,1,87.7,1,1,shot_pb=1.00|flight_commit=1.00|pb_zfit|keepin_prop=1.00|keepin_zoom=1.350|speed|edge_zoom=0.750|bounds
488,817.1,674.1,yolo,0.65,702.5,360.0,483.3,0.0,438.4,779.3,1,87.9,1,1,shot_pb=1.00|flight_commit=1.00|pb_zfit|keepin_prop=1.00|keepin_zoom=1.350|speed|edge_zoom=0.750|bounds
489,816.6,674.0,yolo,0.60,702.1,360.0,482.9,0.0,438.4,779.3,1,88.0,1,1,shot_pb=1.00|flight_commit=1.00|pb_zfit|keepin_prop=1.00|keepin_zoom=1.350|speed|edge_zoom=0.750|bounds
490,816.2,673.8,yolo,0.59,701.7,360.0,482.5,0.0,438.4,779.3,1,88.0,1,1,shot_pb=1.00|flight_commit=1.00|pb_zfit|keepin_prop=1.00|keepin_zoom=1.350|speed|edge_zoom=0.750|bounds
491,815.7,673.7,yolo,0.59,701.3,360.0,482.1,0.0,438.4,779.3,1,88.1,1,1,shot_pb=1.00|flight_commit=1.00|pb_zfit|keepin_prop=1.00|keepin_zoom=1.350|speed|edge_zoom=0.750|bounds
492,815.3,673.6,yolo,0.59,701.0,360.0,481.8,0.0,438.4,779.3,1,88.2,1,1,shot_pb=1.00|flight_commit=1.00|pb_zfit|keepin_prop=1.00|keepin_zoom=1.350|speed|edge_zoom=0.750|bounds
493,815.0,673.4,yolo,0.59,700.7,360.0,481.5,0.0,438.4,779.3,1,88.2,1,1,shot_pb=1.00|flight_commit=1.00|pb_zfit|keepin_prop=1.00|keepin_zoom=1.350|speed|edge_zoom=0.750|bounds
494,814.6,673.4,yolo,0.63,700.4,360.0,481.2,0.0,438.4,779.3,1,88.3,1,1,shot_pb=1.00|flight_commit=1.00|pb_zfit|keepin_prop=1.00|keepin_zoom=1.350|speed|edge_zoom=0.750|bounds
495,814.3,673.3,yolo,0.65,700.1,360.0,480.9,0.0,438.4,779.3,1,88.3,1,1,shot_pb=1.00|flight_commit=1.00|pb_zfit|keepin_prop=1.00|keepin_zoom=1.350|speed|edge_zoom=0.750|bounds
496,814.0,673.3,yolo,0.65,699.8,360.0,480.7,0.0,438.4,779.3,1,88.3,1,1,shot_pb=1.00|flight_commit=1.00|pb_zfit|keepin_prop=1.00|keepin_zoom=1.350|speed|edge_zoom=0.750|bounds
497,813.7,673.2,yolo,0.65,699.6,360.0,480.4,0.0,438.4,779.3,1,88.4,1,1,shot_pb=1.00|flight_commit=1.00|pb_zfit|keepin_prop=1.00|keepin_zoom=1.350|speed|edge_zoom=0.750|bounds
498,813.5,673.2,yolo,0.66,699.4,360.0,480.2,0.0,438.4,779.3,1,88.4,1,1,shot_pb=1.00|flight_commit=1.00|pb_zfit|keepin_prop=1.00|keepin_zoom=1.350|speed|edge_zoom=0.750|bounds
499,813.3,673.2,yolo,0.69,699.2,360.0,480.0,0.0,438.4,779.3,1,88.4,1,1,shot_pb=1.00|flight_commit=1.00|pb_zfit|keepin_prop=1.00|keepin_zoom=1.350|speed|edge_zoom=0.750|bounds
500,813.0,673.3,yolo,0.70,699.0,360.0,479.8,0.0,438.4,779.3,1,88.5,1,1,shot_pb=1.00|flight_commit=1.00|pb_zfit|keepin_prop=1.00|keepin_zoom=1.350|speed|edge_zoom=0.750|bounds
501,812.9,673.3,yolo,0.70,698.8,360.0,479.6,0.0,438.4,779.3,1,88.4,1,1,shot_pb=1.00|flight_commit=1.00|pb_zfit|keepin_prop=1.00|keepin_zoom=1.350|speed|edge_zoom=0.750|bounds
502,812.7,673.4,yolo,0.70,698.7,360.0,479.5,0.0,438.4,779.3,1,88.5,1,1,shot_pb=1.00|flight_commit=1.00|pb_zfit|keepin_prop=1.00|keepin_zoom=1.350|speed|edge_zoom=0.750|bounds
503,812.5,673.5,yolo,0.71,698.5,360.0,479.3,0.0,438.4,779.3,1,88.5,1,1,shot_pb=1.00|flight_commit=1.00|pb_zfit|keepin_prop=1.00|keepin_zoom=1.350|speed|edge_zoom=0.750|bounds
504,812.4,673.6,yolo,0.72,698.4,360.0,479.2,0.0,438.4,779.3,1,88.5,1,1,shot_pb=1.00|flight_commit=1.00|pb_zfit|keepin_prop=1.00|keepin_zoom=1.350|speed|edge_zoom=0.750|bounds
505,812.3,673.7,yolo,0.73,698.2,360.0,479.1,0.0,438.4,779.3,1,88.4,1,1,shot_pb=1.00|flight_commit=1.00|pb_zfit|keepin_prop=1.00|keepin_zoom=1.350|speed|edge_zoom=0.750|bounds
506,812.1,673.7,yolo,0.73,698.1,360.0,478.9,0.0,438.4,779.3,1,88.5,1,1,shot_pb=1.00|flight_commit=1.00|pb_zfit|keepin_prop=1.00|keepin_zoom=1.350|speed|edge_zoom=0.750|bounds
507,812.0,673.8,yolo,0.73,698.0,360.0,478.8,0.0,438.4,779.3,1,88.5,1,1,shot_pb=1.00|flight_commit=1.00|pb_zfit|keepin_prop=1.00|keepin_zoom=1.350|speed|edge_zoom=0.750|bounds
508,811.9,673.9,yolo,0.73,697.9,360.0,478.7,0.0,438.4,779.3,1,88.5,1,1,shot_pb=1.00|flight_commit=1.00|pb_zfit|keepin_prop=1.00|keepin_zoom=1.350|speed|edge_zoom=0.750|bounds
509,811.8,673.9,yolo,0.73,697.7,360.0,478.6,0.0,438.4,779.3,1,88.4,1,1,shot_pb=1.00|flight_commit=1.00|pb_zfit|keepin_prop=1.00|keepin_zoom=1.350|speed|edge_zoom=0.750|bounds
510,811.7,673.9,yolo,0.74,697.6,360.0,478.4,0.0,438.4,779.3,1,88.4,1,1,shot_pb=1.00|flight_commit=1.00|pb_zfit|keepin_prop=1.00|keepin_zoom=1.350|speed|edge_zoom=0.750|bounds
511,811.5,673.9,yolo,0.74,697.5,360.0,478.3,0.0,438.4,779.3,1,88.5,1,1,shot_pb=1.00|flight_commit=1.00|pb_zfit|keepin_prop=1.00|keepin_zoom=1.350|speed|edge_zoom=0.750|bounds
512,811.4,673.9,yolo,0.75,697.4,360.0,478.2,0.0,438.4,779.3,1,88.5,1,1,shot_pb=1.00|flight_commit=1.00|pb_zfit|keepin_prop=1.00|keepin_zoom=1.350|speed|edge_zoom=0.750|bounds
513,811.3,673.8,yolo,0.75,697.2,360.0,478.1,0.0,438.4,779.3,1,88.4,1,1,shot_pb=1.00|flight_commit=1.00|pb_zfit|keepin_prop=1.00|keepin_zoom=1.350|speed|edge_zoom=0.750|bounds
514,811.1,673.7,yolo,0.76,697.1,360.0,477.9,0.0,438.4,779.3,1,88.5,1,1,shot_pb=1.00|flight_commit=1.00|pb_zfit|keepin_prop=1.00|keepin_zoom=1.350|speed|edge_zoom=0.750|bounds
515,811.0,673.6,yolo,0.76,697.0,360.0,477.8,0.0,438.4,779.3,1,88.5,1,1,shot_pb=1.00|flight_commit=1.00|pb_zfit|keepin_prop=1.00|keepin_zoom=1.350|speed|edge_zoom=0.750|bounds
516,810.8,673.4,yolo,0.76,696.8,360.0,477.6,0.0,438.4,779.3,1,88.5,1,1,shot_pb=1.00|flight_commit=1.00|pb_zfit|keepin_prop=1.00|keepin_zoom=1.350|speed|edge_zoom=0.750|bounds
517,810.6,673.2,yolo,0.77,696.6,360.0,477.4,0.0,438.4,779.3,1,88.5,1,1,shot_pb=1.00|flight_commit=1.00|pb_zfit|keepin_prop=1.00|keepin_zoom=1.350|speed|edge_zoom=0.750|bounds
518,810.4,673.0,yolo,0.78,696.4,360.0,477.2,0.0,438.4,779.3,1,88.5,1,1,shot_pb=1.00|flight_commit=1.00|pb_zfit|keepin_prop=1.00|keepin_zoom=1.350|speed|edge_zoom=0.750|bounds
519,810.2,672.8,yolo,0.79,696.2,360.0,477.0,0.0,438.4,779.3,1,88.5,1,1,shot_pb=1.00|flight_commit=1.00|pb_zfit|keepin_prop=1.00|keepin_zoom=1.350|speed|edge_zoom=0.750|bounds
520,809.9,672.5,yolo,0.79,696.0,360.0,476.8,0.0,438.4,779.3,1,88.6,1,1,shot_pb=1.00|flight_commit=1.00|pb_zfit|keepin_prop=1.00|keepin_zoom=1.350|speed|edge_zoom=0.750|bounds
521,809.6,672.3,yolo,0.79,695.7,360.0,476.5,0.0,438.4,779.3,1,88.6,1,1,shot_pb=1.00|flight_commit=1.00|pb_zfit|keepin_prop=1.00|keepin_zoom=1.350|speed|edge_zoom=0.750|bounds
522,809.3,672.0,yolo,0.79,695.4,360.0,476.2,0.0,438.4,779.3,1,88.6,1,1,shot_pb=1.00|flight_commit=1.00|pb_zfit|keepin_prop=1.00|keepin_zoom=1.350|speed|edge_zoom=0.750|bounds
523,808.9,671.8,interp,0.38,695.1,360.0,475.9,0.0,438.4,779.3,1,88.7,1,1,shot_pb=1.00|flight_commit=1.00|pb_zfit|keepin_prop=1.00|keepin_zoom=1.350|speed|edge_zoom=0.750|bounds
524,808.5,671.5,yolo,0.65,694.7,360.0,475.5,0.0,438.4,779.3,1,88.7,1,1,shot_pb=1.00|flight_commit=1.00|pb_zfit|keepin_prop=1.00|keepin_zoom=1.350|speed|edge_zoom=0.750|bounds
525,808.1,671.2,yolo,0.55,694.3,360.0,475.1,0.0,438.4,779.3,1,88.7,1,1,shot_pb=1.00|flight_commit=1.00|pb_zfit|keepin_prop=1.00|keepin_zoom=1.350|speed|edge_zoom=0.750|bounds
526,807.6,670.9,yolo,0.49,693.8,360.0,474.6,0.0,438.4,779.3,1,88.7,1,1,shot_pb=1.00|flight_commit=1.00|pb_zfit|keepin_prop=1.00|keepin_zoom=1.350|speed|edge_zoom=0.750|bounds
527,807.0,670.5,yolo,0.44,693.3,360.0,474.1,0.0,438.4,779.3,1,88.8,1,1,shot_pb=1.00|flight_commit=1.00|pb_zfit|keepin_prop=1.00|keepin_zoom=1.350|speed|edge_zoom=0.750|bounds
528,806.4,670.2,yolo,0.39,692.7,360.0,473.5,0.0,438.4,779.3,1,88.8,1,1,shot_pb=1.00|flight_commit=1.00|pb_zfit|keepin_prop=1.00|keepin_zoom=1.350|speed|edge_zoom=0.750|bounds
529,805.7,669.8,yolo,0.38,692.0,360.0,472.8,0.0,438.4,779.3,1,88.8,1,1,shot_pb=1.00|flight_commit=1.00|pb_zfit|keepin_prop=1.00|keepin_zoom=1.350|speed|edge_zoom=0.750|bounds
530,804.8,669.4,yolo,0.39,691.2,360.0,472.0,0.0,438.4,779.3,1,88.9,1,1,shot_pb=1.00|flight_commit=1.00|pb_zfit|keepin_prop=1.00|keepin_zoom=1.350|speed|edge_zoom=0.750|bounds
531,803.9,668.9,yolo,0.42,690.3,360.0,471.2,0.0,438.4,779.3,1,88.9,1,1,shot_pb=1.00|flight_commit=1.00|pb_zfit|keepin_prop=1.00|keepin_zoom=1.350|speed|edge_zoom=0.750|bounds
532,802.8,668.3,yolo,0.46,689.3,360.0,470.1,0.0,438.4,779.3,1,89.0,1,1,shot_pb=1.00|flight_commit=1.00|pb_zfit|keepin_prop=1.00|keepin_zoom=1.350|speed|edge_zoom=0.750|bounds
533,801.6,667.7,yolo,0.49,688.2,360.0,469.0,0.0,438.4,779.3,1,89.1,1,1,shot_pb=1.00|flight_commit=1.00|pb_zfit|keepin_prop=1.00|keepin_zoom=1.350|speed|edge_zoom=0.750|bounds
534,800.2,667.0,yolo,0.54,686.9,360.0,467.7,0.0,438.4,779.3,1,89.2,1,1,shot_pb=1.00|flight_commit=1.00|pb_zfit|keepin_prop=1.00|keepin_zoom=1.350|speed|edge_zoom=0.750|bounds
535,798.6,666.2,yolo,0.57,685.4,360.0,466.3,0.0,438.4,779.3,1,89.3,1,1,shot_pb=1.00|flight_commit=1.00|pb_zfit|keepin_prop=1.00|keepin_zoom=1.350|speed|edge_zoom=0.750|bounds
536,796.9,665.2,yolo,0.57,683.8,360.0,464.6,0.0,438.4,779.3,1,89.4,1,1,shot_pb=1.00|flight_commit=1.00|pb_zfit|keepin_prop=1.00|keepin_zoom=1.350|speed|edge_zoom=0.750|bounds
537,794.8,664.1,yolo,0.55,682.0,360.0,462.8,0.0,438.4,779.3,1,89.7,1,1,shot_pb=1.00|flight_commit=1.00|pb_zfit|keepin_prop=1.00|keepin_zoom=1.350|speed|edge_zoom=0.750|bounds
538,792.6,662.8,yolo,0.54,679.9,360.0,460.7,0.0,438.4,779.3,1,89.8,1,1,shot_pb=1.00|flight_commit=1.00|pb_zfit|keepin_prop=1.00|keepin_zoom=1.350|speed|edge_zoom=0.750|bounds
539,790.0,661.3,yolo,0.54,677.6,360.0,458.5,0.0,438.4,779.3,1,90.1,1,1,shot_pb=1.00|flight_commit=1.00|pb_zfit|keepin_prop=1.00|keepin_zoom=1.350|speed|edge_zoom=0.750|bounds
540,787.0,659.6,yolo,0.53,675.2,360.0,456.0,0.0,438.4,779.3,1,90.7,1,1,shot_pb=1.00|flight_commit=1.00|pb_zfit|keepin_prop=1.00|keepin_zoom=1.350|speed|edge_zoom=0.750|bounds
541,783.6,657.6,yolo,0.53,672.4,360.0,453.3,0.0,438.4,779.3,1,91.3,1,1,shot_pb=1.00|flight_commit=1.00|pb_zfit|keepin_prop=1.00|keepin_zoom=1.350|speed|edge_zoom=0.750|bounds
542,779.8,655.3,yolo,0.55,669.6,360.0,450.4,0.0,438.4,779.3,1,92.3,1,1,shot_pb=1.00|flight_commit=1.00|pb_zfit|keepin_prop=1.00|keepin_zoom=1.350|speed|edge_zoom=0.750|bounds
543,775.5,652.7,yolo,0.56,666.5,360.0,447.3,0.0,438.4,779.3,1,93.5,1,1,shot_pb=1.00|flight_commit=1.00|pb_zfit|keepin_prop=1.00|keepin_zoom=1.350|speed|edge_zoom=0.750|bounds
544,769.0,648.3,yolo,0.61,663.3,360.0,444.1,0.0,438.4,779.3,1,96.8,1,1,shot_pb=1.00|flight_commit=1.00|pb_zfit|keepin_prop=1.00|keepin_zoom=1.350|speed|edge_zoom=0.750|bounds
545,763.1,644.7,yolo,0.61,660.1,360.0,440.9,0.0,438.4,779.3,1,99.5,1,1,shot_pb=1.00|flight_commit=1.00|pb_zfit|keepin_prop=1.00|keepin_zoom=1.350|speed|edge_zoom=0.750|bounds
546,758.2,642.1,yolo,0.58,656.9,360.0,437.7,0.0,438.4,779.3,1,101.2,1,1,shot_pb=1.00|flight_commit=1.00|pb_zfit|keepin_prop=1.00|keepin_zoom=1.350|speed|edge_zoom=0.750|bounds
547,750.9,638.1,yolo,0.61,653.8,360.0,434.6,0.0,438.4,779.3,1,105.4,1,1,shot_pb=1.00|flight_commit=1.00|pb_zfit|keepin_prop=1.00|keepin_zoom=1.350|speed|edge_zoom=0.750|bounds
548,742.5,633.5,yolo,0.63,650.9,360.0,431.7,0.0,438.4,779.3,1,110.9,1,1,shot_pb=1.00|flight_commit=1.00|pb_zfit|keepin_prop=1.00|keepin_zoom=1.350|speed|edge_zoom=0.750|bounds
549,734.9,629.5,yolo,0.63,648.3,360.0,429.1,0.0,438.4,779.3,1,115.9,0,1,shot_pb=1.00|flight_commit=1.00|pb_zfit|keepin_prop=1.00|keepin_zoom=1.350|edge_zoom=0.750|bounds
550,728.5,626.6,yolo,0.64,646.1,360.0,426.9,0.0,438.4,779.3,1,120.1,0,1,shot_pb=1.00|flight_commit=1.00|pb_zfit|keepin_prop=1.00|keepin_zoom=1.350|edge_zoom=0.750|bounds
551,723.5,624.7,yolo,0.65,644.3,360.0,425.2,0.0,438.4,779.3,1,123.3,0,1,shot_pb=1.00|flight_commit=1.00|pb_zfit|keepin_prop=1.00|keepin_zoom=1.350|edge_zoom=0.750|bounds
552,720.1,623.8,yolo,0.66,643.1,360.0,424.0,0.0,438.4,779.3,1,125.5,0,1,shot_pb=1.00|flight_commit=1.00|pb_zfit|keepin_prop=1.00|keepin_zoom=1.350|edge_zoom=0.750|bounds
553,718.6,623.9,yolo,0.67,642.5,360.0,423.4,0.0,438.4,779.3,1,126.4,0,1,shot_pb=1.00|flight_commit=1.00|pb_zfit|keepin_prop=1.00|keepin_zoom=1.350|edge_zoom=0.750|bounds
554,721.7,626.0,yolo,0.60,642.5,360.0,423.4,0.0,438.4,779.3,1,123.3,0,1,shot_pb=1.00|flight_commit=1.00|pb_zfit|keepin_prop=1.00|keepin_zoom=1.350|edge_zoom=0.750|bounds
555,727.5,629.4,yolo,0.55,643.2,360.0,424.0,0.0,438.4,779.3,1,118.2,0,1,shot_pb=1.00|flight_commit=1.00|pb_zfit|keepin_prop=1.00|keepin_zoom=1.350|edge_zoom=0.750|bounds
556,730.5,631.7,yolo,0.55,644.4,360.0,425.2,0.0,438.4,779.3,1,116.4,0,1,shot_pb=1.00|flight_commit=1.00|pb_zfit|keepin_prop=1.00|keepin_zoom=1.350|edge_zoom=0.750|bounds
557,735.2,634.6,yolo,0.54,646.2,360.0,427.0,0.0,438.4,779.3,1,113.5,1,1,shot_pb=1.00|flight_commit=1.00|pb_zfit|keepin_prop=1.00|keepin_zoom=1.350|speed|edge_zoom=0.750|bounds
558,742.5,638.3,yolo,0.52,648.4,360.0,429.3,0.0,438.4,779.3,1,108.4,1,1,shot_pb=1.00|flight_commit=1.00|pb_zfit|keepin_prop=1.00|keepin_zoom=1.350|speed|edge_zoom=0.750|bounds
559,749.8,641.9,yolo,0.54,651.1,360.0,432.0,0.0,438.4,779.3,1,103.8,1,1,shot_pb=1.00|flight_commit=1.00|pb_zfit|keepin_prop=1.00|keepin_zoom=1.350|speed|edge_zoom=0.750|bounds
560,756.7,645.2,yolo,0.55,654.2,360.0,435.0,0.0,438.4,779.3,1,100.0,1,1,shot_pb=1.00|flight_commit=1.00|pb_zfit|keepin_prop=1.00|keepin_zoom=1.350|speed|edge_zoom=0.750|bounds
561,763.1,648.4,yolo,0.58,657.4,360.0,438.3,0.0,438.4,779.3,1,96.8,1,1,shot_pb=1.00|flight_commit=1.00|pb_zfit|keepin_prop=1.00|keepin_zoom=1.350|speed|edge_zoom=0.750|bounds
562,769.0,651.2,yolo,0.60,660.9,360.0,441.7,0.0,438.4,779.3,1,94.4,1,1,shot_pb=1.00|flight_commit=1.00|pb_zfit|keepin_prop=1.00|keepin_zoom=1.350|speed|edge_zoom=0.750|bounds
563,774.5,653.8,yolo,0.60,664.4,360.0,445.3,0.0,438.4,779.3,1,92.4,1,1,shot_pb=1.00|flight_commit=1.00|pb_zfit|keepin_prop=1.00|keepin_zoom=1.350|speed|edge_zoom=0.750|bounds
564,779.6,656.2,yolo,0.61,668.0,360.0,448.8,0.0,438.4,779.3,1,90.9,1,1,shot_pb=1.00|flight_commit=1.00|pb_zfit|keepin_prop=1.00|keepin_zoom=1.350|speed|edge_zoom=0.750|bounds
565,784.2,658.4,yolo,0.62,671.6,360.0,452.4,0.0,438.4,779.3,1,89.9,1,1,shot_pb=1.00|flight_commit=1.00|pb_zfit|keepin_prop=1.00|keepin_zoom=1.350|speed|edge_zoom=0.750|bounds
566,788.6,660.3,yolo,0.63,675.1,360.0,455.9,0.0,438.4,779.3,1,89.0,1,1,shot_pb=1.00|flight_commit=1.00|pb_zfit|keepin_prop=1.00|keepin_zoom=1.350|speed|edge_zoom=0.750|bounds
567,792.7,662.1,yolo,0.63,678.6,360.0,459.4,0.0,438.4,779.3,1,88.4,1,1,shot_pb=1.00|flight_commit=1.00|pb_zfit|keepin_prop=1.00|keepin_zoom=1.350|speed|edge_zoom=0.750|bounds
568,796.5,663.6,yolo,0.63,681.9,360.0,462.8,0.0,438.4,779.3,1,87.9,1,1,shot_pb=1.00|flight_commit=1.00|pb_zfit|keepin_prop=1.00|keepin_zoom=1.350|speed|edge_zoom=0.750|bounds
569,800.1,665.1,yolo,0.64,685.2,360.0,466.0,0.0,438.4,779.3,1,87.6,1,1,shot_pb=1.00|flight_commit=1.00|pb_zfit|keepin_prop=1.00|keepin_zoom=1.350|speed|edge_zoom=0.750|bounds
570,803.5,666.4,yolo,0.65,688.4,360.0,469.3,0.0,438.4,779.3,1,87.4,1,1,shot_pb=1.00|flight_commit=1.00|pb_zfit|keepin_prop=1.00|keepin_zoom=1.350|speed|edge_zoom=0.750|bounds
571,806.8,667.5,yolo,0.65,691.6,360.0,472.4,0.0,438.4,779.3,1,87.3,1,1,shot_pb=1.00|flight_commit=1.00|pb_zfit|keepin_prop=1.00|keepin_zoom=1.350|speed|edge_zoom=0.750|bounds
572,810.1,668.6,yolo,0.66,694.7,360.0,475.5,0.0,438.4,779.3,1,87.1,1,1,shot_pb=1.00|flight_commit=1.00|pb_zfit|keepin_prop=1.00|keepin_zoom=1.350|speed|edge_zoom=0.750|bounds
573,813.4,669.5,yolo,0.66,697.9,360.0,478.7,0.0,438.4,779.3,1,87.0,1,1,shot_pb=1.00|flight_commit=1.00|pb_zfit|keepin_prop=1.00|keepin_zoom=1.350|speed|edge_zoom=0.750|bounds
574,816.6,670.4,yolo,0.67,701.0,360.0,481.8,0.0,438.4,779.3,1,86.9,1,1,shot_pb=1.00|flight_commit=1.00|pb_zfit|keepin_prop=1.00|keepin_zoom=1.350|speed|edge_zoom=0.750|bounds
575,820.0,671.2,yolo,0.67,704.2,360.0,485.1,0.0,438.4,779.3,1,86.7,1,1,shot_pb=1.00|flight_commit=1.00|pb_zfit|keepin_prop=1.00|keepin_zoom=1.350|speed|edge_zoom=0.750|bounds
576,823.5,672.0,yolo,0.66,707.6,360.0,488.4,0.0,438.4,779.3,1,86.6,1,1,shot_pb=1.00|flight_commit=1.00|pb_zfit|keepin_prop=1.00|keepin_zoom=1.350|speed|edge_zoom=0.750|bounds
577,827.3,672.7,yolo,0.65,711.0,360.0,491.8,0.0,438.4,779.3,1,86.2,1,1,shot_pb=1.00|flight_commit=1.00|pb_zfit|keepin_prop=1.00|keepin_zoom=1.350|speed|edge_zoom=0.750|bounds
578,831.3,673.4,yolo,0.64,714.6,360.0,495.4,0.0,438.4,779.3,1,85.8,1,1,shot_pb=1.00|flight_commit=1.00|pb_zfit|keepin_prop=1.00|keepin_zoom=1.350|speed|edge_zoom=0.750|bounds
579,835.6,674.2,yolo,0.66,718.4,360.0,499.2,0.0,438.4,779.3,1,85.3,1,1,shot_pb=1.00|flight_commit=1.00|pb_zfit|keepin_prop=1.00|keepin_zoom=1.350|speed|edge_zoom=0.750|bounds
580,840.5,674.9,yolo,0.71,722.4,360.0,503.2,0.0,438.4,779.3,1,84.4,1,1,shot_pb=1.00|flight_commit=1.00|pb_zfit|keepin_prop=1.00|keepin_zoom=1.350|speed|edge_zoom=0.750|bounds
581,846.0,675.7,yolo,0.70,726.6,360.0,507.4,0.0,438.4,779.3,1,83.1,1,1,shot_pb=1.00|flight_commit=1.00|pb_zfit|keepin_prop=1.00|keepin_zoom=1.350|speed|edge_zoom=0.750|bounds
582,851.9,676.5,yolo,0.74,731.0,360.0,511.8,0.0,438.4,779.3,1,81.6,1,1,shot_pb=1.00|flight_commit=1.00|pb_zfit|keepin_prop=1.00|keepin_zoom=1.350|speed|edge_zoom=0.750|bounds
583,858.0,677.4,yolo,0.76,735.6,360.0,516.5,0.0,438.4,779.3,1,80.1,1,1,shot_pb=1.00|flight_commit=1.00|pb_zfit|keepin_prop=1.00|keepin_zoom=1.350|speed|edge_zoom=0.750|bounds
584,864.1,678.2,yolo,0.69,740.5,360.0,521.3,0.0,438.4,779.3,1,78.9,1,1,shot_pb=1.00|flight_commit=1.00|pb_zfit|keepin_prop=1.00|keepin_zoom=1.350|speed|edge_zoom=0.750|bounds
585,870.5,679.1,yolo,0.72,745.5,360.0,526.4,0.0,438.4,779.3,1,77.5,1,1,shot_pb=1.00|flight_commit=1.00|pb_zfit|keepin_prop=1.00|keepin_zoom=1.350|speed|edge_zoom=0.750|bounds
586,877.0,680.0,yolo,0.76,750.8,360.0,531.6,0.0,438.4,779.3,1,76.3,1,1,shot_pb=1.00|flight_commit=1.00|pb_zfit|keepin_prop=1.00|keepin_zoom=1.350|speed|edge_zoom=0.750|bounds
587,883.5,681.0,yolo,0.80,756.1,360.0,536.9,0.0,438.4,779.3,1,75.1,1,1,shot_pb=1.00|flight_commit=1.00|pb_zfit|keepin_prop=1.00|keepin_zoom=1.350|speed|edge_zoom=0.750|bounds
588,889.9,681.9,yolo,0.83,761.6,360.0,542.4,0.0,438.4,779.3,1,74.2,1,1,shot_pb=1.00|flight_commit=1.00|pb_zfit|keepin_prop=1.00|keepin_zoom=1.350|speed|edge_zoom=0.750|bounds
589,896.3,682.8,yolo,0.85,767.1,360.0,547.9,0.0,438.4,779.3,1,73.3,1,1,shot_pb=1.00|flight_commit=1.00|pb_zfit|keepin_prop=1.00|keepin_zoom=1.350|speed|edge_zoom=0.750|bounds
590,902.6,683.8,yolo,0.85,772.7,360.0,553.5,0.0,438.4,779.3,1,72.6,1,1,shot_pb=1.00|flight_commit=1.00|pb_zfit|keepin_prop=1.00|keepin_zoom=1.350|speed|edge_zoom=0.750|bounds
591,908.8,684.7,yolo,0.79,778.2,360.0,559.0,0.0,438.4,779.3,1,71.9,1,1,shot_pb=1.00|flight_commit=1.00|pb_zfit|keepin_prop=1.00|keepin_zoom=1.350|speed|edge_zoom=0.750|bounds
592,914.9,685.7,yolo,0.80,783.7,360.0,564.5,0.0,438.4,779.3,1,71.3,1,1,shot_pb=1.00|flight_commit=1.00|pb_zfit|keepin_prop=1.00|keepin_zoom=1.350|speed|edge_zoom=0.750|bounds
593,920.8,686.6,yolo,0.81,789.1,360.0,569.9,0.0,438.4,779.3,1,70.8,1,1,shot_pb=1.00|flight_commit=1.00|pb_zfit|keepin_prop=1.00|keepin_zoom=1.350|speed|edge_zoom=0.750|bounds
594,926.4,687.6,yolo,0.77,794.4,360.0,575.2,0.0,438.4,779.3,1,70.5,1,1,shot_pb=1.00|flight_commit=1.00|pb_zfit|keepin_prop=1.00|keepin_zoom=1.350|speed|edge_zoom=0.750|bounds
595,931.9,688.5,yolo,0.75,799.5,360.0,580.3,0.0,438.4,779.3,1,70.1,1,1,shot_pb=1.00|flight_commit=1.00|pb_zfit|keepin_prop=1.00|keepin_zoom=1.350|speed|edge_zoom=0.750|bounds
596,937.1,689.4,yolo,0.72,804.4,360.0,585.2,0.0,438.4,779.3,1,69.8,1,1,shot_pb=1.00|flight_commit=1.00|pb_zfit|keepin_prop=1.00|keepin_zoom=1.350|speed|edge_zoom=0.750|bounds
597,942.2,690.2,yolo,0.72,809.1,360.0,590.0,0.0,438.4,779.3,1,69.4,1,1,shot_pb=1.00|flight_commit=1.00|pb_zfit|keepin_prop=1.00|keepin_zoom=1.350|speed|edge_zoom=0.750|bounds
598,946.9,691.0,yolo,0.73,813.6,360.0,594.4,0.0,438.4,779.3,1,69.2,1,1,shot_pb=1.00|flight_commit=1.00|pb_zfit|keepin_prop=1.00|keepin_zoom=1.350|speed|edge_zoom=0.750|bounds
599,951.3,691.8,yolo,0.75,817.8,360.0,598.6,0.0,438.4,779.3,1,69.0,1,1,shot_pb=1.00|flight_commit=1.00|pb_zfit|keepin_prop=1.00|keepin_zoom=1.350|speed|edge_zoom=0.750|bounds
600,955.5,692.5,yolo,0.73,821.7,360.0,602.5,0.0,438.4,779.3,1,68.7,1,1,shot_pb=1.00|flight_commit=1.00|pb_zfit|keepin_prop=1.00|keepin_zoom=1.350|speed|edge_zoom=0.750|bounds
601,959.5,693.2,yolo,0.75,825.3,360.0,606.2,0.0,438.4,779.3,1,68.3,1,1,shot_pb=1.00|flight_commit=1.00|pb_zfit|keepin_prop=1.00|keepin_zoom=1.350|speed|edge_zoom=0.750|bounds
602,963.1,693.8,yolo,0.79,828.6,360.0,609.5,0.0,438.4,779.3,1,68.0,1,1,shot_pb=1.00|flight_commit=1.00|pb_zfit|keepin_prop=1.00|keepin_zoom=1.350|speed|edge_zoom=0.750|bounds
603,966.3,694.4,yolo,0.81,831.6,360.0,612.4,0.0,438.4,779.3,1,67.8,1,1,shot_pb=1.00|flight_commit=1.00|pb_zfit|keepin_prop=1.00|keepin_zoom=1.350|speed|edge_zoom=0.750|bounds
604,969.2,694.9,yolo,0.81,834.2,360.0,615.0,0.0,438.4,779.3,1,67.5,1,1,shot_pb=1.00|flight_commit=1.00|pb_zfit|keepin_prop=1.00|keepin_zoom=1.350|speed|edge_zoom=0.750|bounds
605,971.8,695.4,yolo,0.77,836.5,360.0,617.3,0.0,438.4,779.3,1,67.2,1,1,shot_pb=1.00|flight_commit=1.00|pb_zfit|keepin_prop=1.00|keepin_zoom=1.350|speed|edge_zoom=0.750|bounds
606,974.0,695.9,yolo,0.78,838.4,360.0,619.2,0.0,438.4,779.3,1,66.9,1,1,shot_pb=1.00|flight_commit=1.00|pb_zfit|keepin_prop=1.00|keepin_zoom=1.350|speed|edge_zoom=0.750|bounds
607,975.7,696.4,yolo,0.78,840.1,360.0,620.9,0.0,438.4,779.3,1,66.9,1,1,shot_pb=1.00|flight_commit=1.00|pb_zfit|keepin_prop=1.00|keepin_zoom=1.350|speed|edge_zoom=0.750|bounds
608,977.1,696.7,yolo,0.78,841.4,360.0,622.2,0.0,438.4,779.3,1,66.8,1,1,shot_pb=1.00|flight_commit=1.00|pb_zfit|keepin_prop=1.00|keepin_zoom=1.350|speed|edge_zoom=0.750|bounds
609,977.9,697.1,yolo,0.73,842.6,360.0,623.4,0.0,438.4,779.3,1,67.2,1,1,shot_pb=1.00|flight_commit=1.00|pb_zfit|keepin_prop=1.00|keepin_zoom=1.350|speed|edge_zoom=0.750|bounds
610,978.2,697.4,yolo,0.66,843.6,360.0,624.4,0.0,438.4,779.3,1,67.9,1,1,shot_pb=1.00|flight_commit=1.00|pb_zfit|keepin_prop=1.00|keepin_zoom=1.350|speed|edge_zoom=0.750|bounds
611,977.9,697.6,yolo,0.65,844.5,360.0,625.3,0.0,438.4,779.3,1,69.1,1,1,shot_pb=1.00|flight_commit=1.00|pb_zfit|keepin_prop=1.00|keepin_zoom=1.350|speed|edge_zoom=0.750|bounds
612,977.1,697.9,yolo,0.62,845.4,360.0,626.2,0.0,438.4,779.3,1,70.8,1,1,shot_pb=1.00|flight_commit=1.00|pb_zfit|keepin_prop=1.00|keepin_zoom=1.350|speed|edge_zoom=0.750|bounds
613,975.5,698.0,yolo,0.59,846.4,360.0,627.3,0.0,438.4,779.3,1,73.4,1,1,shot_pb=1.00|flight_commit=1.00|pb_zfit|keepin_prop=1.00|keepin_zoom=1.350|speed|edge_zoom=0.750|bounds
614,964.6,697.7,yolo,0.57,847.7,360.0,628.5,0.0,438.4,779.3,1,81.6,1,1,shot_pb=1.00|flight_commit=1.00|pb_zfit|keepin_prop=1.00|keepin_zoom=1.350|speed|edge_zoom=0.750|bounds
615,959.9,697.6,yolo,0.57,849.2,360.0,630.0,0.0,438.4,779.3,1,81.7,1,1,shot_pb=1.00|flight_commit=1.00|pb_zfit|keepin_prop=1.00|keepin_zoom=1.350|speed|edge_zoom=0.750|bounds
616,964.5,698.2,yolo,0.55,851.0,360.0,631.8,0.0,438.4,779.3,1,81.1,1,1,shot_pb=1.00|flight_commit=1.00|pb_zfit|keepin_prop=1.00|keepin_zoom=1.350|speed|edge_zoom=0.750|bounds
617,970.7,698.8,yolo,0.52,853.1,360.0,634.0,0.0,438.4,779.3,1,80.5,1,1,shot_pb=1.00|flight_commit=1.00|pb_zfit|keepin_prop=1.00|keepin_zoom=1.350|speed|edge_zoom=0.750|bounds
618,976.9,699.4,yolo,0.50,855.7,360.0,636.5,0.0,438.4,779.3,1,79.9,1,1,shot_pb=1.00|flight_commit=1.00|pb_zfit|keepin_prop=1.00|keepin_zoom=1.350|speed|edge_zoom=0.750|bounds
619,982.8,699.9,yolo,0.45,858.6,360.0,639.4,0.0,438.4,779.3,1,78.3,1,1,shot_pb=1.00|flight_commit=1.00|pb_zfit|keepin_prop=1.00|keepin_zoom=1.350|speed|edge_zoom=0.750|bounds
620,987.8,700.4,interp,0.38,861.8,360.0,642.6,0.0,438.4,779.3,1,76.5,1,1,shot_pb=1.00|flight_commit=1.00|pb_zfit|keepin_prop=1.00|keepin_zoom=1.350|speed|edge_zoom=0.750|bounds
621,992.9,701.0,yolo,0.42,865.3,360.0,646.1,0.0,438.4,779.3,1,74.9,1,1,shot_pb=1.00|flight_commit=1.00|pb_zfit|keepin_prop=1.00|keepin_zoom=1.350|speed|edge_zoom=0.750|bounds
622,998.1,701.5,yolo,0.40,869.0,360.0,649.8,0.0,438.4,779.3,1,73.4,1,1,shot_pb=1.00|flight_commit=1.00|pb_zfit|keepin_prop=1.00|keepin_zoom=1.350|speed|edge_zoom=0.750|bounds
623,1003.0,702.0,yolo,0.38,872.8,360.0,653.6,0.0,438.4,779.3,1,72.3,1,1,shot_pb=1.00|flight_commit=1.00|pb_zfit|keepin_prop=1.00|keepin_zoom=1.350|speed|edge_zoom=0.750|bounds
624,1007.6,702.5,yolo,0.35,876.7,360.0,657.5,0.0,438.4,779.3,1,71.6,1,1,shot_pb=1.00|flight_commit=1.00|pb_zfit|keepin_prop=1.00|keepin_zoom=1.350|speed|edge_zoom=0.750|bounds
625,1011.8,702.9,interp,0.38,880.6,360.0,661.5,0.0,438.4,779.3,1,71.3,1,1,shot_pb=1.00|flight_commit=1.00|pb_zfit|keepin_prop=1.00|keepin_zoom=1.350|speed|edge_zoom=0.750|bounds
626,1015.8,703.3,interp,0.38,884.5,360.0,665.4,0.0,438.4,779.3,1,71.2,1,1,shot_pb=1.00|flight_commit=1.00|pb_zfit|keepin_prop=1.00|keepin_zoom=1.350|speed|edge_zoom=0.750|bounds
627,1019.8,703.7,yolo,0.34,888.4,360.0,669.2,0.0,438.4,779.3,1,71.1,1,1,shot_pb=1.00|flight_commit=1.00|pb_zfit|keepin_prop=1.00|keepin_zoom=1.350|speed|edge_zoom=0.750|bounds
628,1023.8,704.1,yolo,0.33,892.1,360.0,672.9,0.0,438.4,779.3,1,70.8,1,1,shot_pb=1.00|flight_commit=1.00|pb_zfit|keepin_prop=1.00|keepin_zoom=1.350|speed|edge_zoom=0.750|bounds
629,1027.6,704.5,yolo,0.31,895.7,360.0,676.6,0.0,438.4,779.3,1,70.6,1,1,shot_pb=1.00|flight_commit=1.00|pb_zfit|keepin_prop=1.00|keepin_zoom=1.350|speed|edge_zoom=0.750|bounds
630,1031.3,704.9,yolo,0.33,899.2,360.0,680.0,0.0,438.4,779.3,1,70.4,1,1,shot_pb=1.00|flight_commit=1.00|pb_zfit|keepin_prop=1.00|keepin_zoom=1.350|speed|edge_zoom=0.750|bounds
631,1034.6,705.2,interp,0.38,902.5,360.0,683.3,0.0,438.4,779.3,1,70.4,1,1,shot_pb=1.00|flight_commit=1.00|pb_zfit|keepin_prop=1.00|keepin_zoom=1.350|speed|edge_zoom=0.750|bounds
632,1037.7,705.5,interp,0.38,905.6,360.0,686.5,0.0,438.4,779.3,1,70.4,1,1,shot_pb=1.00|flight_commit=1.00|pb_zfit|keepin_prop=1.00|keepin_zoom=1.350|speed|edge_zoom=0.750|bounds
633,1040.6,705.8,interp,0.38,908.6,360.0,689.4,0.0,438.4,779.3,1,70.5,1,1,shot_pb=1.00|flight_commit=1.00|pb_zfit|keepin_prop=1.00|keepin_zoom=1.350|speed|edge_zoom=0.750|bounds
634,1043.4,706.1,interp,0.38,911.4,360.0,692.3,0.0,438.4,779.3,1,70.5,1,1,shot_pb=1.00|flight_commit=1.00|pb_zfit|keepin_prop=1.00|keepin_zoom=1.350|speed|edge_zoom=0.750|bounds
635,1045.9,706.3,interp,0.38,914.1,360.0,694.9,0.0,438.4,779.3,1,70.7,1,1,shot_pb=1.00|flight_commit=1.00|pb_zfit|keepin_prop=1.00|keepin_zoom=1.350|speed|edge_zoom=0.750|bounds
636,1048.3,706.5,yolo,0.31,916.6,360.0,697.5,0.0,438.4,779.3,1,70.8,1,1,shot_pb=1.00|flight_commit=1.00|pb_zfit|keepin_prop=1.00|keepin_zoom=1.350|speed|edge_zoom=0.750|bounds
637,1050.4,706.6,hold,0.25,919.0,360.0,699.8,0.0,438.4,779.3,1,71.1,1,1,shot_pb=1.00|flight_commit=1.00|pb_zfit|keepin_prop=1.00|keepin_zoom=1.350|speed|edge_zoom=0.750|bounds
638,1052.3,706.8,hold,0.25,921.3,360.0,702.1,0.0,438.4,779.3,1,71.5,1,1,shot_pb=1.00|flight_commit=1.00|pb_zfit|keepin_prop=1.00|keepin_zoom=1.350|speed|edge_zoom=0.750|bounds
639,1054.0,706.9,hold,0.25,923.5,360.0,704.3,0.0,438.4,779.3,1,72.0,1,1,shot_pb=1.00|flight_commit=1.00|pb_zfit|keepin_prop=1.00|keepin_zoom=1.350|speed|edge_zoom=0.750|bounds
640,1055.7,707.0,hold,0.25,925.6,360.0,706.4,0.0,438.4,779.3,1,72.3,1,1,shot_pb=1.00|flight_commit=1.00|pb_zfit|keepin_prop=1.00|keepin_zoom=1.350|speed|edge_zoom=0.750|bounds
641,1057.4,707.1,hold,0.25,927.6,360.0,708.4,0.0,438.4,779.3,1,72.2,1,1,shot_pb=1.00|flight_commit=1.00|pb_zfit|keepin_prop=1.00|keepin_zoom=1.350|speed|edge_zoom=0.750|bounds
642,1058.9,707.1,hold,0.25,929.6,360.0,710.4,0.0,438.4,779.3,1,72.2,1,1,shot_pb=1.00|flight_commit=1.00|pb_zfit|keepin_prop=1.00|keepin_zoom=1.350|speed|edge_zoom=0.750|bounds
643,1060.5,707.2,hold,0.25,931.6,360.0,712.4,0.0,438.4,779.3,1,72.1,1,1,shot_pb=1.00|flight_commit=1.00|pb_zfit|keepin_prop=1.00|keepin_zoom=1.350|speed|edge_zoom=0.750|bounds
644,1062.1,707.2,hold,0.25,933.5,360.0,714.4,0.0,438.4,779.3,1,72.1,1,1,shot_pb=1.00|flight_commit=1.00|pb_zfit|keepin_prop=1.00|keepin_zoom=1.350|speed|edge_zoom=0.750|bounds
645,1063.8,707.3,hold,0.25,935.5,360.0,716.3,0.0,438.4,779.3,1,72.0,1,1,shot_pb=1.00|flight_commit=1.00|pb_zfit|keepin_prop=1.00|keepin_zoom=1.350|speed|edge_zoom=0.750|bounds
646,1065.5,707.3,hold,0.25,937.4,360.0,718.2,0.0,438.4,779.3,1,72.0,1,1,shot_pb=1.00|flight_commit=1.00|pb_zfit|keepin_prop=1.00|keepin_zoom=1.350|speed|edge_zoom=0.750|bounds
647,1067.3,707.3,hold,0.25,939.3,360.0,720.1,0.0,438.4,779.3,1,72.0,1,1,shot_pb=1.00|flight_commit=1.00|pb_zfit|keepin_prop=1.00|keepin_zoom=1.350|speed|edge_zoom=0.750|bounds
648,1069.3,707.3,hold,0.25,941.2,360.0,722.0,0.0,438.4,779.3,1,72.0,1,1,shot_pb=1.00|conf_zoom=0.70|pb_zfit|keepin_prop=1.00|keepin_zoom=1.350|speed|edge_zoom=0.750|bounds
649,1071.4,707.2,hold,0.25,943.1,360.0,723.9,0.0,438.4,779.3,1,72.1,1,1,shot_pb=1.00|conf_zoom=0.69|pb_zfit|keepin_prop=1.00|keepin_zoom=1.350|speed|edge_zoom=0.750|bounds
650,1073.7,707.2,hold,0.26,944.9,360.0,725.7,0.0,438.4,779.3,1,72.1,1,1,shot_pb=1.00|conf_zoom=0.69|pb_zfit|keepin_prop=1.00|keepin_zoom=1.350|speed|edge_zoom=0.750|bounds
651,1078.7,707.4,interp,0.32,946.6,360.0,727.4,0.0,438.4,779.3,1,70.4,1,1,shot_pb=1.00|flight_commit=1.00|pb_zfit|keepin_prop=1.00|keepin_zoom=1.350|speed|edge_zoom=0.750|bounds
652,1081.0,707.3,interp,0.32,948.1,360.0,728.9,0.0,438.4,779.3,1,69.6,1,1,shot_pb=1.00|flight_commit=1.00|pb_zfit|keepin_prop=1.00|keepin_zoom=1.350|speed|edge_zoom=0.750|bounds
653,1082.9,707.1,interp,0.32,949.5,360.0,730.3,0.0,438.4,779.3,1,69.1,1,1,shot_pb=1.00|flight_commit=1.00|pb_zfit|keepin_prop=1.00|keepin_zoom=1.350|speed|edge_zoom=0.750|bounds
654,1084.4,706.8,interp,0.32,950.7,360.0,731.5,0.0,438.4,779.3,1,68.8,1,1,shot_pb=1.00|flight_commit=1.00|pb_zfit|keepin_prop=1.00|keepin_zoom=1.350|speed|edge_zoom=0.750|bounds
655,1085.7,706.4,interp,0.32,951.6,360.0,732.5,0.0,438.4,779.3,1,68.4,1,1,shot_pb=1.00|flight_commit=1.00|pb_zfit|keepin_prop=1.00|keepin_zoom=1.350|speed|edge_zoom=0.750|bounds
656,1086.6,705.9,interp,0.32,952.3,360.0,733.1,0.0,438.4,779.3,1,68.2,1,1,shot_pb=1.00|flight_commit=1.00|pb_zfit|keepin_prop=1.00|keepin_zoom=1.350|speed|edge_zoom=0.750|bounds
657,1087.2,705.3,interp,0.32,952.7,360.0,733.5,0.0,438.4,779.3,1,68.0,1,1,shot_pb=1.00|flight_commit=1.00|pb_zfit|keepin_prop=1.00|keepin_zoom=1.350|speed|edge_zoom=0.750|bounds
658,1087.5,704.5,interp,0.32,952.7,360.0,733.5,0.0,438.4,779.3,1,67.7,1,1,shot_pb=1.00|flight_commit=1.00|pb_zfit|keepin_prop=1.00|keepin_zoom=1.350|speed|edge_zoom=0.750|bounds
659,1087.4,703.7,interp,0.32,952.3,360.0,733.2,0.0,438.4,779.3,1,67.4,1,1,shot_pb=1.00|flight_commit=1.00|pb_zfit|keepin_prop=1.00|keepin_zoom=1.350|speed|edge_zoom=0.750|bounds
660,1087.0,702.6,interp,0.32,951.6,360.0,732.4,0.0,438.4,779.3,1,67.1,1,1,shot_pb=1.00|flight_commit=1.00|pb_zfit|keepin_prop=1.00|keepin_zoom=1.350|speed|edge_zoom=0.750|bounds
661,1086.2,701.4,interp,0.32,950.4,360.0,731.2,0.0,438.4,779.3,1,66.7,1,1,shot_pb=1.00|flight_commit=1.00|pb_zfit|keepin_prop=1.00|keepin_zoom=1.350|speed|edge_zoom=0.750|bounds
662,1085.0,700.0,interp,0.32,948.7,360.0,729.5,0.0,438.4,779.3,1,66.2,1,1,shot_pb=1.00|flight_commit=1.00|pb_zfit|keepin_prop=1.00|keepin_zoom=1.350|speed|edge_zoom=0.750|bounds
663,1083.4,698.4,interp,0.32,946.5,360.0,727.3,0.0,438.4,779.3,1,65.6,1,1,shot_pb=1.00|flight_commit=1.00|pb_zfit|keepin_prop=1.00|keepin_zoom=1.350|speed|edge_zoom=0.750|bounds
664,1081.4,696.5,interp,0.32,943.8,360.0,724.6,0.0,438.4,779.3,1,64.9,1,1,shot_pb=1.00|flight_commit=1.00|pb_zfit|keepin_prop=1.00|keepin_zoom=1.350|speed|edge_zoom=0.750|bounds
665,1078.9,694.3,interp,0.32,940.4,360.0,721.2,0.0,438.4,779.3,1,64.0,1,1,shot_pb=1.00|flight_commit=1.00|pb_zfit|keepin_prop=1.00|keepin_zoom=1.350|speed|edge_zoom=0.750|bounds
666,1075.8,691.8,interp,0.32,936.4,360.0,717.2,0.0,438.4,779.3,1,63.1,1,1,shot_pb=1.00|flight_commit=1.00|pb_zfit|keepin_prop=1.00|keepin_zoom=1.350|speed|edge_zoom=0.750|bounds
667,1072.1,689.0,interp,0.32,931.7,360.0,712.5,0.0,438.4,779.3,1,62.1,1,1,shot_pb=1.00|flight_commit=1.00|pb_zfit|keepin_prop=1.00|keepin_zoom=1.350|speed|edge_zoom=0.750|bounds
668,1067.8,685.8,interp,0.32,926.2,360.0,707.0,0.0,438.4,779.3,1,60.9,1,1,shot_pb=1.00|flight_commit=1.00|pb_zfit|keepin_prop=1.00|keepin_zoom=1.350|speed|edge_zoom=0.750|bounds
669,1062.7,682.1,interp,0.32,919.8,360.0,700.7,0.0,438.4,779.3,1,59.6,1,1,shot_pb=1.00|flight_commit=1.00|pb_zfit|keepin_prop=1.00|keepin_zoom=1.350|speed|edge_zoom=0.750|bounds
670,1056.7,677.9,interp,0.32,912.6,360.0,693.5,0.0,438.4,779.3,1,58.4,1,1,shot_pb=1.00|flight_commit=1.00|pb_zfit|keepin_prop=1.00|keepin_zoom=1.350|speed|edge_zoom=0.750|bounds
671,1049.9,673.1,interp,0.32,904.5,360.0,685.3,0.0,438.4,779.3,1,57.1,1,1,shot_pb=1.00|flight_commit=1.00|pb_zfit|keepin_prop=1.00|keepin_zoom=1.350|speed|edge_zoom=0.750|bounds
672,1042.0,667.6,interp,0.32,895.5,360.0,676.3,0.0,438.4,779.3,1,56.0,1,1,shot_pb=1.00|flight_commit=1.00|pb_zfit|keepin_prop=1.00|keepin_zoom=1.350|speed|edge_zoom=0.750|bounds
673,1032.9,661.4,interp,0.32,885.4,360.0,666.3,0.0,438.4,779.3,1,55.0,1,1,shot_pb=1.00|flight_commit=1.00|person_ctx=4|pb_zfit|keepin_prop=1.00|keepin_zoom=1.350|speed|edge_zoom=0.750|bounds
674,1022.5,654.4,interp,0.32,874.5,360.0,655.3,0.0,438.4,779.3,1,54.5,1,1,shot_pb=1.00|flight_commit=1.00|person_ctx=4|pb_zfit|keepin_prop=1.00|keepin_zoom=1.350|speed|edge_zoom=0.750|bounds
675,1010.6,646.3,interp,0.32,862.6,360.0,643.4,0.0,438.4,779.3,1,54.5,1,1,shot_pb=1.00|flight_commit=1.00|person_ctx=4|pb_zfit|keepin_prop=1.00|keepin_zoom=1.350|speed|edge_zoom=0.750|bounds
676,996.9,637.2,interp,0.32,849.8,360.0,630.6,0.0,438.4,779.3,1,55.4,1,1,shot_pb=1.00|flight_commit=1.00|person_ctx=4|pb_zfit|keepin_prop=1.00|keepin_zoom=1.350|speed|edge_zoom=0.750|bounds
677,981.4,626.7,interp,0.32,836.3,360.0,617.1,0.0,438.4,779.3,1,57.4,0,1,shot_pb=1.00|flight_commit=1.00|person_ctx=4|pb_zfit|keepin_prop=1.00|keepin_zoom=1.350|edge_zoom=0.750|bounds
678,963.6,614.9,interp,0.32,822.1,360.0,602.9,0.0,438.4,779.3,1,61.0,0,1,accel_zoom=0.942|shot_pb=1.00|flight_commit=1.00|person_ctx=4|pb_zfit|keepin_prop=1.00|keepin_zoom=1.350|edge_zoom=0.750|bounds
679,943.4,601.5,interp,0.32,807.3,360.0,588.1,0.0,438.4,779.3,1,66.4,0,1,accel_zoom=0.935|shot_pb=1.00|flight_commit=1.00|person_ctx=4|pb_zfit|keepin_prop=0.96|keepin_zoom=1.350|edge_zoom=0.750|bounds
680,920.3,586.2,interp,0.32,792.1,360.0,572.9,0.0,438.4,779.3,1,74.3,0,1,accel_zoom=0.927|shot_pb=1.00|flight_commit=1.00|person_ctx=4|pb_zfit|keepin_prop=0.80|keepin_zoom=1.350|edge_zoom=0.750|bounds
681,894.1,568.8,interp,0.32,776.5,360.0,557.4,0.0,438.4,779.3,1,84.9,0,1,accel_zoom=0.919|shot_pb=1.00|flight_commit=1.00|pb_zfit|keepin_prop=0.63|keepin_zoom=1.350|flight_boost=1.07|edge_zoom=0.750|bounds
682,832.6,529.4,centroid,0.30,760.8,360.0,541.7,0.0,438.4,779.3,1,130.7,0,1,accel_zoom=0.835|shot_pb=1.00|flight_commit=1.00|pb_zfit|keepin_prop=0.33|keepin_zoom=1.350|flight_boost=1.32|edge_zoom=0.788|bounds
683,807.0,512.0,centroid,0.30,745.1,360.0,525.9,0.0,438.4,779.3,1,140.6,0,1,accel_zoom=0.835|shot_pb=1.00|flight_commit=1.00|pb_zfit|keepin_prop=0.23|keepin_zoom=1.350|flight_boost=1.38|edge_zoom=0.825|bounds
684,784.8,496.5,centroid,0.30,729.4,360.0,510.2,0.0,438.4,779.3,1,147.1,0,1,accel_zoom=0.835|shot_pb=1.00|flight_commit=1.00|pb_zfit|keepin_prop=0.15|keepin_zoom=1.350|flight_boost=1.42|edge_zoom=0.853|bounds
685,765.7,482.9,centroid,0.30,713.8,360.0,494.6,0.0,438.4,779.3,1,150.6,0,1,shot_pb=1.00|flight_commit=1.00|pb_zfit|keepin_prop=0.10|keepin_zoom=1.350|flight_boost=1.43|edge_zoom=0.872|bounds
686,749.2,470.9,centroid,0.30,698.4,360.0,479.2,0.0,438.4,779.3,1,151.7,0,1,shot_pb=1.00|flight_commit=1.00|pb_zfit|keepin_prop=0.06|keepin_zoom=1.350|flight_boost=1.41|edge_zoom=0.886|bounds
687,735.1,460.3,centroid,0.30,683.3,360.0,464.1,0.0,438.4,779.3,1,150.7,0,1,shot_pb=1.00|flight_commit=1.00|pb_zfit|keepin_prop=0.04|keepin_zoom=1.350|flight_boost=1.37|edge_zoom=0.897|bounds
688,723.0,450.9,centroid,0.30,668.5,360.0,449.3,0.0,438.4,779.3,1,148.0,0,1,shot_pb=1.00|flight_commit=1.00|pb_zfit|keepin_prop=0.02|keepin_zoom=1.350|flight_boost=1.30|edge_zoom=0.905|bounds
689,712.6,442.6,centroid,0.30,654.0,360.0,434.9,0.0,438.4,779.3,1,143.9,0,1,shot_pb=1.00|flight_commit=1.00|pb_zfit|keepin_prop=0.01|keepin_zoom=1.350|flight_boost=1.04|edge_zoom=0.911|bounds
690,703.7,435.3,centroid,0.30,640.1,360.0,420.9,0.0,438.4,779.3,1,138.9,0,1,shot_pb=1.00|flight_commit=1.00|pb_zfit|keepin_prop=0.00|keepin_zoom=1.350|edge_zoom=0.915|bounds
691,696.2,428.9,centroid,0.30,626.7,360.0,407.5,0.0,438.4,779.3,1,133.0,0,1,shot_pb=1.00|flight_commit=1.00|pb_zfit|keepin_prop=0.00|keepin_zoom=1.350|edge_zoom=0.919|bounds
692,689.8,423.2,centroid,0.30,614.0,360.0,394.8,0.0,438.4,779.3,1,126.7,0,0,shot_pb=1.00|flight_commit=1.00|pb_zfit|edge_zoom=0.940|bounds
693,684.3,418.1,centroid,0.30,602.0,360.0,382.8,0.0,438.4,779.3,1,120.2,0,0,shot_pb=1.00|flight_commit=1.00|pb_zfit|edge_zoom=0.943|bounds
694,679.7,413.7,centroid,0.30,590.9,360.0,371.7,0.0,438.4,779.3,1,113.7,0,0,shot_pb=1.00|flight_commit=1.00|pb_zfit|edge_zoom=0.945|bounds
695,675.7,409.8,centroid,0.30,580.8,360.0,361.6,0.0,438.4,779.3,1,107.6,0,0,shot_pb=1.00|flight_commit=1.00|pb_zfit|edge_zoom=0.948|bounds
696,672.4,406.4,centroid,0.30,571.6,360.0,352.5,0.0,438.4,779.3,1,101.7,0,0,shot_pb=1.00|flight_commit=1.00|pb_zfit|edge_zoom=0.923|bounds
697,669.6,403.4,centroid,0.30,563.6,360.0,344.4,0.0,438.4,779.3,1,96.5,0,0,shot_pb=1.00|flight_commit=1.00|pb_zfit|edge_zoom=0.924|bounds
698,667.2,400.8,centroid,0.30,556.6,360.0,337.4,0.0,438.4,779.3,1,91.9,0,0,shot_pb=1.00|flight_commit=1.00|pb_zfit|edge_zoom=0.925|bounds
699,665.1,398.5,centroid,0.30,550.6,360.0,331.5,0.0,438.4,779.3,1,88.0,0,0,shot_pb=1.00|flight_commit=1.00|pb_zfit|edge_zoom=0.926|bounds
700,663.3,396.5,centroid,0.30,545.6,360.0,326.4,0.0,438.4,779.3,1,84.8,0,0,shot_pb=1.00|flight_commit=1.00|pb_zfit|edge_zoom=0.926|bounds
701,661.8,394.8,centroid,0.30,541.5,360.0,322.3,0.0,438.4,779.3,1,82.2,0,0,shot_pb=1.00|flight_commit=1.00|pb_zfit|edge_zoom=0.925|bounds
702,660.5,393.3,centroid,0.30,538.1,360.0,318.9,0.0,438.4,779.3,1,80.1,0,0,shot_pb=1.00|flight_commit=1.00|pb_zfit|edge_zoom=0.924|bounds
703,659.3,392.0,centroid,0.30,535.3,360.0,316.1,0.0,438.4,779.3,1,78.5,0,0,shot_pb=1.00|flight_commit=1.00|pb_zfit|edge_zoom=0.920|bounds
704,658.3,391.0,centroid,0.30,533.1,360.0,313.9,0.0,438.4,779.3,1,77.3,0,0,shot_pb=1.00|flight_commit=1.00|pb_zfit|edge_zoom=0.913|bounds
705,657.4,390.1,centroid,0.30,531.4,360.0,312.2,0.0,438.4,779.3,1,76.5,0,0,shot_pb=1.00|flight_commit=1.00|pb_zfit|edge_zoom=0.905|bounds
706,656.6,389.3,centroid,0.30,530.1,360.0,310.9,0.0,438.4,779.3,1,76.0,0,0,shot_pb=1.00|flight_commit=1.00|pb_zfit|edge_zoom=0.895|bounds
707,655.9,388.8,centroid,0.30,529.1,360.0,310.0,0.0,438.4,779.3,1,75.7,0,0,shot_pb=1.00|flight_commit=1.00|pb_zfit|edge_zoom=0.885|bounds
708,655.3,388.3,centroid,0.30,528.6,360.0,309.4,0.0,438.4,779.3,1,75.8,0,0,shot_pb=1.00|flight_commit=1.00|pb_zfit|edge_zoom=0.873|bounds
709,654.7,388.0,centroid,0.30,528.4,360.0,309.2,0.0,438.4,779.3,1,76.2,0,0,shot_pb=1.00|flight_commit=1.00|pb_zfit|edge_zoom=0.860|bounds
710,654.1,387.8,centroid,0.30,528.6,360.0,309.4,0.0,438.4,779.3,1,77.0,0,0,shot_pb=1.00|flight_commit=1.00|pb_zfit|edge_zoom=0.848|bounds
711,653.7,387.7,centroid,0.30,529.2,360.0,310.0,0.0,438.4,779.3,1,78.0,0,0,shot_pb=1.00|flight_commit=1.00|pb_zfit|edge_zoom=0.838|bounds
712,653.2,387.7,centroid,0.30,530.4,360.0,311.2,0.0,438.4,779.3,1,79.7,0,0,shot_pb=1.00|flight_commit=1.00|pb_zfit|edge_zoom=0.833|bounds
713,652.9,387.8,centroid,0.30,532.2,360.0,313.0,0.0,438.4,779.3,1,81.8,0,0,shot_pb=1.00|flight_commit=1.00|pb_zfit|edge_zoom=0.836|bounds
714,652.6,388.0,centroid,0.30,534.8,360.0,315.6,0.0,438.4,779.3,1,84.7,0,0,shot_pb=1.00|flight_commit=1.00|pb_zfit|edge_zoom=0.849|bounds
715,652.3,388.2,centroid,0.30,538.1,360.0,318.9,0.0,438.4,779.3,1,88.3,0,0,shot_pb=1.00|flight_commit=1.00|pb_zfit|edge_zoom=0.874|bounds
716,652.1,388.5,centroid,0.30,542.3,360.0,323.1,0.0,438.4,779.3,1,92.7,0,0,shot_pb=1.00|flight_commit=1.00|pb_zfit|edge_zoom=0.908|bounds
717,651.9,388.8,centroid,0.30,547.3,360.0,328.2,0.0,438.4,779.3,1,97.9,0,0,shot_pb=1.00|flight_commit=1.00|pb_zfit|edge_zoom=0.912|bounds
718,651.8,389.1,centroid,0.30,553.3,360.0,334.1,0.0,438.4,779.3,1,104.0,0,0,shot_pb=1.00|flight_commit=1.00|pb_zfit|edge_zoom=0.910|bounds
719,651.8,389.5,centroid,0.30,560.1,360.0,340.9,0.0,438.4,779.3,1,110.8,0,0,shot_pb=1.00|flight_commit=1.00|pb_zfit|edge_zoom=0.909|bounds
720,651.9,390.0,centroid,0.30,567.6,360.0,348.5,0.0,438.4,779.3,1,118.2,0,0,shot_pb=1.00|flight_commit=1.00|pb_zfit|edge_zoom=0.909|bounds
721,652.0,390.4,centroid,0.30,575.8,360.0,356.6,0.0,438.4,779.3,1,126.3,0,0,shot_pb=1.00|flight_commit=1.00|pb_zfit|edge_zoom=0.910|bounds
722,652.2,390.9,centroid,0.30,584.3,360.0,365.1,0.0,438.4,779.3,1,134.6,0,0,shot_pb=1.00|flight_commit=1.00|pb_zfit|edge_zoom=0.911|bounds
723,652.5,391.4,centroid,0.30,593.0,360.0,373.8,0.0,438.4,779.3,1,143.0,0,0,shot_pb=1.00|flight_commit=1.00|pb_zfit|edge_zoom=0.912|bounds
724,652.8,391.8,centroid,0.30,601.7,360.0,382.5,0.0,438.4,779.3,1,151.4,0,0,shot_pb=1.00|flight_commit=1.00|pb_zfit|edge_zoom=0.914|bounds
725,653.3,392.3,centroid,0.30,610.1,360.0,390.9,0.0,438.4,779.3,1,159.3,0,0,shot_pb=1.00|flight_commit=1.00|pb_zfit|edge_zoom=0.916|bounds
726,653.9,392.8,centroid,0.30,618.1,360.0,398.9,0.0,438.4,779.3,1,166.7,0,0,shot_pb=1.00|flight_commit=1.00|pb_zfit|edge_zoom=0.918|bounds
727,654.5,393.2,centroid,0.30,625.4,360.0,406.2,0.0,438.4,779.3,1,173.4,0,0,shot_pb=1.00|flight_commit=1.00|pb_zfit|edge_zoom=0.919|bounds
728,655.2,393.7,centroid,0.30,632.1,360.0,412.9,0.0,438.4,779.3,1,179.4,0,0,shot_pb=1.00|flight_commit=1.00|pb_zfit|edge_zoom=0.921|bounds
729,656.0,394.1,centroid,0.30,638.0,360.0,418.8,0.0,438.4,779.3,1,184.5,0,1,shot_pb=1.00|flight_commit=1.00|pb_zfit|keepin_prop=0.00|keepin_zoom=1.350|edge_zoom=0.935|bounds
730,656.9,394.5,centroid,0.30,643.0,360.0,423.9,0.0,438.4,779.3,1,188.6,0,0,shot_pb=1.00|flight_commit=1.00|pb_zfit|edge_zoom=0.923|bounds
731,657.9,394.9,centroid,0.30,647.3,360.0,428.2,0.0,438.4,779.3,1,191.9,0,1,shot_pb=1.00|flight_commit=1.00|pb_zfit|keepin_prop=0.00|keepin_zoom=1.350|edge_zoom=0.935|bounds
732,658.9,395.3,centroid,0.30,650.9,360.0,431.7,0.0,438.4,779.3,1,194.5,0,0,shot_pb=1.00|flight_commit=1.00|pb_zfit|edge_zoom=0.924|bounds
733,660.0,395.7,centroid,0.30,653.9,360.0,434.7,0.0,438.4,779.3,1,196.4,0,0,shot_pb=1.00|flight_commit=1.00|pb_zfit|edge_zoom=0.925|bounds
734,661.1,396.1,centroid,0.30,656.3,360.0,437.1,0.0,438.4,779.3,1,197.7,0,1,shot_pb=1.00|flight_commit=1.00|pb_zfit|keepin_prop=0.01|keepin_zoom=1.350|edge_zoom=0.933|bounds
735,662.2,396.5,centroid,0.30,658.3,360.0,439.1,0.0,438.4,779.3,1,198.6,0,0,shot_pb=1.00|flight_commit=1.00|pb_zfit|edge_zoom=0.926|bounds
736,663.4,396.8,centroid,0.30,660.0,360.0,440.8,0.0,438.4,779.3,1,199.1,0,1,shot_pb=1.00|flight_commit=1.00|pb_zfit|keepin_prop=0.00|keepin_zoom=1.350|edge_zoom=0.934|bounds
737,664.6,397.1,centroid,0.30,661.4,360.0,442.3,0.0,438.4,779.3,1,199.3,0,0,shot_pb=1.00|flight_commit=1.00|pb_zfit|edge_zoom=0.926|bounds
738,665.7,397.5,centroid,0.30,662.7,360.0,443.5,0.0,438.4,779.3,1,199.5,0,1,shot_pb=1.00|flight_commit=1.00|pb_zfit|keepin_prop=0.00|keepin_zoom=1.350|edge_zoom=0.934|bounds
739,666.9,397.8,centroid,0.30,663.9,360.0,444.7,0.0,438.4,779.3,1,199.5,0,0,shot_pb=1.00|flight_commit=1.00|pb_zfit|edge_zoom=0.926|bounds
740,668.1,398.1,centroid,0.30,665.0,360.0,445.8,0.0,438.4,779.3,1,199.4,0,1,shot_pb=1.00|flight_commit=1.00|pb_zfit|keepin_prop=0.00|keepin_zoom=1.350|edge_zoom=0.933|bounds
741,669.2,398.4,centroid,0.30,666.0,360.0,446.8,0.0,438.4,779.3,1,199.3,0,0,shot_pb=1.00|flight_commit=1.00|pb_zfit|edge_zoom=0.926|bounds
742,670.4,398.7,centroid,0.30,667.1,360.0,447.9,0.0,438.4,779.3,1,199.2,0,0,shot_pb=1.00|flight_commit=1.00|pb_zfit|edge_zoom=0.925|bounds
743,671.5,399.1,centroid,0.30,668.1,360.0,448.9,0.0,438.4,779.3,1,199.1,0,1,shot_pb=1.00|flight_commit=1.00|pb_zfit|keepin_prop=0.01|keepin_zoom=1.350|edge_zoom=0.931|bounds
744,672.6,399.4,centroid,0.30,669.1,360.0,449.9,0.0,438.4,779.3,1,199.0,0,0,shot_pb=1.00|flight_commit=1.00|pb_zfit|edge_zoom=0.925|bounds
745,673.6,399.7,centroid,0.30,670.1,360.0,450.9,0.0,438.4,779.3,1,199.0,0,1,shot_pb=1.00|flight_commit=1.00|pb_zfit|keepin_prop=0.00|keepin_zoom=1.350|edge_zoom=0.932|bounds
746,674.6,400.0,centroid,0.30,671.1,360.0,451.9,0.0,438.4,779.3,1,199.0,0,0,shot_pb=1.00|flight_commit=1.00|pb_zfit|edge_zoom=0.924|bounds
747,675.6,400.3,centroid,0.30,672.1,360.0,452.9,0.0,438.4,779.3,1,199.0,0,1,shot_pb=1.00|flight_commit=1.00|pb_zfit|keepin_prop=0.00|keepin_zoom=1.350|edge_zoom=0.932|bounds
748,676.6,400.7,centroid,0.30,673.0,360.0,453.8,0.0,438.4,779.3,1,198.9,0,0,shot_pb=1.00|flight_commit=1.00|pb_zfit|edge_zoom=0.923|bounds
749,677.5,401.0,centroid,0.30,673.9,360.0,454.7,0.0,438.4,779.3,1,198.9,0,0,shot_pb=1.00|flight_commit=1.00|pb_zfit|edge_zoom=0.922|bounds
750,678.4,401.4,centroid,0.30,674.8,360.0,455.6,0.0,438.4,779.3,1,198.9,0,1,shot_pb=1.00|flight_commit=1.00|pb_zfit|keepin_prop=0.01|keepin_zoom=1.350|edge_zoom=0.930|bounds
751,679.3,401.8,centroid,0.30,675.6,360.0,456.5,0.0,438.4,779.3,1,198.8,0,0,shot_pb=1.00|flight_commit=1.00|pb_zfit|edge_zoom=0.921|bounds
752,680.2,402.1,centroid,0.30,676.4,360.0,457.3,0.0,438.4,779.3,1,198.7,0,1,shot_pb=1.00|flight_commit=1.00|pb_zfit|keepin_prop=0.00|keepin_zoom=1.350|edge_zoom=0.931|bounds
753,681.1,402.5,centroid,0.30,677.2,360.0,458.0,0.0,438.4,779.3,1,198.6,0,0,shot_pb=1.00|flight_commit=1.00|pb_zfit|edge_zoom=0.920|bounds
754,681.9,402.9,centroid,0.30,677.9,360.0,458.8,0.0,438.4,779.3,1,198.5,0,0,shot_pb=1.00|flight_commit=1.00|pb_zfit|edge_zoom=0.919|bounds
755,682.8,403.3,centroid,0.30,678.6,360.0,459.5,0.0,438.4,779.3,1,198.3,0,1,shot_pb=1.00|flight_commit=1.00|pb_zfit|keepin_prop=0.01|keepin_zoom=1.350|edge_zoom=0.930|bounds
756,683.7,403.8,centroid,0.30,679.3,360.0,460.1,0.0,438.4,779.3,1,198.1,0,0,shot_pb=1.00|flight_commit=1.00|pb_zfit|edge_zoom=0.918|bounds
757,684.6,404.2,centroid,0.30,680.0,360.0,460.8,0.0,438.4,779.3,1,197.9,0,1,shot_pb=1.00|flight_commit=1.00|pb_zfit|keepin_prop=0.00|keepin_zoom=1.350|edge_zoom=0.930|bounds
758,685.5,404.6,centroid,0.30,680.6,360.0,461.4,0.0,438.4,779.3,1,197.6,0,0,shot_pb=1.00|flight_commit=1.00|pb_zfit|edge_zoom=0.918|bounds
759,686.4,405.1,centroid,0.30,681.2,360.0,462.0,0.0,438.4,779.3,1,197.3,0,0,shot_pb=1.00|flight_commit=1.00|pb_zfit|edge_zoom=0.917|bounds
760,687.3,405.6,centroid,0.30,681.8,360.0,462.7,0.0,438.4,779.3,1,197.0,0,1,shot_pb=1.00|flight_commit=1.00|pb_zfit|keepin_prop=0.01|keepin_zoom=1.350|edge_zoom=0.929|bounds
761,688.3,406.0,centroid,0.30,682.5,360.0,463.3,0.0,438.4,779.3,1,196.7,0,0,shot_pb=1.00|flight_commit=1.00|pb_zfit|edge_zoom=0.917|bounds
762,689.2,406.5,centroid,0.30,683.1,360.0,463.9,0.0,438.4,779.3,1,196.4,0,1,shot_pb=1.00|flight_commit=1.00|pb_zfit|keepin_prop=0.00|keepin_zoom=1.350|edge_zoom=0.929|bounds
763,690.2,407.0,centroid,0.30,683.7,360.0,464.6,0.0,438.4,779.3,1,196.0,0,0,shot_pb=1.00|flight_commit=1.00|pb_zfit|edge_zoom=0.916|bounds
764,691.1,407.5,centroid,0.30,684.3,360.0,465.2,0.0,438.4,779.3,1,195.7,0,0,shot_pb=1.00|flight_commit=1.00|pb_zfit|edge_zoom=0.916|bounds
765,692.1,408.0,centroid,0.30,684.9,360.0,465.7,0.0,438.4,779.3,1,195.3,0,1,shot_pb=1.00|flight_commit=1.00|pb_zfit|keepin_prop=0.00|keepin_zoom=1.350|edge_zoom=0.928|bounds
766,693.1,408.5,centroid,0.30,685.5,360.0,466.3,0.0,438.4,779.3,1,194.9,0,0,shot_pb=1.00|flight_commit=1.00|person_ctx=4|pb_zfit|edge_zoom=0.916|bounds
767,694.0,409.0,centroid,0.30,685.9,360.0,466.7,0.0,438.4,779.3,1,194.4,0,1,shot_pb=1.00|flight_commit=1.00|pb_zfit|keepin_prop=0.00|keepin_zoom=1.350|edge_zoom=0.928|bounds
768,695.0,409.5,centroid,0.30,686.3,360.0,467.1,0.0,438.4,779.3,1,193.8,0,0,shot_pb=1.00|flight_commit=1.00|pb_zfit|edge_zoom=0.915|bounds
769,695.9,410.0,centroid,0.30,686.5,360.0,467.3,0.0,438.4,779.3,1,193.1,0,0,shot_pb=1.00|flight_commit=1.00|pb_zfit|edge_zoom=0.915|bounds
770,696.8,410.4,centroid,0.30,686.6,360.0,467.4,0.0,438.4,779.3,1,192.3,0,1,shot_pb=1.00|flight_commit=1.00|pb_zfit|keepin_prop=0.00|keepin_zoom=1.350|edge_zoom=0.927|bounds
771,697.7,410.9,centroid,0.30,686.6,360.0,467.4,0.0,438.4,779.3,1,191.4,0,0,shot_pb=1.00|flight_commit=1.00|pb_zfit|edge_zoom=0.914|bounds
772,698.6,411.4,centroid,0.30,686.4,360.0,467.2,0.0,438.4,779.3,1,190.3,0,0,shot_pb=1.00|flight_commit=1.00|pb_zfit|edge_zoom=0.914|bounds
773,699.4,411.8,centroid,0.30,686.1,360.0,467.0,0.0,438.4,779.3,1,189.2,0,1,shot_pb=1.00|flight_commit=1.00|pb_zfit|keepin_prop=0.01|keepin_zoom=1.350|edge_zoom=0.926|bounds
774,700.1,412.2,centroid,0.30,685.8,360.0,466.7,0.0,438.4,779.3,1,188.2,0,0,shot_pb=1.00|flight_commit=1.00|pb_zfit|edge_zoom=0.913|bounds
775,700.8,412.6,centroid,0.30,685.6,360.0,466.4,0.0,438.4,779.3,1,187.3,0,1,shot_pb=1.00|flight_commit=1.00|pb_zfit|keepin_prop=0.00|keepin_zoom=1.350|edge_zoom=0.926|bounds
