frame,ball_x,ball_y,source,confidence,cam_cx,cam_cy,crop_x0,crop_y0,crop_w,crop_h,ball_in_crop,dist_to_edge,speed_limited,keepinview,clamp_flags
0,755.4,390.9,centroid,0.30,813.5,540.0,484.7,0.0,657.5,1168.9,1,245.9,1,0,accel_zoom=0.856|flight_commit=1.00|edge_zoom=0.750|bounds|final_speed
1,769.3,390.0,centroid,0.30,820.6,540.0,491.8,0.0,657.5,1168.9,1,252.7,0,0,flight_commit=1.00|edge_zoom=0.946|bounds
2,798.8,388.0,blended,0.76,829.5,540.0,500.7,0.0,657.5,1168.9,1,273.3,0,0,shot_pb=0.00|flight_commit=1.00|edge_zoom=0.945|bounds
3,814.5,386.9,interp,0.38,839.9,540.0,511.2,0.0,657.5,1168.9,1,278.6,0,0,shot_pb=0.20|flight_commit=1.00|edge_zoom=0.945|bounds
4,827.4,386.0,interp,0.38,851.3,540.0,522.5,0.0,657.5,1168.9,1,280.1,0,0,shot_pb=0.40|flight_commit=1.00|edge_zoom=0.944|bounds
5,838.4,385.2,blended,0.78,863.0,540.0,534.2,0.0,657.5,1168.9,1,279.4,0,0,shot_pb=0.60|flight_commit=1.00|edge_zoom=0.944|bounds
6,849.9,384.3,interp,0.38,874.6,540.0,545.8,0.0,657.5,1168.9,1,279.3,0,0,shot_pb=0.80|flight_commit=1.00|edge_zoom=0.944|bounds
7,859.8,383.5,interp,0.38,885.8,540.0,557.0,0.0,657.5,1168.9,1,278.0,0,0,shot_pb=1.00|flight_commit=1.00|edge_zoom=0.943|bounds
8,868.9,382.8,interp,0.38,896.3,540.0,567.5,0.0,657.5,1168.9,1,276.6,0,0,shot_pb=1.00|flight_commit=1.00|edge_zoom=0.943|bounds
9,876.3,382.1,blended,0.77,906.1,540.0,577.3,0.0,657.5,1168.9,1,274.2,0,1,shot_pb=1.00|flight_commit=1.00|keepin_prop=0.01|keepin_zoom=1.350|edge_zoom=0.943|bounds
10,885.5,381.4,interp,0.38,915.1,540.0,586.3,0.0,657.5,1168.9,1,274.4,0,0,shot_pb=1.00|flight_commit=1.00|edge_zoom=0.942|bounds
11,893.2,380.7,interp,0.38,923.3,540.0,594.5,0.0,657.5,1168.9,1,273.9,0,1,shot_pb=1.00|flight_commit=1.00|keepin_prop=0.03|keepin_zoom=1.350|edge_zoom=0.941|bounds
12,900.6,380.0,interp,0.38,930.8,540.0,602.0,0.0,657.5,1168.9,1,273.8,0,0,shot_pb=1.00|flight_commit=1.00|edge_zoom=0.941|bounds
13,907.7,379.4,interp,0.38,937.8,540.0,609.0,0.0,657.5,1168.9,1,273.9,0,1,shot_pb=1.00|flight_commit=1.00|keepin_prop=0.07|keepin_zoom=1.350|edge_zoom=0.937|bounds
14,914.7,378.7,interp,0.38,944.3,540.0,615.6,0.0,657.5,1168.9,1,274.4,0,1,shot_pb=1.00|flight_commit=1.00|keepin_prop=0.00|keepin_zoom=1.350|edge_zoom=0.943|bounds
15,921.7,378.0,interp,0.38,950.6,540.0,621.9,0.0,657.5,1168.9,1,275.1,0,0,shot_pb=1.00|flight_commit=1.00|edge_zoom=0.939|bounds
16,927.6,377.4,blended,0.76,956.8,540.0,628.0,0.0,657.5,1168.9,1,274.8,0,1,shot_pb=1.00|flight_commit=1.00|keepin_prop=0.07|keepin_zoom=1.350|edge_zoom=0.936|bounds
17,934.7,376.7,blended,0.74,962.9,540.0,634.2,0.0,657.5,1168.8,1,275.8,0,1,shot_pb=1.00|flight_commit=1.00|keepin_prop=0.00|keepin_zoom=1.350|edge_zoom=0.942|bounds
18,945.4,375.6,interp,0.38,969.1,540.0,640.4,0.0,657.4,1168.8,1,280.3,0,0,shot_pb=1.00|flight_commit=1.00|edge_zoom=0.938|bounds
19,954.3,374.7,interp,0.38,975.4,540.0,646.7,0.0,657.4,1168.7,1,282.9,0,1,shot_pb=1.00|flight_commit=1.00|keepin_prop=0.05|keepin_zoom=1.350|edge_zoom=0.937|bounds
20,963.3,373.8,interp,0.38,981.9,540.0,653.2,0.0,657.3,1168.6,1,285.4,0,1,shot_pb=1.00|flight_commit=1.00|keepin_prop=0.00|keepin_zoom=1.350|edge_zoom=0.941|bounds
21,972.4,372.9,interp,0.38,988.5,540.0,659.9,0.0,657.3,1168.5,1,287.9,0,0,shot_pb=1.00|flight_commit=1.00|edge_zoom=0.937|bounds
22,981.7,372.0,interp,0.38,995.3,540.0,666.7,0.0,657.2,1168.4,1,290.4,0,1,shot_pb=1.00|flight_commit=1.00|keepin_prop=0.04|keepin_zoom=1.350|edge_zoom=0.937|bounds
23,991.0,371.1,interp,0.38,1002.3,540.0,673.7,0.0,657.2,1168.3,1,292.7,0,0,shot_pb=1.00|flight_commit=1.00|edge_zoom=0.937|bounds
24,1000.3,370.2,interp,0.38,1009.5,540.0,680.9,0.0,657.1,1168.2,1,294.8,0,1,shot_pb=1.00|flight_commit=1.00|keepin_prop=0.10|keepin_zoom=1.350|edge_zoom=0.931|bounds
25,1009.8,369.4,interp,0.38,1016.7,540.0,688.2,0.0,657.1,1168.2,1,297.1,0,1,shot_pb=1.00|flight_commit=1.00|keepin_prop=0.00|keepin_zoom=1.350|edge_zoom=0.939|bounds
26,1019.2,368.5,interp,0.38,1024.1,540.0,695.6,0.0,657.1,1168.1,1,299.1,0,0,shot_pb=1.00|flight_commit=1.00|edge_zoom=0.936|bounds
27,1028.7,367.8,interp,0.38,1031.6,540.0,703.1,0.0,657.0,1168.1,1,301.1,0,1,shot_pb=1.00|flight_commit=1.00|keepin_prop=0.05|keepin_zoom=1.350|edge_zoom=0.934|bounds
28,1038.3,367.1,interp,0.38,1039.1,540.0,710.6,0.0,657.0,1168.1,1,303.2,0,1,shot_pb=1.00|flight_commit=1.00|keepin_prop=0.00|keepin_zoom=1.350|edge_zoom=0.939|bounds
29,1047.8,366.4,interp,0.38,1046.8,540.0,718.2,0.0,657.0,1168.1,1,303.0,0,0,shot_pb=1.00|flight_commit=1.00|edge_zoom=0.936|bounds
30,1057.3,365.8,interp,0.38,1054.4,540.0,725.9,0.0,657.1,1168.1,1,301.1,0,1,shot_pb=1.00|flight_commit=1.00|keepin_prop=0.04|keepin_zoom=1.350|edge_zoom=0.934|bounds
31,1066.8,365.3,interp,0.38,1062.1,540.0,733.5,0.0,657.1,1168.2,1,299.3,0,0,shot_pb=1.00|flight_commit=1.00|person_ctx=4|edge_zoom=0.936|bounds
32,1076.3,364.9,interp,0.38,1069.8,540.0,741.2,0.0,657.2,1168.3,1,297.5,0,1,shot_pb=1.00|flight_commit=1.00|person_ctx=4|keepin_prop=0.08|keepin_zoom=1.350|edge_zoom=0.931|bounds
33,1085.7,364.6,interp,0.38,1077.5,540.0,748.8,0.0,657.2,1168.4,1,295.8,0,1,shot_pb=1.00|flight_commit=1.00|person_ctx=4|keepin_prop=0.00|keepin_zoom=1.350|edge_zoom=0.937|bounds
34,1095.1,364.4,interp,0.38,1085.1,540.0,756.5,0.0,657.3,1168.5,1,294.0,0,0,shot_pb=1.00|flight_commit=1.00|person_ctx=4|edge_zoom=0.937|bounds
35,1104.4,364.4,yolo,0.43,1092.7,540.0,764.0,0.0,657.3,1168.6,1,292.3,0,1,shot_pb=1.00|flight_commit=1.00|person_ctx=4|keepin_prop=0.04|keepin_zoom=1.350|edge_zoom=0.934|bounds
36,1113.2,364.6,interp,0.38,1100.2,540.0,771.5,0.0,657.3,1168.6,1,291.0,0,0,shot_pb=1.00|flight_commit=1.00|person_ctx=4|edge_zoom=0.939|bounds
37,1122.1,365.0,yolo,0.40,1107.6,540.0,779.0,0.0,657.4,1168.6,1,289.5,0,1,shot_pb=1.00|flight_commit=1.00|person_ctx=4|keepin_prop=0.09|keepin_zoom=1.350|edge_zoom=0.930|bounds
38,1131.5,365.7,yolo,0.45,1115.0,540.0,786.3,0.0,657.4,1168.6,1,287.5,0,1,shot_pb=1.00|flight_commit=1.00|person_ctx=4|keepin_prop=0.00|keepin_zoom=1.350|edge_zoom=0.938|bounds
39,1141.1,366.6,yolo,0.40,1122.2,540.0,793.5,0.0,657.3,1168.6,1,285.1,0,0,shot_pb=1.00|flight_commit=1.00|person_ctx=4|edge_zoom=0.941|bounds
40,1150.9,367.5,yolo,0.41,1129.2,540.0,800.6,0.0,657.3,1168.5,1,282.3,0,1,shot_pb=1.00|flight_commit=1.00|person_ctx=4|keepin_prop=0.04|keepin_zoom=1.350|edge_zoom=0.935|bounds
41,1160.4,368.3,interp,0.38,1136.1,540.0,807.5,0.0,657.2,1168.4,1,279.7,0,0,shot_pb=1.00|flight_commit=1.00|person_ctx=4|edge_zoom=0.942|bounds
42,1169.8,369.1,yolo,0.43,1142.7,540.0,814.1,0.0,657.1,1168.2,1,276.9,0,1,shot_pb=1.00|flight_commit=1.00|person_ctx=4|keepin_prop=0.08|keepin_zoom=1.350|edge_zoom=0.932|bounds
43,1179.7,369.8,yolo,0.43,1148.9,540.0,820.4,0.0,657.0,1168.0,1,273.2,0,1,shot_pb=1.00|flight_commit=1.00|person_ctx=4|keepin_prop=0.00|keepin_zoom=1.350|edge_zoom=0.939|bounds
44,1189.3,370.5,yolo,0.38,1154.8,540.0,826.4,0.0,656.8,1167.7,1,269.5,0,0,shot_pb=1.00|flight_commit=1.00|person_ctx=4|edge_zoom=0.942|bounds
45,1198.7,371.1,yolo,0.41,1160.2,540.0,831.9,0.0,656.7,1167.5,1,265.5,0,1,shot_pb=1.00|flight_commit=1.00|person_ctx=4|keepin_prop=0.04|keepin_zoom=1.350|edge_zoom=0.936|bounds
46,1207.7,371.8,yolo,0.42,1165.1,540.0,836.8,0.0,656.6,1167.3,1,261.4,0,0,shot_pb=1.00|flight_commit=1.00|person_ctx=4|edge_zoom=0.943|bounds
47,1216.2,372.4,yolo,0.46,1169.1,540.0,840.9,0.0,656.5,1167.1,1,256.9,0,1,shot_pb=1.00|flight_commit=1.00|keepin_prop=0.11|keepin_zoom=1.350|edge_zoom=0.931|bounds
48,1224.1,373.2,yolo,0.44,1172.3,540.0,844.1,0.0,656.4,1167.0,1,252.2,0,1,shot_pb=1.00|flight_commit=1.00|keepin_prop=0.00|keepin_zoom=1.350|edge_zoom=0.940|bounds
49,1229.7,373.7,interp,0.38,1174.5,540.0,846.3,0.0,656.4,1167.0,1,248.8,0,0,shot_pb=1.00|flight_commit=1.00|edge_zoom=0.944|bounds
50,1234.8,374.2,interp,0.38,1175.5,540.0,847.2,0.0,656.4,1167.0,1,244.7,0,1,shot_pb=1.00|flight_commit=1.00|pb_zfit|keepin_prop=0.08|keepin_zoom=1.350|edge_zoom=0.935|bounds
51,1239.8,374.8,interp,0.38,1175.0,540.0,846.8,0.0,656.5,1167.1,1,239.2,0,1,shot_pb=1.00|flight_commit=1.00|pb_zfit|keepin_prop=0.00|keepin_zoom=1.350|edge_zoom=0.941|bounds
52,1244.8,375.4,interp,0.38,1173.1,540.0,844.8,0.0,656.6,1167.3,1,232.3,0,0,shot_pb=1.00|flight_commit=1.00|person_ctx=4|edge_zoom=0.946|bounds
53,1256.9,376.5,interp,0.38,1169.5,540.0,841.2,0.0,656.7,1167.5,1,216.6,0,1,shot_pb=1.00|flight_commit=1.00|person_ctx=3|keepin_prop=0.04|keepin_zoom=1.350|edge_zoom=0.939|bounds
54,1262.1,377.1,interp,0.38,1164.3,540.0,835.9,0.0,656.9,1167.7,1,206.2,0,1,shot_pb=1.00|flight_commit=1.00|person_ctx=4|pb_zfit|keepin_prop=0.00|keepin_zoom=1.350|edge_zoom=0.942|bounds
55,1266.0,377.7,interp,0.38,1157.4,540.0,828.9,0.0,657.0,1168.0,1,195.4,0,0,shot_pb=1.00|flight_commit=1.00|pb_zfit|edge_zoom=0.947|bounds
56,1268.4,378.2,interp,0.38,1148.9,540.0,820.3,0.0,657.1,1168.2,1,184.5,0,1,shot_pb=1.00|flight_commit=1.00|pb_zfit|keepin_prop=0.08|keepin_zoom=1.350|edge_zoom=0.936|bounds
57,1269.4,378.6,interp,0.38,1138.9,540.0,810.3,0.0,657.2,1168.4,1,173.5,0,1,shot_pb=1.00|flight_commit=1.00|pb_zfit|keepin_prop=0.00|keepin_zoom=1.350|edge_zoom=0.943|bounds
58,1268.8,378.9,interp,0.38,1127.7,540.0,799.1,0.0,657.3,1168.5,1,162.9,0,0,shot_pb=1.00|flight_commit=1.00|person_ctx=4|edge_zoom=0.959|bounds
59,1266.5,379.1,interp,0.38,1115.5,540.0,786.8,0.0,657.4,1168.7,1,153.0,0,0,shot_pb=1.00|flight_commit=1.00|person_ctx=4|edge_zoom=0.947|bounds
60,1262.5,379.3,interp,0.38,1102.5,540.0,773.7,0.0,657.4,1168.8,1,144.0,0,1,shot_pb=1.00|flight_commit=1.00|person_ctx=3|keepin_prop=0.03|keepin_zoom=1.350|edge_zoom=0.941|bounds
61,1256.4,379.3,interp,0.38,1088.9,540.0,760.2,0.0,657.5,1168.8,1,136.5,0,0,shot_pb=1.00|flight_commit=1.00|person_ctx=4|edge_zoom=0.944|bounds
62,1248.3,379.3,interp,0.38,1075.0,540.0,746.3,0.0,657.5,1168.9,1,130.7,0,1,shot_pb=1.00|flight_commit=1.00|person_ctx=3|keepin_prop=0.09|keepin_zoom=1.350|edge_zoom=0.936|bounds
63,1237.9,379.1,interp,0.38,1061.1,540.0,732.3,0.0,657.5,1168.9,1,127.2,0,1,shot_pb=1.00|flight_commit=1.00|person_ctx=4|keepin_prop=0.00|keepin_zoom=1.350|edge_zoom=0.943|bounds
64,1224.9,378.9,interp,0.38,1047.2,540.0,718.4,0.0,657.5,1168.9,1,126.3,0,0,shot_pb=1.00|flight_commit=1.00|person_ctx=4|edge_zoom=0.942|bounds
65,1209.2,378.5,interp,0.38,1033.5,540.0,704.8,0.0,657.5,1168.9,1,128.3,0,1,shot_pb=1.00|flight_commit=1.00|person_ctx=4|keepin_prop=0.03|keepin_zoom=1.350|edge_zoom=0.941|bounds
66,1168.1,378.4,blended,0.76,1020.2,540.0,691.4,0.0,657.5,1168.9,1,156.1,0,0,accel_zoom=0.873|shot_pb=1.00|flight_commit=1.00|edge_zoom=0.943|bounds
67,1154.4,375.9,yolo,0.35,1007.2,540.0,678.4,0.0,657.5,1168.9,1,156.8,0,1,shot_pb=1.00|flight_commit=1.00|keepin_prop=0.01|keepin_zoom=1.350|edge_zoom=0.941|bounds
68,1138.4,375.5,yolo,0.32,994.7,540.0,666.0,0.0,657.5,1168.9,1,160.3,0,0,shot_pb=1.00|flight_commit=1.00|person_ctx=3|edge_zoom=0.941|bounds
69,1123.2,375.1,yolo,0.31,982.8,540.0,654.0,0.0,657.5,1168.9,1,163.6,0,1,shot_pb=1.00|flight_commit=1.00|keepin_prop=0.03|keepin_zoom=1.350|edge_zoom=0.939|bounds
70,1109.0,374.7,yolo,0.36,971.4,540.0,642.7,0.0,657.5,1168.9,1,166.4,0,0,shot_pb=1.00|flight_commit=1.00|edge_zoom=0.940|bounds
71,1096.1,374.2,interp,0.38,960.7,540.0,632.0,0.0,657.5,1168.9,1,168.6,0,1,shot_pb=1.00|flight_commit=1.00|person_ctx=4|keepin_prop=0.06|keepin_zoom=1.350|edge_zoom=0.936|bounds
72,1083.9,373.7,interp,0.38,950.6,540.0,621.9,0.0,657.5,1168.9,1,170.7,0,0,shot_pb=1.00|flight_commit=1.00|person_ctx=3|edge_zoom=0.940|bounds
73,1072.5,373.3,interp,0.38,941.2,540.0,612.4,0.0,657.5,1168.9,1,172.7,0,1,shot_pb=1.00|flight_commit=1.00|person_ctx=4|keepin_prop=0.08|keepin_zoom=1.350|edge_zoom=0.934|bounds
74,1061.7,372.9,yolo,0.36,932.4,540.0,603.6,0.0,657.5,1168.9,1,174.7,0,1,shot_pb=1.00|flight_commit=1.00|person_ctx=4|keepin_prop=0.00|keepin_zoom=1.350|edge_zoom=0.941|bounds
75,1050.6,372.4,yolo,0.45,924.2,540.0,595.4,0.0,657.5,1168.9,1,177.6,0,0,shot_pb=1.00|flight_commit=1.00|person_ctx=3|edge_zoom=0.939|bounds
76,1040.9,372.2,interp,0.38,916.6,540.0,587.8,0.0,657.5,1168.8,1,179.7,0,1,shot_pb=1.00|flight_commit=1.00|person_ctx=4|keepin_prop=0.04|keepin_zoom=1.350|edge_zoom=0.937|bounds
77,1031.7,372.1,interp,0.38,909.5,540.0,580.8,0.0,657.4,1168.7,1,181.8,0,0,shot_pb=1.00|flight_commit=1.00|person_ctx=4|edge_zoom=0.940|bounds
78,1023.0,372.1,interp,0.38,902.9,540.0,574.2,0.0,657.3,1168.6,1,183.9,0,1,shot_pb=1.00|flight_commit=1.00|person_ctx=4|keepin_prop=0.09|keepin_zoom=1.350|edge_zoom=0.933|bounds
79,1014.6,372.1,yolo,0.40,896.7,540.0,568.1,0.0,657.2,1168.4,1,186.1,0,1,shot_pb=1.00|flight_commit=1.00|keepin_prop=0.01|keepin_zoom=1.350|edge_zoom=0.940|bounds
80,1006.4,372.4,interp,0.38,891.0,540.0,562.5,0.0,657.1,1168.1,1,188.6,0,0,shot_pb=1.00|flight_commit=1.00|edge_zoom=0.942|bounds
81,998.6,372.7,yolo,0.44,885.8,540.0,557.4,0.0,656.9,1167.8,1,191.2,0,1,shot_pb=1.00|flight_commit=1.00|keepin_prop=0.07|keepin_zoom=1.350|edge_zoom=0.935|bounds
82,990.8,373.3,yolo,0.41,881.1,540.0,552.8,0.0,656.6,1167.3,1,194.3,0,1,shot_pb=1.00|flight_commit=1.00|keepin_prop=0.00|keepin_zoom=1.350|edge_zoom=0.941|bounds
83,984.1,373.8,interp,0.38,876.9,540.0,548.7,0.0,656.2,1166.6,1,196.8,0,0,shot_pb=1.00|flight_commit=1.00|edge_zoom=0.943|bounds
84,978.0,374.3,interp,0.38,873.2,540.0,545.4,0.0,655.8,1165.8,1,199.2,0,1,shot_pb=1.00|flight_commit=1.00|keepin_prop=0.06|keepin_zoom=1.350|edge_zoom=0.936|bounds
85,972.2,374.8,yolo,0.36,870.4,540.0,542.8,0.0,655.2,1164.7,1,202.2,0,1,shot_pb=1.00|flight_commit=1.00|keepin_prop=0.00|keepin_zoom=1.350|edge_zoom=0.941|bounds
86,966.9,375.4,interp,0.38,868.3,540.0,541.1,0.0,654.4,1163.4,1,205.4,0,0,shot_pb=1.00|flight_commit=1.00|edge_zoom=0.945|bounds
87,962.0,376.0,yolo,0.35,867.3,540.0,540.5,0.0,653.6,1161.9,1,209.3,0,1,shot_pb=1.00|flight_commit=1.00|keepin_prop=0.07|keepin_zoom=1.350|edge_zoom=0.936|bounds
88,957.6,376.7,interp,0.38,867.4,540.0,541.2,0.0,652.6,1160.1,1,213.8,0,1,shot_pb=1.00|flight_commit=1.00|keepin_prop=0.00|keepin_zoom=1.350|edge_zoom=0.942|bounds
89,953.7,377.4,yolo,0.33,868.9,540.0,543.2,0.0,651.4,1158.1,1,219.2,0,0,shot_pb=1.00|flight_commit=1.00|edge_zoom=0.949|bounds
90,950.1,378.2,yolo,0.33,871.8,540.0,546.7,0.0,650.3,1156.0,1,225.7,0,1,shot_pb=1.00|flight_commit=1.00|keepin_prop=0.07|keepin_zoom=1.350|edge_zoom=0.937|bounds
91,947.6,379.0,interp,0.38,876.2,540.0,551.7,0.0,649.1,1153.9,1,232.6,0,1,shot_pb=1.00|flight_commit=1.00|keepin_prop=0.00|keepin_zoom=1.350|edge_zoom=0.943|bounds
92,945.7,379.9,interp,0.38,882.2,540.0,558.2,0.0,648.0,1151.9,1,240.5,0,0,shot_pb=1.00|flight_commit=1.00|person_ctx=4|edge_zoom=0.958|bounds
93,944.5,380.8,interp,0.38,889.5,540.0,566.0,0.0,647.0,1150.2,1,249.0,0,1,shot_pb=1.00|flight_commit=1.00|person_ctx=4|keepin_prop=0.01|keepin_zoom=1.350|edge_zoom=0.947|bounds
94,944.0,381.8,interp,0.38,898.0,540.0,574.9,0.0,646.3,1148.9,1,258.0,0,0,shot_pb=1.00|flight_commit=1.00|person_ctx=4|edge_zoom=0.993|bounds
95,944.3,382.8,interp,0.38,907.5,540.0,584.6,0.0,645.8,1148.1,1,267.2,0,0,shot_pb=1.00|flight_commit=1.00|edge_zoom=0.977|bounds
96,945.5,384.0,interp,0.38,917.6,540.0,594.8,0.0,645.7,1148.0,1,276.1,0,0,shot_pb=1.00|flight_commit=1.00|edge_zoom=0.969|bounds
97,947.6,385.2,interp,0.38,927.9,540.0,605.0,0.0,646.0,1148.4,1,284.3,0,0,shot_pb=1.00|flight_commit=1.00|edge_zoom=0.963|bounds
98,950.7,386.6,interp,0.38,938.0,540.0,614.8,0.0,646.5,1149.4,1,291.3,0,1,shot_pb=1.00|flight_commit=1.00|keepin_prop=0.01|keepin_zoom=1.350|edge_zoom=0.946|bounds
99,954.9,388.1,interp,0.38,947.5,540.0,623.8,0.0,647.3,1150.8,1,296.6,0,0,shot_pb=1.00|flight_commit=1.00|person_ctx=4|edge_zoom=0.958|bounds
100,960.4,389.8,yolo,0.30,955.8,540.0,631.6,0.0,648.4,1152.7,1,299.4,0,1,shot_pb=1.00|flight_commit=1.00|keepin_prop=0.07|keepin_zoom=1.350|edge_zoom=0.942|bounds
101,974.2,393.6,centroid,0.22,962.7,540.0,638.0,0.0,649.5,1154.7,1,292.5,0,0,shot_pb=1.00|flight_commit=1.00|edge_zoom=0.958|bounds
102,982.2,395.0,centroid,0.23,967.9,540.0,642.5,0.0,650.7,1156.9,1,289.7,0,1,shot_pb=1.00|flight_commit=1.00|keepin_prop=0.10|keepin_zoom=1.350|edge_zoom=0.942|bounds
103,989.8,396.2,centroid,0.23,971.1,540.0,645.2,0.0,651.9,1158.9,1,285.3,0,1,shot_pb=1.00|flight_commit=1.00|person_ctx=4|keepin_prop=0.00|keepin_zoom=1.350|edge_zoom=0.949|bounds
104,997.0,397.1,centroid,0.23,972.2,540.0,645.7,0.0,653.0,1160.9,1,279.2,0,0,shot_pb=1.00|flight_commit=1.00|person_ctx=4|edge_zoom=0.954|bounds
105,1003.4,397.9,centroid,0.24,971.0,540.0,644.0,0.0,654.0,1162.6,1,271.6,0,1,shot_pb=1.00|flight_commit=1.00|keepin_prop=0.07|keepin_zoom=1.350|edge_zoom=0.945|bounds
106,1008.9,398.4,centroid,0.24,967.7,540.0,640.3,0.0,654.8,1164.1,1,262.8,0,1,shot_pb=1.00|flight_commit=1.00|keepin_prop=0.00|keepin_zoom=1.350|edge_zoom=0.950|bounds
107,1013.2,398.9,centroid,0.24,962.2,540.0,634.5,0.0,655.5,1165.4,1,253.0,0,0,shot_pb=1.00|conf_zoom=0.69|conf_speed=0.83|edge_zoom=0.954|bounds
108,1016.2,399.3,centroid,0.25,954.8,540.0,626.8,0.0,656.1,1166.4,1,242.6,0,1,shot_pb=1.00|conf_zoom=0.69|keepin_prop=0.06|keepin_zoom=1.350|edge_zoom=0.946|bounds
109,1017.6,399.6,centroid,0.25,945.6,540.0,617.4,0.0,656.5,1167.1,1,232.0,0,1,shot_pb=1.00|conf_zoom=0.69|keepin_prop=0.00|keepin_zoom=1.350|conf_speed=0.83|edge_zoom=0.951|bounds
110,1017.3,399.9,centroid,0.25,934.9,540.0,606.5,0.0,656.8,1167.7,1,221.6,0,0,shot_pb=1.00|conf_zoom=0.69|conf_speed=0.83|edge_zoom=0.975|bounds
111,1015.1,400.2,centroid,0.26,923.0,540.0,594.5,0.0,657.0,1168.1,1,211.9,0,0,shot_pb=1.00|conf_zoom=0.69|conf_speed=0.83|edge_zoom=0.956|bounds
112,1010.9,400.5,centroid,0.26,910.1,540.0,581.6,0.0,657.2,1168.3,1,203.2,0,1,shot_pb=1.00|conf_zoom=0.69|person_ctx=4|keepin_prop=0.01|keepin_zoom=1.350|conf_speed=0.83|edge_zoom=0.951|bounds
113,1004.5,401.0,centroid,0.26,896.5,540.0,567.9,0.0,657.2,1168.4,1,196.0,0,0,shot_pb=1.00|conf_zoom=0.69|conf_speed=0.83|edge_zoom=0.954|bounds
114,996.0,401.6,centroid,0.27,882.3,540.0,553.7,0.0,657.2,1168.4,1,190.3,0,1,shot_pb=1.00|conf_zoom=0.69|keepin_prop=0.07|keepin_zoom=1.350|edge_zoom=0.947|bounds
115,985.2,402.3,centroid,0.27,867.7,540.0,539.1,0.0,657.1,1168.3,1,186.5,0,1,shot_pb=1.00|conf_zoom=0.69|person_ctx=2|keepin_prop=0.00|keepin_zoom=1.350|conf_speed=0.83|edge_zoom=0.952|bounds
116,972.1,403.3,centroid,0.27,852.8,540.0,524.3,0.0,657.0,1168.0,1,184.7,0,0,shot_pb=1.00|conf_zoom=0.69|conf_speed=0.83|edge_zoom=0.955|bounds
117,956.8,404.4,centroid,0.28,837.5,540.0,509.1,0.0,656.9,1167.7,1,184.7,0,1,shot_pb=1.00|conf_zoom=0.69|keepin_prop=0.02|keepin_zoom=1.350|edge_zoom=0.951|bounds
118,939.3,405.7,centroid,0.28,821.9,540.0,493.6,0.0,656.6,1167.3,1,186.6,0,0,shot_pb=1.00|conf_zoom=0.70|conf_speed=0.83|edge_zoom=0.956|bounds
119,919.7,407.3,centroid,0.28,806.0,540.0,477.8,0.0,656.4,1166.9,1,190.3,0,1,shot_pb=1.00|flight_commit=1.00|keepin_prop=0.01|keepin_zoom=1.350|edge_zoom=0.953|bounds
120,898.1,409.2,centroid,0.29,789.6,540.0,461.6,0.0,656.1,1166.4,1,195.5,0,0,accel_zoom=0.943|shot_pb=1.00|flight_commit=1.00|edge_zoom=0.957|bounds
121,874.7,411.4,centroid,0.29,772.7,540.0,444.8,0.0,655.8,1165.9,1,202.0,0,0,accel_zoom=0.942|shot_pb=1.00|flight_commit=1.00|edge_zoom=0.960|bounds
122,850.0,413.9,centroid,0.30,755.2,540.0,427.5,0.0,655.5,1165.4,1,209.2,0,0,shot_pb=1.00|flight_commit=1.00|edge_zoom=0.971|bounds
123,823.4,416.6,centroid,0.30,737.2,540.0,409.5,0.0,655.3,1165.0,1,217.8,0,0,shot_pb=1.00|flight_commit=1.00|edge_zoom=0.973|bounds
124,795.6,419.7,centroid,0.30,718.5,540.0,391.0,0.0,655.1,1164.7,1,226.9,0,0,shot_pb=1.00|flight_commit=1.00|edge_zoom=0.971|bounds
125,767.1,423.1,centroid,0.30,699.4,540.0,371.9,0.0,655.0,1164.5,1,236.3,0,0,flight_commit=1.00|edge_zoom=0.982|bounds
126,738.1,426.9,centroid,0.30,679.7,540.0,352.3,0.0,655.0,1164.4,1,245.6,0,0,flight_commit=1.00|edge_zoom=0.968|bounds
127,708.8,431.1,centroid,0.30,659.8,540.0,332.3,0.0,655.0,1164.5,1,255.0,0,0,shot_pb=1.00|flight_commit=1.00|edge_zoom=0.958|bounds
128,679.7,435.7,centroid,0.30,639.6,540.0,312.0,0.0,655.1,1164.6,1,263.9,0,0,accel_zoom=0.939|shot_pb=1.00|flight_commit=1.00|edge_zoom=0.969|bounds
129,650.8,440.7,centroid,0.30,619.3,540.0,291.8,0.0,655.1,1164.7,1,272.5,0,0,accel_zoom=0.936|shot_pb=1.00|flight_commit=1.00|edge_zoom=0.972|bounds
130,622.5,446.1,centroid,0.30,599.1,540.0,271.5,0.0,655.2,1164.8,1,280.6,0,1,accel_zoom=0.935|shot_pb=1.00|flight_commit=1.00|keepin_prop=0.01|keepin_zoom=1.350|edge_zoom=0.968|bounds
131,594.9,452.0,centroid,0.30,579.2,540.0,251.6,0.0,655.2,1164.8,1,288.3,0,0,accel_zoom=0.935|shot_pb=1.00|flight_commit=1.00|edge_zoom=0.978|bounds
132,568.2,458.3,centroid,0.30,559.6,540.0,232.0,0.0,655.2,1164.7,1,295.4,0,1,accel_zoom=0.935|shot_pb=1.00|flight_commit=1.00|keepin_prop=0.00|keepin_zoom=1.350|edge_zoom=0.973|bounds
133,542.5,465.1,centroid,0.30,540.4,540.0,212.9,0.0,655.0,1164.5,1,301.9,0,0,accel_zoom=0.935|shot_pb=1.00|flight_commit=1.00|edge_zoom=0.985|bounds
134,518.0,472.4,centroid,0.30,521.8,540.0,194.4,0.0,654.8,1164.2,1,300.2,0,1,accel_zoom=0.935|shot_pb=1.00|flight_commit=1.00|keepin_prop=0.00|keepin_zoom=1.350|edge_zoom=0.979|bounds
135,494.7,480.3,centroid,0.30,503.8,540.0,176.5,0.0,654.6,1163.8,1,294.9,0,0,accel_zoom=0.935|shot_pb=1.00|flight_commit=1.00|edge_zoom=0.993|bounds
136,472.7,488.6,centroid,0.30,486.5,540.0,159.3,0.0,654.4,1163.3,1,290.2,0,1,accel_zoom=0.935|shot_pb=1.00|flight_commit=1.00|keepin_prop=0.00|keepin_zoom=1.350|edge_zoom=0.985|bounds
137,452.1,497.4,centroid,0.30,469.9,540.0,142.8,0.0,654.1,1162.9,1,286.2,0,0,shot_pb=1.00|flight_commit=1.00|edge_zoom=0.998|bounds
138,432.8,506.8,centroid,0.30,454.1,540.0,127.2,0.0,653.9,1162.6,1,282.7,0,1,shot_pb=1.00|flight_commit=1.00|keepin_prop=0.00|keepin_zoom=1.350|edge_zoom=0.992|bounds
139,414.8,516.7,centroid,0.30,439.2,540.0,112.3,0.0,653.8,1162.3,1,279.6,0,0,shot_pb=1.00|flight_commit=1.00|edge_zoom=0.988|bounds
140,398.2,527.1,centroid,0.30,425.2,540.0,98.3,0.0,653.8,1162.3,1,277.0,0,1,shot_pb=1.00|flight_commit=1.00|keepin_prop=0.00|keepin_zoom=1.350|bounds
141,382.9,537.9,centroid,0.30,412.3,540.0,85.3,0.0,653.9,1162.4,1,274.6,0,0,shot_pb=1.00|flight_commit=1.00|edge_zoom=0.976|bounds
142,368.9,549.2,centroid,0.30,400.4,540.0,73.3,0.0,654.1,1162.8,1,272.5,0,0,shot_pb=1.00|flight_commit=1.00|edge_zoom=0.970|bounds
143,356.2,561.0,centroid,0.30,389.6,540.0,62.5,0.0,654.3,1163.2,1,270.6,0,1,shot_pb=1.00|flight_commit=1.00|keepin_prop=0.01|keepin_zoom=1.350|edge_zoom=0.989|bounds
144,344.7,573.2,centroid,0.30,380.1,540.0,52.7,0.0,654.6,1163.8,1,268.6,0,0,shot_pb=1.00|flight_commit=1.00|edge_zoom=0.958|bounds
145,334.4,585.8,centroid,0.30,371.7,540.0,44.2,0.0,655.0,1164.5,1,266.7,0,0,shot_pb=1.00|flight_commit=1.00|edge_zoom=0.952|bounds
146,325.2,598.7,centroid,0.30,364.7,540.0,37.0,0.0,655.4,1165.2,1,264.5,0,1,shot_pb=1.00|flight_commit=1.00|keepin_prop=0.00|keepin_zoom=1.350|edge_zoom=0.973|bounds
147,317.1,611.9,centroid,0.30,358.9,540.0,31.0,0.0,655.8,1165.8,1,262.2,0,0,shot_pb=1.00|flight_commit=1.00|edge_zoom=0.939|bounds
148,310.1,625.4,centroid,0.30,354.3,540.0,26.3,0.0,656.2,1166.5,1,259.8,0,0,shot_pb=1.00|flight_commit=1.00|edge_zoom=0.932|bounds
149,304.0,639.0,centroid,0.30,351.0,540.0,22.8,0.0,656.5,1167.1,1,257.0,0,0,shot_pb=1.00|flight_commit=1.00|edge_zoom=0.926|bounds
150,298.9,652.9,centroid,0.30,348.8,540.0,20.4,0.0,656.7,1167.5,1,254.1,0,0,shot_pb=1.00|flight_commit=1.00|edge_zoom=0.920|bounds
151,294.5,666.9,centroid,0.30,347.7,540.0,19.2,0.0,657.0,1167.9,1,250.8,0,0,shot_pb=1.00|flight_commit=1.00|edge_zoom=0.914|bounds
152,291.0,680.9,centroid,0.30,347.5,540.0,18.9,0.0,657.1,1168.2,1,247.5,0,0,shot_pb=1.00|flight_commit=1.00|edge_zoom=0.908|bounds
153,288.0,695.0,centroid,0.30,348.2,540.0,19.5,0.0,657.3,1168.5,1,243.8,0,0,shot_pb=1.00|flight_commit=1.00|edge_zoom=0.902|bounds
154,285.7,709.1,centroid,0.30,349.6,540.0,20.9,0.0,657.4,1168.6,1,240.1,1,0,shot_pb=1.00|flight_commit=1.00|speed|edge_zoom=0.902|bounds
155,283.9,723.0,centroid,0.30,351.5,540.0,22.8,0.0,657.4,1168.8,1,236.4,1,0,shot_pb=1.00|flight_commit=1.00|speed|edge_zoom=0.902|bounds
156,282.5,736.8,centroid,0.30,354.0,540.0,25.3,0.0,657.5,1168.8,1,232.5,1,0,shot_pb=1.00|flight_commit=1.00|speed|edge_zoom=0.902|bounds
157,281.5,750.4,centroid,0.30,356.8,540.0,28.0,0.0,657.5,1168.9,1,228.7,1,0,shot_pb=1.00|flight_commit=1.00|speed|edge_zoom=0.902|bounds
158,280.7,763.7,centroid,0.30,359.7,540.0,31.0,0.0,657.5,1168.9,1,225.0,1,0,shot_pb=1.00|flight_commit=1.00|speed|edge_zoom=0.902|bounds
159,280.2,776.6,centroid,0.30,362.8,540.0,34.1,0.0,657.5,1168.9,1,221.4,1,0,shot_pb=1.00|flight_commit=1.00|speed|edge_zoom=0.902|bounds
160,279.9,789.1,centroid,0.30,365.9,540.0,37.1,0.0,657.5,1168.9,1,218.0,1,0,shot_pb=1.00|flight_commit=1.00|speed|edge_zoom=0.902|bounds
161,279.7,801.2,centroid,0.30,368.9,540.0,40.1,0.0,657.5,1168.9,1,214.8,1,0,shot_pb=1.00|flight_commit=1.00|speed|edge_zoom=0.902|bounds
162,279.7,812.7,centroid,0.30,371.7,540.0,42.9,0.0,657.5,1168.9,1,212.0,1,0,shot_pb=1.00|flight_commit=1.00|speed|edge_zoom=0.902|bounds
163,279.8,823.6,centroid,0.30,374.3,540.0,45.6,0.0,657.5,1168.9,1,209.5,1,0,shot_pb=1.00|flight_commit=1.00|speed|edge_zoom=0.902|bounds
164,279.9,833.9,centroid,0.30,376.7,540.0,48.0,0.0,657.5,1168.9,1,207.2,1,0,shot_pb=1.00|flight_commit=1.00|speed|edge_zoom=0.903|bounds
165,280.2,843.6,centroid,0.30,378.9,540.0,50.1,0.0,657.5,1168.9,1,205.3,1,0,shot_pb=1.00|flight_commit=1.00|speed|edge_zoom=0.903|bounds
166,280.5,852.6,centroid,0.30,380.8,540.0,52.0,0.0,657.5,1168.9,1,203.7,1,1,shot_pb=1.00|flight_commit=1.00|keepin_prop=0.00|keepin_zoom=1.350|speed|edge_zoom=0.903|bounds
167,280.8,861.1,centroid,0.30,382.5,540.0,53.7,0.0,657.5,1168.9,1,202.3,1,1,shot_pb=1.00|flight_commit=1.00|keepin_prop=0.00|keepin_zoom=1.350|speed|edge_zoom=0.902|bounds
168,281.3,868.8,centroid,0.30,383.9,540.0,55.2,0.0,657.5,1168.9,1,201.4,1,1,shot_pb=1.00|flight_commit=1.00|keepin_prop=0.01|keepin_zoom=1.350|speed|edge_zoom=0.900|bounds
169,281.7,876.0,centroid,0.30,385.2,540.0,56.5,0.0,657.5,1168.9,1,200.5,1,1,shot_pb=1.00|flight_commit=1.00|keepin_prop=0.01|keepin_zoom=1.350|speed|edge_zoom=0.899|bounds
170,282.3,882.6,centroid,0.30,386.3,540.0,57.6,0.0,657.5,1168.9,1,200.0,1,1,shot_pb=1.00|flight_commit=1.00|keepin_prop=0.02|keepin_zoom=1.350|speed|edge_zoom=0.897|bounds
171,282.9,888.5,centroid,0.30,387.3,540.0,58.6,0.0,657.5,1168.9,1,199.6,1,1,shot_pb=1.00|flight_commit=1.00|keepin_prop=0.02|keepin_zoom=1.350|speed|edge_zoom=0.895|bounds
172,283.5,894.0,centroid,0.30,388.2,540.0,59.4,0.0,657.5,1168.9,1,199.3,1,1,shot_pb=1.00|flight_commit=1.00|keepin_prop=0.03|keepin_zoom=1.350|speed|edge_zoom=0.893|bounds
173,284.2,898.9,centroid,0.30,389.0,540.0,60.3,0.0,657.5,1168.9,1,199.2,1,1,shot_pb=1.00|flight_commit=1.00|keepin_prop=0.04|keepin_zoom=1.350|speed|edge_zoom=0.891|bounds
174,285.0,903.3,centroid,0.30,389.8,540.0,61.1,0.0,657.5,1168.9,1,199.2,1,1,shot_pb=1.00|flight_commit=1.00|keepin_prop=0.04|keepin_zoom=1.350|speed|edge_zoom=0.888|bounds
175,285.9,907.2,centroid,0.30,390.6,540.0,61.8,0.0,657.5,1168.9,1,199.3,1,1,shot_pb=1.00|flight_commit=1.00|keepin_prop=0.05|keepin_zoom=1.350|speed|edge_zoom=0.886|bounds
176,286.8,910.8,centroid,0.30,391.4,540.0,62.6,0.0,657.5,1168.9,1,199.4,1,1,shot_pb=1.00|flight_commit=1.00|keepin_prop=0.05|keepin_zoom=1.350|speed|edge_zoom=0.884|bounds
177,287.8,913.9,centroid,0.30,392.2,540.0,63.4,0.0,657.5,1168.9,1,199.6,1,1,shot_pb=1.00|flight_commit=1.00|keepin_prop=0.06|keepin_zoom=1.350|speed|edge_zoom=0.882|bounds
178,288.8,916.7,centroid,0.30,393.1,540.0,64.3,0.0,657.5,1168.9,1,199.7,1,1,shot_pb=1.00|flight_commit=1.00|keepin_prop=0.07|keepin_zoom=1.350|speed|edge_zoom=0.880|bounds
179,290.0,919.1,centroid,0.30,394.0,540.0,65.3,0.0,657.5,1168.9,1,200.0,1,1,shot_pb=1.00|flight_commit=1.00|keepin_prop=0.07|keepin_zoom=1.350|speed|edge_zoom=0.878|bounds
180,291.2,921.2,centroid,0.30,395.0,540.0,66.3,0.0,657.5,1168.9,1,200.2,1,1,shot_pb=1.00|flight_commit=1.00|keepin_prop=0.08|keepin_zoom=1.350|speed|edge_zoom=0.876|bounds
181,292.5,923.0,centroid,0.30,396.2,540.0,67.4,0.0,657.5,1168.9,1,200.3,1,1,shot_pb=1.00|flight_commit=1.00|keepin_prop=0.09|keepin_zoom=1.350|speed|edge_zoom=0.873|bounds
182,294.0,924.6,centroid,0.30,397.4,540.0,68.6,0.0,657.5,1168.9,1,200.6,1,1,shot_pb=1.00|flight_commit=1.00|keepin_prop=0.10|keepin_zoom=1.350|speed|edge_zoom=0.870|bounds
183,295.7,925.9,centroid,0.30,398.8,540.0,70.0,0.0,657.5,1168.9,1,200.9,1,1,shot_pb=1.00|flight_commit=1.00|keepin_prop=0.11|keepin_zoom=1.350|speed|edge_zoom=0.867|bounds
184,297.5,927.0,centroid,0.30,400.3,540.0,71.6,0.0,657.5,1168.9,1,201.2,1,1,shot_pb=1.00|flight_commit=1.00|keepin_prop=0.12|keepin_zoom=1.350|speed|edge_zoom=0.863|bounds
185,299.5,928.0,centroid,0.30,402.1,540.0,73.3,0.0,657.5,1168.9,1,201.4,1,1,shot_pb=1.00|flight_commit=1.00|keepin_prop=0.13|keepin_zoom=1.350|speed|edge_zoom=0.859|bounds
186,301.9,928.7,centroid,0.30,404.0,540.0,75.2,0.0,657.5,1168.9,1,201.9,1,1,shot_pb=1.00|flight_commit=1.00|keepin_prop=0.14|keepin_zoom=1.350|speed|edge_zoom=0.856|bounds
187,304.5,929.3,centroid,0.30,406.1,540.0,77.4,0.0,657.5,1168.9,1,202.4,1,1,shot_pb=1.00|flight_commit=1.00|keepin_prop=0.15|keepin_zoom=1.350|speed|edge_zoom=0.853|bounds
188,307.6,929.8,centroid,0.30,408.6,540.0,79.8,0.0,657.5,1168.9,1,203.0,1,1,shot_pb=1.00|flight_commit=1.00|keepin_prop=0.15|keepin_zoom=1.350|speed|edge_zoom=0.850|bounds
189,311.1,930.2,centroid,0.30,411.2,540.0,82.5,0.0,657.5,1168.9,1,203.9,1,1,shot_pb=1.00|flight_commit=1.00|keepin_prop=0.16|keepin_zoom=1.350|speed|edge_zoom=0.848|bounds
190,315.0,930.5,centroid,0.30,414.3,540.0,85.5,0.0,657.5,1168.9,1,204.7,1,1,shot_pb=1.00|flight_commit=1.00|keepin_prop=0.16|keepin_zoom=1.350|speed|edge_zoom=0.847|bounds
191,319.5,930.7,centroid,0.30,417.6,540.0,88.9,0.0,657.5,1168.9,1,205.9,1,1,shot_pb=1.00|flight_commit=1.00|keepin_prop=0.17|keepin_zoom=1.350|speed|edge_zoom=0.846|bounds
192,324.6,930.8,centroid,0.30,421.3,540.0,92.6,0.0,657.5,1168.9,1,207.3,1,1,shot_pb=1.00|flight_commit=1.00|keepin_prop=0.17|keepin_zoom=1.350|speed|edge_zoom=0.845|bounds
193,330.3,930.9,centroid,0.30,425.5,540.0,96.7,0.0,657.5,1168.9,1,208.8,1,1,shot_pb=1.00|flight_commit=1.00|keepin_prop=0.17|keepin_zoom=1.350|speed|edge_zoom=0.845|bounds
194,336.7,931.0,centroid,0.30,430.1,540.0,101.3,0.0,657.5,1168.9,1,210.6,1,1,shot_pb=1.00|flight_commit=1.00|keepin_prop=0.17|keepin_zoom=1.350|speed|edge_zoom=0.844|bounds
195,343.8,931.0,centroid,0.30,435.1,540.0,106.3,0.0,657.5,1168.9,1,212.7,1,1,shot_pb=1.00|flight_commit=1.00|keepin_prop=0.17|keepin_zoom=1.350|speed|edge_zoom=0.844|bounds
196,351.7,931.0,centroid,0.30,440.7,540.0,111.9,0.0,657.5,1168.9,1,215.0,1,1,shot_pb=1.00|flight_commit=1.00|keepin_prop=0.17|keepin_zoom=1.350|speed|edge_zoom=0.844|bounds
197,360.3,930.9,centroid,0.30,446.7,540.0,118.0,0.0,657.5,1168.9,1,217.6,1,1,shot_pb=1.00|flight_commit=1.00|keepin_prop=0.17|keepin_zoom=1.350|speed|edge_zoom=0.844|bounds
198,369.9,930.8,centroid,0.30,453.4,540.0,124.6,0.0,657.5,1168.9,1,220.5,1,1,shot_pb=1.00|flight_commit=1.00|keepin_prop=0.17|keepin_zoom=1.350|speed|edge_zoom=0.844|bounds
199,380.2,930.8,centroid,0.30,460.6,540.0,131.8,0.0,657.5,1168.9,1,223.6,1,1,shot_pb=1.00|flight_commit=1.00|keepin_prop=0.17|keepin_zoom=1.350|speed|edge_zoom=0.844|bounds
200,391.5,930.7,centroid,0.30,468.4,540.0,139.6,0.0,657.5,1168.9,1,227.1,1,1,shot_pb=1.00|flight_commit=1.00|keepin_prop=0.17|keepin_zoom=1.350|speed|edge_zoom=0.844|bounds
201,403.7,930.6,centroid,0.30,476.8,540.0,148.1,0.0,657.5,1168.9,1,230.9,1,1,shot_pb=1.00|flight_commit=1.00|keepin_prop=0.17|keepin_zoom=1.350|speed|edge_zoom=0.844|bounds
202,416.9,930.4,centroid,0.30,485.9,540.0,157.2,0.0,657.5,1168.9,1,235.0,1,1,shot_pb=1.00|flight_commit=1.00|keepin_prop=0.17|keepin_zoom=1.350|speed|edge_zoom=0.844|bounds
203,431.0,930.3,centroid,0.30,495.7,540.0,166.9,0.0,657.5,1168.9,1,238.6,1,1,shot_pb=1.00|flight_commit=1.00|keepin_prop=0.17|keepin_zoom=1.350|speed|edge_zoom=0.845|bounds
204,446.2,930.1,centroid,0.30,506.1,540.0,177.3,0.0,657.5,1168.9,1,238.8,1,1,shot_pb=1.00|flight_commit=1.00|keepin_prop=0.17|keepin_zoom=1.350|speed|edge_zoom=0.845|bounds
205,462.3,929.9,centroid,0.30,517.2,540.0,188.4,0.0,657.5,1168.9,1,239.0,1,1,shot_pb=1.00|flight_commit=1.00|keepin_prop=0.17|keepin_zoom=1.350|speed|edge_zoom=0.845|bounds
206,479.5,929.7,centroid,0.30,529.0,540.0,200.2,0.0,657.5,1168.9,1,239.2,1,1,shot_pb=1.00|flight_commit=1.00|keepin_prop=0.17|keepin_zoom=1.350|speed|edge_zoom=0.845|bounds
207,497.6,929.3,centroid,0.30,541.5,540.0,212.7,0.0,657.5,1168.9,1,239.6,1,1,shot_pb=1.00|flight_commit=1.00|keepin_prop=0.17|keepin_zoom=1.350|speed|edge_zoom=0.845|bounds
208,516.8,929.0,centroid,0.30,554.6,540.0,225.8,0.0,657.5,1168.9,1,239.9,1,1,shot_pb=1.00|flight_commit=1.00|keepin_prop=0.17|keepin_zoom=1.350|speed|edge_zoom=0.846|bounds
209,537.0,928.5,centroid,0.30,568.4,540.0,239.6,0.0,657.5,1168.9,1,240.4,1,1,shot_pb=1.00|flight_commit=1.00|keepin_prop=0.17|keepin_zoom=1.350|speed|edge_zoom=0.846|bounds
210,558.1,928.0,centroid,0.30,582.8,540.0,254.1,0.0,657.5,1168.9,1,240.9,1,1,shot_pb=1.00|flight_commit=1.00|keepin_prop=0.17|keepin_zoom=1.350|speed|edge_zoom=0.846|bounds
211,580.1,927.3,centroid,0.30,597.9,540.0,269.1,0.0,657.5,1168.9,1,241.6,1,1,shot_pb=1.00|flight_commit=1.00|keepin_prop=0.16|keepin_zoom=1.350|speed|edge_zoom=0.847|bounds
212,603.0,926.5,centroid,0.30,613.5,540.0,284.8,0.0,657.5,1168.9,1,242.4,1,1,shot_pb=1.00|flight_commit=1.00|keepin_prop=0.16|keepin_zoom=1.350|speed|edge_zoom=0.847|bounds
213,626.7,925.6,centroid,0.30,629.7,540.0,300.9,0.0,657.5,1168.9,1,243.3,1,1,shot_pb=1.00|flight_commit=1.00|keepin_prop=0.16|keepin_zoom=1.350|speed|edge_zoom=0.848|bounds
214,651.2,924.5,centroid,0.30,646.4,540.0,317.6,0.0,657.5,1168.9,1,244.4,1,1,shot_pb=1.00|flight_commit=1.00|keepin_prop=0.16|keepin_zoom=1.350|speed|edge_zoom=0.849|bounds
215,676.2,923.2,centroid,0.30,663.5,540.0,334.7,0.0,657.5,1168.9,1,245.7,1,1,shot_pb=1.00|flight_commit=1.00|keepin_prop=0.15|keepin_zoom=1.350|speed|edge_zoom=0.850|bounds
216,701.8,921.7,centroid,0.30,681.0,540.0,352.2,0.0,657.5,1168.9,1,247.2,1,1,shot_pb=1.00|flight_commit=1.00|keepin_prop=0.15|keepin_zoom=1.350|speed|edge_zoom=0.851|bounds
217,727.9,919.9,centroid,0.30,698.8,540.0,370.1,0.0,657.5,1168.9,1,249.0,1,1,shot_pb=1.00|flight_commit=1.00|keepin_prop=0.15|keepin_zoom=1.350|speed|edge_zoom=0.853|bounds
218,754.2,917.9,centroid,0.30,716.9,540.0,388.1,0.0,657.5,1168.9,1,251.0,1,1,shot_pb=1.00|flight_commit=1.00|keepin_prop=0.14|keepin_zoom=1.350|speed|edge_zoom=0.854|bounds
219,780.7,915.5,centroid,0.30,735.1,540.0,406.4,0.0,657.5,1168.9,1,253.4,1,1,shot_pb=1.00|flight_commit=1.00|keepin_prop=0.14|keepin_zoom=1.350|speed|edge_zoom=0.856|bounds
220,807.2,912.8,centroid,0.30,753.5,540.0,424.7,0.0,657.5,1168.9,1,250.3,1,1,shot_pb=1.00|flight_commit=1.00|keepin_prop=0.13|keepin_zoom=1.350|speed|edge_zoom=0.858|bounds
221,833.6,909.8,centroid,0.30,771.8,540.0,443.0,0.0,657.5,1168.9,1,242.2,1,1,shot_pb=1.00|flight_commit=1.00|keepin_prop=0.12|keepin_zoom=1.350|speed|edge_zoom=0.860|bounds
222,859.7,906.4,centroid,0.30,790.0,540.0,461.3,0.0,657.5,1168.9,1,234.3,1,1,shot_pb=1.00|flight_commit=1.00|keepin_prop=0.12|keepin_zoom=1.350|speed|edge_zoom=0.863|bounds
223,885.3,902.6,centroid,0.30,808.1,540.0,479.4,0.0,657.5,1168.9,1,226.8,1,1,shot_pb=1.00|flight_commit=1.00|keepin_prop=0.11|keepin_zoom=1.350|speed|edge_zoom=0.865|bounds
224,910.3,898.3,centroid,0.30,826.0,540.0,497.2,0.0,657.5,1168.9,1,219.7,1,1,shot_pb=1.00|flight_commit=1.00|keepin_prop=0.10|keepin_zoom=1.350|speed|edge_zoom=0.868|bounds
225,934.5,893.6,centroid,0.30,843.5,540.0,514.8,0.0,657.5,1168.9,1,213.0,1,1,shot_pb=1.00|flight_commit=1.00|keepin_prop=0.09|keepin_zoom=1.350|speed|edge_zoom=0.871|bounds
226,957.7,888.4,centroid,0.30,860.7,540.0,532.0,0.0,657.5,1168.9,1,207.0,1,1,shot_pb=1.00|flight_commit=1.00|keepin_prop=0.08|keepin_zoom=1.350|speed|edge_zoom=0.874|bounds
227,979.8,882.8,centroid,0.30,877.5,540.0,548.8,0.0,657.5,1168.9,1,201.7,1,1,shot_pb=1.00|flight_commit=1.00|keepin_prop=0.08|keepin_zoom=1.350|speed|edge_zoom=0.877|bounds
228,1000.7,876.7,centroid,0.30,893.9,540.0,565.1,0.0,657.5,1168.8,1,197.2,1,1,shot_pb=1.00|flight_commit=1.00|keepin_prop=0.07|keepin_zoom=1.350|speed|edge_zoom=0.880|bounds
229,1020.1,870.2,centroid,0.30,909.8,540.0,581.1,0.0,657.4,1168.8,1,193.7,1,1,shot_pb=1.00|flight_commit=1.00|keepin_prop=0.06|keepin_zoom=1.350|speed|edge_zoom=0.884|bounds
230,1038.0,863.2,centroid,0.30,925.3,540.0,596.6,0.0,657.4,1168.7,1,191.3,1,1,shot_pb=1.00|flight_commit=1.00|keepin_prop=0.05|keepin_zoom=1.350|speed|edge_zoom=0.887|bounds
231,1054.3,855.8,centroid,0.30,940.4,540.0,611.8,0.0,657.3,1168.5,1,190.1,1,1,shot_pb=1.00|flight_commit=1.00|keepin_prop=0.04|keepin_zoom=1.350|speed|edge_zoom=0.889|bounds
232,1069.0,848.0,centroid,0.30,955.3,540.0,626.7,0.0,657.2,1168.3,1,190.3,1,1,shot_pb=1.00|flight_commit=1.00|keepin_prop=0.03|keepin_zoom=1.350|speed|edge_zoom=0.892|bounds
233,1082.0,839.9,centroid,0.30,969.9,540.0,641.4,0.0,657.0,1168.0,1,191.9,1,1,shot_pb=1.00|flight_commit=1.00|keepin_prop=0.02|keepin_zoom=1.350|speed|edge_zoom=0.895|bounds
234,1093.4,831.5,centroid,0.30,984.4,540.0,656.0,0.0,656.8,1167.7,1,195.0,1,1,shot_pb=1.00|flight_commit=1.00|keepin_prop=0.02|keepin_zoom=1.350|speed|edge_zoom=0.897|bounds
235,1103.2,822.9,centroid,0.30,998.9,540.0,670.5,0.0,656.6,1167.4,1,199.7,1,1,shot_pb=1.00|flight_commit=1.00|keepin_prop=0.01|keepin_zoom=1.350|speed|edge_zoom=0.899|bounds
236,1111.6,814.2,centroid,0.30,1013.4,540.0,685.2,0.0,656.4,1166.9,1,205.8,1,1,shot_pb=1.00|flight_commit=1.00|keepin_prop=0.01|keepin_zoom=1.350|speed|edge_zoom=0.900|bounds
237,1118.7,805.6,centroid,0.30,1028.1,540.0,700.0,0.0,656.2,1166.5,1,213.4,1,1,shot_pb=1.00|flight_commit=1.00|keepin_prop=0.00|keepin_zoom=1.350|speed|edge_zoom=0.901|bounds
238,1124.7,797.1,centroid,0.30,1042.9,540.0,715.0,0.0,655.9,1166.1,1,222.2,1,1,shot_pb=1.00|flight_commit=1.00|keepin_prop=0.00|keepin_zoom=1.350|speed|edge_zoom=0.902|bounds
239,1130.0,788.9,centroid,0.30,1058.0,540.0,730.2,0.0,655.8,1165.8,1,232.0,1,1,shot_pb=1.00|flight_commit=1.00|keepin_prop=0.00|keepin_zoom=1.350|speed|edge_zoom=0.903|bounds
240,1134.8,781.1,centroid,0.30,1073.4,540.0,745.6,0.0,655.6,1165.5,1,242.6,0,0,shot_pb=1.00|flight_commit=1.00|edge_zoom=0.932|bounds
241,1139.6,774.0,centroid,0.30,1088.9,540.0,761.1,0.0,655.5,1165.4,1,253.3,0,0,shot_pb=1.00|flight_commit=1.00|edge_zoom=0.934|bounds
242,1144.8,767.8,centroid,0.30,1104.5,540.0,776.8,0.0,655.5,1165.4,1,263.7,0,0,shot_pb=1.00|flight_commit=1.00|edge_zoom=0.934|bounds
243,1151.0,762.6,centroid,0.30,1120.3,540.0,792.5,0.0,655.6,1165.5,1,273.3,0,0,shot_pb=1.00|flight_commit=1.00|edge_zoom=0.932|bounds
244,1158.7,758.8,centroid,0.30,1136.0,540.0,808.1,0.0,655.8,1165.8,1,281.3,0,1,shot_pb=1.00|flight_commit=1.00|keepin_prop=0.06|keepin_zoom=1.350|edge_zoom=0.904|bounds
245,1168.6,756.7,centroid,0.30,1151.5,540.0,823.5,0.0,655.9,1166.1,1,286.9,0,1,shot_pb=1.00|flight_commit=1.00|keepin_prop=0.00|keepin_zoom=1.350|edge_zoom=0.912|bounds
246,1181.5,756.6,centroid,0.30,1166.6,540.0,838.5,0.0,656.2,1166.5,1,289.1,0,0,shot_pb=1.00|flight_commit=1.00|edge_zoom=0.913|bounds
247,1198.1,758.8,centroid,0.30,1181.1,540.0,852.9,0.0,656.4,1166.9,1,287.0,0,1,shot_pb=1.00|flight_commit=1.00|keepin_prop=0.03|keepin_zoom=1.350|edge_zoom=0.907|bounds
248,1219.2,763.7,centroid,0.30,1194.6,540.0,866.3,0.0,656.6,1167.4,1,279.4,0,0,accel_zoom=0.941|shot_pb=1.00|flight_commit=1.00|edge_zoom=0.902|bounds
249,1289.8,792.4,blended,0.67,1206.9,540.0,878.4,0.0,656.8,1167.7,1,221.1,0,0,accel_zoom=0.780|shot_pb=1.00|flight_commit=1.00|pb_zfit|edge_zoom=0.886|bounds
250,1313.8,800.0,blended,0.67,1217.5,540.0,889.0,0.0,657.0,1168.0,1,207.7,0,1,shot_pb=1.00|flight_commit=1.00|pb_zfit|keepin_prop=0.00|keepin_zoom=1.350|edge_zoom=0.895|bounds
251,1333.9,806.2,blended,0.68,1226.2,540.0,897.6,0.0,657.2,1168.3,1,196.3,1,0,shot_pb=1.00|flight_commit=1.00|pb_zfit|speed|edge_zoom=0.893|bounds
252,1350.3,811.2,blended,0.68,1232.6,540.0,903.9,0.0,657.3,1168.5,1,186.3,1,1,shot_pb=1.00|flight_commit=1.00|pb_zfit|keepin_prop=0.01|keepin_zoom=1.350|speed|edge_zoom=0.893|bounds
253,1361.9,814.3,blended,0.68,1236.4,540.0,907.7,0.0,657.4,1168.7,1,178.5,1,0,shot_pb=1.00|flight_commit=1.00|pb_zfit|speed|edge_zoom=0.893|bounds
254,1369.9,816.1,blended,0.68,1237.6,540.0,908.9,0.0,657.4,1168.8,1,171.7,1,1,shot_pb=1.00|flight_commit=1.00|pb_zfit|keepin_prop=0.05|keepin_zoom=1.350|speed|edge_zoom=0.886|bounds
255,1391.4,824.7,interp,0.38,1236.2,540.0,907.5,0.0,657.5,1168.8,1,148.8,1,0,accel_zoom=0.869|shot_pb=1.00|flight_commit=1.00|pb_zfit|speed|edge_zoom=0.893|bounds
256,1371.6,814.0,blended,0.68,1232.4,540.0,903.6,0.0,657.5,1168.9,1,164.8,1,1,accel_zoom=0.869|shot_pb=1.00|flight_commit=1.00|pb_zfit|keepin_prop=0.00|keepin_zoom=1.350|speed|edge_zoom=0.893|bounds
257,1366.0,810.3,blended,0.68,1226.6,540.0,897.9,0.0,657.5,1168.9,1,164.6,1,1,shot_pb=1.00|flight_commit=1.00|pb_zfit|keepin_prop=0.00|keepin_zoom=1.350|speed|edge_zoom=0.894|bounds
258,1358.6,806.1,blended,0.68,1219.4,540.0,890.6,0.0,657.5,1168.9,1,164.8,1,1,shot_pb=1.00|flight_commit=1.00|pb_zfit|keepin_prop=0.00|keepin_zoom=1.350|speed|edge_zoom=0.895|bounds
259,1347.4,800.4,blended,0.68,1211.5,540.0,882.7,0.0,657.5,1168.9,1,168.1,0,1,shot_pb=1.00|flight_commit=1.00|pb_zfit|keepin_prop=0.00|keepin_zoom=1.350|edge_zoom=0.895|bounds
260,1316.0,785.4,centroid,0.22,1203.6,540.0,874.8,0.0,657.5,1168.9,1,191.6,0,0,accel_zoom=0.890|shot_pb=1.00|flight_commit=1.00|pb_zfit|edge_zoom=0.916|bounds
261,1301.7,778.7,centroid,0.23,1196.6,540.0,867.8,0.0,657.5,1168.9,1,198.9,0,0,shot_pb=1.00|flight_commit=1.00|pb_zfit|edge_zoom=0.918|bounds
262,1289.1,773.1,centroid,0.23,1191.1,540.0,862.3,0.0,657.5,1168.9,1,206.0,0,0,shot_pb=1.00|flight_commit=1.00|pb_zfit|edge_zoom=0.920|bounds
263,1278.7,768.7,centroid,0.23,1187.8,540.0,859.1,0.0,657.5,1168.9,1,213.1,0,1,shot_pb=1.00|flight_commit=1.00|keepin_prop=0.03|keepin_zoom=1.350|edge_zoom=0.904|bounds
264,1270.9,765.8,centroid,0.24,1187.2,540.0,858.4,0.0,657.5,1168.9,1,220.3,0,0,shot_pb=1.00|flight_commit=1.00|edge_zoom=0.921|bounds
265,1266.2,764.4,centroid,0.24,1189.4,540.0,860.6,0.0,657.5,1168.9,1,227.2,0,1,shot_pb=1.00|flight_commit=1.00|keepin_prop=0.09|keepin_zoom=1.350|edge_zoom=0.898|bounds
266,1265.0,764.7,centroid,0.24,1194.5,540.0,865.7,0.0,657.5,1168.9,1,233.5,0,1,shot_pb=1.00|flight_commit=1.00|keepin_prop=0.01|keepin_zoom=1.350|edge_zoom=0.908|bounds
267,1268.0,767.1,centroid,0.25,1202.2,540.0,873.4,0.0,657.5,1168.9,1,238.2,1,0,shot_pb=1.00|flight_commit=1.00|speed|edge_zoom=0.899|bounds
268,1275.7,771.7,centroid,0.25,1212.3,540.0,883.6,0.0,657.5,1168.9,1,240.6,1,0,shot_pb=1.00|flight_commit=1.00|pb_zfit|speed|edge_zoom=0.899|bounds
269,1288.9,778.8,centroid,0.25,1224.5,540.0,895.7,0.0,657.5,1168.9,1,239.6,1,0,shot_pb=1.00|flight_commit=1.00|pb_zfit|speed|edge_zoom=0.899|bounds
270,1308.3,788.6,centroid,0.26,1238.1,540.0,909.3,0.0,657.5,1168.9,1,233.8,0,1,accel_zoom=0.932|shot_pb=1.00|flight_commit=1.00|pb_zfit|keepin_prop=0.01|keepin_zoom=1.350|edge_zoom=0.898|bounds
271,1334.8,801.6,centroid,0.26,1252.8,540.0,924.1,0.0,657.5,1168.9,1,222.0,1,0,accel_zoom=0.911|shot_pb=1.00|flight_commit=1.00|pb_zfit|speed|edge_zoom=0.896|bounds
272,1412.9,836.0,blended,0.69,1268.2,540.0,939.5,0.0,657.5,1168.9,1,159.3,0,1,accel_zoom=0.780|shot_pb=1.00|flight_commit=1.00|pb_zfit|keepin_prop=0.00|keepin_zoom=1.350|edge_zoom=0.882|bounds
273,1447.4,852.0,blended,0.69,1284.0,540.0,955.3,0.0,657.5,1168.9,1,140.6,1,1,accel_zoom=0.780|shot_pb=1.00|flight_commit=1.00|pb_zfit|keepin_prop=0.01|keepin_zoom=1.350|speed|edge_zoom=0.893|bounds
274,1481.8,867.7,blended,0.69,1299.9,540.0,971.2,0.0,657.5,1168.9,1,122.1,1,1,accel_zoom=0.780|shot_pb=1.00|flight_commit=1.00|pb_zfit|keepin_prop=0.02|keepin_zoom=1.350|flight_boost=1.01|speed|edge_zoom=0.893|bounds
275,1532.6,889.7,interp,0.38,1315.8,540.0,987.0,0.0,657.5,1168.9,1,87.2,1,1,accel_zoom=0.780|shot_pb=1.00|flight_commit=1.00|pb_zfit|keepin_prop=0.05|keepin_zoom=1.350|flight_boost=1.12|speed|edge_zoom=0.886|bounds
276,1560.2,902.4,interp,0.38,1331.4,540.0,1002.7,0.0,657.5,1168.9,1,75.2,1,1,accel_zoom=0.780|shot_pb=1.00|flight_commit=1.00|pb_zfit|keepin_prop=0.07|keepin_zoom=1.350|flight_boost=1.14|speed|edge_zoom=0.878|bounds
277,1583.3,913.2,interp,0.38,1346.9,540.0,1018.1,0.0,657.5,1168.9,1,67.6,1,1,shot_pb=1.00|flight_commit=1.00|pb_zfit|keepin_prop=0.09|keepin_zoom=1.350|flight_boost=1.13|speed|edge_zoom=0.871|bounds
278,1602.2,922.3,interp,0.38,1362.0,540.0,1033.2,0.0,657.5,1168.9,1,63.8,1,1,shot_pb=1.00|flight_commit=1.00|pb_zfit|keepin_prop=0.11|keepin_zoom=1.350|speed|edge_zoom=0.865|bounds
279,1599.5,923.6,blended,0.70,1376.7,540.0,1047.9,0.0,657.5,1168.9,1,81.2,1,1,shot_pb=1.00|flight_commit=1.00|pb_zfit|keepin_prop=0.11|keepin_zoom=1.350|speed|edge_zoom=0.864|bounds
280,1618.0,932.3,blended,0.71,1391.0,540.0,1062.3,0.0,657.5,1168.9,1,77.0,1,1,shot_pb=1.00|flight_commit=1.00|pb_zfit|keepin_prop=0.14|keepin_zoom=1.350|speed|edge_zoom=0.856|bounds
281,1637.0,940.9,blended,0.73,1404.9,540.0,1076.1,0.0,657.5,1168.9,1,71.9,1,1,shot_pb=1.00|flight_commit=1.00|pb_zfit|keepin_prop=0.16|keepin_zoom=1.350|speed|edge_zoom=0.848|bounds
282,1656.5,949.3,blended,0.74,1418.2,540.0,1089.5,0.0,657.5,1168.9,1,65.7,1,1,shot_pb=1.00|flight_commit=1.00|pb_zfit|keepin_prop=0.19|keepin_zoom=1.350|speed|edge_zoom=0.839|bounds
283,1682.5,959.4,interp,0.38,1431.0,540.0,1102.2,0.0,657.5,1168.9,1,52.5,1,1,accel_zoom=0.882|shot_pb=1.00|flight_commit=1.00|pb_zfit|keepin_prop=0.22|keepin_zoom=1.350|speed|edge_zoom=0.827|bounds
284,1696.2,965.4,interp,0.38,1443.1,540.0,1114.3,0.0,657.5,1168.9,1,50.9,1,1,shot_pb=1.00|flight_commit=1.00|pb_zfit|keepin_prop=0.24|keepin_zoom=1.350|speed|edge_zoom=0.821|bounds
285,1707.6,970.7,interp,0.38,1454.5,540.0,1125.8,0.0,657.5,1168.9,1,50.9,1,1,shot_pb=1.00|flight_commit=1.00|pb_zfit|keepin_prop=0.26|keepin_zoom=1.350|speed|edge_zoom=0.816|bounds
286,1707.4,972.8,blended,0.75,1465.3,540.0,1136.5,0.0,657.5,1168.9,1,61.9,1,1,shot_pb=1.00|flight_commit=1.00|pb_zfit|keepin_prop=0.20|keepin_zoom=1.350|speed|edge_zoom=0.834|bounds
287,1721.2,978.2,blended,0.77,1475.3,540.0,1146.5,0.0,657.5,1168.9,1,58.1,1,1,shot_pb=1.00|flight_commit=1.00|pb_zfit|keepin_prop=0.29|keepin_zoom=1.350|speed|edge_zoom=0.804|bounds
288,1735.7,983.5,yolo,0.28,1484.6,540.0,1155.8,0.0,657.5,1168.9,1,52.9,1,1,shot_pb=1.00|flight_commit=1.00|pb_zfit|keepin_prop=0.31|keepin_zoom=1.350|speed|edge_zoom=0.796|bounds
289,1743.2,986.9,yolo,0.28,1493.1,540.0,1164.4,0.0,657.5,1168.9,1,53.9,1,1,shot_pb=1.00|flight_commit=1.00|pb_zfit|keepin_prop=0.32|keepin_zoom=1.350|speed|edge_zoom=0.795|bounds
290,1749.1,989.8,yolo,0.29,1501.0,540.0,1172.2,0.0,657.5,1168.9,1,55.9,1,1,shot_pb=1.00|flight_commit=1.00|pb_zfit|keepin_prop=0.33|keepin_zoom=1.350|speed|edge_zoom=0.792|bounds
291,1750.2,991.7,blended,0.78,1508.2,540.0,1179.5,0.0,657.5,1168.9,1,62.0,1,1,shot_pb=1.00|flight_commit=1.00|pb_zfit|keepin_prop=0.28|keepin_zoom=1.350|speed|edge_zoom=0.807|bounds
292,1749.2,993.0,blended,0.75,1514.8,540.0,1186.1,0.0,657.5,1168.9,1,69.6,1,1,shot_pb=1.00|flight_commit=1.00|pb_zfit|keepin_prop=0.29|keepin_zoom=1.350|speed|edge_zoom=0.803|bounds
293,1752.9,995.1,blended,0.75,1520.8,540.0,1192.1,0.0,657.5,1168.9,1,71.9,1,1,shot_pb=1.00|flight_commit=1.00|pb_zfit|keepin_prop=0.34|keepin_zoom=1.350|speed|edge_zoom=0.787|bounds
294,1759.7,997.5,blended,0.75,1526.3,540.0,1197.6,0.0,657.5,1168.9,1,70.6,1,1,shot_pb=1.00|flight_commit=1.00|pb_zfit|keepin_prop=0.37|keepin_zoom=1.350|speed|edge_zoom=0.776|bounds
295,1773.2,1000.6,blended,0.79,1531.3,540.0,1202.5,0.0,657.5,1168.9,1,62.1,1,1,shot_pb=1.00|flight_commit=1.00|pb_zfit|keepin_prop=0.40|keepin_zoom=1.350|speed|edge_zoom=0.766|bounds
296,1780.5,1002.7,yolo,0.29,1535.8,540.0,1207.0,0.0,657.5,1168.9,1,59.3,1,1,shot_pb=1.00|flight_commit=1.00|pb_zfit|keepin_prop=0.40|keepin_zoom=1.350|speed|edge_zoom=0.765|bounds
297,1785.5,1004.3,yolo,0.30,1539.8,540.0,1211.1,0.0,657.5,1168.9,1,58.3,1,1,shot_pb=1.00|flight_commit=1.00|pb_zfit|keepin_prop=0.41|keepin_zoom=1.350|speed|edge_zoom=0.765|bounds
298,1789.7,1005.7,yolo,0.30,1543.4,540.0,1214.7,0.0,657.5,1168.9,1,57.7,1,1,shot_pb=1.00|flight_commit=1.00|pb_zfit|keepin_prop=0.41|keepin_zoom=1.350|speed|edge_zoom=0.763|bounds
299,1793.0,1006.8,yolo,0.31,1546.6,540.0,1217.8,0.0,657.5,1168.9,1,57.6,1,1,shot_pb=1.00|flight_commit=1.00|pb_zfit|keepin_prop=0.41|keepin_zoom=1.350|speed|edge_zoom=0.762|bounds
300,1795.5,1007.8,yolo,0.32,1549.3,540.0,1220.5,0.0,657.5,1168.9,1,57.8,1,1,shot_pb=1.00|flight_commit=1.00|pb_zfit|keepin_prop=0.41|keepin_zoom=1.350|speed|edge_zoom=0.762|bounds
301,1797.4,1008.6,yolo,0.33,1551.5,540.0,1222.7,0.0,657.5,1168.9,1,58.1,1,1,shot_pb=1.00|flight_commit=1.00|pb_zfit|keepin_prop=0.41|keepin_zoom=1.350|speed|edge_zoom=0.763|bounds
302,1798.5,1009.3,yolo,0.32,1553.3,540.0,1224.5,0.0,657.5,1168.9,1,58.8,1,1,shot_pb=1.00|flight_commit=1.00|pb_zfit|keepin_prop=0.40|keepin_zoom=1.350|speed|edge_zoom=0.766|bounds
303,1799.0,1009.8,yolo,0.32,1554.6,540.0,1225.8,0.0,657.5,1168.9,1,59.6,1,1,shot_pb=1.00|flight_commit=1.00|pb_zfit|keepin_prop=0.37|keepin_zoom=1.350|speed|edge_zoom=0.777|bounds
304,1798.8,1010.1,yolo,0.31,1555.5,540.0,1226.8,0.0,657.5,1168.9,1,60.7,1,1,shot_pb=1.00|flight_commit=1.00|pb_zfit|keepin_prop=0.35|keepin_zoom=1.350|speed|edge_zoom=0.784|bounds
305,1797.9,1010.3,yolo,0.31,1556.0,540.0,1227.3,0.0,657.5,1168.9,1,62.1,1,1,shot_pb=1.00|flight_commit=1.00|pb_zfit|keepin_prop=0.44|keepin_zoom=1.350|speed|edge_zoom=0.752|bounds
306,1796.4,1010.4,yolo,0.30,1556.2,540.0,1227.4,0.0,657.5,1168.9,1,63.8,1,1,shot_pb=1.00|flight_commit=1.00|pb_zfit|keepin_prop=0.47|keepin_zoom=1.350|speed|edge_zoom=0.750|bounds
307,1793.1,1010.2,blended,0.79,1556.0,540.0,1227.2,0.0,657.5,1168.9,1,66.9,1,1,shot_pb=1.00|flight_commit=1.00|pb_zfit|keepin_prop=0.49|keepin_zoom=1.350|speed|edge_zoom=0.750|bounds
308,1785.0,1009.4,blended,0.76,1555.5,540.0,1226.8,0.0,657.5,1168.9,1,74.5,1,1,shot_pb=1.00|flight_commit=1.00|pb_zfit|keepin_prop=0.49|keepin_zoom=1.350|speed|edge_zoom=0.750|bounds
309,1783.0,1009.3,blended,0.76,1554.8,540.0,1226.1,0.0,657.5,1168.9,1,75.8,1,1,shot_pb=1.00|flight_commit=1.00|pb_zfit|keepin_prop=0.48|keepin_zoom=1.350|speed|edge_zoom=0.750|bounds
310,1785.7,1009.8,blended,0.78,1553.9,540.0,1225.2,0.0,657.5,1168.9,1,72.2,1,1,shot_pb=1.00|flight_commit=1.00|pb_zfit|keepin_prop=0.45|keepin_zoom=1.350|speed|edge_zoom=0.750|bounds
311,1787.7,1010.2,yolo,0.28,1552.9,540.0,1224.1,0.0,657.5,1168.9,1,69.2,1,1,shot_pb=1.00|flight_commit=1.00|pb_zfit|keepin_prop=0.45|keepin_zoom=1.350|speed|edge_zoom=0.750|bounds
312,1785.8,1010.0,yolo,0.28,1551.8,540.0,1223.0,0.0,657.5,1168.9,1,70.0,1,1,shot_pb=1.00|flight_commit=1.00|pb_zfit|keepin_prop=0.49|keepin_zoom=1.350|speed|edge_zoom=0.750|bounds
313,1781.4,1009.5,blended,0.79,1550.6,540.0,1221.8,0.0,657.5,1168.9,1,73.2,1,1,shot_pb=1.00|flight_commit=1.00|pb_zfit|keepin_prop=0.49|keepin_zoom=1.350|speed|edge_zoom=0.750|bounds
314,1774.3,1008.6,blended,0.77,1549.4,540.0,1220.7,0.0,657.5,1168.9,1,79.1,1,1,shot_pb=1.00|flight_commit=1.00|pb_zfit|keepin_prop=0.49|keepin_zoom=1.350|speed|edge_zoom=0.750|bounds
315,1768.6,1007.8,blended,0.75,1548.3,540.0,1219.6,0.0,657.5,1168.9,1,83.7,1,1,shot_pb=1.00|flight_commit=1.00|pb_zfit|keepin_prop=0.49|keepin_zoom=1.350|speed|edge_zoom=0.750|bounds
316,1768.9,1008.0,blended,0.76,1547.3,540.0,1218.5,0.0,657.5,1168.9,1,82.4,1,1,shot_pb=1.00|flight_commit=1.00|pb_zfit|keepin_prop=0.39|keepin_zoom=1.350|speed|edge_zoom=0.768|bounds
317,1769.7,1008.3,blended,0.77,1546.4,540.0,1217.7,0.0,657.5,1168.9,1,80.7,1,1,shot_pb=1.00|flight_commit=1.00|pb_zfit|keepin_prop=0.42|keepin_zoom=1.350|speed|edge_zoom=0.759|bounds
318,1767.8,1008.2,blended,0.77,1545.7,540.0,1217.0,0.0,657.5,1168.9,1,81.9,1,1,shot_pb=1.00|flight_commit=1.00|pb_zfit|keepin_prop=0.48|keepin_zoom=1.350|speed|edge_zoom=0.750|bounds
319,1763.5,1007.6,blended,0.75,1545.2,540.0,1216.4,0.0,657.5,1168.9,1,85.7,1,1,shot_pb=1.00|flight_commit=1.00|pb_zfit|keepin_prop=0.49|keepin_zoom=1.350|speed|edge_zoom=0.750|bounds
320,1762.3,1007.6,blended,0.74,1544.8,540.0,1216.0,0.0,657.5,1168.9,1,86.5,1,1,shot_pb=1.00|flight_commit=1.00|pb_zfit|keepin_prop=0.47|keepin_zoom=1.350|speed|edge_zoom=0.750|bounds
321,1774.4,1009.7,interp,0.38,1544.5,540.0,1215.8,0.0,657.5,1168.9,1,74.1,1,1,shot_pb=1.00|flight_commit=1.00|pb_zfit|keepin_prop=0.45|keepin_zoom=1.350|speed|edge_zoom=0.750|bounds
322,1762.1,1008.1,blended,0.72,1544.4,540.0,1215.7,0.0,657.5,1168.9,1,86.3,1,1,shot_pb=1.00|flight_commit=1.00|pb_zfit|keepin_prop=0.49|keepin_zoom=1.350|speed|edge_zoom=0.750|bounds
323,1778.4,1010.6,interp,0.38,1544.4,540.0,1215.6,0.0,657.5,1168.9,1,70.0,1,1,shot_pb=1.00|flight_commit=1.00|pb_zfit|keepin_prop=0.46|keepin_zoom=1.350|speed|edge_zoom=0.750|bounds
324,1780.6,1011.1,interp,0.38,1544.4,540.0,1215.7,0.0,657.5,1168.9,1,67.8,1,1,shot_pb=1.00|flight_commit=1.00|pb_zfit|keepin_prop=0.45|keepin_zoom=1.350|speed|edge_zoom=0.750|bounds
325,1781.8,1011.5,interp,0.38,1544.4,540.0,1215.6,0.0,657.5,1168.9,1,66.6,1,1,shot_pb=1.00|flight_commit=1.00|pb_zfit|keepin_prop=0.44|keepin_zoom=1.350|speed|edge_zoom=0.753|bounds
326,1782.0,1011.8,interp,0.38,1544.3,540.0,1215.5,0.0,657.5,1168.9,1,66.3,1,1,shot_pb=1.00|flight_commit=1.00|pb_zfit|keepin_prop=0.38|keepin_zoom=1.350|speed|edge_zoom=0.773|bounds
327,1781.3,1011.9,interp,0.38,1543.9,540.0,1215.2,0.0,657.5,1168.9,1,66.6,1,1,shot_pb=1.00|flight_commit=1.00|pb_zfit|keepin_prop=0.46|keepin_zoom=1.350|speed|edge_zoom=0.750|bounds
328,1767.4,1010.6,blended,0.73,1543.4,540.0,1214.6,0.0,657.5,1168.9,1,80.0,1,1,shot_pb=1.00|flight_commit=1.00|pb_zfit|keepin_prop=0.50|keepin_zoom=1.350|speed|edge_zoom=0.750|bounds
329,1780.3,1012.1,interp,0.38,1542.5,540.0,1213.7,0.0,657.5,1168.9,1,66.2,1,1,shot_pb=1.00|flight_commit=1.00|pb_zfit|keepin_prop=0.47|keepin_zoom=1.350|speed|edge_zoom=0.750|bounds
330,1779.9,1012.2,interp,0.38,1541.2,540.0,1212.5,0.0,657.5,1168.9,1,65.3,1,1,shot_pb=1.00|flight_commit=1.00|pb_zfit|keepin_prop=0.45|keepin_zoom=1.350|speed|edge_zoom=0.750|bounds
331,1778.5,1012.2,interp,0.38,1539.5,540.0,1210.7,0.0,657.5,1168.9,1,65.0,1,1,shot_pb=1.00|flight_commit=1.00|pb_zfit|keepin_prop=0.49|keepin_zoom=1.350|speed|edge_zoom=0.750|bounds
332,1776.1,1012.1,interp,0.38,1537.3,540.0,1208.5,0.0,657.5,1168.9,1,65.2,1,1,shot_pb=1.00|flight_commit=1.00|pb_zfit|keepin_prop=0.50|keepin_zoom=1.350|speed|edge_zoom=0.750|bounds
333,1772.7,1011.9,interp,0.38,1534.5,540.0,1205.7,0.0,657.5,1168.9,1,65.8,1,1,shot_pb=1.00|flight_commit=1.00|pb_zfit|keepin_prop=0.50|keepin_zoom=1.350|speed|edge_zoom=0.750|bounds
334,1768.2,1011.6,interp,0.38,1531.1,540.0,1202.3,0.0,657.5,1168.9,1,66.9,1,1,shot_pb=1.00|flight_commit=1.00|pb_zfit|keepin_prop=0.50|keepin_zoom=1.350|speed|edge_zoom=0.750|bounds
335,1762.6,1011.1,interp,0.38,1527.1,540.0,1198.3,0.0,657.5,1168.9,1,68.5,1,1,shot_pb=1.00|flight_commit=1.00|pb_zfit|keepin_prop=0.50|keepin_zoom=1.350|speed|edge_zoom=0.750|bounds
336,1755.7,1010.5,interp,0.38,1522.5,540.0,1193.8,0.0,657.5,1168.9,1,70.8,1,1,shot_pb=1.00|flight_commit=1.00|pb_zfit|keepin_prop=0.49|keepin_zoom=1.350|speed|edge_zoom=0.750|bounds
337,1747.4,1009.8,interp,0.38,1517.4,540.0,1188.6,0.0,657.5,1168.9,1,74.0,1,1,shot_pb=1.00|flight_commit=1.00|pb_zfit|keepin_prop=0.49|keepin_zoom=1.350|speed|edge_zoom=0.750|bounds
338,1737.6,1008.9,interp,0.38,1511.6,540.0,1182.9,0.0,657.5,1168.9,1,78.0,1,1,shot_pb=1.00|flight_commit=1.00|pb_zfit|keepin_prop=0.49|keepin_zoom=1.350|speed|edge_zoom=0.750|bounds
339,1726.2,1007.9,interp,0.38,1505.4,540.0,1176.7,0.0,657.5,1168.9,1,83.2,1,1,shot_pb=1.00|flight_commit=1.00|pb_zfit|keepin_prop=0.48|keepin_zoom=1.350|speed|edge_zoom=0.750|bounds
340,1698.8,1006.3,blended,0.71,1498.8,540.0,1170.0,0.0,657.5,1168.9,1,104.0,1,1,accel_zoom=0.928|shot_pb=1.00|flight_commit=1.00|pb_zfit|keepin_prop=0.47|keepin_zoom=1.350|speed|edge_zoom=0.750|bounds
341,1686.1,1004.9,blended,0.71,1491.8,540.0,1163.0,0.0,657.5,1168.9,1,109.7,1,1,shot_pb=1.00|flight_commit=1.00|pb_zfit|keepin_prop=0.47|keepin_zoom=1.350|speed|edge_zoom=0.750|bounds
342,1676.2,1003.5,blended,0.71,1484.5,540.0,1155.7,0.0,657.5,1168.9,1,112.3,1,1,shot_pb=1.00|flight_commit=1.00|pb_zfit|keepin_prop=0.47|keepin_zoom=1.350|speed|edge_zoom=0.750|bounds
343,1671.3,1002.0,blended,0.73,1476.8,540.0,1148.0,0.0,657.5,1168.9,1,109.5,1,1,shot_pb=1.00|flight_commit=1.00|pb_zfit|keepin_prop=0.49|keepin_zoom=1.350|speed|edge_zoom=0.750|bounds
344,1663.3,1000.2,blended,0.73,1468.9,540.0,1140.1,0.0,657.5,1168.9,1,109.6,1,1,shot_pb=1.00|flight_commit=1.00|pb_zfit|keepin_prop=0.47|keepin_zoom=1.350|speed|edge_zoom=0.750|bounds
345,1656.9,998.2,blended,0.74,1460.6,540.0,1131.9,0.0,657.5,1168.9,1,107.7,1,1,shot_pb=1.00|flight_commit=1.00|pb_zfit|keepin_prop=0.47|keepin_zoom=1.350|speed|edge_zoom=0.750|bounds
346,1648.9,996.0,blended,0.75,1452.1,540.0,1123.3,0.0,657.5,1168.9,1,107.2,1,1,shot_pb=1.00|flight_commit=1.00|pb_zfit|keepin_prop=0.45|keepin_zoom=1.350|speed|edge_zoom=0.750|bounds
347,1637.8,993.3,blended,0.74,1443.0,540.0,1114.3,0.0,657.5,1168.9,1,109.2,1,1,shot_pb=1.00|flight_commit=1.00|pb_zfit|keepin_prop=0.44|keepin_zoom=1.350|speed|edge_zoom=0.755|bounds
348,1624.6,990.3,blended,0.72,1433.5,540.0,1104.7,0.0,657.5,1168.9,1,112.9,1,1,shot_pb=1.00|flight_commit=1.00|pb_zfit|keepin_prop=0.42|keepin_zoom=1.350|speed|edge_zoom=0.760|bounds
349,1613.1,987.0,blended,0.72,1423.3,540.0,1094.5,0.0,657.5,1168.9,1,114.2,1,1,shot_pb=1.00|flight_commit=1.00|pb_zfit|keepin_prop=0.41|keepin_zoom=1.350|speed|edge_zoom=0.762|bounds
350,1606.4,983.5,blended,0.75,1412.3,540.0,1083.5,0.0,657.5,1168.9,1,109.9,1,1,shot_pb=1.00|flight_commit=1.00|pb_zfit|keepin_prop=0.42|keepin_zoom=1.350|speed|edge_zoom=0.759|bounds
351,1594.8,979.5,blended,0.75,1400.2,540.0,1071.5,0.0,657.5,1168.9,1,109.4,1,1,shot_pb=1.00|flight_commit=1.00|pb_zfit|keepin_prop=0.39|keepin_zoom=1.350|speed|edge_zoom=0.771|bounds
352,1588.5,975.4,interp,0.38,1387.0,540.0,1058.3,0.0,657.5,1168.9,1,102.5,1,1,shot_pb=1.00|flight_commit=1.00|pb_zfit|keepin_prop=0.40|keepin_zoom=1.350|speed|edge_zoom=0.767|bounds
353,1558.5,969.3,blended,0.73,1372.5,540.0,1043.7,0.0,657.5,1168.9,1,118.0,1,1,accel_zoom=0.916|shot_pb=1.00|flight_commit=1.00|pb_zfit|keepin_prop=0.33|keepin_zoom=1.350|speed|edge_zoom=0.791|bounds
354,1550.4,964.3,yolo,0.28,1356.5,540.0,1027.7,0.0,657.5,1168.9,1,110.1,1,1,shot_pb=1.00|flight_commit=1.00|pb_zfit|keepin_prop=0.35|keepin_zoom=1.350|speed|edge_zoom=0.784|bounds
355,1522.4,957.3,blended,0.78,1338.9,540.0,1010.1,0.0,657.5,1168.9,1,120.5,1,1,accel_zoom=0.923|shot_pb=1.00|flight_commit=1.00|pb_zfit|keepin_prop=0.29|keepin_zoom=1.350|speed|edge_zoom=0.805|bounds
356,1497.3,950.0,interp,0.38,1319.5,540.0,990.7,0.0,657.5,1168.9,1,126.2,1,1,accel_zoom=0.923|shot_pb=1.00|flight_commit=1.00|pb_zfit|keepin_prop=0.26|keepin_zoom=1.350|speed|edge_zoom=0.813|bounds
357,1463.1,941.2,interp,0.38,1298.4,540.0,969.6,0.0,657.5,1168.9,1,139.3,1,1,accel_zoom=0.910|shot_pb=1.00|flight_commit=1.00|pb_zfit|keepin_prop=0.23|keepin_zoom=1.350|speed|edge_zoom=0.825|bounds
358,1417.0,930.5,blended,0.77,1275.5,540.0,946.7,0.0,657.5,1168.9,1,162.5,1,1,accel_zoom=0.880|shot_pb=1.00|flight_commit=1.00|pb_zfit|keepin_prop=0.19|keepin_zoom=1.350|speed|edge_zoom=0.837|bounds
359,1337.8,914.5,centroid,0.22,1250.9,540.0,922.1,0.0,657.5,1168.9,1,217.1,1,1,accel_zoom=0.805|shot_pb=1.00|flight_commit=1.00|pb_zfit|keepin_prop=0.14|keepin_zoom=1.350|flight_boost=1.01|speed|edge_zoom=0.845|bounds
360,1292.6,902.2,centroid,0.23,1224.5,540.0,895.8,0.0,657.5,1168.9,1,235.9,1,1,accel_zoom=0.805|shot_pb=1.00|flight_commit=1.00|pb_zfit|keepin_prop=0.12|keepin_zoom=1.350|flight_boost=1.11|speed|edge_zoom=0.863|bounds
361,1249.8,889.7,centroid,0.23,1196.6,540.0,867.9,0.0,657.5,1168.9,1,250.8,1,1,accel_zoom=0.805|shot_pb=1.00|flight_commit=1.00|keepin_prop=0.09|keepin_zoom=1.350|flight_boost=1.16|speed|edge_zoom=0.872|bounds
362,1209.1,876.9,centroid,0.23,1167.4,540.0,838.6,0.0,657.5,1168.9,1,262.3,1,1,accel_zoom=0.805|shot_pb=1.00|flight_commit=1.00|keepin_prop=0.07|keepin_zoom=1.350|flight_boost=1.20|speed|edge_zoom=0.880|bounds
363,1170.5,863.8,centroid,0.24,1137.0,540.0,808.3,0.0,657.5,1168.9,1,270.5,1,1,accel_zoom=0.805|shot_pb=1.00|flight_commit=1.00|keepin_prop=0.05|keepin_zoom=1.350|flight_boost=1.22|speed|edge_zoom=0.882|bounds
364,1133.8,850.6,centroid,0.24,1105.9,540.0,777.1,0.0,657.5,1168.9,1,276.1,1,1,accel_zoom=0.805|shot_pb=1.00|flight_commit=1.00|keepin_prop=0.03|keepin_zoom=1.350|flight_boost=1.19|speed|edge_zoom=0.884|bounds
365,1099.0,837.2,centroid,0.24,1074.2,540.0,745.5,0.0,657.5,1168.9,1,279.2,1,1,accel_zoom=0.805|shot_pb=1.00|flight_commit=1.00|keepin_prop=0.02|keepin_zoom=1.350|flight_boost=1.08|speed|edge_zoom=0.893|bounds
366,1066.1,823.7,centroid,0.25,1042.6,540.0,713.8,0.0,657.5,1168.9,1,280.5,1,1,accel_zoom=0.805|shot_pb=1.00|flight_commit=1.00|keepin_prop=0.01|keepin_zoom=1.350|flight_boost=1.05|speed|edge_zoom=0.893|bounds
367,1035.0,810.2,centroid,0.25,1011.4,540.0,682.6,0.0,657.5,1168.9,1,280.4,1,1,accel_zoom=0.805|shot_pb=1.00|flight_commit=1.00|keepin_prop=0.00|keepin_zoom=1.350|flight_boost=1.02|speed|edge_zoom=0.893|bounds
368,1005.8,796.7,centroid,0.25,981.1,540.0,652.4,0.0,657.5,1168.9,1,279.3,0,0,accel_zoom=0.805|shot_pb=1.00|flight_commit=1.00|edge_zoom=0.911|bounds
369,978.6,783.3,centroid,0.26,952.3,540.0,623.6,0.0,657.5,1168.9,1,277.7,0,0,accel_zoom=0.805|shot_pb=1.00|flight_commit=1.00|edge_zoom=0.917|bounds
370,953.3,770.2,centroid,0.26,925.4,540.0,596.6,0.0,657.5,1168.9,1,276.1,0,0,shot_pb=1.00|flight_commit=1.00|edge_zoom=0.923|bounds
371,930.3,757.3,centroid,0.26,900.7,540.0,571.9,0.0,657.5,1168.9,1,274.4,0,0,shot_pb=1.00|flight_commit=1.00|edge_zoom=0.929|bounds
372,909.5,744.9,centroid,0.27,878.4,540.0,549.7,0.0,657.5,1168.9,1,272.9,0,1,shot_pb=1.00|flight_commit=1.00|keepin_prop=0.00|keepin_zoom=1.350|edge_zoom=0.916|bounds
373,891.4,733.0,centroid,0.27,858.7,540.0,529.9,0.0,657.5,1168.9,1,271.3,0,0,shot_pb=1.00|flight_commit=1.00|edge_zoom=0.940|bounds
374,876.0,721.7,centroid,0.27,841.2,540.0,512.5,0.0,657.5,1168.9,1,269.2,0,1,shot_pb=1.00|flight_commit=1.00|keepin_prop=0.00|keepin_zoom=1.350|edge_zoom=0.926|bounds
375,864.0,711.1,centroid,0.28,825.8,540.0,497.1,0.0,657.5,1168.9,1,265.8,0,0,shot_pb=1.00|flight_commit=1.00|edge_zoom=0.952|bounds
376,855.5,701.4,centroid,0.28,811.9,540.0,483.2,0.0,657.5,1168.9,1,260.4,0,0,shot_pb=1.00|flight_commit=1.00|edge_zoom=0.965|bounds
377,851.2,692.5,centroid,0.28,799.0,540.0,470.2,0.0,657.5,1168.9,1,251.8,0,0,shot_pb=1.00|flight_commit=1.00|edge_zoom=0.990|bounds
378,851.5,684.6,centroid,0.29,786.2,540.0,457.4,0.0,657.5,1168.9,1,238.7,0,0,shot_pb=1.00|flight_commit=1.00|edge_zoom=0.980|bounds
379,914.5,694.6,blended,0.66,773.0,540.0,444.2,0.0,657.5,1168.9,1,162.5,0,0,accel_zoom=0.844|shot_pb=1.00|flight_commit=1.00|edge_zoom=0.931|bounds
380,926.9,686.9,interp,0.50,758.7,540.0,429.9,0.0,657.5,1168.9,1,135.8,0,0,shot_pb=1.00|flight_commit=1.00|edge_zoom=0.957|bounds
381,904.0,668.3,interp,0.50,742.8,540.0,414.0,0.0,657.5,1168.9,1,142.8,0,0,accel_zoom=0.859|shot_pb=1.00|flight_commit=1.00|edge_zoom=0.968|bounds
382,872.7,647.1,interp,0.50,725.0,540.0,396.2,0.0,657.5,1168.9,1,156.3,0,0,accel_zoom=0.859|shot_pb=1.00|flight_commit=1.00|edge_zoom=0.973|bounds
383,835.1,624.1,interp,0.50,705.2,540.0,376.4,0.0,657.5,1168.9,1,174.1,0,0,accel_zoom=0.859|shot_pb=1.00|flight_commit=1.00|edge_zoom=0.981|bounds
384,793.2,600.1,interp,0.50,683.4,540.0,354.6,0.0,657.5,1168.9,1,194.2,0,0,accel_zoom=0.859|shot_pb=1.00|flight_commit=1.00|flight_boost=1.04|edge_zoom=0.989|bounds
385,748.7,575.7,interp,0.50,659.8,540.0,331.1,0.0,657.5,1168.9,1,215.1,0,0,shot_pb=1.00|flight_commit=1.00|flight_boost=1.01|edge_zoom=0.998|bounds
386,702.9,551.4,interp,0.50,634.9,540.0,306.2,0.0,657.5,1168.9,1,236.0,0,0,shot_pb=1.00|flight_commit=1.00|flight_boost=1.11|edge_zoom=0.993|bounds
387,657.0,527.8,interp,0.50,609.1,540.0,280.3,0.0,657.5,1168.9,1,256.1,0,0,shot_pb=1.00|flight_commit=1.00|flight_boost=1.17|edge_zoom=0.984|bounds
388,612.0,505.1,interp,0.50,582.8,540.0,254.0,0.0,657.5,1168.9,1,274.8,0,1,shot_pb=1.00|flight_commit=1.00|keepin_prop=0.00|keepin_zoom=1.350|flight_boost=1.20|edge_zoom=0.991|bounds
389,568.8,483.8,interp,0.50,556.5,540.0,227.7,0.0,657.5,1168.9,1,291.7,0,0,accel_zoom=0.907|shot_pb=1.00|flight_commit=1.00|flight_boost=1.21|edge_zoom=0.968|bounds
390,527.8,464.1,interp,0.50,530.8,540.0,202.0,0.0,657.5,1168.9,1,301.0,0,0,accel_zoom=0.907|shot_pb=1.00|flight_commit=1.00|flight_boost=1.20|edge_zoom=0.961|bounds
391,489.6,446.1,interp,0.50,506.0,540.0,177.2,0.0,657.5,1168.9,1,287.6,0,0,accel_zoom=0.907|shot_pb=1.00|flight_commit=1.00|flight_boost=1.18|edge_zoom=0.954|bounds
392,454.4,429.9,interp,0.50,482.4,540.0,153.6,0.0,657.5,1168.9,1,276.0,0,1,accel_zoom=0.907|shot_pb=1.00|flight_commit=1.00|keepin_prop=0.00|keepin_zoom=1.350|flight_boost=1.14|edge_zoom=0.963|bounds
393,422.4,415.7,interp,0.50,460.4,540.0,131.6,0.0,657.5,1168.9,1,266.0,0,0,accel_zoom=0.907|shot_pb=1.00|flight_commit=1.00|flight_boost=1.10|edge_zoom=0.943|bounds
394,393.6,403.4,interp,0.50,440.2,540.0,111.4,0.0,657.5,1168.9,1,257.4,0,0,accel_zoom=0.907|shot_pb=1.00|flight_commit=1.00|flight_boost=1.05|edge_zoom=0.939|bounds
395,367.7,392.9,yolo,0.33,421.8,540.0,93.1,0.0,657.5,1168.9,1,249.9,0,1,shot_pb=1.00|flight_commit=1.00|keepin_prop=0.01|keepin_zoom=1.350|edge_zoom=0.947|bounds
396,343.8,384.0,yolo,0.36,405.5,540.0,76.7,0.0,657.5,1168.9,1,242.3,0,0,shot_pb=1.00|flight_commit=1.00|edge_zoom=0.933|bounds
397,321.3,376.5,interp,0.38,391.1,540.0,62.3,0.0,657.5,1168.9,1,234.2,0,1,shot_pb=1.00|flight_commit=1.00|keepin_prop=0.01|keepin_zoom=1.350|edge_zoom=0.941|bounds
398,300.1,369.9,yolo,0.46,378.7,540.0,49.9,0.0,657.5,1168.9,1,225.4,0,0,shot_pb=1.00|flight_commit=1.00|edge_zoom=0.930|bounds
399,279.4,364.4,yolo,0.45,368.2,540.0,39.5,0.0,657.5,1168.9,1,215.2,0,1,shot_pb=1.00|flight_commit=1.00|keepin_prop=0.00|keepin_zoom=1.350|edge_zoom=0.937|bounds
400,259.9,359.4,yolo,0.44,359.6,540.0,30.8,0.0,657.5,1168.9,1,204.3,0,0,shot_pb=1.00|flight_commit=1.00|edge_zoom=0.913|bounds
401,241.8,355.0,yolo,0.40,352.6,540.0,23.8,0.0,657.5,1168.9,1,193.2,0,0,shot_pb=1.00|flight_commit=1.00|pb_zfit|edge_zoom=0.864|bounds
402,225.3,351.0,yolo,0.42,347.1,540.0,18.3,0.0,657.5,1168.9,1,182.2,0,0,shot_pb=1.00|flight_commit=1.00|pb_zfit|edge_zoom=0.834|bounds
403,211.9,347.7,interp,0.38,343.1,540.0,14.3,0.0,657.5,1168.9,1,172.8,0,0,shot_pb=1.00|flight_commit=1.00|pb_zfit|edge_zoom=0.823|bounds
404,200.1,344.7,interp,0.38,340.3,540.0,11.5,0.0,657.5,1168.9,1,163.8,0,0,shot_pb=1.00|flight_commit=1.00|pb_zfit|edge_zoom=0.815|bounds
405,189.7,342.2,interp,0.38,338.6,540.0,9.9,0.0,657.5,1168.9,1,155.1,0,0,shot_pb=1.00|flight_commit=1.00|pb_zfit|edge_zoom=0.809|bounds
406,180.8,340.0,interp,0.38,338.0,540.0,9.3,0.0,657.5,1168.9,1,146.8,0,0,shot_pb=1.00|flight_commit=1.00|pb_zfit|edge_zoom=0.803|bounds
407,173.1,338.1,interp,0.38,338.3,540.0,9.6,0.0,657.5,1168.9,1,138.8,0,0,shot_pb=1.00|flight_commit=1.00|pb_zfit|edge_zoom=0.798|bounds
408,166.8,336.5,interp,0.38,339.5,540.0,10.8,0.0,657.5,1168.9,1,131.3,0,0,shot_pb=1.00|flight_commit=1.00|pb_zfit|edge_zoom=0.795|bounds
409,161.7,335.1,interp,0.38,341.5,540.0,12.7,0.0,657.5,1168.9,1,124.2,0,0,shot_pb=1.00|flight_commit=1.00|pb_zfit|edge_zoom=0.792|bounds
410,157.8,333.9,interp,0.38,344.2,540.0,15.5,0.0,657.5,1168.9,1,117.6,0,0,shot_pb=1.00|flight_commit=1.00|pb_zfit|edge_zoom=0.791|bounds
411,155.2,333.0,yolo,0.39,347.6,540.0,18.9,0.0,657.5,1168.9,1,111.6,0,0,shot_pb=1.00|flight_commit=1.00|pb_zfit|edge_zoom=0.793|bounds
412,153.3,332.4,yolo,0.44,351.6,540.0,22.9,0.0,657.5,1168.9,1,105.7,0,0,shot_pb=1.00|flight_commit=1.00|pb_zfit|edge_zoom=0.788|bounds
413,153.9,332.0,yolo,0.41,356.3,540.0,27.5,0.0,657.5,1168.9,1,101.6,0,0,shot_pb=1.00|flight_commit=1.00|pb_zfit|edge_zoom=0.904|bounds
414,156.6,331.5,yolo,0.41,361.4,540.0,32.6,0.0,657.5,1168.9,1,99.2,0,1,shot_pb=1.00|flight_commit=1.00|pb_zfit|keepin_prop=0.03|keepin_zoom=1.350|edge_zoom=0.922|bounds
415,160.5,330.9,interp,0.38,367.1,540.0,38.3,0.0,657.5,1168.9,1,97.4,0,0,shot_pb=1.00|flight_commit=1.00|person_ctx=4|pb_zfit|edge_zoom=0.920|bounds
416,165.6,330.3,interp,0.38,373.3,540.0,44.5,0.0,657.5,1168.9,1,96.3,0,1,shot_pb=1.00|flight_commit=1.00|pb_zfit|keepin_prop=0.10|keepin_zoom=1.350|edge_zoom=0.913|bounds
417,172.0,329.8,interp,0.38,379.9,540.0,51.1,0.0,657.5,1168.9,1,96.1,0,1,shot_pb=1.00|flight_commit=1.00|person_ctx=4|pb_zfit|keepin_prop=0.01|keepin_zoom=1.350|edge_zoom=0.924|bounds
418,179.4,329.3,interp,0.38,387.0,540.0,58.3,0.0,657.5,1168.9,1,96.4,0,0,shot_pb=1.00|flight_commit=1.00|pb_zfit|edge_zoom=0.922|bounds
419,188.1,328.7,yolo,0.37,394.7,540.0,65.9,0.0,657.5,1168.9,1,97.4,0,1,shot_pb=1.00|flight_commit=1.00|person_ctx=4|pb_zfit|keepin_prop=0.06|keepin_zoom=1.350|edge_zoom=0.918|bounds
420,199.7,328.2,yolo,0.42,402.8,540.0,74.0,0.0,657.5,1168.9,1,100.9,0,0,shot_pb=1.00|flight_commit=1.00|pb_zfit|edge_zoom=0.922|bounds
421,210.2,327.5,interp,0.38,411.4,540.0,82.6,0.0,657.5,1168.9,1,102.8,0,1,shot_pb=1.00|flight_commit=1.00|pb_zfit|keepin_prop=0.08|keepin_zoom=1.350|edge_zoom=0.914|bounds
422,221.3,326.9,interp,0.38,420.5,540.0,91.7,0.0,657.5,1168.9,1,104.8,0,1,shot_pb=1.00|flight_commit=1.00|pb_zfit|keepin_prop=0.00|keepin_zoom=1.350|edge_zoom=0.923|bounds
423,233.1,326.2,interp,0.38,430.0,540.0,101.2,0.0,657.5,1168.9,1,107.1,0,0,shot_pb=1.00|flight_commit=1.00|person_ctx=4|edge_zoom=0.921|bounds
424,245.5,325.4,interp,0.38,440.0,540.0,111.2,0.0,657.5,1168.9,1,109.5,0,1,shot_pb=1.00|flight_commit=1.00|pb_zfit|keepin_prop=0.04|keepin_zoom=1.350|edge_zoom=0.918|bounds
425,258.7,324.7,interp,0.38,450.4,540.0,121.6,0.0,657.5,1168.9,1,112.3,0,0,shot_pb=1.00|flight_commit=1.00|pb_zfit|edge_zoom=0.920|bounds
426,272.7,323.8,yolo,0.40,461.1,540.0,132.4,0.0,657.5,1168.9,1,115.6,0,1,shot_pb=1.00|flight_commit=1.00|person_ctx=4|keepin_prop=0.05|keepin_zoom=1.350|edge_zoom=0.916|bounds
427,289.7,322.8,yolo,0.37,472.1,540.0,143.4,0.0,657.5,1168.9,1,121.6,0,0,shot_pb=1.00|flight_commit=1.00|person_ctx=4|edge_zoom=0.919|bounds
428,305.4,321.8,interp,0.38,483.3,540.0,154.5,0.0,657.5,1168.9,1,126.1,0,1,shot_pb=1.00|flight_commit=1.00|person_ctx=4|keepin_prop=0.06|keepin_zoom=1.350|edge_zoom=0.915|bounds
429,321.4,320.8,yolo,0.35,494.6,540.0,165.8,0.0,657.5,1168.9,1,130.8,0,0,shot_pb=1.00|flight_commit=1.00|person_ctx=4|edge_zoom=0.919|bounds
430,338.3,319.8,yolo,0.38,506.0,540.0,177.2,0.0,657.5,1168.9,1,136.3,0,1,shot_pb=1.00|flight_commit=1.00|keepin_prop=0.07|keepin_zoom=1.350|edge_zoom=0.912|bounds
431,354.9,318.9,yolo,0.49,517.3,540.0,188.5,0.0,657.5,1168.9,1,141.6,0,0,shot_pb=1.00|flight_commit=1.00|edge_zoom=0.918|bounds
432,371.2,318.2,yolo,0.43,528.6,540.0,199.9,0.0,657.5,1168.9,1,146.6,0,1,shot_pb=1.00|flight_commit=1.00|keepin_prop=0.07|keepin_zoom=1.350|edge_zoom=0.912|bounds
433,387.1,317.7,yolo,0.39,539.9,540.0,211.1,0.0,657.5,1168.9,1,151.2,0,0,shot_pb=1.00|flight_commit=1.00|edge_zoom=0.918|bounds
434,402.5,317.3,yolo,0.45,551.1,540.0,222.3,0.0,657.5,1168.9,1,155.4,0,1,shot_pb=1.00|flight_commit=1.00|keepin_prop=0.07|keepin_zoom=1.350|edge_zoom=0.911|bounds
435,417.0,317.0,interp,0.38,562.3,540.0,233.5,0.0,657.5,1168.9,1,158.7,0,0,shot_pb=1.00|flight_commit=1.00|person_ctx=4|edge_zoom=0.919|bounds
436,431.2,316.9,interp,0.38,573.4,540.0,244.7,0.0,657.5,1168.9,1,161.8,0,1,shot_pb=1.00|flight_commit=1.00|person_ctx=4|keepin_prop=0.08|keepin_zoom=1.350|edge_zoom=0.910|bounds
437,445.3,316.7,yolo,0.39,584.6,540.0,255.8,0.0,657.5,1168.9,1,164.7,0,1,shot_pb=1.00|flight_commit=1.00|keepin_prop=0.00|keepin_zoom=1.350|edge_zoom=0.919|bounds
438,459.3,316.6,interp,0.38,595.7,540.0,267.0,0.0,657.5,1168.9,1,167.6,0,0,shot_pb=1.00|flight_commit=1.00|edge_zoom=0.919|bounds
439,473.4,316.6,interp,0.38,607.0,540.0,278.2,0.0,657.5,1168.9,1,170.4,0,1,shot_pb=1.00|flight_commit=1.00|keepin_prop=0.03|keepin_zoom=1.350|edge_zoom=0.916|bounds
440,487.6,316.5,interp,0.38,618.2,540.0,289.5,0.0,657.5,1168.9,1,173.4,0,0,shot_pb=1.00|flight_commit=1.00|edge_zoom=0.919|bounds
441,502.1,316.5,yolo,0.44,629.6,540.0,300.9,0.0,657.5,1168.9,1,176.5,0,1,shot_pb=1.00|flight_commit=1.00|keepin_prop=0.06|keepin_zoom=1.350|edge_zoom=0.912|bounds
442,518.1,316.5,yolo,0.39,641.1,540.0,312.3,0.0,657.5,1168.9,1,181.0,0,0,shot_pb=1.00|flight_commit=1.00|edge_zoom=0.919|bounds
443,534.1,316.4,yolo,0.35,652.7,540.0,323.9,0.0,657.5,1168.9,1,185.4,0,1,shot_pb=1.00|flight_commit=1.00|keepin_prop=0.07|keepin_zoom=1.350|edge_zoom=0.911|bounds
444,549.9,316.5,yolo,0.41,664.4,540.0,335.6,0.0,657.5,1168.9,1,189.5,0,0,shot_pb=1.00|flight_commit=1.00|edge_zoom=0.919|bounds
445,564.7,316.5,interp,0.38,676.3,540.0,347.5,0.0,657.5,1168.9,1,192.4,0,1,shot_pb=1.00|flight_commit=1.00|keepin_prop=0.08|keepin_zoom=1.350|edge_zoom=0.910|bounds
446,579.4,316.6,interp,0.38,688.3,540.0,359.5,0.0,657.5,1168.9,1,195.1,0,1,shot_pb=1.00|flight_commit=1.00|keepin_prop=0.00|keepin_zoom=1.350|edge_zoom=0.919|bounds
447,594.2,316.7,interp,0.38,700.5,540.0,371.7,0.0,657.5,1168.9,1,197.7,0,0,shot_pb=1.00|flight_commit=1.00|edge_zoom=0.919|bounds
448,609.1,316.7,yolo,0.36,712.9,540.0,384.1,0.0,657.5,1168.9,1,200.2,0,1,shot_pb=1.00|flight_commit=1.00|keepin_prop=0.00|keepin_zoom=1.350|edge_zoom=0.919|bounds
449,625.5,316.8,yolo,0.37,725.4,540.0,396.7,0.0,657.5,1168.9,1,204.1,0,0,shot_pb=1.00|flight_commit=1.00|edge_zoom=0.919|bounds
450,641.8,317.0,yolo,0.39,738.1,540.0,409.3,0.0,657.5,1168.9,1,207.7,0,0,shot_pb=1.00|flight_commit=1.00|edge_zoom=0.919|bounds
451,657.3,317.1,interp,0.38,750.8,540.0,422.0,0.0,657.5,1168.9,1,210.5,0,1,shot_pb=1.00|flight_commit=1.00|keepin_prop=0.00|keepin_zoom=1.350|edge_zoom=0.919|bounds
452,672.9,317.2,yolo,0.35,763.5,540.0,434.7,0.0,657.5,1168.9,1,213.4,0,0,shot_pb=1.00|flight_commit=1.00|edge_zoom=0.920|bounds
453,689.1,317.3,yolo,0.39,776.1,540.0,447.4,0.0,657.5,1168.9,1,217.0,0,0,shot_pb=1.00|flight_commit=1.00|edge_zoom=0.920|bounds
454,705.1,317.4,interp,0.38,788.6,540.0,459.9,0.0,657.5,1168.9,1,220.5,0,0,shot_pb=1.00|flight_commit=1.00|edge_zoom=0.920|bounds
455,721.0,317.5,interp,0.38,800.9,540.0,472.1,0.0,657.5,1168.9,1,224.1,0,0,shot_pb=1.00|flight_commit=1.00|edge_zoom=0.920|bounds
456,736.7,317.6,interp,0.38,812.9,540.0,484.1,0.0,657.5,1168.9,1,227.8,0,0,shot_pb=1.00|flight_commit=1.00|edge_zoom=0.920|bounds
457,752.1,317.7,interp,0.38,824.5,540.0,495.8,0.0,657.5,1168.9,1,231.6,0,0,shot_pb=1.00|flight_commit=1.00|edge_zoom=0.920|bounds
458,767.2,317.8,interp,0.38,835.8,540.0,507.0,0.0,657.5,1168.9,1,235.4,0,0,shot_pb=1.00|flight_commit=1.00|edge_zoom=0.920|bounds
459,781.9,317.9,interp,0.38,846.6,540.0,517.9,0.0,657.5,1168.9,1,239.3,0,0,shot_pb=1.00|flight_commit=1.00|edge_zoom=0.920|bounds
460,796.1,318.0,interp,0.38,857.1,540.0,528.3,0.0,657.5,1168.9,1,243.0,0,0,shot_pb=1.00|flight_commit=1.00|edge_zoom=0.920|bounds
461,809.7,318.1,interp,0.38,867.2,540.0,538.4,0.0,657.5,1168.9,1,246.5,0,1,shot_pb=1.00|flight_commit=1.00|keepin_prop=0.00|keepin_zoom=1.350|edge_zoom=0.920|bounds
462,822.5,318.2,interp,0.38,877.0,540.0,548.2,0.0,657.5,1168.9,1,249.5,0,0,shot_pb=1.00|flight_commit=1.00|edge_zoom=0.920|bounds
463,834.6,318.3,interp,0.38,886.6,540.0,557.8,0.0,657.5,1168.9,1,252.0,0,0,shot_pb=1.00|flight_commit=1.00|edge_zoom=0.920|bounds
464,839.6,318.7,interp,0.38,896.1,540.0,567.3,0.0,657.5,1168.9,1,247.5,0,1,shot_pb=1.00|flight_commit=1.00|keepin_prop=0.02|keepin_zoom=1.350|edge_zoom=0.917|bounds
465,850.2,318.8,interp,0.38,905.6,540.0,576.8,0.0,657.5,1168.9,1,248.6,0,0,shot_pb=1.00|flight_commit=1.00|edge_zoom=0.920|bounds
466,861.3,318.9,interp,0.38,915.3,540.0,586.5,0.0,657.5,1168.9,1,250.0,0,1,shot_pb=1.00|flight_commit=1.00|keepin_prop=0.02|keepin_zoom=1.350|edge_zoom=0.918|bounds
467,873.0,318.9,interp,0.38,925.3,540.0,596.6,0.0,657.5,1168.9,1,251.7,0,0,shot_pb=1.00|flight_commit=1.00|edge_zoom=0.920|bounds
468,885.3,318.9,interp,0.38,935.8,540.0,607.0,0.0,657.5,1168.9,1,253.5,0,1,shot_pb=1.00|flight_commit=1.00|keepin_prop=0.05|keepin_zoom=1.350|edge_zoom=0.914|bounds
469,898.5,318.9,interp,0.38,946.7,540.0,618.0,0.0,657.5,1168.9,1,255.8,0,1,shot_pb=1.00|flight_commit=1.00|keepin_prop=0.00|keepin_zoom=1.350|edge_zoom=0.920|bounds
470,912.7,318.9,interp,0.38,958.2,540.0,629.5,0.0,657.5,1168.9,1,258.5,0,0,shot_pb=1.00|flight_commit=1.00|edge_zoom=0.920|bounds
471,928.0,318.8,interp,0.38,970.3,540.0,641.6,0.0,657.5,1168.9,1,261.7,0,1,shot_pb=1.00|flight_commit=1.00|keepin_prop=0.02|keepin_zoom=1.350|edge_zoom=0.917|bounds
472,944.7,318.6,interp,0.38,983.0,540.0,654.2,0.0,657.5,1168.9,1,265.7,0,0,shot_pb=1.00|flight_commit=1.00|edge_zoom=0.920|bounds
473,963.1,318.5,interp,0.38,996.1,540.0,667.4,0.0,657.5,1168.9,1,271.0,0,1,shot_pb=1.00|flight_commit=1.00|keepin_prop=0.04|keepin_zoom=1.350|edge_zoom=0.915|bounds
474,983.2,318.2,interp,0.38,1009.7,540.0,680.9,0.0,657.5,1168.9,1,277.5,0,0,shot_pb=1.00|flight_commit=1.00|edge_zoom=0.919|bounds
475,1022.6,317.7,yolo,0.59,1023.5,540.0,694.7,0.0,657.5,1168.9,1,303.1,0,1,accel_zoom=0.887|shot_pb=1.00|flight_commit=1.00|keepin_prop=0.00|keepin_zoom=1.350|edge_zoom=0.919|bounds
476,1043.1,317.4,interp,0.38,1037.4,540.0,708.7,0.0,657.5,1168.9,1,298.3,0,0,shot_pb=1.00|flight_commit=1.00|edge_zoom=0.919|bounds
477,1062.1,317.2,interp,0.38,1051.4,540.0,722.6,0.0,657.5,1168.9,1,293.3,0,1,shot_pb=1.00|flight_commit=1.00|keepin_prop=0.01|keepin_zoom=1.350|edge_zoom=0.918|bounds
478,1079.8,316.9,interp,0.38,1065.3,540.0,736.5,0.0,657.5,1168.9,1,289.5,0,0,shot_pb=1.00|flight_commit=1.00|edge_zoom=0.919|bounds
479,1096.5,316.6,yolo,0.49,1078.9,540.0,750.2,0.0,657.5,1168.9,1,286.4,0,1,shot_pb=1.00|flight_commit=1.00|keepin_prop=0.03|keepin_zoom=1.350|edge_zoom=0.916|bounds
480,1112.5,316.4,interp,0.38,1092.4,540.0,763.6,0.0,657.5,1168.9,1,283.9,0,0,shot_pb=1.00|flight_commit=1.00|edge_zoom=0.919|bounds
481,1127.8,316.1,interp,0.38,1105.5,540.0,776.7,0.0,657.5,1168.9,1,281.7,0,1,shot_pb=1.00|flight_commit=1.00|keepin_prop=0.06|keepin_zoom=1.350|edge_zoom=0.913|bounds
482,1142.6,315.9,interp,0.38,1118.3,540.0,789.6,0.0,657.5,1168.9,1,279.7,0,0,shot_pb=1.00|flight_commit=1.00|edge_zoom=0.918|bounds
483,1157.1,315.7,interp,0.38,1130.9,540.0,802.1,0.0,657.5,1168.9,1,277.8,0,1,shot_pb=1.00|flight_commit=1.00|keepin_prop=0.08|keepin_zoom=1.350|edge_zoom=0.910|bounds
484,1171.3,315.4,interp,0.38,1143.2,540.0,814.4,0.0,657.5,1168.9,1,275.9,0,1,shot_pb=1.00|flight_commit=1.00|keepin_prop=0.00|keepin_zoom=1.350|edge_zoom=0.919|bounds
485,1185.5,315.2,interp,0.38,1155.2,540.0,826.4,0.0,657.5,1168.9,1,273.7,0,0,shot_pb=1.00|flight_commit=1.00|person_ctx=4|edge_zoom=0.918|bounds
486,1199.8,315.0,yolo,0.44,1167.0,540.0,838.2,0.0,657.5,1168.9,1,271.2,0,1,shot_pb=1.00|flight_commit=1.00|keepin_prop=0.03|keepin_zoom=1.350|edge_zoom=0.916|bounds
487,1216.2,314.8,yolo,0.38,1178.6,540.0,849.8,0.0,657.5,1168.9,1,266.4,0,0,shot_pb=1.00|flight_commit=1.00|edge_zoom=0.918|bounds
488,1232.1,314.7,yolo,0.35,1190.0,540.0,861.3,0.0,657.5,1168.9,1,261.9,0,1,shot_pb=1.00|flight_commit=1.00|keepin_prop=0.05|keepin_zoom=1.350|edge_zoom=0.913|bounds
489,1247.5,314.6,yolo,0.34,1201.3,540.0,872.5,0.0,657.5,1168.9,1,257.8,0,0,shot_pb=1.00|flight_commit=1.00|edge_zoom=0.918|bounds
490,1260.9,314.5,interp,0.38,1212.3,540.0,883.6,0.0,657.5,1168.9,1,255.4,0,1,shot_pb=1.00|flight_commit=1.00|pb_zfit|keepin_prop=0.07|keepin_zoom=1.350|edge_zoom=0.910|bounds
491,1273.8,314.4,interp,0.38,1223.3,540.0,894.5,0.0,657.5,1168.9,1,253.5,0,0,shot_pb=1.00|flight_commit=1.00|pb_zfit|edge_zoom=0.918|bounds
492,1286.4,314.4,interp,0.38,1234.0,540.0,905.3,0.0,657.5,1168.9,1,251.6,0,1,shot_pb=1.00|flight_commit=1.00|pb_zfit|keepin_prop=0.07|keepin_zoom=1.350|edge_zoom=0.910|bounds
493,1298.7,314.4,interp,0.38,1244.6,540.0,915.9,0.0,657.5,1168.9,1,249.9,0,1,shot_pb=1.00|flight_commit=1.00|pb_zfit|keepin_prop=0.00|keepin_zoom=1.350|edge_zoom=0.918|bounds
494,1310.9,314.4,interp,0.38,1255.0,540.0,926.3,0.0,657.5,1168.9,1,248.1,0,0,shot_pb=1.00|flight_commit=1.00|pb_zfit|edge_zoom=0.918|bounds
495,1323.0,314.4,interp,0.38,1265.3,540.0,936.5,0.0,657.5,1168.9,1,246.3,0,1,shot_pb=1.00|flight_commit=1.00|pb_zfit|keepin_prop=0.03|keepin_zoom=1.350|edge_zoom=0.915|bounds
496,1335.2,314.5,interp,0.38,1275.4,540.0,946.6,0.0,657.5,1168.9,1,244.2,0,0,shot_pb=1.00|flight_commit=1.00|pb_zfit|edge_zoom=0.918|bounds
497,1347.6,314.5,interp,0.38,1285.3,540.0,956.5,0.0,657.5,1168.9,1,241.7,0,1,shot_pb=1.00|flight_commit=1.00|pb_zfit|keepin_prop=0.06|keepin_zoom=1.350|edge_zoom=0.911|bounds
498,1360.2,314.6,yolo,0.34,1295.0,540.0,966.2,0.0,657.5,1168.9,1,238.8,0,0,shot_pb=1.00|flight_commit=1.00|pb_zfit|edge_zoom=0.919|bounds
499,1375.4,314.7,yolo,0.38,1304.4,540.0,975.6,0.0,657.5,1168.9,1,233.0,0,1,shot_pb=1.00|flight_commit=1.00|pb_zfit|keepin_prop=0.07|keepin_zoom=1.350|edge_zoom=0.910|bounds
500,1390.1,314.7,yolo,0.48,1313.6,540.0,984.9,0.0,657.5,1168.9,1,227.5,0,0,shot_pb=1.00|flight_commit=1.00|pb_zfit|edge_zoom=0.919|bounds
501,1404.0,314.8,yolo,0.44,1322.6,540.0,993.8,0.0,657.5,1168.9,1,222.6,0,1,shot_pb=1.00|flight_commit=1.00|pb_zfit|keepin_prop=0.07|keepin_zoom=1.350|edge_zoom=0.910|bounds
502,1416.3,315.0,interp,0.38,1331.3,540.0,1002.5,0.0,657.5,1168.9,1,219.0,0,1,shot_pb=1.00|flight_commit=1.00|pb_zfit|keepin_prop=0.00|keepin_zoom=1.350|edge_zoom=0.919|bounds
503,1427.9,315.2,yolo,0.44,1339.8,540.0,1011.0,0.0,657.5,1168.9,1,215.9,0,0,shot_pb=1.00|flight_commit=1.00|pb_zfit|edge_zoom=0.919|bounds
504,1439.2,315.5,yolo,0.46,1348.0,540.0,1019.2,0.0,657.5,1168.9,1,212.8,0,1,shot_pb=1.00|flight_commit=1.00|pb_zfit|keepin_prop=0.03|keepin_zoom=1.350|edge_zoom=0.915|bounds
505,1449.4,316.0,yolo,0.56,1355.9,540.0,1027.1,0.0,657.5,1168.9,1,210.5,0,0,shot_pb=1.00|flight_commit=1.00|pb_zfit|edge_zoom=0.920|bounds
506,1458.5,316.7,yolo,0.62,1363.6,540.0,1034.8,0.0,657.5,1168.9,1,209.1,0,1,shot_pb=1.00|flight_commit=1.00|pb_zfit|keepin_prop=0.07|keepin_zoom=1.350|edge_zoom=0.911|bounds
507,1466.7,317.7,yolo,0.66,1370.9,540.0,1042.2,0.0,657.5,1168.9,1,208.2,0,1,shot_pb=1.00|flight_commit=1.00|pb_zfit|keepin_prop=0.00|keepin_zoom=1.350|edge_zoom=0.919|bounds
508,1474.0,319.0,yolo,0.63,1378.0,540.0,1049.3,0.0,657.5,1168.9,1,208.0,0,0,shot_pb=1.00|flight_commit=1.00|pb_zfit|edge_zoom=0.926|bounds
509,1480.5,320.9,yolo,0.55,1384.8,540.0,1056.0,0.0,657.5,1168.9,1,208.3,0,1,shot_pb=1.00|flight_commit=1.00|person_ctx=4|pb_zfit|keepin_prop=0.04|keepin_zoom=1.350|edge_zoom=0.916|bounds
510,1486.3,323.2,yolo,0.47,1391.1,540.0,1062.4,0.0,657.5,1168.9,1,208.8,0,0,shot_pb=1.00|flight_commit=1.00|person_ctx=4|pb_zfit|edge_zoom=0.934|bounds
511,1491.5,326.1,yolo,0.47,1397.1,540.0,1068.3,0.0,657.5,1168.9,1,209.6,0,1,shot_pb=1.00|flight_commit=1.00|pb_zfit|keepin_prop=0.05|keepin_zoom=1.350|edge_zoom=0.917|bounds
512,1496.0,329.3,interp,0.38,1402.6,540.0,1073.8,0.0,657.5,1168.9,1,210.6,0,0,shot_pb=1.00|flight_commit=1.00|pb_zfit|edge_zoom=0.944|bounds
513,1500.1,333.1,interp,0.38,1407.6,540.0,1078.8,0.0,657.5,1168.9,1,211.5,0,1,shot_pb=1.00|flight_commit=1.00|pb_zfit|keepin_prop=0.02|keepin_zoom=1.350|edge_zoom=0.923|bounds
514,1503.8,337.5,interp,0.38,1412.1,540.0,1083.3,0.0,657.5,1168.9,1,212.3,0,0,shot_pb=1.00|flight_commit=1.00|person_ctx=4|pb_zfit|edge_zoom=0.953|bounds
515,1507.2,342.4,interp,0.38,1415.9,540.0,1087.2,0.0,657.5,1168.9,1,212.7,0,0,shot_pb=1.00|flight_commit=1.00|pb_zfit|edge_zoom=0.972|bounds
516,1510.5,348.0,interp,0.38,1419.1,540.0,1090.4,0.0,657.5,1168.9,1,212.6,0,0,shot_pb=1.00|flight_commit=1.00|person_ctx=4|pb_zfit|edge_zoom=0.981|bounds
517,1513.7,354.4,yolo,0.43,1421.6,540.0,1092.9,0.0,657.5,1168.9,1,211.9,0,0,shot_pb=1.00|flight_commit=1.00|pb_zfit|edge_zoom=0.987|bounds
518,1516.4,361.7,yolo,0.46,1423.4,540.0,1094.6,0.0,657.5,1168.9,1,211.0,0,0,shot_pb=1.00|flight_commit=1.00|pb_zfit|edge_zoom=0.992|bounds
519,1519.2,369.8,yolo,0.44,1424.3,540.0,1095.5,0.0,657.5,1168.9,1,209.1,0,0,shot_pb=1.00|flight_commit=1.00|pb_zfit|edge_zoom=0.995|bounds
520,1523.4,380.3,interp,0.38,1424.2,540.0,1095.5,0.0,657.5,1168.9,1,204.8,0,0,shot_pb=1.00|flight_commit=1.00|pb_zfit|edge_zoom=0.998|bounds
521,1527.8,391.4,interp,0.38,1423.2,540.0,1094.4,0.0,657.5,1168.9,1,199.4,0,0,shot_pb=1.00|flight_commit=1.00|pb_zfit|bounds
522,1532.3,403.2,interp,0.38,1421.1,540.0,1092.4,0.0,657.5,1168.9,1,192.8,0,0,shot_pb=1.00|flight_commit=1.00|pb_zfit|bounds
523,1536.7,415.3,interp,0.38,1417.9,540.0,1089.1,0.0,657.5,1168.9,1,185.2,0,0,shot_pb=1.00|flight_commit=1.00|person_ctx=4|pb_zfit|bounds
524,1541.0,427.7,yolo,0.38,1413.4,540.0,1084.6,0.0,657.5,1168.9,1,176.4,0,0,shot_pb=1.00|flight_commit=1.00|person_ctx=4|pb_zfit|bounds
525,1546.2,441.7,interp,0.38,1407.7,540.0,1078.9,0.0,657.5,1168.9,1,165.5,0,0,shot_pb=1.00|flight_commit=1.00|person_ctx=4|pb_zfit|bounds
526,1550.8,455.1,interp,0.38,1400.8,540.0,1072.0,0.0,657.5,1168.9,1,154.0,0,0,shot_pb=1.00|flight_commit=1.00|person_ctx=4|pb_zfit|bounds
527,1554.4,467.3,yolo,0.35,1392.7,540.0,1063.9,0.0,657.5,1168.9,1,142.3,0,0,shot_pb=1.00|flight_commit=1.00|pb_zfit|bounds
528,1554.6,474.7,interp,0.38,1383.6,540.0,1054.8,0.0,657.5,1168.9,1,133.0,0,0,shot_pb=1.00|flight_commit=1.00|pb_zfit|edge_zoom=0.997|bounds
529,1553.6,480.4,yolo,0.38,1373.5,540.0,1044.8,0.0,657.5,1168.9,1,123.9,0,0,shot_pb=1.00|flight_commit=1.00|pb_zfit|edge_zoom=0.989|bounds
530,1551.1,483.6,interp,0.38,1362.8,540.0,1034.1,0.0,657.5,1168.9,1,115.7,0,0,shot_pb=1.00|flight_commit=1.00|pb_zfit|edge_zoom=0.990|bounds
531,1547.6,485.2,interp,0.38,1351.6,540.0,1022.9,0.0,657.5,1168.9,1,108.0,0,0,shot_pb=1.00|flight_commit=1.00|pb_zfit|edge_zoom=0.998|bounds
532,1543.1,485.6,interp,0.38,1340.1,540.0,1011.4,0.0,657.5,1168.9,1,101.0,0,1,shot_pb=1.00|flight_commit=1.00|pb_zfit|keepin_prop=0.00|keepin_zoom=1.350|edge_zoom=0.984|bounds
533,1537.8,484.9,interp,0.38,1328.6,540.0,999.8,0.0,657.5,1168.9,1,94.8,0,0,shot_pb=1.00|flight_commit=1.00|pb_zfit|edge_zoom=0.904|bounds
534,1531.6,483.3,interp,0.38,1317.0,540.0,988.3,0.0,657.5,1168.9,1,89.4,0,1,shot_pb=1.00|flight_commit=1.00|pb_zfit|keepin_prop=0.00|keepin_zoom=1.350|edge_zoom=0.983|bounds
535,1524.8,480.9,interp,0.38,1305.7,540.0,976.9,0.0,657.5,1168.9,1,84.9,0,0,shot_pb=1.00|flight_commit=1.00|pb_zfit|edge_zoom=0.924|bounds
536,1517.2,477.9,interp,0.38,1294.5,540.0,965.7,0.0,657.5,1168.9,1,81.3,0,1,shot_pb=1.00|flight_commit=1.00|pb_zfit|keepin_prop=0.00|keepin_zoom=1.350|edge_zoom=0.981|bounds
537,1509.1,474.4,interp,0.38,1283.5,540.0,954.8,0.0,657.5,1168.9,1,78.4,0,0,shot_pb=1.00|flight_commit=1.00|pb_zfit|edge_zoom=0.942|bounds
538,1500.4,470.5,yolo,0.34,1272.7,540.0,944.0,0.0,657.5,1168.9,1,76.3,0,1,shot_pb=1.00|flight_commit=1.00|pb_zfit|keepin_prop=0.00|keepin_zoom=1.350|edge_zoom=0.978|bounds
539,1491.1,466.6,interp,0.38,1262.0,540.0,933.2,0.0,657.5,1168.9,1,74.9,0,0,shot_pb=1.00|flight_commit=1.00|pb_zfit|edge_zoom=0.953|bounds
540,1481.3,462.5,interp,0.38,1251.3,540.0,922.5,0.0,657.5,1168.9,1,74.0,0,1,shot_pb=1.00|flight_commit=1.00|pb_zfit|keepin_prop=0.00|keepin_zoom=1.350|edge_zoom=0.975|bounds
541,1470.9,458.3,interp,0.38,1240.5,540.0,911.7,0.0,657.5,1168.9,1,73.6,0,0,shot_pb=1.00|flight_commit=1.00|pb_zfit|edge_zoom=0.961|bounds
542,1459.9,453.9,interp,0.38,1229.5,540.0,900.8,0.0,657.5,1168.9,1,73.6,0,1,shot_pb=1.00|flight_commit=1.00|pb_zfit|keepin_prop=0.01|keepin_zoom=1.350|edge_zoom=0.971|bounds
543,1448.2,449.4,interp,0.38,1218.4,540.0,889.6,0.0,657.5,1168.9,1,74.2,0,0,shot_pb=1.00|flight_commit=1.00|pb_zfit|edge_zoom=0.958|bounds
544,1435.9,444.9,interp,0.38,1207.0,540.0,878.2,0.0,657.5,1168.9,1,75.1,0,1,shot_pb=1.00|flight_commit=1.00|pb_zfit|keepin_prop=0.02|keepin_zoom=1.350|edge_zoom=0.968|bounds
545,1422.9,440.4,interp,0.38,1195.3,540.0,866.6,0.0,657.5,1168.8,1,76.4,0,0,shot_pb=1.00|flight_commit=1.00|pb_zfit|edge_zoom=0.955|bounds
546,1409.0,435.9,interp,0.38,1183.4,540.0,854.7,0.0,657.4,1168.8,1,78.4,0,1,shot_pb=1.00|flight_commit=1.00|pb_zfit|keepin_prop=0.03|keepin_zoom=1.350|edge_zoom=0.963|bounds
547,1394.3,431.5,interp,0.38,1171.2,540.0,842.6,0.0,657.3,1168.6,1,80.9,0,0,shot_pb=1.00|flight_commit=1.00|pb_zfit|edge_zoom=0.953|bounds
548,1378.6,427.1,interp,0.38,1158.9,540.0,830.3,0.0,657.2,1168.4,1,84.3,0,1,shot_pb=1.00|flight_commit=1.00|pb_zfit|keepin_prop=0.04|keepin_zoom=1.350|edge_zoom=0.959|bounds
549,1361.8,423.0,yolo,0.37,1146.5,540.0,818.0,0.0,657.0,1168.0,1,88.7,0,0,shot_pb=1.00|flight_commit=1.00|pb_zfit|edge_zoom=0.952|bounds
550,1340.2,417.3,yolo,0.36,1134.1,540.0,805.8,0.0,656.7,1167.4,1,97.9,0,1,accel_zoom=0.940|shot_pb=1.00|flight_commit=1.00|pb_zfit|keepin_prop=0.03|keepin_zoom=1.350|edge_zoom=0.956|bounds
551,1319.1,413.4,yolo,0.42,1121.9,540.0,793.8,0.0,656.2,1166.7,1,106.8,0,0,accel_zoom=0.940|shot_pb=1.00|flight_commit=1.00|pb_zfit|edge_zoom=0.950|bounds
552,1298.7,410.9,yolo,0.43,1109.9,540.0,782.0,0.0,655.6,1165.6,1,115.2,0,1,shot_pb=1.00|flight_commit=1.00|pb_zfit|keepin_prop=0.03|keepin_zoom=1.350|edge_zoom=0.954|bounds
553,1279.3,409.7,yolo,0.40,1098.2,540.0,770.8,0.0,654.9,1164.2,1,122.9,0,0,shot_pb=1.00|flight_commit=1.00|pb_zfit|edge_zoom=0.953|bounds
554,1261.2,409.5,yolo,0.44,1087.1,540.0,760.1,0.0,653.9,1162.4,1,129.9,0,1,shot_pb=1.00|flight_commit=1.00|keepin_prop=0.04|keepin_zoom=1.350|edge_zoom=0.952|bounds
555,1244.4,410.3,yolo,0.45,1076.5,540.0,750.2,0.0,652.7,1160.3,1,136.1,0,0,shot_pb=1.00|flight_commit=1.00|edge_zoom=0.957|bounds
556,1229.0,412.1,yolo,0.54,1066.6,540.0,741.0,0.0,651.3,1157.8,1,141.6,0,1,shot_pb=1.00|flight_commit=1.00|person_ctx=4|keepin_prop=0.04|keepin_zoom=1.350|edge_zoom=0.953|bounds
557,1215.1,415.0,yolo,0.48,1057.4,540.0,732.5,0.0,649.6,1154.9,1,146.3,0,0,shot_pb=1.00|flight_commit=1.00|edge_zoom=0.964|bounds
558,1203.0,418.8,yolo,0.41,1048.7,540.0,724.8,0.0,647.9,1151.9,1,149.7,0,1,shot_pb=1.00|flight_commit=1.00|person_ctx=4|keepin_prop=0.05|keepin_zoom=1.350|edge_zoom=0.955|bounds
559,1193.2,423.7,interp,0.38,1040.7,540.0,717.6,0.0,646.2,1148.7,1,151.5,0,0,shot_pb=1.00|flight_commit=1.00|edge_zoom=0.976|bounds
560,1185.1,429.7,interp,0.38,1033.0,540.0,710.8,0.0,644.5,1145.7,1,151.9,0,1,shot_pb=1.00|flight_commit=1.00|person_ctx=4|keepin_prop=0.01|keepin_zoom=1.350|edge_zoom=0.973|bounds
561,1178.7,437.0,yolo,0.39,1025.6,540.0,704.1,0.0,643.0,1143.0,1,150.9,0,0,shot_pb=1.00|flight_commit=1.00|person_ctx=4|edge_zoom=0.995|bounds
562,1181.5,452.1,yolo,0.35,1018.2,540.0,697.3,0.0,641.8,1140.9,1,140.7,0,0,shot_pb=1.00|flight_commit=1.00|edge_zoom=0.995|bounds
563,1179.6,463.4,yolo,0.37,1010.6,540.0,690.1,0.0,640.9,1139.4,1,135.0,0,0,shot_pb=1.00|flight_commit=1.00|bounds
564,1179.1,475.2,yolo,0.34,1002.6,540.0,682.3,0.0,640.6,1138.8,1,127.5,0,0,shot_pb=1.00|flight_commit=1.00|bounds
565,1172.9,482.2,interp,0.38,994.0,540.0,673.6,0.0,640.7,1139.1,1,125.1,0,0,shot_pb=1.00|flight_commit=1.00|edge_zoom=0.992|bounds
566,1164.3,487.2,yolo,0.33,984.7,540.0,664.0,0.0,641.3,1140.2,1,124.4,0,1,shot_pb=1.00|flight_commit=1.00|keepin_prop=0.00|keepin_zoom=1.350|edge_zoom=0.985|bounds
567,1147.4,486.3,yolo,0.41,974.7,540.0,653.5,0.0,642.4,1142.0,1,131.3,0,0,shot_pb=1.00|flight_commit=1.00|edge_zoom=0.982|bounds
568,1130.2,484.6,interp,0.38,963.8,540.0,641.9,0.0,643.8,1144.5,1,137.6,0,1,shot_pb=1.00|flight_commit=1.00|keepin_prop=0.03|keepin_zoom=1.350|edge_zoom=0.983|bounds
569,1111.5,481.6,yolo,0.40,952.3,540.0,629.6,0.0,645.4,1147.4,1,144.8,0,0,shot_pb=1.00|flight_commit=1.00|edge_zoom=0.977|bounds
570,1092.2,477.9,interp,0.38,940.1,540.0,616.5,0.0,647.1,1150.4,1,151.9,0,1,shot_pb=1.00|flight_commit=1.00|keepin_prop=0.03|keepin_zoom=1.350|edge_zoom=0.980|bounds
571,1072.3,473.7,yolo,0.37,927.3,540.0,602.9,0.0,648.8,1153.3,1,159.0,0,0,accel_zoom=0.945|shot_pb=1.00|flight_commit=1.00|edge_zoom=0.972|bounds
572,1052.4,469.4,interp,0.38,914.1,540.0,589.0,0.0,650.3,1156.1,1,165.7,0,1,shot_pb=1.00|flight_commit=1.00|keepin_prop=0.03|keepin_zoom=1.350|edge_zoom=0.977|bounds
573,1032.3,464.9,yolo,0.37,900.7,540.0,574.9,0.0,651.6,1158.3,1,172.4,0,0,shot_pb=1.00|flight_commit=1.00|person_ctx=4|edge_zoom=0.969|bounds
574,1011.3,460.0,yolo,0.40,887.1,540.0,560.9,0.0,652.5,1160.0,1,179.8,0,1,accel_zoom=0.944|shot_pb=1.00|flight_commit=1.00|keepin_prop=0.02|keepin_zoom=1.350|edge_zoom=0.973|bounds
575,992.6,456.2,interp,0.38,873.6,540.0,547.0,0.0,653.1,1161.0,1,185.0,0,0,shot_pb=1.00|flight_commit=1.00|person_ctx=4|edge_zoom=0.966|bounds
576,974.3,452.7,yolo,0.49,860.2,540.0,533.6,0.0,653.2,1161.2,1,189.9,0,1,shot_pb=1.00|flight_commit=1.00|keepin_prop=0.03|keepin_zoom=1.350|edge_zoom=0.970|bounds
577,956.0,449.4,yolo,0.57,847.0,540.0,520.6,0.0,652.8,1160.6,1,195.0,0,0,shot_pb=1.00|flight_commit=1.00|edge_zoom=0.964|bounds
578,938.8,446.8,yolo,0.62,834.2,540.0,508.2,0.0,652.0,1159.2,1,199.4,0,1,shot_pb=1.00|flight_commit=1.00|person_ctx=4|keepin_prop=0.04|keepin_zoom=1.350|edge_zoom=0.967|bounds
579,922.8,444.8,yolo,0.60,821.8,540.0,496.4,0.0,650.8,1156.9,1,203.0,0,0,shot_pb=1.00|flight_commit=1.00|person_ctx=4|edge_zoom=0.965|bounds
580,908.1,443.6,yolo,0.58,809.8,540.0,485.3,0.0,649.1,1154.0,1,205.7,0,1,shot_pb=1.00|flight_commit=1.00|keepin_prop=0.01|keepin_zoom=1.350|edge_zoom=0.967|bounds
581,895.3,443.2,interp,0.38,798.3,540.0,474.8,0.0,647.1,1150.4,1,207.0,0,0,shot_pb=1.00|flight_commit=1.00|person_ctx=4|edge_zoom=0.967|bounds
582,883.5,443.5,interp,0.38,787.3,540.0,464.8,0.0,644.9,1146.5,1,207.8,0,0,shot_pb=1.00|flight_commit=1.00|person_ctx=4|edge_zoom=0.973|bounds
583,872.7,444.4,interp,0.38,776.5,540.0,455.2,0.0,642.6,1142.3,1,207.8,0,0,shot_pb=1.00|flight_commit=1.00|person_ctx=4|edge_zoom=0.982|bounds
584,862.7,446.0,yolo,0.50,766.0,540.0,445.9,0.0,640.2,1138.2,1,207.3,0,0,shot_pb=1.00|flight_commit=1.00|edge_zoom=0.986|bounds
585,863.5,454.2,yolo,0.43,755.6,540.0,436.6,0.0,638.1,1134.3,1,196.1,0,0,shot_pb=1.00|flight_commit=1.00|edge_zoom=0.996|bounds
586,856.7,458.4,yolo,0.51,745.1,540.0,427.1,0.0,636.1,1130.9,1,192.4,0,0,shot_pb=1.00|flight_commit=1.00|edge_zoom=0.994|bounds
587,838.4,456.3,yolo,0.54,734.5,540.0,417.2,0.0,634.6,1128.1,1,200.1,0,0,shot_pb=1.00|flight_commit=1.00|edge_zoom=0.979|bounds
588,818.2,453.3,yolo,0.54,723.4,540.0,406.7,0.0,633.5,1126.2,1,209.2,0,0,shot_pb=1.00|flight_commit=1.00|edge_zoom=0.983|bounds
589,799.8,451.0,interp,0.38,711.9,540.0,395.5,0.0,632.8,1125.0,1,216.1,0,0,shot_pb=1.00|flight_commit=1.00|edge_zoom=0.984|bounds
590,780.5,448.5,yolo,0.55,699.9,540.0,383.6,0.0,632.6,1124.6,1,223.4,0,0,shot_pb=1.00|flight_commit=1.00|edge_zoom=0.982|bounds
591,760.1,445.7,yolo,0.58,687.2,540.0,370.8,0.0,632.8,1125.0,1,231.1,0,0,shot_pb=1.00|flight_commit=1.00|edge_zoom=0.978|bounds
592,740.2,443.3,yolo,0.54,674.0,540.0,357.2,0.0,633.5,1126.1,1,237.8,0,0,shot_pb=1.00|flight_commit=1.00|edge_zoom=0.973|bounds
593,720.6,441.3,yolo,0.59,660.2,540.0,343.0,0.0,634.4,1127.8,1,243.6,0,0,shot_pb=1.00|flight_commit=1.00|edge_zoom=0.968|bounds
594,701.5,439.5,yolo,0.61,645.9,540.0,328.2,0.0,635.5,1129.8,1,248.4,0,0,shot_pb=1.00|flight_commit=1.00|edge_zoom=0.964|bounds
595,682.7,437.9,yolo,0.63,631.3,540.0,312.9,0.0,636.8,1132.1,1,252.6,0,0,shot_pb=1.00|flight_commit=1.00|edge_zoom=0.964|bounds
596,664.1,436.6,yolo,0.61,616.4,540.0,297.3,0.0,638.2,1134.6,1,256.3,0,0,shot_pb=1.00|flight_commit=1.00|edge_zoom=0.963|bounds
597,645.8,435.5,yolo,0.65,601.4,540.0,281.6,0.0,639.6,1137.1,1,259.6,0,1,shot_pb=1.00|flight_commit=1.00|keepin_prop=0.02|keepin_zoom=1.350|edge_zoom=0.964|bounds
598,627.5,434.4,yolo,0.67,586.2,540.0,265.7,0.0,641.0,1139.5,1,262.7,0,0,shot_pb=1.00|flight_commit=1.00|edge_zoom=0.963|bounds
599,609.2,433.5,yolo,0.68,571.0,540.0,249.8,0.0,642.3,1141.9,1,265.8,0,1,shot_pb=1.00|flight_commit=1.00|keepin_prop=0.04|keepin_zoom=1.350|edge_zoom=0.962|bounds
600,590.9,432.7,yolo,0.72,555.7,540.0,233.9,0.0,643.6,1144.2,1,268.8,0,0,shot_pb=1.00|flight_commit=1.00|edge_zoom=0.962|bounds
601,572.5,431.8,yolo,0.75,540.5,540.0,218.1,0.0,644.8,1146.3,1,272.0,0,1,shot_pb=1.00|flight_commit=1.00|keepin_prop=0.05|keepin_zoom=1.350|edge_zoom=0.961|bounds
602,553.8,431.0,yolo,0.79,525.3,540.0,202.4,0.0,646.0,1148.4,1,275.5,0,0,shot_pb=1.00|flight_commit=1.00|edge_zoom=0.961|bounds
603,534.9,430.0,yolo,0.71,510.2,540.0,186.7,0.0,647.1,1150.4,1,279.3,0,1,shot_pb=1.00|flight_commit=1.00|keepin_prop=0.05|keepin_zoom=1.350|edge_zoom=0.960|bounds
604,515.5,428.9,yolo,0.69,495.2,540.0,171.1,0.0,648.2,1152.3,1,283.7,0,0,shot_pb=1.00|flight_commit=1.00|edge_zoom=0.960|bounds
605,495.4,427.5,yolo,0.69,480.3,540.0,155.6,0.0,649.3,1154.3,1,288.9,0,1,shot_pb=1.00|flight_commit=1.00|keepin_prop=0.04|keepin_zoom=1.350|edge_zoom=0.959|bounds
606,474.0,425.6,yolo,0.72,465.5,540.0,140.4,0.0,650.4,1156.2,1,295.5,0,0,shot_pb=1.00|flight_commit=1.00|edge_zoom=0.958|bounds
607,451.2,423.3,yolo,0.73,451.1,540.0,125.4,0.0,651.5,1158.1,1,303.9,0,1,accel_zoom=0.942|shot_pb=1.00|flight_commit=1.00|keepin_prop=0.03|keepin_zoom=1.350|edge_zoom=0.958|bounds
608,427.5,420.9,yolo,0.75,437.1,540.0,110.9,0.0,652.5,1160.0,1,294.4,0,0,accel_zoom=0.940|shot_pb=1.00|flight_commit=1.00|edge_zoom=0.956|bounds
609,403.3,418.4,yolo,0.77,423.6,540.0,96.9,0.0,653.4,1161.7,1,283.7,0,1,accel_zoom=0.939|shot_pb=1.00|flight_commit=1.00|keepin_prop=0.02|keepin_zoom=1.350|edge_zoom=0.957|bounds
610,379.2,416.2,yolo,0.78,410.8,540.0,83.6,0.0,654.3,1163.2,1,272.4,0,0,accel_zoom=0.939|shot_pb=1.00|flight_commit=1.00|edge_zoom=0.954|bounds
611,355.6,414.6,yolo,0.74,398.7,540.0,71.2,0.0,655.1,1164.5,1,260.9,0,1,accel_zoom=0.939|shot_pb=1.00|flight_commit=1.00|keepin_prop=0.01|keepin_zoom=1.350|edge_zoom=0.956|bounds
612,333.1,413.5,yolo,0.78,387.6,540.0,59.8,0.0,655.7,1165.7,1,249.5,0,0,shot_pb=1.00|flight_commit=1.00|edge_zoom=0.955|bounds
613,312.2,413.3,yolo,0.70,377.5,540.0,49.4,0.0,656.2,1166.6,1,238.7,0,1,shot_pb=1.00|flight_commit=1.00|keepin_prop=0.02|keepin_zoom=1.350|edge_zoom=0.955|bounds
614,296.3,413.9,interp,0.38,368.5,540.0,40.2,0.0,656.6,1167.3,1,231.8,0,0,shot_pb=1.00|flight_commit=1.00|edge_zoom=0.958|bounds
615,282.1,415.3,interp,0.38,360.6,540.0,32.1,0.0,656.9,1167.8,1,225.5,0,1,shot_pb=1.00|flight_commit=1.00|keepin_prop=0.01|keepin_zoom=1.350|edge_zoom=0.956|bounds
616,269.3,417.4,interp,0.38,353.8,540.0,25.2,0.0,657.1,1168.2,1,219.5,0,0,shot_pb=1.00|flight_commit=1.00|edge_zoom=0.930|bounds
617,257.8,420.3,interp,0.38,348.1,540.0,19.4,0.0,657.3,1168.5,1,213.7,0,0,shot_pb=1.00|flight_commit=1.00|edge_zoom=0.892|bounds
618,247.4,424.0,interp,0.38,343.4,540.0,14.7,0.0,657.4,1168.7,1,208.0,0,0,shot_pb=1.00|flight_commit=1.00|pb_zfit|edge_zoom=0.881|bounds
619,237.7,428.6,interp,0.38,339.6,540.0,10.9,0.0,657.4,1168.8,1,202.1,0,0,shot_pb=1.00|flight_commit=1.00|pb_zfit|edge_zoom=0.870|bounds
620,228.8,434.2,interp,0.38,336.6,540.0,7.9,0.0,657.5,1168.9,1,196.2,0,0,shot_pb=1.00|flight_commit=1.00|pb_zfit|edge_zoom=0.864|bounds
621,220.3,440.9,interp,0.38,334.3,540.0,5.6,0.0,657.5,1168.9,1,190.0,0,0,shot_pb=1.00|flight_commit=1.00|pb_zfit|edge_zoom=0.863|bounds
622,212.3,448.8,yolo,0.61,332.6,540.0,3.9,0.0,657.5,1168.9,1,183.7,0,0,shot_pb=1.00|flight_commit=1.00|pb_zfit|edge_zoom=0.871|bounds
623,202.9,457.9,interp,0.32,331.4,540.0,2.6,0.0,657.5,1168.9,1,175.5,0,0,shot_pb=1.00|flight_commit=1.00|pb_zfit|edge_zoom=0.864|bounds
624,194.1,468.6,interp,0.32,330.5,540.0,1.8,0.0,657.5,1168.9,1,167.6,0,0,shot_pb=1.00|flight_commit=1.00|pb_zfit|edge_zoom=0.874|bounds
625,186.1,481.0,interp,0.32,329.9,540.0,1.1,0.0,657.5,1168.9,1,160.2,0,0,shot_pb=1.00|flight_commit=1.00|pb_zfit|edge_zoom=0.887|bounds
626,179.0,495.4,interp,0.32,329.5,540.0,0.7,0.0,657.5,1168.9,1,153.5,0,0,shot_pb=1.00|flight_commit=1.00|pb_zfit|edge_zoom=0.903|bounds
627,173.1,512.1,interp,0.32,329.3,540.0,0.5,0.0,657.5,1168.9,1,147.8,0,0,shot_pb=1.00|flight_commit=1.00|pb_zfit|edge_zoom=0.930|bounds
628,168.5,531.3,interp,0.32,329.1,540.0,0.3,0.0,657.5,1168.9,1,143.4,0,0,shot_pb=1.00|flight_commit=1.00|person_ctx=4|pb_zfit|edge_zoom=0.949|bounds
629,165.2,553.4,interp,0.32,329.0,540.0,0.3,0.0,657.5,1168.9,1,140.2,0,0,shot_pb=1.00|flight_commit=1.00|person_ctx=4|pb_zfit|edge_zoom=0.960|bounds
630,163.6,578.7,interp,0.32,329.0,540.0,0.2,0.0,657.5,1168.9,1,138.6,0,0,shot_pb=1.00|flight_commit=1.00|person_ctx=4|pb_zfit|edge_zoom=0.953|bounds
631,171.2,633.1,centroid,0.25,329.0,540.0,0.2,0.0,657.5,1168.9,1,146.2,0,0,shot_pb=1.00|flight_commit=1.00|pb_zfit|edge_zoom=0.926|bounds
632,171.7,660.8,centroid,0.25,329.0,540.0,0.2,0.0,657.5,1168.9,1,146.7,0,0,shot_pb=1.00|flight_commit=1.00|person_ctx=4|pb_zfit|edge_zoom=0.915|bounds
633,172.2,686.5,centroid,0.26,329.0,540.0,0.2,0.0,657.5,1168.9,1,147.2,0,0,shot_pb=1.00|flight_commit=1.00|pb_zfit|edge_zoom=0.905|bounds
634,172.8,710.3,centroid,0.26,329.0,540.0,0.2,0.0,657.5,1168.9,1,147.8,1,0,shot_pb=1.00|flight_commit=1.00|pb_zfit|speed|edge_zoom=0.902|bounds
635,173.3,732.3,centroid,0.26,329.0,540.0,0.3,0.0,657.5,1168.9,1,148.3,1,0,shot_pb=1.00|flight_commit=1.00|pb_zfit|speed|edge_zoom=0.902|bounds
636,174.0,752.7,centroid,0.27,329.1,540.0,0.3,0.0,657.5,1168.9,1,148.9,1,0,shot_pb=1.00|flight_commit=1.00|pb_zfit|speed|edge_zoom=0.902|bounds
637,174.7,771.5,centroid,0.27,329.1,540.0,0.3,0.0,657.5,1168.9,1,149.6,1,0,shot_pb=1.00|flight_commit=1.00|pb_zfit|speed|edge_zoom=0.902|bounds
638,175.6,788.8,centroid,0.27,329.1,540.0,0.4,0.0,657.5,1168.9,1,150.5,1,0,shot_pb=1.00|flight_commit=1.00|pb_zfit|speed|edge_zoom=0.902|bounds
639,176.7,804.7,centroid,0.28,329.2,540.0,0.4,0.0,657.5,1168.9,1,151.5,1,0,shot_pb=1.00|flight_commit=1.00|pb_zfit|speed|edge_zoom=0.903|bounds
640,177.9,819.2,centroid,0.28,329.2,540.0,0.4,0.0,657.5,1168.9,1,152.7,1,0,shot_pb=1.00|flight_commit=1.00|pb_zfit|speed|edge_zoom=0.903|bounds
641,179.3,832.2,centroid,0.28,329.2,540.0,0.5,0.0,657.5,1168.9,1,154.1,1,0,shot_pb=1.00|flight_commit=1.00|pb_zfit|speed|edge_zoom=0.903|bounds
642,180.8,843.9,centroid,0.29,329.3,540.0,0.5,0.0,657.5,1168.9,1,155.5,1,0,shot_pb=1.00|flight_commit=1.00|pb_zfit|speed|edge_zoom=0.903|bounds
643,182.6,854.1,centroid,0.29,329.4,540.0,0.6,0.0,657.5,1168.9,1,157.2,1,1,shot_pb=1.00|flight_commit=1.00|pb_zfit|keepin_prop=0.00|keepin_zoom=1.350|speed|edge_zoom=0.902|bounds
644,184.5,862.7,centroid,0.29,329.5,540.0,0.7,0.0,657.5,1168.9,1,159.0,1,1,shot_pb=1.00|flight_commit=1.00|pb_zfit|keepin_prop=0.00|keepin_zoom=1.350|speed|edge_zoom=0.901|bounds
645,186.6,869.8,centroid,0.30,329.6,540.0,0.9,0.0,657.5,1168.9,1,161.0,1,1,shot_pb=1.00|flight_commit=1.00|pb_zfit|keepin_prop=0.01|keepin_zoom=1.350|speed|edge_zoom=0.900|bounds
646,188.9,875.2,centroid,0.30,329.9,540.0,1.1,0.0,657.5,1168.9,1,163.0,1,1,shot_pb=1.00|flight_commit=1.00|pb_zfit|keepin_prop=0.01|keepin_zoom=1.350|speed|edge_zoom=0.898|bounds
647,191.5,877.9,centroid,0.30,330.2,540.0,1.4,0.0,657.5,1168.9,1,165.3,1,1,shot_pb=1.00|flight_commit=1.00|pb_zfit|keepin_prop=0.02|keepin_zoom=1.350|speed|edge_zoom=0.896|bounds
648,194.1,878.9,centroid,0.30,330.7,540.0,2.0,0.0,657.5,1168.9,1,167.4,1,1,shot_pb=1.00|flight_commit=1.00|pb_zfit|keepin_prop=0.04|keepin_zoom=1.350|speed|edge_zoom=0.890|bounds
649,196.9,878.2,centroid,0.30,331.4,540.0,2.7,0.0,657.5,1168.8,1,169.5,1,1,shot_pb=1.00|flight_commit=1.00|pb_zfit|keepin_prop=0.07|keepin_zoom=1.350|speed|edge_zoom=0.880|bounds
650,199.9,875.9,centroid,0.30,332.3,540.0,3.6,0.0,657.4,1168.7,1,171.6,1,1,shot_pb=1.00|flight_commit=1.00|pb_zfit|keepin_prop=0.09|keepin_zoom=1.350|speed|edge_zoom=0.873|bounds
651,202.9,871.8,centroid,0.30,333.6,540.0,4.9,0.0,657.3,1168.5,1,173.3,1,1,shot_pb=1.00|flight_commit=1.00|pb_zfit|keepin_prop=0.09|keepin_zoom=1.350|speed|edge_zoom=0.872|bounds
652,206.0,866.0,centroid,0.30,335.2,540.0,6.6,0.0,657.1,1168.3,1,174.8,1,1,shot_pb=1.00|flight_commit=1.00|pb_zfit|keepin_prop=0.08|keepin_zoom=1.350|speed|edge_zoom=0.875|bounds
653,209.2,858.3,centroid,0.30,337.3,540.0,8.8,0.0,656.9,1167.8,1,175.9,1,1,shot_pb=1.00|flight_commit=1.00|pb_zfit|keepin_prop=0.07|keepin_zoom=1.350|speed|edge_zoom=0.879|bounds
654,212.5,848.8,centroid,0.30,339.9,540.0,11.6,0.0,656.6,1167.3,1,176.6,1,1,shot_pb=1.00|flight_commit=1.00|pb_zfit|keepin_prop=0.05|keepin_zoom=1.350|speed|edge_zoom=0.884|bounds
655,216.0,837.2,centroid,0.30,343.1,540.0,15.1,0.0,656.1,1166.5,1,176.9,1,1,shot_pb=1.00|flight_commit=1.00|pb_zfit|keepin_prop=0.04|keepin_zoom=1.350|speed|edge_zoom=0.890|bounds
656,219.5,823.4,centroid,0.30,347.1,540.0,19.3,0.0,655.6,1165.5,1,176.4,1,1,shot_pb=1.00|flight_commit=1.00|pb_zfit|keepin_prop=0.02|keepin_zoom=1.350|speed|edge_zoom=0.895|bounds
657,223.1,807.2,centroid,0.30,351.8,540.0,24.4,0.0,654.8,1164.1,1,175.3,1,1,shot_pb=1.00|flight_commit=1.00|pb_zfit|keepin_prop=0.01|keepin_zoom=1.350|speed|edge_zoom=0.900|bounds
658,226.8,788.4,centroid,0.30,357.4,540.0,30.4,0.0,653.9,1162.5,1,173.4,1,1,shot_pb=1.00|flight_commit=1.00|pb_zfit|keepin_prop=0.00|keepin_zoom=1.350|speed|edge_zoom=0.903|bounds
659,230.7,766.6,centroid,0.30,364.0,540.0,37.6,0.0,652.9,1160.7,1,170.7,0,0,shot_pb=1.00|flight_commit=1.00|pb_zfit|edge_zoom=0.942|bounds
660,234.8,741.5,centroid,0.30,371.6,540.0,45.8,0.0,651.7,1158.6,1,167.2,0,0,shot_pb=1.00|flight_commit=1.00|pb_zfit|edge_zoom=0.964|bounds
661,239.2,712.7,centroid,0.30,380.4,540.0,55.1,0.0,650.5,1156.5,1,162.8,0,0,shot_pb=1.00|flight_commit=1.00|pb_zfit|edge_zoom=0.983|bounds
662,238.1,646.2,yolo,0.57,390.2,540.0,65.5,0.0,649.3,1154.4,1,151.9,0,0,shot_pb=1.00|flight_commit=1.00|person_ctx=3|pb_zfit|bounds
663,245.2,617.2,yolo,0.53,401.2,540.0,77.0,0.0,648.3,1152.5,1,148.0,0,0,shot_pb=1.00|flight_commit=1.00|person_ctx=4|bounds
664,254.7,591.7,yolo,0.45,413.2,540.0,89.5,0.0,647.4,1151.0,1,145.5,0,0,shot_pb=1.00|flight_commit=1.00|person_ctx=4|edge_zoom=0.996|bounds
665,265.9,569.0,interp,0.38,426.3,540.0,102.8,0.0,646.9,1150.0,1,143.6,0,0,shot_pb=1.00|flight_commit=1.00|person_ctx=3|pb_zfit|edge_zoom=0.988|bounds
666,278.8,549.0,yolo,0.54,440.2,540.0,116.9,0.0,646.7,1149.6,1,142.6,0,0,shot_pb=1.00|flight_commit=1.00|person_ctx=3|edge_zoom=0.980|bounds
667,293.4,531.3,interp,0.38,455.0,540.0,131.6,0.0,646.8,1149.9,1,142.4,0,0,shot_pb=1.00|flight_commit=1.00|person_ctx=3|edge_zoom=0.975|bounds
668,309.6,515.6,interp,0.38,470.5,540.0,146.8,0.0,647.4,1150.9,1,143.1,0,0,shot_pb=1.00|flight_commit=1.00|edge_zoom=0.972|bounds
669,327.2,501.6,yolo,0.51,486.5,540.0,162.4,0.0,648.2,1152.4,1,144.7,0,1,accel_zoom=0.945|shot_pb=1.00|flight_commit=1.00|keepin_prop=0.00|keepin_zoom=1.350|edge_zoom=0.990|bounds
670,348.6,489.2,yolo,0.53,503.0,540.0,178.3,0.0,649.3,1154.3,1,149.6,0,0,accel_zoom=0.936|shot_pb=1.00|flight_commit=1.00|edge_zoom=0.968|bounds
671,370.9,478.3,yolo,0.50,519.8,540.0,194.6,0.0,650.4,1156.3,1,155.1,0,1,accel_zoom=0.935|shot_pb=1.00|flight_commit=1.00|keepin_prop=0.00|keepin_zoom=1.350|edge_zoom=0.981|bounds
672,391.8,468.7,interp,0.38,536.9,540.0,211.1,0.0,651.6,1158.4,1,158.9,0,0,accel_zoom=0.935|shot_pb=1.00|flight_commit=1.00|edge_zoom=0.963|bounds
673,413.0,460.1,interp,0.38,554.2,540.0,227.8,0.0,652.7,1160.3,1,162.8,0,1,accel_zoom=0.935|shot_pb=1.00|flight_commit=1.00|person_ctx=4|keepin_prop=0.00|keepin_zoom=1.350|edge_zoom=0.974|bounds
674,434.6,452.5,yolo,0.48,571.5,540.0,244.8,0.0,653.5,1161.8,1,167.1,0,0,accel_zoom=0.935|shot_pb=1.00|flight_commit=1.00|edge_zoom=0.960|bounds
675,455.9,445.7,interp,0.38,588.9,540.0,261.8,0.0,654.1,1162.9,1,171.0,0,1,accel_zoom=0.935|shot_pb=1.00|flight_commit=1.00|keepin_prop=0.00|keepin_zoom=1.350|edge_zoom=0.968|bounds
676,477.6,439.6,interp,0.38,606.2,540.0,279.0,0.0,654.4,1163.4,1,175.4,0,0,accel_zoom=0.935|shot_pb=1.00|flight_commit=1.00|edge_zoom=0.957|bounds
677,499.5,434.2,interp,0.38,623.4,540.0,296.2,0.0,654.3,1163.2,1,180.1,0,1,accel_zoom=0.935|shot_pb=1.00|flight_commit=1.00|keepin_prop=0.01|keepin_zoom=1.350|edge_zoom=0.964|bounds
678,521.9,429.3,interp,0.38,640.2,540.0,313.3,0.0,653.8,1162.4,1,185.7,0,0,accel_zoom=0.935|shot_pb=1.00|flight_commit=1.00|edge_zoom=0.955|bounds
679,544.6,424.9,yolo,0.44,656.7,540.0,330.2,0.0,652.9,1160.8,1,191.9,0,1,accel_zoom=0.935|shot_pb=1.00|flight_commit=1.00|keepin_prop=0.01|keepin_zoom=1.350|edge_zoom=0.960|bounds
680,571.0,420.7,yolo,0.48,672.6,540.0,346.7,0.0,651.7,1158.5,1,202.4,0,0,accel_zoom=0.930|shot_pb=1.00|flight_commit=1.00|edge_zoom=0.954|bounds
681,596.2,417.0,yolo,0.55,687.8,540.0,362.8,0.0,650.1,1155.7,1,212.4,0,0,accel_zoom=0.930|shot_pb=1.00|flight_commit=1.00|edge_zoom=0.954|bounds
682,620.2,413.6,yolo,0.52,702.4,540.0,378.3,0.0,648.3,1152.6,1,221.8,0,0,accel_zoom=0.930|shot_pb=1.00|flight_commit=1.00|edge_zoom=0.957|bounds
683,642.6,410.5,yolo,0.48,716.3,540.0,393.1,0.0,646.4,1149.2,1,230.3,0,0,shot_pb=1.00|flight_commit=1.00|edge_zoom=0.964|bounds
684,661.9,407.8,interp,0.38,729.5,540.0,407.2,0.0,644.6,1146.0,1,236.4,0,0,shot_pb=1.00|flight_commit=1.00|edge_zoom=0.967|bounds
685,680.1,405.3,interp,0.38,742.1,540.0,420.6,0.0,643.1,1143.2,1,242.0,0,0,shot_pb=1.00|flight_commit=1.00|edge_zoom=0.967|bounds
686,697.2,403.0,interp,0.38,754.2,540.0,433.3,0.0,641.9,1141.1,1,247.0,0,0,shot_pb=1.00|flight_commit=0.71|edge_zoom=0.964|bounds
687,713.3,400.9,interp,0.38,766.0,540.0,445.4,0.0,641.2,1139.9,1,251.3,0,0,shot_pb=0.00|flight_commit=0.38|edge_zoom=0.968|bounds
688,728.6,398.9,yolo,0.45,777.5,540.0,457.0,0.0,641.1,1139.7,1,255.1,0,0,flight_commit=0.90|edge_zoom=0.960|bounds
689,742.9,397.0,interp,0.38,788.9,540.0,468.1,0.0,641.6,1140.5,1,258.0,0,0,flight_commit=1.00|edge_zoom=0.954|bounds
690,756.6,395.2,interp,0.38,800.3,540.0,479.0,0.0,642.5,1142.3,1,260.3,0,0,flight_commit=1.00|edge_zoom=0.951|bounds
691,769.8,393.5,interp,0.38,811.7,540.0,489.7,0.0,643.9,1144.8,1,262.1,0,0,shot_pb=0.20|flight_commit=1.00|edge_zoom=0.950|bounds
692,782.5,391.8,interp,0.38,823.2,540.0,500.4,0.0,645.6,1147.7,1,263.3,0,0,shot_pb=0.40|flight_commit=1.00|edge_zoom=0.948|bounds
693,795.0,390.1,interp,0.38,834.6,540.0,511.0,0.0,647.3,1150.8,1,264.4,0,0,shot_pb=0.60|flight_commit=1.00|edge_zoom=0.946|bounds
694,807.2,388.5,interp,0.38,846.0,540.0,521.5,0.0,649.1,1153.9,1,265.2,0,0,shot_pb=0.80|flight_commit=1.00|edge_zoom=0.945|bounds
695,819.3,386.8,interp,0.38,857.3,540.0,532.0,0.0,650.6,1156.7,1,266.0,0,0,shot_pb=1.00|flight_commit=1.00|edge_zoom=0.945|bounds
696,831.4,385.2,interp,0.38,868.4,540.0,542.4,0.0,652.0,1159.2,1,267.0,0,0,shot_pb=1.00|flight_commit=1.00|edge_zoom=0.943|bounds
697,843.6,383.5,yolo,0.42,879.2,540.0,552.6,0.0,653.2,1161.2,1,268.4,0,0,shot_pb=1.00|flight_commit=1.00|edge_zoom=0.942|bounds
698,857.8,381.5,yolo,0.40,889.6,540.0,562.6,0.0,654.1,1162.8,1,272.2,0,1,shot_pb=1.00|flight_commit=1.00|keepin_prop=0.02|keepin_zoom=1.350|edge_zoom=0.943|bounds
699,871.1,379.5,yolo,0.41,899.6,540.0,572.3,0.0,654.7,1164.0,1,275.5,0,0,shot_pb=1.00|flight_commit=1.00|edge_zoom=0.940|bounds
700,883.5,377.5,yolo,0.38,909.3,540.0,581.7,0.0,655.2,1164.8,1,278.2,0,1,shot_pb=1.00|flight_commit=1.00|keepin_prop=0.06|keepin_zoom=1.350|edge_zoom=0.938|bounds
701,894.5,375.7,interp,0.38,918.6,540.0,590.8,0.0,655.6,1165.5,1,279.9,0,1,shot_pb=1.00|flight_commit=1.00|keepin_prop=0.00|keepin_zoom=1.350|edge_zoom=0.943|bounds
702,905.1,374.0,interp,0.38,927.5,540.0,599.6,0.0,655.8,1165.9,1,281.6,0,0,shot_pb=1.00|flight_commit=1.00|edge_zoom=0.937|bounds
703,915.3,372.3,interp,0.38,936.1,540.0,608.1,0.0,656.0,1166.2,1,283.2,0,1,shot_pb=1.00|flight_commit=1.00|keepin_prop=0.04|keepin_zoom=1.350|edge_zoom=0.938|bounds
704,925.2,370.7,interp,0.38,944.5,540.0,616.4,0.0,656.1,1166.5,1,284.7,0,0,shot_pb=1.00|flight_commit=1.00|edge_zoom=0.935|bounds
705,934.9,369.0,interp,0.38,952.5,540.0,624.4,0.0,656.2,1166.6,1,286.4,0,1,shot_pb=1.00|flight_commit=1.00|keepin_prop=0.08|keepin_zoom=1.350|edge_zoom=0.933|bounds
706,944.4,367.4,interp,0.38,960.3,540.0,632.2,0.0,656.2,1166.6,1,288.1,0,1,shot_pb=1.00|flight_commit=1.00|keepin_prop=0.00|keepin_zoom=1.350|edge_zoom=0.939|bounds
707,953.9,365.8,interp,0.38,967.9,540.0,639.7,0.0,656.2,1166.6,1,290.0,0,0,shot_pb=1.00|flight_commit=1.00|edge_zoom=0.933|bounds
708,963.4,364.2,interp,0.38,975.1,540.0,647.0,0.0,656.2,1166.7,1,292.3,0,1,shot_pb=1.00|flight_commit=1.00|keepin_prop=0.05|keepin_zoom=1.350|edge_zoom=0.934|bounds
709,973.0,362.6,interp,0.38,982.1,540.0,654.0,0.0,656.2,1166.6,1,294.9,0,0,shot_pb=1.00|flight_commit=1.00|edge_zoom=0.932|bounds
710,982.7,361.1,interp,0.38,988.7,540.0,660.6,0.0,656.2,1166.6,1,298.0,0,1,shot_pb=1.00|flight_commit=1.00|keepin_prop=0.09|keepin_zoom=1.350|edge_zoom=0.929|bounds
711,992.7,359.5,interp,0.38,994.9,540.0,666.8,0.0,656.2,1166.6,1,301.8,0,1,shot_pb=1.00|flight_commit=1.00|keepin_prop=0.00|keepin_zoom=1.350|edge_zoom=0.936|bounds
712,1009.0,357.2,interp,0.38,1000.8,540.0,672.7,0.0,656.1,1166.5,1,295.8,0,0,shot_pb=1.00|flight_commit=1.00|edge_zoom=0.931|bounds
713,1018.1,355.9,interp,0.38,1006.2,540.0,678.2,0.0,656.1,1166.3,1,292.1,0,1,shot_pb=1.00|flight_commit=1.00|keepin_prop=0.04|keepin_zoom=1.350|edge_zoom=0.932|bounds
714,1026.1,354.7,interp,0.38,1011.3,540.0,683.3,0.0,656.0,1166.2,1,289.2,0,0,shot_pb=1.00|flight_commit=1.00|edge_zoom=0.930|bounds
715,1033.0,353.6,interp,0.38,1016.0,540.0,688.0,0.0,655.9,1166.0,1,287.0,0,1,shot_pb=1.00|flight_commit=1.00|keepin_prop=0.10|keepin_zoom=1.350|edge_zoom=0.925|bounds
716,1038.7,352.8,interp,0.38,1020.3,540.0,692.4,0.0,655.8,1165.8,1,285.6,0,1,shot_pb=1.00|flight_commit=1.00|keepin_prop=0.01|keepin_zoom=1.350|edge_zoom=0.933|bounds
717,1043.4,352.1,interp,0.38,1024.4,540.0,696.6,0.0,655.7,1165.6,1,285.0,0,0,shot_pb=1.00|flight_commit=1.00|edge_zoom=0.929|bounds
718,1046.9,351.6,interp,0.38,1028.3,540.0,700.5,0.0,655.6,1165.5,1,285.4,0,1,shot_pb=1.00|flight_commit=1.00|keepin_prop=0.09|keepin_zoom=1.350|edge_zoom=0.925|bounds
719,1043.5,351.7,yolo,0.31,1032.1,540.0,704.4,0.0,655.5,1165.3,1,292.6,0,0,shot_pb=1.00|flight_commit=1.00|edge_zoom=0.935|bounds
720,1046.6,351.4,interp,0.38,1035.8,540.0,708.1,0.0,655.4,1165.2,1,293.2,0,0,shot_pb=1.00|flight_commit=1.00|edge_zoom=0.931|bounds
721,1050.2,351.2,interp,0.38,1039.6,540.0,711.9,0.0,655.4,1165.1,1,293.4,0,0,shot_pb=1.00|flight_commit=1.00|edge_zoom=0.931|bounds
722,1054.1,351.1,interp,0.38,1043.3,540.0,715.6,0.0,655.3,1165.1,1,293.2,0,1,shot_pb=1.00|flight_commit=1.00|keepin_prop=0.12|keepin_zoom=1.350|edge_zoom=0.922|bounds
723,1058.2,350.9,interp,0.38,1047.1,540.0,719.4,0.0,655.3,1165.1,1,292.9,0,1,shot_pb=1.00|flight_commit=1.00|keepin_prop=0.01|keepin_zoom=1.350|edge_zoom=0.932|bounds
724,1062.6,350.8,interp,0.38,1051.0,540.0,723.3,0.0,655.4,1165.1,1,292.4,0,0,shot_pb=1.00|flight_commit=1.00|edge_zoom=0.932|bounds
725,1067.2,350.8,interp,0.38,1054.9,540.0,727.2,0.0,655.4,1165.1,1,291.7,0,1,shot_pb=1.00|flight_commit=1.00|keepin_prop=0.10|keepin_zoom=1.350|edge_zoom=0.924|bounds
726,1072.0,350.7,interp,0.38,1058.8,540.0,731.1,0.0,655.4,1165.2,1,290.8,0,1,shot_pb=1.00|flight_commit=1.00|keepin_prop=0.01|keepin_zoom=1.350|edge_zoom=0.933|bounds
727,1076.9,350.7,interp,0.38,1062.8,540.0,735.0,0.0,655.5,1165.3,1,289.9,0,0,shot_pb=1.00|flight_commit=1.00|edge_zoom=0.933|bounds
728,1081.9,350.7,interp,0.38,1066.7,540.0,739.0,0.0,655.5,1165.3,1,288.8,0,1,shot_pb=1.00|flight_commit=1.00|keepin_prop=0.09|keepin_zoom=1.350|edge_zoom=0.925|bounds
729,1086.9,350.8,interp,0.38,1070.6,540.0,742.9,0.0,655.5,1165.4,1,287.7,0,1,shot_pb=1.00|flight_commit=1.00|keepin_prop=0.00|keepin_zoom=1.350|edge_zoom=0.933|bounds
730,1092.0,350.8,interp,0.38,1074.6,540.0,746.8,0.0,655.6,1165.5,1,286.6,0,0,shot_pb=1.00|flight_commit=1.00|edge_zoom=0.934|bounds
731,1097.1,350.9,interp,0.38,1078.4,540.0,750.6,0.0,655.7,1165.6,1,285.3,0,1,shot_pb=1.00|flight_commit=1.00|keepin_prop=0.08|keepin_zoom=1.350|edge_zoom=0.925|bounds
732,1102.2,351.0,interp,0.38,1082.2,540.0,754.3,0.0,655.7,1165.7,1,284.0,0,1,shot_pb=1.00|flight_commit=1.00|keepin_prop=0.00|keepin_zoom=1.350|edge_zoom=0.933|bounds
733,1107.2,351.1,interp,0.38,1085.9,540.0,758.0,0.0,655.8,1165.8,1,282.7,0,0,shot_pb=1.00|flight_commit=1.00|edge_zoom=0.934|bounds
734,1113.7,352.9,blended,0.77,1089.4,540.0,761.5,0.0,655.8,1165.9,1,279.7,0,1,shot_pb=1.00|flight_commit=1.00|keepin_prop=0.06|keepin_zoom=1.350|edge_zoom=0.928|bounds
735,1116.1,351.0,yolo,0.29,1092.9,540.0,765.0,0.0,655.8,1166.0,1,280.8,0,0,shot_pb=1.00|flight_commit=1.00|edge_zoom=0.912|bounds
736,1120.2,350.7,yolo,0.35,1096.2,540.0,768.3,0.0,655.9,1166.0,1,280.0,0,1,shot_pb=1.00|flight_commit=1.00|keepin_prop=0.09|keepin_zoom=1.350|edge_zoom=0.924|bounds
737,1124.3,350.5,interp,0.38,1099.5,540.0,771.5,0.0,655.9,1166.0,1,279.2,0,1,shot_pb=1.00|flight_commit=1.00|keepin_prop=0.01|keepin_zoom=1.350|edge_zoom=0.932|bounds
738,1128.2,350.3,yolo,0.33,1102.6,540.0,774.6,0.0,655.9,1166.0,1,278.4,0,0,shot_pb=1.00|flight_commit=1.00|edge_zoom=0.931|bounds
739,1132.2,350.1,interp,0.38,1105.6,540.0,777.6,0.0,655.9,1166.0,1,277.4,0,1,shot_pb=1.00|flight_commit=1.00|keepin_prop=0.09|keepin_zoom=1.350|edge_zoom=0.924|bounds
740,1136.0,350.0,interp,0.38,1108.5,540.0,780.6,0.0,655.9,1166.0,1,276.5,0,1,shot_pb=1.00|flight_commit=1.00|keepin_prop=0.01|keepin_zoom=1.350|edge_zoom=0.932|bounds
741,1139.8,349.8,yolo,0.31,1111.3,540.0,783.4,0.0,655.9,1166.0,1,275.5,0,0,shot_pb=1.00|flight_commit=1.00|edge_zoom=0.931|bounds
742,1143.6,349.7,interp,0.38,1114.0,540.0,786.1,0.0,655.8,1165.9,1,274.4,0,1,shot_pb=1.00|flight_commit=1.00|keepin_prop=0.09|keepin_zoom=1.350|edge_zoom=0.924|bounds
743,1147.2,349.6,interp,0.38,1116.7,540.0,788.8,0.0,655.8,1165.9,1,273.5,0,1,shot_pb=1.00|flight_commit=1.00|keepin_prop=0.01|keepin_zoom=1.350|edge_zoom=0.932|bounds
744,1150.7,349.5,interp,0.38,1119.3,540.0,791.4,0.0,655.8,1165.8,1,272.6,0,0,shot_pb=1.00|flight_commit=1.00|edge_zoom=0.932|bounds
745,1154.1,349.4,yolo,0.29,1121.7,540.0,793.8,0.0,655.8,1165.8,1,271.6,0,1,shot_pb=1.00|flight_commit=1.00|keepin_prop=0.10|keepin_zoom=1.350|edge_zoom=0.923|bounds
746,1157.6,349.3,interp,0.38,1124.1,540.0,796.2,0.0,655.8,1165.8,1,270.5,0,1,shot_pb=1.00|flight_commit=1.00|keepin_prop=0.01|keepin_zoom=1.350|edge_zoom=0.932|bounds
747,1161.0,349.3,blended,0.80,1126.4,540.0,798.5,0.0,655.8,1165.8,1,269.4,0,0,shot_pb=1.00|flight_commit=1.00|edge_zoom=0.933|bounds
748,1163.2,349.1,interp,0.38,1128.6,540.0,800.7,0.0,655.8,1165.8,1,269.4,0,1,shot_pb=1.00|flight_commit=1.00|keepin_prop=0.10|keepin_zoom=1.350|edge_zoom=0.923|bounds
749,1165.2,349.0,interp,0.38,1130.7,540.0,802.8,0.0,655.8,1165.9,1,269.5,0,1,shot_pb=1.00|flight_commit=1.00|keepin_prop=0.01|keepin_zoom=1.350|edge_zoom=0.931|bounds
750,1166.9,348.9,interp,0.38,1132.7,540.0,804.8,0.0,655.8,1165.9,1,269.8,0,0,shot_pb=1.00|flight_commit=1.00|edge_zoom=0.931|bounds
751,1168.4,348.8,interp,0.38,1134.6,540.0,806.7,0.0,655.8,1165.9,1,270.2,0,1,shot_pb=1.00|flight_commit=1.00|keepin_prop=0.11|keepin_zoom=1.350|edge_zoom=0.921|bounds
752,1169.8,348.7,interp,0.38,1136.4,540.0,808.5,0.0,655.8,1165.9,1,270.6,0,1,shot_pb=1.00|flight_commit=1.00|keepin_prop=0.01|keepin_zoom=1.350|edge_zoom=0.931|bounds
753,1171.0,348.6,interp,0.38,1138.1,540.0,810.2,0.0,655.8,1165.9,1,271.1,0,0,shot_pb=1.00|flight_commit=1.00|edge_zoom=0.930|bounds
754,1172.3,348.6,interp,0.38,1139.8,540.0,811.9,0.0,655.8,1165.9,1,271.5,0,1,shot_pb=1.00|flight_commit=1.00|keepin_prop=0.12|keepin_zoom=1.350|edge_zoom=0.921|bounds
755,1173.6,348.5,interp,0.38,1141.3,540.0,813.4,0.0,655.8,1165.9,1,271.7,0,1,shot_pb=1.00|flight_commit=1.00|keepin_prop=0.01|keepin_zoom=1.350|edge_zoom=0.931|bounds
756,1175.0,348.4,interp,0.38,1142.6,540.0,814.7,0.0,655.8,1165.8,1,271.6,0,0,shot_pb=1.00|flight_commit=1.00|edge_zoom=0.931|bounds
757,1176.7,348.4,interp,0.38,1143.7,540.0,815.9,0.0,655.7,1165.7,1,271.0,0,1,shot_pb=1.00|flight_commit=1.00|keepin_prop=0.12|keepin_zoom=1.350|edge_zoom=0.920|bounds
758,1178.7,348.3,interp,0.38,1144.5,540.0,816.7,0.0,655.6,1165.6,1,269.8,0,1,shot_pb=1.00|flight_commit=1.00|keepin_prop=0.01|keepin_zoom=1.350|edge_zoom=0.931|bounds
759,1181.2,348.3,interp,0.38,1144.9,540.0,817.1,0.0,655.6,1165.4,1,267.7,0,0,shot_pb=1.00|flight_commit=1.00|edge_zoom=0.932|bounds
760,1184.3,348.2,interp,0.38,1144.6,540.0,816.9,0.0,655.4,1165.2,1,264.3,0,1,shot_pb=1.00|flight_commit=1.00|keepin_prop=0.11|keepin_zoom=1.350|edge_zoom=0.921|bounds
761,1194.3,348.2,interp,0.38,1143.7,540.0,816.0,0.0,655.3,1165.0,1,253.4,0,1,shot_pb=1.00|flight_commit=1.00|keepin_prop=0.00|keepin_zoom=1.350|edge_zoom=0.932|bounds
762,1197.9,348.2,interp,0.38,1141.8,540.0,814.3,0.0,655.1,1164.6,1,247.9,0,0,shot_pb=1.00|flight_commit=1.00|edge_zoom=0.932|bounds
763,1201.0,348.1,interp,0.38,1138.9,540.0,811.5,0.0,654.9,1164.3,1,241.9,0,1,shot_pb=1.00|flight_commit=1.00|keepin_prop=0.09|keepin_zoom=1.350|edge_zoom=0.923|bounds
764,1203.4,348.1,interp,0.38,1134.9,540.0,807.5,0.0,654.7,1163.9,1,235.5,0,1,shot_pb=1.00|flight_commit=1.00|keepin_prop=0.01|keepin_zoom=1.350|edge_zoom=0.931|bounds
765,1205.3,348.1,interp,0.38,1129.6,540.0,802.3,0.0,654.5,1163.6,1,228.3,0,0,shot_pb=1.00|flight_commit=1.00|edge_zoom=0.932|bounds
766,1206.6,348.2,interp,0.38,1123.1,540.0,795.9,0.0,654.3,1163.2,1,220.5,0,1,shot_pb=1.00|flight_commit=1.00|keepin_prop=0.11|keepin_zoom=1.350|edge_zoom=0.921|bounds
767,1207.4,348.2,interp,0.38,1115.4,540.0,788.3,0.0,654.1,1162.9,1,212.0,0,1,shot_pb=1.00|flight_commit=1.00|pb_zfit|keepin_prop=0.01|keepin_zoom=1.350|edge_zoom=0.931|bounds
768,1207.6,348.2,interp,0.38,1106.6,540.0,779.6,0.0,654.0,1162.7,1,203.0,0,0,shot_pb=1.00|flight_commit=1.00|pb_zfit|edge_zoom=0.939|bounds
769,1207.3,348.3,interp,0.38,1097.0,540.0,770.0,0.0,653.9,1162.6,1,193.7,1,0,shot_pb=1.00|flight_commit=1.00|pb_zfit|speed|edge_zoom=0.938|bounds
770,1206.3,348.4,interp,0.38,1086.8,540.0,759.8,0.0,653.9,1162.5,1,184.5,0,0,shot_pb=1.00|flight_commit=1.00|edge_zoom=0.935|bounds
771,1204.8,348.5,interp,0.38,1076.2,540.0,749.2,0.0,654.0,1162.6,1,175.4,0,1,shot_pb=1.00|flight_commit=1.00|keepin_prop=0.00|keepin_zoom=1.350|edge_zoom=0.932|bounds
772,1202.6,348.6,interp,0.38,1065.4,540.0,738.3,0.0,654.1,1162.8,1,166.8,0,0,shot_pb=1.00|flight_commit=1.00|edge_zoom=0.934|bounds
773,1199.8,348.7,interp,0.38,1054.6,540.0,727.5,0.0,654.2,1163.0,1,158.8,0,1,shot_pb=1.00|flight_commit=1.00|keepin_prop=0.08|keepin_zoom=1.350|edge_zoom=0.925|bounds
774,1196.2,348.8,interp,0.38,1043.9,540.0,716.8,0.0,654.3,1163.2,1,151.7,0,1,shot_pb=1.00|flight_commit=1.00|keepin_prop=0.00|keepin_zoom=1.350|edge_zoom=0.932|bounds
775,1191.7,349.0,interp,0.38,1033.5,540.0,706.2,0.0,654.5,1163.5,1,145.8,0,0,shot_pb=1.00|flight_commit=1.00|edge_zoom=0.934|bounds
776,1186.4,349.2,interp,0.38,1023.2,540.0,695.9,0.0,654.6,1163.8,1,140.8,0,1,shot_pb=1.00|flight_commit=1.00|keepin_prop=0.08|keepin_zoom=1.350|edge_zoom=0.924|bounds
777,1180.2,349.4,interp,0.38,1013.1,540.0,685.7,0.0,654.8,1164.0,1,136.9,0,1,shot_pb=1.00|flight_commit=1.00|keepin_prop=0.00|keepin_zoom=1.350|edge_zoom=0.932|bounds
778,1172.8,349.7,interp,0.38,1003.1,540.0,675.6,0.0,654.9,1164.3,1,134.3,0,0,shot_pb=1.00|flight_commit=1.00|edge_zoom=0.934|bounds
779,1164.2,350.0,interp,0.38,993.0,540.0,665.5,0.0,655.1,1164.6,1,132.8,0,1,shot_pb=1.00|flight_commit=1.00|keepin_prop=0.06|keepin_zoom=1.350|edge_zoom=0.927|bounds
780,1154.3,350.3,interp,0.38,982.9,540.0,655.3,0.0,655.2,1164.8,1,132.6,0,1,shot_pb=1.00|flight_commit=1.00|keepin_prop=0.00|keepin_zoom=1.350|edge_zoom=0.933|bounds
781,1142.8,350.7,interp,0.38,972.8,540.0,645.1,0.0,655.4,1165.2,1,134.0,0,0,shot_pb=1.00|flight_commit=1.00|edge_zoom=0.934|bounds
782,1129.6,351.1,interp,0.38,962.5,540.0,634.7,0.0,655.6,1165.5,1,136.9,0,1,shot_pb=1.00|flight_commit=1.00|keepin_prop=0.03|keepin_zoom=1.350|edge_zoom=0.930|bounds
783,1114.5,351.6,interp,0.38,952.1,540.0,624.2,0.0,655.8,1165.8,1,141.6,0,0,shot_pb=1.00|flight_commit=1.00|edge_zoom=0.935|bounds
784,1081.1,352.1,interp,0.38,941.7,540.0,613.7,0.0,656.0,1166.2,1,164.6,0,1,accel_zoom=0.900|shot_pb=1.00|flight_commit=1.00|keepin_prop=0.01|keepin_zoom=1.350|edge_zoom=0.933|bounds
785,1065.2,352.8,interp,0.38,931.4,540.0,603.3,0.0,656.2,1166.6,1,170.2,0,0,shot_pb=1.00|flight_commit=1.00|edge_zoom=0.935|bounds
786,1050.8,353.6,interp,0.38,921.2,540.0,593.1,0.0,656.4,1166.9,1,174.4,0,1,shot_pb=1.00|flight_commit=1.00|keepin_prop=0.03|keepin_zoom=1.350|edge_zoom=0.931|bounds
787,1037.8,354.5,interp,0.38,911.3,540.0,583.1,0.0,656.5,1167.1,1,177.5,0,0,shot_pb=1.00|flight_commit=1.00|edge_zoom=0.937|bounds
788,1026.0,355.6,interp,0.38,901.8,540.0,573.5,0.0,656.6,1167.2,1,179.8,0,1,shot_pb=1.00|flight_commit=1.00|keepin_prop=0.07|keepin_zoom=1.350|edge_zoom=0.928|bounds
789,1015.2,356.9,interp,0.38,892.6,540.0,564.4,0.0,656.5,1167.1,1,181.4,0,1,shot_pb=1.00|flight_commit=1.00|keepin_prop=0.00|keepin_zoom=1.350|edge_zoom=0.935|bounds
790,1005.4,358.4,interp,0.38,884.0,540.0,555.8,0.0,656.4,1166.9,1,182.6,0,0,shot_pb=1.00|flight_commit=1.00|edge_zoom=0.941|bounds
791,996.3,360.0,interp,0.38,875.9,540.0,547.9,0.0,656.1,1166.3,1,183.6,0,1,shot_pb=1.00|flight_commit=1.00|keepin_prop=0.04|keepin_zoom=1.350|edge_zoom=0.933|bounds
792,988.0,362.0,interp,0.38,868.4,540.0,540.6,0.0,655.6,1165.5,1,184.4,0,0,shot_pb=1.00|flight_commit=1.00|edge_zoom=0.945|bounds
793,981.5,369.7,blended,0.67,861.7,540.0,534.2,0.0,654.9,1164.2,1,184.2,0,1,shot_pb=1.00|flight_commit=1.00|keepin_prop=0.00|keepin_zoom=1.350|edge_zoom=0.964|bounds
794,971.7,365.3,interp,0.38,855.7,540.0,528.8,0.0,653.9,1162.6,1,188.0,0,1,shot_pb=1.00|flight_commit=1.00|keepin_prop=0.01|keepin_zoom=1.350|edge_zoom=0.938|bounds
795,963.7,366.8,interp,0.38,850.7,540.0,524.3,0.0,652.8,1160.5,1,191.0,0,0,shot_pb=1.00|flight_commit=1.00|edge_zoom=0.946|bounds
796,956.3,368.6,interp,0.38,846.9,540.0,521.2,0.0,651.5,1158.2,1,194.6,0,1,shot_pb=1.00|flight_commit=1.00|keepin_prop=0.08|keepin_zoom=1.350|edge_zoom=0.933|bounds
797,949.4,370.8,interp,0.38,844.4,540.0,519.4,0.0,650.0,1155.5,1,199.0,0,1,shot_pb=1.00|flight_commit=1.00|keepin_prop=0.00|keepin_zoom=1.350|edge_zoom=0.941|bounds
798,943.2,373.4,interp,0.38,843.4,540.0,519.2,0.0,648.4,1152.7,1,204.2,0,0,shot_pb=1.00|flight_commit=1.00|edge_zoom=0.955|bounds
799,937.8,376.5,interp,0.38,844.2,540.0,520.8,0.0,646.7,1149.8,1,210.4,0,1,shot_pb=1.00|flight_commit=1.00|keepin_prop=0.03|keepin_zoom=1.350|edge_zoom=0.941|bounds
800,933.2,380.0,interp,0.38,847.1,540.0,524.5,0.0,645.2,1146.9,1,217.9,0,0,shot_pb=1.00|flight_commit=1.00|edge_zoom=0.965|bounds
801,929.6,384.1,interp,0.38,852.1,540.0,530.2,0.0,643.7,1144.4,1,226.5,0,0,shot_pb=1.00|flight_commit=1.00|edge_zoom=0.983|bounds
802,927.2,388.8,interp,0.38,859.4,540.0,538.2,0.0,642.5,1142.2,1,236.2,0,0,shot_pb=1.00|flight_commit=1.00|edge_zoom=0.998|bounds
803,926.0,394.2,interp,0.38,869.0,540.0,548.2,0.0,641.6,1140.6,1,247.0,0,0,shot_pb=1.00|flight_commit=1.00|person_ctx=4|edge_zoom=0.997|bounds
804,926.3,400.3,interp,0.38,880.8,540.0,560.3,0.0,641.0,1139.6,1,258.5,0,0,shot_pb=1.00|flight_commit=1.00|edge_zoom=0.989|bounds
805,928.3,407.3,interp,0.38,894.6,540.0,574.2,0.0,640.9,1139.3,1,270.3,0,0,shot_pb=1.00|flight_commit=1.00|person_ctx=4|edge_zoom=0.988|bounds
806,932.2,415.3,interp,0.38,910.0,540.0,589.4,0.0,641.1,1139.7,1,281.8,0,0,shot_pb=1.00|flight_commit=1.00|edge_zoom=0.989|bounds
807,938.2,424.3,interp,0.38,926.5,540.0,605.7,0.0,641.7,1140.8,1,292.3,0,0,shot_pb=1.00|flight_commit=1.00|person_ctx=4|edge_zoom=0.990|bounds
808,946.6,434.6,interp,0.38,943.8,540.0,622.4,0.0,642.7,1142.6,1,301.2,0,0,shot_pb=1.00|flight_commit=1.00|edge_zoom=0.992|bounds
809,957.8,446.3,interp,0.38,961.1,540.0,639.1,0.0,644.0,1144.8,1,300.7,0,0,shot_pb=1.00|flight_commit=1.00|edge_zoom=0.995|bounds
810,979.1,463.7,blended,0.72,977.9,540.0,655.1,0.0,645.4,1147.5,1,302.8,0,0,accel_zoom=0.923|shot_pb=1.00|flight_commit=1.00|edge_zoom=0.998|bounds
811,994.4,476.9,interp,0.38,993.6,540.0,670.1,0.0,647.0,1150.3,1,303.2,0,0,shot_pb=1.00|flight_commit=1.00|edge_zoom=0.997|bounds
812,1025.0,499.0,blended,0.71,1007.7,540.0,683.4,0.0,648.7,1153.2,1,286.7,0,0,accel_zoom=0.893|shot_pb=1.00|flight_commit=1.00|edge_zoom=0.991|bounds
813,1043.2,513.2,interp,0.38,1019.8,540.0,694.7,0.0,650.2,1155.8,1,280.6,0,1,shot_pb=1.00|flight_commit=1.00|keepin_prop=0.00|keepin_zoom=1.350|edge_zoom=0.997|bounds
814,1067.9,531.2,interp,0.38,1029.4,540.0,703.7,0.0,651.5,1158.3,1,265.5,0,0,accel_zoom=0.903|shot_pb=1.00|flight_commit=1.00|edge_zoom=0.978|bounds
815,1092.3,548.7,interp,0.38,1036.3,540.0,710.0,0.0,652.6,1160.2,1,248.0,0,0,accel_zoom=0.903|shot_pb=1.00|flight_commit=1.00|edge_zoom=0.971|bounds
816,1118.7,567.7,blended,0.70,1040.4,540.0,713.6,0.0,653.4,1161.7,1,225.7,0,1,accel_zoom=0.903|shot_pb=1.00|flight_commit=1.00|keepin_prop=0.01|keepin_zoom=1.350|edge_zoom=0.984|bounds
817,1134.9,579.6,interp,0.38,1041.6,540.0,714.6,0.0,653.9,1162.6,1,210.7,0,0,shot_pb=1.00|flight_commit=1.00|edge_zoom=0.959|bounds
818,1151.5,591.9,interp,0.38,1040.0,540.0,712.9,0.0,654.1,1162.9,1,192.5,0,1,shot_pb=1.00|flight_commit=1.00|keepin_prop=0.00|keepin_zoom=1.350|edge_zoom=0.974|bounds
819,1164.9,602.7,blended,0.72,1036.0,540.0,709.0,0.0,654.0,1162.7,1,175.1,0,0,shot_pb=1.00|flight_commit=1.00|edge_zoom=0.949|bounds
820,1164.0,603.7,yolo,0.30,1030.0,540.0,703.2,0.0,653.6,1162.0,1,170.0,0,0,shot_pb=1.00|flight_commit=1.00|edge_zoom=0.944|bounds
821,1160.7,603.6,interp,0.38,1022.3,540.0,695.8,0.0,653.0,1160.9,1,165.6,0,0,shot_pb=1.00|flight_commit=1.00|edge_zoom=0.971|bounds
822,1154.3,601.5,interp,0.38,1013.7,540.0,687.6,0.0,652.2,1159.5,1,163.4,0,0,shot_pb=1.00|flight_commit=1.00|edge_zoom=0.981|bounds
823,1145.4,597.9,interp,0.38,1004.7,540.0,679.0,0.0,651.4,1158.0,1,163.3,0,1,shot_pb=1.00|flight_commit=1.00|keepin_prop=0.05|keepin_zoom=1.350|edge_zoom=0.970|bounds
824,1135.2,593.6,blended,0.79,995.8,540.0,670.5,0.0,650.5,1156.4,1,164.6,0,0,shot_pb=1.00|flight_commit=1.00|edge_zoom=0.987|bounds
825,1122.4,587.4,interp,0.50,987.5,540.0,662.7,0.0,649.6,1154.8,1,169.1,0,1,shot_pb=1.00|flight_commit=1.00|keepin_prop=0.05|keepin_zoom=1.350|edge_zoom=0.975|bounds
826,1109.9,581.5,interp,0.50,980.4,540.0,656.1,0.0,648.7,1153.2,1,174.5,0,0,shot_pb=1.00|flight_commit=1.00|edge_zoom=0.993|bounds
827,1097.8,575.8,interp,0.50,974.8,540.0,650.8,0.0,647.9,1151.9,1,181.0,0,1,shot_pb=1.00|flight_commit=1.00|keepin_prop=0.05|keepin_zoom=1.350|edge_zoom=0.979|bounds
828,1086.5,570.6,interp,0.50,970.7,540.0,647.1,0.0,647.3,1150.8,1,188.2,0,0,shot_pb=1.00|flight_commit=1.00|edge_zoom=0.997|bounds
829,1076.5,566.1,interp,0.50,968.4,540.0,645.0,0.0,646.9,1150.1,1,195.9,0,1,shot_pb=1.00|flight_commit=1.00|keepin_prop=0.06|keepin_zoom=1.350|edge_zoom=0.983|bounds
830,1068.3,562.7,interp,0.50,967.7,540.0,644.4,0.0,646.7,1149.7,1,203.4,0,1,shot_pb=1.00|flight_commit=1.00|keepin_prop=0.00|keepin_zoom=1.350|edge_zoom=0.986|bounds
831,1062.1,560.5,interp,0.50,968.3,540.0,645.0,0.0,646.7,1149.7,1,210.2,0,0,shot_pb=1.00|flight_commit=1.00|edge_zoom=0.998|bounds
832,1058.3,559.7,interp,0.50,969.8,540.0,646.3,0.0,646.9,1150.1,1,215.5,0,1,shot_pb=1.00|flight_commit=1.00|keepin_prop=0.06|keepin_zoom=1.350|edge_zoom=0.986|bounds
833,1057.2,560.6,interp,0.50,971.5,540.0,647.8,0.0,647.4,1150.9,1,218.3,0,0,shot_pb=1.00|flight_commit=1.00|edge_zoom=0.964|bounds
834,1059.3,563.4,interp,0.50,973.0,540.0,649.0,0.0,648.0,1152.0,1,217.7,0,0,shot_pb=1.00|flight_commit=1.00|edge_zoom=0.958|bounds
835,1064.9,568.4,interp,0.50,973.5,540.0,649.1,0.0,648.8,1153.5,1,212.6,0,0,shot_pb=1.00|flight_commit=1.00|edge_zoom=0.961|bounds
836,1074.3,575.8,interp,0.50,972.4,540.0,647.5,0.0,649.8,1155.2,1,202.1,0,0,shot_pb=1.00|flight_commit=1.00|edge_zoom=0.960|bounds
837,1142.2,619.9,blended,0.69,969.2,540.0,643.8,0.0,650.8,1157.0,1,131.0,0,0,accel_zoom=0.780|shot_pb=1.00|flight_commit=1.00|edge_zoom=0.945|bounds
838,1147.2,624.5,blended,0.68,963.5,540.0,637.6,0.0,651.9,1158.9,1,120.3,0,0,shot_pb=1.00|flight_commit=1.00|edge_zoom=0.939|bounds
839,1136.8,618.9,blended,0.73,955.3,540.0,628.8,0.0,652.9,1160.7,1,122.5,0,0,accel_zoom=0.802|shot_pb=1.00|flight_commit=1.00|edge_zoom=0.980|bounds
840,1121.5,609.6,interp,0.38,944.4,540.0,617.5,0.0,653.8,1162.2,1,126.9,0,0,accel_zoom=0.802|shot_pb=1.00|flight_commit=1.00|edge_zoom=0.985|bounds
841,1095.9,595.7,interp,0.38,931.2,540.0,603.9,0.0,654.5,1163.5,1,139.3,0,0,accel_zoom=0.802|shot_pb=1.00|flight_commit=1.00|edge_zoom=0.989|bounds
842,1065.1,579.9,blended,0.75,916.0,540.0,588.5,0.0,655.1,1164.5,1,154.9,0,0,accel_zoom=0.802|shot_pb=1.00|flight_commit=1.00|edge_zoom=0.995|bounds
843,1033.4,561.3,interp,0.38,899.4,540.0,571.7,0.0,655.4,1165.1,1,170.0,0,0,accel_zoom=0.802|shot_pb=1.00|flight_commit=1.00|edge_zoom=0.997|bounds
844,999.7,542.6,yolo,0.28,881.9,540.0,554.1,0.0,655.5,1165.3,1,186.2,0,1,accel_zoom=0.802|shot_pb=1.00|flight_commit=1.00|keepin_prop=0.01|keepin_zoom=1.350|edge_zoom=0.993|bounds
845,965.8,523.8,yolo,0.31,864.0,540.0,536.4,0.0,655.3,1165.0,1,202.2,0,0,accel_zoom=0.802|shot_pb=1.00|flight_commit=1.00|edge_zoom=0.983|bounds
846,940.3,509.6,interp,0.38,846.4,540.0,519.0,0.0,654.9,1164.2,1,210.1,0,0,accel_zoom=0.802|shot_pb=1.00|flight_commit=1.00|edge_zoom=0.977|bounds
847,916.2,496.2,interp,0.38,829.4,540.0,502.3,0.0,654.2,1163.0,1,217.2,0,1,accel_zoom=0.802|shot_pb=1.00|flight_commit=1.00|keepin_prop=0.01|keepin_zoom=1.350|edge_zoom=0.989|bounds
848,893.5,483.5,interp,0.38,813.4,540.0,486.7,0.0,653.3,1161.4,1,223.9,0,0,accel_zoom=0.802|shot_pb=1.00|flight_commit=1.00|edge_zoom=0.969|bounds
849,872.0,471.4,interp,0.38,798.5,540.0,472.4,0.0,652.2,1159.5,1,230.5,0,0,accel_zoom=0.802|shot_pb=1.00|flight_commit=1.00|edge_zoom=0.971|bounds
850,851.7,459.9,yolo,0.29,784.9,540.0,459.4,0.0,651.0,1157.3,1,237.2,0,0,shot_pb=1.00|flight_commit=1.00|edge_zoom=0.978|bounds
851,831.1,448.1,yolo,0.32,772.6,540.0,447.7,0.0,649.8,1155.2,1,245.5,0,0,accel_zoom=0.821|shot_pb=1.00|flight_commit=1.00|edge_zoom=0.980|bounds
852,813.0,437.7,yolo,0.36,761.5,540.0,437.2,0.0,648.7,1153.3,1,252.5,0,0,shot_pb=1.00|flight_commit=1.00|edge_zoom=0.980|bounds
853,797.4,428.6,interp,0.38,751.6,540.0,427.7,0.0,647.8,1151.7,1,258.2,0,0,shot_pb=1.00|flight_commit=1.00|edge_zoom=0.978|bounds
854,783.1,420.2,interp,0.38,742.8,540.0,419.1,0.0,647.3,1150.7,1,263.7,0,0,shot_pb=1.00|flight_commit=0.72|edge_zoom=0.972|bounds
855,769.9,412.3,yolo,0.34,734.8,540.0,411.3,0.0,647.1,1150.4,1,268.9,0,0,shot_pb=0.00|flight_commit=0.40|edge_zoom=0.964|bounds
856,757.7,405.1,hold,0.25,727.8,540.0,404.1,0.0,647.3,1150.7,1,274.1,0,0,flight_commit=0.83|edge_zoom=0.959|bounds
857,746.1,398.3,hold,0.25,721.6,540.0,397.7,0.0,647.9,1151.8,1,279.5,0,0,flight_commit=1.00|person_ctx=3|edge_zoom=0.954|bounds
858,735.0,391.8,hold,0.25,716.3,540.0,392.0,0.0,648.8,1153.4,1,285.3,0,0,flight_commit=1.00|edge_zoom=0.943|bounds
859,724.2,385.4,hold,0.25,712.1,540.0,387.1,0.0,649.9,1155.4,1,291.9,0,0,flight_commit=1.00|person_ctx=4|edge_zoom=0.940|bounds
860,708.3,375.9,interp,0.32,708.8,540.0,383.2,0.0,651.1,1157.6,1,303.5,0,0,shot_pb=0.40|flight_commit=1.00|person_ctx=4|edge_zoom=0.935|bounds
