frame,ball_x,ball_y,source,confidence,cam_cx,cam_cy,crop_x0,crop_y0,crop_w,crop_h,ball_in_crop,dist_to_edge,speed_limited,keepinview,clamp_flags
0,729.0,327.8,hold,0.30,716.1,540.0,392.0,0.0,648.1,1152.1,1,291.1,1,0,accel_zoom=0.856|flight_commit=1.00|edge_zoom=0.750|bounds|final_speed
1,727.5,327.9,hold,0.30,714.8,540.0,392.5,0.0,644.6,1146.0,1,291.3,0,0,flight_commit=0.91|edge_zoom=0.917|bounds
2,725.8,328.1,hold,0.30,713.3,540.0,393.0,0.0,640.5,1138.7,1,291.5,0,0,flight_commit=0.44|edge_zoom=0.917|bounds
3,723.9,328.3,hold,0.30,711.5,540.0,393.6,0.0,635.9,1130.4,1,291.6,0,0,flight_commit=0.12|conf_zoom=0.94|conf_speed=0.97|edge_zoom=0.917|bounds
4,721.7,328.5,yolo,0.76,709.5,540.0,394.1,0.0,630.9,1121.5,1,291.8,0,0,conf_zoom=0.80|conf_speed=0.89|edge_zoom=0.940|bounds
5,719.0,328.8,yolo,0.70,707.4,540.0,394.5,0.0,625.8,1112.4,1,292.4,0,0,conf_zoom=0.86|conf_speed=0.92|edge_zoom=0.974|bounds
6,716.0,329.2,interp,0.38,705.1,540.0,394.7,0.0,620.9,1103.8,1,293.1,0,0,conf_zoom=0.85|conf_speed=0.92|edge_zoom=0.986|bounds
7,712.7,329.5,interp,0.38,702.7,540.0,394.4,0.0,616.6,1096.1,1,294.0,0,0,conf_zoom=0.84|conf_speed=0.91|edge_zoom=0.990|bounds
8,709.1,329.9,interp,0.38,700.1,540.0,393.5,0.0,613.1,1090.0,1,295.0,0,0,conf_zoom=0.83|conf_speed=0.91|edge_zoom=0.988|bounds
9,705.3,330.3,yolo,0.62,697.2,540.0,391.8,0.0,610.9,1086.0,1,295.9,0,0,conf_zoom=0.86|conf_speed=0.93|edge_zoom=0.983|bounds
10,701.3,330.7,interp,0.38,693.9,540.0,389.0,0.0,609.9,1084.3,1,296.6,0,0,conf_zoom=0.85|conf_speed=0.92|edge_zoom=0.976|bounds
11,697.0,331.1,interp,0.38,690.2,540.0,385.0,0.0,610.4,1085.1,1,297.2,0,0,conf_zoom=0.84|conf_speed=0.91|edge_zoom=0.967|bounds
12,692.5,331.5,interp,0.38,686.0,540.0,379.9,0.0,612.2,1088.4,1,297.5,0,0,conf_zoom=0.83|conf_speed=0.91|edge_zoom=0.955|bounds
13,687.8,331.8,interp,0.38,681.3,540.0,373.7,0.0,615.3,1093.8,1,297.5,0,0,conf_zoom=0.83|conf_speed=0.91|edge_zoom=0.942|bounds
14,682.8,332.2,interp,0.38,675.9,540.0,366.3,0.0,619.3,1100.9,1,297.1,0,0,conf_zoom=0.82|conf_speed=0.90|edge_zoom=0.926|bounds
15,677.6,332.6,interp,0.38,670.0,540.0,358.1,0.0,623.9,1109.1,1,296.4,0,0,conf_zoom=0.82|conf_speed=0.90|edge_zoom=0.919|bounds
16,672.1,332.9,interp,0.38,663.5,540.0,349.1,0.0,628.8,1117.8,1,295.4,0,0,conf_zoom=0.81|conf_speed=0.90|edge_zoom=0.919|bounds
17,666.3,333.3,interp,0.38,656.4,540.0,339.6,0.0,633.6,1126.4,1,294.1,0,0,flight_commit=0.04|conf_zoom=0.92|conf_speed=0.96|edge_zoom=0.919|bounds
18,660.1,333.6,interp,0.38,648.7,540.0,329.7,0.0,638.1,1134.3,1,292.6,0,0,flight_commit=0.10|conf_zoom=0.94|conf_speed=0.96|edge_zoom=0.919|bounds
19,653.7,333.9,yolo,0.58,640.6,540.0,319.7,0.0,641.9,1141.1,1,290.9,0,0,flight_commit=0.16|conf_zoom=0.95|conf_speed=0.97|edge_zoom=0.920|bounds
20,646.5,334.2,interp,0.38,632.1,540.0,309.6,0.0,645.0,1146.6,1,289.6,0,0,flight_commit=0.24|conf_zoom=0.98|conf_speed=0.99|edge_zoom=0.920|bounds
21,638.9,334.5,interp,0.38,623.1,540.0,299.5,0.0,647.2,1150.7,1,288.2,0,0,flight_commit=0.32|conf_zoom=1.00|conf_speed=1.00|edge_zoom=0.920|bounds
22,631.0,334.7,interp,0.38,613.8,540.0,289.4,0.0,648.8,1153.4,1,286.8,0,0,flight_commit=0.40|edge_zoom=0.920|bounds
23,622.8,334.9,yolo,0.49,604.3,540.0,279.4,0.0,649.7,1155.0,1,285.5,0,0,flight_commit=0.47|edge_zoom=0.920|bounds
24,613.3,335.1,yolo,0.51,594.5,540.0,269.4,0.0,650.1,1155.8,1,285.2,0,0,flight_commit=0.61|edge_zoom=0.920|bounds
25,604.0,335.1,yolo,0.47,584.5,540.0,259.4,0.0,650.3,1156.0,1,284.5,0,0,flight_commit=0.68|edge_zoom=0.920|bounds
26,595.2,335.1,yolo,0.43,574.4,540.0,249.3,0.0,650.2,1155.9,1,283.2,0,0,flight_commit=0.71|edge_zoom=0.920|bounds
27,587.3,334.9,interp,0.38,564.1,540.0,239.0,0.0,650.2,1155.9,1,280.8,0,0,flight_commit=0.67|edge_zoom=0.920|bounds
28,579.6,334.5,interp,0.38,553.7,540.0,228.6,0.0,650.2,1155.9,1,278.1,0,0,flight_commit=0.63|edge_zoom=0.919|bounds
29,572.0,334.1,interp,0.38,543.3,540.0,218.1,0.0,650.4,1156.3,1,275.3,0,0,shot_pb=0.60|flight_commit=0.60|edge_zoom=0.918|bounds
30,564.3,333.5,interp,0.38,532.9,540.0,207.5,0.0,650.8,1156.9,1,272.6,0,0,shot_pb=0.80|flight_commit=0.92|edge_zoom=0.919|bounds
31,556.7,332.8,interp,0.38,522.5,540.0,196.8,0.0,651.3,1157.9,1,269.8,0,0,shot_pb=1.00|flight_commit=1.00|edge_zoom=0.918|bounds
32,548.9,332.0,interp,0.38,512.2,540.0,186.2,0.0,652.0,1159.1,1,267.3,0,0,shot_pb=1.00|flight_commit=1.00|edge_zoom=0.917|bounds
33,540.9,331.0,interp,0.38,502.0,540.0,175.6,0.0,652.8,1160.5,1,265.1,0,0,shot_pb=1.00|flight_commit=1.00|edge_zoom=0.917|bounds
34,532.6,330.0,interp,0.38,492.1,540.0,165.3,0.0,653.6,1162.0,1,263.5,0,0,shot_pb=1.00|flight_commit=1.00|edge_zoom=0.916|bounds
35,524.0,328.7,yolo,0.42,482.5,540.0,155.3,0.0,654.4,1163.4,1,262.5,0,0,shot_pb=1.00|flight_commit=1.00|edge_zoom=0.915|bounds
36,513.4,327.1,yolo,0.38,473.2,540.0,145.6,0.0,655.1,1164.7,1,263.8,0,0,shot_pb=1.00|flight_commit=1.00|edge_zoom=0.914|bounds
37,503.8,325.5,interp,0.38,464.2,540.0,136.3,0.0,655.8,1165.8,1,264.4,0,1,shot_pb=1.00|flight_commit=1.00|keepin_prop=0.01|keepin_zoom=1.350|edge_zoom=0.916|bounds
38,494.0,323.7,interp,0.38,455.6,540.0,127.4,0.0,656.3,1166.7,1,265.6,0,0,shot_pb=1.00|flight_commit=1.00|edge_zoom=0.911|bounds
39,484.1,321.8,yolo,0.34,447.2,540.0,118.9,0.0,656.7,1167.4,1,267.1,0,1,shot_pb=1.00|flight_commit=1.00|keepin_prop=0.01|keepin_zoom=1.350|edge_zoom=0.914|bounds
40,473.7,319.8,interp,0.38,439.2,540.0,110.7,0.0,657.0,1167.9,1,269.5,0,0,shot_pb=1.00|flight_commit=1.00|edge_zoom=0.908|bounds
41,463.4,317.6,yolo,0.39,431.4,540.0,102.9,0.0,657.2,1168.3,1,272.0,0,1,shot_pb=1.00|flight_commit=1.00|keepin_prop=0.04|keepin_zoom=1.350|edge_zoom=0.908|bounds
42,453.3,315.4,interp,0.38,423.9,540.0,95.2,0.0,657.3,1168.6,1,274.6,0,1,shot_pb=1.00|flight_commit=1.00|keepin_prop=0.00|keepin_zoom=1.350|edge_zoom=0.912|bounds
43,443.2,313.1,interp,0.38,416.6,540.0,87.9,0.0,657.4,1168.7,1,277.4,0,0,shot_pb=1.00|flight_commit=1.00|edge_zoom=0.904|bounds
44,433.2,310.7,yolo,0.35,409.4,540.0,80.7,0.0,657.5,1168.8,1,280.2,0,1,shot_pb=1.00|flight_commit=1.00|keepin_prop=0.03|keepin_zoom=1.350|edge_zoom=0.906|bounds
45,423.2,308.3,interp,0.38,402.5,540.0,73.8,0.0,657.5,1168.9,1,283.3,1,0,shot_pb=1.00|flight_commit=1.00|speed|edge_zoom=0.903|bounds
46,413.4,305.8,interp,0.38,395.8,540.0,67.1,0.0,657.5,1168.9,1,286.4,0,1,shot_pb=1.00|flight_commit=1.00|keepin_prop=0.07|keepin_zoom=1.350|edge_zoom=0.899|bounds
47,403.6,303.3,yolo,0.33,389.4,540.0,60.6,0.0,657.5,1168.9,1,289.8,0,1,shot_pb=1.00|flight_commit=1.00|keepin_prop=0.00|keepin_zoom=1.350|edge_zoom=0.908|bounds
48,392.9,300.4,yolo,0.40,383.2,540.0,54.5,0.0,657.5,1168.9,1,294.3,1,0,shot_pb=1.00|flight_commit=1.00|speed|edge_zoom=0.903|bounds
49,383.0,297.6,yolo,0.39,377.4,540.0,48.7,0.0,657.5,1168.9,1,297.6,0,1,shot_pb=1.00|flight_commit=1.00|keepin_prop=0.03|keepin_zoom=1.350|edge_zoom=0.901|bounds
50,373.9,295.0,yolo,0.35,372.0,540.0,43.2,0.0,657.5,1168.9,1,295.0,1,0,shot_pb=1.00|flight_commit=1.00|speed|edge_zoom=0.903|bounds
51,366.2,292.6,interp,0.38,367.0,540.0,38.2,0.0,657.5,1168.9,1,292.6,0,1,shot_pb=1.00|flight_commit=1.00|keepin_prop=0.08|keepin_zoom=1.350|edge_zoom=0.893|bounds
52,359.3,290.3,yolo,0.38,362.4,540.0,33.6,0.0,657.5,1168.9,1,290.3,0,1,shot_pb=1.00|flight_commit=1.00|keepin_prop=0.00|keepin_zoom=1.350|edge_zoom=0.903|bounds
53,353.0,288.1,yolo,0.36,358.2,540.0,29.5,0.0,657.5,1168.9,1,288.1,1,0,shot_pb=1.00|flight_commit=1.00|speed|edge_zoom=0.903|bounds
54,347.7,286.2,yolo,0.33,354.6,540.0,25.9,0.0,657.5,1168.9,1,286.2,0,1,shot_pb=1.00|flight_commit=1.00|keepin_prop=0.04|keepin_zoom=1.350|edge_zoom=0.895|bounds
55,343.3,284.5,interp,0.38,351.6,540.0,22.8,0.0,657.5,1168.9,1,284.5,1,1,shot_pb=1.00|flight_commit=1.00|keepin_prop=0.00|keepin_zoom=1.350|speed|edge_zoom=0.903|bounds
56,339.6,282.9,yolo,0.39,349.1,540.0,20.3,0.0,657.5,1168.9,1,282.9,1,0,shot_pb=1.00|flight_commit=1.00|speed|edge_zoom=0.903|bounds
57,336.6,281.4,yolo,0.37,347.3,540.0,18.5,0.0,657.5,1168.9,1,281.4,1,1,shot_pb=1.00|flight_commit=1.00|person_ctx=4|keepin_prop=0.01|keepin_zoom=1.350|speed|edge_zoom=0.901|bounds
58,334.2,280.0,yolo,0.40,346.2,540.0,17.5,0.0,657.5,1168.9,1,280.0,1,0,shot_pb=1.00|flight_commit=1.00|speed|edge_zoom=0.903|bounds
59,332.0,278.7,interp,0.38,346.0,540.0,17.2,0.0,657.5,1168.9,1,278.7,1,1,shot_pb=1.00|flight_commit=1.00|person_ctx=4|keepin_prop=0.00|keepin_zoom=1.350|speed|edge_zoom=0.902|bounds
60,330.2,277.5,interp,0.38,346.7,540.0,17.9,0.0,657.5,1168.9,1,277.5,1,0,shot_pb=1.00|flight_commit=1.00|person_ctx=4|speed|edge_zoom=0.903|bounds
61,328.7,276.4,yolo,0.39,348.4,540.0,19.6,0.0,657.5,1168.9,1,276.4,1,0,shot_pb=1.00|flight_commit=1.00|person_ctx=4|speed|edge_zoom=0.899|bounds
62,327.5,275.4,yolo,0.49,351.2,540.0,22.4,0.0,657.5,1168.9,1,275.4,1,0,shot_pb=1.00|flight_commit=1.00|person_ctx=4|speed|edge_zoom=0.903|bounds
63,326.2,274.4,yolo,0.53,355.2,540.0,26.4,0.0,657.5,1168.9,1,274.4,1,0,shot_pb=1.00|flight_commit=1.00|speed|edge_zoom=0.903|bounds
64,324.9,273.6,yolo,0.56,360.4,540.0,31.7,0.0,657.5,1168.9,1,268.5,1,1,shot_pb=1.00|flight_commit=1.00|keepin_prop=0.00|keepin_zoom=1.350|speed|edge_zoom=0.903|bounds
65,323.7,273.0,yolo,0.51,366.8,540.0,38.1,0.0,657.5,1168.9,1,260.9,1,0,shot_pb=1.00|flight_commit=1.00|speed|edge_zoom=0.903|bounds
66,322.7,272.6,yolo,0.50,374.3,540.0,45.6,0.0,657.5,1168.9,1,252.4,1,1,shot_pb=1.00|flight_commit=1.00|keepin_prop=0.00|keepin_zoom=1.350|speed|edge_zoom=0.902|bounds
67,322.2,272.4,yolo,0.47,382.8,540.0,54.0,0.0,657.5,1168.9,1,243.4,1,0,shot_pb=1.00|flight_commit=1.00|speed|edge_zoom=0.903|bounds
68,322.2,272.3,yolo,0.44,392.0,540.0,63.3,0.0,657.5,1168.9,1,234.2,1,1,shot_pb=1.00|flight_commit=1.00|keepin_prop=0.00|keepin_zoom=1.350|speed|edge_zoom=0.902|bounds
69,322.7,272.5,yolo,0.43,401.8,540.0,73.0,0.0,657.5,1168.9,1,224.9,0,0,shot_pb=1.00|flight_commit=1.00|person_ctx=4|edge_zoom=0.907|bounds
70,324.4,272.7,interp,0.38,412.0,540.0,83.2,0.0,657.5,1168.9,1,216.4,1,0,shot_pb=1.00|flight_commit=1.00|person_ctx=4|speed|edge_zoom=0.903|bounds
71,326.7,272.9,interp,0.38,422.2,540.0,93.5,0.0,657.5,1168.9,1,208.5,0,1,shot_pb=1.00|flight_commit=1.00|keepin_prop=0.05|keepin_zoom=1.350|edge_zoom=0.888|bounds
72,329.8,273.2,interp,0.38,432.5,540.0,103.7,0.0,657.5,1168.9,1,201.3,1,1,shot_pb=1.00|flight_commit=1.00|keepin_prop=0.00|keepin_zoom=1.350|speed|edge_zoom=0.902|bounds
73,333.5,273.5,interp,0.38,442.5,540.0,113.8,0.0,657.5,1168.9,1,195.0,1,0,shot_pb=1.00|flight_commit=1.00|speed|edge_zoom=0.903|bounds
74,337.9,273.9,interp,0.38,452.4,540.0,123.6,0.0,657.5,1168.9,1,189.5,0,1,shot_pb=1.00|flight_commit=1.00|keepin_prop=0.08|keepin_zoom=1.350|edge_zoom=0.885|bounds
75,343.1,274.3,interp,0.38,461.9,540.0,133.2,0.0,657.5,1168.9,1,185.2,1,1,shot_pb=1.00|flight_commit=1.00|keepin_prop=0.00|keepin_zoom=1.350|speed|edge_zoom=0.901|bounds
76,349.0,274.8,yolo,0.45,471.3,540.0,142.5,0.0,657.5,1168.9,1,181.7,1,0,shot_pb=1.00|flight_commit=1.00|speed|edge_zoom=0.903|bounds
77,356.3,275.2,interp,0.38,480.6,540.0,151.8,0.0,657.5,1168.9,1,179.7,0,1,shot_pb=1.00|flight_commit=1.00|keepin_prop=0.07|keepin_zoom=1.350|edge_zoom=0.887|bounds
78,364.3,275.7,interp,0.38,489.8,540.0,161.0,0.0,657.5,1168.9,1,178.5,1,1,shot_pb=1.00|flight_commit=1.00|keepin_prop=0.00|keepin_zoom=1.350|speed|edge_zoom=0.902|bounds
79,373.3,276.2,interp,0.38,499.2,540.0,170.4,0.0,657.5,1168.9,1,178.1,1,0,shot_pb=1.00|flight_commit=1.00|speed|edge_zoom=0.903|bounds
80,383.1,276.8,interp,0.38,508.8,540.0,180.0,0.0,657.5,1168.9,1,178.3,0,1,shot_pb=1.00|flight_commit=1.00|keepin_prop=0.05|keepin_zoom=1.350|edge_zoom=0.890|bounds
81,393.8,277.3,interp,0.38,518.7,540.0,190.0,0.0,657.5,1168.9,1,179.1,1,0,shot_pb=1.00|flight_commit=1.00|speed|edge_zoom=0.903|bounds
82,405.4,277.9,interp,0.38,529.2,540.0,200.4,0.0,657.5,1168.9,1,180.2,0,1,shot_pb=1.00|flight_commit=1.00|keepin_prop=0.09|keepin_zoom=1.350|edge_zoom=0.885|bounds
83,418.1,278.6,interp,0.38,540.1,540.0,211.3,0.0,657.5,1168.9,1,182.0,1,1,shot_pb=1.00|flight_commit=1.00|keepin_prop=0.00|keepin_zoom=1.350|speed|edge_zoom=0.902|bounds
84,431.8,279.3,interp,0.38,551.6,540.0,222.8,0.0,657.5,1168.9,1,184.2,1,0,shot_pb=1.00|flight_commit=1.00|speed|edge_zoom=0.903|bounds
85,446.7,280.0,interp,0.38,563.7,540.0,234.9,0.0,657.5,1168.9,1,187.0,1,1,shot_pb=1.00|flight_commit=1.00|keepin_prop=0.02|keepin_zoom=1.350|speed|edge_zoom=0.896|bounds
86,462.8,280.8,interp,0.38,576.4,540.0,247.7,0.0,657.5,1168.9,1,190.4,1,0,shot_pb=1.00|flight_commit=1.00|speed|edge_zoom=0.903|bounds
87,480.4,281.6,yolo,0.40,589.7,540.0,261.0,0.0,657.5,1168.9,1,194.7,1,0,shot_pb=1.00|flight_commit=1.00|speed|edge_zoom=0.903|bounds
88,501.8,282.6,interp,0.38,603.6,540.0,274.8,0.0,657.5,1168.9,1,202.2,1,1,shot_pb=1.00|flight_commit=1.00|keepin_prop=0.00|keepin_zoom=1.350|speed|edge_zoom=0.903|bounds
89,524.4,283.5,yolo,0.35,618.0,540.0,289.2,0.0,657.5,1168.9,1,210.4,1,0,shot_pb=1.00|flight_commit=1.00|speed|edge_zoom=0.903|bounds
90,547.8,284.6,interp,0.32,632.8,540.0,304.0,0.0,657.5,1168.9,1,219.0,1,0,shot_pb=1.00|flight_commit=1.00|speed|edge_zoom=0.903|bounds
91,571.1,285.7,interp,0.32,648.0,540.0,319.2,0.0,657.5,1168.9,1,227.1,1,0,shot_pb=1.00|flight_commit=1.00|speed|edge_zoom=0.903|bounds
92,594.2,286.9,interp,0.32,663.3,540.0,334.6,0.0,657.5,1168.9,1,234.9,1,0,shot_pb=1.00|flight_commit=1.00|speed|edge_zoom=0.903|bounds
93,616.9,288.1,interp,0.32,678.8,540.0,350.0,0.0,657.5,1168.9,1,242.1,0,0,shot_pb=1.00|flight_commit=1.00|edge_zoom=0.903|bounds
94,638.8,289.4,interp,0.32,694.2,540.0,365.5,0.0,657.5,1168.9,1,248.6,0,0,shot_pb=1.00|flight_commit=1.00|edge_zoom=0.903|bounds
95,660.0,290.8,interp,0.32,709.5,540.0,380.8,0.0,657.5,1168.9,1,254.5,0,0,shot_pb=1.00|flight_commit=1.00|edge_zoom=0.904|bounds
96,680.3,292.2,interp,0.32,724.4,540.0,395.7,0.0,657.5,1168.9,1,259.9,0,0,shot_pb=1.00|flight_commit=1.00|edge_zoom=0.905|bounds
97,699.7,293.8,interp,0.32,738.9,540.0,410.2,0.0,657.4,1168.8,1,264.8,0,0,shot_pb=1.00|flight_commit=1.00|edge_zoom=0.906|bounds
98,718.1,295.5,interp,0.32,752.9,540.0,424.2,0.0,657.3,1168.6,1,269.2,0,1,shot_pb=1.00|flight_commit=1.00|keepin_prop=0.01|keepin_zoom=1.350|edge_zoom=0.903|bounds
99,735.4,297.3,interp,0.32,766.2,540.0,437.6,0.0,657.2,1168.3,1,273.2,0,0,shot_pb=1.00|flight_commit=1.00|edge_zoom=0.909|bounds
100,751.7,299.3,interp,0.32,778.8,540.0,450.4,0.0,657.0,1167.9,1,276.9,0,1,shot_pb=1.00|flight_commit=1.00|keepin_prop=0.03|keepin_zoom=1.350|edge_zoom=0.902|bounds
101,767.0,301.4,interp,0.32,790.7,540.0,462.4,0.0,656.6,1167.3,1,280.3,0,0,shot_pb=1.00|flight_commit=1.00|edge_zoom=0.912|bounds
102,781.3,303.9,interp,0.32,801.9,540.0,473.9,0.0,656.1,1166.4,1,283.4,0,1,shot_pb=1.00|flight_commit=1.00|keepin_prop=0.06|keepin_zoom=1.350|edge_zoom=0.900|bounds
103,794.6,306.5,interp,0.32,812.4,540.0,484.8,0.0,655.4,1165.1,1,286.2,0,0,shot_pb=1.00|flight_commit=1.00|edge_zoom=0.916|bounds
104,806.9,309.5,interp,0.32,822.2,540.0,495.0,0.0,654.4,1163.3,1,288.7,0,1,shot_pb=1.00|flight_commit=1.00|keepin_prop=0.07|keepin_zoom=1.350|edge_zoom=0.901|bounds
105,818.3,312.8,interp,0.32,831.4,540.0,504.8,0.0,653.1,1161.0,1,290.9,0,1,shot_pb=1.00|flight_commit=1.00|keepin_prop=0.00|keepin_zoom=1.350|edge_zoom=0.911|bounds
106,828.8,316.5,interp,0.32,839.8,540.0,514.1,0.0,651.4,1158.0,1,293.0,0,0,shot_pb=1.00|flight_commit=1.00|edge_zoom=0.924|bounds
107,838.4,320.6,interp,0.32,847.7,540.0,523.0,0.0,649.3,1154.4,1,294.7,0,1,shot_pb=1.00|flight_commit=1.00|keepin_prop=0.02|keepin_zoom=1.350|edge_zoom=0.912|bounds
108,847.2,325.2,interp,0.32,854.8,540.0,531.4,0.0,646.9,1150.0,1,296.4,0,0,shot_pb=1.00|flight_commit=1.00|edge_zoom=0.932|bounds
109,855.2,330.5,interp,0.32,861.2,540.0,539.2,0.0,644.1,1145.1,1,298.0,0,1,shot_pb=1.00|flight_commit=1.00|keepin_prop=0.03|keepin_zoom=1.350|edge_zoom=0.915|bounds
110,862.3,336.4,interp,0.32,866.9,540.0,546.3,0.0,641.0,1139.6,1,299.4,0,0,shot_pb=1.00|flight_commit=1.00|edge_zoom=0.942|bounds
111,868.7,343.0,interp,0.32,871.7,540.0,552.8,0.0,637.7,1133.8,1,301.0,0,1,shot_pb=1.00|flight_commit=1.00|keepin_prop=0.00|keepin_zoom=1.350|edge_zoom=0.923|bounds
112,874.4,350.6,interp,0.32,875.5,540.0,558.3,0.0,634.4,1127.9,1,302.9,0,0,shot_pb=1.00|flight_commit=1.00|edge_zoom=0.953|bounds
113,879.3,359.1,interp,0.32,878.4,540.0,562.8,0.0,631.3,1122.2,1,303.1,0,0,shot_pb=1.00|flight_commit=1.00|edge_zoom=0.972|bounds
114,883.6,368.8,interp,0.32,880.2,540.0,566.0,0.0,628.4,1117.1,1,300.6,0,0,shot_pb=1.00|flight_commit=1.00|edge_zoom=0.985|bounds
115,887.1,379.7,interp,0.32,880.8,540.0,567.9,0.0,625.9,1112.8,1,297.7,0,0,shot_pb=1.00|flight_commit=1.00|edge_zoom=0.991|bounds
116,889.9,392.1,interp,0.32,880.3,540.0,568.2,0.0,624.1,1109.6,1,294.4,0,0,shot_pb=1.00|flight_commit=1.00|edge_zoom=0.995|bounds
117,892.0,406.2,interp,0.32,878.4,540.0,566.9,0.0,623.1,1107.7,1,290.4,0,0,shot_pb=1.00|flight_commit=1.00|edge_zoom=0.997|bounds
118,893.4,422.2,interp,0.32,875.3,540.0,563.9,0.0,622.8,1107.2,1,285.9,0,0,shot_pb=1.00|flight_commit=1.00|edge_zoom=0.998|bounds
119,894.1,440.3,interp,0.32,870.8,540.0,559.1,0.0,623.4,1108.3,1,280.7,0,0,shot_pb=1.00|flight_commit=1.00|edge_zoom=0.999|bounds
120,894.0,460.9,interp,0.32,865.1,540.0,552.7,0.0,624.8,1110.8,1,275.1,0,0,shot_pb=1.00|flight_commit=1.00|bounds
121,893.1,484.2,interp,0.32,858.1,540.0,544.6,0.0,627.0,1114.6,1,269.0,0,0,shot_pb=1.00|flight_commit=1.00|edge_zoom=0.996|bounds
122,891.4,510.8,interp,0.32,850.0,540.0,535.1,0.0,629.7,1119.5,1,262.6,0,0,shot_pb=1.00|flight_commit=1.00|edge_zoom=0.989|bounds
123,888.8,540.9,interp,0.32,840.7,540.0,524.2,0.0,632.9,1125.2,1,255.9,0,0,shot_pb=1.00|flight_commit=1.00|edge_zoom=0.978|bounds
124,885.2,575.2,interp,0.32,830.5,540.0,512.3,0.0,636.4,1131.3,1,249.3,0,0,accel_zoom=0.943|shot_pb=1.00|flight_commit=1.00|edge_zoom=0.962|bounds
125,879.7,652.0,centroid,0.30,819.6,540.0,499.6,0.0,639.9,1137.5,1,243.9,0,0,accel_zoom=0.818|shot_pb=1.00|flight_commit=1.00|flight_boost=1.02|edge_zoom=0.924|bounds
126,874.0,686.7,centroid,0.30,808.0,540.0,486.4,0.0,643.2,1143.5,1,238.0,0,0,shot_pb=1.00|flight_commit=1.00|flight_boost=1.06|edge_zoom=0.911|bounds
127,867.3,717.3,centroid,0.30,796.2,540.0,473.0,0.0,646.3,1149.0,1,232.9,0,0,shot_pb=1.00|flight_commit=1.00|flight_boost=1.07|edge_zoom=0.900|bounds
128,859.6,744.6,centroid,0.30,784.2,540.0,459.7,0.0,649.0,1153.8,1,228.6,1,0,shot_pb=1.00|flight_commit=1.00|flight_boost=1.07|speed|edge_zoom=0.893|bounds
129,850.6,768.8,centroid,0.30,772.3,540.0,446.6,0.0,651.3,1157.8,1,225.7,1,0,shot_pb=1.00|flight_commit=1.00|flight_boost=1.04|speed|edge_zoom=0.893|bounds
130,840.5,790.3,centroid,0.30,760.7,540.0,434.1,0.0,653.1,1161.1,1,224.2,1,0,shot_pb=1.00|flight_commit=1.00|speed|edge_zoom=0.894|bounds
131,829.1,809.3,centroid,0.30,749.5,540.0,422.2,0.0,654.5,1163.6,1,224.4,1,0,shot_pb=1.00|flight_commit=1.00|speed|edge_zoom=0.895|bounds
132,816.6,826.3,centroid,0.30,738.9,540.0,411.1,0.0,655.5,1165.4,1,226.3,1,0,shot_pb=1.00|flight_commit=1.00|speed|edge_zoom=0.896|bounds
133,802.7,841.4,centroid,0.30,728.9,540.0,400.7,0.0,656.3,1166.7,1,230.2,1,0,shot_pb=1.00|flight_commit=1.00|speed|edge_zoom=0.897|bounds
134,787.7,854.7,centroid,0.30,719.3,540.0,391.0,0.0,656.8,1167.6,1,235.6,1,1,shot_pb=1.00|flight_commit=1.00|keepin_prop=0.00|keepin_zoom=1.350|speed|edge_zoom=0.897|bounds
135,771.5,866.6,centroid,0.30,710.3,540.0,381.7,0.0,657.1,1168.2,1,242.8,1,1,shot_pb=1.00|flight_commit=1.00|keepin_prop=0.00|keepin_zoom=1.350|speed|edge_zoom=0.898|bounds
136,754.3,877.1,centroid,0.30,701.4,540.0,372.7,0.0,657.3,1168.5,1,251.1,1,1,shot_pb=1.00|flight_commit=1.00|keepin_prop=0.01|keepin_zoom=1.350|speed|edge_zoom=0.898|bounds
137,735.9,886.4,centroid,0.30,692.6,540.0,363.9,0.0,657.4,1168.8,1,260.7,1,1,shot_pb=1.00|flight_commit=1.00|keepin_prop=0.02|keepin_zoom=1.350|speed|edge_zoom=0.895|bounds
138,716.7,894.6,centroid,0.30,683.6,540.0,354.9,0.0,657.5,1168.9,1,270.9,1,1,shot_pb=1.00|flight_commit=1.00|keepin_prop=0.03|keepin_zoom=1.350|speed|edge_zoom=0.891|bounds
139,696.6,901.9,centroid,0.30,674.3,540.0,345.5,0.0,657.5,1168.9,1,267.0,1,1,shot_pb=1.00|flight_commit=1.00|keepin_prop=0.05|keepin_zoom=1.350|speed|edge_zoom=0.887|bounds
140,675.8,908.2,centroid,0.30,664.4,540.0,335.7,0.0,657.5,1168.9,1,260.7,1,1,shot_pb=1.00|flight_commit=1.00|keepin_prop=0.06|keepin_zoom=1.350|speed|edge_zoom=0.882|bounds
141,654.5,913.8,centroid,0.30,653.9,540.0,325.1,0.0,657.5,1168.9,1,255.1,1,1,shot_pb=1.00|flight_commit=1.00|keepin_prop=0.07|keepin_zoom=1.350|speed|edge_zoom=0.878|bounds
142,632.6,918.7,centroid,0.30,642.6,540.0,313.8,0.0,657.5,1168.9,1,250.2,1,1,shot_pb=1.00|flight_commit=1.00|keepin_prop=0.08|keepin_zoom=1.350|speed|edge_zoom=0.874|bounds
143,610.5,922.9,centroid,0.30,630.6,540.0,301.8,0.0,657.5,1168.9,1,246.0,1,1,shot_pb=1.00|flight_commit=1.00|keepin_prop=0.09|keepin_zoom=1.350|speed|edge_zoom=0.870|bounds
144,588.1,926.5,centroid,0.30,617.8,540.0,289.0,0.0,657.5,1168.9,1,242.4,1,1,shot_pb=1.00|flight_commit=1.00|keepin_prop=0.10|keepin_zoom=1.350|speed|edge_zoom=0.867|bounds
145,565.7,929.7,centroid,0.30,604.3,540.0,275.6,0.0,657.5,1168.9,1,239.2,1,1,shot_pb=1.00|flight_commit=1.00|keepin_prop=0.11|keepin_zoom=1.350|speed|edge_zoom=0.864|bounds
146,543.4,932.4,centroid,0.30,590.3,540.0,261.6,0.0,657.5,1168.9,1,236.5,1,1,shot_pb=1.00|flight_commit=1.00|keepin_prop=0.12|keepin_zoom=1.350|speed|edge_zoom=0.861|bounds
147,521.3,934.7,centroid,0.30,575.9,540.0,247.1,0.0,657.5,1168.9,1,234.2,1,1,shot_pb=1.00|flight_commit=1.00|keepin_prop=0.13|keepin_zoom=1.350|speed|edge_zoom=0.859|bounds
148,499.5,936.6,centroid,0.30,561.2,540.0,232.4,0.0,657.5,1168.9,1,232.3,1,1,shot_pb=1.00|flight_commit=1.00|keepin_prop=0.13|keepin_zoom=1.350|speed|edge_zoom=0.857|bounds
149,478.1,938.3,centroid,0.30,546.3,540.0,217.5,0.0,657.5,1168.9,1,230.6,1,1,shot_pb=1.00|flight_commit=1.00|keepin_prop=0.14|keepin_zoom=1.350|speed|edge_zoom=0.855|bounds
150,457.3,939.6,centroid,0.30,531.4,540.0,202.6,0.0,657.5,1168.9,1,229.3,1,1,shot_pb=1.00|flight_commit=1.00|keepin_prop=0.14|keepin_zoom=1.350|speed|edge_zoom=0.853|bounds
151,437.2,940.7,centroid,0.30,516.5,540.0,187.8,0.0,657.5,1168.9,1,224.7,1,1,shot_pb=1.00|flight_commit=1.00|keepin_prop=0.15|keepin_zoom=1.350|speed|edge_zoom=0.852|bounds
152,417.9,941.7,centroid,0.30,501.9,540.0,173.1,0.0,657.5,1168.9,1,220.0,1,1,shot_pb=1.00|flight_commit=1.00|keepin_prop=0.15|keepin_zoom=1.350|speed|edge_zoom=0.851|bounds
153,399.5,942.4,centroid,0.30,487.6,540.0,158.8,0.0,657.5,1168.9,1,215.9,1,1,shot_pb=1.00|flight_commit=1.00|keepin_prop=0.15|keepin_zoom=1.350|speed|edge_zoom=0.850|bounds
154,381.9,943.0,centroid,0.30,473.7,540.0,145.0,0.0,657.5,1168.9,1,212.2,1,1,shot_pb=1.00|flight_commit=1.00|keepin_prop=0.16|keepin_zoom=1.350|speed|edge_zoom=0.849|bounds
155,365.4,943.5,centroid,0.30,460.3,540.0,131.6,0.0,657.5,1168.9,1,209.1,1,1,shot_pb=1.00|flight_commit=1.00|keepin_prop=0.16|keepin_zoom=1.350|speed|edge_zoom=0.849|bounds
156,349.9,943.9,centroid,0.30,447.5,540.0,118.7,0.0,657.5,1168.9,1,206.4,1,1,shot_pb=1.00|flight_commit=1.00|keepin_prop=0.16|keepin_zoom=1.350|speed|edge_zoom=0.848|bounds
157,335.5,944.1,centroid,0.30,435.2,540.0,106.5,0.0,657.5,1168.9,1,204.3,1,1,shot_pb=1.00|flight_commit=1.00|keepin_prop=0.16|keepin_zoom=1.350|speed|edge_zoom=0.848|bounds
158,322.2,944.3,centroid,0.30,423.7,540.0,94.9,0.0,657.5,1168.9,1,202.5,1,1,shot_pb=1.00|flight_commit=1.00|keepin_prop=0.16|keepin_zoom=1.350|speed|edge_zoom=0.847|bounds
159,310.0,944.5,centroid,0.30,412.7,540.0,84.0,0.0,657.5,1168.9,1,201.3,1,1,shot_pb=1.00|flight_commit=1.00|keepin_prop=0.16|keepin_zoom=1.350|speed|edge_zoom=0.847|bounds
160,298.9,944.6,centroid,0.30,402.6,540.0,73.8,0.0,657.5,1168.9,1,200.3,1,1,shot_pb=1.00|flight_commit=1.00|keepin_prop=0.16|keepin_zoom=1.350|speed|edge_zoom=0.847|bounds
161,288.8,944.6,centroid,0.30,393.1,540.0,64.3,0.0,657.5,1168.9,1,199.7,1,1,shot_pb=1.00|flight_commit=1.00|keepin_prop=0.16|keepin_zoom=1.350|speed|edge_zoom=0.847|bounds
162,279.8,944.7,centroid,0.30,384.4,540.0,55.6,0.0,657.5,1168.9,1,199.4,1,1,shot_pb=1.00|flight_commit=1.00|keepin_prop=0.16|keepin_zoom=1.350|speed|edge_zoom=0.847|bounds
163,271.7,944.7,centroid,0.30,376.4,540.0,47.6,0.0,657.5,1168.9,1,199.3,1,1,shot_pb=1.00|flight_commit=1.00|keepin_prop=0.16|keepin_zoom=1.350|speed|edge_zoom=0.847|bounds
164,264.6,944.7,centroid,0.30,369.1,540.0,40.4,0.0,657.5,1168.9,1,199.5,1,1,shot_pb=1.00|flight_commit=1.00|keepin_prop=0.16|keepin_zoom=1.350|speed|edge_zoom=0.847|bounds
165,258.4,944.7,centroid,0.30,362.6,540.0,33.8,0.0,657.5,1168.9,1,199.8,1,1,shot_pb=1.00|flight_commit=1.00|keepin_prop=0.16|keepin_zoom=1.350|speed|edge_zoom=0.847|bounds
166,253.0,944.7,centroid,0.30,356.8,540.0,28.1,0.0,657.5,1168.9,1,200.2,1,1,shot_pb=1.00|flight_commit=1.00|keepin_prop=0.16|keepin_zoom=1.350|speed|edge_zoom=0.847|bounds
167,248.4,944.6,centroid,0.30,351.7,540.0,23.0,0.0,657.5,1168.9,1,200.7,1,1,shot_pb=1.00|flight_commit=1.00|keepin_prop=0.17|keepin_zoom=1.350|speed|edge_zoom=0.846|bounds
168,244.6,944.5,centroid,0.30,347.3,540.0,18.6,0.0,657.5,1168.9,1,201.3,1,1,shot_pb=1.00|flight_commit=1.00|keepin_prop=0.17|keepin_zoom=1.350|speed|edge_zoom=0.846|bounds
169,241.4,944.4,centroid,0.30,343.6,540.0,14.8,0.0,657.5,1168.9,1,201.8,1,1,shot_pb=1.00|flight_commit=1.00|keepin_prop=0.17|keepin_zoom=1.350|speed|edge_zoom=0.846|bounds
170,238.9,944.2,centroid,0.30,340.4,540.0,11.7,0.0,657.5,1168.9,1,202.5,1,1,shot_pb=1.00|flight_commit=1.00|keepin_prop=0.17|keepin_zoom=1.350|speed|edge_zoom=0.845|bounds
171,237.0,944.0,centroid,0.30,337.9,540.0,9.1,0.0,657.5,1168.9,1,203.1,1,1,shot_pb=1.00|flight_commit=1.00|keepin_prop=0.17|keepin_zoom=1.350|speed|edge_zoom=0.843|bounds
172,235.7,943.7,centroid,0.30,335.9,540.0,7.1,0.0,657.5,1168.9,1,203.8,1,1,shot_pb=1.00|flight_commit=1.00|keepin_prop=0.19|keepin_zoom=1.350|speed|edge_zoom=0.840|bounds
173,235.0,943.2,centroid,0.30,334.4,540.0,5.6,0.0,657.5,1168.9,1,204.6,1,1,shot_pb=1.00|flight_commit=1.00|keepin_prop=0.21|keepin_zoom=1.350|speed|edge_zoom=0.830|bounds
174,234.8,942.6,centroid,0.30,333.3,540.0,4.6,0.0,657.5,1168.9,1,205.5,1,1,shot_pb=1.00|flight_commit=1.00|keepin_prop=0.26|keepin_zoom=1.350|speed|edge_zoom=0.814|bounds
175,235.2,941.9,centroid,0.30,332.7,540.0,4.0,0.0,657.5,1168.9,1,206.5,1,1,shot_pb=1.00|flight_commit=1.00|keepin_prop=0.25|keepin_zoom=1.350|speed|edge_zoom=0.819|bounds
176,236.2,940.9,centroid,0.30,332.6,540.0,3.8,0.0,657.5,1168.9,1,207.6,1,1,shot_pb=1.00|flight_commit=1.00|keepin_prop=0.22|keepin_zoom=1.350|speed|edge_zoom=0.827|bounds
177,237.7,939.7,centroid,0.30,332.8,540.0,4.1,0.0,657.5,1168.9,1,208.9,1,1,shot_pb=1.00|flight_commit=1.00|keepin_prop=0.21|keepin_zoom=1.350|speed|edge_zoom=0.831|bounds
178,239.8,938.3,centroid,0.30,333.6,540.0,4.8,0.0,657.5,1168.9,1,210.2,1,1,shot_pb=1.00|flight_commit=1.00|keepin_prop=0.20|keepin_zoom=1.350|speed|edge_zoom=0.834|bounds
179,242.5,936.5,centroid,0.30,334.8,540.0,6.0,0.0,657.5,1168.9,1,211.7,1,1,shot_pb=1.00|flight_commit=1.00|keepin_prop=0.19|keepin_zoom=1.350|speed|edge_zoom=0.837|bounds
180,245.8,934.4,centroid,0.30,336.5,540.0,7.7,0.0,657.5,1168.9,1,213.3,1,1,shot_pb=1.00|flight_commit=1.00|keepin_prop=0.19|keepin_zoom=1.350|speed|edge_zoom=0.839|bounds
181,249.8,931.8,centroid,0.30,338.8,540.0,10.1,0.0,657.5,1168.9,1,215.0,1,1,shot_pb=1.00|flight_commit=1.00|keepin_prop=0.18|keepin_zoom=1.350|speed|edge_zoom=0.842|bounds
182,254.4,928.9,centroid,0.30,341.9,540.0,13.1,0.0,657.5,1168.9,1,216.5,1,1,shot_pb=1.00|flight_commit=1.00|keepin_prop=0.17|keepin_zoom=1.350|speed|edge_zoom=0.845|bounds
183,259.8,925.4,centroid,0.30,345.7,540.0,17.0,0.0,657.5,1168.9,1,218.1,1,1,shot_pb=1.00|flight_commit=1.00|keepin_prop=0.16|keepin_zoom=1.350|speed|edge_zoom=0.848|bounds
184,266.0,921.3,centroid,0.30,350.6,540.0,21.8,0.0,657.5,1168.9,1,219.4,1,1,shot_pb=1.00|flight_commit=1.00|keepin_prop=0.15|keepin_zoom=1.350|speed|edge_zoom=0.852|bounds
185,273.1,916.6,centroid,0.30,356.6,540.0,27.8,0.0,657.5,1168.9,1,220.5,1,1,shot_pb=1.00|flight_commit=1.00|keepin_prop=0.14|keepin_zoom=1.350|speed|edge_zoom=0.856|bounds
186,281.1,911.1,centroid,0.30,363.9,540.0,35.2,0.0,657.5,1168.9,1,221.2,1,1,shot_pb=1.00|flight_commit=1.00|keepin_prop=0.12|keepin_zoom=1.350|speed|edge_zoom=0.860|bounds
187,290.1,904.8,centroid,0.30,372.8,540.0,44.1,0.0,657.5,1168.9,1,221.3,1,1,shot_pb=1.00|flight_commit=1.00|keepin_prop=0.11|keepin_zoom=1.350|speed|edge_zoom=0.865|bounds
188,300.4,897.6,centroid,0.30,383.5,540.0,54.7,0.0,657.5,1168.9,1,220.9,1,1,shot_pb=1.00|flight_commit=1.00|keepin_prop=0.09|keepin_zoom=1.350|speed|edge_zoom=0.871|bounds
189,312.0,889.3,centroid,0.30,396.1,540.0,67.4,0.0,657.5,1168.9,1,219.9,1,1,shot_pb=1.00|flight_commit=1.00|keepin_prop=0.08|keepin_zoom=1.350|speed|edge_zoom=0.876|bounds
190,325.1,879.7,centroid,0.30,410.8,540.0,82.1,0.0,657.5,1168.9,1,218.3,1,1,shot_pb=1.00|flight_commit=1.00|keepin_prop=0.06|keepin_zoom=1.350|speed|edge_zoom=0.882|bounds
191,340.0,868.9,centroid,0.30,427.7,540.0,99.0,0.0,657.5,1168.8,1,216.3,1,1,shot_pb=1.00|flight_commit=1.00|keepin_prop=0.04|keepin_zoom=1.350|speed|edge_zoom=0.888|bounds
192,356.7,856.5,centroid,0.30,446.8,540.0,118.0,0.0,657.4,1168.8,1,213.9,1,1,shot_pb=1.00|flight_commit=1.00|keepin_prop=0.03|keepin_zoom=1.350|speed|edge_zoom=0.894|bounds
193,375.7,842.3,centroid,0.30,467.8,540.0,139.1,0.0,657.4,1168.7,1,211.9,1,1,accel_zoom=0.944|shot_pb=1.00|flight_commit=1.00|keepin_prop=0.01|keepin_zoom=1.350|speed|edge_zoom=0.898|bounds
194,397.1,826.2,centroid,0.30,490.5,540.0,161.9,0.0,657.3,1168.5,1,210.6,1,1,accel_zoom=0.937|shot_pb=1.00|flight_commit=1.00|keepin_prop=0.00|keepin_zoom=1.350|speed|edge_zoom=0.898|bounds
195,421.4,807.9,centroid,0.30,514.6,540.0,186.0,0.0,657.2,1168.3,1,210.8,0,0,accel_zoom=0.930|shot_pb=1.00|flight_commit=1.00|edge_zoom=0.919|bounds
196,448.9,787.1,centroid,0.30,539.4,540.0,210.8,0.0,657.0,1168.0,1,213.5,0,0,accel_zoom=0.924|shot_pb=1.00|flight_commit=1.00|edge_zoom=0.927|bounds
197,480.1,763.4,centroid,0.30,564.2,540.0,235.8,0.0,656.8,1167.7,1,219.9,0,0,accel_zoom=0.918|shot_pb=1.00|flight_commit=1.00|edge_zoom=0.936|bounds
198,515.5,736.5,centroid,0.30,588.5,540.0,260.2,0.0,656.6,1167.2,1,231.0,0,0,accel_zoom=0.914|shot_pb=1.00|flight_commit=1.00|edge_zoom=0.947|bounds
199,602.0,670.9,yolo,0.46,611.4,540.0,283.2,0.0,656.3,1166.8,1,294.6,0,0,accel_zoom=0.914|shot_pb=1.00|flight_commit=1.00|flight_boost=1.23|edge_zoom=0.972|bounds
200,635.9,645.1,interp,0.38,632.2,540.0,304.2,0.0,656.0,1166.2,1,300.3,0,0,accel_zoom=0.914|shot_pb=1.00|flight_commit=1.00|flight_boost=1.27|edge_zoom=0.982|bounds
201,664.0,623.8,interp,0.38,650.2,540.0,322.4,0.0,655.7,1165.7,1,290.2,0,0,shot_pb=1.00|flight_commit=1.00|flight_boost=1.27|edge_zoom=0.990|bounds
202,686.8,606.4,interp,0.38,665.1,540.0,337.4,0.0,655.4,1165.1,1,282.3,0,0,shot_pb=1.00|flight_commit=1.00|flight_boost=1.24|edge_zoom=0.997|bounds
203,704.7,592.8,interp,0.38,676.5,540.0,348.9,0.0,655.1,1164.6,1,275.8,0,1,shot_pb=1.00|flight_commit=1.00|person_ctx=4|keepin_prop=0.00|keepin_zoom=1.350|flight_boost=1.17|edge_zoom=0.987|bounds
204,717.9,582.8,interp,0.38,684.3,540.0,356.8,0.0,654.9,1164.3,1,270.4,0,0,shot_pb=1.00|flight_commit=1.00|edge_zoom=0.994|bounds
205,726.7,576.1,interp,0.38,688.7,540.0,361.3,0.0,654.8,1164.0,1,266.0,0,1,shot_pb=1.00|flight_commit=1.00|keepin_prop=0.00|keepin_zoom=1.350|edge_zoom=0.991|bounds
206,731.2,572.6,interp,0.38,690.1,540.0,362.8,0.0,654.7,1163.9,1,262.9,0,0,shot_pb=1.00|flight_commit=1.00|edge_zoom=0.991|bounds
207,731.5,572.4,interp,0.38,689.2,540.0,361.8,0.0,654.7,1164.0,1,261.7,0,1,shot_pb=1.00|flight_commit=1.00|person_ctx=4|keepin_prop=0.01|keepin_zoom=1.350|edge_zoom=0.993|bounds
208,727.6,575.4,yolo,0.42,686.6,540.0,359.2,0.0,654.8,1164.1,1,263.0,0,0,shot_pb=1.00|flight_commit=1.00|edge_zoom=0.967|bounds
209,698.4,597.8,centroid,0.22,683.3,540.0,355.8,0.0,654.9,1164.4,1,288.9,0,0,shot_pb=1.00|flight_commit=1.00|edge_zoom=0.958|bounds
210,690.5,603.9,centroid,0.23,680.1,540.0,352.5,0.0,655.1,1164.7,1,293.6,0,0,shot_pb=1.00|flight_commit=1.00|edge_zoom=0.956|bounds
211,683.9,609.1,centroid,0.23,677.8,540.0,350.1,0.0,655.3,1164.9,1,297.9,0,0,shot_pb=1.00|flight_commit=1.00|edge_zoom=0.954|bounds
212,678.5,613.2,centroid,0.23,677.1,540.0,349.4,0.0,655.4,1165.1,1,302.6,0,1,shot_pb=1.00|flight_commit=1.00|person_ctx=4|keepin_prop=0.02|keepin_zoom=1.350|edge_zoom=0.973|bounds
213,674.7,616.2,centroid,0.24,678.5,540.0,350.8,0.0,655.4,1165.2,1,300.2,0,0,shot_pb=1.00|flight_commit=1.00|person_ctx=4|edge_zoom=0.952|bounds
214,672.4,617.7,centroid,0.24,682.3,540.0,354.6,0.0,655.3,1165.0,1,294.1,0,1,shot_pb=1.00|flight_commit=1.00|keepin_prop=0.05|keepin_zoom=1.350|edge_zoom=0.970|bounds
215,671.8,617.7,centroid,0.24,688.4,540.0,360.9,0.0,655.1,1164.6,1,287.4,0,1,shot_pb=1.00|flight_commit=1.00|person_ctx=4|keepin_prop=0.01|keepin_zoom=1.350|edge_zoom=0.971|bounds
216,673.1,615.9,centroid,0.25,696.8,540.0,369.4,0.0,654.7,1164.0,1,280.3,0,0,shot_pb=1.00|conf_zoom=0.69|person_ctx=4|conf_speed=0.83|bounds
217,676.5,612.1,centroid,0.25,707.0,540.0,379.9,0.0,654.2,1163.1,1,273.5,0,0,shot_pb=1.00|conf_zoom=0.69|conf_speed=0.83|bounds
218,682.1,606.1,centroid,0.25,718.5,540.0,391.7,0.0,653.7,1162.1,1,267.6,0,0,shot_pb=1.00|conf_zoom=0.69|conf_speed=0.83|edge_zoom=0.999|bounds
219,690.1,597.5,centroid,0.26,730.8,540.0,404.3,0.0,653.0,1161.0,1,263.3,0,0,shot_pb=1.00|conf_zoom=0.69|conf_speed=0.83|edge_zoom=0.997|bounds
220,700.8,586.0,centroid,0.26,743.2,540.0,417.0,0.0,652.4,1159.9,1,261.6,0,0,shot_pb=1.00|conf_zoom=0.69|conf_speed=0.83|edge_zoom=0.995|bounds
221,714.5,571.2,centroid,0.27,755.0,540.0,429.1,0.0,651.9,1158.9,1,263.5,0,0,shot_pb=1.00|conf_zoom=0.69|conf_speed=0.83|edge_zoom=0.992|bounds
222,756.7,526.6,yolo,0.63,765.8,540.0,440.1,0.0,651.5,1158.2,1,294.9,0,0,shot_pb=1.00|flight_commit=1.00|person_ctx=4|edge_zoom=0.969|bounds
223,771.1,509.8,yolo,0.53,775.0,540.0,449.4,0.0,651.3,1157.8,1,300.1,0,0,shot_pb=1.00|flight_commit=1.00|edge_zoom=0.964|bounds
224,782.7,495.2,yolo,0.45,782.2,540.0,456.6,0.0,651.2,1157.7,1,303.5,0,0,shot_pb=1.00|flight_commit=1.00|edge_zoom=0.959|bounds
225,791.9,482.5,yolo,0.41,787.1,540.0,461.4,0.0,651.4,1158.0,1,299.2,0,1,shot_pb=1.00|flight_commit=1.00|keepin_prop=0.00|keepin_zoom=1.350|edge_zoom=0.978|bounds
226,799.1,471.4,yolo,0.40,789.6,540.0,463.8,0.0,651.7,1158.7,1,294.5,0,0,shot_pb=1.00|flight_commit=1.00|edge_zoom=0.943|bounds
227,804.3,461.8,yolo,0.43,789.6,540.0,463.5,0.0,652.2,1159.5,1,289.3,0,0,shot_pb=1.00|flight_commit=1.00|person_ctx=4|edge_zoom=0.939|bounds
228,807.9,453.4,interp,0.38,787.1,540.0,460.7,0.0,652.8,1160.5,1,283.2,0,0,shot_pb=1.00|flight_commit=1.00|edge_zoom=0.934|bounds
229,810.1,446.2,yolo,0.38,782.3,540.0,455.7,0.0,653.3,1161.5,1,276.2,0,0,shot_pb=1.00|flight_commit=1.00|edge_zoom=0.930|bounds
230,810.6,439.9,yolo,0.34,775.5,540.0,448.6,0.0,653.8,1162.4,1,268.9,0,0,shot_pb=1.00|flight_commit=1.00|person_ctx=4|edge_zoom=0.926|bounds
231,809.9,434.5,yolo,0.35,766.9,540.0,439.8,0.0,654.3,1163.2,1,261.0,0,0,shot_pb=1.00|flight_commit=1.00|person_ctx=4|edge_zoom=0.924|bounds
232,808.0,429.9,interp,0.38,757.0,540.0,429.7,0.0,654.6,1163.7,1,253.0,0,0,shot_pb=1.00|flight_commit=1.00|edge_zoom=0.925|bounds
233,805.2,425.9,interp,0.38,746.1,540.0,418.7,0.0,654.8,1164.1,1,244.9,0,0,shot_pb=1.00|flight_commit=1.00|edge_zoom=0.927|bounds
234,801.6,422.5,interp,0.38,734.7,540.0,407.2,0.0,654.9,1164.2,1,237.1,0,0,shot_pb=1.00|flight_commit=1.00|edge_zoom=0.930|bounds
235,797.2,419.7,interp,0.38,723.0,540.0,395.6,0.0,654.8,1164.1,1,229.8,0,1,shot_pb=1.00|flight_commit=1.00|keepin_prop=0.00|keepin_zoom=1.350|edge_zoom=0.952|bounds
236,792.2,417.4,interp,0.38,711.5,540.0,384.1,0.0,654.6,1163.8,1,223.3,0,0,shot_pb=1.00|flight_commit=1.00|edge_zoom=0.937|bounds
237,786.6,415.4,interp,0.38,700.2,540.0,373.1,0.0,654.3,1163.2,1,217.6,0,1,shot_pb=1.00|flight_commit=1.00|keepin_prop=0.05|keepin_zoom=1.350|edge_zoom=0.947|bounds
238,780.6,413.9,interp,0.38,689.5,540.0,362.5,0.0,653.9,1162.5,1,212.9,0,1,shot_pb=1.00|flight_commit=1.00|keepin_prop=0.00|keepin_zoom=1.350|edge_zoom=0.950|bounds
239,774.2,412.7,interp,0.38,679.3,540.0,352.6,0.0,653.3,1161.4,1,209.1,0,0,shot_pb=1.00|flight_commit=1.00|person_ctx=4|edge_zoom=0.943|bounds
240,767.5,411.8,interp,0.38,669.8,540.0,343.5,0.0,652.6,1160.2,1,206.3,0,1,shot_pb=1.00|flight_commit=1.00|keepin_prop=0.05|keepin_zoom=1.350|edge_zoom=0.946|bounds
241,760.5,411.2,interp,0.38,660.8,540.0,334.9,0.0,651.8,1158.7,1,204.3,0,0,shot_pb=1.00|flight_commit=1.00|person_ctx=4|edge_zoom=0.946|bounds
242,753.2,410.9,interp,0.38,652.4,540.0,327.0,0.0,650.8,1157.1,1,203.2,0,1,shot_pb=1.00|flight_commit=1.00|keepin_prop=0.06|keepin_zoom=1.350|edge_zoom=0.944|bounds
243,745.8,410.8,interp,0.38,644.5,540.0,319.6,0.0,649.8,1155.2,1,202.7,0,0,shot_pb=1.00|flight_commit=1.00|edge_zoom=0.949|bounds
244,738.2,410.9,interp,0.38,637.0,540.0,312.7,0.0,648.6,1153.1,1,202.8,0,1,shot_pb=1.00|flight_commit=1.00|keepin_prop=0.04|keepin_zoom=1.350|edge_zoom=0.946|bounds
245,730.6,411.3,interp,0.38,629.7,540.0,306.1,0.0,647.4,1150.9,1,203.1,0,0,shot_pb=1.00|flight_commit=1.00|edge_zoom=0.950|bounds
246,722.9,411.8,interp,0.38,622.7,540.0,299.7,0.0,646.0,1148.5,1,203.8,0,1,shot_pb=1.00|flight_commit=1.00|person_ctx=4|keepin_prop=0.01|keepin_zoom=1.350|edge_zoom=0.949|bounds
247,715.3,412.6,interp,0.38,615.8,540.0,293.4,0.0,644.7,1146.2,1,204.5,0,0,shot_pb=1.00|flight_commit=1.00|edge_zoom=0.952|bounds
248,707.6,413.6,interp,0.38,608.9,540.0,287.2,0.0,643.4,1143.8,1,205.3,0,1,shot_pb=1.00|flight_commit=1.00|keepin_prop=0.00|keepin_zoom=1.350|edge_zoom=0.950|bounds
249,706.3,414.4,interp,0.38,602.1,540.0,281.1,0.0,642.1,1141.5,1,199.8,0,0,shot_pb=1.00|flight_commit=1.00|edge_zoom=0.968|bounds
250,687.0,423.4,blended,0.69,595.4,540.0,274.9,0.0,640.9,1139.4,1,212.4,0,0,shot_pb=1.00|flight_commit=1.00|edge_zoom=0.967|bounds
251,683.8,416.3,interp,0.38,588.6,540.0,268.7,0.0,639.8,1137.5,1,208.8,0,0,shot_pb=1.00|flight_commit=1.00|edge_zoom=0.931|bounds
252,676.6,416.5,interp,0.38,581.8,540.0,262.4,0.0,638.8,1135.7,1,209.2,0,0,shot_pb=1.00|flight_commit=1.00|edge_zoom=0.952|bounds
253,669.3,416.9,interp,0.38,575.1,540.0,256.1,0.0,638.0,1134.2,1,209.8,0,0,shot_pb=1.00|flight_commit=1.00|edge_zoom=0.958|bounds
254,658.3,424.3,blended,0.70,568.4,540.0,249.8,0.0,637.3,1133.0,1,214.1,0,0,shot_pb=1.00|flight_commit=1.00|edge_zoom=0.984|bounds
255,654.8,416.8,yolo,0.31,561.9,540.0,243.5,0.0,636.8,1132.1,1,211.1,0,0,shot_pb=1.00|flight_commit=1.00|edge_zoom=0.935|bounds
256,647.4,416.2,yolo,0.32,555.4,540.0,237.2,0.0,636.4,1131.4,1,212.0,0,0,shot_pb=1.00|flight_commit=1.00|edge_zoom=0.954|bounds
257,639.8,415.8,yolo,0.32,549.0,540.0,230.9,0.0,636.2,1131.0,1,213.2,0,0,shot_pb=1.00|flight_commit=1.00|edge_zoom=0.957|bounds
258,632.2,415.5,yolo,0.29,542.8,540.0,224.7,0.0,636.2,1130.9,1,214.6,0,0,shot_pb=1.00|flight_commit=1.00|edge_zoom=0.958|bounds
259,624.5,415.4,yolo,0.34,536.8,540.0,218.6,0.0,636.3,1131.2,1,216.3,0,0,shot_pb=1.00|flight_commit=1.00|edge_zoom=0.959|bounds
260,616.8,415.4,yolo,0.34,530.9,540.0,212.6,0.0,636.6,1131.8,1,218.1,0,0,shot_pb=1.00|flight_commit=1.00|edge_zoom=0.960|bounds
261,608.9,415.5,yolo,0.34,525.2,540.0,206.6,0.0,637.1,1132.7,1,220.3,0,0,shot_pb=1.00|flight_commit=1.00|edge_zoom=0.960|bounds
262,601.0,415.7,yolo,0.38,519.6,540.0,200.7,0.0,637.8,1133.8,1,222.6,0,0,shot_pb=1.00|flight_commit=1.00|edge_zoom=0.960|bounds
263,593.0,416.0,yolo,0.42,514.2,540.0,195.0,0.0,638.6,1135.3,1,225.2,0,0,shot_pb=1.00|flight_commit=1.00|edge_zoom=0.960|bounds
264,585.1,416.3,yolo,0.37,509.0,540.0,189.2,0.0,639.5,1136.9,1,227.9,0,0,shot_pb=1.00|flight_commit=1.00|edge_zoom=0.960|bounds
265,577.2,416.6,yolo,0.36,503.8,540.0,183.6,0.0,640.5,1138.7,1,230.6,0,1,shot_pb=1.00|flight_commit=1.00|keepin_prop=0.00|keepin_zoom=1.350|edge_zoom=0.960|bounds
266,569.6,417.0,interp,0.38,498.7,540.0,178.0,0.0,641.5,1140.5,1,233.1,0,0,shot_pb=1.00|flight_commit=1.00|edge_zoom=0.952|bounds
267,562.0,417.3,interp,0.38,493.7,540.0,172.4,0.0,642.5,1142.3,1,235.7,0,0,shot_pb=1.00|flight_commit=1.00|edge_zoom=0.954|bounds
268,554.2,417.7,interp,0.38,488.7,540.0,166.9,0.0,643.5,1144.0,1,238.5,0,1,shot_pb=1.00|flight_commit=1.00|keepin_prop=0.00|keepin_zoom=1.350|edge_zoom=0.955|bounds
269,546.2,418.1,interp,0.38,483.6,540.0,161.4,0.0,644.4,1145.7,1,241.4,0,0,shot_pb=1.00|flight_commit=1.00|edge_zoom=0.953|bounds
270,538.0,418.5,yolo,0.34,478.5,540.0,155.8,0.0,645.3,1147.2,1,244.5,0,1,shot_pb=1.00|flight_commit=1.00|keepin_prop=0.00|keepin_zoom=1.350|edge_zoom=0.952|bounds
271,528.7,419.0,yolo,0.44,473.3,540.0,150.3,0.0,646.0,1148.5,1,248.6,0,0,shot_pb=1.00|flight_commit=1.00|edge_zoom=0.954|bounds
272,519.2,419.6,yolo,0.48,468.2,540.0,144.8,0.0,646.7,1149.7,1,253.0,0,1,shot_pb=1.00|flight_commit=1.00|keepin_prop=0.01|keepin_zoom=1.350|edge_zoom=0.952|bounds
273,509.9,420.1,yolo,0.48,462.9,540.0,139.3,0.0,647.3,1150.8,1,257.0,0,0,shot_pb=1.00|flight_commit=1.00|edge_zoom=0.954|bounds
274,501.0,420.5,interp,0.38,457.7,540.0,133.8,0.0,647.8,1151.7,1,260.7,0,1,shot_pb=1.00|flight_commit=1.00|keepin_prop=0.03|keepin_zoom=1.350|edge_zoom=0.951|bounds
275,492.0,420.9,interp,0.38,452.4,540.0,128.3,0.0,648.3,1152.5,1,264.4,0,0,shot_pb=1.00|flight_commit=1.00|edge_zoom=0.954|bounds
276,483.1,421.3,yolo,0.53,447.2,540.0,122.9,0.0,648.6,1153.1,1,268.1,0,1,shot_pb=1.00|flight_commit=1.00|keepin_prop=0.08|keepin_zoom=1.350|edge_zoom=0.948|bounds
277,473.2,421.7,yolo,0.49,442.1,540.0,117.6,0.0,648.9,1153.6,1,272.9,0,1,shot_pb=1.00|flight_commit=1.00|keepin_prop=0.00|keepin_zoom=1.350|edge_zoom=0.953|bounds
278,463.5,422.0,yolo,0.57,437.1,540.0,112.5,0.0,649.1,1154.0,1,277.6,0,0,shot_pb=1.00|flight_commit=1.00|edge_zoom=0.955|bounds
279,454.4,422.4,yolo,0.61,432.3,540.0,107.7,0.0,649.2,1154.1,1,281.9,0,1,shot_pb=1.00|flight_commit=1.00|keepin_prop=0.05|keepin_zoom=1.350|edge_zoom=0.950|bounds
280,446.0,422.7,yolo,0.65,427.7,540.0,103.1,0.0,649.1,1154.0,1,285.7,0,1,shot_pb=1.00|flight_commit=1.00|keepin_prop=0.00|keepin_zoom=1.350|edge_zoom=0.954|bounds
281,438.3,423.0,yolo,0.62,423.4,540.0,98.9,0.0,648.9,1153.7,1,289.1,0,0,shot_pb=1.00|flight_commit=1.00|edge_zoom=0.955|bounds
282,431.4,423.4,yolo,0.54,419.4,540.0,95.2,0.0,648.5,1153.0,1,292.0,0,1,shot_pb=1.00|flight_commit=1.00|keepin_prop=0.06|keepin_zoom=1.350|edge_zoom=0.950|bounds
283,425.2,423.7,yolo,0.52,415.9,540.0,92.0,0.0,647.9,1151.8,1,294.7,0,1,shot_pb=1.00|flight_commit=1.00|keepin_prop=0.00|keepin_zoom=1.350|edge_zoom=0.954|bounds
284,419.6,424.1,yolo,0.53,413.0,540.0,89.5,0.0,647.0,1150.2,1,297.4,0,0,shot_pb=1.00|flight_commit=1.00|edge_zoom=0.956|bounds
285,415.1,424.5,yolo,0.47,410.5,540.0,87.7,0.0,645.7,1148.0,1,299.4,0,1,shot_pb=1.00|flight_commit=1.00|keepin_prop=0.07|keepin_zoom=1.350|edge_zoom=0.950|bounds
286,411.7,424.8,yolo,0.48,408.7,540.0,86.6,0.0,644.1,1145.1,1,301.0,0,1,shot_pb=1.00|flight_commit=1.00|keepin_prop=0.00|keepin_zoom=1.350|edge_zoom=0.954|bounds
287,409.3,425.2,yolo,0.50,407.4,540.0,86.3,0.0,642.2,1141.7,1,302.1,0,0,shot_pb=1.00|flight_commit=1.00|edge_zoom=0.960|bounds
288,407.7,425.6,yolo,0.54,406.7,540.0,86.8,0.0,639.9,1137.7,1,303.0,0,1,shot_pb=1.00|flight_commit=1.00|keepin_prop=0.09|keepin_zoom=1.350|edge_zoom=0.949|bounds
289,406.5,425.9,interp,0.38,406.5,540.0,87.8,0.0,637.4,1133.1,1,304.0,0,1,shot_pb=1.00|flight_commit=1.00|keepin_prop=0.01|keepin_zoom=1.350|edge_zoom=0.954|bounds
290,405.7,426.2,interp,0.38,406.6,540.0,89.3,0.0,634.6,1128.2,1,303.1,0,0,shot_pb=1.00|flight_commit=1.00|edge_zoom=0.968|bounds
291,405.3,426.5,yolo,0.54,407.0,540.0,91.1,0.0,631.9,1123.3,1,302.3,0,1,shot_pb=1.00|flight_commit=1.00|person_ctx=4|keepin_prop=0.03|keepin_zoom=1.350|edge_zoom=0.959|bounds
292,405.7,426.8,yolo,0.49,407.4,540.0,92.8,0.0,629.2,1118.5,1,302.3,0,0,shot_pb=1.00|flight_commit=1.00|edge_zoom=0.978|bounds
293,405.5,427.1,interp,0.38,407.7,540.0,94.4,0.0,626.8,1114.2,1,301.8,0,0,shot_pb=1.00|flight_commit=1.00|edge_zoom=0.987|bounds
294,405.4,427.4,interp,0.38,407.8,540.0,95.4,0.0,624.8,1110.8,1,301.6,0,0,shot_pb=1.00|flight_commit=1.00|bounds
295,405.4,427.6,interp,0.38,407.6,540.0,95.9,0.0,623.4,1108.3,1,301.8,0,0,shot_pb=1.00|flight_commit=1.00|bounds
296,405.4,427.9,interp,0.38,407.0,540.0,95.6,0.0,622.7,1107.1,1,302.4,0,0,shot_pb=1.00|flight_commit=1.00|bounds
297,405.4,428.2,interp,0.38,405.9,540.0,94.5,0.0,622.8,1107.2,1,303.5,0,0,shot_pb=1.00|flight_commit=1.00|bounds
298,405.3,428.5,interp,0.38,404.4,540.0,92.6,0.0,623.6,1108.6,1,303.1,0,0,shot_pb=1.00|flight_commit=1.00|bounds
299,405.2,428.7,interp,0.38,402.5,540.0,90.0,0.0,625.0,1111.2,1,301.3,0,0,shot_pb=1.00|flight_commit=1.00|edge_zoom=0.997|bounds
300,405.0,429.0,interp,0.38,400.4,540.0,86.9,0.0,627.0,1114.7,1,299.4,0,0,shot_pb=1.00|flight_commit=1.00|edge_zoom=0.987|bounds
301,404.7,429.3,interp,0.38,398.3,540.0,83.6,0.0,629.4,1118.9,1,297.6,0,0,shot_pb=1.00|flight_commit=1.00|edge_zoom=0.979|bounds
302,404.2,429.6,yolo,0.44,396.2,540.0,80.2,0.0,632.0,1123.6,1,296.0,0,1,shot_pb=1.00|flight_commit=1.00|keepin_prop=0.03|keepin_zoom=1.350|edge_zoom=0.954|bounds
303,403.6,430.0,interp,0.38,394.4,540.0,77.1,0.0,634.6,1128.2,1,294.8,0,1,shot_pb=1.00|flight_commit=1.00|keepin_prop=0.00|keepin_zoom=1.350|edge_zoom=0.956|bounds
304,402.7,430.3,yolo,0.50,393.0,540.0,74.4,0.0,637.1,1132.7,1,294.3,0,0,shot_pb=1.00|flight_commit=1.00|edge_zoom=0.969|bounds
305,401.2,430.7,yolo,0.47,392.3,540.0,72.6,0.0,639.4,1136.7,1,295.1,0,1,shot_pb=1.00|flight_commit=1.00|keepin_prop=0.08|keepin_zoom=1.350|edge_zoom=0.951|bounds
306,399.4,431.1,yolo,0.49,392.4,540.0,71.7,0.0,641.3,1140.1,1,297.0,0,1,shot_pb=1.00|flight_commit=1.00|keepin_prop=0.01|keepin_zoom=1.350|edge_zoom=0.956|bounds
307,397.5,431.4,yolo,0.42,393.5,540.0,72.1,0.0,642.8,1142.8,1,300.0,0,0,shot_pb=1.00|flight_commit=1.00|edge_zoom=0.963|bounds
308,395.5,431.8,yolo,0.46,395.8,540.0,73.8,0.0,643.9,1144.8,1,303.7,0,1,shot_pb=1.00|flight_commit=1.00|keepin_prop=0.10|keepin_zoom=1.350|edge_zoom=0.951|bounds
309,393.8,432.0,interp,0.38,399.3,540.0,77.0,0.0,644.7,1146.1,1,298.5,0,1,shot_pb=1.00|flight_commit=1.00|keepin_prop=0.01|keepin_zoom=1.350|edge_zoom=0.957|bounds
310,392.2,432.3,yolo,0.40,404.3,540.0,81.7,0.0,645.1,1146.9,1,291.9,0,0,shot_pb=1.00|flight_commit=1.00|edge_zoom=0.963|bounds
311,390.8,432.5,interp,0.38,410.7,540.0,88.0,0.0,645.3,1147.3,1,284.1,0,1,shot_pb=1.00|flight_commit=1.00|keepin_prop=0.11|keepin_zoom=1.350|edge_zoom=0.951|bounds
312,389.8,432.7,yolo,0.36,418.4,540.0,95.7,0.0,645.4,1147.4,1,275.4,0,1,shot_pb=1.00|flight_commit=1.00|keepin_prop=0.01|keepin_zoom=1.350|edge_zoom=0.957|bounds
313,388.8,432.8,yolo,0.39,427.4,540.0,104.7,0.0,645.4,1147.3,1,265.4,0,0,shot_pb=1.00|flight_commit=1.00|edge_zoom=0.963|bounds
314,388.5,433.0,yolo,0.48,437.4,540.0,114.7,0.0,645.3,1147.3,1,255.1,0,1,shot_pb=1.00|flight_commit=1.00|keepin_prop=0.08|keepin_zoom=1.350|edge_zoom=0.953|bounds
315,389.0,433.2,yolo,0.42,448.3,540.0,125.7,0.0,645.3,1147.2,1,244.7,0,0,shot_pb=1.00|flight_commit=1.00|edge_zoom=0.970|bounds
316,390.5,433.4,yolo,0.41,459.8,540.0,137.2,0.0,645.4,1147.3,1,234.7,0,0,shot_pb=1.00|flight_commit=1.00|edge_zoom=0.962|bounds
317,393.2,433.6,yolo,0.38,471.7,540.0,149.0,0.0,645.5,1147.5,1,225.5,0,1,shot_pb=1.00|flight_commit=1.00|keepin_prop=0.02|keepin_zoom=1.350|edge_zoom=0.957|bounds
318,396.9,433.8,yolo,0.45,483.7,540.0,160.9,0.0,645.6,1147.7,1,217.2,0,0,shot_pb=1.00|flight_commit=1.00|edge_zoom=0.959|bounds
319,401.7,433.9,yolo,0.43,495.7,540.0,172.8,0.0,645.7,1148.0,1,210.0,0,1,shot_pb=1.00|flight_commit=1.00|keepin_prop=0.11|keepin_zoom=1.350|edge_zoom=0.951|bounds
320,407.5,434.1,interp,0.38,507.5,540.0,184.6,0.0,645.9,1148.3,1,204.0,0,1,shot_pb=1.00|flight_commit=1.00|keepin_prop=0.01|keepin_zoom=1.350|edge_zoom=0.958|bounds
321,414.3,434.3,yolo,0.39,519.1,540.0,196.1,0.0,646.0,1148.4,1,199.2,0,0,shot_pb=1.00|flight_commit=1.00|edge_zoom=0.959|bounds
322,422.6,434.6,yolo,0.35,530.5,540.0,207.5,0.0,645.9,1148.3,1,196.1,0,1,shot_pb=1.00|flight_commit=1.00|keepin_prop=0.07|keepin_zoom=1.350|edge_zoom=0.954|bounds
323,431.5,434.9,interp,0.38,541.6,540.0,218.8,0.0,645.8,1148.1,1,193.9,0,1,shot_pb=1.00|flight_commit=1.00|keepin_prop=0.00|keepin_zoom=1.350|edge_zoom=0.958|bounds
324,441.3,435.2,interp,0.38,552.7,540.0,229.9,0.0,645.5,1147.6,1,192.6,0,0,shot_pb=1.00|flight_commit=1.00|edge_zoom=0.960|bounds
325,452.0,435.6,yolo,0.35,563.6,540.0,241.0,0.0,645.1,1146.9,1,192.4,0,1,shot_pb=1.00|flight_commit=1.00|keepin_prop=0.05|keepin_zoom=1.350|edge_zoom=0.956|bounds
326,464.7,436.0,yolo,0.37,574.4,540.0,252.1,0.0,644.6,1146.0,1,194.3,0,0,shot_pb=1.00|flight_commit=1.00|edge_zoom=0.960|bounds
327,478.3,436.4,yolo,0.36,585.3,540.0,263.2,0.0,644.1,1145.0,1,197.0,0,1,shot_pb=1.00|flight_commit=1.00|keepin_prop=0.06|keepin_zoom=1.350|edge_zoom=0.956|bounds
328,493.8,436.9,interp,0.50,596.1,540.0,274.4,0.0,643.4,1143.9,1,201.7,0,0,shot_pb=1.00|flight_commit=1.00|edge_zoom=0.960|bounds
329,509.5,437.5,interp,0.50,606.9,540.0,285.5,0.0,642.8,1142.8,1,206.6,0,1,shot_pb=1.00|flight_commit=1.00|keepin_prop=0.01|keepin_zoom=1.350|edge_zoom=0.959|bounds
330,524.9,438.1,interp,0.50,617.7,540.0,296.7,0.0,642.2,1141.7,1,211.2,0,0,shot_pb=1.00|flight_commit=1.00|edge_zoom=0.961|bounds
331,539.5,438.9,interp,0.50,628.5,540.0,307.7,0.0,641.6,1140.7,1,215.0,0,0,shot_pb=1.00|flight_commit=1.00|edge_zoom=0.961|bounds
332,546.4,440.0,interp,0.50,639.3,540.0,318.7,0.0,641.2,1139.8,1,211.1,0,1,shot_pb=1.00|flight_commit=1.00|keepin_prop=0.01|keepin_zoom=1.350|edge_zoom=0.967|bounds
333,558.8,441.0,interp,0.50,650.0,540.0,329.6,0.0,640.8,1139.1,1,212.8,0,0,shot_pb=1.00|flight_commit=1.00|edge_zoom=0.963|bounds
334,571.4,442.2,interp,0.50,660.7,540.0,340.4,0.0,640.5,1138.6,1,214.7,0,0,shot_pb=1.00|flight_commit=1.00|edge_zoom=0.968|bounds
335,584.2,443.4,interp,0.50,671.4,540.0,351.3,0.0,640.3,1138.4,1,216.8,0,1,shot_pb=1.00|flight_commit=1.00|keepin_prop=0.00|keepin_zoom=1.350|edge_zoom=0.970|bounds
336,597.4,444.9,interp,0.50,682.3,540.0,362.1,0.0,640.3,1138.3,1,219.1,0,0,shot_pb=1.00|flight_commit=1.00|edge_zoom=0.965|bounds
337,610.8,446.5,interp,0.50,693.4,540.0,373.2,0.0,640.5,1138.6,1,221.4,0,0,shot_pb=1.00|flight_commit=1.00|edge_zoom=0.969|bounds
338,624.6,448.4,interp,0.50,704.9,540.0,384.5,0.0,640.7,1139.1,1,223.7,0,1,shot_pb=1.00|flight_commit=1.00|keepin_prop=0.00|keepin_zoom=1.350|edge_zoom=0.969|bounds
339,638.9,450.4,interp,0.50,716.8,540.0,396.2,0.0,641.2,1139.9,1,226.1,0,0,shot_pb=1.00|flight_commit=1.00|edge_zoom=0.968|bounds
340,653.9,452.8,interp,0.50,729.3,540.0,408.4,0.0,641.8,1141.0,1,228.6,0,1,shot_pb=1.00|flight_commit=1.00|keepin_prop=0.01|keepin_zoom=1.350|edge_zoom=0.965|bounds
341,669.6,455.4,interp,0.50,742.6,540.0,421.3,0.0,642.6,1142.3,1,231.0,0,0,shot_pb=1.00|flight_commit=1.00|edge_zoom=0.971|bounds
342,686.3,458.4,interp,0.50,756.7,540.0,434.9,0.0,643.5,1144.0,1,233.6,0,1,shot_pb=1.00|flight_commit=1.00|keepin_prop=0.01|keepin_zoom=1.350|edge_zoom=0.967|bounds
343,704.1,461.8,interp,0.50,771.7,540.0,449.4,0.0,644.6,1145.9,1,236.4,0,0,shot_pb=1.00|flight_commit=1.00|edge_zoom=0.975|bounds
344,723.2,465.7,interp,0.50,787.7,540.0,464.8,0.0,645.8,1148.1,1,239.5,0,1,shot_pb=1.00|flight_commit=1.00|keepin_prop=0.03|keepin_zoom=1.350|edge_zoom=0.969|bounds
345,743.9,470.0,interp,0.50,804.8,540.0,481.2,0.0,647.1,1150.5,1,243.1,0,0,shot_pb=1.00|flight_commit=1.00|edge_zoom=0.979|bounds
346,766.5,475.0,interp,0.50,822.8,540.0,498.5,0.0,648.5,1153.0,1,247.7,0,1,shot_pb=1.00|flight_commit=1.00|keepin_prop=0.02|keepin_zoom=1.350|edge_zoom=0.973|bounds
347,791.2,480.6,interp,0.50,841.7,540.0,516.7,0.0,649.9,1155.5,1,253.5,0,0,accel_zoom=0.940|shot_pb=1.00|flight_commit=1.00|edge_zoom=0.983|bounds
348,818.5,487.0,interp,0.50,861.4,540.0,535.8,0.0,651.3,1157.8,1,261.1,0,1,accel_zoom=0.931|shot_pb=1.00|flight_commit=1.00|keepin_prop=0.01|keepin_zoom=1.350|edge_zoom=0.978|bounds
349,866.8,494.0,blended,0.80,881.8,540.0,555.5,0.0,652.6,1160.1,1,289.0,0,0,accel_zoom=0.868|shot_pb=1.00|flight_commit=1.00|edge_zoom=0.986|bounds
350,895.5,502.0,interp,0.38,902.6,540.0,575.8,0.0,653.7,1162.1,1,296.9,0,0,accel_zoom=0.868|shot_pb=1.00|flight_commit=1.00|edge_zoom=0.993|bounds
351,923.7,511.5,yolo,0.29,923.6,540.0,596.3,0.0,654.6,1163.8,1,303.9,0,1,accel_zoom=0.868|shot_pb=1.00|flight_commit=1.00|keepin_prop=0.01|keepin_zoom=1.350|edge_zoom=0.987|bounds
352,951.8,522.4,interp,0.38,944.6,540.0,616.9,0.0,655.4,1165.2,1,296.8,0,0,accel_zoom=0.868|shot_pb=1.00|flight_commit=1.00|edge_zoom=0.996|bounds
353,980.0,534.9,interp,0.38,965.4,540.0,637.4,0.0,656.1,1166.3,1,289.4,0,0,accel_zoom=0.868|shot_pb=1.00|flight_commit=1.00|edge_zoom=0.990|bounds
354,1010.3,550.4,blended,0.78,985.7,540.0,657.4,0.0,656.5,1167.2,1,279.4,0,1,accel_zoom=0.868|shot_pb=1.00|flight_commit=1.00|keepin_prop=0.01|keepin_zoom=1.350|edge_zoom=0.997|bounds
355,1055.9,579.4,centroid,0.22,1005.2,540.0,676.8,0.0,656.9,1167.8,1,253.3,0,0,accel_zoom=0.848|shot_pb=1.00|flight_commit=1.00|edge_zoom=0.968|bounds
356,1082.5,594.8,centroid,0.23,1023.8,540.0,695.3,0.0,657.1,1168.2,1,245.3,0,0,accel_zoom=0.848|shot_pb=1.00|flight_commit=1.00|edge_zoom=0.963|bounds
357,1106.2,608.9,centroid,0.23,1041.4,540.0,712.7,0.0,657.3,1168.5,1,239.2,0,1,accel_zoom=0.848|shot_pb=1.00|flight_commit=1.00|keepin_prop=0.00|keepin_zoom=1.350|edge_zoom=0.975|bounds
358,1127.2,621.9,centroid,0.23,1057.7,540.0,729.0,0.0,657.4,1168.7,1,234.5,0,0,shot_pb=1.00|flight_commit=1.00|edge_zoom=0.952|bounds
359,1145.8,633.7,centroid,0.24,1072.6,540.0,743.9,0.0,657.5,1168.8,1,230.8,0,0,shot_pb=1.00|flight_commit=1.00|pb_zfit|edge_zoom=0.947|bounds
360,1162.0,644.3,centroid,0.24,1086.2,540.0,757.5,0.0,657.5,1168.9,1,228.2,0,1,shot_pb=1.00|flight_commit=1.00|pb_zfit|keepin_prop=0.02|keepin_zoom=1.350|edge_zoom=0.960|bounds
361,1176.1,653.8,centroid,0.24,1098.5,540.0,769.7,0.0,657.5,1168.9,1,226.4,0,0,shot_pb=1.00|flight_commit=1.00|pb_zfit|edge_zoom=0.939|bounds
362,1188.1,662.2,centroid,0.25,1109.4,540.0,780.6,0.0,657.5,1168.9,1,225.3,0,1,shot_pb=1.00|flight_commit=1.00|pb_zfit|keepin_prop=0.01|keepin_zoom=1.350|edge_zoom=0.954|bounds
363,1198.2,669.4,centroid,0.25,1119.1,540.0,790.3,0.0,657.5,1168.9,1,224.9,0,0,shot_pb=1.00|flight_commit=1.00|pb_zfit|edge_zoom=0.932|bounds
364,1206.3,675.4,centroid,0.25,1127.6,540.0,798.9,0.0,657.5,1168.9,1,225.3,0,1,shot_pb=1.00|flight_commit=1.00|pb_zfit|keepin_prop=0.01|keepin_zoom=1.350|edge_zoom=0.949|bounds
365,1212.7,680.0,centroid,0.26,1135.2,540.0,806.4,0.0,657.5,1168.9,1,226.5,0,0,shot_pb=1.00|flight_commit=1.00|pb_zfit|edge_zoom=0.928|bounds
366,1217.1,683.2,centroid,0.26,1141.8,540.0,813.0,0.0,657.5,1168.9,1,228.7,0,1,shot_pb=1.00|flight_commit=1.00|pb_zfit|keepin_prop=0.02|keepin_zoom=1.350|edge_zoom=0.945|bounds
367,1219.6,684.9,centroid,0.27,1147.5,540.0,818.8,0.0,657.5,1168.9,1,231.9,0,0,shot_pb=1.00|flight_commit=1.00|pb_zfit|edge_zoom=0.927|bounds
368,1201.3,661.4,yolo,0.41,1152.6,540.0,823.8,0.0,657.5,1168.9,1,255.3,0,0,accel_zoom=0.903|shot_pb=1.00|flight_commit=1.00|pb_zfit|edge_zoom=0.982|bounds
369,1204.1,664.7,yolo,0.36,1156.8,540.0,828.0,0.0,657.5,1168.9,1,256.7,0,0,shot_pb=1.00|flight_commit=1.00|pb_zfit|edge_zoom=0.928|bounds
370,1221.3,686.2,centroid,0.22,1160.2,540.0,831.5,0.0,657.5,1168.9,1,242.9,0,0,accel_zoom=0.912|shot_pb=1.00|flight_commit=1.00|pb_zfit|edge_zoom=0.919|bounds
371,1227.2,694.9,centroid,0.23,1162.8,540.0,834.0,0.0,657.5,1168.9,1,239.6,0,0,shot_pb=1.00|flight_commit=1.00|pb_zfit|edge_zoom=0.914|bounds
372,1232.8,704.1,centroid,0.23,1164.4,540.0,835.6,0.0,657.5,1168.9,1,235.6,0,0,shot_pb=1.00|flight_commit=1.00|pb_zfit|edge_zoom=0.909|bounds
373,1238.1,713.9,centroid,0.23,1164.8,540.0,836.0,0.0,657.5,1168.9,1,230.7,1,0,shot_pb=1.00|conf_zoom=0.69|pb_zfit|conf_speed=0.83|speed|edge_zoom=0.915|bounds
374,1243.1,724.0,centroid,0.24,1164.0,540.0,835.2,0.0,657.5,1168.9,1,224.9,1,0,shot_pb=1.00|conf_zoom=0.69|pb_zfit|conf_speed=0.83|speed|edge_zoom=0.916|bounds
375,1247.5,734.4,centroid,0.24,1161.7,540.0,833.0,0.0,657.5,1168.9,1,218.2,1,0,shot_pb=1.00|conf_zoom=0.68|pb_zfit|conf_speed=0.83|speed|edge_zoom=0.916|bounds
376,1251.4,745.2,centroid,0.24,1158.1,540.0,829.3,0.0,657.5,1168.9,1,210.7,1,0,shot_pb=1.00|conf_zoom=0.68|pb_zfit|conf_speed=0.83|speed|edge_zoom=0.917|bounds
377,1254.6,756.1,centroid,0.25,1152.9,540.0,824.2,0.0,657.5,1168.9,1,202.3,1,0,shot_pb=1.00|conf_zoom=0.68|pb_zfit|conf_speed=0.83|speed|edge_zoom=0.917|bounds
378,1256.9,767.1,centroid,0.25,1146.4,540.0,817.6,0.0,657.5,1168.9,1,193.5,1,0,shot_pb=1.00|conf_zoom=0.68|pb_zfit|conf_speed=0.83|speed|edge_zoom=0.917|bounds
379,1258.3,778.3,centroid,0.25,1138.6,540.0,809.8,0.0,657.5,1168.9,1,184.3,1,0,shot_pb=1.00|conf_zoom=0.68|pb_zfit|conf_speed=0.83|speed|edge_zoom=0.917|bounds
380,1258.5,789.4,centroid,0.26,1129.7,540.0,801.0,0.0,657.5,1168.9,1,175.2,1,0,shot_pb=1.00|conf_zoom=0.68|pb_zfit|conf_speed=0.83|speed|edge_zoom=0.918|bounds
381,1257.5,800.4,centroid,0.26,1120.0,540.0,791.3,0.0,657.5,1168.9,1,166.5,1,0,shot_pb=1.00|conf_zoom=0.68|pb_zfit|conf_speed=0.83|speed|edge_zoom=0.918|bounds
382,1255.0,811.2,centroid,0.27,1109.8,540.0,781.0,0.0,657.5,1168.9,1,158.8,1,0,shot_pb=1.00|conf_zoom=0.69|pb_zfit|conf_speed=0.83|speed|edge_zoom=0.918|bounds
383,1251.1,821.9,centroid,0.27,1099.3,540.0,770.5,0.0,657.5,1168.9,1,152.2,1,0,shot_pb=1.00|conf_zoom=0.69|pb_zfit|conf_speed=0.83|speed|edge_zoom=0.918|bounds
384,1245.5,832.3,centroid,0.27,1088.7,540.0,760.0,0.0,657.5,1168.9,1,147.2,1,0,shot_pb=1.00|conf_zoom=0.69|pb_zfit|conf_speed=0.83|speed|edge_zoom=0.918|bounds
385,1238.2,842.3,centroid,0.28,1078.4,540.0,749.6,0.0,657.5,1168.9,1,144.2,1,0,shot_pb=1.00|conf_zoom=0.69|pb_zfit|conf_speed=0.83|speed|edge_zoom=0.918|bounds
386,1229.1,851.9,centroid,0.28,1068.3,540.0,739.5,0.0,657.5,1168.9,1,143.2,1,0,shot_pb=1.00|conf_zoom=0.69|pb_zfit|conf_speed=0.83|speed|edge_zoom=0.918|bounds
387,1218.2,861.0,centroid,0.28,1058.5,540.0,729.8,0.0,657.5,1168.9,1,144.3,1,1,shot_pb=1.00|conf_zoom=0.70|pb_zfit|keepin_prop=0.00|keepin_zoom=1.350|conf_speed=0.83|speed|edge_zoom=0.918|bounds
388,1205.3,869.6,centroid,0.29,1049.0,540.0,720.3,0.0,657.5,1168.9,1,147.7,1,1,shot_pb=1.00|flight_commit=1.00|pb_zfit|keepin_prop=0.01|keepin_zoom=1.350|speed|edge_zoom=0.901|bounds
389,1190.6,877.5,centroid,0.29,1039.7,540.0,710.9,0.0,657.5,1168.9,1,153.1,1,1,shot_pb=1.00|flight_commit=1.00|pb_zfit|keepin_prop=0.01|keepin_zoom=1.350|speed|edge_zoom=0.898|bounds
390,1174.0,884.8,centroid,0.29,1030.4,540.0,701.6,0.0,657.5,1168.9,1,160.4,1,1,shot_pb=1.00|flight_commit=1.00|pb_zfit|keepin_prop=0.02|keepin_zoom=1.350|speed|edge_zoom=0.895|bounds
391,1155.6,891.3,centroid,0.30,1020.8,540.0,692.0,0.0,657.5,1168.9,1,169.2,1,1,shot_pb=1.00|flight_commit=1.00|pb_zfit|keepin_prop=0.03|keepin_zoom=1.350|speed|edge_zoom=0.892|bounds
392,1135.5,896.9,centroid,0.30,1010.8,540.0,682.0,0.0,657.5,1168.9,1,179.3,1,1,shot_pb=1.00|flight_commit=1.00|pb_zfit|keepin_prop=0.04|keepin_zoom=1.350|speed|edge_zoom=0.888|bounds
393,1113.6,900.9,centroid,0.30,1000.1,540.0,671.4,0.0,657.5,1168.9,1,190.5,1,1,shot_pb=1.00|flight_commit=1.00|pb_zfit|keepin_prop=0.05|keepin_zoom=1.350|speed|edge_zoom=0.884|bounds
394,1090.3,904.0,centroid,0.30,988.7,540.0,659.9,0.0,657.5,1168.9,1,202.4,1,1,shot_pb=1.00|flight_commit=1.00|keepin_prop=0.06|keepin_zoom=1.350|speed|edge_zoom=0.882|bounds
395,1065.9,906.4,centroid,0.30,976.3,540.0,647.6,0.0,657.5,1168.9,1,214.4,1,1,shot_pb=1.00|flight_commit=1.00|keepin_prop=0.07|keepin_zoom=1.350|speed|edge_zoom=0.880|bounds
396,1040.7,908.2,centroid,0.30,963.0,540.0,634.3,0.0,657.5,1168.9,1,226.3,1,1,shot_pb=1.00|flight_commit=1.00|keepin_prop=0.07|keepin_zoom=1.350|speed|edge_zoom=0.878|bounds
397,1014.7,909.3,centroid,0.30,948.8,540.0,620.0,0.0,657.5,1168.9,1,238.1,1,1,shot_pb=1.00|flight_commit=1.00|keepin_prop=0.08|keepin_zoom=1.350|speed|edge_zoom=0.877|bounds
398,988.2,910.0,centroid,0.30,933.7,540.0,604.9,0.0,657.5,1168.9,1,249.5,1,1,shot_pb=1.00|flight_commit=1.00|keepin_prop=0.08|keepin_zoom=1.350|speed|edge_zoom=0.876|bounds
399,961.5,910.2,centroid,0.30,917.7,540.0,589.0,0.0,657.5,1168.9,1,258.7,1,1,shot_pb=1.00|flight_commit=1.00|keepin_prop=0.08|keepin_zoom=1.350|speed|edge_zoom=0.875|bounds
400,934.6,910.0,centroid,0.30,901.1,540.0,572.4,0.0,657.5,1168.9,1,258.9,1,1,shot_pb=1.00|flight_commit=1.00|keepin_prop=0.08|keepin_zoom=1.350|speed|edge_zoom=0.875|bounds
401,907.9,909.5,centroid,0.30,884.0,540.0,555.2,0.0,657.5,1168.9,1,259.4,1,1,shot_pb=1.00|flight_commit=1.00|keepin_prop=0.08|keepin_zoom=1.350|speed|edge_zoom=0.875|bounds
402,881.4,908.7,centroid,0.30,866.4,540.0,537.7,0.0,657.5,1168.9,1,260.2,1,1,shot_pb=1.00|flight_commit=1.00|keepin_prop=0.08|keepin_zoom=1.350|speed|edge_zoom=0.875|bounds
403,855.3,907.6,centroid,0.30,848.7,540.0,519.9,0.0,657.5,1168.9,1,261.3,1,1,shot_pb=1.00|flight_commit=1.00|keepin_prop=0.08|keepin_zoom=1.350|speed|edge_zoom=0.876|bounds
404,829.7,906.2,centroid,0.30,830.8,540.0,502.0,0.0,657.5,1168.9,1,262.7,1,1,shot_pb=1.00|flight_commit=1.00|keepin_prop=0.08|keepin_zoom=1.350|speed|edge_zoom=0.877|bounds
405,804.8,904.7,centroid,0.30,812.9,540.0,484.2,0.0,657.5,1168.9,1,264.2,1,1,shot_pb=1.00|flight_commit=1.00|keepin_prop=0.07|keepin_zoom=1.350|speed|edge_zoom=0.877|bounds
406,780.7,903.0,centroid,0.30,795.3,540.0,466.5,0.0,657.5,1168.9,1,265.9,1,1,shot_pb=1.00|flight_commit=1.00|keepin_prop=0.07|keepin_zoom=1.350|speed|edge_zoom=0.878|bounds
407,757.5,901.1,centroid,0.30,777.9,540.0,449.1,0.0,657.5,1168.9,1,267.8,1,1,shot_pb=1.00|flight_commit=1.00|keepin_prop=0.07|keepin_zoom=1.350|speed|edge_zoom=0.879|bounds
408,735.4,899.1,centroid,0.30,760.9,540.0,432.1,0.0,657.5,1168.9,1,269.8,1,1,shot_pb=1.00|flight_commit=1.00|keepin_prop=0.07|keepin_zoom=1.350|speed|edge_zoom=0.880|bounds
409,714.3,897.0,centroid,0.30,744.4,540.0,415.6,0.0,657.5,1168.9,1,271.9,1,1,shot_pb=1.00|flight_commit=1.00|keepin_prop=0.06|keepin_zoom=1.350|speed|edge_zoom=0.881|bounds
410,694.3,894.8,centroid,0.30,728.4,540.0,399.6,0.0,657.5,1168.9,1,269.9,1,1,shot_pb=1.00|flight_commit=1.00|keepin_prop=0.06|keepin_zoom=1.350|speed|edge_zoom=0.883|bounds
411,675.6,892.5,centroid,0.30,713.1,540.0,384.3,0.0,657.5,1168.9,1,266.5,1,1,shot_pb=1.00|flight_commit=1.00|keepin_prop=0.06|keepin_zoom=1.350|speed|edge_zoom=0.884|bounds
412,658.1,890.1,centroid,0.30,698.4,540.0,369.7,0.0,657.5,1168.9,1,263.7,1,1,shot_pb=1.00|flight_commit=1.00|keepin_prop=0.05|keepin_zoom=1.350|speed|edge_zoom=0.885|bounds
413,642.0,887.6,centroid,0.30,684.5,540.0,355.8,0.0,657.5,1168.9,1,261.5,1,1,shot_pb=1.00|flight_commit=1.00|keepin_prop=0.05|keepin_zoom=1.350|speed|edge_zoom=0.886|bounds
414,627.1,885.0,centroid,0.30,671.4,540.0,342.6,0.0,657.5,1168.9,1,259.7,1,1,shot_pb=1.00|flight_commit=1.00|keepin_prop=0.05|keepin_zoom=1.350|speed|edge_zoom=0.887|bounds
415,613.5,882.4,centroid,0.30,659.1,540.0,330.3,0.0,657.5,1168.9,1,258.4,1,1,shot_pb=1.00|flight_commit=1.00|keepin_prop=0.04|keepin_zoom=1.350|speed|edge_zoom=0.888|bounds
416,601.2,879.7,centroid,0.30,647.6,540.0,318.9,0.0,657.5,1168.9,1,257.6,1,1,shot_pb=1.00|flight_commit=1.00|keepin_prop=0.04|keepin_zoom=1.350|speed|edge_zoom=0.889|bounds
417,590.2,877.0,centroid,0.30,637.0,540.0,308.3,0.0,657.5,1168.9,1,257.2,1,1,shot_pb=1.00|flight_commit=1.00|keepin_prop=0.04|keepin_zoom=1.350|speed|edge_zoom=0.890|bounds
418,580.6,874.2,centroid,0.30,627.4,540.0,298.6,0.0,657.5,1168.9,1,257.2,1,1,shot_pb=1.00|flight_commit=1.00|keepin_prop=0.04|keepin_zoom=1.350|speed|edge_zoom=0.890|bounds
419,572.2,871.4,centroid,0.30,618.6,540.0,289.8,0.0,657.5,1168.9,1,257.6,1,1,shot_pb=1.00|flight_commit=1.00|keepin_prop=0.03|keepin_zoom=1.350|speed|edge_zoom=0.891|bounds
420,565.1,868.6,centroid,0.30,610.7,540.0,281.9,0.0,657.5,1168.9,1,258.4,1,1,shot_pb=1.00|flight_commit=1.00|keepin_prop=0.03|keepin_zoom=1.350|speed|edge_zoom=0.891|bounds
421,559.2,865.7,centroid,0.30,603.8,540.0,275.0,0.0,657.5,1168.9,1,259.4,1,1,shot_pb=1.00|flight_commit=1.00|keepin_prop=0.03|keepin_zoom=1.350|speed|edge_zoom=0.892|bounds
422,554.6,862.8,centroid,0.30,597.8,540.0,269.1,0.0,657.5,1168.9,1,260.8,1,1,shot_pb=1.00|flight_commit=1.00|keepin_prop=0.03|keepin_zoom=1.350|speed|edge_zoom=0.892|bounds
423,551.2,859.8,centroid,0.30,592.9,540.0,264.1,0.0,657.5,1168.9,1,262.3,1,1,shot_pb=1.00|flight_commit=1.00|keepin_prop=0.03|keepin_zoom=1.350|speed|edge_zoom=0.891|bounds
424,549.0,856.9,centroid,0.30,588.9,540.0,260.2,0.0,657.5,1168.9,1,264.1,1,1,shot_pb=1.00|flight_commit=1.00|keepin_prop=0.04|keepin_zoom=1.350|speed|edge_zoom=0.890|bounds
425,548.1,854.1,centroid,0.30,586.1,540.0,257.3,0.0,657.5,1168.9,1,266.0,1,1,shot_pb=1.00|flight_commit=1.00|keepin_prop=0.04|keepin_zoom=1.350|speed|edge_zoom=0.890|bounds
426,548.3,851.2,centroid,0.30,584.3,540.0,255.5,0.0,657.5,1168.9,1,268.0,1,1,shot_pb=1.00|flight_commit=1.00|keepin_prop=0.04|keepin_zoom=1.350|speed|edge_zoom=0.890|bounds
427,549.6,848.4,centroid,0.30,583.8,540.0,255.0,0.0,657.5,1168.9,1,269.8,1,1,shot_pb=1.00|flight_commit=1.00|keepin_prop=0.03|keepin_zoom=1.350|speed|edge_zoom=0.893|bounds
428,552.1,845.7,centroid,0.30,584.5,540.0,255.8,0.0,657.5,1168.9,1,271.6,1,1,shot_pb=1.00|flight_commit=1.00|keepin_prop=0.02|keepin_zoom=1.350|speed|edge_zoom=0.896|bounds
429,555.8,843.1,centroid,0.30,586.7,540.0,257.9,0.0,657.5,1168.9,1,273.1,1,1,shot_pb=1.00|flight_commit=1.00|keepin_prop=0.01|keepin_zoom=1.350|speed|edge_zoom=0.898|bounds
430,560.6,840.5,centroid,0.30,590.3,540.0,261.5,0.0,657.5,1168.9,1,274.3,1,1,shot_pb=1.00|flight_commit=1.00|keepin_prop=0.01|keepin_zoom=1.350|speed|edge_zoom=0.900|bounds
431,566.5,838.1,centroid,0.30,595.5,540.0,266.7,0.0,657.5,1168.9,1,275.0,1,1,shot_pb=1.00|flight_commit=1.00|keepin_prop=0.01|keepin_zoom=1.350|speed|edge_zoom=0.901|bounds
432,573.5,835.9,centroid,0.30,602.3,540.0,273.5,0.0,657.5,1168.9,1,275.2,1,1,shot_pb=1.00|flight_commit=1.00|keepin_prop=0.00|keepin_zoom=1.350|speed|edge_zoom=0.901|bounds
433,581.7,833.7,centroid,0.30,610.8,540.0,282.1,0.0,657.5,1168.9,1,274.9,1,1,shot_pb=1.00|flight_commit=1.00|keepin_prop=0.00|keepin_zoom=1.350|speed|edge_zoom=0.902|bounds
434,591.0,831.8,centroid,0.30,621.0,540.0,292.2,0.0,657.5,1168.9,1,274.0,1,1,shot_pb=1.00|flight_commit=1.00|keepin_prop=0.00|keepin_zoom=1.350|speed|edge_zoom=0.902|bounds
435,601.4,830.0,centroid,0.30,632.7,540.0,303.9,0.0,657.5,1168.9,1,272.7,1,1,shot_pb=1.00|flight_commit=1.00|keepin_prop=0.00|keepin_zoom=1.350|speed|edge_zoom=0.903|bounds
436,613.0,828.4,centroid,0.30,645.9,540.0,317.1,0.0,657.5,1168.9,1,271.1,1,1,shot_pb=1.00|flight_commit=1.00|keepin_prop=0.00|keepin_zoom=1.350|speed|edge_zoom=0.903|bounds
437,625.8,827.1,centroid,0.30,660.3,540.0,331.5,0.0,657.5,1168.9,1,269.5,1,1,shot_pb=1.00|flight_commit=1.00|keepin_prop=0.00|keepin_zoom=1.350|speed|edge_zoom=0.903|bounds
438,639.8,826.0,centroid,0.30,675.6,540.0,346.8,0.0,657.5,1168.9,1,268.2,1,0,shot_pb=1.00|flight_commit=1.00|speed|edge_zoom=0.903|bounds
439,655.1,825.2,centroid,0.30,691.6,540.0,362.9,0.0,657.5,1168.9,1,267.5,1,0,shot_pb=1.00|flight_commit=1.00|speed|edge_zoom=0.903|bounds
440,671.7,824.7,centroid,0.30,708.0,540.0,379.3,0.0,657.5,1168.9,1,267.7,1,1,shot_pb=1.00|flight_commit=1.00|keepin_prop=0.03|keepin_zoom=1.350|speed|edge_zoom=0.894|bounds
441,689.6,824.5,centroid,0.30,724.5,540.0,395.7,0.0,657.5,1168.9,1,269.1,1,0,shot_pb=1.00|flight_commit=1.00|speed|edge_zoom=0.903|bounds
442,708.8,824.6,centroid,0.30,740.7,540.0,411.9,0.0,657.5,1168.9,1,272.1,1,1,shot_pb=1.00|flight_commit=1.00|keepin_prop=0.04|keepin_zoom=1.350|speed|edge_zoom=0.890|bounds
443,729.2,825.0,centroid,0.30,756.5,540.0,427.7,0.0,657.5,1168.9,1,276.7,1,0,shot_pb=1.00|flight_commit=1.00|speed|edge_zoom=0.903|bounds
444,750.9,825.7,centroid,0.30,771.7,540.0,442.9,0.0,657.5,1168.9,1,283.2,1,1,shot_pb=1.00|flight_commit=1.00|keepin_prop=0.03|keepin_zoom=1.350|speed|edge_zoom=0.891|bounds
445,773.8,826.7,centroid,0.30,786.2,540.0,457.5,0.0,657.5,1168.9,1,291.6,1,0,shot_pb=1.00|flight_commit=1.00|speed|edge_zoom=0.903|bounds
446,797.9,828.0,centroid,0.30,800.1,540.0,471.4,0.0,657.5,1168.9,1,301.8,1,1,shot_pb=1.00|flight_commit=1.00|keepin_prop=0.02|keepin_zoom=1.350|speed|edge_zoom=0.894|bounds
447,823.0,829.6,centroid,0.30,813.5,540.0,484.7,0.0,657.5,1168.9,1,294.5,1,0,shot_pb=1.00|flight_commit=1.00|speed|edge_zoom=0.903|bounds
448,849.1,831.4,centroid,0.30,826.3,540.0,497.6,0.0,657.5,1168.9,1,281.2,1,1,shot_pb=1.00|flight_commit=1.00|keepin_prop=0.01|keepin_zoom=1.350|speed|edge_zoom=0.898|bounds
449,876.0,833.4,centroid,0.30,839.0,540.0,510.2,0.0,657.5,1168.9,1,267.0,1,1,shot_pb=1.00|flight_commit=1.00|keepin_prop=0.00|keepin_zoom=1.350|speed|edge_zoom=0.903|bounds
450,903.7,835.7,centroid,0.30,851.6,540.0,522.8,0.0,657.5,1168.9,1,251.9,1,1,shot_pb=1.00|flight_commit=1.00|keepin_prop=0.00|keepin_zoom=1.350|speed|edge_zoom=0.903|bounds
451,932.1,838.2,centroid,0.30,864.4,540.0,535.6,0.0,657.5,1168.9,1,236.3,1,1,shot_pb=1.00|flight_commit=1.00|keepin_prop=0.00|keepin_zoom=1.350|speed|edge_zoom=0.903|bounds
452,960.9,840.9,centroid,0.30,877.5,540.0,548.7,0.0,657.5,1168.9,1,220.6,1,1,shot_pb=1.00|flight_commit=1.00|keepin_prop=0.00|keepin_zoom=1.350|speed|edge_zoom=0.902|bounds
453,990.1,843.7,centroid,0.30,891.2,540.0,562.5,0.0,657.5,1168.9,1,205.1,1,1,shot_pb=1.00|flight_commit=1.00|keepin_prop=0.00|keepin_zoom=1.350|speed|edge_zoom=0.902|bounds
454,1019.4,846.8,centroid,0.30,905.6,540.0,576.8,0.0,657.5,1168.9,1,190.2,1,1,shot_pb=1.00|flight_commit=1.00|keepin_prop=0.00|keepin_zoom=1.350|speed|edge_zoom=0.902|bounds
455,1048.8,850.0,centroid,0.30,920.7,540.0,591.9,0.0,657.5,1168.9,1,175.9,1,1,shot_pb=1.00|flight_commit=1.00|keepin_prop=0.00|keepin_zoom=1.350|speed|edge_zoom=0.901|bounds
456,1078.1,853.5,centroid,0.30,936.5,540.0,607.7,0.0,657.5,1168.9,1,162.4,1,1,accel_zoom=0.944|shot_pb=1.00|flight_commit=1.00|keepin_prop=0.01|keepin_zoom=1.350|speed|edge_zoom=0.898|bounds
457,1107.1,857.0,centroid,0.30,953.0,540.0,624.3,0.0,657.5,1168.9,1,149.9,1,1,accel_zoom=0.944|shot_pb=1.00|flight_commit=1.00|keepin_prop=0.01|keepin_zoom=1.350|speed|edge_zoom=0.898|bounds
458,1135.8,860.8,centroid,0.30,970.2,540.0,641.4,0.0,657.5,1168.9,1,138.4,1,1,accel_zoom=0.943|shot_pb=1.00|flight_commit=1.00|pb_zfit|keepin_prop=0.01|keepin_zoom=1.350|speed|edge_zoom=0.898|bounds
459,1163.8,864.6,centroid,0.30,987.8,540.0,659.0,0.0,657.5,1168.9,1,128.0,1,1,accel_zoom=0.943|shot_pb=1.00|flight_commit=1.00|pb_zfit|keepin_prop=0.01|keepin_zoom=1.350|speed|edge_zoom=0.898|bounds
460,1191.1,868.6,centroid,0.30,1005.8,540.0,677.0,0.0,657.5,1168.9,1,118.7,1,1,accel_zoom=0.943|shot_pb=1.00|flight_commit=1.00|pb_zfit|keepin_prop=0.01|keepin_zoom=1.350|speed|edge_zoom=0.898|bounds
461,1217.7,872.5,centroid,0.30,1023.9,540.0,695.1,0.0,657.5,1168.9,1,110.2,1,1,shot_pb=1.00|flight_commit=1.00|pb_zfit|keepin_prop=0.02|keepin_zoom=1.350|speed|edge_zoom=0.896|bounds
462,1243.2,876.5,centroid,0.30,1042.0,540.0,713.2,0.0,657.5,1168.9,1,102.8,1,1,shot_pb=1.00|flight_commit=1.00|pb_zfit|keepin_prop=0.02|keepin_zoom=1.350|speed|edge_zoom=0.895|bounds
463,1267.7,880.3,centroid,0.30,1059.9,540.0,731.1,0.0,657.5,1168.9,1,96.2,1,1,shot_pb=1.00|flight_commit=1.00|pb_zfit|keepin_prop=0.03|keepin_zoom=1.350|speed|edge_zoom=0.894|bounds
464,1290.9,884.1,centroid,0.30,1077.5,540.0,748.7,0.0,657.5,1168.9,1,90.6,1,1,shot_pb=1.00|flight_commit=1.00|pb_zfit|keepin_prop=0.03|keepin_zoom=1.350|speed|edge_zoom=0.892|bounds
465,1312.8,887.6,centroid,0.30,1094.5,540.0,765.8,0.0,657.5,1168.9,1,85.7,1,1,shot_pb=1.00|flight_commit=1.00|pb_zfit|keepin_prop=0.04|keepin_zoom=1.350|speed|edge_zoom=0.891|bounds
466,1333.3,890.8,centroid,0.30,1110.9,540.0,782.2,0.0,657.5,1168.9,1,81.6,1,1,shot_pb=1.00|flight_commit=1.00|pb_zfit|keepin_prop=0.04|keepin_zoom=1.350|speed|edge_zoom=0.889|bounds
467,1352.1,893.6,centroid,0.30,1126.6,540.0,797.8,0.0,657.5,1168.9,1,78.5,1,1,shot_pb=1.00|flight_commit=1.00|pb_zfit|keepin_prop=0.04|keepin_zoom=1.350|speed|edge_zoom=0.888|bounds
468,1369.3,896.1,centroid,0.30,1141.3,540.0,812.5,0.0,657.5,1168.9,1,76.0,1,1,shot_pb=1.00|flight_commit=1.00|pb_zfit|keepin_prop=0.05|keepin_zoom=1.350|speed|edge_zoom=0.886|bounds
469,1384.7,898.1,centroid,0.30,1155.0,540.0,826.2,0.0,657.5,1168.9,1,74.3,1,1,shot_pb=1.00|flight_commit=1.00|pb_zfit|keepin_prop=0.05|keepin_zoom=1.350|speed|edge_zoom=0.885|bounds
470,1398.2,899.6,centroid,0.30,1167.6,540.0,838.8,0.0,657.5,1168.9,1,73.4,1,1,shot_pb=1.00|flight_commit=1.00|pb_zfit|keepin_prop=0.06|keepin_zoom=1.350|speed|edge_zoom=0.884|bounds
471,1409.7,900.6,centroid,0.30,1179.0,540.0,850.2,0.0,657.5,1168.9,1,73.3,1,1,shot_pb=1.00|flight_commit=1.00|pb_zfit|keepin_prop=0.06|keepin_zoom=1.350|speed|edge_zoom=0.883|bounds
472,1419.2,901.0,centroid,0.30,1189.1,540.0,860.3,0.0,657.5,1168.9,1,73.9,1,1,shot_pb=1.00|flight_commit=1.00|pb_zfit|keepin_prop=0.06|keepin_zoom=1.350|speed|edge_zoom=0.882|bounds
473,1426.6,900.9,centroid,0.30,1197.9,540.0,869.1,0.0,657.5,1168.9,1,75.3,1,1,shot_pb=1.00|flight_commit=1.00|pb_zfit|keepin_prop=0.06|keepin_zoom=1.350|speed|edge_zoom=0.881|bounds
474,1431.8,900.2,centroid,0.30,1205.3,540.0,876.5,0.0,657.5,1168.9,1,77.5,1,1,shot_pb=1.00|flight_commit=1.00|pb_zfit|keepin_prop=0.07|keepin_zoom=1.350|speed|edge_zoom=0.879|bounds
475,1434.9,898.9,centroid,0.30,1211.2,540.0,882.5,0.0,657.5,1168.9,1,80.3,1,1,shot_pb=1.00|flight_commit=1.00|pb_zfit|keepin_prop=0.08|keepin_zoom=1.350|speed|edge_zoom=0.874|bounds
476,1435.9,897.1,centroid,0.30,1215.7,540.0,886.9,0.0,657.5,1168.9,1,83.8,1,1,shot_pb=1.00|flight_commit=1.00|pb_zfit|keepin_prop=0.12|keepin_zoom=1.350|speed|edge_zoom=0.863|bounds
477,1434.7,894.8,centroid,0.30,1218.6,540.0,889.9,0.0,657.5,1168.9,1,87.9,1,1,shot_pb=1.00|flight_commit=1.00|pb_zfit|keepin_prop=0.11|keepin_zoom=1.350|speed|edge_zoom=0.865|bounds
478,1431.5,892.0,centroid,0.30,1220.0,540.0,891.3,0.0,657.5,1168.9,1,92.5,1,1,shot_pb=1.00|flight_commit=1.00|pb_zfit|keepin_prop=0.09|keepin_zoom=1.350|speed|edge_zoom=0.873|bounds
479,1426.1,888.7,centroid,0.30,1219.8,540.0,891.0,0.0,657.5,1168.9,1,97.7,1,1,shot_pb=1.00|flight_commit=1.00|pb_zfit|keepin_prop=0.07|keepin_zoom=1.350|speed|edge_zoom=0.878|bounds
480,1418.8,885.0,centroid,0.30,1217.9,540.0,889.2,0.0,657.5,1168.9,1,103.1,1,1,shot_pb=1.00|flight_commit=1.00|pb_zfit|keepin_prop=0.06|keepin_zoom=1.350|speed|edge_zoom=0.882|bounds
481,1409.6,880.8,centroid,0.30,1214.3,540.0,885.6,0.0,657.5,1168.9,1,108.7,1,1,shot_pb=1.00|flight_commit=1.00|pb_zfit|keepin_prop=0.05|keepin_zoom=1.350|speed|edge_zoom=0.885|bounds
482,1398.6,876.3,centroid,0.30,1209.0,540.0,880.2,0.0,657.5,1168.9,1,114.4,1,1,shot_pb=1.00|flight_commit=1.00|pb_zfit|keepin_prop=0.04|keepin_zoom=1.350|speed|edge_zoom=0.888|bounds
483,1385.8,871.5,centroid,0.30,1201.8,540.0,873.0,0.0,657.5,1168.9,1,120.0,1,1,shot_pb=1.00|flight_commit=1.00|pb_zfit|keepin_prop=0.04|keepin_zoom=1.350|speed|edge_zoom=0.890|bounds
484,1371.4,866.4,centroid,0.30,1192.7,540.0,863.9,0.0,657.5,1168.9,1,125.3,1,1,shot_pb=1.00|flight_commit=1.00|pb_zfit|keepin_prop=0.03|keepin_zoom=1.350|speed|edge_zoom=0.893|bounds
485,1355.4,861.1,centroid,0.30,1181.7,540.0,852.9,0.0,657.5,1168.9,1,130.3,1,1,shot_pb=1.00|flight_commit=1.00|pb_zfit|keepin_prop=0.02|keepin_zoom=1.350|speed|edge_zoom=0.895|bounds
486,1338.1,855.5,centroid,0.30,1168.7,540.0,840.0,0.0,657.5,1168.9,1,134.6,1,1,shot_pb=1.00|flight_commit=1.00|pb_zfit|keepin_prop=0.02|keepin_zoom=1.350|speed|edge_zoom=0.897|bounds
487,1319.6,849.8,centroid,0.30,1153.9,540.0,825.2,0.0,657.5,1168.9,1,138.3,1,1,shot_pb=1.00|flight_commit=1.00|pb_zfit|keepin_prop=0.01|keepin_zoom=1.350|speed|edge_zoom=0.899|bounds
488,1299.9,844.0,centroid,0.30,1137.3,540.0,808.6,0.0,657.5,1168.9,1,141.4,1,1,shot_pb=1.00|flight_commit=1.00|pb_zfit|keepin_prop=0.01|keepin_zoom=1.350|speed|edge_zoom=0.900|bounds
489,1279.3,838.0,centroid,0.30,1119.1,540.0,790.4,0.0,657.5,1168.8,1,143.8,1,1,shot_pb=1.00|flight_commit=1.00|pb_zfit|keepin_prop=0.00|keepin_zoom=1.350|speed|edge_zoom=0.901|bounds
490,1257.9,832.0,centroid,0.30,1099.6,540.0,770.9,0.0,657.4,1168.6,1,145.7,1,1,shot_pb=1.00|flight_commit=1.00|pb_zfit|keepin_prop=0.00|keepin_zoom=1.350|speed|edge_zoom=0.902|bounds
491,1235.8,825.9,centroid,0.30,1079.0,540.0,750.4,0.0,657.2,1168.4,1,147.2,1,1,shot_pb=1.00|flight_commit=1.00|pb_zfit|keepin_prop=0.00|keepin_zoom=1.350|speed|edge_zoom=0.903|bounds
492,1213.4,819.7,centroid,0.30,1057.9,540.0,729.4,0.0,657.0,1168.0,1,148.5,0,0,shot_pb=1.00|flight_commit=1.00|pb_zfit|edge_zoom=0.903|bounds
493,1190.7,813.4,centroid,0.30,1036.5,540.0,708.2,0.0,656.6,1167.3,1,149.8,0,0,shot_pb=1.00|flight_commit=1.00|pb_zfit|edge_zoom=0.906|bounds
494,1167.9,807.1,centroid,0.30,1015.5,540.0,687.5,0.0,656.1,1166.4,1,151.6,0,0,shot_pb=1.00|flight_commit=1.00|pb_zfit|edge_zoom=0.908|bounds
495,1145.4,800.7,centroid,0.30,995.3,540.0,667.5,0.0,655.4,1165.2,1,153.9,0,1,shot_pb=1.00|flight_commit=1.00|pb_zfit|keepin_prop=0.02|keepin_zoom=1.350|edge_zoom=0.899|bounds
496,1123.3,794.2,centroid,0.30,976.2,540.0,648.9,0.0,654.5,1163.6,1,156.9,0,0,shot_pb=1.00|flight_commit=1.00|pb_zfit|edge_zoom=0.914|bounds
497,1101.9,787.4,centroid,0.30,958.8,540.0,632.1,0.0,653.3,1161.4,1,160.9,0,1,shot_pb=1.00|flight_commit=1.00|pb_zfit|keepin_prop=0.02|keepin_zoom=1.350|edge_zoom=0.904|bounds
498,1081.3,780.4,centroid,0.30,943.3,540.0,617.4,0.0,651.8,1158.8,1,166.0,0,0,shot_pb=1.00|flight_commit=1.00|edge_zoom=0.920|bounds
499,1061.9,772.9,centroid,0.30,930.2,540.0,605.2,0.0,650.1,1155.8,1,172.3,0,1,shot_pb=1.00|flight_commit=1.00|keepin_prop=0.01|keepin_zoom=1.350|edge_zoom=0.910|bounds
500,1044.0,764.9,centroid,0.30,919.7,540.0,595.6,0.0,648.2,1152.3,1,179.7,0,0,shot_pb=1.00|flight_commit=1.00|edge_zoom=0.929|bounds
501,1027.9,756.2,centroid,0.30,912.0,540.0,588.9,0.0,646.2,1148.7,1,188.1,0,1,shot_pb=1.00|flight_commit=1.00|keepin_prop=0.01|keepin_zoom=1.350|edge_zoom=0.917|bounds
502,1013.9,746.5,centroid,0.30,907.2,540.0,585.1,0.0,644.1,1145.1,1,197.3,0,0,shot_pb=1.00|flight_commit=1.00|edge_zoom=0.942|bounds
503,1002.3,735.6,centroid,0.30,905.4,540.0,584.3,0.0,642.3,1141.8,1,207.1,0,1,shot_pb=1.00|flight_commit=1.00|keepin_prop=0.00|keepin_zoom=1.350|edge_zoom=0.926|bounds
504,993.5,723.2,centroid,0.30,906.6,540.0,586.3,0.0,640.7,1139.0,1,217.1,0,0,shot_pb=1.00|flight_commit=1.00|edge_zoom=0.959|bounds
505,988.0,709.0,centroid,0.30,910.8,540.0,591.0,0.0,639.6,1137.0,1,226.8,0,0,shot_pb=1.00|flight_commit=1.00|edge_zoom=0.989|bounds
506,986.3,692.6,centroid,0.30,917.6,540.0,598.1,0.0,639.0,1136.0,1,235.3,0,0,shot_pb=1.00|flight_commit=1.00|edge_zoom=0.993|bounds
507,988.8,673.7,centroid,0.30,926.9,540.0,607.4,0.0,639.0,1136.0,1,242.1,0,0,shot_pb=1.00|flight_commit=1.00|edge_zoom=0.988|bounds
508,996.3,651.7,centroid,0.30,938.2,540.0,618.4,0.0,639.6,1137.1,1,245.9,0,0,shot_pb=1.00|flight_commit=1.00|edge_zoom=0.991|bounds
509,1034.8,604.4,blended,0.67,951.0,540.0,630.7,0.0,640.7,1139.1,1,220.2,0,0,accel_zoom=0.942|shot_pb=1.00|flight_commit=1.00|edge_zoom=0.997|bounds
510,1058.0,572.6,interp,0.38,964.9,540.0,643.7,0.0,642.3,1141.8,1,210.9,0,0,shot_pb=1.00|flight_commit=1.00|edge_zoom=0.983|bounds
511,1070.4,551.3,interp,0.38,979.2,540.0,657.1,0.0,644.1,1145.1,1,212.8,0,0,shot_pb=1.00|flight_commit=1.00|edge_zoom=0.977|bounds
512,1071.0,540.3,blended,0.67,993.4,540.0,670.3,0.0,646.1,1148.7,1,226.4,0,0,shot_pb=1.00|flight_commit=1.00|edge_zoom=0.985|bounds
513,1092.1,514.5,interp,0.38,1006.9,540.0,682.9,0.0,648.1,1152.2,1,218.8,0,0,shot_pb=1.00|flight_commit=1.00|edge_zoom=0.962|bounds
514,1101.8,498.3,interp,0.38,1019.4,540.0,694.4,0.0,650.0,1155.6,1,221.6,0,0,shot_pb=1.00|flight_commit=1.00|edge_zoom=0.955|bounds
515,1109.9,484.0,interp,0.38,1030.4,540.0,704.5,0.0,651.7,1158.6,1,224.5,0,0,shot_pb=1.00|flight_commit=1.00|edge_zoom=0.949|bounds
516,1116.8,471.2,interp,0.38,1039.5,540.0,712.9,0.0,653.2,1161.2,1,226.7,0,0,shot_pb=1.00|flight_commit=1.00|pb_zfit|edge_zoom=0.942|bounds
517,1122.5,459.9,interp,0.38,1046.5,540.0,719.3,0.0,654.4,1163.3,1,228.0,0,0,shot_pb=1.00|flight_commit=1.00|pb_zfit|edge_zoom=0.937|bounds
518,1127.2,449.7,interp,0.38,1051.3,540.0,723.7,0.0,655.3,1165.0,1,228.1,0,0,shot_pb=1.00|flight_commit=1.00|pb_zfit|edge_zoom=0.933|bounds
519,1130.9,440.6,interp,0.38,1053.9,540.0,725.9,0.0,656.0,1166.2,1,227.0,0,0,shot_pb=1.00|flight_commit=1.00|pb_zfit|edge_zoom=0.929|bounds
520,1133.8,432.4,interp,0.38,1054.1,540.0,725.9,0.0,656.5,1167.2,1,224.3,0,0,shot_pb=1.00|flight_commit=1.00|pb_zfit|edge_zoom=0.925|bounds
521,1135.8,425.0,interp,0.38,1052.2,540.0,723.8,0.0,656.9,1167.8,1,220.4,0,0,shot_pb=1.00|flight_commit=1.00|pb_zfit|edge_zoom=0.922|bounds
522,1137.2,418.4,interp,0.38,1048.3,540.0,719.7,0.0,657.2,1168.3,1,215.1,0,0,shot_pb=1.00|flight_commit=1.00|pb_zfit|edge_zoom=0.918|bounds
523,1138.0,412.3,interp,0.38,1042.5,540.0,713.8,0.0,657.3,1168.6,1,208.5,0,0,shot_pb=1.00|flight_commit=1.00|pb_zfit|edge_zoom=0.916|bounds
524,1138.1,406.7,interp,0.38,1035.2,540.0,706.4,0.0,657.4,1168.8,1,201.1,0,0,shot_pb=1.00|flight_commit=1.00|pb_zfit|edge_zoom=0.913|bounds
525,1137.8,401.7,interp,0.38,1026.6,540.0,697.9,0.0,657.5,1168.8,1,192.8,0,0,shot_pb=1.00|flight_commit=1.00|pb_zfit|edge_zoom=0.911|bounds
526,1137.0,397.0,interp,0.38,1017.1,540.0,688.4,0.0,657.5,1168.9,1,184.1,0,0,shot_pb=1.00|flight_commit=1.00|pb_zfit|edge_zoom=0.910|bounds
527,1135.8,392.6,interp,0.38,1007.1,540.0,678.4,0.0,657.5,1168.9,1,175.3,0,0,shot_pb=1.00|flight_commit=1.00|pb_zfit|edge_zoom=0.909|bounds
528,1134.2,388.6,interp,0.38,996.9,540.0,668.1,0.0,657.5,1168.9,1,166.7,0,0,shot_pb=1.00|flight_commit=1.00|pb_zfit|edge_zoom=0.909|bounds
529,1132.2,384.8,interp,0.38,986.7,540.0,658.0,0.0,657.5,1168.9,1,158.5,0,0,shot_pb=1.00|flight_commit=1.00|pb_zfit|edge_zoom=0.909|bounds
530,1129.9,381.3,interp,0.38,977.0,540.0,648.2,0.0,657.5,1168.9,1,151.1,0,0,shot_pb=1.00|flight_commit=1.00|pb_zfit|edge_zoom=0.909|bounds
531,1127.4,378.0,interp,0.38,967.8,540.0,639.0,0.0,657.5,1168.9,1,144.4,0,0,shot_pb=1.00|flight_commit=1.00|pb_zfit|edge_zoom=0.909|bounds
532,1124.6,374.8,interp,0.38,959.3,540.0,630.5,0.0,657.5,1168.9,1,138.7,0,1,shot_pb=1.00|flight_commit=1.00|pb_zfit|keepin_prop=0.00|keepin_zoom=1.350|edge_zoom=0.935|bounds
533,1121.6,371.8,interp,0.38,951.7,540.0,622.9,0.0,657.5,1168.9,1,134.1,0,0,shot_pb=1.00|flight_commit=1.00|pb_zfit|edge_zoom=0.910|bounds
534,1118.4,368.9,interp,0.38,944.9,540.0,616.1,0.0,657.5,1168.9,1,130.5,0,1,shot_pb=1.00|flight_commit=1.00|pb_zfit|keepin_prop=0.01|keepin_zoom=1.350|edge_zoom=0.932|bounds
535,1115.1,366.2,interp,0.38,938.9,540.0,610.2,0.0,657.5,1168.9,1,127.8,0,0,shot_pb=1.00|flight_commit=1.00|pb_zfit|edge_zoom=0.910|bounds
536,1111.6,363.5,interp,0.38,933.8,540.0,605.0,0.0,657.5,1168.9,1,126.2,0,1,shot_pb=1.00|flight_commit=1.00|pb_zfit|keepin_prop=0.03|keepin_zoom=1.350|edge_zoom=0.928|bounds
537,1107.9,361.0,interp,0.38,929.3,540.0,600.5,0.0,657.5,1168.9,1,125.4,0,0,shot_pb=1.00|flight_commit=1.00|pb_zfit|edge_zoom=0.910|bounds
538,1104.2,358.5,interp,0.38,925.4,540.0,596.6,0.0,657.5,1168.9,1,125.2,0,1,shot_pb=1.00|flight_commit=1.00|pb_zfit|keepin_prop=0.06|keepin_zoom=1.350|edge_zoom=0.923|bounds
539,1100.3,356.2,interp,0.38,922.0,540.0,593.2,0.0,657.5,1168.9,1,125.7,0,1,shot_pb=1.00|flight_commit=1.00|pb_zfit|keepin_prop=0.00|keepin_zoom=1.350|edge_zoom=0.928|bounds
540,1096.4,353.9,interp,0.38,919.0,540.0,590.2,0.0,657.5,1168.9,1,126.6,0,0,shot_pb=1.00|flight_commit=1.00|pb_zfit|edge_zoom=0.910|bounds
541,1092.5,351.7,interp,0.38,916.2,540.0,587.5,0.0,657.5,1168.9,1,127.7,0,1,shot_pb=1.00|flight_commit=1.00|keepin_prop=0.03|keepin_zoom=1.350|edge_zoom=0.923|bounds
542,1088.5,349.5,interp,0.38,913.7,540.0,584.9,0.0,657.5,1168.9,1,129.2,0,0,shot_pb=1.00|flight_commit=1.00|edge_zoom=0.909|bounds
543,1084.5,347.5,interp,0.38,911.3,540.0,582.5,0.0,657.5,1168.9,1,130.8,0,1,shot_pb=1.00|flight_commit=1.00|keepin_prop=0.07|keepin_zoom=1.350|edge_zoom=0.917|bounds
544,1080.5,345.5,interp,0.38,909.0,540.0,580.2,0.0,657.5,1168.9,1,132.5,0,1,shot_pb=1.00|flight_commit=1.00|keepin_prop=0.00|keepin_zoom=1.350|edge_zoom=0.924|bounds
545,1076.5,343.6,interp,0.38,906.6,540.0,577.9,0.0,657.5,1168.9,1,134.1,0,0,shot_pb=1.00|flight_commit=1.00|edge_zoom=0.909|bounds
546,1072.5,341.8,interp,0.38,904.3,540.0,575.6,0.0,657.5,1168.9,1,135.8,0,1,shot_pb=1.00|flight_commit=1.00|keepin_prop=0.05|keepin_zoom=1.350|edge_zoom=0.917|bounds
547,1068.6,340.0,interp,0.38,902.0,540.0,573.2,0.0,657.5,1168.9,1,137.4,0,1,shot_pb=1.00|flight_commit=1.00|keepin_prop=0.00|keepin_zoom=1.350|edge_zoom=0.922|bounds
548,1064.8,338.4,interp,0.38,899.6,540.0,570.9,0.0,657.5,1168.9,1,138.8,0,0,shot_pb=1.00|flight_commit=1.00|edge_zoom=0.908|bounds
549,1061.0,336.8,interp,0.38,897.2,540.0,568.5,0.0,657.5,1168.8,1,140.2,0,1,shot_pb=1.00|flight_commit=1.00|keepin_prop=0.05|keepin_zoom=1.350|edge_zoom=0.915|bounds
550,1057.3,335.4,interp,0.38,894.8,540.0,566.1,0.0,657.4,1168.7,1,141.5,0,1,shot_pb=1.00|flight_commit=1.00|keepin_prop=0.00|keepin_zoom=1.350|edge_zoom=0.920|bounds
551,1053.8,334.1,interp,0.38,892.4,540.0,563.7,0.0,657.3,1168.6,1,142.6,0,0,shot_pb=1.00|flight_commit=1.00|edge_zoom=0.908|bounds
552,1050.3,332.9,interp,0.38,890.0,540.0,561.4,0.0,657.2,1168.3,1,143.7,0,1,shot_pb=1.00|flight_commit=1.00|keepin_prop=0.06|keepin_zoom=1.350|edge_zoom=0.913|bounds
553,1047.0,331.8,interp,0.38,887.7,540.0,559.3,0.0,656.9,1167.9,1,144.7,0,1,shot_pb=1.00|flight_commit=1.00|keepin_prop=0.00|keepin_zoom=1.350|edge_zoom=0.919|bounds
554,1043.9,330.9,interp,0.38,885.7,540.0,557.4,0.0,656.6,1167.3,1,145.8,0,0,shot_pb=1.00|flight_commit=1.00|edge_zoom=0.909|bounds
555,1040.9,330.1,interp,0.38,884.0,540.0,555.9,0.0,656.1,1166.4,1,147.1,0,1,shot_pb=1.00|flight_commit=1.00|keepin_prop=0.07|keepin_zoom=1.350|edge_zoom=0.909|bounds
556,1038.2,329.5,interp,0.38,882.7,540.0,555.0,0.0,655.5,1165.2,1,148.5,0,1,shot_pb=1.00|flight_commit=1.00|keepin_prop=0.00|keepin_zoom=1.350|edge_zoom=0.917|bounds
557,1035.6,329.1,interp,0.38,882.0,540.0,554.7,0.0,654.6,1163.8,1,150.4,0,0,shot_pb=1.00|flight_commit=1.00|person_ctx=4|edge_zoom=0.912|bounds
558,1033.3,328.9,interp,0.38,882.1,540.0,555.3,0.0,653.6,1161.9,1,152.8,0,1,shot_pb=1.00|flight_commit=1.00|keepin_prop=0.10|keepin_zoom=1.350|edge_zoom=0.906|bounds
559,1031.3,329.0,interp,0.38,883.1,540.0,556.9,0.0,652.4,1159.8,1,155.8,0,1,shot_pb=1.00|flight_commit=1.00|person_ctx=4|keepin_prop=0.01|keepin_zoom=1.350|edge_zoom=0.916|bounds
560,1029.5,329.3,interp,0.38,885.2,540.0,559.8,0.0,650.9,1157.2,1,159.7,0,0,shot_pb=1.00|flight_commit=1.00|edge_zoom=0.923|bounds
561,1028.0,329.9,interp,0.38,888.6,540.0,563.9,0.0,649.4,1154.5,1,164.6,0,1,shot_pb=1.00|flight_commit=1.00|keepin_prop=0.08|keepin_zoom=1.350|edge_zoom=0.908|bounds
562,1026.9,330.8,interp,0.38,893.2,540.0,569.3,0.0,647.8,1151.6,1,170.3,0,0,shot_pb=1.00|flight_commit=1.00|edge_zoom=0.939|bounds
563,1026.1,332.0,interp,0.38,899.2,540.0,576.2,0.0,646.1,1148.7,1,177.1,0,1,shot_pb=1.00|flight_commit=1.00|keepin_prop=0.00|keepin_zoom=1.350|edge_zoom=0.927|bounds
564,1025.6,333.6,interp,0.38,906.6,540.0,584.3,0.0,644.6,1145.9,1,185.0,0,0,shot_pb=1.00|flight_commit=1.00|edge_zoom=0.966|bounds
565,1025.6,335.7,interp,0.38,915.2,540.0,593.6,0.0,643.2,1143.4,1,193.6,0,0,shot_pb=1.00|flight_commit=1.00|edge_zoom=0.957|bounds
566,1026.0,338.2,interp,0.38,925.0,540.0,604.0,0.0,642.0,1141.3,1,203.0,0,0,shot_pb=1.00|flight_commit=1.00|edge_zoom=0.955|bounds
567,1026.9,341.3,interp,0.38,935.7,540.0,615.2,0.0,641.1,1139.6,1,212.8,0,0,shot_pb=1.00|flight_commit=1.00|edge_zoom=0.955|bounds
568,1028.3,344.9,interp,0.38,947.2,540.0,627.0,0.0,640.4,1138.5,1,222.9,0,0,shot_pb=1.00|flight_commit=1.00|edge_zoom=0.956|bounds
569,1030.3,349.2,interp,0.38,959.2,540.0,639.2,0.0,640.0,1137.8,1,232.9,0,0,shot_pb=1.00|flight_commit=1.00|edge_zoom=0.957|bounds
570,1032.8,354.3,interp,0.38,971.6,540.0,651.6,0.0,639.9,1137.5,1,242.8,0,0,shot_pb=1.00|flight_commit=1.00|edge_zoom=0.963|bounds
571,1027.2,368.9,blended,0.69,984.0,540.0,664.0,0.0,639.9,1137.7,1,260.8,0,0,shot_pb=1.00|flight_commit=1.00|edge_zoom=0.965|bounds
572,1042.9,365.2,interp,0.38,996.3,540.0,676.2,0.0,640.2,1138.1,1,257.4,0,0,shot_pb=1.00|flight_commit=1.00|edge_zoom=0.924|bounds
573,1050.4,371.2,interp,0.38,1008.3,540.0,688.0,0.0,640.6,1138.8,1,261.9,0,0,shot_pb=1.00|flight_commit=1.00|edge_zoom=0.955|bounds
574,1058.4,377.9,interp,0.38,1020.0,540.0,699.4,0.0,641.1,1139.7,1,265.6,0,1,shot_pb=1.00|flight_commit=1.00|keepin_prop=0.02|keepin_zoom=1.350|edge_zoom=0.935|bounds
575,1066.9,385.3,interp,0.38,1031.1,540.0,710.2,0.0,641.7,1140.8,1,268.2,0,0,shot_pb=1.00|flight_commit=1.00|edge_zoom=0.962|bounds
576,1075.8,393.4,interp,0.38,1041.5,540.0,720.3,0.0,642.4,1142.1,1,269.7,0,1,shot_pb=1.00|flight_commit=1.00|keepin_prop=0.01|keepin_zoom=1.350|edge_zoom=0.945|bounds
577,1085.2,402.2,interp,0.38,1051.2,540.0,729.5,0.0,643.2,1143.5,1,270.0,0,0,shot_pb=1.00|flight_commit=1.00|edge_zoom=0.969|bounds
578,1094.9,411.6,interp,0.38,1059.9,540.0,737.8,0.0,644.2,1145.2,1,269.0,0,0,shot_pb=1.00|flight_commit=1.00|pb_zfit|edge_zoom=0.978|bounds
579,1104.9,421.6,interp,0.38,1067.4,540.0,744.8,0.0,645.3,1147.1,1,266.5,0,1,shot_pb=1.00|flight_commit=1.00|pb_zfit|keepin_prop=0.00|keepin_zoom=1.350|edge_zoom=0.972|bounds
580,1115.3,432.3,interp,0.38,1073.6,540.0,750.4,0.0,646.4,1149.2,1,262.3,0,0,shot_pb=1.00|flight_commit=1.00|pb_zfit|edge_zoom=0.987|bounds
581,1125.9,443.7,interp,0.38,1078.2,540.0,754.4,0.0,647.7,1151.5,1,256.3,0,0,shot_pb=1.00|flight_commit=1.00|pb_zfit|edge_zoom=0.993|bounds
582,1136.9,455.7,interp,0.38,1080.9,540.0,756.4,0.0,649.0,1153.8,1,248.0,0,0,shot_pb=1.00|flight_commit=1.00|pb_zfit|edge_zoom=0.996|bounds
583,1139.5,474.5,blended,0.71,1081.5,540.0,756.3,0.0,650.4,1156.2,1,246.0,0,0,shot_pb=1.00|flight_commit=1.00|pb_zfit|edge_zoom=0.999|bounds
584,1161.6,491.8,blended,0.72,1079.7,540.0,753.9,0.0,651.6,1158.4,1,222.1,0,0,accel_zoom=0.923|shot_pb=1.00|flight_commit=1.00|pb_zfit|bounds
585,1193.2,505.1,interp,0.38,1075.3,540.0,748.9,0.0,652.8,1160.6,1,186.1,0,1,accel_zoom=0.901|shot_pb=1.00|flight_commit=1.00|pb_zfit|keepin_prop=0.01|keepin_zoom=1.350|edge_zoom=0.985|bounds
586,1210.9,518.7,interp,0.38,1068.4,540.0,741.4,0.0,653.9,1162.4,1,161.5,0,0,shot_pb=1.00|flight_commit=1.00|pb_zfit|edge_zoom=0.989|bounds
587,1221.7,526.9,interp,0.38,1058.9,540.0,731.5,0.0,654.8,1164.0,1,141.2,0,0,shot_pb=1.00|flight_commit=1.00|pb_zfit|edge_zoom=0.987|bounds
588,1223.8,528.3,interp,0.38,1047.0,540.0,719.3,0.0,655.5,1165.3,1,127.2,0,1,shot_pb=1.00|flight_commit=1.00|pb_zfit|keepin_prop=0.02|keepin_zoom=1.350|edge_zoom=0.996|bounds
589,1170.7,484.2,interp,0.38,1033.1,540.0,705.1,0.0,656.1,1166.4,1,166.4,0,0,accel_zoom=0.789|shot_pb=1.00|flight_commit=1.00|pb_zfit|edge_zoom=0.955|bounds
590,1154.9,471.3,interp,0.38,1017.7,540.0,689.4,0.0,656.5,1167.2,1,166.8,0,0,accel_zoom=0.789|shot_pb=1.00|flight_commit=1.00|pb_zfit|edge_zoom=0.951|bounds
591,1139.1,458.7,interp,0.38,1001.2,540.0,672.7,0.0,656.9,1167.8,1,166.1,0,0,shot_pb=1.00|flight_commit=1.00|edge_zoom=0.946|bounds
592,1123.4,446.3,interp,0.38,984.2,540.0,655.6,0.0,657.1,1168.2,1,164.8,0,0,shot_pb=1.00|flight_commit=1.00|edge_zoom=0.941|bounds
593,1108.0,434.4,interp,0.38,967.2,540.0,638.6,0.0,657.3,1168.5,1,163.2,0,0,shot_pb=1.00|flight_commit=1.00|edge_zoom=0.937|bounds
594,1093.0,422.9,interp,0.38,950.8,540.0,622.2,0.0,657.4,1168.6,1,161.8,0,1,shot_pb=1.00|flight_commit=1.00|keepin_prop=0.01|keepin_zoom=1.350|edge_zoom=0.953|bounds
595,1078.4,411.9,interp,0.38,935.4,540.0,606.8,0.0,657.4,1168.6,1,161.0,0,0,shot_pb=1.00|flight_commit=1.00|edge_zoom=0.929|bounds
596,1064.5,401.4,interp,0.38,921.3,540.0,592.7,0.0,657.3,1168.6,1,160.8,0,1,shot_pb=1.00|flight_commit=1.00|keepin_prop=0.00|keepin_zoom=1.350|edge_zoom=0.945|bounds
597,1051.3,391.7,interp,0.38,908.8,540.0,580.2,0.0,657.2,1168.4,1,161.5,0,0,shot_pb=1.00|flight_commit=1.00|edge_zoom=0.921|bounds
598,1039.0,382.8,interp,0.38,897.9,540.0,569.4,0.0,657.0,1168.0,1,162.9,0,1,shot_pb=1.00|flight_commit=1.00|keepin_prop=0.00|keepin_zoom=1.350|edge_zoom=0.938|bounds
599,1027.8,374.8,interp,0.38,888.8,540.0,560.4,0.0,656.7,1167.5,1,165.0,0,0,shot_pb=1.00|flight_commit=1.00|edge_zoom=0.915|bounds
600,1017.8,367.8,yolo,0.31,881.4,540.0,553.2,0.0,656.3,1166.8,1,167.6,0,1,shot_pb=1.00|flight_commit=1.00|keepin_prop=0.00|keepin_zoom=1.350|edge_zoom=0.932|bounds
601,1010.6,363.0,yolo,0.30,875.7,540.0,547.8,0.0,655.8,1165.8,1,169.1,0,0,shot_pb=1.00|flight_commit=1.00|edge_zoom=0.912|bounds
602,1004.8,359.2,yolo,0.30,871.6,540.0,544.1,0.0,655.1,1164.6,1,170.8,0,1,shot_pb=1.00|flight_commit=1.00|keepin_prop=0.03|keepin_zoom=1.350|edge_zoom=0.927|bounds
603,1000.2,356.6,interp,0.38,869.0,540.0,541.9,0.0,654.2,1163.0,1,172.8,0,0,shot_pb=1.00|flight_commit=1.00|edge_zoom=0.911|bounds
604,996.7,355.0,yolo,0.29,867.6,540.0,541.0,0.0,653.1,1161.2,1,174.9,0,1,shot_pb=1.00|flight_commit=1.00|keepin_prop=0.08|keepin_zoom=1.350|edge_zoom=0.919|bounds
605,995.1,354.9,interp,0.38,867.1,540.0,541.2,0.0,652.0,1159.0,1,176.0,0,1,shot_pb=1.00|flight_commit=1.00|keepin_prop=0.02|keepin_zoom=1.350|edge_zoom=0.926|bounds
606,994.3,355.6,interp,0.38,867.4,540.0,542.1,0.0,650.7,1156.7,1,177.1,0,0,shot_pb=1.00|flight_commit=1.00|edge_zoom=0.951|bounds
607,994.2,357.0,interp,0.38,868.0,540.0,543.4,0.0,649.3,1154.3,1,177.8,0,0,shot_pb=1.00|flight_commit=1.00|edge_zoom=0.974|bounds
608,994.6,358.9,interp,0.38,868.7,540.0,544.7,0.0,648.0,1152.0,1,178.1,0,0,shot_pb=1.00|flight_commit=1.00|edge_zoom=0.963|bounds
609,995.2,361.2,interp,0.38,869.1,540.0,545.7,0.0,646.9,1150.0,1,177.9,0,0,shot_pb=1.00|flight_commit=1.00|edge_zoom=0.963|bounds
610,995.9,363.7,interp,0.38,868.9,540.0,545.9,0.0,645.9,1148.3,1,177.0,0,0,shot_pb=1.00|flight_commit=1.00|edge_zoom=0.973|bounds
611,996.4,366.4,interp,0.38,867.9,540.0,545.2,0.0,645.3,1147.3,1,175.5,0,0,shot_pb=1.00|flight_commit=1.00|edge_zoom=0.982|bounds
612,996.6,369.1,interp,0.38,865.8,540.0,543.3,0.0,645.1,1146.8,1,173.2,0,0,shot_pb=1.00|flight_commit=1.00|edge_zoom=0.989|bounds
613,996.3,371.8,interp,0.38,862.8,540.0,540.1,0.0,645.2,1147.1,1,170.5,0,0,shot_pb=1.00|flight_commit=1.00|edge_zoom=0.987|bounds
614,995.2,374.2,interp,0.38,858.6,540.0,535.7,0.0,645.8,1148.1,1,167.4,0,0,shot_pb=1.00|flight_commit=1.00|edge_zoom=0.967|bounds
615,993.2,376.3,interp,0.38,853.4,540.0,530.0,0.0,646.7,1149.6,1,164.2,0,0,shot_pb=1.00|flight_commit=1.00|edge_zoom=0.961|bounds
616,989.1,378.7,blended,0.79,847.3,540.0,523.4,0.0,647.8,1151.6,1,162.2,0,0,shot_pb=1.00|flight_commit=1.00|edge_zoom=0.954|bounds
617,983.7,378.0,interp,0.38,840.4,540.0,515.8,0.0,649.1,1154.0,1,160.7,0,1,shot_pb=1.00|flight_commit=1.00|keepin_prop=0.09|keepin_zoom=1.350|edge_zoom=0.928|bounds
618,976.2,377.5,interp,0.38,832.9,540.0,507.6,0.0,650.5,1156.4,1,160.7,0,1,shot_pb=1.00|flight_commit=1.00|keepin_prop=0.00|keepin_zoom=1.350|edge_zoom=0.936|bounds
619,967.6,376.5,interp,0.38,824.9,540.0,498.9,0.0,651.8,1158.8,1,161.3,0,0,shot_pb=1.00|flight_commit=1.00|edge_zoom=0.932|bounds
620,958.1,375.2,interp,0.38,816.5,540.0,490.0,0.0,653.1,1161.0,1,162.4,0,1,shot_pb=1.00|flight_commit=1.00|keepin_prop=0.06|keepin_zoom=1.350|edge_zoom=0.930|bounds
621,947.8,373.6,interp,0.38,807.9,540.0,480.8,0.0,654.2,1162.9,1,164.1,0,1,shot_pb=1.00|flight_commit=1.00|keepin_prop=0.00|keepin_zoom=1.350|edge_zoom=0.935|bounds
622,936.9,371.8,interp,0.38,799.1,540.0,471.6,0.0,655.1,1164.6,1,166.2,0,0,shot_pb=1.00|flight_commit=1.00|edge_zoom=0.928|bounds
623,925.5,369.8,interp,0.38,790.2,540.0,462.3,0.0,655.8,1165.8,1,168.7,0,1,shot_pb=1.00|flight_commit=1.00|keepin_prop=0.03|keepin_zoom=1.350|edge_zoom=0.930|bounds
624,913.7,367.6,interp,0.38,781.1,540.0,452.9,0.0,656.3,1166.8,1,171.4,0,0,shot_pb=1.00|flight_commit=1.00|edge_zoom=0.926|bounds
625,901.5,365.4,interp,0.38,772.0,540.0,443.7,0.0,656.7,1167.5,1,174.5,0,1,shot_pb=1.00|flight_commit=1.00|keepin_prop=0.07|keepin_zoom=1.350|edge_zoom=0.925|bounds
626,889.2,363.1,interp,0.38,762.9,540.0,434.4,0.0,656.9,1167.9,1,177.7,0,1,shot_pb=1.00|flight_commit=1.00|keepin_prop=0.00|keepin_zoom=1.350|edge_zoom=0.931|bounds
627,876.8,360.8,interp,0.38,753.7,540.0,425.2,0.0,657.0,1168.1,1,180.9,0,0,shot_pb=1.00|flight_commit=1.00|edge_zoom=0.924|bounds
628,864.4,358.6,interp,0.38,744.6,540.0,416.1,0.0,657.0,1168.0,1,184.2,0,1,shot_pb=1.00|flight_commit=1.00|keepin_prop=0.03|keepin_zoom=1.350|edge_zoom=0.926|bounds
629,852.0,356.5,interp,0.38,735.7,540.0,407.3,0.0,656.8,1167.7,1,187.7,0,0,shot_pb=1.00|flight_commit=1.00|edge_zoom=0.923|bounds
630,839.9,354.6,interp,0.38,727.0,540.0,398.7,0.0,656.5,1167.1,1,191.1,0,1,shot_pb=1.00|flight_commit=1.00|keepin_prop=0.06|keepin_zoom=1.350|edge_zoom=0.921|bounds
631,828.0,352.9,interp,0.38,718.6,540.0,390.6,0.0,656.0,1166.2,1,194.6,0,1,shot_pb=1.00|flight_commit=1.00|keepin_prop=0.00|keepin_zoom=1.350|edge_zoom=0.927|bounds
632,816.6,351.5,interp,0.38,710.7,540.0,383.1,0.0,655.2,1164.8,1,198.1,0,0,shot_pb=1.00|flight_commit=1.00|edge_zoom=0.922|bounds
633,805.6,350.3,interp,0.38,703.5,540.0,376.4,0.0,654.2,1163.0,1,201.9,0,1,shot_pb=1.00|flight_commit=1.00|keepin_prop=0.04|keepin_zoom=1.350|edge_zoom=0.922|bounds
634,795.3,349.6,interp,0.38,697.1,540.0,370.7,0.0,652.9,1160.7,1,205.8,0,0,shot_pb=1.00|flight_commit=1.00|edge_zoom=0.923|bounds
635,785.8,349.4,interp,0.38,691.8,540.0,366.2,0.0,651.2,1157.7,1,210.0,0,1,shot_pb=1.00|flight_commit=1.00|keepin_prop=0.07|keepin_zoom=1.350|edge_zoom=0.918|bounds
636,777.1,349.7,interp,0.38,687.7,540.0,363.1,0.0,649.2,1154.2,1,214.6,0,0,shot_pb=1.00|flight_commit=1.00|edge_zoom=0.927|bounds
637,769.6,350.6,yolo,0.34,685.0,540.0,361.5,0.0,647.0,1150.2,1,219.4,0,1,shot_pb=1.00|flight_commit=1.00|keepin_prop=0.05|keepin_zoom=1.350|edge_zoom=0.921|bounds
638,764.3,352.6,yolo,0.43,683.9,540.0,361.7,0.0,644.4,1145.7,1,223.6,0,0,shot_pb=1.00|flight_commit=1.00|edge_zoom=0.937|bounds
639,760.2,355.3,yolo,0.46,684.5,540.0,363.6,0.0,641.8,1140.9,1,228.3,0,1,shot_pb=1.00|flight_commit=1.00|keepin_prop=0.01|keepin_zoom=1.350|edge_zoom=0.926|bounds
640,757.1,358.9,yolo,0.43,686.9,540.0,367.3,0.0,639.0,1136.1,1,233.8,0,0,shot_pb=1.00|flight_commit=1.00|edge_zoom=0.951|bounds
641,755.1,363.4,interp,0.38,691.0,540.0,372.8,0.0,636.4,1131.4,1,239.9,0,0,shot_pb=1.00|flight_commit=1.00|edge_zoom=0.974|bounds
642,754.2,368.9,yolo,0.39,697.0,540.0,380.0,0.0,634.0,1127.1,1,246.8,0,0,shot_pb=1.00|flight_commit=1.00|edge_zoom=0.975|bounds
643,754.3,375.5,yolo,0.44,704.7,540.0,388.8,0.0,631.9,1123.5,1,254.4,0,0,shot_pb=1.00|flight_commit=1.00|edge_zoom=0.973|bounds
644,755.5,383.2,yolo,0.52,714.1,540.0,398.9,0.0,630.4,1120.7,1,262.6,0,0,shot_pb=1.00|flight_commit=1.00|edge_zoom=0.973|bounds
645,757.8,392.3,yolo,0.52,724.9,540.0,410.2,0.0,629.5,1119.0,1,271.1,0,0,shot_pb=1.00|flight_commit=1.00|edge_zoom=0.977|bounds
646,761.4,402.7,yolo,0.46,737.0,540.0,422.4,0.0,629.2,1118.6,1,279.6,0,0,shot_pb=1.00|flight_commit=1.00|edge_zoom=0.982|bounds
647,766.4,414.8,interp,0.38,750.2,540.0,435.4,0.0,629.6,1119.3,1,287.8,0,0,shot_pb=1.00|flight_commit=1.00|edge_zoom=0.987|bounds
648,772.8,428.6,yolo,0.42,764.4,540.0,449.0,0.0,630.8,1121.3,1,295.6,0,0,shot_pb=1.00|flight_commit=1.00|edge_zoom=0.991|bounds
649,780.7,444.5,yolo,0.44,779.2,540.0,463.0,0.0,632.5,1124.5,1,302.5,0,0,shot_pb=1.00|flight_commit=1.00|edge_zoom=0.996|bounds
650,790.3,462.6,yolo,0.40,794.6,540.0,477.2,0.0,634.8,1128.5,1,299.7,0,0,shot_pb=1.00|flight_commit=1.00|bounds
651,801.9,483.4,yolo,0.38,810.3,540.0,491.6,0.0,637.5,1133.2,1,295.6,0,0,accel_zoom=0.938|shot_pb=1.00|flight_commit=1.00|edge_zoom=0.997|bounds
652,822.1,526.6,centroid,0.22,826.1,540.0,506.0,0.0,640.3,1138.3,1,300.0,0,0,accel_zoom=0.865|shot_pb=1.00|flight_commit=1.00|edge_zoom=0.987|bounds
653,838.4,549.5,centroid,0.23,841.8,540.0,520.2,0.0,643.2,1143.5,1,300.6,0,0,accel_zoom=0.865|shot_pb=1.00|flight_commit=1.00|edge_zoom=0.970|bounds
654,855.4,570.7,centroid,0.23,857.1,540.0,534.1,0.0,646.0,1148.5,1,302.3,0,0,accel_zoom=0.865|shot_pb=1.00|flight_commit=1.00|edge_zoom=0.963|bounds
655,873.0,590.4,centroid,0.23,871.8,540.0,547.5,0.0,648.5,1153.0,1,302.8,0,0,accel_zoom=0.865|shot_pb=1.00|flight_commit=1.00|edge_zoom=0.957|bounds
656,890.9,608.5,centroid,0.24,885.6,540.0,560.2,0.0,650.8,1156.9,1,298.7,0,0,accel_zoom=0.865|shot_pb=1.00|flight_commit=1.00|edge_zoom=0.951|bounds
657,908.8,625.2,centroid,0.24,898.2,540.0,571.9,0.0,652.6,1160.2,1,293.4,0,1,accel_zoom=0.865|shot_pb=1.00|flight_commit=1.00|keepin_prop=0.00|keepin_zoom=1.350|edge_zoom=0.969|bounds
658,926.5,640.4,centroid,0.24,909.3,540.0,582.3,0.0,654.1,1162.8,1,286.8,0,0,accel_zoom=0.865|shot_pb=1.00|flight_commit=1.00|edge_zoom=0.941|bounds
659,943.7,654.0,centroid,0.25,918.6,540.0,591.0,0.0,655.2,1164.7,1,278.9,0,0,shot_pb=1.00|flight_commit=1.00|edge_zoom=0.936|bounds
660,960.1,666.1,centroid,0.25,925.7,540.0,597.7,0.0,655.9,1166.1,1,269.6,0,1,shot_pb=1.00|flight_commit=1.00|keepin_prop=0.01|keepin_zoom=1.350|edge_zoom=0.952|bounds
661,975.2,676.6,centroid,0.25,930.4,540.0,602.1,0.0,656.5,1167.0,1,259.2,0,0,shot_pb=1.00|conf_zoom=0.70|conf_speed=0.83|edge_zoom=0.930|bounds
662,988.8,685.3,centroid,0.26,932.3,540.0,603.9,0.0,656.8,1167.6,1,247.5,0,1,shot_pb=1.00|conf_zoom=0.69|keepin_prop=0.01|keepin_zoom=1.350|conf_speed=0.83|edge_zoom=0.945|bounds
663,1000.5,692.1,centroid,0.26,931.4,540.0,602.9,0.0,657.0,1168.0,1,234.9,0,0,shot_pb=1.00|conf_zoom=0.69|conf_speed=0.83|edge_zoom=0.926|bounds
664,1009.8,696.9,centroid,0.27,927.4,540.0,598.9,0.0,657.1,1168.2,1,221.6,0,1,shot_pb=1.00|conf_zoom=0.69|keepin_prop=0.02|keepin_zoom=1.350|edge_zoom=0.939|bounds
665,1016.4,699.5,centroid,0.27,920.4,540.0,591.8,0.0,657.1,1168.2,1,208.0,0,0,shot_pb=1.00|conf_zoom=0.69|conf_speed=0.83|edge_zoom=0.928|bounds
666,1019.8,699.5,centroid,0.27,910.5,540.0,581.9,0.0,657.1,1168.2,1,194.7,0,1,shot_pb=1.00|conf_zoom=0.69|keepin_prop=0.10|keepin_zoom=1.350|edge_zoom=0.932|bounds
667,1019.7,696.9,centroid,0.28,897.9,540.0,569.3,0.0,657.1,1168.2,1,182.2,0,0,shot_pb=1.00|conf_zoom=0.70|conf_speed=0.83|edge_zoom=0.987|bounds
668,1015.6,691.1,centroid,0.28,883.0,540.0,554.4,0.0,657.1,1168.1,1,171.4,0,0,shot_pb=1.00|flight_commit=1.00|edge_zoom=0.971|bounds
669,1007.1,681.9,centroid,0.28,866.3,540.0,537.8,0.0,657.1,1168.1,1,163.2,0,0,shot_pb=1.00|flight_commit=1.00|edge_zoom=0.972|bounds
670,993.6,668.7,centroid,0.29,848.5,540.0,520.0,0.0,657.1,1168.2,1,158.9,0,0,accel_zoom=0.939|shot_pb=1.00|flight_commit=1.00|edge_zoom=0.976|bounds
671,974.7,651.2,centroid,0.29,830.3,540.0,501.7,0.0,657.1,1168.2,1,159.6,0,0,accel_zoom=0.921|shot_pb=1.00|flight_commit=1.00|edge_zoom=0.982|bounds
672,919.1,599.6,blended,0.67,812.2,540.0,483.6,0.0,657.2,1168.3,1,197.1,0,0,accel_zoom=0.780|shot_pb=1.00|flight_commit=1.00|edge_zoom=0.998|bounds
673,891.6,574.8,blended,0.71,795.1,540.0,466.4,0.0,657.2,1168.4,1,207.5,0,0,accel_zoom=0.780|shot_pb=1.00|flight_commit=1.00|edge_zoom=0.990|bounds
674,866.0,552.1,blended,0.74,779.4,540.0,450.8,0.0,657.3,1168.5,1,217.4,0,0,accel_zoom=0.780|shot_pb=1.00|flight_commit=1.00|flight_boost=1.02|edge_zoom=0.983|bounds
675,842.4,531.7,blended,0.79,765.9,540.0,437.2,0.0,657.3,1168.6,1,227.5,0,0,accel_zoom=0.780|shot_pb=1.00|flight_commit=1.00|flight_boost=1.06|edge_zoom=0.976|bounds
676,824.9,517.7,yolo,0.30,754.9,540.0,426.2,0.0,657.4,1168.6,1,234.0,0,1,shot_pb=1.00|flight_commit=1.00|keepin_prop=0.00|keepin_zoom=1.350|flight_boost=1.05|edge_zoom=0.991|bounds
677,811.5,508.0,yolo,0.33,746.8,540.0,418.1,0.0,657.4,1168.7,1,239.3,0,0,shot_pb=1.00|flight_commit=1.00|edge_zoom=0.966|bounds
678,801.1,501.7,yolo,0.38,741.7,540.0,413.0,0.0,657.4,1168.8,1,244.6,0,1,shot_pb=1.00|flight_commit=1.00|keepin_prop=0.02|keepin_zoom=1.350|edge_zoom=0.984|bounds
679,793.5,498.6,yolo,0.39,739.8,540.0,411.1,0.0,657.5,1168.8,1,250.3,0,0,shot_pb=1.00|flight_commit=1.00|edge_zoom=0.970|bounds
680,788.5,498.7,yolo,0.41,740.9,540.0,412.2,0.0,657.5,1168.9,1,256.4,0,1,shot_pb=1.00|flight_commit=1.00|keepin_prop=0.09|keepin_zoom=1.350|edge_zoom=0.980|bounds
681,786.2,502.0,yolo,0.42,745.0,540.0,416.2,0.0,657.5,1168.9,1,262.8,0,0,shot_pb=1.00|flight_commit=1.00|edge_zoom=0.995|bounds
682,786.3,508.6,yolo,0.37,751.6,540.0,422.8,0.0,657.5,1168.9,1,269.3,0,0,shot_pb=1.00|flight_commit=1.00|edge_zoom=0.989|bounds
683,789.1,518.5,yolo,0.39,760.5,540.0,431.7,0.0,657.5,1168.9,1,275.4,0,0,shot_pb=1.00|flight_commit=1.00|edge_zoom=0.977|bounds
684,794.4,531.9,yolo,0.41,771.1,540.0,442.4,0.0,657.5,1168.9,1,280.7,0,0,shot_pb=1.00|flight_commit=1.00|edge_zoom=0.973|bounds
685,802.5,548.9,yolo,0.37,783.1,540.0,454.4,0.0,657.5,1168.9,1,284.6,0,0,accel_zoom=0.914|shot_pb=1.00|flight_commit=1.00|edge_zoom=0.968|bounds
686,828.3,589.9,centroid,0.22,796.0,540.0,467.3,0.0,657.5,1168.9,1,271.7,0,0,accel_zoom=0.848|shot_pb=1.00|flight_commit=1.00|edge_zoom=0.953|bounds
687,838.5,611.1,centroid,0.23,809.3,540.0,480.6,0.0,657.5,1168.9,1,274.8,0,0,accel_zoom=0.848|shot_pb=1.00|flight_commit=1.00|edge_zoom=0.943|bounds
688,848.1,631.6,centroid,0.23,822.6,540.0,493.9,0.0,657.5,1168.9,1,278.5,0,0,shot_pb=1.00|flight_commit=1.00|edge_zoom=0.935|bounds
689,856.9,651.4,centroid,0.23,835.6,540.0,506.8,0.0,657.5,1168.9,1,282.7,0,0,shot_pb=1.00|flight_commit=1.00|edge_zoom=0.927|bounds
690,865.1,670.6,centroid,0.24,847.9,540.0,519.2,0.0,657.5,1168.9,1,286.8,0,0,shot_pb=1.00|flight_commit=1.00|edge_zoom=0.920|bounds
691,872.9,689.2,centroid,0.24,859.4,540.0,530.7,0.0,657.5,1168.9,1,290.5,0,0,shot_pb=1.00|flight_commit=1.00|edge_zoom=0.913|bounds
692,880.3,707.3,centroid,0.24,870.0,540.0,541.3,0.0,657.5,1168.9,1,293.7,0,0,shot_pb=1.00|flight_commit=1.00|edge_zoom=0.906|bounds
693,887.3,724.9,centroid,0.25,879.6,540.0,550.8,0.0,657.5,1168.9,1,296.3,0,0,shot_pb=1.00|flight_commit=1.00|edge_zoom=0.899|bounds
694,894.2,742.0,centroid,0.25,888.1,540.0,559.3,0.0,657.5,1168.9,1,297.9,1,0,shot_pb=1.00|conf_zoom=0.70|conf_speed=0.83|speed|edge_zoom=0.914|bounds
695,900.9,758.6,centroid,0.25,895.5,540.0,566.7,0.0,657.5,1168.9,1,298.6,1,0,shot_pb=1.00|conf_zoom=0.69|conf_speed=0.83|speed|edge_zoom=0.915|bounds
696,907.6,774.8,centroid,0.26,901.8,540.0,573.1,0.0,657.5,1168.9,1,298.2,1,0,shot_pb=1.00|conf_zoom=0.69|conf_speed=0.83|speed|edge_zoom=0.915|bounds
697,914.3,790.5,centroid,0.26,907.2,540.0,578.4,0.0,657.5,1168.9,1,296.9,1,0,shot_pb=1.00|conf_zoom=0.69|conf_speed=0.83|speed|edge_zoom=0.916|bounds
698,921.2,805.7,centroid,0.27,911.6,540.0,582.8,0.0,657.5,1168.9,1,294.4,1,0,shot_pb=1.00|conf_zoom=0.69|conf_speed=0.83|speed|edge_zoom=0.916|bounds
699,928.4,820.4,centroid,0.27,915.1,540.0,586.3,0.0,657.5,1168.9,1,290.7,1,0,shot_pb=1.00|conf_zoom=0.69|conf_speed=0.83|speed|edge_zoom=0.916|bounds
700,935.8,834.6,centroid,0.27,917.9,540.0,589.1,0.0,657.5,1168.9,1,286.1,1,0,shot_pb=1.00|conf_zoom=0.69|conf_speed=0.83|speed|edge_zoom=0.916|bounds
701,943.7,848.2,centroid,0.28,920.0,540.0,591.2,0.0,657.5,1168.9,1,280.3,1,0,shot_pb=1.00|conf_zoom=0.70|conf_speed=0.83|speed|edge_zoom=0.917|bounds
702,952.1,861.2,centroid,0.28,921.7,540.0,592.9,0.0,657.5,1168.9,1,273.6,1,1,shot_pb=1.00|flight_commit=1.00|keepin_prop=0.00|keepin_zoom=1.350|speed|edge_zoom=0.900|bounds
703,961.0,873.6,centroid,0.28,923.1,540.0,594.4,0.0,657.5,1168.9,1,266.1,1,1,shot_pb=1.00|flight_commit=1.00|keepin_prop=0.00|keepin_zoom=1.350|speed|edge_zoom=0.900|bounds
704,970.5,885.3,centroid,0.29,924.5,540.0,595.7,0.0,657.5,1168.9,1,258.0,1,1,shot_pb=1.00|flight_commit=1.00|keepin_prop=0.01|keepin_zoom=1.350|speed|edge_zoom=0.899|bounds
705,980.5,896.3,centroid,0.29,925.9,540.0,597.2,0.0,657.5,1168.9,1,249.4,1,1,shot_pb=1.00|flight_commit=1.00|keepin_prop=0.02|keepin_zoom=1.350|speed|edge_zoom=0.895|bounds
706,991.0,906.3,centroid,0.29,927.7,540.0,598.9,0.0,657.5,1168.9,1,240.7,1,1,shot_pb=1.00|flight_commit=1.00|keepin_prop=0.04|keepin_zoom=1.350|speed|edge_zoom=0.890|bounds
707,1002.0,915.5,centroid,0.30,929.9,540.0,601.2,0.0,657.5,1168.9,1,231.9,1,1,shot_pb=1.00|flight_commit=1.00|keepin_prop=0.05|keepin_zoom=1.350|speed|edge_zoom=0.885|bounds
708,1013.4,923.5,centroid,0.30,932.7,540.0,604.0,0.0,657.5,1168.9,1,223.3,1,1,shot_pb=1.00|flight_commit=1.00|keepin_prop=0.07|keepin_zoom=1.350|speed|edge_zoom=0.879|bounds
709,1024.6,929.4,centroid,0.30,936.2,540.0,607.4,0.0,657.5,1168.9,1,215.6,1,1,shot_pb=1.00|flight_commit=1.00|keepin_prop=0.09|keepin_zoom=1.350|speed|edge_zoom=0.872|bounds
710,1036.1,934.1,centroid,0.30,940.3,540.0,611.6,0.0,657.5,1168.9,1,208.2,1,1,shot_pb=1.00|flight_commit=1.00|keepin_prop=0.11|keepin_zoom=1.350|speed|edge_zoom=0.867|bounds
711,1047.7,937.9,centroid,0.30,945.1,540.0,616.3,0.0,657.5,1168.9,1,201.4,1,1,shot_pb=1.00|flight_commit=1.00|keepin_prop=0.12|keepin_zoom=1.350|speed|edge_zoom=0.862|bounds
712,1059.5,940.7,centroid,0.30,950.5,540.0,621.7,0.0,657.5,1168.9,1,195.0,1,1,shot_pb=1.00|flight_commit=1.00|keepin_prop=0.13|keepin_zoom=1.350|speed|edge_zoom=0.857|bounds
713,1071.5,942.6,centroid,0.30,956.3,540.0,627.5,0.0,657.5,1168.9,1,188.8,1,1,shot_pb=1.00|flight_commit=1.00|keepin_prop=0.14|keepin_zoom=1.350|speed|edge_zoom=0.853|bounds
714,1083.3,943.7,centroid,0.30,962.5,540.0,633.7,0.0,657.5,1168.9,1,183.2,1,1,shot_pb=1.00|flight_commit=1.00|keepin_prop=0.15|keepin_zoom=1.350|speed|edge_zoom=0.850|bounds
715,1095.1,943.9,centroid,0.30,968.9,540.0,640.1,0.0,657.5,1168.9,1,177.8,1,1,shot_pb=1.00|flight_commit=1.00|keepin_prop=0.16|keepin_zoom=1.350|speed|edge_zoom=0.848|bounds
716,1106.6,943.3,centroid,0.30,975.3,540.0,646.5,0.0,657.5,1168.9,1,172.7,1,1,shot_pb=1.00|flight_commit=1.00|pb_zfit|keepin_prop=0.17|keepin_zoom=1.350|speed|edge_zoom=0.846|bounds
717,1117.6,941.9,centroid,0.30,981.5,540.0,652.8,0.0,657.5,1168.9,1,167.9,1,1,shot_pb=1.00|flight_commit=1.00|pb_zfit|keepin_prop=0.17|keepin_zoom=1.350|speed|edge_zoom=0.845|bounds
718,1128.0,939.6,centroid,0.30,987.4,540.0,658.6,0.0,657.5,1168.9,1,163.4,1,1,shot_pb=1.00|flight_commit=1.00|pb_zfit|keepin_prop=0.17|keepin_zoom=1.350|speed|edge_zoom=0.845|bounds
719,1137.5,936.4,centroid,0.30,992.6,540.0,663.8,0.0,657.5,1168.9,1,159.1,1,1,shot_pb=1.00|flight_commit=1.00|pb_zfit|keepin_prop=0.17|keepin_zoom=1.350|speed|edge_zoom=0.845|bounds
720,1146.0,932.2,centroid,0.30,996.9,540.0,668.1,0.0,657.5,1168.9,1,154.9,1,1,shot_pb=1.00|flight_commit=1.00|pb_zfit|keepin_prop=0.17|keepin_zoom=1.350|speed|edge_zoom=0.845|bounds
721,1153.2,927.1,centroid,0.30,1000.1,540.0,671.3,0.0,657.5,1168.9,1,150.9,1,1,shot_pb=1.00|flight_commit=1.00|pb_zfit|keepin_prop=0.17|keepin_zoom=1.350|speed|edge_zoom=0.845|bounds
722,1158.8,920.8,centroid,0.30,1001.9,540.0,673.1,0.0,657.5,1168.9,1,147.1,1,1,shot_pb=1.00|flight_commit=1.00|pb_zfit|keepin_prop=0.17|keepin_zoom=1.350|speed|edge_zoom=0.846|bounds
723,1162.5,913.3,centroid,0.30,1001.9,540.0,673.2,0.0,657.5,1168.9,1,143.4,1,1,shot_pb=1.00|flight_commit=1.00|pb_zfit|keepin_prop=0.16|keepin_zoom=1.350|speed|edge_zoom=0.849|bounds
724,1164.1,904.4,centroid,0.30,1000.0,540.0,671.2,0.0,657.5,1168.9,1,139.9,1,1,shot_pb=1.00|flight_commit=1.00|pb_zfit|keepin_prop=0.14|keepin_zoom=1.350|speed|edge_zoom=0.854|bounds
725,1163.3,894.0,centroid,0.30,995.8,540.0,667.0,0.0,657.5,1168.9,1,136.5,1,1,shot_pb=1.00|flight_commit=1.00|pb_zfit|keepin_prop=0.12|keepin_zoom=1.350|speed|edge_zoom=0.863|bounds
726,1159.8,882.0,centroid,0.30,989.0,540.0,660.3,0.0,657.5,1168.9,1,133.2,1,1,shot_pb=1.00|flight_commit=1.00|pb_zfit|keepin_prop=0.09|keepin_zoom=1.350|speed|edge_zoom=0.873|bounds
727,1153.4,868.0,centroid,0.30,979.6,540.0,650.9,0.0,657.5,1168.9,1,130.2,1,1,shot_pb=1.00|flight_commit=1.00|pb_zfit|keepin_prop=0.06|keepin_zoom=1.350|speed|edge_zoom=0.883|bounds
728,1143.6,852.0,centroid,0.30,967.5,540.0,638.7,0.0,657.5,1168.9,1,127.9,1,1,shot_pb=1.00|flight_commit=1.00|pb_zfit|keepin_prop=0.03|keepin_zoom=1.350|speed|edge_zoom=0.892|bounds
729,1130.2,833.5,centroid,0.30,952.5,540.0,623.8,0.0,657.5,1168.9,1,126.3,1,1,accel_zoom=0.935|shot_pb=1.00|flight_commit=1.00|keepin_prop=0.01|keepin_zoom=1.350|speed|edge_zoom=0.898|bounds
730,1113.0,812.3,centroid,0.30,935.0,540.0,606.2,0.0,657.5,1168.9,1,126.0,0,1,accel_zoom=0.922|shot_pb=1.00|flight_commit=1.00|keepin_prop=0.00|keepin_zoom=1.350|edge_zoom=0.897|bounds
731,1091.6,788.0,centroid,0.30,915.0,540.0,586.2,0.0,657.5,1168.9,1,127.4,0,0,accel_zoom=0.909|shot_pb=1.00|flight_commit=1.00|edge_zoom=0.932|bounds
732,1065.9,760.2,centroid,0.30,892.9,540.0,564.1,0.0,657.5,1168.9,1,131.0,0,0,accel_zoom=0.894|shot_pb=1.00|flight_commit=1.00|edge_zoom=0.942|bounds
733,1035.5,728.5,centroid,0.30,869.2,540.0,540.5,0.0,657.5,1168.9,1,137.7,0,0,accel_zoom=0.877|shot_pb=1.00|flight_commit=1.00|edge_zoom=0.954|bounds
734,1000.2,692.3,centroid,0.30,844.4,540.0,515.7,0.0,657.5,1168.9,1,148.2,0,0,accel_zoom=0.860|shot_pb=1.00|flight_commit=1.00|flight_boost=1.02|edge_zoom=0.968|bounds
735,923.5,609.1,blended,0.80,819.1,540.0,490.3,0.0,657.5,1168.8,1,199.6,0,0,accel_zoom=0.780|shot_pb=1.00|flight_commit=1.00|flight_boost=1.30|bounds
736,888.2,572.5,yolo,0.32,793.8,540.0,465.1,0.0,657.4,1168.7,1,209.6,0,0,accel_zoom=0.780|shot_pb=1.00|flight_commit=1.00|flight_boost=1.36|edge_zoom=0.986|bounds
737,856.6,540.6,interp,0.38,769.0,540.0,440.4,0.0,657.3,1168.6,1,216.4,0,0,accel_zoom=0.780|shot_pb=1.00|flight_commit=1.00|flight_boost=1.38|edge_zoom=0.975|bounds
738,828.1,512.6,interp,0.38,745.4,540.0,416.7,0.0,657.2,1168.4,1,221.3,0,0,accel_zoom=0.780|shot_pb=1.00|flight_commit=1.00|flight_boost=1.37|edge_zoom=0.964|bounds
739,802.5,488.0,yolo,0.30,723.2,540.0,394.6,0.0,657.1,1168.2,1,224.7,0,0,accel_zoom=0.780|shot_pb=1.00|flight_commit=1.00|flight_boost=1.32|edge_zoom=0.955|bounds
740,779.0,466.5,interp,0.38,702.7,540.0,374.3,0.0,657.0,1167.9,1,227.7,0,0,accel_zoom=0.780|shot_pb=1.00|flight_commit=1.00|flight_boost=1.06|edge_zoom=0.948|bounds
741,758.3,448.5,blended,0.79,684.2,540.0,355.9,0.0,656.8,1167.6,1,229.9,0,0,accel_zoom=0.780|shot_pb=1.00|flight_commit=1.00|edge_zoom=0.945|bounds
742,738.9,430.7,interp,0.38,667.7,540.0,339.5,0.0,656.5,1167.1,1,232.8,0,0,accel_zoom=0.780|shot_pb=1.00|flight_commit=1.00|edge_zoom=0.941|bounds
743,721.8,415.9,interp,0.38,653.2,540.0,325.1,0.0,656.3,1166.7,1,235.4,0,0,shot_pb=1.00|flight_commit=1.00|edge_zoom=0.938|bounds
744,706.1,402.9,interp,0.38,640.4,540.0,312.4,0.0,656.0,1166.3,1,238.3,0,0,shot_pb=1.00|flight_commit=1.00|edge_zoom=0.935|bounds
745,691.7,391.4,interp,0.38,629.2,540.0,301.3,0.0,655.8,1165.9,1,241.5,0,0,shot_pb=1.00|flight_commit=1.00|edge_zoom=0.933|bounds
746,678.2,381.4,interp,0.38,619.3,540.0,291.5,0.0,655.6,1165.5,1,245.1,0,0,shot_pb=1.00|flight_commit=1.00|edge_zoom=0.931|bounds
747,665.7,372.6,interp,0.38,610.4,540.0,282.7,0.0,655.5,1165.3,1,248.7,0,0,shot_pb=1.00|flight_commit=0.88|edge_zoom=0.930|bounds
748,653.8,364.8,interp,0.38,602.2,540.0,274.4,0.0,655.5,1165.2,1,252.4,0,0,shot_pb=0.00|flight_commit=0.35|edge_zoom=0.970|bounds
749,642.6,358.1,interp,0.38,594.3,540.0,266.6,0.0,655.5,1165.3,1,255.7,0,0,flight_commit=0.74|person_ctx=4|edge_zoom=0.927|bounds
750,632.0,352.2,interp,0.38,586.7,540.0,258.9,0.0,655.6,1165.5,1,258.7,0,0,flight_commit=0.95|edge_zoom=0.924|bounds
751,621.8,347.0,interp,0.38,579.0,540.0,251.1,0.0,655.8,1165.8,1,261.2,0,0,flight_commit=1.00|edge_zoom=0.922|bounds
752,612.0,342.5,interp,0.38,571.3,540.0,243.3,0.0,656.0,1166.2,1,263.3,0,0,flight_commit=1.00|edge_zoom=0.920|bounds
753,602.6,338.5,interp,0.38,563.4,540.0,235.2,0.0,656.3,1166.7,1,264.8,0,0,shot_pb=0.40|flight_commit=1.00|edge_zoom=0.919|bounds
754,593.6,335.1,interp,0.38,555.4,540.0,227.1,0.0,656.5,1167.1,1,265.8,0,0,shot_pb=0.60|flight_commit=1.00|edge_zoom=0.918|bounds
755,585.0,332.1,interp,0.38,547.4,540.0,219.0,0.0,656.7,1167.5,1,266.4,0,0,shot_pb=0.80|flight_commit=1.00|edge_zoom=0.918|bounds
756,576.7,329.6,interp,0.38,539.5,540.0,211.0,0.0,656.9,1167.9,1,266.8,0,0,shot_pb=1.00|flight_commit=1.00|edge_zoom=0.918|bounds
757,568.8,327.4,interp,0.38,531.8,540.0,203.2,0.0,657.1,1168.2,1,267.0,0,0,shot_pb=1.00|flight_commit=1.00|edge_zoom=0.915|bounds
758,561.4,325.5,interp,0.38,524.4,540.0,195.8,0.0,657.2,1168.4,1,267.0,0,0,shot_pb=1.00|flight_commit=1.00|edge_zoom=0.914|bounds
759,554.3,323.9,interp,0.38,517.5,540.0,188.9,0.0,657.3,1168.6,1,267.2,0,0,shot_pb=1.00|flight_commit=1.00|edge_zoom=0.914|bounds
760,547.8,322.5,interp,0.38,511.1,540.0,182.4,0.0,657.4,1168.7,1,267.3,0,0,shot_pb=1.00|flight_commit=1.00|edge_zoom=0.913|bounds
761,541.9,321.4,interp,0.38,505.2,540.0,176.5,0.0,657.5,1168.8,1,267.3,0,1,shot_pb=1.00|flight_commit=1.00|keepin_prop=0.01|keepin_zoom=1.350|edge_zoom=0.916|bounds
762,536.6,320.4,interp,0.38,499.8,540.0,171.0,0.0,657.5,1168.9,1,267.2,0,0,shot_pb=1.00|flight_commit=1.00|edge_zoom=0.913|bounds
763,532.1,319.7,interp,0.38,494.8,540.0,166.0,0.0,657.5,1168.9,1,266.7,0,1,shot_pb=1.00|flight_commit=1.00|keepin_prop=0.01|keepin_zoom=1.350|edge_zoom=0.916|bounds
764,528.3,319.1,interp,0.38,490.1,540.0,161.3,0.0,657.5,1168.9,1,265.8,0,0,shot_pb=1.00|flight_commit=1.00|edge_zoom=0.912|bounds
765,532.1,318.9,interp,0.38,485.6,540.0,156.8,0.0,657.5,1168.9,1,257.5,0,0,shot_pb=1.00|flight_commit=1.00|edge_zoom=0.915|bounds
766,529.4,318.5,interp,0.38,481.2,540.0,152.4,0.0,657.5,1168.9,1,255.8,0,0,shot_pb=1.00|flight_commit=1.00|edge_zoom=0.913|bounds
767,526.1,318.2,interp,0.38,476.7,540.0,147.9,0.0,657.5,1168.9,1,254.6,0,0,shot_pb=1.00|flight_commit=1.00|edge_zoom=0.914|bounds
768,522.2,318.0,interp,0.38,472.1,540.0,143.3,0.0,657.5,1168.9,1,253.9,0,1,shot_pb=1.00|flight_commit=1.00|keepin_prop=0.02|keepin_zoom=1.350|edge_zoom=0.914|bounds
769,517.6,317.8,interp,0.38,467.2,540.0,138.4,0.0,657.5,1168.9,1,253.6,0,0,shot_pb=1.00|flight_commit=1.00|edge_zoom=0.915|bounds
770,512.3,317.7,interp,0.38,462.0,540.0,133.2,0.0,657.5,1168.9,1,253.7,0,1,shot_pb=1.00|flight_commit=1.00|keepin_prop=0.04|keepin_zoom=1.350|edge_zoom=0.912|bounds
771,506.1,317.7,interp,0.38,456.4,540.0,127.6,0.0,657.5,1168.9,1,254.3,0,0,shot_pb=1.00|flight_commit=1.00|edge_zoom=0.916|bounds
772,499.0,317.7,interp,0.38,450.5,540.0,121.8,0.0,657.5,1168.9,1,255.5,0,1,shot_pb=1.00|flight_commit=1.00|keepin_prop=0.07|keepin_zoom=1.350|edge_zoom=0.907|bounds
773,490.8,317.8,interp,0.38,444.4,540.0,115.6,0.0,657.5,1168.9,1,257.6,0,1,shot_pb=1.00|flight_commit=1.00|keepin_prop=0.00|keepin_zoom=1.350|edge_zoom=0.916|bounds
774,481.4,317.9,interp,0.38,438.0,540.0,109.3,0.0,657.5,1168.9,1,260.6,0,0,shot_pb=1.00|flight_commit=1.00|edge_zoom=0.916|bounds
775,470.7,318.1,interp,0.38,431.6,540.0,102.8,0.0,657.5,1168.8,1,264.9,0,1,shot_pb=1.00|flight_commit=1.00|keepin_prop=0.06|keepin_zoom=1.350|edge_zoom=0.909|bounds
776,458.5,318.4,interp,0.38,425.2,540.0,96.5,0.0,657.4,1168.7,1,270.7,0,0,shot_pb=1.00|flight_commit=1.00|edge_zoom=0.917|bounds
777,431.2,318.7,interp,0.38,419.0,540.0,90.4,0.0,657.3,1168.6,1,291.8,0,1,accel_zoom=0.919|shot_pb=1.00|flight_commit=1.00|keepin_prop=0.03|keepin_zoom=1.350|edge_zoom=0.912|bounds
778,418.4,319.1,interp,0.38,413.3,540.0,84.7,0.0,657.2,1168.4,1,298.9,0,0,shot_pb=1.00|flight_commit=1.00|edge_zoom=0.918|bounds
779,407.1,319.6,interp,0.38,408.3,540.0,79.8,0.0,657.1,1168.1,1,302.8,0,1,shot_pb=1.00|flight_commit=1.00|keepin_prop=0.07|keepin_zoom=1.350|edge_zoom=0.908|bounds
780,397.1,320.3,interp,0.38,404.2,540.0,75.8,0.0,656.9,1167.8,1,296.9,0,1,shot_pb=1.00|flight_commit=1.00|keepin_prop=0.00|keepin_zoom=1.350|edge_zoom=0.917|bounds
781,388.5,321.0,interp,0.38,401.3,540.0,73.0,0.0,656.7,1167.4,1,291.2,0,0,shot_pb=1.00|flight_commit=1.00|edge_zoom=0.920|bounds
782,381.3,321.8,interp,0.38,399.8,540.0,71.6,0.0,656.4,1167.0,1,285.5,0,1,shot_pb=1.00|flight_commit=1.00|keepin_prop=0.06|keepin_zoom=1.350|edge_zoom=0.911|bounds
783,375.4,322.8,interp,0.38,400.0,540.0,71.9,0.0,656.2,1166.5,1,279.4,0,1,shot_pb=1.00|flight_commit=1.00|keepin_prop=0.00|keepin_zoom=1.350|edge_zoom=0.918|bounds
784,370.7,323.9,interp,0.38,402.0,540.0,74.0,0.0,655.9,1166.1,1,272.7,0,0,shot_pb=1.00|flight_commit=1.00|edge_zoom=0.926|bounds
785,367.4,325.2,interp,0.38,405.9,540.0,78.1,0.0,655.7,1165.6,1,265.5,0,1,shot_pb=1.00|flight_commit=1.00|keepin_prop=0.05|keepin_zoom=1.350|edge_zoom=0.913|bounds
786,365.3,326.7,interp,0.38,411.7,540.0,84.0,0.0,655.4,1165.2,1,257.6,0,0,shot_pb=1.00|flight_commit=1.00|edge_zoom=0.939|bounds
787,364.6,328.4,interp,0.38,419.4,540.0,91.8,0.0,655.3,1165.0,1,249.2,0,0,shot_pb=1.00|flight_commit=1.00|edge_zoom=0.965|bounds
788,365.2,330.2,interp,0.38,428.8,540.0,101.2,0.0,655.2,1164.9,1,240.4,0,0,shot_pb=1.00|flight_commit=1.00|edge_zoom=0.953|bounds
789,365.9,342.5,blended,0.68,439.7,540.0,112.1,0.0,655.3,1164.9,1,230.2,0,0,shot_pb=1.00|flight_commit=1.00|edge_zoom=0.969|bounds
790,369.9,342.0,blended,0.68,451.7,540.0,124.0,0.0,655.4,1165.1,1,222.2,0,0,shot_pb=1.00|flight_commit=1.00|edge_zoom=0.921|bounds
791,377.7,329.9,interp,0.50,464.5,540.0,136.7,0.0,655.6,1165.4,1,217.2,1,0,shot_pb=1.00|flight_commit=1.00|speed|edge_zoom=0.901|bounds
792,385.5,327.7,interp,0.50,477.8,540.0,149.9,0.0,655.8,1165.8,1,211.7,0,0,shot_pb=1.00|flight_commit=1.00|edge_zoom=0.911|bounds
793,394.2,325.8,interp,0.50,491.2,540.0,163.2,0.0,656.1,1166.3,1,207.0,0,1,shot_pb=1.00|flight_commit=1.00|keepin_prop=0.08|keepin_zoom=1.350|edge_zoom=0.909|bounds
794,403.9,324.1,interp,0.50,504.6,540.0,176.4,0.0,656.3,1166.8,1,203.3,0,1,shot_pb=1.00|flight_commit=1.00|keepin_prop=0.00|keepin_zoom=1.350|edge_zoom=0.918|bounds
795,414.2,322.6,interp,0.50,517.7,540.0,189.4,0.0,656.6,1167.3,1,200.5,0,0,shot_pb=1.00|flight_commit=1.00|edge_zoom=0.913|bounds
796,425.1,321.3,interp,0.50,530.4,540.0,202.0,0.0,656.8,1167.7,1,198.7,0,1,shot_pb=1.00|flight_commit=1.00|keepin_prop=0.04|keepin_zoom=1.350|edge_zoom=0.912|bounds
797,436.5,320.0,interp,0.50,542.7,540.0,214.2,0.0,657.0,1168.0,1,197.8,0,0,shot_pb=1.00|flight_commit=1.00|edge_zoom=0.913|bounds
798,448.3,319.0,interp,0.50,554.6,540.0,226.1,0.0,657.2,1168.3,1,197.7,0,1,shot_pb=1.00|flight_commit=1.00|keepin_prop=0.08|keepin_zoom=1.350|edge_zoom=0.906|bounds
799,460.4,318.0,interp,0.50,566.2,540.0,237.6,0.0,657.3,1168.5,1,198.2,0,1,shot_pb=1.00|flight_commit=1.00|keepin_prop=0.00|keepin_zoom=1.350|edge_zoom=0.916|bounds
800,472.8,317.1,interp,0.50,577.5,540.0,248.8,0.0,657.4,1168.7,1,199.3,0,0,shot_pb=1.00|flight_commit=1.00|edge_zoom=0.913|bounds
801,485.3,316.3,interp,0.50,588.4,540.0,259.7,0.0,657.4,1168.8,1,200.9,0,1,shot_pb=1.00|flight_commit=1.00|keepin_prop=0.01|keepin_zoom=1.350|edge_zoom=0.914|bounds
802,497.9,315.5,interp,0.50,599.2,540.0,270.5,0.0,657.5,1168.8,1,202.7,0,0,shot_pb=1.00|flight_commit=1.00|edge_zoom=0.913|bounds
803,510.6,314.9,interp,0.50,609.8,540.0,281.0,0.0,657.5,1168.9,1,204.8,0,1,shot_pb=1.00|flight_commit=1.00|keepin_prop=0.00|keepin_zoom=1.350|edge_zoom=0.915|bounds
804,523.3,314.2,interp,0.50,620.2,540.0,291.4,0.0,657.5,1168.9,1,207.1,0,0,shot_pb=1.00|flight_commit=1.00|edge_zoom=0.913|bounds
805,536.0,313.7,interp,0.50,630.3,540.0,301.5,0.0,657.5,1168.9,1,209.7,0,0,shot_pb=1.00|flight_commit=1.00|edge_zoom=0.913|bounds
806,548.7,313.2,interp,0.50,640.2,540.0,311.4,0.0,657.5,1168.9,1,212.5,0,0,shot_pb=1.00|flight_commit=1.00|edge_zoom=0.913|bounds
807,561.2,312.7,interp,0.50,649.8,540.0,321.1,0.0,657.5,1168.9,1,215.4,0,0,shot_pb=1.00|flight_commit=1.00|edge_zoom=0.913|bounds
808,573.7,312.3,interp,0.50,659.2,540.0,330.5,0.0,657.5,1168.9,1,218.5,0,0,shot_pb=1.00|flight_commit=1.00|edge_zoom=0.913|bounds
809,586.0,311.9,interp,0.50,668.4,540.0,339.6,0.0,657.5,1168.9,1,221.6,0,0,shot_pb=1.00|flight_commit=1.00|edge_zoom=0.913|bounds
810,598.2,311.5,interp,0.50,677.3,540.0,348.6,0.0,657.5,1168.9,1,224.9,0,0,shot_pb=1.00|flight_commit=1.00|edge_zoom=0.913|bounds
811,610.2,311.2,interp,0.50,686.1,540.0,357.4,0.0,657.5,1168.9,1,228.1,0,0,shot_pb=1.00|flight_commit=1.00|edge_zoom=0.913|bounds
812,622.1,310.8,interp,0.50,694.8,540.0,366.1,0.0,657.5,1168.9,1,231.3,0,0,shot_pb=1.00|flight_commit=1.00|person_ctx=4|edge_zoom=0.913|bounds
813,633.7,310.6,interp,0.50,703.5,540.0,374.7,0.0,657.5,1168.9,1,234.2,0,0,shot_pb=1.00|flight_commit=1.00|edge_zoom=0.913|bounds
814,645.1,310.3,interp,0.50,712.0,540.0,383.3,0.0,657.5,1168.9,1,237.1,0,0,shot_pb=1.00|flight_commit=1.00|edge_zoom=0.913|bounds
815,656.3,310.0,interp,0.50,720.6,540.0,391.8,0.0,657.5,1168.9,1,239.7,0,0,shot_pb=1.00|flight_commit=1.00|edge_zoom=0.913|bounds
816,667.3,309.8,interp,0.50,729.1,540.0,400.4,0.0,657.5,1168.9,1,242.2,0,0,shot_pb=1.00|flight_commit=1.00|edge_zoom=0.913|bounds
817,678.1,309.5,interp,0.50,737.6,540.0,408.8,0.0,657.5,1168.9,1,244.5,0,0,shot_pb=1.00|flight_commit=1.00|person_ctx=4|edge_zoom=0.912|bounds
818,688.6,309.3,interp,0.50,745.9,540.0,417.1,0.0,657.5,1168.9,1,246.7,0,0,shot_pb=1.00|flight_commit=1.00|edge_zoom=0.912|bounds
819,698.8,309.1,interp,0.50,753.9,540.0,425.2,0.0,657.5,1168.9,1,248.9,0,0,shot_pb=1.00|flight_commit=1.00|edge_zoom=0.912|bounds
820,708.8,308.9,interp,0.50,761.8,540.0,433.0,0.0,657.5,1168.9,1,251.0,0,0,shot_pb=1.00|flight_commit=1.00|edge_zoom=0.912|bounds
821,718.5,308.8,interp,0.50,769.3,540.0,440.5,0.0,657.5,1168.9,1,253.2,0,0,shot_pb=1.00|flight_commit=1.00|edge_zoom=0.912|bounds
822,728.0,308.6,interp,0.50,776.4,540.0,447.7,0.0,657.5,1168.9,1,255.6,0,1,shot_pb=1.00|flight_commit=1.00|keepin_prop=0.01|keepin_zoom=1.350|edge_zoom=0.912|bounds
823,737.2,308.4,interp,0.50,783.2,540.0,454.5,0.0,657.5,1168.9,1,258.0,0,0,shot_pb=1.00|flight_commit=1.00|edge_zoom=0.912|bounds
824,746.2,308.3,interp,0.50,789.6,540.0,460.8,0.0,657.5,1168.9,1,260.6,0,1,shot_pb=1.00|flight_commit=1.00|keepin_prop=0.00|keepin_zoom=1.350|edge_zoom=0.912|bounds
825,754.8,308.2,interp,0.50,795.6,540.0,466.9,0.0,657.5,1168.9,1,263.2,0,0,shot_pb=1.00|flight_commit=1.00|edge_zoom=0.912|bounds
826,763.2,308.0,interp,0.50,801.3,540.0,472.6,0.0,657.5,1168.9,1,265.9,0,1,shot_pb=1.00|flight_commit=1.00|keepin_prop=0.01|keepin_zoom=1.350|edge_zoom=0.910|bounds
827,771.3,307.9,interp,0.50,806.7,540.0,478.0,0.0,657.5,1168.9,1,268.6,0,0,shot_pb=1.00|flight_commit=1.00|edge_zoom=0.912|bounds
828,779.2,307.8,interp,0.50,811.9,540.0,483.1,0.0,657.5,1168.9,1,271.3,0,1,shot_pb=1.00|flight_commit=1.00|keepin_prop=0.05|keepin_zoom=1.350|edge_zoom=0.906|bounds
829,786.7,307.7,interp,0.50,816.9,540.0,488.1,0.0,657.5,1168.9,1,273.8,0,1,shot_pb=1.00|flight_commit=1.00|keepin_prop=0.00|keepin_zoom=1.350|edge_zoom=0.912|bounds
830,794.0,307.6,interp,0.50,821.7,540.0,492.9,0.0,657.5,1168.9,1,276.3,0,0,shot_pb=1.00|flight_commit=1.00|edge_zoom=0.912|bounds
831,801.0,307.5,interp,0.50,826.4,540.0,497.6,0.0,657.5,1168.9,1,278.6,0,1,shot_pb=1.00|flight_commit=1.00|keepin_prop=0.06|keepin_zoom=1.350|edge_zoom=0.904|bounds
832,807.8,307.4,interp,0.50,830.9,540.0,502.2,0.0,657.5,1168.9,1,280.9,0,1,shot_pb=1.00|flight_commit=1.00|keepin_prop=0.00|keepin_zoom=1.350|edge_zoom=0.912|bounds
833,814.2,307.3,interp,0.50,835.5,540.0,506.7,0.0,657.5,1168.9,1,282.7,0,0,shot_pb=1.00|flight_commit=1.00|edge_zoom=0.912|bounds
834,820.4,307.3,interp,0.50,839.9,540.0,511.1,0.0,657.5,1168.9,1,284.5,0,1,shot_pb=1.00|flight_commit=1.00|keepin_prop=0.07|keepin_zoom=1.350|edge_zoom=0.903|bounds
835,826.3,307.2,interp,0.50,844.2,540.0,515.5,0.0,657.5,1168.9,1,286.1,0,1,shot_pb=1.00|flight_commit=1.00|keepin_prop=0.00|keepin_zoom=1.350|edge_zoom=0.912|bounds
836,831.9,307.2,interp,0.50,848.5,540.0,519.7,0.0,657.5,1168.9,1,287.4,0,0,shot_pb=1.00|flight_commit=1.00|edge_zoom=0.912|bounds
837,837.2,307.1,interp,0.50,852.7,540.0,523.9,0.0,657.5,1168.9,1,288.5,0,1,shot_pb=1.00|flight_commit=1.00|keepin_prop=0.07|keepin_zoom=1.350|edge_zoom=0.903|bounds
838,842.3,307.1,interp,0.50,856.7,540.0,527.9,0.0,657.5,1168.9,1,289.6,0,1,shot_pb=1.00|flight_commit=1.00|keepin_prop=0.00|keepin_zoom=1.350|edge_zoom=0.911|bounds
839,847.1,307.1,interp,0.50,860.6,540.0,531.9,0.0,657.5,1168.9,1,290.5,0,0,shot_pb=1.00|flight_commit=1.00|edge_zoom=0.912|bounds
840,851.6,307.1,interp,0.50,864.4,540.0,535.6,0.0,657.5,1168.9,1,291.2,0,1,shot_pb=1.00|flight_commit=1.00|keepin_prop=0.08|keepin_zoom=1.350|edge_zoom=0.902|bounds
841,855.9,307.1,interp,0.50,868.0,540.0,539.3,0.0,657.5,1168.9,1,291.9,0,1,shot_pb=1.00|flight_commit=1.00|keepin_prop=0.00|keepin_zoom=1.350|edge_zoom=0.911|bounds
842,859.9,307.2,interp,0.50,871.5,540.0,542.7,0.0,657.5,1168.9,1,292.4,0,0,shot_pb=1.00|flight_commit=1.00|edge_zoom=0.912|bounds
843,863.6,307.2,interp,0.50,874.8,540.0,546.0,0.0,657.5,1168.9,1,292.8,0,1,shot_pb=1.00|flight_commit=1.00|keepin_prop=0.09|keepin_zoom=1.350|edge_zoom=0.900|bounds
844,867.1,307.3,interp,0.50,877.9,540.0,549.1,0.0,657.5,1168.9,1,293.2,0,1,shot_pb=1.00|flight_commit=1.00|keepin_prop=0.01|keepin_zoom=1.350|edge_zoom=0.911|bounds
845,870.4,307.4,interp,0.50,880.8,540.0,552.1,0.0,657.5,1168.9,1,293.6,0,0,shot_pb=1.00|flight_commit=1.00|edge_zoom=0.913|bounds
846,873.4,307.5,interp,0.50,883.5,540.0,554.8,0.0,657.5,1168.8,1,293.9,0,1,shot_pb=1.00|flight_commit=1.00|keepin_prop=0.10|keepin_zoom=1.350|edge_zoom=0.900|bounds
847,876.2,307.6,interp,0.50,886.0,540.0,557.3,0.0,657.4,1168.8,1,294.2,0,1,shot_pb=1.00|flight_commit=1.00|keepin_prop=0.01|keepin_zoom=1.350|edge_zoom=0.911|bounds
848,878.8,307.7,interp,0.50,888.2,540.0,559.5,0.0,657.4,1168.7,1,294.6,0,0,shot_pb=1.00|flight_commit=1.00|edge_zoom=0.914|bounds
849,881.1,307.9,interp,0.50,890.1,540.0,561.4,0.0,657.3,1168.5,1,295.0,0,1,shot_pb=1.00|flight_commit=1.00|keepin_prop=0.11|keepin_zoom=1.350|edge_zoom=0.899|bounds
850,883.3,308.1,interp,0.50,891.6,540.0,563.0,0.0,657.2,1168.3,1,295.7,0,1,shot_pb=1.00|flight_commit=1.00|keepin_prop=0.01|keepin_zoom=1.350|edge_zoom=0.911|bounds
851,885.3,308.4,interp,0.50,892.6,540.0,564.0,0.0,657.0,1168.0,1,296.7,0,0,shot_pb=1.00|flight_commit=1.00|edge_zoom=0.917|bounds
852,887.1,308.7,interp,0.50,893.0,540.0,564.5,0.0,656.8,1167.7,1,298.1,0,1,shot_pb=1.00|flight_commit=1.00|keepin_prop=0.11|keepin_zoom=1.350|edge_zoom=0.899|bounds
853,888.7,309.0,interp,0.50,892.6,540.0,564.3,0.0,656.6,1167.3,1,300.1,0,1,shot_pb=1.00|flight_commit=1.00|keepin_prop=0.01|keepin_zoom=1.350|edge_zoom=0.911|bounds
854,890.3,309.4,yolo,0.28,891.4,540.0,563.2,0.0,656.3,1166.7,1,302.9,0,0,shot_pb=1.00|flight_commit=1.00|edge_zoom=0.921|bounds
855,891.8,309.8,yolo,0.31,889.1,540.0,561.1,0.0,656.0,1166.2,1,301.3,0,1,shot_pb=1.00|flight_commit=1.00|keepin_prop=0.09|keepin_zoom=1.350|edge_zoom=0.901|bounds
856,893.4,310.4,yolo,0.40,885.6,540.0,557.8,0.0,655.7,1165.6,1,296.2,0,1,shot_pb=1.00|flight_commit=1.00|keepin_prop=0.01|keepin_zoom=1.350|edge_zoom=0.912|bounds
857,895.0,311.1,yolo,0.39,880.8,540.0,553.1,0.0,655.3,1165.1,1,289.8,0,0,shot_pb=1.00|flight_commit=1.00|edge_zoom=0.927|bounds
858,896.2,311.9,interp,0.38,874.7,540.0,547.1,0.0,655.1,1164.6,1,282.5,0,1,shot_pb=1.00|flight_commit=1.00|keepin_prop=0.05|keepin_zoom=1.350|edge_zoom=0.908|bounds
859,897.2,312.6,yolo,0.35,867.2,540.0,539.8,0.0,654.9,1164.2,1,274.0,0,0,shot_pb=1.00|flight_commit=1.00|edge_zoom=0.935|bounds
860,898.2,313.4,yolo,0.39,858.5,540.0,531.1,0.0,654.7,1163.9,1,264.3,0,1,shot_pb=1.00|flight_commit=1.00|keepin_prop=0.04|keepin_zoom=1.350|edge_zoom=0.910|bounds
861,898.6,314.1,yolo,0.37,848.7,540.0,521.3,0.0,654.7,1163.9,1,254.1,0,0,shot_pb=1.00|flight_commit=1.00|edge_zoom=0.943|bounds
862,898.0,314.7,interp,0.38,838.0,540.0,510.6,0.0,654.8,1164.0,1,244.0,0,0,shot_pb=1.00|flight_commit=1.00|edge_zoom=0.938|bounds
863,896.7,315.2,yolo,0.37,826.8,540.0,499.3,0.0,654.9,1164.3,1,234.1,0,0,shot_pb=1.00|flight_commit=1.00|edge_zoom=0.928|bounds
864,894.5,315.7,yolo,0.45,815.3,540.0,487.7,0.0,655.2,1164.7,1,224.8,0,0,shot_pb=1.00|flight_commit=1.00|edge_zoom=0.922|bounds
865,891.2,316.3,interp,0.38,803.7,540.0,476.0,0.0,655.5,1165.3,1,216.5,0,1,shot_pb=1.00|flight_commit=1.00|keepin_prop=0.09|keepin_zoom=1.350|edge_zoom=0.904|bounds
866,887.0,316.9,yolo,0.42,792.4,540.0,464.5,0.0,655.8,1165.8,1,209.4,0,1,shot_pb=1.00|flight_commit=1.00|keepin_prop=0.01|keepin_zoom=1.350|edge_zoom=0.915|bounds
867,881.5,317.7,interp,0.38,781.4,540.0,453.3,0.0,656.1,1166.4,1,203.9,0,0,shot_pb=1.00|flight_commit=1.00|edge_zoom=0.920|bounds
868,875.2,318.5,interp,0.38,770.8,540.0,442.6,0.0,656.4,1166.9,1,199.6,0,1,shot_pb=1.00|flight_commit=1.00|keepin_prop=0.08|keepin_zoom=1.350|edge_zoom=0.907|bounds
869,868.4,319.3,interp,0.38,760.7,540.0,432.4,0.0,656.6,1167.3,1,196.3,0,1,shot_pb=1.00|flight_commit=1.00|keepin_prop=0.00|keepin_zoom=1.350|edge_zoom=0.916|bounds
870,861.0,320.2,interp,0.38,751.1,540.0,422.7,0.0,656.8,1167.6,1,194.1,0,0,shot_pb=1.00|flight_commit=1.00|edge_zoom=0.921|bounds
871,853.2,321.2,interp,0.38,741.9,540.0,413.4,0.0,656.9,1167.8,1,192.7,0,1,shot_pb=1.00|flight_commit=1.00|keepin_prop=0.06|keepin_zoom=1.350|edge_zoom=0.910|bounds
872,845.0,322.3,interp,0.38,733.0,540.0,404.5,0.0,656.9,1167.9,1,192.0,0,1,shot_pb=1.00|flight_commit=1.00|keepin_prop=0.00|keepin_zoom=1.350|edge_zoom=0.918|bounds
873,836.5,323.4,interp,0.38,724.4,540.0,396.0,0.0,656.9,1167.9,1,191.9,0,0,shot_pb=1.00|flight_commit=1.00|edge_zoom=0.923|bounds
874,827.7,324.7,interp,0.38,716.0,540.0,387.6,0.0,656.8,1167.7,1,192.3,0,1,shot_pb=1.00|flight_commit=1.00|keepin_prop=0.05|keepin_zoom=1.350|edge_zoom=0.913|bounds
875,818.8,326.0,interp,0.38,707.8,540.0,379.5,0.0,656.7,1167.4,1,193.0,0,0,shot_pb=1.00|flight_commit=1.00|edge_zoom=0.924|bounds
876,809.7,327.4,interp,0.38,699.8,540.0,371.5,0.0,656.5,1167.1,1,194.1,0,1,shot_pb=1.00|flight_commit=1.00|keepin_prop=0.07|keepin_zoom=1.350|edge_zoom=0.911|bounds
877,800.6,328.9,interp,0.38,691.9,540.0,363.8,0.0,656.3,1166.7,1,195.3,0,0,shot_pb=1.00|flight_commit=1.00|edge_zoom=0.925|bounds
878,791.4,330.6,interp,0.38,684.2,540.0,356.2,0.0,656.1,1166.3,1,196.8,0,1,shot_pb=1.00|flight_commit=1.00|keepin_prop=0.03|keepin_zoom=1.350|edge_zoom=0.917|bounds
879,782.3,332.4,interp,0.38,676.8,540.0,348.9,0.0,655.8,1165.9,1,198.5,0,0,shot_pb=1.00|flight_commit=1.00|edge_zoom=0.927|bounds
880,773.3,334.4,interp,0.38,669.6,540.0,341.8,0.0,655.6,1165.5,1,200.3,0,1,shot_pb=1.00|flight_commit=1.00|keepin_prop=0.00|keepin_zoom=1.350|edge_zoom=0.922|bounds
881,764.4,336.6,interp,0.38,662.8,540.0,335.1,0.0,655.4,1165.1,1,202.4,0,0,shot_pb=1.00|flight_commit=1.00|edge_zoom=0.929|bounds
882,755.7,339.0,interp,0.38,656.3,540.0,328.8,0.0,655.1,1164.6,1,204.6,0,0,shot_pb=1.00|flight_commit=1.00|edge_zoom=0.930|bounds
883,744.7,347.8,blended,0.72,650.3,540.0,322.9,0.0,654.8,1164.1,1,209.6,0,0,shot_pb=1.00|flight_commit=1.00|edge_zoom=0.939|bounds
884,737.7,349.6,blended,0.72,644.8,540.0,317.5,0.0,654.4,1163.4,1,211.1,0,0,shot_pb=1.00|flight_commit=1.00|edge_zoom=0.932|bounds
885,732.0,348.7,blended,0.73,639.7,540.0,312.8,0.0,653.9,1162.4,1,211.7,0,0,shot_pb=1.00|flight_commit=1.00|edge_zoom=0.925|bounds
886,729.1,341.6,interp,0.38,635.3,540.0,308.8,0.0,653.1,1161.0,1,210.2,0,0,shot_pb=1.00|flight_commit=1.00|edge_zoom=0.910|bounds
887,724.0,340.4,yolo,0.30,631.4,540.0,305.5,0.0,651.9,1158.9,1,211.4,0,0,shot_pb=1.00|flight_commit=1.00|edge_zoom=0.921|bounds
888,718.9,339.4,interp,0.38,628.2,540.0,303.0,0.0,650.3,1156.1,1,213.3,0,0,shot_pb=1.00|flight_commit=1.00|edge_zoom=0.921|bounds
889,714.0,338.5,yolo,0.35,625.5,540.0,301.4,0.0,648.2,1152.4,1,215.5,0,0,shot_pb=1.00|flight_commit=1.00|edge_zoom=0.921|bounds
890,708.9,337.6,yolo,0.36,623.4,540.0,300.6,0.0,645.5,1147.6,1,218.5,0,0,shot_pb=1.00|flight_commit=1.00|edge_zoom=0.921|bounds
891,704.3,337.0,interp,0.38,622.0,540.0,300.8,0.0,642.4,1142.0,1,221.7,0,0,shot_pb=1.00|flight_commit=1.00|edge_zoom=0.922|bounds
892,700.0,336.4,interp,0.38,621.1,540.0,301.7,0.0,638.8,1135.6,1,225.1,0,0,shot_pb=1.00|flight_commit=1.00|edge_zoom=0.922|bounds
893,695.8,335.9,yolo,0.32,620.8,540.0,303.4,0.0,634.9,1128.7,1,229.0,0,0,shot_pb=1.00|flight_commit=1.00|edge_zoom=0.922|bounds
894,691.5,335.6,yolo,0.43,621.2,540.0,305.7,0.0,631.0,1121.7,1,233.7,0,0,shot_pb=1.00|flight_commit=1.00|edge_zoom=0.922|bounds
895,687.9,335.3,interp,0.38,622.1,540.0,308.5,0.0,627.2,1115.0,1,238.2,0,0,shot_pb=1.00|flight_commit=1.00|edge_zoom=0.922|bounds
896,684.6,335.0,interp,0.38,623.5,540.0,311.6,0.0,623.8,1109.0,1,242.9,0,0,shot_pb=1.00|flight_commit=1.00|edge_zoom=0.922|bounds
897,681.6,334.8,yolo,0.40,625.5,540.0,315.0,0.0,621.0,1104.0,1,247.9,0,0,shot_pb=1.00|flight_commit=0.91|edge_zoom=0.922|bounds
898,678.7,334.6,yolo,0.40,628.1,540.0,318.6,0.0,619.0,1100.4,1,253.4,0,0,shot_pb=1.00|flight_commit=0.81|edge_zoom=0.922|bounds
899,676.3,334.6,yolo,0.41,631.2,540.0,322.3,0.0,617.8,1098.2,1,258.9,0,0,shot_pb=1.00|flight_commit=0.74|edge_zoom=0.922|bounds
900,674.7,334.6,interp,0.38,634.8,540.0,326.1,0.0,617.4,1097.6,1,264.1,0,0,flight_commit=0.70|edge_zoom=0.915|bounds
901,673.6,334.6,yolo,0.38,638.9,540.0,330.0,0.0,617.9,1098.4,1,269.3,0,0,flight_commit=0.25|conf_zoom=0.98|conf_speed=0.99|edge_zoom=0.920|bounds
902,672.9,334.6,yolo,0.35,643.6,540.0,334.1,0.0,619.1,1100.6,1,274.7,0,0,conf_zoom=0.80|conf_speed=0.89|edge_zoom=0.948|bounds
903,673.0,334.7,yolo,0.37,648.9,540.0,338.5,0.0,620.9,1103.9,1,279.9,0,1,conf_zoom=0.80|keepin_prop=0.00|keepin_zoom=1.350|conf_speed=0.89|bounds
904,674.0,334.8,interp,0.38,654.9,540.0,343.2,0.0,623.2,1107.9,1,284.9,0,0,conf_zoom=0.80|conf_speed=0.89|bounds
905,675.8,335.1,interp,0.38,661.5,540.0,348.6,0.0,625.8,1112.5,1,289.7,0,0,shot_pb=0.81|conf_zoom=0.80|conf_speed=0.89|bounds
906,678.3,335.3,interp,0.38,668.8,540.0,354.6,0.0,628.5,1117.3,1,294.5,0,0,shot_pb=0.00|conf_zoom=0.80|conf_speed=0.89|edge_zoom=0.919|bounds
907,681.7,335.7,interp,0.38,677.0,540.0,361.4,0.0,631.2,1122.1,1,299.3,0,0,shot_pb=0.00|conf_zoom=0.80|conf_speed=0.89|edge_zoom=0.959|bounds
908,686.0,336.2,yolo,0.35,686.0,540.0,369.2,0.0,633.7,1126.6,1,304.0,0,0,shot_pb=0.00|conf_zoom=0.79|conf_speed=0.89|edge_zoom=0.951|bounds
909,691.7,336.7,interp,0.38,696.0,540.0,378.0,0.0,636.0,1130.6,1,299.7,0,0,shot_pb=0.00|conf_zoom=0.79|conf_speed=0.89|edge_zoom=0.921|bounds
910,698.3,337.3,interp,0.38,706.8,540.0,387.8,0.0,637.9,1134.1,1,295.5,0,0,shot_pb=0.00|flight_commit=0.05|conf_zoom=0.92|conf_speed=0.96|edge_zoom=0.921|bounds
911,705.9,338.1,yolo,0.36,718.6,540.0,398.8,0.0,639.5,1137.0,1,291.3,0,0,shot_pb=0.00|flight_commit=0.20|conf_zoom=0.96|conf_speed=0.98|edge_zoom=0.922|bounds
912,715.6,338.8,yolo,0.32,731.2,540.0,410.8,0.0,640.9,1139.3,1,288.4,0,0,shot_pb=0.00|flight_commit=0.42|edge_zoom=0.922|bounds
913,725.7,340.1,interp,0.38,744.8,540.0,423.8,0.0,641.9,1141.2,1,284.9,0,0,flight_commit=0.61|edge_zoom=0.923|bounds
914,736.5,341.8,interp,0.38,759.2,540.0,437.8,0.0,642.8,1142.8,1,281.3,0,0,flight_commit=0.79|edge_zoom=0.925|bounds
915,748.2,343.9,yolo,0.32,774.5,540.0,452.6,0.0,643.6,1144.2,1,277.7,0,0,flight_commit=0.96|edge_zoom=0.926|bounds
916,760.5,346.7,interp,0.38,790.5,540.0,468.2,0.0,644.5,1145.8,1,274.0,0,0,flight_commit=1.00|edge_zoom=0.928|bounds
917,773.5,350.0,interp,0.38,807.2,540.0,484.5,0.0,645.4,1147.4,1,270.3,0,0,shot_pb=0.40|flight_commit=1.00|edge_zoom=0.930|bounds
918,787.5,353.9,interp,0.38,824.7,540.0,501.4,0.0,646.5,1149.4,1,266.8,0,0,shot_pb=0.60|flight_commit=1.00|edge_zoom=0.932|bounds
919,802.6,358.6,interp,0.38,842.7,540.0,518.9,0.0,647.7,1151.5,1,263.9,0,0,shot_pb=0.80|flight_commit=1.00|edge_zoom=0.935|bounds
920,818.7,364.0,interp,0.38,861.4,540.0,536.9,0.0,649.0,1153.8,1,261.3,0,0,shot_pb=1.00|flight_commit=1.00|edge_zoom=0.938|bounds
921,836.2,370.4,interp,0.38,880.7,540.0,555.5,0.0,650.4,1156.2,1,259.5,0,0,accel_zoom=0.937|shot_pb=1.00|flight_commit=1.00|edge_zoom=0.942|bounds
922,855.0,377.8,interp,0.38,900.5,540.0,574.7,0.0,651.7,1158.6,1,258.5,0,0,accel_zoom=0.937|shot_pb=1.00|flight_commit=1.00|edge_zoom=0.948|bounds
923,875.4,386.3,interp,0.38,920.8,540.0,594.4,0.0,652.9,1160.7,1,258.6,0,1,accel_zoom=0.935|shot_pb=1.00|flight_commit=1.00|keepin_prop=0.02|keepin_zoom=1.350|edge_zoom=0.938|bounds
924,897.5,396.2,interp,0.38,941.6,540.0,614.7,0.0,654.0,1162.7,1,259.9,0,0,accel_zoom=0.931|shot_pb=1.00|flight_commit=1.00|edge_zoom=0.958|bounds
925,921.7,407.5,yolo,0.31,962.9,540.0,635.4,0.0,654.9,1164.3,1,262.8,0,1,accel_zoom=0.926|shot_pb=1.00|flight_commit=1.00|keepin_prop=0.00|keepin_zoom=1.350|edge_zoom=0.948|bounds
926,951.5,420.3,yolo,0.35,984.4,540.0,656.6,0.0,655.6,1165.6,1,271.1,0,0,accel_zoom=0.909|shot_pb=1.00|flight_commit=1.00|edge_zoom=0.967|bounds
927,982.1,435.2,yolo,0.32,1006.2,540.0,678.1,0.0,656.2,1166.6,1,279.9,0,0,accel_zoom=0.907|shot_pb=1.00|flight_commit=1.00|edge_zoom=0.974|bounds
928,1016.2,455.8,interp,0.38,1028.1,540.0,699.8,0.0,656.7,1167.4,1,292.1,0,1,accel_zoom=0.892|shot_pb=1.00|flight_commit=1.00|keepin_prop=0.00|keepin_zoom=1.350|edge_zoom=0.967|bounds
929,1050.8,477.9,yolo,0.29,1050.0,540.0,721.5,0.0,657.0,1167.9,1,303.2,0,0,accel_zoom=0.891|shot_pb=1.00|flight_commit=1.00|edge_zoom=0.994|bounds
930,1083.1,500.0,interp,0.38,1071.6,540.0,743.0,0.0,657.2,1168.3,1,292.5,0,0,accel_zoom=0.891|shot_pb=1.00|flight_commit=1.00|flight_boost=1.00|edge_zoom=0.997|bounds
931,1114.9,522.7,interp,0.38,1092.9,540.0,764.2,0.0,657.3,1168.6,1,282.0,0,0,accel_zoom=0.891|shot_pb=1.00|flight_commit=1.00|flight_boost=1.02|edge_zoom=0.988|bounds
932,1145.8,545.8,interp,0.38,1113.6,540.0,784.9,0.0,657.4,1168.8,1,271.8,0,0,accel_zoom=0.891|shot_pb=1.00|flight_commit=1.00|flight_boost=1.04|edge_zoom=0.979|bounds
933,1175.4,568.8,interp,0.38,1133.6,540.0,804.8,0.0,657.5,1168.9,1,262.2,0,1,accel_zoom=0.891|shot_pb=1.00|flight_commit=1.00|keepin_prop=0.00|keepin_zoom=1.350|flight_boost=1.03|edge_zoom=0.990|bounds
934,1203.4,591.6,interp,0.38,1152.7,540.0,823.9,0.0,657.5,1168.9,1,253.3,0,0,accel_zoom=0.891|shot_pb=1.00|flight_commit=1.00|flight_boost=1.01|edge_zoom=0.960|bounds
935,1229.5,613.7,yolo,0.29,1170.8,540.0,842.1,0.0,657.5,1168.9,1,245.3,0,0,accel_zoom=0.891|shot_pb=1.00|flight_commit=1.00|edge_zoom=0.950|bounds
936,1249.2,633.0,interp,0.38,1188.0,540.0,859.2,0.0,657.5,1168.9,1,242.8,0,0,accel_zoom=0.891|shot_pb=1.00|flight_commit=1.00|edge_zoom=0.941|bounds
937,1267.0,651.5,interp,0.38,1204.0,540.0,875.2,0.0,657.5,1168.9,1,241.0,0,1,shot_pb=1.00|flight_commit=1.00|pb_zfit|keepin_prop=0.00|keepin_zoom=1.350|edge_zoom=0.958|bounds
938,1283.6,669.4,yolo,0.29,1218.9,540.0,890.1,0.0,657.5,1168.9,1,239.3,0,0,shot_pb=1.00|flight_commit=1.00|pb_zfit|edge_zoom=0.926|bounds
939,1303.3,689.1,yolo,0.30,1232.6,540.0,903.8,0.0,657.5,1168.9,1,233.3,0,0,accel_zoom=0.912|shot_pb=1.00|flight_commit=1.00|pb_zfit|edge_zoom=0.919|bounds
940,1320.2,705.2,interp,0.38,1245.1,540.0,916.4,0.0,657.5,1168.9,1,228.9,0,1,shot_pb=1.00|flight_commit=1.00|pb_zfit|keepin_prop=0.00|keepin_zoom=1.350|edge_zoom=0.938|bounds
941,1335.9,720.4,interp,0.38,1256.5,540.0,927.8,0.0,657.5,1168.9,1,224.6,0,0,shot_pb=1.00|flight_commit=1.00|pb_zfit|edge_zoom=0.908|bounds
942,1350.4,735.1,interp,0.38,1266.7,540.0,937.9,0.0,657.5,1168.9,1,220.3,0,0,shot_pb=1.00|flight_commit=1.00|pb_zfit|edge_zoom=0.902|bounds
943,1363.6,749.3,interp,0.38,1275.6,540.0,946.8,0.0,657.5,1168.9,1,216.0,0,1,shot_pb=1.00|flight_commit=1.00|pb_zfit|keepin_prop=0.00|keepin_zoom=1.350|edge_zoom=0.921|bounds
944,1373.2,769.5,interp,0.38,1283.2,540.0,954.5,0.0,657.5,1168.9,1,214.0,1,0,shot_pb=1.00|flight_commit=1.00|pb_zfit|speed|edge_zoom=0.899|bounds
945,1383.2,782.8,interp,0.38,1289.5,540.0,960.7,0.0,657.5,1168.9,1,210.3,1,0,shot_pb=1.00|flight_commit=1.00|pb_zfit|speed|edge_zoom=0.899|bounds
946,1392.2,794.2,interp,0.38,1294.3,540.0,965.5,0.0,657.5,1168.9,1,206.1,1,0,shot_pb=1.00|flight_commit=1.00|pb_zfit|speed|edge_zoom=0.899|bounds
947,1400.2,803.7,interp,0.38,1297.6,540.0,968.9,0.0,657.5,1168.9,1,201.4,1,1,shot_pb=1.00|flight_commit=1.00|pb_zfit|keepin_prop=0.00|keepin_zoom=1.350|speed|edge_zoom=0.900|bounds
948,1407.2,811.4,interp,0.38,1299.4,540.0,970.6,0.0,657.5,1168.9,1,196.2,1,0,shot_pb=1.00|flight_commit=1.00|pb_zfit|speed|edge_zoom=0.900|bounds
949,1413.2,817.0,interp,0.38,1299.5,540.0,970.7,0.0,657.5,1168.9,1,190.3,1,1,shot_pb=1.00|flight_commit=1.00|pb_zfit|keepin_prop=0.00|keepin_zoom=1.350|speed|edge_zoom=0.900|bounds
950,1418.1,820.5,interp,0.38,1297.9,540.0,969.2,0.0,657.5,1168.9,1,183.8,1,0,shot_pb=1.00|flight_commit=1.00|pb_zfit|speed|edge_zoom=0.900|bounds
951,1422.1,821.8,interp,0.38,1294.6,540.0,965.9,0.0,657.5,1168.9,1,176.5,0,1,shot_pb=1.00|flight_commit=1.00|pb_zfit|keepin_prop=0.06|keepin_zoom=1.350|edge_zoom=0.884|bounds
952,1425.0,820.7,interp,0.38,1289.6,540.0,960.8,0.0,657.5,1168.9,1,168.6,1,1,shot_pb=1.00|flight_commit=1.00|pb_zfit|keepin_prop=0.00|keepin_zoom=1.350|speed|edge_zoom=0.901|bounds
953,1427.0,817.2,interp,0.38,1282.8,540.0,954.0,0.0,657.5,1168.9,1,159.8,1,1,shot_pb=1.00|flight_commit=1.00|pb_zfit|keepin_prop=0.00|keepin_zoom=1.350|speed|edge_zoom=0.901|bounds
954,1427.8,811.0,interp,0.38,1274.2,540.0,945.5,0.0,657.5,1168.9,1,150.4,1,1,shot_pb=1.00|flight_commit=1.00|pb_zfit|keepin_prop=0.00|keepin_zoom=1.350|speed|edge_zoom=0.901|bounds
955,1427.6,802.0,interp,0.38,1263.9,540.0,935.1,0.0,657.5,1168.9,1,140.3,1,1,shot_pb=1.00|flight_commit=1.00|pb_zfit|keepin_prop=0.00|keepin_zoom=1.350|speed|edge_zoom=0.901|bounds
956,1426.2,789.8,interp,0.38,1251.9,540.0,923.1,0.0,657.5,1168.9,1,129.7,0,0,shot_pb=1.00|flight_commit=1.00|pb_zfit|edge_zoom=0.939|bounds
957,1423.5,774.3,interp,0.38,1238.2,540.0,909.4,0.0,657.5,1168.9,1,118.7,0,0,shot_pb=1.00|flight_commit=1.00|pb_zfit|edge_zoom=0.950|bounds
958,1434.1,743.7,yolo,0.37,1223.0,540.0,894.2,0.0,657.5,1168.9,1,92.9,0,0,shot_pb=1.00|flight_commit=1.00|pb_zfit|edge_zoom=0.957|bounds
959,1420.4,720.3,yolo,0.33,1206.4,540.0,877.7,0.0,657.5,1168.9,1,90.0,0,0,accel_zoom=0.926|shot_pb=1.00|flight_commit=1.00|pb_zfit|edge_zoom=0.961|bounds
960,1402.5,695.7,yolo,0.32,1188.7,540.0,860.0,0.0,657.5,1168.9,1,90.2,0,0,accel_zoom=0.917|shot_pb=1.00|flight_commit=1.00|pb_zfit|edge_zoom=0.969|bounds
961,1383.3,671.3,interp,0.38,1170.2,540.0,841.4,0.0,657.5,1168.9,1,90.9,0,0,accel_zoom=0.917|shot_pb=1.00|flight_commit=1.00|pb_zfit|edge_zoom=0.977|bounds
962,1361.3,646.7,interp,0.38,1151.0,540.0,822.2,0.0,657.5,1168.9,1,93.7,0,0,accel_zoom=0.915|shot_pb=1.00|flight_commit=1.00|pb_zfit|edge_zoom=0.987|bounds
963,1337.0,622.3,interp,0.38,1131.7,540.0,802.9,0.0,657.5,1168.9,1,98.7,0,0,accel_zoom=0.912|shot_pb=1.00|flight_commit=1.00|pb_zfit|edge_zoom=0.995|bounds
964,1310.9,598.2,interp,0.38,1112.6,540.0,783.8,0.0,657.5,1168.9,1,105.7,0,0,accel_zoom=0.910|shot_pb=1.00|flight_commit=1.00|pb_zfit|edge_zoom=0.999|bounds
965,1283.2,574.8,interp,0.38,1094.1,540.0,765.4,0.0,657.5,1168.9,1,114.9,0,0,accel_zoom=0.908|shot_pb=1.00|flight_commit=1.00|pb_zfit|edge_zoom=0.991|bounds
966,1254.3,552.4,yolo,0.30,1076.8,540.0,748.1,0.0,657.4,1168.8,1,126.5,0,0,accel_zoom=0.908|shot_pb=1.00|flight_commit=1.00|edge_zoom=0.984|bounds
967,1213.0,528.8,blended,0.79,1061.1,540.0,732.4,0.0,657.4,1168.7,1,152.1,0,1,accel_zoom=0.870|shot_pb=1.00|flight_commit=1.00|keepin_prop=0.00|keepin_zoom=1.350|flight_boost=1.01|edge_zoom=0.995|bounds
968,1183.9,509.9,interp,0.38,1047.3,540.0,718.7,0.0,657.3,1168.4,1,167.4,0,0,accel_zoom=0.870|shot_pb=1.00|flight_commit=1.00|flight_boost=1.01|edge_zoom=0.969|bounds
969,1158.1,498.2,blended,0.76,1036.0,540.0,707.5,0.0,657.1,1168.2,1,181.9,0,0,accel_zoom=0.870|shot_pb=1.00|flight_commit=1.00|edge_zoom=0.969|bounds
970,1139.3,486.1,blended,0.74,1027.4,540.0,699.0,0.0,656.9,1167.8,1,192.1,0,1,shot_pb=1.00|flight_commit=1.00|keepin_prop=0.01|keepin_zoom=1.350|edge_zoom=0.978|bounds
971,1125.8,474.7,blended,0.75,1021.8,540.0,693.5,0.0,656.6,1167.2,1,200.0,0,0,shot_pb=1.00|flight_commit=1.00|edge_zoom=0.952|bounds
972,1114.5,461.6,interp,0.38,1019.4,540.0,691.3,0.0,656.2,1166.5,1,208.9,0,0,shot_pb=1.00|flight_commit=1.00|edge_zoom=0.943|bounds
973,1107.8,457.7,blended,0.77,1020.1,540.0,692.3,0.0,655.7,1165.7,1,216.3,0,1,shot_pb=1.00|flight_commit=1.00|keepin_prop=0.04|keepin_zoom=1.350|edge_zoom=0.966|bounds
974,1102.9,450.3,blended,0.79,1023.9,540.0,696.4,0.0,655.1,1164.6,1,225.0,0,0,shot_pb=1.00|flight_commit=1.00|edge_zoom=0.936|bounds
975,1100.4,446.9,interp,0.38,1030.7,540.0,703.5,0.0,654.5,1163.5,1,234.3,0,0,shot_pb=1.00|flight_commit=1.00|edge_zoom=0.936|bounds
976,1100.6,446.5,blended,0.79,1040.1,540.0,713.2,0.0,653.8,1162.3,1,243.5,0,0,shot_pb=1.00|flight_commit=1.00|edge_zoom=0.933|bounds
977,1103.4,447.9,interp,0.38,1051.6,540.0,725.1,0.0,653.1,1161.0,1,252.2,0,0,shot_pb=1.00|flight_commit=1.00|edge_zoom=0.979|bounds
978,1108.7,451.8,interp,0.38,1065.0,540.0,738.8,0.0,652.5,1159.9,1,260.3,0,0,shot_pb=1.00|flight_commit=1.00|edge_zoom=0.986|bounds
979,1116.0,457.5,interp,0.38,1079.8,540.0,753.8,0.0,651.9,1159.0,1,267.8,0,0,shot_pb=1.00|flight_commit=1.00|edge_zoom=0.988|bounds
980,1125.2,464.9,interp,0.38,1095.5,540.0,769.8,0.0,651.5,1158.3,1,274.3,0,1,shot_pb=1.00|flight_commit=1.00|keepin_prop=0.00|keepin_zoom=1.350|edge_zoom=0.980|bounds
981,1136.4,474.1,interp,0.38,1111.9,540.0,786.2,0.0,651.4,1158.0,1,279.5,0,0,shot_pb=1.00|flight_commit=1.00|edge_zoom=0.996|bounds
982,1149.4,484.9,interp,0.38,1128.6,540.0,802.9,0.0,651.4,1158.0,1,283.2,0,1,shot_pb=1.00|flight_commit=1.00|keepin_prop=0.00|keepin_zoom=1.350|edge_zoom=0.985|bounds
983,1164.2,497.3,interp,0.38,1145.3,540.0,819.5,0.0,651.6,1158.4,1,285.1,0,0,shot_pb=1.00|flight_commit=1.00|edge_zoom=0.995|bounds
984,1180.8,511.4,interp,0.38,1161.8,540.0,835.8,0.0,652.0,1159.1,1,285.0,0,0,accel_zoom=0.942|shot_pb=1.00|flight_commit=1.00|edge_zoom=0.992|bounds
985,1199.4,527.3,interp,0.38,1178.1,540.0,851.8,0.0,652.6,1160.1,1,282.7,0,1,accel_zoom=0.936|shot_pb=1.00|flight_commit=1.00|keepin_prop=0.00|keepin_zoom=1.350|edge_zoom=0.996|bounds
986,1221.0,547.2,blended,0.76,1193.8,540.0,867.2,0.0,653.2,1161.3,1,276.8,0,0,accel_zoom=0.923|shot_pb=1.00|flight_commit=1.00|edge_zoom=0.975|bounds
987,1246.2,567.1,interp,0.38,1208.9,540.0,881.9,0.0,653.9,1162.5,1,266.7,0,0,accel_zoom=0.914|shot_pb=1.00|flight_commit=1.00|edge_zoom=0.969|bounds
988,1273.8,590.5,yolo,0.29,1222.9,540.0,895.6,0.0,654.6,1163.8,1,253.1,0,1,accel_zoom=0.905|shot_pb=1.00|flight_commit=1.00|pb_zfit|keepin_prop=0.00|keepin_zoom=1.350|edge_zoom=0.982|bounds
989,1299.3,612.6,interp,0.38,1235.7,540.0,908.1,0.0,655.3,1164.9,1,240.4,0,0,accel_zoom=0.905|shot_pb=1.00|flight_commit=1.00|pb_zfit|edge_zoom=0.951|bounds
990,1324.7,634.9,interp,0.38,1246.9,540.0,919.0,0.0,655.8,1165.9,1,226.2,0,0,accel_zoom=0.905|shot_pb=1.00|flight_commit=1.00|pb_zfit|edge_zoom=0.942|bounds
991,1349.5,657.8,blended,0.78,1256.2,540.0,928.1,0.0,656.3,1166.7,1,210.7,0,0,accel_zoom=0.905|shot_pb=1.00|flight_commit=1.00|pb_zfit|edge_zoom=0.932|bounds
992,1376.5,682.8,blended,0.75,1263.2,540.0,934.8,0.0,656.7,1167.4,1,190.7,0,0,accel_zoom=0.905|shot_pb=1.00|flight_commit=1.00|pb_zfit|edge_zoom=0.923|bounds
993,1396.9,699.9,interp,0.38,1267.5,540.0,939.0,0.0,656.9,1167.9,1,174.6,0,1,accel_zoom=0.905|shot_pb=1.00|flight_commit=1.00|pb_zfit|keepin_prop=0.01|keepin_zoom=1.350|edge_zoom=0.939|bounds
994,1422.6,723.1,interp,0.38,1269.0,540.0,940.4,0.0,657.2,1168.3,1,150.4,0,0,accel_zoom=0.905|shot_pb=1.00|flight_commit=1.00|pb_zfit|edge_zoom=0.908|bounds
995,1439.7,740.1,interp,0.38,1267.5,540.0,938.9,0.0,657.3,1168.5,1,131.8,0,0,shot_pb=1.00|flight_commit=1.00|pb_zfit|edge_zoom=0.900|bounds
996,1451.7,753.7,interp,0.38,1263.0,540.0,934.3,0.0,657.4,1168.7,1,115.3,0,1,shot_pb=1.00|flight_commit=1.00|pb_zfit|keepin_prop=0.00|keepin_zoom=1.350|edge_zoom=0.919|bounds
997,1458.0,763.5,interp,0.38,1255.5,540.0,926.7,0.0,657.5,1168.8,1,101.5,1,0,shot_pb=1.00|flight_commit=1.00|pb_zfit|speed|edge_zoom=0.897|bounds
998,1438.2,754.7,interp,0.38,1245.1,540.0,916.4,0.0,657.5,1168.9,1,110.9,0,0,accel_zoom=0.911|shot_pb=1.00|flight_commit=1.00|pb_zfit|edge_zoom=0.933|bounds
999,1433.8,757.4,interp,0.38,1232.2,540.0,903.4,0.0,657.5,1168.9,1,102.4,0,0,shot_pb=1.00|flight_commit=1.00|pb_zfit|edge_zoom=0.900|bounds
1000,1427.3,759.0,interp,0.38,1216.9,540.0,888.1,0.0,657.5,1168.9,1,93.6,0,0,shot_pb=1.00|flight_commit=1.00|pb_zfit|edge_zoom=0.909|bounds
1001,1418.5,759.4,interp,0.38,1199.5,540.0,870.7,0.0,657.5,1168.9,1,85.0,0,1,shot_pb=1.00|flight_commit=1.00|pb_zfit|keepin_prop=0.03|keepin_zoom=1.350|edge_zoom=0.913|bounds
1002,1407.2,758.4,interp,0.38,1180.2,540.0,851.4,0.0,657.5,1168.9,1,77.0,0,0,shot_pb=1.00|flight_commit=1.00|pb_zfit|edge_zoom=0.920|bounds
1003,1393.1,755.9,interp,0.38,1159.3,540.0,830.5,0.0,657.5,1168.9,1,70.2,0,1,shot_pb=1.00|flight_commit=1.00|pb_zfit|keepin_prop=0.03|keepin_zoom=1.350|edge_zoom=0.915|bounds
1004,1375.8,751.7,interp,0.38,1136.9,540.0,808.1,0.0,657.5,1168.9,1,65.1,0,0,shot_pb=1.00|flight_commit=1.00|pb_zfit|edge_zoom=0.928|bounds
1005,1354.9,745.5,interp,0.38,1113.2,540.0,784.4,0.0,657.5,1168.9,1,62.3,0,1,accel_zoom=0.939|shot_pb=1.00|flight_commit=1.00|pb_zfit|keepin_prop=0.02|keepin_zoom=1.350|edge_zoom=0.920|bounds
1006,1330.0,737.2,interp,0.38,1088.4,540.0,759.6,0.0,657.5,1168.9,1,62.4,0,0,accel_zoom=0.927|shot_pb=1.00|flight_commit=1.00|pb_zfit|edge_zoom=0.936|bounds
1007,1300.5,726.5,interp,0.38,1062.7,540.0,734.0,0.0,657.5,1168.9,1,66.2,0,1,accel_zoom=0.913|shot_pb=1.00|flight_commit=1.00|pb_zfit|keepin_prop=0.00|keepin_zoom=1.350|edge_zoom=0.929|bounds
1008,1262.8,713.6,blended,0.72,1036.5,540.0,707.7,0.0,657.5,1168.9,1,77.7,0,0,accel_zoom=0.891|shot_pb=1.00|flight_commit=1.00|pb_zfit|edge_zoom=0.945|bounds
1009,1209.1,686.9,yolo,0.29,1010.0,540.0,681.2,0.0,657.5,1168.9,1,104.9,0,0,accel_zoom=0.826|shot_pb=1.00|flight_commit=1.00|edge_zoom=0.960|bounds
1010,1159.6,664.7,interp,0.38,983.8,540.0,655.0,0.0,657.5,1168.9,1,128.2,0,0,accel_zoom=0.826|shot_pb=1.00|flight_commit=1.00|flight_boost=1.08|edge_zoom=0.967|bounds
1011,1109.6,642.6,blended,0.78,958.4,540.0,629.6,0.0,657.5,1168.9,1,152.8,0,0,accel_zoom=0.826|shot_pb=1.00|flight_commit=1.00|flight_boost=1.17|edge_zoom=0.975|bounds
1012,1058.2,618.6,interp,0.32,934.5,540.0,605.7,0.0,657.5,1168.9,1,180.3,0,0,accel_zoom=0.826|shot_pb=1.00|flight_commit=1.00|flight_boost=1.26|edge_zoom=0.985|bounds
1013,1009.6,596.5,interp,0.32,912.7,540.0,583.9,0.0,657.5,1168.9,1,207.1,0,0,accel_zoom=0.826|shot_pb=1.00|flight_commit=1.00|flight_boost=1.30|edge_zoom=0.993|bounds
1014,964.5,576.0,interp,0.32,893.9,540.0,565.1,0.0,657.5,1168.9,1,233.4,0,1,accel_zoom=0.826|shot_pb=1.00|flight_commit=1.00|keepin_prop=0.00|keepin_zoom=1.350|flight_boost=1.27|edge_zoom=0.987|bounds
1015,923.6,557.6,interp,0.32,878.6,540.0,549.9,0.0,657.5,1168.9,1,259.0,0,0,accel_zoom=0.826|shot_pb=1.00|flight_commit=1.00|flight_boost=1.24|edge_zoom=0.992|bounds
1016,888.0,541.8,interp,0.32,867.6,540.0,538.9,0.0,657.5,1168.9,1,283.6,0,0,accel_zoom=0.826|shot_pb=1.00|flight_commit=1.00|flight_boost=1.19|edge_zoom=0.986|bounds
1017,858.4,529.0,interp,0.32,861.5,540.0,532.7,0.0,657.5,1168.9,1,300.9,0,1,shot_pb=1.00|flight_commit=1.00|keepin_prop=0.00|keepin_zoom=1.350|flight_boost=1.11|edge_zoom=0.995|bounds
1018,835.5,519.7,interp,0.32,860.6,540.0,531.8,0.0,657.5,1168.9,1,278.9,0,0,shot_pb=1.00|flight_commit=1.00|flight_boost=1.01|edge_zoom=0.978|bounds
1019,820.0,514.1,interp,0.32,865.2,540.0,536.5,0.0,657.5,1168.9,1,258.8,0,1,shot_pb=1.00|flight_commit=1.00|keepin_prop=0.00|keepin_zoom=1.350|edge_zoom=0.989|bounds
1020,812.8,512.7,interp,0.32,875.4,540.0,546.6,0.0,657.5,1168.9,1,241.4,0,0,shot_pb=1.00|flight_commit=1.00|edge_zoom=0.982|bounds
1021,814.6,515.9,interp,0.32,891.0,540.0,562.2,0.0,657.5,1168.9,1,227.6,0,0,shot_pb=1.00|flight_commit=1.00|edge_zoom=0.980|bounds
1022,826.2,524.2,interp,0.32,911.6,540.0,582.9,0.0,657.5,1168.9,1,218.6,0,0,shot_pb=1.00|flight_commit=1.00|edge_zoom=0.987|bounds
1023,848.5,538.1,interp,0.32,936.7,540.0,607.9,0.0,657.5,1168.9,1,215.8,0,0,accel_zoom=0.907|shot_pb=1.00|flight_commit=1.00|edge_zoom=0.984|bounds
1024,882.6,558.0,interp,0.32,965.5,540.0,636.7,0.0,657.5,1168.9,1,221.1,0,0,accel_zoom=0.883|shot_pb=1.00|flight_commit=1.00|edge_zoom=0.977|bounds
1025,929.7,584.8,interp,0.32,997.2,540.0,668.4,0.0,657.5,1168.9,1,236.5,0,0,accel_zoom=0.843|shot_pb=1.00|flight_commit=1.00|edge_zoom=0.967|bounds
1026,1068.3,662.8,centroid,0.27,1030.7,540.0,701.9,0.0,657.5,1168.9,1,266.4,0,0,accel_zoom=0.780|shot_pb=1.00|flight_commit=1.00|flight_boost=1.35|edge_zoom=0.937|bounds
1027,1129.5,695.6,centroid,0.28,1065.1,540.0,736.4,0.0,657.5,1168.9,1,239.6,0,0,accel_zoom=0.780|shot_pb=1.00|flight_commit=1.00|flight_boost=1.52|edge_zoom=0.925|bounds
1028,1187.0,725.6,centroid,0.28,1099.6,540.0,770.8,0.0,657.5,1168.9,1,216.6,0,0,accel_zoom=0.780|shot_pb=1.00|flight_commit=1.00|flight_boost=1.65|edge_zoom=0.914|bounds
1029,1240.8,753.1,centroid,0.28,1133.1,540.0,804.4,0.0,657.5,1168.9,1,196.3,0,0,accel_zoom=0.780|shot_pb=1.00|flight_commit=1.00|flight_boost=1.72|edge_zoom=0.904|bounds
1030,1291.3,778.2,centroid,0.29,1165.2,540.0,836.5,0.0,657.5,1168.9,1,177.9,0,0,accel_zoom=0.780|shot_pb=1.00|flight_commit=1.00|pb_zfit|flight_boost=1.72|edge_zoom=0.894|bounds
1031,1338.4,801.2,centroid,0.29,1195.3,540.0,866.5,0.0,657.5,1168.9,1,160.9,0,0,accel_zoom=0.780|shot_pb=1.00|flight_commit=1.00|pb_zfit|flight_boost=1.38|edge_zoom=0.886|bounds
1032,1382.3,822.2,centroid,0.29,1223.0,540.0,894.2,0.0,657.5,1168.9,1,144.7,0,0,accel_zoom=0.780|shot_pb=1.00|flight_commit=1.00|pb_zfit|flight_boost=1.31|edge_zoom=0.878|bounds
1033,1422.8,841.2,centroid,0.30,1248.2,540.0,919.4,0.0,657.5,1168.9,1,129.4,0,1,accel_zoom=0.780|shot_pb=1.00|flight_commit=1.00|pb_zfit|keepin_prop=0.00|keepin_zoom=1.350|flight_boost=1.25|edge_zoom=0.885|bounds
1034,1459.9,858.3,centroid,0.30,1270.9,540.0,942.2,0.0,657.5,1168.9,1,115.0,1,1,accel_zoom=0.780|shot_pb=1.00|flight_commit=1.00|pb_zfit|keepin_prop=0.00|keepin_zoom=1.350|flight_boost=1.18|speed|edge_zoom=0.885|bounds
1035,1491.3,872.3,centroid,0.30,1291.3,540.0,962.6,0.0,657.5,1168.9,1,104.0,1,1,accel_zoom=0.780|shot_pb=1.00|flight_commit=1.00|pb_zfit|keepin_prop=0.01|keepin_zoom=1.350|flight_boost=1.11|speed|edge_zoom=0.892|bounds
1036,1519.4,884.7,centroid,0.30,1309.6,540.0,980.8,0.0,657.5,1168.9,1,94.2,1,1,accel_zoom=0.780|shot_pb=1.00|flight_commit=1.00|pb_zfit|keepin_prop=0.02|keepin_zoom=1.350|flight_boost=1.04|speed|edge_zoom=0.893|bounds
1037,1544.4,895.6,centroid,0.30,1326.1,540.0,997.3,0.0,657.5,1168.9,1,85.7,1,1,shot_pb=1.00|flight_commit=1.00|pb_zfit|keepin_prop=0.04|keepin_zoom=1.350|speed|edge_zoom=0.890|bounds
1038,1566.6,905.2,centroid,0.30,1341.0,540.0,1012.2,0.0,657.5,1168.9,1,78.4,1,1,shot_pb=1.00|flight_commit=1.00|pb_zfit|keepin_prop=0.05|keepin_zoom=1.350|speed|edge_zoom=0.885|bounds
1039,1586.3,913.7,centroid,0.30,1354.6,540.0,1025.8,0.0,657.5,1168.9,1,72.3,1,1,shot_pb=1.00|flight_commit=1.00|pb_zfit|keepin_prop=0.07|keepin_zoom=1.350|speed|edge_zoom=0.880|bounds
1040,1603.7,921.2,centroid,0.30,1367.1,540.0,1038.4,0.0,657.5,1168.9,1,67.4,1,1,shot_pb=1.00|flight_commit=1.00|pb_zfit|keepin_prop=0.08|keepin_zoom=1.350|speed|edge_zoom=0.875|bounds
1041,1619.0,927.8,centroid,0.30,1378.8,540.0,1050.0,0.0,657.5,1168.9,1,63.8,1,1,shot_pb=1.00|flight_commit=1.00|pb_zfit|keepin_prop=0.09|keepin_zoom=1.350|speed|edge_zoom=0.871|bounds
1042,1632.4,933.8,centroid,0.30,1389.7,540.0,1060.9,0.0,657.5,1168.9,1,61.3,1,1,shot_pb=1.00|flight_commit=1.00|pb_zfit|keepin_prop=0.11|keepin_zoom=1.350|speed|edge_zoom=0.866|bounds
1043,1644.0,939.1,centroid,0.30,1399.8,540.0,1071.1,0.0,657.5,1168.9,1,59.8,1,1,shot_pb=1.00|flight_commit=1.00|pb_zfit|keepin_prop=0.12|keepin_zoom=1.350|speed|edge_zoom=0.862|bounds
1044,1654.0,943.9,centroid,0.30,1409.3,540.0,1080.6,0.0,657.5,1168.9,1,59.3,1,1,shot_pb=1.00|flight_commit=1.00|pb_zfit|keepin_prop=0.13|keepin_zoom=1.350|speed|edge_zoom=0.859|bounds
1045,1662.7,948.2,centroid,0.30,1418.1,540.0,1089.4,0.0,657.5,1168.9,1,59.4,1,1,shot_pb=1.00|flight_commit=1.00|pb_zfit|keepin_prop=0.14|keepin_zoom=1.350|speed|edge_zoom=0.856|bounds
1046,1670.0,952.1,centroid,0.30,1426.2,540.0,1097.5,0.0,657.5,1168.9,1,60.2,1,1,shot_pb=1.00|flight_commit=1.00|pb_zfit|keepin_prop=0.15|keepin_zoom=1.350|speed|edge_zoom=0.853|bounds
1047,1676.2,955.8,centroid,0.30,1433.6,540.0,1104.8,0.0,657.5,1168.9,1,61.4,1,1,shot_pb=1.00|flight_commit=1.00|pb_zfit|keepin_prop=0.15|keepin_zoom=1.350|speed|edge_zoom=0.850|bounds
1048,1681.4,959.1,centroid,0.30,1440.3,540.0,1111.5,0.0,657.5,1168.9,1,62.9,1,1,shot_pb=1.00|flight_commit=1.00|pb_zfit|keepin_prop=0.16|keepin_zoom=1.350|speed|edge_zoom=0.848|bounds
1049,1685.6,962.3,centroid,0.30,1446.2,540.0,1117.5,0.0,657.5,1168.9,1,64.6,1,1,shot_pb=1.00|flight_commit=1.00|pb_zfit|keepin_prop=0.16|keepin_zoom=1.350|speed|edge_zoom=0.847|bounds
1050,1689.0,965.2,centroid,0.30,1451.5,540.0,1122.7,0.0,657.5,1168.9,1,66.5,1,1,shot_pb=1.00|flight_commit=1.00|pb_zfit|keepin_prop=0.17|keepin_zoom=1.350|speed|edge_zoom=0.846|bounds
1051,1691.6,968.0,centroid,0.30,1456.0,540.0,1127.3,0.0,657.5,1168.9,1,68.4,1,1,shot_pb=1.00|flight_commit=1.00|pb_zfit|keepin_prop=0.17|keepin_zoom=1.350|speed|edge_zoom=0.846|bounds
1052,1693.6,970.6,centroid,0.30,1459.9,540.0,1131.2,0.0,657.5,1168.9,1,70.3,1,1,shot_pb=1.00|flight_commit=1.00|pb_zfit|keepin_prop=0.17|keepin_zoom=1.350|speed|edge_zoom=0.845|bounds
1053,1694.9,973.1,centroid,0.30,1463.2,540.0,1134.4,0.0,657.5,1168.9,1,72.3,1,1,shot_pb=1.00|flight_commit=1.00|pb_zfit|keepin_prop=0.17|keepin_zoom=1.350|speed|edge_zoom=0.845|bounds
1054,1695.7,975.6,centroid,0.30,1465.9,540.0,1137.1,0.0,657.5,1168.9,1,74.2,1,1,shot_pb=1.00|flight_commit=1.00|pb_zfit|keepin_prop=0.17|keepin_zoom=1.350|speed|edge_zoom=0.845|bounds
1055,1696.1,977.9,centroid,0.30,1468.0,540.0,1139.3,0.0,657.5,1168.9,1,75.9,1,1,shot_pb=1.00|flight_commit=1.00|pb_zfit|keepin_prop=0.17|keepin_zoom=1.350|speed|edge_zoom=0.844|bounds
1056,1696.0,980.2,centroid,0.30,1469.7,540.0,1140.9,0.0,657.5,1168.9,1,77.7,1,1,shot_pb=1.00|flight_commit=1.00|pb_zfit|keepin_prop=0.18|keepin_zoom=1.350|speed|edge_zoom=0.842|bounds
1057,1695.6,982.4,centroid,0.30,1470.9,540.0,1142.2,0.0,657.5,1168.9,1,79.3,1,1,shot_pb=1.00|flight_commit=1.00|pb_zfit|keepin_prop=0.19|keepin_zoom=1.350|speed|edge_zoom=0.840|bounds
1058,1694.9,984.5,centroid,0.30,1471.8,540.0,1143.0,0.0,657.5,1168.9,1,80.9,1,1,shot_pb=1.00|flight_commit=1.00|pb_zfit|keepin_prop=0.20|keepin_zoom=1.350|speed|edge_zoom=0.836|bounds
1059,1694.0,986.6,centroid,0.30,1472.3,540.0,1143.5,0.0,657.5,1168.9,1,82.3,1,1,shot_pb=1.00|flight_commit=1.00|pb_zfit|keepin_prop=0.21|keepin_zoom=1.350|speed|edge_zoom=0.833|bounds
1060,1692.9,988.6,centroid,0.30,1472.5,540.0,1143.8,0.0,657.5,1168.9,1,83.6,1,1,shot_pb=1.00|flight_commit=1.00|pb_zfit|keepin_prop=0.22|keepin_zoom=1.350|speed|edge_zoom=0.829|bounds
1061,1691.6,990.6,centroid,0.30,1472.5,540.0,1143.8,0.0,657.5,1168.9,1,84.9,1,1,shot_pb=1.00|flight_commit=1.00|pb_zfit|keepin_prop=0.23|keepin_zoom=1.350|speed|edge_zoom=0.825|bounds
1062,1690.1,992.5,centroid,0.30,1472.3,540.0,1143.5,0.0,657.5,1168.9,1,86.2,1,1,shot_pb=1.00|flight_commit=1.00|pb_zfit|keepin_prop=0.24|keepin_zoom=1.350|speed|edge_zoom=0.822|bounds
1063,1688.6,994.3,centroid,0.30,1471.9,540.0,1143.1,0.0,657.5,1168.9,1,87.3,1,1,shot_pb=1.00|flight_commit=1.00|pb_zfit|keepin_prop=0.25|keepin_zoom=1.350|speed|edge_zoom=0.819|bounds
1064,1687.1,996.0,centroid,0.30,1471.4,540.0,1142.6,0.0,657.5,1168.9,1,88.3,1,1,shot_pb=1.00|flight_commit=1.00|pb_zfit|keepin_prop=0.26|keepin_zoom=1.350|speed|edge_zoom=0.816|bounds
1065,1685.5,997.7,centroid,0.30,1470.8,540.0,1142.0,0.0,657.5,1168.9,1,89.3,1,1,shot_pb=1.00|flight_commit=1.00|pb_zfit|keepin_prop=0.26|keepin_zoom=1.350|speed|edge_zoom=0.813|bounds
1066,1684.0,999.3,centroid,0.30,1470.1,540.0,1141.3,0.0,657.5,1168.9,1,90.1,1,1,shot_pb=1.00|flight_commit=1.00|pb_zfit|keepin_prop=0.27|keepin_zoom=1.350|speed|edge_zoom=0.811|bounds
1067,1682.6,1000.8,centroid,0.30,1469.3,540.0,1140.6,0.0,657.5,1168.9,1,90.7,1,1,shot_pb=1.00|flight_commit=1.00|pb_zfit|keepin_prop=0.28|keepin_zoom=1.350|speed|edge_zoom=0.809|bounds
1068,1681.2,1002.2,centroid,0.30,1468.6,540.0,1139.8,0.0,657.5,1168.9,1,91.4,1,1,shot_pb=1.00|flight_commit=1.00|pb_zfit|keepin_prop=0.28|keepin_zoom=1.350|speed|edge_zoom=0.807|bounds
1069,1680.0,1003.6,centroid,0.30,1467.9,540.0,1139.1,0.0,657.5,1168.9,1,91.9,1,1,shot_pb=1.00|flight_commit=1.00|pb_zfit|keepin_prop=0.28|keepin_zoom=1.350|speed|edge_zoom=0.806|bounds
1070,1679.0,1004.9,centroid,0.30,1467.2,540.0,1138.4,0.0,657.5,1168.9,1,92.2,1,1,shot_pb=1.00|flight_commit=1.00|pb_zfit|keepin_prop=0.29|keepin_zoom=1.350|speed|edge_zoom=0.805|bounds
1071,1678.1,1006.0,centroid,0.30,1466.5,540.0,1137.7,0.0,657.5,1168.9,1,92.4,1,1,shot_pb=1.00|flight_commit=1.00|pb_zfit|keepin_prop=0.29|keepin_zoom=1.350|speed|edge_zoom=0.805|bounds
1072,1677.3,1007.1,centroid,0.30,1465.9,540.0,1137.2,0.0,657.5,1168.9,1,92.6,1,1,shot_pb=1.00|flight_commit=1.00|pb_zfit|keepin_prop=0.29|keepin_zoom=1.350|speed|edge_zoom=0.805|bounds
1073,1676.7,1008.1,centroid,0.30,1465.4,540.0,1136.6,0.0,657.5,1168.9,1,92.7,1,1,shot_pb=1.00|flight_commit=1.00|pb_zfit|keepin_prop=0.29|keepin_zoom=1.350|speed|edge_zoom=0.805|bounds
1074,1676.3,1009.0,centroid,0.30,1465.0,540.0,1136.2,0.0,657.5,1168.9,1,92.7,1,1,shot_pb=1.00|flight_commit=1.00|pb_zfit|keepin_prop=0.29|keepin_zoom=1.350|speed|edge_zoom=0.805|bounds
1075,1675.9,1009.8,centroid,0.30,1464.7,540.0,1135.9,0.0,657.5,1168.9,1,92.8,1,1,shot_pb=1.00|flight_commit=1.00|pb_zfit|keepin_prop=0.29|keepin_zoom=1.350|speed|edge_zoom=0.805|bounds
