frame,ball_x,ball_y,source,confidence,cam_cx,cam_cy,crop_x0,crop_y0,crop_w,crop_h,ball_in_crop,dist_to_edge,speed_limited,keepinview,clamp_flags
0,558.7,546.6,hold,0.30,563.1,540.0,250.1,0.0,626.1,1113.1,1,299.6,0,0,accel_zoom=0.856|flight_commit=1.00|edge_zoom=0.977|bounds
1,558.7,546.6,hold,0.30,563.5,540.0,251.3,0.0,624.3,1109.9,1,299.2,0,0,flight_commit=0.82|edge_zoom=0.989|bounds
2,558.7,546.6,hold,0.30,563.9,540.0,252.7,0.0,622.4,1106.6,1,298.8,0,0,flight_commit=0.27|conf_zoom=0.98|conf_speed=0.99|edge_zoom=0.993|bounds
3,558.7,546.6,hold,0.30,564.4,540.0,254.2,0.0,620.4,1103.0,1,298.3,0,0,conf_zoom=0.73|conf_speed=0.85|edge_zoom=0.997|bounds
4,558.7,546.6,hold,0.30,564.9,540.0,255.8,0.0,618.3,1099.2,1,297.8,0,0,conf_zoom=0.73|conf_speed=0.85|bounds
5,558.7,546.6,hold,0.30,565.4,540.0,257.4,0.0,616.0,1095.1,1,297.3,0,0,conf_zoom=0.73|conf_speed=0.85|bounds
6,558.7,546.6,hold,0.30,565.8,540.0,259.0,0.0,613.6,1090.9,1,296.9,0,0,conf_zoom=0.73|conf_speed=0.85|bounds
7,558.7,546.6,hold,0.30,566.2,540.0,260.6,0.0,611.1,1086.5,1,296.5,0,0,conf_zoom=0.73|conf_speed=0.85|bounds
8,558.7,546.6,hold,0.30,566.5,540.0,262.2,0.0,608.5,1081.8,1,296.2,0,0,conf_zoom=0.73|conf_speed=0.85|bounds
9,558.7,546.6,hold,0.30,566.7,540.0,263.8,1.4,605.9,1077.1,1,296.0,0,0,conf_zoom=0.73|conf_speed=0.85|bounds
10,558.7,546.6,hold,0.30,566.9,540.0,265.3,3.8,603.2,1072.4,1,295.8,0,0,conf_zoom=0.73|conf_speed=0.85|bounds
11,558.7,546.6,hold,0.30,567.1,540.0,266.8,6.2,600.6,1067.7,1,295.6,0,0,conf_zoom=0.73|conf_speed=0.85|bounds
12,558.8,546.6,hold,0.30,567.2,540.0,268.2,8.5,598.0,1063.1,1,295.6,0,0,conf_zoom=0.73|conf_speed=0.85|bounds
13,558.8,546.6,hold,0.30,567.2,540.0,269.5,10.6,595.5,1058.7,1,295.6,0,0,conf_zoom=0.73|conf_speed=0.85|bounds
14,558.8,546.6,hold,0.30,567.3,540.0,270.7,12.7,593.2,1054.6,1,295.5,0,0,conf_zoom=0.73|conf_speed=0.85|bounds
15,558.8,546.6,hold,0.30,567.3,540.0,271.8,14.6,591.1,1050.8,1,295.5,0,0,conf_zoom=0.73|conf_speed=0.85|bounds
16,558.8,546.6,hold,0.30,567.3,540.0,272.8,16.4,589.1,1047.3,1,295.5,0,0,conf_zoom=0.73|conf_speed=0.85|bounds
17,558.9,546.6,hold,0.30,567.3,540.0,273.7,18.0,587.3,1044.1,1,295.6,0,0,conf_zoom=0.73|conf_speed=0.85|bounds
18,558.9,546.6,hold,0.30,567.3,540.0,274.5,19.4,585.7,1041.2,1,295.6,0,0,conf_zoom=0.73|conf_speed=0.85|bounds
19,558.9,546.6,hold,0.30,567.3,540.0,275.3,20.7,584.2,1038.6,1,295.6,0,0,conf_zoom=0.73|conf_speed=0.85|bounds
20,559.0,546.6,hold,0.30,567.3,540.0,275.9,21.9,582.8,1036.2,1,295.7,0,0,conf_zoom=0.73|conf_speed=0.85|bounds
21,559.0,546.6,hold,0.30,567.3,540.0,276.5,23.0,581.6,1034.0,1,295.7,0,0,conf_zoom=0.73|conf_speed=0.85|bounds
22,559.0,546.6,hold,0.30,567.3,540.0,277.1,23.9,580.6,1032.1,1,295.7,0,0,conf_zoom=0.73|conf_speed=0.85|bounds
23,559.1,546.6,hold,0.30,567.3,540.0,277.5,24.8,579.6,1030.4,1,295.8,0,0,conf_zoom=0.73|conf_speed=0.85|bounds
24,559.2,546.6,hold,0.30,567.3,540.0,278.0,25.6,578.7,1028.9,1,295.9,0,0,conf_zoom=0.73|conf_speed=0.85|bounds
25,559.2,546.6,hold,0.30,567.3,540.0,278.4,26.3,578.0,1027.5,1,295.9,0,0,conf_zoom=0.73|conf_speed=0.85|bounds
26,559.3,546.7,hold,0.30,567.3,540.0,278.7,26.9,577.3,1026.2,1,296.0,0,0,conf_zoom=0.73|conf_speed=0.85|bounds
27,559.4,546.7,hold,0.30,567.3,540.0,279.0,27.4,576.6,1025.1,1,296.1,0,0,conf_zoom=0.73|conf_speed=0.85|bounds
28,559.5,546.7,hold,0.30,567.3,540.0,279.3,28.0,576.1,1024.1,1,296.2,0,0,conf_zoom=0.73|conf_speed=0.85|bounds
29,559.6,546.7,hold,0.30,567.3,540.0,279.6,28.4,575.5,1023.2,1,296.3,0,0,conf_zoom=0.73|conf_speed=0.85|bounds
30,559.7,546.7,hold,0.30,567.3,540.0,279.8,28.8,575.1,1022.4,1,296.4,0,0,conf_zoom=0.73|conf_speed=0.85|bounds
31,559.9,546.7,hold,0.30,567.3,540.0,280.0,29.2,574.7,1021.6,1,296.6,0,0,conf_zoom=0.73|conf_speed=0.85|bounds
32,560.0,546.7,hold,0.30,567.3,540.0,280.2,29.5,574.3,1021.0,1,296.7,0,0,conf_zoom=0.73|conf_speed=0.85|bounds
33,560.2,546.8,hold,0.30,567.3,540.0,280.4,29.8,574.0,1020.4,1,296.9,0,0,conf_zoom=0.73|conf_speed=0.85|bounds
34,560.5,546.8,hold,0.30,567.3,540.0,280.5,30.1,573.7,1019.9,1,297.2,0,0,conf_zoom=0.73|conf_speed=0.85|bounds
35,560.7,546.8,hold,0.30,567.3,540.0,280.6,30.3,573.4,1019.4,1,297.4,0,0,conf_zoom=0.73|conf_speed=0.85|bounds
36,561.0,546.8,hold,0.30,567.3,540.0,280.8,30.5,573.2,1019.0,1,297.7,0,0,conf_zoom=0.73|conf_speed=0.85|bounds
37,561.3,546.9,hold,0.30,567.3,540.0,280.9,30.7,572.9,1018.6,1,298.0,0,0,conf_zoom=0.73|conf_speed=0.85|bounds
38,561.7,546.9,hold,0.30,567.3,540.0,281.0,30.9,572.7,1018.2,1,298.4,0,0,conf_zoom=0.73|conf_speed=0.85|bounds
39,562.1,547.0,hold,0.30,567.3,540.0,281.1,31.0,572.6,1017.9,1,298.8,0,0,conf_zoom=0.73|conf_speed=0.85|bounds
40,562.5,547.0,hold,0.30,567.3,540.0,281.1,31.2,572.4,1017.6,1,299.2,0,0,conf_zoom=0.73|conf_speed=0.85|bounds
41,563.1,547.1,hold,0.30,567.4,540.0,281.2,31.3,572.3,1017.4,1,299.7,0,0,conf_zoom=0.73|conf_speed=0.85|bounds
42,563.7,547.1,hold,0.30,567.4,540.0,281.3,31.4,572.2,1017.3,1,300.3,0,0,conf_zoom=0.73|conf_speed=0.85|bounds
43,564.3,547.2,hold,0.30,567.4,540.0,281.3,31.4,572.2,1017.2,1,300.9,0,0,conf_zoom=0.73|conf_speed=0.85|bounds
44,565.1,547.3,hold,0.30,567.4,540.0,281.3,31.4,572.2,1017.3,1,301.7,0,0,conf_zoom=0.73|conf_speed=0.85|bounds
45,566.0,547.4,hold,0.30,567.5,540.0,281.3,31.3,572.3,1017.5,1,302.5,0,0,conf_zoom=0.73|conf_speed=0.85|bounds
46,567.0,547.5,hold,0.30,567.6,540.0,281.3,31.1,572.5,1017.9,1,303.4,0,0,conf_zoom=0.73|conf_speed=0.85|bounds
47,568.1,547.6,hold,0.30,567.7,540.0,281.3,30.8,572.9,1018.4,1,303.6,0,0,conf_zoom=0.73|conf_speed=0.85|bounds
48,569.4,547.8,hold,0.30,568.0,540.0,281.3,30.4,573.3,1019.2,1,302.6,0,0,conf_zoom=0.73|conf_speed=0.85|bounds
49,570.9,547.9,hold,0.30,568.4,540.0,281.5,29.9,573.9,1020.2,1,301.5,0,0,conf_zoom=0.73|conf_speed=0.85|bounds
50,572.6,548.1,hold,0.30,569.0,540.0,281.7,29.2,574.6,1021.5,1,300.4,0,0,conf_zoom=0.73|conf_speed=0.85|bounds
51,574.5,548.3,hold,0.30,569.8,540.0,282.1,28.5,575.5,1023.1,1,299.3,0,0,conf_zoom=0.73|conf_speed=0.85|bounds
52,576.6,548.5,hold,0.30,571.0,540.0,282.9,27.7,576.4,1024.7,1,298.4,0,0,conf_zoom=0.73|conf_speed=0.85|bounds
53,579.1,548.8,hold,0.30,572.7,540.0,284.0,26.8,577.3,1026.4,1,297.6,0,0,conf_zoom=0.73|conf_speed=0.85|bounds
54,581.9,549.1,hold,0.30,574.9,540.0,285.8,26.0,578.2,1027.9,1,297.0,0,0,conf_zoom=0.73|conf_speed=0.85|bounds
55,585.0,549.4,hold,0.30,577.7,540.0,288.3,25.4,579.0,1029.3,1,296.7,0,0,conf_zoom=0.73|conf_speed=0.85|bounds
56,588.6,549.8,hold,0.30,581.4,540.0,291.6,24.9,579.5,1030.2,1,296.8,0,0,conf_zoom=0.73|conf_speed=0.85|bounds
57,592.7,550.3,hold,0.30,585.9,540.0,296.0,24.6,579.8,1030.8,1,297.2,0,0,conf_zoom=0.73|conf_speed=0.85|bounds
58,597.4,550.8,hold,0.30,591.5,540.0,301.4,24.4,580.1,1031.2,1,298.1,0,0,conf_zoom=0.73|conf_speed=0.85|edge_zoom=0.993|bounds
59,602.7,551.4,yolo,0.45,598.1,540.0,308.0,24.2,580.3,1031.6,1,299.4,0,0,conf_zoom=0.75|conf_speed=0.86|edge_zoom=0.990|bounds
60,608.7,552.0,yolo,0.45,605.9,540.0,315.6,23.9,580.7,1032.3,1,301.2,0,0,conf_zoom=0.77|conf_speed=0.87|edge_zoom=0.987|bounds
61,615.7,552.8,yolo,0.45,614.9,540.0,324.2,23.2,581.4,1033.7,1,303.2,0,0,flight_commit=0.09|conf_zoom=0.93|conf_speed=0.96|edge_zoom=0.984|bounds
62,623.7,553.6,yolo,0.42,625.1,540.0,333.7,22.0,582.8,1036.1,1,302.6,0,0,flight_commit=0.24|conf_zoom=0.97|conf_speed=0.99|edge_zoom=0.981|bounds
63,632.5,554.6,yolo,0.37,636.4,540.0,343.9,20.1,584.9,1039.9,1,300.1,0,0,flight_commit=0.40|edge_zoom=0.980|bounds
64,643.3,555.8,interp,0.50,648.8,540.0,354.8,17.4,587.9,1045.2,1,298.5,0,0,flight_commit=0.63|edge_zoom=0.978|bounds
65,654.9,557.0,interp,0.50,662.2,540.0,366.3,14.0,591.8,1052.0,1,296.7,0,0,flight_commit=0.84|edge_zoom=0.976|bounds
66,667.1,558.4,interp,0.50,676.3,540.0,378.1,9.9,596.4,1060.3,1,294.8,0,0,flight_commit=1.00|person_ctx=4|edge_zoom=0.975|bounds
67,680.0,559.8,interp,0.50,691.2,540.0,390.3,5.2,601.7,1069.6,1,292.8,0,0,flight_commit=1.00|edge_zoom=0.974|bounds
68,693.2,561.3,interp,0.50,706.4,540.0,402.8,0.2,607.3,1079.6,1,290.8,0,0,shot_pb=0.40|flight_commit=1.00|person_ctx=4|edge_zoom=0.977|bounds
69,706.9,562.9,interp,0.50,722.0,540.0,415.5,0.0,613.0,1089.8,1,288.9,0,0,shot_pb=0.60|flight_commit=1.00|edge_zoom=0.971|bounds
70,720.9,564.4,interp,0.50,737.5,540.0,428.2,0.0,618.6,1099.7,1,287.4,0,0,shot_pb=0.80|flight_commit=1.00|person_ctx=4|edge_zoom=0.969|bounds
71,735.0,566.0,interp,0.50,753.0,540.0,441.1,0.0,623.8,1109.0,1,286.0,0,0,shot_pb=1.00|flight_commit=1.00|edge_zoom=0.965|bounds
72,749.4,567.6,interp,0.50,768.2,540.0,453.9,0.0,628.6,1117.4,1,285.2,0,0,shot_pb=1.00|flight_commit=1.00|edge_zoom=0.964|bounds
73,763.8,569.2,interp,0.50,782.9,540.0,466.6,0.0,632.7,1124.7,1,284.9,0,0,shot_pb=1.00|flight_commit=1.00|edge_zoom=0.963|bounds
74,778.3,570.9,interp,0.50,797.2,540.0,479.1,0.0,636.1,1130.9,1,285.1,0,1,shot_pb=1.00|flight_commit=1.00|keepin_prop=0.03|keepin_zoom=1.350|edge_zoom=0.963|bounds
75,792.8,572.5,interp,0.50,810.8,540.0,491.3,0.0,639.0,1136.0,1,286.0,0,0,shot_pb=1.00|flight_commit=1.00|edge_zoom=0.961|bounds
76,807.3,574.1,interp,0.50,824.0,540.0,503.3,0.0,641.4,1140.2,1,287.3,0,1,shot_pb=1.00|flight_commit=1.00|keepin_prop=0.09|keepin_zoom=1.350|edge_zoom=0.958|bounds
77,821.7,575.8,interp,0.50,836.6,540.0,515.0,0.0,643.2,1143.5,1,289.1,0,1,shot_pb=1.00|flight_commit=1.00|keepin_prop=0.00|keepin_zoom=1.350|edge_zoom=0.963|bounds
78,836.0,577.4,interp,0.50,848.7,540.0,526.3,0.0,644.7,1146.1,1,291.3,0,0,shot_pb=1.00|flight_commit=1.00|edge_zoom=0.959|bounds
79,850.2,579.0,interp,0.50,860.3,540.0,537.4,0.0,645.9,1148.2,1,293.9,0,1,shot_pb=1.00|flight_commit=1.00|keepin_prop=0.04|keepin_zoom=1.350|edge_zoom=0.959|bounds
80,864.3,580.6,interp,0.50,871.6,540.0,548.2,0.0,646.8,1149.8,1,296.7,0,0,shot_pb=1.00|flight_commit=1.00|edge_zoom=0.958|bounds
81,878.2,582.1,interp,0.50,882.6,540.0,558.8,0.0,647.4,1151.0,1,299.6,0,1,shot_pb=1.00|flight_commit=1.00|keepin_prop=0.08|keepin_zoom=1.350|edge_zoom=0.955|bounds
82,892.0,583.7,interp,0.50,893.2,540.0,569.3,0.0,647.9,1151.8,1,302.8,0,1,shot_pb=1.00|flight_commit=1.00|keepin_prop=0.00|keepin_zoom=1.350|edge_zoom=0.960|bounds
83,905.6,585.2,interp,0.50,903.7,540.0,579.5,0.0,648.3,1152.5,1,302.1,0,0,shot_pb=1.00|flight_commit=1.00|edge_zoom=0.956|bounds
84,919.0,586.7,interp,0.50,913.9,540.0,589.6,0.0,648.6,1153.0,1,298.9,0,1,shot_pb=1.00|flight_commit=1.00|keepin_prop=0.04|keepin_zoom=1.350|edge_zoom=0.956|bounds
85,932.1,588.2,interp,0.50,923.9,540.0,599.4,0.0,648.9,1153.6,1,295.8,0,0,shot_pb=1.00|flight_commit=1.00|edge_zoom=0.955|bounds
86,945.1,589.7,interp,0.50,933.7,540.0,609.1,0.0,649.1,1154.0,1,292.6,0,1,shot_pb=1.00|flight_commit=1.00|keepin_prop=0.09|keepin_zoom=1.350|edge_zoom=0.951|bounds
87,957.8,591.1,interp,0.50,943.2,540.0,618.5,0.0,649.4,1154.4,1,289.4,0,1,shot_pb=1.00|flight_commit=1.00|keepin_prop=0.00|keepin_zoom=1.350|edge_zoom=0.957|bounds
88,970.3,592.5,interp,0.50,952.5,540.0,627.7,0.0,649.6,1154.9,1,286.2,0,0,shot_pb=1.00|flight_commit=1.00|edge_zoom=0.953|bounds
89,982.5,593.9,interp,0.50,961.6,540.0,636.7,0.0,649.8,1155.3,1,283.1,0,1,shot_pb=1.00|flight_commit=1.00|keepin_prop=0.05|keepin_zoom=1.350|edge_zoom=0.952|bounds
90,994.5,595.3,interp,0.50,970.4,540.0,645.4,0.0,650.1,1155.7,1,279.9,0,0,shot_pb=1.00|flight_commit=1.00|edge_zoom=0.952|bounds
91,1006.2,596.6,interp,0.50,979.0,540.0,653.9,0.0,650.3,1156.2,1,276.8,0,1,shot_pb=1.00|flight_commit=1.00|keepin_prop=0.10|keepin_zoom=1.350|edge_zoom=0.947|bounds
92,1017.7,597.9,interp,0.50,987.4,540.0,662.1,0.0,650.6,1156.6,1,273.7,0,1,shot_pb=1.00|flight_commit=1.00|keepin_prop=0.00|keepin_zoom=1.350|edge_zoom=0.955|bounds
93,1028.9,599.1,interp,0.50,995.6,540.0,670.2,0.0,650.8,1157.0,1,270.7,0,0,shot_pb=1.00|flight_commit=1.00|edge_zoom=0.950|bounds
94,1039.8,600.4,interp,0.50,1003.6,540.0,678.0,0.0,651.1,1157.5,1,267.8,0,1,shot_pb=1.00|flight_commit=1.00|keepin_prop=0.06|keepin_zoom=1.350|edge_zoom=0.949|bounds
95,1050.5,601.6,interp,0.50,1011.4,540.0,685.7,0.0,651.4,1158.0,1,264.9,0,1,shot_pb=1.00|flight_commit=1.00|keepin_prop=0.00|keepin_zoom=1.350|edge_zoom=0.953|bounds
96,1060.9,602.7,interp,0.50,1019.2,540.0,693.3,0.0,651.7,1158.5,1,262.3,0,0,shot_pb=1.00|flight_commit=1.00|edge_zoom=0.949|bounds
97,1071.0,603.9,interp,0.50,1026.8,540.0,700.8,0.0,652.0,1159.1,1,259.8,0,1,shot_pb=1.00|flight_commit=1.00|keepin_prop=0.05|keepin_zoom=1.350|edge_zoom=0.948|bounds
98,1080.8,605.0,interp,0.50,1034.3,540.0,708.1,0.0,652.3,1159.7,1,257.5,0,1,shot_pb=1.00|flight_commit=1.00|keepin_prop=0.00|keepin_zoom=1.350|edge_zoom=0.952|bounds
99,1090.3,606.1,interp,0.50,1041.7,540.0,715.4,0.0,652.7,1160.4,1,255.4,0,0,shot_pb=1.00|flight_commit=1.00|edge_zoom=0.948|bounds
100,1099.5,607.1,interp,0.50,1049.1,540.0,722.5,0.0,653.1,1161.1,1,253.6,0,1,shot_pb=1.00|flight_commit=1.00|keepin_prop=0.06|keepin_zoom=1.350|edge_zoom=0.946|bounds
101,1108.5,608.1,interp,0.50,1056.4,540.0,729.6,0.0,653.6,1161.9,1,251.9,0,1,shot_pb=1.00|flight_commit=1.00|keepin_prop=0.00|keepin_zoom=1.350|edge_zoom=0.951|bounds
102,1117.2,609.1,interp,0.50,1063.6,540.0,736.6,0.0,654.0,1162.7,1,250.4,0,0,shot_pb=1.00|flight_commit=1.00|edge_zoom=0.947|bounds
103,1125.6,610.0,interp,0.50,1070.8,540.0,743.5,0.0,654.5,1163.5,1,249.2,0,1,shot_pb=1.00|flight_commit=1.00|pb_zfit|keepin_prop=0.06|keepin_zoom=1.350|edge_zoom=0.944|bounds
104,1133.7,610.9,interp,0.50,1077.8,540.0,750.3,0.0,655.0,1164.4,1,248.1,0,1,shot_pb=1.00|flight_commit=1.00|pb_zfit|keepin_prop=0.00|keepin_zoom=1.350|edge_zoom=0.950|bounds
105,1141.5,611.8,interp,0.50,1084.7,540.0,757.0,0.0,655.4,1165.2,1,247.2,0,0,shot_pb=1.00|flight_commit=1.00|pb_zfit|edge_zoom=0.946|bounds
106,1149.0,612.6,interp,0.50,1091.4,540.0,763.4,0.0,655.8,1165.9,1,246.4,0,1,shot_pb=1.00|flight_commit=1.00|pb_zfit|keepin_prop=0.05|keepin_zoom=1.350|edge_zoom=0.944|bounds
107,1156.2,613.4,interp,0.50,1097.8,540.0,769.7,0.0,656.2,1166.6,1,245.6,0,1,shot_pb=1.00|flight_commit=1.00|pb_zfit|keepin_prop=0.00|keepin_zoom=1.350|edge_zoom=0.949|bounds
108,1163.1,614.1,interp,0.50,1104.0,540.0,775.7,0.0,656.5,1167.2,1,244.9,0,0,shot_pb=1.00|flight_commit=1.00|pb_zfit|edge_zoom=0.945|bounds
109,1169.7,614.9,interp,0.50,1109.9,540.0,781.5,0.0,656.8,1167.7,1,244.2,0,1,shot_pb=1.00|flight_commit=1.00|pb_zfit|keepin_prop=0.04|keepin_zoom=1.350|edge_zoom=0.944|bounds
110,1176.0,615.6,interp,0.50,1115.5,540.0,787.0,0.0,657.0,1168.0,1,243.5,0,0,shot_pb=1.00|flight_commit=1.00|pb_zfit|edge_zoom=0.944|bounds
111,1182.0,616.2,interp,0.50,1120.7,540.0,792.1,0.0,657.2,1168.3,1,242.7,0,1,shot_pb=1.00|flight_commit=1.00|pb_zfit|keepin_prop=0.10|keepin_zoom=1.350|edge_zoom=0.938|bounds
112,1187.8,616.8,interp,0.50,1125.6,540.0,796.9,0.0,657.3,1168.5,1,241.8,0,1,shot_pb=1.00|flight_commit=1.00|pb_zfit|keepin_prop=0.00|keepin_zoom=1.350|edge_zoom=0.947|bounds
113,1193.2,617.4,interp,0.50,1130.1,540.0,801.4,0.0,657.4,1168.7,1,240.9,0,0,shot_pb=1.00|flight_commit=1.00|pb_zfit|edge_zoom=0.944|bounds
114,1198.3,617.9,interp,0.50,1134.3,540.0,805.6,0.0,657.4,1168.8,1,240.0,0,1,shot_pb=1.00|flight_commit=1.00|pb_zfit|keepin_prop=0.07|keepin_zoom=1.350|edge_zoom=0.941|bounds
115,1203.1,618.4,interp,0.50,1138.1,540.0,809.4,0.0,657.5,1168.9,1,239.0,0,1,shot_pb=1.00|flight_commit=1.00|pb_zfit|keepin_prop=0.00|keepin_zoom=1.350|edge_zoom=0.947|bounds
116,1207.6,618.8,interp,0.50,1141.5,540.0,812.8,0.0,657.5,1168.9,1,237.9,0,0,shot_pb=1.00|flight_commit=1.00|pb_zfit|edge_zoom=0.943|bounds
117,1211.8,619.2,interp,0.50,1144.6,540.0,815.8,0.0,657.5,1168.9,1,236.8,0,1,shot_pb=1.00|flight_commit=1.00|pb_zfit|keepin_prop=0.07|keepin_zoom=1.350|edge_zoom=0.940|bounds
118,1215.7,619.6,interp,0.50,1147.2,540.0,818.5,0.0,657.5,1168.9,1,235.5,0,1,shot_pb=1.00|flight_commit=1.00|pb_zfit|keepin_prop=0.00|keepin_zoom=1.350|edge_zoom=0.946|bounds
119,1219.3,619.9,interp,0.50,1149.3,540.0,820.6,0.0,657.5,1168.9,1,234.0,0,0,shot_pb=1.00|flight_commit=1.00|pb_zfit|edge_zoom=0.943|bounds
120,1222.6,620.1,interp,0.50,1150.9,540.0,822.1,0.0,657.5,1168.9,1,232.3,0,1,shot_pb=1.00|flight_commit=1.00|pb_zfit|keepin_prop=0.07|keepin_zoom=1.350|edge_zoom=0.939|bounds
121,1225.5,620.3,interp,0.50,1151.7,540.0,822.9,0.0,657.5,1168.9,1,230.2,0,1,shot_pb=1.00|flight_commit=1.00|pb_zfit|keepin_prop=0.00|keepin_zoom=1.350|edge_zoom=0.946|bounds
122,1228.2,620.5,interp,0.50,1151.6,540.0,822.8,0.0,657.5,1168.9,1,227.4,0,0,shot_pb=1.00|flight_commit=1.00|pb_zfit|edge_zoom=0.944|bounds
123,1230.5,620.6,interp,0.50,1150.6,540.0,821.8,0.0,657.5,1168.9,1,224.1,0,1,shot_pb=1.00|flight_commit=1.00|pb_zfit|keepin_prop=0.08|keepin_zoom=1.350|edge_zoom=0.938|bounds
124,1232.5,620.6,interp,0.50,1148.3,540.0,819.6,0.0,657.5,1168.9,1,219.8,0,1,shot_pb=1.00|flight_commit=1.00|pb_zfit|keepin_prop=0.01|keepin_zoom=1.350|edge_zoom=0.945|bounds
125,1234.2,620.6,interp,0.50,1144.9,540.0,816.1,0.0,657.5,1168.9,1,214.7,0,0,shot_pb=1.00|flight_commit=1.00|pb_zfit|edge_zoom=0.947|bounds
126,1235.5,620.5,interp,0.50,1140.0,540.0,811.3,0.0,657.5,1168.9,1,208.5,0,1,shot_pb=1.00|flight_commit=1.00|pb_zfit|keepin_prop=0.09|keepin_zoom=1.350|edge_zoom=0.937|bounds
127,1236.5,620.3,interp,0.50,1133.8,540.0,805.1,0.0,657.5,1168.9,1,201.3,0,1,shot_pb=1.00|flight_commit=1.00|pb_zfit|keepin_prop=0.01|keepin_zoom=1.350|edge_zoom=0.946|bounds
128,1237.2,620.1,interp,0.50,1126.4,540.0,797.6,0.0,657.5,1168.9,1,193.2,0,0,shot_pb=1.00|flight_commit=1.00|pb_zfit|edge_zoom=0.958|bounds
129,1237.5,619.7,interp,0.50,1117.7,540.0,789.0,0.0,657.5,1168.9,1,184.2,0,1,shot_pb=1.00|flight_commit=1.00|pb_zfit|keepin_prop=0.00|keepin_zoom=1.350|edge_zoom=0.970|bounds
130,1237.4,619.3,interp,0.50,1108.2,540.0,779.5,0.0,657.5,1168.9,1,174.8,0,0,shot_pb=1.00|flight_commit=1.00|pb_zfit|edge_zoom=0.986|bounds
131,1237.0,618.8,yolo,0.30,1098.1,540.0,769.3,0.0,657.5,1168.9,1,165.1,0,0,shot_pb=1.00|flight_commit=1.00|pb_zfit|edge_zoom=0.974|bounds
132,1235.9,618.1,interp,0.38,1087.7,540.0,759.0,0.0,657.5,1168.9,1,155.8,0,0,shot_pb=1.00|flight_commit=1.00|pb_zfit|edge_zoom=0.966|bounds
133,1234.5,617.2,interp,0.38,1077.4,540.0,748.7,0.0,657.5,1168.9,1,146.9,0,0,shot_pb=1.00|flight_commit=1.00|pb_zfit|edge_zoom=0.965|bounds
134,1232.9,616.3,interp,0.38,1067.5,540.0,738.8,0.0,657.5,1168.9,1,138.6,0,1,shot_pb=1.00|flight_commit=1.00|pb_zfit|keepin_prop=0.03|keepin_zoom=1.350|edge_zoom=0.944|bounds
135,1231.2,615.4,interp,0.38,1058.4,540.0,729.6,0.0,657.5,1168.9,1,131.2,0,0,shot_pb=1.00|flight_commit=1.00|pb_zfit|edge_zoom=0.964|bounds
136,1229.4,614.4,interp,0.38,1050.1,540.0,721.3,0.0,657.5,1168.9,1,124.7,0,1,shot_pb=1.00|flight_commit=1.00|pb_zfit|keepin_prop=0.07|keepin_zoom=1.350|edge_zoom=0.943|bounds
137,1227.7,613.4,interp,0.38,1042.9,540.0,714.1,0.0,657.5,1168.9,1,119.2,0,1,shot_pb=1.00|flight_commit=1.00|pb_zfit|keepin_prop=0.00|keepin_zoom=1.350|edge_zoom=0.949|bounds
138,1226.0,612.4,yolo,0.31,1036.7,540.0,707.9,0.0,657.5,1168.9,1,114.7,0,0,shot_pb=1.00|flight_commit=1.00|person_ctx=4|pb_zfit|edge_zoom=0.967|bounds
139,1225.5,611.4,interp,0.38,1031.4,540.0,702.7,0.0,657.5,1168.9,1,109.9,0,0,shot_pb=1.00|flight_commit=1.00|pb_zfit|bounds
140,1224.9,610.4,interp,0.38,1027.1,540.0,698.3,0.0,657.5,1168.9,1,106.2,0,0,shot_pb=1.00|flight_commit=1.00|pb_zfit|bounds
141,1224.2,609.4,interp,0.38,1023.3,540.0,694.5,0.0,657.5,1168.9,1,103.1,0,0,shot_pb=1.00|flight_commit=1.00|pb_zfit|edge_zoom=0.993|bounds
142,1223.1,608.5,yolo,0.30,1019.9,540.0,691.1,0.0,657.5,1168.9,1,100.8,0,1,shot_pb=1.00|flight_commit=1.00|pb_zfit|keepin_prop=0.01|keepin_zoom=1.350|edge_zoom=0.962|bounds
143,1219.1,608.0,interp,0.38,1016.6,540.0,687.8,0.0,657.5,1168.9,1,101.5,0,1,shot_pb=1.00|flight_commit=1.00|pb_zfit|keepin_prop=0.02|keepin_zoom=1.350|edge_zoom=0.949|bounds
144,1214.8,607.4,interp,0.38,1013.1,540.0,684.4,0.0,657.5,1168.9,1,102.3,0,0,shot_pb=1.00|flight_commit=1.00|pb_zfit|edge_zoom=0.955|bounds
145,1217.6,606.3,interp,0.38,1009.2,540.0,680.4,0.0,657.5,1168.9,1,95.6,0,0,shot_pb=1.00|flight_commit=1.00|pb_zfit|edge_zoom=0.965|bounds
146,1214.7,605.7,interp,0.38,1004.6,540.0,675.9,0.0,657.5,1168.9,1,93.9,0,0,shot_pb=1.00|flight_commit=1.00|pb_zfit|edge_zoom=0.958|bounds
147,1210.3,605.4,interp,0.38,999.2,540.0,670.4,0.0,657.5,1168.9,1,92.9,0,1,shot_pb=1.00|flight_commit=1.00|pb_zfit|keepin_prop=0.01|keepin_zoom=1.350|edge_zoom=0.951|bounds
148,1204.5,605.2,interp,0.38,992.8,540.0,664.1,0.0,657.5,1168.9,1,92.3,0,0,shot_pb=1.00|flight_commit=1.00|pb_zfit|edge_zoom=0.953|bounds
149,1196.9,605.2,interp,0.38,985.4,540.0,656.6,0.0,657.5,1168.9,1,92.5,0,1,shot_pb=1.00|flight_commit=1.00|pb_zfit|keepin_prop=0.08|keepin_zoom=1.350|edge_zoom=0.945|bounds
150,1187.3,605.5,interp,0.38,976.9,540.0,648.2,0.0,657.5,1168.9,1,93.6,0,1,shot_pb=1.00|flight_commit=1.00|pb_zfit|keepin_prop=0.00|keepin_zoom=1.350|edge_zoom=0.952|bounds
151,1175.6,606.1,interp,0.38,967.5,540.0,638.7,0.0,657.5,1168.9,1,95.9,0,0,shot_pb=1.00|flight_commit=1.00|pb_zfit|edge_zoom=0.950|bounds
152,1161.4,606.9,interp,0.38,957.2,540.0,628.4,0.0,657.5,1168.9,1,99.8,0,1,shot_pb=1.00|flight_commit=1.00|person_ctx=4|keepin_prop=0.03|keepin_zoom=1.350|edge_zoom=0.949|bounds
153,1144.5,608.0,interp,0.38,946.2,540.0,617.4,0.0,657.5,1168.9,1,105.7,0,0,shot_pb=1.00|flight_commit=1.00|person_ctx=4|edge_zoom=0.949|bounds
154,1124.6,609.5,interp,0.38,934.8,540.0,606.0,0.0,657.5,1168.9,1,114.2,0,1,accel_zoom=0.945|shot_pb=1.00|flight_commit=1.00|keepin_prop=0.04|keepin_zoom=1.350|edge_zoom=0.947|bounds
155,1074.4,613.6,yolo,0.29,923.2,540.0,594.5,0.0,657.5,1168.9,1,152.8,0,0,accel_zoom=0.850|shot_pb=1.00|flight_commit=1.00|edge_zoom=0.946|bounds
156,1053.8,615.4,interp,0.38,911.8,540.0,583.0,0.0,657.5,1168.9,1,162.0,0,1,shot_pb=1.00|flight_commit=1.00|keepin_prop=0.00|keepin_zoom=1.350|edge_zoom=0.948|bounds
157,1035.8,616.9,interp,0.38,900.7,540.0,572.0,0.0,657.5,1168.9,1,168.9,0,0,shot_pb=1.00|flight_commit=1.00|edge_zoom=0.944|bounds
158,1020.2,618.3,interp,0.38,890.3,540.0,561.6,0.0,657.5,1168.9,1,174.1,0,1,shot_pb=1.00|flight_commit=1.00|keepin_prop=0.02|keepin_zoom=1.350|edge_zoom=0.945|bounds
159,1006.7,619.6,interp,0.38,880.9,540.0,552.1,0.0,657.5,1168.9,1,178.2,0,0,shot_pb=1.00|flight_commit=1.00|edge_zoom=0.943|bounds
160,995.1,620.7,interp,0.38,872.5,540.0,543.8,0.0,657.5,1168.8,1,181.4,0,1,shot_pb=1.00|flight_commit=1.00|keepin_prop=0.05|keepin_zoom=1.350|edge_zoom=0.941|bounds
161,985.1,621.8,yolo,0.33,865.4,540.0,536.7,0.0,657.4,1168.7,1,184.3,0,0,shot_pb=1.00|flight_commit=1.00|edge_zoom=0.942|bounds
162,976.7,622.8,interp,0.38,859.7,540.0,531.1,0.0,657.3,1168.6,1,187.0,0,1,shot_pb=1.00|flight_commit=1.00|keepin_prop=0.09|keepin_zoom=1.350|edge_zoom=0.936|bounds
163,969.7,623.7,interp,0.38,855.4,540.0,526.8,0.0,657.2,1168.4,1,189.7,0,1,shot_pb=1.00|flight_commit=1.00|keepin_prop=0.00|keepin_zoom=1.350|edge_zoom=0.945|bounds
164,963.9,624.4,interp,0.38,852.4,540.0,523.9,0.0,657.1,1168.2,1,192.5,0,0,shot_pb=1.00|flight_commit=1.00|edge_zoom=0.940|bounds
165,959.2,625.1,interp,0.38,850.6,540.0,522.1,0.0,656.9,1167.9,1,195.4,0,1,shot_pb=1.00|flight_commit=1.00|keepin_prop=0.08|keepin_zoom=1.350|edge_zoom=0.936|bounds
166,955.6,625.7,interp,0.38,849.8,540.0,521.4,0.0,656.7,1167.5,1,198.2,0,1,shot_pb=1.00|flight_commit=1.00|keepin_prop=0.00|keepin_zoom=1.350|edge_zoom=0.944|bounds
167,953.0,626.2,interp,0.38,849.6,540.0,521.4,0.0,656.5,1167.1,1,200.6,0,0,shot_pb=1.00|flight_commit=1.00|edge_zoom=0.938|bounds
168,951.2,626.6,interp,0.38,849.9,540.0,521.8,0.0,656.2,1166.6,1,202.7,0,1,shot_pb=1.00|flight_commit=1.00|keepin_prop=0.10|keepin_zoom=1.350|edge_zoom=0.934|bounds
169,950.3,626.9,yolo,0.43,850.2,540.0,522.3,0.0,655.9,1166.1,1,203.9,0,1,shot_pb=1.00|flight_commit=1.00|keepin_prop=0.01|keepin_zoom=1.350|edge_zoom=0.943|bounds
170,950.5,627.2,interp,0.38,850.3,540.0,522.5,0.0,655.6,1165.6,1,203.8,0,0,shot_pb=1.00|flight_commit=1.00|edge_zoom=0.914|bounds
171,951.5,627.3,yolo,0.40,850.0,540.0,522.3,0.0,655.4,1165.2,1,202.5,0,0,shot_pb=1.00|flight_commit=1.00|edge_zoom=0.939|bounds
172,959.2,625.5,centroid,0.30,849.0,540.0,521.4,0.0,655.3,1164.9,1,193.8,0,1,shot_pb=1.00|flight_commit=1.00|keepin_prop=0.00|keepin_zoom=1.350|edge_zoom=0.944|bounds
173,959.1,625.1,centroid,0.30,847.3,540.0,519.7,0.0,655.2,1164.7,1,192.2,0,0,shot_pb=1.00|flight_commit=1.00|edge_zoom=0.976|bounds
174,958.2,624.9,centroid,0.30,844.9,540.0,517.3,0.0,655.2,1164.8,1,190.7,0,0,shot_pb=1.00|flight_commit=1.00|edge_zoom=0.953|bounds
175,956.8,624.8,centroid,0.30,841.8,540.0,514.1,0.0,655.3,1164.9,1,189.0,0,1,shot_pb=1.00|flight_commit=1.00|keepin_prop=0.01|keepin_zoom=1.350|edge_zoom=0.944|bounds
176,955.0,624.9,centroid,0.30,838.1,540.0,510.4,0.0,655.5,1165.3,1,187.1,0,0,shot_pb=1.00|flight_commit=1.00|edge_zoom=0.943|bounds
177,952.8,625.2,centroid,0.30,834.2,540.0,506.3,0.0,655.7,1165.7,1,185.4,0,1,shot_pb=1.00|flight_commit=1.00|keepin_prop=0.12|keepin_zoom=1.350|edge_zoom=0.932|bounds
178,950.4,625.7,centroid,0.30,830.1,540.0,502.1,0.0,656.0,1166.2,1,183.7,0,1,shot_pb=1.00|flight_commit=1.00|keepin_prop=0.01|keepin_zoom=1.350|edge_zoom=0.943|bounds
179,947.8,626.4,centroid,0.30,826.1,540.0,497.9,0.0,656.2,1166.7,1,182.3,0,0,shot_pb=1.00|flight_commit=1.00|edge_zoom=0.935|bounds
180,945.2,627.3,centroid,0.30,822.2,540.0,494.0,0.0,656.5,1167.1,1,181.0,0,1,shot_pb=1.00|flight_commit=1.00|keepin_prop=0.10|keepin_zoom=1.350|edge_zoom=0.933|bounds
181,942.7,628.5,centroid,0.30,818.7,540.0,490.3,0.0,656.8,1167.6,1,180.0,0,1,shot_pb=1.00|flight_commit=1.00|keepin_prop=0.00|keepin_zoom=1.350|edge_zoom=0.943|bounds
182,940.2,630.0,centroid,0.30,815.6,540.0,487.1,0.0,657.0,1167.9,1,179.4,0,0,shot_pb=1.00|flight_commit=1.00|edge_zoom=0.925|bounds
183,937.8,631.7,centroid,0.30,812.9,540.0,484.3,0.0,657.1,1168.2,1,179.1,0,1,shot_pb=1.00|flight_commit=1.00|keepin_prop=0.03|keepin_zoom=1.350|edge_zoom=0.938|bounds
184,935.7,633.8,centroid,0.30,810.6,540.0,482.0,0.0,657.3,1168.5,1,178.9,0,0,shot_pb=1.00|flight_commit=1.00|edge_zoom=0.917|bounds
185,933.8,636.2,centroid,0.30,808.7,540.0,480.0,0.0,657.4,1168.6,1,178.9,0,1,shot_pb=1.00|flight_commit=1.00|keepin_prop=0.01|keepin_zoom=1.350|edge_zoom=0.939|bounds
186,932.3,638.9,centroid,0.30,807.0,540.0,478.3,0.0,657.4,1168.7,1,178.7,0,0,shot_pb=1.00|flight_commit=1.00|edge_zoom=0.909|bounds
187,931.1,642.0,centroid,0.30,805.6,540.0,476.9,0.0,657.5,1168.8,1,178.5,0,0,shot_pb=1.00|flight_commit=1.00|edge_zoom=0.906|bounds
188,933.0,648.4,yolo,0.33,804.3,540.0,475.5,0.0,657.5,1168.9,1,175.3,0,0,shot_pb=1.00|flight_commit=1.00|edge_zoom=0.903|bounds
189,932.2,651.3,interp,0.38,803.0,540.0,474.2,0.0,657.5,1168.9,1,174.8,0,0,shot_pb=1.00|flight_commit=1.00|edge_zoom=0.901|bounds
190,931.1,653.8,interp,0.38,801.6,540.0,472.8,0.0,657.5,1168.9,1,174.5,0,0,shot_pb=1.00|flight_commit=1.00|edge_zoom=0.902|bounds
191,929.7,656.1,interp,0.38,800.1,540.0,471.3,0.0,657.5,1168.9,1,174.4,0,0,shot_pb=1.00|flight_commit=1.00|edge_zoom=0.903|bounds
192,928.0,658.1,interp,0.38,798.4,540.0,469.6,0.0,657.5,1168.9,1,174.4,0,1,shot_pb=1.00|flight_commit=1.00|keepin_prop=0.00|keepin_zoom=1.350|edge_zoom=0.932|bounds
193,926.0,659.9,interp,0.38,796.5,540.0,467.7,0.0,657.5,1168.9,1,174.5,0,0,shot_pb=1.00|flight_commit=1.00|edge_zoom=0.908|bounds
194,923.5,661.6,yolo,0.38,794.2,540.0,465.4,0.0,657.5,1168.9,1,174.7,0,1,shot_pb=1.00|flight_commit=1.00|keepin_prop=0.04|keepin_zoom=1.350|edge_zoom=0.925|bounds
195,920.7,663.0,interp,0.38,791.6,540.0,462.8,0.0,657.5,1168.9,1,174.9,0,1,shot_pb=1.00|flight_commit=1.00|keepin_prop=0.00|keepin_zoom=1.350|edge_zoom=0.929|bounds
196,917.4,664.4,interp,0.38,788.6,540.0,459.8,0.0,657.5,1168.9,1,175.2,0,0,shot_pb=1.00|flight_commit=1.00|edge_zoom=0.916|bounds
197,913.6,665.6,interp,0.38,785.1,540.0,456.3,0.0,657.5,1168.9,1,175.5,0,1,shot_pb=1.00|flight_commit=1.00|keepin_prop=0.09|keepin_zoom=1.350|edge_zoom=0.917|bounds
198,909.2,666.8,yolo,0.36,781.2,540.0,452.4,0.0,657.5,1168.9,1,176.0,0,1,shot_pb=1.00|flight_commit=1.00|keepin_prop=0.01|keepin_zoom=1.350|edge_zoom=0.928|bounds
199,904.0,667.9,interp,0.38,776.7,540.0,447.9,0.0,657.5,1168.9,1,176.7,0,0,shot_pb=1.00|flight_commit=1.00|edge_zoom=0.921|bounds
200,898.1,669.0,interp,0.38,771.6,540.0,442.8,0.0,657.5,1168.9,1,177.5,0,1,shot_pb=1.00|flight_commit=1.00|keepin_prop=0.10|keepin_zoom=1.350|edge_zoom=0.915|bounds
201,891.5,670.1,interp,0.38,765.9,540.0,437.1,0.0,657.5,1168.9,1,178.4,0,1,shot_pb=1.00|flight_commit=1.00|keepin_prop=0.00|keepin_zoom=1.350|edge_zoom=0.926|bounds
202,884.1,671.3,interp,0.38,759.5,540.0,430.8,0.0,657.5,1168.9,1,179.4,0,0,shot_pb=1.00|flight_commit=1.00|edge_zoom=0.921|bounds
203,876.0,672.5,interp,0.38,752.4,540.0,423.7,0.0,657.5,1168.9,1,180.4,0,1,shot_pb=1.00|flight_commit=1.00|keepin_prop=0.08|keepin_zoom=1.350|edge_zoom=0.915|bounds
204,867.0,673.7,interp,0.38,744.5,540.0,415.8,0.0,657.5,1168.9,1,181.5,0,1,shot_pb=1.00|flight_commit=1.00|keepin_prop=0.00|keepin_zoom=1.350|edge_zoom=0.925|bounds
205,857.1,675.1,interp,0.38,735.9,540.0,407.1,0.0,657.5,1168.9,1,182.8,0,0,shot_pb=1.00|flight_commit=1.00|edge_zoom=0.921|bounds
206,846.1,676.6,interp,0.38,726.4,540.0,397.7,0.0,657.5,1168.9,1,184.3,0,1,shot_pb=1.00|flight_commit=1.00|keepin_prop=0.06|keepin_zoom=1.350|edge_zoom=0.916|bounds
207,833.9,678.2,interp,0.38,716.2,540.0,387.4,0.0,657.5,1168.9,1,186.3,0,0,shot_pb=1.00|flight_commit=1.00|edge_zoom=0.919|bounds
208,820.5,680.0,interp,0.38,705.1,540.0,376.4,0.0,657.5,1168.9,1,188.6,0,1,shot_pb=1.00|flight_commit=1.00|keepin_prop=0.10|keepin_zoom=1.350|edge_zoom=0.909|bounds
209,805.6,682.0,yolo,0.33,693.4,540.0,364.6,0.0,657.5,1168.9,1,191.8,0,1,shot_pb=1.00|flight_commit=1.00|keepin_prop=0.00|keepin_zoom=1.350|edge_zoom=0.922|bounds
210,787.4,684.3,interp,0.38,681.0,540.0,352.2,0.0,657.5,1168.9,1,197.6,0,0,shot_pb=1.00|flight_commit=1.00|edge_zoom=0.917|bounds
211,767.8,686.9,yolo,0.32,668.1,540.0,339.4,0.0,657.5,1168.9,1,204.3,0,1,shot_pb=1.00|flight_commit=1.00|keepin_prop=0.02|keepin_zoom=1.350|edge_zoom=0.918|bounds
212,746.7,690.0,interp,0.38,655.0,540.0,326.2,0.0,657.5,1168.9,1,212.3,0,0,shot_pb=1.00|flight_commit=1.00|edge_zoom=0.915|bounds
213,724.5,693.4,yolo,0.30,641.8,540.0,313.0,0.0,657.5,1168.9,1,221.3,0,1,shot_pb=1.00|flight_commit=1.00|keepin_prop=0.02|keepin_zoom=1.350|edge_zoom=0.916|bounds
214,699.7,697.5,yolo,0.34,628.8,540.0,300.1,0.0,657.5,1168.9,1,233.1,0,0,shot_pb=1.00|flight_commit=1.00|edge_zoom=0.911|bounds
215,677.7,701.5,interp,0.38,616.4,540.0,287.7,0.0,657.5,1168.8,1,242.7,0,1,shot_pb=1.00|flight_commit=1.00|keepin_prop=0.01|keepin_zoom=1.350|edge_zoom=0.913|bounds
216,655.8,705.5,interp,0.38,605.0,540.0,276.3,0.0,657.5,1168.8,1,253.2,0,0,shot_pb=1.00|flight_commit=1.00|edge_zoom=0.907|bounds
217,634.2,709.7,interp,0.38,595.0,540.0,266.3,0.0,657.4,1168.8,1,264.8,0,1,shot_pb=1.00|flight_commit=1.00|keepin_prop=0.02|keepin_zoom=1.350|edge_zoom=0.908|bounds
218,612.9,713.8,yolo,0.34,586.8,540.0,258.1,0.0,657.4,1168.7,1,277.9,0,0,shot_pb=1.00|flight_commit=1.00|edge_zoom=0.904|bounds
219,588.1,718.9,yolo,0.31,580.6,540.0,252.0,0.0,657.3,1168.6,1,296.5,0,1,shot_pb=1.00|flight_commit=1.00|keepin_prop=0.02|keepin_zoom=1.350|edge_zoom=0.904|bounds
220,565.3,723.4,yolo,0.31,577.0,540.0,248.3,0.0,657.3,1168.5,1,292.3,0,0,shot_pb=1.00|flight_commit=1.00|edge_zoom=0.900|bounds
221,544.7,727.5,interp,0.50,576.0,540.0,247.4,0.0,657.3,1168.5,1,272.7,0,1,shot_pb=1.00|flight_commit=1.00|keepin_prop=0.03|keepin_zoom=1.350|edge_zoom=0.900|bounds
222,528.0,730.7,interp,0.50,577.7,540.0,249.1,0.0,657.2,1168.4,1,254.3,0,0,shot_pb=1.00|flight_commit=1.00|edge_zoom=0.897|bounds
223,516.2,732.7,interp,0.50,582.1,540.0,253.5,0.0,657.2,1168.3,1,238.1,0,1,shot_pb=1.00|flight_commit=1.00|keepin_prop=0.07|keepin_zoom=1.350|edge_zoom=0.890|bounds
224,510.2,733.4,interp,0.50,589.0,540.0,260.4,0.0,657.2,1168.3,1,225.2,0,1,shot_pb=1.00|flight_commit=1.00|keepin_prop=0.00|keepin_zoom=1.350|edge_zoom=0.902|bounds
225,510.8,732.5,interp,0.50,598.1,540.0,269.5,0.0,657.1,1168.3,1,216.7,0,0,shot_pb=1.00|flight_commit=1.00|edge_zoom=0.931|bounds
226,549.9,722.1,interp,0.50,608.9,540.0,280.3,0.0,657.2,1168.3,1,245.0,0,0,accel_zoom=0.930|shot_pb=1.00|flight_commit=1.00|edge_zoom=0.916|bounds
227,562.6,718.3,interp,0.50,621.1,540.0,292.5,0.0,657.2,1168.3,1,245.5,0,0,shot_pb=1.00|flight_commit=1.00|edge_zoom=0.918|bounds
228,575.5,714.5,interp,0.50,634.2,540.0,305.6,0.0,657.2,1168.4,1,245.3,0,1,shot_pb=1.00|flight_commit=1.00|keepin_prop=0.03|keepin_zoom=1.350|edge_zoom=0.905|bounds
229,588.5,710.7,interp,0.50,647.7,540.0,319.1,0.0,657.2,1168.4,1,244.8,0,0,shot_pb=1.00|flight_commit=1.00|edge_zoom=0.921|bounds
230,601.7,706.8,interp,0.50,661.3,540.0,332.6,0.0,657.3,1168.5,1,244.4,0,1,shot_pb=1.00|flight_commit=1.00|keepin_prop=0.03|keepin_zoom=1.350|edge_zoom=0.908|bounds
231,614.8,703.0,interp,0.50,674.6,540.0,346.0,0.0,657.3,1168.6,1,244.2,0,0,shot_pb=1.00|flight_commit=1.00|edge_zoom=0.923|bounds
232,628.0,699.2,interp,0.50,687.6,540.0,358.9,0.0,657.4,1168.6,1,244.4,0,1,shot_pb=1.00|flight_commit=1.00|keepin_prop=0.01|keepin_zoom=1.350|edge_zoom=0.914|bounds
233,641.2,695.5,interp,0.50,699.9,540.0,371.2,0.0,657.4,1168.7,1,245.3,0,0,shot_pb=1.00|flight_commit=1.00|edge_zoom=0.925|bounds
234,654.2,691.8,interp,0.50,711.6,540.0,383.0,0.0,657.4,1168.6,1,246.6,0,1,shot_pb=1.00|flight_commit=1.00|keepin_prop=0.01|keepin_zoom=1.350|edge_zoom=0.918|bounds
235,667.1,688.1,interp,0.50,722.8,540.0,394.1,0.0,657.3,1168.6,1,248.3,0,0,shot_pb=1.00|flight_commit=1.00|edge_zoom=0.928|bounds
236,679.9,684.5,interp,0.50,733.3,540.0,404.7,0.0,657.3,1168.5,1,250.6,0,1,shot_pb=1.00|flight_commit=1.00|keepin_prop=0.00|keepin_zoom=1.350|edge_zoom=0.921|bounds
237,692.5,681.0,interp,0.50,743.3,540.0,414.7,0.0,657.2,1168.4,1,253.2,0,0,shot_pb=1.00|flight_commit=1.00|edge_zoom=0.931|bounds
238,704.9,677.6,interp,0.50,752.9,540.0,424.3,0.0,657.1,1168.2,1,256.0,0,1,shot_pb=1.00|flight_commit=1.00|keepin_prop=0.01|keepin_zoom=1.350|edge_zoom=0.923|bounds
239,717.2,674.2,interp,0.50,762.0,540.0,433.5,0.0,657.0,1168.0,1,259.2,0,0,shot_pb=1.00|flight_commit=1.00|edge_zoom=0.933|bounds
240,729.1,670.9,interp,0.50,770.8,540.0,442.4,0.0,656.8,1167.7,1,262.3,0,1,shot_pb=1.00|flight_commit=1.00|keepin_prop=0.02|keepin_zoom=1.350|edge_zoom=0.924|bounds
241,740.9,667.7,interp,0.50,779.3,540.0,451.0,0.0,656.6,1167.4,1,265.6,0,0,shot_pb=1.00|flight_commit=1.00|edge_zoom=0.936|bounds
242,752.3,664.6,interp,0.50,787.5,540.0,459.3,0.0,656.4,1167.0,1,268.8,0,1,shot_pb=1.00|flight_commit=1.00|keepin_prop=0.06|keepin_zoom=1.350|edge_zoom=0.922|bounds
243,763.5,661.6,interp,0.50,795.5,540.0,467.4,0.0,656.2,1166.6,1,272.0,0,1,shot_pb=1.00|flight_commit=1.00|keepin_prop=0.00|keepin_zoom=1.350|edge_zoom=0.930|bounds
244,774.4,658.7,interp,0.50,803.2,540.0,475.1,0.0,656.0,1166.3,1,275.2,0,0,shot_pb=1.00|flight_commit=1.00|edge_zoom=0.940|bounds
245,785.0,655.9,interp,0.50,810.6,540.0,482.7,0.0,655.8,1165.9,1,278.4,0,1,shot_pb=1.00|flight_commit=1.00|keepin_prop=0.04|keepin_zoom=1.350|edge_zoom=0.927|bounds
246,795.3,653.2,interp,0.50,817.8,540.0,490.0,0.0,655.7,1165.6,1,281.5,0,0,shot_pb=1.00|flight_commit=1.00|edge_zoom=0.942|bounds
247,805.2,650.7,interp,0.50,824.8,540.0,497.1,0.0,655.5,1165.3,1,284.4,0,1,shot_pb=1.00|flight_commit=1.00|keepin_prop=0.09|keepin_zoom=1.350|edge_zoom=0.923|bounds
248,814.8,648.3,interp,0.50,831.6,540.0,503.9,0.0,655.4,1165.1,1,287.2,0,1,shot_pb=1.00|flight_commit=1.00|keepin_prop=0.00|keepin_zoom=1.350|edge_zoom=0.935|bounds
249,824.1,646.0,interp,0.50,838.2,540.0,510.6,0.0,655.2,1164.9,1,289.9,0,0,shot_pb=1.00|flight_commit=1.00|edge_zoom=0.944|bounds
250,833.0,643.8,interp,0.50,844.5,540.0,517.0,0.0,655.1,1164.7,1,292.5,0,1,shot_pb=1.00|flight_commit=1.00|keepin_prop=0.06|keepin_zoom=1.350|edge_zoom=0.930|bounds
251,841.5,641.8,interp,0.50,850.6,540.0,523.1,0.0,655.0,1164.5,1,294.9,0,1,shot_pb=1.00|flight_commit=1.00|keepin_prop=0.00|keepin_zoom=1.350|edge_zoom=0.938|bounds
252,849.7,640.0,interp,0.50,856.5,540.0,529.1,0.0,654.9,1164.3,1,297.2,0,0,shot_pb=1.00|flight_commit=1.00|person_ctx=3|edge_zoom=0.946|bounds
253,857.4,638.3,interp,0.50,862.2,540.0,534.8,0.0,654.8,1164.1,1,299.2,0,1,shot_pb=1.00|flight_commit=1.00|keepin_prop=0.06|keepin_zoom=1.350|edge_zoom=0.932|bounds
254,864.8,636.9,interp,0.50,867.5,540.0,540.2,0.0,654.7,1163.9,1,301.3,0,1,shot_pb=1.00|flight_commit=1.00|keepin_prop=0.00|keepin_zoom=1.350|edge_zoom=0.940|bounds
255,871.7,635.6,interp,0.50,872.5,540.0,545.2,0.0,654.7,1163.8,1,303.2,0,0,shot_pb=1.00|flight_commit=1.00|edge_zoom=0.946|bounds
256,878.2,634.5,interp,0.50,877.1,540.0,549.8,0.0,654.6,1163.8,1,302.9,0,1,shot_pb=1.00|flight_commit=1.00|keepin_prop=0.08|keepin_zoom=1.350|edge_zoom=0.933|bounds
257,884.2,633.7,interp,0.50,881.1,540.0,553.8,0.0,654.7,1163.9,1,300.9,0,1,shot_pb=1.00|flight_commit=1.00|keepin_prop=0.00|keepin_zoom=1.350|edge_zoom=0.941|bounds
258,889.7,633.1,interp,0.50,884.5,540.0,557.1,0.0,654.8,1164.0,1,298.8,0,0,shot_pb=1.00|flight_commit=1.00|edge_zoom=0.945|bounds
259,894.8,632.8,interp,0.50,887.0,540.0,559.5,0.0,654.9,1164.3,1,296.2,0,1,shot_pb=1.00|flight_commit=1.00|keepin_prop=0.10|keepin_zoom=1.350|edge_zoom=0.931|bounds
260,899.3,632.8,interp,0.50,888.4,540.0,560.9,0.0,655.1,1164.6,1,293.1,0,1,shot_pb=1.00|flight_commit=1.00|keepin_prop=0.01|keepin_zoom=1.350|edge_zoom=0.941|bounds
261,903.2,633.1,interp,0.50,888.7,540.0,561.0,0.0,655.3,1165.0,1,289.5,0,0,shot_pb=1.00|flight_commit=1.00|edge_zoom=0.939|bounds
262,906.6,633.8,interp,0.50,887.5,540.0,559.7,0.0,655.6,1165.5,1,284.9,0,1,shot_pb=1.00|flight_commit=1.00|keepin_prop=0.11|keepin_zoom=1.350|edge_zoom=0.929|bounds
263,909.3,634.8,interp,0.50,884.9,540.0,556.9,0.0,655.9,1166.0,1,279.6,0,1,shot_pb=1.00|flight_commit=1.00|keepin_prop=0.00|keepin_zoom=1.350|edge_zoom=0.940|bounds
264,911.4,636.3,interp,0.50,880.5,540.0,552.4,0.0,656.2,1166.5,1,273.1,0,0,shot_pb=1.00|flight_commit=1.00|edge_zoom=0.920|bounds
265,912.7,638.3,interp,0.50,874.5,540.0,546.3,0.0,656.5,1167.0,1,265.8,0,0,shot_pb=1.00|flight_commit=1.00|person_ctx=4|edge_zoom=0.911|bounds
266,913.3,640.8,interp,0.50,866.9,540.0,538.6,0.0,656.7,1167.5,1,257.6,0,0,shot_pb=1.00|flight_commit=1.00|edge_zoom=0.905|bounds
267,913.1,643.9,interp,0.50,857.8,540.0,529.4,0.0,656.9,1167.8,1,248.7,0,0,shot_pb=1.00|flight_commit=1.00|person_ctx=4|edge_zoom=0.903|bounds
268,911.9,647.6,interp,0.50,847.4,540.0,518.9,0.0,657.1,1168.1,1,239.5,0,0,shot_pb=1.00|flight_commit=1.00|person_ctx=3|edge_zoom=0.903|bounds
269,909.8,652.1,interp,0.50,836.0,540.0,507.4,0.0,657.2,1168.4,1,230.2,0,0,shot_pb=1.00|flight_commit=1.00|edge_zoom=0.903|bounds
270,906.7,657.4,interp,0.50,823.9,540.0,495.2,0.0,657.3,1168.6,1,221.2,0,0,shot_pb=1.00|flight_commit=1.00|edge_zoom=0.903|bounds
271,902.4,663.7,interp,0.50,811.4,540.0,482.7,0.0,657.4,1168.7,1,213.0,0,0,shot_pb=1.00|flight_commit=1.00|edge_zoom=0.901|bounds
272,896.8,670.9,interp,0.50,798.8,540.0,470.1,0.0,657.4,1168.8,1,206.0,0,0,shot_pb=1.00|flight_commit=1.00|edge_zoom=0.900|bounds
273,889.8,679.4,interp,0.50,786.5,540.0,457.7,0.0,657.5,1168.8,1,200.7,0,1,shot_pb=1.00|flight_commit=1.00|keepin_prop=0.00|keepin_zoom=1.350|edge_zoom=0.923|bounds
274,881.3,689.2,interp,0.50,774.5,540.0,445.8,0.0,657.5,1168.9,1,197.2,0,0,shot_pb=1.00|flight_commit=1.00|edge_zoom=0.894|bounds
275,871.1,700.4,interp,0.50,763.1,540.0,434.4,0.0,657.5,1168.9,1,196.0,0,0,shot_pb=1.00|flight_commit=1.00|edge_zoom=0.890|bounds
276,859.0,713.3,interp,0.50,752.3,540.0,423.5,0.0,657.5,1168.9,1,197.3,0,1,shot_pb=1.00|flight_commit=1.00|keepin_prop=0.01|keepin_zoom=1.350|edge_zoom=0.909|bounds
277,844.8,728.2,interp,0.50,742.0,540.0,413.2,0.0,657.5,1168.9,1,201.2,0,0,shot_pb=1.00|flight_commit=1.00|edge_zoom=0.880|bounds
278,826.9,747.7,blended,0.69,732.0,540.0,403.3,0.0,657.5,1168.9,1,209.1,0,0,shot_pb=1.00|flight_commit=1.00|edge_zoom=0.872|bounds
279,805.4,767.9,yolo,0.38,722.3,540.0,393.5,0.0,657.5,1168.9,1,220.9,0,1,shot_pb=1.00|flight_commit=1.00|keepin_prop=0.00|keepin_zoom=1.350|edge_zoom=0.889|bounds
280,781.4,792.0,interp,0.38,712.6,540.0,383.8,0.0,657.5,1168.9,1,235.2,0,1,shot_pb=1.00|flight_commit=1.00|keepin_prop=0.00|keepin_zoom=1.350|edge_zoom=0.880|bounds
281,756.1,817.1,yolo,0.39,702.7,540.0,373.9,0.0,657.5,1168.9,1,250.6,0,1,shot_pb=1.00|flight_commit=1.00|keepin_prop=0.01|keepin_zoom=1.350|edge_zoom=0.868|bounds
282,733.9,839.4,interp,0.38,692.5,540.0,363.7,0.0,657.5,1168.9,1,262.6,0,1,shot_pb=1.00|flight_commit=1.00|keepin_prop=0.03|keepin_zoom=1.350|edge_zoom=0.854|bounds
283,702.1,868.7,interp,0.38,681.8,540.0,353.0,0.0,657.5,1168.9,1,283.7,0,1,accel_zoom=0.932|shot_pb=1.00|flight_commit=1.00|keepin_prop=0.08|keepin_zoom=1.350|edge_zoom=0.829|bounds
284,675.1,893.5,interp,0.38,670.5,540.0,341.7,0.0,657.5,1168.9,1,275.4,0,1,accel_zoom=0.932|shot_pb=1.00|flight_commit=1.00|keepin_prop=0.14|keepin_zoom=1.350|edge_zoom=0.802|bounds
285,649.0,916.7,interp,0.38,658.8,540.0,330.0,0.0,657.5,1168.9,1,252.2,0,1,shot_pb=1.00|flight_commit=1.00|keepin_prop=0.21|keepin_zoom=1.350|edge_zoom=0.770|bounds
286,624.1,937.9,interp,0.38,646.6,540.0,317.8,0.0,657.5,1168.9,1,231.0,0,1,shot_pb=1.00|flight_commit=1.00|keepin_prop=0.28|keepin_zoom=1.350|edge_zoom=0.750|bounds
287,600.6,955.6,interp,0.38,634.1,540.0,305.4,0.0,657.5,1168.9,1,213.3,0,1,shot_pb=1.00|flight_commit=1.00|keepin_prop=0.36|keepin_zoom=1.350|edge_zoom=0.750|bounds
288,578.7,970.2,interp,0.38,621.7,540.0,292.9,0.0,657.5,1168.9,1,198.7,0,1,shot_pb=1.00|flight_commit=1.00|keepin_prop=0.43|keepin_zoom=1.350|edge_zoom=0.750|bounds
289,558.5,982.9,interp,0.38,609.4,540.0,280.6,0.0,657.5,1168.9,1,186.0,0,1,shot_pb=1.00|flight_commit=1.00|keepin_prop=0.50|keepin_zoom=1.350|edge_zoom=0.750|bounds
290,540.3,994.1,interp,0.38,597.7,540.0,268.9,0.0,657.5,1168.9,1,174.8,0,1,shot_pb=1.00|flight_commit=1.00|keepin_prop=0.55|keepin_zoom=1.350|edge_zoom=0.750|bounds
291,524.1,1003.9,interp,0.38,586.8,540.0,258.0,0.0,657.5,1168.9,1,165.0,0,1,shot_pb=1.00|flight_commit=1.00|keepin_prop=0.61|keepin_zoom=1.350|edge_zoom=0.750|bounds
292,510.1,1012.4,interp,0.38,577.0,540.0,248.3,0.0,657.5,1168.9,1,156.5,0,1,shot_pb=1.00|flight_commit=1.00|keepin_prop=0.65|keepin_zoom=1.350|edge_zoom=0.750|bounds
293,498.3,1019.9,interp,0.38,568.7,540.0,239.9,0.0,657.5,1168.9,1,149.0,0,1,shot_pb=1.00|flight_commit=1.00|keepin_prop=0.69|keepin_zoom=1.350|edge_zoom=0.750|bounds
294,488.9,1026.3,interp,0.38,562.1,540.0,233.3,0.0,657.5,1168.9,1,142.6,1,1,shot_pb=1.00|flight_commit=1.00|keepin_prop=0.73|keepin_zoom=1.350|speed|edge_zoom=0.750|bounds
295,482.1,1031.9,interp,0.38,557.4,540.0,228.6,0.0,657.5,1168.9,1,137.0,1,1,shot_pb=1.00|flight_commit=1.00|keepin_prop=0.75|keepin_zoom=1.350|speed|edge_zoom=0.750|bounds
296,477.8,1036.7,interp,0.38,554.8,540.0,226.1,0.0,657.5,1168.9,1,132.2,1,1,shot_pb=1.00|flight_commit=1.00|keepin_prop=0.75|keepin_zoom=1.350|speed|edge_zoom=0.750|bounds
297,476.4,1040.7,interp,0.38,554.7,540.0,225.9,0.0,657.5,1168.9,1,128.2,0,1,shot_pb=1.00|flight_commit=1.00|keepin_prop=0.89|keepin_zoom=1.350|edge_zoom=0.750|bounds
298,477.9,1044.2,interp,0.38,557.0,540.0,228.3,0.0,657.5,1168.9,1,124.7,0,1,shot_pb=1.00|flight_commit=1.00|keepin_prop=0.91|keepin_zoom=1.350|edge_zoom=0.750|bounds
299,482.7,1047.0,interp,0.38,562.1,540.0,233.3,0.0,657.5,1168.9,1,121.9,0,1,shot_pb=1.00|flight_commit=1.00|keepin_prop=0.91|keepin_zoom=1.350|edge_zoom=0.750|bounds
300,490.9,1049.3,interp,0.38,569.9,540.0,241.1,0.0,657.5,1168.9,1,119.6,0,1,shot_pb=1.00|flight_commit=1.00|keepin_prop=0.91|keepin_zoom=1.350|edge_zoom=0.750|bounds
301,502.8,1051.1,interp,0.38,580.5,540.0,251.7,0.0,657.5,1168.9,1,117.8,0,1,shot_pb=1.00|flight_commit=1.00|keepin_prop=0.91|keepin_zoom=1.350|edge_zoom=0.750|bounds
302,518.7,1052.5,interp,0.38,593.9,540.0,265.1,0.0,657.5,1168.9,1,116.4,0,1,shot_pb=1.00|flight_commit=1.00|keepin_prop=0.91|keepin_zoom=1.350|edge_zoom=0.750|bounds
303,539.1,1053.3,interp,0.38,610.0,540.0,281.2,0.0,657.5,1168.9,1,115.6,0,1,shot_pb=1.00|flight_commit=1.00|keepin_prop=0.91|keepin_zoom=1.350|edge_zoom=0.750|bounds
304,564.3,1053.8,interp,0.38,628.7,540.0,299.9,0.0,657.5,1168.9,1,115.1,0,1,shot_pb=1.00|flight_commit=1.00|keepin_prop=0.91|keepin_zoom=1.350|edge_zoom=0.750|bounds
305,594.9,1053.8,interp,0.38,649.7,540.0,320.9,0.0,657.5,1168.9,1,115.1,0,1,shot_pb=1.00|flight_commit=1.00|keepin_prop=0.91|keepin_zoom=1.350|edge_zoom=0.750|bounds
306,631.5,1053.4,interp,0.38,672.8,540.0,344.0,0.0,657.5,1168.9,1,115.5,0,1,shot_pb=1.00|flight_commit=1.00|keepin_prop=0.91|keepin_zoom=1.350|edge_zoom=0.750|bounds
307,674.8,1052.5,interp,0.38,697.5,540.0,368.7,0.0,657.5,1168.9,1,116.4,0,1,shot_pb=1.00|flight_commit=1.00|keepin_prop=0.91|keepin_zoom=1.350|edge_zoom=0.750|bounds
308,778.5,1048.9,blended,0.73,723.4,540.0,394.7,0.0,657.5,1168.9,1,120.0,0,1,accel_zoom=0.857|shot_pb=1.00|flight_commit=1.00|keepin_prop=0.91|keepin_zoom=1.350|flight_boost=1.10|edge_zoom=0.750|bounds
309,823.8,1048.3,yolo,0.41,750.2,540.0,421.4,0.0,657.5,1168.9,1,120.6,0,1,shot_pb=1.00|flight_commit=1.00|keepin_prop=0.91|keepin_zoom=1.350|flight_boost=1.17|edge_zoom=0.750|bounds
310,865.2,1047.0,interp,0.38,777.3,540.0,448.5,0.0,657.5,1168.9,1,121.9,0,1,shot_pb=1.00|flight_commit=1.00|keepin_prop=0.91|keepin_zoom=1.350|flight_boost=1.21|edge_zoom=0.750|bounds
311,902.8,1045.7,yolo,0.52,804.3,540.0,475.6,0.0,657.5,1168.9,1,123.2,0,1,shot_pb=1.00|flight_commit=1.00|keepin_prop=0.91|keepin_zoom=1.350|flight_boost=1.23|edge_zoom=0.750|bounds
312,937.1,1044.4,interp,0.38,831.0,540.0,502.2,0.0,657.5,1168.9,1,124.5,0,1,shot_pb=1.00|flight_commit=1.00|keepin_prop=0.91|keepin_zoom=1.350|flight_boost=1.22|edge_zoom=0.750|bounds
313,968.6,1042.9,interp,0.38,856.9,540.0,528.1,0.0,657.5,1168.9,1,126.0,0,1,shot_pb=1.00|flight_commit=1.00|keepin_prop=0.91|keepin_zoom=1.350|flight_boost=1.19|edge_zoom=0.750|bounds
314,997.7,1041.3,interp,0.38,881.8,540.0,553.0,0.0,657.5,1168.9,1,127.6,0,1,shot_pb=1.00|flight_commit=1.00|keepin_prop=0.91|keepin_zoom=1.350|edge_zoom=0.750|bounds
315,1024.7,1039.6,yolo,0.48,905.6,540.0,576.8,0.0,657.5,1168.9,1,129.3,0,1,shot_pb=1.00|flight_commit=1.00|keepin_prop=0.91|keepin_zoom=1.350|edge_zoom=0.750|bounds
316,1050.9,1037.8,yolo,0.47,928.1,540.0,599.4,0.0,657.5,1168.9,1,131.1,0,1,shot_pb=1.00|flight_commit=1.00|keepin_prop=0.91|keepin_zoom=1.350|edge_zoom=0.750|bounds
317,1075.4,1035.8,yolo,0.52,949.4,540.0,620.6,0.0,657.5,1168.9,1,133.1,0,1,shot_pb=1.00|flight_commit=1.00|keepin_prop=0.91|keepin_zoom=1.350|edge_zoom=0.750|bounds
318,1098.4,1033.5,yolo,0.53,969.5,540.0,640.7,0.0,657.5,1168.9,1,135.4,0,1,shot_pb=1.00|flight_commit=1.00|keepin_prop=0.91|keepin_zoom=1.350|edge_zoom=0.750|bounds
319,1120.0,1031.1,yolo,0.57,988.3,540.0,659.5,0.0,657.5,1168.9,1,137.8,0,1,shot_pb=1.00|flight_commit=1.00|keepin_prop=0.90|keepin_zoom=1.350|edge_zoom=0.750|bounds
320,1140.4,1028.3,yolo,0.59,1006.0,540.0,677.3,0.0,657.5,1168.9,1,140.6,0,1,shot_pb=1.00|flight_commit=1.00|keepin_prop=0.88|keepin_zoom=1.350|edge_zoom=0.750|bounds
321,1159.5,1025.3,yolo,0.51,1022.7,540.0,694.0,0.0,657.5,1168.9,1,143.6,0,1,shot_pb=1.00|flight_commit=1.00|pb_zfit|keepin_prop=0.87|keepin_zoom=1.350|edge_zoom=0.750|bounds
322,1177.4,1021.8,interp,0.38,1038.5,540.0,709.7,0.0,657.5,1168.9,1,147.1,0,1,shot_pb=1.00|flight_commit=1.00|pb_zfit|keepin_prop=0.85|keepin_zoom=1.350|edge_zoom=0.750|bounds
323,1194.5,1017.9,yolo,0.46,1053.4,540.0,724.6,0.0,657.5,1168.9,1,151.0,0,1,shot_pb=1.00|flight_commit=1.00|pb_zfit|keepin_prop=0.83|keepin_zoom=1.350|edge_zoom=0.750|bounds
324,1210.8,1013.4,interp,0.38,1067.5,540.0,738.7,0.0,657.5,1168.9,1,155.5,0,1,shot_pb=1.00|flight_commit=1.00|pb_zfit|keepin_prop=0.81|keepin_zoom=1.350|edge_zoom=0.750|bounds
325,1226.6,1008.5,interp,0.38,1081.0,540.0,752.2,0.0,657.5,1168.9,1,158.4,0,1,shot_pb=1.00|flight_commit=1.00|pb_zfit|keepin_prop=0.79|keepin_zoom=1.350|edge_zoom=0.750|bounds
326,1241.9,1003.1,interp,0.38,1093.8,540.0,765.0,0.0,657.5,1168.9,1,155.9,0,1,shot_pb=1.00|flight_commit=1.00|pb_zfit|keepin_prop=0.76|keepin_zoom=1.350|edge_zoom=0.750|bounds
327,1256.8,997.2,yolo,0.41,1106.1,540.0,777.3,0.0,657.5,1168.9,1,153.3,0,1,shot_pb=1.00|flight_commit=1.00|pb_zfit|keepin_prop=0.73|keepin_zoom=1.350|edge_zoom=0.750|bounds
328,1272.0,990.4,interp,0.38,1117.9,540.0,789.1,0.0,657.5,1168.9,1,149.9,0,1,shot_pb=1.00|flight_commit=1.00|pb_zfit|keepin_prop=0.70|keepin_zoom=1.350|edge_zoom=0.750|bounds
329,1287.0,983.1,yolo,0.48,1129.2,540.0,800.4,0.0,657.5,1168.9,1,146.2,0,1,shot_pb=1.00|flight_commit=1.00|pb_zfit|keepin_prop=0.66|keepin_zoom=1.350|edge_zoom=0.750|bounds
330,1302.3,974.8,yolo,0.58,1140.1,540.0,811.3,0.0,657.5,1168.9,1,141.8,0,1,shot_pb=1.00|flight_commit=1.00|pb_zfit|keepin_prop=0.62|keepin_zoom=1.350|edge_zoom=0.750|bounds
331,1316.9,966.4,yolo,0.67,1150.5,540.0,821.8,0.0,657.5,1168.9,1,137.6,0,1,shot_pb=1.00|flight_commit=1.00|pb_zfit|keepin_prop=0.58|keepin_zoom=1.350|edge_zoom=0.750|bounds
332,1330.9,958.0,yolo,0.73,1160.6,540.0,831.8,0.0,657.5,1168.9,1,133.7,0,1,shot_pb=1.00|flight_commit=1.00|pb_zfit|keepin_prop=0.54|keepin_zoom=1.350|edge_zoom=0.750|bounds
333,1344.0,949.5,yolo,0.77,1170.2,540.0,841.4,0.0,657.5,1168.9,1,130.2,0,1,shot_pb=1.00|flight_commit=1.00|pb_zfit|keepin_prop=0.50|keepin_zoom=1.350|edge_zoom=0.750|bounds
334,1356.4,941.1,yolo,0.80,1179.4,540.0,850.6,0.0,657.5,1168.9,1,127.0,0,1,shot_pb=1.00|flight_commit=1.00|pb_zfit|keepin_prop=0.47|keepin_zoom=1.350|edge_zoom=0.750|bounds
335,1368.0,932.8,yolo,0.83,1188.2,540.0,859.4,0.0,657.5,1168.9,1,124.2,0,1,shot_pb=1.00|flight_commit=1.00|pb_zfit|keepin_prop=0.43|keepin_zoom=1.350|edge_zoom=0.750|bounds
336,1379.0,924.7,yolo,0.82,1196.5,540.0,867.8,0.0,657.5,1168.9,1,121.5,0,1,shot_pb=1.00|flight_commit=1.00|pb_zfit|keepin_prop=0.39|keepin_zoom=1.350|edge_zoom=0.750|bounds
337,1389.2,916.7,yolo,0.85,1204.5,540.0,875.7,0.0,657.5,1168.9,1,119.3,0,1,shot_pb=1.00|flight_commit=1.00|pb_zfit|keepin_prop=0.36|keepin_zoom=1.350|edge_zoom=0.750|bounds
338,1398.8,908.9,yolo,0.85,1212.0,540.0,883.2,0.0,657.5,1168.9,1,117.2,0,1,shot_pb=1.00|flight_commit=1.00|pb_zfit|keepin_prop=0.33|keepin_zoom=1.350|edge_zoom=0.750|bounds
339,1407.8,901.2,yolo,0.84,1219.1,540.0,890.3,0.0,657.5,1168.9,1,115.3,0,1,shot_pb=1.00|flight_commit=1.00|pb_zfit|keepin_prop=0.31|keepin_zoom=1.350|edge_zoom=0.750|bounds
340,1416.1,893.7,yolo,0.78,1225.7,540.0,896.9,0.0,657.5,1168.9,1,113.6,0,1,shot_pb=1.00|flight_commit=1.00|pb_zfit|keepin_prop=0.28|keepin_zoom=1.350|edge_zoom=0.762|bounds
341,1423.9,886.5,yolo,0.75,1231.9,540.0,903.1,0.0,657.5,1168.9,1,112.0,0,1,shot_pb=1.00|flight_commit=1.00|pb_zfit|keepin_prop=0.25|keepin_zoom=1.350|edge_zoom=0.773|bounds
342,1431.0,879.4,yolo,0.77,1237.6,540.0,908.8,0.0,657.5,1168.9,1,110.6,0,1,shot_pb=1.00|flight_commit=1.00|pb_zfit|keepin_prop=0.23|keepin_zoom=1.350|edge_zoom=0.783|bounds
343,1437.5,872.4,yolo,0.65,1242.8,540.0,914.1,0.0,657.5,1168.9,1,109.3,0,1,shot_pb=1.00|flight_commit=1.00|pb_zfit|keepin_prop=0.21|keepin_zoom=1.350|edge_zoom=0.792|bounds
344,1443.4,865.5,yolo,0.65,1247.6,540.0,918.8,0.0,657.5,1168.9,1,108.2,0,1,shot_pb=1.00|flight_commit=1.00|pb_zfit|keepin_prop=0.19|keepin_zoom=1.350|edge_zoom=0.801|bounds
345,1448.7,858.6,yolo,0.70,1251.9,540.0,923.1,0.0,657.5,1168.9,1,107.2,0,1,shot_pb=1.00|flight_commit=1.00|pb_zfit|keepin_prop=0.18|keepin_zoom=1.350|edge_zoom=0.809|bounds
346,1453.3,851.9,yolo,0.71,1255.7,540.0,926.9,0.0,657.5,1168.9,1,106.4,0,1,shot_pb=1.00|flight_commit=1.00|pb_zfit|keepin_prop=0.16|keepin_zoom=1.350|edge_zoom=0.816|bounds
347,1457.2,845.4,yolo,0.60,1258.9,540.0,930.2,0.0,657.5,1168.9,1,105.7,0,1,shot_pb=1.00|flight_commit=1.00|pb_zfit|keepin_prop=0.14|keepin_zoom=1.350|edge_zoom=0.823|bounds
348,1460.4,838.9,yolo,0.64,1261.7,540.0,932.9,0.0,657.5,1168.9,1,105.3,0,1,shot_pb=1.00|flight_commit=1.00|pb_zfit|keepin_prop=0.13|keepin_zoom=1.350|edge_zoom=0.830|bounds
349,1462.7,832.4,yolo,0.57,1263.9,540.0,935.1,0.0,657.5,1168.9,1,105.2,0,1,shot_pb=1.00|flight_commit=1.00|pb_zfit|keepin_prop=0.12|keepin_zoom=1.350|edge_zoom=0.836|bounds
350,1464.1,825.9,yolo,0.64,1265.6,540.0,936.8,0.0,657.5,1168.9,1,105.5,0,1,shot_pb=1.00|flight_commit=1.00|pb_zfit|keepin_prop=0.11|keepin_zoom=1.350|edge_zoom=0.842|bounds
351,1464.3,819.3,yolo,0.56,1266.7,540.0,938.0,0.0,657.5,1168.9,1,106.4,0,1,shot_pb=1.00|flight_commit=1.00|pb_zfit|keepin_prop=0.09|keepin_zoom=1.350|edge_zoom=0.848|bounds
352,1463.5,812.6,yolo,0.58,1267.3,540.0,938.6,0.0,657.5,1168.9,1,107.8,0,1,shot_pb=1.00|flight_commit=1.00|pb_zfit|keepin_prop=0.08|keepin_zoom=1.350|edge_zoom=0.854|bounds
353,1461.5,805.9,yolo,0.60,1267.4,540.0,938.6,0.0,657.5,1168.9,1,109.9,0,1,shot_pb=1.00|flight_commit=1.00|pb_zfit|keepin_prop=0.06|keepin_zoom=1.350|edge_zoom=0.861|bounds
354,1456.4,798.3,interp,0.38,1266.9,540.0,938.1,0.0,657.5,1168.9,1,114.5,0,1,shot_pb=1.00|flight_commit=1.00|pb_zfit|keepin_prop=0.04|keepin_zoom=1.350|edge_zoom=0.868|bounds
355,1450.4,790.7,yolo,0.60,1265.9,540.0,937.1,0.0,657.5,1168.9,1,119.5,0,1,shot_pb=1.00|flight_commit=1.00|pb_zfit|keepin_prop=0.03|keepin_zoom=1.350|edge_zoom=0.874|bounds
356,1441.1,781.8,yolo,0.61,1264.3,540.0,935.5,0.0,657.5,1168.9,1,127.2,0,1,shot_pb=1.00|flight_commit=1.00|pb_zfit|keepin_prop=0.02|keepin_zoom=1.350|edge_zoom=0.880|bounds
357,1437.0,775.9,interp,0.38,1262.1,540.0,933.3,0.0,657.5,1168.9,1,129.1,0,1,shot_pb=1.00|flight_commit=1.00|pb_zfit|keepin_prop=0.02|keepin_zoom=1.350|edge_zoom=0.883|bounds
358,1433.6,770.6,interp,0.38,1259.3,540.0,930.6,0.0,657.5,1168.9,1,129.7,0,1,shot_pb=1.00|flight_commit=1.00|pb_zfit|keepin_prop=0.01|keepin_zoom=1.350|edge_zoom=0.886|bounds
359,1430.8,765.9,yolo,0.59,1255.9,540.0,927.2,0.0,657.5,1168.9,1,129.1,0,1,shot_pb=1.00|flight_commit=1.00|pb_zfit|keepin_prop=0.01|keepin_zoom=1.350|edge_zoom=0.888|bounds
360,1429.8,762.3,interp,0.38,1251.9,540.0,923.1,0.0,657.5,1168.9,1,126.1,0,1,shot_pb=1.00|flight_commit=1.00|pb_zfit|keepin_prop=0.01|keepin_zoom=1.350|edge_zoom=0.890|bounds
361,1429.0,759.1,yolo,0.53,1247.1,540.0,918.4,0.0,657.5,1168.9,1,122.1,0,1,shot_pb=1.00|flight_commit=1.00|pb_zfit|keepin_prop=0.01|keepin_zoom=1.350|edge_zoom=0.891|bounds
362,1427.4,755.9,interp,0.38,1241.7,540.0,912.9,0.0,657.5,1168.9,1,118.3,0,1,shot_pb=1.00|flight_commit=1.00|pb_zfit|keepin_prop=0.00|keepin_zoom=1.350|edge_zoom=0.893|bounds
363,1425.7,752.9,interp,0.38,1235.5,540.0,906.7,0.0,657.5,1168.9,1,113.8,0,1,shot_pb=1.00|flight_commit=1.00|pb_zfit|keepin_prop=0.00|keepin_zoom=1.350|edge_zoom=0.895|bounds
364,1423.9,750.1,interp,0.38,1228.6,540.0,899.9,0.0,657.5,1168.9,1,108.7,0,1,shot_pb=1.00|flight_commit=1.00|pb_zfit|keepin_prop=0.00|keepin_zoom=1.350|edge_zoom=0.896|bounds
365,1421.8,747.2,interp,0.38,1221.2,540.0,892.4,0.0,657.5,1168.9,1,103.4,0,1,shot_pb=1.00|flight_commit=1.00|pb_zfit|keepin_prop=0.00|keepin_zoom=1.350|edge_zoom=0.897|bounds
366,1419.4,744.3,yolo,0.47,1213.2,540.0,884.4,0.0,657.5,1168.9,1,97.8,0,1,shot_pb=1.00|flight_commit=1.00|pb_zfit|keepin_prop=0.00|keepin_zoom=1.350|edge_zoom=0.899|bounds
367,1416.2,741.2,interp,0.38,1204.8,540.0,876.0,0.0,657.5,1168.9,1,92.6,0,0,shot_pb=1.00|flight_commit=1.00|pb_zfit|edge_zoom=0.924|bounds
368,1412.6,737.9,interp,0.38,1196.1,540.0,867.3,0.0,657.5,1168.9,1,87.5,0,0,shot_pb=1.00|flight_commit=1.00|pb_zfit|edge_zoom=0.924|bounds
369,1408.5,734.4,interp,0.38,1187.3,540.0,858.5,0.0,657.5,1168.9,1,82.8,0,0,shot_pb=1.00|flight_commit=1.00|pb_zfit|edge_zoom=0.903|bounds
370,1404.0,730.6,interp,0.38,1178.4,540.0,849.7,0.0,657.5,1168.9,1,78.4,0,0,shot_pb=1.00|flight_commit=1.00|pb_zfit|edge_zoom=0.903|bounds
371,1399.1,726.5,interp,0.38,1169.7,540.0,840.9,0.0,657.5,1168.9,1,74.6,0,0,shot_pb=1.00|flight_commit=1.00|pb_zfit|edge_zoom=0.904|bounds
372,1393.7,722.0,interp,0.38,1161.1,540.0,832.4,0.0,657.5,1168.9,1,71.4,0,0,shot_pb=1.00|flight_commit=1.00|person_ctx=4|pb_zfit|edge_zoom=0.907|bounds
373,1387.8,717.0,interp,0.38,1152.8,540.0,824.0,0.0,657.5,1168.9,1,69.0,0,0,shot_pb=1.00|flight_commit=1.00|person_ctx=4|pb_zfit|edge_zoom=0.910|bounds
374,1381.3,711.4,interp,0.38,1144.6,540.0,815.9,0.0,657.5,1168.9,1,67.3,0,0,shot_pb=1.00|flight_commit=1.00|person_ctx=4|pb_zfit|edge_zoom=0.914|bounds
375,1374.2,705.2,yolo,0.41,1136.7,540.0,807.9,0.0,657.5,1168.9,1,66.5,0,0,shot_pb=1.00|flight_commit=1.00|pb_zfit|edge_zoom=0.918|bounds
376,1366.0,697.3,interp,0.38,1128.9,540.0,800.2,0.0,657.5,1168.9,1,66.9,0,0,shot_pb=1.00|flight_commit=1.00|pb_zfit|edge_zoom=0.930|bounds
377,1357.1,688.7,interp,0.38,1121.3,540.0,792.5,0.0,657.5,1168.9,1,68.2,0,0,shot_pb=1.00|flight_commit=1.00|pb_zfit|edge_zoom=0.934|bounds
378,1347.8,679.7,interp,0.38,1113.7,540.0,784.9,0.0,657.5,1168.9,1,69.9,0,0,shot_pb=1.00|flight_commit=1.00|pb_zfit|edge_zoom=0.937|bounds
379,1337.9,670.4,interp,0.38,1106.0,540.0,777.2,0.0,657.5,1168.9,1,72.1,0,0,shot_pb=1.00|flight_commit=1.00|pb_zfit|edge_zoom=0.939|bounds
380,1327.6,660.9,interp,0.38,1098.2,540.0,769.5,0.0,657.5,1168.9,1,74.6,0,1,shot_pb=1.00|flight_commit=1.00|pb_zfit|keepin_prop=0.00|keepin_zoom=1.350|edge_zoom=0.931|bounds
381,1317.0,651.3,interp,0.38,1090.3,540.0,761.5,0.0,657.5,1168.9,1,77.3,0,0,shot_pb=1.00|flight_commit=1.00|pb_zfit|edge_zoom=0.957|bounds
382,1305.9,641.8,interp,0.38,1082.1,540.0,753.3,0.0,657.5,1168.9,1,80.2,0,1,shot_pb=1.00|flight_commit=1.00|pb_zfit|keepin_prop=0.00|keepin_zoom=1.350|edge_zoom=0.938|bounds
383,1294.5,632.4,interp,0.38,1073.6,540.0,744.9,0.0,657.4,1168.8,1,83.1,0,0,shot_pb=1.00|flight_commit=1.00|pb_zfit|edge_zoom=0.963|bounds
384,1282.8,623.3,interp,0.38,1064.9,540.0,736.2,0.0,657.4,1168.7,1,86.1,0,1,shot_pb=1.00|flight_commit=1.00|pb_zfit|keepin_prop=0.00|keepin_zoom=1.350|edge_zoom=0.945|bounds
385,1270.8,614.6,interp,0.38,1055.8,540.0,727.2,0.0,657.3,1168.5,1,89.0,0,0,shot_pb=1.00|flight_commit=1.00|pb_zfit|edge_zoom=0.968|bounds
386,1258.5,606.5,interp,0.38,1046.5,540.0,718.0,0.0,657.1,1168.2,1,92.0,0,1,shot_pb=1.00|flight_commit=1.00|pb_zfit|keepin_prop=0.00|keepin_zoom=1.350|edge_zoom=0.951|bounds
387,1245.9,599.1,interp,0.38,1037.0,540.0,708.5,0.0,656.9,1167.9,1,95.1,0,0,shot_pb=1.00|flight_commit=1.00|pb_zfit|edge_zoom=0.972|bounds
388,1233.0,592.5,interp,0.38,1027.1,540.0,698.8,0.0,656.7,1167.4,1,98.1,0,1,shot_pb=1.00|flight_commit=1.00|pb_zfit|keepin_prop=0.01|keepin_zoom=1.350|edge_zoom=0.956|bounds
389,1217.5,588.9,blended,0.72,1017.1,540.0,688.9,0.0,656.3,1166.8,1,103.6,0,0,shot_pb=1.00|flight_commit=1.00|pb_zfit|edge_zoom=0.966|bounds
390,1207.6,583.1,interp,0.38,1006.9,540.0,678.9,0.0,655.9,1166.1,1,103.3,0,1,shot_pb=1.00|flight_commit=1.00|pb_zfit|keepin_prop=0.02|keepin_zoom=1.350|edge_zoom=0.961|bounds
391,1192.4,582.5,blended,0.72,996.4,540.0,668.6,0.0,655.5,1165.3,1,108.0,0,0,shot_pb=1.00|flight_commit=1.00|pb_zfit|edge_zoom=0.962|bounds
392,1178.9,580.7,blended,0.71,985.7,540.0,658.2,0.0,655.0,1164.5,1,110.8,0,1,shot_pb=1.00|flight_commit=1.00|pb_zfit|keepin_prop=0.07|keepin_zoom=1.350|edge_zoom=0.956|bounds
393,1168.7,576.7,interp,0.38,974.7,540.0,647.4,0.0,654.5,1163.6,1,110.0,0,0,shot_pb=1.00|flight_commit=1.00|pb_zfit|edge_zoom=0.975|bounds
394,1151.6,578.7,blended,0.70,963.3,540.0,636.3,0.0,654.1,1162.9,1,115.7,0,1,shot_pb=1.00|flight_commit=1.00|pb_zfit|keepin_prop=0.08|keepin_zoom=1.350|edge_zoom=0.957|bounds
395,1137.5,578.2,blended,0.71,951.6,540.0,624.7,0.0,653.8,1162.3,1,118.1,0,1,shot_pb=1.00|flight_commit=1.00|pb_zfit|keepin_prop=0.00|keepin_zoom=1.350|edge_zoom=0.962|bounds
396,1125.0,576.3,interp,0.38,939.5,540.0,612.7,0.0,653.6,1162.0,1,118.5,0,0,shot_pb=1.00|flight_commit=1.00|pb_zfit|edge_zoom=0.968|bounds
397,1108.7,577.7,interp,0.38,927.0,540.0,600.3,0.0,653.5,1161.8,1,122.3,0,1,shot_pb=1.00|flight_commit=1.00|keepin_prop=0.04|keepin_zoom=1.350|edge_zoom=0.960|bounds
398,1091.2,580.0,interp,0.38,914.1,540.0,587.3,0.0,653.6,1162.0,1,126.9,0,0,shot_pb=1.00|flight_commit=1.00|edge_zoom=0.957|bounds
399,1072.6,583.2,yolo,0.29,900.8,540.0,573.9,0.0,653.9,1162.4,1,132.2,0,1,shot_pb=1.00|flight_commit=1.00|keepin_prop=0.06|keepin_zoom=1.350|edge_zoom=0.956|bounds
400,1049.7,588.4,blended,0.79,887.3,540.0,560.2,0.0,654.2,1163.0,1,141.6,0,0,accel_zoom=0.940|shot_pb=1.00|flight_commit=1.00|edge_zoom=0.951|bounds
401,1027.4,593.6,yolo,0.39,873.4,540.0,546.1,0.0,654.6,1163.8,1,150.0,0,1,accel_zoom=0.940|shot_pb=1.00|flight_commit=1.00|keepin_prop=0.01|keepin_zoom=1.350|edge_zoom=0.955|bounds
402,1005.6,599.3,yolo,0.48,859.5,540.0,532.0,0.0,655.1,1164.6,1,157.9,0,0,shot_pb=1.00|flight_commit=1.00|edge_zoom=0.945|bounds
403,984.7,605.3,yolo,0.51,845.6,540.0,517.8,0.0,655.6,1165.4,1,164.9,0,1,shot_pb=1.00|flight_commit=1.00|keepin_prop=0.02|keepin_zoom=1.350|edge_zoom=0.951|bounds
404,964.8,611.5,yolo,0.52,831.8,540.0,503.8,0.0,656.0,1166.2,1,171.0,0,0,shot_pb=1.00|flight_commit=1.00|edge_zoom=0.939|bounds
405,944.9,622.9,centroid,0.22,818.2,540.0,490.0,0.0,656.4,1166.9,1,177.3,0,1,shot_pb=1.00|flight_commit=1.00|keepin_prop=0.01|keepin_zoom=1.350|edge_zoom=0.944|bounds
406,927.3,628.5,centroid,0.23,804.9,540.0,476.6,0.0,656.7,1167.5,1,181.6,0,0,shot_pb=1.00|flight_commit=1.00|edge_zoom=0.933|bounds
407,910.4,633.0,centroid,0.23,792.1,540.0,463.6,0.0,657.0,1167.9,1,185.7,0,1,shot_pb=1.00|flight_commit=1.00|keepin_prop=0.04|keepin_zoom=1.350|edge_zoom=0.938|bounds
408,894.1,636.5,centroid,0.23,779.7,540.0,451.2,0.0,657.2,1168.3,1,189.6,0,0,shot_pb=1.00|flight_commit=1.00|edge_zoom=0.933|bounds
409,874.8,633.6,interp,0.32,767.9,540.0,439.3,0.0,657.3,1168.5,1,197.1,0,1,shot_pb=1.00|flight_commit=1.00|keepin_prop=0.05|keepin_zoom=1.350|edge_zoom=0.936|bounds
410,859.1,635.7,interp,0.32,756.8,540.0,428.1,0.0,657.4,1168.7,1,201.7,0,0,shot_pb=1.00|flight_commit=1.00|edge_zoom=0.935|bounds
411,844.5,637.9,interp,0.32,746.2,540.0,417.5,0.0,657.4,1168.8,1,205.7,0,1,shot_pb=1.00|flight_commit=1.00|keepin_prop=0.08|keepin_zoom=1.350|edge_zoom=0.931|bounds
412,830.9,640.1,interp,0.32,736.4,540.0,407.7,0.0,657.5,1168.8,1,209.5,0,1,shot_pb=1.00|flight_commit=1.00|keepin_prop=0.00|keepin_zoom=1.350|edge_zoom=0.939|bounds
413,818.4,642.2,interp,0.32,727.4,540.0,398.7,0.0,657.4,1168.8,1,213.0,0,0,shot_pb=1.00|flight_commit=1.00|edge_zoom=0.932|bounds
414,806.8,644.2,interp,0.32,719.3,540.0,390.6,0.0,657.4,1168.7,1,216.5,0,1,shot_pb=1.00|flight_commit=1.00|keepin_prop=0.04|keepin_zoom=1.350|edge_zoom=0.933|bounds
415,796.3,646.1,interp,0.32,712.1,540.0,383.4,0.0,657.3,1168.6,1,219.8,0,0,shot_pb=1.00|flight_commit=1.00|edge_zoom=0.930|bounds
416,786.8,647.9,interp,0.32,706.0,540.0,377.4,0.0,657.2,1168.4,1,223.2,0,1,shot_pb=1.00|flight_commit=1.00|keepin_prop=0.07|keepin_zoom=1.350|edge_zoom=0.927|bounds
417,778.3,649.5,interp,0.32,701.1,540.0,372.6,0.0,657.1,1168.1,1,226.8,0,1,shot_pb=1.00|flight_commit=1.00|keepin_prop=0.00|keepin_zoom=1.350|edge_zoom=0.935|bounds
418,770.8,651.0,interp,0.32,697.7,540.0,369.2,0.0,656.8,1167.7,1,230.9,0,0,shot_pb=1.00|flight_commit=1.00|edge_zoom=0.929|bounds
419,764.2,652.3,interp,0.32,695.7,540.0,367.5,0.0,656.6,1167.2,1,235.5,0,1,shot_pb=1.00|flight_commit=1.00|keepin_prop=0.02|keepin_zoom=1.350|edge_zoom=0.931|bounds
420,758.5,653.4,interp,0.32,695.5,540.0,367.4,0.0,656.2,1166.6,1,241.0,0,0,shot_pb=1.00|flight_commit=1.00|edge_zoom=0.928|bounds
421,753.8,654.4,interp,0.32,697.1,540.0,369.2,0.0,655.8,1165.9,1,247.3,0,1,shot_pb=1.00|flight_commit=1.00|keepin_prop=0.05|keepin_zoom=1.350|edge_zoom=0.927|bounds
422,750.0,655.1,interp,0.32,700.6,540.0,372.9,0.0,655.3,1165.0,1,254.6,0,0,shot_pb=1.00|flight_commit=1.00|edge_zoom=0.927|bounds
423,747.2,655.6,interp,0.32,705.9,540.0,378.5,0.0,654.8,1164.2,1,262.7,0,1,shot_pb=1.00|flight_commit=1.00|keepin_prop=0.07|keepin_zoom=1.350|edge_zoom=0.925|bounds
424,745.4,655.9,interp,0.32,713.0,540.0,385.8,0.0,654.3,1163.2,1,271.6,0,1,shot_pb=1.00|flight_commit=1.00|keepin_prop=0.00|keepin_zoom=1.350|edge_zoom=0.932|bounds
425,744.6,656.0,interp,0.32,721.6,540.0,394.7,0.0,653.8,1162.3,1,281.0,0,0,shot_pb=1.00|flight_commit=1.00|edge_zoom=0.930|bounds
426,744.8,655.8,interp,0.32,731.7,540.0,405.0,0.0,653.3,1161.5,1,290.9,0,0,shot_pb=1.00|flight_commit=1.00|edge_zoom=0.949|bounds
427,746.2,655.4,interp,0.32,742.9,540.0,416.4,0.0,652.9,1160.8,1,300.7,0,0,shot_pb=1.00|flight_commit=1.00|edge_zoom=0.942|bounds
428,748.7,654.6,interp,0.32,755.0,540.0,428.7,0.0,652.6,1160.2,1,297.7,0,0,shot_pb=1.00|flight_commit=1.00|edge_zoom=0.941|bounds
429,752.5,653.6,interp,0.32,767.7,540.0,441.6,0.0,652.3,1159.7,1,288.8,0,1,shot_pb=1.00|flight_commit=1.00|keepin_prop=0.02|keepin_zoom=1.350|edge_zoom=0.932|bounds
430,757.6,652.2,interp,0.32,780.9,540.0,454.9,0.0,652.2,1159.4,1,280.7,0,0,shot_pb=1.00|flight_commit=1.00|edge_zoom=0.942|bounds
431,764.2,650.4,interp,0.32,794.4,540.0,468.4,0.0,652.1,1159.2,1,273.8,0,1,shot_pb=1.00|flight_commit=1.00|keepin_prop=0.06|keepin_zoom=1.350|edge_zoom=0.927|bounds
432,772.4,648.2,interp,0.32,808.0,540.0,482.0,0.0,652.1,1159.2,1,268.4,0,1,shot_pb=1.00|flight_commit=1.00|keepin_prop=0.00|keepin_zoom=1.350|edge_zoom=0.935|bounds
433,782.3,645.6,interp,0.32,821.7,540.0,495.7,0.0,652.2,1159.4,1,264.6,0,0,shot_pb=1.00|flight_commit=1.00|edge_zoom=0.945|bounds
434,794.2,642.4,interp,0.32,835.5,540.0,509.3,0.0,652.3,1159.7,1,262.7,0,1,shot_pb=1.00|flight_commit=1.00|keepin_prop=0.05|keepin_zoom=1.350|edge_zoom=0.932|bounds
435,808.3,638.7,interp,0.32,849.2,540.0,522.9,0.0,652.6,1160.1,1,263.1,0,0,shot_pb=1.00|flight_commit=1.00|edge_zoom=0.948|bounds
436,824.8,634.3,interp,0.32,862.9,540.0,536.5,0.0,652.8,1160.6,1,265.9,0,1,shot_pb=1.00|flight_commit=1.00|keepin_prop=0.07|keepin_zoom=1.350|edge_zoom=0.933|bounds
437,844.0,629.2,interp,0.32,876.5,540.0,549.9,0.0,653.2,1161.2,1,271.5,0,0,shot_pb=1.00|flight_commit=1.00|edge_zoom=0.951|bounds
438,888.2,619.7,yolo,0.45,890.0,540.0,563.3,0.0,653.5,1161.8,1,302.2,0,1,accel_zoom=0.874|shot_pb=1.00|flight_commit=1.00|keepin_prop=0.00|keepin_zoom=1.350|edge_zoom=0.946|bounds
439,908.6,613.4,interp,0.38,903.3,540.0,576.4,0.0,653.8,1162.3,1,298.7,0,0,shot_pb=1.00|flight_commit=1.00|edge_zoom=0.959|bounds
440,927.1,607.1,interp,0.38,916.3,540.0,589.3,0.0,654.0,1162.6,1,293.2,0,1,shot_pb=1.00|flight_commit=1.00|keepin_prop=0.00|keepin_zoom=1.350|edge_zoom=0.951|bounds
441,943.8,601.0,interp,0.38,928.8,540.0,601.8,0.0,654.0,1162.7,1,289.0,0,0,shot_pb=1.00|flight_commit=1.00|edge_zoom=0.965|bounds
442,958.8,594.9,interp,0.38,940.6,540.0,613.7,0.0,653.8,1162.4,1,285.8,0,1,shot_pb=1.00|flight_commit=1.00|keepin_prop=0.01|keepin_zoom=1.350|edge_zoom=0.955|bounds
443,972.5,588.9,interp,0.38,951.7,540.0,624.9,0.0,653.4,1161.7,1,283.2,0,0,shot_pb=1.00|flight_commit=1.00|edge_zoom=0.972|bounds
444,984.7,583.1,interp,0.38,961.7,540.0,635.3,0.0,652.8,1160.5,1,281.0,0,1,shot_pb=1.00|flight_commit=1.00|keepin_prop=0.02|keepin_zoom=1.350|edge_zoom=0.959|bounds
445,995.7,577.4,interp,0.38,970.6,540.0,644.7,0.0,651.8,1158.7,1,278.9,0,0,shot_pb=1.00|flight_commit=1.00|edge_zoom=0.978|bounds
446,1005.5,571.9,interp,0.38,978.2,540.0,653.0,0.0,650.5,1156.5,1,276.7,0,1,shot_pb=1.00|flight_commit=1.00|keepin_prop=0.03|keepin_zoom=1.350|edge_zoom=0.963|bounds
447,1014.2,566.7,interp,0.38,984.3,540.0,659.8,0.0,648.9,1153.7,1,274.1,0,0,shot_pb=1.00|flight_commit=1.00|edge_zoom=0.984|bounds
448,1021.9,561.6,interp,0.38,988.8,540.0,665.2,0.0,647.1,1150.4,1,270.9,0,1,shot_pb=1.00|flight_commit=1.00|keepin_prop=0.02|keepin_zoom=1.350|edge_zoom=0.972|bounds
449,1028.5,556.9,interp,0.38,991.6,540.0,669.0,0.0,645.2,1146.9,1,267.1,0,0,shot_pb=1.00|flight_commit=1.00|edge_zoom=0.990|bounds
450,1034.0,552.5,interp,0.38,992.8,540.0,671.2,0.0,643.1,1143.2,1,262.8,0,1,shot_pb=1.00|flight_commit=1.00|keepin_prop=0.01|keepin_zoom=1.350|edge_zoom=0.982|bounds
451,1038.5,548.4,interp,0.38,992.3,540.0,671.9,0.0,640.9,1139.4,1,257.8,0,0,shot_pb=1.00|flight_commit=1.00|edge_zoom=0.997|bounds
452,1041.9,544.8,interp,0.38,990.4,540.0,671.0,0.0,638.8,1135.7,1,252.5,0,1,shot_pb=1.00|flight_commit=1.00|keepin_prop=0.00|keepin_zoom=1.350|edge_zoom=0.991|bounds
453,1042.5,544.0,blended,0.72,987.4,540.0,669.0,0.0,636.8,1132.2,1,248.9,0,0,shot_pb=1.00|flight_commit=1.00|bounds
454,1045.1,539.1,blended,0.79,983.6,540.0,666.1,0.0,635.0,1128.9,1,242.5,0,0,shot_pb=1.00|flight_commit=1.00|bounds
455,1045.2,536.8,blended,0.80,979.5,540.0,662.8,0.0,633.5,1126.1,1,238.3,0,0,shot_pb=1.00|flight_commit=1.00|edge_zoom=0.995|bounds
456,1042.4,535.0,interp,0.38,975.4,540.0,659.3,0.0,632.2,1123.8,1,237.0,0,0,shot_pb=1.00|flight_commit=1.00|edge_zoom=0.997|bounds
457,1038.7,533.7,interp,0.38,971.7,540.0,656.1,0.0,631.2,1122.1,1,237.0,0,0,shot_pb=1.00|flight_commit=1.00|edge_zoom=0.990|bounds
458,1034.5,533.0,blended,0.79,968.8,540.0,653.5,0.0,630.5,1121.0,1,238.3,0,1,shot_pb=1.00|flight_commit=1.00|keepin_prop=0.00|keepin_zoom=1.350|edge_zoom=0.979|bounds
459,1026.0,532.7,blended,0.79,966.7,540.0,651.6,0.0,630.2,1120.4,1,244.7,0,0,shot_pb=1.00|flight_commit=1.00|edge_zoom=0.981|bounds
460,1025.4,531.5,yolo,0.34,965.6,540.0,650.5,0.0,630.2,1120.4,1,244.2,0,0,shot_pb=1.00|flight_commit=1.00|bounds
461,1027.0,530.3,interp,0.38,965.3,540.0,650.1,0.0,630.4,1120.7,1,242.3,0,0,shot_pb=1.00|flight_commit=1.00|edge_zoom=0.999|bounds
462,1029.6,529.1,interp,0.38,965.5,540.0,650.1,0.0,630.8,1121.4,1,239.9,0,0,shot_pb=1.00|flight_commit=1.00|edge_zoom=0.996|bounds
463,1032.8,527.8,interp,0.38,965.7,540.0,650.0,0.0,631.3,1122.4,1,236.9,0,0,shot_pb=1.00|flight_commit=1.00|edge_zoom=0.994|bounds
464,1036.4,526.6,interp,0.38,965.6,540.0,649.7,0.0,631.9,1123.4,1,233.2,0,1,shot_pb=1.00|flight_commit=1.00|keepin_prop=0.10|keepin_zoom=1.350|edge_zoom=0.979|bounds
465,1040.0,525.3,yolo,0.30,964.8,540.0,648.5,0.0,632.5,1124.5,1,228.8,0,1,shot_pb=1.00|flight_commit=1.00|keepin_prop=0.01|keepin_zoom=1.350|edge_zoom=0.982|bounds
466,1043.2,524.0,interp,0.38,962.8,540.0,646.2,0.0,633.1,1125.5,1,223.6,0,0,shot_pb=1.00|flight_commit=1.00|edge_zoom=0.996|bounds
467,1045.8,522.7,interp,0.38,959.4,540.0,642.6,0.0,633.6,1126.4,1,217.6,0,1,shot_pb=1.00|flight_commit=1.00|keepin_prop=0.07|keepin_zoom=1.350|edge_zoom=0.981|bounds
468,1047.7,521.4,yolo,0.28,954.6,540.0,637.5,0.0,634.1,1127.3,1,210.9,0,1,shot_pb=1.00|flight_commit=1.00|keepin_prop=0.00|keepin_zoom=1.350|edge_zoom=0.984|bounds
469,1049.1,519.9,yolo,0.33,948.4,540.0,631.0,0.0,634.6,1128.2,1,203.3,0,0,shot_pb=1.00|flight_commit=1.00|edge_zoom=0.991|bounds
470,1047.7,518.6,yolo,0.31,940.9,540.0,623.3,0.0,635.2,1129.2,1,197.2,0,0,shot_pb=1.00|flight_commit=1.00|edge_zoom=0.992|bounds
471,1044.0,517.5,yolo,0.32,932.4,540.0,614.5,0.0,635.7,1130.2,1,192.4,0,0,shot_pb=1.00|flight_commit=1.00|edge_zoom=0.996|bounds
472,1038.5,516.5,yolo,0.35,923.2,540.0,605.0,0.0,636.4,1131.4,1,188.7,0,1,shot_pb=1.00|flight_commit=1.00|keepin_prop=0.00|keepin_zoom=1.350|edge_zoom=0.986|bounds
473,1023.8,515.3,yolo,0.33,913.7,540.0,595.2,0.0,637.1,1132.6,1,193.9,0,0,shot_pb=1.00|flight_commit=1.00|edge_zoom=0.989|bounds
474,1013.7,514.4,yolo,0.39,904.2,540.0,585.3,0.0,637.9,1134.0,1,194.5,0,1,shot_pb=1.00|flight_commit=1.00|keepin_prop=0.05|keepin_zoom=1.350|edge_zoom=0.985|bounds
475,1010.9,513.9,yolo,0.40,895.0,540.0,575.6,0.0,638.7,1135.5,1,188.1,0,1,shot_pb=1.00|flight_commit=1.00|keepin_prop=0.00|keepin_zoom=1.350|edge_zoom=0.987|bounds
476,1008.9,513.5,yolo,0.38,886.1,540.0,566.4,0.0,639.5,1136.9,1,181.2,0,0,shot_pb=1.00|flight_commit=1.00|edge_zoom=0.993|bounds
477,1006.2,513.2,yolo,0.39,877.8,540.0,557.7,0.0,640.2,1138.2,1,175.6,0,1,shot_pb=1.00|flight_commit=1.00|keepin_prop=0.11|keepin_zoom=1.350|edge_zoom=0.985|bounds
478,1002.7,512.9,yolo,0.36,870.0,540.0,549.6,0.0,640.9,1139.4,1,171.3,0,1,shot_pb=1.00|flight_commit=1.00|keepin_prop=0.01|keepin_zoom=1.350|edge_zoom=0.987|bounds
479,998.5,512.7,yolo,0.39,862.8,540.0,542.0,0.0,641.5,1140.4,1,168.3,0,0,shot_pb=1.00|flight_commit=1.00|edge_zoom=0.989|bounds
480,993.6,512.6,interp,0.38,856.0,540.0,535.0,0.0,641.9,1141.2,1,166.4,0,1,shot_pb=1.00|flight_commit=1.00|keepin_prop=0.12|keepin_zoom=1.350|edge_zoom=0.985|bounds
481,988.2,512.5,yolo,0.34,849.5,540.0,528.3,0.0,642.2,1141.7,1,165.3,0,1,shot_pb=1.00|flight_commit=1.00|keepin_prop=0.01|keepin_zoom=1.350|edge_zoom=0.987|bounds
482,982.0,512.5,yolo,0.38,843.2,540.0,521.9,0.0,642.5,1142.2,1,165.2,0,0,shot_pb=1.00|flight_commit=1.00|edge_zoom=0.987|bounds
483,975.1,512.6,yolo,0.40,836.9,540.0,515.6,0.0,642.7,1142.5,1,165.8,0,1,shot_pb=1.00|flight_commit=1.00|keepin_prop=0.10|keepin_zoom=1.350|edge_zoom=0.985|bounds
484,967.5,512.8,interp,0.38,830.6,540.0,509.3,0.0,642.7,1142.6,1,167.1,0,1,shot_pb=1.00|flight_commit=1.00|keepin_prop=0.00|keepin_zoom=1.350|edge_zoom=0.987|bounds
485,959.3,513.1,interp,0.38,824.2,540.0,502.8,0.0,642.8,1142.7,1,168.9,0,0,shot_pb=1.00|flight_commit=1.00|edge_zoom=0.986|bounds
486,950.5,513.5,interp,0.38,817.6,540.0,496.2,0.0,642.8,1142.7,1,171.1,0,1,shot_pb=1.00|flight_commit=1.00|keepin_prop=0.08|keepin_zoom=1.350|edge_zoom=0.985|bounds
487,941.2,513.9,interp,0.38,810.7,540.0,489.4,0.0,642.7,1142.6,1,173.5,0,1,shot_pb=1.00|flight_commit=1.00|keepin_prop=0.00|keepin_zoom=1.350|edge_zoom=0.987|bounds
488,931.4,514.4,interp,0.38,803.6,540.0,482.3,0.0,642.6,1142.4,1,176.2,0,0,shot_pb=1.00|flight_commit=1.00|edge_zoom=0.985|bounds
489,921.0,514.9,yolo,0.35,796.3,540.0,475.0,0.0,642.5,1142.2,1,179.3,0,1,shot_pb=1.00|flight_commit=1.00|keepin_prop=0.07|keepin_zoom=1.350|edge_zoom=0.985|bounds
490,908.8,515.6,interp,0.38,788.7,540.0,467.5,0.0,642.4,1142.0,1,183.9,0,1,shot_pb=1.00|flight_commit=1.00|keepin_prop=0.00|keepin_zoom=1.350|edge_zoom=0.986|bounds
491,896.3,516.3,yolo,0.32,780.9,540.0,459.8,0.0,642.2,1141.7,1,188.6,0,0,shot_pb=1.00|flight_commit=1.00|edge_zoom=0.984|bounds
492,882.8,517.1,yolo,0.31,773.0,540.0,452.0,0.0,642.0,1141.4,1,194.2,0,1,shot_pb=1.00|flight_commit=1.00|keepin_prop=0.04|keepin_zoom=1.350|edge_zoom=0.985|bounds
493,872.6,517.7,interp,0.38,764.9,540.0,444.0,0.0,641.8,1141.0,1,196.3,0,0,shot_pb=1.00|flight_commit=1.00|edge_zoom=0.983|bounds
494,863.0,518.2,yolo,0.29,756.8,540.0,436.1,0.0,641.5,1140.4,1,197.8,0,1,shot_pb=1.00|flight_commit=1.00|keepin_prop=0.11|keepin_zoom=1.350|edge_zoom=0.982|bounds
495,854.3,518.7,yolo,0.31,748.7,540.0,428.1,0.0,641.1,1139.7,1,198.4,0,1,shot_pb=1.00|flight_commit=1.00|keepin_prop=0.00|keepin_zoom=1.350|edge_zoom=0.985|bounds
496,846.0,519.2,yolo,0.29,740.5,540.0,420.2,0.0,640.5,1138.6,1,198.5,0,0,shot_pb=1.00|flight_commit=1.00|edge_zoom=0.983|bounds
497,837.7,519.7,yolo,0.29,732.3,540.0,412.5,0.0,639.6,1137.1,1,198.6,0,1,shot_pb=1.00|flight_commit=1.00|keepin_prop=0.08|keepin_zoom=1.350|edge_zoom=0.982|bounds
498,829.3,520.2,yolo,0.29,724.1,540.0,404.9,0.0,638.5,1135.1,1,198.8,0,1,shot_pb=1.00|flight_commit=1.00|keepin_prop=0.00|keepin_zoom=1.350|edge_zoom=0.984|bounds
499,821.0,520.8,interp,0.38,716.1,540.0,397.6,0.0,637.0,1132.4,1,199.1,0,0,shot_pb=1.00|flight_commit=1.00|edge_zoom=0.982|bounds
500,812.6,521.5,blended,0.79,708.1,540.0,390.6,0.0,635.0,1128.9,1,199.5,0,1,shot_pb=1.00|flight_commit=1.00|keepin_prop=0.06|keepin_zoom=1.350|edge_zoom=0.982|bounds
501,804.1,522.0,interp,0.38,700.2,540.0,383.9,0.0,632.6,1124.7,1,200.1,0,0,shot_pb=1.00|flight_commit=1.00|edge_zoom=0.982|bounds
502,795.5,522.7,interp,0.38,692.6,540.0,377.7,0.0,629.7,1119.5,1,201.1,0,1,shot_pb=1.00|flight_commit=1.00|keepin_prop=0.06|keepin_zoom=1.350|edge_zoom=0.982|bounds
503,786.7,523.4,interp,0.38,685.3,540.0,372.1,0.0,626.3,1113.5,1,202.6,0,0,shot_pb=1.00|flight_commit=1.00|edge_zoom=0.981|bounds
504,777.6,524.3,yolo,0.35,678.2,540.0,367.0,0.0,622.4,1106.5,1,204.6,0,1,shot_pb=1.00|flight_commit=1.00|keepin_prop=0.01|keepin_zoom=1.350|edge_zoom=0.987|bounds
505,767.4,525.2,yolo,0.40,671.5,540.0,362.6,0.0,617.9,1098.6,1,208.1,0,0,shot_pb=1.00|flight_commit=1.00|edge_zoom=0.983|bounds
506,757.1,526.3,yolo,0.44,665.2,540.0,358.7,0.0,613.1,1090.0,1,212.1,0,0,shot_pb=1.00|flight_commit=1.00|edge_zoom=0.989|bounds
507,746.6,527.6,yolo,0.38,659.3,540.0,355.2,0.0,608.1,1081.0,1,216.7,0,0,shot_pb=1.00|flight_commit=1.00|edge_zoom=0.992|bounds
508,736.1,529.1,yolo,0.37,653.6,540.0,352.1,4.0,603.0,1072.0,1,221.5,0,0,shot_pb=1.00|flight_commit=1.00|edge_zoom=0.994|bounds
509,725.7,531.0,interp,0.38,648.2,540.0,349.1,8.3,598.2,1063.5,1,226.5,0,0,shot_pb=1.00|flight_commit=1.00|edge_zoom=0.995|bounds
510,715.1,533.1,interp,0.38,642.8,540.0,345.9,12.1,593.9,1055.8,1,231.7,0,0,shot_pb=1.00|flight_commit=1.00|edge_zoom=0.996|bounds
511,704.4,535.3,interp,0.38,637.4,540.0,342.2,15.2,590.5,1049.7,1,237.0,0,0,shot_pb=1.00|flight_commit=1.00|edge_zoom=0.997|bounds
512,693.4,537.8,interp,0.38,631.9,540.0,337.8,17.2,588.1,1045.5,1,242.5,0,0,shot_pb=1.00|flight_commit=0.87|edge_zoom=0.997|bounds
513,682.3,540.5,interp,0.38,625.9,540.0,332.4,18.2,587.0,1043.6,1,247.6,0,0,shot_pb=0.00|flight_commit=0.39|edge_zoom=0.996|bounds
514,670.9,543.3,interp,0.38,619.4,540.0,325.7,17.9,587.3,1044.1,1,252.5,0,0,flight_commit=0.68|edge_zoom=0.996|bounds
515,659.2,546.4,yolo,0.33,612.2,540.0,317.7,16.4,589.1,1047.3,1,257.0,0,0,flight_commit=0.90|edge_zoom=0.992|bounds
516,646.3,550.0,interp,0.38,604.3,540.0,308.2,13.6,592.2,1052.7,1,262.0,0,0,flight_commit=1.00|edge_zoom=0.986|bounds
517,633.2,553.7,interp,0.38,595.6,540.0,297.4,9.9,596.4,1060.2,1,266.4,0,0,flight_commit=1.00|edge_zoom=0.981|bounds
518,620.2,557.5,yolo,0.30,586.1,540.0,285.4,5.4,601.5,1069.3,1,269.9,0,0,shot_pb=0.40|flight_commit=1.00|edge_zoom=0.978|bounds
519,608.7,560.9,interp,0.38,575.9,540.0,272.3,0.3,607.2,1079.4,1,271.2,0,0,shot_pb=0.60|flight_commit=1.00|edge_zoom=0.975|bounds
520,597.3,564.3,interp,0.38,565.0,540.0,258.4,0.0,613.1,1090.0,1,271.7,0,0,shot_pb=0.80|flight_commit=1.00|edge_zoom=0.971|bounds
521,585.9,567.9,interp,0.38,553.5,540.0,244.0,0.0,619.0,1100.5,1,271.6,0,0,shot_pb=1.00|flight_commit=1.00|edge_zoom=0.966|bounds
522,574.4,571.6,interp,0.38,541.7,540.0,229.4,0.0,624.7,1110.6,1,271.3,0,0,shot_pb=1.00|flight_commit=1.00|edge_zoom=0.960|bounds
523,562.6,575.5,interp,0.38,529.7,540.0,214.8,0.0,629.9,1119.9,1,271.1,0,0,shot_pb=1.00|flight_commit=1.00|edge_zoom=0.957|bounds
524,550.5,579.8,interp,0.38,517.7,540.0,200.4,0.0,634.6,1128.2,1,271.2,0,1,shot_pb=1.00|flight_commit=1.00|keepin_prop=0.00|keepin_zoom=1.350|edge_zoom=0.963|bounds
525,537.8,584.3,yolo,0.31,505.8,540.0,186.5,0.0,638.7,1135.4,1,272.0,0,0,shot_pb=1.00|flight_commit=1.00|edge_zoom=0.951|bounds
526,523.4,589.8,interp,0.38,494.2,540.0,173.1,0.0,642.1,1141.6,1,274.8,0,1,shot_pb=1.00|flight_commit=1.00|keepin_prop=0.03|keepin_zoom=1.350|edge_zoom=0.957|bounds
527,508.4,595.6,yolo,0.35,483.1,540.0,160.6,0.0,645.1,1146.8,1,278.7,0,0,shot_pb=1.00|flight_commit=1.00|edge_zoom=0.945|bounds
528,491.1,602.7,yolo,0.44,472.7,540.0,148.9,0.0,647.5,1151.1,1,285.6,0,1,shot_pb=1.00|flight_commit=1.00|keepin_prop=0.04|keepin_zoom=1.350|edge_zoom=0.951|bounds
529,474.7,609.6,yolo,0.50,463.1,540.0,138.3,0.0,649.5,1154.7,1,292.4,0,0,shot_pb=1.00|flight_commit=1.00|edge_zoom=0.938|bounds
530,459.6,616.2,yolo,0.47,454.5,540.0,128.9,0.0,651.2,1157.7,1,298.9,0,1,shot_pb=1.00|flight_commit=1.00|keepin_prop=0.04|keepin_zoom=1.350|edge_zoom=0.945|bounds
531,445.7,622.4,yolo,0.51,447.1,540.0,120.8,0.0,652.5,1160.0,1,302.6,0,0,shot_pb=1.00|flight_commit=1.00|edge_zoom=0.933|bounds
532,433.3,628.0,yolo,0.47,441.1,540.0,114.3,0.0,653.5,1161.8,1,296.2,0,1,shot_pb=1.00|flight_commit=1.00|keepin_prop=0.05|keepin_zoom=1.350|edge_zoom=0.939|bounds
533,422.3,633.1,yolo,0.46,436.6,540.0,109.4,0.0,654.3,1163.2,1,289.7,0,0,shot_pb=1.00|flight_commit=1.00|edge_zoom=0.928|bounds
534,411.2,638.1,yolo,0.43,433.9,540.0,106.4,0.0,654.9,1164.3,1,281.3,0,1,shot_pb=1.00|flight_commit=1.00|keepin_prop=0.07|keepin_zoom=1.350|edge_zoom=0.933|bounds
535,402.5,642.4,yolo,0.46,433.0,540.0,105.3,0.0,655.4,1165.1,1,273.5,0,1,shot_pb=1.00|flight_commit=1.00|keepin_prop=0.00|keepin_zoom=1.350|edge_zoom=0.939|bounds
536,396.6,645.9,yolo,0.42,434.0,540.0,106.2,0.0,655.7,1165.7,1,266.6,0,0,shot_pb=1.00|flight_commit=1.00|edge_zoom=0.920|bounds
537,392.4,648.9,yolo,0.44,437.0,540.0,109.1,0.0,655.8,1165.9,1,259.4,0,1,shot_pb=1.00|flight_commit=1.00|keepin_prop=0.02|keepin_zoom=1.350|edge_zoom=0.934|bounds
538,389.3,651.3,interp,0.38,441.9,540.0,114.0,0.0,655.9,1166.0,1,251.4,0,0,shot_pb=1.00|flight_commit=1.00|edge_zoom=0.915|bounds
539,387.7,653.1,interp,0.38,448.6,540.0,120.7,0.0,655.8,1165.8,1,243.1,0,1,shot_pb=1.00|flight_commit=1.00|keepin_prop=0.02|keepin_zoom=1.350|edge_zoom=0.933|bounds
540,387.3,654.5,interp,0.38,456.9,540.0,129.1,0.0,655.6,1165.5,1,234.4,0,0,shot_pb=1.00|flight_commit=1.00|edge_zoom=0.901|bounds
541,388.3,655.5,interp,0.38,466.6,540.0,138.9,0.0,655.3,1165.1,1,225.7,0,0,shot_pb=1.00|flight_commit=1.00|edge_zoom=0.910|bounds
542,390.5,655.9,interp,0.38,477.4,540.0,149.8,0.0,655.0,1164.5,1,217.1,0,0,shot_pb=1.00|flight_commit=1.00|edge_zoom=0.927|bounds
543,394.1,655.9,yolo,0.43,489.0,540.0,161.6,0.0,654.8,1164.0,1,209.1,0,1,shot_pb=1.00|flight_commit=1.00|keepin_prop=0.02|keepin_zoom=1.350|edge_zoom=0.932|bounds
544,398.4,654.5,yolo,0.38,501.1,540.0,173.9,0.0,654.5,1163.5,1,201.3,0,0,shot_pb=1.00|flight_commit=1.00|edge_zoom=0.945|bounds
545,404.7,653.6,yolo,0.40,513.6,540.0,186.5,0.0,654.2,1163.0,1,195.1,0,1,shot_pb=1.00|flight_commit=1.00|keepin_prop=0.10|keepin_zoom=1.350|edge_zoom=0.923|bounds
546,415.9,651.3,yolo,0.40,526.2,540.0,199.2,0.0,654.0,1162.7,1,193.7,0,1,shot_pb=1.00|flight_commit=1.00|keepin_prop=0.00|keepin_zoom=1.350|edge_zoom=0.935|bounds
547,426.8,649.8,interp,0.38,538.8,540.0,211.9,0.0,653.9,1162.4,1,192.0,0,0,shot_pb=1.00|flight_commit=1.00|edge_zoom=0.941|bounds
548,438.7,648.5,interp,0.38,551.4,540.0,224.5,0.0,653.8,1162.3,1,191.3,0,1,shot_pb=1.00|flight_commit=1.00|keepin_prop=0.06|keepin_zoom=1.350|edge_zoom=0.930|bounds
549,451.6,647.3,interp,0.38,563.9,540.0,237.0,0.0,653.8,1162.3,1,191.7,0,0,shot_pb=1.00|flight_commit=1.00|edge_zoom=0.940|bounds
550,465.4,646.5,interp,0.38,576.3,540.0,249.4,0.0,653.9,1162.4,1,193.1,0,1,shot_pb=1.00|flight_commit=1.00|keepin_prop=0.10|keepin_zoom=1.350|edge_zoom=0.926|bounds
551,479.9,646.0,interp,0.38,588.7,540.0,261.7,0.0,654.0,1162.7,1,195.2,0,1,shot_pb=1.00|flight_commit=1.00|keepin_prop=0.00|keepin_zoom=1.350|edge_zoom=0.938|bounds
552,495.1,645.9,yolo,0.39,601.0,540.0,273.9,0.0,654.2,1163.0,1,198.1,0,0,shot_pb=1.00|flight_commit=1.00|edge_zoom=0.938|bounds
553,511.0,648.4,interp,0.38,613.3,540.0,286.1,0.0,654.4,1163.4,1,201.7,0,1,shot_pb=1.00|flight_commit=1.00|keepin_prop=0.03|keepin_zoom=1.350|edge_zoom=0.933|bounds
554,527.4,651.1,interp,0.38,625.4,540.0,298.1,0.0,654.7,1163.8,1,206.0,0,0,shot_pb=1.00|flight_commit=1.00|edge_zoom=0.930|bounds
555,545.6,646.5,interp,0.38,637.4,540.0,310.0,0.0,654.9,1164.3,1,212.2,0,1,shot_pb=1.00|flight_commit=1.00|keepin_prop=0.02|keepin_zoom=1.350|edge_zoom=0.935|bounds
556,562.5,647.9,interp,0.38,649.2,540.0,321.6,0.0,655.2,1164.9,1,217.3,0,0,shot_pb=1.00|flight_commit=1.00|edge_zoom=0.935|bounds
557,579.0,650.6,interp,0.38,660.7,540.0,332.9,0.0,655.5,1165.4,1,222.3,0,1,shot_pb=1.00|flight_commit=1.00|keepin_prop=0.00|keepin_zoom=1.350|edge_zoom=0.935|bounds
558,595.2,655.0,interp,0.38,671.7,540.0,343.8,0.0,655.8,1165.9,1,227.5,0,0,shot_pb=1.00|flight_commit=1.00|edge_zoom=0.927|bounds
559,610.8,661.1,interp,0.38,682.1,540.0,354.1,0.0,656.1,1166.4,1,232.7,0,0,shot_pb=1.00|flight_commit=1.00|edge_zoom=0.922|bounds
560,626.0,669.2,interp,0.38,691.9,540.0,363.7,0.0,656.4,1166.9,1,238.1,0,1,shot_pb=1.00|flight_commit=1.00|keepin_prop=0.01|keepin_zoom=1.350|edge_zoom=0.927|bounds
561,640.8,679.5,interp,0.38,700.9,540.0,372.5,0.0,656.6,1167.4,1,243.9,0,0,shot_pb=1.00|flight_commit=1.00|edge_zoom=0.908|bounds
562,655.0,692.3,interp,0.38,709.0,540.0,380.5,0.0,656.8,1167.7,1,250.0,0,1,shot_pb=1.00|flight_commit=1.00|keepin_prop=0.00|keepin_zoom=1.350|edge_zoom=0.920|bounds
563,668.9,707.8,interp,0.38,716.2,540.0,387.6,0.0,657.0,1168.0,1,256.7,0,0,shot_pb=1.00|flight_commit=1.00|edge_zoom=0.888|bounds
564,682.3,726.4,interp,0.38,722.4,540.0,393.9,0.0,657.2,1168.3,1,263.9,0,0,shot_pb=1.00|flight_commit=1.00|edge_zoom=0.879|bounds
565,695.4,748.6,interp,0.38,727.9,540.0,399.3,0.0,657.3,1168.5,1,271.5,0,0,accel_zoom=0.936|shot_pb=1.00|flight_commit=1.00|edge_zoom=0.869|bounds
566,711.1,803.5,yolo,0.37,732.6,540.0,403.9,0.0,657.4,1168.6,1,282.5,0,1,accel_zoom=0.829|shot_pb=1.00|flight_commit=1.00|keepin_prop=0.00|keepin_zoom=1.350|edge_zoom=0.877|bounds
567,722.7,826.6,interp,0.38,736.7,540.0,408.0,0.0,657.4,1168.7,1,290.0,0,1,accel_zoom=0.829|shot_pb=1.00|flight_commit=1.00|keepin_prop=0.01|keepin_zoom=1.350|edge_zoom=0.866|bounds
568,733.6,847.1,interp,0.38,740.3,540.0,411.5,0.0,657.5,1168.8,1,297.3,0,1,shot_pb=1.00|flight_commit=1.00|keepin_prop=0.03|keepin_zoom=1.350|edge_zoom=0.853|bounds
569,744.0,865.2,yolo,0.36,743.5,540.0,414.8,0.0,657.5,1168.9,1,303.5,0,1,shot_pb=1.00|flight_commit=1.00|keepin_prop=0.06|keepin_zoom=1.350|edge_zoom=0.838|bounds
570,754.1,881.2,interp,0.38,746.6,540.0,417.9,0.0,657.5,1168.9,1,287.7,0,1,shot_pb=1.00|flight_commit=1.00|keepin_prop=0.09|keepin_zoom=1.350|edge_zoom=0.823|bounds
571,763.8,895.4,interp,0.38,749.7,540.0,421.0,0.0,657.5,1168.9,1,273.5,0,1,shot_pb=1.00|flight_commit=1.00|keepin_prop=0.12|keepin_zoom=1.350|edge_zoom=0.807|bounds
572,773.2,908.0,yolo,0.32,752.9,540.0,424.1,0.0,657.5,1168.9,1,260.9,0,1,shot_pb=1.00|flight_commit=1.00|keepin_prop=0.16|keepin_zoom=1.350|edge_zoom=0.791|bounds
573,783.1,919.3,yolo,0.39,756.2,540.0,427.4,0.0,657.5,1168.9,1,249.6,0,1,shot_pb=1.00|flight_commit=1.00|person_ctx=4|keepin_prop=0.20|keepin_zoom=1.350|edge_zoom=0.774|bounds
574,791.9,929.2,interp,0.38,759.6,540.0,430.9,0.0,657.5,1168.9,1,239.7,0,1,shot_pb=1.00|flight_commit=1.00|person_ctx=4|keepin_prop=0.23|keepin_zoom=1.350|edge_zoom=0.759|bounds
575,800.1,937.8,yolo,0.38,763.2,540.0,434.5,0.0,657.5,1168.9,1,231.1,0,1,shot_pb=1.00|flight_commit=1.00|person_ctx=4|keepin_prop=0.26|keepin_zoom=1.350|edge_zoom=0.750|bounds
576,808.3,945.5,yolo,0.48,766.9,540.0,438.2,0.0,657.5,1168.9,1,223.4,0,1,shot_pb=1.00|flight_commit=1.00|person_ctx=4|keepin_prop=0.29|keepin_zoom=1.350|edge_zoom=0.750|bounds
577,814.5,951.9,interp,0.38,770.7,540.0,441.9,0.0,657.5,1168.9,1,217.0,0,1,shot_pb=1.00|flight_commit=1.00|keepin_prop=0.32|keepin_zoom=1.350|edge_zoom=0.750|bounds
578,820.1,957.3,interp,0.38,774.4,540.0,445.6,0.0,657.5,1168.9,1,211.6,0,1,shot_pb=1.00|flight_commit=1.00|keepin_prop=0.34|keepin_zoom=1.350|edge_zoom=0.750|bounds
579,824.9,961.9,interp,0.38,778.0,540.0,449.2,0.0,657.5,1168.9,1,207.0,0,1,shot_pb=1.00|flight_commit=1.00|keepin_prop=0.36|keepin_zoom=1.350|edge_zoom=0.750|bounds
580,829.1,965.6,interp,0.38,781.4,540.0,452.6,0.0,657.5,1168.9,1,203.3,0,1,shot_pb=1.00|flight_commit=1.00|keepin_prop=0.38|keepin_zoom=1.350|edge_zoom=0.750|bounds
581,832.7,968.6,interp,0.38,784.5,540.0,455.7,0.0,657.5,1168.9,1,200.3,0,1,shot_pb=1.00|flight_commit=1.00|keepin_prop=0.39|keepin_zoom=1.350|edge_zoom=0.750|bounds
582,835.6,970.9,interp,0.38,787.2,540.0,458.4,0.0,657.5,1168.9,1,198.0,0,1,shot_pb=1.00|flight_commit=1.00|keepin_prop=0.41|keepin_zoom=1.350|edge_zoom=0.750|bounds
583,838.0,972.6,interp,0.38,789.5,540.0,460.7,0.0,657.5,1168.9,1,196.3,0,1,shot_pb=1.00|flight_commit=1.00|keepin_prop=0.42|keepin_zoom=1.350|edge_zoom=0.750|bounds
584,839.7,973.5,interp,0.38,791.4,540.0,462.6,0.0,657.5,1168.9,1,195.4,0,1,shot_pb=1.00|flight_commit=1.00|keepin_prop=0.44|keepin_zoom=1.350|edge_zoom=0.750|bounds
585,840.9,973.9,interp,0.38,792.7,540.0,464.0,0.0,657.5,1168.9,1,195.0,0,1,shot_pb=1.00|flight_commit=1.00|keepin_prop=0.47|keepin_zoom=1.350|edge_zoom=0.750|bounds
586,841.4,973.6,yolo,0.42,793.6,540.0,464.8,0.0,657.5,1168.9,1,195.3,0,1,shot_pb=1.00|flight_commit=1.00|keepin_prop=0.60|keepin_zoom=1.350|edge_zoom=0.750|bounds
587,840.3,969.4,yolo,0.44,793.8,540.0,465.1,0.0,657.5,1168.9,1,199.5,0,1,shot_pb=1.00|flight_commit=1.00|keepin_prop=0.67|keepin_zoom=1.350|edge_zoom=0.750|bounds
588,839.3,967.1,yolo,0.43,793.5,540.0,464.8,0.0,657.5,1168.9,1,201.8,0,1,shot_pb=1.00|flight_commit=1.00|keepin_prop=0.64|keepin_zoom=1.350|edge_zoom=0.750|bounds
589,838.8,967.7,yolo,0.43,792.6,540.0,463.9,0.0,657.5,1168.9,1,201.2,0,1,shot_pb=1.00|flight_commit=1.00|keepin_prop=0.37|keepin_zoom=1.350|edge_zoom=0.750|bounds
590,837.4,968.7,yolo,0.38,791.1,540.0,462.3,0.0,657.5,1168.9,1,200.2,0,1,shot_pb=1.00|flight_commit=1.00|keepin_prop=0.40|keepin_zoom=1.350|edge_zoom=0.750|bounds
591,835.0,969.4,yolo,0.35,788.9,540.0,460.1,0.0,657.5,1168.9,1,199.5,0,1,shot_pb=1.00|flight_commit=1.00|keepin_prop=0.45|keepin_zoom=1.350|edge_zoom=0.750|bounds
592,831.3,969.6,interp,0.38,786.1,540.0,457.3,0.0,657.5,1168.9,1,199.3,0,1,shot_pb=1.00|flight_commit=1.00|keepin_prop=0.49|keepin_zoom=1.350|edge_zoom=0.750|bounds
593,826.5,969.7,interp,0.38,782.6,540.0,453.8,0.0,657.5,1168.9,1,199.2,0,1,shot_pb=1.00|flight_commit=1.00|keepin_prop=0.50|keepin_zoom=1.350|edge_zoom=0.750|bounds
594,820.7,969.6,interp,0.38,778.4,540.0,449.6,0.0,657.5,1168.9,1,199.3,0,1,shot_pb=1.00|flight_commit=1.00|keepin_prop=0.50|keepin_zoom=1.350|edge_zoom=0.750|bounds
595,813.7,969.3,yolo,0.39,773.6,540.0,444.8,0.0,657.5,1168.9,1,199.6,0,1,shot_pb=1.00|flight_commit=1.00|keepin_prop=0.50|keepin_zoom=1.350|edge_zoom=0.750|bounds
596,803.7,967.7,interp,0.38,768.1,540.0,439.3,0.0,657.5,1168.9,1,201.2,0,1,shot_pb=1.00|flight_commit=1.00|keepin_prop=0.51|keepin_zoom=1.350|edge_zoom=0.750|bounds
597,792.8,966.1,interp,0.38,762.0,540.0,433.2,0.0,657.5,1168.9,1,202.8,0,1,shot_pb=1.00|flight_commit=1.00|keepin_prop=0.50|keepin_zoom=1.350|edge_zoom=0.750|bounds
598,781.1,964.7,yolo,0.36,755.3,540.0,426.5,0.0,657.5,1168.9,1,204.2,0,1,shot_pb=1.00|flight_commit=1.00|keepin_prop=0.49|keepin_zoom=1.350|edge_zoom=0.750|bounds
599,768.6,964.3,yolo,0.35,748.0,540.0,419.2,0.0,657.5,1168.9,1,204.6,0,1,shot_pb=1.00|flight_commit=1.00|keepin_prop=0.48|keepin_zoom=1.350|edge_zoom=0.750|bounds
600,758.5,966.7,yolo,0.35,740.1,540.0,411.4,0.0,657.5,1168.9,1,202.2,0,1,shot_pb=1.00|flight_commit=1.00|keepin_prop=0.45|keepin_zoom=1.350|edge_zoom=0.750|bounds
601,747.4,968.9,yolo,0.40,731.8,540.0,403.1,0.0,657.5,1168.9,1,200.0,0,1,shot_pb=1.00|flight_commit=1.00|keepin_prop=0.46|keepin_zoom=1.350|edge_zoom=0.750|bounds
602,734.8,970.5,yolo,0.49,723.1,540.0,394.4,0.0,657.5,1168.9,1,198.4,0,1,shot_pb=1.00|flight_commit=1.00|keepin_prop=0.48|keepin_zoom=1.350|edge_zoom=0.750|bounds
603,721.1,971.3,yolo,0.51,714.1,540.0,385.3,0.0,657.5,1168.9,1,197.6,0,1,shot_pb=1.00|flight_commit=1.00|keepin_prop=0.50|keepin_zoom=1.350|edge_zoom=0.750|bounds
604,706.7,970.2,interp,0.38,704.8,540.0,376.0,0.0,657.5,1168.9,1,198.7,0,1,shot_pb=1.00|flight_commit=1.00|keepin_prop=0.51|keepin_zoom=1.350|edge_zoom=0.750|bounds
605,692.1,968.3,interp,0.38,695.3,540.0,366.5,0.0,657.5,1168.9,1,200.6,0,1,shot_pb=1.00|flight_commit=1.00|keepin_prop=0.51|keepin_zoom=1.350|edge_zoom=0.750|bounds
606,677.2,965.9,interp,0.38,685.7,540.0,356.9,0.0,657.5,1168.9,1,203.0,0,1,shot_pb=1.00|flight_commit=1.00|keepin_prop=0.51|keepin_zoom=1.350|edge_zoom=0.750|bounds
607,662.3,962.9,interp,0.38,676.1,540.0,347.4,0.0,657.5,1168.9,1,206.0,0,1,shot_pb=1.00|flight_commit=1.00|keepin_prop=0.50|keepin_zoom=1.350|edge_zoom=0.750|bounds
608,647.5,959.3,interp,0.38,666.6,540.0,337.9,0.0,657.5,1168.9,1,209.6,0,1,shot_pb=1.00|flight_commit=1.00|keepin_prop=0.48|keepin_zoom=1.350|edge_zoom=0.750|bounds
609,633.0,955.3,yolo,0.48,657.4,540.0,328.6,0.0,657.5,1168.9,1,213.6,0,1,shot_pb=1.00|flight_commit=1.00|keepin_prop=0.47|keepin_zoom=1.350|edge_zoom=0.750|bounds
610,617.9,951.1,interp,0.38,648.4,540.0,319.6,0.0,657.5,1168.9,1,217.8,0,1,shot_pb=1.00|flight_commit=1.00|keepin_prop=0.45|keepin_zoom=1.350|edge_zoom=0.750|bounds
611,603.7,946.3,yolo,0.44,639.8,540.0,311.0,0.0,657.5,1168.9,1,222.6,0,1,shot_pb=1.00|flight_commit=1.00|keepin_prop=0.44|keepin_zoom=1.350|edge_zoom=0.750|bounds
612,591.5,940.2,interp,0.38,631.7,540.0,302.9,0.0,657.5,1168.9,1,228.7,0,1,shot_pb=1.00|flight_commit=1.00|keepin_prop=0.43|keepin_zoom=1.350|edge_zoom=0.750|bounds
613,580.6,933.6,yolo,0.46,624.2,540.0,295.4,0.0,657.5,1168.9,1,235.3,0,1,shot_pb=1.00|flight_commit=1.00|keepin_prop=0.41|keepin_zoom=1.350|edge_zoom=0.750|bounds
614,572.2,926.7,interp,0.38,617.3,540.0,288.5,0.0,657.5,1168.9,1,242.2,0,1,shot_pb=1.00|flight_commit=1.00|keepin_prop=0.39|keepin_zoom=1.350|edge_zoom=0.750|bounds
615,565.1,919.4,interp,0.38,611.1,540.0,282.4,0.0,657.5,1168.9,1,249.5,0,1,shot_pb=1.00|flight_commit=1.00|keepin_prop=0.37|keepin_zoom=1.350|edge_zoom=0.750|bounds
616,559.3,912.0,interp,0.38,605.7,540.0,277.0,0.0,657.5,1168.9,1,256.9,0,1,shot_pb=1.00|flight_commit=1.00|keepin_prop=0.35|keepin_zoom=1.350|edge_zoom=0.750|bounds
617,554.7,904.5,interp,0.38,601.1,540.0,272.3,0.0,657.5,1168.9,1,257.6,0,1,shot_pb=1.00|flight_commit=1.00|keepin_prop=0.33|keepin_zoom=1.350|edge_zoom=0.750|bounds
618,551.4,896.9,interp,0.38,597.3,540.0,268.5,0.0,657.5,1168.9,1,258.1,0,1,shot_pb=1.00|flight_commit=1.00|keepin_prop=0.31|keepin_zoom=1.350|edge_zoom=0.754|bounds
619,549.2,889.3,yolo,0.41,594.3,540.0,265.5,0.0,657.5,1168.9,1,258.9,0,1,shot_pb=1.00|flight_commit=1.00|keepin_prop=0.28|keepin_zoom=1.350|edge_zoom=0.765|bounds
620,548.5,880.6,yolo,0.36,592.1,540.0,263.3,0.0,657.5,1168.9,1,260.4,0,1,shot_pb=1.00|flight_commit=1.00|keepin_prop=0.26|keepin_zoom=1.350|edge_zoom=0.777|bounds
621,549.7,874.0,interp,0.38,590.6,540.0,261.8,0.0,657.5,1168.9,1,263.1,0,1,shot_pb=1.00|flight_commit=1.00|keepin_prop=0.23|keepin_zoom=1.350|edge_zoom=0.788|bounds
622,552.0,867.8,interp,0.38,589.9,540.0,261.1,0.0,657.5,1168.9,1,266.1,0,1,shot_pb=1.00|flight_commit=1.00|keepin_prop=0.21|keepin_zoom=1.350|edge_zoom=0.798|bounds
623,555.1,862.1,interp,0.38,589.9,540.0,261.1,0.0,657.5,1168.9,1,269.2,0,1,shot_pb=1.00|flight_commit=1.00|keepin_prop=0.18|keepin_zoom=1.350|edge_zoom=0.807|bounds
624,559.1,857.0,interp,0.38,590.6,540.0,261.8,0.0,657.5,1168.9,1,272.5,0,1,shot_pb=1.00|flight_commit=1.00|keepin_prop=0.16|keepin_zoom=1.350|edge_zoom=0.815|bounds
625,563.8,852.4,interp,0.38,591.9,540.0,263.1,0.0,657.5,1168.9,1,275.9,0,1,shot_pb=1.00|flight_commit=1.00|keepin_prop=0.14|keepin_zoom=1.350|edge_zoom=0.823|bounds
626,569.0,848.5,interp,0.38,593.7,540.0,265.0,0.0,657.5,1168.9,1,279.3,0,1,shot_pb=1.00|flight_commit=1.00|keepin_prop=0.12|keepin_zoom=1.350|edge_zoom=0.829|bounds
627,574.7,845.3,interp,0.38,596.1,540.0,267.4,0.0,657.5,1168.9,1,282.6,0,1,shot_pb=1.00|flight_commit=1.00|keepin_prop=0.11|keepin_zoom=1.350|edge_zoom=0.835|bounds
628,580.9,842.8,interp,0.38,599.0,540.0,270.2,0.0,657.5,1168.9,1,285.9,0,1,shot_pb=1.00|flight_commit=1.00|keepin_prop=0.09|keepin_zoom=1.350|edge_zoom=0.839|bounds
629,587.3,841.1,yolo,0.33,602.3,540.0,273.5,0.0,657.5,1168.9,1,289.0,0,1,shot_pb=1.00|flight_commit=1.00|keepin_prop=0.08|keepin_zoom=1.350|edge_zoom=0.843|bounds
630,593.9,841.0,interp,0.38,606.0,540.0,277.2,0.0,657.5,1168.9,1,291.9,0,1,shot_pb=1.00|flight_commit=1.00|keepin_prop=0.07|keepin_zoom=1.350|edge_zoom=0.847|bounds
631,600.7,841.7,interp,0.38,610.1,540.0,281.3,0.0,657.5,1168.9,1,294.6,0,1,shot_pb=1.00|flight_commit=1.00|keepin_prop=0.06|keepin_zoom=1.350|edge_zoom=0.848|bounds
632,607.7,843.2,interp,0.38,614.5,540.0,285.7,0.0,657.5,1168.9,1,297.2,0,1,shot_pb=1.00|flight_commit=1.00|keepin_prop=0.06|keepin_zoom=1.350|edge_zoom=0.848|bounds
633,614.8,845.6,interp,0.38,619.2,540.0,290.4,0.0,657.5,1168.9,1,299.6,0,1,shot_pb=1.00|flight_commit=1.00|keepin_prop=0.05|keepin_zoom=1.350|edge_zoom=0.847|bounds
634,622.1,848.8,yolo,0.31,624.3,540.0,295.5,0.0,657.5,1168.9,1,301.8,0,1,shot_pb=1.00|flight_commit=1.00|keepin_prop=0.06|keepin_zoom=1.350|edge_zoom=0.846|bounds
635,628.8,853.6,interp,0.38,629.6,540.0,300.9,0.0,657.5,1168.9,1,303.2,0,1,shot_pb=1.00|flight_commit=1.00|keepin_prop=0.05|keepin_zoom=1.350|edge_zoom=0.844|bounds
636,635.7,859.1,interp,0.38,635.3,540.0,306.6,0.0,657.5,1168.9,1,303.6,0,1,shot_pb=1.00|flight_commit=1.00|keepin_prop=0.06|keepin_zoom=1.350|edge_zoom=0.840|bounds
637,642.9,865.1,interp,0.38,641.4,540.0,312.6,0.0,657.5,1168.9,1,302.5,0,1,shot_pb=1.00|flight_commit=1.00|keepin_prop=0.07|keepin_zoom=1.350|edge_zoom=0.835|bounds
638,650.5,871.6,yolo,0.43,647.7,540.0,319.0,0.0,657.5,1168.9,1,297.3,0,1,shot_pb=1.00|flight_commit=1.00|keepin_prop=0.08|keepin_zoom=1.350|edge_zoom=0.829|bounds
639,659.2,879.9,yolo,0.51,654.5,540.0,325.7,0.0,657.5,1168.9,1,289.0,0,1,shot_pb=1.00|flight_commit=1.00|keepin_prop=0.10|keepin_zoom=1.350|edge_zoom=0.821|bounds
640,668.6,887.2,yolo,0.47,661.6,540.0,332.8,0.0,657.5,1168.9,1,281.7,0,1,shot_pb=1.00|flight_commit=1.00|keepin_prop=0.12|keepin_zoom=1.350|edge_zoom=0.812|bounds
641,678.3,892.7,interp,0.38,669.2,540.0,340.4,0.0,657.5,1168.9,1,276.2,0,1,shot_pb=1.00|flight_commit=1.00|keepin_prop=0.14|keepin_zoom=1.350|edge_zoom=0.803|bounds
642,688.4,897.7,interp,0.38,677.1,540.0,348.4,0.0,657.5,1168.9,1,271.2,0,1,shot_pb=1.00|flight_commit=1.00|keepin_prop=0.16|keepin_zoom=1.350|edge_zoom=0.795|bounds
643,699.1,902.2,yolo,0.46,685.6,540.0,356.9,0.0,657.5,1168.9,1,266.7,0,1,shot_pb=1.00|flight_commit=1.00|keepin_prop=0.18|keepin_zoom=1.350|edge_zoom=0.787|bounds
644,710.5,905.8,interp,0.38,694.6,540.0,365.8,0.0,657.5,1168.9,1,263.1,0,1,shot_pb=1.00|flight_commit=1.00|keepin_prop=0.20|keepin_zoom=1.350|edge_zoom=0.780|bounds
645,722.5,909.0,interp,0.38,704.1,540.0,375.4,0.0,657.5,1168.9,1,259.9,0,1,shot_pb=1.00|flight_commit=1.00|keepin_prop=0.22|keepin_zoom=1.350|edge_zoom=0.774|bounds
646,735.2,911.7,interp,0.38,714.3,540.0,385.5,0.0,657.5,1168.9,1,257.2,0,1,shot_pb=1.00|flight_commit=1.00|keepin_prop=0.23|keepin_zoom=1.350|edge_zoom=0.768|bounds
647,748.7,914.0,interp,0.38,725.0,540.0,396.2,0.0,657.5,1168.9,1,254.9,0,1,shot_pb=1.00|flight_commit=1.00|keepin_prop=0.24|keepin_zoom=1.350|edge_zoom=0.763|bounds
648,763.1,915.9,interp,0.38,736.3,540.0,407.6,0.0,657.5,1168.9,1,253.0,0,1,shot_pb=1.00|flight_commit=1.00|keepin_prop=0.25|keepin_zoom=1.350|edge_zoom=0.759|bounds
649,778.5,917.5,interp,0.38,748.3,540.0,419.5,0.0,657.5,1168.9,1,251.4,0,1,shot_pb=1.00|flight_commit=1.00|keepin_prop=0.26|keepin_zoom=1.350|edge_zoom=0.755|bounds
650,795.0,918.8,interp,0.38,760.9,540.0,432.2,0.0,657.5,1168.9,1,250.1,0,1,shot_pb=1.00|flight_commit=1.00|keepin_prop=0.27|keepin_zoom=1.350|edge_zoom=0.752|bounds
651,812.7,919.8,interp,0.38,774.2,540.0,445.5,0.0,657.5,1168.9,1,249.1,0,1,shot_pb=1.00|flight_commit=1.00|keepin_prop=0.27|keepin_zoom=1.350|edge_zoom=0.750|bounds
652,831.8,920.4,yolo,0.54,788.1,540.0,459.4,0.0,657.5,1168.9,1,248.5,0,1,shot_pb=1.00|flight_commit=1.00|keepin_prop=0.28|keepin_zoom=1.350|edge_zoom=0.750|bounds
653,856.2,920.8,yolo,0.58,802.6,540.0,473.9,0.0,657.5,1168.9,1,248.1,0,1,shot_pb=1.00|flight_commit=1.00|keepin_prop=0.28|keepin_zoom=1.350|edge_zoom=0.750|bounds
654,878.7,920.8,interp,0.38,817.7,540.0,488.9,0.0,657.5,1168.9,1,243.0,0,1,shot_pb=1.00|flight_commit=1.00|keepin_prop=0.29|keepin_zoom=1.350|edge_zoom=0.750|bounds
655,901.9,920.6,interp,0.38,833.1,540.0,504.4,0.0,657.5,1168.9,1,235.2,0,1,shot_pb=1.00|flight_commit=1.00|keepin_prop=0.29|keepin_zoom=1.350|edge_zoom=0.750|bounds
656,925.8,920.0,yolo,0.49,849.0,540.0,520.2,0.0,657.5,1168.9,1,227.2,0,1,shot_pb=1.00|flight_commit=1.00|keepin_prop=0.29|keepin_zoom=1.350|edge_zoom=0.750|bounds
657,952.7,919.1,yolo,0.45,865.1,540.0,536.3,0.0,657.5,1168.9,1,216.4,0,1,shot_pb=1.00|flight_commit=1.00|keepin_prop=0.28|keepin_zoom=1.350|edge_zoom=0.750|bounds
658,979.0,918.0,yolo,0.47,881.3,540.0,552.5,0.0,657.5,1168.9,1,206.3,0,1,shot_pb=1.00|flight_commit=1.00|keepin_prop=0.28|keepin_zoom=1.350|edge_zoom=0.750|bounds
659,1004.4,916.6,yolo,0.46,897.5,540.0,568.8,0.0,657.5,1168.9,1,197.1,0,1,shot_pb=1.00|flight_commit=1.00|keepin_prop=0.28|keepin_zoom=1.350|edge_zoom=0.751|bounds
660,1028.6,915.0,yolo,0.40,913.7,540.0,584.9,0.0,657.5,1168.9,1,189.1,0,1,shot_pb=1.00|flight_commit=1.00|keepin_prop=0.27|keepin_zoom=1.350|edge_zoom=0.754|bounds
661,1051.5,913.2,yolo,0.35,929.6,540.0,600.9,0.0,657.5,1168.9,1,182.1,0,1,shot_pb=1.00|flight_commit=1.00|keepin_prop=0.27|keepin_zoom=1.350|edge_zoom=0.756|bounds
662,1073.1,911.2,yolo,0.42,945.2,540.0,616.4,0.0,657.5,1168.9,1,176.1,0,1,shot_pb=1.00|flight_commit=1.00|keepin_prop=0.26|keepin_zoom=1.350|edge_zoom=0.759|bounds
663,1092.2,908.9,interp,0.38,960.3,540.0,631.6,0.0,657.5,1168.9,1,172.1,0,1,shot_pb=1.00|flight_commit=1.00|keepin_prop=0.26|keepin_zoom=1.350|edge_zoom=0.762|bounds
664,1110.1,906.3,interp,0.38,975.0,540.0,646.2,0.0,657.5,1168.9,1,168.9,0,1,shot_pb=1.00|flight_commit=1.00|keepin_prop=0.25|keepin_zoom=1.350|edge_zoom=0.765|bounds
665,1127.0,903.4,yolo,0.44,989.0,540.0,660.2,0.0,657.5,1168.9,1,166.0,0,1,shot_pb=1.00|flight_commit=1.00|keepin_prop=0.24|keepin_zoom=1.350|edge_zoom=0.769|bounds
666,1144.0,900.1,yolo,0.41,1002.3,540.0,673.6,0.0,657.5,1168.9,1,162.3,0,1,shot_pb=1.00|flight_commit=1.00|keepin_prop=0.23|keepin_zoom=1.350|edge_zoom=0.773|bounds
667,1158.4,896.4,interp,0.38,1015.0,540.0,686.2,0.0,657.5,1168.9,1,160.6,0,1,shot_pb=1.00|flight_commit=1.00|pb_zfit|keepin_prop=0.23|keepin_zoom=1.350|edge_zoom=0.777|bounds
668,1171.8,892.3,interp,0.38,1027.0,540.0,698.2,0.0,657.5,1168.9,1,159.2,0,1,shot_pb=1.00|flight_commit=1.00|pb_zfit|keepin_prop=0.22|keepin_zoom=1.350|edge_zoom=0.782|bounds
669,1184.1,887.7,interp,0.38,1038.2,540.0,709.4,0.0,657.5,1168.9,1,158.1,0,1,shot_pb=1.00|flight_commit=1.00|pb_zfit|keepin_prop=0.21|keepin_zoom=1.350|edge_zoom=0.787|bounds
670,1195.6,882.5,interp,0.38,1048.7,540.0,719.9,0.0,657.5,1168.9,1,157.1,0,1,shot_pb=1.00|flight_commit=1.00|pb_zfit|keepin_prop=0.20|keepin_zoom=1.350|edge_zoom=0.792|bounds
671,1206.3,876.6,interp,0.38,1058.4,540.0,729.6,0.0,657.5,1168.9,1,156.1,0,1,shot_pb=1.00|flight_commit=1.00|pb_zfit|keepin_prop=0.19|keepin_zoom=1.350|edge_zoom=0.798|bounds
672,1216.3,870.0,yolo,0.45,1067.4,540.0,738.6,0.0,657.5,1168.9,1,155.1,0,1,shot_pb=1.00|flight_commit=1.00|pb_zfit|keepin_prop=0.18|keepin_zoom=1.350|edge_zoom=0.805|bounds
673,1225.5,862.1,interp,0.38,1075.6,540.0,746.9,0.0,657.5,1168.9,1,154.1,0,1,shot_pb=1.00|flight_commit=1.00|pb_zfit|keepin_prop=0.16|keepin_zoom=1.350|edge_zoom=0.813|bounds
674,1234.1,853.4,interp,0.38,1083.1,540.0,754.3,0.0,657.5,1168.9,1,153.0,0,1,shot_pb=1.00|flight_commit=1.00|pb_zfit|keepin_prop=0.14|keepin_zoom=1.350|edge_zoom=0.822|bounds
675,1242.1,843.8,interp,0.38,1089.7,540.0,760.9,0.0,657.5,1168.9,1,151.6,0,1,shot_pb=1.00|flight_commit=1.00|pb_zfit|keepin_prop=0.12|keepin_zoom=1.350|edge_zoom=0.831|bounds
676,1249.5,833.3,interp,0.38,1095.4,540.0,766.6,0.0,657.5,1168.9,1,149.9,0,1,shot_pb=1.00|flight_commit=1.00|pb_zfit|keepin_prop=0.10|keepin_zoom=1.350|edge_zoom=0.841|bounds
677,1256.2,821.8,interp,0.38,1100.1,540.0,771.3,0.0,657.5,1168.9,1,147.9,0,1,shot_pb=1.00|flight_commit=1.00|pb_zfit|keepin_prop=0.08|keepin_zoom=1.350|edge_zoom=0.851|bounds
678,1262.3,809.4,interp,0.38,1103.7,540.0,775.0,0.0,657.5,1168.9,1,145.4,0,1,shot_pb=1.00|flight_commit=1.00|pb_zfit|keepin_prop=0.06|keepin_zoom=1.350|edge_zoom=0.861|bounds
679,1267.8,795.8,interp,0.38,1106.2,540.0,777.4,0.0,657.5,1168.9,1,142.4,0,1,shot_pb=1.00|flight_commit=1.00|pb_zfit|keepin_prop=0.04|keepin_zoom=1.350|edge_zoom=0.871|bounds
680,1272.6,781.1,yolo,0.49,1107.3,540.0,778.5,0.0,657.5,1168.9,1,138.7,0,1,shot_pb=1.00|flight_commit=1.00|pb_zfit|keepin_prop=0.02|keepin_zoom=1.350|edge_zoom=0.881|bounds
681,1278.7,761.4,yolo,0.43,1107.0,540.0,778.2,0.0,657.5,1168.9,1,132.3,0,1,shot_pb=1.00|flight_commit=1.00|pb_zfit|keepin_prop=0.01|keepin_zoom=1.350|edge_zoom=0.892|bounds
682,1282.6,741.9,yolo,0.41,1105.1,540.0,776.4,0.0,657.5,1168.9,1,126.5,0,1,shot_pb=1.00|flight_commit=1.00|pb_zfit|keepin_prop=0.00|keepin_zoom=1.350|edge_zoom=0.901|bounds
683,1284.4,723.4,yolo,0.44,1101.7,540.0,773.0,0.0,657.5,1168.9,1,121.3,0,0,shot_pb=1.00|flight_commit=1.00|pb_zfit|edge_zoom=0.946|bounds
684,1284.0,706.1,yolo,0.47,1096.7,540.0,768.0,0.0,657.5,1168.9,1,116.7,0,0,shot_pb=1.00|flight_commit=1.00|pb_zfit|edge_zoom=0.964|bounds
685,1281.5,690.3,yolo,0.43,1090.2,540.0,761.5,0.0,657.4,1168.8,1,112.7,0,0,shot_pb=1.00|flight_commit=1.00|pb_zfit|edge_zoom=0.970|bounds
686,1276.8,676.0,yolo,0.48,1082.2,540.0,753.5,0.0,657.4,1168.7,1,109.4,0,0,shot_pb=1.00|flight_commit=1.00|pb_zfit|edge_zoom=0.969|bounds
687,1269.9,663.2,yolo,0.46,1073.0,540.0,744.3,0.0,657.3,1168.5,1,107.1,0,0,shot_pb=1.00|flight_commit=1.00|pb_zfit|edge_zoom=0.963|bounds
688,1260.7,651.8,yolo,0.42,1062.7,540.0,734.1,0.0,657.2,1168.3,1,106.0,0,0,shot_pb=1.00|flight_commit=1.00|pb_zfit|edge_zoom=0.962|bounds
689,1249.2,641.9,yolo,0.37,1051.6,540.0,723.1,0.0,657.0,1168.0,1,106.4,0,0,shot_pb=1.00|flight_commit=1.00|pb_zfit|edge_zoom=0.962|bounds
690,1230.8,633.9,interp,0.38,1040.1,540.0,711.7,0.0,656.7,1167.5,1,113.3,0,1,accel_zoom=0.942|shot_pb=1.00|flight_commit=1.00|pb_zfit|keepin_prop=0.01|keepin_zoom=1.350|edge_zoom=0.941|bounds
691,1211.0,626.9,yolo,0.39,1028.3,540.0,700.1,0.0,656.4,1166.9,1,121.3,0,0,accel_zoom=0.941|shot_pb=1.00|flight_commit=1.00|pb_zfit|edge_zoom=0.956|bounds
692,1192.2,620.6,interp,0.38,1016.5,540.0,688.5,0.0,656.0,1166.2,1,128.3,0,1,shot_pb=1.00|flight_commit=1.00|pb_zfit|keepin_prop=0.02|keepin_zoom=1.350|edge_zoom=0.946|bounds
693,1173.5,615.0,interp,0.38,1005.1,540.0,677.3,0.0,655.5,1165.3,1,135.6,0,0,shot_pb=1.00|flight_commit=1.00|edge_zoom=0.959|bounds
694,1155.4,609.9,yolo,0.34,994.1,540.0,666.6,0.0,654.9,1164.2,1,142.7,0,1,shot_pb=1.00|flight_commit=1.00|keepin_prop=0.03|keepin_zoom=1.350|edge_zoom=0.949|bounds
695,1138.6,604.8,yolo,0.35,983.7,540.0,656.6,0.0,654.2,1163.0,1,149.1,0,0,shot_pb=1.00|flight_commit=1.00|edge_zoom=0.963|bounds
696,1125.7,599.9,yolo,0.32,974.0,540.0,647.3,0.0,653.4,1161.6,1,152.3,0,1,shot_pb=1.00|flight_commit=1.00|keepin_prop=0.04|keepin_zoom=1.350|edge_zoom=0.952|bounds
697,1115.1,595.3,yolo,0.33,965.2,540.0,638.8,0.0,652.6,1160.2,1,154.1,0,0,shot_pb=1.00|flight_commit=1.00|edge_zoom=0.970|bounds
698,1105.9,591.4,interp,0.38,957.1,540.0,631.2,0.0,651.8,1158.7,1,155.2,0,1,shot_pb=1.00|flight_commit=1.00|keepin_prop=0.06|keepin_zoom=1.350|edge_zoom=0.954|bounds
699,1098.1,587.7,interp,0.38,949.9,540.0,624.4,0.0,650.9,1157.2,1,155.8,0,1,shot_pb=1.00|flight_commit=1.00|keepin_prop=0.00|keepin_zoom=1.350|edge_zoom=0.960|bounds
700,1091.4,584.3,yolo,0.34,943.4,540.0,618.4,0.0,650.1,1155.7,1,156.0,0,0,shot_pb=1.00|flight_commit=1.00|edge_zoom=0.977|bounds
701,1085.8,580.9,yolo,0.41,937.7,540.0,613.0,0.0,649.3,1154.3,1,155.9,0,1,shot_pb=1.00|flight_commit=1.00|keepin_prop=0.02|keepin_zoom=1.350|edge_zoom=0.961|bounds
702,1081.2,577.9,yolo,0.42,932.5,540.0,608.3,0.0,648.6,1153.0,1,155.3,0,0,shot_pb=1.00|flight_commit=1.00|edge_zoom=0.983|bounds
703,1077.3,575.0,yolo,0.38,927.9,540.0,604.0,0.0,647.9,1151.9,1,154.6,0,1,shot_pb=1.00|flight_commit=1.00|keepin_prop=0.03|keepin_zoom=1.350|edge_zoom=0.969|bounds
704,1073.6,572.5,interp,0.38,923.7,540.0,600.0,0.0,647.4,1150.9,1,154.1,0,1,shot_pb=1.00|flight_commit=1.00|keepin_prop=0.00|keepin_zoom=1.350|edge_zoom=0.966|bounds
705,1070.2,570.1,yolo,0.36,919.7,540.0,596.3,0.0,646.9,1150.0,1,153.5,0,0,shot_pb=1.00|flight_commit=1.00|edge_zoom=0.986|bounds
706,1067.2,567.9,yolo,0.37,915.9,540.0,592.7,0.0,646.5,1149.4,1,152.7,0,1,shot_pb=1.00|flight_commit=1.00|keepin_prop=0.01|keepin_zoom=1.350|edge_zoom=0.972|bounds
707,1064.3,565.8,yolo,0.34,912.1,540.0,589.0,0.0,646.2,1148.8,1,151.8,0,1,shot_pb=1.00|flight_commit=1.00|keepin_prop=0.00|keepin_zoom=1.350|edge_zoom=0.968|bounds
708,1061.2,563.9,yolo,0.31,908.1,540.0,585.1,0.0,646.0,1148.4,1,150.9,0,0,shot_pb=1.00|flight_commit=1.00|edge_zoom=0.987|bounds
709,1057.9,562.0,interp,0.38,903.7,540.0,580.9,0.0,645.8,1148.1,1,149.8,0,1,shot_pb=1.00|flight_commit=1.00|keepin_prop=0.05|keepin_zoom=1.350|edge_zoom=0.967|bounds
710,1054.1,560.2,interp,0.38,898.9,540.0,576.1,0.0,645.7,1147.9,1,148.8,0,1,shot_pb=1.00|flight_commit=1.00|keepin_prop=0.00|keepin_zoom=1.350|edge_zoom=0.970|bounds
711,1049.7,558.5,interp,0.38,893.4,540.0,570.6,0.0,645.6,1147.8,1,147.7,0,0,shot_pb=1.00|flight_commit=1.00|edge_zoom=0.984|bounds
712,1044.5,556.8,interp,0.38,887.1,540.0,564.3,0.0,645.7,1147.9,1,146.6,0,1,shot_pb=1.00|flight_commit=1.00|keepin_prop=0.08|keepin_zoom=1.350|edge_zoom=0.968|bounds
713,1038.5,555.3,interp,0.38,879.8,540.0,556.9,0.0,645.8,1148.1,1,145.3,0,1,shot_pb=1.00|flight_commit=1.00|keepin_prop=0.00|keepin_zoom=1.350|edge_zoom=0.972|bounds
714,1031.3,553.8,interp,0.38,871.4,540.0,548.3,0.0,646.0,1148.5,1,144.1,0,0,shot_pb=1.00|flight_commit=1.00|edge_zoom=0.980|bounds
715,1022.7,552.4,interp,0.38,861.7,540.0,538.5,0.0,646.4,1149.1,1,143.0,0,1,shot_pb=1.00|flight_commit=1.00|keepin_prop=0.08|keepin_zoom=1.350|edge_zoom=0.970|bounds
716,1012.6,551.1,interp,0.38,850.6,540.0,527.1,0.0,646.9,1150.0,1,142.0,0,1,shot_pb=1.00|flight_commit=1.00|keepin_prop=0.00|keepin_zoom=1.350|edge_zoom=0.974|bounds
717,1000.6,549.8,yolo,0.29,838.0,540.0,514.3,0.0,647.5,1151.1,1,141.4,0,0,shot_pb=1.00|flight_commit=1.00|edge_zoom=0.978|bounds
718,985.2,548.8,interp,0.38,824.0,540.0,499.9,0.0,648.3,1152.5,1,142.8,0,1,shot_pb=1.00|flight_commit=1.00|keepin_prop=0.04|keepin_zoom=1.350|edge_zoom=0.973|bounds
719,967.8,547.8,interp,0.38,808.4,540.0,483.8,0.0,649.2,1154.1,1,144.6,0,0,shot_pb=1.00|flight_commit=1.00|edge_zoom=0.977|bounds
720,948.0,546.8,interp,0.38,791.3,540.0,466.2,0.0,650.1,1155.8,1,147.3,0,1,shot_pb=1.00|flight_commit=1.00|keepin_prop=0.06|keepin_zoom=1.350|edge_zoom=0.973|bounds
721,926.0,545.9,interp,0.38,772.7,540.0,447.1,0.0,651.2,1157.6,1,150.7,0,0,accel_zoom=0.939|shot_pb=1.00|flight_commit=1.00|edge_zoom=0.977|bounds
722,901.5,544.9,interp,0.38,752.7,540.0,426.7,0.0,652.1,1159.4,1,155.2,0,1,accel_zoom=0.933|shot_pb=1.00|flight_commit=1.00|keepin_prop=0.02|keepin_zoom=1.350|edge_zoom=0.976|bounds
723,874.3,543.9,interp,0.38,731.6,540.0,405.0,0.0,653.1,1161.0,1,161.3,0,0,accel_zoom=0.926|shot_pb=1.00|flight_commit=1.00|edge_zoom=0.978|bounds
724,844.2,542.8,interp,0.38,709.3,540.0,382.4,0.0,653.9,1162.6,1,169.1,0,0,accel_zoom=0.919|shot_pb=1.00|flight_commit=1.00|edge_zoom=0.978|bounds
725,811.0,541.7,yolo,0.35,686.3,540.0,359.0,0.0,654.7,1163.8,1,179.3,0,0,accel_zoom=0.911|shot_pb=1.00|flight_commit=1.00|edge_zoom=0.988|bounds
726,765.6,541.1,yolo,0.40,662.7,540.0,335.1,0.0,655.3,1164.9,1,201.1,0,0,shot_pb=1.00|flight_commit=1.00|edge_zoom=0.987|bounds
727,719.4,540.0,yolo,0.37,638.9,540.0,311.1,0.0,655.7,1165.8,1,223.5,0,0,shot_pb=1.00|flight_commit=1.00|edge_zoom=0.981|bounds
728,674.9,538.3,yolo,0.37,615.3,540.0,287.3,0.0,656.1,1166.4,1,244.4,0,0,flight_commit=1.00|flight_boost=1.01|edge_zoom=0.981|bounds
729,634.5,532.2,yolo,0.34,592.2,540.0,264.0,0.0,656.4,1166.9,1,261.7,0,0,flight_commit=1.00|flight_boost=1.08|edge_zoom=0.987|bounds
730,598.7,529.6,interp,0.38,569.9,540.0,241.6,0.0,656.6,1167.2,1,275.2,0,0,shot_pb=1.00|flight_commit=1.00|flight_boost=1.06|edge_zoom=0.982|bounds
731,556.0,524.0,interp,0.38,548.8,540.0,220.5,0.0,656.7,1167.4,1,296.8,0,0,accel_zoom=0.908|shot_pb=1.00|flight_commit=1.00|flight_boost=1.09|edge_zoom=0.989|bounds
732,521.5,520.7,interp,0.38,529.2,540.0,200.9,0.0,656.7,1167.5,1,296.3,0,1,accel_zoom=0.908|shot_pb=1.00|flight_commit=1.00|keepin_prop=0.02|keepin_zoom=1.350|flight_boost=1.06|edge_zoom=0.985|bounds
733,491.3,518.6,interp,0.38,511.5,540.0,183.1,0.0,656.8,1167.6,1,283.8,0,0,accel_zoom=0.908|shot_pb=1.00|flight_commit=1.00|flight_boost=1.02|edge_zoom=0.989|bounds
734,466.0,517.6,interp,0.38,495.8,540.0,167.5,0.0,656.7,1167.5,1,274.2,0,1,shot_pb=1.00|flight_commit=1.00|keepin_prop=0.01|keepin_zoom=1.350|edge_zoom=0.987|bounds
735,446.2,518.2,interp,0.38,482.4,540.0,154.1,0.0,656.6,1167.3,1,267.8,0,0,shot_pb=1.00|flight_commit=1.00|edge_zoom=0.986|bounds
736,453.5,528.9,interp,0.38,471.4,540.0,143.2,0.0,656.4,1166.9,1,286.1,0,0,shot_pb=1.00|flight_commit=1.00|edge_zoom=0.954|bounds
737,442.4,531.9,interp,0.38,463.0,540.0,134.9,0.0,656.0,1166.3,1,283.4,0,0,shot_pb=1.00|flight_commit=1.00|edge_zoom=0.973|bounds
738,432.3,534.5,interp,0.38,457.1,540.0,129.3,0.0,655.6,1165.5,1,279.2,0,1,shot_pb=1.00|flight_commit=1.00|keepin_prop=0.02|keepin_zoom=1.350|edge_zoom=0.980|bounds
739,423.3,536.9,interp,0.38,454.0,540.0,126.5,0.0,655.0,1164.5,1,273.3,0,0,shot_pb=1.00|flight_commit=1.00|edge_zoom=0.971|bounds
740,415.5,539.0,interp,0.38,453.5,540.0,126.3,0.0,654.3,1163.2,1,266.0,0,1,shot_pb=1.00|flight_commit=1.00|keepin_prop=0.07|keepin_zoom=1.350|edge_zoom=0.976|bounds
741,409.3,540.8,interp,0.38,455.6,540.0,128.8,0.0,653.5,1161.8,1,257.7,0,1,shot_pb=1.00|flight_commit=1.00|keepin_prop=0.00|keepin_zoom=1.350|edge_zoom=0.978|bounds
742,404.6,542.3,interp,0.38,460.1,540.0,133.9,0.0,652.5,1160.1,1,248.5,0,0,shot_pb=1.00|flight_commit=1.00|edge_zoom=0.967|bounds
743,401.9,543.5,interp,0.38,467.0,540.0,141.2,0.0,651.5,1158.2,1,238.9,0,1,shot_pb=1.00|flight_commit=1.00|keepin_prop=0.06|keepin_zoom=1.350|edge_zoom=0.974|bounds
744,401.4,544.3,yolo,0.54,475.8,540.0,150.7,0.0,650.3,1156.2,1,229.6,0,0,shot_pb=1.00|flight_commit=1.00|edge_zoom=0.948|bounds
745,406.1,544.3,interp,0.50,486.4,540.0,161.9,0.0,649.1,1154.0,1,223.7,0,0,shot_pb=1.00|flight_commit=1.00|edge_zoom=0.976|bounds
746,412.9,544.1,interp,0.50,498.4,540.0,174.5,0.0,647.8,1151.6,1,218.5,0,0,shot_pb=1.00|flight_commit=1.00|edge_zoom=0.978|bounds
747,421.4,543.5,interp,0.50,511.3,540.0,188.2,0.0,646.3,1148.9,1,214.1,0,1,shot_pb=1.00|flight_commit=1.00|keepin_prop=0.01|keepin_zoom=1.350|edge_zoom=0.977|bounds
748,431.3,542.7,interp,0.50,524.9,540.0,202.6,0.0,644.5,1145.8,1,210.4,0,0,shot_pb=1.00|flight_commit=1.00|edge_zoom=0.980|bounds
749,442.5,541.7,interp,0.50,538.7,540.0,217.4,0.0,642.6,1142.4,1,207.8,0,1,shot_pb=1.00|flight_commit=1.00|keepin_prop=0.07|keepin_zoom=1.350|edge_zoom=0.975|bounds
750,454.7,540.6,interp,0.50,552.6,540.0,232.4,0.0,640.4,1138.4,1,206.1,0,1,shot_pb=1.00|flight_commit=1.00|keepin_prop=0.00|keepin_zoom=1.350|edge_zoom=0.978|bounds
751,467.6,539.3,interp,0.50,566.1,540.0,247.3,0.0,637.8,1133.8,1,205.5,0,0,shot_pb=1.00|flight_commit=1.00|edge_zoom=0.982|bounds
752,481.2,537.9,interp,0.50,579.2,540.0,261.8,0.0,634.8,1128.5,1,206.0,0,1,shot_pb=1.00|flight_commit=1.00|keepin_prop=0.04|keepin_zoom=1.350|edge_zoom=0.978|bounds
753,495.3,536.4,interp,0.50,591.6,540.0,275.9,0.0,631.4,1122.5,1,207.7,0,0,shot_pb=1.00|flight_commit=1.00|edge_zoom=0.983|bounds
754,509.7,534.8,interp,0.50,603.3,540.0,289.4,0.0,627.6,1115.8,1,210.4,0,1,shot_pb=1.00|flight_commit=1.00|keepin_prop=0.03|keepin_zoom=1.350|edge_zoom=0.979|bounds
755,524.3,533.2,interp,0.50,614.1,540.0,302.3,0.0,623.5,1108.5,1,214.2,0,0,shot_pb=1.00|flight_commit=1.00|edge_zoom=0.984|bounds
756,539.1,531.5,interp,0.50,624.1,540.0,314.5,0.0,619.2,1100.7,1,219.0,0,0,shot_pb=1.00|flight_commit=1.00|edge_zoom=0.989|bounds
757,553.9,529.9,interp,0.50,633.3,540.0,325.9,0.0,614.7,1092.8,1,224.6,0,0,shot_pb=1.00|flight_commit=1.00|edge_zoom=0.994|bounds
758,568.7,528.2,interp,0.50,641.8,540.0,336.6,0.0,610.3,1085.0,1,230.9,0,0,shot_pb=1.00|flight_commit=1.00|edge_zoom=0.996|bounds
759,583.3,526.5,interp,0.50,649.7,540.0,346.5,1.1,606.2,1077.8,1,237.6,0,0,shot_pb=1.00|flight_commit=1.00|edge_zoom=0.998|bounds
760,597.8,524.9,interp,0.50,657.1,540.0,355.8,4.4,602.6,1071.3,1,244.7,0,0,shot_pb=1.00|flight_commit=1.00|bounds
761,612.1,523.2,interp,0.50,664.3,540.0,364.5,7.0,599.6,1066.0,1,251.8,0,0,shot_pb=1.00|flight_commit=1.00|bounds
762,626.1,521.6,interp,0.50,671.5,540.0,372.8,8.9,597.4,1062.1,1,258.6,0,0,shot_pb=1.00|flight_commit=1.00|bounds
763,639.7,520.1,interp,0.50,678.9,540.0,380.8,10.1,596.1,1059.8,1,264.8,0,0,flight_commit=0.84|bounds
764,653.1,518.5,interp,0.50,686.6,540.0,388.7,10.5,595.7,1059.1,1,270.5,0,0,flight_commit=1.00|edge_zoom=0.998|bounds
765,666.0,517.1,interp,0.50,694.8,540.0,396.7,10.1,596.2,1059.9,1,275.2,0,0,flight_commit=1.00|edge_zoom=0.997|bounds
766,678.5,515.6,interp,0.50,703.6,540.0,404.9,9.0,597.4,1062.0,1,278.9,0,0,flight_commit=1.00|edge_zoom=0.996|bounds
767,690.6,514.3,interp,0.50,713.0,540.0,413.3,7.3,599.3,1065.4,1,281.6,0,0,flight_commit=1.00|edge_zoom=0.996|bounds
768,702.3,513.0,interp,0.50,723.0,540.0,422.2,5.2,601.6,1069.6,1,283.3,0,0,shot_pb=1.00|flight_commit=1.00|edge_zoom=0.995|bounds
769,713.5,511.7,interp,0.50,733.6,540.0,431.4,2.8,604.4,1074.5,1,283.9,0,0,shot_pb=1.00|flight_commit=1.00|edge_zoom=0.993|bounds
770,724.2,510.6,interp,0.50,744.5,540.0,440.8,0.1,607.4,1079.8,1,283.7,0,0,shot_pb=1.00|flight_commit=1.00|edge_zoom=0.993|bounds
771,734.4,509.5,interp,0.50,755.6,540.0,450.3,0.0,610.5,1085.3,1,282.8,0,0,shot_pb=1.00|flight_commit=1.00|edge_zoom=0.994|bounds
772,744.0,508.5,interp,0.50,766.6,540.0,459.7,0.0,613.7,1091.1,1,281.4,0,0,shot_pb=1.00|flight_commit=1.00|edge_zoom=0.994|bounds
773,753.2,507.6,interp,0.50,777.2,540.0,468.8,0.0,617.0,1096.8,1,280.0,0,0,shot_pb=1.00|flight_commit=1.00|edge_zoom=0.995|bounds
774,761.8,506.8,interp,0.50,787.3,540.0,477.2,0.0,620.2,1102.5,1,278.5,0,0,shot_pb=1.00|flight_commit=1.00|edge_zoom=0.995|bounds
775,769.9,506.0,interp,0.50,796.6,540.0,484.9,0.0,623.3,1108.0,1,277.3,0,0,shot_pb=1.00|flight_commit=1.00|edge_zoom=0.995|bounds
776,777.5,505.4,interp,0.50,804.8,540.0,491.7,0.0,626.2,1113.3,1,276.7,0,0,shot_pb=1.00|flight_commit=1.00|edge_zoom=0.996|bounds
777,784.5,504.9,interp,0.50,811.9,540.0,497.4,0.0,629.0,1118.3,1,276.6,0,0,shot_pb=1.00|flight_commit=1.00|person_ctx=4|edge_zoom=0.997|bounds
778,790.9,504.4,interp,0.50,817.6,540.0,501.9,0.0,631.5,1122.6,1,277.3,0,1,shot_pb=1.00|flight_commit=1.00|keepin_prop=0.03|keepin_zoom=1.350|edge_zoom=0.994|bounds
779,796.8,504.1,interp,0.50,822.0,540.0,505.2,0.0,633.6,1126.4,1,278.8,0,1,shot_pb=1.00|flight_commit=1.00|keepin_prop=0.01|keepin_zoom=1.350|edge_zoom=0.992|bounds
780,802.2,504.0,interp,0.50,824.9,540.0,507.3,0.0,635.2,1129.2,1,281.3,0,0,shot_pb=1.00|flight_commit=1.00|edge_zoom=0.993|bounds
781,807.0,503.9,interp,0.50,826.2,540.0,508.0,0.0,636.3,1131.1,1,284.8,0,1,shot_pb=1.00|flight_commit=1.00|keepin_prop=0.06|keepin_zoom=1.350|edge_zoom=0.991|bounds
782,811.2,504.0,interp,0.50,825.9,540.0,507.5,0.0,636.8,1132.1,1,289.3,0,1,shot_pb=1.00|flight_commit=1.00|keepin_prop=0.00|keepin_zoom=1.350|edge_zoom=0.992|bounds
783,814.9,504.3,interp,0.50,824.0,540.0,505.6,0.0,637.0,1132.4,1,294.9,0,0,shot_pb=1.00|flight_commit=1.00|edge_zoom=0.990|bounds
784,818.1,504.7,interp,0.50,820.5,540.0,502.2,0.0,636.7,1131.8,1,301.6,0,1,shot_pb=1.00|flight_commit=1.00|keepin_prop=0.07|keepin_zoom=1.350|edge_zoom=0.991|bounds
785,820.7,505.3,interp,0.50,815.4,540.0,497.4,0.0,636.0,1130.7,1,298.7,0,1,shot_pb=1.00|flight_commit=1.00|keepin_prop=0.00|keepin_zoom=1.350|edge_zoom=0.992|bounds
786,822.8,506.1,interp,0.50,808.8,540.0,491.2,0.0,635.2,1129.2,1,290.0,0,0,shot_pb=1.00|flight_commit=1.00|edge_zoom=0.980|bounds
787,824.4,507.0,interp,0.50,800.8,540.0,483.7,0.0,634.2,1127.5,1,280.4,0,1,shot_pb=1.00|flight_commit=1.00|keepin_prop=0.03|keepin_zoom=1.350|edge_zoom=0.991|bounds
788,832.6,513.5,blended,0.70,791.6,540.0,474.9,0.0,633.3,1125.8,1,263.0,0,0,shot_pb=1.00|flight_commit=1.00|edge_zoom=0.967|bounds
789,828.6,511.7,blended,0.74,781.4,540.0,465.2,0.0,632.4,1124.3,1,256.8,0,0,shot_pb=1.00|flight_commit=1.00|edge_zoom=0.997|bounds
790,820.9,507.9,interp,0.38,770.6,540.0,454.8,0.0,631.7,1123.0,1,253.7,0,0,shot_pb=1.00|flight_commit=1.00|edge_zoom=0.996|bounds
791,817.3,507.6,interp,0.38,759.5,540.0,444.0,0.0,631.0,1121.8,1,246.2,0,0,shot_pb=1.00|flight_commit=1.00|edge_zoom=0.993|bounds
792,813.4,507.5,interp,0.38,748.3,540.0,433.1,0.0,630.5,1120.8,1,238.9,0,1,shot_pb=1.00|flight_commit=1.00|keepin_prop=0.03|keepin_zoom=1.350|edge_zoom=0.990|bounds
793,809.2,507.6,interp,0.38,737.4,540.0,422.5,0.0,629.9,1119.9,1,232.2,0,0,shot_pb=1.00|flight_commit=1.00|edge_zoom=0.990|bounds
794,804.8,507.8,interp,0.38,727.0,540.0,412.3,0.0,629.4,1119.0,1,226.2,0,1,shot_pb=1.00|flight_commit=1.00|keepin_prop=0.02|keepin_zoom=1.350|edge_zoom=0.992|bounds
795,800.2,508.2,interp,0.38,717.4,540.0,402.9,0.0,628.9,1118.1,1,221.2,0,1,shot_pb=1.00|flight_commit=1.00|keepin_prop=0.00|keepin_zoom=1.350|edge_zoom=0.991|bounds
796,795.4,508.6,interp,0.38,708.5,540.0,394.3,0.0,628.4,1117.1,1,217.1,0,0,shot_pb=1.00|flight_commit=1.00|edge_zoom=0.988|bounds
797,790.5,509.1,interp,0.38,700.6,540.0,386.7,0.0,627.8,1116.0,1,214.1,0,0,shot_pb=1.00|flight_commit=1.00|edge_zoom=0.992|bounds
798,785.6,509.7,interp,0.38,693.6,540.0,380.0,0.0,627.1,1114.9,1,212.0,0,1,shot_pb=1.00|flight_commit=1.00|keepin_prop=0.00|keepin_zoom=1.350|edge_zoom=0.996|bounds
799,780.5,510.4,interp,0.38,687.5,540.0,374.2,0.0,626.5,1113.8,1,211.0,0,0,shot_pb=1.00|flight_commit=1.00|edge_zoom=0.993|bounds
800,775.4,511.1,interp,0.38,682.3,540.0,369.3,0.0,625.9,1112.8,1,210.9,0,0,shot_pb=1.00|flight_commit=1.00|edge_zoom=0.995|bounds
801,770.3,511.9,interp,0.38,677.9,540.0,365.1,0.0,625.4,1111.9,1,211.6,0,0,shot_pb=1.00|flight_commit=1.00|edge_zoom=0.996|bounds
802,765.3,512.7,interp,0.38,674.2,540.0,361.7,0.0,625.1,1111.2,1,212.9,0,0,shot_pb=1.00|flight_commit=1.00|edge_zoom=0.997|bounds
803,760.3,513.5,interp,0.38,671.2,540.0,358.8,0.0,624.8,1110.8,1,214.9,0,0,shot_pb=1.00|flight_commit=1.00|person_ctx=4|edge_zoom=0.999|bounds
804,755.4,514.4,interp,0.38,668.8,540.0,356.4,0.0,624.8,1110.8,1,217.4,0,0,shot_pb=1.00|flight_commit=1.00|person_ctx=4|bounds
805,750.6,515.3,interp,0.38,666.8,540.0,354.3,0.0,625.0,1111.2,1,220.2,0,0,shot_pb=1.00|flight_commit=1.00|person_ctx=4|edge_zoom=0.999|bounds
806,745.9,516.1,interp,0.38,665.4,540.0,352.6,0.0,625.6,1112.1,1,223.5,0,0,shot_pb=1.00|flight_commit=1.00|bounds
807,741.5,517.0,interp,0.38,664.3,540.0,351.1,0.0,626.5,1113.8,1,226.8,0,0,shot_pb=1.00|flight_commit=1.00|person_ctx=4|bounds
808,737.2,517.9,interp,0.38,663.5,540.0,349.6,0.0,627.8,1116.1,1,230.3,0,0,shot_pb=1.00|flight_commit=1.00|bounds
809,733.3,518.7,interp,0.38,663.0,540.0,348.2,0.0,629.5,1119.2,1,233.7,0,0,shot_pb=1.00|flight_commit=1.00|bounds
810,729.6,519.6,interp,0.38,662.7,540.0,346.8,0.0,631.7,1123.0,1,237.1,0,0,shot_pb=1.00|flight_commit=1.00|person_ctx=4|bounds
811,729.1,521.9,blended,0.77,662.5,540.0,345.4,0.0,634.2,1127.4,1,237.4,0,0,shot_pb=1.00|flight_commit=1.00|person_ctx=4|edge_zoom=0.993|bounds
812,723.2,520.6,hold,0.25,662.4,540.0,343.9,0.0,636.9,1132.4,1,243.2,0,0,shot_pb=1.00|flight_commit=1.00|bounds
813,720.5,520.9,hold,0.25,662.3,540.0,342.4,0.0,639.9,1137.5,1,245.8,0,0,shot_pb=1.00|flight_commit=1.00|person_ctx=4|bounds
