frame,ball_x,ball_y,source,confidence,cam_cx,cam_cy,crop_x0,crop_y0,crop_w,crop_h,ball_in_crop,dist_to_edge,speed_limited,keepinview,clamp_flags
0,1150.0,932.0,centroid,0.30,1143.6,540.0,814.8,0.0,657.5,1168.9,1,236.9,1,0,accel_zoom=0.856|flight_commit=1.00|edge_zoom=0.750|bounds|final_speed
1,1147.4,933.2,centroid,0.30,1142.7,540.0,813.9,0.0,657.5,1168.9,1,235.7,1,1,flight_commit=0.99|keepin_prop=0.40|keepin_zoom=1.350|speed|edge_zoom=0.750|bounds
2,1144.6,934.7,centroid,0.30,1141.5,540.0,812.7,0.0,657.5,1168.9,1,234.2,1,1,flight_commit=0.59|keepin_prop=0.41|keepin_zoom=1.350|speed|edge_zoom=0.750|bounds
3,1141.5,936.5,centroid,0.30,1140.2,540.0,811.4,0.0,657.5,1168.9,1,232.4,1,1,flight_commit=0.32|conf_zoom=1.00|keepin_prop=0.42|keepin_zoom=1.350|speed|edge_zoom=0.750|bounds
4,1138.1,938.7,centroid,0.30,1138.7,540.0,810.0,0.0,657.5,1168.9,1,230.2,1,1,flight_commit=0.17|conf_zoom=0.95|keepin_prop=0.43|keepin_zoom=1.350|speed|edge_zoom=0.750|bounds
5,1130.7,946.6,yolo,0.36,1137.3,540.0,808.5,0.0,657.5,1168.9,1,222.3,1,1,flight_commit=0.47|keepin_prop=0.47|keepin_zoom=1.350|speed|edge_zoom=0.750|bounds
6,1128.0,948.9,interp,0.38,1135.9,540.0,807.2,0.0,657.5,1168.9,1,220.0,1,1,flight_commit=0.24|conf_zoom=0.97|keepin_prop=0.48|keepin_zoom=1.350|speed|edge_zoom=0.750|bounds
7,1125.9,950.4,interp,0.38,1134.8,540.0,806.0,0.0,657.5,1168.9,1,218.5,1,1,flight_commit=0.02|conf_zoom=0.91|keepin_prop=0.54|keepin_zoom=1.350|speed|edge_zoom=0.750|bounds
8,1124.5,951.4,interp,0.38,1133.9,540.0,805.1,0.0,657.5,1168.9,1,217.5,1,1,conf_zoom=0.76|keepin_prop=1.00|keepin_zoom=1.350|speed|edge_zoom=0.750|bounds
9,1123.7,951.9,interp,0.38,1133.3,540.0,804.5,0.0,657.5,1168.9,1,217.0,1,1,conf_zoom=0.77|keepin_prop=1.00|keepin_zoom=1.350|speed|edge_zoom=0.750|bounds
10,1123.5,951.8,interp,0.38,1133.1,540.0,804.4,0.0,657.5,1168.9,1,217.1,1,1,conf_zoom=0.78|keepin_prop=1.00|keepin_zoom=1.350|speed|edge_zoom=0.750|bounds
11,1123.9,951.2,interp,0.38,1133.4,540.0,804.7,0.0,657.5,1168.9,1,217.7,1,1,conf_zoom=0.78|keepin_prop=1.00|keepin_zoom=1.350|speed|edge_zoom=0.750|bounds
12,1124.9,950.1,interp,0.38,1134.2,540.0,805.5,0.0,657.5,1168.9,1,218.8,1,1,conf_zoom=0.78|keepin_prop=1.00|keepin_zoom=1.350|speed|edge_zoom=0.750|bounds
13,1126.5,948.5,interp,0.38,1135.6,540.0,806.8,0.0,657.5,1168.9,1,220.4,1,1,conf_zoom=0.79|keepin_prop=1.00|keepin_zoom=1.350|speed|edge_zoom=0.750|bounds
14,1128.7,946.4,interp,0.38,1137.5,540.0,808.8,0.0,657.5,1168.9,1,222.5,1,1,conf_zoom=0.79|keepin_prop=1.00|keepin_zoom=1.350|speed|edge_zoom=0.750|bounds
15,1131.5,943.8,interp,0.38,1140.1,540.0,811.3,0.0,657.5,1168.9,1,225.1,1,1,conf_zoom=0.79|keepin_prop=1.00|keepin_zoom=1.350|speed|edge_zoom=0.750|bounds
16,1135.1,940.7,yolo,0.32,1143.2,540.0,814.4,0.0,657.5,1168.9,1,228.2,1,1,conf_zoom=0.78|keepin_prop=1.00|keepin_zoom=1.350|speed|edge_zoom=0.750|bounds
17,1139.7,936.8,interp,0.38,1146.9,540.0,818.2,0.0,657.5,1168.9,1,232.1,1,1,conf_zoom=0.78|keepin_prop=0.93|keepin_zoom=1.350|speed|edge_zoom=0.750|bounds
18,1145.1,932.3,interp,0.38,1151.3,540.0,822.5,0.0,657.5,1168.9,1,236.6,1,1,flight_commit=0.00|conf_zoom=0.91|keepin_prop=0.42|keepin_zoom=1.350|speed|edge_zoom=0.750|bounds
19,1151.3,927.3,interp,0.38,1156.2,540.0,827.5,0.0,657.5,1168.9,1,241.6,1,1,flight_commit=0.18|conf_zoom=0.96|keepin_prop=0.40|keepin_zoom=1.350|speed|edge_zoom=0.750|bounds
20,1158.3,921.7,interp,0.38,1161.8,540.0,833.0,0.0,657.5,1168.9,1,247.2,1,1,flight_commit=0.36|keepin_prop=0.38|keepin_zoom=1.350|speed|edge_zoom=0.750|bounds
21,1166.1,915.5,interp,0.38,1168.0,540.0,839.2,0.0,657.5,1168.9,1,253.4,1,1,flight_commit=0.56|keepin_prop=0.35|keepin_zoom=1.350|speed|edge_zoom=0.750|bounds
22,1174.9,908.7,interp,0.38,1174.7,540.0,846.0,0.0,657.5,1168.9,1,260.2,1,1,flight_commit=0.76|keepin_prop=0.32|keepin_zoom=1.350|speed|edge_zoom=0.750|bounds
23,1184.6,901.2,interp,0.38,1182.1,540.0,853.3,0.0,657.5,1168.9,1,267.7,1,1,flight_commit=0.97|keepin_prop=0.29|keepin_zoom=1.350|speed|edge_zoom=0.755|bounds
24,1195.5,893.0,interp,0.38,1190.0,540.0,861.2,0.0,657.5,1168.9,1,275.9,1,1,flight_commit=1.00|keepin_prop=0.26|keepin_zoom=1.350|speed|edge_zoom=0.768|bounds
25,1207.5,884.1,interp,0.38,1198.4,540.0,869.6,0.0,657.5,1168.9,1,284.8,1,1,shot_pb=0.40|flight_commit=1.00|keepin_prop=0.24|keepin_zoom=1.350|speed|edge_zoom=0.777|bounds
26,1220.8,874.3,interp,0.38,1207.3,540.0,878.6,0.0,657.5,1168.9,1,290.5,1,1,shot_pb=0.60|flight_commit=1.00|keepin_prop=0.22|keepin_zoom=1.350|speed|edge_zoom=0.786|bounds
27,1235.6,863.6,yolo,0.31,1216.7,540.0,887.9,0.0,657.5,1168.9,1,285.1,1,1,shot_pb=0.80|flight_commit=1.00|keepin_prop=0.20|keepin_zoom=1.350|speed|edge_zoom=0.794|bounds
28,1255.3,849.3,yolo,0.31,1226.5,540.0,897.7,0.0,657.5,1168.9,1,275.2,1,1,accel_zoom=0.930|shot_pb=1.00|flight_commit=1.00|keepin_prop=0.18|keepin_zoom=1.350|speed|edge_zoom=0.803|bounds
29,1275.8,835.1,yolo,0.36,1236.6,540.0,907.8,0.0,657.5,1168.9,1,264.8,1,1,accel_zoom=0.918|shot_pb=1.00|flight_commit=1.00|keepin_prop=0.15|keepin_zoom=1.350|speed|edge_zoom=0.814|bounds
30,1296.4,821.2,yolo,0.44,1246.9,540.0,918.1,0.0,657.5,1168.9,1,254.5,1,1,accel_zoom=0.918|shot_pb=1.00|flight_commit=1.00|keepin_prop=0.13|keepin_zoom=1.350|speed|edge_zoom=0.824|bounds
31,1316.6,807.5,yolo,0.46,1257.4,540.0,928.6,0.0,657.5,1168.9,1,244.8,1,1,accel_zoom=0.918|shot_pb=1.00|flight_commit=1.00|keepin_prop=0.10|keepin_zoom=1.350|speed|edge_zoom=0.836|bounds
32,1336.1,794.6,yolo,0.45,1267.9,540.0,939.1,0.0,657.5,1168.9,1,235.8,1,1,accel_zoom=0.918|shot_pb=1.00|flight_commit=1.00|keepin_prop=0.08|keepin_zoom=1.350|speed|edge_zoom=0.846|bounds
33,1354.5,782.4,yolo,0.41,1278.3,540.0,949.5,0.0,657.5,1168.9,1,227.8,1,1,accel_zoom=0.918|shot_pb=1.00|flight_commit=1.00|keepin_prop=0.06|keepin_zoom=1.350|speed|edge_zoom=0.854|bounds
34,1371.7,771.1,yolo,0.42,1288.4,540.0,959.6,0.0,657.5,1168.9,1,220.7,1,1,shot_pb=1.00|flight_commit=1.00|keepin_prop=0.04|keepin_zoom=1.350|speed|edge_zoom=0.860|bounds
35,1387.6,760.7,yolo,0.45,1298.0,540.0,969.3,0.0,657.5,1168.9,1,214.4,1,1,shot_pb=1.00|flight_commit=1.00|keepin_prop=0.03|keepin_zoom=1.350|speed|edge_zoom=0.865|bounds
36,1402.0,751.3,yolo,0.43,1307.1,540.0,978.3,0.0,657.5,1168.9,1,209.1,1,1,shot_pb=1.00|flight_commit=1.00|keepin_prop=0.02|keepin_zoom=1.350|speed|edge_zoom=0.869|bounds
37,1414.7,742.8,yolo,0.43,1315.4,540.0,986.6,0.0,657.5,1168.9,1,204.7,1,1,shot_pb=1.00|flight_commit=1.00|keepin_prop=0.02|keepin_zoom=1.350|speed|edge_zoom=0.872|bounds
38,1424.7,735.5,interp,0.38,1322.7,540.0,993.9,0.0,657.5,1168.9,1,202.0,1,1,shot_pb=1.00|flight_commit=1.00|keepin_prop=0.01|keepin_zoom=1.350|speed|edge_zoom=0.873|bounds
39,1433.2,728.8,interp,0.38,1328.9,540.0,1000.1,0.0,657.5,1168.9,1,199.7,1,1,shot_pb=1.00|flight_commit=1.00|keepin_prop=0.01|keepin_zoom=1.350|speed|edge_zoom=0.874|bounds
40,1440.2,722.8,interp,0.38,1333.8,540.0,1005.0,0.0,657.5,1168.9,1,197.6,1,1,shot_pb=1.00|flight_commit=1.00|keepin_prop=0.01|keepin_zoom=1.350|speed|edge_zoom=0.875|bounds
41,1446.0,717.2,interp,0.38,1337.2,540.0,1008.5,0.0,657.5,1168.9,1,195.2,1,1,shot_pb=1.00|flight_commit=1.00|keepin_prop=0.00|keepin_zoom=1.350|speed|edge_zoom=0.875|bounds
42,1450.4,712.1,interp,0.38,1339.2,540.0,1010.4,0.0,657.5,1168.9,1,192.8,1,1,shot_pb=1.00|flight_commit=1.00|keepin_prop=0.00|keepin_zoom=1.350|speed|edge_zoom=0.875|bounds
43,1453.6,707.3,interp,0.38,1339.6,540.0,1010.8,0.0,657.5,1168.9,1,190.0,1,1,shot_pb=1.00|flight_commit=1.00|keepin_prop=0.00|keepin_zoom=1.350|speed|edge_zoom=0.876|bounds
44,1455.5,702.9,interp,0.38,1338.5,540.0,1009.7,0.0,657.5,1168.9,1,187.0,1,1,shot_pb=1.00|flight_commit=1.00|keepin_prop=0.00|keepin_zoom=1.350|speed|edge_zoom=0.876|bounds
45,1456.1,698.7,yolo,0.37,1335.9,540.0,1007.1,0.0,657.5,1168.9,1,183.8,1,1,shot_pb=1.00|flight_commit=1.00|keepin_prop=0.00|keepin_zoom=1.350|speed|edge_zoom=0.876|bounds
46,1455.9,694.3,yolo,0.36,1331.9,540.0,1003.2,0.0,657.5,1168.9,1,180.0,0,1,shot_pb=1.00|flight_commit=1.00|keepin_prop=0.00|keepin_zoom=1.350|edge_zoom=0.878|bounds
47,1451.5,690.9,interp,0.38,1326.7,540.0,998.0,0.0,657.5,1168.9,1,179.2,0,0,shot_pb=1.00|flight_commit=1.00|edge_zoom=0.900|bounds
48,1446.2,687.6,interp,0.38,1320.5,540.0,991.7,0.0,657.5,1168.9,1,178.3,0,0,shot_pb=1.00|flight_commit=1.00|edge_zoom=0.898|bounds
49,1440.4,684.4,yolo,0.40,1313.2,540.0,984.5,0.0,657.5,1168.9,1,176.8,0,1,shot_pb=1.00|flight_commit=1.00|keepin_prop=0.00|keepin_zoom=1.350|edge_zoom=0.881|bounds
50,1435.5,680.9,yolo,0.38,1305.2,540.0,976.4,0.0,657.5,1168.9,1,173.7,0,0,shot_pb=1.00|flight_commit=1.00|edge_zoom=0.903|bounds
51,1434.7,677.1,interp,0.38,1296.3,540.0,967.5,0.0,657.5,1168.9,1,165.6,0,0,shot_pb=1.00|flight_commit=1.00|edge_zoom=0.918|bounds
52,1433.4,673.3,yolo,0.34,1286.6,540.0,957.9,0.0,657.5,1168.9,1,157.2,0,0,shot_pb=1.00|flight_commit=1.00|edge_zoom=0.918|bounds
53,1429.4,670.1,interp,0.38,1276.1,540.0,947.3,0.0,657.5,1168.9,1,150.7,0,0,shot_pb=1.00|flight_commit=1.00|edge_zoom=0.908|bounds
54,1423.8,667.2,interp,0.38,1264.5,540.0,935.7,0.0,657.5,1168.9,1,144.7,0,1,shot_pb=1.00|flight_commit=1.00|keepin_prop=0.02|keepin_zoom=1.350|edge_zoom=0.884|bounds
55,1416.3,664.4,interp,0.38,1251.7,540.0,922.9,0.0,657.5,1168.9,1,139.4,0,0,shot_pb=1.00|flight_commit=1.00|edge_zoom=0.901|bounds
56,1406.2,661.9,interp,0.38,1237.4,540.0,908.7,0.0,657.5,1168.9,1,135.2,0,1,shot_pb=1.00|flight_commit=1.00|keepin_prop=0.04|keepin_zoom=1.350|edge_zoom=0.882|bounds
57,1393.3,659.8,yolo,0.35,1221.5,540.0,892.7,0.0,657.5,1168.9,1,132.2,0,0,shot_pb=1.00|flight_commit=1.00|edge_zoom=0.897|bounds
58,1375.0,658.1,interp,0.38,1203.5,540.0,874.8,0.0,657.5,1168.9,1,132.5,0,1,shot_pb=1.00|flight_commit=1.00|keepin_prop=0.03|keepin_zoom=1.350|edge_zoom=0.886|bounds
59,1353.1,656.8,interp,0.38,1183.4,540.0,854.7,0.0,657.5,1168.9,1,134.3,0,0,shot_pb=1.00|flight_commit=1.00|edge_zoom=0.894|bounds
60,1327.6,655.8,interp,0.38,1161.0,540.0,832.2,0.0,657.5,1168.9,1,137.4,0,1,shot_pb=1.00|flight_commit=1.00|keepin_prop=0.01|keepin_zoom=1.350|edge_zoom=0.891|bounds
61,1298.1,655.0,interp,0.38,1136.1,540.0,807.4,0.0,657.5,1168.9,1,142.0,0,0,shot_pb=1.00|flight_commit=1.00|edge_zoom=0.894|bounds
62,1264.3,654.5,interp,0.38,1108.9,540.0,780.1,0.0,657.5,1168.9,1,148.6,0,0,shot_pb=1.00|flight_commit=1.00|edge_zoom=0.893|bounds
63,1225.9,654.3,yolo,0.32,1079.3,540.0,750.6,0.0,657.5,1168.9,1,157.4,0,1,shot_pb=1.00|flight_commit=1.00|keepin_prop=0.00|keepin_zoom=1.350|edge_zoom=0.892|bounds
64,1175.0,654.8,yolo,0.31,1047.8,540.0,719.0,0.0,657.5,1168.9,1,176.8,0,0,shot_pb=1.00|flight_commit=1.00|edge_zoom=0.893|bounds
65,1120.9,655.3,yolo,0.40,1014.4,540.0,685.6,0.0,657.5,1168.9,1,197.5,0,0,shot_pb=1.00|flight_commit=1.00|flight_boost=1.03|edge_zoom=0.892|bounds
66,1066.3,655.1,interp,0.50,979.7,540.0,650.9,0.0,657.5,1168.9,1,217.4,0,0,accel_zoom=0.938|shot_pb=1.00|flight_commit=1.00|flight_boost=1.10|edge_zoom=0.893|bounds
67,1010.5,655.0,interp,0.50,944.1,540.0,615.3,0.0,657.5,1168.9,1,237.6,0,0,accel_zoom=0.922|shot_pb=1.00|flight_commit=1.00|flight_boost=1.17|edge_zoom=0.893|bounds
68,954.0,655.3,interp,0.50,908.0,540.0,579.3,0.0,657.5,1168.9,1,258.0,0,0,accel_zoom=0.910|shot_pb=1.00|flight_commit=1.00|flight_boost=1.23|edge_zoom=0.892|bounds
69,891.3,659.4,interp,0.50,872.1,540.0,543.3,0.0,657.5,1168.9,1,284.8,0,0,accel_zoom=0.889|shot_pb=1.00|flight_commit=1.00|flight_boost=1.30|edge_zoom=0.889|bounds
70,835.7,660.6,interp,0.50,836.7,540.0,507.9,0.0,657.5,1168.9,1,303.0,0,0,accel_zoom=0.889|shot_pb=1.00|flight_commit=1.00|flight_boost=1.31|edge_zoom=0.890|bounds
71,782.8,661.5,interp,0.50,802.3,540.0,473.6,0.0,657.5,1168.9,1,284.5,0,0,accel_zoom=0.889|shot_pb=1.00|flight_commit=1.00|person_ctx=4|flight_boost=1.31|edge_zoom=0.890|bounds
72,732.8,662.0,interp,0.50,769.4,540.0,440.6,0.0,657.5,1168.9,1,267.4,0,0,accel_zoom=0.889|shot_pb=1.00|flight_commit=1.00|flight_boost=1.30|edge_zoom=0.890|bounds
73,686.0,662.1,interp,0.50,738.2,540.0,409.4,0.0,657.5,1168.9,1,251.8,0,0,accel_zoom=0.889|shot_pb=1.00|flight_commit=1.00|flight_boost=1.27|edge_zoom=0.890|bounds
74,642.8,661.7,interp,0.50,709.1,540.0,380.3,0.0,657.5,1168.9,1,237.7,0,1,accel_zoom=0.889|shot_pb=1.00|flight_commit=1.00|keepin_prop=0.00|keepin_zoom=1.350|flight_boost=1.24|edge_zoom=0.890|bounds
75,603.3,660.8,interp,0.50,682.2,540.0,353.4,0.0,657.5,1168.9,1,225.1,0,0,accel_zoom=0.889|shot_pb=1.00|flight_commit=1.00|pb_zfit|flight_boost=1.18|edge_zoom=0.891|bounds
76,567.7,659.3,interp,0.50,657.7,540.0,328.9,0.0,657.5,1168.9,1,214.0,0,0,accel_zoom=0.889|shot_pb=1.00|flight_commit=1.00|pb_zfit|flight_boost=1.12|edge_zoom=0.893|bounds
77,536.2,657.1,interp,0.50,635.7,540.0,307.0,0.0,657.5,1168.9,1,204.5,0,1,accel_zoom=0.889|shot_pb=1.00|flight_commit=1.00|pb_zfit|keepin_prop=0.00|keepin_zoom=1.350|flight_boost=1.06|edge_zoom=0.892|bounds
78,509.0,654.2,interp,0.50,616.3,540.0,287.6,0.0,657.5,1168.9,1,196.7,0,0,shot_pb=1.00|flight_commit=1.00|pb_zfit|flight_boost=1.00|edge_zoom=0.897|bounds
79,486.2,650.6,interp,0.50,599.6,540.0,270.8,0.0,657.5,1168.9,1,190.6,0,0,shot_pb=1.00|flight_commit=1.00|pb_zfit|edge_zoom=0.900|bounds
80,467.9,646.0,interp,0.50,585.5,540.0,256.7,0.0,657.5,1168.9,1,186.4,0,1,shot_pb=1.00|flight_commit=1.00|pb_zfit|keepin_prop=0.01|keepin_zoom=1.350|edge_zoom=0.894|bounds
81,454.4,640.5,interp,0.50,574.1,540.0,245.3,0.0,657.5,1168.9,1,184.3,0,0,shot_pb=1.00|flight_commit=1.00|person_ctx=4|pb_zfit|edge_zoom=0.911|bounds
82,461.5,626.0,yolo,0.42,565.2,540.0,236.4,0.0,657.5,1168.9,1,200.3,0,0,shot_pb=1.00|flight_commit=1.00|person_ctx=4|pb_zfit|edge_zoom=0.935|bounds
83,455.4,620.1,yolo,0.38,558.9,540.0,230.1,0.0,657.5,1168.9,1,200.5,0,0,shot_pb=1.00|flight_commit=1.00|person_ctx=4|pb_zfit|edge_zoom=0.930|bounds
84,450.3,614.9,yolo,0.34,554.9,540.0,226.2,0.0,657.5,1168.9,1,199.4,0,0,shot_pb=1.00|flight_commit=1.00|person_ctx=4|pb_zfit|edge_zoom=0.933|bounds
85,446.3,610.3,yolo,0.34,553.2,540.0,224.4,0.0,657.5,1168.9,1,197.1,0,0,shot_pb=1.00|flight_commit=1.00|person_ctx=4|pb_zfit|edge_zoom=0.936|bounds
86,443.3,606.2,yolo,0.38,553.4,540.0,224.6,0.0,657.5,1168.9,1,193.9,0,0,shot_pb=1.00|flight_commit=1.00|person_ctx=4|pb_zfit|edge_zoom=0.941|bounds
87,441.2,602.5,yolo,0.35,555.0,540.0,226.3,0.0,657.5,1168.9,1,190.2,0,0,shot_pb=1.00|flight_commit=1.00|person_ctx=4|pb_zfit|edge_zoom=0.951|bounds
88,440.1,599.3,interp,0.38,557.9,540.0,229.1,0.0,657.5,1168.9,1,186.2,0,0,shot_pb=1.00|flight_commit=1.00|person_ctx=4|pb_zfit|edge_zoom=0.955|bounds
89,440.0,596.5,interp,0.38,561.3,540.0,232.5,0.0,657.5,1168.9,1,182.7,0,0,shot_pb=1.00|flight_commit=1.00|person_ctx=4|pb_zfit|edge_zoom=0.949|bounds
90,440.8,594.1,yolo,0.39,564.9,540.0,236.2,0.0,657.5,1168.9,1,179.9,0,0,shot_pb=1.00|flight_commit=1.00|person_ctx=4|pb_zfit|edge_zoom=0.948|bounds
91,448.0,592.2,yolo,0.40,568.4,540.0,239.6,0.0,657.5,1168.9,1,183.6,0,0,shot_pb=1.00|flight_commit=1.00|pb_zfit|edge_zoom=0.925|bounds
92,452.1,590.4,yolo,0.37,571.3,540.0,242.6,0.0,657.5,1168.9,1,184.8,0,0,shot_pb=1.00|flight_commit=1.00|person_ctx=4|pb_zfit|edge_zoom=0.932|bounds
93,456.5,588.7,yolo,0.37,573.7,540.0,244.9,0.0,657.5,1168.9,1,186.8,0,0,shot_pb=1.00|flight_commit=1.00|person_ctx=4|pb_zfit|edge_zoom=0.888|bounds
94,456.4,586.8,yolo,0.37,575.5,540.0,246.7,0.0,657.5,1168.9,1,184.9,0,0,shot_pb=1.00|flight_commit=1.00|pb_zfit|edge_zoom=0.953|bounds
95,450.8,584.8,yolo,0.35,577.0,540.0,248.3,0.0,657.5,1168.9,1,177.8,0,0,shot_pb=1.00|flight_commit=1.00|pb_zfit|edge_zoom=0.932|bounds
96,444.7,582.8,yolo,0.38,578.6,540.0,249.8,0.0,657.5,1168.9,1,170.1,0,0,shot_pb=1.00|flight_commit=1.00|pb_zfit|edge_zoom=0.931|bounds
97,437.2,581.2,yolo,0.37,580.7,540.0,251.9,0.0,657.5,1168.9,1,160.5,0,0,shot_pb=1.00|flight_commit=1.00|pb_zfit|edge_zoom=0.929|bounds
98,431.9,579.5,yolo,0.38,583.7,540.0,254.9,0.0,657.5,1168.9,1,152.2,0,1,shot_pb=1.00|flight_commit=1.00|pb_zfit|keepin_prop=0.01|keepin_zoom=1.350|edge_zoom=0.920|bounds
99,429.5,577.9,yolo,0.43,588.0,540.0,259.2,0.0,657.5,1168.9,1,145.5,0,0,shot_pb=1.00|flight_commit=1.00|person_ctx=4|pb_zfit|edge_zoom=0.942|bounds
100,428.4,576.3,yolo,0.43,593.9,540.0,265.2,0.0,657.5,1168.9,1,138.5,0,0,shot_pb=1.00|flight_commit=1.00|person_ctx=4|pb_zfit|edge_zoom=0.967|bounds
101,428.4,574.8,yolo,0.47,601.6,540.0,272.8,0.0,657.5,1168.9,1,130.8,0,0,shot_pb=1.00|flight_commit=1.00|person_ctx=4|pb_zfit|edge_zoom=0.958|bounds
102,429.4,573.5,yolo,0.51,610.9,540.0,282.2,0.0,657.5,1168.9,1,122.5,0,0,shot_pb=1.00|flight_commit=1.00|person_ctx=4|pb_zfit|edge_zoom=0.951|bounds
103,431.5,572.2,yolo,0.48,621.8,540.0,293.0,0.0,657.5,1168.9,1,113.7,0,0,shot_pb=1.00|flight_commit=1.00|person_ctx=4|pb_zfit|edge_zoom=0.942|bounds
104,434.6,571.1,yolo,0.46,633.9,540.0,305.1,0.0,657.5,1168.9,1,104.7,0,0,shot_pb=1.00|flight_commit=1.00|person_ctx=4|pb_zfit|edge_zoom=0.937|bounds
105,438.7,570.1,yolo,0.47,647.0,540.0,318.2,0.0,657.5,1168.9,1,95.7,0,0,shot_pb=1.00|flight_commit=1.00|person_ctx=4|pb_zfit|edge_zoom=0.867|bounds
106,443.8,569.2,yolo,0.50,660.8,540.0,332.0,0.0,657.5,1168.9,1,87.0,0,0,shot_pb=1.00|flight_commit=1.00|person_ctx=4|pb_zfit|edge_zoom=0.867|bounds
107,450.1,568.5,yolo,0.54,674.9,540.0,346.2,0.0,657.5,1168.9,1,79.2,0,0,shot_pb=1.00|flight_commit=1.00|person_ctx=4|pb_zfit|edge_zoom=0.870|bounds
108,457.5,567.9,yolo,0.52,689.3,540.0,360.6,0.0,657.5,1168.9,1,72.2,0,0,shot_pb=1.00|flight_commit=1.00|person_ctx=4|pb_zfit|edge_zoom=0.873|bounds
109,466.2,567.5,yolo,0.53,703.9,540.0,375.1,0.0,657.5,1168.9,1,66.3,0,0,shot_pb=1.00|flight_commit=1.00|person_ctx=4|pb_zfit|edge_zoom=0.877|bounds
110,476.3,567.2,yolo,0.56,718.6,540.0,389.8,0.0,657.5,1168.9,1,61.7,0,0,shot_pb=1.00|flight_commit=1.00|pb_zfit|edge_zoom=0.883|bounds
111,487.9,567.0,yolo,0.55,733.4,540.0,404.7,0.0,657.5,1168.9,1,58.5,0,0,shot_pb=1.00|flight_commit=1.00|person_ctx=4|pb_zfit|edge_zoom=0.888|bounds
112,501.2,567.0,yolo,0.55,748.6,540.0,419.8,0.0,657.5,1168.9,1,56.6,0,0,shot_pb=1.00|flight_commit=1.00|person_ctx=4|pb_zfit|edge_zoom=0.895|bounds
113,516.3,567.2,yolo,0.56,764.1,540.0,435.3,0.0,657.5,1168.9,1,56.2,0,0,shot_pb=1.00|flight_commit=1.00|person_ctx=4|pb_zfit|edge_zoom=0.903|bounds
114,533.3,567.6,yolo,0.57,780.1,540.0,451.4,0.0,657.5,1168.9,1,57.2,0,1,shot_pb=1.00|flight_commit=1.00|person_ctx=4|pb_zfit|keepin_prop=0.00|keepin_zoom=1.350|edge_zoom=0.926|bounds
115,552.2,568.2,yolo,0.56,796.8,540.0,468.0,0.0,657.5,1168.9,1,59.4,0,0,shot_pb=1.00|flight_commit=1.00|person_ctx=4|pb_zfit|edge_zoom=0.925|bounds
116,580.5,569.1,yolo,0.56,814.0,540.0,485.3,0.0,657.5,1168.9,1,70.5,0,0,accel_zoom=0.930|shot_pb=1.00|flight_commit=1.00|person_ctx=4|pb_zfit|edge_zoom=0.925|bounds
117,605.8,570.4,yolo,0.57,832.0,540.0,503.2,0.0,657.5,1168.9,1,77.8,0,1,accel_zoom=0.930|shot_pb=1.00|flight_commit=1.00|person_ctx=4|pb_zfit|keepin_prop=0.00|keepin_zoom=1.350|edge_zoom=0.925|bounds
118,625.8,572.0,yolo,0.52,850.7,540.0,521.9,0.0,657.5,1168.9,1,79.1,0,0,shot_pb=1.00|flight_commit=1.00|person_ctx=4|pb_zfit|edge_zoom=0.922|bounds
119,654.3,574.0,yolo,0.47,870.0,540.0,541.2,0.0,657.5,1168.9,1,88.3,0,0,accel_zoom=0.934|shot_pb=1.00|flight_commit=1.00|edge_zoom=0.921|bounds
120,678.9,576.6,yolo,0.41,889.8,540.0,561.1,0.0,657.5,1168.9,1,93.1,0,1,accel_zoom=0.934|shot_pb=1.00|flight_commit=1.00|person_ctx=4|keepin_prop=0.01|keepin_zoom=1.350|edge_zoom=0.921|bounds
121,698.8,579.7,yolo,0.36,910.2,540.0,581.5,0.0,657.5,1168.9,1,92.6,0,0,shot_pb=1.00|flight_commit=1.00|person_ctx=4|edge_zoom=0.916|bounds
122,729.9,584.2,yolo,0.35,931.0,540.0,602.3,0.0,657.5,1168.9,1,102.9,0,0,accel_zoom=0.927|shot_pb=1.00|flight_commit=1.00|edge_zoom=0.915|bounds
123,764.7,588.6,interp,0.38,952.1,540.0,623.3,0.0,657.5,1168.9,1,116.6,0,1,accel_zoom=0.922|shot_pb=1.00|flight_commit=1.00|keepin_prop=0.01|keepin_zoom=1.350|edge_zoom=0.917|bounds
124,800.4,592.9,yolo,0.35,973.3,540.0,644.5,0.0,657.5,1168.9,1,131.1,0,0,accel_zoom=0.922|shot_pb=1.00|flight_commit=1.00|edge_zoom=0.913|bounds
125,832.9,596.0,interp,0.38,994.5,540.0,665.7,0.0,657.5,1168.9,1,142.4,0,0,accel_zoom=0.922|shot_pb=1.00|flight_commit=1.00|edge_zoom=0.912|bounds
126,865.0,599.0,interp,0.38,1015.5,540.0,686.7,0.0,657.5,1168.9,1,153.5,0,1,accel_zoom=0.922|shot_pb=1.00|flight_commit=1.00|keepin_prop=0.00|keepin_zoom=1.350|edge_zoom=0.914|bounds
127,896.7,601.7,interp,0.38,1036.1,540.0,707.4,0.0,657.5,1168.9,1,164.6,0,0,shot_pb=1.00|flight_commit=1.00|edge_zoom=0.910|bounds
128,927.7,604.2,yolo,0.33,1056.3,540.0,727.5,0.0,657.5,1168.9,1,175.4,0,0,shot_pb=1.00|flight_commit=1.00|edge_zoom=0.909|bounds
129,960.3,607.0,yolo,0.34,1075.8,540.0,747.0,0.0,657.5,1168.9,1,188.5,0,1,shot_pb=1.00|flight_commit=1.00|keepin_prop=0.00|keepin_zoom=1.350|edge_zoom=0.911|bounds
130,988.5,608.8,yolo,0.40,1094.5,540.0,765.7,0.0,657.5,1168.9,1,198.0,0,0,shot_pb=1.00|flight_commit=1.00|edge_zoom=0.908|bounds
131,1013.9,610.7,yolo,0.43,1112.2,540.0,783.4,0.0,657.5,1168.9,1,205.7,0,0,shot_pb=1.00|flight_commit=1.00|edge_zoom=0.907|bounds
132,1036.7,613.1,yolo,0.48,1128.9,540.0,800.1,0.0,657.5,1168.9,1,211.8,0,1,shot_pb=1.00|flight_commit=1.00|keepin_prop=0.02|keepin_zoom=1.350|edge_zoom=0.905|bounds
133,1057.0,615.0,yolo,0.47,1144.5,540.0,815.7,0.0,657.5,1168.9,1,216.5,0,0,shot_pb=1.00|flight_commit=1.00|edge_zoom=0.905|bounds
134,1075.2,616.3,yolo,0.45,1158.9,540.0,830.1,0.0,657.5,1168.9,1,220.3,0,1,shot_pb=1.00|flight_commit=1.00|keepin_prop=0.01|keepin_zoom=1.350|edge_zoom=0.906|bounds
135,1091.5,616.9,yolo,0.46,1172.1,540.0,843.3,0.0,657.5,1168.9,1,223.4,0,0,shot_pb=1.00|flight_commit=1.00|edge_zoom=0.906|bounds
136,1106.0,617.0,yolo,0.47,1184.0,540.0,855.2,0.0,657.5,1168.9,1,226.0,0,1,shot_pb=1.00|flight_commit=1.00|keepin_prop=0.01|keepin_zoom=1.350|edge_zoom=0.905|bounds
137,1118.9,616.3,yolo,0.48,1194.6,540.0,865.8,0.0,657.5,1168.9,1,228.3,0,0,shot_pb=1.00|flight_commit=1.00|edge_zoom=0.909|bounds
138,1130.2,614.1,yolo,0.48,1203.8,540.0,875.1,0.0,657.5,1168.9,1,230.4,0,1,shot_pb=1.00|flight_commit=1.00|keepin_prop=0.02|keepin_zoom=1.350|edge_zoom=0.905|bounds
139,1140.0,610.9,yolo,0.49,1211.7,540.0,882.9,0.0,657.5,1168.9,1,232.3,0,0,shot_pb=1.00|flight_commit=1.00|edge_zoom=0.920|bounds
140,1148.6,608.2,yolo,0.49,1218.1,540.0,889.3,0.0,657.5,1168.9,1,234.5,0,1,shot_pb=1.00|flight_commit=1.00|keepin_prop=0.02|keepin_zoom=1.350|edge_zoom=0.907|bounds
141,1155.9,606.1,yolo,0.47,1222.9,540.0,894.2,0.0,657.5,1168.9,1,237.0,0,0,shot_pb=1.00|flight_commit=1.00|edge_zoom=0.921|bounds
142,1162.3,604.8,yolo,0.46,1226.3,540.0,897.5,0.0,657.5,1168.9,1,240.0,0,1,shot_pb=1.00|flight_commit=1.00|keepin_prop=0.04|keepin_zoom=1.350|edge_zoom=0.905|bounds
143,1167.8,604.1,yolo,0.46,1228.0,540.0,899.2,0.0,657.5,1168.9,1,243.8,0,0,shot_pb=1.00|flight_commit=1.00|edge_zoom=0.916|bounds
144,1172.6,604.3,yolo,0.50,1228.1,540.0,899.3,0.0,657.5,1168.9,1,248.5,0,1,shot_pb=1.00|flight_commit=1.00|keepin_prop=0.07|keepin_zoom=1.350|edge_zoom=0.901|bounds
145,1176.4,605.3,yolo,0.49,1226.7,540.0,897.9,0.0,657.5,1168.9,1,253.7,0,1,shot_pb=1.00|flight_commit=1.00|keepin_prop=0.00|keepin_zoom=1.350|edge_zoom=0.912|bounds
146,1179.3,607.0,yolo,0.47,1223.8,540.0,895.1,0.0,657.5,1168.9,1,259.5,0,0,shot_pb=1.00|flight_commit=1.00|edge_zoom=0.894|bounds
147,1181.4,609.7,yolo,0.43,1219.8,540.0,891.0,0.0,657.5,1168.9,1,265.6,0,0,shot_pb=1.00|flight_commit=1.00|edge_zoom=0.883|bounds
148,1182.6,613.2,yolo,0.38,1214.8,540.0,886.1,0.0,657.5,1168.9,1,271.8,1,0,shot_pb=1.00|flight_commit=1.00|speed|edge_zoom=0.878|bounds
149,1182.7,620.6,yolo,0.33,1209.4,540.0,880.6,0.0,657.5,1168.9,1,277.3,1,0,shot_pb=1.00|flight_commit=1.00|speed|edge_zoom=0.878|bounds
150,1180.7,626.5,interp,0.38,1203.9,540.0,875.1,0.0,657.5,1168.9,1,280.8,1,0,shot_pb=1.00|flight_commit=1.00|speed|edge_zoom=0.878|bounds
151,1178.0,632.5,interp,0.38,1198.7,540.0,870.0,0.0,657.5,1168.9,1,283.3,1,0,shot_pb=1.00|flight_commit=1.00|speed|edge_zoom=0.878|bounds
152,1174.8,638.4,interp,0.38,1194.4,540.0,865.6,0.0,657.5,1168.9,1,284.4,1,0,shot_pb=1.00|flight_commit=1.00|speed|edge_zoom=0.878|bounds
153,1171.4,644.0,interp,0.38,1191.2,540.0,862.4,0.0,657.5,1168.8,1,284.2,1,0,shot_pb=1.00|flight_commit=1.00|speed|edge_zoom=0.878|bounds
154,1168.1,649.2,interp,0.38,1189.2,540.0,860.5,0.0,657.4,1168.7,1,282.9,1,0,shot_pb=1.00|flight_commit=1.00|speed|edge_zoom=0.878|bounds
155,1165.1,653.5,yolo,0.38,1188.6,540.0,859.9,0.0,657.3,1168.6,1,280.5,1,0,shot_pb=1.00|flight_commit=1.00|speed|edge_zoom=0.878|bounds
156,1160.3,656.3,yolo,0.34,1189.2,540.0,860.6,0.0,657.3,1168.5,1,275.1,0,1,shot_pb=1.00|flight_commit=1.00|keepin_prop=0.00|keepin_zoom=1.350|edge_zoom=0.892|bounds
157,1161.6,657.4,interp,0.38,1190.6,540.0,862.0,0.0,657.2,1168.3,1,275.0,1,0,shot_pb=1.00|flight_commit=1.00|speed|edge_zoom=0.878|bounds
158,1164.0,657.7,interp,0.38,1192.5,540.0,864.0,0.0,657.0,1168.0,1,275.5,0,0,shot_pb=1.00|flight_commit=1.00|edge_zoom=0.888|bounds
159,1167.0,657.1,interp,0.38,1194.3,540.0,865.9,0.0,656.9,1167.8,1,276.7,0,0,shot_pb=1.00|flight_commit=1.00|edge_zoom=0.898|bounds
160,1170.5,655.8,yolo,0.32,1195.6,540.0,867.3,0.0,656.7,1167.4,1,278.9,0,1,shot_pb=1.00|flight_commit=1.00|keepin_prop=0.04|keepin_zoom=1.350|edge_zoom=0.884|bounds
161,1174.1,653.5,interp,0.38,1196.0,540.0,867.8,0.0,656.5,1167.1,1,282.1,0,0,shot_pb=1.00|flight_commit=1.00|edge_zoom=0.912|bounds
162,1177.5,650.6,yolo,0.34,1195.3,540.0,867.1,0.0,656.3,1166.8,1,286.2,0,1,shot_pb=1.00|flight_commit=1.00|keepin_prop=0.01|keepin_zoom=1.350|edge_zoom=0.893|bounds
163,1179.6,646.7,yolo,0.33,1193.3,540.0,865.3,0.0,656.2,1166.6,1,290.3,0,0,shot_pb=1.00|flight_commit=1.00|edge_zoom=0.926|bounds
164,1180.2,643.4,interp,0.38,1190.4,540.0,862.3,0.0,656.1,1166.4,1,293.8,0,0,shot_pb=1.00|flight_commit=1.00|edge_zoom=0.931|bounds
165,1179.9,640.0,yolo,0.33,1186.6,540.0,858.6,0.0,656.0,1166.3,1,297.3,0,0,shot_pb=1.00|flight_commit=1.00|edge_zoom=0.933|bounds
166,1178.5,636.4,yolo,0.30,1182.7,540.0,854.6,0.0,656.0,1166.3,1,299.8,0,0,shot_pb=1.00|flight_commit=1.00|edge_zoom=0.932|bounds
167,1176.4,633.1,yolo,0.32,1178.9,540.0,850.9,0.0,656.1,1166.4,1,301.5,0,0,shot_pb=1.00|flight_commit=1.00|edge_zoom=0.930|bounds
168,1173.6,630.2,yolo,0.37,1175.9,540.0,847.8,0.0,656.2,1166.5,1,301.7,0,0,shot_pb=1.00|flight_commit=1.00|edge_zoom=0.927|bounds
169,1170.3,627.8,yolo,0.36,1174.1,540.0,845.9,0.0,656.3,1166.8,1,300.2,0,0,shot_pb=1.00|flight_commit=1.00|edge_zoom=0.924|bounds
170,1166.6,625.7,yolo,0.38,1173.7,540.0,845.4,0.0,656.5,1167.1,1,296.9,0,1,shot_pb=1.00|flight_commit=1.00|keepin_prop=0.01|keepin_zoom=1.350|edge_zoom=0.903|bounds
171,1154.9,623.6,yolo,0.34,1174.9,540.0,846.5,0.0,656.7,1167.4,1,284.0,0,0,shot_pb=1.00|flight_commit=1.00|edge_zoom=0.911|bounds
172,1148.8,622.1,yolo,0.33,1177.5,540.0,849.1,0.0,656.8,1167.7,1,275.3,0,1,shot_pb=1.00|flight_commit=1.00|keepin_prop=0.04|keepin_zoom=1.350|edge_zoom=0.899|bounds
173,1150.3,621.1,interp,0.38,1181.2,540.0,852.8,0.0,657.0,1168.0,1,273.1,0,0,shot_pb=1.00|flight_commit=1.00|edge_zoom=0.924|bounds
174,1153.6,620.3,interp,0.38,1185.7,540.0,857.1,0.0,657.1,1168.2,1,271.9,0,0,shot_pb=1.00|flight_commit=1.00|edge_zoom=0.914|bounds
175,1158.2,619.6,yolo,0.32,1190.3,540.0,861.6,0.0,657.2,1168.4,1,271.9,0,0,shot_pb=1.00|flight_commit=1.00|person_ctx=4|edge_zoom=0.912|bounds
176,1164.9,618.6,yolo,0.33,1194.3,540.0,865.7,0.0,657.3,1168.6,1,274.6,0,1,shot_pb=1.00|flight_commit=1.00|keepin_prop=0.04|keepin_zoom=1.350|edge_zoom=0.900|bounds
177,1170.4,617.3,yolo,0.35,1197.3,540.0,868.6,0.0,657.4,1168.7,1,277.1,0,0,shot_pb=1.00|flight_commit=1.00|edge_zoom=0.915|bounds
178,1174.6,616.3,yolo,0.38,1198.8,540.0,870.0,0.0,657.4,1168.8,1,279.8,0,1,shot_pb=1.00|flight_commit=1.00|keepin_prop=0.06|keepin_zoom=1.350|edge_zoom=0.898|bounds
179,1177.8,615.6,yolo,0.41,1198.3,540.0,869.5,0.0,657.5,1168.9,1,283.5,0,1,shot_pb=1.00|flight_commit=1.00|keepin_prop=0.00|keepin_zoom=1.350|edge_zoom=0.908|bounds
180,1180.2,615.2,yolo,0.47,1195.6,540.0,866.9,0.0,657.5,1168.9,1,288.6,0,0,shot_pb=1.00|flight_commit=1.00|edge_zoom=0.914|bounds
181,1181.6,615.1,yolo,0.46,1190.8,540.0,862.1,0.0,657.5,1168.9,1,294.8,0,1,shot_pb=1.00|flight_commit=1.00|keepin_prop=0.04|keepin_zoom=1.350|edge_zoom=0.901|bounds
182,1182.4,615.2,yolo,0.52,1184.0,540.0,855.2,0.0,657.5,1168.9,1,302.4,0,1,shot_pb=1.00|flight_commit=1.00|keepin_prop=0.00|keepin_zoom=1.350|edge_zoom=0.908|bounds
183,1182.5,615.7,yolo,0.53,1175.3,540.0,846.6,0.0,657.5,1168.9,1,296.8,1,0,shot_pb=1.00|flight_commit=1.00|speed|edge_zoom=0.878|bounds
184,1182.1,616.6,interp,0.38,1165.3,540.0,836.5,0.0,657.5,1168.9,1,287.2,1,0,shot_pb=1.00|flight_commit=1.00|speed|edge_zoom=0.878|bounds
185,1181.0,617.8,yolo,0.49,1154.3,540.0,825.6,0.0,657.5,1168.9,1,277.3,0,0,shot_pb=1.00|flight_commit=1.00|edge_zoom=0.882|bounds
186,1179.2,619.3,yolo,0.44,1142.9,540.0,814.1,0.0,657.5,1168.9,1,267.7,0,0,shot_pb=1.00|flight_commit=1.00|edge_zoom=0.885|bounds
187,1176.8,621.0,interp,0.38,1131.4,540.0,802.6,0.0,657.5,1168.9,1,258.6,0,0,shot_pb=1.00|flight_commit=1.00|edge_zoom=0.886|bounds
188,1173.6,623.0,interp,0.38,1120.4,540.0,791.6,0.0,657.5,1168.9,1,250.8,0,1,shot_pb=1.00|flight_commit=1.00|keepin_prop=0.02|keepin_zoom=1.350|edge_zoom=0.902|bounds
189,1169.7,625.3,yolo,0.39,1110.1,540.0,781.3,0.0,657.5,1168.9,1,244.4,0,0,shot_pb=1.00|flight_commit=1.00|edge_zoom=0.887|bounds
190,1165.0,628.0,interp,0.38,1100.9,540.0,772.2,0.0,657.5,1168.9,1,239.9,0,1,shot_pb=1.00|flight_commit=1.00|keepin_prop=0.02|keepin_zoom=1.350|edge_zoom=0.899|bounds
191,1159.3,631.1,yolo,0.36,1093.1,540.0,764.3,0.0,657.5,1168.9,1,237.8,0,0,shot_pb=1.00|flight_commit=1.00|edge_zoom=0.886|bounds
192,1152.7,634.6,yolo,0.35,1086.7,540.0,758.0,0.0,657.5,1168.9,1,238.0,0,1,shot_pb=1.00|flight_commit=1.00|keepin_prop=0.02|keepin_zoom=1.350|edge_zoom=0.896|bounds
193,1144.3,639.0,yolo,0.36,1081.9,540.0,753.2,0.0,657.5,1168.9,1,241.6,0,0,shot_pb=1.00|flight_commit=1.00|edge_zoom=0.883|bounds
194,1134.7,643.8,yolo,0.40,1078.7,540.0,750.0,0.0,657.5,1168.9,1,248.0,0,1,shot_pb=1.00|flight_commit=1.00|keepin_prop=0.02|keepin_zoom=1.350|edge_zoom=0.894|bounds
195,1118.8,647.6,yolo,0.38,1077.0,540.0,748.3,0.0,657.5,1168.9,1,262.2,0,0,shot_pb=1.00|flight_commit=1.00|edge_zoom=0.888|bounds
196,1101.3,650.8,yolo,0.39,1076.7,540.0,748.0,0.0,657.5,1168.9,1,279.4,0,1,shot_pb=1.00|flight_commit=1.00|keepin_prop=0.02|keepin_zoom=1.350|edge_zoom=0.891|bounds
197,1093.9,655.4,yolo,0.42,1077.7,540.0,748.9,0.0,657.5,1168.9,1,287.8,1,0,shot_pb=1.00|flight_commit=1.00|speed|edge_zoom=0.878|bounds
198,1093.8,660.8,yolo,0.45,1079.7,540.0,750.9,0.0,657.5,1168.9,1,289.9,1,0,shot_pb=1.00|flight_commit=1.00|speed|edge_zoom=0.878|bounds
199,1095.0,666.1,yolo,0.45,1082.4,540.0,753.6,0.0,657.5,1168.9,1,291.4,1,0,shot_pb=1.00|flight_commit=1.00|speed|edge_zoom=0.878|bounds
200,1096.3,671.2,yolo,0.41,1085.6,540.0,756.8,0.0,657.5,1168.9,1,293.3,1,0,shot_pb=1.00|flight_commit=1.00|speed|edge_zoom=0.878|bounds
201,1097.3,675.9,yolo,0.42,1088.9,540.0,760.2,0.0,657.5,1168.9,1,295.6,1,0,shot_pb=1.00|flight_commit=1.00|speed|edge_zoom=0.878|bounds
202,1098.1,680.2,yolo,0.48,1092.2,540.0,763.4,0.0,657.5,1168.9,1,298.1,1,0,shot_pb=1.00|flight_commit=1.00|person_ctx=4|speed|edge_zoom=0.878|bounds
203,1098.6,684.2,yolo,0.43,1095.0,540.0,766.2,0.0,657.5,1168.9,1,300.4,1,0,shot_pb=1.00|flight_commit=1.00|speed|edge_zoom=0.878|bounds
204,1098.1,686.3,yolo,0.40,1097.2,540.0,768.4,0.0,657.5,1168.9,1,303.1,1,0,shot_pb=1.00|flight_commit=1.00|speed|edge_zoom=0.878|bounds
205,1097.8,689.3,yolo,0.38,1098.7,540.0,769.9,0.0,657.5,1168.9,1,303.1,1,0,shot_pb=1.00|flight_commit=1.00|speed|edge_zoom=0.878|bounds
206,1098.2,693.9,yolo,0.36,1099.2,540.0,770.5,0.0,657.5,1168.9,1,303.0,1,0,shot_pb=1.00|flight_commit=1.00|speed|edge_zoom=0.878|bounds
207,1098.3,698.3,interp,0.38,1098.9,540.0,770.1,0.0,657.5,1168.9,1,303.4,1,0,shot_pb=1.00|flight_commit=1.00|speed|edge_zoom=0.878|bounds
208,1098.4,702.8,yolo,0.43,1097.6,540.0,768.8,0.0,657.5,1168.9,1,303.2,1,0,shot_pb=1.00|flight_commit=1.00|speed|edge_zoom=0.878|bounds
209,1098.3,707.4,yolo,0.47,1095.5,540.0,766.7,0.0,657.5,1168.9,1,301.2,1,0,shot_pb=1.00|flight_commit=1.00|speed|edge_zoom=0.878|bounds
210,1098.0,711.7,yolo,0.42,1092.6,540.0,763.8,0.0,657.5,1168.9,1,298.6,1,0,shot_pb=1.00|flight_commit=1.00|speed|edge_zoom=0.878|bounds
211,1097.4,715.8,yolo,0.47,1089.1,540.0,760.3,0.0,657.5,1168.9,1,295.7,1,0,shot_pb=1.00|flight_commit=1.00|speed|edge_zoom=0.878|bounds
212,1096.7,719.8,yolo,0.42,1085.2,540.0,756.5,0.0,657.5,1168.9,1,292.5,1,0,shot_pb=1.00|flight_commit=1.00|speed|edge_zoom=0.878|bounds
213,1095.8,723.6,yolo,0.43,1081.1,540.0,752.4,0.0,657.5,1168.9,1,289.3,1,0,shot_pb=1.00|flight_commit=1.00|speed|edge_zoom=0.878|bounds
214,1094.9,727.2,yolo,0.44,1077.0,540.0,748.3,0.0,657.5,1168.9,1,286.1,1,0,shot_pb=1.00|flight_commit=1.00|speed|edge_zoom=0.878|bounds
215,1093.8,730.5,interp,0.38,1073.2,540.0,744.4,0.0,657.5,1168.9,1,283.4,1,0,shot_pb=1.00|flight_commit=1.00|speed|edge_zoom=0.878|bounds
216,1092.7,733.7,yolo,0.48,1069.8,540.0,741.0,0.0,657.5,1168.9,1,281.1,1,0,shot_pb=1.00|flight_commit=1.00|person_ctx=4|speed|edge_zoom=0.878|bounds
217,1091.3,736.9,yolo,0.45,1067.0,540.0,738.3,0.0,657.5,1168.9,1,279.7,1,0,shot_pb=1.00|flight_commit=1.00|speed|edge_zoom=0.878|bounds
218,1089.9,740.0,yolo,0.44,1065.0,540.0,736.2,0.0,657.5,1168.9,1,279.1,1,0,shot_pb=1.00|flight_commit=1.00|speed|edge_zoom=0.878|bounds
219,1088.4,742.9,yolo,0.39,1063.8,540.0,735.1,0.0,657.5,1168.9,1,279.4,1,0,shot_pb=1.00|flight_commit=1.00|speed|edge_zoom=0.878|bounds
220,1086.9,745.7,interp,0.38,1063.5,540.0,734.7,0.0,657.5,1168.9,1,280.6,1,0,shot_pb=1.00|flight_commit=1.00|speed|edge_zoom=0.878|bounds
221,1085.2,748.5,yolo,0.44,1064.0,540.0,735.2,0.0,657.5,1168.9,1,282.8,1,1,shot_pb=1.00|flight_commit=1.00|keepin_prop=0.00|keepin_zoom=1.350|speed|edge_zoom=0.878|bounds
222,1083.5,751.3,yolo,0.47,1065.1,540.0,736.4,0.0,657.5,1168.9,1,285.6,1,1,shot_pb=1.00|flight_commit=1.00|keepin_prop=0.00|keepin_zoom=1.350|speed|edge_zoom=0.878|bounds
223,1081.7,754.0,yolo,0.42,1066.9,540.0,738.1,0.0,657.5,1168.9,1,289.2,1,1,shot_pb=1.00|flight_commit=1.00|keepin_prop=0.00|keepin_zoom=1.350|speed|edge_zoom=0.878|bounds
224,1079.8,756.5,yolo,0.41,1068.9,540.0,740.2,0.0,657.5,1168.9,1,293.1,1,1,shot_pb=1.00|flight_commit=1.00|keepin_prop=0.00|keepin_zoom=1.350|speed|edge_zoom=0.878|bounds
225,1077.8,758.8,yolo,0.44,1071.2,540.0,742.4,0.0,657.5,1168.9,1,297.4,1,1,shot_pb=1.00|flight_commit=1.00|keepin_prop=0.00|keepin_zoom=1.350|speed|edge_zoom=0.877|bounds
226,1075.6,760.9,yolo,0.47,1073.4,540.0,744.6,0.0,657.5,1168.9,1,301.8,1,1,shot_pb=1.00|flight_commit=1.00|keepin_prop=0.00|keepin_zoom=1.350|speed|edge_zoom=0.877|bounds
227,1073.4,762.9,yolo,0.46,1075.4,540.0,746.6,0.0,657.5,1168.9,1,302.0,1,1,shot_pb=1.00|flight_commit=1.00|keepin_prop=0.01|keepin_zoom=1.350|speed|edge_zoom=0.876|bounds
228,1071.1,764.6,interp,0.38,1077.1,540.0,748.3,0.0,657.5,1168.9,1,298.0,1,1,shot_pb=1.00|flight_commit=1.00|person_ctx=4|keepin_prop=0.01|keepin_zoom=1.350|speed|edge_zoom=0.876|bounds
229,1068.6,766.2,interp,0.38,1078.4,540.0,749.6,0.0,657.5,1168.9,1,294.2,1,1,shot_pb=1.00|flight_commit=1.00|keepin_prop=0.01|keepin_zoom=1.350|speed|edge_zoom=0.875|bounds
230,1066.0,767.7,yolo,0.43,1079.1,540.0,750.3,0.0,657.5,1168.9,1,290.9,1,1,shot_pb=1.00|flight_commit=1.00|keepin_prop=0.01|keepin_zoom=1.350|speed|edge_zoom=0.874|bounds
231,1063.1,769.0,interp,0.38,1079.3,540.0,750.5,0.0,657.5,1168.9,1,287.8,1,1,shot_pb=1.00|flight_commit=1.00|person_ctx=4|keepin_prop=0.01|keepin_zoom=1.350|speed|edge_zoom=0.873|bounds
232,1059.9,770.2,interp,0.38,1078.9,540.0,750.1,0.0,657.5,1168.9,1,285.0,1,1,shot_pb=1.00|flight_commit=1.00|keepin_prop=0.01|keepin_zoom=1.350|speed|edge_zoom=0.872|bounds
233,1056.5,771.3,interp,0.38,1077.9,540.0,749.1,0.0,657.5,1168.9,1,282.6,1,1,shot_pb=1.00|flight_commit=1.00|keepin_prop=0.02|keepin_zoom=1.350|speed|edge_zoom=0.871|bounds
234,1052.7,772.2,interp,0.38,1076.3,540.0,747.5,0.0,657.5,1168.9,1,280.4,1,1,shot_pb=1.00|flight_commit=1.00|keepin_prop=0.02|keepin_zoom=1.350|speed|edge_zoom=0.871|bounds
235,1048.5,773.1,interp,0.38,1074.2,540.0,745.4,0.0,657.5,1168.9,1,278.3,1,1,shot_pb=1.00|flight_commit=1.00|person_ctx=4|keepin_prop=0.02|keepin_zoom=1.350|speed|edge_zoom=0.870|bounds
236,1043.9,773.9,interp,0.38,1071.5,540.0,742.7,0.0,657.5,1168.9,1,276.4,1,1,shot_pb=1.00|flight_commit=1.00|keepin_prop=0.02|keepin_zoom=1.350|speed|edge_zoom=0.869|bounds
237,1038.8,774.6,interp,0.38,1068.2,540.0,739.5,0.0,657.5,1168.9,1,274.6,1,1,shot_pb=1.00|flight_commit=1.00|person_ctx=4|keepin_prop=0.02|keepin_zoom=1.350|speed|edge_zoom=0.868|bounds
238,1033.1,775.2,interp,0.38,1064.5,540.0,735.7,0.0,657.5,1168.9,1,272.6,1,1,shot_pb=1.00|flight_commit=1.00|keepin_prop=0.03|keepin_zoom=1.350|speed|edge_zoom=0.868|bounds
239,1026.8,775.7,interp,0.38,1060.2,540.0,731.5,0.0,657.5,1168.9,1,270.6,1,1,shot_pb=1.00|flight_commit=1.00|keepin_prop=0.03|keepin_zoom=1.350|speed|edge_zoom=0.867|bounds
240,1019.8,776.2,interp,0.38,1055.4,540.0,726.7,0.0,657.5,1168.9,1,268.4,1,1,shot_pb=1.00|flight_commit=1.00|person_ctx=4|keepin_prop=0.03|keepin_zoom=1.350|speed|edge_zoom=0.867|bounds
241,1011.9,776.5,interp,0.38,1050.1,540.0,721.4,0.0,657.5,1168.9,1,265.8,1,1,shot_pb=1.00|flight_commit=1.00|keepin_prop=0.03|keepin_zoom=1.350|speed|edge_zoom=0.866|bounds
242,1003.1,776.8,yolo,0.39,1044.3,540.0,715.6,0.0,657.5,1168.9,1,262.8,1,1,shot_pb=1.00|flight_commit=1.00|keepin_prop=0.03|keepin_zoom=1.350|speed|edge_zoom=0.866|bounds
243,991.7,776.9,interp,0.38,1038.0,540.0,709.3,0.0,657.5,1168.9,1,257.7,1,1,shot_pb=1.00|flight_commit=1.00|keepin_prop=0.03|keepin_zoom=1.350|speed|edge_zoom=0.866|bounds
244,979.5,777.0,interp,0.38,1031.3,540.0,702.5,0.0,657.5,1168.9,1,252.2,1,1,shot_pb=1.00|flight_commit=1.00|person_ctx=4|keepin_prop=0.03|keepin_zoom=1.350|speed|edge_zoom=0.866|bounds
245,966.6,776.9,interp,0.38,1024.1,540.0,695.3,0.0,657.5,1168.9,1,246.5,1,1,shot_pb=1.00|flight_commit=1.00|keepin_prop=0.03|keepin_zoom=1.350|speed|edge_zoom=0.866|bounds
246,953.3,776.8,interp,0.38,1016.4,540.0,687.7,0.0,657.5,1168.9,1,240.9,1,1,shot_pb=1.00|flight_commit=1.00|person_ctx=4|keepin_prop=0.03|keepin_zoom=1.350|speed|edge_zoom=0.866|bounds
247,939.7,776.7,interp,0.38,1008.4,540.0,679.6,0.0,657.5,1168.9,1,235.3,1,1,shot_pb=1.00|flight_commit=1.00|person_ctx=4|keepin_prop=0.03|keepin_zoom=1.350|speed|edge_zoom=0.866|bounds
248,926.0,776.5,interp,0.38,1000.0,540.0,671.3,0.0,657.5,1168.9,1,230.0,1,1,shot_pb=1.00|flight_commit=1.00|person_ctx=4|keepin_prop=0.03|keepin_zoom=1.350|speed|edge_zoom=0.866|bounds
249,912.3,776.3,yolo,0.34,991.4,540.0,662.6,0.0,657.5,1168.9,1,224.9,1,1,shot_pb=1.00|flight_commit=1.00|keepin_prop=0.03|keepin_zoom=1.350|speed|edge_zoom=0.866|bounds
250,900.4,776.0,interp,0.38,982.4,540.0,653.7,0.0,657.5,1168.9,1,222.0,1,1,shot_pb=1.00|flight_commit=1.00|keepin_prop=0.03|keepin_zoom=1.350|speed|edge_zoom=0.866|bounds
251,888.6,775.7,interp,0.38,973.3,540.0,644.6,0.0,657.5,1168.9,1,219.3,1,1,shot_pb=1.00|flight_commit=1.00|keepin_prop=0.03|keepin_zoom=1.350|speed|edge_zoom=0.866|bounds
252,876.6,775.4,interp,0.38,964.0,540.0,635.3,0.0,657.5,1168.9,1,216.6,1,1,shot_pb=1.00|flight_commit=1.00|keepin_prop=0.03|keepin_zoom=1.350|speed|edge_zoom=0.866|bounds
253,864.3,775.0,interp,0.38,954.7,540.0,625.9,0.0,657.5,1168.9,1,213.6,1,1,shot_pb=1.00|flight_commit=1.00|keepin_prop=0.03|keepin_zoom=1.350|speed|edge_zoom=0.866|bounds
254,851.4,774.7,interp,0.38,945.3,540.0,616.5,0.0,657.5,1168.9,1,210.1,1,1,shot_pb=1.00|flight_commit=1.00|keepin_prop=0.03|keepin_zoom=1.350|speed|edge_zoom=0.866|bounds
255,831.2,774.4,interp,0.38,935.9,540.0,607.2,0.0,657.5,1168.9,1,199.3,1,1,shot_pb=1.00|flight_commit=1.00|keepin_prop=0.03|keepin_zoom=1.350|speed|edge_zoom=0.867|bounds
256,817.8,774.1,interp,0.38,926.6,540.0,597.9,0.0,657.5,1168.9,1,195.2,1,1,shot_pb=1.00|flight_commit=1.00|keepin_prop=0.03|keepin_zoom=1.350|speed|edge_zoom=0.866|bounds
257,805.2,773.8,interp,0.38,917.5,540.0,588.8,0.0,657.5,1168.9,1,191.7,1,1,shot_pb=1.00|flight_commit=1.00|keepin_prop=0.03|keepin_zoom=1.350|speed|edge_zoom=0.867|bounds
258,793.6,773.4,interp,0.38,908.6,540.0,579.8,0.0,657.5,1168.9,1,189.0,1,1,shot_pb=1.00|flight_commit=1.00|keepin_prop=0.03|keepin_zoom=1.350|speed|edge_zoom=0.867|bounds
259,782.8,773.1,interp,0.38,899.9,540.0,571.2,0.0,657.5,1168.9,1,186.9,1,1,shot_pb=1.00|flight_commit=1.00|keepin_prop=0.03|keepin_zoom=1.350|speed|edge_zoom=0.867|bounds
260,772.8,772.7,interp,0.38,891.6,540.0,562.8,0.0,657.5,1168.9,1,185.2,1,1,shot_pb=1.00|flight_commit=1.00|keepin_prop=0.03|keepin_zoom=1.350|speed|edge_zoom=0.867|bounds
261,763.7,772.4,interp,0.38,883.6,540.0,554.8,0.0,657.5,1168.9,1,184.1,1,1,shot_pb=1.00|flight_commit=1.00|keepin_prop=0.03|keepin_zoom=1.350|speed|edge_zoom=0.867|bounds
262,755.3,772.0,interp,0.38,876.0,540.0,547.2,0.0,657.5,1168.9,1,183.3,1,1,shot_pb=1.00|flight_commit=1.00|keepin_prop=0.03|keepin_zoom=1.350|speed|edge_zoom=0.867|bounds
263,747.7,771.5,interp,0.38,868.9,540.0,540.1,0.0,657.5,1168.9,1,182.8,1,1,shot_pb=1.00|flight_commit=1.00|keepin_prop=0.03|keepin_zoom=1.350|speed|edge_zoom=0.867|bounds
264,740.8,771.1,interp,0.38,862.2,540.0,533.4,0.0,657.5,1168.9,1,182.6,1,1,shot_pb=1.00|flight_commit=1.00|keepin_prop=0.03|keepin_zoom=1.350|speed|edge_zoom=0.867|bounds
265,734.6,770.6,interp,0.38,856.0,540.0,527.2,0.0,657.5,1168.9,1,182.6,1,1,shot_pb=1.00|flight_commit=1.00|keepin_prop=0.03|keepin_zoom=1.350|speed|edge_zoom=0.867|bounds
266,729.1,770.1,interp,0.38,850.3,540.0,521.5,0.0,657.5,1168.9,1,182.8,1,1,shot_pb=1.00|flight_commit=1.00|keepin_prop=0.03|keepin_zoom=1.350|speed|edge_zoom=0.867|bounds
267,724.3,769.6,interp,0.38,845.1,540.0,516.3,0.0,657.5,1168.9,1,183.2,1,1,shot_pb=1.00|flight_commit=1.00|keepin_prop=0.03|keepin_zoom=1.350|speed|edge_zoom=0.867|bounds
268,720.1,769.0,interp,0.38,840.5,540.0,511.7,0.0,657.5,1168.9,1,183.6,1,1,shot_pb=1.00|flight_commit=1.00|keepin_prop=0.03|keepin_zoom=1.350|speed|edge_zoom=0.867|bounds
269,716.6,768.3,interp,0.38,836.4,540.0,507.6,0.0,657.5,1168.9,1,184.2,1,1,shot_pb=1.00|flight_commit=1.00|keepin_prop=0.03|keepin_zoom=1.350|speed|edge_zoom=0.867|bounds
270,713.7,767.6,interp,0.38,832.8,540.0,504.0,0.0,657.5,1168.9,1,184.9,1,1,shot_pb=1.00|flight_commit=1.00|keepin_prop=0.03|keepin_zoom=1.350|speed|edge_zoom=0.866|bounds
271,711.5,766.8,interp,0.38,829.8,540.0,501.0,0.0,657.5,1168.9,1,185.7,1,1,shot_pb=1.00|flight_commit=1.00|keepin_prop=0.03|keepin_zoom=1.350|speed|edge_zoom=0.865|bounds
272,709.9,765.9,interp,0.38,827.3,540.0,498.6,0.0,657.5,1168.9,1,186.6,1,1,shot_pb=1.00|flight_commit=1.00|keepin_prop=0.04|keepin_zoom=1.350|speed|edge_zoom=0.863|bounds
273,709.0,764.9,interp,0.38,825.5,540.0,496.7,0.0,657.5,1168.9,1,187.5,1,1,shot_pb=1.00|flight_commit=1.00|keepin_prop=0.04|keepin_zoom=1.350|speed|edge_zoom=0.860|bounds
274,708.8,763.7,interp,0.38,824.2,540.0,495.5,0.0,657.5,1168.9,1,188.6,1,1,shot_pb=1.00|flight_commit=1.00|keepin_prop=0.05|keepin_zoom=1.350|speed|edge_zoom=0.856|bounds
275,709.3,762.5,interp,0.38,823.6,540.0,494.8,0.0,657.5,1168.9,1,189.7,1,1,shot_pb=1.00|flight_commit=1.00|keepin_prop=0.05|keepin_zoom=1.350|speed|edge_zoom=0.858|bounds
276,710.5,761.1,interp,0.38,823.7,540.0,494.9,0.0,657.5,1168.9,1,190.8,1,1,shot_pb=1.00|flight_commit=1.00|keepin_prop=0.04|keepin_zoom=1.350|speed|edge_zoom=0.862|bounds
277,712.5,759.5,interp,0.38,824.5,540.0,495.7,0.0,657.5,1168.9,1,192.0,1,1,shot_pb=1.00|flight_commit=1.00|keepin_prop=0.03|keepin_zoom=1.350|speed|edge_zoom=0.864|bounds
278,715.4,757.7,interp,0.38,826.0,540.0,497.3,0.0,657.5,1168.9,1,193.4,1,1,shot_pb=1.00|flight_commit=1.00|keepin_prop=0.03|keepin_zoom=1.350|speed|edge_zoom=0.866|bounds
279,719.2,755.6,interp,0.38,828.5,540.0,499.7,0.0,657.5,1168.9,1,194.7,1,1,shot_pb=1.00|flight_commit=1.00|keepin_prop=0.02|keepin_zoom=1.350|speed|edge_zoom=0.868|bounds
280,724.0,753.3,interp,0.38,831.9,540.0,503.2,0.0,657.5,1168.9,1,196.1,1,1,shot_pb=1.00|flight_commit=1.00|keepin_prop=0.02|keepin_zoom=1.350|speed|edge_zoom=0.869|bounds
281,729.9,750.7,interp,0.38,836.4,540.0,507.6,0.0,657.5,1168.9,1,197.5,1,1,shot_pb=1.00|flight_commit=1.00|keepin_prop=0.02|keepin_zoom=1.350|speed|edge_zoom=0.871|bounds
282,737.0,747.7,interp,0.38,842.0,540.0,513.3,0.0,657.5,1168.9,1,199.0,1,1,shot_pb=1.00|flight_commit=1.00|keepin_prop=0.02|keepin_zoom=1.350|speed|edge_zoom=0.872|bounds
283,745.4,744.4,interp,0.38,848.9,540.0,520.2,0.0,657.5,1168.9,1,200.5,1,1,shot_pb=1.00|flight_commit=1.00|keepin_prop=0.01|keepin_zoom=1.350|speed|edge_zoom=0.873|bounds
284,755.3,740.6,interp,0.38,857.2,540.0,528.4,0.0,657.5,1168.9,1,202.1,1,1,shot_pb=1.00|flight_commit=1.00|keepin_prop=0.01|keepin_zoom=1.350|speed|edge_zoom=0.874|bounds
285,766.9,736.3,interp,0.38,866.8,540.0,538.0,0.0,657.5,1168.9,1,204.1,1,1,shot_pb=1.00|flight_commit=1.00|keepin_prop=0.01|keepin_zoom=1.350|speed|edge_zoom=0.875|bounds
286,791.0,725.6,interp,0.38,877.8,540.0,549.0,0.0,657.5,1168.9,1,217.2,1,1,shot_pb=1.00|flight_commit=1.00|keepin_prop=0.00|keepin_zoom=1.350|speed|edge_zoom=0.877|bounds
287,803.8,721.5,interp,0.38,890.2,540.0,561.4,0.0,657.5,1168.9,1,217.6,1,1,shot_pb=1.00|flight_commit=1.00|keepin_prop=0.00|keepin_zoom=1.350|speed|edge_zoom=0.878|bounds
288,816.2,718.0,interp,0.38,903.7,540.0,575.0,0.0,657.5,1168.9,1,216.5,1,1,shot_pb=1.00|flight_commit=1.00|keepin_prop=0.00|keepin_zoom=1.350|speed|edge_zoom=0.878|bounds
289,828.4,715.4,interp,0.38,918.4,540.0,589.6,0.0,657.5,1168.9,1,214.0,1,1,shot_pb=1.00|flight_commit=1.00|keepin_prop=0.00|keepin_zoom=1.350|speed|edge_zoom=0.878|bounds
290,840.6,713.4,interp,0.38,933.8,540.0,605.0,0.0,657.5,1168.9,1,210.8,1,1,shot_pb=1.00|flight_commit=1.00|keepin_prop=0.00|keepin_zoom=1.350|speed|edge_zoom=0.878|bounds
291,858.0,714.0,blended,0.70,949.6,540.0,620.8,0.0,657.5,1168.9,1,212.4,1,0,shot_pb=1.00|flight_commit=1.00|speed|edge_zoom=0.878|bounds
292,865.6,711.3,interp,0.38,965.5,540.0,636.7,0.0,657.5,1168.9,1,204.1,1,1,shot_pb=1.00|flight_commit=1.00|keepin_prop=0.00|keepin_zoom=1.350|speed|edge_zoom=0.878|bounds
293,878.6,711.0,interp,0.38,981.0,540.0,652.3,0.0,657.5,1168.9,1,201.6,1,0,shot_pb=1.00|flight_commit=1.00|speed|edge_zoom=0.878|bounds
294,891.8,711.2,interp,0.38,995.8,540.0,667.0,0.0,657.5,1168.9,1,200.0,1,0,shot_pb=1.00|flight_commit=1.00|speed|edge_zoom=0.878|bounds
295,905.5,711.9,yolo,0.31,1009.4,540.0,680.7,0.0,657.5,1168.9,1,200.1,1,1,shot_pb=1.00|flight_commit=1.00|keepin_prop=0.04|keepin_zoom=1.350|speed|edge_zoom=0.863|bounds
296,922.7,713.8,yolo,0.29,1021.6,540.0,692.8,0.0,657.5,1168.9,1,205.1,1,0,shot_pb=1.00|flight_commit=1.00|speed|edge_zoom=0.878|bounds
297,938.8,715.6,yolo,0.35,1032.1,540.0,703.3,0.0,657.5,1168.9,1,210.7,1,1,shot_pb=1.00|flight_commit=1.00|keepin_prop=0.02|keepin_zoom=1.350|speed|edge_zoom=0.869|bounds
298,952.8,717.3,yolo,0.39,1040.6,540.0,711.8,0.0,657.5,1168.9,1,216.2,1,0,shot_pb=1.00|flight_commit=1.00|speed|edge_zoom=0.878|bounds
299,962.7,718.2,interp,0.38,1047.2,540.0,718.4,0.0,657.5,1168.9,1,219.5,1,1,shot_pb=1.00|flight_commit=1.00|keepin_prop=0.03|keepin_zoom=1.350|speed|edge_zoom=0.865|bounds
300,971.0,718.9,interp,0.38,1051.7,540.0,722.9,0.0,657.5,1168.9,1,223.3,1,0,shot_pb=1.00|flight_commit=1.00|speed|edge_zoom=0.878|bounds
301,977.9,719.5,interp,0.38,1054.3,540.0,725.5,0.0,657.5,1168.9,1,227.6,1,1,shot_pb=1.00|flight_commit=1.00|keepin_prop=0.05|keepin_zoom=1.350|speed|edge_zoom=0.857|bounds
302,983.4,720.0,interp,0.38,1055.0,540.0,726.3,0.0,657.5,1168.9,1,232.4,1,1,shot_pb=1.00|flight_commit=1.00|keepin_prop=0.00|keepin_zoom=1.350|speed|edge_zoom=0.878|bounds
303,987.6,720.4,interp,0.38,1054.0,540.0,725.3,0.0,657.5,1168.9,1,237.6,1,1,shot_pb=1.00|flight_commit=1.00|keepin_prop=0.00|keepin_zoom=1.350|speed|edge_zoom=0.878|bounds
304,990.6,720.7,interp,0.38,1051.5,540.0,722.7,0.0,657.5,1168.9,1,243.1,1,1,shot_pb=1.00|flight_commit=1.00|keepin_prop=0.00|keepin_zoom=1.350|speed|edge_zoom=0.878|bounds
305,992.3,720.9,interp,0.38,1047.5,540.0,718.7,0.0,657.5,1168.9,1,248.8,1,1,shot_pb=1.00|flight_commit=1.00|keepin_prop=0.00|keepin_zoom=1.350|speed|edge_zoom=0.878|bounds
306,992.8,720.9,yolo,0.37,1042.1,540.0,713.3,0.0,657.5,1168.9,1,254.7,1,0,shot_pb=1.00|flight_commit=1.00|speed|edge_zoom=0.878|bounds
307,992.0,721.0,interp,0.38,1035.4,540.0,706.6,0.0,657.5,1168.9,1,260.6,1,0,shot_pb=1.00|flight_commit=1.00|speed|edge_zoom=0.878|bounds
308,989.9,721.0,interp,0.38,1027.4,540.0,698.6,0.0,657.5,1168.9,1,266.5,1,1,shot_pb=1.00|flight_commit=1.00|keepin_prop=0.00|keepin_zoom=1.350|speed|edge_zoom=0.878|bounds
309,986.4,720.8,interp,0.38,1018.1,540.0,689.3,0.0,657.5,1168.9,1,272.3,1,1,shot_pb=1.00|flight_commit=1.00|keepin_prop=0.00|keepin_zoom=1.350|speed|edge_zoom=0.878|bounds
310,981.3,720.4,interp,0.38,1007.4,540.0,678.7,0.0,657.5,1168.9,1,277.9,1,1,shot_pb=1.00|flight_commit=1.00|keepin_prop=0.00|keepin_zoom=1.350|speed|edge_zoom=0.878|bounds
311,974.6,719.7,interp,0.38,995.4,540.0,666.6,0.0,657.5,1168.9,1,283.2,1,1,shot_pb=1.00|flight_commit=1.00|keepin_prop=0.00|keepin_zoom=1.350|speed|edge_zoom=0.878|bounds
312,966.1,718.7,yolo,0.35,981.9,540.0,653.2,0.0,657.5,1168.9,1,288.2,1,1,shot_pb=1.00|flight_commit=1.00|keepin_prop=0.00|keepin_zoom=1.350|speed|edge_zoom=0.878|bounds
313,954.4,717.2,interp,0.38,967.1,540.0,638.3,0.0,657.5,1168.9,1,291.3,1,1,shot_pb=1.00|flight_commit=1.00|keepin_prop=0.00|keepin_zoom=1.350|speed|edge_zoom=0.878|bounds
314,940.7,715.3,interp,0.38,951.0,540.0,622.2,0.0,657.5,1168.9,1,293.7,1,1,shot_pb=1.00|flight_commit=1.00|keepin_prop=0.00|keepin_zoom=1.350|speed|edge_zoom=0.878|bounds
315,925.2,713.0,interp,0.38,933.6,540.0,604.9,0.0,657.5,1168.9,1,295.6,1,1,shot_pb=1.00|flight_commit=1.00|keepin_prop=0.00|keepin_zoom=1.350|speed|edge_zoom=0.878|bounds
316,907.9,710.2,yolo,0.38,915.4,540.0,586.6,0.0,657.5,1168.9,1,296.5,1,0,shot_pb=1.00|flight_commit=1.00|speed|edge_zoom=0.878|bounds
317,883.8,706.5,yolo,0.39,896.4,540.0,567.6,0.0,657.5,1168.9,1,291.4,0,0,accel_zoom=0.937|shot_pb=1.00|flight_commit=1.00|edge_zoom=0.878|bounds
318,859.3,702.5,yolo,0.38,876.9,540.0,548.2,0.0,657.5,1168.9,1,286.4,0,0,accel_zoom=0.937|shot_pb=1.00|flight_commit=1.00|edge_zoom=0.880|bounds
319,843.0,696.8,yolo,0.36,857.4,540.0,528.6,0.0,657.5,1168.9,1,289.6,0,1,shot_pb=1.00|flight_commit=1.00|keepin_prop=0.00|keepin_zoom=1.350|edge_zoom=0.876|bounds
320,828.4,689.6,yolo,0.36,837.9,540.0,509.1,0.0,657.5,1168.9,1,294.5,0,0,shot_pb=1.00|flight_commit=1.00|edge_zoom=0.895|bounds
321,810.4,682.6,yolo,0.39,818.8,540.0,490.0,0.0,657.5,1168.9,1,295.6,0,1,shot_pb=1.00|flight_commit=1.00|keepin_prop=0.00|keepin_zoom=1.350|edge_zoom=0.882|bounds
322,790.4,676.9,yolo,0.44,800.2,540.0,471.5,0.0,657.5,1168.9,1,294.2,0,0,shot_pb=1.00|flight_commit=1.00|edge_zoom=0.894|bounds
323,762.6,674.4,yolo,0.49,782.5,540.0,453.7,0.0,657.5,1168.9,1,284.1,0,0,accel_zoom=0.931|shot_pb=1.00|flight_commit=1.00|edge_zoom=0.888|bounds
324,731.3,673.7,yolo,0.57,765.6,540.0,436.8,0.0,657.5,1168.9,1,269.7,0,1,accel_zoom=0.924|shot_pb=1.00|flight_commit=1.00|keepin_prop=0.00|keepin_zoom=1.350|edge_zoom=0.885|bounds
325,703.0,672.6,yolo,0.51,749.8,540.0,421.0,0.0,657.5,1168.9,1,257.2,0,0,accel_zoom=0.924|shot_pb=1.00|flight_commit=1.00|edge_zoom=0.887|bounds
326,686.6,668.6,yolo,0.47,735.1,540.0,406.3,0.0,657.5,1168.9,1,255.5,0,1,shot_pb=1.00|flight_commit=1.00|keepin_prop=0.00|keepin_zoom=1.350|edge_zoom=0.888|bounds
327,677.8,663.2,yolo,0.41,721.8,540.0,393.0,0.0,657.5,1168.9,1,260.0,0,0,shot_pb=1.00|flight_commit=1.00|edge_zoom=0.908|bounds
328,666.7,659.2,interp,0.38,710.0,540.0,381.3,0.0,657.5,1168.9,1,260.7,0,1,shot_pb=1.00|flight_commit=1.00|keepin_prop=0.00|keepin_zoom=1.350|edge_zoom=0.891|bounds
329,655.7,655.7,yolo,0.37,700.0,540.0,371.3,0.0,657.5,1168.9,1,259.7,0,0,shot_pb=1.00|flight_commit=1.00|edge_zoom=0.903|bounds
330,644.1,652.6,yolo,0.33,692.0,540.0,363.3,0.0,657.5,1168.9,1,256.1,0,1,shot_pb=1.00|flight_commit=1.00|pb_zfit|keepin_prop=0.00|keepin_zoom=1.350|edge_zoom=0.893|bounds
331,620.7,652.6,yolo,0.42,686.3,540.0,357.5,0.0,657.5,1168.9,1,238.4,0,0,accel_zoom=0.941|shot_pb=1.00|flight_commit=1.00|pb_zfit|edge_zoom=0.894|bounds
332,596.2,653.4,interp,0.38,683.0,540.0,354.2,0.0,657.5,1168.9,1,217.2,0,0,accel_zoom=0.940|shot_pb=1.00|flight_commit=1.00|pb_zfit|edge_zoom=0.892|bounds
333,572.5,654.6,yolo,0.46,682.3,540.0,353.5,0.0,657.5,1168.9,1,194.2,0,1,accel_zoom=0.940|shot_pb=1.00|flight_commit=1.00|pb_zfit|keepin_prop=0.02|keepin_zoom=1.350|edge_zoom=0.889|bounds
334,551.4,655.9,interp,0.38,684.3,540.0,355.5,0.0,657.5,1168.9,1,171.1,0,0,shot_pb=1.00|flight_commit=1.00|pb_zfit|edge_zoom=0.891|bounds
335,534.7,656.8,interp,0.38,689.0,540.0,360.2,0.0,657.5,1168.9,1,149.7,0,1,shot_pb=1.00|flight_commit=1.00|pb_zfit|keepin_prop=0.00|keepin_zoom=1.350|edge_zoom=0.891|bounds
336,523.9,657.2,interp,0.38,696.1,540.0,367.4,0.0,657.5,1168.9,1,131.8,0,0,shot_pb=1.00|flight_commit=1.00|pb_zfit|edge_zoom=0.891|bounds
337,544.1,653.3,interp,0.38,705.5,540.0,376.7,0.0,657.5,1168.9,1,142.6,0,0,accel_zoom=0.931|shot_pb=1.00|flight_commit=1.00|pb_zfit|edge_zoom=0.900|bounds
338,547.3,652.3,interp,0.38,716.7,540.0,388.0,0.0,657.5,1168.9,1,134.6,0,0,shot_pb=1.00|flight_commit=1.00|pb_zfit|edge_zoom=0.904|bounds
339,552.0,651.4,interp,0.38,729.4,540.0,400.6,0.0,657.5,1168.9,1,126.6,0,0,shot_pb=1.00|flight_commit=1.00|pb_zfit|edge_zoom=0.901|bounds
340,558.2,650.5,interp,0.38,743.0,540.0,414.2,0.0,657.5,1168.9,1,119.2,0,1,shot_pb=1.00|flight_commit=1.00|pb_zfit|keepin_prop=0.00|keepin_zoom=1.350|edge_zoom=0.895|bounds
341,565.8,649.7,interp,0.38,757.2,540.0,428.4,0.0,657.5,1168.9,1,112.6,0,0,shot_pb=1.00|flight_commit=1.00|pb_zfit|edge_zoom=0.899|bounds
342,574.7,648.9,interp,0.38,771.6,540.0,442.8,0.0,657.5,1168.9,1,107.1,0,1,shot_pb=1.00|flight_commit=1.00|pb_zfit|keepin_prop=0.01|keepin_zoom=1.350|edge_zoom=0.893|bounds
343,584.8,648.2,interp,0.38,785.9,540.0,457.1,0.0,657.5,1168.9,1,102.9,0,0,shot_pb=1.00|flight_commit=1.00|pb_zfit|edge_zoom=0.898|bounds
344,595.9,647.5,interp,0.38,799.8,540.0,471.1,0.0,657.5,1168.9,1,100.1,0,1,shot_pb=1.00|flight_commit=1.00|pb_zfit|keepin_prop=0.01|keepin_zoom=1.350|edge_zoom=0.893|bounds
345,608.0,646.9,interp,0.38,813.4,540.0,484.6,0.0,657.5,1168.9,1,98.6,0,0,shot_pb=1.00|flight_commit=1.00|pb_zfit|edge_zoom=0.898|bounds
346,621.0,646.3,interp,0.38,826.5,540.0,497.7,0.0,657.5,1168.9,1,98.5,0,1,shot_pb=1.00|flight_commit=1.00|pb_zfit|keepin_prop=0.01|keepin_zoom=1.350|edge_zoom=0.894|bounds
347,634.7,645.8,interp,0.38,839.2,540.0,510.4,0.0,657.5,1168.9,1,99.5,0,0,shot_pb=1.00|flight_commit=1.00|person_ctx=4|edge_zoom=0.898|bounds
348,649.1,645.3,interp,0.38,851.5,540.0,522.8,0.0,657.5,1168.9,1,101.6,0,1,shot_pb=1.00|flight_commit=1.00|person_ctx=4|pb_zfit|keepin_prop=0.02|keepin_zoom=1.350|edge_zoom=0.893|bounds
349,664.1,644.9,interp,0.38,863.6,540.0,534.9,0.0,657.5,1168.9,1,104.5,0,0,shot_pb=1.00|flight_commit=1.00|person_ctx=4|edge_zoom=0.898|bounds
350,679.6,644.6,interp,0.38,875.5,540.0,546.8,0.0,657.5,1168.9,1,108.1,0,1,shot_pb=1.00|flight_commit=1.00|person_ctx=4|keepin_prop=0.01|keepin_zoom=1.350|edge_zoom=0.895|bounds
351,695.4,644.3,interp,0.38,887.4,540.0,558.6,0.0,657.5,1168.9,1,112.0,0,0,shot_pb=1.00|flight_commit=1.00|person_ctx=4|edge_zoom=0.897|bounds
352,711.6,644.1,interp,0.38,899.2,540.0,570.4,0.0,657.5,1168.9,1,116.4,0,1,shot_pb=1.00|flight_commit=1.00|person_ctx=4|keepin_prop=0.00|keepin_zoom=1.350|edge_zoom=0.896|bounds
353,728.1,644.1,interp,0.38,911.0,540.0,582.3,0.0,657.5,1168.9,1,121.1,0,0,shot_pb=1.00|flight_commit=1.00|person_ctx=4|edge_zoom=0.897|bounds
354,744.7,644.1,interp,0.38,923.0,540.0,594.2,0.0,657.5,1168.9,1,125.7,0,1,shot_pb=1.00|flight_commit=1.00|keepin_prop=0.02|keepin_zoom=1.350|edge_zoom=0.894|bounds
355,761.4,644.3,interp,0.38,935.1,540.0,606.3,0.0,657.5,1168.9,1,130.3,0,0,shot_pb=1.00|flight_commit=1.00|edge_zoom=0.897|bounds
356,778.2,644.7,interp,0.38,947.3,540.0,618.5,0.0,657.5,1168.9,1,134.9,0,1,shot_pb=1.00|flight_commit=1.00|keepin_prop=0.01|keepin_zoom=1.350|edge_zoom=0.894|bounds
357,795.0,645.2,interp,0.38,959.7,540.0,630.9,0.0,657.5,1168.9,1,139.3,0,0,shot_pb=1.00|flight_commit=1.00|edge_zoom=0.896|bounds
358,811.7,645.9,interp,0.38,972.3,540.0,643.5,0.0,657.5,1168.9,1,143.4,0,1,shot_pb=1.00|flight_commit=1.00|keepin_prop=0.01|keepin_zoom=1.350|edge_zoom=0.894|bounds
359,828.4,646.8,interp,0.38,985.0,540.0,656.3,0.0,657.5,1168.9,1,147.4,0,0,shot_pb=1.00|flight_commit=1.00|edge_zoom=0.894|bounds
360,845.1,648.0,interp,0.38,998.0,540.0,669.2,0.0,657.5,1168.9,1,151.1,0,1,shot_pb=1.00|flight_commit=1.00|keepin_prop=0.01|keepin_zoom=1.350|edge_zoom=0.893|bounds
361,861.7,649.4,interp,0.38,1011.2,540.0,682.4,0.0,657.5,1168.9,1,154.5,0,0,shot_pb=1.00|flight_commit=1.00|edge_zoom=0.892|bounds
362,878.2,651.1,interp,0.38,1024.5,540.0,695.8,0.0,657.5,1168.9,1,157.7,0,1,shot_pb=1.00|flight_commit=1.00|keepin_prop=0.01|keepin_zoom=1.350|edge_zoom=0.892|bounds
363,894.8,653.2,interp,0.38,1038.1,540.0,709.4,0.0,657.5,1168.9,1,160.7,0,0,shot_pb=1.00|flight_commit=1.00|edge_zoom=0.889|bounds
364,911.4,655.7,interp,0.38,1051.9,540.0,723.1,0.0,657.5,1168.9,1,163.5,0,1,shot_pb=1.00|flight_commit=1.00|keepin_prop=0.01|keepin_zoom=1.350|edge_zoom=0.890|bounds
365,928.2,658.6,interp,0.38,1065.7,540.0,737.0,0.0,657.5,1168.9,1,166.5,0,0,shot_pb=1.00|flight_commit=1.00|edge_zoom=0.886|bounds
366,945.3,662.0,interp,0.38,1079.7,540.0,750.9,0.0,657.5,1168.9,1,169.6,0,1,shot_pb=1.00|flight_commit=1.00|keepin_prop=0.01|keepin_zoom=1.350|edge_zoom=0.888|bounds
367,962.9,665.9,interp,0.38,1093.6,540.0,764.8,0.0,657.5,1168.9,1,173.3,0,0,shot_pb=1.00|flight_commit=1.00|edge_zoom=0.881|bounds
368,981.1,670.5,interp,0.38,1107.3,540.0,778.5,0.0,657.5,1168.9,1,177.8,0,1,shot_pb=1.00|flight_commit=1.00|keepin_prop=0.01|keepin_zoom=1.350|edge_zoom=0.886|bounds
369,1000.1,675.7,yolo,0.39,1120.6,540.0,791.8,0.0,657.5,1168.9,1,183.5,1,0,shot_pb=1.00|flight_commit=1.00|speed|edge_zoom=0.878|bounds
370,1024.1,683.4,interp,0.50,1133.4,540.0,804.6,0.0,657.5,1168.9,1,194.7,1,0,shot_pb=1.00|flight_commit=1.00|person_ctx=4|speed|edge_zoom=0.878|bounds
371,1048.5,691.4,interp,0.50,1145.5,540.0,816.7,0.0,657.5,1168.9,1,207.0,0,1,shot_pb=1.00|flight_commit=1.00|person_ctx=4|keepin_prop=0.02|keepin_zoom=1.350|edge_zoom=0.875|bounds
372,1072.8,699.4,interp,0.50,1156.6,540.0,827.8,0.0,657.5,1168.9,1,220.2,1,0,shot_pb=1.00|flight_commit=1.00|person_ctx=4|speed|edge_zoom=0.878|bounds
373,1096.5,707.3,interp,0.50,1166.6,540.0,837.8,0.0,657.5,1168.9,1,233.9,1,1,shot_pb=1.00|flight_commit=1.00|keepin_prop=0.00|keepin_zoom=1.350|speed|edge_zoom=0.878|bounds
374,1119.1,714.9,interp,0.50,1175.3,540.0,846.5,0.0,657.5,1168.9,1,247.8,1,0,shot_pb=1.00|flight_commit=1.00|speed|edge_zoom=0.878|bounds
375,1140.2,721.9,interp,0.50,1182.6,540.0,853.8,0.0,657.5,1168.9,1,261.6,1,0,shot_pb=1.00|flight_commit=1.00|speed|edge_zoom=0.878|bounds
376,1159.6,728.1,interp,0.50,1188.4,540.0,859.6,0.0,657.5,1168.9,1,275.2,1,1,shot_pb=1.00|flight_commit=1.00|keepin_prop=0.03|keepin_zoom=1.350|speed|edge_zoom=0.867|bounds
377,1177.0,733.5,interp,0.50,1192.7,540.0,863.9,0.0,657.5,1168.9,1,288.3,1,1,shot_pb=1.00|flight_commit=1.00|keepin_prop=0.00|keepin_zoom=1.350|speed|edge_zoom=0.878|bounds
378,1192.1,737.9,interp,0.50,1195.4,540.0,866.6,0.0,657.5,1168.9,1,300.7,1,1,shot_pb=1.00|flight_commit=1.00|keepin_prop=0.00|keepin_zoom=1.350|speed|edge_zoom=0.878|bounds
379,1204.7,741.1,interp,0.50,1196.6,540.0,867.8,0.0,657.5,1168.9,1,295.9,1,1,shot_pb=1.00|flight_commit=1.00|keepin_prop=0.00|keepin_zoom=1.350|speed|edge_zoom=0.878|bounds
380,1214.6,743.1,interp,0.50,1196.2,540.0,867.4,0.0,657.5,1168.9,1,285.6,1,1,shot_pb=1.00|flight_commit=1.00|keepin_prop=0.00|keepin_zoom=1.350|speed|edge_zoom=0.877|bounds
381,1221.7,743.8,interp,0.50,1194.2,540.0,865.5,0.0,657.5,1168.9,1,276.5,1,1,shot_pb=1.00|flight_commit=1.00|keepin_prop=0.00|keepin_zoom=1.350|speed|edge_zoom=0.876|bounds
382,1225.8,742.9,interp,0.50,1190.7,540.0,862.0,0.0,657.5,1168.9,1,268.9,1,1,shot_pb=1.00|flight_commit=1.00|keepin_prop=0.01|keepin_zoom=1.350|speed|edge_zoom=0.875|bounds
383,1226.9,740.6,interp,0.50,1185.7,540.0,856.9,0.0,657.5,1168.9,1,262.8,1,1,shot_pb=1.00|flight_commit=1.00|keepin_prop=0.02|keepin_zoom=1.350|speed|edge_zoom=0.868|bounds
384,1224.8,736.6,yolo,0.43,1179.2,540.0,850.4,0.0,657.5,1168.9,1,258.4,1,1,shot_pb=1.00|flight_commit=1.00|keepin_prop=0.02|keepin_zoom=1.350|speed|edge_zoom=0.870|bounds
385,1215.8,728.8,yolo,0.39,1171.2,540.0,842.5,0.0,657.5,1168.9,1,259.4,1,1,shot_pb=1.00|flight_commit=1.00|keepin_prop=0.01|keepin_zoom=1.350|speed|edge_zoom=0.875|bounds
386,1205.8,720.4,interp,0.38,1162.0,540.0,833.2,0.0,657.5,1168.9,1,260.2,1,1,shot_pb=1.00|flight_commit=1.00|keepin_prop=0.00|keepin_zoom=1.350|speed|edge_zoom=0.876|bounds
387,1194.3,711.3,interp,0.38,1151.5,540.0,822.8,0.0,657.5,1168.9,1,261.2,1,1,shot_pb=1.00|flight_commit=1.00|keepin_prop=0.00|keepin_zoom=1.350|speed|edge_zoom=0.878|bounds
388,1181.8,701.7,yolo,0.35,1140.2,540.0,811.4,0.0,657.5,1168.8,1,262.4,1,1,shot_pb=1.00|flight_commit=1.00|keepin_prop=0.00|keepin_zoom=1.350|speed|edge_zoom=0.878|bounds
389,1167.2,690.9,yolo,0.31,1128.2,540.0,799.5,0.0,657.4,1168.8,1,265.0,0,0,shot_pb=1.00|flight_commit=1.00|edge_zoom=0.899|bounds
390,1157.0,682.7,interp,0.38,1115.8,540.0,787.1,0.0,657.4,1168.6,1,262.8,0,0,shot_pb=1.00|flight_commit=1.00|edge_zoom=0.904|bounds
391,1147.4,674.9,interp,0.38,1103.5,540.0,774.8,0.0,657.3,1168.5,1,260.1,0,0,shot_pb=1.00|flight_commit=1.00|edge_zoom=0.907|bounds
392,1138.2,667.4,interp,0.38,1091.4,540.0,762.9,0.0,657.1,1168.2,1,257.2,0,0,shot_pb=1.00|flight_commit=1.00|edge_zoom=0.910|bounds
393,1129.5,660.2,interp,0.38,1080.0,540.0,751.5,0.0,656.9,1167.8,1,254.5,0,1,shot_pb=1.00|flight_commit=1.00|keepin_prop=0.01|keepin_zoom=1.350|edge_zoom=0.888|bounds
394,1121.3,653.2,interp,0.38,1069.4,540.0,741.1,0.0,656.5,1167.2,1,252.1,0,0,shot_pb=1.00|flight_commit=1.00|edge_zoom=0.915|bounds
395,1113.5,646.6,yolo,0.29,1059.8,540.0,731.8,0.0,656.1,1166.4,1,250.3,0,1,shot_pb=1.00|flight_commit=1.00|keepin_prop=0.00|keepin_zoom=1.350|edge_zoom=0.896|bounds
396,1105.4,639.3,yolo,0.30,1051.5,540.0,723.7,0.0,655.6,1165.5,1,250.1,0,0,shot_pb=1.00|flight_commit=1.00|edge_zoom=0.922|bounds
397,1099.0,633.6,interp,0.38,1044.6,540.0,717.1,0.0,654.9,1164.3,1,249.6,0,0,shot_pb=1.00|flight_commit=1.00|edge_zoom=0.924|bounds
398,1093.3,628.4,interp,0.38,1039.1,540.0,712.0,0.0,654.1,1162.8,1,249.8,0,1,shot_pb=1.00|flight_commit=1.00|keepin_prop=0.01|keepin_zoom=1.350|edge_zoom=0.901|bounds
399,1088.2,623.5,interp,0.38,1035.1,540.0,708.5,0.0,653.1,1161.1,1,250.9,0,0,shot_pb=1.00|flight_commit=1.00|edge_zoom=0.928|bounds
400,1083.7,619.0,interp,0.38,1032.7,540.0,706.7,0.0,652.0,1159.1,1,253.0,0,1,shot_pb=1.00|flight_commit=1.00|keepin_prop=0.00|keepin_zoom=1.350|edge_zoom=0.906|bounds
401,1079.7,614.8,interp,0.38,1032.0,540.0,706.7,0.0,650.8,1156.9,1,256.3,0,0,shot_pb=1.00|flight_commit=1.00|edge_zoom=0.933|bounds
402,1076.3,610.8,interp,0.38,1033.2,540.0,708.4,0.0,649.5,1154.7,1,260.9,0,0,shot_pb=1.00|flight_commit=1.00|edge_zoom=0.936|bounds
403,1073.4,607.1,interp,0.38,1036.2,540.0,712.0,0.0,648.2,1152.4,1,266.8,0,1,shot_pb=1.00|flight_commit=1.00|keepin_prop=0.00|keepin_zoom=1.350|edge_zoom=0.911|bounds
404,1071.0,603.5,interp,0.38,1041.0,540.0,717.5,0.0,647.0,1150.3,1,274.0,0,0,shot_pb=1.00|flight_commit=1.00|edge_zoom=0.941|bounds
405,1069.2,600.1,interp,0.38,1047.8,540.0,724.8,0.0,646.0,1148.4,1,282.6,0,0,shot_pb=1.00|flight_commit=1.00|edge_zoom=0.946|bounds
406,1067.9,596.9,interp,0.38,1056.3,540.0,733.8,0.0,645.1,1146.8,1,292.4,0,0,shot_pb=1.00|flight_commit=1.00|edge_zoom=0.954|bounds
407,1067.3,593.8,interp,0.38,1066.5,540.0,744.3,0.0,644.4,1145.6,1,303.2,0,0,shot_pb=1.00|flight_commit=1.00|edge_zoom=0.955|bounds
408,1066.7,591.3,blended,0.79,1078.0,540.0,756.0,0.0,644.0,1144.9,1,292.7,0,0,shot_pb=1.00|flight_commit=1.00|edge_zoom=0.960|bounds
409,1068.8,587.6,interp,0.38,1090.5,540.0,768.6,0.0,643.9,1144.7,1,282.3,0,0,shot_pb=1.00|flight_commit=1.00|edge_zoom=0.948|bounds
410,1070.9,584.6,interp,0.38,1103.8,540.0,781.7,0.0,644.0,1145.0,1,271.1,0,0,shot_pb=1.00|flight_commit=1.00|edge_zoom=0.948|bounds
411,1073.5,581.6,interp,0.38,1117.3,540.0,795.1,0.0,644.4,1145.6,1,260.2,0,0,shot_pb=1.00|flight_commit=1.00|edge_zoom=0.946|bounds
412,1076.6,578.7,interp,0.38,1130.6,540.0,808.2,0.0,644.9,1146.6,1,250.0,0,0,shot_pb=1.00|flight_commit=1.00|edge_zoom=0.945|bounds
413,1080.2,575.9,interp,0.38,1143.6,540.0,820.8,0.0,645.6,1147.7,1,240.6,0,0,shot_pb=1.00|flight_commit=1.00|edge_zoom=0.945|bounds
414,1084.0,573.1,interp,0.38,1155.8,540.0,832.6,0.0,646.3,1149.0,1,232.2,0,1,shot_pb=1.00|flight_commit=1.00|keepin_prop=0.02|keepin_zoom=1.350|edge_zoom=0.921|bounds
415,1088.2,570.4,interp,0.38,1167.0,540.0,843.5,0.0,647.0,1150.3,1,225.2,0,0,shot_pb=1.00|flight_commit=1.00|edge_zoom=0.944|bounds
416,1092.6,567.7,interp,0.38,1177.2,540.0,853.4,0.0,647.7,1151.5,1,219.4,0,1,shot_pb=1.00|flight_commit=1.00|keepin_prop=0.02|keepin_zoom=1.350|edge_zoom=0.923|bounds
417,1097.2,565.1,interp,0.38,1186.4,540.0,862.2,0.0,648.3,1152.5,1,214.8,0,0,shot_pb=1.00|flight_commit=1.00|edge_zoom=0.944|bounds
418,1102.0,562.6,interp,0.38,1194.4,540.0,870.0,0.0,648.8,1153.4,1,211.6,0,1,shot_pb=1.00|flight_commit=1.00|keepin_prop=0.03|keepin_zoom=1.350|edge_zoom=0.924|bounds
419,1106.9,560.1,interp,0.38,1201.6,540.0,877.0,0.0,649.2,1154.2,1,209.3,0,0,shot_pb=1.00|flight_commit=1.00|edge_zoom=0.945|bounds
420,1112.0,557.6,interp,0.38,1207.8,540.0,883.0,0.0,649.6,1154.8,1,208.2,0,1,shot_pb=1.00|flight_commit=1.00|keepin_prop=0.03|keepin_zoom=1.350|edge_zoom=0.926|bounds
421,1117.1,555.3,interp,0.38,1213.4,540.0,888.4,0.0,649.9,1155.4,1,207.7,0,0,shot_pb=1.00|flight_commit=1.00|edge_zoom=0.945|bounds
422,1122.3,552.9,interp,0.38,1218.3,540.0,893.2,0.0,650.2,1155.9,1,208.0,0,1,shot_pb=1.00|flight_commit=1.00|keepin_prop=0.04|keepin_zoom=1.350|edge_zoom=0.927|bounds
423,1127.5,550.7,interp,0.38,1222.7,540.0,897.5,0.0,650.4,1156.3,1,208.8,0,0,shot_pb=1.00|flight_commit=1.00|edge_zoom=0.946|bounds
424,1132.7,548.5,interp,0.38,1226.7,540.0,901.3,0.0,650.7,1156.8,1,210.0,0,1,shot_pb=1.00|flight_commit=1.00|keepin_prop=0.04|keepin_zoom=1.350|edge_zoom=0.928|bounds
425,1137.9,546.4,interp,0.38,1230.2,540.0,904.8,0.0,651.0,1157.2,1,211.7,0,0,shot_pb=1.00|flight_commit=1.00|edge_zoom=0.947|bounds
426,1143.0,544.4,interp,0.38,1233.5,540.0,907.9,0.0,651.2,1157.7,1,213.5,0,1,shot_pb=1.00|flight_commit=1.00|person_ctx=4|keepin_prop=0.04|keepin_zoom=1.350|edge_zoom=0.930|bounds
427,1148.0,542.6,interp,0.38,1236.4,540.0,910.6,0.0,651.5,1158.2,1,215.6,0,0,shot_pb=1.00|flight_commit=1.00|edge_zoom=0.948|bounds
428,1152.9,540.8,interp,0.38,1239.0,540.0,913.1,0.0,651.8,1158.7,1,217.9,0,1,shot_pb=1.00|flight_commit=1.00|keepin_prop=0.05|keepin_zoom=1.350|edge_zoom=0.930|bounds
429,1157.6,539.1,interp,0.38,1241.3,540.0,915.3,0.0,652.1,1159.2,1,220.3,0,0,shot_pb=1.00|flight_commit=1.00|person_ctx=4|edge_zoom=0.948|bounds
430,1162.2,537.6,interp,0.38,1243.3,540.0,917.1,0.0,652.3,1159.7,1,222.9,0,1,shot_pb=1.00|flight_commit=1.00|keepin_prop=0.06|keepin_zoom=1.350|edge_zoom=0.931|bounds
431,1166.5,536.3,interp,0.38,1244.9,540.0,918.6,0.0,652.6,1160.2,1,225.6,0,1,shot_pb=1.00|flight_commit=1.00|keepin_prop=0.00|keepin_zoom=1.350|edge_zoom=0.938|bounds
432,1170.5,535.2,interp,0.38,1246.0,540.0,919.5,0.0,652.9,1160.7,1,228.5,0,0,shot_pb=1.00|flight_commit=1.00|edge_zoom=0.948|bounds
433,1174.3,534.2,interp,0.38,1246.5,540.0,919.9,0.0,653.2,1161.3,1,231.8,0,1,shot_pb=1.00|flight_commit=1.00|keepin_prop=0.03|keepin_zoom=1.350|edge_zoom=0.936|bounds
434,1177.7,533.5,yolo,0.29,1246.4,540.0,919.6,0.0,653.6,1161.9,1,235.3,0,0,shot_pb=1.00|flight_commit=1.00|edge_zoom=0.946|bounds
435,1180.3,533.2,interp,0.38,1245.4,540.0,918.4,0.0,653.9,1162.6,1,238.9,0,1,shot_pb=1.00|flight_commit=1.00|keepin_prop=0.07|keepin_zoom=1.350|edge_zoom=0.932|bounds
436,1182.5,533.2,interp,0.38,1243.4,540.0,916.2,0.0,654.3,1163.3,1,243.1,0,1,shot_pb=1.00|flight_commit=1.00|keepin_prop=0.00|keepin_zoom=1.350|edge_zoom=0.939|bounds
437,1184.3,533.5,yolo,0.28,1240.3,540.0,912.9,0.0,654.8,1164.0,1,248.0,0,0,shot_pb=1.00|flight_commit=1.00|edge_zoom=0.935|bounds
438,1185.7,534.1,interp,0.38,1236.0,540.0,908.4,0.0,655.2,1164.7,1,253.7,0,1,shot_pb=1.00|flight_commit=1.00|keepin_prop=0.03|keepin_zoom=1.350|edge_zoom=0.936|bounds
439,1186.6,535.0,interp,0.38,1230.4,540.0,902.6,0.0,655.6,1165.5,1,260.2,0,0,shot_pb=1.00|flight_commit=1.00|edge_zoom=0.915|bounds
440,1187.1,536.2,interp,0.38,1223.5,540.0,895.5,0.0,656.0,1166.2,1,267.6,0,0,shot_pb=1.00|flight_commit=1.00|edge_zoom=0.907|bounds
441,1187.3,537.7,interp,0.38,1215.3,540.0,887.2,0.0,656.3,1166.8,1,276.0,0,0,shot_pb=1.00|flight_commit=1.00|edge_zoom=0.904|bounds
442,1187.2,539.6,interp,0.38,1206.0,540.0,877.7,0.0,656.6,1167.3,1,285.2,0,0,shot_pb=1.00|flight_commit=1.00|edge_zoom=0.903|bounds
443,1186.8,541.7,interp,0.38,1195.8,540.0,867.3,0.0,656.9,1167.8,1,295.0,0,0,shot_pb=1.00|flight_commit=1.00|edge_zoom=0.903|bounds
444,1186.1,544.2,interp,0.38,1184.8,540.0,856.3,0.0,657.1,1168.1,1,302.7,0,0,shot_pb=1.00|flight_commit=1.00|edge_zoom=0.902|bounds
445,1185.2,546.9,interp,0.38,1173.5,540.0,844.9,0.0,657.2,1168.4,1,292.3,0,0,shot_pb=1.00|flight_commit=1.00|edge_zoom=0.902|bounds
446,1184.0,549.9,interp,0.38,1162.0,540.0,833.3,0.0,657.3,1168.6,1,282.0,0,0,shot_pb=1.00|flight_commit=1.00|edge_zoom=0.901|bounds
447,1182.7,553.1,interp,0.38,1150.6,540.0,821.9,0.0,657.4,1168.7,1,271.9,0,0,shot_pb=1.00|flight_commit=1.00|edge_zoom=0.900|bounds
448,1181.1,556.6,interp,0.38,1139.7,540.0,811.0,0.0,657.5,1168.8,1,262.6,0,0,shot_pb=1.00|flight_commit=1.00|edge_zoom=0.899|bounds
449,1179.3,560.3,interp,0.38,1129.4,540.0,800.6,0.0,657.5,1168.9,1,254.1,0,0,shot_pb=1.00|flight_commit=1.00|edge_zoom=0.898|bounds
450,1177.5,564.2,interp,0.38,1119.9,540.0,791.1,0.0,657.5,1168.9,1,246.4,0,0,shot_pb=1.00|flight_commit=1.00|edge_zoom=0.897|bounds
451,1175.5,568.3,interp,0.38,1111.3,540.0,782.5,0.0,657.5,1168.9,1,239.8,0,0,shot_pb=1.00|flight_commit=1.00|edge_zoom=0.895|bounds
452,1173.3,572.6,interp,0.38,1103.6,540.0,774.9,0.0,657.5,1168.9,1,234.3,0,0,shot_pb=1.00|flight_commit=1.00|edge_zoom=0.894|bounds
453,1171.1,577.0,interp,0.38,1097.0,540.0,768.3,0.0,657.5,1168.9,1,229.9,0,0,shot_pb=1.00|flight_commit=1.00|edge_zoom=0.892|bounds
454,1168.9,581.6,interp,0.38,1091.5,540.0,762.7,0.0,657.5,1168.9,1,226.6,0,0,shot_pb=1.00|flight_commit=1.00|edge_zoom=0.890|bounds
455,1166.6,586.2,interp,0.38,1086.9,540.0,758.1,0.0,657.5,1168.9,1,224.3,0,0,shot_pb=1.00|flight_commit=1.00|edge_zoom=0.889|bounds
456,1164.3,591.0,interp,0.38,1083.3,540.0,754.5,0.0,657.5,1168.9,1,223.0,0,0,shot_pb=1.00|flight_commit=1.00|edge_zoom=0.887|bounds
457,1161.9,595.8,interp,0.38,1080.6,540.0,751.9,0.0,657.5,1168.9,1,222.7,0,0,shot_pb=1.00|flight_commit=1.00|edge_zoom=0.885|bounds
458,1159.6,600.8,interp,0.38,1078.9,540.0,750.1,0.0,657.5,1168.9,1,223.3,0,0,shot_pb=1.00|flight_commit=1.00|edge_zoom=0.883|bounds
459,1157.4,605.8,interp,0.38,1078.0,540.0,749.2,0.0,657.5,1168.9,1,224.6,0,0,shot_pb=1.00|flight_commit=1.00|edge_zoom=0.881|bounds
460,1155.2,610.8,interp,0.38,1077.9,540.0,749.1,0.0,657.5,1168.9,1,226.7,1,0,shot_pb=1.00|flight_commit=1.00|speed|edge_zoom=0.878|bounds
461,1153.1,615.9,interp,0.38,1078.7,540.0,749.9,0.0,657.5,1168.9,1,229.6,1,0,shot_pb=1.00|flight_commit=1.00|speed|edge_zoom=0.878|bounds
462,1151.1,621.1,interp,0.38,1080.3,540.0,751.5,0.0,657.5,1168.9,1,233.2,1,0,shot_pb=1.00|flight_commit=1.00|speed|edge_zoom=0.878|bounds
463,1149.2,626.2,interp,0.38,1082.7,540.0,754.0,0.0,657.5,1168.9,1,237.5,1,0,shot_pb=1.00|flight_commit=1.00|speed|edge_zoom=0.878|bounds
464,1147.5,631.4,interp,0.38,1086.0,540.0,757.2,0.0,657.5,1168.9,1,242.5,1,0,shot_pb=1.00|flight_commit=1.00|speed|edge_zoom=0.878|bounds
465,1146.0,636.7,interp,0.38,1090.0,540.0,761.2,0.0,657.5,1168.9,1,248.0,1,0,shot_pb=1.00|flight_commit=1.00|speed|edge_zoom=0.878|bounds
466,1144.6,642.0,interp,0.38,1094.8,540.0,766.0,0.0,657.5,1168.9,1,254.2,1,0,shot_pb=1.00|flight_commit=1.00|speed|edge_zoom=0.878|bounds
467,1143.5,647.4,interp,0.38,1100.3,540.0,771.5,0.0,657.5,1168.9,1,260.8,1,0,shot_pb=1.00|flight_commit=1.00|speed|edge_zoom=0.878|bounds
468,1142.7,652.8,interp,0.38,1106.4,540.0,777.7,0.0,657.5,1168.9,1,267.7,1,0,shot_pb=1.00|flight_commit=1.00|speed|edge_zoom=0.878|bounds
469,1142.1,658.4,interp,0.38,1113.1,540.0,784.4,0.0,657.5,1168.9,1,275.0,1,0,shot_pb=1.00|flight_commit=1.00|speed|edge_zoom=0.878|bounds
470,1141.8,664.1,interp,0.38,1120.3,540.0,791.5,0.0,657.5,1168.9,1,282.5,1,0,shot_pb=1.00|flight_commit=1.00|speed|edge_zoom=0.878|bounds
471,1141.9,670.0,interp,0.38,1127.8,540.0,799.0,0.0,657.5,1168.9,1,289.9,1,0,shot_pb=1.00|flight_commit=1.00|speed|edge_zoom=0.878|bounds
472,1142.3,676.1,interp,0.38,1135.4,540.0,806.7,0.0,657.5,1168.9,1,297.1,1,0,shot_pb=1.00|flight_commit=1.00|speed|edge_zoom=0.878|bounds
473,1143.2,682.5,interp,0.38,1143.1,540.0,814.3,0.0,657.5,1168.9,1,303.9,1,0,shot_pb=1.00|flight_commit=1.00|speed|edge_zoom=0.878|bounds
474,1144.5,689.3,interp,0.38,1150.7,540.0,821.9,0.0,657.5,1168.9,1,297.8,1,0,shot_pb=1.00|flight_commit=1.00|speed|edge_zoom=0.878|bounds
475,1146.2,696.5,interp,0.38,1158.0,540.0,829.2,0.0,657.5,1168.9,1,292.2,1,0,shot_pb=1.00|flight_commit=1.00|speed|edge_zoom=0.878|bounds
476,1148.0,704.7,blended,0.71,1164.9,540.0,836.1,0.0,657.5,1168.9,1,287.1,1,0,shot_pb=1.00|flight_commit=1.00|speed|edge_zoom=0.878|bounds
477,1149.2,715.2,centroid,0.30,1171.4,540.0,842.7,0.0,657.5,1168.9,1,281.8,1,0,shot_pb=1.00|flight_commit=1.00|speed|edge_zoom=0.878|bounds
478,1153.5,724.4,centroid,0.30,1177.5,540.0,848.7,0.0,657.5,1168.9,1,280.0,1,0,shot_pb=1.00|flight_commit=1.00|speed|edge_zoom=0.878|bounds
479,1159.1,733.8,centroid,0.30,1183.1,540.0,854.3,0.0,657.5,1168.9,1,280.0,1,0,shot_pb=1.00|flight_commit=1.00|speed|edge_zoom=0.878|bounds
480,1165.8,743.5,centroid,0.30,1188.4,540.0,859.6,0.0,657.5,1168.9,1,281.4,1,1,shot_pb=1.00|flight_commit=1.00|keepin_prop=0.00|keepin_zoom=1.350|speed|edge_zoom=0.878|bounds
481,1173.6,753.4,centroid,0.30,1193.4,540.0,864.6,0.0,657.5,1168.9,1,284.2,1,1,shot_pb=1.00|flight_commit=1.00|keepin_prop=0.00|keepin_zoom=1.350|speed|edge_zoom=0.878|bounds
482,1182.6,763.5,centroid,0.30,1198.3,540.0,869.6,0.0,657.5,1168.9,1,288.3,1,1,shot_pb=1.00|flight_commit=1.00|keepin_prop=0.01|keepin_zoom=1.350|speed|edge_zoom=0.876|bounds
483,1192.7,773.7,centroid,0.30,1203.4,540.0,874.7,0.0,657.5,1168.9,1,293.3,1,1,shot_pb=1.00|flight_commit=1.00|keepin_prop=0.01|keepin_zoom=1.350|speed|edge_zoom=0.873|bounds
484,1203.8,783.9,centroid,0.30,1208.8,540.0,880.1,0.0,657.5,1168.9,1,299.0,1,1,shot_pb=1.00|flight_commit=1.00|keepin_prop=0.02|keepin_zoom=1.350|speed|edge_zoom=0.870|bounds
485,1215.9,794.1,centroid,0.30,1214.7,540.0,886.0,0.0,657.5,1168.9,1,302.8,1,1,shot_pb=1.00|flight_commit=1.00|keepin_prop=0.03|keepin_zoom=1.350|speed|edge_zoom=0.865|bounds
486,1228.9,804.3,centroid,0.30,1221.3,540.0,892.5,0.0,657.5,1168.9,1,296.4,1,1,shot_pb=1.00|flight_commit=1.00|keepin_prop=0.04|keepin_zoom=1.350|speed|edge_zoom=0.860|bounds
487,1240.3,812.6,centroid,0.26,1228.7,540.0,900.0,0.0,657.5,1168.9,1,292.4,1,1,shot_pb=1.00|flight_commit=1.00|keepin_prop=0.05|keepin_zoom=1.350|speed|edge_zoom=0.855|bounds
488,1255.3,822.8,centroid,0.26,1237.0,540.0,908.3,0.0,657.5,1168.9,1,285.7,1,1,shot_pb=1.00|flight_commit=1.00|keepin_prop=0.07|keepin_zoom=1.350|speed|edge_zoom=0.849|bounds
489,1271.7,833.1,centroid,0.26,1246.4,540.0,917.6,0.0,657.5,1168.9,1,278.7,1,1,shot_pb=1.00|flight_commit=1.00|keepin_prop=0.09|keepin_zoom=1.350|speed|edge_zoom=0.842|bounds
490,1289.4,843.4,centroid,0.27,1256.7,540.0,927.9,0.0,657.5,1168.9,1,271.3,1,1,shot_pb=1.00|flight_commit=1.00|keepin_prop=0.10|keepin_zoom=1.350|speed|edge_zoom=0.834|bounds
491,1308.2,853.9,centroid,0.27,1268.0,540.0,939.2,0.0,657.5,1168.9,1,263.8,1,1,shot_pb=1.00|flight_commit=1.00|keepin_prop=0.12|keepin_zoom=1.350|speed|edge_zoom=0.826|bounds
492,1328.1,864.3,centroid,0.27,1280.2,540.0,951.4,0.0,657.5,1168.9,1,256.1,1,1,shot_pb=1.00|flight_commit=1.00|keepin_prop=0.15|keepin_zoom=1.350|speed|edge_zoom=0.815|bounds
493,1348.9,874.6,centroid,0.28,1293.2,540.0,964.5,0.0,657.5,1168.9,1,248.3,1,1,shot_pb=1.00|flight_commit=1.00|keepin_prop=0.17|keepin_zoom=1.350|speed|edge_zoom=0.804|bounds
494,1370.4,884.8,centroid,0.28,1307.0,540.0,978.2,0.0,657.5,1168.9,1,240.6,1,1,shot_pb=1.00|flight_commit=1.00|keepin_prop=0.20|keepin_zoom=1.350|speed|edge_zoom=0.793|bounds
495,1392.4,894.8,centroid,0.28,1321.2,540.0,992.5,0.0,657.5,1168.9,1,232.8,1,1,shot_pb=1.00|flight_commit=1.00|keepin_prop=0.23|keepin_zoom=1.350|speed|edge_zoom=0.781|bounds
496,1414.7,904.4,centroid,0.29,1335.9,540.0,1007.2,0.0,657.5,1168.9,1,225.2,1,1,shot_pb=1.00|flight_commit=1.00|keepin_prop=0.26|keepin_zoom=1.350|speed|edge_zoom=0.768|bounds
497,1437.0,913.8,centroid,0.29,1350.8,540.0,1022.1,0.0,657.5,1168.9,1,217.8,1,1,accel_zoom=0.945|shot_pb=1.00|flight_commit=1.00|keepin_prop=0.29|keepin_zoom=1.350|speed|edge_zoom=0.756|bounds
498,1459.0,922.7,centroid,0.29,1365.8,540.0,1037.0,0.0,657.5,1168.9,1,210.8,1,1,shot_pb=1.00|flight_commit=1.00|keepin_prop=0.32|keepin_zoom=1.350|speed|edge_zoom=0.750|bounds
499,1480.5,931.2,centroid,0.30,1380.6,540.0,1051.8,0.0,657.5,1168.9,1,204.1,1,1,shot_pb=1.00|flight_commit=1.00|keepin_prop=0.35|keepin_zoom=1.350|speed|edge_zoom=0.750|bounds
500,1501.1,939.1,centroid,0.30,1395.1,540.0,1066.3,0.0,657.5,1168.9,1,198.0,1,1,shot_pb=1.00|flight_commit=1.00|keepin_prop=0.38|keepin_zoom=1.350|speed|edge_zoom=0.750|bounds
501,1519.8,946.2,centroid,0.30,1409.1,540.0,1080.3,0.0,657.5,1168.9,1,193.3,1,1,shot_pb=1.00|flight_commit=1.00|keepin_prop=0.40|keepin_zoom=1.350|speed|edge_zoom=0.750|bounds
502,1537.2,952.7,centroid,0.30,1422.5,540.0,1093.7,0.0,657.5,1168.9,1,189.3,1,1,shot_pb=1.00|flight_commit=1.00|keepin_prop=0.43|keepin_zoom=1.350|speed|edge_zoom=0.750|bounds
503,1553.2,958.6,centroid,0.30,1435.1,540.0,1106.4,0.0,657.5,1168.9,1,185.9,1,1,shot_pb=1.00|flight_commit=1.00|keepin_prop=0.45|keepin_zoom=1.350|speed|edge_zoom=0.750|bounds
504,1567.7,964.0,centroid,0.30,1446.9,540.0,1118.2,0.0,657.5,1168.9,1,183.2,1,1,shot_pb=1.00|flight_commit=1.00|keepin_prop=0.47|keepin_zoom=1.350|speed|edge_zoom=0.750|bounds
505,1580.6,968.8,centroid,0.30,1457.7,540.0,1129.0,0.0,657.5,1168.9,1,181.1,1,1,shot_pb=1.00|flight_commit=1.00|keepin_prop=0.49|keepin_zoom=1.350|speed|edge_zoom=0.750|bounds
506,1591.9,973.2,centroid,0.30,1467.5,540.0,1138.7,0.0,657.5,1168.9,1,179.6,1,1,shot_pb=1.00|flight_commit=1.00|keepin_prop=0.51|keepin_zoom=1.350|speed|edge_zoom=0.750|bounds
507,1601.6,977.0,centroid,0.30,1476.1,540.0,1147.3,0.0,657.5,1168.9,1,178.5,1,1,shot_pb=1.00|flight_commit=1.00|keepin_prop=0.52|keepin_zoom=1.350|speed|edge_zoom=0.750|bounds
508,1609.7,980.4,centroid,0.30,1483.6,540.0,1154.8,0.0,657.5,1168.9,1,177.9,1,1,shot_pb=1.00|flight_commit=1.00|keepin_prop=0.54|keepin_zoom=1.350|speed|edge_zoom=0.750|bounds
509,1616.1,983.4,centroid,0.30,1489.8,540.0,1161.1,0.0,657.5,1168.9,1,177.7,1,1,shot_pb=1.00|flight_commit=1.00|keepin_prop=0.54|keepin_zoom=1.350|speed|edge_zoom=0.750|bounds
510,1621.0,986.0,centroid,0.30,1494.9,540.0,1166.1,0.0,657.5,1168.9,1,177.9,1,1,shot_pb=1.00|flight_commit=1.00|keepin_prop=0.55|keepin_zoom=1.350|speed|edge_zoom=0.750|bounds
511,1624.2,988.2,centroid,0.30,1498.7,540.0,1169.9,0.0,657.5,1168.9,1,178.5,1,1,shot_pb=1.00|flight_commit=1.00|keepin_prop=0.54|keepin_zoom=1.350|speed|edge_zoom=0.750|bounds
512,1625.9,990.0,centroid,0.30,1501.3,540.0,1172.5,0.0,657.5,1168.9,1,178.9,1,1,shot_pb=1.00|flight_commit=1.00|keepin_prop=0.53|keepin_zoom=1.350|speed|edge_zoom=0.750|bounds
513,1626.0,991.5,centroid,0.30,1502.6,540.0,1173.8,0.0,657.5,1168.9,1,177.4,1,1,shot_pb=1.00|flight_commit=1.00|keepin_prop=0.51|keepin_zoom=1.350|speed|edge_zoom=0.750|bounds
514,1624.6,992.7,centroid,0.30,1502.7,540.0,1174.0,0.0,657.5,1168.9,1,176.2,1,1,shot_pb=1.00|flight_commit=1.00|keepin_prop=0.55|keepin_zoom=1.350|speed|edge_zoom=0.750|bounds
515,1621.6,993.6,centroid,0.30,1501.6,540.0,1172.9,0.0,657.5,1168.9,1,175.3,1,1,shot_pb=1.00|flight_commit=1.00|keepin_prop=0.61|keepin_zoom=1.350|speed|edge_zoom=0.750|bounds
516,1617.2,994.2,centroid,0.30,1499.4,540.0,1170.6,0.0,657.5,1168.9,1,174.7,1,1,shot_pb=1.00|flight_commit=1.00|keepin_prop=0.63|keepin_zoom=1.350|speed|edge_zoom=0.750|bounds
517,1611.3,994.5,centroid,0.30,1495.9,540.0,1167.2,0.0,657.5,1168.9,1,174.4,1,1,shot_pb=1.00|flight_commit=1.00|keepin_prop=0.65|keepin_zoom=1.350|speed|edge_zoom=0.750|bounds
518,1603.9,994.6,centroid,0.30,1491.4,540.0,1162.6,0.0,657.5,1168.9,1,174.3,1,1,shot_pb=1.00|flight_commit=1.00|keepin_prop=0.65|keepin_zoom=1.350|speed|edge_zoom=0.750|bounds
519,1595.1,994.5,centroid,0.30,1485.7,540.0,1156.9,0.0,657.5,1168.9,1,174.4,1,1,shot_pb=1.00|flight_commit=1.00|keepin_prop=0.66|keepin_zoom=1.350|speed|edge_zoom=0.750|bounds
520,1584.9,994.2,centroid,0.30,1478.9,540.0,1150.1,0.0,657.5,1168.9,1,174.7,1,1,shot_pb=1.00|flight_commit=1.00|keepin_prop=0.66|keepin_zoom=1.350|speed|edge_zoom=0.750|bounds
521,1573.3,993.6,centroid,0.30,1471.1,540.0,1142.3,0.0,657.5,1168.9,1,175.3,1,1,shot_pb=1.00|flight_commit=1.00|keepin_prop=0.66|keepin_zoom=1.350|speed|edge_zoom=0.750|bounds
522,1560.3,992.8,centroid,0.30,1462.2,540.0,1133.4,0.0,657.5,1168.9,1,176.1,1,1,shot_pb=1.00|flight_commit=1.00|keepin_prop=0.66|keepin_zoom=1.350|speed|edge_zoom=0.750|bounds
523,1546.0,991.9,centroid,0.30,1452.4,540.0,1123.6,0.0,657.5,1168.9,1,177.0,1,1,shot_pb=1.00|flight_commit=1.00|keepin_prop=0.65|keepin_zoom=1.350|speed|edge_zoom=0.750|bounds
524,1530.4,990.8,centroid,0.30,1441.6,540.0,1112.8,0.0,657.5,1168.9,1,178.1,1,1,shot_pb=1.00|flight_commit=1.00|keepin_prop=0.65|keepin_zoom=1.350|speed|edge_zoom=0.750|bounds
525,1513.5,989.5,centroid,0.30,1429.9,540.0,1101.1,0.0,657.5,1168.9,1,179.4,1,1,shot_pb=1.00|flight_commit=1.00|keepin_prop=0.64|keepin_zoom=1.350|speed|edge_zoom=0.750|bounds
526,1495.4,988.0,centroid,0.30,1417.3,540.0,1088.5,0.0,657.5,1168.9,1,180.9,1,1,shot_pb=1.00|flight_commit=1.00|keepin_prop=0.64|keepin_zoom=1.350|speed|edge_zoom=0.750|bounds
527,1476.1,986.4,centroid,0.30,1403.9,540.0,1075.2,0.0,657.5,1168.9,1,182.5,1,1,shot_pb=1.00|flight_commit=1.00|keepin_prop=0.63|keepin_zoom=1.350|speed|edge_zoom=0.750|bounds
528,1455.7,984.6,centroid,0.30,1389.8,540.0,1061.0,0.0,657.5,1168.9,1,184.3,1,1,shot_pb=1.00|flight_commit=1.00|keepin_prop=0.62|keepin_zoom=1.350|speed|edge_zoom=0.750|bounds
529,1434.3,982.7,centroid,0.30,1375.0,540.0,1046.2,0.0,657.5,1168.9,1,186.2,1,1,accel_zoom=0.944|shot_pb=1.00|flight_commit=1.00|keepin_prop=0.61|keepin_zoom=1.350|speed|edge_zoom=0.750|bounds
530,1411.9,980.6,centroid,0.30,1359.6,540.0,1030.8,0.0,657.5,1168.9,1,188.3,1,1,accel_zoom=0.942|shot_pb=1.00|flight_commit=1.00|keepin_prop=0.60|keepin_zoom=1.350|speed|edge_zoom=0.750|bounds
531,1388.7,978.4,centroid,0.30,1343.6,540.0,1014.9,0.0,657.5,1168.9,1,190.5,1,1,accel_zoom=0.941|shot_pb=1.00|flight_commit=1.00|keepin_prop=0.60|keepin_zoom=1.350|speed|edge_zoom=0.750|bounds
532,1364.8,976.1,centroid,0.30,1327.2,540.0,998.5,0.0,657.5,1168.9,1,192.8,1,1,accel_zoom=0.940|shot_pb=1.00|flight_commit=1.00|keepin_prop=0.59|keepin_zoom=1.350|speed|edge_zoom=0.750|bounds
533,1340.3,973.6,centroid,0.30,1310.5,540.0,981.7,0.0,657.5,1168.9,1,195.3,1,1,accel_zoom=0.939|shot_pb=1.00|flight_commit=1.00|keepin_prop=0.57|keepin_zoom=1.350|speed|edge_zoom=0.750|bounds
534,1315.3,971.0,centroid,0.30,1293.5,540.0,964.7,0.0,657.5,1168.9,1,197.9,1,1,accel_zoom=0.939|shot_pb=1.00|flight_commit=1.00|keepin_prop=0.56|keepin_zoom=1.350|speed|edge_zoom=0.750|bounds
535,1290.1,968.3,centroid,0.30,1276.3,540.0,947.5,0.0,657.5,1168.9,1,200.6,1,1,accel_zoom=0.939|shot_pb=1.00|flight_commit=1.00|keepin_prop=0.55|keepin_zoom=1.350|speed|edge_zoom=0.750|bounds
536,1264.8,965.5,centroid,0.30,1259.1,540.0,930.3,0.0,657.5,1168.9,1,203.4,1,1,shot_pb=1.00|flight_commit=1.00|keepin_prop=0.53|keepin_zoom=1.350|speed|edge_zoom=0.750|bounds
537,1239.5,962.6,centroid,0.30,1241.9,540.0,913.2,0.0,657.5,1168.9,1,206.3,1,1,shot_pb=1.00|flight_commit=1.00|keepin_prop=0.52|keepin_zoom=1.350|speed|edge_zoom=0.750|bounds
538,1214.6,959.6,centroid,0.30,1225.0,540.0,896.2,0.0,657.5,1168.9,1,209.3,1,1,shot_pb=1.00|flight_commit=1.00|keepin_prop=0.51|keepin_zoom=1.350|speed|edge_zoom=0.750|bounds
539,1190.1,956.6,centroid,0.30,1208.4,540.0,879.6,0.0,657.5,1168.9,1,212.3,1,1,shot_pb=1.00|flight_commit=1.00|keepin_prop=0.49|keepin_zoom=1.350|speed|edge_zoom=0.750|bounds
540,1166.3,953.5,centroid,0.30,1192.2,540.0,863.5,0.0,657.5,1168.9,1,215.4,1,1,flight_commit=1.00|keepin_prop=0.50|keepin_zoom=1.350|speed|edge_zoom=0.750|bounds
541,1143.4,950.3,centroid,0.30,1176.7,540.0,847.9,0.0,657.5,1168.9,1,218.6,1,1,shot_pb=1.00|flight_commit=1.00|keepin_prop=0.50|keepin_zoom=1.350|speed|edge_zoom=0.750|bounds
542,1121.7,947.1,centroid,0.30,1161.8,540.0,833.1,0.0,657.5,1168.9,1,221.8,1,1,shot_pb=1.00|flight_commit=1.00|keepin_prop=0.46|keepin_zoom=1.350|speed|edge_zoom=0.750|bounds
543,1101.4,943.9,centroid,0.30,1147.8,540.0,819.1,0.0,657.5,1168.9,1,225.0,1,1,shot_pb=1.00|flight_commit=1.00|keepin_prop=0.45|keepin_zoom=1.350|speed|edge_zoom=0.750|bounds
544,1082.7,940.7,centroid,0.30,1134.8,540.0,806.1,0.0,657.5,1168.9,1,228.2,1,1,shot_pb=1.00|flight_commit=1.00|keepin_prop=0.44|keepin_zoom=1.350|speed|edge_zoom=0.750|bounds
545,1065.9,937.5,centroid,0.30,1123.0,540.0,794.2,0.0,657.5,1168.9,1,231.4,1,1,shot_pb=1.00|flight_commit=1.00|keepin_prop=0.43|keepin_zoom=1.350|speed|edge_zoom=0.750|bounds
546,1051.1,934.4,centroid,0.30,1112.3,540.0,783.6,0.0,657.5,1168.9,1,234.5,1,1,shot_pb=1.00|flight_commit=1.00|keepin_prop=0.42|keepin_zoom=1.350|speed|edge_zoom=0.750|bounds
547,1038.5,931.4,centroid,0.30,1103.0,540.0,774.3,0.0,657.5,1168.9,1,237.5,1,1,shot_pb=1.00|flight_commit=1.00|keepin_prop=0.42|keepin_zoom=1.350|speed|edge_zoom=0.750|bounds
548,1028.4,928.4,centroid,0.30,1095.2,540.0,766.4,0.0,657.5,1168.9,1,237.2,1,1,shot_pb=1.00|flight_commit=1.00|keepin_prop=0.41|keepin_zoom=1.350|speed|edge_zoom=0.750|bounds
549,1020.8,925.5,centroid,0.30,1088.9,540.0,760.1,0.0,657.5,1168.9,1,235.9,1,1,shot_pb=1.00|flight_commit=1.00|keepin_prop=0.41|keepin_zoom=1.350|speed|edge_zoom=0.750|bounds
550,1015.9,922.8,centroid,0.30,1084.2,540.0,755.5,0.0,657.5,1168.9,1,235.7,1,1,shot_pb=1.00|flight_commit=1.00|keepin_prop=0.42|keepin_zoom=1.350|speed|edge_zoom=0.750|bounds
551,1013.9,920.1,centroid,0.30,1081.2,540.0,752.4,0.0,657.5,1168.9,1,236.7,1,1,shot_pb=1.00|flight_commit=1.00|keepin_prop=0.44|keepin_zoom=1.350|speed|edge_zoom=0.750|bounds
552,1014.6,917.6,centroid,0.30,1079.9,540.0,751.2,0.0,657.5,1168.9,1,238.7,1,1,shot_pb=1.00|flight_commit=1.00|keepin_prop=0.45|keepin_zoom=1.350|speed|edge_zoom=0.750|bounds
553,1018.3,915.3,centroid,0.30,1080.4,540.0,751.6,0.0,657.5,1168.9,1,241.9,1,1,shot_pb=1.00|flight_commit=1.00|keepin_prop=0.39|keepin_zoom=1.350|speed|edge_zoom=0.750|bounds
554,1024.8,913.2,centroid,0.30,1082.6,540.0,753.8,0.0,657.5,1168.9,1,246.2,1,1,shot_pb=1.00|flight_commit=1.00|keepin_prop=0.36|keepin_zoom=1.350|speed|edge_zoom=0.750|bounds
555,1034.0,911.3,centroid,0.30,1086.5,540.0,757.7,0.0,657.5,1168.9,1,251.5,1,1,shot_pb=1.00|flight_commit=1.00|keepin_prop=0.34|keepin_zoom=1.350|speed|edge_zoom=0.750|bounds
556,1046.0,909.6,centroid,0.30,1092.1,540.0,763.4,0.0,657.5,1168.9,1,257.9,1,1,shot_pb=1.00|flight_commit=1.00|keepin_prop=0.33|keepin_zoom=1.350|speed|edge_zoom=0.750|bounds
557,1060.5,908.2,centroid,0.30,1099.4,540.0,770.6,0.0,657.5,1168.9,1,260.7,1,1,shot_pb=1.00|flight_commit=1.00|keepin_prop=0.32|keepin_zoom=1.350|speed|edge_zoom=0.750|bounds
558,1077.3,907.0,centroid,0.30,1108.3,540.0,779.5,0.0,657.5,1168.9,1,261.9,1,1,shot_pb=1.00|flight_commit=1.00|keepin_prop=0.31|keepin_zoom=1.350|speed|edge_zoom=0.750|bounds
559,1096.3,906.2,centroid,0.30,1118.7,540.0,789.9,0.0,657.5,1168.9,1,262.7,1,1,shot_pb=1.00|flight_commit=1.00|keepin_prop=0.31|keepin_zoom=1.350|speed|edge_zoom=0.750|bounds
560,1117.2,905.7,centroid,0.30,1130.5,540.0,801.7,0.0,657.5,1168.9,1,263.2,1,1,shot_pb=1.00|flight_commit=1.00|keepin_prop=0.30|keepin_zoom=1.350|speed|edge_zoom=0.750|bounds
561,1139.7,905.5,centroid,0.30,1143.5,540.0,814.8,0.0,657.5,1168.9,1,263.4,1,1,flight_commit=1.00|keepin_prop=0.30|keepin_zoom=1.350|speed|edge_zoom=0.751|bounds
562,1163.6,905.8,centroid,0.30,1157.8,540.0,829.0,0.0,657.5,1168.9,1,263.1,1,1,flight_commit=1.00|keepin_prop=0.29|keepin_zoom=1.350|speed|edge_zoom=0.754|bounds
563,1188.6,906.5,centroid,0.30,1173.1,540.0,844.3,0.0,657.5,1168.9,1,262.4,1,1,flight_commit=1.00|keepin_prop=0.30|keepin_zoom=1.350|speed|edge_zoom=0.753|bounds
564,1214.4,907.6,centroid,0.30,1189.2,540.0,860.4,0.0,657.5,1168.9,1,261.3,1,1,shot_pb=1.00|flight_commit=1.00|keepin_prop=0.30|keepin_zoom=1.350|speed|edge_zoom=0.752|bounds
565,1240.7,909.1,centroid,0.30,1206.1,540.0,877.3,0.0,657.5,1168.9,1,259.8,1,1,accel_zoom=0.944|shot_pb=1.00|flight_commit=1.00|keepin_prop=0.31|keepin_zoom=1.350|speed|edge_zoom=0.750|bounds
566,1267.3,911.1,centroid,0.30,1223.5,540.0,894.7,0.0,657.5,1168.9,1,257.8,1,1,accel_zoom=0.941|shot_pb=1.00|flight_commit=1.00|keepin_prop=0.31|keepin_zoom=1.350|speed|edge_zoom=0.750|bounds
567,1293.9,913.5,centroid,0.30,1241.4,540.0,912.6,0.0,657.5,1168.9,1,251.5,1,1,accel_zoom=0.939|shot_pb=1.00|flight_commit=1.00|keepin_prop=0.32|keepin_zoom=1.350|speed|edge_zoom=0.750|bounds
568,1320.2,916.4,centroid,0.30,1259.5,540.0,930.7,0.0,657.5,1168.9,1,243.3,1,1,accel_zoom=0.938|shot_pb=1.00|flight_commit=1.00|keepin_prop=0.33|keepin_zoom=1.350|speed|edge_zoom=0.750|bounds
569,1346.1,919.6,centroid,0.30,1277.8,540.0,949.0,0.0,657.5,1168.9,1,235.7,1,1,accel_zoom=0.938|shot_pb=1.00|flight_commit=1.00|keepin_prop=0.34|keepin_zoom=1.350|speed|edge_zoom=0.750|bounds
570,1371.4,923.2,centroid,0.30,1296.0,540.0,967.2,0.0,657.5,1168.9,1,228.6,1,1,accel_zoom=0.938|shot_pb=1.00|flight_commit=1.00|keepin_prop=0.35|keepin_zoom=1.350|speed|edge_zoom=0.750|bounds
571,1396.0,927.1,centroid,0.30,1314.1,540.0,985.4,0.0,657.5,1168.9,1,222.1,1,1,accel_zoom=0.938|shot_pb=1.00|flight_commit=1.00|keepin_prop=0.36|keepin_zoom=1.350|speed|edge_zoom=0.750|bounds
572,1419.7,931.2,centroid,0.30,1332.0,540.0,1003.2,0.0,657.5,1168.9,1,216.3,1,1,accel_zoom=0.938|shot_pb=1.00|flight_commit=1.00|keepin_prop=0.37|keepin_zoom=1.350|speed|edge_zoom=0.750|bounds
573,1442.4,935.4,centroid,0.30,1349.4,540.0,1020.7,0.0,657.5,1168.9,1,211.0,1,1,shot_pb=1.00|flight_commit=1.00|keepin_prop=0.38|keepin_zoom=1.350|speed|edge_zoom=0.750|bounds
574,1464.1,939.7,centroid,0.30,1366.5,540.0,1037.7,0.0,657.5,1168.9,1,206.4,1,1,shot_pb=1.00|flight_commit=1.00|keepin_prop=0.40|keepin_zoom=1.350|speed|edge_zoom=0.750|bounds
575,1484.6,944.1,centroid,0.30,1383.0,540.0,1054.2,0.0,657.5,1168.9,1,202.4,1,1,shot_pb=1.00|flight_commit=1.00|keepin_prop=0.41|keepin_zoom=1.350|speed|edge_zoom=0.750|bounds
576,1504.1,948.4,centroid,0.30,1398.9,540.0,1070.1,0.0,657.5,1168.9,1,198.8,1,1,shot_pb=1.00|flight_commit=1.00|keepin_prop=0.43|keepin_zoom=1.350|speed|edge_zoom=0.750|bounds
577,1522.5,952.6,centroid,0.30,1414.1,540.0,1085.4,0.0,657.5,1168.9,1,195.6,1,1,shot_pb=1.00|flight_commit=1.00|keepin_prop=0.44|keepin_zoom=1.350|speed|edge_zoom=0.750|bounds
578,1539.9,956.6,centroid,0.30,1428.7,540.0,1099.9,0.0,657.5,1168.9,1,192.8,1,1,shot_pb=1.00|flight_commit=1.00|keepin_prop=0.46|keepin_zoom=1.350|speed|edge_zoom=0.750|bounds
579,1556.1,960.5,centroid,0.30,1442.5,540.0,1113.8,0.0,657.5,1168.9,1,190.4,1,1,shot_pb=1.00|flight_commit=1.00|keepin_prop=0.47|keepin_zoom=1.350|speed|edge_zoom=0.750|bounds
580,1571.4,964.1,centroid,0.30,1455.7,540.0,1126.9,0.0,657.5,1168.9,1,188.3,1,1,shot_pb=1.00|flight_commit=1.00|keepin_prop=0.49|keepin_zoom=1.350|speed|edge_zoom=0.750|bounds
581,1585.6,967.4,centroid,0.30,1468.0,540.0,1139.3,0.0,657.5,1168.9,1,186.4,1,1,shot_pb=1.00|flight_commit=1.00|keepin_prop=0.50|keepin_zoom=1.350|speed|edge_zoom=0.750|bounds
582,1598.9,970.4,centroid,0.30,1479.7,540.0,1150.9,0.0,657.5,1168.9,1,184.8,1,1,shot_pb=1.00|flight_commit=1.00|keepin_prop=0.52|keepin_zoom=1.350|speed|edge_zoom=0.750|bounds
583,1611.3,973.1,centroid,0.30,1490.5,540.0,1161.8,0.0,657.5,1168.9,1,183.2,1,1,shot_pb=1.00|flight_commit=1.00|keepin_prop=0.53|keepin_zoom=1.350|speed|edge_zoom=0.750|bounds
584,1622.8,975.5,centroid,0.30,1500.7,540.0,1171.9,0.0,657.5,1168.9,1,181.9,1,1,shot_pb=1.00|flight_commit=1.00|keepin_prop=0.54|keepin_zoom=1.350|speed|edge_zoom=0.750|bounds
585,1633.5,977.5,centroid,0.30,1510.1,540.0,1181.4,0.0,657.5,1168.9,1,180.6,1,1,shot_pb=1.00|flight_commit=1.00|keepin_prop=0.55|keepin_zoom=1.350|speed|edge_zoom=0.750|bounds
586,1643.3,979.2,centroid,0.30,1518.9,540.0,1190.1,0.0,657.5,1168.9,1,179.6,1,1,shot_pb=1.00|flight_commit=1.00|keepin_prop=0.56|keepin_zoom=1.350|speed|edge_zoom=0.750|bounds
587,1652.4,980.6,centroid,0.30,1526.9,540.0,1198.2,0.0,657.5,1168.9,1,178.5,1,1,shot_pb=1.00|flight_commit=1.00|keepin_prop=0.57|keepin_zoom=1.350|speed|edge_zoom=0.750|bounds
588,1660.7,981.5,centroid,0.30,1534.3,540.0,1205.6,0.0,657.5,1168.9,1,177.6,1,1,shot_pb=1.00|flight_commit=1.00|pb_zfit|keepin_prop=0.58|keepin_zoom=1.350|speed|edge_zoom=0.750|bounds
589,1668.3,982.1,centroid,0.30,1541.1,540.0,1212.3,0.0,657.5,1168.9,1,176.8,1,1,shot_pb=1.00|flight_commit=1.00|pb_zfit|keepin_prop=0.59|keepin_zoom=1.350|speed|edge_zoom=0.750|bounds
590,1675.2,982.3,centroid,0.30,1547.2,540.0,1218.4,0.0,657.5,1168.9,1,176.0,1,1,shot_pb=1.00|flight_commit=1.00|pb_zfit|keepin_prop=0.59|keepin_zoom=1.350|speed|edge_zoom=0.750|bounds
591,1681.4,982.2,centroid,0.30,1552.7,540.0,1223.9,0.0,657.5,1168.9,1,175.3,1,1,shot_pb=1.00|flight_commit=1.00|pb_zfit|keepin_prop=0.60|keepin_zoom=1.350|speed|edge_zoom=0.750|bounds
592,1686.9,981.7,centroid,0.30,1557.6,540.0,1228.9,0.0,657.5,1168.9,1,174.7,1,1,shot_pb=1.00|flight_commit=1.00|pb_zfit|keepin_prop=0.61|keepin_zoom=1.350|speed|edge_zoom=0.750|bounds
593,1691.8,980.8,centroid,0.30,1561.9,540.0,1233.2,0.0,657.5,1168.9,1,174.1,1,1,shot_pb=1.00|flight_commit=1.00|pb_zfit|keepin_prop=0.62|keepin_zoom=1.350|speed|edge_zoom=0.750|bounds
594,1695.9,979.4,centroid,0.30,1565.7,540.0,1236.9,0.0,657.5,1168.9,1,173.8,1,1,shot_pb=1.00|flight_commit=1.00|pb_zfit|keepin_prop=0.63|keepin_zoom=1.350|speed|edge_zoom=0.750|bounds
595,1699.4,977.7,centroid,0.30,1568.8,540.0,1240.1,0.0,657.5,1168.9,1,173.4,1,1,shot_pb=1.00|flight_commit=1.00|pb_zfit|keepin_prop=0.64|keepin_zoom=1.350|speed|edge_zoom=0.750|bounds
596,1702.3,975.5,centroid,0.30,1571.4,540.0,1242.6,0.0,657.5,1168.9,1,173.1,1,1,shot_pb=1.00|flight_commit=1.00|pb_zfit|keepin_prop=0.66|keepin_zoom=1.350|speed|edge_zoom=0.750|bounds
597,1704.4,972.9,centroid,0.30,1573.4,540.0,1244.7,0.0,657.5,1168.9,1,173.0,1,1,shot_pb=1.00|flight_commit=1.00|pb_zfit|keepin_prop=0.67|keepin_zoom=1.350|speed|edge_zoom=0.750|bounds
598,1705.9,969.8,centroid,0.30,1574.9,540.0,1246.1,0.0,657.5,1168.9,1,173.0,1,1,shot_pb=1.00|flight_commit=1.00|pb_zfit|keepin_prop=0.68|keepin_zoom=1.350|speed|edge_zoom=0.750|bounds
599,1706.7,966.2,centroid,0.30,1575.7,540.0,1246.9,0.0,657.5,1168.9,1,173.0,1,1,shot_pb=1.00|flight_commit=1.00|pb_zfit|keepin_prop=0.67|keepin_zoom=1.350|speed|edge_zoom=0.750|bounds
600,1706.7,962.1,centroid,0.30,1575.9,540.0,1247.2,0.0,657.5,1168.9,1,173.2,1,1,shot_pb=1.00|flight_commit=1.00|pb_zfit|keepin_prop=0.66|keepin_zoom=1.350|speed|edge_zoom=0.750|bounds
601,1706.0,957.4,centroid,0.30,1575.5,540.0,1246.8,0.0,657.5,1168.9,1,173.5,1,1,shot_pb=1.00|flight_commit=1.00|pb_zfit|keepin_prop=0.63|keepin_zoom=1.350|speed|edge_zoom=0.750|bounds
602,1704.6,952.0,centroid,0.30,1574.5,540.0,1245.7,0.0,657.5,1168.9,1,173.9,1,1,shot_pb=1.00|flight_commit=1.00|pb_zfit|keepin_prop=0.60|keepin_zoom=1.350|speed|edge_zoom=0.750|bounds
603,1702.4,946.1,centroid,0.30,1572.8,540.0,1244.0,0.0,657.5,1168.9,1,174.4,1,1,shot_pb=1.00|flight_commit=1.00|pb_zfit|keepin_prop=0.57|keepin_zoom=1.350|speed|edge_zoom=0.750|bounds
604,1699.2,939.4,centroid,0.30,1570.2,540.0,1241.5,0.0,657.5,1168.9,1,175.0,1,1,shot_pb=1.00|flight_commit=1.00|pb_zfit|keepin_prop=0.54|keepin_zoom=1.350|speed|edge_zoom=0.750|bounds
605,1695.2,932.0,centroid,0.30,1566.9,540.0,1238.1,0.0,657.5,1168.9,1,175.7,1,1,shot_pb=1.00|flight_commit=1.00|pb_zfit|keepin_prop=0.50|keepin_zoom=1.350|speed|edge_zoom=0.750|bounds
606,1690.1,923.8,centroid,0.30,1562.6,540.0,1233.8,0.0,657.5,1168.9,1,176.5,1,1,shot_pb=1.00|flight_commit=1.00|pb_zfit|keepin_prop=0.47|keepin_zoom=1.350|speed|edge_zoom=0.750|bounds
607,1683.9,914.8,centroid,0.30,1557.2,540.0,1228.5,0.0,657.5,1168.9,1,177.3,1,1,shot_pb=1.00|flight_commit=1.00|pb_zfit|keepin_prop=0.43|keepin_zoom=1.350|speed|edge_zoom=0.750|bounds
608,1676.5,904.8,centroid,0.30,1550.6,540.0,1221.8,0.0,657.5,1168.9,1,178.1,1,1,shot_pb=1.00|flight_commit=1.00|pb_zfit|keepin_prop=0.39|keepin_zoom=1.350|speed|edge_zoom=0.750|bounds
609,1667.7,893.9,centroid,0.30,1542.6,540.0,1213.8,0.0,657.5,1168.9,1,178.9,1,1,shot_pb=1.00|flight_commit=1.00|pb_zfit|keepin_prop=0.35|keepin_zoom=1.350|speed|edge_zoom=0.750|bounds
610,1657.4,882.0,centroid,0.30,1532.9,540.0,1204.2,0.0,657.5,1168.9,1,179.5,1,1,shot_pb=1.00|flight_commit=1.00|pb_zfit|keepin_prop=0.31|keepin_zoom=1.350|speed|edge_zoom=0.750|bounds
611,1645.3,869.0,centroid,0.30,1521.5,540.0,1192.7,0.0,657.5,1168.9,1,180.2,1,1,shot_pb=1.00|flight_commit=1.00|pb_zfit|keepin_prop=0.26|keepin_zoom=1.350|speed|edge_zoom=0.767|bounds
612,1631.4,854.8,centroid,0.30,1508.1,540.0,1179.3,0.0,657.5,1168.9,1,180.7,1,1,shot_pb=1.00|flight_commit=1.00|keepin_prop=0.22|keepin_zoom=1.350|speed|edge_zoom=0.785|bounds
613,1615.3,839.3,centroid,0.30,1492.4,540.0,1163.7,0.0,657.5,1168.9,1,181.1,1,1,shot_pb=1.00|flight_commit=1.00|keepin_prop=0.18|keepin_zoom=1.350|speed|edge_zoom=0.803|bounds
614,1596.7,822.5,centroid,0.30,1474.5,540.0,1145.8,0.0,657.5,1168.8,1,181.8,1,1,shot_pb=1.00|flight_commit=1.00|keepin_prop=0.14|keepin_zoom=1.350|speed|edge_zoom=0.820|bounds
615,1575.3,804.2,centroid,0.30,1454.3,540.0,1125.6,0.0,657.4,1168.7,1,183.0,1,1,shot_pb=1.00|flight_commit=1.00|keepin_prop=0.10|keepin_zoom=1.350|speed|edge_zoom=0.836|bounds
616,1550.8,784.4,centroid,0.30,1431.9,540.0,1103.2,0.0,657.3,1168.6,1,185.1,1,1,shot_pb=1.00|flight_commit=1.00|keepin_prop=0.07|keepin_zoom=1.350|speed|edge_zoom=0.851|bounds
617,1522.7,762.8,centroid,0.30,1407.5,540.0,1078.8,0.0,657.2,1168.4,1,188.8,1,1,shot_pb=1.00|flight_commit=1.00|keepin_prop=0.04|keepin_zoom=1.350|speed|edge_zoom=0.863|bounds
618,1490.6,739.4,centroid,0.30,1381.3,540.0,1052.7,0.0,657.1,1168.2,1,194.7,1,1,shot_pb=1.00|flight_commit=1.00|keepin_prop=0.01|keepin_zoom=1.350|speed|edge_zoom=0.872|bounds
619,1424.3,696.4,blended,0.71,1353.8,540.0,1025.3,0.0,656.9,1167.9,1,233.5,0,0,shot_pb=1.00|flight_commit=1.00|flight_boost=1.04|edge_zoom=0.896|bounds
620,1389.4,673.9,blended,0.71,1325.5,540.0,997.1,0.0,656.7,1167.5,1,240.1,0,0,shot_pb=1.00|flight_commit=1.00|flight_boost=1.09|edge_zoom=0.904|bounds
621,1350.2,650.2,interp,0.38,1296.8,540.0,968.5,0.0,656.5,1167.1,1,250.6,0,0,shot_pb=1.00|flight_commit=1.00|flight_boost=1.13|edge_zoom=0.912|bounds
622,1320.0,632.6,interp,0.38,1268.2,540.0,940.1,0.0,656.2,1166.5,1,252.2,0,0,shot_pb=1.00|flight_commit=1.00|flight_boost=1.14|edge_zoom=0.919|bounds
623,1292.4,617.4,interp,0.38,1240.3,540.0,912.4,0.0,655.9,1166.0,1,251.9,0,0,shot_pb=1.00|flight_commit=1.00|flight_boost=1.13|edge_zoom=0.924|bounds
624,1266.8,604.1,interp,0.38,1213.3,540.0,885.5,0.0,655.5,1165.4,1,250.5,0,0,shot_pb=1.00|flight_commit=1.00|flight_boost=1.10|edge_zoom=0.928|bounds
625,1243.0,592.8,interp,0.38,1187.5,540.0,859.9,0.0,655.2,1164.7,1,248.5,0,1,shot_pb=1.00|flight_commit=1.00|keepin_prop=0.01|keepin_zoom=1.350|edge_zoom=0.916|bounds
626,1220.6,583.0,interp,0.38,1162.9,540.0,835.5,0.0,654.8,1164.1,1,246.3,0,0,shot_pb=1.00|flight_commit=1.00|edge_zoom=0.934|bounds
627,1199.3,574.7,interp,0.38,1139.7,540.0,812.5,0.0,654.5,1163.5,1,244.4,0,1,shot_pb=1.00|flight_commit=1.00|keepin_prop=0.00|keepin_zoom=1.350|edge_zoom=0.924|bounds
628,1178.8,567.7,interp,0.38,1117.7,540.0,790.6,0.0,654.2,1163.0,1,242.9,0,0,shot_pb=1.00|flight_commit=1.00|edge_zoom=0.937|bounds
629,1158.9,561.9,interp,0.38,1096.8,540.0,769.8,0.0,653.9,1162.6,1,241.9,0,1,shot_pb=1.00|flight_commit=1.00|keepin_prop=0.00|keepin_zoom=1.350|edge_zoom=0.928|bounds
630,1139.2,557.2,interp,0.38,1076.7,540.0,749.8,0.0,653.7,1162.2,1,241.5,0,0,shot_pb=1.00|flight_commit=1.00|edge_zoom=0.938|bounds
631,1119.5,553.5,interp,0.38,1057.2,540.0,730.4,0.0,653.6,1162.0,1,241.7,0,1,shot_pb=1.00|flight_commit=1.00|keepin_prop=0.00|keepin_zoom=1.350|edge_zoom=0.932|bounds
632,1103.7,551.7,blended,0.75,1038.3,540.0,711.5,0.0,653.5,1161.8,1,238.6,0,0,shot_pb=1.00|flight_commit=1.00|edge_zoom=0.936|bounds
633,1081.4,550.1,blended,0.73,1019.7,540.0,693.0,0.0,653.5,1161.8,1,242.3,0,1,shot_pb=1.00|flight_commit=1.00|keepin_prop=0.00|keepin_zoom=1.350|edge_zoom=0.933|bounds
634,1052.6,547.4,interp,0.38,1001.4,540.0,674.6,0.0,653.6,1161.9,1,252.8,0,0,shot_pb=1.00|flight_commit=1.00|edge_zoom=0.937|bounds
635,1029.3,546.4,interp,0.38,983.3,540.0,656.5,0.0,653.7,1162.1,1,258.0,0,1,shot_pb=1.00|flight_commit=1.00|keepin_prop=0.00|keepin_zoom=1.350|edge_zoom=0.934|bounds
636,997.1,547.3,interp,0.38,965.5,540.0,638.6,0.0,653.8,1162.3,1,272.4,0,0,shot_pb=1.00|flight_commit=1.00|edge_zoom=0.933|bounds
637,971.5,547.7,interp,0.38,948.0,540.0,621.0,0.0,654.0,1162.6,1,280.5,0,0,shot_pb=1.00|flight_commit=1.00|edge_zoom=0.933|bounds
638,947.0,548.3,interp,0.38,930.9,540.0,603.8,0.0,654.2,1163.0,1,287.9,0,1,shot_pb=1.00|flight_commit=1.00|keepin_prop=0.02|keepin_zoom=1.350|edge_zoom=0.931|bounds
639,923.6,549.2,interp,0.38,914.2,540.0,587.0,0.0,654.4,1163.4,1,294.6,0,0,shot_pb=1.00|flight_commit=1.00|edge_zoom=0.932|bounds
640,901.6,550.2,interp,0.38,898.2,540.0,570.8,0.0,654.7,1163.9,1,300.6,0,1,shot_pb=1.00|flight_commit=1.00|keepin_prop=0.01|keepin_zoom=1.350|edge_zoom=0.932|bounds
641,880.8,551.3,interp,0.38,882.8,540.0,555.3,0.0,654.9,1164.3,1,302.0,0,0,shot_pb=1.00|flight_commit=1.00|edge_zoom=0.931|bounds
642,861.4,552.5,interp,0.38,868.2,540.0,540.6,0.0,655.2,1164.8,1,297.2,0,1,shot_pb=1.00|flight_commit=1.00|keepin_prop=0.00|keepin_zoom=1.350|edge_zoom=0.931|bounds
643,843.4,553.7,interp,0.38,854.6,540.0,526.8,0.0,655.4,1165.2,1,292.8,0,0,shot_pb=1.00|flight_commit=1.00|edge_zoom=0.929|bounds
644,826.7,554.9,interp,0.38,842.0,540.0,514.1,0.0,655.7,1165.7,1,288.7,0,1,shot_pb=1.00|flight_commit=1.00|keepin_prop=0.01|keepin_zoom=1.350|edge_zoom=0.930|bounds
645,811.3,556.1,interp,0.38,830.6,540.0,502.7,0.0,655.9,1166.1,1,284.7,0,0,shot_pb=1.00|flight_commit=1.00|edge_zoom=0.928|bounds
646,797.2,557.3,interp,0.38,820.6,540.0,492.6,0.0,656.1,1166.5,1,280.6,0,1,shot_pb=1.00|flight_commit=1.00|keepin_prop=0.01|keepin_zoom=1.350|edge_zoom=0.928|bounds
647,784.5,558.4,interp,0.38,812.2,540.0,484.0,0.0,656.3,1166.8,1,276.3,0,0,shot_pb=1.00|flight_commit=1.00|edge_zoom=0.927|bounds
648,773.1,559.5,interp,0.38,805.5,540.0,477.2,0.0,656.5,1167.2,1,271.6,0,1,shot_pb=1.00|flight_commit=1.00|keepin_prop=0.03|keepin_zoom=1.350|edge_zoom=0.926|bounds
649,763.0,560.5,interp,0.38,800.7,540.0,472.4,0.0,656.7,1167.4,1,266.3,0,0,shot_pb=1.00|flight_commit=1.00|edge_zoom=0.926|bounds
650,754.1,561.5,interp,0.38,798.0,540.0,469.6,0.0,656.8,1167.7,1,260.1,0,1,shot_pb=1.00|flight_commit=1.00|keepin_prop=0.04|keepin_zoom=1.350|edge_zoom=0.923|bounds
651,746.5,562.3,interp,0.38,797.6,540.0,469.2,0.0,656.9,1167.8,1,252.9,0,0,shot_pb=1.00|flight_commit=1.00|edge_zoom=0.924|bounds
652,740.3,563.1,interp,0.38,799.6,540.0,471.1,0.0,657.0,1168.0,1,244.7,0,1,shot_pb=1.00|flight_commit=1.00|keepin_prop=0.06|keepin_zoom=1.350|edge_zoom=0.920|bounds
653,735.3,563.8,interp,0.38,803.9,540.0,475.4,0.0,657.0,1168.1,1,235.4,0,1,shot_pb=1.00|flight_commit=1.00|keepin_prop=0.00|keepin_zoom=1.350|edge_zoom=0.928|bounds
654,731.6,564.4,interp,0.38,810.7,540.0,482.1,0.0,657.0,1168.1,1,224.9,0,0,shot_pb=1.00|flight_commit=1.00|edge_zoom=0.922|bounds
655,729.3,564.9,interp,0.38,819.7,540.0,491.2,0.0,657.0,1168.0,1,213.6,0,1,shot_pb=1.00|flight_commit=1.00|keepin_prop=0.03|keepin_zoom=1.350|edge_zoom=0.923|bounds
656,728.4,565.3,interp,0.38,830.7,540.0,502.3,0.0,656.9,1167.9,1,201.7,0,0,shot_pb=1.00|flight_commit=1.00|edge_zoom=0.913|bounds
657,729.0,565.6,interp,0.38,843.7,540.0,515.2,0.0,656.8,1167.7,1,189.3,0,0,shot_pb=1.00|flight_commit=1.00|edge_zoom=0.911|bounds
658,731.1,565.8,interp,0.38,858.1,540.0,529.8,0.0,656.7,1167.5,1,177.0,0,0,shot_pb=1.00|flight_commit=1.00|edge_zoom=0.924|bounds
659,734.8,565.9,interp,0.38,873.8,540.0,545.6,0.0,656.5,1167.2,1,165.0,0,0,shot_pb=1.00|flight_commit=1.00|edge_zoom=0.926|bounds
660,740.3,565.9,interp,0.38,890.5,540.0,562.3,0.0,656.4,1166.9,1,153.8,0,1,shot_pb=1.00|flight_commit=1.00|keepin_prop=0.02|keepin_zoom=1.350|edge_zoom=0.924|bounds
661,747.7,565.7,interp,0.38,907.9,540.0,579.8,0.0,656.1,1166.5,1,143.8,0,0,shot_pb=1.00|flight_commit=1.00|edge_zoom=0.928|bounds
662,757.2,565.4,interp,0.38,925.9,540.0,597.9,0.0,655.9,1166.1,1,135.3,0,1,shot_pb=1.00|flight_commit=1.00|keepin_prop=0.04|keepin_zoom=1.350|edge_zoom=0.921|bounds
663,768.9,564.9,interp,0.38,944.2,540.0,616.4,0.0,655.7,1165.6,1,128.7,0,0,shot_pb=1.00|flight_commit=1.00|edge_zoom=0.929|bounds
664,783.2,564.3,interp,0.38,963.0,540.0,635.3,0.0,655.4,1165.2,1,124.2,0,1,shot_pb=1.00|flight_commit=1.00|keepin_prop=0.04|keepin_zoom=1.350|edge_zoom=0.923|bounds
665,800.1,563.5,interp,0.38,982.0,540.0,654.4,0.0,655.1,1164.7,1,122.1,0,0,shot_pb=1.00|flight_commit=1.00|edge_zoom=0.930|bounds
666,820.2,562.5,interp,0.38,1001.3,540.0,673.9,0.0,654.9,1164.2,1,122.9,0,1,shot_pb=1.00|flight_commit=1.00|keepin_prop=0.02|keepin_zoom=1.350|edge_zoom=0.926|bounds
667,843.6,561.2,interp,0.38,1020.9,540.0,693.6,0.0,654.6,1163.7,1,126.7,0,0,shot_pb=1.00|flight_commit=1.00|edge_zoom=0.931|bounds
668,870.9,559.7,interp,0.38,1040.7,540.0,713.6,0.0,654.4,1163.3,1,134.2,0,1,shot_pb=1.00|flight_commit=1.00|keepin_prop=0.00|keepin_zoom=1.350|edge_zoom=0.929|bounds
669,902.4,558.0,interp,0.38,1060.7,540.0,733.6,0.0,654.2,1162.9,1,145.7,0,0,shot_pb=1.00|flight_commit=1.00|edge_zoom=0.932|bounds
670,975.4,553.3,interp,0.38,1080.6,540.0,753.6,0.0,654.0,1162.6,1,198.8,0,0,shot_pb=1.00|flight_commit=1.00|edge_zoom=0.934|bounds
671,1008.2,551.6,interp,0.38,1100.3,540.0,773.3,0.0,653.8,1162.4,1,211.9,0,0,shot_pb=1.00|flight_commit=1.00|edge_zoom=0.934|bounds
672,1037.5,550.2,interp,0.38,1119.6,540.0,792.7,0.0,653.7,1162.2,1,221.9,0,1,shot_pb=1.00|flight_commit=1.00|keepin_prop=0.01|keepin_zoom=1.350|edge_zoom=0.932|bounds
673,1063.8,549.2,interp,0.38,1138.4,540.0,811.6,0.0,653.7,1162.1,1,229.4,0,0,shot_pb=1.00|flight_commit=1.00|edge_zoom=0.935|bounds
674,1087.3,548.3,interp,0.38,1156.5,540.0,829.7,0.0,653.7,1162.1,1,234.8,0,1,shot_pb=1.00|flight_commit=1.00|keepin_prop=0.00|keepin_zoom=1.350|edge_zoom=0.934|bounds
675,1108.4,547.7,interp,0.38,1173.7,540.0,846.9,0.0,653.7,1162.1,1,238.7,0,0,shot_pb=1.00|flight_commit=1.00|edge_zoom=0.935|bounds
676,1127.4,547.2,interp,0.38,1190.0,540.0,863.1,0.0,653.8,1162.2,1,241.4,0,1,shot_pb=1.00|flight_commit=1.00|keepin_prop=0.00|keepin_zoom=1.350|edge_zoom=0.934|bounds
677,1144.5,546.9,interp,0.38,1205.2,540.0,878.3,0.0,653.8,1162.4,1,243.3,0,0,shot_pb=1.00|flight_commit=1.00|edge_zoom=0.935|bounds
678,1159.9,546.7,interp,0.38,1219.3,540.0,892.3,0.0,654.0,1162.6,1,244.6,0,1,shot_pb=1.00|flight_commit=1.00|keepin_prop=0.01|keepin_zoom=1.350|edge_zoom=0.933|bounds
679,1173.7,546.7,interp,0.38,1232.3,540.0,905.2,0.0,654.1,1162.8,1,245.4,0,0,shot_pb=1.00|flight_commit=1.00|edge_zoom=0.934|bounds
680,1186.3,546.8,interp,0.38,1244.2,540.0,917.0,0.0,654.2,1163.1,1,246.1,0,1,shot_pb=1.00|flight_commit=1.00|keepin_prop=0.02|keepin_zoom=1.350|edge_zoom=0.932|bounds
681,1197.6,546.9,interp,0.38,1254.9,540.0,927.7,0.0,654.4,1163.4,1,246.7,0,0,shot_pb=1.00|flight_commit=1.00|edge_zoom=0.934|bounds
682,1207.8,547.2,interp,0.38,1264.6,540.0,937.3,0.0,654.6,1163.7,1,247.2,0,1,shot_pb=1.00|flight_commit=1.00|keepin_prop=0.03|keepin_zoom=1.350|edge_zoom=0.930|bounds
683,1217.1,547.5,interp,0.38,1273.2,540.0,945.8,0.0,654.8,1164.0,1,247.9,0,0,shot_pb=1.00|flight_commit=1.00|edge_zoom=0.933|bounds
684,1225.5,547.9,interp,0.38,1280.8,540.0,953.3,0.0,654.9,1164.3,1,248.7,0,1,shot_pb=1.00|flight_commit=1.00|keepin_prop=0.05|keepin_zoom=1.350|edge_zoom=0.928|bounds
685,1233.2,548.3,interp,0.38,1287.3,540.0,959.8,0.0,655.1,1164.6,1,249.9,0,0,shot_pb=1.00|flight_commit=1.00|edge_zoom=0.932|bounds
686,1240.1,548.9,interp,0.38,1292.9,540.0,965.3,0.0,655.2,1164.8,1,251.2,0,1,shot_pb=1.00|flight_commit=1.00|keepin_prop=0.06|keepin_zoom=1.350|edge_zoom=0.926|bounds
687,1246.4,549.5,interp,0.38,1297.4,540.0,969.8,0.0,655.2,1164.8,1,253.0,0,1,shot_pb=1.00|flight_commit=1.00|keepin_prop=0.00|keepin_zoom=1.350|edge_zoom=0.933|bounds
688,1252.2,550.1,interp,0.38,1300.9,540.0,973.3,0.0,655.1,1164.7,1,255.3,0,0,shot_pb=1.00|flight_commit=1.00|edge_zoom=0.929|bounds
689,1257.4,550.9,interp,0.38,1303.2,540.0,975.8,0.0,654.9,1164.3,1,258.2,0,1,shot_pb=1.00|flight_commit=1.00|keepin_prop=0.03|keepin_zoom=1.350|edge_zoom=0.929|bounds
690,1262.2,551.7,interp,0.38,1304.3,540.0,977.1,0.0,654.6,1163.7,1,261.9,0,0,shot_pb=1.00|flight_commit=1.00|edge_zoom=0.927|bounds
691,1266.6,552.6,interp,0.38,1304.1,540.0,977.1,0.0,654.0,1162.7,1,266.5,0,1,shot_pb=1.00|flight_commit=1.00|keepin_prop=0.05|keepin_zoom=1.350|edge_zoom=0.925|bounds
692,1270.6,553.6,interp,0.38,1302.4,540.0,975.7,0.0,653.3,1161.5,1,272.2,0,1,shot_pb=1.00|flight_commit=1.00|keepin_prop=0.00|keepin_zoom=1.350|edge_zoom=0.932|bounds
693,1274.3,554.7,interp,0.38,1299.1,540.0,972.8,0.0,652.5,1160.0,1,279.2,0,0,shot_pb=1.00|flight_commit=1.00|edge_zoom=0.922|bounds
694,1277.8,555.9,interp,0.38,1294.2,540.0,968.4,0.0,651.5,1158.2,1,287.6,0,1,shot_pb=1.00|flight_commit=1.00|keepin_prop=0.02|keepin_zoom=1.350|edge_zoom=0.928|bounds
695,1285.2,562.3,blended,0.66,1287.6,540.0,962.4,0.0,650.5,1156.4,1,301.6,0,0,shot_pb=1.00|flight_commit=1.00|edge_zoom=0.906|bounds
696,1287.3,561.3,blended,0.68,1279.6,540.0,954.8,0.0,649.5,1154.6,1,296.3,0,1,shot_pb=1.00|flight_commit=1.00|keepin_prop=0.01|keepin_zoom=1.350|edge_zoom=0.927|bounds
697,1288.5,560.5,blended,0.67,1270.2,540.0,945.9,0.0,648.6,1153.0,1,285.7,0,0,shot_pb=1.00|flight_commit=1.00|edge_zoom=0.948|bounds
698,1286.5,557.2,blended,0.73,1259.7,540.0,935.8,0.0,647.8,1151.6,1,277.2,0,0,shot_pb=1.00|flight_commit=1.00|edge_zoom=0.959|bounds
699,1284.6,555.2,blended,0.75,1248.4,540.0,924.8,0.0,647.3,1150.7,1,267.8,0,0,shot_pb=1.00|flight_commit=1.00|edge_zoom=0.956|bounds
700,1281.8,552.0,yolo,0.28,1236.8,540.0,913.3,0.0,647.0,1150.1,1,259.0,0,0,shot_pb=1.00|flight_commit=1.00|edge_zoom=0.958|bounds
701,1279.1,550.4,interp,0.38,1225.1,540.0,901.6,0.0,646.9,1150.1,1,250.0,0,0,shot_pb=1.00|flight_commit=1.00|edge_zoom=0.951|bounds
702,1276.0,548.8,interp,0.38,1213.8,540.0,890.2,0.0,647.1,1150.3,1,241.8,0,1,shot_pb=1.00|flight_commit=1.00|keepin_prop=0.00|keepin_zoom=1.350|edge_zoom=0.933|bounds
703,1272.6,547.4,interp,0.38,1203.1,540.0,879.4,0.0,647.3,1150.8,1,234.5,0,0,shot_pb=1.00|flight_commit=1.00|edge_zoom=0.948|bounds
704,1269.1,546.0,interp,0.38,1193.3,540.0,869.4,0.0,647.7,1151.5,1,228.2,0,1,shot_pb=1.00|flight_commit=1.00|keepin_prop=0.03|keepin_zoom=1.350|edge_zoom=0.931|bounds
705,1265.3,544.8,interp,0.38,1184.6,540.0,860.5,0.0,648.1,1152.2,1,223.3,0,0,shot_pb=1.00|flight_commit=1.00|edge_zoom=0.946|bounds
706,1261.4,543.6,interp,0.38,1177.1,540.0,852.9,0.0,648.4,1152.7,1,219.7,0,1,shot_pb=1.00|flight_commit=1.00|keepin_prop=0.05|keepin_zoom=1.350|edge_zoom=0.929|bounds
707,1257.4,542.4,interp,0.38,1170.9,540.0,846.6,0.0,648.6,1153.0,1,217.5,0,1,shot_pb=1.00|flight_commit=1.00|keepin_prop=0.00|keepin_zoom=1.350|edge_zoom=0.936|bounds
708,1253.5,541.4,interp,0.38,1165.9,540.0,841.7,0.0,648.5,1152.8,1,216.4,0,0,shot_pb=1.00|flight_commit=1.00|edge_zoom=0.945|bounds
709,1249.6,540.3,interp,0.38,1162.3,540.0,838.2,0.0,648.1,1152.2,1,216.7,0,1,shot_pb=1.00|flight_commit=1.00|keepin_prop=0.03|keepin_zoom=1.350|edge_zoom=0.934|bounds
710,1245.7,539.3,interp,0.38,1159.9,540.0,836.2,0.0,647.4,1150.9,1,218.2,0,0,shot_pb=1.00|flight_commit=1.00|edge_zoom=0.946|bounds
711,1242.1,538.4,interp,0.38,1159.0,540.0,835.8,0.0,646.4,1149.1,1,220.9,0,1,shot_pb=1.00|flight_commit=1.00|keepin_prop=0.05|keepin_zoom=1.350|edge_zoom=0.931|bounds
712,1238.6,537.5,interp,0.38,1159.4,540.0,836.9,0.0,645.0,1146.7,1,224.8,0,1,shot_pb=1.00|flight_commit=1.00|keepin_prop=0.00|keepin_zoom=1.350|edge_zoom=0.938|bounds
713,1235.4,536.5,interp,0.38,1161.2,540.0,839.5,0.0,643.3,1143.7,1,229.8,0,0,shot_pb=1.00|flight_commit=1.00|edge_zoom=0.948|bounds
714,1232.6,535.6,interp,0.38,1164.4,540.0,843.7,0.0,641.4,1140.2,1,235.8,0,1,shot_pb=1.00|flight_commit=1.00|keepin_prop=0.02|keepin_zoom=1.350|edge_zoom=0.936|bounds
715,1230.1,534.8,interp,0.38,1169.0,540.0,849.4,0.0,639.3,1136.5,1,242.9,0,0,shot_pb=1.00|flight_commit=1.00|edge_zoom=0.950|bounds
716,1228.1,533.9,blended,0.80,1174.8,540.0,856.3,0.0,637.1,1132.5,1,250.7,0,1,shot_pb=1.00|flight_commit=1.00|keepin_prop=0.04|keepin_zoom=1.350|edge_zoom=0.934|bounds
717,1227.5,533.0,interp,0.38,1181.6,540.0,864.2,0.0,634.8,1128.6,1,258.1,0,0,shot_pb=1.00|flight_commit=1.00|edge_zoom=0.980|bounds
718,1227.3,532.1,interp,0.38,1189.0,540.0,872.6,0.0,632.7,1124.8,1,265.7,0,0,shot_pb=1.00|flight_commit=1.00|edge_zoom=0.991|bounds
719,1227.5,531.2,interp,0.38,1196.6,540.0,881.2,0.0,630.8,1121.4,1,273.1,0,0,shot_pb=1.00|flight_commit=1.00|edge_zoom=0.974|bounds
720,1228.0,530.4,interp,0.38,1203.9,540.0,889.4,0.0,629.1,1118.4,1,279.9,0,0,shot_pb=1.00|flight_commit=1.00|edge_zoom=0.971|bounds
721,1228.6,529.5,interp,0.38,1210.4,540.0,896.5,0.0,627.8,1116.1,1,285.8,0,0,shot_pb=1.00|flight_commit=1.00|edge_zoom=0.968|bounds
722,1229.4,528.6,interp,0.38,1215.5,540.0,902.0,0.0,626.9,1114.5,1,290.1,0,0,shot_pb=1.00|flight_commit=1.00|edge_zoom=0.967|bounds
723,1230.1,527.7,interp,0.38,1218.7,540.0,905.5,0.0,626.5,1113.8,1,292.6,0,0,shot_pb=1.00|flight_commit=1.00|edge_zoom=0.971|bounds
724,1230.8,526.8,interp,0.38,1219.8,540.0,906.6,0.0,626.5,1113.9,1,293.0,0,0,shot_pb=1.00|flight_commit=1.00|edge_zoom=0.982|bounds
725,1231.3,526.0,interp,0.38,1218.6,540.0,905.0,0.0,627.1,1114.8,1,291.3,0,0,shot_pb=1.00|flight_commit=1.00|edge_zoom=0.992|bounds
726,1231.6,525.1,interp,0.38,1215.0,540.0,900.9,0.0,628.1,1116.6,1,287.4,0,0,shot_pb=1.00|flight_commit=1.00|edge_zoom=0.995|bounds
727,1231.5,524.2,interp,0.38,1209.2,540.0,894.5,0.0,629.5,1119.1,1,281.7,0,0,shot_pb=1.00|flight_commit=1.00|edge_zoom=0.977|bounds
728,1230.9,523.3,blended,0.77,1201.7,540.0,886.0,0.0,631.2,1122.2,1,274.8,0,0,shot_pb=1.00|flight_commit=1.00|edge_zoom=0.971|bounds
729,1229.8,522.5,interp,0.38,1192.8,540.0,876.1,0.0,633.3,1125.8,1,267.0,0,0,shot_pb=1.00|flight_commit=1.00|edge_zoom=0.965|bounds
730,1227.9,521.6,interp,0.38,1183.1,540.0,865.4,0.0,635.4,1129.6,1,259.2,0,0,shot_pb=1.00|flight_commit=1.00|edge_zoom=0.959|bounds
731,1225.4,520.7,interp,0.38,1173.1,540.0,854.4,0.0,637.6,1133.5,1,251.7,0,1,shot_pb=1.00|flight_commit=1.00|keepin_prop=0.01|keepin_zoom=1.350|edge_zoom=0.944|bounds
732,1221.8,519.7,blended,0.74,1163.5,540.0,843.7,0.0,639.6,1137.1,1,245.7,0,0,shot_pb=1.00|flight_commit=1.00|edge_zoom=0.954|bounds
733,1216.5,518.9,blended,0.75,1154.8,540.0,834.0,0.0,641.5,1140.4,1,242.3,0,1,shot_pb=1.00|flight_commit=1.00|keepin_prop=0.04|keepin_zoom=1.350|edge_zoom=0.940|bounds
734,1210.7,518.3,yolo,0.29,1147.2,540.0,825.8,0.0,642.9,1143.0,1,240.5,0,0,shot_pb=1.00|flight_commit=1.00|edge_zoom=0.949|bounds
735,1205.3,515.8,centroid,0.30,1141.3,540.0,819.4,0.0,644.0,1144.8,1,240.0,0,1,shot_pb=1.00|flight_commit=1.00|keepin_prop=0.04|keepin_zoom=1.350|edge_zoom=0.942|bounds
736,1200.7,515.1,centroid,0.30,1137.3,540.0,815.0,0.0,644.6,1145.9,1,240.6,0,1,shot_pb=1.00|flight_commit=1.00|keepin_prop=0.00|keepin_zoom=1.350|edge_zoom=0.946|bounds
737,1196.0,514.6,centroid,0.30,1135.4,540.0,813.1,0.0,644.7,1146.1,1,243.4,0,0,shot_pb=1.00|flight_commit=1.00|edge_zoom=0.950|bounds
738,1191.2,514.5,centroid,0.30,1135.8,540.0,813.5,0.0,644.4,1145.6,1,248.6,0,1,shot_pb=1.00|flight_commit=1.00|keepin_prop=0.03|keepin_zoom=1.350|edge_zoom=0.943|bounds
739,1180.4,516.9,interp,0.32,1138.4,540.0,816.5,0.0,643.8,1144.6,1,262.0,0,0,shot_pb=1.00|flight_commit=1.00|edge_zoom=0.938|bounds
740,1175.4,516.9,interp,0.32,1143.4,540.0,821.8,0.0,643.0,1143.2,1,272.0,0,1,shot_pb=1.00|flight_commit=1.00|keepin_prop=0.05|keepin_zoom=1.350|edge_zoom=0.941|bounds
741,1171.7,516.5,interp,0.32,1150.5,540.0,829.4,0.0,642.1,1141.6,1,282.8,0,1,shot_pb=1.00|flight_commit=1.00|keepin_prop=0.00|keepin_zoom=1.350|edge_zoom=0.946|bounds
742,1169.5,515.9,interp,0.32,1159.7,540.0,839.0,0.0,641.3,1140.1,1,294.2,0,0,shot_pb=1.00|flight_commit=1.00|edge_zoom=0.955|bounds
743,1168.9,515.0,interp,0.32,1170.6,540.0,850.2,0.0,640.7,1138.9,1,302.3,0,0,shot_pb=1.00|flight_commit=1.00|edge_zoom=0.995|bounds
744,1170.1,513.6,interp,0.32,1182.8,540.0,862.7,0.0,640.3,1138.3,1,291.3,0,0,shot_pb=1.00|flight_commit=1.00|edge_zoom=0.972|bounds
745,1173.3,511.9,interp,0.32,1196.1,540.0,876.0,0.0,640.2,1138.2,1,281.2,0,0,shot_pb=1.00|flight_commit=1.00|edge_zoom=0.964|bounds
746,1178.6,509.7,interp,0.32,1209.9,540.0,889.6,0.0,640.5,1138.7,1,272.7,0,0,shot_pb=1.00|flight_commit=1.00|edge_zoom=0.961|bounds
747,1197.9,502.3,blended,0.78,1223.7,540.0,903.2,0.0,641.1,1139.8,1,278.2,0,0,shot_pb=1.00|flight_commit=1.00|edge_zoom=0.964|bounds
748,1206.0,500.3,interp,0.38,1237.3,540.0,916.2,0.0,642.1,1141.4,1,272.7,0,1,shot_pb=1.00|flight_commit=1.00|keepin_prop=0.04|keepin_zoom=1.350|edge_zoom=0.949|bounds
749,1213.8,499.1,interp,0.38,1250.1,540.0,928.5,0.0,643.2,1143.4,1,267.7,0,0,shot_pb=1.00|flight_commit=1.00|edge_zoom=0.958|bounds
750,1221.3,498.5,interp,0.38,1261.8,540.0,939.6,0.0,644.4,1145.6,1,263.5,0,1,shot_pb=1.00|flight_commit=1.00|keepin_prop=0.06|keepin_zoom=1.350|edge_zoom=0.948|bounds
751,1228.4,498.3,interp,0.38,1272.3,540.0,949.5,0.0,645.6,1147.8,1,260.1,0,1,shot_pb=1.00|flight_commit=1.00|keepin_prop=0.00|keepin_zoom=1.350|edge_zoom=0.953|bounds
752,1235.2,498.5,interp,0.38,1281.3,540.0,957.9,0.0,646.9,1150.0,1,257.9,0,0,shot_pb=1.00|flight_commit=1.00|edge_zoom=0.952|bounds
753,1241.6,499.0,interp,0.38,1288.7,540.0,964.7,0.0,648.1,1152.1,1,256.9,0,1,shot_pb=1.00|flight_commit=1.00|keepin_prop=0.02|keepin_zoom=1.350|edge_zoom=0.951|bounds
754,1247.5,499.9,interp,0.38,1294.3,540.0,969.7,0.0,649.1,1154.0,1,257.2,0,0,shot_pb=1.00|flight_commit=1.00|edge_zoom=0.947|bounds
755,1253.1,500.9,interp,0.38,1298.0,540.0,973.0,0.0,650.1,1155.8,1,259.1,0,1,shot_pb=1.00|flight_commit=1.00|keepin_prop=0.05|keepin_zoom=1.350|edge_zoom=0.947|bounds
756,1258.1,502.2,interp,0.38,1299.8,540.0,974.3,0.0,651.0,1157.3,1,262.3,0,0,shot_pb=1.00|flight_commit=1.00|edge_zoom=0.943|bounds
757,1262.6,503.7,interp,0.38,1299.4,540.0,973.5,0.0,651.8,1158.7,1,267.2,0,1,shot_pb=1.00|flight_commit=1.00|keepin_prop=0.06|keepin_zoom=1.350|edge_zoom=0.945|bounds
758,1266.6,505.3,interp,0.38,1296.9,540.0,970.7,0.0,652.4,1159.9,1,273.7,0,0,shot_pb=1.00|flight_commit=1.00|edge_zoom=0.937|bounds
759,1269.9,507.0,interp,0.38,1292.2,540.0,965.7,0.0,653.0,1160.9,1,281.7,0,1,shot_pb=1.00|flight_commit=1.00|keepin_prop=0.05|keepin_zoom=1.350|edge_zoom=0.945|bounds
760,1272.6,508.7,interp,0.38,1285.4,540.0,958.7,0.0,653.5,1161.7,1,291.2,0,0,shot_pb=1.00|flight_commit=1.00|edge_zoom=0.930|bounds
761,1274.4,510.5,interp,0.38,1276.6,540.0,949.7,0.0,653.8,1162.3,1,301.8,0,1,shot_pb=1.00|flight_commit=1.00|keepin_prop=0.01|keepin_zoom=1.350|edge_zoom=0.947|bounds
762,1275.4,512.3,interp,0.38,1266.0,540.0,939.0,0.0,654.0,1162.7,1,294.6,0,0,shot_pb=1.00|flight_commit=1.00|edge_zoom=0.917|bounds
763,1275.3,514.0,interp,0.38,1254.0,540.0,926.9,0.0,654.1,1162.9,1,282.7,0,0,shot_pb=1.00|flight_commit=1.00|edge_zoom=0.913|bounds
764,1274.2,515.7,interp,0.38,1240.8,540.0,913.8,0.0,654.1,1162.9,1,270.6,0,0,shot_pb=1.00|flight_commit=1.00|edge_zoom=0.918|bounds
765,1271.8,517.3,yolo,0.29,1227.1,540.0,900.0,0.0,654.1,1162.8,1,259.3,0,0,shot_pb=1.00|flight_commit=1.00|edge_zoom=0.927|bounds
766,1267.4,518.6,yolo,0.30,1213.1,540.0,886.1,0.0,653.9,1162.6,1,249.7,0,0,shot_pb=1.00|flight_commit=1.00|edge_zoom=0.936|bounds
767,1259.5,519.7,interp,0.38,1199.4,540.0,872.5,0.0,653.8,1162.3,1,243.9,0,1,shot_pb=1.00|flight_commit=1.00|keepin_prop=0.01|keepin_zoom=1.350|edge_zoom=0.944|bounds
768,1250.8,520.9,blended,0.79,1186.3,540.0,859.5,0.0,653.7,1162.1,1,239.5,0,0,shot_pb=1.00|flight_commit=1.00|edge_zoom=0.940|bounds
769,1237.9,521.8,blended,0.80,1174.3,540.0,847.5,0.0,653.6,1161.9,1,240.4,0,1,shot_pb=1.00|flight_commit=1.00|keepin_prop=0.03|keepin_zoom=1.350|edge_zoom=0.941|bounds
770,1230.5,522.7,interp,0.38,1163.5,540.0,836.8,0.0,653.5,1161.8,1,237.0,0,0,shot_pb=1.00|flight_commit=1.00|edge_zoom=0.940|bounds
771,1223.7,523.4,interp,0.38,1154.3,540.0,827.5,0.0,653.5,1161.7,1,234.6,0,1,shot_pb=1.00|flight_commit=1.00|keepin_prop=0.05|keepin_zoom=1.350|edge_zoom=0.938|bounds
772,1217.5,524.1,interp,0.38,1146.6,540.0,819.9,0.0,653.5,1161.8,1,233.1,0,0,shot_pb=1.00|flight_commit=1.00|edge_zoom=0.939|bounds
773,1211.7,524.8,interp,0.38,1140.7,540.0,813.9,0.0,653.6,1161.9,1,233.0,0,1,shot_pb=1.00|flight_commit=1.00|keepin_prop=0.07|keepin_zoom=1.350|edge_zoom=0.935|bounds
774,1206.4,525.4,interp,0.38,1136.6,540.0,809.7,0.0,653.7,1162.2,1,234.2,0,1,shot_pb=1.00|flight_commit=1.00|keepin_prop=0.00|keepin_zoom=1.350|edge_zoom=0.942|bounds
775,1201.6,525.9,interp,0.38,1134.1,540.0,807.2,0.0,653.8,1162.4,1,236.5,0,0,shot_pb=1.00|flight_commit=1.00|edge_zoom=0.938|bounds
776,1197.4,526.5,interp,0.38,1133.4,540.0,806.4,0.0,654.0,1162.6,1,240.0,0,1,shot_pb=1.00|flight_commit=1.00|keepin_prop=0.03|keepin_zoom=1.350|edge_zoom=0.939|bounds
777,1193.6,526.9,interp,0.38,1134.3,540.0,807.2,0.0,654.1,1162.8,1,244.7,0,0,shot_pb=1.00|flight_commit=1.00|edge_zoom=0.937|bounds
778,1190.5,527.4,interp,0.38,1136.6,540.0,809.5,0.0,654.2,1163.0,1,250.1,0,1,shot_pb=1.00|flight_commit=1.00|keepin_prop=0.07|keepin_zoom=1.350|edge_zoom=0.934|bounds
779,1187.9,527.9,interp,0.38,1140.2,540.0,813.1,0.0,654.3,1163.1,1,256.3,0,1,shot_pb=1.00|flight_commit=1.00|keepin_prop=0.00|keepin_zoom=1.350|edge_zoom=0.941|bounds
780,1186.7,528.4,blended,0.77,1144.8,540.0,817.6,0.0,654.3,1163.2,1,262.1,0,0,shot_pb=1.00|flight_commit=1.00|edge_zoom=0.926|bounds
781,1184.9,528.7,interp,0.38,1150.0,540.0,822.8,0.0,654.3,1163.1,1,269.1,0,1,shot_pb=1.00|flight_commit=1.00|keepin_prop=0.03|keepin_zoom=1.350|edge_zoom=0.938|bounds
782,1184.5,529.2,interp,0.38,1155.3,540.0,828.2,0.0,654.3,1163.1,1,274.8,0,0,shot_pb=1.00|flight_commit=1.00|edge_zoom=0.916|bounds
783,1184.8,529.6,interp,0.38,1160.4,540.0,833.2,0.0,654.2,1163.1,1,279.6,0,0,shot_pb=1.00|flight_commit=1.00|edge_zoom=0.913|bounds
784,1186.8,530.2,blended,0.75,1164.6,540.0,837.5,0.0,654.3,1163.1,1,281.8,0,0,shot_pb=1.00|flight_commit=1.00|edge_zoom=0.931|bounds
785,1189.0,529.3,interp,0.38,1167.7,540.0,840.5,0.0,654.3,1163.3,1,282.7,0,0,shot_pb=1.00|flight_commit=1.00|edge_zoom=0.953|bounds
786,1193.2,529.4,blended,0.74,1169.2,540.0,841.9,0.0,654.5,1163.5,1,280.0,0,1,shot_pb=1.00|flight_commit=1.00|keepin_prop=0.01|keepin_zoom=1.350|edge_zoom=0.940|bounds
787,1195.4,529.6,blended,0.76,1168.9,540.0,841.5,0.0,654.7,1163.9,1,277.5,0,0,shot_pb=1.00|flight_commit=1.00|edge_zoom=0.938|bounds
788,1194.6,531.5,yolo,0.29,1166.8,540.0,839.3,0.0,655.0,1164.4,1,276.2,0,0,shot_pb=1.00|flight_commit=1.00|edge_zoom=0.909|bounds
789,1193.7,533.5,interp,0.38,1163.0,540.0,835.4,0.0,655.3,1165.0,1,273.3,0,0,shot_pb=1.00|flight_commit=1.00|edge_zoom=0.908|bounds
790,1192.4,535.7,yolo,0.29,1157.8,540.0,830.0,0.0,655.6,1165.6,1,269.4,0,0,shot_pb=1.00|flight_commit=1.00|edge_zoom=0.909|bounds
791,1190.9,538.1,yolo,0.30,1151.4,540.0,823.4,0.0,656.0,1166.2,1,264.5,0,0,shot_pb=1.00|flight_commit=1.00|edge_zoom=0.909|bounds
792,1189.6,540.3,blended,0.79,1144.2,540.0,816.1,0.0,656.3,1166.8,1,258.6,0,0,shot_pb=1.00|flight_commit=1.00|edge_zoom=0.908|bounds
793,1188.1,542.2,yolo,0.32,1136.8,540.0,808.5,0.0,656.6,1167.3,1,252.7,0,0,shot_pb=1.00|flight_commit=1.00|edge_zoom=0.909|bounds
794,1186.7,544.1,yolo,0.32,1129.4,540.0,800.9,0.0,656.9,1167.7,1,246.7,0,0,shot_pb=1.00|flight_commit=1.00|edge_zoom=0.909|bounds
795,1185.1,545.8,yolo,0.36,1122.3,540.0,793.8,0.0,657.1,1168.1,1,241.2,0,1,shot_pb=1.00|flight_commit=1.00|keepin_prop=0.00|keepin_zoom=1.350|edge_zoom=0.935|bounds
796,1183.4,547.5,yolo,0.34,1115.8,540.0,787.2,0.0,657.2,1168.4,1,236.4,0,0,shot_pb=1.00|flight_commit=1.00|edge_zoom=0.910|bounds
797,1181.8,549.1,yolo,0.33,1110.0,540.0,781.4,0.0,657.3,1168.6,1,232.2,0,1,shot_pb=1.00|flight_commit=1.00|keepin_prop=0.00|keepin_zoom=1.350|edge_zoom=0.933|bounds
798,1180.2,550.7,yolo,0.30,1105.0,540.0,776.3,0.0,657.4,1168.7,1,228.8,0,0,shot_pb=1.00|flight_commit=1.00|edge_zoom=0.909|bounds
799,1178.7,552.2,yolo,0.35,1100.7,540.0,772.0,0.0,657.4,1168.8,1,226.0,0,1,shot_pb=1.00|flight_commit=1.00|keepin_prop=0.00|keepin_zoom=1.350|edge_zoom=0.932|bounds
800,1177.1,553.6,yolo,0.34,1097.1,540.0,768.4,0.0,657.5,1168.9,1,224.0,0,0,shot_pb=1.00|flight_commit=1.00|edge_zoom=0.908|bounds
801,1175.5,555.0,yolo,0.32,1094.1,540.0,765.3,0.0,657.5,1168.9,1,222.6,0,1,shot_pb=1.00|flight_commit=1.00|keepin_prop=0.00|keepin_zoom=1.350|edge_zoom=0.931|bounds
802,1173.8,556.4,yolo,0.31,1091.5,540.0,762.8,0.0,657.5,1168.9,1,221.7,0,0,shot_pb=1.00|flight_commit=1.00|edge_zoom=0.909|bounds
803,1172.1,557.6,interp,0.38,1089.4,540.0,760.6,0.0,657.5,1168.9,1,221.3,0,1,shot_pb=1.00|flight_commit=1.00|keepin_prop=0.01|keepin_zoom=1.350|edge_zoom=0.929|bounds
804,1170.2,558.7,yolo,0.31,1087.4,540.0,758.7,0.0,657.5,1168.9,1,221.2,0,0,shot_pb=1.00|flight_commit=1.00|edge_zoom=0.912|bounds
805,1168.4,559.8,interp,0.38,1085.7,540.0,757.0,0.0,657.5,1168.9,1,221.3,0,1,shot_pb=1.00|flight_commit=1.00|keepin_prop=0.03|keepin_zoom=1.350|edge_zoom=0.926|bounds
806,1166.5,560.8,interp,0.38,1084.1,540.0,755.3,0.0,657.5,1168.9,1,221.6,0,0,shot_pb=1.00|flight_commit=1.00|edge_zoom=0.913|bounds
807,1164.5,561.7,interp,0.38,1082.5,540.0,753.8,0.0,657.5,1168.9,1,222.0,0,1,shot_pb=1.00|flight_commit=1.00|keepin_prop=0.04|keepin_zoom=1.350|edge_zoom=0.922|bounds
808,1162.4,562.6,interp,0.38,1081.0,540.0,752.2,0.0,657.5,1168.9,1,222.6,0,1,shot_pb=1.00|flight_commit=1.00|keepin_prop=0.00|keepin_zoom=1.350|edge_zoom=0.928|bounds
809,1160.2,563.5,interp,0.38,1079.3,540.0,750.6,0.0,657.5,1168.9,1,223.1,0,0,shot_pb=1.00|flight_commit=1.00|edge_zoom=0.915|bounds
810,1157.9,564.3,interp,0.38,1077.6,540.0,748.8,0.0,657.5,1168.9,1,223.7,0,1,shot_pb=1.00|flight_commit=1.00|keepin_prop=0.02|keepin_zoom=1.350|edge_zoom=0.924|bounds
811,1155.4,565.2,interp,0.38,1075.8,540.0,747.0,0.0,657.5,1168.9,1,224.4,0,0,shot_pb=1.00|flight_commit=1.00|edge_zoom=0.916|bounds
812,1152.7,566.0,interp,0.38,1073.8,540.0,745.0,0.0,657.5,1168.9,1,225.1,0,1,shot_pb=1.00|flight_commit=1.00|keepin_prop=0.05|keepin_zoom=1.350|edge_zoom=0.919|bounds
813,1149.9,566.9,interp,0.38,1071.6,540.0,742.8,0.0,657.5,1168.9,1,225.7,0,1,shot_pb=1.00|flight_commit=1.00|keepin_prop=0.00|keepin_zoom=1.350|edge_zoom=0.927|bounds
814,1146.8,567.7,yolo,0.29,1069.3,540.0,740.5,0.0,657.5,1168.9,1,226.5,0,0,shot_pb=1.00|flight_commit=1.00|edge_zoom=0.917|bounds
815,1143.0,568.9,blended,0.79,1066.8,540.0,738.0,0.0,657.5,1168.9,1,227.8,0,1,shot_pb=1.00|flight_commit=1.00|keepin_prop=0.02|keepin_zoom=1.350|edge_zoom=0.922|bounds
816,1139.4,569.7,interp,0.38,1064.2,540.0,735.4,0.0,657.5,1168.9,1,228.8,0,0,shot_pb=1.00|flight_commit=1.00|edge_zoom=0.919|bounds
817,1135.6,570.4,interp,0.38,1061.3,540.0,732.6,0.0,657.5,1168.9,1,229.7,0,1,shot_pb=1.00|flight_commit=1.00|keepin_prop=0.06|keepin_zoom=1.350|edge_zoom=0.916|bounds
818,1131.6,571.2,interp,0.38,1058.4,540.0,729.6,0.0,657.5,1168.9,1,230.8,0,1,shot_pb=1.00|flight_commit=1.00|keepin_prop=0.00|keepin_zoom=1.350|edge_zoom=0.925|bounds
819,1127.3,572.1,interp,0.38,1055.2,540.0,726.5,0.0,657.5,1168.9,1,231.9,0,0,shot_pb=1.00|flight_commit=1.00|edge_zoom=0.918|bounds
820,1122.8,572.9,yolo,0.32,1051.9,540.0,723.2,0.0,657.5,1168.9,1,233.1,0,1,shot_pb=1.00|flight_commit=1.00|keepin_prop=0.03|keepin_zoom=1.350|edge_zoom=0.920|bounds
821,1117.5,573.9,yolo,0.34,1048.5,540.0,719.8,0.0,657.5,1168.9,1,235.0,0,0,shot_pb=1.00|flight_commit=1.00|edge_zoom=0.918|bounds
822,1112.2,575.3,yolo,0.31,1045.0,540.0,716.2,0.0,657.5,1168.9,1,236.8,0,1,shot_pb=1.00|flight_commit=1.00|keepin_prop=0.05|keepin_zoom=1.350|edge_zoom=0.916|bounds
823,1107.2,576.5,interp,0.38,1041.3,540.0,712.5,0.0,657.5,1168.9,1,238.1,0,1,shot_pb=1.00|flight_commit=1.00|keepin_prop=0.00|keepin_zoom=1.350|edge_zoom=0.923|bounds
824,1102.1,577.6,yolo,0.30,1037.4,540.0,708.7,0.0,657.5,1168.9,1,239.3,0,0,shot_pb=1.00|flight_commit=1.00|edge_zoom=0.915|bounds
825,1096.5,578.5,interp,0.38,1033.5,540.0,704.8,0.0,657.5,1168.9,1,241.0,0,1,shot_pb=1.00|flight_commit=1.00|keepin_prop=0.02|keepin_zoom=1.350|edge_zoom=0.919|bounds
826,1090.8,579.2,interp,0.38,1029.5,540.0,700.7,0.0,657.5,1168.9,1,242.7,0,0,shot_pb=1.00|flight_commit=1.00|edge_zoom=0.917|bounds
827,1084.9,579.9,interp,0.38,1025.4,540.0,696.6,0.0,657.5,1168.9,1,244.5,0,1,shot_pb=1.00|flight_commit=1.00|keepin_prop=0.05|keepin_zoom=1.350|edge_zoom=0.914|bounds
828,1078.9,580.6,interp,0.38,1021.2,540.0,692.5,0.0,657.5,1168.9,1,246.3,0,1,shot_pb=1.00|flight_commit=1.00|keepin_prop=0.00|keepin_zoom=1.350|edge_zoom=0.921|bounds
829,1072.9,581.2,interp,0.38,1017.0,540.0,688.3,0.0,657.5,1168.9,1,248.1,0,0,shot_pb=1.00|flight_commit=1.00|edge_zoom=0.918|bounds
830,1066.9,581.8,interp,0.38,1012.8,540.0,684.0,0.0,657.5,1168.9,1,249.9,0,1,shot_pb=1.00|flight_commit=1.00|keepin_prop=0.02|keepin_zoom=1.350|edge_zoom=0.917|bounds
831,1060.9,582.3,interp,0.38,1008.5,540.0,679.8,0.0,657.5,1168.9,1,251.6,0,0,shot_pb=1.00|flight_commit=1.00|edge_zoom=0.917|bounds
832,1054.9,582.9,interp,0.38,1004.3,540.0,675.5,0.0,657.5,1168.9,1,253.4,0,1,shot_pb=1.00|flight_commit=1.00|keepin_prop=0.05|keepin_zoom=1.350|edge_zoom=0.912|bounds
833,1049.0,583.4,interp,0.38,1000.0,540.0,671.3,0.0,657.5,1168.9,1,255.0,0,1,shot_pb=1.00|flight_commit=1.00|keepin_prop=0.00|keepin_zoom=1.350|edge_zoom=0.920|bounds
834,1043.2,584.0,interp,0.38,995.8,540.0,667.1,0.0,657.5,1168.8,1,256.6,0,0,shot_pb=1.00|flight_commit=1.00|edge_zoom=0.917|bounds
835,1037.5,584.6,interp,0.38,991.7,540.0,662.9,0.0,657.4,1168.8,1,258.2,0,1,shot_pb=1.00|flight_commit=1.00|keepin_prop=0.02|keepin_zoom=1.350|edge_zoom=0.916|bounds
836,1032.0,585.3,interp,0.38,987.6,540.0,658.9,0.0,657.4,1168.7,1,259.6,0,0,shot_pb=1.00|flight_commit=1.00|edge_zoom=0.916|bounds
837,1026.7,585.9,interp,0.38,983.6,540.0,654.9,0.0,657.3,1168.6,1,260.9,0,1,shot_pb=1.00|flight_commit=1.00|keepin_prop=0.05|keepin_zoom=1.350|edge_zoom=0.911|bounds
838,1021.6,586.7,interp,0.38,979.6,540.0,651.0,0.0,657.3,1168.5,1,262.0,0,1,shot_pb=1.00|flight_commit=1.00|keepin_prop=0.00|keepin_zoom=1.350|edge_zoom=0.919|bounds
839,1016.8,587.5,interp,0.38,975.8,540.0,647.2,0.0,657.2,1168.3,1,263.0,0,0,shot_pb=1.00|flight_commit=1.00|edge_zoom=0.913|bounds
840,1012.4,588.4,interp,0.38,972.0,540.0,643.5,0.0,657.0,1168.1,1,263.6,0,1,shot_pb=1.00|flight_commit=1.00|keepin_prop=0.02|keepin_zoom=1.350|edge_zoom=0.914|bounds
841,1008.3,589.5,interp,0.38,968.3,540.0,639.9,0.0,656.9,1167.8,1,264.0,0,0,shot_pb=1.00|flight_commit=1.00|edge_zoom=0.910|bounds
842,1010.3,593.1,interp,0.38,964.8,540.0,636.4,0.0,656.7,1167.5,1,258.5,0,0,shot_pb=1.00|flight_commit=1.00|edge_zoom=0.887|bounds
843,1006.1,593.8,interp,0.38,961.4,540.0,633.1,0.0,656.5,1167.2,1,259.3,0,0,shot_pb=1.00|flight_commit=1.00|edge_zoom=0.911|bounds
844,993.9,595.1,blended,0.71,958.2,540.0,630.0,0.0,656.3,1166.7,1,268.3,0,1,shot_pb=1.00|flight_commit=1.00|keepin_prop=0.02|keepin_zoom=1.350|edge_zoom=0.913|bounds
845,989.7,592.7,blended,0.75,955.2,540.0,627.2,0.0,656.0,1166.2,1,269.5,0,0,shot_pb=1.00|flight_commit=1.00|edge_zoom=0.934|bounds
846,986.5,589.9,interp,0.38,952.4,540.0,624.6,0.0,655.7,1165.7,1,269.9,0,1,shot_pb=1.00|flight_commit=1.00|keepin_prop=0.00|keepin_zoom=1.350|edge_zoom=0.917|bounds
847,983.3,589.1,interp,0.38,950.0,540.0,622.3,0.0,655.3,1165.0,1,270.7,0,0,shot_pb=1.00|flight_commit=1.00|edge_zoom=0.926|bounds
848,980.5,588.4,interp,0.38,947.9,540.0,620.5,0.0,654.9,1164.2,1,271.4,0,1,shot_pb=1.00|flight_commit=1.00|keepin_prop=0.07|keepin_zoom=1.350|edge_zoom=0.908|bounds
849,978.0,587.9,interp,0.38,946.3,540.0,619.1,0.0,654.4,1163.3,1,272.3,0,1,shot_pb=1.00|flight_commit=1.00|keepin_prop=0.00|keepin_zoom=1.350|edge_zoom=0.918|bounds
850,975.9,587.5,interp,0.38,945.3,540.0,618.3,0.0,653.9,1162.4,1,273.4,0,0,shot_pb=1.00|flight_commit=1.00|edge_zoom=0.925|bounds
851,973.9,587.3,interp,0.38,944.9,540.0,618.2,0.0,653.3,1161.4,1,275.0,0,1,shot_pb=1.00|flight_commit=1.00|keepin_prop=0.04|keepin_zoom=1.350|edge_zoom=0.912|bounds
852,969.5,590.1,blended,0.73,945.3,540.0,618.9,0.0,652.7,1160.4,1,279.8,0,0,shot_pb=1.00|flight_commit=1.00|edge_zoom=0.899|bounds
853,971.3,586.4,interp,0.38,946.6,540.0,620.5,0.0,652.2,1159.4,1,279.3,0,0,shot_pb=1.00|flight_commit=1.00|edge_zoom=0.950|bounds
854,970.6,585.7,interp,0.38,949.0,540.0,623.2,0.0,651.6,1158.4,1,282.4,0,0,shot_pb=1.00|flight_commit=1.00|edge_zoom=0.942|bounds
855,969.9,585.2,interp,0.38,952.5,540.0,627.0,0.0,651.0,1157.3,1,286.6,0,0,shot_pb=1.00|flight_commit=1.00|edge_zoom=0.942|bounds
856,969.4,584.7,interp,0.38,957.3,540.0,632.1,0.0,650.3,1156.1,1,291.9,0,1,shot_pb=1.00|flight_commit=1.00|keepin_prop=0.02|keepin_zoom=1.350|edge_zoom=0.916|bounds
857,968.9,584.4,interp,0.38,963.2,540.0,638.4,0.0,649.6,1154.9,1,298.3,0,0,shot_pb=1.00|flight_commit=1.00|edge_zoom=0.939|bounds
858,968.4,584.1,interp,0.38,970.3,540.0,645.9,0.0,648.8,1153.5,1,302.1,0,1,shot_pb=1.00|flight_commit=1.00|keepin_prop=0.04|keepin_zoom=1.350|edge_zoom=0.913|bounds
859,967.9,584.0,interp,0.38,978.3,540.0,654.3,0.0,648.0,1152.0,1,293.6,0,1,shot_pb=1.00|flight_commit=1.00|keepin_prop=0.00|keepin_zoom=1.350|edge_zoom=0.920|bounds
860,963.6,586.6,blended,0.74,987.0,540.0,663.5,0.0,647.0,1150.3,1,280.6,0,0,shot_pb=1.00|flight_commit=1.00|edge_zoom=0.901|bounds
861,967.8,583.2,hold,0.25,995.8,540.0,672.8,0.0,646.0,1148.5,1,276.0,0,0,shot_pb=1.00|flight_commit=1.00|edge_zoom=0.942|bounds
862,968.1,582.7,hold,0.25,1004.2,540.0,681.7,0.0,645.0,1146.6,1,267.9,0,0,shot_pb=1.00|flight_commit=1.00|edge_zoom=0.950|bounds
863,968.4,582.2,hold,0.25,1011.6,540.0,689.7,0.0,644.0,1144.8,1,260.8,0,0,shot_pb=1.00|flight_commit=1.00|edge_zoom=0.951|bounds
864,968.6,581.7,hold,0.25,1017.6,540.0,696.2,0.0,643.0,1143.1,1,255.0,0,0,shot_pb=1.00|flight_commit=1.00|edge_zoom=0.951|bounds
